{"type":"FeatureCollection","features":[{"type":"Feature","properties":{"COD_POSTAL":"01213"},"geometry":{"type":"Polygon","coordinates":[[[-2.8993,42.75558],[-2.90026,42.75749],[-2.90515,42.75567],[-2.91722,42.76957],[-2.92901,42.77305],[-2.94023,42.77183],[-2.94455,42.76932],[-2.94555,42.7697],[-2.94491,42.77316],[-2.94436,42.77409],[-2.94358,42.775],[-2.94196,42.77568],[-2.9412,42.7764],[-2.94172,42.77791],[-2.94149,42.77863],[-2.94161,42.77928],[-2.94292,42.783],[-2.9509,42.78196],[-2.95219,42.78413],[-2.95648,42.77905],[-2.96217,42.77558],[-2.96081,42.77247],[-2.97343,42.77188],[-2.97824,42.77364],[-2.98584,42.78535],[-2.98854,42.78211],[-2.99115,42.78202],[-2.99461,42.7811],[-2.99607,42.78048],[-2.99747,42.77864],[-2.99751,42.77785],[-2.99631,42.77353],[-2.99775,42.7727],[-2.99986,42.7725],[-3.00406,42.77106],[-3.00474,42.76896],[-3.00706,42.7679],[-3.0077,42.76661],[-3.00934,42.76526],[-3.00995,42.76512],[-3.01017,42.7645],[-3.01092,42.76413],[-3.01173,42.76473],[-3.01709,42.76101],[-3.01353,42.75531],[-3.01003,42.74581],[-3.00286,42.74387],[-2.99824,42.74218],[-2.99564,42.73822],[-3.00622,42.73309],[-3.00585,42.73246],[-3.0059,42.73197],[-3.00666,42.73055],[-3.00771,42.72969],[-3.01115,42.72823],[-3.01124,42.72782],[-3.01099,42.72725],[-3.00953,42.72511],[-3.00746,42.72322],[-2.99432,42.72154],[-2.99062,42.72008],[-2.98937,42.71927],[-2.98902,42.71882],[-2.98868,42.71546],[-2.98763,42.71059],[-2.98701,42.70885],[-2.98554,42.70753],[-2.98209,42.70522],[-2.98063,42.70382],[-2.97399,42.70868],[-2.96688,42.70806],[-2.96345,42.70802],[-2.95637,42.71039],[-2.94893,42.70988],[-2.93849,42.70841],[-2.93136,42.7084],[-2.93021,42.70803],[-2.92803,42.70476],[-2.93048,42.70059],[-2.93053,42.69995],[-2.93032,42.69967],[-2.9295,42.69996],[-2.92166,42.70119],[-2.92055,42.69969],[-2.9185,42.69792],[-2.91763,42.69753],[-2.90957,42.69569],[-2.90739,42.69565],[-2.90635,42.69459],[-2.90691,42.69419],[-2.90515,42.69396],[-2.90408,42.69751],[-2.90185,42.69682],[-2.89824,42.69635],[-2.89353,42.70785],[-2.89185,42.70935],[-2.89132,42.71436],[-2.89079,42.71639],[-2.89157,42.71818],[-2.89224,42.72067],[-2.89262,42.72377],[-2.89052,42.72495],[-2.88978,42.72597],[-2.88709,42.7265],[-2.88754,42.72743],[-2.8892,42.72956],[-2.88759,42.7384],[-2.88746,42.74708],[-2.88885,42.75494],[-2.89268,42.75365],[-2.89484,42.75364],[-2.89682,42.75288],[-2.89812,42.75398],[-2.89917,42.75536],[-2.8993,42.75558]]]}},{"type":"Feature","properties":{"COD_POSTAL":"01117"},"geometry":{"type":"Polygon","coordinates":[[[-2.31708,42.73554],[-2.31593,42.73559],[-2.31404,42.73671],[-2.31265,42.73655],[-2.31221,42.73612],[-2.31011,42.73679],[-2.30758,42.73629],[-2.30513,42.73669],[-2.30389,42.73732],[-2.30073,42.73742],[-2.29638,42.7382],[-2.28855,42.7403],[-2.28405,42.74304],[-2.27667,42.74334],[-2.27344,42.74187],[-2.27326,42.74299],[-2.27249,42.7445],[-2.26818,42.74644],[-2.26766,42.74787],[-2.26339,42.74805],[-2.2625,42.74781],[-2.26208,42.74898],[-2.26262,42.75053],[-2.26621,42.75294],[-2.26721,42.75509],[-2.27075,42.76462],[-2.27246,42.76664],[-2.27269,42.76789],[-2.27328,42.76858],[-2.27266,42.76843],[-2.27208,42.76788],[-2.27181,42.76673],[-2.27146,42.76627],[-2.27179,42.7685],[-2.27251,42.77017],[-2.27377,42.77075],[-2.27421,42.77326],[-2.27569,42.77676],[-2.27588,42.7787],[-2.27736,42.78018],[-2.28005,42.78369],[-2.28191,42.7852],[-2.28012,42.78624],[-2.2789,42.78856],[-2.27193,42.79214],[-2.2687,42.79472],[-2.26891,42.79726],[-2.27027,42.80272],[-2.27041,42.80892],[-2.26769,42.81341],[-2.25633,42.81874],[-2.25295,42.82068],[-2.24169,42.83014],[-2.23581,42.83449],[-2.23269,42.84382],[-2.2358,42.85064],[-2.23609,42.85083],[-2.24172,42.84989],[-2.25225,42.84756],[-2.25565,42.84722],[-2.25693,42.84737],[-2.25913,42.84605],[-2.26045,42.84571],[-2.26228,42.84448],[-2.26398,42.84423],[-2.26612,42.84443],[-2.26917,42.84129],[-2.27084,42.84202],[-2.27203,42.84309],[-2.27387,42.84425],[-2.27665,42.8453],[-2.28064,42.84728],[-2.28287,42.8477],[-2.2844,42.8477],[-2.28592,42.84819],[-2.29501,42.84952],[-2.29761,42.84943],[-2.30199,42.84791],[-2.30446,42.84832],[-2.30546,42.84705],[-2.30866,42.84627],[-2.30791,42.8442],[-2.3067,42.84267],[-2.30347,42.83997],[-2.29918,42.83734],[-2.29821,42.83482],[-2.30683,42.83041],[-2.31047,42.82897],[-2.31477,42.82782],[-2.31684,42.82784],[-2.32001,42.82745],[-2.322,42.82761],[-2.32252,42.82656],[-2.32357,42.82553],[-2.32625,42.82437],[-2.3271,42.82281],[-2.32726,42.82148],[-2.3319,42.81729],[-2.33224,42.81744],[-2.3328,42.81664],[-2.33282,42.81614],[-2.33346,42.81592],[-2.33375,42.81469],[-2.3439,42.80975],[-2.34557,42.80866],[-2.34667,42.80743],[-2.3487,42.80668],[-2.35054,42.80565],[-2.35417,42.80487],[-2.35772,42.80469],[-2.36003,42.80498],[-2.36504,42.80486],[-2.36929,42.80425],[-2.36931,42.80318],[-2.36532,42.78983],[-2.36535,42.7876],[-2.36776,42.783],[-2.37163,42.7805],[-2.36912,42.77777],[-2.36747,42.77635],[-2.36473,42.77418],[-2.36355,42.7736],[-2.36193,42.77218],[-2.35957,42.76846],[-2.35719,42.76575],[-2.35845,42.76522],[-2.36023,42.7629],[-2.36115,42.76213],[-2.3638,42.76069],[-2.3659,42.75989],[-2.36793,42.75807],[-2.37,42.75922],[-2.37308,42.75732],[-2.37424,42.75697],[-2.37989,42.75704],[-2.38208,42.7567],[-2.38308,42.7569],[-2.38154,42.75543],[-2.38051,42.75546],[-2.37728,42.75483],[-2.37685,42.75234],[-2.37721,42.75182],[-2.3771,42.75134],[-2.37754,42.7507],[-2.37964,42.74928],[-2.38049,42.74825],[-2.38036,42.7465],[-2.37828,42.74659],[-2.37635,42.74734],[-2.37309,42.73968],[-2.3738,42.73817],[-2.37681,42.737],[-2.37613,42.73595],[-2.37706,42.73429],[-2.37804,42.73162],[-2.37989,42.73154],[-2.38389,42.73318],[-2.38593,42.73161],[-2.38437,42.71811],[-2.384,42.70782],[-2.37818,42.70385],[-2.38019,42.69563],[-2.38065,42.68734],[-2.37821,42.68508],[-2.36204,42.68296],[-2.36004,42.6835],[-2.35223,42.69005],[-2.34262,42.68674],[-2.33971,42.68625],[-2.3356,42.685],[-2.32317,42.68312],[-2.3167,42.68281],[-2.3165,42.68301],[-2.31662,42.68324],[-2.31406,42.68654],[-2.3122,42.68776],[-2.31313,42.69418],[-2.31218,42.69416],[-2.31147,42.69719],[-2.3126,42.70053],[-2.31461,42.70293],[-2.31413,42.70414],[-2.31324,42.70491],[-2.31315,42.70611],[-2.31146,42.7063],[-2.31153,42.70788],[-2.31135,42.7086],[-2.31104,42.70888],[-2.31253,42.70903],[-2.31241,42.71048],[-2.31439,42.71201],[-2.31661,42.71513],[-2.31753,42.71598],[-2.31854,42.71907],[-2.32069,42.7166],[-2.32206,42.71754],[-2.32317,42.71906],[-2.32315,42.72022],[-2.32363,42.72089],[-2.32399,42.7224],[-2.32357,42.72404],[-2.32205,42.72501],[-2.32115,42.72728],[-2.3206,42.73103],[-2.32012,42.73151],[-2.32032,42.73231],[-2.31939,42.73441],[-2.3188,42.73553],[-2.31734,42.73554],[-2.31708,42.73554]]]}},{"type":"Feature","properties":{"COD_POSTAL":"01006"},"geometry":{"type":"Polygon","coordinates":[[[-2.64967,42.84411],[-2.65061,42.84393],[-2.6504,42.84296],[-2.6507,42.84227],[-2.66345,42.84033],[-2.6641,42.84083],[-2.66695,42.84072],[-2.67247,42.84104],[-2.6736,42.84067],[-2.67424,42.84134],[-2.67603,42.84174],[-2.67726,42.84172],[-2.67756,42.84157],[-2.67802,42.83983],[-2.67848,42.83981],[-2.67876,42.83916],[-2.67819,42.83849],[-2.67842,42.83728],[-2.67955,42.83729],[-2.67968,42.8371],[-2.67961,42.83549],[-2.67808,42.83448],[-2.67337,42.83476],[-2.66704,42.83398],[-2.66748,42.83113],[-2.6665,42.8279],[-2.66587,42.82672],[-2.66475,42.82558],[-2.66231,42.82443],[-2.65807,42.82457],[-2.6545,42.82634],[-2.64898,42.82764],[-2.64759,42.83415],[-2.64329,42.83834],[-2.64105,42.84122],[-2.64069,42.84237],[-2.64967,42.84411]]]}},{"type":"Feature","properties":{"COD_POSTAL":"01001"},"geometry":{"type":"Polygon","coordinates":[[[-2.67157,42.85427],[-2.67255,42.8539],[-2.67251,42.85352],[-2.67319,42.85314],[-2.67283,42.85281],[-2.67288,42.85256],[-2.67318,42.85252],[-2.67284,42.85209],[-2.67347,42.8517],[-2.67381,42.85182],[-2.67486,42.85116],[-2.67481,42.85044],[-2.67519,42.85046],[-2.6757,42.8501],[-2.67591,42.85033],[-2.67745,42.85051],[-2.67747,42.85018],[-2.67658,42.85011],[-2.67558,42.8493],[-2.67654,42.84885],[-2.67749,42.84893],[-2.67759,42.84868],[-2.67621,42.84803],[-2.67651,42.84769],[-2.67607,42.84727],[-2.67636,42.84693],[-2.67569,42.84645],[-2.6738,42.84636],[-2.67365,42.84632],[-2.67389,42.84607],[-2.67349,42.84576],[-2.67304,42.84559],[-2.67254,42.84599],[-2.67118,42.84524],[-2.67093,42.84527],[-2.67109,42.84565],[-2.67091,42.84631],[-2.66975,42.84616],[-2.66944,42.84649],[-2.66816,42.84634],[-2.66841,42.8466],[-2.6676,42.84703],[-2.66837,42.84738],[-2.66862,42.8478],[-2.66837,42.84824],[-2.66873,42.84848],[-2.66888,42.84946],[-2.66956,42.84935],[-2.66981,42.8496],[-2.66985,42.84992],[-2.66936,42.85008],[-2.66995,42.85064],[-2.67032,42.85168],[-2.67082,42.85208],[-2.67031,42.85218],[-2.67035,42.85306],[-2.67152,42.85426],[-2.67157,42.85427]]]}},{"type":"Feature","properties":{"COD_POSTAL":"01440"},"geometry":{"type":"Polygon","coordinates":[[[-2.8926,42.94145],[-2.89052,42.94376],[-2.88746,42.94572],[-2.88223,42.94807],[-2.89341,42.95642],[-2.9053,42.96358],[-2.91299,42.96249],[-2.90849,42.93279],[-2.90554,42.932],[-2.90493,42.93229],[-2.8926,42.94145]]]}},{"type":"Feature","properties":{"COD_POSTAL":"01477"},"geometry":{"type":"Polygon","coordinates":[[[-3.07496,43.14653],[-3.07622,43.14492],[-3.07635,43.14357],[-3.07497,43.14051],[-3.06589,43.13131],[-3.07527,43.12067],[-3.08225,43.11511],[-3.08123,43.11318],[-3.08666,43.10795],[-3.08958,43.10817],[-3.09418,43.10606],[-3.09664,43.10577],[-3.0977,43.10657],[-3.10221,43.10675],[-3.10865,43.11098],[-3.11125,43.11132],[-3.11399,43.10761],[-3.11774,43.1016],[-3.11713,43.10047],[-3.11368,43.09767],[-3.11161,43.09264],[-3.11071,43.08981],[-3.11065,43.0874],[-3.11439,43.08489],[-3.11351,43.07986],[-3.11894,43.07516],[-3.12634,43.07556],[-3.13056,43.07348],[-3.13779,43.07129],[-3.1539,43.07119],[-3.14746,43.06889],[-3.14104,43.0687],[-3.14031,43.06715],[-3.14019,43.06671],[-3.14067,43.06439],[-3.14019,43.06292],[-3.14018,43.0616],[-3.14063,43.05932],[-3.14337,43.05508],[-3.14356,43.05438],[-3.14362,43.05363],[-3.14234,43.05263],[-3.14196,43.05153],[-3.14177,43.04901],[-3.14507,43.04933],[-3.14439,43.04728],[-3.14403,43.04517],[-3.144,43.04308],[-3.14441,43.04081],[-3.14438,43.03809],[-3.1451,43.03817],[-3.14768,43.0345],[-3.14702,43.03339],[-3.14235,43.03144],[-3.14206,43.03107],[-3.14196,43.02941],[-3.14346,43.0274],[-3.1441,43.02774],[-3.14669,43.02786],[-3.15285,43.02697],[-3.15551,43.02807],[-3.16114,43.0276],[-3.1638,43.02799],[-3.16572,43.02849],[-3.16669,43.02902],[-3.17025,43.02907],[-3.17063,43.02775],[-3.17188,43.02684],[-3.17087,43.0264],[-3.17096,43.02553],[-3.17221,43.02517],[-3.17509,43.02365],[-3.17675,43.0236],[-3.17647,43.0225],[-3.1778,43.02198],[-3.17146,43.01826],[-3.16887,43.01493],[-3.16362,43.01411],[-3.14894,43.0087],[-3.14479,43.00684],[-3.14184,43.00723],[-3.12167,43.04498],[-3.10812,43.05738],[-3.10154,43.05581],[-3.09795,43.05624],[-3.09101,43.05826],[-3.08474,43.06318],[-3.08227,43.0633],[-3.07208,43.05849],[-3.05925,43.06556],[-3.05962,43.07034],[-3.05918,43.07172],[-3.05674,43.07362],[-3.05472,43.07663],[-3.05663,43.08217],[-3.05671,43.08468],[-3.0519,43.08809],[-3.05181,43.08903],[-3.05218,43.08991],[-3.05101,43.09172],[-3.05102,43.09463],[-3.0505,43.09565],[-3.04909,43.09699],[-3.0476,43.09775],[-3.04703,43.09846],[-3.02604,43.10089],[-3.02897,43.10313],[-3.03024,43.10512],[-3.03239,43.11304],[-3.02721,43.12122],[-3.01853,43.12108],[-3.01854,43.12653],[-3.01915,43.128],[-3.02123,43.12908],[-3.02268,43.13037],[-3.02384,43.13163],[-3.02407,43.13237],[-3.02396,43.13315],[-3.02656,43.13362],[-3.03082,43.13586],[-3.03173,43.13726],[-3.03287,43.13832],[-3.03366,43.1366],[-3.03485,43.13623],[-3.04076,43.13603],[-3.04267,43.13537],[-3.0446,43.13518],[-3.04613,43.13429],[-3.04854,43.13414],[-3.05387,43.13455],[-3.0566,43.13439],[-3.05933,43.13491],[-3.06162,43.13674],[-3.06373,43.13635],[-3.0668,43.13672],[-3.06725,43.13697],[-3.06754,43.13817],[-3.06964,43.13851],[-3.0677,43.14161],[-3.06737,43.14495],[-3.06894,43.14478],[-3.07173,43.14513],[-3.07388,43.14574],[-3.07469,43.14643],[-3.07496,43.14653]]]}},{"type":"Feature","properties":{"COD_POSTAL":"01426"},"geometry":{"type":"Polygon","coordinates":[[[-2.96092,42.77272],[-2.96217,42.77558],[-2.95648,42.77905],[-2.95538,42.78036],[-2.95723,42.7877],[-2.95661,42.79862],[-2.96753,42.80312],[-2.96738,42.80405],[-2.97065,42.80929],[-2.97147,42.81173],[-2.96924,42.81719],[-2.96736,42.8197],[-2.95349,42.82827],[-2.95602,42.82921],[-2.95783,42.8315],[-2.96167,42.83381],[-2.96484,42.83516],[-2.96994,42.83669],[-2.97132,42.83668],[-2.97329,42.83615],[-2.97581,42.83608],[-2.97834,42.83515],[-2.98101,42.83364],[-2.98347,42.83321],[-2.98784,42.8333],[-2.98893,42.8344],[-2.99032,42.83494],[-2.99286,42.83471],[-2.99445,42.83494],[-2.99611,42.83488],[-2.99692,42.83626],[-2.99849,42.83708],[-3.00102,42.83744],[-3.00209,42.83811],[-3.00417,42.83859],[-3.00592,42.83994],[-3.00717,42.84058],[-3.0093,42.84096],[-3.01157,42.83988],[-3.01231,42.8401],[-3.01298,42.84081],[-3.01426,42.84092],[-3.03009,42.85046],[-3.02391,42.86216],[-3.01201,42.86064],[-3.00053,42.86085],[-2.9986,42.86444],[-2.99622,42.86781],[-2.99386,42.87248],[-2.99377,42.87612],[-2.99301,42.87897],[-2.99599,42.88035],[-2.99959,42.88269],[-3.00159,42.8844],[-3.00218,42.88577],[-3.00254,42.88788],[-3.00557,42.8914],[-3.00575,42.89479],[-3.00785,42.89738],[-3.01365,42.90039],[-3.01404,42.90081],[-3.01438,42.90188],[-3.01432,42.90253],[-3.01297,42.90664],[-3.01273,42.90847],[-3.01623,42.91055],[-3.01794,42.91016],[-3.01891,42.90851],[-3.02324,42.90733],[-3.02615,42.90699],[-3.02747,42.90738],[-3.02871,42.90654],[-3.03171,42.90598],[-3.03811,42.90545],[-3.04285,42.90461],[-3.04718,42.90415],[-3.0572,42.90256],[-3.06005,42.90172],[-3.068,42.90327],[-3.06897,42.90392],[-3.07057,42.90361],[-3.07253,42.90173],[-3.07518,42.90101],[-3.08233,42.90053],[-3.09013,42.89902],[-3.09501,42.89304],[-3.09909,42.87477],[-3.10712,42.85609],[-3.10926,42.85463],[-3.11152,42.85166],[-3.11096,42.84831],[-3.11195,42.83646],[-3.12286,42.8334],[-3.14896,42.81889],[-3.14813,42.81448],[-3.14891,42.81292],[-3.15049,42.81138],[-3.15923,42.80459],[-3.15297,42.80131],[-3.15052,42.80077],[-3.14773,42.7988],[-3.14117,42.79642],[-3.13741,42.79337],[-3.13328,42.79113],[-3.13139,42.7898],[-3.12983,42.78957],[-3.12878,42.78988],[-3.1257,42.7894],[-3.1233,42.78933],[-3.12256,42.79013],[-3.11496,42.7899],[-3.11385,42.79057],[-3.11052,42.79146],[-3.10986,42.7913],[-3.10667,42.80089],[-3.10334,42.80895],[-3.09895,42.81737],[-3.08545,42.8221],[-3.05572,42.83478],[-3.05245,42.83444],[-3.03708,42.83058],[-3.02993,42.83088],[-3.01803,42.83213],[-3.00816,42.83103],[-3.00526,42.8294],[-3.00566,42.82786],[-3.00809,42.8248],[-3.01557,42.82228],[-3.01627,42.82235],[-3.01757,42.81967],[-3.01985,42.81683],[-3.01955,42.81627],[-3.01852,42.8159],[-3.01736,42.81508],[-3.01495,42.81446],[-3.01398,42.81448],[-3.01153,42.81357],[-3.01086,42.81312],[-3.01062,42.81258],[-3.01064,42.8122],[-3.0112,42.81177],[-3.00878,42.81088],[-3.01705,42.80314],[-3.01698,42.80142],[-3.01593,42.79868],[-3.01505,42.79154],[-3.01106,42.79014],[-3.00742,42.78838],[-3.00604,42.78869],[-3.00359,42.78795],[-3.0013,42.78806],[-2.99804,42.78711],[-2.99751,42.78663],[-2.99728,42.78515],[-2.99396,42.78311],[-2.98854,42.78211],[-2.98584,42.78535],[-2.97824,42.77364],[-2.97354,42.77191],[-2.96081,42.77247],[-2.96092,42.77272]]]}},{"type":"Feature","properties":{"COD_POSTAL":"01423"},"geometry":{"type":"Polygon","coordinates":[[[-3.01709,42.76101],[-3.01173,42.76473],[-3.01092,42.76413],[-3.01017,42.7645],[-3.00995,42.76512],[-3.00934,42.76526],[-3.0077,42.76661],[-3.00706,42.7679],[-3.00474,42.76896],[-3.00406,42.77106],[-2.99986,42.7725],[-2.99775,42.7727],[-2.99631,42.77353],[-2.99751,42.77785],[-2.99747,42.77864],[-2.99607,42.78048],[-2.99461,42.7811],[-2.99115,42.78202],[-2.98854,42.78211],[-2.99396,42.78311],[-2.99728,42.78515],[-2.99751,42.78663],[-2.99804,42.78711],[-3.0013,42.78806],[-3.00359,42.78795],[-3.00604,42.78869],[-3.00742,42.78838],[-3.01106,42.79014],[-3.01505,42.79154],[-3.01593,42.79868],[-3.01698,42.80142],[-3.01705,42.80314],[-3.00878,42.81088],[-3.0112,42.81177],[-3.01064,42.8122],[-3.01062,42.81258],[-3.01086,42.81312],[-3.01153,42.81357],[-3.01398,42.81448],[-3.01495,42.81446],[-3.01736,42.81508],[-3.01852,42.8159],[-3.01955,42.81627],[-3.01985,42.81683],[-3.01757,42.81967],[-3.01627,42.82235],[-3.01557,42.82228],[-3.00809,42.8248],[-3.00566,42.82786],[-3.00526,42.8294],[-3.00816,42.83103],[-3.01699,42.83212],[-3.02993,42.83088],[-3.03708,42.83058],[-3.05245,42.83444],[-3.05572,42.83478],[-3.08545,42.8221],[-3.09895,42.81737],[-3.10334,42.80895],[-3.10667,42.80089],[-3.10986,42.7913],[-3.11052,42.79146],[-3.11385,42.79057],[-3.11496,42.7899],[-3.12256,42.79013],[-3.12361,42.7888],[-3.12823,42.7843],[-3.13034,42.77969],[-3.13228,42.77689],[-3.13263,42.77586],[-3.13288,42.77349],[-3.13546,42.76914],[-3.13664,42.76548],[-3.14204,42.7629],[-3.14791,42.7567],[-3.13951,42.75746],[-3.13725,42.75821],[-3.13505,42.75854],[-3.13296,42.75851],[-3.13071,42.75798],[-3.1273,42.75913],[-3.11542,42.75928],[-3.11415,42.75989],[-3.10972,42.76348],[-3.10792,42.76414],[-3.10451,42.7649],[-3.10177,42.7669],[-3.10065,42.76717],[-3.099,42.76689],[-3.09655,42.76598],[-3.09224,42.76495],[-3.09101,42.76421],[-3.0899,42.76151],[-3.08861,42.75951],[-3.08728,42.75821],[-3.08517,42.75699],[-3.08407,42.75734],[-3.08316,42.75942],[-3.08133,42.7619],[-3.08117,42.76241],[-3.08232,42.76616],[-3.08208,42.76681],[-3.08143,42.76725],[-3.07954,42.76688],[-3.07849,42.76628],[-3.07586,42.76366],[-3.07505,42.7633],[-3.07236,42.76276],[-3.07064,42.76176],[-3.06858,42.76099],[-3.06419,42.76009],[-3.0624,42.76075],[-3.05785,42.76347],[-3.05483,42.76454],[-3.04965,42.76561],[-3.04905,42.76534],[-3.04857,42.76477],[-3.0475,42.7618],[-3.0475,42.76088],[-3.0496,42.75895],[-3.05039,42.75594],[-3.04898,42.75113],[-3.04876,42.74863],[-3.04857,42.74814],[-3.04595,42.74546],[-3.04306,42.74376],[-3.04272,42.74267],[-3.04282,42.74063],[-3.04201,42.73952],[-3.04076,42.73849],[-3.03306,42.73707],[-3.02938,42.73793],[-3.02017,42.74075],[-3.01782,42.74123],[-3.01696,42.74108],[-3.01633,42.74049],[-3.01683,42.73653],[-3.01664,42.73465],[-3.01632,42.73389],[-3.01556,42.73332],[-3.01421,42.733],[-3.01236,42.73302],[-3.00937,42.73373],[-3.00715,42.73366],[-3.00622,42.73309],[-2.99564,42.73822],[-2.99824,42.74218],[-3.00286,42.74387],[-3.01003,42.74581],[-3.01353,42.75531],[-3.01709,42.76101]]]}},{"type":"Feature","properties":{"COD_POSTAL":"01450"},"geometry":{"type":"Polygon","coordinates":[[[-2.93667,43.01191],[-2.93385,43.01411],[-2.93069,43.01451],[-2.92945,43.01588],[-2.92787,43.01639],[-2.92542,43.01592],[-2.92389,43.01591],[-2.92339,43.01528],[-2.92095,43.01605],[-2.91891,43.0155],[-2.91687,43.01565],[-2.9164,43.0161],[-2.91653,43.01704],[-2.9152,43.01846],[-2.91467,43.0196],[-2.91486,43.02008],[-2.91378,43.02032],[-2.91361,43.01993],[-2.91374,43.01936],[-2.91348,43.0189],[-2.91148,43.0174],[-2.91101,43.01668],[-2.91056,43.01641],[-2.91001,43.01655],[-2.90976,43.01548],[-2.90858,43.01512],[-2.90605,43.01353],[-2.90413,43.01163],[-2.90406,43.01127],[-2.90466,43.01049],[-2.90264,43.0093],[-2.90239,43.00806],[-2.90292,43.00643],[-2.90158,43.00464],[-2.90057,43.00509],[-2.89979,43.0037],[-2.89816,43.00261],[-2.89724,43.00232],[-2.89724,43.00186],[-2.89681,43.00121],[-2.89523,43.00043],[-2.89492,43.00007],[-2.84336,43.04101],[-2.84223,43.04312],[-2.8479,43.04455],[-2.85544,43.04853],[-2.86413,43.05172],[-2.86925,43.05128],[-2.87152,43.05083],[-2.87218,43.05041],[-2.87419,43.04992],[-2.87577,43.05013],[-2.87633,43.05059],[-2.87706,43.05077],[-2.88016,43.05086],[-2.88226,43.0506],[-2.88504,43.04991],[-2.88936,43.04818],[-2.89021,43.04566],[-2.89351,43.0464],[-2.89404,43.04657],[-2.89468,43.04793],[-2.89562,43.04897],[-2.89886,43.05048],[-2.89973,43.05132],[-2.90277,43.05235],[-2.90429,43.05342],[-2.90512,43.05446],[-2.90652,43.05522],[-2.90961,43.05537],[-2.90997,43.05604],[-2.91173,43.05691],[-2.91261,43.05771],[-2.91524,43.05792],[-2.91708,43.05894],[-2.9173,43.05942],[-2.91907,43.05997],[-2.91942,43.06072],[-2.91933,43.06172],[-2.91984,43.06241],[-2.93543,43.06835],[-2.93558,43.06677],[-2.93387,43.06069],[-2.93456,43.05833],[-2.93802,43.05602],[-2.94052,43.0555],[-2.94603,43.05709],[-2.95332,43.05708],[-2.95416,43.05514],[-2.95312,43.05272],[-2.9541,43.04582],[-2.95598,43.04201],[-2.95845,43.04192],[-2.96288,43.0403],[-2.96358,43.03855],[-2.96805,43.03693],[-2.9684,43.03571],[-2.96968,43.03572],[-2.97043,43.03626],[-2.97217,43.03638],[-2.97305,43.03605],[-2.9736,43.03651],[-2.97539,43.036],[-2.97847,43.03572],[-2.97899,43.03406],[-2.98132,43.03548],[-2.98289,43.03405],[-2.98405,43.03495],[-2.98623,43.03411],[-2.98596,43.03739],[-2.98634,43.03751],[-2.9885,43.03492],[-2.989,43.03376],[-2.99274,43.03404],[-2.99525,43.03179],[-2.99573,43.03033],[-2.99571,43.02871],[-2.99858,43.02831],[-3.00381,43.02629],[-3.00386,43.02398],[-3.00539,43.02271],[-3.00426,43.02011],[-3.00199,43.01937],[-2.99993,43.01705],[-2.99002,43.01625],[-2.98226,43.01255],[-2.97893,43.00898],[-2.97182,43.00871],[-2.96466,43.00371],[-2.96465,43.00077],[-2.95561,42.9988],[-2.9496,43.00007],[-2.9416,43.00427],[-2.94179,43.0077],[-2.93963,43.00958],[-2.93798,43.00821],[-2.93646,43.00781],[-2.93539,43.00808],[-2.93491,43.00853],[-2.93509,43.0095],[-2.93593,43.01078],[-2.93667,43.01191]]]}},{"type":"Feature","properties":{"COD_POSTAL":"01138"},"geometry":{"type":"Polygon","coordinates":[[[-2.70749,43.02995],[-2.70821,43.03017],[-2.70967,43.03006],[-2.71055,43.03048],[-2.71253,43.03079],[-2.71524,43.0306],[-2.7174,43.02968],[-2.72029,43.02806],[-2.72081,43.02723],[-2.72141,43.02688],[-2.72382,43.02601],[-2.72706,43.02439],[-2.72985,43.02401],[-2.73068,43.02449],[-2.7336,43.02527],[-2.73539,43.02902],[-2.73732,43.03057],[-2.73731,43.03163],[-2.73799,43.03264],[-2.73953,43.03377],[-2.74074,43.03425],[-2.74111,43.03413],[-2.74114,43.03373],[-2.74183,43.03347],[-2.74419,43.03344],[-2.74467,43.03365],[-2.7461,43.03327],[-2.74719,43.03209],[-2.74839,43.02924],[-2.74957,43.02755],[-2.75103,43.02683],[-2.75525,43.02735],[-2.75843,43.02839],[-2.76054,43.02825],[-2.76167,43.02771],[-2.76364,43.02777],[-2.76651,43.02696],[-2.76946,43.02691],[-2.77087,43.02739],[-2.77382,43.02898],[-2.77529,43.02616],[-2.77591,43.02445],[-2.77646,43.01976],[-2.77611,43.01676],[-2.77556,43.01481],[-2.77574,43.00865],[-2.77625,43.00418],[-2.77617,43.00271],[-2.77723,42.99363],[-2.78026,42.98678],[-2.78066,42.98519],[-2.78046,42.98135],[-2.78015,42.97964],[-2.77913,42.97626],[-2.77694,42.97142],[-2.77703,42.96823],[-2.77519,42.96501],[-2.77108,42.96021],[-2.77368,42.9581],[-2.77593,42.9551],[-2.77985,42.95452],[-2.78388,42.95224],[-2.78533,42.95112],[-2.78835,42.94718],[-2.78812,42.94296],[-2.78884,42.93919],[-2.78829,42.93791],[-2.78715,42.93631],[-2.7869,42.93406],[-2.78602,42.93299],[-2.78417,42.93246],[-2.78323,42.93024],[-2.78515,42.92925],[-2.78435,42.9276],[-2.78349,42.92659],[-2.78617,42.92538],[-2.78579,42.92484],[-2.78249,42.92217],[-2.77875,42.921],[-2.77637,42.91957],[-2.77437,42.91885],[-2.76612,42.91643],[-2.76437,42.915],[-2.76307,42.91542],[-2.76257,42.91589],[-2.76419,42.91711],[-2.76341,42.9183],[-2.76021,42.91676],[-2.75437,42.91561],[-2.75303,42.91514],[-2.75027,42.91535],[-2.74492,42.91442],[-2.74313,42.91304],[-2.74131,42.91043],[-2.74023,42.91006],[-2.73792,42.90985],[-2.73714,42.90951],[-2.73494,42.90781],[-2.73343,42.90716],[-2.73078,42.90694],[-2.73027,42.90664],[-2.72627,42.912],[-2.72421,42.9135],[-2.7216,42.9165],[-2.71858,42.91817],[-2.71839,42.92061],[-2.7224,42.92491],[-2.72657,42.93045],[-2.72106,42.93201],[-2.71387,42.93353],[-2.71213,42.93425],[-2.69935,42.92994],[-2.69423,42.93153],[-2.68839,42.93383],[-2.68884,42.93507],[-2.68629,42.93756],[-2.68415,42.93909],[-2.68426,42.94025],[-2.69248,42.94295],[-2.69237,42.94406],[-2.6912,42.94656],[-2.69021,42.94746],[-2.68949,42.94784],[-2.68791,42.94783],[-2.68748,42.94864],[-2.68748,42.9531],[-2.68604,42.95353],[-2.68161,42.95384],[-2.68119,42.9547],[-2.68058,42.9552],[-2.68053,42.95567],[-2.68137,42.95735],[-2.68081,42.9597],[-2.68181,42.96211],[-2.68006,42.96396],[-2.67813,42.96677],[-2.68101,42.9693],[-2.68402,42.96995],[-2.68369,42.97071],[-2.68397,42.97109],[-2.6848,42.97145],[-2.68474,42.97283],[-2.68566,42.97397],[-2.68585,42.97489],[-2.68645,42.97599],[-2.68637,42.97646],[-2.68532,42.97702],[-2.68333,42.97676],[-2.68262,42.97694],[-2.68257,42.97742],[-2.68345,42.97834],[-2.68349,42.9788],[-2.68197,42.98074],[-2.68053,42.98093],[-2.68051,42.98309],[-2.67981,42.98647],[-2.68122,42.98901],[-2.68058,42.98977],[-2.67914,42.9906],[-2.67694,42.99335],[-2.6768,42.99427],[-2.67712,42.99491],[-2.67686,42.99559],[-2.6777,42.99583],[-2.67801,42.99643],[-2.67752,42.99749],[-2.67765,42.99831],[-2.67703,43.0005],[-2.67737,43.0025],[-2.67815,43.0034],[-2.67806,43.00374],[-2.67854,43.00456],[-2.67944,43.00538],[-2.67974,43.00625],[-2.68197,43.00811],[-2.68192,43.00941],[-2.68425,43.01038],[-2.68574,43.01275],[-2.68588,43.01472],[-2.68511,43.01609],[-2.6844,43.01826],[-2.68497,43.01911],[-2.6852,43.02118],[-2.68666,43.02184],[-2.6873,43.02358],[-2.68805,43.02363],[-2.69011,43.02209],[-2.69107,43.02188],[-2.69232,43.02202],[-2.69316,43.0224],[-2.69375,43.02313],[-2.69513,43.02411],[-2.69734,43.02514],[-2.6978,43.02655],[-2.69865,43.02676],[-2.70196,43.02841],[-2.70207,43.02913],[-2.70279,43.03042],[-2.70345,43.03103],[-2.70427,43.03104],[-2.70735,43.02992],[-2.70749,43.02995]]]}},{"type":"Feature","properties":{"COD_POSTAL":"01206"},"geometry":{"type":"Polygon","coordinates":[[[-2.41776,42.83269],[-2.42021,42.83491],[-2.42228,42.83794],[-2.42373,42.84201],[-2.423,42.84432],[-2.42296,42.84632],[-2.42238,42.84725],[-2.42243,42.84778],[-2.42307,42.84865],[-2.42489,42.84957],[-2.42574,42.8497],[-2.42681,42.85045],[-2.42476,42.85251],[-2.42461,42.85296],[-2.42495,42.85346],[-2.42727,42.85529],[-2.42781,42.85635],[-2.42769,42.85704],[-2.4283,42.85877],[-2.42777,42.86028],[-2.42777,42.86119],[-2.42822,42.86209],[-2.42813,42.86372],[-2.4271,42.86449],[-2.4234,42.86604],[-2.41975,42.86658],[-2.41836,42.8693],[-2.41806,42.87122],[-2.41923,42.87755],[-2.42044,42.88174],[-2.41997,42.88227],[-2.42006,42.88485],[-2.42209,42.88541],[-2.42222,42.88688],[-2.42338,42.89041],[-2.42441,42.89216],[-2.42632,42.89417],[-2.4303,42.89602],[-2.43095,42.89968],[-2.43326,42.9012],[-2.43384,42.90125],[-2.4359,42.90556],[-2.43616,42.90676],[-2.43772,42.90572],[-2.44067,42.90518],[-2.4476,42.90411],[-2.45338,42.90391],[-2.46078,42.90082],[-2.46983,42.89836],[-2.47472,42.90182],[-2.48566,42.9051],[-2.48588,42.9105],[-2.48432,42.91378],[-2.4815,42.917],[-2.4817,42.91788],[-2.48561,42.91942],[-2.48597,42.92],[-2.48485,42.92477],[-2.48718,42.92624],[-2.48534,42.93258],[-2.48308,42.93437],[-2.48264,42.93535],[-2.49243,42.962],[-2.496,42.96065],[-2.5003,42.95971],[-2.50302,42.95972],[-2.50535,42.96032],[-2.50753,42.96129],[-2.51091,42.96341],[-2.5212,42.97062],[-2.53515,42.97685],[-2.53572,42.97247],[-2.53803,42.96821],[-2.54004,42.96548],[-2.54009,42.9651],[-2.53921,42.96306],[-2.53935,42.95992],[-2.53787,42.95741],[-2.53981,42.95289],[-2.54135,42.95079],[-2.5426,42.95058],[-2.54416,42.95101],[-2.54618,42.95252],[-2.54826,42.95356],[-2.54942,42.95075],[-2.55141,42.94884],[-2.55256,42.94702],[-2.55342,42.94439],[-2.55487,42.94205],[-2.55511,42.9392],[-2.55585,42.93585],[-2.55554,42.93503],[-2.55597,42.93424],[-2.5531,42.93406],[-2.5524,42.93367],[-2.55215,42.93325],[-2.55298,42.93278],[-2.55253,42.93203],[-2.55412,42.93217],[-2.55295,42.93122],[-2.55251,42.9305],[-2.55481,42.93095],[-2.55696,42.93064],[-2.55578,42.92996],[-2.55613,42.92944],[-2.5538,42.92834],[-2.55476,42.92785],[-2.5533,42.92741],[-2.55307,42.92695],[-2.5523,42.92634],[-2.54888,42.92714],[-2.54764,42.92682],[-2.55002,42.92555],[-2.54981,42.92479],[-2.54875,42.92408],[-2.54924,42.92335],[-2.55193,42.92335],[-2.55326,42.92389],[-2.55515,42.92402],[-2.55406,42.92298],[-2.5525,42.92204],[-2.54978,42.92194],[-2.5489,42.92136],[-2.548,42.92116],[-2.5473,42.92059],[-2.54815,42.91997],[-2.55059,42.92078],[-2.5508,42.91988],[-2.55131,42.91952],[-2.55182,42.91951],[-2.5518,42.91908],[-2.55127,42.91865],[-2.55305,42.91727],[-2.55333,42.91672],[-2.55467,42.9155],[-2.55534,42.91349],[-2.55537,42.9126],[-2.55505,42.91203],[-2.55342,42.91106],[-2.55338,42.91087],[-2.55407,42.91052],[-2.55237,42.90987],[-2.55185,42.90939],[-2.55043,42.90959],[-2.5494,42.91024],[-2.54876,42.91101],[-2.54909,42.91171],[-2.5439,42.90641],[-2.54042,42.90468],[-2.53883,42.90337],[-2.53536,42.90128],[-2.53284,42.8991],[-2.53299,42.89692],[-2.53379,42.89399],[-2.5352,42.8936],[-2.53618,42.89399],[-2.53725,42.89525],[-2.54035,42.89528],[-2.54402,42.89428],[-2.54628,42.89563],[-2.54803,42.89589],[-2.55023,42.89679],[-2.55354,42.89644],[-2.55846,42.89807],[-2.56096,42.89831],[-2.56065,42.89277],[-2.56078,42.88976],[-2.56133,42.88657],[-2.56462,42.88575],[-2.56444,42.88547],[-2.56298,42.88439],[-2.56064,42.88353],[-2.5592,42.88344],[-2.56086,42.88174],[-2.5526,42.87759],[-2.54099,42.87478],[-2.53091,42.87491],[-2.5302,42.87893],[-2.52302,42.87945],[-2.51659,42.88038],[-2.51362,42.88141],[-2.51124,42.87266],[-2.512,42.86908],[-2.51358,42.86541],[-2.51442,42.86416],[-2.51843,42.86135],[-2.51574,42.8617],[-2.51262,42.86131],[-2.50946,42.86139],[-2.50833,42.8611],[-2.50555,42.86107],[-2.50365,42.86055],[-2.50239,42.85909],[-2.50016,42.85808],[-2.49591,42.85711],[-2.48865,42.85672],[-2.48768,42.8561],[-2.48484,42.85506],[-2.4822,42.85331],[-2.48058,42.85169],[-2.47803,42.85009],[-2.47617,42.84987],[-2.4745,42.84936],[-2.47088,42.84771],[-2.46753,42.8466],[-2.45905,42.83974],[-2.45215,42.83763],[-2.4441,42.83574],[-2.44163,42.8335],[-2.445,42.82691],[-2.43432,42.8234],[-2.42722,42.82757],[-2.42292,42.82883],[-2.41776,42.83269]]]}},{"type":"Feature","properties":{"COD_POSTAL":"01139"},"geometry":{"type":"Polygon","coordinates":[[[-2.83651,43.04172],[-2.84223,43.04312],[-2.84336,43.04101],[-2.89492,43.00007],[-2.89493,42.99981],[-2.89463,42.99901],[-2.89287,42.99885],[-2.89195,42.99843],[-2.88961,42.99676],[-2.88891,42.99597],[-2.88779,42.99561],[-2.88649,42.99471],[-2.88603,42.99388],[-2.8855,42.99384],[-2.88595,42.99303],[-2.88544,42.99269],[-2.88543,42.99218],[-2.88482,42.99192],[-2.88483,42.99145],[-2.88443,42.99147],[-2.8838,42.99053],[-2.88312,42.99014],[-2.88332,42.9887],[-2.88321,42.98801],[-2.88272,42.98728],[-2.8829,42.98679],[-2.88244,42.98642],[-2.88265,42.98595],[-2.8819,42.98527],[-2.88121,42.98517],[-2.8808,42.98469],[-2.88121,42.98429],[-2.88124,42.98374],[-2.88206,42.98277],[-2.88207,42.98245],[-2.88245,42.98237],[-2.88246,42.98202],[-2.88358,42.98114],[-2.88407,42.97999],[-2.88294,42.97738],[-2.88368,42.97665],[-2.88421,42.97469],[-2.88403,42.97397],[-2.88293,42.97302],[-2.88157,42.97284],[-2.88074,42.97298],[-2.87827,42.97147],[-2.87736,42.97127],[-2.87673,42.97006],[-2.87576,42.96968],[-2.87524,42.96819],[-2.87376,42.96766],[-2.87444,42.96218],[-2.87486,42.96046],[-2.87589,42.95826],[-2.87602,42.95476],[-2.87682,42.95217],[-2.87658,42.95086],[-2.8758,42.94983],[-2.8747,42.94908],[-2.87515,42.94736],[-2.87495,42.94542],[-2.87655,42.94322],[-2.87809,42.94214],[-2.87916,42.9423],[-2.87753,42.93967],[-2.87358,42.93675],[-2.87149,42.93615],[-2.87096,42.9357],[-2.8704,42.93397],[-2.87044,42.93216],[-2.86898,42.92995],[-2.86878,42.92803],[-2.8697,42.92608],[-2.86807,42.92187],[-2.86618,42.92122],[-2.86165,42.91884],[-2.85615,42.91459],[-2.85471,42.91574],[-2.85386,42.91576],[-2.85095,42.91491],[-2.84887,42.91477],[-2.84761,42.91443],[-2.84598,42.91453],[-2.84313,42.91358],[-2.84103,42.91348],[-2.83906,42.91245],[-2.83582,42.91274],[-2.83397,42.9123],[-2.83184,42.91217],[-2.82644,42.9129],[-2.82387,42.91237],[-2.81734,42.91211],[-2.81415,42.91163],[-2.81196,42.91242],[-2.80965,42.91225],[-2.80747,42.91168],[-2.80751,42.91277],[-2.80695,42.91481],[-2.79518,42.91506],[-2.79426,42.91676],[-2.79353,42.91739],[-2.79163,42.91838],[-2.79072,42.92025],[-2.7879,42.92243],[-2.78801,42.92352],[-2.78738,42.92507],[-2.78604,42.92543],[-2.78349,42.92659],[-2.78435,42.9276],[-2.78515,42.92925],[-2.78323,42.93024],[-2.78367,42.93154],[-2.78429,42.93256],[-2.78602,42.93299],[-2.7869,42.93406],[-2.78715,42.93631],[-2.78829,42.93791],[-2.78884,42.93919],[-2.78812,42.94296],[-2.78835,42.94718],[-2.78533,42.95112],[-2.78388,42.95224],[-2.77985,42.95452],[-2.77593,42.9551],[-2.77368,42.9581],[-2.77108,42.96021],[-2.77519,42.96501],[-2.77703,42.96823],[-2.77694,42.97142],[-2.77913,42.97626],[-2.78015,42.97964],[-2.78046,42.98135],[-2.78066,42.98519],[-2.78026,42.98678],[-2.77723,42.99363],[-2.77617,43.00271],[-2.77625,43.00418],[-2.77574,43.00865],[-2.77556,43.01481],[-2.77611,43.01676],[-2.77646,43.01976],[-2.77591,43.02445],[-2.77529,43.02616],[-2.77382,43.02898],[-2.77396,43.02906],[-2.7737,43.03068],[-2.77777,43.03264],[-2.78176,43.03417],[-2.78809,43.03444],[-2.80109,43.03366],[-2.80699,43.03604],[-2.82209,43.0351],[-2.83641,43.04166],[-2.83651,43.04172]],[[-2.81568,42.94399],[-2.82483,42.95667],[-2.82347,42.96004],[-2.82051,42.96154],[-2.81905,42.96301],[-2.81192,42.96661],[-2.80581,42.96634],[-2.80177,42.96556],[-2.8008,42.96064],[-2.80774,42.95224],[-2.81129,42.9493],[-2.81568,42.94399]]]}},{"type":"Feature","properties":{"COD_POSTAL":"01009"},"geometry":{"type":"Polygon","coordinates":[[[-2.68466,42.8589],[-2.69008,42.85721],[-2.69028,42.8562],[-2.69108,42.85464],[-2.69359,42.85341],[-2.69322,42.85266],[-2.69221,42.85218],[-2.68742,42.85118],[-2.68082,42.85011],[-2.67973,42.85576],[-2.68093,42.85604],[-2.68086,42.85665],[-2.68159,42.85818],[-2.68201,42.85819],[-2.68211,42.85857],[-2.68466,42.8589]]]}},{"type":"Feature","properties":{"COD_POSTAL":"01330"},"geometry":{"type":"Polygon","coordinates":[[[-2.76613,42.62013],[-2.76948,42.62177],[-2.77449,42.6247],[-2.77705,42.62754],[-2.79458,42.62714],[-2.79852,42.62363],[-2.81308,42.61538],[-2.8199,42.6145],[-2.81877,42.61272],[-2.81944,42.60911],[-2.82195,42.60357],[-2.82364,42.60146],[-2.82183,42.60111],[-2.81899,42.59965],[-2.81818,42.59712],[-2.81948,42.59214],[-2.82235,42.58905],[-2.83055,42.58507],[-2.8397,42.58233],[-2.84077,42.58162],[-2.84085,42.58119],[-2.83835,42.57599],[-2.83767,42.57113],[-2.83575,42.56885],[-2.8285,42.56369],[-2.82532,42.55524],[-2.82499,42.55494],[-2.82185,42.55472],[-2.8201,42.55497],[-2.81743,42.55766],[-2.8171,42.55857],[-2.81773,42.56129],[-2.8176,42.56264],[-2.81582,42.56784],[-2.8149,42.56893],[-2.81304,42.56959],[-2.81065,42.56894],[-2.80667,42.5673],[-2.8053,42.56639],[-2.80349,42.5646],[-2.80025,42.56652],[-2.79983,42.56906],[-2.79833,42.57378],[-2.78937,42.57824],[-2.78382,42.57884],[-2.78123,42.57935],[-2.77975,42.57994],[-2.77795,42.58134],[-2.77767,42.58185],[-2.7777,42.58288],[-2.77899,42.58534],[-2.77799,42.58679],[-2.77658,42.58772],[-2.77619,42.58934],[-2.77342,42.59213],[-2.77187,42.59628],[-2.77205,42.60034],[-2.77255,42.60265],[-2.77431,42.60453],[-2.77437,42.60558],[-2.7738,42.60707],[-2.7678,42.61496],[-2.76593,42.62003],[-2.76613,42.62013]]]}},{"type":"Feature","properties":{"COD_POSTAL":"01194"},"geometry":{"type":"Polygon","coordinates":[[[-2.52827,42.78772],[-2.53015,42.78793],[-2.53301,42.78882],[-2.53712,42.78637],[-2.54139,42.78539],[-2.54554,42.78573],[-2.54622,42.78536],[-2.548,42.78531],[-2.54851,42.78502],[-2.54993,42.78507],[-2.55089,42.78454],[-2.55362,42.78571],[-2.55531,42.7846],[-2.56344,42.78397],[-2.56529,42.78848],[-2.5648,42.78909],[-2.56663,42.79176],[-2.5676,42.79402],[-2.56858,42.79508],[-2.56903,42.79643],[-2.57189,42.80081],[-2.57369,42.8026],[-2.57324,42.80329],[-2.57842,42.80746],[-2.59657,42.81139],[-2.60532,42.82157],[-2.60741,42.83],[-2.61185,42.83607],[-2.6123,42.83836],[-2.61632,42.84013],[-2.62029,42.83767],[-2.63258,42.83095],[-2.63942,42.8278],[-2.64091,42.82995],[-2.64759,42.83415],[-2.64898,42.82764],[-2.6545,42.82634],[-2.65807,42.82457],[-2.66231,42.82443],[-2.66475,42.82558],[-2.66587,42.82672],[-2.6665,42.8279],[-2.66748,42.83113],[-2.66704,42.83398],[-2.67337,42.83476],[-2.67701,42.8345],[-2.6753,42.83375],[-2.67602,42.83211],[-2.6788,42.83047],[-2.68174,42.82974],[-2.68401,42.82793],[-2.68665,42.8251],[-2.68848,42.82465],[-2.69021,42.82475],[-2.69465,42.82199],[-2.69841,42.82085],[-2.7031,42.82318],[-2.70623,42.82362],[-2.70779,42.82225],[-2.71243,42.82023],[-2.71936,42.81877],[-2.72339,42.82013],[-2.723,42.82293],[-2.73811,42.81348],[-2.73765,42.79277],[-2.73658,42.79267],[-2.73398,42.7932],[-2.73155,42.79445],[-2.72811,42.79078],[-2.72206,42.78988],[-2.71872,42.78871],[-2.71426,42.78607],[-2.71154,42.78398],[-2.71078,42.78365],[-2.7098,42.78342],[-2.70871,42.78351],[-2.70592,42.78398],[-2.70466,42.78453],[-2.70293,42.78463],[-2.69879,42.78262],[-2.69809,42.78255],[-2.69692,42.78288],[-2.69513,42.7821],[-2.69459,42.78132],[-2.6941,42.77966],[-2.69319,42.77883],[-2.69035,42.7793],[-2.68462,42.77953],[-2.68103,42.77992],[-2.67918,42.7798],[-2.67593,42.77837],[-2.67547,42.77756],[-2.67517,42.77628],[-2.674,42.77571],[-2.66809,42.7716],[-2.66754,42.77405],[-2.66711,42.77453],[-2.66642,42.77468],[-2.66361,42.77443],[-2.65381,42.77241],[-2.65338,42.77219],[-2.65284,42.77142],[-2.65175,42.76808],[-2.65111,42.76693],[-2.64976,42.76652],[-2.64584,42.76704],[-2.6427,42.76457],[-2.64086,42.76581],[-2.63976,42.76613],[-2.6342,42.76492],[-2.62919,42.76696],[-2.62701,42.76866],[-2.6263,42.76959],[-2.625,42.76967],[-2.62358,42.77042],[-2.6207,42.76941],[-2.61988,42.76956],[-2.61786,42.77088],[-2.61723,42.77043],[-2.61673,42.76936],[-2.61491,42.76847],[-2.61432,42.7684],[-2.61322,42.76907],[-2.61199,42.76918],[-2.61108,42.76956],[-2.60979,42.7705],[-2.60906,42.77076],[-2.60704,42.77084],[-2.60267,42.77008],[-2.60302,42.76878],[-2.60273,42.76668],[-2.59778,42.76195],[-2.59291,42.75968],[-2.59151,42.75826],[-2.59104,42.7568],[-2.59081,42.75233],[-2.59018,42.75084],[-2.58937,42.75032],[-2.58722,42.75082],[-2.58208,42.7531],[-2.58115,42.75332],[-2.58024,42.75322],[-2.57926,42.75363],[-2.57733,42.75393],[-2.57532,42.75494],[-2.57548,42.75506],[-2.57487,42.75563],[-2.57341,42.75646],[-2.5716,42.75702],[-2.56804,42.75861],[-2.5673,42.75861],[-2.56419,42.76261],[-2.56243,42.76299],[-2.55835,42.76264],[-2.55762,42.76101],[-2.55879,42.75324],[-2.56396,42.74709],[-2.56395,42.74618],[-2.55922,42.75136],[-2.54601,42.75512],[-2.52246,42.74122],[-2.5235,42.74262],[-2.51962,42.74086],[-2.52286,42.74299],[-2.52398,42.74521],[-2.52827,42.75744],[-2.53041,42.76544],[-2.5297,42.77257],[-2.52998,42.77857],[-2.52609,42.78184],[-2.52634,42.78398],[-2.52621,42.78664],[-2.52724,42.78829],[-2.52824,42.78772],[-2.52827,42.78772]]]}},{"type":"Feature","properties":{"COD_POSTAL":"01012"},"geometry":{"type":"Polygon","coordinates":[[[-2.6731,42.85443],[-2.67341,42.85782],[-2.67456,42.86095],[-2.6739,42.86161],[-2.67418,42.86212],[-2.67608,42.862],[-2.68101,42.86052],[-2.68211,42.85857],[-2.68201,42.85819],[-2.68159,42.85818],[-2.68086,42.85665],[-2.68093,42.85604],[-2.67973,42.85576],[-2.68082,42.85011],[-2.6783,42.84968],[-2.67762,42.84987],[-2.67745,42.85051],[-2.67591,42.85033],[-2.6757,42.8501],[-2.67519,42.85046],[-2.67487,42.85041],[-2.67486,42.85116],[-2.67381,42.85182],[-2.67347,42.8517],[-2.67284,42.85209],[-2.67318,42.85252],[-2.67288,42.85256],[-2.67283,42.85281],[-2.67319,42.85314],[-2.67251,42.85352],[-2.67257,42.85386],[-2.6731,42.85443]]]}},{"type":"Feature","properties":{"COD_POSTAL":"01478"},"geometry":{"type":"Polygon","coordinates":[[[-3.07496,43.14653],[-3.08064,43.14736],[-3.08714,43.15134],[-3.08916,43.15203],[-3.09153,43.15229],[-3.10092,43.14784],[-3.10424,43.14602],[-3.10856,43.14426],[-3.1088,43.14409],[-3.10876,43.14339],[-3.111,43.1431],[-3.11745,43.14641],[-3.11851,43.14781],[-3.12053,43.14952],[-3.12115,43.15122],[-3.12343,43.15442],[-3.12528,43.15505],[-3.13085,43.15602],[-3.13266,43.15588],[-3.13332,43.15607],[-3.13383,43.15674],[-3.13485,43.15719],[-3.13599,43.15835],[-3.13642,43.15978],[-3.13704,43.1606],[-3.13777,43.16252],[-3.14006,43.16165],[-3.14926,43.16092],[-3.15143,43.15963],[-3.15275,43.15947],[-3.15351,43.15908],[-3.1587,43.15573],[-3.16185,43.15426],[-3.16231,43.15256],[-3.16677,43.14694],[-3.16148,43.14319],[-3.16894,43.13486],[-3.17232,43.12975],[-3.17757,43.12583],[-3.18153,43.12137],[-3.18179,43.12088],[-3.18171,43.12031],[-3.18043,43.11632],[-3.17588,43.11309],[-3.16966,43.10959],[-3.1625,43.10892],[-3.15206,43.10412],[-3.14798,43.10826],[-3.14149,43.11064],[-3.13716,43.10416],[-3.136,43.09979],[-3.13394,43.09723],[-3.14211,43.08911],[-3.14358,43.08799],[-3.1476,43.08573],[-3.14792,43.08531],[-3.14758,43.08484],[-3.14947,43.08116],[-3.15114,43.08015],[-3.15143,43.07989],[-3.15157,43.07896],[-3.15375,43.07739],[-3.15685,43.07601],[-3.15769,43.07507],[-3.15819,43.07402],[-3.15809,43.07372],[-3.15584,43.07197],[-3.1539,43.07119],[-3.13779,43.07129],[-3.13056,43.07348],[-3.12634,43.07556],[-3.11894,43.07516],[-3.11351,43.07986],[-3.11439,43.08489],[-3.11065,43.0874],[-3.11071,43.08981],[-3.11161,43.09264],[-3.11368,43.09767],[-3.11713,43.10047],[-3.11774,43.1016],[-3.11399,43.10761],[-3.11125,43.11132],[-3.10865,43.11098],[-3.10221,43.10675],[-3.0977,43.10657],[-3.09664,43.10577],[-3.09418,43.10606],[-3.08958,43.10817],[-3.08666,43.10795],[-3.08123,43.11318],[-3.08225,43.11511],[-3.07527,43.12067],[-3.06589,43.13131],[-3.07497,43.14051],[-3.07635,43.14357],[-3.07622,43.14492],[-3.07496,43.14653]],[[-3.10994,43.1298],[-3.11102,43.12748],[-3.11097,43.12574],[-3.11368,43.12338],[-3.11698,43.11601],[-3.12103,43.11602],[-3.1265,43.11729],[-3.13098,43.11434],[-3.13237,43.11437],[-3.13496,43.11146],[-3.14351,43.11249],[-3.1493,43.11499],[-3.15015,43.11596],[-3.15537,43.11997],[-3.15766,43.12396],[-3.15764,43.12592],[-3.15677,43.12619],[-3.15294,43.12872],[-3.14383,43.12865],[-3.13899,43.13005],[-3.13526,43.12721],[-3.13168,43.12959],[-3.1286,43.12807],[-3.12613,43.12943],[-3.12373,43.13025],[-3.12246,43.13171],[-3.12189,43.13341],[-3.1216,43.13519],[-3.1226,43.14005],[-3.12151,43.14224],[-3.11016,43.14132],[-3.10739,43.14222],[-3.10545,43.14129],[-3.10542,43.14087],[-3.10707,43.14002],[-3.10989,43.13581],[-3.11024,43.13148],[-3.10998,43.13005],[-3.10994,43.1298]]]}},{"type":"Feature","properties":{"COD_POSTAL":"01192"},"geometry":{"type":"Polygon","coordinates":[[[-2.51843,42.86135],[-2.51442,42.86416],[-2.51358,42.86541],[-2.512,42.86908],[-2.51124,42.87266],[-2.51362,42.88141],[-2.51659,42.88038],[-2.52302,42.87945],[-2.5302,42.87893],[-2.53091,42.87491],[-2.54099,42.87478],[-2.5526,42.87759],[-2.56086,42.88174],[-2.5592,42.88344],[-2.56064,42.88353],[-2.56298,42.88439],[-2.56462,42.88575],[-2.56133,42.88657],[-2.56078,42.88976],[-2.56065,42.89277],[-2.56096,42.89831],[-2.55846,42.89807],[-2.55354,42.89644],[-2.55023,42.89679],[-2.54803,42.89589],[-2.54628,42.89563],[-2.54402,42.89428],[-2.54035,42.89528],[-2.53725,42.89525],[-2.53618,42.89399],[-2.5352,42.8936],[-2.53379,42.89399],[-2.53299,42.89692],[-2.53284,42.8991],[-2.53536,42.90128],[-2.53883,42.90337],[-2.54042,42.90468],[-2.5439,42.90641],[-2.54909,42.91171],[-2.54876,42.91101],[-2.54967,42.91003],[-2.55043,42.90959],[-2.55204,42.90941],[-2.5523,42.90982],[-2.55407,42.91052],[-2.55338,42.91087],[-2.55342,42.91106],[-2.55481,42.91178],[-2.55537,42.9126],[-2.55531,42.9137],[-2.55467,42.9155],[-2.55333,42.91672],[-2.55305,42.91727],[-2.55127,42.91865],[-2.5518,42.91908],[-2.55182,42.91951],[-2.55131,42.91952],[-2.5508,42.91988],[-2.55059,42.92078],[-2.54815,42.91997],[-2.5473,42.92059],[-2.548,42.92116],[-2.5489,42.92136],[-2.54978,42.92194],[-2.5525,42.92204],[-2.55406,42.92298],[-2.55515,42.92402],[-2.55326,42.92389],[-2.55193,42.92335],[-2.54924,42.92335],[-2.54875,42.92408],[-2.54981,42.92479],[-2.55002,42.92555],[-2.54799,42.92646],[-2.54771,42.9269],[-2.54888,42.92714],[-2.5523,42.92634],[-2.55307,42.92695],[-2.5533,42.92741],[-2.55476,42.92785],[-2.5538,42.92834],[-2.55613,42.92944],[-2.55578,42.92996],[-2.55696,42.93064],[-2.55481,42.93095],[-2.55251,42.9305],[-2.55295,42.93122],[-2.55412,42.93217],[-2.55253,42.93203],[-2.55298,42.93278],[-2.55215,42.93325],[-2.5524,42.93367],[-2.5531,42.93406],[-2.55597,42.93424],[-2.55554,42.93503],[-2.55585,42.93585],[-2.55511,42.9392],[-2.55487,42.94205],[-2.55342,42.94439],[-2.55256,42.94702],[-2.55141,42.94884],[-2.54942,42.95075],[-2.54826,42.95356],[-2.55,42.95793],[-2.55108,42.95891],[-2.55394,42.95656],[-2.55756,42.95198],[-2.56045,42.94919],[-2.56097,42.9481],[-2.561,42.94631],[-2.56145,42.94355],[-2.56075,42.93878],[-2.56117,42.93805],[-2.56163,42.93478],[-2.56114,42.9183],[-2.56271,42.91706],[-2.56548,42.91717],[-2.56692,42.91684],[-2.56963,42.91569],[-2.57006,42.91429],[-2.57004,42.91327],[-2.57076,42.91115],[-2.5724,42.90787],[-2.57415,42.90711],[-2.57852,42.90945],[-2.57931,42.90954],[-2.5799,42.90801],[-2.57827,42.90472],[-2.57954,42.90136],[-2.57619,42.9005],[-2.58337,42.88762],[-2.58786,42.88261],[-2.58887,42.88079],[-2.60227,42.88046],[-2.60258,42.88027],[-2.60427,42.87738],[-2.60438,42.87536],[-2.60556,42.87238],[-2.60731,42.87154],[-2.60875,42.86945],[-2.60863,42.86886],[-2.60467,42.86819],[-2.60871,42.86509],[-2.61026,42.86331],[-2.61901,42.85992],[-2.62336,42.86137],[-2.62941,42.86172],[-2.63213,42.86226],[-2.6328,42.86212],[-2.63551,42.86064],[-2.63808,42.8603],[-2.64286,42.85681],[-2.64359,42.85517],[-2.64285,42.85274],[-2.64362,42.85055],[-2.64492,42.85002],[-2.6459,42.85015],[-2.64629,42.84971],[-2.64584,42.84816],[-2.64336,42.84763],[-2.64207,42.84564],[-2.6405,42.8444],[-2.60517,42.85209],[-2.60068,42.84931],[-2.57855,42.85131],[-2.57127,42.85098],[-2.57035,42.85153],[-2.55755,42.84657],[-2.56064,42.84374],[-2.56076,42.84246],[-2.55917,42.83776],[-2.5576,42.83404],[-2.55674,42.83396],[-2.5522,42.82965],[-2.54841,42.82842],[-2.54951,42.82687],[-2.55014,42.82531],[-2.54935,42.82547],[-2.5486,42.82433],[-2.55058,42.82274],[-2.55023,42.82139],[-2.54406,42.82127],[-2.53946,42.81922],[-2.53908,42.82216],[-2.53617,42.8226],[-2.53547,42.82291],[-2.52582,42.82916],[-2.52681,42.83188],[-2.52645,42.84399],[-2.52752,42.8479],[-2.52771,42.8522],[-2.52232,42.8522],[-2.52131,42.85885],[-2.52085,42.86029],[-2.51882,42.86118],[-2.51843,42.86135]],[[-2.57645,42.86907],[-2.57747,42.86842],[-2.58117,42.86684],[-2.58164,42.86704],[-2.58279,42.86791],[-2.58344,42.86881],[-2.5837,42.86991],[-2.5835,42.87267],[-2.58449,42.8738],[-2.58465,42.87442],[-2.58168,42.87378],[-2.57832,42.87379],[-2.57754,42.87349],[-2.57535,42.87186],[-2.57468,42.87039],[-2.57613,42.8691],[-2.57645,42.86907]]]}},{"type":"Feature","properties":{"COD_POSTAL":"01430"},"geometry":{"type":"Polygon","coordinates":[[[-2.88268,42.87453],[-2.88665,42.87348],[-2.89377,42.87402],[-2.90418,42.87823],[-2.90711,42.86679],[-2.89766,42.86049],[-2.88986,42.86049],[-2.87368,42.85552],[-2.87291,42.85625],[-2.87258,42.85716],[-2.87244,42.85804],[-2.87279,42.85911],[-2.87196,42.86108],[-2.87166,42.86243],[-2.87136,42.86982],[-2.87063,42.87023],[-2.8711,42.8717],[-2.87194,42.8724],[-2.88268,42.87453]]]}},{"type":"Feature","properties":{"COD_POSTAL":"01476"},"geometry":{"type":"Polygon","coordinates":[[[-3.02721,43.12122],[-3.03239,43.11304],[-3.03024,43.10512],[-3.02897,43.10313],[-3.02604,43.10089],[-3.04703,43.09846],[-3.0476,43.09775],[-3.04909,43.09699],[-3.0505,43.09565],[-3.05102,43.09463],[-3.05101,43.09172],[-3.05218,43.08991],[-3.05181,43.08903],[-3.0519,43.08809],[-3.05671,43.08468],[-3.05663,43.08217],[-3.05472,43.07663],[-3.05674,43.07362],[-3.05918,43.07172],[-3.05962,43.07034],[-3.05925,43.06556],[-3.05301,43.06291],[-3.05176,43.06328],[-3.04658,43.06377],[-3.04202,43.06461],[-3.04047,43.06524],[-3.03768,43.06584],[-3.03682,43.06727],[-3.03444,43.06806],[-3.03293,43.06798],[-3.02983,43.06925],[-3.02912,43.07246],[-3.02984,43.07298],[-3.02979,43.07449],[-3.03286,43.07867],[-3.03057,43.08179],[-3.02881,43.08925],[-3.02565,43.09331],[-3.02614,43.09469],[-3.02537,43.10042],[-3.02249,43.10196],[-3.00753,43.11418],[-3.00913,43.11532],[-3.01121,43.11854],[-3.01166,43.11877],[-3.01299,43.11853],[-3.01433,43.11796],[-3.01607,43.11835],[-3.01695,43.11973],[-3.01853,43.12108],[-3.02721,43.12122]]]}},{"type":"Feature","properties":{"COD_POSTAL":"01340"},"geometry":{"type":"Polygon","coordinates":[[[-2.5953,42.50172],[-2.5945,42.50565],[-2.59587,42.51478],[-2.59975,42.51798],[-2.60287,42.52132],[-2.60427,42.52355],[-2.60822,42.52574],[-2.61374,42.5267],[-2.61601,42.53045],[-2.61924,42.5288],[-2.62337,42.52801],[-2.63035,42.52582],[-2.63297,42.52439],[-2.63725,42.52286],[-2.64046,42.52033],[-2.64336,42.52031],[-2.64606,42.51996],[-2.64852,42.51897],[-2.65,42.51781],[-2.64662,42.51229],[-2.65139,42.50877],[-2.65298,42.50377],[-2.65202,42.50131],[-2.65433,42.49754],[-2.65395,42.49553],[-2.65202,42.49344],[-2.65133,42.49209],[-2.64985,42.48546],[-2.64775,42.48326],[-2.6447,42.48312],[-2.64328,42.48387],[-2.63953,42.48452],[-2.63097,42.4902],[-2.63046,42.49373],[-2.62859,42.4956],[-2.61915,42.49502],[-2.61017,42.49587],[-2.60855,42.4987],[-2.60677,42.50283],[-2.60543,42.50352],[-2.60436,42.50294],[-2.60015,42.49809],[-2.59777,42.4965],[-2.59556,42.49545],[-2.59396,42.49418],[-2.5924,42.49251],[-2.59228,42.49182],[-2.59246,42.49141],[-2.59307,42.49037],[-2.59377,42.48971],[-2.59769,42.48879],[-2.59828,42.48833],[-2.60091,42.48456],[-2.59786,42.48342],[-2.59722,42.48443],[-2.59371,42.48732],[-2.58974,42.49405],[-2.59189,42.49933],[-2.59531,42.5017],[-2.5953,42.50172]]]}},{"type":"Feature","properties":{"COD_POSTAL":"01193"},"geometry":{"type":"MultiPolygon","coordinates":[[[[-2.48061,42.83094],[-2.48166,42.8296],[-2.47734,42.82907],[-2.47471,42.82837],[-2.47353,42.82722],[-2.47039,42.82767],[-2.47102,42.82996],[-2.47002,42.83095],[-2.46764,42.83118],[-2.46564,42.83225],[-2.46924,42.83476],[-2.47187,42.83815],[-2.47703,42.84056],[-2.4787,42.83955],[-2.48086,42.83949],[-2.48407,42.83754],[-2.48168,42.83581],[-2.48366,42.83467],[-2.48238,42.83253],[-2.48059,42.83096],[-2.48061,42.83094]]],[[[-2.48473,42.82655],[-2.48822,42.82837],[-2.49192,42.82925],[-2.49295,42.83025],[-2.49404,42.83059],[-2.49867,42.83038],[-2.50218,42.83057],[-2.50301,42.8291],[-2.50361,42.82646],[-2.50297,42.82342],[-2.50695,42.82144],[-2.50655,42.81997],[-2.5066,42.81917],[-2.50587,42.81867],[-2.50586,42.81814],[-2.50473,42.81636],[-2.5054,42.81526],[-2.50522,42.81443],[-2.5078,42.81257],[-2.50846,42.81021],[-2.50751,42.80991],[-2.50469,42.80661],[-2.50332,42.80639],[-2.50203,42.80538],[-2.4995,42.80819],[-2.49918,42.80631],[-2.49882,42.80554],[-2.4982,42.80507],[-2.49818,42.80203],[-2.49649,42.79754],[-2.49654,42.79452],[-2.49733,42.79314],[-2.49398,42.7925],[-2.49188,42.79275],[-2.49055,42.79517],[-2.4885,42.79477],[-2.48652,42.79688],[-2.48466,42.79831],[-2.48538,42.80052],[-2.48385,42.80345],[-2.48409,42.80499],[-2.48456,42.80563],[-2.48422,42.80652],[-2.48279,42.8086],[-2.48283,42.8098],[-2.48374,42.81024],[-2.4839,42.81111],[-2.48449,42.81219],[-2.48383,42.81614],[-2.48298,42.81734],[-2.48257,42.82134],[-2.48293,42.82324],[-2.48455,42.82479],[-2.48364,42.82541],[-2.48457,42.82638],[-2.48473,42.82655]]],[[[-2.54568,42.78569],[-2.54436,42.78577],[-2.54139,42.78539],[-2.53715,42.78636],[-2.53301,42.78882],[-2.53015,42.78793],[-2.52839,42.78773],[-2.5274,42.78826],[-2.5264,42.7884],[-2.52176,42.78814],[-2.5183,42.78886],[-2.51581,42.78977],[-2.51163,42.78961],[-2.50979,42.78977],[-2.50856,42.79039],[-2.50914,42.79384],[-2.51013,42.79687],[-2.51121,42.79746],[-2.51164,42.79837],[-2.51156,42.79911],[-2.51099,42.79956],[-2.51061,42.80049],[-2.50979,42.80397],[-2.51076,42.80542],[-2.51105,42.80918],[-2.51249,42.81185],[-2.51295,42.81382],[-2.51295,42.81601],[-2.51144,42.81983],[-2.51273,42.8237],[-2.51368,42.8242],[-2.51421,42.82612],[-2.51566,42.82761],[-2.51745,42.83059],[-2.51926,42.8313],[-2.52201,42.83287],[-2.52676,42.83176],[-2.52582,42.82916],[-2.53547,42.82291],[-2.53617,42.8226],[-2.53908,42.82216],[-2.53946,42.81922],[-2.54406,42.82127],[-2.55023,42.82139],[-2.55058,42.82274],[-2.5486,42.82433],[-2.54935,42.82547],[-2.55014,42.82531],[-2.54951,42.82687],[-2.54841,42.82842],[-2.5522,42.82965],[-2.55674,42.83396],[-2.5576,42.83404],[-2.55917,42.83776],[-2.56076,42.84246],[-2.56064,42.84374],[-2.55755,42.84657],[-2.57035,42.85153],[-2.57127,42.85098],[-2.57855,42.85131],[-2.60068,42.84931],[-2.60517,42.85209],[-2.6405,42.8444],[-2.64025,42.8442],[-2.64105,42.84122],[-2.64329,42.83834],[-2.64759,42.83415],[-2.64091,42.82995],[-2.63942,42.8278],[-2.63258,42.83095],[-2.62029,42.83767],[-2.61632,42.84013],[-2.6123,42.83836],[-2.61185,42.83607],[-2.60741,42.83],[-2.60532,42.82157],[-2.59657,42.81139],[-2.57842,42.80746],[-2.57324,42.80329],[-2.57369,42.8026],[-2.57189,42.80081],[-2.56903,42.79643],[-2.56858,42.79508],[-2.5676,42.79402],[-2.56663,42.79176],[-2.5648,42.78909],[-2.56529,42.78848],[-2.56344,42.78397],[-2.55531,42.7846],[-2.55362,42.78571],[-2.55089,42.78454],[-2.54993,42.78507],[-2.54851,42.78502],[-2.548,42.78531],[-2.54622,42.78536],[-2.54581,42.78564],[-2.54568,42.78569]]]]}},{"type":"Feature","properties":{"COD_POSTAL":"01129"},"geometry":{"type":"Polygon","coordinates":[[[-2.43253,42.72423],[-2.44,42.7264],[-2.44898,42.73032],[-2.45314,42.73157],[-2.45856,42.73485],[-2.46058,42.73919],[-2.46123,42.7443],[-2.45237,42.74526],[-2.44267,42.7468],[-2.43571,42.74472],[-2.4284,42.73336],[-2.42497,42.73074],[-2.42225,42.73145],[-2.41686,42.7317],[-2.41143,42.73112],[-2.40795,42.73014],[-2.40722,42.73098],[-2.4048,42.73046],[-2.40277,42.72934],[-2.40008,42.72889],[-2.39826,42.72925],[-2.39539,42.7303],[-2.39416,42.73134],[-2.38585,42.73476],[-2.3845,42.73347],[-2.38067,42.73184],[-2.3793,42.73144],[-2.37804,42.73162],[-2.37706,42.73429],[-2.37613,42.73595],[-2.37681,42.737],[-2.3738,42.73817],[-2.37309,42.73968],[-2.37635,42.74734],[-2.37828,42.74659],[-2.38036,42.7465],[-2.38049,42.74825],[-2.37964,42.74928],[-2.37754,42.7507],[-2.3771,42.75134],[-2.37721,42.75182],[-2.37685,42.75234],[-2.37728,42.75483],[-2.38051,42.75546],[-2.38154,42.75543],[-2.38308,42.7569],[-2.38208,42.7567],[-2.37989,42.75704],[-2.37424,42.75697],[-2.37308,42.75732],[-2.37,42.75922],[-2.36793,42.75807],[-2.3659,42.75989],[-2.3638,42.76069],[-2.36115,42.76213],[-2.36023,42.7629],[-2.35845,42.76522],[-2.35719,42.76575],[-2.35957,42.76846],[-2.36193,42.77218],[-2.36355,42.7736],[-2.36473,42.77418],[-2.36747,42.77635],[-2.36912,42.77777],[-2.37163,42.7805],[-2.36776,42.783],[-2.36535,42.7876],[-2.36532,42.78983],[-2.36931,42.80318],[-2.36929,42.80425],[-2.37251,42.80386],[-2.38018,42.80416],[-2.38514,42.80351],[-2.38578,42.80401],[-2.40193,42.80555],[-2.40505,42.80642],[-2.40671,42.80664],[-2.40954,42.80642],[-2.41375,42.80474],[-2.41551,42.80465],[-2.41712,42.8049],[-2.41764,42.80445],[-2.41949,42.80368],[-2.42267,42.80367],[-2.42465,42.80419],[-2.42289,42.80328],[-2.42264,42.80286],[-2.42411,42.80174],[-2.42557,42.79876],[-2.42725,42.79763],[-2.42981,42.79731],[-2.4309,42.79574],[-2.4344,42.79377],[-2.4355,42.7936],[-2.43826,42.79251],[-2.44177,42.79348],[-2.44255,42.79343],[-2.44384,42.79282],[-2.44559,42.79305],[-2.44901,42.79152],[-2.45115,42.79144],[-2.45381,42.78986],[-2.46236,42.78889],[-2.46522,42.78347],[-2.48689,42.76587],[-2.49001,42.73717],[-2.48686,42.72261],[-2.47573,42.71133],[-2.45046,42.69577],[-2.43178,42.69711],[-2.42986,42.70945],[-2.43174,42.72063],[-2.43253,42.72423]]]}},{"type":"Feature","properties":{"COD_POSTAL":"01320"},"geometry":{"type":"Polygon","coordinates":[[[-2.43223,42.54076],[-2.44578,42.54282],[-2.44538,42.54253],[-2.44549,42.54227],[-2.44472,42.54214],[-2.44484,42.54166],[-2.44226,42.53888],[-2.44316,42.53711],[-2.44317,42.53646],[-2.44271,42.53572],[-2.44298,42.53525],[-2.44631,42.5348],[-2.44884,42.53368],[-2.45252,42.5325],[-2.45472,42.53137],[-2.45639,42.53127],[-2.45968,42.52672],[-2.46672,42.52456],[-2.47093,42.5223],[-2.47665,42.51969],[-2.48006,42.52],[-2.48409,42.51884],[-2.48359,42.51774],[-2.48277,42.51708],[-2.48218,42.51549],[-2.48149,42.5148],[-2.48168,42.51403],[-2.48153,42.51315],[-2.48004,42.51076],[-2.47999,42.50963],[-2.48037,42.50899],[-2.47975,42.50671],[-2.47794,42.50472],[-2.4767,42.50289],[-2.4745,42.50074],[-2.48011,42.5004],[-2.48257,42.49991],[-2.4818,42.49694],[-2.48215,42.49499],[-2.48394,42.4942],[-2.48386,42.49335],[-2.48223,42.49133],[-2.47924,42.48914],[-2.47691,42.48783],[-2.47696,42.48693],[-2.47413,42.49015],[-2.47441,42.49163],[-2.47257,42.4925],[-2.46572,42.49396],[-2.45981,42.49483],[-2.44918,42.49689],[-2.44482,42.49337],[-2.43979,42.49115],[-2.4386,42.48943],[-2.43346,42.4901],[-2.43108,42.48955],[-2.42847,42.48973],[-2.42411,42.48884],[-2.42407,42.48867],[-2.42061,42.48914],[-2.42353,42.49908],[-2.42327,42.50011],[-2.4227,42.50074],[-2.4226,42.50219],[-2.42375,42.50963],[-2.42272,42.51109],[-2.42636,42.51322],[-2.43028,42.51614],[-2.43157,42.52066],[-2.43227,42.52136],[-2.43482,42.52297],[-2.43591,42.52459],[-2.43632,42.5267],[-2.43683,42.52707],[-2.43678,42.52836],[-2.4372,42.52913],[-2.43704,42.53006],[-2.4378,42.53121],[-2.43763,42.53189],[-2.43798,42.53293],[-2.43827,42.53535],[-2.43861,42.5359],[-2.43082,42.53661],[-2.43223,42.54076]]]}},{"type":"Feature","properties":{"COD_POSTAL":"01220"},"geometry":{"type":"Polygon","coordinates":[[[-2.89353,42.70785],[-2.89824,42.69635],[-2.89235,42.69584],[-2.88744,42.69366],[-2.88349,42.69297],[-2.88106,42.69786],[-2.87446,42.69755],[-2.87337,42.69893],[-2.87284,42.70008],[-2.86999,42.69942],[-2.86743,42.70045],[-2.86529,42.70173],[-2.86377,42.70186],[-2.86343,42.70315],[-2.86271,42.70346],[-2.86121,42.70471],[-2.85978,42.70643],[-2.85928,42.70875],[-2.85371,42.7095],[-2.84173,42.70836],[-2.8253,42.70894],[-2.82766,42.71271],[-2.82899,42.71901],[-2.8396,42.72172],[-2.84442,42.72382],[-2.8515,42.7256],[-2.85414,42.72898],[-2.85326,42.72979],[-2.85195,42.7298],[-2.85074,42.73031],[-2.84892,42.73052],[-2.84735,42.73125],[-2.85421,42.7364],[-2.85639,42.73744],[-2.85772,42.73758],[-2.86493,42.73714],[-2.86846,42.73992],[-2.86799,42.74042],[-2.86819,42.7406],[-2.8663,42.74244],[-2.86429,42.74389],[-2.86338,42.74521],[-2.86292,42.7455],[-2.86125,42.74611],[-2.85846,42.74631],[-2.85642,42.74689],[-2.85407,42.74715],[-2.85304,42.74766],[-2.85289,42.74809],[-2.85326,42.74895],[-2.85436,42.75064],[-2.85557,42.75176],[-2.85582,42.75241],[-2.85537,42.75299],[-2.85488,42.75309],[-2.85339,42.7521],[-2.85257,42.75184],[-2.85101,42.75272],[-2.8528,42.76039],[-2.85233,42.76215],[-2.84837,42.76329],[-2.85352,42.76619],[-2.85384,42.76664],[-2.85391,42.76786],[-2.85279,42.76955],[-2.86007,42.77442],[-2.86104,42.7745],[-2.87252,42.78382],[-2.88128,42.78383],[-2.88841,42.78188],[-2.89445,42.75365],[-2.89268,42.75365],[-2.88885,42.75494],[-2.88746,42.74708],[-2.88759,42.7384],[-2.8892,42.72956],[-2.88754,42.72743],[-2.88709,42.7265],[-2.88978,42.72597],[-2.89052,42.72495],[-2.89262,42.72377],[-2.89224,42.72067],[-2.89157,42.71818],[-2.89079,42.71639],[-2.89132,42.71436],[-2.89185,42.70935],[-2.89353,42.70785]]]}},{"type":"Feature","properties":{"COD_POSTAL":"01479"},"geometry":{"type":"Polygon","coordinates":[[[-3.13591,43.00801],[-3.12439,43.00776],[-3.11951,43.00572],[-3.10611,43.0054],[-3.09417,43.003],[-3.08942,43.00175],[-3.09049,43.00943],[-3.08568,43.01296],[-3.07283,43.01846],[-3.07269,43.01921],[-3.07215,43.01979],[-3.06826,43.02177],[-3.06582,43.02262],[-3.06432,43.02352],[-3.06318,43.0256],[-3.06312,43.02837],[-3.06413,43.03057],[-3.06437,43.03189],[-3.06256,43.03617],[-3.06075,43.03713],[-3.05829,43.03922],[-3.05692,43.04094],[-3.05296,43.04376],[-3.05048,43.04641],[-3.0484,43.04534],[-3.04595,43.0462],[-3.04461,43.04633],[-3.04354,43.04528],[-3.04284,43.04384],[-3.02884,43.04782],[-3.02879,43.04741],[-3.0245,43.05104],[-3.02403,43.05303],[-3.01777,43.05389],[-3.01734,43.05356],[-3.01445,43.05669],[-3.01293,43.06021],[-3.00959,43.06303],[-3.00074,43.06801],[-3.00204,43.07237],[-3.00282,43.0834],[-3.00306,43.08421],[-3.00248,43.08484],[-3.00225,43.08408],[-3.0011,43.08235],[-2.99967,43.08201],[-2.99939,43.08284],[-2.99803,43.08463],[-2.99665,43.08533],[-2.99525,43.0857],[-2.99244,43.08719],[-2.99606,43.08702],[-2.99949,43.08778],[-3.00843,43.08871],[-3.01127,43.08988],[-3.02006,43.09069],[-3.02565,43.09331],[-3.02881,43.08925],[-3.03057,43.08179],[-3.03286,43.07867],[-3.02979,43.07449],[-3.02984,43.07298],[-3.02912,43.07246],[-3.02983,43.06925],[-3.03293,43.06798],[-3.03444,43.06806],[-3.03682,43.06727],[-3.03768,43.06584],[-3.04047,43.06524],[-3.04202,43.06461],[-3.04658,43.06377],[-3.05176,43.06328],[-3.05301,43.06291],[-3.05925,43.06556],[-3.07208,43.05849],[-3.08227,43.0633],[-3.08474,43.06318],[-3.09101,43.05826],[-3.09795,43.05624],[-3.10154,43.05581],[-3.10812,43.05738],[-3.12167,43.04498],[-3.14184,43.00723],[-3.13591,43.00801]]]}},{"type":"Feature","properties":{"COD_POSTAL":"01211"},"geometry":{"type":"Polygon","coordinates":[[[-2.62461,42.6056],[-2.62864,42.63094],[-2.62691,42.63198],[-2.62697,42.63321],[-2.62561,42.6358],[-2.62596,42.63706],[-2.62471,42.63908],[-2.62185,42.64216],[-2.6218,42.64343],[-2.62312,42.64582],[-2.62198,42.6464],[-2.62057,42.64767],[-2.61881,42.64861],[-2.61822,42.64837],[-2.61951,42.64881],[-2.62234,42.64922],[-2.62661,42.6496],[-2.63182,42.6492],[-2.63485,42.6478],[-2.64292,42.6527],[-2.64759,42.65824],[-2.65172,42.66099],[-2.66565,42.66623],[-2.66812,42.66871],[-2.67018,42.66998],[-2.67336,42.66927],[-2.67813,42.66936],[-2.67911,42.6698],[-2.67956,42.67134],[-2.68433,42.67139],[-2.68679,42.67299],[-2.68752,42.67323],[-2.69568,42.67351],[-2.69865,42.67424],[-2.6992,42.67484],[-2.70431,42.67407],[-2.70722,42.68632],[-2.7075,42.68602],[-2.71445,42.68663],[-2.7311,42.68097],[-2.75154,42.67606],[-2.76634,42.67621],[-2.77106,42.6773],[-2.77407,42.68095],[-2.77511,42.68261],[-2.77718,42.68428],[-2.77836,42.68573],[-2.77943,42.68931],[-2.77998,42.68992],[-2.78122,42.69298],[-2.78431,42.69737],[-2.78464,42.69823],[-2.7845,42.69894],[-2.79549,42.69795],[-2.80024,42.69981],[-2.80936,42.70505],[-2.81101,42.70674],[-2.8253,42.70894],[-2.84173,42.70836],[-2.85371,42.7095],[-2.85928,42.70875],[-2.85978,42.70643],[-2.86121,42.70471],[-2.86271,42.70346],[-2.86343,42.70315],[-2.86377,42.70186],[-2.86529,42.70173],[-2.86743,42.70045],[-2.86999,42.69942],[-2.87284,42.70008],[-2.87337,42.69893],[-2.87446,42.69755],[-2.88106,42.69786],[-2.88349,42.69297],[-2.88744,42.69366],[-2.89235,42.69584],[-2.9016,42.69678],[-2.90408,42.69751],[-2.90467,42.69608],[-2.90515,42.69396],[-2.9025,42.6936],[-2.90243,42.69213],[-2.90378,42.68643],[-2.90273,42.68506],[-2.9014,42.68258],[-2.89804,42.68231],[-2.89505,42.67931],[-2.89636,42.67855],[-2.89709,42.67695],[-2.89527,42.67626],[-2.89315,42.6747],[-2.88231,42.67183],[-2.88044,42.67165],[-2.87483,42.67176],[-2.87255,42.67014],[-2.87105,42.66988],[-2.86743,42.6699],[-2.86519,42.67025],[-2.85943,42.67021],[-2.85845,42.67045],[-2.85569,42.67145],[-2.85509,42.67216],[-2.85281,42.67325],[-2.85168,42.676],[-2.8519,42.67821],[-2.84934,42.67864],[-2.84538,42.68026],[-2.84258,42.68188],[-2.84125,42.68305],[-2.83946,42.68553],[-2.8374,42.68564],[-2.83525,42.68506],[-2.8315,42.682],[-2.82791,42.67985],[-2.82195,42.67836],[-2.81886,42.679],[-2.81692,42.6786],[-2.8166,42.67622],[-2.81422,42.67531],[-2.81066,42.67516],[-2.80707,42.67597],[-2.80628,42.67343],[-2.80555,42.67208],[-2.80549,42.67141],[-2.80182,42.67055],[-2.79846,42.66933],[-2.79692,42.66846],[-2.79564,42.66814],[-2.79261,42.66519],[-2.79103,42.66402],[-2.7905,42.66297],[-2.787,42.6635],[-2.78654,42.6646],[-2.78459,42.66545],[-2.77875,42.6661],[-2.77462,42.66712],[-2.76695,42.66589],[-2.76062,42.66566],[-2.75872,42.66604],[-2.75754,42.66601],[-2.75328,42.66535],[-2.7482,42.66564],[-2.74634,42.66509],[-2.74048,42.6642],[-2.73504,42.66209],[-2.74409,42.65806],[-2.74494,42.65676],[-2.74643,42.65573],[-2.74933,42.65514],[-2.74989,42.6544],[-2.75104,42.65381],[-2.75166,42.65317],[-2.75229,42.65178],[-2.75178,42.6509],[-2.75265,42.6501],[-2.75497,42.6501],[-2.75802,42.65064],[-2.7592,42.64989],[-2.7596,42.64948],[-2.75922,42.64825],[-2.75786,42.64747],[-2.7561,42.64702],[-2.75659,42.6421],[-2.73388,42.64325],[-2.7277,42.6437],[-2.72457,42.6446],[-2.72293,42.64438],[-2.72022,42.64715],[-2.718,42.65015],[-2.71356,42.65033],[-2.70989,42.65158],[-2.69738,42.65159],[-2.67258,42.6579],[-2.6545,42.64476],[-2.65672,42.64429],[-2.66007,42.64065],[-2.65729,42.63861],[-2.65586,42.63602],[-2.6558,42.6362],[-2.65486,42.63633],[-2.65189,42.6361],[-2.64991,42.63649],[-2.6495,42.6363],[-2.64936,42.63585],[-2.64864,42.63542],[-2.64788,42.63539],[-2.64724,42.63476],[-2.64825,42.63369],[-2.64774,42.63236],[-2.65274,42.63137],[-2.66067,42.62633],[-2.66158,42.62534],[-2.66372,42.62392],[-2.66293,42.62309],[-2.66327,42.62273],[-2.66325,42.62044],[-2.6635,42.6195],[-2.66454,42.61858],[-2.6654,42.6173],[-2.6682,42.61573],[-2.67081,42.61464],[-2.67558,42.60683],[-2.67866,42.6058],[-2.68008,42.60409],[-2.68182,42.60344],[-2.68286,42.60255],[-2.68349,42.60091],[-2.68346,42.60014],[-2.68418,42.5991],[-2.68422,42.5985],[-2.68389,42.59787],[-2.68179,42.59566],[-2.67746,42.59496],[-2.6745,42.59362],[-2.67163,42.5927],[-2.66533,42.59243],[-2.65901,42.59292],[-2.65703,42.59379],[-2.65466,42.59404],[-2.65186,42.59493],[-2.64644,42.59586],[-2.64031,42.59801],[-2.63099,42.60371],[-2.62466,42.6056],[-2.62461,42.6056]]]}},{"type":"Feature","properties":{"COD_POSTAL":"01196"},"geometry":{"type":"Polygon","coordinates":[[[-2.67226,42.89646],[-2.6844,42.91299],[-2.68061,42.91785],[-2.67839,42.91757],[-2.67998,42.9204],[-2.67975,42.92059],[-2.68061,42.92232],[-2.68521,42.92572],[-2.68467,42.92929],[-2.68557,42.92937],[-2.68642,42.92879],[-2.68748,42.92949],[-2.687,42.93163],[-2.68784,42.9323],[-2.68839,42.93383],[-2.69423,42.93153],[-2.69935,42.92994],[-2.71213,42.93425],[-2.71387,42.93353],[-2.72106,42.93201],[-2.72657,42.93045],[-2.7224,42.92491],[-2.71839,42.92061],[-2.71858,42.91817],[-2.7216,42.9165],[-2.72421,42.9135],[-2.72627,42.912],[-2.73027,42.90664],[-2.73078,42.90694],[-2.73343,42.90716],[-2.73494,42.90781],[-2.73714,42.90951],[-2.73792,42.90985],[-2.74023,42.91006],[-2.74131,42.91043],[-2.74313,42.91304],[-2.74492,42.91442],[-2.75027,42.91535],[-2.75303,42.91514],[-2.75437,42.91561],[-2.76021,42.91676],[-2.76341,42.9183],[-2.76419,42.91711],[-2.76257,42.91589],[-2.76307,42.91542],[-2.76437,42.915],[-2.76612,42.91643],[-2.76697,42.91676],[-2.76879,42.91712],[-2.77489,42.91908],[-2.77398,42.914],[-2.7608,42.90117],[-2.75159,42.87688],[-2.74765,42.87816],[-2.73484,42.87516],[-2.73311,42.87604],[-2.72722,42.87535],[-2.72147,42.87739],[-2.71183,42.8651],[-2.69202,42.87286],[-2.68893,42.87219],[-2.68889,42.87389],[-2.68746,42.87925],[-2.68635,42.8807],[-2.68702,42.88318],[-2.68638,42.88516],[-2.68666,42.88705],[-2.68046,42.89248],[-2.6786,42.89488],[-2.67226,42.89646]]]}},{"type":"Feature","properties":{"COD_POSTAL":"01002"},"geometry":{"type":"Polygon","coordinates":[[[-2.64845,42.85922],[-2.65131,42.85788],[-2.65447,42.85687],[-2.65508,42.857],[-2.65591,42.85645],[-2.65629,42.85662],[-2.6579,42.85627],[-2.66082,42.85831],[-2.6618,42.8583],[-2.66644,42.85503],[-2.66774,42.8556],[-2.66867,42.85561],[-2.67152,42.85426],[-2.67035,42.85306],[-2.67031,42.85218],[-2.67082,42.85208],[-2.67032,42.85168],[-2.66995,42.85064],[-2.66936,42.85008],[-2.66985,42.84992],[-2.66981,42.8496],[-2.66956,42.84935],[-2.66888,42.84946],[-2.66873,42.84848],[-2.66837,42.84824],[-2.66862,42.8478],[-2.66837,42.84738],[-2.6676,42.84688],[-2.666,42.84694],[-2.66561,42.84722],[-2.66487,42.84903],[-2.6644,42.8494],[-2.66093,42.84966],[-2.66102,42.85055],[-2.66076,42.85065],[-2.66078,42.85115],[-2.6611,42.85135],[-2.66104,42.85153],[-2.65842,42.8511],[-2.65701,42.85124],[-2.65663,42.85089],[-2.65715,42.8502],[-2.65653,42.84886],[-2.65624,42.84643],[-2.65606,42.84609],[-2.65567,42.84603],[-2.65526,42.84611],[-2.65575,42.84678],[-2.65586,42.84896],[-2.6549,42.84906],[-2.65361,42.84957],[-2.65261,42.84949],[-2.65224,42.84921],[-2.65031,42.84963],[-2.65035,42.85013],[-2.65104,42.85039],[-2.65218,42.85006],[-2.65229,42.85043],[-2.6535,42.85076],[-2.65332,42.85141],[-2.65108,42.85104],[-2.65021,42.85049],[-2.64941,42.85109],[-2.64896,42.85091],[-2.64863,42.85007],[-2.64755,42.84971],[-2.64629,42.84971],[-2.6459,42.85015],[-2.64492,42.85002],[-2.64362,42.85055],[-2.64285,42.85274],[-2.64359,42.85517],[-2.64286,42.85681],[-2.64845,42.85922]]]}},{"type":"Feature","properties":{"COD_POSTAL":"01322"},"geometry":{"type":"Polygon","coordinates":[[[-2.42272,42.51109],[-2.42229,42.51151],[-2.42022,42.51233],[-2.41386,42.51457],[-2.41056,42.51547],[-2.39711,42.51591],[-2.39237,42.51629],[-2.39251,42.51694],[-2.3922,42.51695],[-2.3933,42.52312],[-2.39367,42.52359],[-2.39446,42.52359],[-2.39551,42.5244],[-2.39613,42.52584],[-2.39833,42.52874],[-2.39863,42.53406],[-2.39952,42.53479],[-2.39975,42.53565],[-2.39996,42.53553],[-2.40049,42.53626],[-2.40131,42.53807],[-2.40041,42.5403],[-2.40047,42.54359],[-2.39957,42.54454],[-2.39569,42.54703],[-2.38962,42.54887],[-2.39015,42.55161],[-2.3908,42.55266],[-2.39075,42.55372],[-2.39136,42.55565],[-2.39047,42.5609],[-2.39183,42.56213],[-2.3936,42.56567],[-2.39359,42.57091],[-2.39538,42.57894],[-2.39779,42.58585],[-2.39882,42.58697],[-2.39966,42.58872],[-2.39896,42.59099],[-2.39884,42.59303],[-2.39857,42.59359],[-2.39745,42.59453],[-2.39689,42.59561],[-2.39637,42.59722],[-2.39635,42.59883],[-2.39895,42.59872],[-2.40132,42.59789],[-2.40604,42.59813],[-2.40853,42.59873],[-2.41344,42.60135],[-2.41453,42.60215],[-2.41527,42.60305],[-2.41698,42.604],[-2.41799,42.60555],[-2.41829,42.60693],[-2.42122,42.60679],[-2.4246,42.60385],[-2.42428,42.60179],[-2.42465,42.60018],[-2.42492,42.59994],[-2.42644,42.59971],[-2.42776,42.59894],[-2.42893,42.59796],[-2.4292,42.59737],[-2.43067,42.59579],[-2.43159,42.59376],[-2.4319,42.59211],[-2.43386,42.59069],[-2.43418,42.58985],[-2.43542,42.58854],[-2.43749,42.5843],[-2.43911,42.58219],[-2.43998,42.58147],[-2.44011,42.58051],[-2.44083,42.57966],[-2.44213,42.57638],[-2.44325,42.57491],[-2.44579,42.57299],[-2.44716,42.57145],[-2.44884,42.57035],[-2.45089,42.56795],[-2.45258,42.56665],[-2.45289,42.5657],[-2.45399,42.56838],[-2.45417,42.57012],[-2.45624,42.57201],[-2.45701,42.57317],[-2.45673,42.57347],[-2.45672,42.57504],[-2.45825,42.57634],[-2.45984,42.57683],[-2.45959,42.5777],[-2.45993,42.57871],[-2.4594,42.58105],[-2.45985,42.58208],[-2.45971,42.58295],[-2.46132,42.5844],[-2.46211,42.58721],[-2.47227,42.58912],[-2.47931,42.58903],[-2.48189,42.58878],[-2.484,42.5889],[-2.48863,42.58746],[-2.48926,42.58625],[-2.48984,42.58579],[-2.48998,42.58627],[-2.49064,42.58533],[-2.49004,42.58483],[-2.49018,42.58353],[-2.48974,42.58245],[-2.48787,42.58025],[-2.48747,42.57878],[-2.4885,42.57677],[-2.48887,42.5749],[-2.48581,42.57329],[-2.48331,42.57235],[-2.48386,42.56941],[-2.48307,42.5651],[-2.48224,42.56257],[-2.48097,42.56045],[-2.48278,42.55796],[-2.48474,42.55315],[-2.4856,42.54856],[-2.48472,42.54231],[-2.48324,42.53967],[-2.48266,42.53655],[-2.4806,42.53315],[-2.48019,42.52918],[-2.48013,42.52723],[-2.4844,42.52326],[-2.48441,42.52091],[-2.48409,42.51884],[-2.48006,42.52],[-2.47665,42.51969],[-2.47093,42.5223],[-2.46672,42.52456],[-2.45968,42.52672],[-2.45639,42.53127],[-2.45472,42.53137],[-2.45252,42.5325],[-2.44884,42.53368],[-2.44631,42.5348],[-2.44298,42.53525],[-2.44271,42.53572],[-2.44317,42.53646],[-2.44316,42.53711],[-2.44226,42.53888],[-2.44484,42.54166],[-2.44472,42.54214],[-2.44549,42.54227],[-2.44538,42.54253],[-2.44578,42.54282],[-2.43223,42.54076],[-2.43082,42.53661],[-2.43861,42.5359],[-2.43827,42.53535],[-2.43798,42.53293],[-2.43763,42.53189],[-2.43777,42.53109],[-2.43702,42.52998],[-2.4372,42.52913],[-2.43678,42.52836],[-2.43683,42.52707],[-2.43635,42.52679],[-2.43597,42.52472],[-2.43509,42.52327],[-2.43155,42.52064],[-2.43028,42.51614],[-2.42636,42.51322],[-2.42282,42.51114],[-2.42272,42.51109]]]}},{"type":"Feature","properties":{"COD_POSTAL":"01470"},"geometry":{"type":"Polygon","coordinates":[[[-3.01839,43.03716],[-3.01941,43.03516],[-3.01761,43.03644],[-3.0142,43.03569],[-3.0074,43.03615],[-3.00736,43.03596],[-3.00476,43.03509],[-3.00513,43.03384],[-3.00365,43.03285],[-3.00245,43.03297],[-3.00113,43.0348],[-2.99789,43.03324],[-2.99622,43.03371],[-2.99274,43.03543],[-2.99021,43.03912],[-2.99046,43.03971],[-2.99367,43.04114],[-2.99213,43.04391],[-2.99227,43.04493],[-2.99289,43.0461],[-2.992,43.04686],[-2.99153,43.04678],[-2.9886,43.04796],[-2.98751,43.04718],[-2.98661,43.04706],[-2.9828,43.04907],[-2.98228,43.05028],[-2.97227,43.05292],[-2.96774,43.05173],[-2.95416,43.05514],[-2.95332,43.05708],[-2.94603,43.05709],[-2.94052,43.0555],[-2.93802,43.05602],[-2.93456,43.05833],[-2.93387,43.06069],[-2.93558,43.06677],[-2.93543,43.06835],[-2.91984,43.06241],[-2.92069,43.0629],[-2.92134,43.06365],[-2.92169,43.0646],[-2.92732,43.06771],[-2.92937,43.07178],[-2.93535,43.07477],[-2.93959,43.07598],[-2.94124,43.0761],[-2.94104,43.07865],[-2.94125,43.07931],[-2.94481,43.08204],[-2.9459,43.0826],[-2.94758,43.08301],[-2.95038,43.08304],[-2.96302,43.09418],[-2.96552,43.09406],[-2.96663,43.09446],[-2.97082,43.09481],[-2.97295,43.09525],[-2.98498,43.08935],[-2.98758,43.08872],[-2.98766,43.08964],[-2.9891,43.08983],[-2.98968,43.08967],[-2.99154,43.08761],[-2.99423,43.08641],[-2.99508,43.08578],[-2.99665,43.08533],[-2.99812,43.08457],[-2.99939,43.08284],[-2.99967,43.08201],[-3.0011,43.08235],[-3.00225,43.08408],[-3.00248,43.08484],[-3.00306,43.08421],[-3.00282,43.0834],[-3.00204,43.07237],[-3.00074,43.06801],[-3.00959,43.06303],[-3.01293,43.06021],[-3.01445,43.05669],[-3.01734,43.05356],[-3.01777,43.05389],[-3.02403,43.05303],[-3.0245,43.05104],[-3.02879,43.04741],[-3.02845,43.0358],[-3.01832,43.0373],[-3.01839,43.03716]]]}},{"type":"Feature","properties":{"COD_POSTAL":"01420"},"geometry":{"type":"Polygon","coordinates":[[[-2.8938,42.7873],[-2.90429,42.7897],[-2.90512,42.81269],[-2.91612,42.81741],[-2.91838,42.82103],[-2.94179,42.82012],[-2.94397,42.81931],[-2.95554,42.827],[-2.96736,42.8197],[-2.96924,42.81719],[-2.97147,42.81173],[-2.97065,42.80929],[-2.96738,42.80405],[-2.96753,42.80312],[-2.95661,42.79862],[-2.95723,42.7877],[-2.95538,42.78036],[-2.95219,42.78413],[-2.9509,42.78196],[-2.94292,42.783],[-2.94161,42.77928],[-2.94149,42.77863],[-2.94172,42.77791],[-2.9412,42.7764],[-2.94196,42.77568],[-2.94369,42.77491],[-2.94491,42.77316],[-2.94555,42.7697],[-2.94455,42.76932],[-2.94023,42.77183],[-2.92901,42.77305],[-2.91722,42.76957],[-2.90515,42.75567],[-2.90026,42.75749],[-2.89888,42.75489],[-2.89682,42.75288],[-2.89445,42.75365],[-2.88841,42.78188],[-2.8938,42.7873]]]}},{"type":"Feature","properties":{"COD_POSTAL":"01216"},"geometry":{"type":"MultiPolygon","coordinates":[[[[-2.65172,42.66099],[-2.65311,42.66674],[-2.65355,42.66978],[-2.65712,42.67218],[-2.65918,42.67246],[-2.6604,42.67223],[-2.66494,42.66674],[-2.66552,42.66632],[-2.65172,42.66099]]],[[[-2.52246,42.74122],[-2.54601,42.75512],[-2.55922,42.75136],[-2.56395,42.74618],[-2.56381,42.7451],[-2.5626,42.74216],[-2.56254,42.74135],[-2.56396,42.73837],[-2.56433,42.73687],[-2.56671,42.73705],[-2.56677,42.7359],[-2.5683,42.73422],[-2.56913,42.73378],[-2.57002,42.73198],[-2.57072,42.72923],[-2.57064,42.72881],[-2.57126,42.72822],[-2.57241,42.72637],[-2.57221,42.72551],[-2.57262,42.72478],[-2.57351,42.72412],[-2.57486,42.72243],[-2.57958,42.71958],[-2.58653,42.7126],[-2.58968,42.71059],[-2.5926,42.7106],[-2.59825,42.7133],[-2.5984,42.7138],[-2.59824,42.71453],[-2.5985,42.71508],[-2.5996,42.71489],[-2.60191,42.71244],[-2.60338,42.71009],[-2.60299,42.70832],[-2.60619,42.70682],[-2.60799,42.70682],[-2.6076,42.70574],[-2.60757,42.7045],[-2.608,42.70336],[-2.60785,42.70213],[-2.60844,42.69991],[-2.60898,42.69596],[-2.60382,42.69562],[-2.59414,42.69004],[-2.59168,42.68757],[-2.58859,42.68386],[-2.58642,42.68249],[-2.58215,42.67784],[-2.57986,42.6761],[-2.57812,42.67399],[-2.57924,42.66883],[-2.57777,42.66821],[-2.57325,42.66807],[-2.56853,42.66948],[-2.56765,42.67049],[-2.56108,42.66951],[-2.54838,42.6688],[-2.54735,42.67287],[-2.54106,42.68264],[-2.5394,42.68658],[-2.53745,42.68644],[-2.53549,42.68752],[-2.53321,42.68675],[-2.53135,42.68655],[-2.52724,42.6917],[-2.50235,42.70479],[-2.50541,42.7061],[-2.50595,42.7079],[-2.50731,42.70828],[-2.50682,42.70872],[-2.50692,42.70908],[-2.50816,42.70948],[-2.50865,42.71004],[-2.5074,42.71109],[-2.50605,42.71158],[-2.50207,42.71404],[-2.50264,42.71667],[-2.50421,42.71721],[-2.5056,42.72035],[-2.50735,42.72214],[-2.50775,42.72303],[-2.50886,42.72391],[-2.50932,42.72484],[-2.51027,42.72507],[-2.5113,42.7257],[-2.51205,42.7257],[-2.51328,42.7252],[-2.51408,42.72523],[-2.51564,42.72605],[-2.51662,42.72625],[-2.51456,42.72232],[-2.5183,42.72361],[-2.51733,42.72638],[-2.52131,42.72584],[-2.52058,42.72713],[-2.51953,42.72817],[-2.51692,42.729],[-2.51747,42.73038],[-2.51689,42.73391],[-2.52241,42.74115],[-2.52246,42.74122]]]]}},{"type":"Feature","properties":{"COD_POSTAL":"01128"},"geometry":{"type":"Polygon","coordinates":[[[-2.46354,42.64287],[-2.45509,42.63872],[-2.45239,42.64241],[-2.45131,42.64558],[-2.45,42.64681],[-2.44545,42.64887],[-2.43892,42.65137],[-2.43696,42.6519],[-2.43384,42.65348],[-2.43032,42.65383],[-2.43078,42.65575],[-2.42989,42.6581],[-2.42654,42.65814],[-2.42521,42.65944],[-2.41952,42.66124],[-2.417,42.66137],[-2.40695,42.66061],[-2.40527,42.66029],[-2.40359,42.65938],[-2.39833,42.66118],[-2.3962,42.66045],[-2.39495,42.66073],[-2.39225,42.65982],[-2.38929,42.65807],[-2.38904,42.65857],[-2.3884,42.65828],[-2.3837,42.65566],[-2.37837,42.66528],[-2.38022,42.67711],[-2.37821,42.68508],[-2.38065,42.68734],[-2.38019,42.69563],[-2.37818,42.70385],[-2.384,42.70782],[-2.38437,42.71811],[-2.38593,42.73161],[-2.38389,42.73318],[-2.38526,42.73399],[-2.38585,42.73476],[-2.39416,42.73134],[-2.39539,42.7303],[-2.39826,42.72925],[-2.40008,42.72889],[-2.40277,42.72934],[-2.4048,42.73046],[-2.40719,42.73098],[-2.40795,42.73014],[-2.41143,42.73112],[-2.41686,42.7317],[-2.42225,42.73145],[-2.42717,42.73016],[-2.43138,42.72938],[-2.4332,42.72731],[-2.43174,42.72063],[-2.42986,42.70945],[-2.43178,42.69711],[-2.45046,42.69577],[-2.47573,42.71133],[-2.48686,42.72261],[-2.49001,42.73717],[-2.48689,42.76587],[-2.46522,42.78347],[-2.46236,42.78889],[-2.46961,42.78809],[-2.46983,42.78803],[-2.46963,42.78682],[-2.4718,42.78629],[-2.47405,42.78636],[-2.47686,42.78531],[-2.47919,42.78554],[-2.48153,42.78597],[-2.48303,42.78652],[-2.48768,42.78967],[-2.48948,42.79156],[-2.49188,42.79275],[-2.49398,42.7925],[-2.49733,42.79314],[-2.50038,42.79121],[-2.50353,42.79024],[-2.50856,42.79039],[-2.50979,42.78977],[-2.51163,42.78961],[-2.51564,42.78979],[-2.5183,42.78886],[-2.52157,42.78815],[-2.52496,42.7884],[-2.52723,42.7883],[-2.52621,42.78664],[-2.52634,42.78398],[-2.52609,42.78184],[-2.52998,42.77857],[-2.5297,42.77257],[-2.53041,42.76544],[-2.52827,42.75744],[-2.52398,42.74521],[-2.52286,42.74299],[-2.51962,42.74086],[-2.5235,42.74262],[-2.51689,42.73391],[-2.51747,42.73038],[-2.51692,42.729],[-2.51953,42.72817],[-2.52058,42.72713],[-2.52131,42.72584],[-2.51733,42.72638],[-2.5183,42.72361],[-2.51456,42.72232],[-2.51662,42.72625],[-2.51564,42.72605],[-2.51408,42.72523],[-2.51328,42.7252],[-2.51205,42.7257],[-2.5113,42.7257],[-2.51027,42.72507],[-2.50932,42.72484],[-2.50886,42.72391],[-2.50775,42.72303],[-2.50735,42.72214],[-2.5056,42.72035],[-2.50421,42.71721],[-2.50264,42.71667],[-2.50207,42.71404],[-2.50605,42.71158],[-2.5074,42.71109],[-2.50865,42.71004],[-2.50816,42.70948],[-2.50692,42.70908],[-2.50682,42.70872],[-2.50731,42.70828],[-2.50595,42.7079],[-2.50541,42.7061],[-2.50235,42.70479],[-2.52724,42.6917],[-2.53135,42.68655],[-2.52716,42.68569],[-2.52465,42.68444],[-2.52306,42.68425],[-2.50419,42.67703],[-2.48768,42.65797],[-2.48127,42.65192],[-2.46354,42.64287]]]}},{"type":"Feature","properties":{"COD_POSTAL":"01191"},"geometry":{"type":"Polygon","coordinates":[[[-2.76905,42.85009],[-2.76186,42.86109],[-2.74617,42.85597],[-2.73317,42.85769],[-2.7272,42.85868],[-2.72686,42.85909],[-2.72675,42.85975],[-2.72988,42.86099],[-2.72961,42.86128],[-2.72988,42.8614],[-2.73404,42.86281],[-2.73378,42.86315],[-2.7259,42.86024],[-2.72314,42.86232],[-2.71701,42.86177],[-2.7146,42.86289],[-2.71376,42.86417],[-2.71183,42.8651],[-2.72147,42.87739],[-2.72722,42.87535],[-2.73311,42.87604],[-2.73484,42.87516],[-2.74765,42.87816],[-2.75159,42.87688],[-2.7608,42.90117],[-2.77398,42.914],[-2.77489,42.91908],[-2.77637,42.91957],[-2.77875,42.921],[-2.78249,42.92217],[-2.78579,42.92484],[-2.78617,42.92538],[-2.78738,42.92507],[-2.78801,42.92352],[-2.7879,42.92243],[-2.79072,42.92025],[-2.79163,42.91838],[-2.79353,42.91739],[-2.79426,42.91676],[-2.79518,42.91506],[-2.80695,42.91481],[-2.80751,42.91277],[-2.80747,42.91168],[-2.80965,42.91225],[-2.81196,42.91242],[-2.81415,42.91163],[-2.81734,42.91211],[-2.82387,42.91237],[-2.82644,42.9129],[-2.82811,42.91257],[-2.83001,42.91124],[-2.83316,42.90808],[-2.8336,42.90739],[-2.8336,42.90685],[-2.83294,42.90526],[-2.83763,42.89904],[-2.8475,42.89361],[-2.85059,42.89155],[-2.8532,42.88721],[-2.85359,42.88576],[-2.85339,42.87759],[-2.85207,42.87526],[-2.85063,42.87343],[-2.85497,42.87128],[-2.85,42.86725],[-2.84766,42.86597],[-2.84764,42.86254],[-2.84889,42.86101],[-2.84593,42.85635],[-2.83557,42.85135],[-2.83585,42.85121],[-2.83465,42.84991],[-2.815,42.83832],[-2.80606,42.83554],[-2.79724,42.8385],[-2.79501,42.84063],[-2.7888,42.8427],[-2.78647,42.84297],[-2.7846,42.84268],[-2.78082,42.84079],[-2.77597,42.84067],[-2.77229,42.83721],[-2.76682,42.83516],[-2.76522,42.83477],[-2.76465,42.83636],[-2.76436,42.83832],[-2.76445,42.84298],[-2.76479,42.84612],[-2.76458,42.84691],[-2.76581,42.84666],[-2.7664,42.84688],[-2.76807,42.84951],[-2.76709,42.8498],[-2.76834,42.85013],[-2.76905,42.85009]]]}},{"type":"Feature","properties":{"COD_POSTAL":"01169"},"geometry":{"type":"Polygon","coordinates":[[[-2.5972,43.00833],[-2.59681,43.00901],[-2.59208,43.00866],[-2.58989,43.00752],[-2.58405,43.00852],[-2.58079,43.00759],[-2.56312,43.01849],[-2.558,43.01903],[-2.55461,43.0206],[-2.54858,43.01996],[-2.54017,43.02505],[-2.53972,43.03297],[-2.53783,43.03419],[-2.53696,43.03506],[-2.53594,43.03674],[-2.5352,43.0387],[-2.53448,43.03963],[-2.53086,43.04105],[-2.5298,43.04396],[-2.52929,43.04441],[-2.5265,43.04482],[-2.52455,43.04449],[-2.52503,43.04626],[-2.52583,43.04799],[-2.52786,43.05149],[-2.52939,43.0523],[-2.52993,43.05496],[-2.53179,43.05716],[-2.54337,43.056],[-2.54577,43.0544],[-2.55261,43.05535],[-2.55511,43.05416],[-2.55816,43.05188],[-2.5591,43.05176],[-2.56112,43.05027],[-2.56294,43.04981],[-2.56393,43.04911],[-2.56447,43.04834],[-2.56446,43.04722],[-2.56283,43.04569],[-2.56263,43.04482],[-2.56426,43.04324],[-2.56578,43.04337],[-2.57095,43.04257],[-2.57537,43.0444],[-2.57647,43.04722],[-2.58045,43.05043],[-2.58076,43.05406],[-2.57912,43.05491],[-2.57856,43.05626],[-2.5805,43.05828],[-2.58118,43.0622],[-2.57873,43.06344],[-2.57791,43.06472],[-2.56,43.08475],[-2.56213,43.08499],[-2.56649,43.08387],[-2.57118,43.08393],[-2.57338,43.08349],[-2.57621,43.08348],[-2.58053,43.08386],[-2.58238,43.08341],[-2.58621,43.08171],[-2.59187,43.0813],[-2.6042,43.08319],[-2.60743,43.08339],[-2.60927,43.08428],[-2.61139,43.08459],[-2.60565,43.06618],[-2.60686,43.05857],[-2.60656,43.0568],[-2.60724,43.05441],[-2.60449,43.04366],[-2.60718,43.03247],[-2.60803,43.0309],[-2.6044,43.02781],[-2.60624,43.00873],[-2.59755,43.00769],[-2.5972,43.00833]]]}},{"type":"Feature","properties":{"COD_POSTAL":"01015"},"geometry":{"type":"Polygon","coordinates":[[[-2.70397,42.85005],[-2.70749,42.85098],[-2.70798,42.85192],[-2.71406,42.85079],[-2.71537,42.85347],[-2.71747,42.8538],[-2.72027,42.85289],[-2.72319,42.85528],[-2.7237,42.85368],[-2.72856,42.85283],[-2.72916,42.85228],[-2.73205,42.85289],[-2.7341,42.85275],[-2.73827,42.85155],[-2.74622,42.85083],[-2.746,42.84837],[-2.74561,42.84765],[-2.74283,42.84679],[-2.74223,42.84638],[-2.74223,42.84543],[-2.74365,42.84479],[-2.74485,42.8454],[-2.74666,42.84556],[-2.74792,42.84633],[-2.74902,42.84604],[-2.75342,42.84652],[-2.75517,42.84599],[-2.75659,42.84697],[-2.75802,42.84836],[-2.76465,42.84486],[-2.76438,42.84091],[-2.76094,42.84047],[-2.75808,42.83908],[-2.7557,42.83592],[-2.7537,42.83388],[-2.75174,42.83296],[-2.74861,42.83236],[-2.74877,42.83067],[-2.74999,42.82882],[-2.74804,42.82478],[-2.74209,42.82548],[-2.73982,42.8287],[-2.73275,42.8288],[-2.72645,42.82936],[-2.72503,42.83727],[-2.72554,42.8391],[-2.72569,42.84109],[-2.72512,42.84189],[-2.72312,42.84337],[-2.71834,42.84258],[-2.7134,42.83236],[-2.70926,42.83396],[-2.70543,42.8351],[-2.70559,42.83566],[-2.70489,42.83582],[-2.70485,42.83678],[-2.69846,42.83855],[-2.69708,42.83789],[-2.69609,42.83982],[-2.69393,42.84609],[-2.69455,42.84619],[-2.69602,42.8477],[-2.70314,42.8498],[-2.70397,42.85005]]]}},{"type":"Feature","properties":{"COD_POSTAL":"01110"},"geometry":{"type":"Polygon","coordinates":[[[-2.3356,42.685],[-2.33971,42.68625],[-2.34262,42.68674],[-2.35223,42.69005],[-2.36004,42.6835],[-2.36204,42.68296],[-2.37821,42.68508],[-2.38022,42.67711],[-2.37837,42.66528],[-2.3837,42.65566],[-2.38089,42.65415],[-2.37916,42.65289],[-2.37688,42.65075],[-2.37705,42.65023],[-2.37806,42.65002],[-2.3823,42.64764],[-2.37934,42.64581],[-2.3773,42.64544],[-2.37577,42.64547],[-2.37444,42.64505],[-2.37145,42.64299],[-2.37454,42.64041],[-2.37663,42.63728],[-2.37659,42.63689],[-2.3793,42.63663],[-2.383,42.63564],[-2.38215,42.6337],[-2.37229,42.63594],[-2.37066,42.63544],[-2.36881,42.63534],[-2.36836,42.63574],[-2.36774,42.6382],[-2.36302,42.63791],[-2.35604,42.63542],[-2.35428,42.63606],[-2.35063,42.63651],[-2.34903,42.6362],[-2.34765,42.6347],[-2.34475,42.63492],[-2.34066,42.63678],[-2.33594,42.64029],[-2.33588,42.643],[-2.33519,42.6439],[-2.33247,42.64441],[-2.33134,42.64567],[-2.33028,42.64619],[-2.32759,42.64575],[-2.32614,42.64632],[-2.32289,42.64708],[-2.32158,42.64768],[-2.31865,42.64966],[-2.31711,42.6501],[-2.3158,42.65117],[-2.31303,42.65117],[-2.31164,42.65268],[-2.30032,42.65143],[-2.29778,42.65149],[-2.2992,42.65283],[-2.29639,42.65236],[-2.29244,42.65278],[-2.29001,42.6551],[-2.28908,42.65688],[-2.28925,42.66163],[-2.2896,42.66271],[-2.28921,42.66473],[-2.28921,42.66692],[-2.2913,42.67184],[-2.29259,42.67341],[-2.29361,42.6766],[-2.2943,42.67707],[-2.29554,42.67708],[-2.29604,42.67657],[-2.29767,42.67647],[-2.3003,42.67722],[-2.30148,42.67721],[-2.30523,42.67586],[-2.30783,42.67395],[-2.31042,42.67382],[-2.31051,42.67517],[-2.31169,42.6803],[-2.31293,42.68076],[-2.3148,42.68213],[-2.31692,42.68249],[-2.3167,42.68281],[-2.32317,42.68312],[-2.3356,42.685]]]}},{"type":"Feature","properties":{"COD_POSTAL":"01428"},"geometry":{"type":"Polygon","coordinates":[[[-2.82106,42.78781],[-2.82613,42.79176],[-2.82594,42.79288],[-2.83155,42.80658],[-2.84144,42.81142],[-2.83429,42.81288],[-2.82858,42.81353],[-2.82638,42.82071],[-2.82973,42.82467],[-2.8316,42.82929],[-2.83465,42.84991],[-2.83585,42.85121],[-2.84622,42.8466],[-2.85029,42.84632],[-2.85422,42.84406],[-2.86286,42.84311],[-2.8678,42.84385],[-2.87087,42.84322],[-2.87376,42.84233],[-2.87719,42.84173],[-2.88513,42.83957],[-2.88504,42.8402],[-2.88566,42.84143],[-2.88833,42.83732],[-2.88987,42.83546],[-2.89003,42.83358],[-2.89389,42.83398],[-2.89683,42.83614],[-2.89727,42.83757],[-2.89831,42.83793],[-2.90034,42.84079],[-2.9003,42.84114],[-2.90071,42.8418],[-2.90503,42.84614],[-2.90494,42.84691],[-2.90543,42.84743],[-2.90557,42.84823],[-2.90615,42.84861],[-2.90737,42.84879],[-2.90723,42.84923],[-2.90793,42.84975],[-2.9095,42.84998],[-2.91148,42.85098],[-2.91286,42.85235],[-2.91549,42.85405],[-2.91598,42.85498],[-2.9171,42.85587],[-2.9178,42.85702],[-2.9181,42.85815],[-2.92039,42.85925],[-2.92283,42.85987],[-2.92354,42.86026],[-2.92328,42.86042],[-2.92345,42.86054],[-2.92382,42.86031],[-2.92634,42.86072],[-2.92717,42.86051],[-2.92878,42.86109],[-2.92895,42.86142],[-2.93073,42.86199],[-2.93603,42.86244],[-2.93899,42.86465],[-2.94208,42.86597],[-2.94674,42.86673],[-2.95294,42.86898],[-2.95763,42.86986],[-2.95933,42.87051],[-2.96453,42.87136],[-2.96782,42.87154],[-2.96909,42.87202],[-2.97121,42.87187],[-2.97544,42.87272],[-2.97837,42.8722],[-2.98092,42.8734],[-2.98665,42.8748],[-2.98883,42.8758],[-2.98977,42.87582],[-2.99072,42.87618],[-2.99107,42.87719],[-2.99177,42.87787],[-2.99177,42.8783],[-2.99219,42.87871],[-2.99301,42.87897],[-2.99377,42.87612],[-2.99386,42.87248],[-2.99622,42.86781],[-2.9986,42.86444],[-3.00053,42.86085],[-3.01201,42.86064],[-3.02391,42.86216],[-3.03009,42.85046],[-3.01426,42.84092],[-3.01298,42.84081],[-3.01231,42.8401],[-3.01157,42.83988],[-3.0093,42.84096],[-3.00717,42.84058],[-3.00592,42.83994],[-3.00417,42.83859],[-3.00209,42.83811],[-3.00102,42.83744],[-2.99849,42.83708],[-2.99692,42.83626],[-2.9961,42.83487],[-2.99445,42.83494],[-2.99286,42.83471],[-2.99032,42.83494],[-2.98893,42.8344],[-2.98815,42.83341],[-2.98638,42.83314],[-2.98195,42.83338],[-2.98014,42.83402],[-2.97834,42.83515],[-2.97598,42.83604],[-2.97329,42.83615],[-2.97108,42.83671],[-2.96959,42.83662],[-2.96484,42.83516],[-2.9611,42.83351],[-2.95771,42.8314],[-2.95602,42.82921],[-2.95349,42.82827],[-2.95554,42.827],[-2.94397,42.81931],[-2.94179,42.82012],[-2.91838,42.82103],[-2.91612,42.81741],[-2.90512,42.81269],[-2.90429,42.7897],[-2.8938,42.7873],[-2.88841,42.78188],[-2.88128,42.78383],[-2.87252,42.78382],[-2.86104,42.7745],[-2.86007,42.77442],[-2.85279,42.76955],[-2.84669,42.77706],[-2.84529,42.77806],[-2.84185,42.7762],[-2.83934,42.78084],[-2.83547,42.79627],[-2.8334,42.79528],[-2.83103,42.79311],[-2.83052,42.79214],[-2.82875,42.79006],[-2.82626,42.78531],[-2.82112,42.78778],[-2.82106,42.78781]]]}},{"type":"Feature","properties":{"COD_POSTAL":"01120"},"geometry":{"type":"Polygon","coordinates":[[[-2.4284,42.73336],[-2.43571,42.74472],[-2.44267,42.7468],[-2.45237,42.74526],[-2.46123,42.7443],[-2.46058,42.73919],[-2.45856,42.73485],[-2.45314,42.73157],[-2.44898,42.73032],[-2.44,42.7264],[-2.43253,42.72423],[-2.4332,42.72731],[-2.43138,42.72938],[-2.42497,42.73074],[-2.4284,42.73336]]]}},{"type":"Feature","properties":{"COD_POSTAL":"01165"},"geometry":{"type":"Polygon","coordinates":[[[-2.6172,43.08508],[-2.62587,43.0853],[-2.62761,43.08609],[-2.62825,43.08593],[-2.62959,43.08636],[-2.63255,43.08678],[-2.63911,43.08338],[-2.64799,43.08015],[-2.65207,43.07821],[-2.65548,43.07614],[-2.66124,43.07388],[-2.66141,43.07316],[-2.66108,43.07272],[-2.66119,43.07222],[-2.66058,43.07232],[-2.66066,43.07186],[-2.66019,43.07165],[-2.66079,43.07139],[-2.66087,43.07108],[-2.66024,43.07058],[-2.66044,43.06983],[-2.66036,43.06864],[-2.66008,43.06788],[-2.66019,43.06721],[-2.65988,43.06702],[-2.66001,43.06673],[-2.65982,43.06649],[-2.66029,43.0661],[-2.66065,43.0662],[-2.66049,43.06582],[-2.66113,43.06581],[-2.65913,43.065],[-2.65728,43.06469],[-2.65573,43.06318],[-2.65394,43.06262],[-2.6515,43.06057],[-2.64826,43.05885],[-2.64587,43.05487],[-2.64402,43.05236],[-2.64019,43.04867],[-2.63921,43.04736],[-2.63677,43.04607],[-2.63488,43.04546],[-2.63335,43.04248],[-2.63478,43.04132],[-2.63459,43.03708],[-2.63349,43.03509],[-2.63365,43.0344],[-2.63338,43.03402],[-2.63367,43.03367],[-2.6336,43.03317],[-2.63012,43.02894],[-2.63114,43.02818],[-2.631,43.02696],[-2.63154,43.02444],[-2.63296,43.02089],[-2.6337,43.01999],[-2.63169,43.01863],[-2.63011,43.01709],[-2.62962,43.01475],[-2.62782,43.01206],[-2.62798,43.01071],[-2.62875,43.01027],[-2.6289,43.00983],[-2.62895,43.00627],[-2.62985,43.0047],[-2.63171,43.00302],[-2.63238,43.00281],[-2.63302,42.9974],[-2.63569,42.99508],[-2.63173,42.995],[-2.63013,42.9946],[-2.6292,42.99501],[-2.62864,42.99477],[-2.62785,42.9953],[-2.62534,42.99439],[-2.62434,42.99472],[-2.62305,42.99441],[-2.62134,42.9931],[-2.61585,42.99098],[-2.612,42.98873],[-2.60918,42.9875],[-2.60601,42.98666],[-2.60506,42.98583],[-2.60311,42.98535],[-2.60251,42.98499],[-2.60146,42.98199],[-2.60135,42.98406],[-2.60033,42.98482],[-2.59806,42.9858],[-2.59646,42.98614],[-2.59242,42.9863],[-2.59295,42.98742],[-2.59448,42.9888],[-2.59635,42.9913],[-2.59872,42.99368],[-2.60167,42.99783],[-2.6013,42.99882],[-2.59967,43.00005],[-2.60021,43.0008],[-2.59827,43.00511],[-2.59755,43.00769],[-2.60624,43.00873],[-2.6044,43.02781],[-2.60803,43.0309],[-2.60718,43.03247],[-2.60449,43.04366],[-2.60724,43.05441],[-2.60656,43.0568],[-2.60686,43.05857],[-2.60565,43.06618],[-2.61139,43.08459],[-2.6172,43.08508]]]}},{"type":"Feature","properties":{"COD_POSTAL":"01400"},"geometry":{"type":"Polygon","coordinates":[[[-2.94628,43.17038],[-2.94714,43.17051],[-2.94946,43.17154],[-2.95391,43.17193],[-2.95592,43.17382],[-2.96063,43.17527],[-2.96419,43.17806],[-2.96456,43.17894],[-2.96557,43.17998],[-2.96868,43.18188],[-2.96915,43.18238],[-2.96921,43.18392],[-2.97075,43.18532],[-2.97302,43.18625],[-2.978,43.18356],[-2.9724,43.1779],[-2.97541,43.17674],[-2.97837,43.17239],[-2.98288,43.16996],[-2.98604,43.16764],[-2.98967,43.1644],[-2.99529,43.15845],[-2.99953,43.15308],[-3.00136,43.15148],[-3.00431,43.15035],[-3.01258,43.14269],[-3.02039,43.13904],[-3.02217,43.13681],[-3.02395,43.13318],[-3.02407,43.13237],[-3.02384,43.13163],[-3.02237,43.13008],[-3.02123,43.12908],[-3.01915,43.128],[-3.01854,43.12653],[-3.01853,43.12108],[-3.01695,43.11973],[-3.01607,43.11835],[-3.01433,43.11796],[-3.01318,43.1185],[-3.01166,43.11877],[-3.01088,43.11825],[-3.01008,43.1166],[-3.00913,43.11532],[-3.00711,43.11384],[-3.00392,43.1127],[-3.00164,43.11135],[-3.0006,43.11116],[-2.99876,43.11003],[-2.99508,43.10895],[-2.99485,43.10816],[-2.99265,43.1075],[-2.99267,43.1068],[-2.99198,43.10636],[-2.99156,43.10545],[-2.99009,43.10394],[-2.98823,43.10303],[-2.98695,43.10285],[-2.98271,43.10155],[-2.98152,43.10077],[-2.97945,43.10078],[-2.97874,43.10047],[-2.97771,43.10047],[-2.97636,43.09998],[-2.97499,43.09904],[-2.97388,43.09915],[-2.97281,43.09951],[-2.97108,43.10095],[-2.96844,43.10195],[-2.96762,43.10259],[-2.96643,43.10291],[-2.96526,43.10356],[-2.96395,43.10453],[-2.9647,43.105],[-2.96335,43.10619],[-2.96038,43.11019],[-2.95762,43.11494],[-2.95561,43.1147],[-2.95184,43.12038],[-2.94919,43.12295],[-2.94792,43.12481],[-2.94433,43.127],[-2.94249,43.12889],[-2.94197,43.12988],[-2.94191,43.13083],[-2.94211,43.13125],[-2.94092,43.13264],[-2.93954,43.13382],[-2.93543,43.13606],[-2.93541,43.13658],[-2.9385,43.13864],[-2.93925,43.13988],[-2.93922,43.14028],[-2.93809,43.14129],[-2.93734,43.14263],[-2.93848,43.14532],[-2.93931,43.14571],[-2.93956,43.1462],[-2.93956,43.14581],[-2.93988,43.14557],[-2.94079,43.14569],[-2.94248,43.14834],[-2.94499,43.15142],[-2.94617,43.1534],[-2.94944,43.15681],[-2.95207,43.1587],[-2.95376,43.15952],[-2.95314,43.16171],[-2.95149,43.16395],[-2.94777,43.16712],[-2.94628,43.17038]]]}},{"type":"Feature","properties":{"COD_POSTAL":"01307"},"geometry":{"type":"Polygon","coordinates":[[[-2.67772,42.51087],[-2.67688,42.5095],[-2.67644,42.50921],[-2.67489,42.50895],[-2.67145,42.50961],[-2.6658,42.50985],[-2.66382,42.50765],[-2.6621,42.50643],[-2.66031,42.5054],[-2.65654,42.50405],[-2.65482,42.50104],[-2.65433,42.49754],[-2.65202,42.50131],[-2.65298,42.50377],[-2.65139,42.50877],[-2.64662,42.51229],[-2.65,42.51781],[-2.64852,42.51897],[-2.64606,42.51996],[-2.64336,42.52031],[-2.64046,42.52033],[-2.64685,42.52681],[-2.64902,42.53012],[-2.65095,42.53253],[-2.65089,42.53393],[-2.65014,42.5374],[-2.65031,42.54088],[-2.64977,42.54281],[-2.64739,42.5431],[-2.64508,42.54474],[-2.64549,42.54766],[-2.64668,42.55097],[-2.65071,42.55875],[-2.65335,42.56064],[-2.65519,42.56115],[-2.65501,42.57183],[-2.6532,42.57851],[-2.65334,42.58468],[-2.65917,42.58994],[-2.66432,42.59009],[-2.66794,42.5924],[-2.67163,42.5927],[-2.6745,42.59362],[-2.67746,42.59496],[-2.68158,42.59562],[-2.68054,42.59452],[-2.68417,42.5891],[-2.68498,42.5873],[-2.68636,42.58155],[-2.68642,42.57897],[-2.68759,42.57064],[-2.68717,42.56619],[-2.68708,42.55971],[-2.69075,42.54747],[-2.69137,42.54418],[-2.6915,42.5418],[-2.69391,42.53814],[-2.69415,42.53605],[-2.69506,42.53487],[-2.6959,42.53254],[-2.70569,42.51716],[-2.70549,42.51677],[-2.69971,42.51696],[-2.69238,42.51898],[-2.68633,42.51989],[-2.68463,42.52065],[-2.68156,42.52373],[-2.67934,42.52521],[-2.67736,42.52609],[-2.6768,42.52612],[-2.67578,42.52573],[-2.67538,42.52511],[-2.67622,42.52289],[-2.67677,42.52009],[-2.6779,42.51183],[-2.67772,42.51087]]]}},{"type":"Feature","properties":{"COD_POSTAL":"01010"},"geometry":{"type":"Polygon","coordinates":[[[-2.69602,42.8477],[-2.69455,42.84619],[-2.69424,42.84628],[-2.69221,42.85218],[-2.69322,42.85266],[-2.69359,42.85341],[-2.69108,42.85464],[-2.69028,42.8562],[-2.69008,42.85721],[-2.68466,42.8589],[-2.68211,42.85857],[-2.68101,42.86052],[-2.67606,42.862],[-2.67712,42.86607],[-2.68274,42.87289],[-2.6875,42.87256],[-2.68891,42.87219],[-2.69202,42.87286],[-2.71213,42.86498],[-2.71376,42.86417],[-2.7146,42.86289],[-2.71701,42.86177],[-2.72314,42.86232],[-2.7259,42.86024],[-2.73378,42.86315],[-2.73404,42.86281],[-2.72988,42.8614],[-2.72961,42.86128],[-2.72988,42.86099],[-2.72675,42.85975],[-2.72686,42.85909],[-2.72725,42.85861],[-2.72027,42.85289],[-2.71747,42.8538],[-2.71537,42.85347],[-2.71406,42.85079],[-2.70798,42.85192],[-2.70749,42.85098],[-2.70314,42.8498],[-2.69602,42.8477]]]}},{"type":"Feature","properties":{"COD_POSTAL":"01510"},"geometry":{"type":"Polygon","coordinates":[[[-2.64324,42.88206],[-2.64309,42.88695],[-2.64254,42.88961],[-2.64169,42.89011],[-2.64573,42.89205],[-2.6456,42.89323],[-2.64525,42.89392],[-2.64325,42.89478],[-2.64052,42.89694],[-2.63974,42.89722],[-2.63762,42.89617],[-2.63627,42.89851],[-2.63723,42.89944],[-2.63783,42.90126],[-2.63767,42.90224],[-2.63538,42.90645],[-2.63324,42.90827],[-2.63761,42.91381],[-2.6337,42.92241],[-2.63138,42.92219],[-2.63079,42.92231],[-2.63059,42.92279],[-2.63041,42.92667],[-2.62985,42.92792],[-2.63042,42.93173],[-2.62819,42.9342],[-2.62788,42.93508],[-2.62745,42.94004],[-2.62447,42.93982],[-2.62241,42.94034],[-2.61979,42.94531],[-2.62342,42.94561],[-2.62573,42.94535],[-2.63126,42.94595],[-2.63471,42.94547],[-2.63385,42.94632],[-2.6337,42.9469],[-2.63273,42.94774],[-2.63215,42.95169],[-2.63875,42.94678],[-2.64061,42.943],[-2.6427,42.93963],[-2.64528,42.93642],[-2.64763,42.93529],[-2.65016,42.93516],[-2.65213,42.93583],[-2.65357,42.93534],[-2.6562,42.94116],[-2.66209,42.9468],[-2.66237,42.95072],[-2.66668,42.95049],[-2.67041,42.94996],[-2.67247,42.95545],[-2.67489,42.95803],[-2.67564,42.95848],[-2.67721,42.95864],[-2.67894,42.96021],[-2.67961,42.96054],[-2.68066,42.96053],[-2.68133,42.96123],[-2.68081,42.9597],[-2.68137,42.95735],[-2.68051,42.95562],[-2.68076,42.95489],[-2.68119,42.9547],[-2.68163,42.95384],[-2.68604,42.95353],[-2.68748,42.9531],[-2.68752,42.94856],[-2.68791,42.94783],[-2.68949,42.94784],[-2.6912,42.94656],[-2.69237,42.94406],[-2.69248,42.94295],[-2.68426,42.94025],[-2.68415,42.93909],[-2.68629,42.93756],[-2.68884,42.93507],[-2.68784,42.9323],[-2.687,42.93163],[-2.68748,42.92949],[-2.68642,42.92879],[-2.68557,42.92937],[-2.68467,42.92929],[-2.68521,42.92572],[-2.68061,42.92232],[-2.67975,42.92059],[-2.67998,42.9204],[-2.67839,42.91757],[-2.68061,42.91785],[-2.6844,42.91299],[-2.67226,42.89646],[-2.67198,42.8972],[-2.67111,42.89742],[-2.6658,42.89038],[-2.66474,42.89108],[-2.65832,42.89129],[-2.66291,42.88666],[-2.66506,42.88563],[-2.66204,42.88083],[-2.65758,42.88071],[-2.64974,42.88142],[-2.64324,42.88206]]]}},{"type":"Feature","properties":{"COD_POSTAL":"01309"},"geometry":{"type":"Polygon","coordinates":[[[-2.61612,42.55252],[-2.61265,42.55243],[-2.60767,42.55404],[-2.59769,42.55432],[-2.59744,42.55465],[-2.59875,42.55785],[-2.59693,42.5628],[-2.59134,42.56654],[-2.5752,42.56998],[-2.56521,42.57151],[-2.56351,42.57139],[-2.56201,42.57037],[-2.56179,42.56923],[-2.56198,42.56868],[-2.56145,42.56799],[-2.56095,42.56646],[-2.5599,42.56593],[-2.55935,42.56531],[-2.55853,42.56517],[-2.55775,42.56432],[-2.5575,42.56359],[-2.55655,42.56247],[-2.55619,42.56134],[-2.55525,42.56025],[-2.55532,42.55901],[-2.55476,42.55729],[-2.5547,42.55616],[-2.55363,42.55468],[-2.55365,42.55418],[-2.55325,42.55392],[-2.55259,42.55279],[-2.55111,42.5515],[-2.55127,42.55005],[-2.55088,42.54945],[-2.55202,42.54851],[-2.55174,42.54745],[-2.55139,42.5471],[-2.55149,42.54656],[-2.55064,42.54595],[-2.55075,42.54555],[-2.55023,42.54491],[-2.54994,42.5439],[-2.54854,42.54269],[-2.54706,42.54073],[-2.54512,42.54032],[-2.54376,42.5395],[-2.54259,42.53922],[-2.54223,42.53824],[-2.54032,42.53837],[-2.53884,42.53796],[-2.53782,42.53814],[-2.53696,42.5374],[-2.53705,42.53557],[-2.5365,42.53412],[-2.53583,42.5341],[-2.53542,42.53384],[-2.53528,42.53343],[-2.53462,42.53336],[-2.53343,42.53266],[-2.53269,42.5325],[-2.53252,42.53186],[-2.53046,42.53091],[-2.5292,42.52964],[-2.52728,42.52847],[-2.52659,42.52847],[-2.5264,42.52772],[-2.52535,42.52723],[-2.52548,42.52658],[-2.5248,42.52611],[-2.52488,42.52565],[-2.52381,42.52548],[-2.52355,42.52564],[-2.52242,42.52515],[-2.52217,42.52447],[-2.52179,42.52426],[-2.52169,42.52363],[-2.52117,42.52337],[-2.52128,42.52284],[-2.52056,42.52107],[-2.51982,42.52061],[-2.51879,42.521],[-2.51918,42.52143],[-2.51938,42.52244],[-2.51843,42.52253],[-2.51791,42.52285],[-2.5181,42.52371],[-2.51791,42.52468],[-2.51736,42.52547],[-2.51712,42.52548],[-2.51691,42.52507],[-2.51663,42.52546],[-2.51882,42.5285],[-2.5181,42.53037],[-2.51827,42.53093],[-2.51887,42.53156],[-2.51842,42.53218],[-2.51884,42.53266],[-2.51851,42.53289],[-2.51996,42.53489],[-2.51938,42.53602],[-2.51954,42.53632],[-2.51938,42.53743],[-2.51727,42.54201],[-2.51846,42.54665],[-2.51856,42.55003],[-2.51837,42.55118],[-2.52522,42.55764],[-2.52546,42.56159],[-2.52625,42.5672],[-2.52561,42.56899],[-2.5223,42.56995],[-2.52427,42.57065],[-2.52434,42.57103],[-2.52496,42.5713],[-2.52618,42.5728],[-2.5261,42.57335],[-2.52651,42.57363],[-2.52689,42.57441],[-2.52941,42.57598],[-2.52948,42.57682],[-2.52922,42.57725],[-2.52953,42.5782],[-2.53049,42.57943],[-2.52975,42.58049],[-2.52989,42.58179],[-2.52955,42.58448],[-2.52987,42.58548],[-2.52938,42.58852],[-2.53228,42.58778],[-2.53111,42.60647],[-2.53273,42.60776],[-2.53149,42.6085],[-2.52988,42.60899],[-2.52943,42.60958],[-2.52946,42.61004],[-2.52459,42.61427],[-2.52467,42.61471],[-2.53555,42.61226],[-2.53899,42.6117],[-2.54154,42.61158],[-2.54762,42.6103],[-2.55243,42.60842],[-2.55335,42.60797],[-2.55385,42.6074],[-2.55549,42.60696],[-2.55736,42.6059],[-2.56069,42.60507],[-2.56147,42.60511],[-2.56314,42.60453],[-2.56359,42.60475],[-2.56406,42.60463],[-2.56975,42.60211],[-2.57117,42.60193],[-2.57426,42.60104],[-2.57699,42.60106],[-2.58135,42.6],[-2.58468,42.60021],[-2.58899,42.5994],[-2.58969,42.59954],[-2.59019,42.59928],[-2.59046,42.5987],[-2.59089,42.5986],[-2.59214,42.59858],[-2.59454,42.59904],[-2.59569,42.59983],[-2.59809,42.60063],[-2.59955,42.60036],[-2.6042,42.60278],[-2.60527,42.60283],[-2.6061,42.60323],[-2.61421,42.6053],[-2.61591,42.60538],[-2.61747,42.60504],[-2.62104,42.60562],[-2.62495,42.6056],[-2.63099,42.60371],[-2.64031,42.59801],[-2.64641,42.59587],[-2.65186,42.59493],[-2.65466,42.59404],[-2.65703,42.59379],[-2.65901,42.59292],[-2.66318,42.5925],[-2.66689,42.59259],[-2.66794,42.5924],[-2.66432,42.59009],[-2.65917,42.58994],[-2.65334,42.58468],[-2.6532,42.57851],[-2.65501,42.57183],[-2.65519,42.56115],[-2.65335,42.56064],[-2.65071,42.55875],[-2.64668,42.55097],[-2.64549,42.54766],[-2.64508,42.54474],[-2.64739,42.5431],[-2.64977,42.54281],[-2.65031,42.54088],[-2.65014,42.5374],[-2.65089,42.53393],[-2.65095,42.53253],[-2.64902,42.53012],[-2.64685,42.52681],[-2.64046,42.52033],[-2.63725,42.52286],[-2.63297,42.52439],[-2.63035,42.52582],[-2.62809,42.52662],[-2.62337,42.52801],[-2.61924,42.5288],[-2.61601,42.53045],[-2.61342,42.53213],[-2.61276,42.53517],[-2.61312,42.53639],[-2.61288,42.53878],[-2.61316,42.54114],[-2.61281,42.5419],[-2.61304,42.54255],[-2.61166,42.54312],[-2.61171,42.5438],[-2.61202,42.54417],[-2.61194,42.54483],[-2.61053,42.54633],[-2.61072,42.54726],[-2.61164,42.54877],[-2.61261,42.54955],[-2.61305,42.55028],[-2.61538,42.55131],[-2.61607,42.55247],[-2.61612,42.55252]]]}},{"type":"Feature","properties":{"COD_POSTAL":"01474"},"geometry":{"type":"Polygon","coordinates":[[[-3.10764,43.14208],[-3.11016,43.14132],[-3.12151,43.14224],[-3.1226,43.14005],[-3.1216,43.13519],[-3.12246,43.13171],[-3.12373,43.13025],[-3.12613,43.12943],[-3.1286,43.12807],[-3.13168,43.12959],[-3.13526,43.12721],[-3.13899,43.13005],[-3.14383,43.12865],[-3.15294,43.12872],[-3.15677,43.12619],[-3.15764,43.12592],[-3.15766,43.12396],[-3.15537,43.11997],[-3.15015,43.11596],[-3.1493,43.11499],[-3.14351,43.11249],[-3.13496,43.11146],[-3.13237,43.11437],[-3.13098,43.11434],[-3.1265,43.11729],[-3.12103,43.11602],[-3.11698,43.11601],[-3.11368,43.12338],[-3.11097,43.12574],[-3.11102,43.12748],[-3.10994,43.1298],[-3.11024,43.13148],[-3.10989,43.13581],[-3.10707,43.14002],[-3.10539,43.14092],[-3.10552,43.14135],[-3.10739,43.14222],[-3.10764,43.14208]]]}},{"type":"Feature","properties":{"COD_POSTAL":"01208"},"geometry":{"type":"Polygon","coordinates":[[[-2.28723,42.8807],[-2.27397,42.90155],[-2.27681,42.90151],[-2.28703,42.90233],[-2.30044,42.88828],[-2.30276,42.88455],[-2.31101,42.88003],[-2.31446,42.88025],[-2.31919,42.87898],[-2.3264,42.88198],[-2.32896,42.88442],[-2.32786,42.88486],[-2.32935,42.88819],[-2.33448,42.89106],[-2.33779,42.89441],[-2.3378,42.89734],[-2.33481,42.89921],[-2.3334,42.90203],[-2.33259,42.9047],[-2.33259,42.90674],[-2.33149,42.90681],[-2.3307,42.91038],[-2.3297,42.91204],[-2.32942,42.91346],[-2.32114,42.92098],[-2.32176,42.92156],[-2.32001,42.92417],[-2.32082,42.92515],[-2.31841,42.92787],[-2.3161,42.92908],[-2.31945,42.92985],[-2.3246,42.93259],[-2.32779,42.93316],[-2.33065,42.93297],[-2.33192,42.93347],[-2.33501,42.93406],[-2.33844,42.93593],[-2.33942,42.93621],[-2.3414,42.93796],[-2.34451,42.9396],[-2.34868,42.94002],[-2.35167,42.94306],[-2.35211,42.94601],[-2.35317,42.94838],[-2.35438,42.94976],[-2.35829,42.94828],[-2.36467,42.94706],[-2.36649,42.94729],[-2.3681,42.94854],[-2.36947,42.94901],[-2.3712,42.94893],[-2.37367,42.9483],[-2.37662,42.94837],[-2.37757,42.94878],[-2.3799,42.94919],[-2.38241,42.95027],[-2.39011,42.95276],[-2.3936,42.95217],[-2.39442,42.95232],[-2.39791,42.95416],[-2.3999,42.95672],[-2.40421,42.95746],[-2.40468,42.95791],[-2.40563,42.95969],[-2.40853,42.95973],[-2.41308,42.95934],[-2.41797,42.9585],[-2.42076,42.95667],[-2.42226,42.95604],[-2.42449,42.95644],[-2.4269,42.95753],[-2.43298,42.95839],[-2.4367,42.95862],[-2.43752,42.95915],[-2.43927,42.95941],[-2.44208,42.95904],[-2.44445,42.95813],[-2.45049,42.95652],[-2.45327,42.95639],[-2.45433,42.95659],[-2.45488,42.95696],[-2.45608,42.95866],[-2.46061,42.95911],[-2.46273,42.96094],[-2.4641,42.96171],[-2.46733,42.96292],[-2.47044,42.96373],[-2.47724,42.96636],[-2.47919,42.96634],[-2.48252,42.96477],[-2.4864,42.96459],[-2.49243,42.962],[-2.48264,42.93535],[-2.48308,42.93437],[-2.48534,42.93258],[-2.48718,42.92624],[-2.48485,42.92477],[-2.48597,42.92],[-2.48561,42.91942],[-2.4817,42.91788],[-2.4815,42.917],[-2.48432,42.91378],[-2.48588,42.9105],[-2.48566,42.9051],[-2.47472,42.90182],[-2.46983,42.89836],[-2.46078,42.90082],[-2.45338,42.90391],[-2.4476,42.90411],[-2.44067,42.90518],[-2.43772,42.90572],[-2.43616,42.90676],[-2.4359,42.90556],[-2.43384,42.90125],[-2.43326,42.9012],[-2.43095,42.89968],[-2.4303,42.89602],[-2.42632,42.89417],[-2.42441,42.89216],[-2.42191,42.89328],[-2.42079,42.89409],[-2.4195,42.89426],[-2.41862,42.89382],[-2.41705,42.89359],[-2.41545,42.89256],[-2.41332,42.89256],[-2.41142,42.89172],[-2.41023,42.89158],[-2.41137,42.89325],[-2.41163,42.89402],[-2.40641,42.89489],[-2.40558,42.89423],[-2.40246,42.88635],[-2.40206,42.88353],[-2.40541,42.8851],[-2.40885,42.88194],[-2.41257,42.88193],[-2.41391,42.88363],[-2.41694,42.88497],[-2.41989,42.88574],[-2.42209,42.88541],[-2.42006,42.88485],[-2.41997,42.88227],[-2.42044,42.88174],[-2.41923,42.87755],[-2.41806,42.87122],[-2.41836,42.8693],[-2.41975,42.86658],[-2.41441,42.86679],[-2.40909,42.86221],[-2.39921,42.8676],[-2.39907,42.86929],[-2.39785,42.8707],[-2.39535,42.8745],[-2.39531,42.8772],[-2.3958,42.87882],[-2.39577,42.87974],[-2.39115,42.87945],[-2.38832,42.87856],[-2.38756,42.87565],[-2.38128,42.86952],[-2.36409,42.86654],[-2.36603,42.86542],[-2.36493,42.86371],[-2.35445,42.8655],[-2.34443,42.86631],[-2.33915,42.86724],[-2.3281,42.86531],[-2.32282,42.86597],[-2.31996,42.86783],[-2.31776,42.86864],[-2.31119,42.86804],[-2.30892,42.87014],[-2.3041,42.86867],[-2.30429,42.86815],[-2.30424,42.86673],[-2.30246,42.86446],[-2.29924,42.86874],[-2.29789,42.86939],[-2.29654,42.87074],[-2.29652,42.87548],[-2.29569,42.87815],[-2.28934,42.87982],[-2.28723,42.8807]]]}},{"type":"Feature","properties":{"COD_POSTAL":"01300"},"geometry":{"type":"MultiPolygon","coordinates":[[[[-2.49829,42.61592],[-2.50391,42.61672],[-2.50516,42.61266],[-2.49873,42.61272],[-2.49832,42.61565],[-2.49829,42.61592]]],[[[-2.59693,42.5628],[-2.59875,42.55785],[-2.59744,42.55465],[-2.59769,42.55432],[-2.60767,42.55404],[-2.61265,42.55243],[-2.61612,42.55252],[-2.61538,42.55131],[-2.61305,42.55028],[-2.61261,42.54955],[-2.61164,42.54877],[-2.61072,42.54726],[-2.61053,42.54633],[-2.61194,42.54483],[-2.61202,42.54417],[-2.61171,42.5438],[-2.61166,42.54312],[-2.61304,42.54255],[-2.61281,42.5419],[-2.61316,42.54114],[-2.61288,42.53878],[-2.61312,42.53639],[-2.61276,42.53517],[-2.61342,42.53213],[-2.61601,42.53045],[-2.61374,42.5267],[-2.60822,42.52574],[-2.60427,42.52355],[-2.60287,42.52132],[-2.59975,42.51798],[-2.59587,42.51478],[-2.5945,42.50565],[-2.59531,42.5017],[-2.59189,42.49933],[-2.58974,42.49405],[-2.59371,42.48732],[-2.59722,42.48443],[-2.59786,42.48342],[-2.60091,42.48456],[-2.60143,42.48384],[-2.60233,42.48147],[-2.60244,42.47948],[-2.60159,42.47699],[-2.60058,42.47547],[-2.59813,42.47346],[-2.59699,42.47294],[-2.59465,42.47237],[-2.59183,42.47239],[-2.58767,42.47379],[-2.58697,42.47445],[-2.58709,42.47531],[-2.58774,42.47615],[-2.59165,42.47959],[-2.59243,42.48116],[-2.59219,42.48192],[-2.59124,42.48274],[-2.59252,42.48384],[-2.59167,42.48649],[-2.58939,42.49032],[-2.58875,42.4922],[-2.5877,42.49322],[-2.588,42.4976],[-2.58629,42.50023],[-2.58122,42.50426],[-2.57448,42.50752],[-2.56637,42.50576],[-2.55717,42.50314],[-2.55605,42.50096],[-2.55534,42.50008],[-2.55324,42.49767],[-2.54982,42.49445],[-2.54985,42.49319],[-2.55025,42.4919],[-2.5495,42.49067],[-2.54759,42.48944],[-2.54616,42.48882],[-2.54483,42.48862],[-2.54698,42.48652],[-2.54926,42.48513],[-2.54903,42.48445],[-2.54558,42.48387],[-2.53841,42.48338],[-2.53141,42.48336],[-2.52982,42.48394],[-2.52918,42.48495],[-2.5297,42.48573],[-2.53269,42.48634],[-2.5339,42.48693],[-2.53773,42.49008],[-2.53804,42.49318],[-2.53735,42.49524],[-2.53569,42.49678],[-2.52986,42.50007],[-2.52226,42.50527],[-2.51951,42.50796],[-2.51704,42.5109],[-2.51544,42.51342],[-2.51403,42.51683],[-2.51535,42.51582],[-2.52306,42.51448],[-2.52793,42.51533],[-2.52812,42.51742],[-2.5261,42.51889],[-2.51904,42.51959],[-2.51935,42.52038],[-2.52062,42.52116],[-2.52128,42.52284],[-2.52121,42.52344],[-2.52167,42.5236],[-2.52179,42.52426],[-2.52217,42.52447],[-2.52212,42.52475],[-2.52258,42.52525],[-2.52355,42.52564],[-2.52381,42.52548],[-2.52488,42.52565],[-2.5248,42.52611],[-2.52548,42.52658],[-2.52535,42.52723],[-2.5264,42.52772],[-2.52659,42.52847],[-2.52728,42.52847],[-2.5292,42.52964],[-2.53046,42.53091],[-2.53252,42.53186],[-2.53269,42.5325],[-2.53343,42.53266],[-2.53462,42.53336],[-2.53528,42.53343],[-2.53542,42.53384],[-2.53583,42.5341],[-2.5365,42.53412],[-2.53705,42.53557],[-2.53696,42.5374],[-2.53782,42.53814],[-2.53884,42.53796],[-2.54032,42.53837],[-2.54223,42.53824],[-2.54259,42.53922],[-2.54376,42.5395],[-2.54512,42.54032],[-2.54706,42.54073],[-2.54854,42.54269],[-2.54994,42.5439],[-2.55023,42.54491],[-2.55075,42.54555],[-2.55064,42.54595],[-2.55149,42.54656],[-2.55139,42.5471],[-2.55174,42.54745],[-2.55202,42.54851],[-2.55088,42.54945],[-2.55126,42.55],[-2.55114,42.5516],[-2.55259,42.55279],[-2.55325,42.55392],[-2.55365,42.55418],[-2.55363,42.55468],[-2.5547,42.55616],[-2.55476,42.55729],[-2.55532,42.55901],[-2.55525,42.56024],[-2.55619,42.56134],[-2.55655,42.56247],[-2.5575,42.56359],[-2.55774,42.56431],[-2.55853,42.56517],[-2.55935,42.56531],[-2.5599,42.56593],[-2.56098,42.56651],[-2.56145,42.56799],[-2.56198,42.56868],[-2.56179,42.56923],[-2.56201,42.57037],[-2.56251,42.57085],[-2.56363,42.57141],[-2.56521,42.57151],[-2.5752,42.56998],[-2.59134,42.56654],[-2.59693,42.5628]]]]}},{"type":"Feature","properties":{"COD_POSTAL":"01195"},"geometry":{"type":"MultiPolygon","coordinates":[[[[-2.72725,42.85861],[-2.74617,42.85597],[-2.76186,42.86109],[-2.76905,42.85009],[-2.76768,42.85004],[-2.76709,42.8498],[-2.76807,42.84951],[-2.7664,42.84688],[-2.76581,42.84666],[-2.76458,42.84691],[-2.76479,42.84612],[-2.76465,42.84486],[-2.75802,42.84836],[-2.75659,42.84697],[-2.75517,42.84599],[-2.75342,42.84652],[-2.74902,42.84604],[-2.74792,42.84633],[-2.74666,42.84556],[-2.74485,42.8454],[-2.74365,42.84479],[-2.74223,42.84543],[-2.74223,42.84638],[-2.74283,42.84679],[-2.74561,42.84765],[-2.746,42.84837],[-2.74622,42.85083],[-2.73827,42.85155],[-2.7341,42.85275],[-2.73205,42.85289],[-2.72916,42.85228],[-2.72856,42.85283],[-2.7237,42.85368],[-2.72319,42.85528],[-2.72725,42.85861]]],[[[-2.76438,42.84091],[-2.76436,42.83832],[-2.76465,42.83636],[-2.76529,42.83475],[-2.77229,42.83721],[-2.77597,42.84067],[-2.78082,42.84079],[-2.7846,42.84268],[-2.78647,42.84297],[-2.7888,42.8427],[-2.79501,42.84063],[-2.79724,42.8385],[-2.80606,42.83554],[-2.80332,42.83128],[-2.78908,42.82279],[-2.78952,42.82204],[-2.78895,42.82109],[-2.78008,42.82522],[-2.77803,42.829],[-2.7759,42.83138],[-2.7711,42.82782],[-2.76916,42.82445],[-2.7696,42.82314],[-2.77786,42.81952],[-2.7783,42.81961],[-2.78595,42.81648],[-2.78863,42.81572],[-2.79072,42.80903],[-2.77889,42.80063],[-2.77845,42.79302],[-2.77632,42.79377],[-2.77386,42.79429],[-2.77154,42.79402],[-2.76732,42.79273],[-2.76537,42.79278],[-2.76328,42.79349],[-2.7615,42.7936],[-2.75993,42.79341],[-2.75821,42.7939],[-2.75527,42.79371],[-2.75315,42.79277],[-2.74864,42.79299],[-2.74367,42.79219],[-2.73765,42.79277],[-2.73811,42.81348],[-2.723,42.82293],[-2.72095,42.82529],[-2.71677,42.82934],[-2.71659,42.83112],[-2.7134,42.83236],[-2.71834,42.84258],[-2.72312,42.84337],[-2.72512,42.84189],[-2.72569,42.84109],[-2.72554,42.8391],[-2.72503,42.83727],[-2.72645,42.82936],[-2.73275,42.8288],[-2.73982,42.8287],[-2.74209,42.82548],[-2.74804,42.82478],[-2.74999,42.82882],[-2.74877,42.83067],[-2.74861,42.83236],[-2.75174,42.83296],[-2.7537,42.83388],[-2.7557,42.83592],[-2.75808,42.83908],[-2.76094,42.84047],[-2.76368,42.84078],[-2.76438,42.84091]]]]}},{"type":"Feature","properties":{"COD_POSTAL":"01409"},"geometry":{"type":"Polygon","coordinates":[[[-3.01872,43.2099],[-3.01934,43.21114],[-3.02317,43.21364],[-3.02488,43.2152],[-3.02652,43.21597],[-3.02709,43.21712],[-3.02872,43.21656],[-3.0327,43.21691],[-3.0342,43.21648],[-3.03756,43.21367],[-3.03815,43.21242],[-3.03979,43.21076],[-3.02925,43.20523],[-3.01844,43.20279],[-3.01579,43.20162],[-3.02086,43.20025],[-3.02212,43.19959],[-3.02087,43.1974],[-3.01793,43.19405],[-3.02087,43.19345],[-3.02165,43.19306],[-3.02143,43.19182],[-3.01958,43.18756],[-3.02082,43.17926],[-3.02788,43.17009],[-3.02777,43.16666],[-3.02724,43.16541],[-3.02677,43.16082],[-3.0343,43.1605],[-3.03802,43.15941],[-3.05862,43.15724],[-3.06576,43.15594],[-3.06886,43.15276],[-3.06979,43.15069],[-3.0737,43.14802],[-3.07479,43.14636],[-3.07388,43.14574],[-3.07173,43.14513],[-3.06894,43.14478],[-3.06737,43.14495],[-3.0677,43.14161],[-3.06964,43.13851],[-3.06754,43.13817],[-3.06725,43.13697],[-3.0668,43.13672],[-3.06388,43.13635],[-3.06153,43.13671],[-3.0592,43.13486],[-3.05637,43.13437],[-3.05387,43.13455],[-3.04912,43.13413],[-3.04613,43.13429],[-3.0446,43.13518],[-3.04267,43.13537],[-3.04076,43.13603],[-3.03485,43.13623],[-3.03366,43.1366],[-3.03287,43.13832],[-3.03173,43.13726],[-3.03082,43.13586],[-3.02656,43.13362],[-3.02396,43.13315],[-3.02217,43.13681],[-3.02039,43.13904],[-3.01258,43.14269],[-3.00431,43.15035],[-3.00136,43.15148],[-2.99953,43.15308],[-2.99529,43.15845],[-2.98967,43.1644],[-2.98604,43.16764],[-2.98288,43.16996],[-2.97837,43.17239],[-2.97541,43.17674],[-2.9724,43.1779],[-2.978,43.18356],[-2.97302,43.18625],[-2.97533,43.19042],[-2.97582,43.19193],[-2.97808,43.19548],[-2.97813,43.19639],[-2.97923,43.19877],[-2.98,43.20128],[-2.9793,43.20217],[-2.9812,43.20239],[-2.98256,43.20043],[-2.98423,43.20039],[-2.98783,43.20092],[-2.99197,43.20001],[-2.99406,43.19884],[-2.99635,43.19867],[-3.00653,43.19613],[-3.008,43.19677],[-3.00946,43.1982],[-3.01175,43.19921],[-3.01256,43.20228],[-3.01238,43.20319],[-3.01298,43.20436],[-3.01519,43.20587],[-3.01992,43.20691],[-3.01807,43.20757],[-3.01875,43.20879],[-3.0187,43.20983],[-3.01872,43.2099]]]}},{"type":"Feature","properties":{"COD_POSTAL":"01003"},"geometry":{"type":"Polygon","coordinates":[[[-2.64755,42.84971],[-2.64863,42.85007],[-2.64896,42.85091],[-2.64941,42.85109],[-2.65021,42.85049],[-2.65108,42.85104],[-2.65332,42.85141],[-2.6535,42.85076],[-2.65229,42.85043],[-2.65218,42.85006],[-2.65104,42.85039],[-2.65035,42.85013],[-2.65031,42.84963],[-2.65224,42.84921],[-2.65261,42.84949],[-2.65361,42.84957],[-2.6549,42.84906],[-2.65586,42.84896],[-2.65575,42.84678],[-2.65526,42.84611],[-2.65567,42.84603],[-2.65606,42.84609],[-2.65624,42.84643],[-2.65653,42.84886],[-2.65715,42.8502],[-2.65663,42.85089],[-2.65701,42.85124],[-2.65842,42.8511],[-2.66104,42.85153],[-2.6611,42.85135],[-2.66078,42.85115],[-2.66076,42.85065],[-2.66102,42.85055],[-2.66093,42.84966],[-2.6644,42.8494],[-2.66487,42.84903],[-2.66534,42.84817],[-2.66523,42.84785],[-2.66577,42.84711],[-2.66543,42.84569],[-2.66441,42.8453],[-2.66434,42.8448],[-2.66471,42.8447],[-2.66468,42.84447],[-2.66406,42.84445],[-2.66406,42.84345],[-2.66436,42.8432],[-2.66394,42.84288],[-2.66376,42.8423],[-2.66422,42.84207],[-2.6641,42.84083],[-2.66345,42.84033],[-2.6507,42.84227],[-2.6504,42.84296],[-2.65061,42.84393],[-2.64967,42.84411],[-2.64069,42.84237],[-2.64025,42.8442],[-2.64207,42.84564],[-2.64336,42.84763],[-2.64584,42.84816],[-2.64629,42.84971],[-2.64755,42.84971]]]}},{"type":"Feature","properties":{"COD_POSTAL":"01230"},"geometry":{"type":"Polygon","coordinates":[[[-2.78952,42.82204],[-2.78908,42.82279],[-2.80332,42.83128],[-2.80606,42.83554],[-2.815,42.83832],[-2.83465,42.84991],[-2.8316,42.82929],[-2.82973,42.82467],[-2.82638,42.82071],[-2.82858,42.81353],[-2.83429,42.81288],[-2.84144,42.81142],[-2.83155,42.80658],[-2.82594,42.79288],[-2.82613,42.79176],[-2.82106,42.78781],[-2.81707,42.79001],[-2.81659,42.78985],[-2.81601,42.79021],[-2.81323,42.7902],[-2.81135,42.79115],[-2.80912,42.79128],[-2.80477,42.7922],[-2.80314,42.79217],[-2.80175,42.79242],[-2.8008,42.79289],[-2.80025,42.79273],[-2.79937,42.79191],[-2.79731,42.79161],[-2.79593,42.79231],[-2.79332,42.79251],[-2.7918,42.79136],[-2.79047,42.79104],[-2.78754,42.79144],[-2.78591,42.79202],[-2.78408,42.79199],[-2.78193,42.79278],[-2.77845,42.79302],[-2.77889,42.80063],[-2.79072,42.80903],[-2.78863,42.81572],[-2.78595,42.81648],[-2.7783,42.81961],[-2.77786,42.81952],[-2.7696,42.82314],[-2.76916,42.82445],[-2.7711,42.82782],[-2.7759,42.83138],[-2.77803,42.829],[-2.78008,42.82522],[-2.78895,42.82109],[-2.7892,42.82151],[-2.78952,42.82204]]]}},{"type":"Feature","properties":{"COD_POSTAL":"01007"},"geometry":{"type":"Polygon","coordinates":[[[-2.68738,42.84344],[-2.69178,42.84554],[-2.69393,42.84609],[-2.69609,42.83982],[-2.69708,42.83789],[-2.69846,42.83855],[-2.70485,42.83678],[-2.70489,42.83582],[-2.70559,42.83566],[-2.70543,42.8351],[-2.70926,42.83396],[-2.71659,42.83112],[-2.71677,42.82934],[-2.72298,42.82307],[-2.72339,42.82013],[-2.71936,42.81877],[-2.71243,42.82023],[-2.70779,42.82225],[-2.70623,42.82362],[-2.7031,42.82318],[-2.69841,42.82085],[-2.69465,42.82199],[-2.69021,42.82475],[-2.68848,42.82465],[-2.68665,42.8251],[-2.68401,42.82793],[-2.68174,42.82974],[-2.6788,42.83047],[-2.67602,42.83211],[-2.6753,42.83375],[-2.67701,42.8345],[-2.67808,42.83448],[-2.67961,42.83549],[-2.67968,42.8371],[-2.67955,42.83729],[-2.67842,42.83728],[-2.67819,42.83849],[-2.67876,42.83916],[-2.67848,42.83981],[-2.67802,42.83983],[-2.67756,42.84157],[-2.67603,42.84174],[-2.67644,42.8427],[-2.6752,42.84304],[-2.67543,42.84348],[-2.67812,42.84407],[-2.68185,42.84279],[-2.68346,42.84258],[-2.68587,42.84312],[-2.68738,42.84344]]]}},{"type":"Feature","properties":{"COD_POSTAL":"01250"},"geometry":{"type":"Polygon","coordinates":[[[-2.28713,42.90233],[-2.29063,42.90278],[-2.29273,42.90538],[-2.29231,42.9078],[-2.29438,42.91012],[-2.29612,42.91121],[-2.29677,42.91208],[-2.29765,42.91489],[-2.29949,42.91861],[-2.30039,42.92222],[-2.30124,42.92348],[-2.30243,42.92389],[-2.30468,42.92416],[-2.30689,42.92529],[-2.31112,42.92572],[-2.3144,42.92758],[-2.3161,42.92908],[-2.31841,42.92787],[-2.32082,42.92515],[-2.32001,42.92417],[-2.32176,42.92156],[-2.32114,42.92098],[-2.32942,42.91346],[-2.3297,42.91204],[-2.3307,42.91038],[-2.33149,42.90681],[-2.33259,42.90674],[-2.33259,42.9047],[-2.3334,42.90203],[-2.33481,42.89921],[-2.3378,42.89734],[-2.33779,42.89441],[-2.33448,42.89106],[-2.32935,42.88819],[-2.32786,42.88486],[-2.32896,42.88442],[-2.3264,42.88198],[-2.31919,42.87898],[-2.31446,42.88025],[-2.31101,42.88003],[-2.30276,42.88455],[-2.30044,42.88828],[-2.28703,42.90233],[-2.28713,42.90233]]]}},{"type":"Feature","properties":{"COD_POSTAL":"01118"},"geometry":{"type":"Polygon","coordinates":[[[-2.55285,42.60823],[-2.54913,42.60979],[-2.54527,42.61087],[-2.54154,42.61158],[-2.53899,42.6117],[-2.53555,42.61226],[-2.52523,42.61468],[-2.52242,42.61429],[-2.52021,42.61574],[-2.51919,42.6161],[-2.5127,42.61708],[-2.50933,42.61704],[-2.50802,42.61725],[-2.50069,42.61639],[-2.49295,42.6146],[-2.49041,42.61423],[-2.48865,42.61343],[-2.48432,42.61235],[-2.47947,42.61561],[-2.47893,42.61572],[-2.47556,42.62205],[-2.47517,42.62254],[-2.47254,42.62428],[-2.47211,42.62489],[-2.47229,42.62596],[-2.4713,42.6271],[-2.46643,42.62706],[-2.46452,42.62732],[-2.46278,42.62822],[-2.46315,42.62907],[-2.46147,42.63184],[-2.45999,42.63247],[-2.45924,42.63394],[-2.45668,42.63401],[-2.45474,42.63476],[-2.45484,42.63683],[-2.45534,42.63838],[-2.45509,42.63872],[-2.48127,42.65192],[-2.48768,42.65797],[-2.50419,42.67703],[-2.52306,42.68425],[-2.52465,42.68444],[-2.52716,42.68569],[-2.53321,42.68675],[-2.53549,42.68752],[-2.53745,42.68644],[-2.5394,42.68658],[-2.54106,42.68264],[-2.54735,42.67287],[-2.54838,42.6688],[-2.56108,42.66951],[-2.56765,42.67049],[-2.56853,42.66948],[-2.57325,42.66807],[-2.57777,42.66821],[-2.57924,42.66883],[-2.57812,42.67399],[-2.57986,42.6761],[-2.58215,42.67784],[-2.58583,42.6818],[-2.59128,42.67504],[-2.59633,42.65085],[-2.59988,42.6507],[-2.60118,42.64783],[-2.60394,42.64959],[-2.60687,42.6486],[-2.60866,42.64856],[-2.61036,42.64747],[-2.61334,42.6468],[-2.61881,42.64861],[-2.62057,42.64767],[-2.62198,42.6464],[-2.62312,42.64582],[-2.6218,42.64343],[-2.62185,42.64216],[-2.62471,42.63908],[-2.62596,42.63706],[-2.62561,42.6358],[-2.62697,42.63321],[-2.62691,42.63198],[-2.62864,42.63094],[-2.62461,42.6056],[-2.62104,42.60562],[-2.61747,42.60504],[-2.61591,42.60538],[-2.61421,42.6053],[-2.6061,42.60323],[-2.60527,42.60283],[-2.6042,42.60278],[-2.59955,42.60036],[-2.59809,42.60063],[-2.59569,42.59983],[-2.59454,42.59904],[-2.59178,42.59856],[-2.5905,42.59868],[-2.59019,42.59928],[-2.58969,42.59954],[-2.58899,42.5994],[-2.58468,42.60021],[-2.58135,42.6],[-2.57699,42.60106],[-2.57426,42.60104],[-2.57117,42.60193],[-2.56972,42.60212],[-2.56406,42.60463],[-2.56359,42.60475],[-2.56314,42.60453],[-2.56147,42.60511],[-2.56069,42.60507],[-2.55743,42.60587],[-2.55549,42.60696],[-2.55385,42.6074],[-2.55288,42.60822],[-2.55285,42.60823]]]}},{"type":"Feature","properties":{"COD_POSTAL":"01240"},"geometry":{"type":"Polygon","coordinates":[[[-2.49363,42.85699],[-2.49591,42.85711],[-2.50016,42.85808],[-2.50239,42.85909],[-2.50365,42.86055],[-2.50555,42.86107],[-2.51665,42.86167],[-2.51843,42.86135],[-2.52085,42.86029],[-2.52131,42.85885],[-2.52232,42.8522],[-2.52771,42.8522],[-2.52752,42.8479],[-2.52645,42.84399],[-2.52676,42.83176],[-2.52201,42.83287],[-2.51926,42.8313],[-2.51745,42.83059],[-2.51566,42.82761],[-2.51421,42.82612],[-2.51368,42.8242],[-2.51273,42.8237],[-2.51197,42.8217],[-2.51144,42.81983],[-2.51295,42.81601],[-2.51295,42.81382],[-2.51249,42.81185],[-2.51105,42.80918],[-2.51076,42.80542],[-2.50979,42.80397],[-2.51061,42.80049],[-2.51099,42.79956],[-2.51156,42.79911],[-2.51164,42.79837],[-2.51121,42.79746],[-2.51013,42.79687],[-2.50914,42.79384],[-2.50856,42.79039],[-2.50353,42.79024],[-2.50038,42.79121],[-2.49733,42.79314],[-2.49654,42.79452],[-2.49644,42.79663],[-2.49662,42.7982],[-2.49818,42.80203],[-2.4982,42.80507],[-2.49882,42.80554],[-2.49918,42.80631],[-2.4995,42.80819],[-2.50203,42.80538],[-2.50332,42.80639],[-2.50469,42.80661],[-2.50751,42.80991],[-2.50846,42.81021],[-2.5078,42.81257],[-2.50522,42.81443],[-2.5054,42.81526],[-2.50473,42.81636],[-2.50586,42.81814],[-2.50587,42.81867],[-2.5066,42.81917],[-2.50655,42.81997],[-2.50695,42.82144],[-2.50297,42.82342],[-2.50361,42.82646],[-2.50301,42.8291],[-2.50218,42.83057],[-2.49867,42.83038],[-2.49404,42.83059],[-2.49295,42.83025],[-2.49192,42.82925],[-2.48822,42.82837],[-2.48478,42.82661],[-2.48166,42.8296],[-2.48059,42.83096],[-2.48238,42.83253],[-2.48366,42.83467],[-2.48168,42.83581],[-2.48407,42.83754],[-2.48086,42.83949],[-2.4787,42.83955],[-2.47703,42.84056],[-2.47088,42.84771],[-2.4745,42.84936],[-2.47617,42.84987],[-2.47803,42.85009],[-2.48058,42.85169],[-2.4822,42.85331],[-2.48484,42.85506],[-2.48768,42.8561],[-2.48863,42.85671],[-2.49361,42.85699],[-2.49363,42.85699]]]}},{"type":"Feature","properties":{"COD_POSTAL":"01321"},"geometry":{"type":"Polygon","coordinates":[[[-2.49908,42.50509],[-2.49807,42.50514],[-2.49643,42.50565],[-2.49407,42.50676],[-2.49328,42.50922],[-2.49574,42.50959],[-2.50235,42.508],[-2.50291,42.50845],[-2.50454,42.51296],[-2.5054,42.5129],[-2.50774,42.51039],[-2.51014,42.50498],[-2.51652,42.5015],[-2.51809,42.49963],[-2.51883,42.49811],[-2.5192,42.49626],[-2.51899,42.49495],[-2.51786,42.49234],[-2.51638,42.49098],[-2.51544,42.49044],[-2.51317,42.48985],[-2.50981,42.48988],[-2.50648,42.4895],[-2.50514,42.48976],[-2.48978,42.48803],[-2.48125,42.48755],[-2.47737,42.48659],[-2.47696,42.48693],[-2.47691,42.48783],[-2.47924,42.48914],[-2.48223,42.49133],[-2.48386,42.49335],[-2.48394,42.4942],[-2.48215,42.49499],[-2.4818,42.49694],[-2.48257,42.49991],[-2.48692,42.50146],[-2.4957,42.50188],[-2.499,42.50501],[-2.49908,42.50509]]]}},{"type":"Feature","properties":{"COD_POSTAL":"01212"},"geometry":{"type":"Polygon","coordinates":[[[-2.71562,42.65015],[-2.718,42.65015],[-2.72022,42.64715],[-2.72293,42.64438],[-2.72457,42.6446],[-2.7277,42.6437],[-2.73388,42.64325],[-2.75659,42.6421],[-2.7561,42.64702],[-2.75786,42.64747],[-2.75922,42.64825],[-2.7596,42.64948],[-2.7592,42.64989],[-2.75802,42.65064],[-2.75497,42.6501],[-2.75265,42.6501],[-2.75178,42.6509],[-2.75229,42.65178],[-2.75166,42.65317],[-2.75104,42.65381],[-2.74989,42.6544],[-2.74933,42.65514],[-2.74643,42.65573],[-2.74494,42.65676],[-2.74409,42.65806],[-2.73504,42.66209],[-2.74048,42.6642],[-2.74634,42.66509],[-2.7482,42.66564],[-2.75328,42.66535],[-2.75754,42.66601],[-2.75872,42.66604],[-2.76062,42.66566],[-2.76695,42.66589],[-2.77462,42.66712],[-2.77875,42.6661],[-2.78459,42.66545],[-2.78654,42.6646],[-2.787,42.6635],[-2.7905,42.66297],[-2.79103,42.66402],[-2.79261,42.66519],[-2.79564,42.66814],[-2.79692,42.66846],[-2.79846,42.66933],[-2.80182,42.67055],[-2.80549,42.67141],[-2.80555,42.67208],[-2.80628,42.67343],[-2.80707,42.67597],[-2.81066,42.67516],[-2.81422,42.67531],[-2.8166,42.67622],[-2.81692,42.6786],[-2.81886,42.679],[-2.82195,42.67836],[-2.82791,42.67985],[-2.8315,42.682],[-2.83525,42.68506],[-2.8374,42.68564],[-2.83946,42.68553],[-2.84125,42.68305],[-2.84258,42.68188],[-2.84538,42.68026],[-2.84934,42.67864],[-2.8519,42.67821],[-2.85168,42.676],[-2.85281,42.67325],[-2.85509,42.67216],[-2.85569,42.67145],[-2.85845,42.67045],[-2.85943,42.67021],[-2.86519,42.67025],[-2.86743,42.6699],[-2.87105,42.66988],[-2.87255,42.67014],[-2.87483,42.67176],[-2.88044,42.67165],[-2.88231,42.67183],[-2.89315,42.6747],[-2.89527,42.67626],[-2.89709,42.67695],[-2.8999,42.67295],[-2.89953,42.67226],[-2.89772,42.67041],[-2.89724,42.66971],[-2.89729,42.6694],[-2.89784,42.66887],[-2.9007,42.66781],[-2.89947,42.66547],[-2.89687,42.65911],[-2.89634,42.65556],[-2.89606,42.65503],[-2.89494,42.65414],[-2.89045,42.65148],[-2.88995,42.65098],[-2.88913,42.64923],[-2.88873,42.64892],[-2.87643,42.64407],[-2.8737,42.64239],[-2.8728,42.64108],[-2.87171,42.64017],[-2.86906,42.63892],[-2.86676,42.63862],[-2.86127,42.63909],[-2.85892,42.63881],[-2.85809,42.63821],[-2.85421,42.63664],[-2.84289,42.6296],[-2.84224,42.62794],[-2.84308,42.62346],[-2.84808,42.61718],[-2.84759,42.61606],[-2.84443,42.61432],[-2.84187,42.61008],[-2.8418,42.6086],[-2.84001,42.60849],[-2.83714,42.60871],[-2.83435,42.60918],[-2.828,42.61194],[-2.82628,42.61254],[-2.82429,42.61275],[-2.8199,42.6145],[-2.81308,42.61538],[-2.79852,42.62363],[-2.79458,42.62714],[-2.77705,42.62754],[-2.77449,42.6247],[-2.76948,42.62177],[-2.76593,42.62003],[-2.76372,42.62284],[-2.76044,42.61997],[-2.75661,42.619],[-2.74943,42.62372],[-2.74649,42.62314],[-2.74077,42.62255],[-2.73619,42.61916],[-2.73057,42.61762],[-2.72817,42.61361],[-2.72422,42.61052],[-2.72278,42.60899],[-2.71898,42.60625],[-2.716,42.6053],[-2.71397,42.60349],[-2.71114,42.60168],[-2.70794,42.60025],[-2.69995,42.59814],[-2.68868,42.59595],[-2.68616,42.59509],[-2.68507,42.59496],[-2.68158,42.59562],[-2.68389,42.59787],[-2.68422,42.5985],[-2.68409,42.59934],[-2.68346,42.60014],[-2.68349,42.60091],[-2.683,42.6024],[-2.68182,42.60344],[-2.68008,42.60409],[-2.67866,42.6058],[-2.67558,42.60683],[-2.67081,42.61464],[-2.6682,42.61573],[-2.6654,42.6173],[-2.66454,42.61858],[-2.6635,42.6195],[-2.66325,42.62044],[-2.66327,42.62273],[-2.66293,42.62309],[-2.66372,42.62392],[-2.66158,42.62534],[-2.66067,42.62633],[-2.65274,42.63137],[-2.64773,42.63239],[-2.64825,42.63363],[-2.64724,42.63476],[-2.6477,42.63529],[-2.64866,42.63543],[-2.64942,42.63591],[-2.64955,42.63635],[-2.65,42.6365],[-2.65189,42.6361],[-2.65486,42.63633],[-2.6558,42.6362],[-2.65586,42.63602],[-2.65729,42.63861],[-2.66007,42.64065],[-2.65672,42.64429],[-2.6545,42.64476],[-2.67258,42.6579],[-2.69738,42.65159],[-2.70989,42.65158],[-2.71356,42.65033],[-2.71562,42.65015]]]}},{"type":"Feature","properties":{"COD_POSTAL":"01439"},"geometry":{"type":"Polygon","coordinates":[[[-2.82811,42.91257],[-2.82924,42.91262],[-2.83215,42.91216],[-2.83413,42.91232],[-2.83582,42.91274],[-2.83906,42.91245],[-2.84103,42.91348],[-2.84313,42.91358],[-2.84598,42.91453],[-2.84761,42.91443],[-2.84887,42.91477],[-2.85095,42.91491],[-2.85386,42.91576],[-2.85471,42.91574],[-2.85615,42.91459],[-2.86165,42.91884],[-2.86618,42.92122],[-2.86807,42.92187],[-2.87009,42.92083],[-2.87255,42.92059],[-2.87459,42.92006],[-2.87613,42.92004],[-2.87925,42.92055],[-2.88062,42.92104],[-2.88121,42.92147],[-2.88157,42.92228],[-2.88686,42.92442],[-2.88689,42.92489],[-2.88984,42.92504],[-2.8905,42.92388],[-2.89175,42.92325],[-2.9007,42.92623],[-2.90152,42.92773],[-2.90217,42.92968],[-2.90569,42.9321],[-2.92761,42.93773],[-2.92928,42.93165],[-2.93951,42.92852],[-2.94495,42.92815],[-2.95317,42.92894],[-2.95829,42.93052],[-2.96967,42.93648],[-2.97525,42.93816],[-2.97616,42.93734],[-2.97691,42.93701],[-2.97702,42.93664],[-2.9779,42.93661],[-2.97832,42.93689],[-2.97838,42.93734],[-2.98036,42.93757],[-2.98079,42.93803],[-2.98078,42.93874],[-2.98136,42.93898],[-2.98495,42.93555],[-2.98778,42.93465],[-2.99136,42.93455],[-2.99764,42.92624],[-3.0027,42.92789],[-3.00532,42.92673],[-3.01026,42.92251],[-3.01277,42.91964],[-3.01439,42.91896],[-3.01645,42.91489],[-3.01623,42.91055],[-3.01273,42.90847],[-3.01297,42.90664],[-3.0143,42.9026],[-3.01438,42.90188],[-3.01408,42.90087],[-3.01365,42.90039],[-3.00785,42.89738],[-3.00575,42.89479],[-3.00557,42.8914],[-3.00254,42.88788],[-3.00218,42.88577],[-3.00159,42.8844],[-2.99959,42.88269],[-2.99599,42.88035],[-2.99219,42.87871],[-2.99177,42.8783],[-2.99174,42.87782],[-2.99106,42.87718],[-2.99072,42.87618],[-2.98977,42.87582],[-2.98883,42.8758],[-2.98665,42.8748],[-2.98092,42.8734],[-2.97837,42.8722],[-2.97544,42.87272],[-2.97121,42.87187],[-2.96909,42.87202],[-2.96782,42.87154],[-2.96453,42.87136],[-2.95933,42.87051],[-2.95763,42.86986],[-2.95381,42.86922],[-2.94674,42.86673],[-2.94208,42.86597],[-2.93899,42.86465],[-2.93603,42.86244],[-2.93073,42.86199],[-2.92895,42.86142],[-2.92878,42.86109],[-2.92717,42.86051],[-2.92634,42.86072],[-2.92382,42.86031],[-2.92345,42.86054],[-2.92328,42.86042],[-2.92354,42.86026],[-2.92283,42.85987],[-2.92077,42.85941],[-2.9181,42.85815],[-2.9178,42.85702],[-2.9171,42.85587],[-2.91598,42.85498],[-2.91549,42.85405],[-2.91286,42.85235],[-2.91148,42.85098],[-2.9095,42.84998],[-2.90793,42.84975],[-2.90723,42.84923],[-2.90737,42.84879],[-2.90615,42.84861],[-2.90557,42.84823],[-2.90543,42.84743],[-2.90494,42.84691],[-2.90503,42.84614],[-2.90071,42.8418],[-2.9003,42.84114],[-2.90034,42.84079],[-2.89831,42.83793],[-2.89727,42.83757],[-2.8968,42.83611],[-2.89389,42.83398],[-2.89006,42.83358],[-2.88987,42.83546],[-2.88833,42.83732],[-2.88566,42.84143],[-2.88504,42.8402],[-2.88513,42.83957],[-2.87719,42.84173],[-2.87376,42.84233],[-2.87087,42.84322],[-2.8678,42.84385],[-2.86286,42.84311],[-2.85422,42.84406],[-2.85029,42.84632],[-2.84622,42.8466],[-2.83557,42.85135],[-2.84593,42.85635],[-2.84889,42.86101],[-2.84764,42.86254],[-2.84766,42.86597],[-2.85,42.86725],[-2.85497,42.87128],[-2.85063,42.87343],[-2.85207,42.87526],[-2.85339,42.87759],[-2.85359,42.88576],[-2.8532,42.88721],[-2.85059,42.89155],[-2.8475,42.89361],[-2.83763,42.89904],[-2.83294,42.90526],[-2.8336,42.90685],[-2.8336,42.90739],[-2.83316,42.90808],[-2.82898,42.91206],[-2.82811,42.91257]],[[-2.87368,42.85552],[-2.88986,42.86049],[-2.89766,42.86049],[-2.90711,42.86679],[-2.90418,42.87823],[-2.89377,42.87402],[-2.88665,42.87348],[-2.88268,42.87453],[-2.87194,42.8724],[-2.87142,42.87213],[-2.87063,42.87023],[-2.87136,42.86982],[-2.8713,42.86759],[-2.87167,42.8652],[-2.87168,42.86227],[-2.87279,42.85911],[-2.87244,42.85804],[-2.87258,42.85716],[-2.87291,42.85625],[-2.87364,42.85557],[-2.87368,42.85552]]]}},{"type":"Feature","properties":{"COD_POSTAL":"01200"},"geometry":{"type":"MultiPolygon","coordinates":[[[[-2.40558,42.89423],[-2.40641,42.89489],[-2.41163,42.89402],[-2.41137,42.89325],[-2.41023,42.89158],[-2.41142,42.89172],[-2.41332,42.89256],[-2.41545,42.89256],[-2.41705,42.89359],[-2.41862,42.89382],[-2.4195,42.89426],[-2.42079,42.89409],[-2.42191,42.89328],[-2.42441,42.89216],[-2.42338,42.89041],[-2.42222,42.88688],[-2.42209,42.88541],[-2.41989,42.88574],[-2.41694,42.88497],[-2.41391,42.88363],[-2.41257,42.88193],[-2.40885,42.88194],[-2.40541,42.8851],[-2.40206,42.88353],[-2.40246,42.88635],[-2.40557,42.89421],[-2.40558,42.89423]]],[[[-2.37132,42.84671],[-2.37128,42.84688],[-2.36665,42.84689],[-2.36784,42.85239],[-2.36856,42.85306],[-2.36761,42.85526],[-2.36563,42.85681],[-2.35604,42.85453],[-2.36285,42.86029],[-2.36603,42.86542],[-2.36409,42.86654],[-2.38128,42.86952],[-2.38756,42.87565],[-2.38832,42.87856],[-2.39089,42.87941],[-2.39577,42.87974],[-2.3958,42.87882],[-2.39531,42.8772],[-2.39535,42.8745],[-2.39785,42.8707],[-2.39907,42.86929],[-2.39921,42.8676],[-2.40909,42.86221],[-2.41441,42.86679],[-2.41975,42.86658],[-2.4234,42.86604],[-2.4271,42.86449],[-2.42817,42.86364],[-2.42822,42.86209],[-2.42777,42.86119],[-2.42777,42.86028],[-2.4283,42.85877],[-2.42769,42.85704],[-2.42777,42.85621],[-2.42727,42.85529],[-2.42495,42.85346],[-2.42461,42.85296],[-2.42476,42.85251],[-2.42681,42.85045],[-2.42574,42.8497],[-2.42489,42.84957],[-2.42295,42.84855],[-2.42243,42.84778],[-2.42238,42.84725],[-2.4229,42.84642],[-2.40899,42.83904],[-2.39805,42.83844],[-2.37849,42.84354],[-2.37133,42.84671],[-2.37132,42.84671]]]]}},{"type":"Feature","properties":{"COD_POSTAL":"01005"},"geometry":{"type":"Polygon","coordinates":[[[-2.67092,42.84581],[-2.67109,42.84565],[-2.67093,42.84527],[-2.67144,42.84527],[-2.67229,42.84592],[-2.67254,42.84599],[-2.67304,42.84559],[-2.67389,42.84607],[-2.67365,42.84632],[-2.67509,42.84656],[-2.67568,42.84645],[-2.67666,42.84581],[-2.67659,42.84508],[-2.67568,42.84466],[-2.67559,42.84402],[-2.67611,42.84361],[-2.67543,42.84348],[-2.6752,42.84304],[-2.67644,42.8427],[-2.67605,42.84175],[-2.67424,42.84134],[-2.6736,42.84067],[-2.67247,42.84104],[-2.66666,42.84075],[-2.66668,42.84194],[-2.6671,42.84255],[-2.6684,42.84348],[-2.66828,42.8442],[-2.67092,42.84582],[-2.67092,42.84581]]]}},{"type":"Feature","properties":{"COD_POSTAL":"01160"},"geometry":{"type":"Polygon","coordinates":[[[-2.53186,43.05723],[-2.53401,43.05974],[-2.53936,43.06254],[-2.54142,43.06615],[-2.54218,43.07056],[-2.54589,43.07253],[-2.54646,43.07331],[-2.54777,43.07424],[-2.54565,43.07624],[-2.54017,43.07641],[-2.54714,43.08496],[-2.5448,43.08751],[-2.54631,43.08801],[-2.54977,43.08667],[-2.55181,43.08649],[-2.55588,43.08552],[-2.55844,43.08443],[-2.56,43.08475],[-2.57791,43.06472],[-2.57873,43.06344],[-2.58118,43.0622],[-2.5805,43.05828],[-2.57856,43.05626],[-2.57912,43.05491],[-2.58076,43.05406],[-2.58045,43.05043],[-2.57647,43.04722],[-2.57537,43.0444],[-2.57095,43.04257],[-2.56578,43.04337],[-2.56426,43.04324],[-2.56263,43.04482],[-2.56283,43.04569],[-2.56446,43.04722],[-2.56447,43.04834],[-2.56393,43.04911],[-2.56294,43.04981],[-2.56112,43.05027],[-2.5591,43.05176],[-2.55816,43.05188],[-2.55511,43.05416],[-2.55261,43.05535],[-2.54577,43.0544],[-2.54337,43.056],[-2.53179,43.05716],[-2.53186,43.05723]]]}},{"type":"Feature","properties":{"COD_POSTAL":"01260"},"geometry":{"type":"Polygon","coordinates":[[[-2.25096,42.89564],[-2.25601,42.89823],[-2.26046,42.89923],[-2.26541,42.89933],[-2.27084,42.90047],[-2.27203,42.90151],[-2.27397,42.90155],[-2.28723,42.8807],[-2.28934,42.87982],[-2.29569,42.87815],[-2.29652,42.87548],[-2.29654,42.87074],[-2.29789,42.86939],[-2.29924,42.86874],[-2.30246,42.86446],[-2.30103,42.86298],[-2.3008,42.86128],[-2.29932,42.85924],[-2.29937,42.85751],[-2.29828,42.85547],[-2.29843,42.85337],[-2.29761,42.84943],[-2.29331,42.84936],[-2.28592,42.84819],[-2.2844,42.8477],[-2.28287,42.8477],[-2.28064,42.84728],[-2.27665,42.8453],[-2.27387,42.84425],[-2.27203,42.84309],[-2.27084,42.84202],[-2.26917,42.84129],[-2.26612,42.84443],[-2.26398,42.84423],[-2.26228,42.84448],[-2.26045,42.84571],[-2.25913,42.84605],[-2.25693,42.84737],[-2.25565,42.84722],[-2.25225,42.84756],[-2.2393,42.85033],[-2.23609,42.85083],[-2.23567,42.85055],[-2.23494,42.85068],[-2.23745,42.85595],[-2.24026,42.86097],[-2.24105,42.86309],[-2.24138,42.86563],[-2.24104,42.86915],[-2.24232,42.87493],[-2.24264,42.88036],[-2.24254,42.88311],[-2.24301,42.88545],[-2.24368,42.88719],[-2.25328,42.89265],[-2.25069,42.8955],[-2.25096,42.89564]]]}},{"type":"Feature","properties":{"COD_POSTAL":"01306"},"geometry":{"type":"Polygon","coordinates":[[[-2.54986,42.49406],[-2.54982,42.49445],[-2.55324,42.49767],[-2.55592,42.5008],[-2.55717,42.50314],[-2.56637,42.50576],[-2.57448,42.50752],[-2.58122,42.50426],[-2.58629,42.50023],[-2.588,42.4976],[-2.5877,42.49322],[-2.58881,42.4921],[-2.58939,42.49032],[-2.59167,42.48649],[-2.59252,42.48384],[-2.59124,42.48274],[-2.59026,42.48322],[-2.5887,42.48353],[-2.57923,42.48285],[-2.57805,42.48297],[-2.57708,42.48403],[-2.57571,42.48866],[-2.57452,42.49101],[-2.57381,42.49191],[-2.57195,42.49311],[-2.56984,42.49382],[-2.56787,42.49416],[-2.56703,42.49387],[-2.56585,42.49299],[-2.55865,42.48629],[-2.55573,42.48446],[-2.55435,42.48404],[-2.54903,42.48445],[-2.54926,42.48513],[-2.54698,42.48652],[-2.54483,42.48862],[-2.54616,42.48882],[-2.54759,42.48944],[-2.5495,42.49067],[-2.55025,42.4919],[-2.54986,42.49316],[-2.54986,42.494],[-2.54986,42.49406]]]}},{"type":"Feature","properties":{"COD_POSTAL":"01207"},"geometry":{"type":"Polygon","coordinates":[[[-2.46645,42.78842],[-2.45409,42.7898],[-2.45115,42.79144],[-2.44901,42.79152],[-2.44559,42.79305],[-2.44384,42.79282],[-2.44255,42.79343],[-2.44177,42.79348],[-2.43826,42.79251],[-2.4355,42.7936],[-2.4344,42.79377],[-2.4309,42.79574],[-2.42981,42.79731],[-2.42725,42.79763],[-2.42557,42.79876],[-2.42411,42.80174],[-2.42264,42.80286],[-2.42289,42.80328],[-2.42465,42.80419],[-2.42267,42.80367],[-2.41949,42.80368],[-2.41764,42.80445],[-2.41712,42.8049],[-2.41551,42.80465],[-2.41375,42.80474],[-2.40954,42.80642],[-2.40671,42.80664],[-2.40505,42.80642],[-2.40193,42.80555],[-2.38578,42.80401],[-2.38514,42.80351],[-2.37997,42.80417],[-2.37251,42.80386],[-2.36504,42.80486],[-2.36003,42.80498],[-2.35772,42.80469],[-2.35417,42.80487],[-2.35054,42.80565],[-2.3487,42.80668],[-2.34667,42.80743],[-2.34557,42.80866],[-2.3439,42.80975],[-2.33375,42.81469],[-2.33346,42.81592],[-2.33282,42.81614],[-2.3328,42.81664],[-2.33224,42.81744],[-2.3319,42.81729],[-2.32726,42.82148],[-2.3271,42.82281],[-2.32625,42.82437],[-2.32357,42.82553],[-2.32252,42.82656],[-2.322,42.82761],[-2.32001,42.82745],[-2.31684,42.82784],[-2.31477,42.82782],[-2.31047,42.82897],[-2.30683,42.83041],[-2.29821,42.83482],[-2.29905,42.8372],[-2.30347,42.83997],[-2.3067,42.84267],[-2.30791,42.8442],[-2.30866,42.84627],[-2.30546,42.84705],[-2.30446,42.84832],[-2.30199,42.84791],[-2.29761,42.84943],[-2.29843,42.85337],[-2.29828,42.85547],[-2.29937,42.85751],[-2.29932,42.85926],[-2.3008,42.86128],[-2.30103,42.86298],[-2.30412,42.86641],[-2.30434,42.86706],[-2.3041,42.86867],[-2.30892,42.87014],[-2.31119,42.86804],[-2.31776,42.86864],[-2.31996,42.86783],[-2.32282,42.86597],[-2.3281,42.86531],[-2.33915,42.86724],[-2.34443,42.86631],[-2.35445,42.8655],[-2.36493,42.86371],[-2.36285,42.86029],[-2.35604,42.85453],[-2.36563,42.85681],[-2.36761,42.85526],[-2.36856,42.85306],[-2.36784,42.85239],[-2.36665,42.84689],[-2.37128,42.84688],[-2.37849,42.84354],[-2.39805,42.83844],[-2.40899,42.83904],[-2.4229,42.84642],[-2.423,42.84432],[-2.42361,42.84277],[-2.42364,42.84145],[-2.42161,42.83672],[-2.42021,42.83491],[-2.41776,42.83269],[-2.42292,42.82883],[-2.42722,42.82757],[-2.43432,42.8234],[-2.445,42.82691],[-2.44163,42.8335],[-2.4441,42.83574],[-2.45215,42.83763],[-2.45905,42.83974],[-2.46753,42.8466],[-2.47088,42.84771],[-2.47703,42.84056],[-2.47187,42.83815],[-2.46924,42.83476],[-2.46564,42.83225],[-2.46764,42.83118],[-2.47002,42.83095],[-2.47102,42.82996],[-2.47039,42.82767],[-2.47353,42.82722],[-2.47471,42.82837],[-2.47734,42.82907],[-2.48166,42.8296],[-2.48478,42.82661],[-2.48364,42.82541],[-2.48455,42.82479],[-2.48293,42.82324],[-2.48257,42.82134],[-2.48298,42.81734],[-2.48383,42.81614],[-2.48449,42.81219],[-2.4839,42.81111],[-2.48374,42.81024],[-2.48283,42.8098],[-2.48279,42.8086],[-2.48422,42.80652],[-2.48456,42.80563],[-2.48409,42.80499],[-2.48385,42.80345],[-2.48538,42.80052],[-2.48466,42.79831],[-2.48652,42.79688],[-2.4885,42.79477],[-2.49055,42.79517],[-2.49188,42.79275],[-2.48948,42.79156],[-2.48768,42.78967],[-2.48303,42.78652],[-2.48153,42.78597],[-2.47919,42.78554],[-2.47686,42.78531],[-2.47405,42.78636],[-2.4718,42.78629],[-2.46963,42.78682],[-2.46983,42.78803],[-2.46866,42.78835],[-2.46653,42.78842],[-2.46645,42.78842]]]}},{"type":"Feature","properties":{"COD_POSTAL":"01308"},"geometry":{"type":"Polygon","coordinates":[[[-2.51392,42.51804],[-2.51319,42.51926],[-2.51175,42.51992],[-2.50885,42.51992],[-2.50726,42.51875],[-2.50564,42.5146],[-2.5054,42.5129],[-2.50454,42.51296],[-2.50291,42.50845],[-2.50235,42.508],[-2.49574,42.50959],[-2.49328,42.50922],[-2.49407,42.50676],[-2.49643,42.50565],[-2.49807,42.50514],[-2.49908,42.50509],[-2.4957,42.50188],[-2.48692,42.50146],[-2.48257,42.49991],[-2.48011,42.5004],[-2.4745,42.50074],[-2.4767,42.50289],[-2.47794,42.50472],[-2.47975,42.50671],[-2.48037,42.50899],[-2.47999,42.50963],[-2.48004,42.51076],[-2.48153,42.51315],[-2.48168,42.51403],[-2.48149,42.5148],[-2.48218,42.51549],[-2.48277,42.51708],[-2.48359,42.51774],[-2.48409,42.51884],[-2.48441,42.52091],[-2.4844,42.52326],[-2.48013,42.52723],[-2.4806,42.53315],[-2.48266,42.53655],[-2.48324,42.53967],[-2.48472,42.54231],[-2.4856,42.54856],[-2.48474,42.55315],[-2.48278,42.55796],[-2.48097,42.56045],[-2.48224,42.56257],[-2.48307,42.5651],[-2.48386,42.56941],[-2.48331,42.57235],[-2.48581,42.57329],[-2.48887,42.5749],[-2.4885,42.57677],[-2.48747,42.57863],[-2.48783,42.58018],[-2.48931,42.58175],[-2.49007,42.58318],[-2.49022,42.58418],[-2.49004,42.58483],[-2.49064,42.58533],[-2.48998,42.58627],[-2.49041,42.58772],[-2.49197,42.59072],[-2.49371,42.59323],[-2.49407,42.60106],[-2.49465,42.60273],[-2.4957,42.60453],[-2.49669,42.60609],[-2.49779,42.60704],[-2.49833,42.60806],[-2.49909,42.61018],[-2.49873,42.61272],[-2.50516,42.61266],[-2.50391,42.61672],[-2.50802,42.61725],[-2.50933,42.61704],[-2.51294,42.61706],[-2.5183,42.61632],[-2.52021,42.61574],[-2.52242,42.61429],[-2.52467,42.61471],[-2.52459,42.61427],[-2.52946,42.61004],[-2.52943,42.60958],[-2.52988,42.60899],[-2.53149,42.6085],[-2.53273,42.60776],[-2.53111,42.60647],[-2.53228,42.58778],[-2.52938,42.58852],[-2.52987,42.58548],[-2.52955,42.58448],[-2.52989,42.58179],[-2.52975,42.58049],[-2.53049,42.57943],[-2.52953,42.5782],[-2.52925,42.57733],[-2.52948,42.57682],[-2.52937,42.57593],[-2.52689,42.57441],[-2.52651,42.57363],[-2.5261,42.57335],[-2.52618,42.5728],[-2.52496,42.5713],[-2.52434,42.57103],[-2.52427,42.57065],[-2.5223,42.56995],[-2.52561,42.56899],[-2.52625,42.5672],[-2.52546,42.56159],[-2.52522,42.55764],[-2.51837,42.55118],[-2.51856,42.55003],[-2.51846,42.54665],[-2.51727,42.54201],[-2.51938,42.53743],[-2.51954,42.53632],[-2.51938,42.53602],[-2.51996,42.53489],[-2.51851,42.53289],[-2.51884,42.53266],[-2.51842,42.53218],[-2.51887,42.53156],[-2.51827,42.53093],[-2.5181,42.53037],[-2.51882,42.5285],[-2.51664,42.52541],[-2.51691,42.52507],[-2.51712,42.52548],[-2.51736,42.52547],[-2.51791,42.52468],[-2.5181,42.52371],[-2.51791,42.52285],[-2.51843,42.52253],[-2.51938,42.52243],[-2.51918,42.52143],[-2.51875,42.52105],[-2.51982,42.52061],[-2.51935,42.52038],[-2.51904,42.51959],[-2.5261,42.51889],[-2.52812,42.51742],[-2.52793,42.51533],[-2.52306,42.51448],[-2.51535,42.51582],[-2.51403,42.51683],[-2.51391,42.51782],[-2.51392,42.51804]]]}},{"type":"Feature","properties":{"COD_POSTAL":"01468"},"geometry":{"type":"MultiPolygon","coordinates":[[[[-3.01941,43.03516],[-3.02087,43.03256],[-3.02526,43.02853],[-3.03062,43.02525],[-3.03246,43.02494],[-3.03323,43.02439],[-3.03282,43.02224],[-3.03248,43.022],[-3.0327,43.02091],[-3.03256,43.02044],[-3.02808,43.01865],[-3.02088,43.01814],[-3.01879,43.01772],[-3.01515,43.0162],[-3.00714,43.0134],[-2.99786,43.01426],[-2.99299,43.01348],[-2.98917,43.01334],[-2.98604,43.01213],[-2.98378,43.0087],[-2.98632,43.00575],[-2.99378,42.99867],[-2.98639,42.99239],[-2.98052,42.99397],[-2.97886,42.99468],[-2.9754,42.99528],[-2.97173,42.99645],[-2.96821,42.99836],[-2.96648,42.99971],[-2.96637,43.00115],[-2.96465,43.00077],[-2.96466,43.00371],[-2.97182,43.00871],[-2.97893,43.00898],[-2.98226,43.01255],[-2.99002,43.01625],[-2.99993,43.01705],[-3.00199,43.01937],[-3.00426,43.02011],[-3.00539,43.02271],[-3.00386,43.02398],[-3.00381,43.02629],[-2.99858,43.02831],[-2.99571,43.02871],[-2.99573,43.03033],[-2.99525,43.03179],[-2.99274,43.03404],[-2.989,43.03376],[-2.9885,43.03492],[-2.98634,43.03751],[-2.98596,43.03739],[-2.98623,43.03411],[-2.98405,43.03495],[-2.98289,43.03405],[-2.98132,43.03548],[-2.97899,43.03406],[-2.97847,43.03572],[-2.97539,43.036],[-2.9736,43.03651],[-2.97305,43.03605],[-2.97217,43.03638],[-2.97043,43.03626],[-2.96968,43.03572],[-2.9684,43.03571],[-2.96805,43.03693],[-2.96358,43.03855],[-2.96288,43.0403],[-2.95845,43.04192],[-2.95598,43.04201],[-2.9541,43.04582],[-2.95312,43.05272],[-2.95416,43.05514],[-2.96774,43.05173],[-2.97227,43.05292],[-2.98228,43.05028],[-2.9828,43.04907],[-2.98661,43.04706],[-2.98751,43.04718],[-2.9886,43.04796],[-2.99153,43.04678],[-2.992,43.04686],[-2.99289,43.0461],[-2.99227,43.04493],[-2.99213,43.04391],[-2.99367,43.04114],[-2.99046,43.03971],[-2.99021,43.03912],[-2.99274,43.03543],[-2.99622,43.03371],[-2.99789,43.03324],[-3.00113,43.0348],[-3.00245,43.03297],[-3.00365,43.03285],[-3.00513,43.03384],[-3.00476,43.03509],[-3.00736,43.03596],[-3.0074,43.03615],[-3.0142,43.03569],[-3.01761,43.03644],[-3.01941,43.03516]]],[[[-2.97525,42.93816],[-2.97423,42.93905],[-2.975,42.93949],[-2.9744,42.94076],[-2.97279,42.94137],[-2.97226,42.9418],[-2.97243,42.9422],[-2.97305,42.94259],[-2.97256,42.94308],[-2.97341,42.94365],[-2.97359,42.94402],[-2.97241,42.94474],[-2.97281,42.94605],[-2.97248,42.94673],[-2.97155,42.9472],[-2.97254,42.94931],[-2.97273,42.95044],[-2.97247,42.9511],[-2.97195,42.95141],[-2.9718,42.95228],[-2.97151,42.9525],[-2.97165,42.95268],[-2.97124,42.95284],[-2.97168,42.95365],[-2.97135,42.95393],[-2.97145,42.95412],[-2.9711,42.9542],[-2.97144,42.95475],[-2.97065,42.9548],[-2.97085,42.95513],[-2.97066,42.95585],[-2.97025,42.9564],[-2.97034,42.95687],[-2.97001,42.95695],[-2.97012,42.95783],[-2.96968,42.95806],[-2.96941,42.95896],[-2.96933,42.95974],[-2.97006,42.96104],[-2.96871,42.96373],[-2.96812,42.96565],[-2.96906,42.96718],[-2.96902,42.96817],[-2.96441,42.96737],[-2.9629,42.96808],[-2.96155,42.96807],[-2.96071,42.96851],[-2.96033,42.969],[-2.96035,42.96972],[-2.95992,42.97099],[-2.96008,42.97163],[-2.96073,42.97243],[-2.96137,42.97527],[-2.95966,42.97608],[-2.96018,42.97671],[-2.95866,42.97989],[-2.9589,42.98172],[-2.95701,42.98282],[-2.95537,42.98433],[-2.95475,42.98547],[-2.95484,42.98657],[-2.95573,42.98918],[-2.95577,42.99012],[-2.95511,42.9932],[-2.95828,42.99444],[-2.96245,42.9932],[-2.96378,42.9924],[-2.96776,42.99173],[-2.97069,42.98974],[-2.974,42.98864],[-2.98221,42.98887],[-2.98417,42.98816],[-2.99252,42.98891],[-2.99454,42.98843],[-3.00038,42.98959],[-3.0038,42.9864],[-3.00361,42.98407],[-3.00446,42.9822],[-3.01405,42.98208],[-3.02088,42.98247],[-3.0249,42.98239],[-3.03223,42.98359],[-3.03696,42.98223],[-3.03791,42.97993],[-3.03862,42.97919],[-3.03941,42.97731],[-3.04158,42.97545],[-3.04465,42.97416],[-3.04478,42.97393],[-3.04489,42.97339],[-3.04399,42.97316],[-3.04148,42.96992],[-3.04062,42.96943],[-3.0378,42.96941],[-3.03816,42.96869],[-3.0339,42.96668],[-3.03204,42.96649],[-3.02925,42.96534],[-3.02827,42.96389],[-3.027,42.96287],[-3.02313,42.96142],[-3.02038,42.96098],[-3.01973,42.96035],[-3.02017,42.95845],[-3.02151,42.9575],[-3.01963,42.95502],[-3.0188,42.95437],[-3.01751,42.95373],[-3.01393,42.95311],[-3.01162,42.95245],[-3.00884,42.9527],[-3.00694,42.95217],[-3.00433,42.95309],[-3.00112,42.95357],[-2.99608,42.95287],[-2.99398,42.95148],[-2.99287,42.95044],[-2.99147,42.94768],[-2.99071,42.94693],[-2.98702,42.945],[-2.98482,42.94423],[-2.98474,42.94356],[-2.98321,42.94207],[-2.98335,42.94069],[-2.98132,42.9397],[-2.98136,42.93898],[-2.98078,42.93874],[-2.98079,42.93803],[-2.98036,42.93757],[-2.97838,42.93734],[-2.97818,42.93675],[-2.97708,42.93663],[-2.97691,42.93701],[-2.97616,42.93734],[-2.97526,42.93815],[-2.97525,42.93816]]]]}},{"type":"Feature","properties":{"COD_POSTAL":"01449"},"geometry":{"type":"Polygon","coordinates":[[[-2.90493,42.93229],[-2.90554,42.932],[-2.90217,42.92968],[-2.90152,42.92773],[-2.9007,42.92623],[-2.89175,42.92325],[-2.8905,42.92388],[-2.88984,42.92504],[-2.88689,42.92489],[-2.88686,42.92442],[-2.88157,42.92228],[-2.88121,42.92147],[-2.88062,42.92104],[-2.87925,42.92055],[-2.87613,42.92004],[-2.87459,42.92006],[-2.87255,42.92059],[-2.87009,42.92083],[-2.86807,42.92187],[-2.8697,42.92608],[-2.86878,42.92803],[-2.86898,42.92995],[-2.87044,42.93216],[-2.8704,42.93397],[-2.87096,42.9357],[-2.87149,42.93615],[-2.87358,42.93675],[-2.87753,42.93967],[-2.87916,42.9423],[-2.87809,42.94214],[-2.87655,42.94322],[-2.87495,42.94542],[-2.87515,42.94736],[-2.8747,42.94908],[-2.8758,42.94983],[-2.87658,42.95086],[-2.87682,42.95217],[-2.87602,42.95476],[-2.87589,42.95826],[-2.87486,42.96046],[-2.87444,42.96218],[-2.87376,42.96766],[-2.87524,42.96819],[-2.87576,42.96968],[-2.87673,42.97006],[-2.87736,42.97127],[-2.87827,42.97147],[-2.88074,42.97298],[-2.88157,42.97284],[-2.88293,42.97302],[-2.8842,42.97424],[-2.88368,42.97665],[-2.88294,42.97738],[-2.88407,42.97999],[-2.88358,42.98114],[-2.88246,42.98202],[-2.88245,42.98237],[-2.88207,42.98245],[-2.88206,42.98277],[-2.88124,42.98374],[-2.88121,42.98429],[-2.88079,42.98462],[-2.88121,42.98517],[-2.8819,42.98527],[-2.88265,42.98595],[-2.88244,42.98642],[-2.8829,42.98679],[-2.88272,42.98728],[-2.88321,42.98801],[-2.88332,42.9887],[-2.88312,42.99014],[-2.8838,42.99053],[-2.88443,42.99147],[-2.88483,42.99145],[-2.88482,42.99192],[-2.88543,42.99218],[-2.88544,42.99269],[-2.88595,42.99303],[-2.8855,42.99384],[-2.88603,42.99388],[-2.88649,42.99471],[-2.88779,42.99561],[-2.88891,42.99597],[-2.88961,42.99676],[-2.89195,42.99843],[-2.89287,42.99885],[-2.89463,42.99901],[-2.89508,43.00031],[-2.89681,43.00121],[-2.89724,43.00186],[-2.89724,43.00232],[-2.89816,43.00261],[-2.89979,43.0037],[-2.90057,43.00509],[-2.90158,43.00464],[-2.90292,43.00643],[-2.90239,43.00806],[-2.90264,43.0093],[-2.90466,43.01049],[-2.90406,43.01127],[-2.90413,43.01163],[-2.90605,43.01353],[-2.90858,43.01512],[-2.90976,43.01548],[-2.91001,43.01655],[-2.91056,43.01641],[-2.91101,43.01668],[-2.91148,43.0174],[-2.91348,43.0189],[-2.91374,43.01936],[-2.91364,43.02015],[-2.91387,43.02033],[-2.91486,43.02008],[-2.91467,43.0196],[-2.9152,43.01846],[-2.91653,43.01704],[-2.9164,43.0161],[-2.91687,43.01565],[-2.91891,43.0155],[-2.92095,43.01605],[-2.92339,43.01528],[-2.92389,43.01591],[-2.92542,43.01592],[-2.92776,43.01641],[-2.92945,43.01588],[-2.93069,43.01451],[-2.93385,43.01411],[-2.93667,43.01191],[-2.93509,43.0095],[-2.93491,43.00853],[-2.93539,43.00808],[-2.93646,43.00781],[-2.93798,43.00821],[-2.93963,43.00958],[-2.94179,43.0077],[-2.94154,43.00431],[-2.9496,43.00007],[-2.95552,42.99895],[-2.95828,42.99444],[-2.95511,42.9932],[-2.95577,42.99012],[-2.95573,42.98918],[-2.95484,42.98657],[-2.95475,42.98547],[-2.95537,42.98433],[-2.95701,42.98282],[-2.9589,42.98172],[-2.95866,42.97989],[-2.96018,42.97671],[-2.95966,42.97608],[-2.96134,42.97535],[-2.96136,42.97462],[-2.96099,42.97412],[-2.96073,42.97243],[-2.96008,42.97163],[-2.95992,42.97099],[-2.96035,42.96972],[-2.9603,42.96906],[-2.96062,42.96861],[-2.96165,42.96803],[-2.96275,42.96812],[-2.96441,42.96737],[-2.96902,42.96817],[-2.96906,42.96718],[-2.96812,42.96565],[-2.96871,42.96373],[-2.97006,42.96104],[-2.96933,42.95974],[-2.96941,42.95896],[-2.96968,42.95806],[-2.97012,42.95783],[-2.97001,42.95695],[-2.97034,42.95687],[-2.97025,42.9564],[-2.97066,42.95585],[-2.97085,42.95513],[-2.97065,42.9548],[-2.97144,42.95475],[-2.9711,42.9542],[-2.97145,42.95412],[-2.97135,42.95393],[-2.97168,42.95365],[-2.97124,42.95284],[-2.97165,42.95268],[-2.97151,42.9525],[-2.9718,42.95228],[-2.97195,42.95141],[-2.97247,42.9511],[-2.97273,42.95044],[-2.97254,42.94931],[-2.97155,42.9472],[-2.97248,42.94673],[-2.97281,42.94605],[-2.97241,42.94474],[-2.97359,42.94402],[-2.97341,42.94365],[-2.97256,42.94308],[-2.97305,42.94259],[-2.97243,42.9422],[-2.97226,42.9418],[-2.97279,42.94137],[-2.9744,42.94076],[-2.975,42.93949],[-2.97423,42.93905],[-2.97525,42.93816],[-2.96967,42.93648],[-2.95829,42.93052],[-2.95317,42.92894],[-2.94507,42.92816],[-2.93951,42.92852],[-2.92928,42.93165],[-2.92761,42.93773],[-2.90849,42.93279],[-2.91299,42.96249],[-2.9053,42.96358],[-2.89341,42.95642],[-2.88223,42.94807],[-2.88746,42.94572],[-2.89052,42.94376],[-2.8926,42.94145],[-2.90493,42.93229]]]}},{"type":"Feature","properties":{"COD_POSTAL":"01100"},"geometry":{"type":"Polygon","coordinates":[[[-2.67198,42.8972],[-2.67226,42.89646],[-2.6786,42.89488],[-2.68046,42.89248],[-2.68666,42.88705],[-2.68638,42.88516],[-2.68702,42.88318],[-2.68645,42.88057],[-2.68196,42.87984],[-2.67853,42.87978],[-2.6699,42.88114],[-2.66563,42.88114],[-2.66204,42.88083],[-2.66506,42.88563],[-2.66291,42.88666],[-2.65832,42.89129],[-2.66474,42.89108],[-2.6658,42.89038],[-2.67111,42.89742],[-2.67198,42.8972]]]}},{"type":"Feature","properties":{"COD_POSTAL":"01008"},"geometry":{"type":"Polygon","coordinates":[[[-2.68137,42.8502],[-2.68622,42.85094],[-2.6922,42.85219],[-2.69425,42.84626],[-2.69178,42.84554],[-2.68738,42.84344],[-2.68346,42.84258],[-2.68185,42.84279],[-2.67812,42.84407],[-2.6761,42.84361],[-2.67559,42.84402],[-2.67568,42.84466],[-2.67659,42.84508],[-2.67673,42.84566],[-2.67568,42.84645],[-2.67636,42.84693],[-2.67607,42.84727],[-2.67651,42.84769],[-2.67621,42.84803],[-2.67759,42.84868],[-2.67749,42.84893],[-2.67654,42.84885],[-2.67558,42.8493],[-2.67658,42.85011],[-2.67745,42.85018],[-2.67775,42.84978],[-2.6783,42.84968],[-2.68082,42.85011],[-2.68137,42.8502]]]}},{"type":"Feature","properties":{"COD_POSTAL":"01520"},"geometry":{"type":"MultiPolygon","coordinates":[[[[-2.58045,42.87373],[-2.58465,42.87442],[-2.58449,42.8738],[-2.5835,42.87267],[-2.5837,42.86991],[-2.58344,42.86881],[-2.58279,42.86791],[-2.58117,42.86684],[-2.57613,42.8691],[-2.57468,42.87039],[-2.57535,42.87186],[-2.57581,42.87231],[-2.57754,42.87349],[-2.57832,42.87379],[-2.57921,42.87379],[-2.58045,42.87373]]],[[[-2.58337,42.88762],[-2.57619,42.9005],[-2.57954,42.90136],[-2.57827,42.90472],[-2.5799,42.90801],[-2.57931,42.90954],[-2.57852,42.90945],[-2.57415,42.90711],[-2.5724,42.90787],[-2.57076,42.91115],[-2.57004,42.91327],[-2.57006,42.91429],[-2.56963,42.91569],[-2.56692,42.91684],[-2.56548,42.91717],[-2.56271,42.91706],[-2.56114,42.9183],[-2.56163,42.93478],[-2.56117,42.93805],[-2.56075,42.93878],[-2.56145,42.94355],[-2.561,42.94631],[-2.56097,42.9481],[-2.56045,42.94919],[-2.55756,42.95198],[-2.55394,42.95656],[-2.55108,42.95891],[-2.5518,42.95931],[-2.55342,42.95966],[-2.55663,42.95994],[-2.55806,42.96064],[-2.56434,42.96256],[-2.56614,42.9629],[-2.5713,42.96251],[-2.57322,42.96322],[-2.57774,42.96335],[-2.58037,42.96394],[-2.58072,42.96417],[-2.58281,42.96741],[-2.58555,42.9692],[-2.58744,42.9718],[-2.58866,42.97238],[-2.58979,42.97256],[-2.59409,42.97254],[-2.59649,42.97628],[-2.59709,42.97624],[-2.59925,42.97534],[-2.60133,42.97405],[-2.6026,42.97268],[-2.60267,42.97219],[-2.60195,42.97146],[-2.60138,42.96858],[-2.60207,42.96755],[-2.60227,42.96596],[-2.6052,42.96463],[-2.6078,42.96111],[-2.60817,42.95428],[-2.60837,42.95463],[-2.61201,42.95471],[-2.61406,42.95513],[-2.61661,42.95705],[-2.61744,42.95737],[-2.61791,42.95715],[-2.61859,42.95751],[-2.61941,42.95754],[-2.6201,42.95738],[-2.62086,42.95661],[-2.62251,42.95681],[-2.62369,42.95664],[-2.62649,42.95541],[-2.62806,42.95325],[-2.62832,42.95332],[-2.63014,42.9583],[-2.63173,42.95374],[-2.63273,42.94774],[-2.6337,42.9469],[-2.63385,42.94632],[-2.63471,42.94547],[-2.63126,42.94595],[-2.62573,42.94535],[-2.62342,42.94561],[-2.61979,42.94531],[-2.62241,42.94034],[-2.62447,42.93982],[-2.62745,42.94004],[-2.62788,42.93508],[-2.62819,42.9342],[-2.63042,42.93173],[-2.62985,42.92792],[-2.63041,42.92667],[-2.63059,42.92279],[-2.63079,42.92231],[-2.63138,42.92219],[-2.6337,42.92241],[-2.63761,42.91381],[-2.63324,42.90827],[-2.63538,42.90645],[-2.63767,42.90224],[-2.63783,42.90126],[-2.63723,42.89944],[-2.63627,42.89851],[-2.63762,42.89617],[-2.63974,42.89722],[-2.64052,42.89694],[-2.64325,42.89478],[-2.64525,42.89392],[-2.6456,42.89323],[-2.64573,42.89205],[-2.64169,42.89011],[-2.64254,42.88961],[-2.64309,42.88695],[-2.64329,42.87954],[-2.64366,42.87748],[-2.63978,42.87199],[-2.63778,42.86795],[-2.63737,42.86642],[-2.63734,42.86369],[-2.63767,42.86129],[-2.63825,42.8603],[-2.63551,42.86064],[-2.6328,42.86212],[-2.63213,42.86226],[-2.62941,42.86172],[-2.62336,42.86137],[-2.61901,42.85992],[-2.61105,42.86288],[-2.61026,42.86331],[-2.60871,42.86509],[-2.60467,42.86819],[-2.60863,42.86886],[-2.60875,42.86945],[-2.60731,42.87154],[-2.60556,42.87238],[-2.60438,42.87536],[-2.60427,42.87738],[-2.60258,42.88027],[-2.60227,42.88046],[-2.58887,42.88079],[-2.58786,42.88261],[-2.58337,42.88762]]]]}},{"type":"Feature","properties":{"COD_POSTAL":"01130"},"geometry":{"type":"Polygon","coordinates":[[[-2.80774,42.95224],[-2.8008,42.96064],[-2.80177,42.96556],[-2.80581,42.96634],[-2.81192,42.96661],[-2.81905,42.96301],[-2.82051,42.96154],[-2.82347,42.96004],[-2.82483,42.95667],[-2.81568,42.94399],[-2.81129,42.9493],[-2.80774,42.95224]]]}},{"type":"Feature","properties":{"COD_POSTAL":"01013"},"geometry":{"type":"Polygon","coordinates":[[[-2.64324,42.88206],[-2.65758,42.88071],[-2.6699,42.88114],[-2.67853,42.87978],[-2.68196,42.87984],[-2.68645,42.88057],[-2.68746,42.87925],[-2.68889,42.87389],[-2.68893,42.87219],[-2.6875,42.87256],[-2.68274,42.87289],[-2.67712,42.86607],[-2.67608,42.862],[-2.67418,42.86212],[-2.6739,42.86161],[-2.67456,42.86095],[-2.67341,42.85782],[-2.6731,42.85443],[-2.67257,42.85386],[-2.66867,42.85561],[-2.66774,42.8556],[-2.66644,42.85503],[-2.6618,42.8583],[-2.66082,42.85831],[-2.6579,42.85627],[-2.65629,42.85662],[-2.65591,42.85645],[-2.65508,42.857],[-2.65447,42.85687],[-2.65131,42.85788],[-2.64845,42.85922],[-2.64286,42.85681],[-2.63808,42.8603],[-2.63825,42.8603],[-2.63767,42.86129],[-2.63746,42.86239],[-2.63728,42.86521],[-2.63778,42.86795],[-2.63859,42.86985],[-2.63978,42.87199],[-2.64366,42.87748],[-2.64322,42.88138],[-2.64324,42.88206]]]}},{"type":"Feature","properties":{"COD_POSTAL":"01408"},"geometry":{"type":"Polygon","coordinates":[[[-2.9923,43.08725],[-2.9913,43.08776],[-2.9895,43.08975],[-2.98766,43.08964],[-2.98758,43.08872],[-2.98498,43.08935],[-2.97296,43.09524],[-2.97457,43.09871],[-2.97636,43.09998],[-2.9773,43.10034],[-2.97874,43.10047],[-2.97945,43.10078],[-2.98152,43.10077],[-2.98257,43.10149],[-2.98447,43.10217],[-2.98874,43.10321],[-2.99021,43.10402],[-2.99147,43.10534],[-2.99191,43.10628],[-2.99267,43.1068],[-2.99257,43.10744],[-2.99485,43.10816],[-2.99508,43.10895],[-2.99876,43.11003],[-3.0006,43.11116],[-3.00154,43.11131],[-3.00392,43.1127],[-3.00647,43.11353],[-3.00753,43.11418],[-3.02249,43.10196],[-3.02537,43.10042],[-3.02614,43.09469],[-3.02565,43.09331],[-3.02006,43.09069],[-3.01127,43.08988],[-3.00843,43.08871],[-2.99949,43.08778],[-2.99606,43.08702],[-2.99244,43.08719],[-2.9923,43.08725]]]}},{"type":"Feature","properties":{"COD_POSTAL":"01170"},"geometry":{"type":"Polygon","coordinates":[[[-2.65731,43.02748],[-2.65841,43.02801],[-2.66174,43.02896],[-2.66593,43.03181],[-2.67186,43.02757],[-2.67372,43.0259],[-2.67612,43.02643],[-2.68385,43.02282],[-2.68523,43.02122],[-2.68497,43.01911],[-2.6844,43.01818],[-2.68511,43.01609],[-2.68588,43.01472],[-2.68578,43.01286],[-2.685,43.01129],[-2.68425,43.01038],[-2.68192,43.00941],[-2.68197,43.00811],[-2.67974,43.00625],[-2.67944,43.00538],[-2.67854,43.00456],[-2.67806,43.00374],[-2.67815,43.0034],[-2.6774,43.00256],[-2.67703,43.0005],[-2.67765,42.99831],[-2.67752,42.99749],[-2.67801,42.99643],[-2.6777,42.99583],[-2.67686,42.99559],[-2.67712,42.99491],[-2.6768,42.99411],[-2.67711,42.99298],[-2.67914,42.9906],[-2.68058,42.98977],[-2.68119,42.9891],[-2.67979,42.98618],[-2.68051,42.98309],[-2.68053,42.98093],[-2.68197,42.98074],[-2.68354,42.97868],[-2.68258,42.97744],[-2.68254,42.97704],[-2.68316,42.97676],[-2.68532,42.97702],[-2.68637,42.97646],[-2.68645,42.97599],[-2.68585,42.97489],[-2.68566,42.97397],[-2.68474,42.97283],[-2.6848,42.97145],[-2.68397,42.97109],[-2.68369,42.97071],[-2.68402,42.96995],[-2.68101,42.9693],[-2.67813,42.96677],[-2.68006,42.96396],[-2.68181,42.96211],[-2.68082,42.96065],[-2.67947,42.96049],[-2.67854,42.95993],[-2.67731,42.95869],[-2.67564,42.95848],[-2.67489,42.95803],[-2.67247,42.95545],[-2.67041,42.94996],[-2.66668,42.95049],[-2.66237,42.95072],[-2.66209,42.9468],[-2.6562,42.94116],[-2.65357,42.93534],[-2.65213,42.93583],[-2.65016,42.93516],[-2.6486,42.93518],[-2.64705,42.93543],[-2.6451,42.93656],[-2.6427,42.93963],[-2.64061,42.943],[-2.63875,42.94678],[-2.63208,42.95171],[-2.63173,42.95374],[-2.63014,42.9583],[-2.62832,42.95332],[-2.62806,42.95325],[-2.62649,42.95541],[-2.62369,42.95664],[-2.62251,42.95681],[-2.62086,42.95661],[-2.6201,42.95738],[-2.61941,42.95754],[-2.61859,42.95751],[-2.61791,42.95715],[-2.61744,42.95737],[-2.61661,42.95705],[-2.61406,42.95513],[-2.61201,42.95471],[-2.60837,42.95463],[-2.60817,42.95428],[-2.6078,42.96111],[-2.6052,42.96463],[-2.60227,42.96596],[-2.60207,42.96755],[-2.60138,42.96858],[-2.60195,42.97146],[-2.60267,42.97219],[-2.6026,42.97268],[-2.60157,42.97388],[-2.5995,42.9752],[-2.59709,42.97624],[-2.59649,42.97628],[-2.59952,42.98066],[-2.60146,42.98196],[-2.60251,42.98499],[-2.60329,42.98544],[-2.60506,42.98583],[-2.60601,42.98666],[-2.60918,42.9875],[-2.612,42.98873],[-2.61585,42.99098],[-2.62134,42.9931],[-2.62319,42.99447],[-2.62434,42.99472],[-2.62534,42.99439],[-2.62785,42.9953],[-2.62864,42.99477],[-2.6292,42.99501],[-2.63013,42.9946],[-2.63173,42.995],[-2.63569,42.99508],[-2.63302,42.9974],[-2.63238,43.00281],[-2.63171,43.00302],[-2.62985,43.0047],[-2.62895,43.00627],[-2.6289,43.00983],[-2.62875,43.01027],[-2.62798,43.01071],[-2.62782,43.01206],[-2.62962,43.01475],[-2.63011,43.01709],[-2.63169,43.01863],[-2.6337,43.01999],[-2.63365,43.02017],[-2.63452,43.0205],[-2.63864,43.02103],[-2.64099,43.02067],[-2.64322,43.02156],[-2.64554,43.0239],[-2.64798,43.02522],[-2.6492,43.02617],[-2.65256,43.02775],[-2.65171,43.02956],[-2.65248,43.02996],[-2.65621,43.02674],[-2.65712,43.02734],[-2.65731,43.02748]]]}},{"type":"Feature","properties":{"COD_POSTAL":"01004"},"geometry":{"type":"Polygon","coordinates":[[[-2.6641,42.84083],[-2.66422,42.84207],[-2.66376,42.8423],[-2.66394,42.84288],[-2.66436,42.8432],[-2.66406,42.84345],[-2.66406,42.84445],[-2.66468,42.84447],[-2.66471,42.8447],[-2.66434,42.8448],[-2.66441,42.8453],[-2.66543,42.84569],[-2.66577,42.84711],[-2.66792,42.8469],[-2.66841,42.8466],[-2.66816,42.84634],[-2.66944,42.84649],[-2.66975,42.84616],[-2.67091,42.84631],[-2.67092,42.84582],[-2.66828,42.8442],[-2.6684,42.84348],[-2.6671,42.84255],[-2.66668,42.84194],[-2.66666,42.84074],[-2.6641,42.84083]]]}},{"type":"Feature","properties":{"COD_POSTAL":"01427"},"geometry":{"type":"Polygon","coordinates":[[[-3.14896,42.81889],[-3.12286,42.8334],[-3.11195,42.83646],[-3.11096,42.84831],[-3.11152,42.85166],[-3.10926,42.85463],[-3.10712,42.85609],[-3.09909,42.87477],[-3.09501,42.89304],[-3.09013,42.89902],[-3.09151,42.89901],[-3.0921,42.89878],[-3.09378,42.89925],[-3.09289,42.89999],[-3.09297,42.90074],[-3.09559,42.90257],[-3.09852,42.9061],[-3.10466,42.91016],[-3.10842,42.90616],[-3.11757,42.90589],[-3.12301,42.90511],[-3.12653,42.90406],[-3.12805,42.90568],[-3.13173,42.91106],[-3.13174,42.91249],[-3.13285,42.91348],[-3.13646,42.91349],[-3.14049,42.91309],[-3.14159,42.91324],[-3.14321,42.91421],[-3.14431,42.91533],[-3.14545,42.91551],[-3.14927,42.91706],[-3.15083,42.91919],[-3.15082,42.9195],[-3.14997,42.92046],[-3.14918,42.92256],[-3.14783,42.92867],[-3.14813,42.93152],[-3.14796,42.93234],[-3.14719,42.93327],[-3.14473,42.93468],[-3.15172,42.93685],[-3.15759,42.93749],[-3.15962,42.93798],[-3.16386,42.9395],[-3.16939,42.94021],[-3.18075,42.94453],[-3.18403,42.94495],[-3.1911,42.94499],[-3.1919,42.94554],[-3.19465,42.94591],[-3.19654,42.94643],[-3.2004,42.94624],[-3.20259,42.94497],[-3.20649,42.94694],[-3.20774,42.94649],[-3.20973,42.94674],[-3.20979,42.94457],[-3.21162,42.9443],[-3.21312,42.94509],[-3.21375,42.94604],[-3.21665,42.94556],[-3.21664,42.9479],[-3.21782,42.94874],[-3.21998,42.94948],[-3.22299,42.94884],[-3.22473,42.94969],[-3.23556,42.94386],[-3.2351,42.9368],[-3.23537,42.93307],[-3.23995,42.93155],[-3.24572,42.92384],[-3.24798,42.919],[-3.24879,42.91585],[-3.24854,42.91215],[-3.27724,42.90158],[-3.2773,42.89588],[-3.2764,42.88702],[-3.28677,42.88515],[-3.28261,42.87551],[-3.26913,42.86409],[-3.25361,42.85282],[-3.23676,42.83793],[-3.22766,42.83209],[-3.22584,42.83012],[-3.21697,42.82652],[-3.20553,42.8274],[-3.19851,42.82186],[-3.19256,42.81794],[-3.18929,42.81711],[-3.18459,42.81451],[-3.18317,42.81471],[-3.17707,42.81279],[-3.17413,42.81128],[-3.17238,42.80989],[-3.16953,42.81017],[-3.16868,42.80995],[-3.16605,42.80872],[-3.16055,42.80519],[-3.15923,42.80459],[-3.15049,42.81138],[-3.14891,42.81292],[-3.14813,42.81448],[-3.14846,42.81699],[-3.14895,42.81828],[-3.14896,42.81889]]]}}]}