{"type":"FeatureCollection","features":[{"type":"Feature","properties":{"COD_POSTAL":"05300"},"geometry":{"type":"Polygon","coordinates":[[[-4.95476,40.86775],[-4.95449,40.86816],[-4.95651,40.86904],[-4.95561,40.86995],[-4.95689,40.87138],[-4.95812,40.8721],[-4.9581,40.87303],[-4.95742,40.87433],[-4.9574,40.87541],[-4.95631,40.8755],[-4.95637,40.87701],[-4.97485,40.88422],[-4.97963,40.87979],[-4.97682,40.86577],[-4.96957,40.86149],[-4.96807,40.86129],[-4.95476,40.86775]]]}},{"type":"Feature","properties":{"COD_POSTAL":"05414"},"geometry":{"type":"Polygon","coordinates":[[[-5.06213,40.28402],[-5.06057,40.2842],[-5.0527,40.28145],[-5.05148,40.28309],[-5.0489,40.28383],[-5.0373,40.28024],[-5.03549,40.28041],[-5.03449,40.28024],[-5.03349,40.27971],[-5.03195,40.27943],[-5.02578,40.27564],[-5.02443,40.27534],[-5.02311,40.27362],[-5.0224,40.27199],[-5.02073,40.27204],[-5.02089,40.27422],[-5.02057,40.27469],[-5.01968,40.27461],[-5.01848,40.27343],[-5.01689,40.27047],[-5.01601,40.27044],[-5.01567,40.27099],[-5.01252,40.26902],[-5.01092,40.26934],[-5.00887,40.26899],[-5.00643,40.26919],[-5.00588,40.27059],[-5.00711,40.27256],[-5.00766,40.27414],[-5.00758,40.27508],[-5.00918,40.27594],[-5.006,40.27879],[-5.00666,40.28018],[-5.00602,40.28101],[-5.0061,40.2822],[-5.00553,40.28315],[-5.00553,40.2867],[-5.00529,40.28715],[-5.00259,40.28876],[-5.00202,40.29072],[-5.00255,40.29145],[-5.0029,40.2927],[-5.00226,40.29489],[-5.00457,40.29988],[-5.00552,40.30238],[-5.00698,40.3076],[-5.00866,40.31166],[-5.01307,40.31866],[-5.01496,40.32243],[-5.01592,40.32227],[-5.01895,40.32106],[-5.02064,40.31888],[-5.02174,40.31904],[-5.02379,40.3186],[-5.02478,40.31923],[-5.02829,40.31878],[-5.02982,40.31816],[-5.03215,40.31625],[-5.033,40.3159],[-5.03496,40.31556],[-5.0423,40.31343],[-5.04714,40.31278],[-5.05245,40.31011],[-5.05485,40.30997],[-5.05717,40.30882],[-5.05656,40.30577],[-5.05608,40.30126],[-5.0606,40.29599],[-5.06065,40.29109],[-5.06147,40.28719],[-5.06439,40.28303],[-5.06213,40.28402]]]}},{"type":"Feature","properties":{"COD_POSTAL":"05691"},"geometry":{"type":"Polygon","coordinates":[[[-5.58543,40.37998],[-5.58987,40.37987],[-5.59413,40.38021],[-5.59819,40.37563],[-5.60166,40.37218],[-5.60939,40.36763],[-5.61776,40.3652],[-5.62284,40.36429],[-5.62459,40.36304],[-5.62989,40.36068],[-5.63807,40.35826],[-5.64042,40.3578],[-5.64218,40.35774],[-5.64715,40.35831],[-5.64966,40.35824],[-5.65197,40.35784],[-5.65458,40.35667],[-5.65854,40.35347],[-5.66056,40.35233],[-5.62205,40.33396],[-5.62067,40.33144],[-5.60911,40.3273],[-5.59255,40.33727],[-5.57903,40.3317],[-5.57795,40.33253],[-5.57589,40.33345],[-5.57196,40.33744],[-5.5722,40.33783],[-5.57478,40.33884],[-5.57907,40.33895],[-5.57877,40.33986],[-5.57912,40.34216],[-5.57903,40.34511],[-5.57873,40.34776],[-5.57836,40.34893],[-5.57495,40.35198],[-5.57276,40.35533],[-5.57613,40.35944],[-5.57704,40.36112],[-5.57715,40.36267],[-5.57664,40.36587],[-5.57768,40.36923],[-5.58271,40.37259],[-5.5839,40.37406],[-5.58377,40.37523],[-5.58214,40.37997],[-5.58543,40.37998]]]}},{"type":"Feature","properties":{"COD_POSTAL":"05427"},"geometry":{"type":"Polygon","coordinates":[[[-4.63896,40.26842],[-4.63928,40.26717],[-4.64055,40.26528],[-4.6411,40.26319],[-4.64373,40.26276],[-4.65644,40.25864],[-4.6621,40.25736],[-4.6638,40.25529],[-4.66545,40.25264],[-4.66766,40.25127],[-4.66874,40.25091],[-4.6726,40.25106],[-4.6747,40.2506],[-4.67674,40.25074],[-4.68287,40.24894],[-4.68502,40.24922],[-4.68608,40.24895],[-4.6872,40.24961],[-4.68995,40.24614],[-4.69005,40.24487],[-4.69143,40.24414],[-4.69333,40.24243],[-4.69368,40.24107],[-4.6914,40.23922],[-4.68854,40.23763],[-4.68657,40.23578],[-4.68705,40.23384],[-4.68923,40.23187],[-4.68913,40.23052],[-4.68965,40.22926],[-4.68917,40.22588],[-4.6882,40.22393],[-4.68727,40.22003],[-4.68622,40.21853],[-4.68659,40.21589],[-4.68639,40.2141],[-4.68684,40.21368],[-4.68726,40.212],[-4.68645,40.21076],[-4.6836,40.20997],[-4.68285,40.20937],[-4.68248,40.20825],[-4.6809,40.20818],[-4.67928,40.20698],[-4.67558,40.2086],[-4.67377,40.20968],[-4.67023,40.20749],[-4.66711,40.20754],[-4.66416,40.20671],[-4.66277,40.20607],[-4.66166,40.20472],[-4.66049,40.20388],[-4.65779,40.19969],[-4.654,40.19821],[-4.64481,40.1978],[-4.64266,40.19802],[-4.6401,40.19725],[-4.63928,40.19846],[-4.63578,40.20052],[-4.62988,40.20182],[-4.62483,40.2015],[-4.62253,40.20077],[-4.61977,40.20092],[-4.61737,40.20022],[-4.61368,40.20115],[-4.61221,40.20246],[-4.61131,40.20395],[-4.60977,40.2041],[-4.60688,40.20497],[-4.60433,40.20824],[-4.60032,40.20818],[-4.59731,40.21033],[-4.59256,40.21142],[-4.5908,40.21249],[-4.58946,40.21382],[-4.58727,40.21516],[-4.58668,40.21633],[-4.58356,40.2171],[-4.58044,40.21688],[-4.57868,40.21749],[-4.57633,40.21938],[-4.57449,40.21971],[-4.56894,40.21807],[-4.56715,40.21785],[-4.56563,40.21804],[-4.56378,40.22032],[-4.56075,40.22276],[-4.55892,40.23128],[-4.55915,40.2346],[-4.5602,40.23637],[-4.56381,40.23899],[-4.56591,40.23965],[-4.5664,40.24149],[-4.56633,40.24494],[-4.56672,40.24643],[-4.56689,40.25053],[-4.56922,40.2572],[-4.57166,40.25722],[-4.57573,40.2561],[-4.58103,40.26203],[-4.58263,40.25958],[-4.58542,40.25768],[-4.5895,40.25293],[-4.59256,40.25169],[-4.59341,40.25206],[-4.59407,40.25202],[-4.59557,40.25137],[-4.59719,40.25258],[-4.60413,40.25485],[-4.60659,40.25488],[-4.60852,40.25632],[-4.60951,40.25966],[-4.61047,40.26029],[-4.61195,40.26041],[-4.6157,40.25983],[-4.61716,40.26136],[-4.61861,40.26232],[-4.6252,40.26334],[-4.62613,40.26262],[-4.62756,40.26427],[-4.63277,40.26576],[-4.63668,40.26839],[-4.63866,40.26853],[-4.63896,40.26842]]]}},{"type":"Feature","properties":{"COD_POSTAL":"05166"},"geometry":{"type":"Polygon","coordinates":[[[-4.6715,40.89653],[-4.67128,40.89731],[-4.67075,40.89788],[-4.66843,40.89916],[-4.66814,40.89953],[-4.6684,40.90174],[-4.66826,40.9024],[-4.66639,40.90438],[-4.66603,40.90596],[-4.6667,40.90825],[-4.66655,40.9109],[-4.66749,40.91277],[-4.66704,40.91405],[-4.66554,40.9156],[-4.66522,40.91624],[-4.66563,40.92073],[-4.66602,40.92191],[-4.66869,40.92586],[-4.66996,40.92557],[-4.67755,40.92226],[-4.68274,40.92033],[-4.68583,40.91803],[-4.68765,40.9162],[-4.68942,40.91539],[-4.70853,40.91013],[-4.71483,40.90755],[-4.71893,40.90619],[-4.71937,40.90551],[-4.72222,40.90492],[-4.72448,40.90386],[-4.72619,40.90342],[-4.72647,40.90195],[-4.72615,40.90167],[-4.72529,40.90174],[-4.72508,40.90106],[-4.72429,40.90105],[-4.72424,40.90048],[-4.72595,40.9001],[-4.72953,40.89859],[-4.73357,40.89727],[-4.73538,40.90236],[-4.73853,40.90235],[-4.74199,40.8996],[-4.74281,40.89956],[-4.74435,40.90034],[-4.74613,40.89943],[-4.75072,40.89941],[-4.74983,40.89817],[-4.75441,40.89926],[-4.75845,40.89668],[-4.75774,40.89542],[-4.75889,40.89533],[-4.76065,40.89429],[-4.76173,40.89305],[-4.76291,40.89243],[-4.76508,40.89195],[-4.76516,40.89142],[-4.76587,40.89102],[-4.76695,40.89096],[-4.76926,40.89295],[-4.7666,40.89475],[-4.76657,40.89647],[-4.76642,40.89703],[-4.76591,40.89757],[-4.76168,40.90088],[-4.76954,40.90232],[-4.77706,40.90429],[-4.78127,40.90495],[-4.78197,40.90556],[-4.78262,40.90329],[-4.78363,40.90301],[-4.78494,40.90144],[-4.78534,40.90044],[-4.7871,40.89881],[-4.78196,40.89197],[-4.78376,40.88917],[-4.78386,40.88687],[-4.78165,40.88449],[-4.78865,40.88411],[-4.78823,40.88213],[-4.7886,40.88207],[-4.78726,40.88027],[-4.78781,40.87983],[-4.78758,40.87923],[-4.78726,40.87923],[-4.78565,40.87707],[-4.78445,40.87618],[-4.78472,40.87496],[-4.78366,40.8746],[-4.78326,40.87339],[-4.78106,40.87181],[-4.7806,40.87102],[-4.78075,40.86966],[-4.77389,40.86778],[-4.76864,40.86764],[-4.7687,40.86847],[-4.76784,40.86856],[-4.76764,40.86545],[-4.76646,40.86581],[-4.76603,40.86665],[-4.76523,40.86644],[-4.76513,40.86579],[-4.76407,40.86657],[-4.76341,40.86885],[-4.76276,40.86824],[-4.76229,40.87007],[-4.7606,40.86961],[-4.76015,40.87085],[-4.75516,40.86982],[-4.75498,40.87204],[-4.75414,40.87252],[-4.75355,40.87216],[-4.75273,40.873],[-4.75075,40.87271],[-4.74859,40.87292],[-4.74816,40.87347],[-4.74776,40.87326],[-4.74549,40.87433],[-4.74209,40.87379],[-4.74184,40.87412],[-4.74199,40.87487],[-4.73904,40.87621],[-4.73742,40.87416],[-4.73564,40.8734],[-4.73508,40.87365],[-4.73475,40.87445],[-4.73285,40.87412],[-4.73195,40.8729],[-4.73205,40.8722],[-4.73288,40.87182],[-4.73288,40.87039],[-4.7312,40.86982],[-4.73082,40.87005],[-4.72655,40.87008],[-4.72509,40.87097],[-4.72552,40.87178],[-4.72328,40.87346],[-4.72289,40.87309],[-4.72044,40.87541],[-4.71967,40.8746],[-4.71846,40.87386],[-4.71735,40.87544],[-4.71598,40.87527],[-4.71322,40.87377],[-4.7135,40.87257],[-4.71303,40.87168],[-4.71352,40.87105],[-4.71331,40.87082],[-4.71398,40.87015],[-4.71311,40.86957],[-4.70981,40.86894],[-4.70974,40.86751],[-4.70549,40.86763],[-4.70456,40.86696],[-4.70371,40.86538],[-4.70246,40.86557],[-4.70163,40.86449],[-4.7007,40.86378],[-4.69893,40.86423],[-4.69749,40.86399],[-4.69797,40.86075],[-4.69649,40.86044],[-4.6963,40.85939],[-4.69281,40.85868],[-4.69224,40.85932],[-4.69015,40.8587],[-4.68608,40.85917],[-4.68553,40.86089],[-4.68613,40.86312],[-4.68602,40.86444],[-4.6852,40.86564],[-4.68354,40.86652],[-4.68324,40.8669],[-4.68322,40.86781],[-4.68387,40.86906],[-4.68391,40.86984],[-4.68292,40.87119],[-4.68147,40.8722],[-4.6808,40.8731],[-4.68037,40.87555],[-4.68001,40.8763],[-4.67852,40.87669],[-4.67698,40.87845],[-4.67688,40.87883],[-4.67785,40.88045],[-4.67781,40.88112],[-4.67687,40.88194],[-4.6751,40.88194],[-4.67394,40.8827],[-4.67324,40.88399],[-4.67314,40.88643],[-4.67289,40.88732],[-4.67075,40.88946],[-4.66861,40.89055],[-4.6695,40.8927],[-4.66867,40.89405],[-4.66876,40.89464],[-4.67115,40.89556],[-4.67139,40.89596],[-4.6715,40.89653]]]}},{"type":"Feature","properties":{"COD_POSTAL":"05217"},"geometry":{"type":"Polygon","coordinates":[[[-4.89376,40.89474],[-4.89325,40.89402],[-4.8676,40.90244],[-4.86698,40.90308],[-4.8643,40.90183],[-4.8594,40.90576],[-4.85431,40.91099],[-4.84543,40.91336],[-4.84424,40.91232],[-4.83361,40.91482],[-4.83317,40.91573],[-4.82638,40.9158],[-4.82462,40.91628],[-4.82217,40.9186],[-4.82044,40.92108],[-4.81909,40.92147],[-4.81662,40.9237],[-4.81687,40.92468],[-4.81617,40.92577],[-4.81914,40.92737],[-4.81731,40.92936],[-4.81475,40.93421],[-4.81265,40.93964],[-4.81226,40.9415],[-4.81179,40.94252],[-4.80982,40.94292],[-4.80915,40.94372],[-4.80331,40.94594],[-4.80174,40.94619],[-4.79799,40.94787],[-4.79277,40.94961],[-4.78331,40.95121],[-4.77807,40.95351],[-4.77266,40.95292],[-4.77,40.95296],[-4.76414,40.95201],[-4.76141,40.95228],[-4.75956,40.95192],[-4.75505,40.94881],[-4.75475,40.94839],[-4.75363,40.9494],[-4.75037,40.95005],[-4.74907,40.95155],[-4.74878,40.9524],[-4.74609,40.95233],[-4.74554,40.953],[-4.74531,40.95459],[-4.74482,40.95531],[-4.74339,40.95559],[-4.74405,40.95589],[-4.74627,40.95507],[-4.74999,40.95483],[-4.7565,40.95669],[-4.76288,40.95708],[-4.7689,40.95705],[-4.77145,40.95604],[-4.77382,40.956],[-4.77817,40.95748],[-4.77926,40.95972],[-4.78156,40.96024],[-4.78328,40.96453],[-4.78738,40.9676],[-4.78925,40.96929],[-4.78942,40.97098],[-4.79255,40.97201],[-4.79309,40.97558],[-4.79696,40.97862],[-4.79563,40.98013],[-4.79846,40.98128],[-4.79692,40.98323],[-4.79322,40.98416],[-4.79219,40.98539],[-4.79562,40.98501],[-4.80434,40.98727],[-4.80553,40.98678],[-4.80649,40.98566],[-4.80776,40.98509],[-4.81004,40.98672],[-4.81355,40.98658],[-4.81945,40.98456],[-4.81989,40.98373],[-4.82734,40.98534],[-4.82774,40.98462],[-4.83162,40.98422],[-4.83708,40.98469],[-4.84424,40.98279],[-4.84863,40.98191],[-4.85626,40.98179],[-4.85979,40.98052],[-4.86447,40.9776],[-4.86885,40.97527],[-4.8734,40.97725],[-4.87506,40.97369],[-4.87779,40.96927],[-4.88357,40.96337],[-4.883,40.95933],[-4.88586,40.9586],[-4.88434,40.95446],[-4.88679,40.95416],[-4.89139,40.95102],[-4.89361,40.95138],[-4.89445,40.95237],[-4.89558,40.95163],[-4.89837,40.9511],[-4.90859,40.94753],[-4.91322,40.94733],[-4.91522,40.94565],[-4.91556,40.94287],[-4.91338,40.9412],[-4.91325,40.93899],[-4.91232,40.93846],[-4.90964,40.93478],[-4.91047,40.93341],[-4.91679,40.93276],[-4.91457,40.92956],[-4.91114,40.92856],[-4.90946,40.92574],[-4.90809,40.92508],[-4.90961,40.92204],[-4.90562,40.9206],[-4.90617,40.91912],[-4.90924,40.91723],[-4.91136,40.91621],[-4.91012,40.91485],[-4.9108,40.91204],[-4.90979,40.91051],[-4.90959,40.90861],[-4.90261,40.903],[-4.89976,40.90382],[-4.89917,40.90274],[-4.89822,40.90259],[-4.8974,40.90092],[-4.8952,40.90068],[-4.89347,40.89865],[-4.89173,40.89768],[-4.89297,40.89528],[-4.89376,40.89474]]]}},{"type":"Feature","properties":{"COD_POSTAL":"05635"},"geometry":{"type":"Polygon","coordinates":[[[-5.164,40.37677],[-5.16332,40.37593],[-5.16096,40.36288],[-5.16205,40.36067],[-5.16072,40.35548],[-5.15776,40.35137],[-5.15635,40.34865],[-5.15774,40.3471],[-5.1567,40.34197],[-5.15717,40.33991],[-5.15707,40.33947],[-5.15579,40.33645],[-5.14994,40.33162],[-5.14728,40.32675],[-5.14734,40.32456],[-5.14447,40.32048],[-5.14155,40.31383],[-5.14146,40.30457],[-5.14077,40.2867],[-5.13653,40.28716],[-5.13564,40.28838],[-5.13151,40.29088],[-5.12855,40.29099],[-5.12669,40.29179],[-5.12343,40.29191],[-5.11813,40.29372],[-5.11625,40.29471],[-5.11509,40.29487],[-5.11389,40.29471],[-5.10975,40.29336],[-5.10563,40.29402],[-5.10438,40.2949],[-5.10351,40.29504],[-5.10288,40.2949],[-5.10253,40.29455],[-5.09714,40.2941],[-5.09786,40.29533],[-5.09726,40.29629],[-5.09455,40.29785],[-5.09221,40.29997],[-5.09126,40.30054],[-5.08705,40.30034],[-5.08594,40.30251],[-5.08413,40.30378],[-5.07457,40.30715],[-5.0685,40.30783],[-5.06536,40.31061],[-5.06284,40.31211],[-5.06336,40.3143],[-5.06905,40.32756],[-5.06726,40.33841],[-5.07925,40.35249],[-5.08094,40.36101],[-5.08169,40.36328],[-5.08025,40.37033],[-5.08355,40.37236],[-5.08638,40.3745],[-5.08697,40.37515],[-5.08723,40.37594],[-5.08733,40.37698],[-5.08783,40.3783],[-5.08772,40.38128],[-5.08684,40.3851],[-5.08482,40.38952],[-5.08713,40.39274],[-5.09056,40.39606],[-5.09268,40.39724],[-5.09339,40.39838],[-5.09915,40.40208],[-5.10252,40.40281],[-5.10369,40.40348],[-5.10686,40.40294],[-5.11039,40.40455],[-5.11226,40.40409],[-5.1174,40.40374],[-5.12437,40.4033],[-5.12686,40.40345],[-5.13052,40.40254],[-5.13961,40.40326],[-5.14464,40.40265],[-5.15247,40.40297],[-5.15513,40.40264],[-5.16163,40.40118],[-5.16806,40.40113],[-5.16302,40.39421],[-5.1604,40.39327],[-5.16107,40.39116],[-5.16328,40.38742],[-5.16452,40.38635],[-5.16569,40.38429],[-5.16588,40.38365],[-5.16583,40.38075],[-5.16519,40.37953],[-5.16596,40.37681],[-5.164,40.37677]]]}},{"type":"Feature","properties":{"COD_POSTAL":"05292"},"geometry":{"type":"Polygon","coordinates":[[[-4.6598,40.77262],[-4.66033,40.77192],[-4.65924,40.77157],[-4.65816,40.77181],[-4.65781,40.7713],[-4.65596,40.77287],[-4.65489,40.77336],[-4.65476,40.77257],[-4.6504,40.77354],[-4.64863,40.77292],[-4.64862,40.77237],[-4.64663,40.77252],[-4.64511,40.77215],[-4.6446,40.77265],[-4.64199,40.77156],[-4.64098,40.76989],[-4.64021,40.76927],[-4.63936,40.7689],[-4.63874,40.76903],[-4.63851,40.77084],[-4.63767,40.77098],[-4.63841,40.77211],[-4.63984,40.77296],[-4.63957,40.77487],[-4.63723,40.77518],[-4.6364,40.77705],[-4.6339,40.77864],[-4.6331,40.78028],[-4.63183,40.78064],[-4.62962,40.77996],[-4.62625,40.78155],[-4.62571,40.7826],[-4.62476,40.78265],[-4.62123,40.78462],[-4.619,40.7823],[-4.6175,40.78123],[-4.61622,40.77933],[-4.6166,40.77835],[-4.61548,40.77743],[-4.61427,40.77588],[-4.61413,40.77548],[-4.61437,40.77458],[-4.61308,40.77259],[-4.6108,40.77106],[-4.61016,40.76946],[-4.60883,40.76781],[-4.60839,40.76843],[-4.60786,40.77097],[-4.60777,40.77461],[-4.60919,40.77683],[-4.61018,40.77983],[-4.61177,40.78188],[-4.61103,40.78224],[-4.61252,40.78909],[-4.60673,40.81225],[-4.6066,40.81692],[-4.60449,40.82542],[-4.59727,40.82548],[-4.59484,40.82506],[-4.59159,40.82959],[-4.59004,40.83222],[-4.58743,40.83071],[-4.58536,40.82986],[-4.58327,40.83352],[-4.58219,40.83471],[-4.58133,40.83503],[-4.58121,40.83581],[-4.57934,40.83862],[-4.57964,40.83918],[-4.57959,40.8398],[-4.57869,40.84102],[-4.57493,40.84271],[-4.57385,40.84237],[-4.57047,40.84242],[-4.57184,40.84461],[-4.57185,40.84524],[-4.57152,40.84585],[-4.57161,40.84659],[-4.57338,40.84983],[-4.57311,40.85532],[-4.57149,40.85712],[-4.57578,40.85786],[-4.57937,40.85612],[-4.58023,40.85635],[-4.58363,40.85863],[-4.58297,40.86142],[-4.58324,40.86489],[-4.58286,40.86684],[-4.58603,40.86971],[-4.58667,40.87087],[-4.58792,40.87098],[-4.58849,40.87191],[-4.58894,40.87137],[-4.59086,40.87139],[-4.59204,40.87112],[-4.59236,40.87159],[-4.59311,40.87174],[-4.59446,40.87149],[-4.59692,40.87232],[-4.60021,40.87238],[-4.60002,40.87316],[-4.60103,40.87413],[-4.60111,40.8737],[-4.60305,40.87401],[-4.60315,40.87361],[-4.6045,40.87434],[-4.60302,40.87639],[-4.60775,40.87721],[-4.60795,40.87637],[-4.60891,40.87636],[-4.60885,40.87119],[-4.60913,40.86972],[-4.61243,40.86987],[-4.61212,40.86927],[-4.61375,40.8693],[-4.61389,40.86855],[-4.61433,40.86859],[-4.61473,40.86653],[-4.61548,40.86626],[-4.61551,40.86426],[-4.61666,40.86295],[-4.61706,40.86207],[-4.61792,40.86203],[-4.61887,40.86161],[-4.61807,40.86015],[-4.61845,40.86003],[-4.61823,40.85868],[-4.62079,40.85941],[-4.62173,40.85997],[-4.62197,40.85979],[-4.62063,40.85895],[-4.62105,40.85875],[-4.62028,40.8572],[-4.62071,40.85694],[-4.62088,40.85746],[-4.6226,40.85799],[-4.62561,40.85734],[-4.62568,40.85812],[-4.62625,40.85801],[-4.62602,40.8549],[-4.62656,40.85591],[-4.62646,40.85724],[-4.62695,40.85834],[-4.62719,40.85831],[-4.62704,40.85746],[-4.62758,40.85733],[-4.62799,40.85864],[-4.6283,40.85859],[-4.62838,40.85829],[-4.629,40.85828],[-4.62879,40.8575],[-4.63141,40.85752],[-4.63142,40.85672],[-4.63644,40.8559],[-4.64305,40.85642],[-4.65182,40.85572],[-4.65427,40.85629],[-4.66073,40.85552],[-4.66384,40.85622],[-4.66721,40.85663],[-4.67367,40.85704],[-4.67567,40.8568],[-4.67854,40.85716],[-4.68166,40.85842],[-4.68296,40.85841],[-4.68608,40.85917],[-4.68312,40.85803],[-4.68352,40.85758],[-4.6828,40.85693],[-4.68328,40.85549],[-4.68066,40.85189],[-4.67887,40.85129],[-4.67633,40.84962],[-4.67551,40.84809],[-4.67576,40.84569],[-4.67885,40.8454],[-4.68041,40.84427],[-4.68119,40.84469],[-4.68472,40.8439],[-4.68764,40.8427],[-4.68882,40.83892],[-4.69111,40.83693],[-4.69119,40.83614],[-4.69088,40.83579],[-4.69159,40.8352],[-4.69306,40.83459],[-4.69357,40.83354],[-4.69475,40.83256],[-4.69494,40.83218],[-4.69479,40.83083],[-4.69521,40.82993],[-4.69769,40.82931],[-4.69783,40.82981],[-4.69871,40.83038],[-4.70188,40.83098],[-4.70382,40.83054],[-4.70537,40.82983],[-4.70672,40.82807],[-4.70959,40.82576],[-4.71013,40.82369],[-4.70929,40.82188],[-4.71069,40.82029],[-4.71126,40.81832],[-4.7091,40.81789],[-4.71064,40.81593],[-4.71644,40.81671],[-4.7189,40.81519],[-4.71831,40.81456],[-4.71933,40.81397],[-4.72162,40.81625],[-4.72282,40.81535],[-4.72347,40.81562],[-4.72503,40.8142],[-4.72513,40.81292],[-4.71002,40.79356],[-4.70937,40.79489],[-4.70809,40.79623],[-4.70898,40.79745],[-4.70746,40.79805],[-4.70772,40.79849],[-4.70563,40.79985],[-4.70441,40.80112],[-4.70209,40.80084],[-4.69995,40.80089],[-4.69684,40.80152],[-4.69435,40.80155],[-4.6851,40.79981],[-4.68663,40.79939],[-4.68703,40.79874],[-4.68695,40.79834],[-4.68467,40.79662],[-4.68435,40.79604],[-4.68485,40.79439],[-4.684,40.7934],[-4.68408,40.79224],[-4.6851,40.79149],[-4.68445,40.79118],[-4.68494,40.7902],[-4.68224,40.78851],[-4.68104,40.78806],[-4.67937,40.78515],[-4.67876,40.78565],[-4.6742,40.78442],[-4.67398,40.78385],[-4.67073,40.78356],[-4.67008,40.78246],[-4.66895,40.78232],[-4.66731,40.78164],[-4.66641,40.78097],[-4.66715,40.77906],[-4.66722,40.77805],[-4.66663,40.77744],[-4.66652,40.7749],[-4.66052,40.77428],[-4.66051,40.7736],[-4.65996,40.7729],[-4.6598,40.77262]]]}},{"type":"Feature","properties":{"COD_POSTAL":"05240"},"geometry":{"type":"Polygon","coordinates":[[[-4.46516,40.5684],[-4.46663,40.56666],[-4.46602,40.56513],[-4.46595,40.56397],[-4.46563,40.56362],[-4.46448,40.56342],[-4.46329,40.56384],[-4.46185,40.5662],[-4.46074,40.56676],[-4.45663,40.56539],[-4.45521,40.56278],[-4.45568,40.55859],[-4.45512,40.55745],[-4.4541,40.55653],[-4.45225,40.55592],[-4.45106,40.55513],[-4.45077,40.55399],[-4.45094,40.55288],[-4.45044,40.55168],[-4.45054,40.55109],[-4.45022,40.55012],[-4.44982,40.55],[-4.44823,40.55033],[-4.4477,40.55018],[-4.4468,40.54938],[-4.4459,40.55021],[-4.44516,40.55198],[-4.44342,40.55313],[-4.43133,40.556],[-4.42556,40.55672],[-4.42432,40.55673],[-4.42284,40.55639],[-4.42232,40.55797],[-4.4217,40.55867],[-4.4195,40.56006],[-4.41389,40.56152],[-4.4124,40.56295],[-4.4093,40.56865],[-4.40615,40.57359],[-4.40517,40.57472],[-4.40265,40.57668],[-4.40512,40.58623],[-4.39994,40.58872],[-4.39829,40.5898],[-4.39957,40.59458],[-4.40046,40.59646],[-4.40183,40.60101],[-4.40398,40.60576],[-4.40624,40.60747],[-4.40845,40.60869],[-4.40987,40.61083],[-4.40965,40.61337],[-4.40981,40.6156],[-4.41403,40.62375],[-4.4162,40.62708],[-4.41962,40.63343],[-4.42314,40.63382],[-4.42691,40.63257],[-4.43328,40.63118],[-4.44274,40.63111],[-4.44761,40.63013],[-4.44852,40.63018],[-4.45708,40.63419],[-4.4656,40.63487],[-4.46967,40.63443],[-4.47483,40.62675],[-4.47799,40.6208],[-4.47895,40.61966],[-4.48352,40.61624],[-4.48886,40.61267],[-4.48827,40.60121],[-4.48872,40.59371],[-4.48613,40.58926],[-4.48558,40.58817],[-4.4854,40.58715],[-4.48537,40.58641],[-4.48598,40.5843],[-4.48667,40.58328],[-4.48396,40.58432],[-4.48254,40.58426],[-4.48134,40.58362],[-4.48097,40.5831],[-4.4809,40.58145],[-4.48037,40.58063],[-4.47764,40.58109],[-4.47494,40.58099],[-4.47272,40.57974],[-4.47016,40.57965],[-4.46946,40.57922],[-4.46896,40.57857],[-4.46807,40.5762],[-4.4648,40.57352],[-4.46416,40.57146],[-4.46435,40.57036],[-4.46516,40.5684]]]}},{"type":"Feature","properties":{"COD_POSTAL":"05593"},"geometry":{"type":"Polygon","coordinates":[[[-5.43087,40.41802],[-5.42961,40.41676],[-5.42768,40.41162],[-5.42759,40.40608],[-5.42559,40.40439],[-5.42448,40.40125],[-5.42432,40.40021],[-5.41939,40.39631],[-5.41795,40.39407],[-5.41763,40.39316],[-5.41824,40.39027],[-5.4159,40.38768],[-5.41056,40.39386],[-5.40464,40.39596],[-5.39596,40.39807],[-5.38842,40.40149],[-5.38204,40.40154],[-5.38051,40.40563],[-5.37811,40.40995],[-5.37669,40.41466],[-5.38029,40.4255],[-5.38223,40.42998],[-5.38559,40.43655],[-5.38647,40.43993],[-5.38824,40.44367],[-5.39203,40.44729],[-5.39427,40.44789],[-5.39475,40.44683],[-5.394,40.4444],[-5.39742,40.44012],[-5.4029,40.4394],[-5.40434,40.43725],[-5.41053,40.43256],[-5.41321,40.43223],[-5.42095,40.42667],[-5.43126,40.41881],[-5.43101,40.41827],[-5.43087,40.41802]]]}},{"type":"Feature","properties":{"COD_POSTAL":"05460"},"geometry":{"type":"Polygon","coordinates":[[[-4.86262,40.24063],[-4.86122,40.23847],[-4.86018,40.23614],[-4.85582,40.23022],[-4.85473,40.22446],[-4.85297,40.21833],[-4.85342,40.21672],[-4.85323,40.21367],[-4.85374,40.21163],[-4.85192,40.21027],[-4.84953,40.20982],[-4.84938,40.20904],[-4.8403,40.21],[-4.83541,40.2125],[-4.83819,40.21368],[-4.83911,40.2167],[-4.83981,40.22225],[-4.83973,40.22438],[-4.83908,40.22858],[-4.8391,40.23069],[-4.83982,40.23381],[-4.84173,40.23491],[-4.84227,40.23419],[-4.84336,40.23402],[-4.84438,40.23426],[-4.84493,40.23479],[-4.84468,40.23539],[-4.84267,40.23679],[-4.84237,40.2383],[-4.84333,40.23911],[-4.84338,40.24083],[-4.8441,40.24175],[-4.8438,40.2442],[-4.84341,40.24518],[-4.84422,40.24623],[-4.84568,40.24728],[-4.84605,40.24807],[-4.84546,40.25018],[-4.84561,40.25151],[-4.84838,40.25187],[-4.84907,40.25218],[-4.8503,40.25436],[-4.8517,40.25507],[-4.85275,40.25643],[-4.85535,40.25764],[-4.85578,40.25825],[-4.85505,40.25942],[-4.85462,40.26098],[-4.85392,40.26162],[-4.8535,40.26303],[-4.85161,40.26629],[-4.84739,40.27238],[-4.84723,40.27285],[-4.84735,40.27484],[-4.84536,40.27568],[-4.84447,40.27664],[-4.8424,40.27795],[-4.84277,40.27862],[-4.84366,40.27898],[-4.84446,40.28024],[-4.84645,40.2809],[-4.84714,40.28145],[-4.8482,40.28183],[-4.85007,40.28293],[-4.85104,40.28414],[-4.8519,40.28623],[-4.85245,40.28685],[-4.84868,40.2874],[-4.85184,40.29138],[-4.85206,40.29241],[-4.85515,40.29597],[-4.85772,40.30013],[-4.86258,40.30354],[-4.87977,40.31357],[-4.88451,40.31364],[-4.88684,40.31239],[-4.88792,40.31209],[-4.89243,40.31145],[-4.89568,40.31148],[-4.90337,40.30791],[-4.90437,40.30629],[-4.90805,40.30187],[-4.90885,40.30028],[-4.90849,40.2995],[-4.90792,40.29627],[-4.90908,40.29125],[-4.90915,40.28851],[-4.90054,40.28072],[-4.89302,40.28028],[-4.88741,40.2822],[-4.88697,40.27764],[-4.88711,40.27472],[-4.88641,40.27066],[-4.88088,40.26497],[-4.87986,40.26346],[-4.87902,40.26287],[-4.87641,40.26222],[-4.87424,40.26125],[-4.87267,40.2594],[-4.87236,40.2582],[-4.87029,40.25589],[-4.86732,40.25581],[-4.86606,40.25544],[-4.86685,40.25082],[-4.86424,40.24598],[-4.86517,40.24418],[-4.8648,40.24365],[-4.86262,40.24063]]]}},{"type":"Feature","properties":{"COD_POSTAL":"05278"},"geometry":{"type":"Polygon","coordinates":[[[-4.52561,40.43618],[-4.52659,40.43635],[-4.52601,40.43743],[-4.52686,40.43826],[-4.5323,40.43545],[-4.5352,40.43577],[-4.53747,40.43526],[-4.5388,40.43603],[-4.53902,40.43647],[-4.54051,40.43663],[-4.54072,40.43634],[-4.54143,40.43763],[-4.54279,40.43785],[-4.54207,40.43957],[-4.54158,40.44006],[-4.53883,40.44227],[-4.53755,40.44294],[-4.53543,40.44457],[-4.53531,40.44718],[-4.53639,40.44914],[-4.53592,40.4514],[-4.53171,40.45188],[-4.52858,40.45336],[-4.5271,40.45371],[-4.52587,40.45545],[-4.52472,40.45611],[-4.52508,40.45644],[-4.52483,40.4571],[-4.52693,40.4617],[-4.52982,40.46494],[-4.52869,40.4681],[-4.52781,40.46874],[-4.52596,40.46945],[-4.52573,40.46981],[-4.52569,40.47273],[-4.52717,40.47547],[-4.52722,40.47662],[-4.52604,40.47659],[-4.52294,40.47716],[-4.52403,40.48051],[-4.52511,40.48204],[-4.5278,40.48245],[-4.52859,40.48288],[-4.52907,40.48442],[-4.53062,40.48724],[-4.53346,40.48957],[-4.5345,40.49097],[-4.53991,40.49509],[-4.54365,40.49689],[-4.55066,40.49818],[-4.55371,40.49779],[-4.56529,40.49807],[-4.56804,40.50321],[-4.57249,40.50544],[-4.57917,40.50507],[-4.58086,40.50287],[-4.58776,40.4996],[-4.5943,40.50053],[-4.59826,40.50082],[-4.60134,40.50026],[-4.60817,40.49971],[-4.60915,40.50025],[-4.61364,40.50435],[-4.6149,40.50522],[-4.62099,40.50411],[-4.62533,40.50364],[-4.63299,40.50431],[-4.64126,40.51637],[-4.64132,40.52199],[-4.64228,40.52229],[-4.64609,40.52888],[-4.63703,40.54298],[-4.636,40.54964],[-4.63808,40.54876],[-4.64308,40.54941],[-4.64509,40.54932],[-4.65345,40.54798],[-4.65729,40.54691],[-4.66092,40.54629],[-4.6677,40.54577],[-4.67277,40.54413],[-4.67427,40.54318],[-4.67608,40.54276],[-4.67629,40.54206],[-4.67931,40.53992],[-4.68025,40.53988],[-4.68023,40.53912],[-4.68154,40.53637],[-4.68242,40.53537],[-4.68252,40.53454],[-4.68344,40.53341],[-4.68074,40.52463],[-4.67283,40.50618],[-4.66989,40.49845],[-4.66411,40.49123],[-4.6535,40.49187],[-4.63556,40.48923],[-4.62515,40.48114],[-4.62267,40.47626],[-4.62227,40.46745],[-4.62603,40.45728],[-4.63834,40.45101],[-4.6218,40.42119],[-4.62422,40.42065],[-4.62638,40.41961],[-4.62543,40.41694],[-4.62384,40.41559],[-4.62227,40.41193],[-4.62196,40.41029],[-4.6215,40.40931],[-4.62177,40.40783],[-4.62102,40.40553],[-4.62153,40.40363],[-4.62296,40.40249],[-4.6241,40.40197],[-4.62706,40.40124],[-4.62152,40.39742],[-4.61984,40.39154],[-4.62036,40.38832],[-4.62155,40.38185],[-4.62933,40.36886],[-4.63092,40.36662],[-4.6242,40.36478],[-4.61644,40.35867],[-4.61066,40.3546],[-4.60459,40.35332],[-4.59683,40.34888],[-4.5947,40.34695],[-4.5871,40.34387],[-4.58593,40.34297],[-4.58412,40.34293],[-4.57789,40.34439],[-4.57459,40.34324],[-4.57356,40.34311],[-4.57007,40.3435],[-4.56843,40.34418],[-4.5678,40.34392],[-4.56579,40.34427],[-4.56353,40.3437],[-4.55843,40.34344],[-4.55591,40.3436],[-4.55281,40.3442],[-4.55,40.34423],[-4.54801,40.34269],[-4.54647,40.34211],[-4.53898,40.34056],[-4.53491,40.34175],[-4.53093,40.34366],[-4.52802,40.34468],[-4.52641,40.34491],[-4.52523,40.34464],[-4.5245,40.34481],[-4.52302,40.34608],[-4.52098,40.34663],[-4.51902,40.34753],[-4.51489,40.34766],[-4.50609,40.353],[-4.50147,40.35489],[-4.50088,40.35856],[-4.50011,40.35977],[-4.49865,40.36121],[-4.49729,40.36213],[-4.49357,40.36399],[-4.49072,40.36756],[-4.48611,40.37013],[-4.48136,40.37091],[-4.47824,40.38384],[-4.47315,40.39311],[-4.47277,40.39319],[-4.46759,40.39118],[-4.4617,40.39103],[-4.45954,40.38801],[-4.45249,40.38629],[-4.44846,40.38039],[-4.44123,40.37855],[-4.4409,40.37896],[-4.43986,40.37934],[-4.4399,40.37982],[-4.44153,40.38194],[-4.44136,40.38274],[-4.44358,40.38357],[-4.44355,40.38414],[-4.44312,40.38479],[-4.44375,40.38552],[-4.44346,40.38634],[-4.44235,40.38695],[-4.44165,40.38699],[-4.44134,40.38731],[-4.44152,40.38779],[-4.44236,40.38847],[-4.44093,40.38902],[-4.43871,40.38897],[-4.43777,40.38932],[-4.43701,40.39052],[-4.43824,40.39099],[-4.43847,40.39131],[-4.43776,40.39201],[-4.43718,40.39407],[-4.43593,40.39464],[-4.43527,40.39468],[-4.43326,40.39609],[-4.43323,40.39693],[-4.43252,40.39819],[-4.43036,40.39841],[-4.42992,40.3988],[-4.42956,40.40026],[-4.42811,40.40067],[-4.426,40.40073],[-4.42491,40.40166],[-4.42359,40.40213],[-4.42188,40.4064],[-4.42498,40.4069],[-4.42639,40.40758],[-4.42694,40.40814],[-4.42886,40.41173],[-4.43002,40.41264],[-4.43343,40.41356],[-4.43497,40.41428],[-4.43573,40.41429],[-4.44037,40.41306],[-4.44183,40.41376],[-4.44853,40.40919],[-4.44904,40.40895],[-4.45284,40.40868],[-4.45296,40.40786],[-4.4533,40.40758],[-4.45413,40.4075],[-4.45563,40.40821],[-4.45666,40.41022],[-4.46005,40.40975],[-4.46211,40.40905],[-4.46542,40.40729],[-4.46563,40.40781],[-4.47867,40.39995],[-4.49953,40.40053],[-4.51478,40.41117],[-4.51939,40.4187],[-4.51607,40.42383],[-4.51645,40.43168],[-4.51694,40.43135],[-4.51887,40.43177],[-4.52098,40.43155],[-4.52209,40.43244],[-4.52272,40.43247],[-4.52362,40.4336],[-4.52415,40.43372],[-4.52621,40.43249],[-4.52711,40.43336],[-4.52674,40.43522],[-4.52639,40.43537],[-4.52561,40.43618]]]}},{"type":"Feature","properties":{"COD_POSTAL":"05697"},"geometry":{"type":"Polygon","coordinates":[[[-5.59903,40.21682],[-5.59435,40.21636],[-5.59106,40.21531],[-5.58979,40.21481],[-5.58843,40.21384],[-5.58602,40.21329],[-5.58288,40.21215],[-5.57786,40.20939],[-5.57548,40.20914],[-5.57267,40.20817],[-5.57122,40.20728],[-5.5682,40.20641],[-5.56503,40.20413],[-5.56357,40.20263],[-5.56157,40.20201],[-5.5581,40.20175],[-5.55593,40.20088],[-5.55186,40.20055],[-5.55091,40.19995],[-5.54928,40.19794],[-5.54811,40.19724],[-5.54613,40.19692],[-5.54469,40.19727],[-5.54326,40.19709],[-5.54068,40.19578],[-5.53647,40.19662],[-5.53096,40.19472],[-5.52103,40.1961],[-5.51728,40.19741],[-5.5144,40.19925],[-5.51297,40.19974],[-5.51163,40.2009],[-5.50968,40.20186],[-5.50563,40.20222],[-5.50386,40.20194],[-5.49999,40.20076],[-5.49913,40.19894],[-5.49147,40.20326],[-5.48687,40.20513],[-5.4831,40.20574],[-5.47884,40.20707],[-5.47091,40.20785],[-5.46969,40.21274],[-5.46981,40.21564],[-5.46918,40.22192],[-5.46807,40.22415],[-5.45511,40.22635],[-5.45229,40.22715],[-5.45052,40.22782],[-5.43977,40.23363],[-5.43606,40.2389],[-5.43572,40.24005],[-5.4343,40.24276],[-5.43382,40.24491],[-5.43034,40.24889],[-5.42983,40.25226],[-5.43658,40.25829],[-5.44352,40.26236],[-5.44684,40.27311],[-5.45474,40.27909],[-5.4579,40.28314],[-5.45746,40.28757],[-5.46597,40.29434],[-5.47715,40.29849],[-5.48595,40.30266],[-5.492,40.31038],[-5.5032,40.31754],[-5.50408,40.31926],[-5.5034,40.32277],[-5.50136,40.32426],[-5.50037,40.3246],[-5.50077,40.32538],[-5.50249,40.32713],[-5.50331,40.3276],[-5.50503,40.32794],[-5.50619,40.32845],[-5.50881,40.33002],[-5.50973,40.33033],[-5.51424,40.33069],[-5.51704,40.33249],[-5.52103,40.33561],[-5.52156,40.33627],[-5.53454,40.3444],[-5.53728,40.34288],[-5.54052,40.33973],[-5.54292,40.33674],[-5.54503,40.3336],[-5.54474,40.33309],[-5.54689,40.33098],[-5.55299,40.32771],[-5.55575,40.32215],[-5.55627,40.32061],[-5.55748,40.31604],[-5.558,40.31163],[-5.56075,40.30271],[-5.56275,40.30251],[-5.56797,40.29957],[-5.56868,40.29702],[-5.56629,40.28914],[-5.56719,40.28627],[-5.56735,40.28225],[-5.57365,40.27635],[-5.57916,40.27497],[-5.58045,40.27273],[-5.58152,40.26931],[-5.58215,40.26827],[-5.58173,40.26645],[-5.58197,40.26472],[-5.58372,40.26272],[-5.58546,40.26203],[-5.58669,40.25893],[-5.58619,40.25497],[-5.58495,40.25338],[-5.58681,40.25029],[-5.58863,40.24562],[-5.58959,40.23109],[-5.59295,40.22187],[-5.59836,40.2168],[-5.59903,40.21682]]]}},{"type":"Feature","properties":{"COD_POSTAL":"05631"},"geometry":{"type":"Polygon","coordinates":[[[-5.3249,40.29147],[-5.32294,40.28894],[-5.324,40.2869],[-5.32544,40.28561],[-5.32572,40.28482],[-5.32568,40.2816],[-5.32426,40.28039],[-5.32274,40.27961],[-5.32129,40.27714],[-5.31951,40.27562],[-5.31894,40.27485],[-5.31802,40.26994],[-5.31678,40.26853],[-5.3163,40.26567],[-5.31568,40.26403],[-5.31403,40.26281],[-5.31097,40.26149],[-5.31026,40.26063],[-5.30814,40.25893],[-5.30722,40.25852],[-5.30291,40.25754],[-5.30148,40.25681],[-5.29982,40.25642],[-5.29959,40.25439],[-5.29986,40.25128],[-5.29818,40.24692],[-5.2936,40.24313],[-5.29168,40.24343],[-5.28445,40.24179],[-5.28315,40.24168],[-5.28026,40.24373],[-5.27682,40.24528],[-5.27387,40.24841],[-5.27002,40.24919],[-5.26913,40.25165],[-5.26275,40.25051],[-5.26044,40.25126],[-5.25889,40.25272],[-5.25384,40.25432],[-5.25288,40.25486],[-5.25163,40.25584],[-5.24672,40.26134],[-5.24645,40.26388],[-5.24591,40.2653],[-5.24356,40.26886],[-5.23774,40.27471],[-5.23966,40.27599],[-5.24073,40.27717],[-5.24119,40.27817],[-5.2412,40.27935],[-5.24073,40.2812],[-5.23955,40.28386],[-5.23739,40.28775],[-5.23738,40.28816],[-5.24014,40.29202],[-5.23948,40.30419],[-5.23548,40.30727],[-5.23248,40.31175],[-5.23534,40.31836],[-5.23825,40.32429],[-5.23664,40.32676],[-5.24407,40.32734],[-5.24938,40.33066],[-5.24764,40.33271],[-5.25488,40.33763],[-5.25815,40.34313],[-5.26197,40.34823],[-5.2641,40.35051],[-5.266,40.3537],[-5.2668,40.35439],[-5.26699,40.35479],[-5.267,40.35763],[-5.26848,40.35783],[-5.25998,40.3773],[-5.21639,40.38209],[-5.21672,40.38431],[-5.21582,40.38699],[-5.213,40.39249],[-5.21044,40.39832],[-5.21351,40.40752],[-5.22226,40.41023],[-5.22418,40.40998],[-5.22486,40.41646],[-5.2251,40.42142],[-5.22811,40.42743],[-5.22926,40.42892],[-5.22977,40.43418],[-5.23133,40.43917],[-5.23266,40.43911],[-5.25238,40.43575],[-5.261,40.43507],[-5.269,40.43717],[-5.27822,40.43535],[-5.28169,40.42785],[-5.28637,40.42531],[-5.294,40.42],[-5.29494,40.41635],[-5.29805,40.41418],[-5.30678,40.40906],[-5.31557,40.40504],[-5.31892,40.40464],[-5.31801,40.40169],[-5.31815,40.39878],[-5.31637,40.39548],[-5.31775,40.39046],[-5.31877,40.38836],[-5.31944,40.38339],[-5.32338,40.37549],[-5.32556,40.36991],[-5.32561,40.36699],[-5.32695,40.36536],[-5.32575,40.36412],[-5.33138,40.36379],[-5.33483,40.36312],[-5.34176,40.36057],[-5.34509,40.36031],[-5.34778,40.35837],[-5.34849,40.35383],[-5.34618,40.35309],[-5.3451,40.35243],[-5.34409,40.35037],[-5.35193,40.34266],[-5.35835,40.34006],[-5.36198,40.33906],[-5.36658,40.33842],[-5.37107,40.33839],[-5.36273,40.3302],[-5.36002,40.32861],[-5.35872,40.32641],[-5.35658,40.3246],[-5.35136,40.32267],[-5.34676,40.32248],[-5.34574,40.32271],[-5.34256,40.322],[-5.33836,40.32194],[-5.33703,40.3205],[-5.33526,40.31973],[-5.33273,40.3168],[-5.33016,40.31494],[-5.32708,40.31116],[-5.32652,40.30988],[-5.32667,40.30742],[-5.32714,40.30634],[-5.3274,40.30459],[-5.3266,40.30116],[-5.32488,40.29603],[-5.3249,40.29147]]]}},{"type":"Feature","properties":{"COD_POSTAL":"05134"},"geometry":{"type":"MultiPolygon","coordinates":[[[[-5.09207,40.44379],[-5.0931,40.45066],[-5.09264,40.4541],[-5.09301,40.4559],[-5.09363,40.46783],[-5.09327,40.4711],[-5.09742,40.47356],[-5.103,40.47532],[-5.10901,40.47657],[-5.11549,40.47501],[-5.11767,40.47473],[-5.11971,40.4746],[-5.1232,40.47492],[-5.12833,40.47457],[-5.13116,40.47519],[-5.1323,40.47574],[-5.13428,40.47589],[-5.13581,40.47488],[-5.13783,40.47092],[-5.13845,40.46921],[-5.13859,40.46785],[-5.14204,40.46227],[-5.14379,40.46165],[-5.14495,40.4619],[-5.14876,40.45793],[-5.14687,40.45783],[-5.14389,40.45716],[-5.14036,40.45559],[-5.13999,40.45325],[-5.14075,40.45194],[-5.14041,40.4514],[-5.13371,40.44319],[-5.13149,40.44203],[-5.13106,40.4414],[-5.12896,40.44008],[-5.12793,40.43781],[-5.12722,40.43548],[-5.1266,40.4349],[-5.12671,40.4287],[-5.12753,40.42608],[-5.12542,40.42215],[-5.1246,40.42455],[-5.12461,40.42509],[-5.12437,40.42495],[-5.12414,40.42216],[-5.12378,40.42135],[-5.12424,40.41099],[-5.12686,40.40345],[-5.12437,40.4033],[-5.1174,40.40374],[-5.11226,40.40409],[-5.11039,40.40455],[-5.10686,40.40294],[-5.10369,40.40348],[-5.09969,40.40286],[-5.09549,40.40258],[-5.09074,40.40151],[-5.08364,40.40108],[-5.07651,40.4037],[-5.06778,40.40899],[-5.06431,40.41043],[-5.05104,40.42559],[-5.05122,40.42609],[-5.05075,40.42698],[-5.05085,40.42731],[-5.0549,40.42819],[-5.05668,40.42924],[-5.05826,40.42869],[-5.06038,40.4301],[-5.06092,40.43117],[-5.05935,40.43256],[-5.05948,40.43301],[-5.05929,40.43393],[-5.0596,40.43443],[-5.06178,40.43593],[-5.0636,40.43629],[-5.0642,40.43651],[-5.06436,40.43684],[-5.06163,40.4384],[-5.06174,40.43908],[-5.06266,40.44059],[-5.0634,40.44119],[-5.06496,40.44155],[-5.06649,40.44238],[-5.06766,40.44101],[-5.06974,40.43995],[-5.07146,40.44064],[-5.07297,40.43993],[-5.07455,40.44001],[-5.07707,40.44066],[-5.07761,40.44171],[-5.08252,40.441],[-5.08552,40.44119],[-5.08629,40.44097],[-5.08716,40.44029],[-5.08839,40.44026],[-5.08926,40.43973],[-5.09007,40.44017],[-5.09103,40.44012],[-5.09205,40.44344],[-5.09207,40.44379]]],[[[-4.99167,40.4489],[-4.98977,40.44898],[-4.98978,40.44987],[-4.98946,40.4498],[-4.98935,40.4502],[-4.98952,40.45093],[-4.98907,40.45094],[-4.98836,40.4521],[-4.98673,40.45252],[-4.98665,40.45278],[-4.98565,40.45321],[-4.98419,40.45351],[-4.98326,40.4534],[-4.97913,40.45188],[-4.97589,40.45013],[-4.97528,40.44946],[-4.97482,40.44663],[-4.96455,40.44462],[-4.96181,40.44016],[-4.96694,40.4336],[-4.96355,40.43416],[-4.96162,40.43314],[-4.95586,40.43213],[-4.95453,40.4312],[-4.95454,40.43078],[-4.95411,40.43067],[-4.95374,40.4308],[-4.9541,40.43163],[-4.95403,40.43236],[-4.93727,40.43161],[-4.93191,40.43241],[-4.92606,40.43188],[-4.92066,40.43206],[-4.87065,40.42674],[-4.87292,40.43231],[-4.87247,40.43258],[-4.87248,40.43291],[-4.87477,40.43572],[-4.87473,40.43636],[-4.87554,40.43738],[-4.87554,40.43828],[-4.87333,40.44176],[-4.875,40.44475],[-4.87762,40.44467],[-4.87813,40.44535],[-4.87833,40.44697],[-4.87887,40.44737],[-4.88394,40.44792],[-4.88535,40.44838],[-4.89289,40.44862],[-4.89481,40.449],[-4.89588,40.45011],[-4.89661,40.45018],[-4.89774,40.45087],[-4.89961,40.45079],[-4.90181,40.4519],[-4.90259,40.45337],[-4.90448,40.45478],[-4.90508,40.45608],[-4.89904,40.46697],[-4.89489,40.47327],[-4.895,40.47408],[-4.89609,40.47531],[-4.89713,40.47724],[-4.89883,40.48196],[-4.90075,40.48306],[-4.90499,40.48293],[-4.91062,40.48233],[-4.91694,40.48063],[-4.92049,40.47924],[-4.92294,40.48017],[-4.92452,40.48015],[-4.92641,40.48047],[-4.92902,40.47958],[-4.93156,40.47939],[-4.93592,40.47835],[-4.942,40.47644],[-4.94355,40.47705],[-4.94632,40.47584],[-4.94763,40.47632],[-4.9566,40.47528],[-4.95952,40.47519],[-4.9627,40.47888],[-4.9655,40.48023],[-4.96845,40.4824],[-4.96878,40.48306],[-4.96987,40.48295],[-4.97209,40.48136],[-4.9753,40.48012],[-4.9779,40.47978],[-4.97879,40.48055],[-4.98133,40.48092],[-4.98303,40.48228],[-4.98437,40.48241],[-4.98451,40.48149],[-4.98506,40.48117],[-4.98935,40.48002],[-4.9931,40.47846],[-4.99388,40.47867],[-4.99474,40.47799],[-4.99556,40.47681],[-4.99849,40.47608],[-4.99903,40.47487],[-4.99863,40.47431],[-4.9995,40.47284],[-5.0013,40.47056],[-5.00636,40.4658],[-5.00896,40.46505],[-5.01097,40.4621],[-5.01203,40.46208],[-5.01572,40.4602],[-5.0191,40.45707],[-5.02401,40.45333],[-5.02457,40.45331],[-5.02517,40.45243],[-5.02507,40.45148],[-5.02608,40.45095],[-5.02565,40.44987],[-5.02579,40.44913],[-5.02529,40.44842],[-5.02462,40.44659],[-5.02365,40.44605],[-5.02295,40.44491],[-5.0231,40.44423],[-5.02354,40.44373],[-5.0234,40.44296],[-5.02185,40.44215],[-5.02189,40.44166],[-5.02144,40.44067],[-5.02142,40.44046],[-5.02218,40.43982],[-5.02203,40.43873],[-5.02256,40.4377],[-5.02199,40.4366],[-5.02194,40.43521],[-5.02082,40.4335],[-5.01954,40.43252],[-5.01878,40.43239],[-5.01729,40.43302],[-5.01535,40.43319],[-5.01545,40.4336],[-5.01464,40.43415],[-5.01441,40.43613],[-5.01378,40.43636],[-5.01149,40.43625],[-5.01001,40.43757],[-5.00961,40.43836],[-5.00789,40.43981],[-5.00589,40.44006],[-5.00479,40.43995],[-5.00403,40.43965],[-5.00331,40.43903],[-5.00278,40.43928],[-5.00193,40.44022],[-5.0009,40.44061],[-4.99944,40.44078],[-4.99763,40.44031],[-4.99691,40.44048],[-4.99677,40.44089],[-4.99738,40.44145],[-4.99707,40.44203],[-4.99655,40.44234],[-4.99654,40.44287],[-4.99559,40.44311],[-4.99534,40.44345],[-4.99559,40.44449],[-4.99614,40.44529],[-4.99488,40.44541],[-4.99481,40.44665],[-4.99454,40.44732],[-4.99478,40.44751],[-4.99417,40.44854],[-4.99423,40.44919],[-4.99296,40.44921],[-4.99239,40.44911],[-4.99263,40.44893],[-4.99241,40.4488],[-4.99167,40.44886],[-4.99167,40.4489]]]]}},{"type":"Feature","properties":{"COD_POSTAL":"05470"},"geometry":{"type":"Polygon","coordinates":[[[-4.90758,40.20291],[-4.90839,40.20111],[-4.90809,40.19884],[-4.90724,40.19739],[-4.90686,40.19692],[-4.90583,40.19641],[-4.90561,40.19569],[-4.9016,40.19409],[-4.90079,40.19277],[-4.90095,40.19115],[-4.89893,40.19003],[-4.89741,40.1886],[-4.89706,40.18795],[-4.89697,40.18546],[-4.89665,40.18507],[-4.89132,40.18796],[-4.8877,40.18948],[-4.88513,40.19088],[-4.88353,40.19104],[-4.87835,40.19029],[-4.87705,40.19121],[-4.87664,40.19177],[-4.8753,40.19779],[-4.87263,40.19933],[-4.87107,40.20093],[-4.86858,40.20178],[-4.86714,40.20279],[-4.8627,40.20507],[-4.86165,40.20505],[-4.85966,40.20347],[-4.8578,40.20367],[-4.85649,40.20466],[-4.85432,40.20746],[-4.85131,40.20869],[-4.84938,40.20904],[-4.84953,40.20982],[-4.85192,40.21027],[-4.85374,40.21163],[-4.85323,40.21367],[-4.85342,40.21672],[-4.85297,40.21833],[-4.85473,40.22446],[-4.85582,40.23022],[-4.85876,40.234],[-4.86018,40.23614],[-4.86122,40.23847],[-4.86517,40.24418],[-4.86424,40.24598],[-4.86685,40.25082],[-4.86606,40.25544],[-4.86732,40.25581],[-4.87029,40.25589],[-4.87236,40.2582],[-4.87267,40.2594],[-4.87424,40.26125],[-4.87641,40.26222],[-4.87902,40.26287],[-4.87986,40.26346],[-4.88088,40.26497],[-4.88641,40.27066],[-4.88711,40.27472],[-4.88697,40.27764],[-4.88741,40.2822],[-4.89302,40.28028],[-4.90054,40.28072],[-4.90915,40.28851],[-4.90908,40.29125],[-4.90792,40.29627],[-4.90849,40.2995],[-4.90885,40.30028],[-4.90976,40.30014],[-4.91241,40.3005],[-4.92081,40.30264],[-4.91982,40.29933],[-4.92384,40.29966],[-4.92703,40.29876],[-4.92888,40.29798],[-4.93053,40.29585],[-4.93374,40.29455],[-4.93656,40.28969],[-4.93924,40.28585],[-4.94718,40.2796],[-4.94919,40.27692],[-4.94924,40.27615],[-4.94823,40.27217],[-4.94912,40.26773],[-4.94964,40.2666],[-4.95295,40.26276],[-4.95346,40.25901],[-4.95675,40.25672],[-4.96135,40.25398],[-4.96593,40.25204],[-4.96899,40.25015],[-4.97116,40.2473],[-4.97136,40.24642],[-4.97094,40.24409],[-4.97171,40.24277],[-4.97199,40.24124],[-4.97108,40.24034],[-4.97087,40.23833],[-4.96806,40.23643],[-4.96734,40.23426],[-4.96711,40.23211],[-4.9664,40.23075],[-4.96511,40.22936],[-4.96595,40.22755],[-4.96344,40.2239],[-4.95432,40.22596],[-4.95292,40.22608],[-4.9522,40.22538],[-4.95137,40.22541],[-4.94949,40.22452],[-4.94858,40.22446],[-4.94689,40.22362],[-4.94535,40.22324],[-4.93575,40.22238],[-4.92969,40.21882],[-4.92478,40.21911],[-4.91887,40.21809],[-4.90305,40.2164],[-4.90245,40.21476],[-4.9024,40.21245],[-4.90333,40.20836],[-4.90355,40.20797],[-4.90476,40.20737],[-4.90688,40.20684],[-4.90749,40.20407],[-4.90736,40.20335],[-4.90758,40.20291]]]}},{"type":"Feature","properties":{"COD_POSTAL":"05114"},"geometry":{"type":"Polygon","coordinates":[[[-4.81241,40.39892],[-4.81325,40.39989],[-4.81362,40.40341],[-4.81579,40.40299],[-4.81716,40.40326],[-4.81842,40.40287],[-4.82066,40.40318],[-4.83627,40.40169],[-4.84483,40.39875],[-4.84957,40.39577],[-4.85155,40.39591],[-4.85185,40.39653],[-4.85176,40.39735],[-4.85257,40.39764],[-4.85387,40.39719],[-4.85434,40.39651],[-4.85351,40.3963],[-4.85391,40.3954],[-4.8557,40.39372],[-4.85701,40.39201],[-4.8575,40.39093],[-4.86046,40.39042],[-4.86203,40.39047],[-4.86369,40.39214],[-4.86448,40.3923],[-4.8654,40.39214],[-4.86138,40.38796],[-4.85538,40.38467],[-4.85161,40.38074],[-4.84773,40.37803],[-4.8452,40.37418],[-4.84235,40.37073],[-4.83932,40.36825],[-4.83718,40.36729],[-4.83573,40.36306],[-4.836,40.36033],[-4.83448,40.35713],[-4.8341,40.35227],[-4.83479,40.34914],[-4.83128,40.34613],[-4.82952,40.345],[-4.82682,40.3436],[-4.82339,40.34253],[-4.81848,40.33937],[-4.81568,40.33628],[-4.81256,40.33165],[-4.81025,40.33708],[-4.80713,40.33924],[-4.79993,40.34747],[-4.80101,40.34946],[-4.79926,40.35157],[-4.80003,40.35477],[-4.79976,40.35564],[-4.80006,40.35633],[-4.79966,40.35736],[-4.80061,40.35858],[-4.80058,40.3593],[-4.80129,40.36096],[-4.79919,40.36319],[-4.79886,40.36346],[-4.79788,40.36358],[-4.79768,40.36388],[-4.79797,40.36511],[-4.79762,40.36552],[-4.79756,40.3666],[-4.79718,40.36705],[-4.79717,40.3674],[-4.79849,40.36808],[-4.79849,40.36917],[-4.79903,40.37072],[-4.80044,40.37286],[-4.8006,40.37565],[-4.8002,40.37811],[-4.80215,40.37974],[-4.80358,40.38205],[-4.80941,40.38995],[-4.81116,40.39599],[-4.81241,40.39892]]]}},{"type":"Feature","properties":{"COD_POSTAL":"05239"},"geometry":{"type":"MultiPolygon","coordinates":[[[[-4.3987,40.58953],[-4.39738,40.58488],[-4.39751,40.5811],[-4.39308,40.57708],[-4.38979,40.5751],[-4.38744,40.57262],[-4.38431,40.57091],[-4.38026,40.57069],[-4.37713,40.5713],[-4.37406,40.57046],[-4.37231,40.5725],[-4.36777,40.57521],[-4.36262,40.57718],[-4.35713,40.57759],[-4.35471,40.58116],[-4.35312,40.58397],[-4.35393,40.58737],[-4.35811,40.59109],[-4.36463,40.59235],[-4.37165,40.59241],[-4.37684,40.59152],[-4.38261,40.59309],[-4.38397,40.59319],[-4.38794,40.59177],[-4.39162,40.59088],[-4.39858,40.59087],[-4.39829,40.5898],[-4.3987,40.58953]]],[[[-4.16965,40.69315],[-4.17211,40.69314],[-4.17227,40.69253],[-4.17706,40.69389],[-4.17769,40.69423],[-4.17745,40.69472],[-4.17895,40.69516],[-4.17947,40.69593],[-4.18331,40.69805],[-4.18423,40.69789],[-4.18657,40.69631],[-4.18762,40.69585],[-4.19029,40.69625],[-4.19321,40.69496],[-4.19418,40.69481],[-4.19885,40.69481],[-4.19988,40.69454],[-4.2026,40.69472],[-4.20637,40.69361],[-4.20768,40.69386],[-4.21172,40.69358],[-4.21548,40.69297],[-4.2173,40.69197],[-4.21949,40.69173],[-4.22621,40.68945],[-4.22901,40.68874],[-4.23234,40.68831],[-4.23338,40.68869],[-4.23725,40.68801],[-4.2384,40.68816],[-4.2405,40.68967],[-4.24273,40.68983],[-4.24464,40.6896],[-4.24542,40.6899],[-4.24658,40.68981],[-4.25141,40.68836],[-4.25236,40.68939],[-4.2529,40.68953],[-4.2568,40.68665],[-4.25854,40.68594],[-4.25993,40.68567],[-4.26222,40.68586],[-4.2633,40.68569],[-4.26555,40.68505],[-4.27222,40.68207],[-4.27343,40.68127],[-4.27501,40.67652],[-4.27175,40.67612],[-4.26741,40.67454],[-4.26539,40.6711],[-4.25985,40.66575],[-4.25655,40.66382],[-4.25598,40.6631],[-4.25446,40.66207],[-4.25411,40.65867],[-4.25605,40.6514],[-4.26211,40.65182],[-4.26737,40.65316],[-4.27035,40.65282],[-4.27283,40.65303],[-4.27631,40.65254],[-4.28154,40.65316],[-4.29031,40.65206],[-4.29596,40.65191],[-4.30192,40.65125],[-4.31262,40.64875],[-4.31971,40.64751],[-4.32814,40.64726],[-4.32928,40.64505],[-4.33038,40.64362],[-4.33496,40.63948],[-4.33271,40.63761],[-4.33263,40.63713],[-4.32836,40.63756],[-4.3189,40.63926],[-4.30339,40.6389],[-4.30161,40.63632],[-4.30149,40.63381],[-4.29493,40.63139],[-4.29318,40.62966],[-4.29142,40.62914],[-4.28997,40.628],[-4.28756,40.62875],[-4.28383,40.62887],[-4.28164,40.6299],[-4.27947,40.63054],[-4.27746,40.63024],[-4.27501,40.62936],[-4.27318,40.62934],[-4.27244,40.6291],[-4.27215,40.62884],[-4.27192,40.62673],[-4.27116,40.62495],[-4.27119,40.62351],[-4.27094,40.62266],[-4.26937,40.62033],[-4.26667,40.61269],[-4.26523,40.60988],[-4.26387,40.60773],[-4.26208,40.60555],[-4.25725,40.60388],[-4.24244,40.60232],[-4.22561,40.60341],[-4.22168,40.6041],[-4.21799,40.60535],[-4.21618,40.60492],[-4.2152,40.60493],[-4.21106,40.60673],[-4.19293,40.61329],[-4.18664,40.61465],[-4.1765,40.61632],[-4.16142,40.62349],[-4.16302,40.62568],[-4.16877,40.62591],[-4.16976,40.62713],[-4.17248,40.62916],[-4.17312,40.63028],[-4.17284,40.63157],[-4.17073,40.63419],[-4.17079,40.63589],[-4.1719,40.63802],[-4.17131,40.63984],[-4.17017,40.64183],[-4.16857,40.64283],[-4.1679,40.64381],[-4.16755,40.64665],[-4.16806,40.64791],[-4.16931,40.64947],[-4.16924,40.65009],[-4.16732,40.65158],[-4.16673,40.65273],[-4.16866,40.65576],[-4.16859,40.65671],[-4.16918,40.6595],[-4.16899,40.66138],[-4.1691,40.66349],[-4.16958,40.6641],[-4.17073,40.6649],[-4.17395,40.66666],[-4.17363,40.67081],[-4.17379,40.67252],[-4.17339,40.67473],[-4.17341,40.67662],[-4.17198,40.68029],[-4.17003,40.68184],[-4.16901,40.68303],[-4.16876,40.68367],[-4.16752,40.68495],[-4.16334,40.68826],[-4.16028,40.68987],[-4.16467,40.69323],[-4.16691,40.69305],[-4.16916,40.69317],[-4.16965,40.69315]]]]}},{"type":"Feature","properties":{"COD_POSTAL":"05490"},"geometry":{"type":"Polygon","coordinates":[[[-4.97214,40.20632],[-4.97106,40.1968],[-4.97223,40.19469],[-4.97231,40.19206],[-4.97173,40.18953],[-4.97013,40.18575],[-4.96884,40.17772],[-4.96511,40.17061],[-4.96272,40.16688],[-4.95882,40.15704],[-4.95748,40.15591],[-4.95837,40.15548],[-4.95683,40.15409],[-4.95507,40.15347],[-4.95264,40.1536],[-4.94872,40.15779],[-4.94714,40.15875],[-4.94128,40.15937],[-4.93958,40.15988],[-4.93734,40.16122],[-4.93631,40.16247],[-4.93475,40.16361],[-4.93383,40.1649],[-4.93136,40.16633],[-4.93037,40.16743],[-4.92888,40.16847],[-4.92302,40.17053],[-4.91885,40.17146],[-4.91682,40.1725],[-4.91371,40.1736],[-4.90257,40.18006],[-4.90065,40.18216],[-4.89665,40.18507],[-4.89697,40.18546],[-4.89706,40.18795],[-4.89741,40.1886],[-4.89893,40.19003],[-4.90095,40.19115],[-4.90079,40.19277],[-4.9016,40.19409],[-4.90561,40.19569],[-4.90583,40.19641],[-4.90686,40.19692],[-4.90809,40.19884],[-4.90839,40.20111],[-4.90736,40.20335],[-4.90749,40.20407],[-4.90688,40.20684],[-4.90476,40.20737],[-4.90355,40.20797],[-4.90314,40.20898],[-4.9024,40.21245],[-4.90245,40.21476],[-4.90305,40.2164],[-4.91887,40.21809],[-4.92478,40.21911],[-4.92969,40.21882],[-4.93575,40.22238],[-4.94535,40.22324],[-4.94551,40.22262],[-4.94851,40.2204],[-4.95201,40.21856],[-4.95725,40.21766],[-4.96294,40.2175],[-4.96626,40.21556],[-4.96821,40.21488],[-4.97125,40.21288],[-4.97186,40.21137],[-4.97238,40.21076],[-4.9728,40.20932],[-4.97369,40.20798],[-4.97317,40.2074],[-4.97214,40.20632]]]}},{"type":"Feature","properties":{"COD_POSTAL":"05193"},"geometry":{"type":"Polygon","coordinates":[[[-4.4814,40.79159],[-4.49666,40.79322],[-4.49882,40.79322],[-4.50652,40.79043],[-4.50967,40.78991],[-4.5162,40.78773],[-4.51966,40.78775],[-4.52098,40.7874],[-4.52491,40.78783],[-4.5285,40.7877],[-4.52715,40.7855],[-4.5285,40.78397],[-4.52933,40.78108],[-4.53002,40.7798],[-4.528,40.77923],[-4.52476,40.77638],[-4.52401,40.77519],[-4.52451,40.77464],[-4.52629,40.77376],[-4.52849,40.7722],[-4.52953,40.7711],[-4.53052,40.77079],[-4.53137,40.77094],[-4.5363,40.76892],[-4.53647,40.76714],[-4.53766,40.76709],[-4.54333,40.7647],[-4.55002,40.7624],[-4.5504,40.7617],[-4.55168,40.76104],[-4.55187,40.76055],[-4.55129,40.75951],[-4.55099,40.75722],[-4.55501,40.75564],[-4.55562,40.75248],[-4.55382,40.752],[-4.54867,40.75237],[-4.54964,40.75054],[-4.54957,40.75023],[-4.54847,40.74976],[-4.54781,40.7483],[-4.5471,40.7476],[-4.54705,40.74722],[-4.54741,40.7465],[-4.54693,40.74385],[-4.54976,40.74367],[-4.55283,40.74007],[-4.55383,40.73802],[-4.55355,40.73744],[-4.55144,40.73742],[-4.54833,40.738],[-4.5493,40.73589],[-4.54931,40.7344],[-4.54878,40.73357],[-4.54899,40.7319],[-4.54711,40.73045],[-4.54556,40.72999],[-4.54499,40.72943],[-4.54576,40.72724],[-4.54618,40.72513],[-4.5459,40.72419],[-4.54371,40.72367],[-4.54297,40.72276],[-4.54297,40.71902],[-4.54193,40.71881],[-4.54161,40.71776],[-4.53973,40.71786],[-4.53973,40.715],[-4.53914,40.7131],[-4.53936,40.71159],[-4.53859,40.71105],[-4.53845,40.71066],[-4.53979,40.70816],[-4.53968,40.70749],[-4.53842,40.70654],[-4.53784,40.70549],[-4.53807,40.70512],[-4.53989,40.70422],[-4.5397,40.704],[-4.53838,40.70371],[-4.53773,40.70263],[-4.53588,40.70234],[-4.53541,40.70191],[-4.53463,40.70182],[-4.53261,40.70005],[-4.52955,40.69984],[-4.52719,40.7001],[-4.52675,40.69872],[-4.52724,40.69821],[-4.52726,40.69713],[-4.52673,40.6967],[-4.52819,40.69469],[-4.52818,40.69408],[-4.52683,40.69314],[-4.52432,40.69268],[-4.52236,40.6912],[-4.52199,40.69121],[-4.52199,40.69167],[-4.52163,40.69211],[-4.52097,40.69221],[-4.52045,40.69172],[-4.51988,40.68994],[-4.51835,40.68832],[-4.51796,40.68839],[-4.51762,40.68886],[-4.51639,40.68876],[-4.51317,40.6895],[-4.51292,40.68945],[-4.51273,40.68851],[-4.51212,40.68827],[-4.50927,40.68978],[-4.50641,40.68894],[-4.50523,40.69055],[-4.50478,40.69082],[-4.50145,40.69035],[-4.50008,40.68903],[-4.49904,40.68897],[-4.49748,40.68845],[-4.49623,40.68874],[-4.49299,40.68885],[-4.49238,40.68924],[-4.49237,40.68969],[-4.49293,40.69056],[-4.4931,40.6913],[-4.493,40.69244],[-4.49231,40.69404],[-4.49167,40.69434],[-4.49112,40.69412],[-4.49053,40.69122],[-4.49002,40.68995],[-4.48929,40.6893],[-4.48828,40.68914],[-4.48557,40.68998],[-4.48139,40.69266],[-4.48082,40.69355],[-4.48114,40.69562],[-4.48047,40.69644],[-4.48007,40.69639],[-4.47804,40.69503],[-4.47557,40.69256],[-4.47368,40.69169],[-4.47346,40.69142],[-4.47419,40.69038],[-4.47418,40.68956],[-4.46979,40.6925],[-4.46836,40.69111],[-4.46607,40.68998],[-4.46492,40.6884],[-4.46455,40.68664],[-4.46343,40.68603],[-4.46081,40.68288],[-4.4605,40.68153],[-4.45842,40.6796],[-4.45693,40.6775],[-4.45534,40.67402],[-4.45429,40.67018],[-4.45442,40.66941],[-4.45361,40.66806],[-4.45407,40.6639],[-4.45538,40.6591],[-4.45654,40.65611],[-4.45986,40.65201],[-4.46416,40.64874],[-4.46404,40.64669],[-4.46465,40.64527],[-4.46451,40.64224],[-4.46512,40.64088],[-4.46599,40.63693],[-4.46597,40.636],[-4.4656,40.63487],[-4.45708,40.63419],[-4.44852,40.63018],[-4.44761,40.63013],[-4.44274,40.63111],[-4.43328,40.63118],[-4.42691,40.63257],[-4.42314,40.63382],[-4.41962,40.63343],[-4.41984,40.6386],[-4.41919,40.64911],[-4.41925,40.65496],[-4.42002,40.66046],[-4.42079,40.66328],[-4.42098,40.66505],[-4.42081,40.66692],[-4.42159,40.66979],[-4.42211,40.67526],[-4.42343,40.67565],[-4.43191,40.70413],[-4.43228,40.70467],[-4.43414,40.70562],[-4.43468,40.70617],[-4.43386,40.70986],[-4.43522,40.71303],[-4.43566,40.71588],[-4.4333,40.71732],[-4.43233,40.71724],[-4.43275,40.71967],[-4.43231,40.72197],[-4.43057,40.72361],[-4.43061,40.72668],[-4.43022,40.72817],[-4.42689,40.72962],[-4.42857,40.73204],[-4.42869,40.73427],[-4.42901,40.73497],[-4.43052,40.73622],[-4.43113,40.74238],[-4.43556,40.74648],[-4.43762,40.749],[-4.43872,40.74977],[-4.43979,40.75017],[-4.44148,40.75026],[-4.44335,40.75073],[-4.4449,40.75157],[-4.45445,40.75453],[-4.45989,40.75882],[-4.46084,40.76062],[-4.46306,40.76337],[-4.46453,40.76613],[-4.46707,40.76913],[-4.46915,40.77033],[-4.47198,40.7724],[-4.47384,40.77465],[-4.47463,40.77686],[-4.47334,40.77944],[-4.4725,40.78207],[-4.47265,40.78278],[-4.47426,40.78391],[-4.47673,40.78448],[-4.48058,40.78616],[-4.48115,40.78665],[-4.48156,40.78837],[-4.4814,40.79159]]]}},{"type":"Feature","properties":{"COD_POSTAL":"05298"},"geometry":{"type":"Polygon","coordinates":[[[-5.02187,41.03802],[-5.02337,41.04121],[-5.02252,41.0424],[-5.02339,41.04419],[-5.02643,41.04708],[-5.02636,41.04844],[-5.02761,41.04918],[-5.02976,41.04819],[-5.03478,41.05151],[-5.0365,41.05144],[-5.03727,41.0557],[-5.04176,41.05619],[-5.04315,41.05814],[-5.04577,41.06053],[-5.04755,41.06025],[-5.06107,41.06266],[-5.06336,41.06436],[-5.06867,41.06486],[-5.06742,41.06201],[-5.07012,41.06084],[-5.07112,41.0584],[-5.07328,41.05689],[-5.07394,41.05737],[-5.0772,41.05554],[-5.0797,41.05376],[-5.08079,41.05176],[-5.08291,41.04959],[-5.08236,41.048],[-5.08066,41.04604],[-5.07945,41.04387],[-5.0786,41.04138],[-5.08388,41.04141],[-5.08796,41.04085],[-5.08832,41.03944],[-5.08966,41.04006],[-5.09341,41.04099],[-5.09681,41.03805],[-5.09965,41.03781],[-5.10026,41.03652],[-5.10241,41.03513],[-5.10514,41.03529],[-5.1062,41.03236],[-5.10661,41.0295],[-5.10793,41.02695],[-5.10473,41.02591],[-5.10375,41.02651],[-5.10402,41.02521],[-5.10535,41.02472],[-5.10456,41.02355],[-5.10526,41.02315],[-5.1046,41.02271],[-5.10379,41.02302],[-5.10199,41.0218],[-5.10352,41.01849],[-5.10281,41.01803],[-5.10301,41.01721],[-5.10268,41.01684],[-5.10131,41.01662],[-5.10087,41.017],[-5.10013,41.01686],[-5.10098,41.01432],[-5.09963,41.01448],[-5.0995,41.01299],[-5.09844,41.01278],[-5.09565,41.01013],[-5.09635,41.00944],[-5.09308,41.00809],[-5.09293,41.00684],[-5.09244,41.00707],[-5.09202,41.00693],[-5.09218,41.00476],[-5.093,41.00408],[-5.09296,41.00339],[-5.09115,41.00257],[-5.09154,41.00188],[-5.0927,41.00199],[-5.09092,41.00061],[-5.09094,41.00021],[-5.092,40.99847],[-5.09132,40.99711],[-5.08984,40.99663],[-5.09158,40.99432],[-5.09494,40.99257],[-5.09964,40.98957],[-5.09935,40.98731],[-5.0964,40.98473],[-5.09732,40.98215],[-5.09752,40.98016],[-5.09647,40.97848],[-5.09807,40.97715],[-5.09607,40.97686],[-5.09628,40.97619],[-5.09526,40.97546],[-5.09506,40.97642],[-5.09355,40.97747],[-5.09162,40.97689],[-5.09064,40.97565],[-5.08826,40.97603],[-5.08733,40.97719],[-5.08367,40.97726],[-5.08145,40.97895],[-5.07786,40.97893],[-5.07744,40.97838],[-5.07589,40.97894],[-5.07436,40.97809],[-5.07032,40.97716],[-5.07028,40.97598],[-5.06456,40.97583],[-5.05063,40.98174],[-5.04675,40.9798],[-5.04512,40.97864],[-5.04131,40.97702],[-5.04028,40.97616],[-5.03739,40.97512],[-5.03517,40.97681],[-5.03185,40.97864],[-5.02858,40.98129],[-5.02572,40.98445],[-5.02403,40.98711],[-5.02055,40.98851],[-5.02007,40.99137],[-5.01881,40.99221],[-5.02152,40.99358],[-5.02099,40.99395],[-5.02072,40.99719],[-5.01278,41.00066],[-5.00661,40.99981],[-5.00326,40.99803],[-5.00154,40.99748],[-4.99962,40.99628],[-4.99739,40.99857],[-4.99614,41.0013],[-4.98944,41.00608],[-4.98847,41.00744],[-4.9857,41.01357],[-4.9896,41.02068],[-4.99212,41.02367],[-4.99311,41.02531],[-4.99262,41.02599],[-4.99346,41.02674],[-4.99455,41.02711],[-4.9939,41.02921],[-4.99904,41.03251],[-5.00066,41.03499],[-5.001,41.03619],[-5.00414,41.03951],[-5.00533,41.04007],[-5.0086,41.04374],[-5.01038,41.0423],[-5.01343,41.04177],[-5.01618,41.03994],[-5.02099,41.03831],[-5.02187,41.03802]]]}},{"type":"Feature","properties":{"COD_POSTAL":"05200"},"geometry":{"type":"Polygon","coordinates":[[[-4.74398,41.06613],[-4.74863,41.066],[-4.75193,41.06638],[-4.75596,41.06611],[-4.75909,41.06544],[-4.76176,41.06435],[-4.76723,41.06283],[-4.77173,41.06283],[-4.77344,41.06347],[-4.77608,41.0614],[-4.77407,41.05717],[-4.77086,41.05535],[-4.77083,41.05314],[-4.76904,41.05117],[-4.76748,41.04832],[-4.76701,41.0416],[-4.7673,41.03903],[-4.76694,41.03818],[-4.76386,41.04003],[-4.7578,41.0408],[-4.75515,41.0399],[-4.75075,41.03896],[-4.7435,41.03337],[-4.74218,41.02921],[-4.73952,41.02959],[-4.73033,41.02507],[-4.72573,41.02226],[-4.71958,41.01699],[-4.71974,41.01325],[-4.72107,41.01169],[-4.72271,41.00904],[-4.72412,41.00616],[-4.72515,41.0034],[-4.72532,41.00127],[-4.72641,41.00006],[-4.72708,40.99865],[-4.72334,40.99985],[-4.7224,40.99959],[-4.72104,41.00008],[-4.71852,41.00005],[-4.71661,40.99983],[-4.71556,40.99903],[-4.71285,40.99816],[-4.71249,40.99525],[-4.71355,40.99376],[-4.71367,40.99224],[-4.71333,40.99159],[-4.71499,40.98859],[-4.71537,40.98721],[-4.71481,40.9832],[-4.71487,40.98177],[-4.71667,40.98007],[-4.71827,40.98016],[-4.71728,40.97961],[-4.715,40.97933],[-4.71217,40.97992],[-4.71158,40.98027],[-4.70367,40.98143],[-4.695,40.98386],[-4.69425,40.98385],[-4.69447,40.98476],[-4.69551,40.98683],[-4.69565,40.98773],[-4.69695,40.98941],[-4.69725,40.99212],[-4.69689,40.99897],[-4.69639,40.99978],[-4.69642,41.00015],[-4.69553,41.00035],[-4.69596,41.0006],[-4.69594,41.00324],[-4.6956,41.00397],[-4.69604,41.00661],[-4.69702,41.00755],[-4.6978,41.00929],[-4.6997,41.01083],[-4.69994,41.01142],[-4.69989,41.01278],[-4.70219,41.01507],[-4.70383,41.01751],[-4.70609,41.01645],[-4.70725,41.01712],[-4.70763,41.01854],[-4.70716,41.01919],[-4.70591,41.01962],[-4.70444,41.01941],[-4.70416,41.02076],[-4.70355,41.02142],[-4.70204,41.02237],[-4.70162,41.02308],[-4.70019,41.02387],[-4.70085,41.02505],[-4.70237,41.02683],[-4.70272,41.02765],[-4.70088,41.02862],[-4.70056,41.02991],[-4.70085,41.03158],[-4.69704,41.03028],[-4.69625,41.02968],[-4.69265,41.02799],[-4.69131,41.0268],[-4.67961,41.0276],[-4.65976,41.03923],[-4.65956,41.04148],[-4.66353,41.04357],[-4.66564,41.04529],[-4.66775,41.04536],[-4.67344,41.04763],[-4.68011,41.05092],[-4.68123,41.05121],[-4.68802,41.05217],[-4.69564,41.05232],[-4.69926,41.05178],[-4.70024,41.05191],[-4.70205,41.05295],[-4.70322,41.05243],[-4.70541,41.05425],[-4.70604,41.05583],[-4.70778,41.05775],[-4.71272,41.0621],[-4.71319,41.06294],[-4.71425,41.06709],[-4.71651,41.07159],[-4.71498,41.07304],[-4.71471,41.07466],[-4.71504,41.07633],[-4.71464,41.07893],[-4.71347,41.08303],[-4.71241,41.08382],[-4.70906,41.08537],[-4.70715,41.08878],[-4.70735,41.08948],[-4.71177,41.08872],[-4.71587,41.0893],[-4.71715,41.08919],[-4.71789,41.09],[-4.71334,41.09167],[-4.71279,41.09467],[-4.71092,41.09744],[-4.71003,41.09927],[-4.71606,41.10424],[-4.71572,41.10733],[-4.71731,41.10759],[-4.72895,41.10387],[-4.73074,41.09994],[-4.73102,41.09868],[-4.73016,41.09682],[-4.73251,41.09458],[-4.73572,41.09088],[-4.73745,41.08735],[-4.73849,41.08424],[-4.73931,41.084],[-4.74238,41.08423],[-4.7413,41.08223],[-4.7393,41.08068],[-4.73896,41.07488],[-4.74277,41.07236],[-4.74269,41.07082],[-4.74351,41.06885],[-4.74161,41.06648],[-4.74398,41.06613]]]}},{"type":"Feature","properties":{"COD_POSTAL":"05267"},"geometry":{"type":"Polygon","coordinates":[[[-4.46416,40.57146],[-4.4648,40.57352],[-4.46807,40.5762],[-4.46896,40.57857],[-4.46946,40.57922],[-4.47016,40.57965],[-4.47272,40.57974],[-4.47494,40.58099],[-4.47764,40.58109],[-4.48037,40.58063],[-4.4809,40.58145],[-4.48097,40.5831],[-4.48134,40.58362],[-4.48254,40.58426],[-4.48396,40.58432],[-4.48738,40.58292],[-4.48856,40.58282],[-4.48988,40.58229],[-4.49252,40.58078],[-4.49349,40.5794],[-4.4944,40.57869],[-4.49388,40.57722],[-4.49692,40.57508],[-4.49901,40.57392],[-4.50357,40.57187],[-4.50946,40.56966],[-4.51778,40.567],[-4.51981,40.56593],[-4.52097,40.56493],[-4.52662,40.5626],[-4.52787,40.56184],[-4.53106,40.56191],[-4.53293,40.56162],[-4.53496,40.56087],[-4.54073,40.56146],[-4.54437,40.55834],[-4.55402,40.55532],[-4.55753,40.5539],[-4.55992,40.55362],[-4.55977,40.55128],[-4.56027,40.54975],[-4.55902,40.54634],[-4.55967,40.54443],[-4.55933,40.54284],[-4.55965,40.54068],[-4.55784,40.53799],[-4.56016,40.53681],[-4.55998,40.53428],[-4.5595,40.53317],[-4.56006,40.53193],[-4.56039,40.53035],[-4.56002,40.52898],[-4.56184,40.52617],[-4.56213,40.52507],[-4.56144,40.52366],[-4.56257,40.52228],[-4.56269,40.52123],[-4.56245,40.52056],[-4.56298,40.51848],[-4.56283,40.51622],[-4.56314,40.5154],[-4.56316,40.50941],[-4.56295,40.50753],[-4.5625,40.50676],[-4.56309,40.50605],[-4.56557,40.50428],[-4.5659,40.50361],[-4.56593,40.50303],[-4.56491,40.50023],[-4.56545,40.49918],[-4.56529,40.49807],[-4.55371,40.49779],[-4.55066,40.49818],[-4.54365,40.49689],[-4.53991,40.49509],[-4.5345,40.49097],[-4.53346,40.48957],[-4.53192,40.48822],[-4.53062,40.48724],[-4.52996,40.48748],[-4.52731,40.48886],[-4.5103,40.50018],[-4.50759,40.50395],[-4.50618,40.50651],[-4.50428,40.50806],[-4.50037,40.51016],[-4.49869,40.51394],[-4.49876,40.51684],[-4.49844,40.51853],[-4.49768,40.52009],[-4.49339,40.52596],[-4.49225,40.52804],[-4.49062,40.53221],[-4.48699,40.53197],[-4.48417,40.53114],[-4.47808,40.52862],[-4.47632,40.52871],[-4.47143,40.53043],[-4.46928,40.53147],[-4.46607,40.53381],[-4.46525,40.53373],[-4.46355,40.53417],[-4.45896,40.53636],[-4.45769,40.53674],[-4.45661,40.53654],[-4.4532,40.53906],[-4.45003,40.54059],[-4.44821,40.54114],[-4.4474,40.542],[-4.44415,40.54254],[-4.43715,40.54234],[-4.42923,40.54044],[-4.42591,40.54042],[-4.42064,40.54126],[-4.40877,40.54196],[-4.39635,40.53974],[-4.39303,40.53965],[-4.38664,40.54011],[-4.38198,40.53994],[-4.37685,40.53826],[-4.37488,40.53791],[-4.37363,40.53721],[-4.36916,40.53563],[-4.36431,40.53336],[-4.35679,40.53168],[-4.35462,40.53151],[-4.35138,40.53211],[-4.34483,40.53065],[-4.34359,40.52984],[-4.34327,40.52932],[-4.34048,40.52814],[-4.3379,40.52665],[-4.33639,40.52648],[-4.33502,40.52581],[-4.33374,40.52468],[-4.33071,40.52279],[-4.3286,40.52058],[-4.32643,40.51888],[-4.32203,40.51718],[-4.32111,40.51809],[-4.3212,40.51892],[-4.3209,40.51993],[-4.32145,40.52315],[-4.32081,40.52599],[-4.3212,40.52691],[-4.32016,40.52936],[-4.32039,40.53158],[-4.3211,40.53225],[-4.3244,40.53269],[-4.3283,40.53382],[-4.32685,40.53674],[-4.32515,40.53816],[-4.32397,40.54043],[-4.32439,40.54253],[-4.32415,40.54397],[-4.32366,40.5447],[-4.32359,40.54533],[-4.3241,40.54767],[-4.32695,40.5473],[-4.3304,40.54571],[-4.33269,40.54517],[-4.34232,40.54562],[-4.35013,40.54494],[-4.36,40.54712],[-4.36785,40.54773],[-4.36905,40.54793],[-4.3708,40.54864],[-4.37917,40.55009],[-4.38126,40.55015],[-4.3842,40.54956],[-4.38662,40.54942],[-4.39571,40.54981],[-4.40448,40.55081],[-4.4147,40.55058],[-4.41644,40.55101],[-4.4194,40.55265],[-4.42034,40.55346],[-4.42239,40.55607],[-4.42284,40.55639],[-4.42432,40.55673],[-4.43383,40.55555],[-4.44342,40.55313],[-4.44516,40.55198],[-4.4459,40.55021],[-4.4468,40.54938],[-4.4477,40.55018],[-4.44823,40.55033],[-4.44982,40.55],[-4.45022,40.55012],[-4.45054,40.55109],[-4.45044,40.55168],[-4.45094,40.55288],[-4.45077,40.55399],[-4.45106,40.55513],[-4.45225,40.55592],[-4.4541,40.55653],[-4.45512,40.55745],[-4.45568,40.55859],[-4.45521,40.56278],[-4.45663,40.56539],[-4.46074,40.56676],[-4.46185,40.5662],[-4.46329,40.56384],[-4.46448,40.56342],[-4.46563,40.56362],[-4.46595,40.56397],[-4.46602,40.56513],[-4.46663,40.56666],[-4.46516,40.5684],[-4.46435,40.57036],[-4.46416,40.57146]]]}},{"type":"Feature","properties":{"COD_POSTAL":"05211"},"geometry":{"type":"Polygon","coordinates":[[[-4.92395,40.936],[-4.92196,40.93363],[-4.92115,40.93231],[-4.91047,40.93341],[-4.90964,40.93478],[-4.91232,40.93846],[-4.91325,40.93899],[-4.91338,40.9412],[-4.91556,40.94287],[-4.91522,40.94565],[-4.91322,40.94733],[-4.90859,40.94753],[-4.89837,40.9511],[-4.89558,40.95163],[-4.89445,40.95237],[-4.89578,40.95363],[-4.8977,40.95468],[-4.89939,40.95637],[-4.90608,40.96001],[-4.90693,40.96086],[-4.90763,40.96192],[-4.90824,40.96407],[-4.90756,40.96619],[-4.90785,40.96924],[-4.90997,40.97325],[-4.91277,40.97586],[-4.91321,40.97809],[-4.91587,40.98453],[-4.92183,40.98681],[-4.92642,40.98936],[-4.92451,40.99028],[-4.92597,40.9924],[-4.92648,40.99186],[-4.92997,40.99179],[-4.93184,40.99299],[-4.93243,40.99494],[-4.93144,40.99766],[-4.93023,40.99811],[-4.93099,41.0002],[-4.9311,41.00134],[-4.93275,41.00723],[-4.93808,41.01253],[-4.94175,41.01908],[-4.94145,41.02254],[-4.94381,41.02444],[-4.94554,41.02444],[-4.94976,41.02261],[-4.95448,41.0246],[-4.95957,41.01989],[-4.96666,41.01806],[-4.97338,41.01754],[-4.97419,41.01669],[-4.98007,41.01606],[-4.98266,41.01523],[-4.98659,41.01525],[-4.9857,41.01357],[-4.98847,41.00744],[-4.98944,41.00608],[-4.99614,41.0013],[-4.99739,40.99857],[-4.99962,40.99628],[-5.00154,40.99748],[-5.00326,40.99803],[-5.00661,40.99981],[-5.01278,41.00066],[-5.02072,40.99719],[-5.02099,40.99395],[-5.02152,40.99358],[-5.01881,40.99221],[-5.02007,40.99137],[-5.02055,40.98851],[-5.02403,40.98711],[-5.02572,40.98445],[-5.02742,40.98249],[-5.03185,40.97864],[-5.03517,40.97681],[-5.03739,40.97512],[-5.03884,40.97441],[-5.041,40.97389],[-5.04408,40.97265],[-5.04708,40.97109],[-5.05217,40.96716],[-5.05282,40.96717],[-5.05287,40.96352],[-5.05266,40.96249],[-5.05098,40.95968],[-5.05251,40.95682],[-5.05071,40.95424],[-5.04712,40.95384],[-5.04532,40.95326],[-5.04416,40.9521],[-5.04375,40.94971],[-5.04202,40.94711],[-5.04003,40.94729],[-5.03936,40.94611],[-5.04022,40.94468],[-5.03985,40.94297],[-5.03755,40.94365],[-5.03371,40.94595],[-5.03221,40.94431],[-5.03009,40.94595],[-5.02569,40.94411],[-5.02393,40.94663],[-5.02095,40.94733],[-5.01739,40.94991],[-5.01719,40.95038],[-5.01416,40.9518],[-5.01109,40.94661],[-5.00889,40.94722],[-5.00636,40.94533],[-5.00477,40.94696],[-5.00102,40.94937],[-4.99892,40.95214],[-4.99932,40.95256],[-4.99871,40.95277],[-4.99196,40.95251],[-4.98977,40.95198],[-4.989,40.9522],[-4.98553,40.95223],[-4.98263,40.9504],[-4.97594,40.94696],[-4.97155,40.94678],[-4.96774,40.94699],[-4.96199,40.94375],[-4.95539,40.94397],[-4.95184,40.94288],[-4.95034,40.944],[-4.94644,40.946],[-4.94239,40.94686],[-4.94082,40.9476],[-4.93749,40.94559],[-4.93278,40.94606],[-4.93143,40.94448],[-4.9224,40.94067],[-4.92049,40.93781],[-4.92262,40.9367],[-4.92395,40.936]]]}},{"type":"Feature","properties":{"COD_POSTAL":"05370"},"geometry":{"type":"Polygon","coordinates":[[[-5.12093,40.9302],[-5.11753,40.93044],[-5.1161,40.93076],[-5.11482,40.92929],[-5.11742,40.92761],[-5.11474,40.92638],[-5.11696,40.92418],[-5.11293,40.91926],[-5.11207,40.91871],[-5.11327,40.91757],[-5.11144,40.91597],[-5.11122,40.91493],[-5.11349,40.91432],[-5.11459,40.91362],[-5.11384,40.91271],[-5.11264,40.91226],[-5.11391,40.91105],[-5.11558,40.90696],[-5.11701,40.90456],[-5.11504,40.90281],[-5.11635,40.90158],[-5.11629,40.90119],[-5.11377,40.8987],[-5.11097,40.89644],[-5.10868,40.89617],[-5.10552,40.89532],[-5.09987,40.90161],[-5.09638,40.90056],[-5.0958,40.90228],[-5.092,40.9039],[-5.08446,40.90919],[-5.08177,40.91022],[-5.07863,40.90869],[-5.07182,40.90926],[-5.06989,40.90861],[-5.06887,40.91215],[-5.0685,40.91215],[-5.06755,40.91199],[-5.06725,40.91164],[-5.06585,40.91155],[-5.06206,40.90957],[-5.0606,40.91011],[-5.06383,40.91345],[-5.06209,40.91593],[-5.06481,40.9176],[-5.06018,40.92281],[-5.05735,40.92425],[-5.05841,40.92704],[-5.05299,40.93143],[-5.05192,40.93037],[-5.05036,40.93235],[-5.05074,40.93322],[-5.04784,40.93597],[-5.04729,40.93447],[-5.04609,40.93514],[-5.04619,40.93821],[-5.04475,40.93783],[-5.04172,40.93752],[-5.04155,40.93822],[-5.04383,40.93835],[-5.044,40.9396],[-5.04086,40.94127],[-5.0407,40.94254],[-5.03985,40.94297],[-5.04022,40.94468],[-5.03936,40.94611],[-5.04003,40.94729],[-5.04202,40.94711],[-5.04375,40.94971],[-5.04416,40.9521],[-5.04532,40.95326],[-5.04712,40.95384],[-5.05071,40.95424],[-5.05251,40.95682],[-5.05098,40.95968],[-5.05266,40.96249],[-5.05287,40.96352],[-5.05282,40.96717],[-5.05217,40.96716],[-5.04708,40.97109],[-5.04408,40.97265],[-5.041,40.97389],[-5.03884,40.97441],[-5.03739,40.97512],[-5.04028,40.97616],[-5.04131,40.97702],[-5.04512,40.97864],[-5.04675,40.9798],[-5.05063,40.98174],[-5.06456,40.97583],[-5.07028,40.97598],[-5.07032,40.97716],[-5.07436,40.97809],[-5.07589,40.97894],[-5.07744,40.97838],[-5.07786,40.97893],[-5.08145,40.97895],[-5.08367,40.97726],[-5.08733,40.97719],[-5.08826,40.97603],[-5.09064,40.97565],[-5.09162,40.97689],[-5.09355,40.97747],[-5.09506,40.97642],[-5.09526,40.97546],[-5.09628,40.97619],[-5.09607,40.97686],[-5.09807,40.97715],[-5.09997,40.97268],[-5.10067,40.97287],[-5.10207,40.9717],[-5.10283,40.96862],[-5.10525,40.96577],[-5.10457,40.96551],[-5.10641,40.96337],[-5.10484,40.96025],[-5.10668,40.95967],[-5.1087,40.96042],[-5.10868,40.95837],[-5.11175,40.95676],[-5.11508,40.95573],[-5.11668,40.95428],[-5.12121,40.95616],[-5.1276,40.95412],[-5.12807,40.95156],[-5.12817,40.94858],[-5.12778,40.9478],[-5.12591,40.94878],[-5.12329,40.94847],[-5.12284,40.94631],[-5.12309,40.94536],[-5.12414,40.94406],[-5.12493,40.94355],[-5.12201,40.93992],[-5.12009,40.9367],[-5.11946,40.93518],[-5.11836,40.93398],[-5.11861,40.93347],[-5.11821,40.93303],[-5.12159,40.93151],[-5.12093,40.9302]]]}},{"type":"Feature","properties":{"COD_POSTAL":"05592"},"geometry":{"type":"Polygon","coordinates":[[[-5.34756,40.45532],[-5.35579,40.45886],[-5.36115,40.45583],[-5.3649,40.45146],[-5.36875,40.44961],[-5.37432,40.44881],[-5.37705,40.44867],[-5.38114,40.44925],[-5.38263,40.4492],[-5.38447,40.44855],[-5.39203,40.44729],[-5.38824,40.44367],[-5.38647,40.43993],[-5.38559,40.43655],[-5.38223,40.42998],[-5.38029,40.4255],[-5.37669,40.41466],[-5.37811,40.40995],[-5.38051,40.40563],[-5.38204,40.40154],[-5.37393,40.39846],[-5.36503,40.39685],[-5.35612,40.39601],[-5.35373,40.39643],[-5.35089,40.39644],[-5.34774,40.39802],[-5.3456,40.39876],[-5.34352,40.39887],[-5.33702,40.40002],[-5.3354,40.4001],[-5.33039,40.4015],[-5.32345,40.40428],[-5.31557,40.40504],[-5.30678,40.40906],[-5.29805,40.41418],[-5.29494,40.41635],[-5.294,40.42],[-5.28637,40.42531],[-5.28169,40.42785],[-5.27817,40.43536],[-5.28308,40.44185],[-5.28412,40.44217],[-5.28504,40.44305],[-5.28626,40.44477],[-5.28789,40.44553],[-5.31272,40.44566],[-5.31667,40.44741],[-5.32153,40.44713],[-5.32372,40.44767],[-5.32993,40.4512],[-5.33573,40.45405],[-5.34061,40.45436],[-5.34524,40.455],[-5.34756,40.45532]]]}},{"type":"Feature","properties":{"COD_POSTAL":"05621"},"geometry":{"type":"Polygon","coordinates":[[[-5.61378,40.23272],[-5.61537,40.2282],[-5.61891,40.22386],[-5.61651,40.22209],[-5.61589,40.22081],[-5.6156,40.21953],[-5.61508,40.21879],[-5.61004,40.21548],[-5.60704,40.21622],[-5.60507,40.21552],[-5.60337,40.21548],[-5.60077,40.2161],[-5.59908,40.21683],[-5.59836,40.2168],[-5.59295,40.22187],[-5.58959,40.23109],[-5.59553,40.24472],[-5.60677,40.27269],[-5.60616,40.27527],[-5.60691,40.27979],[-5.60817,40.28228],[-5.61378,40.29924],[-5.605,40.31078],[-5.59953,40.31233],[-5.5916,40.31875],[-5.58889,40.32283],[-5.58733,40.32447],[-5.58681,40.3257],[-5.57903,40.3317],[-5.59255,40.33727],[-5.60911,40.3273],[-5.62067,40.33144],[-5.62205,40.33396],[-5.66056,40.35233],[-5.66185,40.3515],[-5.66331,40.35012],[-5.66498,40.34906],[-5.66666,40.34844],[-5.66865,40.34787],[-5.67139,40.34761],[-5.67303,40.34853],[-5.67578,40.34761],[-5.6814,40.34643],[-5.68277,40.34585],[-5.68602,40.34376],[-5.68856,40.33826],[-5.70089,40.33384],[-5.7012,40.3336],[-5.70084,40.33342],[-5.70855,40.32976],[-5.71432,40.32531],[-5.72908,40.31036],[-5.72884,40.30388],[-5.73756,40.29412],[-5.73714,40.29376],[-5.73425,40.29247],[-5.73251,40.29242],[-5.72814,40.29318],[-5.72642,40.29286],[-5.72289,40.29141],[-5.72046,40.29144],[-5.71668,40.29108],[-5.71364,40.2917],[-5.71135,40.29183],[-5.71027,40.29158],[-5.70804,40.2916],[-5.70516,40.29117],[-5.70222,40.29008],[-5.7003,40.28886],[-5.69959,40.28882],[-5.69492,40.29079],[-5.69266,40.29211],[-5.68982,40.29004],[-5.68924,40.28888],[-5.68868,40.28833],[-5.68672,40.2874],[-5.68439,40.28588],[-5.68239,40.28372],[-5.67957,40.28248],[-5.67538,40.27959],[-5.67367,40.27873],[-5.67119,40.27834],[-5.67014,40.2779],[-5.66903,40.2764],[-5.66366,40.27402],[-5.66185,40.27248],[-5.65996,40.27181],[-5.65899,40.27096],[-5.6567,40.2704],[-5.6565,40.26994],[-5.65816,40.26703],[-5.65824,40.26236],[-5.66003,40.2587],[-5.66,40.25777],[-5.65939,40.257],[-5.65748,40.25627],[-5.65586,40.25533],[-5.65195,40.25189],[-5.64885,40.24958],[-5.6379,40.24824],[-5.63665,40.24786],[-5.62847,40.2474],[-5.62671,40.24781],[-5.62401,40.24706],[-5.62172,40.24552],[-5.62112,40.24144],[-5.62083,40.24082],[-5.61787,40.23821],[-5.61646,40.23628],[-5.61583,40.23592],[-5.61411,40.23585],[-5.61369,40.23328],[-5.61378,40.23272]]]}},{"type":"Feature","properties":{"COD_POSTAL":"05428"},"geometry":{"type":"Polygon","coordinates":[[[-4.5871,40.34387],[-4.5947,40.34695],[-4.59405,40.3457],[-4.60355,40.33565],[-4.60482,40.33283],[-4.60155,40.33115],[-4.60015,40.32549],[-4.59978,40.32467],[-4.5974,40.32191],[-4.59665,40.31999],[-4.58744,40.31854],[-4.58225,40.31601],[-4.58005,40.31554],[-4.57617,40.31408],[-4.57264,40.31237],[-4.56966,40.31335],[-4.56362,40.31277],[-4.56563,40.31434],[-4.56861,40.31557],[-4.57089,40.31784],[-4.57124,40.31857],[-4.57107,40.31956],[-4.56844,40.32286],[-4.56695,40.32296],[-4.56498,40.32385],[-4.56062,40.32471],[-4.55939,40.32522],[-4.5565,40.32528],[-4.55562,40.32571],[-4.55357,40.32736],[-4.54977,40.32892],[-4.54701,40.33048],[-4.54427,40.33019],[-4.54286,40.33077],[-4.54289,40.3319],[-4.54353,40.33352],[-4.54508,40.33604],[-4.54779,40.33937],[-4.54784,40.3408],[-4.54647,40.34211],[-4.54801,40.34269],[-4.55,40.34423],[-4.55281,40.3442],[-4.55591,40.3436],[-4.55843,40.34344],[-4.56353,40.3437],[-4.56579,40.34427],[-4.5678,40.34392],[-4.56843,40.34418],[-4.57007,40.3435],[-4.57356,40.34311],[-4.57459,40.34324],[-4.57789,40.34439],[-4.58412,40.34293],[-4.58593,40.34297],[-4.5871,40.34387]]]}},{"type":"Feature","properties":{"COD_POSTAL":"05120"},"geometry":{"type":"Polygon","coordinates":[[[-4.79084,40.43364],[-4.78813,40.43299],[-4.77978,40.43163],[-4.76925,40.43354],[-4.76678,40.43292],[-4.76102,40.43325],[-4.74039,40.43211],[-4.73971,40.43328],[-4.73307,40.43333],[-4.72729,40.43476],[-4.71954,40.43513],[-4.70784,40.43793],[-4.70562,40.4388],[-4.70726,40.4393],[-4.70637,40.44183],[-4.70718,40.44298],[-4.70653,40.44538],[-4.70652,40.44667],[-4.70598,40.44859],[-4.70577,40.45069],[-4.70503,40.4531],[-4.70511,40.45352],[-4.7068,40.45578],[-4.70816,40.45671],[-4.70837,40.45739],[-4.70967,40.45908],[-4.71073,40.46224],[-4.7092,40.46274],[-4.70853,40.46419],[-4.70854,40.46657],[-4.70733,40.46721],[-4.70557,40.46934],[-4.7061,40.47013],[-4.70743,40.47083],[-4.7078,40.47151],[-4.70831,40.47476],[-4.70909,40.47586],[-4.70957,40.47736],[-4.71058,40.47906],[-4.71177,40.4801],[-4.71172,40.48091],[-4.71211,40.48146],[-4.71193,40.48197],[-4.71212,40.48236],[-4.71341,40.48319],[-4.71488,40.48485],[-4.71706,40.48524],[-4.71607,40.48691],[-4.71762,40.49089],[-4.71795,40.49237],[-4.71851,40.49326],[-4.71883,40.49469],[-4.72,40.49631],[-4.71972,40.5001],[-4.72646,40.49755],[-4.7366,40.49757],[-4.75975,40.49098],[-4.77468,40.48805],[-4.77779,40.48518],[-4.78398,40.48068],[-4.78979,40.47987],[-4.79029,40.4775],[-4.79353,40.47627],[-4.7946,40.47666],[-4.79509,40.47662],[-4.80038,40.47512],[-4.80328,40.47652],[-4.80482,40.4765],[-4.80694,40.47857],[-4.81098,40.47954],[-4.81363,40.48133],[-4.8162,40.48113],[-4.81859,40.48148],[-4.81879,40.48302],[-4.82007,40.48384],[-4.82026,40.4844],[-4.82173,40.48461],[-4.82269,40.4852],[-4.8231,40.48582],[-4.82591,40.48544],[-4.83302,40.48719],[-4.83335,40.48826],[-4.83453,40.48897],[-4.83418,40.49031],[-4.8375,40.49171],[-4.83912,40.49138],[-4.84074,40.49059],[-4.84757,40.49079],[-4.84973,40.49131],[-4.85236,40.49296],[-4.85663,40.49377],[-4.86142,40.49386],[-4.86319,40.49305],[-4.86489,40.49275],[-4.86731,40.49188],[-4.86966,40.49217],[-4.8709,40.49167],[-4.87328,40.49115],[-4.87497,40.49037],[-4.87598,40.4906],[-4.87841,40.48979],[-4.87953,40.48892],[-4.88089,40.48935],[-4.8842,40.48841],[-4.88874,40.48603],[-4.88949,40.48594],[-4.89776,40.48223],[-4.89655,40.4817],[-4.89415,40.48006],[-4.89363,40.47755],[-4.89098,40.47396],[-4.89082,40.47207],[-4.89161,40.47072],[-4.89179,40.4686],[-4.89319,40.46602],[-4.89576,40.46255],[-4.89698,40.46234],[-4.90294,40.4573],[-4.90508,40.45608],[-4.90448,40.45478],[-4.90259,40.45337],[-4.90181,40.4519],[-4.89961,40.45079],[-4.89774,40.45087],[-4.89661,40.45018],[-4.89588,40.45011],[-4.89481,40.449],[-4.89289,40.44862],[-4.88535,40.44838],[-4.88394,40.44792],[-4.87887,40.44737],[-4.87833,40.44697],[-4.87813,40.44535],[-4.87762,40.44467],[-4.875,40.44475],[-4.87333,40.44176],[-4.87554,40.43828],[-4.87554,40.43738],[-4.87473,40.43636],[-4.87477,40.43572],[-4.87248,40.43291],[-4.87247,40.43258],[-4.87292,40.43231],[-4.87065,40.42674],[-4.868,40.42656],[-4.86319,40.42576],[-4.85869,40.4257],[-4.85491,40.42643],[-4.84858,40.42717],[-4.84198,40.42948],[-4.83662,40.42735],[-4.83582,40.42511],[-4.83576,40.42426],[-4.83608,40.42361],[-4.83477,40.42228],[-4.83259,40.42088],[-4.82867,40.41911],[-4.82425,40.41877],[-4.81786,40.42074],[-4.81406,40.42652],[-4.81359,40.42651],[-4.81345,40.42598],[-4.81231,40.42642],[-4.81091,40.42658],[-4.81093,40.42742],[-4.80769,40.42816],[-4.80694,40.43189],[-4.80724,40.43351],[-4.80793,40.43465],[-4.80418,40.43493],[-4.8013,40.43464],[-4.80081,40.43406],[-4.79633,40.43395],[-4.79555,40.43286],[-4.79261,40.43157],[-4.79129,40.43292],[-4.79143,40.43342],[-4.79084,40.43364]]]}},{"type":"Feature","properties":{"COD_POSTAL":"05100"},"geometry":{"type":"Polygon","coordinates":[[[-4.70562,40.4388],[-4.70784,40.43793],[-4.71954,40.43513],[-4.72729,40.43476],[-4.73307,40.43333],[-4.73971,40.43328],[-4.74039,40.43211],[-4.74054,40.43128],[-4.74187,40.43009],[-4.74194,40.42959],[-4.74124,40.42895],[-4.74056,40.42667],[-4.74178,40.42417],[-4.74231,40.42087],[-4.74347,40.41962],[-4.74427,40.41745],[-4.74527,40.41644],[-4.74455,40.41584],[-4.74439,40.415],[-4.74489,40.41418],[-4.74458,40.41362],[-4.74446,40.41227],[-4.74543,40.41049],[-4.74503,40.40962],[-4.74474,40.40676],[-4.7513,40.406],[-4.75248,40.4053],[-4.7536,40.40391],[-4.75277,40.40263],[-4.75159,40.40207],[-4.75079,40.40098],[-4.75011,40.40046],[-4.74995,40.39941],[-4.75091,40.39694],[-4.75178,40.39578],[-4.75184,40.39422],[-4.75308,40.39142],[-4.75237,40.38985],[-4.75162,40.38885],[-4.7515,40.38753],[-4.75189,40.38605],[-4.75155,40.38419],[-4.75205,40.3831],[-4.75191,40.3818],[-4.75142,40.38092],[-4.75203,40.38011],[-4.75115,40.37933],[-4.7514,40.37744],[-4.75057,40.37617],[-4.75112,40.37511],[-4.75083,40.37411],[-4.74991,40.37407],[-4.74863,40.37215],[-4.74524,40.36944],[-4.73371,40.36172],[-4.72923,40.36142],[-4.72756,40.35744],[-4.72437,40.35963],[-4.72249,40.3602],[-4.72028,40.35916],[-4.71942,40.35911],[-4.71673,40.35944],[-4.71206,40.36048],[-4.70885,40.35894],[-4.70378,40.35959],[-4.6973,40.35895],[-4.69677,40.35885],[-4.69582,40.35815],[-4.69241,40.35946],[-4.69007,40.35997],[-4.68781,40.36105],[-4.68628,40.36107],[-4.68473,40.36152],[-4.6827,40.36136],[-4.67633,40.36263],[-4.66709,40.36325],[-4.66057,40.36432],[-4.65738,40.36431],[-4.65252,40.36522],[-4.65009,40.36615],[-4.64704,40.36616],[-4.64616,40.36579],[-4.64158,40.36513],[-4.64051,40.36595],[-4.63728,40.3664],[-4.63092,40.36662],[-4.62933,40.36886],[-4.62155,40.38185],[-4.61984,40.39154],[-4.62152,40.39742],[-4.62706,40.40124],[-4.63265,40.39911],[-4.63709,40.3981],[-4.63982,40.39692],[-4.64155,40.39692],[-4.64367,40.39614],[-4.64445,40.39624],[-4.64416,40.40716],[-4.64311,40.4075],[-4.64292,40.41384],[-4.64332,40.41525],[-4.64422,40.4167],[-4.6465,40.41717],[-4.65066,40.41751],[-4.65166,40.41723],[-4.65555,40.41474],[-4.65764,40.41495],[-4.65956,40.41586],[-4.6607,40.41595],[-4.66032,40.41743],[-4.65958,40.41868],[-4.6616,40.42144],[-4.6608,40.42311],[-4.66143,40.42551],[-4.66253,40.42602],[-4.66541,40.42901],[-4.68016,40.43402],[-4.68401,40.43363],[-4.68591,40.43303],[-4.69313,40.43367],[-4.6976,40.43308],[-4.70127,40.4353],[-4.70302,40.43755],[-4.70388,40.43775],[-4.70562,40.4388]]]}},{"type":"Feature","properties":{"COD_POSTAL":"05350"},"geometry":{"type":"Polygon","coordinates":[[[-4.84534,40.81026],[-4.84546,40.81179],[-4.84504,40.8126],[-4.84486,40.81377],[-4.84533,40.8161],[-4.8461,40.81605],[-4.84768,40.81836],[-4.84866,40.8186],[-4.849,40.81826],[-4.85145,40.81954],[-4.85361,40.81792],[-4.8554,40.81884],[-4.85575,40.8177],[-4.85854,40.81773],[-4.85896,40.81866],[-4.86146,40.81937],[-4.86147,40.82009],[-4.8651,40.82131],[-4.8683,40.81879],[-4.86925,40.81857],[-4.86904,40.81797],[-4.87004,40.81682],[-4.87226,40.81542],[-4.87295,40.8145],[-4.87244,40.81401],[-4.87298,40.81368],[-4.878,40.81417],[-4.87726,40.81552],[-4.8798,40.81555],[-4.88358,40.81465],[-4.88495,40.81515],[-4.88571,40.81594],[-4.8862,40.81583],[-4.88595,40.81498],[-4.88719,40.81485],[-4.88829,40.81525],[-4.88778,40.81387],[-4.8883,40.8124],[-4.88959,40.8124],[-4.89026,40.81041],[-4.89113,40.81044],[-4.89159,40.80989],[-4.89676,40.80854],[-4.89837,40.8094],[-4.8998,40.80838],[-4.89824,40.80631],[-4.89383,40.80683],[-4.89347,40.80548],[-4.8951,40.80437],[-4.89307,40.80296],[-4.89139,40.80281],[-4.88976,40.80448],[-4.88685,40.80288],[-4.88822,40.80162],[-4.88519,40.80136],[-4.88285,40.80061],[-4.88245,40.8011],[-4.88153,40.80087],[-4.882,40.79752],[-4.88355,40.7968],[-4.88387,40.79496],[-4.88382,40.79417],[-4.88284,40.79316],[-4.8828,40.79109],[-4.88312,40.78896],[-4.88416,40.78787],[-4.89471,40.78126],[-4.89438,40.77939],[-4.89546,40.77758],[-4.89695,40.7743],[-4.89479,40.77351],[-4.89506,40.77229],[-4.89775,40.76923],[-4.89891,40.7684],[-4.89998,40.76604],[-4.89962,40.76449],[-4.89985,40.76345],[-4.8975,40.76241],[-4.89678,40.76378],[-4.89592,40.7623],[-4.89389,40.76501],[-4.89105,40.7643],[-4.89052,40.76535],[-4.88926,40.76513],[-4.88856,40.76698],[-4.88644,40.76675],[-4.88558,40.76818],[-4.88471,40.768],[-4.88523,40.76658],[-4.88382,40.76544],[-4.88394,40.7665],[-4.88143,40.76616],[-4.88281,40.76721],[-4.88183,40.76809],[-4.87972,40.76761],[-4.87656,40.76838],[-4.87717,40.76895],[-4.87626,40.76987],[-4.8745,40.76923],[-4.87444,40.76983],[-4.87144,40.7694],[-4.87167,40.76878],[-4.87274,40.76838],[-4.87196,40.76785],[-4.87135,40.76706],[-4.86969,40.76702],[-4.87104,40.76791],[-4.87057,40.76929],[-4.8716,40.77064],[-4.87266,40.77095],[-4.87278,40.7717],[-4.87365,40.77213],[-4.87359,40.77284],[-4.87258,40.77301],[-4.87279,40.77359],[-4.87153,40.77543],[-4.86993,40.77541],[-4.86735,40.77456],[-4.86666,40.77654],[-4.86446,40.77609],[-4.86101,40.77701],[-4.85537,40.77395],[-4.85457,40.77258],[-4.85482,40.77094],[-4.85467,40.76895],[-4.85309,40.76767],[-4.85432,40.7661],[-4.85644,40.76568],[-4.85509,40.76353],[-4.85451,40.76405],[-4.85347,40.76405],[-4.8534,40.76498],[-4.85248,40.76593],[-4.85234,40.76711],[-4.85108,40.76854],[-4.8498,40.76814],[-4.85083,40.76949],[-4.85024,40.77022],[-4.8531,40.76997],[-4.85326,40.77082],[-4.85187,40.77076],[-4.85196,40.77294],[-4.85295,40.77349],[-4.85098,40.77346],[-4.85072,40.77409],[-4.84871,40.77379],[-4.84811,40.77462],[-4.85055,40.77489],[-4.85035,40.77617],[-4.85296,40.77602],[-4.85574,40.77883],[-4.85208,40.78058],[-4.85432,40.78269],[-4.85495,40.78408],[-4.85527,40.78684],[-4.8562,40.78735],[-4.85603,40.78797],[-4.85455,40.78803],[-4.85452,40.7886],[-4.85579,40.78861],[-4.8556,40.78951],[-4.85431,40.78922],[-4.85009,40.7874],[-4.84798,40.78861],[-4.84868,40.78915],[-4.84899,40.79114],[-4.84781,40.79106],[-4.84711,40.79245],[-4.84525,40.79305],[-4.84621,40.79307],[-4.84599,40.79366],[-4.8442,40.79443],[-4.84385,40.79617],[-4.84264,40.79669],[-4.84281,40.79833],[-4.84421,40.79947],[-4.84321,40.80059],[-4.8415,40.80018],[-4.84244,40.80311],[-4.84444,40.80336],[-4.8444,40.80391],[-4.8455,40.80427],[-4.8433,40.80445],[-4.84207,40.80414],[-4.84191,40.80477],[-4.8447,40.80472],[-4.84493,40.80616],[-4.84381,40.806],[-4.84385,40.80704],[-4.84347,40.80905],[-4.84463,40.80867],[-4.84546,40.80933],[-4.84534,40.81026]]]}},{"type":"Feature","properties":{"COD_POSTAL":"05530"},"geometry":{"type":"Polygon","coordinates":[[[-4.93859,40.57659],[-4.93573,40.57675],[-4.93507,40.57485],[-4.93457,40.57451],[-4.93426,40.57382],[-4.93429,40.57232],[-4.93245,40.57194],[-4.93279,40.57355],[-4.93127,40.57343],[-4.93188,40.57689],[-4.9312,40.57702],[-4.93135,40.57776],[-4.93058,40.57775],[-4.92999,40.57331],[-4.93146,40.57062],[-4.93022,40.57016],[-4.92961,40.57078],[-4.92851,40.56989],[-4.927,40.57028],[-4.9288,40.57273],[-4.92735,40.5732],[-4.926,40.57032],[-4.92362,40.5719],[-4.92333,40.57286],[-4.92234,40.57281],[-4.92256,40.57356],[-4.92225,40.57401],[-4.92169,40.57364],[-4.92134,40.57291],[-4.92042,40.57257],[-4.91988,40.57204],[-4.9192,40.57234],[-4.9198,40.57292],[-4.91821,40.57425],[-4.91687,40.57501],[-4.9171,40.57606],[-4.91528,40.57629],[-4.91521,40.57521],[-4.91426,40.57527],[-4.91449,40.57472],[-4.91553,40.57465],[-4.91553,40.57406],[-4.9162,40.57396],[-4.91575,40.57108],[-4.91483,40.5712],[-4.91487,40.57369],[-4.91388,40.5737],[-4.91359,40.57183],[-4.91308,40.57101],[-4.91257,40.57065],[-4.91079,40.5706],[-4.90994,40.57004],[-4.9095,40.57041],[-4.91011,40.57114],[-4.90957,40.57156],[-4.90649,40.56939],[-4.90503,40.57024],[-4.90592,40.57171],[-4.90751,40.57142],[-4.90847,40.57272],[-4.90814,40.57447],[-4.90653,40.57492],[-4.90262,40.57321],[-4.9033,40.57425],[-4.90475,40.57526],[-4.90398,40.57528],[-4.90294,40.57491],[-4.90154,40.57287],[-4.90089,40.57308],[-4.90187,40.57534],[-4.90133,40.57555],[-4.90208,40.57848],[-4.9013,40.57831],[-4.90092,40.57727],[-4.90029,40.57722],[-4.90005,40.57522],[-4.89729,40.57489],[-4.89526,40.57516],[-4.89487,40.57583],[-4.89303,40.57565],[-4.89054,40.57659],[-4.88454,40.58094],[-4.88474,40.5865],[-4.88576,40.58743],[-4.88272,40.59095],[-4.88381,40.5913],[-4.88384,40.59212],[-4.88541,40.59238],[-4.88528,40.59272],[-4.88629,40.59289],[-4.88606,40.59346],[-4.88356,40.59296],[-4.8834,40.59347],[-4.88285,40.59365],[-4.88418,40.59713],[-4.88384,40.59982],[-4.88404,40.60139],[-4.88324,40.6014],[-4.88286,40.59645],[-4.88225,40.59403],[-4.88149,40.59392],[-4.88141,40.5933],[-4.88061,40.59343],[-4.88143,40.59526],[-4.8817,40.59659],[-4.88172,40.59708],[-4.88095,40.59714],[-4.88017,40.5937],[-4.87881,40.59415],[-4.87839,40.59724],[-4.8805,40.59718],[-4.88075,40.60006],[-4.87984,40.60014],[-4.87968,40.60067],[-4.87747,40.60029],[-4.87556,40.60345],[-4.87482,40.60658],[-4.87769,40.606],[-4.88162,40.60884],[-4.87968,40.61214],[-4.87992,40.61266],[-4.88219,40.61349],[-4.88506,40.61337],[-4.89007,40.61509],[-4.89102,40.61674],[-4.89154,40.61661],[-4.89319,40.61827],[-4.89462,40.621],[-4.8961,40.62195],[-4.8974,40.62341],[-4.89826,40.62391],[-4.90056,40.62648],[-4.90403,40.62876],[-4.905,40.62909],[-4.9085,40.62772],[-4.91626,40.62881],[-4.91739,40.62698],[-4.91895,40.62634],[-4.91952,40.62556],[-4.91878,40.62451],[-4.91882,40.62291],[-4.91899,40.6228],[-4.91961,40.62282],[-4.92123,40.62374],[-4.92204,40.62532],[-4.92248,40.62515],[-4.92219,40.62387],[-4.92128,40.62329],[-4.92092,40.62277],[-4.91537,40.62206],[-4.9153,40.62091],[-4.91743,40.62078],[-4.91823,40.6196],[-4.91776,40.61903],[-4.91857,40.61869],[-4.91981,40.62061],[-4.91981,40.62107],[-4.91885,40.62203],[-4.92074,40.62203],[-4.92068,40.62061],[-4.92006,40.61892],[-4.92262,40.61852],[-4.92318,40.61817],[-4.92239,40.61768],[-4.92094,40.61756],[-4.91967,40.61819],[-4.91858,40.61839],[-4.91637,40.61866],[-4.91426,40.61862],[-4.91342,40.61803],[-4.91318,40.61725],[-4.91706,40.61639],[-4.91791,40.61482],[-4.92,40.61509],[-4.92033,40.61549],[-4.9209,40.61566],[-4.92061,40.61599],[-4.92071,40.6163],[-4.92019,40.61634],[-4.91816,40.61574],[-4.91753,40.61686],[-4.92023,40.61743],[-4.92089,40.61693],[-4.92157,40.61711],[-4.92278,40.61647],[-4.92462,40.61621],[-4.92607,40.61635],[-4.92613,40.61609],[-4.92435,40.61476],[-4.92409,40.6143],[-4.92417,40.61361],[-4.92495,40.61325],[-4.92556,40.61246],[-4.92832,40.61323],[-4.92926,40.61287],[-4.93173,40.61327],[-4.93255,40.61383],[-4.93523,40.61686],[-4.93552,40.61692],[-4.93779,40.61635],[-4.93852,40.61548],[-4.94206,40.61624],[-4.94943,40.61682],[-4.95444,40.61653],[-4.95653,40.616],[-4.95756,40.61608],[-4.96068,40.61399],[-4.96003,40.61063],[-4.9596,40.60665],[-4.95974,40.60522],[-4.95751,40.60552],[-4.95796,40.60465],[-4.95981,40.60271],[-4.96048,40.60101],[-4.96146,40.60103],[-4.96185,40.60211],[-4.963,40.60184],[-4.96228,40.59847],[-4.96434,40.59848],[-4.96323,40.59719],[-4.96165,40.59795],[-4.96144,40.59822],[-4.96136,40.59928],[-4.96021,40.60018],[-4.95926,40.5993],[-4.95819,40.60047],[-4.95878,40.59897],[-4.95942,40.59828],[-4.95925,40.59755],[-4.95786,40.59786],[-4.95777,40.59843],[-4.95558,40.59855],[-4.95529,40.59739],[-4.95541,40.59574],[-4.95626,40.59542],[-4.95622,40.59374],[-4.95396,40.59348],[-4.95276,40.59525],[-4.95217,40.59662],[-4.95083,40.5968],[-4.95063,40.59483],[-4.95223,40.59456],[-4.9522,40.59384],[-4.9505,40.59399],[-4.95029,40.59317],[-4.94742,40.59342],[-4.94744,40.59263],[-4.94781,40.59211],[-4.9494,40.59136],[-4.94953,40.59065],[-4.94755,40.58807],[-4.94716,40.58709],[-4.94718,40.58586],[-4.94573,40.58582],[-4.9456,40.58439],[-4.94621,40.58413],[-4.94578,40.58336],[-4.94398,40.5834],[-4.94399,40.58456],[-4.94289,40.58455],[-4.94301,40.58335],[-4.94149,40.58314],[-4.94101,40.5814],[-4.94431,40.5806],[-4.94636,40.58036],[-4.94559,40.57884],[-4.94343,40.57817],[-4.94168,40.57698],[-4.94129,40.57659],[-4.94097,40.57522],[-4.93859,40.57659]]]}},{"type":"Feature","properties":{"COD_POSTAL":"05291"},"geometry":{"type":"Polygon","coordinates":[[[-4.61058,40.78246],[-4.61021,40.78264],[-4.60731,40.78087],[-4.60517,40.78033],[-4.60341,40.78103],[-4.60251,40.78113],[-4.60118,40.78101],[-4.59867,40.78018],[-4.5968,40.77875],[-4.59338,40.77482],[-4.59262,40.77482],[-4.59061,40.77757],[-4.5881,40.77883],[-4.58632,40.77876],[-4.58329,40.77915],[-4.57865,40.78016],[-4.57538,40.77977],[-4.57546,40.77835],[-4.56972,40.77712],[-4.56836,40.77898],[-4.56832,40.77978],[-4.5677,40.78087],[-4.56669,40.78203],[-4.56674,40.78427],[-4.5664,40.78667],[-4.56744,40.78894],[-4.5667,40.79124],[-4.56525,40.7927],[-4.56441,40.79424],[-4.56443,40.79459],[-4.56525,40.79566],[-4.56291,40.79996],[-4.56173,40.80077],[-4.56127,40.80132],[-4.56097,40.80224],[-4.55919,40.80365],[-4.55567,40.80276],[-4.55467,40.8039],[-4.55376,40.8039],[-4.54802,40.80079],[-4.54211,40.80019],[-4.5399,40.79946],[-4.53896,40.7986],[-4.53607,40.79472],[-4.53379,40.79446],[-4.53386,40.79305],[-4.53351,40.79238],[-4.53188,40.79074],[-4.53149,40.78998],[-4.5285,40.7877],[-4.52491,40.78783],[-4.52098,40.7874],[-4.51966,40.78775],[-4.5162,40.78773],[-4.50967,40.78991],[-4.50652,40.79043],[-4.49882,40.79322],[-4.49666,40.79322],[-4.4814,40.79159],[-4.48096,40.7937],[-4.47996,40.79526],[-4.47724,40.79684],[-4.47318,40.80005],[-4.47402,40.80144],[-4.47466,40.80201],[-4.47644,40.80282],[-4.47683,40.80333],[-4.47683,40.805],[-4.47709,40.80552],[-4.47689,40.80758],[-4.48303,40.81138],[-4.48611,40.81434],[-4.48661,40.81557],[-4.48663,40.8195],[-4.48683,40.8202],[-4.49029,40.82514],[-4.4911,40.82709],[-4.49322,40.83047],[-4.49356,40.83209],[-4.49354,40.83321],[-4.49377,40.83352],[-4.49754,40.83374],[-4.49869,40.83351],[-4.49944,40.83289],[-4.50081,40.83052],[-4.5016,40.8302],[-4.50326,40.83081],[-4.50659,40.83117],[-4.50707,40.82999],[-4.50797,40.82996],[-4.5084,40.83011],[-4.50882,40.83132],[-4.51167,40.83008],[-4.51183,40.83047],[-4.51443,40.82971],[-4.5144,40.82937],[-4.51624,40.82831],[-4.51799,40.82835],[-4.52098,40.82662],[-4.52462,40.82577],[-4.52862,40.82643],[-4.5339,40.8287],[-4.53464,40.82876],[-4.5417,40.82742],[-4.54639,40.82555],[-4.54743,40.82714],[-4.54999,40.82861],[-4.55297,40.83129],[-4.55469,40.83351],[-4.5553,40.83544],[-4.55671,40.83633],[-4.55662,40.83819],[-4.55892,40.83959],[-4.55788,40.84095],[-4.55364,40.84931],[-4.55199,40.85059],[-4.55059,40.85211],[-4.54986,40.85335],[-4.54889,40.85323],[-4.54829,40.85382],[-4.54676,40.85375],[-4.54199,40.85471],[-4.54017,40.85465],[-4.53974,40.85559],[-4.5385,40.85529],[-4.53748,40.85564],[-4.53593,40.85501],[-4.53377,40.85703],[-4.53308,40.85798],[-4.53157,40.85864],[-4.53358,40.86323],[-4.53359,40.86412],[-4.53503,40.86456],[-4.5356,40.86546],[-4.53501,40.86789],[-4.53513,40.86867],[-4.53484,40.8697],[-4.53531,40.87237],[-4.53859,40.87497],[-4.54085,40.87488],[-4.54317,40.87592],[-4.54315,40.87661],[-4.54424,40.87645],[-4.54755,40.87848],[-4.55089,40.87952],[-4.55192,40.88211],[-4.55669,40.88422],[-4.5572,40.88479],[-4.55828,40.885],[-4.55957,40.88585],[-4.55998,40.88494],[-4.56012,40.88372],[-4.56005,40.88255],[-4.55937,40.8819],[-4.55934,40.88102],[-4.56093,40.87871],[-4.5612,40.87757],[-4.56499,40.87344],[-4.56602,40.8715],[-4.56613,40.871],[-4.56533,40.86886],[-4.56475,40.868],[-4.56324,40.86701],[-4.56298,40.86616],[-4.56385,40.86488],[-4.56522,40.86372],[-4.56636,40.8619],[-4.56655,40.86132],[-4.56624,40.85826],[-4.5669,40.85757],[-4.56835,40.85707],[-4.57022,40.85693],[-4.57149,40.85712],[-4.57311,40.85532],[-4.57338,40.84983],[-4.57161,40.84659],[-4.57152,40.84585],[-4.57185,40.84524],[-4.57184,40.84461],[-4.57047,40.84242],[-4.57385,40.84237],[-4.57493,40.84271],[-4.57869,40.84102],[-4.57959,40.8398],[-4.57964,40.83918],[-4.57934,40.83862],[-4.58121,40.83581],[-4.58133,40.83503],[-4.58219,40.83471],[-4.58327,40.83352],[-4.58536,40.82986],[-4.58743,40.83071],[-4.59004,40.83222],[-4.59159,40.82959],[-4.59484,40.82506],[-4.59727,40.82548],[-4.60449,40.82542],[-4.6066,40.81692],[-4.60673,40.81225],[-4.61252,40.78909],[-4.61103,40.78224],[-4.61058,40.78246]]]}},{"type":"Feature","properties":{"COD_POSTAL":"05260"},"geometry":{"type":"Polygon","coordinates":[[[-4.41304,40.48099],[-4.42089,40.4832],[-4.42223,40.48289],[-4.42387,40.48288],[-4.42486,40.48325],[-4.42629,40.48448],[-4.43061,40.48988],[-4.43239,40.49438],[-4.43364,40.4948],[-4.43842,40.4942],[-4.43977,40.49446],[-4.44235,40.49571],[-4.44401,40.49612],[-4.4448,40.49695],[-4.4464,40.49773],[-4.4472,40.4991],[-4.44817,40.49978],[-4.44808,40.50064],[-4.44951,40.50175],[-4.45116,40.50195],[-4.45708,40.50144],[-4.46442,40.50181],[-4.46484,40.50206],[-4.46437,40.50351],[-4.46427,40.50708],[-4.46529,40.50778],[-4.4669,40.50742],[-4.46842,40.50752],[-4.47352,40.50633],[-4.4782,40.50708],[-4.47988,40.50618],[-4.48052,40.50617],[-4.48184,40.50704],[-4.48213,40.50759],[-4.48169,40.50847],[-4.48199,40.5086],[-4.48574,40.50752],[-4.48639,40.50764],[-4.4877,40.50864],[-4.48839,40.50883],[-4.4889,40.50884],[-4.49013,40.50812],[-4.4915,40.50797],[-4.49421,40.50904],[-4.50037,40.51016],[-4.50428,40.50806],[-4.50618,40.50651],[-4.50759,40.50395],[-4.5103,40.50018],[-4.52731,40.48886],[-4.53062,40.48724],[-4.52907,40.48442],[-4.52859,40.48288],[-4.5278,40.48245],[-4.52511,40.48204],[-4.52403,40.48051],[-4.52294,40.47716],[-4.52604,40.47659],[-4.52722,40.47662],[-4.52717,40.47547],[-4.52569,40.47273],[-4.52573,40.46981],[-4.52596,40.46945],[-4.52781,40.46874],[-4.52869,40.4681],[-4.52982,40.46494],[-4.52693,40.4617],[-4.52483,40.4571],[-4.52508,40.45644],[-4.52472,40.45611],[-4.52587,40.45545],[-4.5271,40.45371],[-4.52858,40.45336],[-4.53171,40.45188],[-4.53592,40.4514],[-4.53639,40.44914],[-4.53531,40.44718],[-4.53543,40.44457],[-4.53755,40.44294],[-4.53883,40.44227],[-4.54158,40.44006],[-4.54207,40.43957],[-4.54279,40.43785],[-4.54143,40.43763],[-4.54072,40.43634],[-4.54051,40.43663],[-4.53902,40.43647],[-4.5388,40.43603],[-4.53747,40.43526],[-4.5352,40.43577],[-4.5323,40.43545],[-4.52686,40.43826],[-4.52601,40.43743],[-4.52659,40.43635],[-4.52561,40.43618],[-4.52674,40.43522],[-4.52711,40.43336],[-4.52621,40.43249],[-4.52415,40.43372],[-4.52362,40.4336],[-4.52272,40.43247],[-4.52209,40.43244],[-4.52098,40.43155],[-4.51887,40.43177],[-4.51694,40.43135],[-4.51592,40.43204],[-4.51435,40.43203],[-4.5137,40.43249],[-4.51291,40.43233],[-4.51195,40.43418],[-4.50549,40.43183],[-4.50558,40.43099],[-4.50536,40.43022],[-4.50384,40.42872],[-4.50324,40.42773],[-4.50036,40.4272],[-4.49301,40.42861],[-4.49242,40.42854],[-4.49155,40.42795],[-4.49081,40.42611],[-4.49039,40.4255],[-4.48992,40.42532],[-4.48901,40.42548],[-4.48718,40.42646],[-4.48638,40.42656],[-4.4844,40.4263],[-4.47813,40.42433],[-4.47712,40.42447],[-4.47453,40.4256],[-4.47259,40.42426],[-4.47077,40.42355],[-4.46961,40.42349],[-4.46787,40.42393],[-4.46657,40.42398],[-4.46598,40.42375],[-4.46511,40.42292],[-4.4648,40.42205],[-4.46576,40.40812],[-4.46542,40.40729],[-4.46211,40.40905],[-4.46005,40.40975],[-4.45666,40.41022],[-4.45563,40.40821],[-4.45413,40.4075],[-4.4533,40.40758],[-4.45296,40.40786],[-4.45284,40.40868],[-4.44904,40.40895],[-4.44853,40.40919],[-4.44183,40.41376],[-4.44037,40.41306],[-4.43573,40.41429],[-4.43497,40.41428],[-4.43343,40.41356],[-4.43002,40.41264],[-4.42942,40.41228],[-4.42848,40.41112],[-4.42694,40.40814],[-4.42548,40.4071],[-4.42188,40.4064],[-4.41866,40.40623],[-4.41744,40.40647],[-4.41598,40.40962],[-4.41471,40.41037],[-4.41387,40.41055],[-4.41115,40.41032],[-4.4096,40.41044],[-4.40253,40.41139],[-4.39939,40.41129],[-4.39645,40.41071],[-4.38553,40.4093],[-4.38191,40.40801],[-4.378,40.40728],[-4.37424,40.40761],[-4.37355,40.40796],[-4.373,40.40772],[-4.37016,40.40742],[-4.36759,40.40748],[-4.36538,40.40686],[-4.36404,40.40849],[-4.36094,40.41099],[-4.35955,40.41138],[-4.35349,40.41156],[-4.3521,40.41133],[-4.34743,40.4117],[-4.34519,40.41082],[-4.33411,40.40887],[-4.3337,40.40901],[-4.33211,40.40842],[-4.32715,40.40897],[-4.32386,40.41017],[-4.3212,40.41039],[-4.32277,40.41117],[-4.32483,40.41278],[-4.32628,40.41283],[-4.32683,40.41398],[-4.32674,40.41484],[-4.32505,40.41649],[-4.32408,40.41791],[-4.32395,40.4187],[-4.32422,40.42103],[-4.324,40.42173],[-4.32318,40.42269],[-4.32357,40.42348],[-4.32452,40.42389],[-4.32674,40.42383],[-4.32801,40.42344],[-4.32943,40.42231],[-4.3307,40.42237],[-4.33146,40.42277],[-4.33236,40.4238],[-4.33457,40.42472],[-4.3357,40.42738],[-4.33721,40.42811],[-4.34065,40.42828],[-4.34117,40.4286],[-4.34099,40.42947],[-4.33936,40.43038],[-4.33897,40.43123],[-4.339,40.4317],[-4.33987,40.43285],[-4.3393,40.43442],[-4.33925,40.43526],[-4.34069,40.43766],[-4.34053,40.43802],[-4.33891,40.43821],[-4.33856,40.43947],[-4.33808,40.4399],[-4.33691,40.44015],[-4.33497,40.4397],[-4.33383,40.44074],[-4.3316,40.4409],[-4.33125,40.44117],[-4.33144,40.44157],[-4.33333,40.44221],[-4.3352,40.44334],[-4.33525,40.44365],[-4.33498,40.44397],[-4.33442,40.44423],[-4.33199,40.44444],[-4.33111,40.44468],[-4.33078,40.44511],[-4.33055,40.44605],[-4.33072,40.44655],[-4.33273,40.44838],[-4.33269,40.44872],[-4.33225,40.44895],[-4.3291,40.44868],[-4.32748,40.44933],[-4.32239,40.4495],[-4.3215,40.45003],[-4.31973,40.45197],[-4.3194,40.45415],[-4.31994,40.45555],[-4.32083,40.45611],[-4.32371,40.45649],[-4.32438,40.45615],[-4.32545,40.45647],[-4.32595,40.45731],[-4.326,40.4585],[-4.32544,40.45978],[-4.32637,40.46021],[-4.32946,40.46091],[-4.33563,40.46627],[-4.33764,40.46672],[-4.34081,40.46828],[-4.34099,40.46965],[-4.34032,40.47153],[-4.3405,40.47411],[-4.33883,40.47691],[-4.33987,40.47947],[-4.34,40.4809],[-4.33939,40.4839],[-4.34054,40.48475],[-4.34191,40.48448],[-4.34704,40.48171],[-4.35328,40.47958],[-4.37935,40.46947],[-4.3899,40.47041],[-4.39911,40.47855],[-4.40218,40.48],[-4.4062,40.48096],[-4.407,40.48096],[-4.41304,40.48099]]]}},{"type":"Feature","properties":{"COD_POSTAL":"05690"},"geometry":{"type":"Polygon","coordinates":[[[-5.42801,40.32116],[-5.42877,40.32187],[-5.43031,40.32543],[-5.42976,40.32628],[-5.42854,40.32974],[-5.42535,40.33357],[-5.42554,40.33672],[-5.43375,40.33707],[-5.44605,40.34737],[-5.45011,40.34906],[-5.45154,40.34903],[-5.46431,40.35075],[-5.46818,40.35365],[-5.48454,40.35106],[-5.4874,40.35135],[-5.49354,40.3486],[-5.49797,40.34605],[-5.50488,40.3427],[-5.52192,40.33642],[-5.51704,40.33249],[-5.51424,40.33069],[-5.50973,40.33033],[-5.50503,40.32794],[-5.50331,40.3276],[-5.5019,40.32666],[-5.50077,40.32538],[-5.50037,40.3246],[-5.50136,40.32426],[-5.5034,40.32277],[-5.50408,40.31926],[-5.5032,40.31754],[-5.492,40.31038],[-5.48595,40.30266],[-5.47715,40.29849],[-5.46597,40.29434],[-5.45746,40.28757],[-5.4579,40.28314],[-5.45474,40.27909],[-5.44684,40.27311],[-5.44352,40.26236],[-5.43658,40.25829],[-5.42983,40.25226],[-5.42638,40.25341],[-5.42801,40.32116]]]}},{"type":"Feature","properties":{"COD_POSTAL":"05489"},"geometry":{"type":"Polygon","coordinates":[[[-5.35,40.14947],[-5.34416,40.14906],[-5.33226,40.14686],[-5.32464,40.14809],[-5.31727,40.15216],[-5.30768,40.16168],[-5.29437,40.18131],[-5.28737,40.18756],[-5.29628,40.18888],[-5.30421,40.19229],[-5.31529,40.18228],[-5.32951,40.17623],[-5.34699,40.17772],[-5.35436,40.18679],[-5.36692,40.19528],[-5.3674,40.19352],[-5.36665,40.1913],[-5.367,40.18858],[-5.36553,40.18606],[-5.36559,40.18547],[-5.36653,40.18388],[-5.36655,40.18348],[-5.36467,40.18192],[-5.36441,40.17861],[-5.36531,40.17669],[-5.36476,40.17445],[-5.36535,40.17181],[-5.36632,40.17035],[-5.36721,40.1696],[-5.36718,40.16908],[-5.36645,40.16783],[-5.36628,40.16641],[-5.368,40.16411],[-5.36791,40.16304],[-5.36732,40.1609],[-5.36698,40.16045],[-5.36324,40.1587],[-5.36017,40.1569],[-5.35994,40.15616],[-5.36028,40.15506],[-5.36019,40.15431],[-5.35717,40.15284],[-5.35624,40.1517],[-5.35684,40.14837],[-5.35597,40.14667],[-5.35,40.14947]]]}},{"type":"Feature","properties":{"COD_POSTAL":"05133"},"geometry":{"type":"Polygon","coordinates":[[[-5.18763,40.45972],[-5.19247,40.46157],[-5.19506,40.46043],[-5.1982,40.45629],[-5.19972,40.45548],[-5.20338,40.45449],[-5.20803,40.4547],[-5.23133,40.43917],[-5.22977,40.43418],[-5.22926,40.42892],[-5.22811,40.42743],[-5.2251,40.42142],[-5.22486,40.41646],[-5.22418,40.40998],[-5.22226,40.41023],[-5.21351,40.40752],[-5.20643,40.39802],[-5.20137,40.39623],[-5.19919,40.39586],[-5.19565,40.3948],[-5.19296,40.3945],[-5.19089,40.394],[-5.18577,40.39184],[-5.18429,40.39163],[-5.18198,40.39074],[-5.1794,40.39221],[-5.17575,40.39563],[-5.17393,40.39681],[-5.17293,40.39794],[-5.17214,40.39843],[-5.17161,40.4005],[-5.17018,40.40114],[-5.16163,40.40118],[-5.15513,40.40264],[-5.15247,40.40297],[-5.14464,40.40265],[-5.13961,40.40326],[-5.13052,40.40254],[-5.12686,40.40345],[-5.12424,40.41099],[-5.12378,40.42135],[-5.12414,40.42216],[-5.12437,40.42495],[-5.12461,40.42509],[-5.1246,40.42455],[-5.12542,40.42215],[-5.12753,40.42608],[-5.12671,40.4287],[-5.1266,40.4349],[-5.12722,40.43548],[-5.12793,40.43781],[-5.12896,40.44008],[-5.13106,40.4414],[-5.13149,40.44203],[-5.13371,40.44319],[-5.14041,40.4514],[-5.14075,40.45194],[-5.13999,40.45325],[-5.14036,40.45559],[-5.14389,40.45716],[-5.14687,40.45783],[-5.14876,40.45793],[-5.14993,40.45752],[-5.16054,40.456],[-5.16732,40.45536],[-5.17189,40.45679],[-5.18178,40.45516],[-5.18644,40.45938],[-5.18763,40.45972]]]}},{"type":"Feature","properties":{"COD_POSTAL":"05195"},"geometry":{"type":"Polygon","coordinates":[[[-4.61304,40.65633],[-4.60942,40.65602],[-4.60884,40.65435],[-4.60926,40.65262],[-4.60721,40.64731],[-4.59965,40.64079],[-4.60017,40.63876],[-4.59996,40.63841],[-4.59165,40.63749],[-4.58763,40.63906],[-4.58695,40.64035],[-4.58786,40.64119],[-4.58935,40.64388],[-4.59096,40.64518],[-4.59299,40.64861],[-4.59429,40.65156],[-4.59648,40.65261],[-4.59675,40.65221],[-4.59795,40.65327],[-4.59256,40.65481],[-4.58997,40.65603],[-4.58952,40.65661],[-4.58918,40.65859],[-4.58824,40.65819],[-4.58738,40.65842],[-4.58089,40.66254],[-4.57926,40.66291],[-4.57774,40.66258],[-4.57751,40.66159],[-4.5767,40.66322],[-4.57569,40.66228],[-4.57529,40.66297],[-4.57363,40.66312],[-4.57092,40.66517],[-4.56748,40.66594],[-4.56563,40.66583],[-4.56182,40.66329],[-4.56386,40.66126],[-4.56369,40.66025],[-4.56529,40.6596],[-4.56478,40.65836],[-4.56272,40.65818],[-4.55993,40.65957],[-4.56005,40.66037],[-4.55808,40.66084],[-4.55673,40.65549],[-4.55125,40.65155],[-4.54737,40.65069],[-4.5445,40.65055],[-4.5433,40.65105],[-4.54351,40.65042],[-4.5426,40.65028],[-4.53888,40.65074],[-4.53479,40.65034],[-4.53333,40.64848],[-4.53013,40.64828],[-4.5289,40.64766],[-4.52632,40.64434],[-4.52234,40.64054],[-4.52097,40.63979],[-4.51735,40.63914],[-4.51552,40.63853],[-4.5107,40.63631],[-4.50941,40.63529],[-4.50898,40.63438],[-4.50944,40.63226],[-4.50912,40.62979],[-4.50928,40.62842],[-4.51247,40.62311],[-4.51076,40.62197],[-4.50865,40.62135],[-4.50199,40.62042],[-4.49664,40.61995],[-4.49481,40.62001],[-4.49112,40.61931],[-4.48921,40.61937],[-4.48248,40.62049],[-4.47895,40.61966],[-4.47799,40.6208],[-4.47483,40.62675],[-4.46967,40.63443],[-4.4656,40.63487],[-4.46597,40.636],[-4.46599,40.63693],[-4.46512,40.64088],[-4.46451,40.64224],[-4.46465,40.64527],[-4.46404,40.64669],[-4.46416,40.64874],[-4.45986,40.65201],[-4.45654,40.65611],[-4.45538,40.6591],[-4.45407,40.6639],[-4.45361,40.66806],[-4.45442,40.66941],[-4.45429,40.67018],[-4.45534,40.67402],[-4.45693,40.6775],[-4.45842,40.6796],[-4.4605,40.68153],[-4.46081,40.68288],[-4.46343,40.68603],[-4.46455,40.68664],[-4.46492,40.6884],[-4.46607,40.68998],[-4.46836,40.69111],[-4.46979,40.6925],[-4.47418,40.68956],[-4.47419,40.69038],[-4.47346,40.69142],[-4.47368,40.69169],[-4.47561,40.69259],[-4.47804,40.69503],[-4.48007,40.69639],[-4.48077,40.69628],[-4.48114,40.69562],[-4.48082,40.69355],[-4.48139,40.69266],[-4.48557,40.68998],[-4.48828,40.68914],[-4.48929,40.6893],[-4.49002,40.68995],[-4.49053,40.69122],[-4.49112,40.69412],[-4.49167,40.69434],[-4.49231,40.69404],[-4.493,40.69244],[-4.4931,40.6913],[-4.49293,40.69056],[-4.49237,40.68969],[-4.49238,40.68924],[-4.49299,40.68885],[-4.49398,40.68867],[-4.49623,40.68874],[-4.49748,40.68845],[-4.49904,40.68897],[-4.50008,40.68903],[-4.50145,40.69035],[-4.50478,40.69082],[-4.50523,40.69055],[-4.50641,40.68894],[-4.50927,40.68978],[-4.51212,40.68827],[-4.51273,40.68851],[-4.51292,40.68945],[-4.51317,40.6895],[-4.51639,40.68876],[-4.51762,40.68886],[-4.51796,40.68839],[-4.51835,40.68832],[-4.51988,40.68994],[-4.52045,40.69172],[-4.52097,40.69221],[-4.52163,40.69211],[-4.52199,40.69167],[-4.52199,40.69121],[-4.52236,40.6912],[-4.52432,40.69268],[-4.52683,40.69314],[-4.52818,40.69408],[-4.52743,40.69192],[-4.52495,40.68937],[-4.52416,40.68667],[-4.52827,40.68442],[-4.53009,40.68565],[-4.53312,40.68629],[-4.53399,40.68847],[-4.53819,40.68846],[-4.5379,40.68327],[-4.54376,40.68578],[-4.54606,40.68644],[-4.54798,40.68784],[-4.55234,40.68858],[-4.5538,40.68923],[-4.55342,40.68745],[-4.55636,40.6844],[-4.55798,40.68177],[-4.56105,40.67973],[-4.56596,40.67945],[-4.56585,40.68051],[-4.56675,40.68107],[-4.56775,40.68099],[-4.568,40.68154],[-4.56943,40.68159],[-4.5695,40.68193],[-4.57282,40.68232],[-4.57377,40.68268],[-4.57448,40.6817],[-4.57639,40.68087],[-4.57782,40.68109],[-4.57996,40.68081],[-4.58175,40.6809],[-4.58092,40.68189],[-4.58063,40.6826],[-4.58281,40.68215],[-4.58541,40.68309],[-4.58905,40.68212],[-4.59162,40.68102],[-4.59123,40.67924],[-4.59323,40.67848],[-4.59479,40.67924],[-4.59482,40.67988],[-4.59604,40.68073],[-4.59717,40.68226],[-4.59301,40.68231],[-4.59268,40.68354],[-4.59372,40.68369],[-4.59487,40.68522],[-4.59645,40.68448],[-4.61373,40.65638],[-4.61304,40.65633]]]}},{"type":"Feature","properties":{"COD_POSTAL":"05619"},"geometry":{"type":"Polygon","coordinates":[[[-5.68249,40.38121],[-5.68238,40.38038],[-5.68287,40.37965],[-5.68479,40.3784],[-5.68684,40.37637],[-5.68701,40.37571],[-5.68703,40.36712],[-5.68737,40.36204],[-5.68661,40.36027],[-5.68512,40.35786],[-5.68636,40.35537],[-5.68172,40.35304],[-5.67913,40.35083],[-5.67303,40.34853],[-5.6722,40.35142],[-5.67069,40.35532],[-5.66964,40.36025],[-5.66529,40.37371],[-5.66203,40.37982],[-5.65985,40.3845],[-5.6548,40.39373],[-5.65446,40.40141],[-5.65322,40.40625],[-5.65285,40.4094],[-5.65297,40.41128],[-5.65211,40.41195],[-5.65052,40.41257],[-5.64366,40.41422],[-5.64256,40.4164],[-5.64419,40.4203],[-5.64355,40.42226],[-5.63967,40.42478],[-5.63498,40.42534],[-5.62274,40.42513],[-5.62253,40.41769],[-5.62063,40.41364],[-5.61829,40.41254],[-5.6155,40.41065],[-5.60633,40.40363],[-5.60005,40.39289],[-5.58295,40.38243],[-5.57926,40.39051],[-5.5831,40.39146],[-5.58133,40.39487],[-5.58058,40.40263],[-5.57932,40.41041],[-5.57983,40.41232],[-5.58111,40.41377],[-5.58093,40.41481],[-5.57856,40.4208],[-5.57562,40.4242],[-5.57592,40.42471],[-5.57563,40.42646],[-5.57576,40.42707],[-5.57673,40.42876],[-5.57617,40.4322],[-5.57603,40.44027],[-5.57638,40.44295],[-5.57396,40.44836],[-5.57316,40.44808],[-5.57214,40.45213],[-5.57201,40.45445],[-5.57068,40.45645],[-5.56665,40.45723],[-5.56233,40.46031],[-5.55994,40.46282],[-5.55963,40.46436],[-5.56013,40.46676],[-5.56009,40.46827],[-5.56323,40.47033],[-5.56389,40.47135],[-5.56423,40.4725],[-5.56092,40.4771],[-5.56523,40.47753],[-5.56961,40.47746],[-5.57106,40.4768],[-5.57268,40.47641],[-5.5751,40.47639],[-5.57784,40.47439],[-5.58596,40.47006],[-5.5898,40.46725],[-5.59926,40.46799],[-5.60977,40.46807],[-5.62276,40.46576],[-5.62643,40.46272],[-5.63011,40.46184],[-5.63417,40.46045],[-5.64004,40.45334],[-5.64132,40.45012],[-5.64372,40.44627],[-5.64844,40.44275],[-5.65483,40.43851],[-5.65656,40.4368],[-5.65804,40.43654],[-5.65893,40.4357],[-5.65982,40.43534],[-5.66277,40.43496],[-5.66532,40.43427],[-5.66851,40.43259],[-5.67079,40.43196],[-5.67279,40.42977],[-5.67429,40.42769],[-5.67593,40.42679],[-5.67868,40.426],[-5.67969,40.42514],[-5.68414,40.42439],[-5.68675,40.42316],[-5.68846,40.42296],[-5.69119,40.42199],[-5.69188,40.41945],[-5.68757,40.41568],[-5.68683,40.41338],[-5.68724,40.40777],[-5.68607,40.40351],[-5.68662,40.40066],[-5.68597,40.39842],[-5.68543,40.3975],[-5.68546,40.39636],[-5.68497,40.39544],[-5.68357,40.3946],[-5.68287,40.39389],[-5.68211,40.39256],[-5.68059,40.38873],[-5.67844,40.38702],[-5.67869,40.38608],[-5.67973,40.38527],[-5.68085,40.38315],[-5.68229,40.38174],[-5.68249,40.38121]]]}},{"type":"Feature","properties":{"COD_POSTAL":"05216"},"geometry":{"type":"Polygon","coordinates":[[[-4.82755,40.98794],[-4.82779,40.9863],[-4.82734,40.98534],[-4.82045,40.98376],[-4.81989,40.98373],[-4.81945,40.98456],[-4.81355,40.98658],[-4.81004,40.98672],[-4.80776,40.98509],[-4.80649,40.98566],[-4.80553,40.98678],[-4.80434,40.98727],[-4.79562,40.98501],[-4.79219,40.98539],[-4.79322,40.98416],[-4.79692,40.98323],[-4.79846,40.98128],[-4.79563,40.98013],[-4.79696,40.97862],[-4.79309,40.97558],[-4.79255,40.97201],[-4.78942,40.97098],[-4.78925,40.96929],[-4.78738,40.9676],[-4.78328,40.96453],[-4.78156,40.96024],[-4.77926,40.95972],[-4.77817,40.95748],[-4.77382,40.956],[-4.77145,40.95604],[-4.7689,40.95705],[-4.76288,40.95708],[-4.7565,40.95669],[-4.74999,40.95483],[-4.74627,40.95507],[-4.74405,40.95589],[-4.74339,40.95559],[-4.74211,40.95684],[-4.73981,40.95682],[-4.73947,40.95707],[-4.73887,40.95865],[-4.7378,40.95947],[-4.73445,40.9595],[-4.73386,40.95982],[-4.73372,40.96034],[-4.73438,40.96181],[-4.73397,40.96312],[-4.73282,40.96355],[-4.73156,40.96341],[-4.73093,40.96357],[-4.73013,40.96425],[-4.72945,40.96557],[-4.72834,40.9669],[-4.72549,40.96904],[-4.72498,40.97231],[-4.72307,40.97479],[-4.72195,40.97524],[-4.7203,40.97534],[-4.71953,40.97591],[-4.71894,40.97739],[-4.71964,40.97756],[-4.7209,40.97713],[-4.72111,40.9776],[-4.72095,40.97819],[-4.71873,40.97959],[-4.71827,40.98016],[-4.71667,40.98007],[-4.71487,40.98177],[-4.71481,40.9832],[-4.71537,40.98721],[-4.71499,40.98859],[-4.71333,40.99159],[-4.71367,40.99224],[-4.71355,40.99376],[-4.71249,40.99525],[-4.71285,40.99816],[-4.71556,40.99903],[-4.71661,40.99983],[-4.72104,41.00008],[-4.7224,40.99959],[-4.72334,40.99985],[-4.72708,40.99865],[-4.72641,41.00006],[-4.72532,41.00127],[-4.72515,41.0034],[-4.72412,41.00616],[-4.72271,41.00904],[-4.72107,41.01169],[-4.71974,41.01325],[-4.71958,41.01699],[-4.72573,41.02226],[-4.73033,41.02507],[-4.73952,41.02959],[-4.74218,41.02921],[-4.7435,41.03337],[-4.75075,41.03896],[-4.75515,41.0399],[-4.7578,41.0408],[-4.76386,41.04003],[-4.77171,41.0357],[-4.77505,41.03479],[-4.78148,41.03145],[-4.78203,41.03093],[-4.78115,41.02881],[-4.78267,41.02535],[-4.78388,41.02407],[-4.78677,41.0184],[-4.7868,41.01743],[-4.78618,41.01562],[-4.78531,41.01401],[-4.7894,41.01478],[-4.78939,41.01755],[-4.79599,41.01732],[-4.80066,41.01944],[-4.80681,41.02046],[-4.80881,41.02101],[-4.81361,41.02321],[-4.81616,41.02483],[-4.82318,41.02217],[-4.82199,41.01875],[-4.82093,41.0183],[-4.81881,41.0148],[-4.81954,41.00832],[-4.82244,41.0045],[-4.82393,40.99908],[-4.82488,40.99788],[-4.82723,40.9917],[-4.82472,40.98927],[-4.82755,40.98794]]]}},{"type":"Feature","properties":{"COD_POSTAL":"05148"},"geometry":{"type":"Polygon","coordinates":[[[-5.23463,40.6759],[-5.23883,40.67465],[-5.24049,40.67391],[-5.24322,40.67007],[-5.24372,40.6674],[-5.24409,40.66688],[-5.24725,40.664],[-5.25122,40.66137],[-5.25631,40.65708],[-5.25632,40.65643],[-5.25554,40.65405],[-5.25564,40.65299],[-5.25714,40.64855],[-5.25706,40.64652],[-5.25766,40.64532],[-5.26079,40.64414],[-5.26315,40.64238],[-5.26062,40.6398],[-5.25793,40.63975],[-5.24855,40.63673],[-5.24339,40.63633],[-5.24115,40.63541],[-5.23958,40.63442],[-5.2372,40.63248],[-5.2332,40.6274],[-5.23229,40.62549],[-5.23272,40.61983],[-5.23245,40.61871],[-5.2312,40.61736],[-5.22857,40.6158],[-5.22341,40.6143],[-5.21938,40.61354],[-5.21687,40.61351],[-5.20881,40.617],[-5.20564,40.61766],[-5.20279,40.61764],[-5.19642,40.61689],[-5.19379,40.61721],[-5.19149,40.61838],[-5.19079,40.61909],[-5.18841,40.6258],[-5.18633,40.62599],[-5.18154,40.62693],[-5.17361,40.62929],[-5.16991,40.63019],[-5.16641,40.63072],[-5.15986,40.63241],[-5.15573,40.6349],[-5.15333,40.63678],[-5.15144,40.63877],[-5.15041,40.64023],[-5.14676,40.64236],[-5.14578,40.64323],[-5.14476,40.64473],[-5.14302,40.65076],[-5.14226,40.65173],[-5.13905,40.65323],[-5.1344,40.65486],[-5.13409,40.65619],[-5.1343,40.65739],[-5.13627,40.66101],[-5.13705,40.6618],[-5.13705,40.66319],[-5.1464,40.66177],[-5.15239,40.66199],[-5.15597,40.664],[-5.15763,40.66605],[-5.15942,40.67099],[-5.15982,40.67386],[-5.16038,40.67528],[-5.16026,40.67614],[-5.16603,40.67785],[-5.16759,40.67747],[-5.16876,40.67763],[-5.17512,40.68208],[-5.17855,40.68369],[-5.17991,40.68468],[-5.18009,40.68547],[-5.17907,40.68972],[-5.1788,40.69264],[-5.17591,40.69808],[-5.17639,40.69856],[-5.17638,40.70079],[-5.17936,40.70074],[-5.18766,40.69955],[-5.18963,40.69972],[-5.1906,40.70082],[-5.19274,40.70513],[-5.19279,40.70571],[-5.19083,40.70804],[-5.19079,40.71056],[-5.18993,40.71175],[-5.1898,40.71316],[-5.19132,40.71472],[-5.19183,40.71764],[-5.19245,40.71898],[-5.19613,40.72278],[-5.19657,40.72354],[-5.18777,40.72622],[-5.18767,40.72607],[-5.18064,40.72837],[-5.1769,40.7293],[-5.17242,40.73092],[-5.17146,40.73304],[-5.17072,40.73364],[-5.17005,40.73481],[-5.17138,40.73631],[-5.17469,40.73803],[-5.17602,40.74042],[-5.17836,40.74271],[-5.17862,40.74316],[-5.17911,40.7473],[-5.17877,40.74853],[-5.17783,40.75035],[-5.17601,40.75217],[-5.17337,40.75343],[-5.17115,40.75498],[-5.16976,40.75652],[-5.16771,40.75957],[-5.16607,40.76403],[-5.15876,40.76706],[-5.15665,40.76763],[-5.15837,40.76893],[-5.1585,40.77063],[-5.15741,40.77318],[-5.15595,40.7741],[-5.15565,40.77543],[-5.15776,40.77762],[-5.15982,40.77927],[-5.15921,40.7798],[-5.16134,40.78179],[-5.16787,40.78316],[-5.17072,40.78334],[-5.17452,40.78307],[-5.17427,40.78479],[-5.17568,40.7862],[-5.17283,40.79009],[-5.17343,40.79351],[-5.17522,40.79522],[-5.17659,40.79495],[-5.17828,40.79639],[-5.17944,40.79471],[-5.17955,40.79309],[-5.18486,40.78908],[-5.18441,40.78869],[-5.18924,40.7864],[-5.18992,40.78558],[-5.19445,40.7846],[-5.19539,40.78407],[-5.19909,40.78282],[-5.2032,40.78087],[-5.20854,40.77911],[-5.21171,40.77716],[-5.21645,40.77486],[-5.21899,40.77297],[-5.21703,40.7707],[-5.21717,40.76765],[-5.21525,40.76316],[-5.21444,40.75783],[-5.21722,40.75722],[-5.21864,40.75608],[-5.21978,40.75619],[-5.22038,40.75544],[-5.22275,40.75505],[-5.2246,40.75416],[-5.22673,40.75361],[-5.22759,40.75321],[-5.22874,40.75132],[-5.22965,40.75041],[-5.2322,40.74859],[-5.2376,40.74698],[-5.23949,40.74611],[-5.2416,40.74547],[-5.24264,40.7454],[-5.24829,40.74364],[-5.24994,40.74288],[-5.25065,40.74122],[-5.25255,40.74077],[-5.25505,40.73946],[-5.25373,40.73365],[-5.25099,40.72685],[-5.24967,40.72521],[-5.24845,40.72428],[-5.24612,40.72259],[-5.24415,40.72168],[-5.24286,40.72078],[-5.24327,40.71704],[-5.24662,40.71274],[-5.24701,40.71202],[-5.24704,40.71145],[-5.24453,40.7074],[-5.244,40.7048],[-5.24244,40.70275],[-5.24241,40.7013],[-5.2414,40.69573],[-5.24111,40.69259],[-5.24076,40.69166],[-5.23832,40.68877],[-5.23801,40.68788],[-5.23464,40.6822],[-5.23285,40.67835],[-5.23128,40.67608],[-5.23188,40.67598],[-5.23463,40.6759]]]}},{"type":"Feature","properties":{"COD_POSTAL":"05140"},"geometry":{"type":"Polygon","coordinates":[[[-4.78988,40.65921],[-4.79103,40.66021],[-4.78973,40.66132],[-4.78673,40.66175],[-4.78627,40.66037],[-4.78527,40.66131],[-4.7832,40.6598],[-4.7817,40.65956],[-4.78129,40.65993],[-4.7803,40.65991],[-4.77889,40.65917],[-4.77782,40.65936],[-4.77621,40.6589],[-4.77525,40.65898],[-4.77254,40.65785],[-4.77128,40.65931],[-4.7684,40.65893],[-4.76791,40.65771],[-4.76719,40.65713],[-4.76779,40.65641],[-4.76726,40.65587],[-4.76284,40.65745],[-4.7601,40.65784],[-4.75114,40.65766],[-4.74736,40.65689],[-4.7447,40.6573],[-4.73984,40.65745],[-4.73679,40.65629],[-4.73671,40.65706],[-4.7353,40.6573],[-4.73554,40.65859],[-4.73479,40.65851],[-4.73452,40.65981],[-4.73866,40.66035],[-4.74466,40.66055],[-4.74482,40.66313],[-4.74802,40.66384],[-4.74834,40.66321],[-4.74953,40.66313],[-4.74993,40.66389],[-4.74955,40.66425],[-4.74995,40.66467],[-4.74955,40.66603],[-4.75272,40.66617],[-4.75361,40.66649],[-4.75299,40.66746],[-4.75346,40.66795],[-4.75273,40.66796],[-4.75222,40.66835],[-4.75085,40.6679],[-4.75058,40.66867],[-4.75183,40.66928],[-4.75147,40.67009],[-4.75109,40.66992],[-4.75051,40.67096],[-4.75192,40.67146],[-4.75198,40.67195],[-4.75146,40.67216],[-4.7511,40.67301],[-4.75032,40.67253],[-4.74933,40.67243],[-4.74924,40.67349],[-4.74868,40.67496],[-4.74761,40.67662],[-4.74354,40.67556],[-4.74308,40.67625],[-4.7439,40.67655],[-4.74366,40.67698],[-4.74256,40.677],[-4.74148,40.67747],[-4.74367,40.67883],[-4.74326,40.67931],[-4.7436,40.68018],[-4.74272,40.68004],[-4.74263,40.68066],[-4.74321,40.68076],[-4.74335,40.68163],[-4.74586,40.68303],[-4.74882,40.68254],[-4.752,40.68516],[-4.75123,40.68651],[-4.75573,40.68788],[-4.75631,40.68747],[-4.75623,40.68679],[-4.75857,40.6871],[-4.75933,40.68759],[-4.75775,40.68826],[-4.75738,40.68885],[-4.75899,40.68958],[-4.75802,40.69167],[-4.7582,40.69308],[-4.76051,40.69417],[-4.76079,40.695],[-4.76226,40.69603],[-4.76339,40.6961],[-4.76373,40.69376],[-4.76503,40.69368],[-4.76508,40.69429],[-4.7658,40.69493],[-4.76576,40.6958],[-4.76625,40.69646],[-4.76794,40.6973],[-4.76906,40.69751],[-4.77147,40.69735],[-4.77207,40.69805],[-4.77291,40.69807],[-4.7738,40.69856],[-4.77553,40.699],[-4.77673,40.69827],[-4.77667,40.69752],[-4.77761,40.69757],[-4.77788,40.69806],[-4.77976,40.69884],[-4.779,40.70027],[-4.77583,40.70449],[-4.77779,40.70769],[-4.79535,40.70838],[-4.79499,40.71008],[-4.79562,40.71225],[-4.79504,40.7139],[-4.79637,40.71462],[-4.79695,40.71626],[-4.80013,40.71872],[-4.80235,40.71893],[-4.80613,40.71806],[-4.80769,40.71829],[-4.80934,40.71714],[-4.81407,40.71567],[-4.81399,40.71762],[-4.81478,40.71876],[-4.81319,40.72018],[-4.81459,40.72063],[-4.81425,40.72156],[-4.81594,40.72227],[-4.81426,40.72351],[-4.81561,40.72588],[-4.81545,40.72757],[-4.85307,40.74539],[-4.85768,40.74235],[-4.85881,40.74187],[-4.85969,40.74294],[-4.86139,40.74228],[-4.86162,40.74133],[-4.86253,40.74117],[-4.86306,40.74189],[-4.86468,40.74284],[-4.8653,40.74365],[-4.86745,40.74366],[-4.86825,40.74303],[-4.87028,40.74277],[-4.86932,40.74021],[-4.86886,40.73828],[-4.86903,40.73755],[-4.86946,40.73679],[-4.87077,40.73666],[-4.87219,40.73482],[-4.87502,40.73524],[-4.87713,40.73468],[-4.87916,40.73523],[-4.88022,40.73456],[-4.88077,40.73186],[-4.88484,40.73045],[-4.8855,40.72948],[-4.88555,40.72877],[-4.89157,40.72854],[-4.89435,40.72662],[-4.89462,40.7253],[-4.89396,40.72412],[-4.89167,40.72354],[-4.88992,40.72419],[-4.8898,40.72316],[-4.88931,40.72283],[-4.88858,40.72128],[-4.88719,40.72015],[-4.88464,40.71874],[-4.88148,40.71285],[-4.88042,40.7121],[-4.87781,40.71382],[-4.8734,40.71312],[-4.87075,40.71168],[-4.86731,40.7149],[-4.86468,40.71545],[-4.85968,40.7138],[-4.85758,40.7136],[-4.85455,40.7128],[-4.85444,40.71252],[-4.85552,40.71003],[-4.8556,40.709],[-4.85519,40.708],[-4.85567,40.70672],[-4.85472,40.7061],[-4.85432,40.70626],[-4.85308,40.70815],[-4.85121,40.71022],[-4.85061,40.71027],[-4.84942,40.71155],[-4.84794,40.7119],[-4.84783,40.71238],[-4.84748,40.71246],[-4.84469,40.71127],[-4.84154,40.7107],[-4.83921,40.70952],[-4.83784,40.70794],[-4.83955,40.70634],[-4.83872,40.70432],[-4.83431,40.70157],[-4.83265,40.70126],[-4.83204,40.70069],[-4.83288,40.69984],[-4.83422,40.69912],[-4.83512,40.6981],[-4.83613,40.69752],[-4.83664,40.69609],[-4.83634,40.69548],[-4.83426,40.6961],[-4.83222,40.69623],[-4.83389,40.69051],[-4.83561,40.68866],[-4.83695,40.68902],[-4.8375,40.68826],[-4.83882,40.68724],[-4.84065,40.68649],[-4.8408,40.68621],[-4.84155,40.68625],[-4.8411,40.68528],[-4.84003,40.68519],[-4.8351,40.68321],[-4.83495,40.68194],[-4.8354,40.68081],[-4.83654,40.6791],[-4.83867,40.67747],[-4.83994,40.67574],[-4.84058,40.6738],[-4.84049,40.67307],[-4.84155,40.672],[-4.84234,40.67229],[-4.84358,40.67125],[-4.84749,40.67072],[-4.84794,40.66993],[-4.84927,40.67095],[-4.85018,40.67105],[-4.85487,40.66932],[-4.85584,40.66926],[-4.85734,40.66837],[-4.85769,40.66683],[-4.86028,40.66192],[-4.86115,40.66131],[-4.86338,40.662],[-4.86993,40.66133],[-4.86982,40.66112],[-4.86597,40.66139],[-4.85996,40.66023],[-4.85855,40.65965],[-4.85608,40.65965],[-4.84399,40.65682],[-4.83975,40.65524],[-4.83825,40.6553],[-4.83505,40.65423],[-4.83178,40.65357],[-4.82851,40.65063],[-4.82878,40.65004],[-4.82647,40.64881],[-4.82491,40.64833],[-4.81926,40.64536],[-4.81599,40.64469],[-4.81143,40.64321],[-4.80725,40.64167],[-4.80591,40.64082],[-4.805,40.64334],[-4.80363,40.64566],[-4.79942,40.6453],[-4.79656,40.64434],[-4.79359,40.64381],[-4.7872,40.64427],[-4.7886,40.64537],[-4.78809,40.64589],[-4.78853,40.64705],[-4.78651,40.6464],[-4.78591,40.64491],[-4.7844,40.64597],[-4.78931,40.64878],[-4.78966,40.64963],[-4.78882,40.65002],[-4.78858,40.65187],[-4.78945,40.65351],[-4.79057,40.65425],[-4.79037,40.65624],[-4.7896,40.65687],[-4.78872,40.65827],[-4.78969,40.65867],[-4.78988,40.65921]]]}},{"type":"Feature","properties":{"COD_POSTAL":"05132"},"geometry":{"type":"Polygon","coordinates":[[[-5.06431,40.41043],[-5.06778,40.40899],[-5.07651,40.4037],[-5.08364,40.40108],[-5.09074,40.40151],[-5.09549,40.40258],[-5.09969,40.40286],[-5.10369,40.40348],[-5.10252,40.40281],[-5.09915,40.40208],[-5.09339,40.39838],[-5.09268,40.39724],[-5.09056,40.39606],[-5.08713,40.39274],[-5.08482,40.38952],[-5.08526,40.38819],[-5.08627,40.38658],[-5.08717,40.38391],[-5.08772,40.38128],[-5.08783,40.3783],[-5.08697,40.37515],[-5.08638,40.3745],[-5.08355,40.37236],[-5.08025,40.37033],[-5.08169,40.36328],[-5.08094,40.36101],[-5.07925,40.35249],[-5.06726,40.33841],[-5.06905,40.32756],[-5.06336,40.3143],[-5.06284,40.31211],[-5.05717,40.30882],[-5.05485,40.30997],[-5.05245,40.31011],[-5.04714,40.31278],[-5.0423,40.31343],[-5.03496,40.31556],[-5.033,40.3159],[-5.03215,40.31625],[-5.02982,40.31816],[-5.02829,40.31878],[-5.02478,40.31923],[-5.02379,40.3186],[-5.02174,40.31904],[-5.02064,40.31888],[-5.01895,40.32106],[-5.01592,40.32227],[-5.01496,40.32243],[-5.01414,40.32521],[-5.01353,40.32621],[-5.01309,40.32793],[-5.01241,40.32926],[-5.01239,40.32961],[-5.01358,40.33117],[-5.0137,40.33195],[-5.01345,40.3328],[-5.01376,40.3331],[-5.01313,40.33386],[-5.01378,40.33525],[-5.01332,40.33635],[-5.01373,40.33688],[-5.01321,40.33802],[-5.01503,40.33961],[-5.01495,40.34015],[-5.01434,40.3405],[-5.01362,40.34229],[-5.01376,40.34485],[-5.01421,40.34654],[-5.01313,40.34748],[-5.01354,40.3487],[-5.01262,40.3513],[-5.01485,40.3529],[-5.014,40.35779],[-5.014,40.35818],[-5.01506,40.36018],[-5.01435,40.36333],[-5.01507,40.36517],[-5.01514,40.36859],[-5.01563,40.36913],[-5.01559,40.37002],[-5.01644,40.37291],[-5.01705,40.37346],[-5.01689,40.37398],[-5.01713,40.37499],[-5.01786,40.37619],[-5.01777,40.37644],[-5.01692,40.37675],[-5.01669,40.37721],[-5.01777,40.37886],[-5.01791,40.37963],[-5.01887,40.38082],[-5.01957,40.38441],[-5.01953,40.38694],[-5.02063,40.38801],[-5.0207,40.38978],[-5.0202,40.39096],[-5.02005,40.39243],[-5.02157,40.39232],[-5.02296,40.39399],[-5.02345,40.39494],[-5.02435,40.39483],[-5.02451,40.39529],[-5.02415,40.39655],[-5.02586,40.39916],[-5.02613,40.40063],[-5.02716,40.40109],[-5.02748,40.40167],[-5.02829,40.40228],[-5.03004,40.40553],[-5.0312,40.40634],[-5.03095,40.40724],[-5.03119,40.40778],[-5.03258,40.409],[-5.03329,40.41153],[-5.0373,40.41274],[-5.03769,40.41296],[-5.03834,40.41395],[-5.03948,40.4148],[-5.03766,40.41579],[-5.03556,40.41535],[-5.03493,40.41574],[-5.03483,40.41596],[-5.03649,40.41913],[-5.03484,40.41886],[-5.03307,40.42263],[-5.03309,40.42371],[-5.03282,40.42449],[-5.03163,40.42559],[-5.02923,40.42693],[-5.02872,40.42798],[-5.02807,40.42813],[-5.02482,40.42785],[-5.0231,40.42827],[-5.02085,40.42825],[-5.02002,40.42857],[-5.01962,40.42971],[-5.01847,40.43031],[-5.01878,40.43239],[-5.01954,40.43252],[-5.02082,40.4335],[-5.02194,40.43521],[-5.02199,40.4366],[-5.02256,40.4377],[-5.02203,40.43873],[-5.02218,40.43982],[-5.02142,40.44046],[-5.02144,40.44067],[-5.02189,40.44166],[-5.02185,40.44215],[-5.0234,40.44296],[-5.02354,40.44373],[-5.0231,40.44423],[-5.02295,40.44491],[-5.02365,40.44605],[-5.02462,40.44659],[-5.02529,40.44842],[-5.02579,40.44913],[-5.02565,40.44987],[-5.02608,40.45095],[-5.02507,40.45148],[-5.02501,40.45206],[-5.02558,40.45312],[-5.02595,40.45592],[-5.02635,40.45689],[-5.02509,40.4578],[-5.02466,40.45906],[-5.02296,40.46048],[-5.02215,40.46226],[-5.01893,40.46378],[-5.01624,40.4664],[-5.01447,40.46934],[-5.01153,40.47289],[-5.01049,40.47544],[-5.01872,40.47709],[-5.02122,40.47721],[-5.02375,40.47698],[-5.02933,40.47794],[-5.03266,40.48213],[-5.0362,40.48524],[-5.0376,40.48706],[-5.03834,40.48695],[-5.04813,40.48141],[-5.05607,40.48066],[-5.0646,40.47926],[-5.06985,40.47772],[-5.07459,40.47733],[-5.07774,40.47662],[-5.08148,40.4751],[-5.08509,40.47435],[-5.09157,40.47213],[-5.09327,40.4711],[-5.09363,40.46783],[-5.09301,40.4559],[-5.09264,40.4541],[-5.0931,40.45066],[-5.09239,40.44683],[-5.09205,40.44344],[-5.09103,40.44012],[-5.09007,40.44017],[-5.08926,40.43973],[-5.08839,40.44026],[-5.08716,40.44029],[-5.08629,40.44097],[-5.08552,40.44119],[-5.08252,40.441],[-5.07761,40.44171],[-5.07707,40.44066],[-5.07455,40.44001],[-5.07297,40.43993],[-5.07146,40.44064],[-5.06974,40.43995],[-5.06766,40.44101],[-5.06649,40.44238],[-5.06496,40.44155],[-5.0634,40.44119],[-5.06266,40.44059],[-5.06174,40.43908],[-5.06163,40.4384],[-5.06436,40.43684],[-5.0642,40.43651],[-5.0636,40.43629],[-5.06178,40.43593],[-5.0596,40.43443],[-5.05929,40.43393],[-5.05948,40.43301],[-5.05935,40.43256],[-5.06092,40.43117],[-5.06038,40.4301],[-5.05826,40.42869],[-5.05668,40.42924],[-5.0549,40.42819],[-5.05151,40.42757],[-5.05085,40.42731],[-5.05075,40.42698],[-5.05122,40.42609],[-5.05104,40.42559],[-5.05872,40.41683],[-5.06431,40.41043]]]}},{"type":"Feature","properties":{"COD_POSTAL":"05301"},"geometry":{"type":"Polygon","coordinates":[[[-5.05192,40.93037],[-5.05299,40.93143],[-5.05841,40.92704],[-5.05735,40.92425],[-5.06018,40.92281],[-5.06481,40.9176],[-5.06209,40.91593],[-5.06383,40.91345],[-5.0606,40.91011],[-5.06206,40.90957],[-5.06118,40.90764],[-5.05943,40.9083],[-5.05438,40.90306],[-5.05625,40.90103],[-5.05554,40.90016],[-5.05628,40.89993],[-5.05391,40.89877],[-5.05299,40.89694],[-5.05057,40.8984],[-5.05006,40.89902],[-5.04502,40.90068],[-5.03977,40.89704],[-5.03961,40.89805],[-5.03872,40.89935],[-5.03753,40.90034],[-5.03574,40.9011],[-5.03364,40.90157],[-5.03008,40.90034],[-5.02805,40.90223],[-5.02597,40.90256],[-5.02489,40.90235],[-5.02304,40.90125],[-5.01859,40.90574],[-5.01362,40.90713],[-5.00732,40.91111],[-5.00566,40.91193],[-5.00737,40.91405],[-5.00765,40.91535],[-5.00692,40.91646],[-5.0078,40.91897],[-5.00825,40.91913],[-5.00647,40.92317],[-5.00654,40.92424],[-5.00419,40.92398],[-5.00379,40.92601],[-5.00516,40.92682],[-5.00662,40.92655],[-5.00755,40.92766],[-5.00735,40.92872],[-5.00375,40.93074],[-5.00341,40.93181],[-5.00365,40.93215],[-5.00728,40.93091],[-5.01014,40.93314],[-5.00553,40.93881],[-5.00656,40.93961],[-5.00668,40.94293],[-5.00477,40.94696],[-5.00636,40.94533],[-5.00889,40.94722],[-5.01109,40.94661],[-5.01416,40.9518],[-5.01719,40.95038],[-5.01739,40.94991],[-5.02095,40.94733],[-5.02393,40.94663],[-5.02569,40.94411],[-5.03009,40.94595],[-5.03221,40.94431],[-5.03371,40.94595],[-5.03755,40.94365],[-5.0407,40.94254],[-5.04086,40.94127],[-5.044,40.9396],[-5.04383,40.93835],[-5.04155,40.93822],[-5.04172,40.93752],[-5.04475,40.93783],[-5.04619,40.93821],[-5.04609,40.93514],[-5.04729,40.93447],[-5.04784,40.93597],[-5.05074,40.93322],[-5.05036,40.93235],[-5.05192,40.93037]]]}},{"type":"Feature","properties":{"COD_POSTAL":"05634"},"geometry":{"type":"Polygon","coordinates":[[[-5.16806,40.40113],[-5.17018,40.40114],[-5.17161,40.4005],[-5.17214,40.39843],[-5.17772,40.39395],[-5.1794,40.39221],[-5.18198,40.39074],[-5.18429,40.39163],[-5.18577,40.39184],[-5.19089,40.394],[-5.19296,40.3945],[-5.19565,40.3948],[-5.19919,40.39586],[-5.20137,40.39623],[-5.20643,40.39802],[-5.21351,40.40752],[-5.21044,40.39832],[-5.213,40.39249],[-5.21582,40.38699],[-5.21672,40.38431],[-5.21582,40.3783],[-5.21626,40.37703],[-5.21605,40.3752],[-5.21674,40.36945],[-5.21476,40.35893],[-5.21452,40.35551],[-5.2129,40.3557],[-5.20814,40.3517],[-5.20654,40.35015],[-5.20389,40.34659],[-5.20299,40.34473],[-5.20183,40.33582],[-5.20199,40.33229],[-5.20263,40.32834],[-5.20206,40.32602],[-5.20046,40.32386],[-5.19939,40.32012],[-5.20036,40.3179],[-5.20043,40.31397],[-5.2007,40.31275],[-5.20326,40.30537],[-5.20018,40.28647],[-5.19565,40.27658],[-5.19471,40.27131],[-5.193,40.26774],[-5.19292,40.26703],[-5.18847,40.26352],[-5.18349,40.26141],[-5.18251,40.26],[-5.18187,40.26535],[-5.1809,40.26667],[-5.17565,40.26645],[-5.17458,40.26827],[-5.1739,40.27001],[-5.1731,40.2706],[-5.17151,40.2712],[-5.16817,40.27165],[-5.1666,40.27324],[-5.16106,40.27756],[-5.1545,40.28114],[-5.15172,40.2815],[-5.1489,40.2814],[-5.14797,40.28171],[-5.14653,40.28251],[-5.14077,40.2867],[-5.14146,40.30457],[-5.14155,40.31383],[-5.14447,40.32048],[-5.14734,40.32456],[-5.14728,40.32675],[-5.14994,40.33162],[-5.15579,40.33645],[-5.15707,40.33947],[-5.15717,40.33991],[-5.1567,40.34197],[-5.15774,40.3471],[-5.15635,40.34865],[-5.15776,40.35137],[-5.16068,40.35534],[-5.16205,40.36067],[-5.16096,40.36288],[-5.16332,40.37593],[-5.164,40.37677],[-5.16596,40.37681],[-5.16519,40.37953],[-5.16583,40.38075],[-5.16588,40.38365],[-5.16569,40.38429],[-5.16452,40.38635],[-5.16328,40.38742],[-5.16107,40.39116],[-5.1604,40.39327],[-5.16302,40.39421],[-5.16715,40.40014],[-5.16806,40.40113]]]}},{"type":"Feature","properties":{"COD_POSTAL":"05696"},"geometry":{"type":"MultiPolygon","coordinates":[[[[-5.44755,40.46751],[-5.44394,40.41216],[-5.44108,40.41175],[-5.43621,40.41462],[-5.43126,40.41881],[-5.42095,40.42667],[-5.41321,40.43223],[-5.41053,40.43256],[-5.41842,40.4373],[-5.42375,40.43992],[-5.42481,40.44038],[-5.42755,40.44092],[-5.42732,40.44289],[-5.42758,40.44414],[-5.42808,40.44503],[-5.42968,40.44699],[-5.43248,40.44866],[-5.43286,40.45052],[-5.43393,40.45344],[-5.43483,40.45475],[-5.43705,40.45704],[-5.43769,40.45842],[-5.43626,40.46069],[-5.43445,40.46254],[-5.43307,40.46348],[-5.43157,40.46527],[-5.43057,40.467],[-5.4337,40.46919],[-5.43924,40.46827],[-5.44097,40.46869],[-5.44405,40.46873],[-5.44684,40.46801],[-5.44755,40.46751]]],[[[-5.51841,40.37157],[-5.51738,40.37156],[-5.5153,40.37085],[-5.51322,40.36945],[-5.51137,40.36869],[-5.51044,40.36745],[-5.50954,40.3669],[-5.50903,40.36539],[-5.50787,40.36536],[-5.50469,40.36646],[-5.50331,40.36557],[-5.50161,40.3655],[-5.49449,40.35598],[-5.4874,40.35135],[-5.48454,40.35106],[-5.46818,40.35365],[-5.48057,40.38315],[-5.48461,40.39673],[-5.47935,40.39914],[-5.47841,40.40034],[-5.47536,40.40657],[-5.4727,40.40961],[-5.47102,40.40845],[-5.46734,40.40704],[-5.46514,40.40647],[-5.46052,40.40629],[-5.46352,40.41061],[-5.5004,40.45891],[-5.5014,40.45921],[-5.50396,40.4611],[-5.50541,40.46124],[-5.50803,40.46286],[-5.50983,40.46366],[-5.51002,40.46134],[-5.50943,40.45912],[-5.51792,40.45288],[-5.51852,40.45204],[-5.52017,40.4485],[-5.52026,40.44788],[-5.52009,40.44697],[-5.51967,40.4465],[-5.51317,40.44513],[-5.51221,40.44453],[-5.51137,40.44349],[-5.51008,40.44053],[-5.50961,40.43742],[-5.50973,40.43677],[-5.51088,40.43516],[-5.5112,40.42987],[-5.51111,40.42803],[-5.50897,40.42506],[-5.50764,40.42376],[-5.50383,40.42157],[-5.50413,40.41968],[-5.50468,40.41824],[-5.50693,40.41455],[-5.5058,40.41189],[-5.50577,40.41112],[-5.50618,40.41037],[-5.50902,40.40738],[-5.5098,40.40727],[-5.51429,40.40189],[-5.51617,40.40067],[-5.52121,40.39646],[-5.52482,40.3911],[-5.52546,40.38969],[-5.52546,40.38886],[-5.52513,40.38811],[-5.52414,40.38701],[-5.52044,40.38456],[-5.51956,40.38347],[-5.51834,40.37281],[-5.51841,40.37157]]]]}},{"type":"Feature","properties":{"COD_POSTAL":"05113"},"geometry":{"type":"Polygon","coordinates":[[[-4.79129,40.43292],[-4.79261,40.43157],[-4.79555,40.43286],[-4.79633,40.43395],[-4.80081,40.43406],[-4.8013,40.43464],[-4.80418,40.43493],[-4.80793,40.43465],[-4.80724,40.43351],[-4.80694,40.43189],[-4.80769,40.42816],[-4.81093,40.42742],[-4.81091,40.42658],[-4.81231,40.42642],[-4.81345,40.42598],[-4.81359,40.42651],[-4.81406,40.42652],[-4.81786,40.42074],[-4.82425,40.41877],[-4.82867,40.41911],[-4.82736,40.41807],[-4.82675,40.41606],[-4.82434,40.41451],[-4.82407,40.41351],[-4.82431,40.41316],[-4.81779,40.41193],[-4.81752,40.41155],[-4.81354,40.40322],[-4.81325,40.39989],[-4.81241,40.39892],[-4.81116,40.39599],[-4.80941,40.38995],[-4.80358,40.38205],[-4.80215,40.37974],[-4.8002,40.37811],[-4.8006,40.37565],[-4.80044,40.37286],[-4.79903,40.37072],[-4.79849,40.36917],[-4.79849,40.36808],[-4.79717,40.3674],[-4.79774,40.36587],[-4.79762,40.36552],[-4.79797,40.36511],[-4.79768,40.36388],[-4.79788,40.36358],[-4.79886,40.36346],[-4.79919,40.36319],[-4.80129,40.36096],[-4.80058,40.3593],[-4.80061,40.35858],[-4.79966,40.35736],[-4.80006,40.35633],[-4.79976,40.35564],[-4.80003,40.35477],[-4.79926,40.35157],[-4.80101,40.34946],[-4.79993,40.34747],[-4.80713,40.33924],[-4.81025,40.33708],[-4.81256,40.33165],[-4.81178,40.33122],[-4.80746,40.33029],[-4.80414,40.32788],[-4.80426,40.32816],[-4.80378,40.32875],[-4.80066,40.3303],[-4.79739,40.33052],[-4.78914,40.33244],[-4.78798,40.33355],[-4.78629,40.33679],[-4.78084,40.34068],[-4.77463,40.34222],[-4.76689,40.34762],[-4.76604,40.34781],[-4.76376,40.34896],[-4.7582,40.34824],[-4.75633,40.34858],[-4.75347,40.34851],[-4.74991,40.34928],[-4.74914,40.34912],[-4.7463,40.34988],[-4.7447,40.34957],[-4.73696,40.3507],[-4.73473,40.35051],[-4.73234,40.35178],[-4.73126,40.35285],[-4.72874,40.35584],[-4.72763,40.3576],[-4.72923,40.36142],[-4.73371,40.36172],[-4.74524,40.36944],[-4.74863,40.37215],[-4.74991,40.37407],[-4.75083,40.37411],[-4.75112,40.37511],[-4.75057,40.37617],[-4.7514,40.37744],[-4.75115,40.37933],[-4.75203,40.38011],[-4.75142,40.38092],[-4.75191,40.3818],[-4.75205,40.3831],[-4.75155,40.38419],[-4.75189,40.38605],[-4.7515,40.38753],[-4.75162,40.38885],[-4.75237,40.38985],[-4.75308,40.39142],[-4.75184,40.39422],[-4.75178,40.39578],[-4.75091,40.39694],[-4.74995,40.39941],[-4.75011,40.40046],[-4.75079,40.40098],[-4.75159,40.40207],[-4.75277,40.40263],[-4.7536,40.40391],[-4.75248,40.4053],[-4.7513,40.406],[-4.74474,40.40676],[-4.74503,40.40962],[-4.74543,40.41049],[-4.74446,40.41227],[-4.74458,40.41362],[-4.74489,40.41418],[-4.74439,40.415],[-4.74455,40.41584],[-4.74527,40.41644],[-4.74427,40.41745],[-4.74347,40.41962],[-4.74231,40.42087],[-4.74178,40.42417],[-4.74056,40.42667],[-4.74124,40.42895],[-4.74194,40.42959],[-4.74187,40.43009],[-4.74054,40.43128],[-4.74039,40.43211],[-4.76102,40.43325],[-4.76678,40.43292],[-4.76925,40.43354],[-4.77978,40.43163],[-4.78813,40.43299],[-4.79052,40.43369],[-4.79143,40.43342],[-4.79129,40.43292]]]}},{"type":"Feature","properties":{"COD_POSTAL":"05610"},"geometry":{"type":"Polygon","coordinates":[[[-5.62533,40.42508],[-5.63498,40.42534],[-5.63967,40.42478],[-5.64355,40.42226],[-5.6442,40.42063],[-5.64256,40.4164],[-5.64366,40.41422],[-5.65052,40.41257],[-5.65211,40.41195],[-5.65297,40.41128],[-5.65285,40.4094],[-5.65322,40.40625],[-5.65446,40.40141],[-5.6548,40.39373],[-5.65985,40.3845],[-5.66203,40.37982],[-5.66529,40.37371],[-5.66964,40.36025],[-5.67069,40.35532],[-5.6722,40.35142],[-5.67303,40.34853],[-5.67234,40.34806],[-5.67139,40.34761],[-5.66961,40.34771],[-5.66498,40.34906],[-5.66331,40.35012],[-5.66185,40.3515],[-5.65854,40.35347],[-5.65458,40.35667],[-5.65197,40.35784],[-5.64966,40.35824],[-5.64715,40.35831],[-5.64218,40.35774],[-5.64042,40.3578],[-5.6355,40.35894],[-5.62888,40.3611],[-5.622,40.39277],[-5.6155,40.41065],[-5.61829,40.41254],[-5.6203,40.41335],[-5.62078,40.41395],[-5.62253,40.41769],[-5.62274,40.42513],[-5.62533,40.42508]]]}},{"type":"Feature","properties":{"COD_POSTAL":"05571"},"geometry":{"type":"Polygon","coordinates":[[[-5.13557,40.47509],[-5.13386,40.47594],[-5.1323,40.47574],[-5.13116,40.47519],[-5.12833,40.47457],[-5.1232,40.47492],[-5.11971,40.4746],[-5.11549,40.47501],[-5.10901,40.47657],[-5.103,40.47532],[-5.09742,40.47356],[-5.09327,40.4711],[-5.09157,40.47213],[-5.08509,40.47435],[-5.08148,40.4751],[-5.07774,40.47662],[-5.07459,40.47733],[-5.0702,40.49066],[-5.07309,40.49223],[-5.07369,40.49281],[-5.07776,40.49781],[-5.07859,40.49929],[-5.08646,40.49981],[-5.09171,40.50054],[-5.09968,40.50122],[-5.10629,40.50936],[-5.10809,40.51087],[-5.10824,40.5141],[-5.10915,40.51668],[-5.11267,40.51823],[-5.11545,40.52034],[-5.1162,40.52057],[-5.12069,40.52023],[-5.12317,40.52183],[-5.12545,40.52281],[-5.12834,40.52308],[-5.13186,40.52302],[-5.13735,40.52355],[-5.13945,40.52238],[-5.14178,40.52189],[-5.14869,40.52088],[-5.15039,40.52114],[-5.15458,40.52086],[-5.15774,40.51981],[-5.15988,40.5188],[-5.16202,40.51879],[-5.16284,40.51853],[-5.16414,40.51916],[-5.16475,40.51994],[-5.16621,40.52086],[-5.1672,40.52195],[-5.16743,40.52256],[-5.16721,40.52356],[-5.16682,40.52419],[-5.16581,40.52495],[-5.16379,40.52826],[-5.16087,40.53095],[-5.15964,40.53263],[-5.15973,40.53441],[-5.16178,40.54132],[-5.16373,40.54434],[-5.16531,40.54863],[-5.1682,40.55001],[-5.17074,40.55264],[-5.17994,40.55212],[-5.18128,40.55068],[-5.18622,40.55095],[-5.19006,40.55447],[-5.19898,40.55534],[-5.20562,40.55702],[-5.21156,40.55811],[-5.21721,40.56031],[-5.21784,40.56743],[-5.21981,40.56826],[-5.23952,40.53638],[-5.23561,40.51955],[-5.29083,40.51431],[-5.28855,40.51326],[-5.28604,40.51248],[-5.28679,40.50989],[-5.28842,40.50799],[-5.28962,40.50523],[-5.28954,40.50195],[-5.28759,40.49852],[-5.28486,40.49852],[-5.28408,40.49835],[-5.2829,40.49754],[-5.28139,40.49873],[-5.27885,40.49881],[-5.2772,40.49972],[-5.27588,40.49996],[-5.27482,40.49984],[-5.27191,40.50018],[-5.27051,40.50079],[-5.26852,40.50074],[-5.26713,40.50101],[-5.2667,40.50103],[-5.26564,40.50046],[-5.26333,40.50116],[-5.26215,40.50104],[-5.26058,40.50183],[-5.25921,40.50217],[-5.25852,40.5022],[-5.25688,40.50171],[-5.25507,40.50198],[-5.25431,40.50163],[-5.25407,40.50023],[-5.2547,40.49809],[-5.25551,40.49327],[-5.23973,40.49455],[-5.2397,40.49126],[-5.23926,40.4888],[-5.23872,40.48757],[-5.23785,40.48636],[-5.23194,40.4791],[-5.23096,40.47359],[-5.22849,40.47158],[-5.22832,40.47062],[-5.22641,40.46923],[-5.22201,40.46707],[-5.21928,40.46487],[-5.21844,40.46299],[-5.21562,40.46087],[-5.21089,40.45671],[-5.20803,40.4547],[-5.20338,40.45449],[-5.19972,40.45548],[-5.1982,40.45629],[-5.19506,40.46043],[-5.19247,40.46157],[-5.18644,40.45938],[-5.18178,40.45516],[-5.17189,40.45679],[-5.16732,40.45536],[-5.16054,40.456],[-5.14898,40.45771],[-5.14495,40.4619],[-5.14379,40.46165],[-5.14204,40.46227],[-5.13859,40.46785],[-5.13845,40.46921],[-5.13783,40.47092],[-5.13581,40.47488],[-5.13557,40.47509]]]}},{"type":"Feature","properties":{"COD_POSTAL":"05153"},"geometry":{"type":"Polygon","coordinates":[[[-5.35939,40.49931],[-5.36659,40.49821],[-5.36706,40.49434],[-5.36737,40.49365],[-5.36918,40.49168],[-5.36784,40.49188],[-5.3668,40.49141],[-5.3657,40.49159],[-5.36382,40.49096],[-5.3607,40.49093],[-5.35781,40.48992],[-5.35617,40.49041],[-5.35302,40.4901],[-5.35184,40.49023],[-5.34937,40.48929],[-5.34641,40.4891],[-5.34436,40.48871],[-5.33976,40.489],[-5.33585,40.49144],[-5.33048,40.49866],[-5.32945,40.50394],[-5.32902,40.50863],[-5.32927,40.51075],[-5.32981,40.51208],[-5.33108,40.51724],[-5.3302,40.5181],[-5.30935,40.5186],[-5.3031,40.52044],[-5.30266,40.52275],[-5.30252,40.52656],[-5.30277,40.52771],[-5.30103,40.52947],[-5.2972,40.52957],[-5.29766,40.53197],[-5.29672,40.53462],[-5.29724,40.53708],[-5.2992,40.53705],[-5.29926,40.53779],[-5.30008,40.53909],[-5.30013,40.54087],[-5.29923,40.54303],[-5.29909,40.54479],[-5.30115,40.54554],[-5.30157,40.54591],[-5.30442,40.55088],[-5.30412,40.55542],[-5.30318,40.558],[-5.29997,40.56107],[-5.30051,40.56515],[-5.29987,40.56709],[-5.29891,40.56848],[-5.29714,40.56857],[-5.29671,40.56951],[-5.29568,40.56964],[-5.29532,40.57229],[-5.29497,40.57292],[-5.29215,40.57626],[-5.29007,40.57967],[-5.2859,40.58375],[-5.28518,40.58356],[-5.2835,40.5918],[-5.28782,40.5953],[-5.28874,40.59447],[-5.28974,40.59172],[-5.29455,40.58263],[-5.29617,40.57488],[-5.29811,40.57266],[-5.29991,40.57106],[-5.30836,40.56821],[-5.30961,40.56801],[-5.31312,40.5683],[-5.31766,40.56748],[-5.32209,40.57067],[-5.32391,40.57313],[-5.32647,40.57388],[-5.32815,40.57525],[-5.33816,40.57231],[-5.34085,40.57373],[-5.34471,40.57639],[-5.35204,40.58309],[-5.35456,40.58574],[-5.3568,40.58863],[-5.35796,40.59074],[-5.35841,40.59458],[-5.36364,40.59936],[-5.36343,40.60056],[-5.36526,40.60163],[-5.36603,40.60272],[-5.36802,40.60455],[-5.37113,40.60645],[-5.37249,40.60361],[-5.37667,40.60296],[-5.38119,40.60651],[-5.38236,40.60639],[-5.38447,40.60786],[-5.38685,40.61037],[-5.38937,40.61049],[-5.39172,40.60968],[-5.39332,40.61045],[-5.39677,40.6142],[-5.39782,40.61369],[-5.39825,40.61212],[-5.3994,40.61152],[-5.40094,40.61124],[-5.40175,40.61053],[-5.40208,40.60946],[-5.40299,40.60882],[-5.40437,40.60846],[-5.40738,40.60992],[-5.40862,40.60893],[-5.4064,40.60728],[-5.40401,40.60474],[-5.4022,40.60333],[-5.39815,40.59876],[-5.4015,40.59742],[-5.40632,40.59672],[-5.41,40.59441],[-5.4119,40.59402],[-5.41403,40.59421],[-5.4149,40.59289],[-5.41389,40.5902],[-5.41312,40.5904],[-5.41183,40.58942],[-5.41064,40.58538],[-5.41244,40.5836],[-5.41253,40.58294],[-5.41562,40.58236],[-5.41501,40.58172],[-5.40923,40.57946],[-5.40824,40.57861],[-5.4081,40.57762],[-5.40048,40.57367],[-5.39356,40.5669],[-5.38834,40.56563],[-5.37832,40.56266],[-5.37689,40.56156],[-5.37718,40.56117],[-5.37584,40.55796],[-5.37559,40.55173],[-5.37526,40.54993],[-5.37467,40.54811],[-5.37345,40.54637],[-5.37078,40.54107],[-5.36943,40.53484],[-5.3712,40.53111],[-5.36734,40.52991],[-5.36879,40.52773],[-5.37275,40.5238],[-5.37448,40.51967],[-5.37954,40.51005],[-5.38143,40.50578],[-5.36466,40.50554],[-5.3647,40.5046],[-5.36277,40.50438],[-5.35858,40.50431],[-5.35353,40.50466],[-5.35283,40.50421],[-5.35274,40.50205],[-5.35196,40.49967],[-5.35442,40.4995],[-5.35939,40.49931]]]}},{"type":"Feature","properties":{"COD_POSTAL":"05112"},"geometry":{"type":"Polygon","coordinates":[[[-4.63946,40.45303],[-4.65184,40.47447],[-4.70562,40.4388],[-4.70388,40.43775],[-4.70302,40.43755],[-4.70127,40.4353],[-4.6976,40.43308],[-4.69313,40.43367],[-4.68591,40.43303],[-4.68401,40.43363],[-4.68016,40.43402],[-4.66541,40.42901],[-4.66253,40.42602],[-4.66143,40.42551],[-4.6608,40.42311],[-4.6616,40.42144],[-4.65958,40.41868],[-4.66032,40.41743],[-4.6607,40.41595],[-4.65956,40.41586],[-4.65764,40.41495],[-4.65555,40.41474],[-4.65166,40.41723],[-4.65066,40.41751],[-4.6465,40.41717],[-4.64422,40.4167],[-4.64332,40.41525],[-4.64292,40.41384],[-4.64311,40.4075],[-4.64416,40.40716],[-4.64445,40.39624],[-4.64367,40.39614],[-4.64233,40.39677],[-4.63895,40.39718],[-4.63709,40.3981],[-4.63347,40.39886],[-4.62763,40.4011],[-4.6241,40.40197],[-4.62296,40.40249],[-4.62153,40.40363],[-4.62102,40.40553],[-4.62177,40.40783],[-4.6215,40.40931],[-4.62196,40.41029],[-4.62227,40.41193],[-4.62384,40.41559],[-4.62543,40.41694],[-4.62638,40.41961],[-4.62422,40.42065],[-4.6218,40.42119],[-4.63834,40.45101],[-4.63946,40.45303]]]}},{"type":"Feature","properties":{"COD_POSTAL":"05692"},"geometry":{"type":"Polygon","coordinates":[[[-5.56367,40.37798],[-5.5605,40.37774],[-5.55371,40.37516],[-5.55229,40.37349],[-5.55065,40.37213],[-5.5468,40.36981],[-5.54394,40.37018],[-5.53822,40.37007],[-5.53004,40.37103],[-5.52729,40.37023],[-5.51841,40.37157],[-5.51834,40.37281],[-5.51956,40.38347],[-5.52044,40.38456],[-5.52414,40.38701],[-5.52513,40.38811],[-5.52546,40.38886],[-5.52546,40.38969],[-5.52482,40.3911],[-5.52121,40.39646],[-5.51617,40.40067],[-5.51429,40.40189],[-5.5098,40.40727],[-5.50902,40.40738],[-5.50618,40.41037],[-5.50577,40.41112],[-5.5058,40.41189],[-5.50693,40.41455],[-5.50468,40.41824],[-5.50413,40.41968],[-5.50383,40.42157],[-5.504,40.42183],[-5.50591,40.42266],[-5.50764,40.42376],[-5.50897,40.42506],[-5.51111,40.42803],[-5.51147,40.42629],[-5.51257,40.42452],[-5.51359,40.42376],[-5.51486,40.42339],[-5.517,40.42332],[-5.52228,40.4238],[-5.52431,40.42333],[-5.52593,40.42236],[-5.52885,40.4224],[-5.5322,40.42303],[-5.53423,40.42259],[-5.53632,40.42379],[-5.53895,40.42449],[-5.54399,40.4232],[-5.54768,40.42284],[-5.54478,40.41665],[-5.54772,40.40892],[-5.54975,40.40465],[-5.55668,40.39283],[-5.55868,40.39127],[-5.56509,40.38516],[-5.56646,40.3842],[-5.57217,40.37911],[-5.57,40.37864],[-5.56367,40.37798]]]}},{"type":"Feature","properties":{"COD_POSTAL":"05268"},"geometry":{"type":"Polygon","coordinates":[[[-4.56269,40.52123],[-4.56257,40.52228],[-4.56144,40.52366],[-4.56213,40.52507],[-4.56184,40.52617],[-4.56002,40.52898],[-4.56039,40.53035],[-4.56006,40.53193],[-4.5595,40.53317],[-4.55998,40.53428],[-4.56016,40.53681],[-4.55784,40.53799],[-4.55965,40.54068],[-4.55933,40.54284],[-4.55967,40.54443],[-4.55902,40.54634],[-4.56027,40.54975],[-4.55977,40.55128],[-4.55992,40.55362],[-4.55753,40.5539],[-4.55402,40.55532],[-4.54437,40.55834],[-4.54073,40.56146],[-4.53496,40.56087],[-4.53293,40.56162],[-4.53106,40.56191],[-4.52787,40.56184],[-4.52662,40.5626],[-4.52158,40.56467],[-4.55415,40.60952],[-4.55926,40.61052],[-4.56237,40.61012],[-4.56385,40.60915],[-4.56868,40.60992],[-4.57025,40.60907],[-4.57107,40.60749],[-4.57463,40.60474],[-4.57695,40.60466],[-4.57917,40.60235],[-4.57921,40.59939],[-4.5784,40.59741],[-4.57927,40.59582],[-4.57939,40.59401],[-4.58037,40.59294],[-4.58232,40.59314],[-4.58384,40.59233],[-4.58476,40.59061],[-4.58678,40.58972],[-4.58856,40.58793],[-4.59673,40.58375],[-4.60064,40.58283],[-4.60054,40.5789],[-4.60138,40.5767],[-4.6029,40.57394],[-4.60176,40.57073],[-4.60171,40.56796],[-4.60212,40.56709],[-4.60995,40.56453],[-4.61324,40.56395],[-4.61648,40.56222],[-4.6178,40.56062],[-4.62284,40.55564],[-4.62522,40.55348],[-4.62675,40.55273],[-4.62927,40.55005],[-4.63462,40.5502],[-4.636,40.54964],[-4.63703,40.54298],[-4.64609,40.52888],[-4.64228,40.52229],[-4.64132,40.52199],[-4.64126,40.51637],[-4.63299,40.50431],[-4.62533,40.50364],[-4.62099,40.50411],[-4.6149,40.50522],[-4.61364,40.50435],[-4.60915,40.50025],[-4.60817,40.49971],[-4.60134,40.50026],[-4.59826,40.50082],[-4.5943,40.50053],[-4.58776,40.4996],[-4.58086,40.50287],[-4.57917,40.50507],[-4.57249,40.50544],[-4.56804,40.50321],[-4.56529,40.49807],[-4.56545,40.49918],[-4.56491,40.50023],[-4.56593,40.50303],[-4.5659,40.50361],[-4.56557,40.50428],[-4.56309,40.50605],[-4.5625,40.50676],[-4.56295,40.50753],[-4.5632,40.51165],[-4.56314,40.5154],[-4.56283,40.51622],[-4.56298,40.51848],[-4.56245,40.52056],[-4.56269,40.52123]]]}},{"type":"Feature","properties":{"COD_POSTAL":"05123"},"geometry":{"type":"Polygon","coordinates":[[[-4.95247,40.4183],[-4.95231,40.4191],[-4.9525,40.42031],[-4.95312,40.422],[-4.95406,40.42293],[-4.95513,40.42658],[-4.95453,40.4277],[-4.95453,40.4312],[-4.95586,40.43213],[-4.96162,40.43314],[-4.96355,40.43416],[-4.96694,40.4336],[-4.96181,40.44016],[-4.96467,40.44478],[-4.97038,40.44563],[-4.97251,40.44627],[-4.97482,40.44663],[-4.97528,40.44946],[-4.97589,40.45013],[-4.97913,40.45188],[-4.98326,40.4534],[-4.98419,40.45351],[-4.98565,40.45321],[-4.98665,40.45278],[-4.98673,40.45252],[-4.98839,40.45207],[-4.98907,40.45094],[-4.98952,40.45093],[-4.98935,40.4502],[-4.98946,40.4498],[-4.98978,40.44987],[-4.9898,40.44896],[-4.99234,40.44879],[-4.99263,40.44893],[-4.99248,40.44914],[-4.99423,40.44919],[-4.99417,40.44854],[-4.99478,40.44751],[-4.99454,40.44732],[-4.99481,40.44665],[-4.99488,40.44541],[-4.99614,40.44529],[-4.99559,40.44449],[-4.99534,40.44345],[-4.99559,40.44311],[-4.99654,40.44287],[-4.99655,40.44234],[-4.99707,40.44203],[-4.99738,40.44145],[-4.99677,40.44089],[-4.99691,40.44048],[-4.99763,40.44031],[-4.99944,40.44078],[-5.0009,40.44061],[-5.00193,40.44022],[-5.00278,40.43928],[-5.00331,40.43903],[-5.00403,40.43965],[-5.00479,40.43995],[-5.00589,40.44006],[-5.00789,40.43981],[-5.00961,40.43836],[-5.01001,40.43757],[-5.01149,40.43625],[-5.01378,40.43636],[-5.01441,40.43613],[-5.01464,40.43415],[-5.01545,40.4336],[-5.01535,40.43319],[-5.01729,40.43302],[-5.01878,40.43239],[-5.01847,40.43031],[-5.01962,40.42971],[-5.02002,40.42857],[-5.02099,40.42822],[-5.0231,40.42827],[-5.02482,40.42785],[-5.02807,40.42813],[-5.02872,40.42798],[-5.02923,40.42693],[-5.03163,40.42559],[-5.03282,40.42449],[-5.03309,40.42371],[-5.03307,40.42263],[-5.03484,40.41886],[-5.03649,40.41913],[-5.03483,40.41596],[-5.03493,40.41574],[-5.03556,40.41535],[-5.03766,40.41579],[-5.03948,40.4148],[-5.03834,40.41395],[-5.03769,40.41296],[-5.0373,40.41274],[-5.03329,40.41153],[-5.03258,40.409],[-5.03119,40.40778],[-5.03095,40.40724],[-5.0312,40.40634],[-5.03004,40.40553],[-5.02829,40.40228],[-5.02748,40.40167],[-5.02716,40.40109],[-5.02613,40.40063],[-5.02586,40.39916],[-5.02415,40.39655],[-5.02451,40.39529],[-5.02435,40.39483],[-5.02345,40.39494],[-5.02296,40.39399],[-5.02157,40.39232],[-5.02005,40.39243],[-5.0202,40.39096],[-5.0207,40.38978],[-5.02063,40.38801],[-5.01953,40.38694],[-5.01957,40.38441],[-5.01887,40.38082],[-5.01791,40.37963],[-5.01777,40.37886],[-5.01669,40.37721],[-5.01692,40.37675],[-5.01777,40.37644],[-5.01786,40.37619],[-5.01713,40.37499],[-5.01689,40.37398],[-5.01705,40.37346],[-5.01644,40.37291],[-5.01557,40.36967],[-5.00971,40.37079],[-5.00649,40.37267],[-5.00318,40.37184],[-4.99698,40.37246],[-4.99237,40.37011],[-4.9816,40.36583],[-4.97894,40.36364],[-4.97222,40.35937],[-4.9661,40.35744],[-4.95304,40.35461],[-4.94955,40.35428],[-4.94757,40.35462],[-4.94598,40.35437],[-4.94363,40.35515],[-4.93825,40.35547],[-4.93566,40.35502],[-4.92911,40.35501],[-4.92449,40.35436],[-4.92361,40.36151],[-4.91715,40.36955],[-4.9133,40.37318],[-4.91162,40.37412],[-4.9037,40.38107],[-4.90336,40.38178],[-4.90259,40.38731],[-4.89924,40.38674],[-4.89505,40.38779],[-4.89319,40.3893],[-4.89167,40.3916],[-4.89098,40.39208],[-4.88071,40.38951],[-4.87913,40.38932],[-4.87773,40.38945],[-4.87639,40.39067],[-4.87539,40.39098],[-4.87442,40.39107],[-4.87112,40.39053],[-4.86999,40.39061],[-4.86485,40.39228],[-4.86369,40.39214],[-4.86203,40.39047],[-4.85851,40.39063],[-4.8575,40.39093],[-4.85679,40.3923],[-4.8557,40.39372],[-4.85434,40.39486],[-4.85351,40.3963],[-4.85745,40.39671],[-4.85969,40.39621],[-4.86234,40.39703],[-4.86464,40.39843],[-4.86976,40.3985],[-4.87446,40.40032],[-4.87531,40.40004],[-4.87569,40.40052],[-4.87596,40.40023],[-4.87624,40.40045],[-4.87648,40.40011],[-4.87767,40.4008],[-4.87773,40.40006],[-4.87741,40.39968],[-4.8762,40.39909],[-4.87578,40.39854],[-4.87579,40.39766],[-4.87602,40.39736],[-4.87795,40.39664],[-4.87819,40.39548],[-4.87918,40.39339],[-4.88287,40.39223],[-4.89077,40.39567],[-4.89035,40.39683],[-4.89072,40.39754],[-4.89104,40.40265],[-4.89259,40.40801],[-4.89406,40.41052],[-4.89527,40.41188],[-4.90193,40.41054],[-4.90433,40.41438],[-4.906,40.41614],[-4.91021,40.41683],[-4.91343,40.41792],[-4.91574,40.41816],[-4.91843,40.41799],[-4.92286,40.41844],[-4.94709,40.41839],[-4.95247,40.4183]]]}},{"type":"Feature","properties":{"COD_POSTAL":"05152"},"geometry":{"type":"Polygon","coordinates":[[[-5.36932,40.64066],[-5.37193,40.64774],[-5.3726,40.64739],[-5.37322,40.64666],[-5.37426,40.64628],[-5.37483,40.64663],[-5.376,40.64646],[-5.37759,40.64496],[-5.37842,40.64549],[-5.37775,40.64432],[-5.37317,40.63881],[-5.37519,40.6377],[-5.37567,40.63558],[-5.3809,40.63249],[-5.3804,40.63164],[-5.38175,40.63069],[-5.37946,40.62933],[-5.37918,40.6272],[-5.38066,40.6265],[-5.38164,40.62456],[-5.38295,40.62076],[-5.38446,40.62202],[-5.38572,40.62042],[-5.38661,40.61975],[-5.39245,40.61885],[-5.39353,40.61829],[-5.39565,40.6164],[-5.39587,40.61542],[-5.39677,40.6142],[-5.39332,40.61045],[-5.39172,40.60968],[-5.38937,40.61049],[-5.38685,40.61037],[-5.38447,40.60786],[-5.38236,40.60639],[-5.38119,40.60651],[-5.37667,40.60296],[-5.37249,40.60361],[-5.36954,40.6091],[-5.36932,40.64066]]]}},{"type":"Feature","properties":{"COD_POSTAL":"05150"},"geometry":{"type":"Polygon","coordinates":[[[-5.2998,40.64852],[-5.29935,40.64514],[-5.2984,40.644],[-5.29744,40.6435],[-5.29606,40.64155],[-5.29527,40.64103],[-5.29524,40.64008],[-5.29433,40.64024],[-5.29221,40.63941],[-5.28988,40.63886],[-5.2893,40.63892],[-5.28839,40.63828],[-5.28584,40.63911],[-5.28359,40.64037],[-5.28253,40.64047],[-5.28014,40.63986],[-5.2792,40.63909],[-5.27864,40.63645],[-5.27914,40.63516],[-5.27784,40.63361],[-5.27739,40.63135],[-5.27803,40.62888],[-5.28135,40.6219],[-5.27936,40.61357],[-5.27405,40.61396],[-5.27609,40.61933],[-5.27435,40.62177],[-5.27225,40.62412],[-5.26971,40.62505],[-5.26773,40.62548],[-5.2626,40.62587],[-5.2589,40.62563],[-5.25415,40.62445],[-5.25248,40.6224],[-5.25128,40.62157],[-5.24621,40.62083],[-5.24357,40.62173],[-5.23745,40.62255],[-5.23237,40.62255],[-5.23229,40.62549],[-5.2332,40.6274],[-5.2372,40.63248],[-5.23958,40.63442],[-5.24115,40.63541],[-5.24339,40.63633],[-5.24855,40.63673],[-5.25793,40.63975],[-5.26062,40.6398],[-5.26315,40.64238],[-5.26079,40.64414],[-5.25766,40.64532],[-5.25706,40.64652],[-5.25714,40.64855],[-5.25564,40.65299],[-5.25554,40.65405],[-5.25632,40.65643],[-5.25631,40.65708],[-5.25122,40.66137],[-5.24725,40.664],[-5.24409,40.66688],[-5.24372,40.6674],[-5.24322,40.67007],[-5.24049,40.67391],[-5.23574,40.67569],[-5.23128,40.67608],[-5.23285,40.67835],[-5.23464,40.6822],[-5.23801,40.68788],[-5.23832,40.68877],[-5.24076,40.69166],[-5.24111,40.69259],[-5.2414,40.69573],[-5.24241,40.7013],[-5.24244,40.70275],[-5.244,40.7048],[-5.24453,40.7074],[-5.24704,40.71145],[-5.24701,40.71202],[-5.24662,40.71274],[-5.24327,40.71704],[-5.24286,40.72078],[-5.24415,40.72168],[-5.24612,40.72259],[-5.25034,40.7259],[-5.25148,40.72772],[-5.2538,40.73428],[-5.2572,40.73633],[-5.25879,40.73483],[-5.25949,40.73269],[-5.26241,40.73045],[-5.26405,40.72928],[-5.26572,40.72852],[-5.27219,40.72603],[-5.27709,40.72378],[-5.27936,40.72018],[-5.2803,40.71953],[-5.28273,40.71868],[-5.28472,40.7167],[-5.28546,40.71624],[-5.28767,40.7155],[-5.28973,40.71428],[-5.29203,40.71093],[-5.29284,40.71027],[-5.29791,40.70922],[-5.3006,40.70841],[-5.3027,40.7067],[-5.30602,40.70655],[-5.30762,40.7058],[-5.30718,40.70506],[-5.30688,40.70253],[-5.30606,40.70181],[-5.30579,40.7001],[-5.30776,40.6977],[-5.30786,40.69503],[-5.30656,40.6926],[-5.30761,40.68827],[-5.30677,40.6867],[-5.30628,40.68459],[-5.30464,40.68378],[-5.30442,40.68223],[-5.30237,40.67647],[-5.30409,40.67155],[-5.30231,40.66936],[-5.30158,40.66693],[-5.30225,40.66513],[-5.30172,40.66437],[-5.30539,40.6611],[-5.3066,40.66048],[-5.30593,40.65975],[-5.30245,40.65743],[-5.29862,40.6563],[-5.29585,40.6566],[-5.29513,40.65405],[-5.29879,40.65112],[-5.30099,40.64988],[-5.2998,40.64852]]]}},{"type":"Feature","properties":{"COD_POSTAL":"05270"},"geometry":{"type":"Polygon","coordinates":[[[-4.46576,40.40812],[-4.4648,40.42205],[-4.46511,40.42292],[-4.46598,40.42375],[-4.46657,40.42398],[-4.46787,40.42393],[-4.46961,40.42349],[-4.47077,40.42355],[-4.47259,40.42426],[-4.47453,40.4256],[-4.47712,40.42447],[-4.47813,40.42433],[-4.4844,40.4263],[-4.48638,40.42656],[-4.48718,40.42646],[-4.48901,40.42548],[-4.48992,40.42532],[-4.49039,40.4255],[-4.49081,40.42611],[-4.49155,40.42795],[-4.49242,40.42854],[-4.49301,40.42861],[-4.50036,40.4272],[-4.50324,40.42773],[-4.50384,40.42872],[-4.50536,40.43022],[-4.50558,40.43099],[-4.50549,40.43183],[-4.51195,40.43418],[-4.51291,40.43233],[-4.5137,40.43249],[-4.51435,40.43203],[-4.51592,40.43204],[-4.51645,40.43168],[-4.51607,40.42383],[-4.51939,40.4187],[-4.51478,40.41117],[-4.49953,40.40053],[-4.47867,40.39995],[-4.46563,40.40781],[-4.46576,40.40812]]]}},{"type":"Feature","properties":{"COD_POSTAL":"05003"},"geometry":{"type":"Polygon","coordinates":[[[-4.6821,40.65404],[-4.68483,40.65401],[-4.6869,40.65356],[-4.691,40.65412],[-4.69378,40.65405],[-4.69269,40.65303],[-4.6947,40.65311],[-4.69461,40.65364],[-4.69482,40.65363],[-4.69502,40.65315],[-4.69582,40.65352],[-4.69634,40.65329],[-4.69653,40.65264],[-4.69707,40.65273],[-4.69657,40.65252],[-4.69738,40.65117],[-4.69788,40.64834],[-4.6985,40.64849],[-4.69853,40.64833],[-4.69743,40.64809],[-4.69746,40.64789],[-4.69801,40.64813],[-4.69829,40.64794],[-4.69939,40.64808],[-4.69942,40.64783],[-4.69829,40.64754],[-4.69743,40.64652],[-4.69556,40.64605],[-4.69343,40.64489],[-4.69724,40.64528],[-4.69735,40.64368],[-4.69707,40.64288],[-4.69561,40.64129],[-4.6873,40.64144],[-4.68667,40.64229],[-4.68574,40.64211],[-4.68557,40.64177],[-4.68597,40.64085],[-4.68583,40.64033],[-4.68451,40.64019],[-4.68436,40.63957],[-4.68338,40.63897],[-4.68279,40.63939],[-4.68198,40.63921],[-4.68143,40.63941],[-4.67965,40.63853],[-4.67871,40.63859],[-4.67695,40.63915],[-4.67636,40.63888],[-4.67524,40.63894],[-4.67386,40.63847],[-4.6725,40.63832],[-4.67166,40.63879],[-4.67095,40.6388],[-4.66962,40.63997],[-4.66753,40.63881],[-4.664,40.63822],[-4.66112,40.63702],[-4.65855,40.63632],[-4.65685,40.63545],[-4.6537,40.63447],[-4.65308,40.63381],[-4.65261,40.63264],[-4.6496,40.63396],[-4.64767,40.63447],[-4.64727,40.63467],[-4.64696,40.63548],[-4.64575,40.63569],[-4.65865,40.64239],[-4.66979,40.65095],[-4.6733,40.6522],[-4.67843,40.65304],[-4.67974,40.65304],[-4.68196,40.65436],[-4.6821,40.65404]]]}},{"type":"Feature","properties":{"COD_POSTAL":"05694"},"geometry":{"type":"Polygon","coordinates":[[[-5.62888,40.3611],[-5.62459,40.36304],[-5.62284,40.36429],[-5.6162,40.36561],[-5.60939,40.36763],[-5.60812,40.36825],[-5.60166,40.37218],[-5.6006,40.37307],[-5.59413,40.38021],[-5.58987,40.37987],[-5.57529,40.38014],[-5.57217,40.37911],[-5.57167,40.37942],[-5.55629,40.39327],[-5.54975,40.40465],[-5.54772,40.40892],[-5.54478,40.41665],[-5.54768,40.42284],[-5.54475,40.4231],[-5.54738,40.42656],[-5.55329,40.43262],[-5.56043,40.43832],[-5.56252,40.43974],[-5.56531,40.44116],[-5.57322,40.4435],[-5.5746,40.44425],[-5.57316,40.44808],[-5.57396,40.44836],[-5.57638,40.44295],[-5.57603,40.44027],[-5.57617,40.4322],[-5.57673,40.42876],[-5.57576,40.42707],[-5.57563,40.42646],[-5.57592,40.42471],[-5.57562,40.4242],[-5.57856,40.4208],[-5.58052,40.41611],[-5.58111,40.41377],[-5.57983,40.41232],[-5.57932,40.41041],[-5.58058,40.40263],[-5.58133,40.39487],[-5.5831,40.39146],[-5.57926,40.39051],[-5.58295,40.38243],[-5.60005,40.39289],[-5.60633,40.40363],[-5.6155,40.41065],[-5.622,40.39277],[-5.62888,40.3611]]]}},{"type":"Feature","properties":{"COD_POSTAL":"05516"},"geometry":{"type":"Polygon","coordinates":[[[-5.38396,40.47045],[-5.37859,40.47168],[-5.3805,40.47468],[-5.3722,40.47745],[-5.36864,40.478],[-5.36575,40.48134],[-5.36318,40.48609],[-5.36289,40.48925],[-5.36308,40.491],[-5.36382,40.49096],[-5.3657,40.49159],[-5.3668,40.49141],[-5.36784,40.49188],[-5.36918,40.49168],[-5.36737,40.49365],[-5.36706,40.49434],[-5.36659,40.49821],[-5.35939,40.49931],[-5.35196,40.49967],[-5.35274,40.50205],[-5.35283,40.50421],[-5.35353,40.50466],[-5.35858,40.50431],[-5.36277,40.50438],[-5.3647,40.5046],[-5.36466,40.50554],[-5.38143,40.50578],[-5.38325,40.5014],[-5.38339,40.50026],[-5.38485,40.49723],[-5.38545,40.49453],[-5.38632,40.49393],[-5.38693,40.49045],[-5.38713,40.49026],[-5.39011,40.48933],[-5.39117,40.48871],[-5.39197,40.48778],[-5.39434,40.48605],[-5.39753,40.48587],[-5.39959,40.48457],[-5.40254,40.48433],[-5.40464,40.48312],[-5.40638,40.48281],[-5.40809,40.48176],[-5.41245,40.48209],[-5.41307,40.48196],[-5.41496,40.47957],[-5.41567,40.47912],[-5.41584,40.48052],[-5.41402,40.48822],[-5.42225,40.48685],[-5.43284,40.48552],[-5.43908,40.48521],[-5.4422,40.48543],[-5.44799,40.48527],[-5.45377,40.48471],[-5.4618,40.4851],[-5.46141,40.48415],[-5.46115,40.47973],[-5.46045,40.47404],[-5.46467,40.46943],[-5.46772,40.46709],[-5.46555,40.46591],[-5.46317,40.46617],[-5.45621,40.4651],[-5.45402,40.46522],[-5.45084,40.46571],[-5.44877,40.46651],[-5.44684,40.46801],[-5.44405,40.46873],[-5.44097,40.46869],[-5.43924,40.46827],[-5.4337,40.46919],[-5.43057,40.467],[-5.43157,40.46527],[-5.43307,40.46348],[-5.43445,40.46254],[-5.43626,40.46069],[-5.43769,40.45842],[-5.43705,40.45704],[-5.43483,40.45475],[-5.43393,40.45344],[-5.43286,40.45052],[-5.43248,40.44866],[-5.42968,40.44699],[-5.42808,40.44503],[-5.42758,40.44414],[-5.42732,40.44289],[-5.42755,40.44092],[-5.42481,40.44038],[-5.42375,40.43992],[-5.41842,40.4373],[-5.41053,40.43256],[-5.40434,40.43725],[-5.4029,40.4394],[-5.39742,40.44012],[-5.394,40.4444],[-5.39475,40.44683],[-5.39427,40.44789],[-5.39203,40.44729],[-5.3866,40.45587],[-5.38471,40.45991],[-5.38459,40.46225],[-5.38276,40.46631],[-5.38396,40.47045]]]}},{"type":"Feature","properties":{"COD_POSTAL":"05560"},"geometry":{"type":"Polygon","coordinates":[[[-5.07015,40.49036],[-5.07147,40.48723],[-5.07459,40.47733],[-5.06985,40.47772],[-5.0646,40.47926],[-5.05607,40.48066],[-5.04813,40.48141],[-5.03834,40.48695],[-5.0376,40.48706],[-5.03818,40.49181],[-5.03532,40.49563],[-5.02941,40.50036],[-5.02063,40.50605],[-5.02001,40.51007],[-5.02007,40.5127],[-5.01875,40.51757],[-5.01735,40.51844],[-5.01307,40.52011],[-5.01052,40.52156],[-5.00778,40.5223],[-5.00643,40.52334],[-5.00598,40.52406],[-5.00381,40.52612],[-5.00304,40.52711],[-5.00415,40.52799],[-5.00522,40.52819],[-5.00744,40.52795],[-5.00838,40.52888],[-5.00919,40.52932],[-5.01841,40.53257],[-5.01856,40.53335],[-5.01666,40.53505],[-5.01437,40.53829],[-5.01464,40.5395],[-5.01122,40.54355],[-5.01087,40.54472],[-5.0107,40.5499],[-5.01134,40.55115],[-5.00985,40.5514],[-5.00872,40.5523],[-5.00732,40.55358],[-5.00739,40.55534],[-5.00493,40.55653],[-5.00509,40.55722],[-5.00547,40.55736],[-5.00922,40.55819],[-5.0108,40.55877],[-5.01266,40.55868],[-5.01254,40.55911],[-5.01346,40.56125],[-5.00987,40.56137],[-5.01038,40.56406],[-5.01382,40.56692],[-5.01657,40.57002],[-5.02165,40.57347],[-5.02171,40.57479],[-5.03167,40.57278],[-5.03393,40.57259],[-5.04318,40.5735],[-5.04389,40.5771],[-5.04564,40.57825],[-5.04596,40.57949],[-5.0474,40.58092],[-5.04725,40.58174],[-5.0482,40.58256],[-5.05107,40.58357],[-5.05154,40.58425],[-5.05178,40.58626],[-5.05323,40.59],[-5.05385,40.59038],[-5.05513,40.5919],[-5.05635,40.59273],[-5.0571,40.59446],[-5.05718,40.59548],[-5.05972,40.59709],[-5.06499,40.59937],[-5.07173,40.60403],[-5.07456,40.60565],[-5.07517,40.60735],[-5.06975,40.61132],[-5.06909,40.6119],[-5.06893,40.61256],[-5.07105,40.61396],[-5.0809,40.61788],[-5.09561,40.62962],[-5.10631,40.62875],[-5.11209,40.63058],[-5.11474,40.64023],[-5.12253,40.65543],[-5.12861,40.6564],[-5.13244,40.65558],[-5.14172,40.65209],[-5.14302,40.65076],[-5.14476,40.64473],[-5.14578,40.64323],[-5.14676,40.64236],[-5.15041,40.64023],[-5.15144,40.63877],[-5.15333,40.63678],[-5.15573,40.6349],[-5.15986,40.63241],[-5.16641,40.63072],[-5.16991,40.63019],[-5.17361,40.62929],[-5.18154,40.62693],[-5.18633,40.62599],[-5.18841,40.6258],[-5.1889,40.62427],[-5.18767,40.61953],[-5.18685,40.61823],[-5.18411,40.61723],[-5.17119,40.60604],[-5.16156,40.59643],[-5.16002,40.59451],[-5.1512,40.58698],[-5.1469,40.58479],[-5.14274,40.58148],[-5.13816,40.57828],[-5.1365,40.57757],[-5.13376,40.57526],[-5.13334,40.57409],[-5.13244,40.57268],[-5.13603,40.57322],[-5.13952,40.56884],[-5.14036,40.56838],[-5.14127,40.56681],[-5.14332,40.56493],[-5.14846,40.56268],[-5.15335,40.55808],[-5.15463,40.55509],[-5.15591,40.55431],[-5.15894,40.55101],[-5.15882,40.5496],[-5.16156,40.54859],[-5.16472,40.5484],[-5.16531,40.54863],[-5.16373,40.54434],[-5.16178,40.54132],[-5.15973,40.53441],[-5.15964,40.53263],[-5.16087,40.53095],[-5.16379,40.52826],[-5.16581,40.52495],[-5.16682,40.52419],[-5.16743,40.52256],[-5.16679,40.5214],[-5.16475,40.51994],[-5.16414,40.51916],[-5.16284,40.51853],[-5.16202,40.51879],[-5.15988,40.5188],[-5.15774,40.51981],[-5.15458,40.52086],[-5.15039,40.52114],[-5.14869,40.52088],[-5.1402,40.52214],[-5.13874,40.52268],[-5.13735,40.52355],[-5.13186,40.52302],[-5.12834,40.52308],[-5.12545,40.52281],[-5.12317,40.52183],[-5.12069,40.52023],[-5.11672,40.52061],[-5.11545,40.52034],[-5.11267,40.51823],[-5.10915,40.51668],[-5.10824,40.5141],[-5.10809,40.51087],[-5.10629,40.50936],[-5.09968,40.50122],[-5.09171,40.50054],[-5.08646,40.49981],[-5.07859,40.49929],[-5.07776,40.49781],[-5.07369,40.49281],[-5.07309,40.49223],[-5.0702,40.49066],[-5.07015,40.49036]]]}},{"type":"Feature","properties":{"COD_POSTAL":"05633"},"geometry":{"type":"Polygon","coordinates":[[[-5.26814,40.35778],[-5.267,40.35763],[-5.26699,40.35479],[-5.2668,40.35439],[-5.266,40.3537],[-5.2641,40.35051],[-5.26197,40.34823],[-5.25815,40.34313],[-5.25488,40.33763],[-5.24764,40.33271],[-5.24938,40.33066],[-5.24407,40.32734],[-5.23664,40.32676],[-5.23825,40.32429],[-5.23534,40.31836],[-5.23248,40.31175],[-5.23548,40.30727],[-5.23948,40.30419],[-5.24014,40.29202],[-5.23738,40.28816],[-5.23739,40.28775],[-5.23955,40.28386],[-5.24073,40.2812],[-5.2412,40.27935],[-5.24119,40.27817],[-5.24073,40.27717],[-5.23966,40.27599],[-5.23774,40.27471],[-5.24356,40.26886],[-5.24591,40.2653],[-5.24645,40.26388],[-5.24672,40.26134],[-5.25163,40.25584],[-5.25384,40.25432],[-5.25889,40.25272],[-5.26044,40.25126],[-5.26238,40.2506],[-5.25993,40.25054],[-5.25877,40.25134],[-5.25782,40.25036],[-5.25648,40.25077],[-5.25466,40.24975],[-5.25318,40.24806],[-5.25145,40.24683],[-5.24746,40.24573],[-5.24627,40.24501],[-5.24482,40.24618],[-5.23849,40.24991],[-5.23541,40.25055],[-5.23128,40.25264],[-5.22856,40.25224],[-5.22778,40.2524],[-5.22518,40.25387],[-5.22445,40.25599],[-5.2227,40.25885],[-5.22148,40.25893],[-5.21407,40.26169],[-5.21061,40.26194],[-5.20757,40.26267],[-5.20469,40.26441],[-5.20236,40.26544],[-5.1992,40.26775],[-5.1957,40.2681],[-5.19292,40.26703],[-5.193,40.26774],[-5.19471,40.27131],[-5.19565,40.27658],[-5.20018,40.28647],[-5.20326,40.30537],[-5.2007,40.31275],[-5.20043,40.31397],[-5.20036,40.3179],[-5.19939,40.32012],[-5.20046,40.32386],[-5.20206,40.32602],[-5.20263,40.32834],[-5.20199,40.33229],[-5.20183,40.33582],[-5.20299,40.34473],[-5.20389,40.34659],[-5.20654,40.35015],[-5.20814,40.3517],[-5.2129,40.3557],[-5.21452,40.35551],[-5.21476,40.35893],[-5.21674,40.36945],[-5.21605,40.3752],[-5.21626,40.37703],[-5.21582,40.3783],[-5.21639,40.38209],[-5.25998,40.3773],[-5.26848,40.35783],[-5.26814,40.35778]]]}},{"type":"Feature","properties":{"COD_POSTAL":"05299"},"geometry":{"type":"Polygon","coordinates":[[[-4.9679,41.10189],[-4.96527,41.10236],[-4.95842,41.09816],[-4.95263,41.09555],[-4.9514,41.09456],[-4.94931,41.09398],[-4.94506,41.09405],[-4.94157,41.09358],[-4.9403,41.09448],[-4.93681,41.09575],[-4.93314,41.09826],[-4.92337,41.10592],[-4.92144,41.11054],[-4.91975,41.11168],[-4.91699,41.11198],[-4.91206,41.11851],[-4.91185,41.11976],[-4.92156,41.12397],[-4.92383,41.12414],[-4.92757,41.12674],[-4.92891,41.12719],[-4.93102,41.12927],[-4.93929,41.13187],[-4.94081,41.13258],[-4.94213,41.13361],[-4.94514,41.13762],[-4.95081,41.14071],[-4.9542,41.13963],[-4.95982,41.13869],[-4.96297,41.14011],[-4.96477,41.14741],[-4.96469,41.14975],[-4.96761,41.1523],[-4.97129,41.15134],[-4.97617,41.15184],[-4.97735,41.15121],[-4.98454,41.15224],[-4.98257,41.15489],[-4.98482,41.1558],[-4.98772,41.15598],[-4.98786,41.15795],[-4.98974,41.1608],[-4.99719,41.16046],[-5.00249,41.15957],[-5.00445,41.15893],[-5.00518,41.1598],[-5.00613,41.15941],[-5.00706,41.16016],[-5.00749,41.16196],[-5.01094,41.16197],[-5.01386,41.16425],[-5.01437,41.16386],[-5.01391,41.1622],[-5.01559,41.16234],[-5.02391,41.15679],[-5.02179,41.15357],[-5.01986,41.15456],[-5.01563,41.15428],[-5.00366,41.14759],[-5.00263,41.1467],[-5.00036,41.14398],[-4.99808,41.1378],[-5.00075,41.13218],[-4.99864,41.1288],[-4.99922,41.12728],[-4.99916,41.12602],[-5.0009,41.12529],[-4.99941,41.12419],[-4.99953,41.12241],[-4.99793,41.12283],[-4.9973,41.12246],[-4.99591,41.12229],[-4.99489,41.12088],[-4.99224,41.11984],[-4.99013,41.12011],[-4.98687,41.12144],[-4.98332,41.12219],[-4.97871,41.12463],[-4.97473,41.125],[-4.97329,41.12535],[-4.96881,41.12791],[-4.96738,41.12978],[-4.96336,41.1298],[-4.9576,41.13187],[-4.95661,41.12994],[-4.96029,41.12888],[-4.96239,41.12559],[-4.96287,41.12349],[-4.96501,41.12063],[-4.96572,41.11917],[-4.96857,41.11738],[-4.97006,41.11561],[-4.96807,41.11238],[-4.96953,41.1093],[-4.96812,41.10834],[-4.96811,41.10431],[-4.9687,41.10309],[-4.96864,41.10264],[-4.9679,41.10233],[-4.9679,41.10189]]]}},{"type":"Feature","properties":{"COD_POSTAL":"05210"},"geometry":{"type":"Polygon","coordinates":[[[-5.15224,41.06959],[-5.15299,41.06374],[-5.15255,41.06196],[-5.14917,41.05931],[-5.14865,41.05655],[-5.14927,41.05528],[-5.14696,41.05416],[-5.14698,41.05229],[-5.14833,41.04802],[-5.14531,41.0467],[-5.14654,41.04364],[-5.14484,41.04318],[-5.1414,41.04051],[-5.14219,41.03887],[-5.14079,41.03725],[-5.13875,41.03845],[-5.13795,41.03941],[-5.13412,41.03739],[-5.13131,41.03625],[-5.12927,41.03617],[-5.11564,41.03283],[-5.11184,41.03036],[-5.10661,41.0295],[-5.1062,41.03236],[-5.10514,41.03529],[-5.10241,41.03513],[-5.10026,41.03652],[-5.09965,41.03781],[-5.09681,41.03805],[-5.09341,41.04099],[-5.08966,41.04006],[-5.08832,41.03944],[-5.08796,41.04085],[-5.08388,41.04141],[-5.0786,41.04138],[-5.07945,41.04387],[-5.08066,41.04604],[-5.08236,41.048],[-5.08291,41.04959],[-5.08079,41.05176],[-5.0797,41.05376],[-5.0772,41.05554],[-5.07394,41.05737],[-5.07328,41.05689],[-5.07112,41.0584],[-5.07012,41.06084],[-5.06742,41.06201],[-5.06867,41.06486],[-5.06336,41.06436],[-5.06185,41.06558],[-5.05913,41.07034],[-5.05418,41.0745],[-5.07161,41.08638],[-5.07445,41.09155],[-5.08286,41.0968],[-5.10215,41.10773],[-5.10554,41.10638],[-5.10963,41.10399],[-5.111,41.10255],[-5.11529,41.10189],[-5.11725,41.10528],[-5.12917,41.10538],[-5.13951,41.09983],[-5.14041,41.09677],[-5.14261,41.09645],[-5.14345,41.09712],[-5.14859,41.09215],[-5.14887,41.08954],[-5.1514,41.08534],[-5.15012,41.08377],[-5.15226,41.08193],[-5.15229,41.08101],[-5.15035,41.07929],[-5.15123,41.07767],[-5.15115,41.07632],[-5.15159,41.07328],[-5.15224,41.06959]]]}},{"type":"Feature","properties":{"COD_POSTAL":"05415"},"geometry":{"type":"Polygon","coordinates":[[[-5.09847,40.25462],[-5.09966,40.25654],[-5.10444,40.26289],[-5.10593,40.26379],[-5.10914,40.26502],[-5.10982,40.26699],[-5.11234,40.27078],[-5.11656,40.27562],[-5.11834,40.28313],[-5.12043,40.29009],[-5.12273,40.29221],[-5.1243,40.29182],[-5.12669,40.29179],[-5.12855,40.29099],[-5.13151,40.29088],[-5.13564,40.28838],[-5.13653,40.28716],[-5.14077,40.2867],[-5.14653,40.28251],[-5.14797,40.28171],[-5.1489,40.2814],[-5.15172,40.2815],[-5.1545,40.28114],[-5.16106,40.27756],[-5.1666,40.27324],[-5.16817,40.27165],[-5.17151,40.2712],[-5.1731,40.2706],[-5.1739,40.27001],[-5.17458,40.26827],[-5.17565,40.26645],[-5.1809,40.26667],[-5.18187,40.26535],[-5.1825,40.2606],[-5.18251,40.26],[-5.17962,40.26398],[-5.17413,40.26426],[-5.16589,40.2613],[-5.1614,40.26105],[-5.15529,40.26027],[-5.14875,40.25694],[-5.14751,40.25474],[-5.14674,40.254],[-5.14492,40.25332],[-5.13953,40.25455],[-5.13393,40.25199],[-5.13106,40.24985],[-5.12952,40.24624],[-5.12594,40.24511],[-5.12288,40.24078],[-5.11855,40.239],[-5.11759,40.23767],[-5.11813,40.23576],[-5.11806,40.2353],[-5.11704,40.23386],[-5.11453,40.23371],[-5.10858,40.23461],[-5.10128,40.23387],[-5.09415,40.23461],[-5.09221,40.2342],[-5.09071,40.23455],[-5.08769,40.2369],[-5.08444,40.24018],[-5.08266,40.24161],[-5.07987,40.24527],[-5.08841,40.24837],[-5.09199,40.24935],[-5.09885,40.25283],[-5.09859,40.25382],[-5.09847,40.25462]]]}},{"type":"Feature","properties":{"COD_POSTAL":"05154"},"geometry":{"type":"MultiPolygon","coordinates":[[[[-5.27475,40.60991],[-5.27405,40.61396],[-5.27936,40.61357],[-5.28135,40.6219],[-5.27803,40.62888],[-5.27739,40.63135],[-5.27784,40.63361],[-5.27914,40.63516],[-5.27864,40.63645],[-5.2792,40.63909],[-5.28014,40.63986],[-5.28253,40.64047],[-5.28359,40.64037],[-5.28584,40.63911],[-5.28839,40.63828],[-5.2893,40.63892],[-5.28988,40.63886],[-5.29221,40.63941],[-5.29433,40.64024],[-5.29524,40.64008],[-5.29527,40.64103],[-5.29606,40.64155],[-5.29744,40.6435],[-5.2984,40.644],[-5.30291,40.64308],[-5.30665,40.64167],[-5.30783,40.64107],[-5.30712,40.64035],[-5.31123,40.63708],[-5.31566,40.63658],[-5.31628,40.63578],[-5.31785,40.63536],[-5.31634,40.6343],[-5.31714,40.63337],[-5.32046,40.63204],[-5.32297,40.62967],[-5.325,40.62709],[-5.32513,40.62643],[-5.32492,40.62516],[-5.32422,40.6237],[-5.32393,40.62209],[-5.32297,40.62162],[-5.32808,40.61996],[-5.32811,40.61901],[-5.3275,40.61796],[-5.33025,40.61681],[-5.33388,40.61755],[-5.33581,40.61707],[-5.34021,40.61647],[-5.34067,40.61694],[-5.34227,40.61636],[-5.34335,40.61699],[-5.34403,40.61693],[-5.34612,40.61797],[-5.34696,40.61767],[-5.3511,40.62126],[-5.35471,40.61802],[-5.35634,40.61702],[-5.35878,40.61565],[-5.36068,40.61503],[-5.36533,40.61287],[-5.36677,40.61198],[-5.36979,40.60882],[-5.37113,40.60645],[-5.36802,40.60455],[-5.36603,40.60272],[-5.36526,40.60163],[-5.36343,40.60056],[-5.36364,40.59936],[-5.35841,40.59458],[-5.35796,40.59074],[-5.3568,40.58863],[-5.35456,40.58574],[-5.35204,40.58309],[-5.34471,40.57639],[-5.34085,40.57373],[-5.33816,40.57231],[-5.32815,40.57525],[-5.32647,40.57388],[-5.32391,40.57313],[-5.32209,40.57067],[-5.31766,40.56748],[-5.31312,40.5683],[-5.30961,40.56801],[-5.30836,40.56821],[-5.29991,40.57106],[-5.29811,40.57266],[-5.29617,40.57488],[-5.29455,40.58263],[-5.28974,40.59172],[-5.28874,40.59447],[-5.28782,40.5953],[-5.27807,40.60142],[-5.27615,40.603],[-5.27475,40.60991]]],[[[-5.38729,40.50731],[-5.38169,40.5051],[-5.37954,40.51005],[-5.37448,40.51967],[-5.37275,40.5238],[-5.36879,40.52773],[-5.36734,40.52991],[-5.3712,40.53111],[-5.36943,40.53484],[-5.37078,40.54107],[-5.37345,40.54637],[-5.37467,40.54811],[-5.37526,40.54993],[-5.37559,40.55173],[-5.37584,40.55796],[-5.37718,40.56117],[-5.37689,40.56156],[-5.37832,40.56266],[-5.38834,40.56563],[-5.39356,40.5669],[-5.40048,40.57367],[-5.4081,40.57762],[-5.40824,40.57861],[-5.40923,40.57946],[-5.41501,40.58172],[-5.41562,40.58236],[-5.41253,40.58294],[-5.41244,40.5836],[-5.41064,40.58538],[-5.41183,40.58942],[-5.41312,40.5904],[-5.41389,40.5902],[-5.4149,40.59289],[-5.41403,40.59421],[-5.4119,40.59402],[-5.41,40.59441],[-5.40632,40.59672],[-5.4015,40.59742],[-5.39815,40.59876],[-5.4022,40.60333],[-5.40401,40.60474],[-5.4064,40.60728],[-5.4099,40.60976],[-5.41211,40.61041],[-5.41286,40.60956],[-5.41435,40.60977],[-5.41788,40.60795],[-5.41937,40.6079],[-5.42273,40.60525],[-5.42281,40.60395],[-5.42374,40.60131],[-5.4233,40.60013],[-5.42379,40.59928],[-5.42417,40.5975],[-5.42577,40.59767],[-5.42943,40.59575],[-5.43358,40.59092],[-5.43755,40.58981],[-5.43879,40.58891],[-5.4409,40.59],[-5.44296,40.58694],[-5.44619,40.58579],[-5.44765,40.57959],[-5.45598,40.57905],[-5.45875,40.57761],[-5.46154,40.57736],[-5.46438,40.57759],[-5.46429,40.57971],[-5.4668,40.58044],[-5.47278,40.57991],[-5.4753,40.58115],[-5.48092,40.58162],[-5.48567,40.58161],[-5.48779,40.58327],[-5.48901,40.58289],[-5.49152,40.58313],[-5.49209,40.583],[-5.49576,40.58127],[-5.49712,40.5812],[-5.49966,40.58159],[-5.4996,40.58549],[-5.4989,40.58991],[-5.50086,40.59735],[-5.50589,40.59004],[-5.51008,40.59037],[-5.5132,40.58682],[-5.51622,40.58538],[-5.51732,40.58291],[-5.51741,40.58093],[-5.51679,40.57632],[-5.51756,40.5733],[-5.51615,40.5713],[-5.51601,40.56908],[-5.51629,40.5678],[-5.51657,40.56722],[-5.51801,40.56592],[-5.51832,40.56378],[-5.51995,40.56227],[-5.52103,40.56049],[-5.52267,40.55879],[-5.52554,40.55745],[-5.52872,40.55405],[-5.52918,40.55233],[-5.52933,40.55144],[-5.52915,40.5506],[-5.52831,40.54993],[-5.52659,40.54919],[-5.52609,40.54865],[-5.52688,40.54594],[-5.52659,40.54453],[-5.52649,40.54156],[-5.52618,40.54126],[-5.52511,40.5413],[-5.52469,40.54073],[-5.52101,40.54342],[-5.51837,40.54474],[-5.51748,40.54562],[-5.5119,40.54816],[-5.50817,40.54879],[-5.49875,40.55184],[-5.4954,40.55171],[-5.49401,40.55202],[-5.49124,40.55344],[-5.48593,40.55502],[-5.48158,40.55672],[-5.46733,40.56003],[-5.46325,40.56008],[-5.46061,40.55934],[-5.4591,40.55997],[-5.45484,40.5603],[-5.44899,40.5615],[-5.44529,40.56272],[-5.43805,40.56629],[-5.43494,40.56631],[-5.43108,40.56723],[-5.42851,40.56447],[-5.42556,40.55664],[-5.4298,40.55197],[-5.431,40.54739],[-5.43171,40.54225],[-5.43345,40.53297],[-5.43381,40.53219],[-5.43637,40.52938],[-5.43974,40.52676],[-5.44222,40.52635],[-5.44699,40.52002],[-5.44675,40.51768],[-5.44805,40.50942],[-5.4506,40.50301],[-5.45099,40.50023],[-5.45032,40.4975],[-5.44906,40.49771],[-5.44476,40.49681],[-5.44093,40.49907],[-5.43946,40.50053],[-5.43539,40.50121],[-5.43426,40.50302],[-5.42817,40.50403],[-5.42128,40.5046],[-5.41857,40.50674],[-5.41767,40.51115],[-5.40942,40.51284],[-5.39915,40.51329],[-5.39,40.50945],[-5.38729,40.50731]]]]}},{"type":"Feature","properties":{"COD_POSTAL":"05149"},"geometry":{"type":"MultiPolygon","coordinates":[[[[-5.01395,40.67052],[-5.01316,40.67392],[-5.01706,40.67509],[-5.02392,40.67559],[-5.02323,40.67268],[-5.0221,40.67261],[-5.02167,40.67223],[-5.01877,40.67139],[-5.01593,40.671],[-5.01395,40.67052]]],[[[-5.00137,40.69969],[-5.003,40.70001],[-5.00439,40.69975],[-5.00674,40.70053],[-5.0106,40.70023],[-5.01354,40.69913],[-5.01438,40.69805],[-5.01531,40.69781],[-5.01643,40.69857],[-5.01734,40.69881],[-5.0179,40.69856],[-5.01834,40.69746],[-5.01836,40.69694],[-5.01764,40.6963],[-5.01881,40.69545],[-5.01958,40.69324],[-5.02078,40.69263],[-5.0228,40.6904],[-5.02449,40.68952],[-5.02728,40.69023],[-5.02957,40.68889],[-5.026,40.68744],[-5.02668,40.68664],[-5.02652,40.68605],[-5.0257,40.68473],[-5.02148,40.67959],[-5.0213,40.67813],[-5.01591,40.67725],[-5.0124,40.68341],[-5.01029,40.68483],[-5.00886,40.68611],[-5.00849,40.68686],[-5.00858,40.68775],[-5.00833,40.68874],[-5.00589,40.69003],[-5.00565,40.69074],[-5.00382,40.69246],[-5.00266,40.69407],[-5.00189,40.69409],[-5.0003,40.69284],[-5.00044,40.69218],[-4.99909,40.69131],[-4.99702,40.6919],[-4.99566,40.69163],[-4.99342,40.6899],[-4.99251,40.68873],[-4.98601,40.69166],[-4.98433,40.69165],[-4.97648,40.68473],[-4.97645,40.68341],[-4.97616,40.68267],[-4.97322,40.67867],[-4.97292,40.67755],[-4.97188,40.67574],[-4.96911,40.67549],[-4.969,40.67698],[-4.96946,40.67814],[-4.9694,40.67943],[-4.97073,40.68427],[-4.96996,40.68469],[-4.96937,40.68578],[-4.96945,40.68753],[-4.96899,40.68827],[-4.96788,40.68875],[-4.96571,40.6889],[-4.95989,40.68866],[-4.96237,40.6902],[-4.96078,40.69533],[-4.96303,40.69524],[-4.96502,40.69545],[-4.96557,40.69579],[-4.96615,40.6963],[-4.96731,40.69809],[-4.96757,40.69952],[-4.96747,40.7004],[-4.96829,40.70047],[-4.96648,40.7027],[-4.9661,40.7035],[-4.96673,40.70407],[-4.96655,40.70438],[-4.96576,40.70412],[-4.96438,40.70608],[-4.96698,40.70708],[-4.96666,40.70779],[-4.96851,40.70904],[-4.97014,40.71169],[-4.96897,40.71269],[-4.96845,40.71236],[-4.96773,40.71281],[-4.96723,40.7125],[-4.96678,40.71291],[-4.9678,40.71357],[-4.96701,40.71409],[-4.96736,40.71517],[-4.96632,40.71428],[-4.96639,40.71596],[-4.96496,40.71743],[-4.95782,40.72109],[-4.96048,40.72152],[-4.96049,40.72348],[-4.96219,40.72559],[-4.96557,40.72658],[-4.96866,40.72986],[-4.96588,40.7328],[-4.96584,40.73477],[-4.96531,40.73789],[-4.96246,40.74522],[-4.96771,40.74959],[-4.97005,40.74878],[-4.97154,40.75038],[-4.97163,40.75197],[-4.97526,40.75233],[-4.97709,40.75192],[-4.97777,40.7528],[-4.97938,40.75227],[-4.97904,40.75167],[-4.98273,40.75197],[-4.98313,40.75469],[-4.98724,40.75883],[-4.9916,40.76049],[-4.99252,40.76333],[-4.99279,40.76361],[-4.99699,40.76212],[-4.99969,40.76577],[-4.99903,40.76863],[-4.99897,40.77004],[-4.99912,40.77199],[-4.99984,40.77297],[-4.99846,40.77463],[-5.0019,40.77731],[-5.00514,40.77861],[-5.00654,40.77875],[-5.00841,40.7798],[-5.01386,40.7808],[-5.01645,40.78092],[-5.01802,40.78054],[-5.02108,40.77835],[-5.02389,40.77719],[-5.02491,40.77621],[-5.03106,40.77187],[-5.03378,40.77276],[-5.03578,40.77169],[-5.03853,40.7716],[-5.04123,40.77041],[-5.04193,40.77081],[-5.04475,40.77122],[-5.04507,40.7697],[-5.04212,40.76848],[-5.04181,40.76817],[-5.04163,40.76769],[-5.04226,40.7635],[-5.04144,40.76183],[-5.03935,40.75879],[-5.03869,40.75818],[-5.03877,40.75748],[-5.0397,40.75641],[-5.0402,40.75629],[-5.04337,40.75637],[-5.0473,40.75712],[-5.04773,40.75584],[-5.04945,40.75559],[-5.05241,40.7541],[-5.05371,40.74739],[-5.05371,40.7455],[-5.05354,40.74519],[-5.05288,40.74491],[-5.05063,40.74647],[-5.05022,40.74649],[-5.04977,40.74635],[-5.04949,40.74561],[-5.04877,40.74498],[-5.04725,40.74457],[-5.04787,40.74329],[-5.04884,40.74263],[-5.04886,40.74194],[-5.04854,40.74173],[-5.04695,40.74209],[-5.0465,40.74172],[-5.04667,40.74113],[-5.04722,40.7409],[-5.0464,40.74024],[-5.0468,40.73911],[-5.04578,40.73778],[-5.04534,40.73762],[-5.04451,40.73863],[-5.04384,40.73853],[-5.04327,40.73811],[-5.04334,40.73757],[-5.04431,40.73712],[-5.04469,40.73665],[-5.0438,40.73585],[-5.04514,40.73493],[-5.04478,40.73439],[-5.04453,40.73307],[-5.04321,40.73217],[-5.04183,40.73204],[-5.04178,40.73184],[-5.04285,40.73048],[-5.04299,40.72991],[-5.04245,40.72979],[-5.04089,40.73028],[-5.04081,40.7295],[-5.04032,40.72912],[-5.03612,40.72879],[-5.02994,40.72687],[-5.02833,40.72566],[-5.02894,40.72507],[-5.02844,40.72319],[-5.02683,40.72202],[-5.02531,40.71923],[-5.02548,40.71798],[-5.02495,40.71696],[-5.02476,40.71557],[-5.02416,40.71466],[-5.02455,40.71261],[-5.01671,40.71205],[-5.01675,40.71181],[-5.01391,40.71149],[-5.01184,40.71188],[-5.01044,40.71184],[-5.00969,40.70904],[-5.01015,40.70704],[-5.00803,40.70667],[-5.008,40.70529],[-5.00368,40.70214],[-5.00182,40.70161],[-5.00179,40.70048],[-5.00137,40.69969]]]]}},{"type":"Feature","properties":{"COD_POSTAL":"05450"},"geometry":{"type":"Polygon","coordinates":[[[-4.80539,40.28287],[-4.80609,40.27832],[-4.80425,40.27509],[-4.80347,40.27527],[-4.79663,40.2732],[-4.79429,40.27328],[-4.78887,40.27206],[-4.78333,40.27022],[-4.78339,40.26911],[-4.78168,40.26737],[-4.77982,40.26745],[-4.77811,40.26561],[-4.76296,40.26115],[-4.76119,40.26094],[-4.75332,40.26409],[-4.74688,40.27184],[-4.74262,40.27528],[-4.74029,40.27502],[-4.73217,40.27092],[-4.7286,40.27052],[-4.72749,40.27353],[-4.72982,40.27497],[-4.73249,40.27821],[-4.73245,40.28159],[-4.73621,40.28815],[-4.73993,40.29011],[-4.74119,40.29169],[-4.74279,40.29572],[-4.74415,40.29671],[-4.74604,40.29714],[-4.7457,40.30113],[-4.74421,40.30308],[-4.74417,40.30434],[-4.7484,40.3109],[-4.74892,40.315],[-4.751,40.31879],[-4.75155,40.32452],[-4.75065,40.32682],[-4.75107,40.32874],[-4.75335,40.33093],[-4.75781,40.33299],[-4.7584,40.33457],[-4.75993,40.33638],[-4.76139,40.33695],[-4.76159,40.33748],[-4.76791,40.33797],[-4.77143,40.34437],[-4.77463,40.34222],[-4.78084,40.34068],[-4.78629,40.33679],[-4.78798,40.33355],[-4.78914,40.33244],[-4.79739,40.33052],[-4.80066,40.3303],[-4.80378,40.32875],[-4.80426,40.32816],[-4.80369,40.32473],[-4.80499,40.32202],[-4.80468,40.31964],[-4.80315,40.31682],[-4.80292,40.31496],[-4.80487,40.31299],[-4.80481,40.3111],[-4.80779,40.30321],[-4.80696,40.29912],[-4.80852,40.29696],[-4.80754,40.29533],[-4.80417,40.29258],[-4.8026,40.28919],[-4.8031,40.28804],[-4.80562,40.28662],[-4.80657,40.28413],[-4.80539,40.28287]]]}},{"type":"Feature","properties":{"COD_POSTAL":"05491"},"geometry":{"type":"MultiPolygon","coordinates":[[[[-4.95928,40.1562],[-4.95837,40.15548],[-4.95748,40.15591],[-4.95882,40.15704],[-4.96272,40.16688],[-4.96511,40.17061],[-4.96884,40.17772],[-4.97329,40.17599],[-4.97174,40.17365],[-4.96984,40.1697],[-4.97228,40.16052],[-4.97269,40.15789],[-4.97392,40.15643],[-4.974,40.15601],[-4.97176,40.15633],[-4.96855,40.15739],[-4.96377,40.15824],[-4.96276,40.1581],[-4.96095,40.1573],[-4.95928,40.1562]]],[[[-4.97499,40.20921],[-4.97467,40.20863],[-4.97369,40.20798],[-4.9728,40.20932],[-4.97238,40.21076],[-4.97084,40.21333],[-4.96821,40.21488],[-4.96501,40.21619],[-4.96294,40.2175],[-4.95725,40.21766],[-4.95207,40.21854],[-4.94851,40.2204],[-4.94551,40.22262],[-4.94535,40.22324],[-4.94689,40.22362],[-4.94858,40.22446],[-4.94949,40.22452],[-4.95137,40.22541],[-4.9522,40.22538],[-4.95292,40.22608],[-4.95432,40.22596],[-4.96344,40.2239],[-4.96548,40.22394],[-4.96755,40.22363],[-4.96944,40.22233],[-4.9704,40.22208],[-4.9714,40.22219],[-4.97258,40.2231],[-4.97394,40.22341],[-4.9732,40.22169],[-4.97426,40.21807],[-4.97535,40.21692],[-4.97513,40.2161],[-4.97559,40.21393],[-4.97514,40.20996],[-4.97499,40.20921]]],[[[-5.03267,40.22243],[-5.04593,40.22373],[-5.05039,40.21844],[-5.05014,40.21717],[-5.05397,40.21396],[-5.04735,40.2029],[-5.03496,40.19406],[-5.03286,40.19155],[-5.03058,40.18862],[-5.02455,40.17688],[-5.01529,40.16824],[-5.0133,40.16686],[-5.0114,40.15979],[-5.00292,40.16122],[-4.999,40.16301],[-4.99682,40.16368],[-4.99498,40.16389],[-4.99187,40.16383],[-4.99121,40.16362],[-4.98919,40.1623],[-4.9885,40.16159],[-4.98908,40.17547],[-4.98764,40.18932],[-4.99104,40.19609],[-4.99877,40.19859],[-5.01195,40.19552],[-5.01483,40.19574],[-5.01668,40.19647],[-5.01798,40.20259],[-5.02086,40.20289],[-5.01977,40.20551],[-5.02513,40.20848],[-5.02969,40.21729],[-5.03138,40.21796],[-5.03267,40.22243]]],[[[-4.95199,40.14423],[-4.95025,40.13922],[-4.94872,40.13312],[-4.94534,40.1326],[-4.94223,40.13353],[-4.93674,40.13381],[-4.9356,40.13432],[-4.93412,40.13461],[-4.92545,40.13604],[-4.92556,40.13825],[-4.92248,40.14154],[-4.9211,40.14728],[-4.92006,40.14952],[-4.91842,40.15179],[-4.91796,40.15378],[-4.91806,40.15529],[-4.92095,40.15984],[-4.92129,40.16113],[-4.92372,40.16496],[-4.92367,40.16626],[-4.92313,40.16764],[-4.92468,40.16998],[-4.92888,40.16847],[-4.93037,40.16743],[-4.93136,40.16633],[-4.93383,40.1649],[-4.93475,40.16361],[-4.93631,40.16247],[-4.93734,40.16122],[-4.93958,40.15988],[-4.94128,40.15937],[-4.94659,40.15887],[-4.94832,40.15814],[-4.95237,40.15378],[-4.95352,40.15343],[-4.95254,40.147],[-4.95199,40.14423]]]]}},{"type":"Feature","properties":{"COD_POSTAL":"05600"},"geometry":{"type":"Polygon","coordinates":[[[-5.52811,40.37051],[-5.53004,40.37103],[-5.53822,40.37007],[-5.54394,40.37018],[-5.5468,40.36981],[-5.54837,40.36562],[-5.54947,40.36092],[-5.54059,40.35057],[-5.53769,40.34679],[-5.53454,40.3444],[-5.52192,40.33642],[-5.50488,40.3427],[-5.49797,40.34605],[-5.49354,40.3486],[-5.4874,40.35135],[-5.49449,40.35598],[-5.50161,40.3655],[-5.50331,40.36557],[-5.50469,40.36646],[-5.50787,40.36536],[-5.50903,40.36539],[-5.50954,40.3669],[-5.51044,40.36745],[-5.51137,40.36869],[-5.51322,40.36945],[-5.5153,40.37085],[-5.51738,40.37156],[-5.52119,40.37129],[-5.52752,40.37031],[-5.52811,40.37051]]]}},{"type":"Feature","properties":{"COD_POSTAL":"05212"},"geometry":{"type":"Polygon","coordinates":[[[-4.87506,40.97369],[-4.8734,40.97725],[-4.87621,40.97906],[-4.8795,40.98221],[-4.87913,40.98297],[-4.88034,40.98539],[-4.88435,40.99163],[-4.88644,40.99449],[-4.88838,40.99666],[-4.88949,40.99984],[-4.88998,41.0044],[-4.89068,41.00576],[-4.88903,41.00705],[-4.88718,41.0079],[-4.88716,41.00957],[-4.88613,41.00998],[-4.88455,41.00964],[-4.87815,41.01386],[-4.87366,41.01601],[-4.87232,41.02105],[-4.86837,41.02384],[-4.86572,41.02426],[-4.86289,41.02437],[-4.85608,41.02567],[-4.85432,41.02483],[-4.85268,41.02541],[-4.84947,41.02709],[-4.84229,41.02863],[-4.83984,41.02959],[-4.82979,41.02552],[-4.82318,41.02216],[-4.81616,41.02483],[-4.81361,41.02321],[-4.80881,41.02101],[-4.80681,41.02046],[-4.80066,41.01944],[-4.79599,41.01732],[-4.78939,41.01755],[-4.7894,41.01478],[-4.78531,41.01401],[-4.78618,41.01562],[-4.7868,41.01743],[-4.78677,41.0184],[-4.78388,41.02407],[-4.78267,41.02535],[-4.78115,41.02881],[-4.78203,41.03093],[-4.78148,41.03145],[-4.77505,41.03479],[-4.77171,41.0357],[-4.76934,41.03715],[-4.76694,41.03818],[-4.7673,41.03903],[-4.76701,41.0416],[-4.76748,41.04832],[-4.76904,41.05117],[-4.77083,41.05314],[-4.77086,41.05535],[-4.77407,41.05717],[-4.77608,41.0614],[-4.77344,41.06347],[-4.78342,41.06553],[-4.79165,41.06576],[-4.79322,41.06381],[-4.79574,41.0631],[-4.79656,41.06542],[-4.80277,41.06492],[-4.80435,41.06395],[-4.8075,41.06346],[-4.80901,41.06355],[-4.81354,41.06055],[-4.81646,41.06093],[-4.81835,41.06087],[-4.82152,41.06003],[-4.82555,41.05939],[-4.82966,41.05927],[-4.83133,41.05839],[-4.83539,41.05806],[-4.83712,41.05667],[-4.83874,41.05595],[-4.84045,41.05574],[-4.84468,41.05755],[-4.84934,41.0604],[-4.85432,41.06096],[-4.85864,41.06114],[-4.86095,41.0609],[-4.86206,41.06019],[-4.86637,41.05953],[-4.86603,41.06017],[-4.86703,41.06089],[-4.8759,41.06184],[-4.87713,41.05975],[-4.88186,41.05675],[-4.88395,41.05557],[-4.88603,41.05551],[-4.88622,41.05248],[-4.88838,41.05288],[-4.89065,41.05166],[-4.89214,41.05142],[-4.89422,41.0503],[-4.89622,41.05001],[-4.89972,41.04897],[-4.90148,41.04761],[-4.90453,41.04784],[-4.91203,41.04914],[-4.91562,41.04824],[-4.92359,41.04792],[-4.93094,41.0472],[-4.93242,41.04352],[-4.93292,41.04312],[-4.93257,41.04283],[-4.93403,41.04197],[-4.93392,41.04151],[-4.93484,41.04116],[-4.9348,41.04046],[-4.93583,41.03992],[-4.93528,41.03832],[-4.93581,41.03784],[-4.93454,41.0366],[-4.93387,41.03549],[-4.93439,41.0335],[-4.93645,41.03225],[-4.9365,41.03156],[-4.93727,41.03101],[-4.93932,41.03034],[-4.93871,41.02802],[-4.93966,41.02536],[-4.94381,41.02444],[-4.94145,41.02254],[-4.94175,41.01908],[-4.93808,41.01253],[-4.93275,41.00723],[-4.9311,41.00134],[-4.93099,41.0002],[-4.93023,40.99811],[-4.93144,40.99766],[-4.93243,40.99494],[-4.93184,40.99299],[-4.92997,40.99179],[-4.92648,40.99186],[-4.92597,40.9924],[-4.92451,40.99028],[-4.92642,40.98936],[-4.92183,40.98681],[-4.91587,40.98453],[-4.91321,40.97809],[-4.91277,40.97586],[-4.90997,40.97325],[-4.90785,40.96924],[-4.90756,40.96619],[-4.90824,40.96407],[-4.90763,40.96192],[-4.90693,40.96086],[-4.90608,40.96001],[-4.89939,40.95637],[-4.8977,40.95468],[-4.8949,40.95293],[-4.89361,40.95138],[-4.89139,40.95102],[-4.88679,40.95416],[-4.88434,40.95446],[-4.88586,40.9586],[-4.883,40.95933],[-4.88357,40.96337],[-4.87779,40.96927],[-4.87684,40.9708],[-4.87506,40.97369]]]}},{"type":"Feature","properties":{"COD_POSTAL":"05230"},"geometry":{"type":"Polygon","coordinates":[[[-4.29013,40.6283],[-4.29142,40.62914],[-4.29318,40.62966],[-4.29493,40.63139],[-4.30149,40.63381],[-4.30161,40.63632],[-4.30339,40.6389],[-4.30423,40.63896],[-4.31026,40.63892],[-4.3189,40.63926],[-4.33141,40.63719],[-4.34172,40.6368],[-4.34668,40.63716],[-4.35336,40.63712],[-4.35943,40.63821],[-4.36245,40.63801],[-4.36946,40.63614],[-4.37563,40.63628],[-4.38102,40.63603],[-4.38486,40.63639],[-4.38646,40.63608],[-4.38956,40.63424],[-4.39244,40.63339],[-4.39397,40.63324],[-4.39793,40.63351],[-4.40513,40.63444],[-4.40856,40.63428],[-4.4146,40.63301],[-4.41962,40.63343],[-4.4162,40.62708],[-4.41403,40.62375],[-4.40981,40.6156],[-4.40965,40.61337],[-4.40987,40.61083],[-4.40845,40.60869],[-4.40624,40.60747],[-4.40398,40.60576],[-4.40141,40.59987],[-4.40046,40.59646],[-4.39957,40.59458],[-4.39858,40.59087],[-4.39162,40.59088],[-4.38794,40.59177],[-4.38397,40.59319],[-4.38261,40.59309],[-4.37684,40.59152],[-4.37165,40.59241],[-4.36463,40.59235],[-4.35811,40.59109],[-4.35393,40.58737],[-4.35312,40.58397],[-4.35471,40.58116],[-4.35713,40.57759],[-4.36262,40.57718],[-4.36777,40.57521],[-4.37231,40.5725],[-4.37406,40.57046],[-4.37713,40.5713],[-4.38026,40.57069],[-4.38431,40.57091],[-4.38744,40.57262],[-4.38979,40.5751],[-4.39308,40.57708],[-4.39751,40.5811],[-4.39738,40.58488],[-4.3987,40.58953],[-4.39994,40.58872],[-4.40512,40.58623],[-4.40265,40.57668],[-4.40517,40.57472],[-4.40615,40.57359],[-4.4093,40.56865],[-4.4124,40.56295],[-4.41389,40.56152],[-4.4195,40.56006],[-4.4217,40.55867],[-4.42232,40.55797],[-4.42284,40.55639],[-4.4194,40.55265],[-4.41644,40.55101],[-4.4147,40.55058],[-4.40448,40.55081],[-4.39571,40.54981],[-4.38662,40.54942],[-4.3842,40.54956],[-4.38126,40.55015],[-4.37917,40.55009],[-4.3708,40.54864],[-4.36905,40.54793],[-4.36785,40.54773],[-4.36,40.54712],[-4.35476,40.54606],[-4.35106,40.54501],[-4.34232,40.54562],[-4.33269,40.54517],[-4.3304,40.54571],[-4.32695,40.5473],[-4.3241,40.54767],[-4.32427,40.54894],[-4.32347,40.54972],[-4.32127,40.55064],[-4.31685,40.55325],[-4.31523,40.55372],[-4.31264,40.55405],[-4.31161,40.55576],[-4.31125,40.55696],[-4.3079,40.55833],[-4.30617,40.5585],[-4.30556,40.55885],[-4.30485,40.5589],[-4.29754,40.56239],[-4.29556,40.56267],[-4.29308,40.56264],[-4.2899,40.56376],[-4.28925,40.56415],[-4.28952,40.56637],[-4.28868,40.56752],[-4.28892,40.56909],[-4.28842,40.56998],[-4.28896,40.57083],[-4.28899,40.57128],[-4.28682,40.57448],[-4.28685,40.57569],[-4.28615,40.57736],[-4.28538,40.58038],[-4.28531,40.58284],[-4.28258,40.58535],[-4.28243,40.58596],[-4.28284,40.58642],[-4.28281,40.58752],[-4.28114,40.58887],[-4.28186,40.58981],[-4.28272,40.58991],[-4.28304,40.59016],[-4.28299,40.5913],[-4.28235,40.59206],[-4.28311,40.59414],[-4.28312,40.59509],[-4.28346,40.59567],[-4.28174,40.59711],[-4.28027,40.59945],[-4.27891,40.60076],[-4.27858,40.60329],[-4.27889,40.60416],[-4.28144,40.60495],[-4.28265,40.60496],[-4.2833,40.60552],[-4.28445,40.60599],[-4.28698,40.60595],[-4.2889,40.60648],[-4.29012,40.60777],[-4.29047,40.60958],[-4.28956,40.61076],[-4.2891,40.61187],[-4.28916,40.61318],[-4.28865,40.61444],[-4.28926,40.61619],[-4.28854,40.61711],[-4.28953,40.61917],[-4.28896,40.61991],[-4.28924,40.62119],[-4.28853,40.62284],[-4.28894,40.62408],[-4.28853,40.62485],[-4.28935,40.62578],[-4.28915,40.62721],[-4.29069,40.62777],[-4.28997,40.628],[-4.29013,40.6283]]]}},{"type":"Feature","properties":{"COD_POSTAL":"05417"},"geometry":{"type":"Polygon","coordinates":[[[-5.1614,40.26105],[-5.16589,40.2613],[-5.17413,40.26426],[-5.17962,40.26398],[-5.18252,40.26],[-5.18428,40.25571],[-5.18463,40.25435],[-5.18475,40.25192],[-5.1858,40.25043],[-5.18606,40.24916],[-5.18876,40.24567],[-5.18918,40.24229],[-5.19121,40.23785],[-5.19084,40.2365],[-5.18952,40.23427],[-5.18937,40.2316],[-5.18958,40.23006],[-5.18682,40.22901],[-5.18111,40.22852],[-5.17801,40.22728],[-5.17662,40.22719],[-5.17493,40.22658],[-5.17146,40.22414],[-5.16965,40.22166],[-5.16838,40.22062],[-5.16735,40.22032],[-5.16539,40.21927],[-5.16232,40.21863],[-5.1544,40.21365],[-5.15349,40.21057],[-5.14975,40.20719],[-5.14789,40.206],[-5.14366,40.20132],[-5.14153,40.19956],[-5.14085,40.19681],[-5.13647,40.19526],[-5.1335,40.19382],[-5.13333,40.18912],[-5.13231,40.18631],[-5.13576,40.18489],[-5.13793,40.18167],[-5.13732,40.17699],[-5.13823,40.17344],[-5.13618,40.17103],[-5.13673,40.16735],[-5.13565,40.16681],[-5.13112,40.16309],[-5.12816,40.16199],[-5.12448,40.15671],[-5.12102,40.15396],[-5.11813,40.15292],[-5.11333,40.15197],[-5.11246,40.15291],[-5.10883,40.15444],[-5.10716,40.15883],[-5.10832,40.16341],[-5.10616,40.16607],[-5.11394,40.17604],[-5.1148,40.1804],[-5.11665,40.18614],[-5.11589,40.18778],[-5.1156,40.19117],[-5.11584,40.19725],[-5.11946,40.19929],[-5.12132,40.20275],[-5.12158,40.20498],[-5.11966,40.20795],[-5.1185,40.21275],[-5.11861,40.21504],[-5.11938,40.21917],[-5.11724,40.22077],[-5.11576,40.22424],[-5.11528,40.22613],[-5.11674,40.22909],[-5.11635,40.23189],[-5.11681,40.23345],[-5.11806,40.2353],[-5.11813,40.23576],[-5.11759,40.23767],[-5.11855,40.239],[-5.12288,40.24078],[-5.12594,40.24511],[-5.12952,40.24624],[-5.13106,40.24985],[-5.13393,40.25199],[-5.13953,40.25455],[-5.14492,40.25332],[-5.14674,40.254],[-5.14751,40.25474],[-5.14875,40.25694],[-5.15529,40.26027],[-5.1614,40.26105]]]}},{"type":"Feature","properties":{"COD_POSTAL":"05280"},"geometry":{"type":"Polygon","coordinates":[[[-4.69133,40.74113],[-4.69082,40.74026],[-4.68893,40.7392],[-4.68842,40.73842],[-4.68964,40.7343],[-4.68772,40.7337],[-4.68603,40.7336],[-4.68425,40.73277],[-4.68101,40.73224],[-4.67735,40.73217],[-4.67603,40.73188],[-4.67595,40.73245],[-4.67167,40.73294],[-4.67165,40.7319],[-4.66914,40.73226],[-4.66622,40.73225],[-4.66483,40.73298],[-4.66448,40.7337],[-4.66316,40.73381],[-4.66287,40.73467],[-4.66214,40.73529],[-4.65939,40.7356],[-4.65587,40.73564],[-4.65293,40.7351],[-4.65244,40.73629],[-4.65013,40.73893],[-4.64865,40.73999],[-4.64618,40.74063],[-4.64611,40.74173],[-4.64554,40.74228],[-4.6444,40.74483],[-4.64366,40.74477],[-4.64237,40.74544],[-4.64207,40.74662],[-4.64041,40.74979],[-4.6424,40.75081],[-4.64001,40.75318],[-4.63941,40.75536],[-4.63774,40.75628],[-4.63864,40.76107],[-4.63741,40.7615],[-4.63755,40.76203],[-4.63611,40.76244],[-4.63353,40.76148],[-4.63339,40.7619],[-4.63419,40.76217],[-4.63367,40.7628],[-4.63489,40.7634],[-4.63515,40.76312],[-4.63588,40.76335],[-4.63619,40.76462],[-4.63673,40.76545],[-4.63679,40.76653],[-4.63735,40.76713],[-4.63925,40.7675],[-4.63936,40.7689],[-4.64098,40.76989],[-4.64199,40.77156],[-4.6446,40.77265],[-4.64511,40.77215],[-4.64663,40.77252],[-4.64862,40.77237],[-4.64863,40.77292],[-4.6504,40.77354],[-4.65476,40.77257],[-4.65489,40.77336],[-4.65596,40.77287],[-4.65781,40.7713],[-4.65816,40.77181],[-4.65924,40.77157],[-4.66033,40.77192],[-4.6598,40.77262],[-4.66051,40.7736],[-4.66052,40.77428],[-4.66652,40.7749],[-4.66663,40.77744],[-4.66722,40.77805],[-4.66715,40.77906],[-4.66641,40.78097],[-4.66811,40.78206],[-4.66895,40.78232],[-4.67632,40.76812],[-4.68613,40.75248],[-4.69134,40.74162],[-4.69133,40.74113]]]}},{"type":"Feature","properties":{"COD_POSTAL":"05229"},"geometry":{"type":"Polygon","coordinates":[[[-4.9939,41.02921],[-4.99455,41.02711],[-4.99346,41.02674],[-4.99262,41.02599],[-4.99311,41.02531],[-4.99212,41.02367],[-4.9896,41.02068],[-4.98659,41.01525],[-4.98266,41.01523],[-4.98007,41.01606],[-4.97419,41.01669],[-4.97338,41.01754],[-4.96666,41.01806],[-4.95957,41.01989],[-4.95448,41.0246],[-4.94976,41.02261],[-4.94554,41.02444],[-4.94381,41.02444],[-4.93966,41.02536],[-4.93871,41.02802],[-4.93932,41.03034],[-4.93727,41.03101],[-4.9365,41.03156],[-4.93645,41.03225],[-4.93439,41.0335],[-4.93387,41.03549],[-4.93454,41.0366],[-4.93581,41.03784],[-4.93528,41.03832],[-4.93583,41.03992],[-4.9348,41.04046],[-4.93484,41.04116],[-4.93392,41.04151],[-4.93403,41.04197],[-4.93257,41.04283],[-4.93292,41.04312],[-4.93242,41.04352],[-4.93094,41.0472],[-4.92359,41.04792],[-4.91562,41.04824],[-4.91203,41.04914],[-4.90453,41.04784],[-4.90148,41.04761],[-4.89972,41.04897],[-4.89622,41.05001],[-4.89422,41.0503],[-4.89214,41.05142],[-4.89065,41.05166],[-4.88838,41.05288],[-4.88622,41.05248],[-4.88603,41.05551],[-4.88395,41.05557],[-4.87713,41.05975],[-4.8759,41.06184],[-4.87526,41.06391],[-4.87628,41.06569],[-4.87554,41.06656],[-4.87319,41.0725],[-4.87369,41.07479],[-4.87312,41.07643],[-4.87017,41.08146],[-4.8704,41.08225],[-4.86872,41.08593],[-4.86779,41.08995],[-4.86579,41.09153],[-4.86368,41.09402],[-4.86796,41.0964],[-4.87007,41.09683],[-4.87211,41.09789],[-4.87266,41.09917],[-4.87042,41.09968],[-4.87025,41.10027],[-4.87176,41.10035],[-4.87457,41.10346],[-4.87546,41.10319],[-4.87894,41.10531],[-4.88094,41.10447],[-4.88647,41.10806],[-4.88977,41.10934],[-4.89411,41.11314],[-4.89988,41.11481],[-4.90188,41.1145],[-4.90315,41.11601],[-4.90335,41.11753],[-4.90502,41.11873],[-4.90711,41.11924],[-4.90902,41.11876],[-4.91185,41.11976],[-4.91206,41.11851],[-4.91699,41.11198],[-4.91975,41.11168],[-4.92144,41.11054],[-4.92337,41.10592],[-4.93314,41.09826],[-4.93681,41.09575],[-4.9403,41.09448],[-4.94157,41.09358],[-4.94577,41.08603],[-4.94573,41.08363],[-4.9464,41.08218],[-4.94915,41.07856],[-4.95119,41.07648],[-4.95497,41.07424],[-4.96306,41.06561],[-4.96725,41.06469],[-4.96823,41.0642],[-4.97399,41.06042],[-4.97774,41.0576],[-4.97907,41.05627],[-4.9881,41.05209],[-4.99235,41.05114],[-4.99582,41.0521],[-5.0086,41.04374],[-5.00533,41.04007],[-5.00414,41.03951],[-5.001,41.03619],[-5.00066,41.03499],[-4.99904,41.03251],[-4.99799,41.03183],[-4.9939,41.02921]]]}},{"type":"Feature","properties":{"COD_POSTAL":"05294"},"geometry":{"type":"Polygon","coordinates":[[[-4.52097,40.56493],[-4.51981,40.56593],[-4.51778,40.567],[-4.50946,40.56966],[-4.50357,40.57187],[-4.49901,40.57392],[-4.49692,40.57508],[-4.49388,40.57722],[-4.4944,40.57869],[-4.49349,40.5794],[-4.49252,40.58078],[-4.48988,40.58229],[-4.48667,40.58328],[-4.48598,40.5843],[-4.48537,40.58641],[-4.4854,40.58715],[-4.48558,40.58817],[-4.48613,40.58926],[-4.48872,40.59371],[-4.48827,40.60121],[-4.48886,40.61267],[-4.48352,40.61624],[-4.47895,40.61966],[-4.48248,40.62049],[-4.48921,40.61937],[-4.49112,40.61931],[-4.49481,40.62001],[-4.49664,40.61995],[-4.50199,40.62042],[-4.50961,40.62154],[-4.51292,40.62319],[-4.51396,40.62303],[-4.5148,40.62234],[-4.51938,40.61538],[-4.52023,40.61441],[-4.52397,40.61168],[-4.52924,40.61133],[-4.54426,40.60809],[-4.55415,40.60952],[-4.52158,40.56467],[-4.52097,40.56493]]]}},{"type":"Feature","properties":{"COD_POSTAL":"05190"},"geometry":{"type":"Polygon","coordinates":[[[-4.69596,40.56233],[-4.69922,40.56184],[-4.70169,40.56076],[-4.70319,40.56446],[-4.70296,40.56546],[-4.70294,40.56855],[-4.70478,40.56853],[-4.70721,40.56666],[-4.71092,40.56585],[-4.71206,40.56425],[-4.71288,40.56427],[-4.71331,40.56648],[-4.7147,40.56658],[-4.71708,40.5693],[-4.71998,40.5694],[-4.72089,40.56977],[-4.7216,40.57281],[-4.72069,40.57731],[-4.72357,40.5778],[-4.72804,40.57975],[-4.7328,40.57684],[-4.73678,40.57691],[-4.73797,40.57803],[-4.73814,40.57854],[-4.73924,40.5787],[-4.74129,40.57835],[-4.74031,40.57714],[-4.74033,40.57627],[-4.73985,40.57482],[-4.74245,40.57439],[-4.74399,40.57204],[-4.74639,40.57256],[-4.74752,40.57304],[-4.75033,40.57313],[-4.7512,40.57396],[-4.75347,40.57474],[-4.755,40.5733],[-4.75801,40.57189],[-4.76118,40.57186],[-4.76349,40.57136],[-4.76537,40.57146],[-4.76634,40.57327],[-4.76943,40.57404],[-4.76961,40.57311],[-4.76934,40.57199],[-4.76732,40.5701],[-4.77024,40.5682],[-4.7727,40.56797],[-4.77284,40.56652],[-4.77378,40.56625],[-4.77541,40.56427],[-4.77813,40.56351],[-4.78713,40.5644],[-4.78804,40.56552],[-4.79196,40.56655],[-4.79422,40.56646],[-4.79525,40.56553],[-4.79378,40.56368],[-4.79484,40.563],[-4.79519,40.56146],[-4.79732,40.56033],[-4.79824,40.56028],[-4.79867,40.5595],[-4.80295,40.56044],[-4.80443,40.56044],[-4.80544,40.56085],[-4.80622,40.56068],[-4.80733,40.56141],[-4.80814,40.56154],[-4.8084,40.56137],[-4.80883,40.56086],[-4.80745,40.5599],[-4.80818,40.5586],[-4.80942,40.55765],[-4.811,40.55496],[-4.81285,40.55359],[-4.8133,40.55252],[-4.811,40.55138],[-4.81193,40.55007],[-4.81826,40.55023],[-4.8177,40.54888],[-4.81546,40.54825],[-4.81665,40.54732],[-4.81246,40.54404],[-4.81079,40.54188],[-4.81009,40.53989],[-4.80779,40.53826],[-4.80502,40.53736],[-4.80531,40.5367],[-4.80496,40.5358],[-4.8067,40.53445],[-4.80835,40.53401],[-4.80876,40.53324],[-4.81102,40.53239],[-4.81153,40.53181],[-4.81305,40.53117],[-4.81619,40.5312],[-4.81823,40.52991],[-4.81994,40.52916],[-4.82242,40.5274],[-4.82467,40.52635],[-4.82852,40.5252],[-4.82992,40.52453],[-4.83139,40.52359],[-4.83152,40.52283],[-4.83096,40.5213],[-4.82823,40.52049],[-4.81961,40.51915],[-4.8214,40.51823],[-4.81906,40.51638],[-4.81639,40.51583],[-4.81487,40.51255],[-4.81435,40.5121],[-4.81139,40.51112],[-4.80802,40.51107],[-4.80451,40.50987],[-4.80255,40.50954],[-4.79186,40.5099],[-4.7837,40.50836],[-4.77706,40.50629],[-4.77377,40.50496],[-4.76905,40.50442],[-4.76746,40.50391],[-4.76605,40.50385],[-4.76095,40.50455],[-4.75583,40.50473],[-4.74972,40.50535],[-4.74696,40.50526],[-4.74264,40.50616],[-4.74065,40.50587],[-4.73504,40.50663],[-4.73135,40.50771],[-4.72926,40.50756],[-4.72721,40.50921],[-4.72265,40.51099],[-4.72186,40.5123],[-4.7202,40.5139],[-4.72241,40.51535],[-4.72215,40.51608],[-4.72145,40.51692],[-4.72051,40.51753],[-4.71793,40.51754],[-4.71966,40.51873],[-4.72134,40.51886],[-4.72105,40.52301],[-4.72256,40.52663],[-4.72181,40.52986],[-4.72082,40.53267],[-4.72101,40.53523],[-4.7207,40.53614],[-4.72178,40.5379],[-4.72254,40.53693],[-4.72441,40.53761],[-4.72355,40.53898],[-4.72276,40.5397],[-4.72204,40.54005],[-4.71898,40.54048],[-4.71814,40.54034],[-4.71646,40.53986],[-4.71502,40.53882],[-4.71559,40.53752],[-4.71495,40.5362],[-4.71353,40.53564],[-4.71012,40.53609],[-4.71001,40.5351],[-4.71062,40.53479],[-4.70835,40.5318],[-4.70472,40.52554],[-4.70239,40.5256],[-4.69842,40.52625],[-4.69261,40.52923],[-4.68589,40.53125],[-4.68344,40.53341],[-4.68252,40.53454],[-4.68242,40.53537],[-4.68154,40.53637],[-4.68023,40.53912],[-4.68025,40.53988],[-4.68389,40.54592],[-4.68589,40.54798],[-4.68603,40.54971],[-4.68741,40.55144],[-4.68836,40.55247],[-4.69005,40.55354],[-4.6912,40.55485],[-4.69323,40.55514],[-4.69453,40.55645],[-4.69369,40.55838],[-4.69416,40.56239],[-4.69596,40.56233]]]}},{"type":"Feature","properties":{"COD_POSTAL":"05165"},"geometry":{"type":"Polygon","coordinates":[[[-4.82948,40.89516],[-4.83095,40.89171],[-4.82622,40.8906],[-4.82618,40.89139],[-4.82452,40.89176],[-4.82461,40.89285],[-4.82314,40.8932],[-4.81955,40.88734],[-4.81946,40.88114],[-4.81301,40.87403],[-4.81068,40.87098],[-4.80924,40.8705],[-4.80743,40.87104],[-4.80717,40.87152],[-4.80755,40.87615],[-4.80664,40.8767],[-4.80556,40.87698],[-4.80647,40.87787],[-4.8065,40.87862],[-4.80557,40.87884],[-4.80481,40.87817],[-4.80428,40.87829],[-4.8046,40.8788],[-4.8042,40.87895],[-4.80397,40.8785],[-4.80349,40.87891],[-4.80192,40.87748],[-4.80052,40.87705],[-4.8025,40.87922],[-4.80049,40.8801],[-4.80102,40.88058],[-4.80062,40.88078],[-4.80184,40.8819],[-4.80143,40.88211],[-4.79912,40.87969],[-4.79738,40.88076],[-4.79796,40.88155],[-4.79698,40.88185],[-4.7966,40.88247],[-4.7952,40.88245],[-4.79497,40.88183],[-4.79346,40.88173],[-4.7886,40.88207],[-4.78823,40.88213],[-4.78865,40.88411],[-4.78165,40.88449],[-4.78386,40.88687],[-4.78376,40.88917],[-4.78196,40.89197],[-4.7871,40.89881],[-4.78534,40.90044],[-4.78494,40.90144],[-4.78363,40.90301],[-4.78262,40.90329],[-4.78197,40.90556],[-4.78127,40.90495],[-4.77706,40.90429],[-4.76954,40.90232],[-4.76168,40.90088],[-4.76591,40.89757],[-4.76642,40.89703],[-4.76657,40.89647],[-4.7666,40.89475],[-4.76926,40.89295],[-4.76695,40.89096],[-4.76587,40.89102],[-4.76516,40.89142],[-4.76508,40.89195],[-4.76291,40.89243],[-4.76173,40.89305],[-4.76065,40.89429],[-4.75889,40.89533],[-4.75774,40.89542],[-4.75845,40.89668],[-4.75441,40.89926],[-4.74983,40.89817],[-4.75072,40.89941],[-4.74613,40.89943],[-4.74435,40.90034],[-4.74281,40.89956],[-4.74199,40.8996],[-4.73853,40.90235],[-4.73538,40.90236],[-4.73357,40.89727],[-4.72953,40.89859],[-4.72595,40.9001],[-4.72424,40.90048],[-4.72429,40.90105],[-4.72508,40.90106],[-4.72529,40.90174],[-4.72615,40.90167],[-4.72647,40.90195],[-4.72619,40.90342],[-4.72448,40.90386],[-4.72222,40.90492],[-4.71937,40.90551],[-4.71893,40.90619],[-4.71483,40.90755],[-4.70853,40.91013],[-4.68942,40.91539],[-4.68765,40.9162],[-4.68583,40.91803],[-4.68274,40.92033],[-4.67755,40.92226],[-4.66996,40.92557],[-4.66869,40.92586],[-4.66899,40.92745],[-4.66943,40.92835],[-4.67248,40.92887],[-4.67457,40.93007],[-4.67498,40.93077],[-4.67535,40.9328],[-4.67584,40.93391],[-4.67907,40.93753],[-4.67908,40.93917],[-4.67947,40.94001],[-4.68222,40.94052],[-4.68381,40.94159],[-4.68447,40.94417],[-4.68476,40.94738],[-4.68547,40.94868],[-4.68771,40.95029],[-4.68818,40.95089],[-4.68731,40.95405],[-4.68736,40.95474],[-4.68817,40.95693],[-4.68741,40.95861],[-4.68734,40.95946],[-4.68896,40.9618],[-4.68906,40.96284],[-4.68843,40.96469],[-4.68865,40.96539],[-4.68982,40.96617],[-4.69007,40.96674],[-4.68939,40.96901],[-4.69022,40.97046],[-4.69065,40.97301],[-4.69129,40.97381],[-4.6906,40.97005],[-4.69221,40.97163],[-4.69375,40.97419],[-4.69427,40.9794],[-4.69384,40.98236],[-4.69428,40.98385],[-4.695,40.98386],[-4.70367,40.98143],[-4.71158,40.98027],[-4.71217,40.97992],[-4.715,40.97933],[-4.71728,40.97961],[-4.71827,40.98016],[-4.71873,40.97959],[-4.72095,40.97819],[-4.72111,40.9776],[-4.7209,40.97713],[-4.71964,40.97756],[-4.71894,40.97739],[-4.71953,40.97591],[-4.7203,40.97534],[-4.72273,40.97507],[-4.72498,40.97231],[-4.72549,40.96904],[-4.72834,40.9669],[-4.72945,40.96557],[-4.73013,40.96425],[-4.73093,40.96357],[-4.73156,40.96341],[-4.73282,40.96355],[-4.73421,40.96283],[-4.73438,40.96181],[-4.73372,40.96034],[-4.73386,40.95982],[-4.73445,40.9595],[-4.73735,40.95958],[-4.73824,40.95924],[-4.73906,40.95835],[-4.73947,40.95707],[-4.74021,40.95674],[-4.74211,40.95684],[-4.74315,40.95569],[-4.74482,40.95531],[-4.74531,40.95459],[-4.74554,40.953],[-4.74609,40.95233],[-4.74878,40.9524],[-4.74907,40.95155],[-4.75037,40.95005],[-4.75363,40.9494],[-4.75475,40.94839],[-4.75505,40.94881],[-4.75956,40.95192],[-4.76141,40.95228],[-4.76414,40.95201],[-4.77,40.95296],[-4.77266,40.95292],[-4.77807,40.95351],[-4.78331,40.95121],[-4.79277,40.94961],[-4.79799,40.94787],[-4.80174,40.94619],[-4.80331,40.94594],[-4.80915,40.94372],[-4.80982,40.94292],[-4.81179,40.94252],[-4.81226,40.9415],[-4.81265,40.93964],[-4.81475,40.93421],[-4.81731,40.92936],[-4.81914,40.92737],[-4.81617,40.92577],[-4.81687,40.92468],[-4.81662,40.9237],[-4.81909,40.92147],[-4.82044,40.92108],[-4.82217,40.9186],[-4.82362,40.91705],[-4.82462,40.91628],[-4.82638,40.9158],[-4.83317,40.91573],[-4.83361,40.91482],[-4.84424,40.91232],[-4.83741,40.90221],[-4.83503,40.89941],[-4.83382,40.89561],[-4.82948,40.89516]]]}},{"type":"Feature","properties":{"COD_POSTAL":"05429"},"geometry":{"type":"MultiPolygon","coordinates":[[[[-4.55857,40.28066],[-4.55827,40.27934],[-4.55549,40.27705],[-4.54993,40.27989],[-4.54681,40.28011],[-4.5472,40.28109],[-4.54223,40.28657],[-4.53394,40.28877],[-4.53125,40.29027],[-4.52909,40.29275],[-4.53065,40.29514],[-4.53183,40.29753],[-4.53217,40.30019],[-4.5354,40.30524],[-4.53594,40.30777],[-4.53687,40.30901],[-4.53734,40.31014],[-4.53768,40.31132],[-4.5377,40.31579],[-4.53984,40.32122],[-4.53922,40.32286],[-4.53973,40.32479],[-4.54027,40.3254],[-4.53986,40.32779],[-4.54257,40.32995],[-4.54701,40.33048],[-4.54977,40.32892],[-4.55357,40.32736],[-4.5562,40.32539],[-4.55939,40.32522],[-4.56062,40.32471],[-4.56498,40.32385],[-4.56695,40.32296],[-4.56844,40.32286],[-4.57107,40.31956],[-4.57124,40.31857],[-4.57089,40.31784],[-4.56933,40.31608],[-4.56861,40.31557],[-4.56563,40.31434],[-4.56362,40.31277],[-4.56599,40.31139],[-4.56528,40.31041],[-4.5652,40.30927],[-4.56269,40.30613],[-4.56144,40.3039],[-4.56174,40.29873],[-4.56275,40.29543],[-4.56125,40.29412],[-4.55962,40.29016],[-4.56048,40.28902],[-4.5596,40.28583],[-4.55871,40.28521],[-4.55871,40.28285],[-4.55857,40.28066]]],[[[-4.46095,40.34049],[-4.46275,40.341],[-4.46558,40.3402],[-4.46744,40.34026],[-4.46909,40.34092],[-4.47013,40.34171],[-4.47392,40.34819],[-4.47326,40.3549],[-4.47256,40.35621],[-4.47182,40.35845],[-4.47252,40.36086],[-4.47414,40.36241],[-4.47309,40.36621],[-4.47359,40.36907],[-4.47549,40.36933],[-4.48054,40.37105],[-4.48611,40.37013],[-4.49072,40.36756],[-4.49357,40.36399],[-4.49729,40.36213],[-4.49865,40.36121],[-4.50011,40.35977],[-4.50088,40.35856],[-4.50147,40.35489],[-4.50609,40.353],[-4.51489,40.34766],[-4.51902,40.34753],[-4.52098,40.34663],[-4.52302,40.34608],[-4.5245,40.34481],[-4.52523,40.34464],[-4.52641,40.34491],[-4.52677,40.33823],[-4.52534,40.33802],[-4.52444,40.33748],[-4.52331,40.33737],[-4.52222,40.33625],[-4.5217,40.33631],[-4.52098,40.33584],[-4.51933,40.33348],[-4.51949,40.33282],[-4.51911,40.33205],[-4.51866,40.33174],[-4.51813,40.33056],[-4.51571,40.32918],[-4.51557,40.32846],[-4.51591,40.32798],[-4.51298,40.32058],[-4.51018,40.31846],[-4.50515,40.31535],[-4.50438,40.3151],[-4.50103,40.31546],[-4.49845,40.31623],[-4.49676,40.31768],[-4.49494,40.31809],[-4.49304,40.31898],[-4.49091,40.32045],[-4.48768,40.32053],[-4.48554,40.3211],[-4.48235,40.32063],[-4.47588,40.32032],[-4.47103,40.31937],[-4.46961,40.31983],[-4.46669,40.31967],[-4.46496,40.31844],[-4.46383,40.31855],[-4.46132,40.31929],[-4.45576,40.31935],[-4.45565,40.31958],[-4.45617,40.32083],[-4.45544,40.32206],[-4.45316,40.32476],[-4.45308,40.32956],[-4.45381,40.33309],[-4.45568,40.33529],[-4.45998,40.3383],[-4.46132,40.33978],[-4.46093,40.34005],[-4.46096,40.34048],[-4.46095,40.34049]]]]}},{"type":"Feature","properties":{"COD_POSTAL":"05515"},"geometry":{"type":"Polygon","coordinates":[[[-5.31514,40.49742],[-5.31692,40.49582],[-5.31713,40.49458],[-5.32704,40.49134],[-5.32802,40.49055],[-5.32925,40.49053],[-5.33066,40.48864],[-5.33177,40.48803],[-5.33276,40.48785],[-5.3341,40.4878],[-5.33679,40.48868],[-5.33976,40.489],[-5.34436,40.48871],[-5.34641,40.4891],[-5.34937,40.48929],[-5.35184,40.49023],[-5.35302,40.4901],[-5.35617,40.49041],[-5.35781,40.48992],[-5.3607,40.49093],[-5.36308,40.491],[-5.36289,40.48925],[-5.36318,40.48609],[-5.36373,40.48475],[-5.36575,40.48134],[-5.36864,40.478],[-5.3722,40.47745],[-5.3805,40.47468],[-5.37859,40.47168],[-5.38396,40.47045],[-5.38276,40.46631],[-5.38459,40.46225],[-5.38471,40.45991],[-5.3866,40.45587],[-5.39203,40.44729],[-5.38447,40.44855],[-5.38263,40.4492],[-5.38114,40.44925],[-5.37705,40.44867],[-5.37432,40.44881],[-5.36875,40.44961],[-5.3649,40.45146],[-5.36115,40.45583],[-5.35579,40.45886],[-5.34756,40.45532],[-5.34061,40.45436],[-5.33573,40.45405],[-5.32283,40.44736],[-5.31953,40.44711],[-5.31667,40.44741],[-5.31272,40.44566],[-5.28789,40.44553],[-5.29376,40.44664],[-5.29876,40.44872],[-5.29956,40.45041],[-5.30032,40.45129],[-5.31233,40.46316],[-5.31312,40.46436],[-5.32182,40.46209],[-5.32208,40.4598],[-5.32417,40.45884],[-5.32712,40.45896],[-5.33025,40.45802],[-5.33469,40.45942],[-5.33835,40.4635],[-5.3398,40.46944],[-5.33696,40.47383],[-5.33448,40.4747],[-5.32131,40.47646],[-5.31909,40.47698],[-5.31584,40.47496],[-5.3148,40.47068],[-5.31485,40.46892],[-5.31429,40.46711],[-5.31401,40.46685],[-5.30804,40.46978],[-5.30111,40.47263],[-5.29833,40.47423],[-5.29473,40.47586],[-5.29497,40.47642],[-5.29489,40.47697],[-5.29247,40.47799],[-5.29105,40.47907],[-5.29306,40.48117],[-5.29736,40.48332],[-5.2999,40.48494],[-5.30431,40.48855],[-5.30208,40.49412],[-5.30149,40.49686],[-5.30214,40.49604],[-5.30462,40.49694],[-5.30544,40.49694],[-5.30817,40.49647],[-5.31225,40.49515],[-5.31356,40.49576],[-5.31514,40.49742]]]}},{"type":"Feature","properties":{"COD_POSTAL":"05440"},"geometry":{"type":"Polygon","coordinates":[[[-4.74135,40.29202],[-4.73993,40.29011],[-4.73621,40.28815],[-4.73245,40.28159],[-4.73249,40.27821],[-4.72982,40.27497],[-4.72749,40.27353],[-4.72583,40.27356],[-4.71902,40.27537],[-4.71214,40.27597],[-4.71238,40.27833],[-4.71368,40.28079],[-4.70958,40.28056],[-4.70578,40.28131],[-4.69814,40.28219],[-4.69783,40.28339],[-4.69811,40.2839],[-4.69919,40.2851],[-4.70048,40.28588],[-4.70087,40.28652],[-4.70041,40.28738],[-4.69918,40.28861],[-4.69568,40.28907],[-4.69286,40.29102],[-4.6862,40.29349],[-4.6839,40.29508],[-4.68292,40.2965],[-4.68185,40.2972],[-4.67921,40.29759],[-4.67648,40.2988],[-4.67352,40.29845],[-4.67196,40.2994],[-4.66832,40.29897],[-4.66745,40.29906],[-4.66296,40.30085],[-4.66188,40.30168],[-4.66006,40.30498],[-4.66043,40.30611],[-4.66034,40.30779],[-4.66128,40.3125],[-4.66131,40.31664],[-4.66025,40.31959],[-4.66107,40.32517],[-4.66505,40.32855],[-4.66633,40.32937],[-4.67028,40.3336],[-4.67138,40.33434],[-4.67358,40.33925],[-4.67564,40.34126],[-4.67693,40.34296],[-4.67977,40.3456],[-4.68216,40.34719],[-4.6845,40.34993],[-4.68486,40.3522],[-4.68449,40.35643],[-4.68457,40.35795],[-4.6827,40.36136],[-4.68473,40.36152],[-4.68628,40.36107],[-4.68781,40.36105],[-4.69007,40.35997],[-4.69241,40.35946],[-4.69582,40.35815],[-4.69677,40.35885],[-4.6973,40.35895],[-4.70378,40.35959],[-4.70885,40.35894],[-4.71206,40.36048],[-4.71673,40.35944],[-4.71942,40.35911],[-4.72028,40.35916],[-4.72249,40.3602],[-4.72437,40.35963],[-4.72756,40.35744],[-4.72763,40.3576],[-4.72874,40.35584],[-4.73126,40.35285],[-4.73234,40.35178],[-4.73473,40.35051],[-4.73696,40.3507],[-4.7447,40.34957],[-4.7463,40.34988],[-4.74914,40.34912],[-4.74991,40.34928],[-4.75347,40.34851],[-4.75633,40.34858],[-4.7582,40.34824],[-4.76376,40.34896],[-4.76604,40.34781],[-4.76689,40.34762],[-4.77143,40.34437],[-4.76791,40.33797],[-4.76159,40.33748],[-4.76139,40.33695],[-4.75993,40.33638],[-4.7584,40.33457],[-4.75781,40.33299],[-4.75335,40.33093],[-4.75107,40.32874],[-4.75065,40.32682],[-4.75155,40.32452],[-4.751,40.31879],[-4.74892,40.315],[-4.7484,40.3109],[-4.74417,40.30434],[-4.74421,40.30308],[-4.7457,40.30113],[-4.74604,40.29714],[-4.74415,40.29671],[-4.74278,40.29572],[-4.74135,40.29202]]]}},{"type":"Feature","properties":{"COD_POSTAL":"05122"},"geometry":{"type":"Polygon","coordinates":[[[-4.81362,40.40341],[-4.81779,40.41193],[-4.82431,40.41316],[-4.82407,40.41351],[-4.82434,40.41451],[-4.82675,40.41606],[-4.82736,40.41807],[-4.82867,40.41911],[-4.83259,40.42088],[-4.83477,40.42228],[-4.83608,40.42361],[-4.83576,40.42426],[-4.83582,40.42511],[-4.83662,40.42735],[-4.84198,40.42948],[-4.84858,40.42717],[-4.85491,40.42643],[-4.85869,40.4257],[-4.86211,40.42573],[-4.86446,40.42589],[-4.868,40.42656],[-4.92066,40.43206],[-4.92606,40.43188],[-4.93191,40.43241],[-4.93727,40.43161],[-4.95403,40.43236],[-4.9541,40.43163],[-4.95374,40.4308],[-4.95454,40.43078],[-4.95453,40.4277],[-4.95513,40.42658],[-4.95406,40.42293],[-4.95312,40.422],[-4.9525,40.42031],[-4.95231,40.4191],[-4.95247,40.4183],[-4.92286,40.41844],[-4.91843,40.41799],[-4.91574,40.41816],[-4.91343,40.41792],[-4.91021,40.41683],[-4.906,40.41614],[-4.90433,40.41438],[-4.90193,40.41054],[-4.89527,40.41188],[-4.89406,40.41052],[-4.89259,40.40801],[-4.89104,40.40265],[-4.89072,40.39754],[-4.89035,40.39683],[-4.89077,40.39567],[-4.88287,40.39223],[-4.87918,40.39339],[-4.87819,40.39548],[-4.87795,40.39664],[-4.87602,40.39736],[-4.87579,40.39766],[-4.87578,40.39854],[-4.8762,40.39909],[-4.87741,40.39968],[-4.87773,40.40006],[-4.87767,40.4008],[-4.87648,40.40011],[-4.87624,40.40045],[-4.87596,40.40023],[-4.87569,40.40052],[-4.87531,40.40004],[-4.87446,40.40032],[-4.86976,40.3985],[-4.86464,40.39843],[-4.86234,40.39703],[-4.85969,40.39621],[-4.85745,40.39671],[-4.85434,40.39651],[-4.85387,40.39719],[-4.85257,40.39764],[-4.85176,40.39735],[-4.85185,40.39653],[-4.85155,40.39591],[-4.84957,40.39577],[-4.84483,40.39875],[-4.83627,40.40169],[-4.82066,40.40318],[-4.81842,40.40287],[-4.81716,40.40326],[-4.81579,40.40299],[-4.81362,40.40341]]]}},{"type":"Feature","properties":{"COD_POSTAL":"05430"},"geometry":{"type":"Polygon","coordinates":[[[-4.61119,40.30083],[-4.61343,40.30405],[-4.61442,40.30714],[-4.61874,40.31474],[-4.61958,40.31533],[-4.62357,40.31681],[-4.62963,40.32022],[-4.62955,40.32192],[-4.6305,40.32312],[-4.63241,40.32376],[-4.63386,40.32523],[-4.63316,40.32655],[-4.63354,40.32776],[-4.63267,40.32909],[-4.63141,40.32983],[-4.62959,40.33183],[-4.62872,40.33433],[-4.62778,40.33482],[-4.62704,40.33487],[-4.62505,40.33433],[-4.62386,40.3344],[-4.62212,40.33501],[-4.62165,40.33541],[-4.62155,40.33725],[-4.62294,40.33936],[-4.62242,40.34111],[-4.62259,40.34239],[-4.61565,40.3478],[-4.61585,40.34941],[-4.61524,40.35059],[-4.61385,40.35088],[-4.6123,40.35178],[-4.61125,40.35315],[-4.61066,40.3546],[-4.61644,40.35867],[-4.6242,40.36478],[-4.63092,40.36662],[-4.63728,40.3664],[-4.64051,40.36595],[-4.64158,40.36513],[-4.64616,40.36579],[-4.64704,40.36616],[-4.65009,40.36615],[-4.65252,40.36522],[-4.65738,40.36431],[-4.66057,40.36432],[-4.66709,40.36325],[-4.67633,40.36263],[-4.6827,40.36136],[-4.68457,40.35795],[-4.68449,40.35643],[-4.68486,40.3522],[-4.6845,40.34993],[-4.68216,40.34719],[-4.67977,40.3456],[-4.67693,40.34296],[-4.67564,40.34126],[-4.67358,40.33925],[-4.67138,40.33434],[-4.67028,40.3336],[-4.66633,40.32937],[-4.66505,40.32855],[-4.66107,40.32517],[-4.66025,40.31959],[-4.66131,40.31664],[-4.66128,40.3125],[-4.66034,40.30779],[-4.66043,40.30611],[-4.66006,40.30498],[-4.66188,40.30168],[-4.66362,40.30055],[-4.66496,40.3002],[-4.66745,40.29906],[-4.66832,40.29897],[-4.67196,40.2994],[-4.67352,40.29845],[-4.67648,40.2988],[-4.67921,40.29759],[-4.68185,40.2972],[-4.68292,40.2965],[-4.6839,40.29508],[-4.6862,40.29349],[-4.69286,40.29102],[-4.69568,40.28907],[-4.69918,40.28861],[-4.70041,40.28738],[-4.70079,40.28689],[-4.70079,40.28619],[-4.69864,40.28461],[-4.69783,40.28339],[-4.69814,40.28219],[-4.69773,40.27842],[-4.69691,40.27652],[-4.69491,40.27331],[-4.69526,40.27249],[-4.69564,40.27003],[-4.69541,40.26763],[-4.69415,40.26639],[-4.69757,40.26418],[-4.70072,40.2636],[-4.7026,40.26363],[-4.70305,40.26294],[-4.70289,40.26138],[-4.7018,40.25723],[-4.69524,40.25506],[-4.69475,40.25412],[-4.69292,40.25388],[-4.69212,40.25329],[-4.69125,40.25203],[-4.68952,40.25159],[-4.68841,40.25043],[-4.68608,40.24895],[-4.68502,40.24922],[-4.68287,40.24894],[-4.67674,40.25074],[-4.6747,40.2506],[-4.6726,40.25106],[-4.66874,40.25091],[-4.66766,40.25127],[-4.66545,40.25264],[-4.6638,40.25529],[-4.6621,40.25736],[-4.65644,40.25864],[-4.64373,40.26276],[-4.6411,40.26319],[-4.64055,40.26528],[-4.63928,40.26717],[-4.63896,40.26842],[-4.63968,40.26896],[-4.6411,40.26947],[-4.64265,40.27116],[-4.64017,40.2727],[-4.63399,40.27402],[-4.62991,40.27539],[-4.62743,40.27661],[-4.62337,40.27944],[-4.62273,40.28011],[-4.62115,40.28309],[-4.62105,40.28867],[-4.61863,40.29044],[-4.61698,40.291],[-4.61501,40.29412],[-4.61317,40.29831],[-4.6111,40.30058],[-4.61119,40.30083]]]}},{"type":"Feature","properties":{"COD_POSTAL":"05220"},"geometry":{"type":"Polygon","coordinates":[[[-4.95815,41.0709],[-4.95497,41.07424],[-4.95119,41.07648],[-4.94915,41.07856],[-4.9464,41.08218],[-4.94573,41.08363],[-4.94577,41.08603],[-4.94157,41.09358],[-4.94506,41.09405],[-4.94931,41.09398],[-4.9514,41.09456],[-4.95263,41.09555],[-4.95842,41.09816],[-4.96527,41.10236],[-4.9679,41.10189],[-4.9679,41.10235],[-4.96864,41.10264],[-4.9687,41.10309],[-4.96811,41.10431],[-4.96812,41.10834],[-4.96953,41.1093],[-4.96807,41.11238],[-4.97006,41.11561],[-4.96857,41.11738],[-4.96572,41.11917],[-4.96501,41.12063],[-4.96287,41.12349],[-4.96239,41.12559],[-4.96029,41.12888],[-4.95661,41.12994],[-4.9576,41.13187],[-4.96336,41.1298],[-4.96738,41.12978],[-4.96881,41.12791],[-4.97329,41.12535],[-4.97473,41.125],[-4.97871,41.12463],[-4.98332,41.12219],[-4.98687,41.12144],[-4.99013,41.12011],[-4.99224,41.11984],[-4.99489,41.12088],[-4.99591,41.12229],[-4.9973,41.12246],[-4.99793,41.12283],[-4.99953,41.12241],[-4.99941,41.12419],[-5.0009,41.12529],[-4.99916,41.12602],[-4.99922,41.12728],[-4.99864,41.1288],[-5.00075,41.13218],[-4.99808,41.1378],[-5.00036,41.14398],[-5.00263,41.1467],[-5.00366,41.14759],[-5.01563,41.15428],[-5.01986,41.15456],[-5.02463,41.15225],[-5.0258,41.1521],[-5.02965,41.15029],[-5.03345,41.14907],[-5.04078,41.14621],[-5.04401,41.14452],[-5.04646,41.14375],[-5.05224,41.14097],[-5.05986,41.13862],[-5.06265,41.13833],[-5.06799,41.13835],[-5.07094,41.13896],[-5.07599,41.1394],[-5.07825,41.14054],[-5.08184,41.1418],[-5.08354,41.14285],[-5.08687,41.14338],[-5.10013,41.1471],[-5.10181,41.14484],[-5.10231,41.14268],[-5.10603,41.13964],[-5.10731,41.13918],[-5.11015,41.13691],[-5.11144,41.13501],[-5.11282,41.13546],[-5.11299,41.13639],[-5.11893,41.13626],[-5.12404,41.1356],[-5.12662,41.12574],[-5.12694,41.12286],[-5.12793,41.11814],[-5.12917,41.10538],[-5.11725,41.10528],[-5.11529,41.10189],[-5.111,41.10255],[-5.10963,41.10399],[-5.10554,41.10638],[-5.10215,41.10773],[-5.08286,41.0968],[-5.07445,41.09155],[-5.07161,41.08638],[-5.05418,41.0745],[-5.05913,41.07034],[-5.06185,41.06558],[-5.06336,41.06436],[-5.06107,41.06266],[-5.04755,41.06025],[-5.04577,41.06053],[-5.04315,41.05814],[-5.04176,41.05619],[-5.03727,41.0557],[-5.0365,41.05144],[-5.03478,41.05151],[-5.02976,41.04819],[-5.02761,41.04918],[-5.02636,41.04844],[-5.02643,41.04708],[-5.02339,41.04419],[-5.02252,41.0424],[-5.02337,41.04121],[-5.02187,41.03802],[-5.01618,41.03994],[-5.01343,41.04177],[-5.01038,41.0423],[-5.0086,41.04374],[-4.99582,41.0521],[-4.99235,41.05114],[-4.9881,41.05209],[-4.97907,41.05627],[-4.97774,41.0576],[-4.97399,41.06042],[-4.96823,41.0642],[-4.96725,41.06469],[-4.96306,41.06561],[-4.95815,41.0709]]]}},{"type":"Feature","properties":{"COD_POSTAL":"05145"},"geometry":{"type":"Polygon","coordinates":[[[-5.11474,40.64023],[-5.11209,40.63058],[-5.10631,40.62875],[-5.09561,40.62962],[-5.0809,40.61788],[-5.07105,40.61396],[-5.06829,40.61233],[-5.06477,40.61311],[-5.06317,40.61299],[-5.05459,40.6153],[-5.05079,40.61677],[-5.04909,40.6169],[-5.04611,40.61635],[-5.04407,40.61708],[-5.04159,40.61707],[-5.03922,40.61878],[-5.0362,40.61985],[-5.03492,40.62137],[-5.0353,40.62204],[-5.03667,40.62326],[-5.03476,40.62554],[-5.0301,40.62618],[-5.03029,40.62759],[-5.02981,40.62793],[-5.02657,40.62811],[-5.02551,40.62795],[-5.02395,40.6282],[-5.02287,40.62794],[-5.0211,40.62902],[-5.01842,40.63239],[-5.01457,40.6328],[-5.01167,40.63537],[-5.00971,40.63576],[-5.00917,40.63733],[-5.00792,40.63813],[-5.00744,40.63945],[-5.01,40.6411],[-5.0099,40.64157],[-5.01192,40.64295],[-5.0187,40.64567],[-5.02082,40.64578],[-5.02232,40.64626],[-5.02564,40.64551],[-5.02664,40.64492],[-5.02758,40.64574],[-5.02949,40.6482],[-5.02919,40.65097],[-5.03153,40.65319],[-5.03159,40.65537],[-5.03184,40.65582],[-5.03374,40.65737],[-5.03511,40.65985],[-5.03494,40.66184],[-5.03558,40.66402],[-5.03683,40.66583],[-5.03677,40.66613],[-5.03464,40.66728],[-5.03779,40.66783],[-5.04221,40.67164],[-5.04243,40.67434],[-5.04697,40.6789],[-5.04697,40.67969],[-5.04617,40.68096],[-5.04602,40.68229],[-5.04691,40.6824],[-5.0485,40.68178],[-5.04969,40.68162],[-5.0519,40.68188],[-5.05252,40.68206],[-5.05342,40.68294],[-5.05393,40.68486],[-5.05456,40.68576],[-5.05576,40.68616],[-5.05992,40.68565],[-5.05996,40.68625],[-5.05862,40.68841],[-5.0545,40.69217],[-5.0533,40.69402],[-5.05177,40.69521],[-5.04012,40.69306],[-5.03809,40.69202],[-5.03701,40.69116],[-5.03093,40.68838],[-5.02983,40.68738],[-5.02803,40.68737],[-5.02668,40.68664],[-5.026,40.68744],[-5.02957,40.68889],[-5.02728,40.69023],[-5.02449,40.68952],[-5.0228,40.6904],[-5.02078,40.69263],[-5.01958,40.69324],[-5.01881,40.69545],[-5.01764,40.6963],[-5.01836,40.69694],[-5.0179,40.69856],[-5.01734,40.69881],[-5.01688,40.69873],[-5.01531,40.69781],[-5.01438,40.69805],[-5.01354,40.69913],[-5.0106,40.70023],[-5.00674,40.70053],[-5.00439,40.69975],[-5.003,40.70001],[-5.00137,40.69969],[-5.00179,40.70048],[-5.00182,40.70161],[-5.00368,40.70214],[-5.008,40.70529],[-5.00803,40.70667],[-5.01015,40.70704],[-5.00969,40.70904],[-5.01044,40.71184],[-5.01184,40.71188],[-5.01391,40.71149],[-5.01675,40.71181],[-5.01671,40.71205],[-5.02455,40.71261],[-5.02416,40.71466],[-5.02476,40.71557],[-5.02495,40.71696],[-5.02548,40.71798],[-5.02531,40.71923],[-5.02683,40.72202],[-5.02844,40.72319],[-5.02894,40.72507],[-5.02833,40.72566],[-5.02994,40.72687],[-5.03612,40.72879],[-5.04032,40.72912],[-5.04081,40.7295],[-5.04089,40.73028],[-5.04245,40.72979],[-5.04299,40.72991],[-5.04285,40.73048],[-5.04178,40.73184],[-5.04183,40.73204],[-5.04354,40.73233],[-5.04467,40.73324],[-5.04478,40.73439],[-5.04514,40.73493],[-5.0438,40.73585],[-5.04469,40.73665],[-5.04325,40.7378],[-5.04348,40.73831],[-5.04451,40.73863],[-5.04548,40.7374],[-5.04697,40.73669],[-5.04823,40.73518],[-5.05126,40.72469],[-5.05152,40.71944],[-5.05137,40.71566],[-5.05475,40.70846],[-5.06091,40.7094],[-5.06108,40.70799],[-5.05924,40.70755],[-5.05761,40.70676],[-5.05677,40.70666],[-5.05681,40.70589],[-5.06042,40.70669],[-5.06359,40.70694],[-5.06394,40.70645],[-5.0628,40.70614],[-5.0633,40.70517],[-5.0566,40.70232],[-5.05626,40.70147],[-5.05371,40.70154],[-5.05356,40.70104],[-5.05418,40.70076],[-5.05566,40.70073],[-5.05878,40.70157],[-5.06047,40.70249],[-5.06351,40.70019],[-5.06436,40.70051],[-5.06626,40.70207],[-5.06745,40.70139],[-5.0686,40.70246],[-5.07079,40.70097],[-5.07402,40.6974],[-5.07496,40.69757],[-5.07807,40.69369],[-5.08258,40.69357],[-5.08626,40.69394],[-5.08642,40.69053],[-5.08563,40.68969],[-5.08222,40.68975],[-5.08159,40.68928],[-5.08153,40.68875],[-5.08183,40.68756],[-5.08261,40.68632],[-5.08347,40.68676],[-5.08513,40.68485],[-5.08544,40.68408],[-5.08513,40.68354],[-5.08619,40.68244],[-5.08401,40.68123],[-5.08145,40.68347],[-5.07992,40.68304],[-5.08046,40.68268],[-5.07935,40.6816],[-5.08181,40.67997],[-5.07712,40.6772],[-5.08457,40.67223],[-5.08395,40.66741],[-5.09701,40.66392],[-5.09993,40.66353],[-5.10447,40.66081],[-5.10849,40.65568],[-5.11022,40.65557],[-5.11415,40.65618],[-5.11507,40.65711],[-5.12253,40.65543],[-5.11474,40.64023]]]}},{"type":"Feature","properties":{"COD_POSTAL":"05213"},"geometry":{"type":"Polygon","coordinates":[[[-4.82488,40.99788],[-4.82393,40.99908],[-4.82244,41.0045],[-4.81954,41.00832],[-4.81881,41.0148],[-4.82093,41.0183],[-4.82199,41.01875],[-4.82318,41.02216],[-4.82979,41.02552],[-4.83984,41.02959],[-4.84229,41.02863],[-4.84947,41.02709],[-4.85268,41.02541],[-4.85432,41.02483],[-4.85608,41.02567],[-4.86289,41.02437],[-4.86572,41.02426],[-4.86837,41.02384],[-4.87232,41.02105],[-4.87366,41.01601],[-4.87815,41.01386],[-4.88455,41.00964],[-4.88613,41.00998],[-4.88716,41.00957],[-4.88718,41.0079],[-4.88903,41.00705],[-4.89068,41.00576],[-4.88998,41.0044],[-4.88955,41.00017],[-4.88838,40.99666],[-4.88644,40.99449],[-4.88435,40.99163],[-4.88034,40.98539],[-4.87913,40.98297],[-4.8795,40.98221],[-4.87621,40.97906],[-4.8734,40.97725],[-4.86885,40.97527],[-4.86447,40.9776],[-4.85979,40.98052],[-4.85626,40.98179],[-4.84863,40.98191],[-4.84424,40.98279],[-4.83708,40.98469],[-4.83162,40.98422],[-4.82774,40.98462],[-4.82734,40.98534],[-4.82779,40.9863],[-4.82755,40.98794],[-4.82472,40.98927],[-4.82723,40.9917],[-4.82488,40.99788]]]}},{"type":"Feature","properties":{"COD_POSTAL":"05358"},"geometry":{"type":"Polygon","coordinates":[[[-4.84493,40.80616],[-4.8447,40.80472],[-4.84191,40.80477],[-4.84207,40.80414],[-4.84007,40.80431],[-4.83924,40.80662],[-4.83792,40.80533],[-4.83588,40.80518],[-4.83591,40.80625],[-4.83438,40.80753],[-4.83743,40.80679],[-4.83712,40.80715],[-4.83541,40.80871],[-4.83466,40.80881],[-4.834,40.80828],[-4.83331,40.80954],[-4.83362,40.81067],[-4.83233,40.81125],[-4.83085,40.81103],[-4.83064,40.81008],[-4.82939,40.80821],[-4.82849,40.80577],[-4.82619,40.80623],[-4.82256,40.80551],[-4.82277,40.80386],[-4.82453,40.80397],[-4.82415,40.80236],[-4.81824,40.80195],[-4.81777,40.80098],[-4.81829,40.79552],[-4.81567,40.79439],[-4.81288,40.791],[-4.8112,40.79171],[-4.81,40.79018],[-4.81156,40.78943],[-4.8093,40.78763],[-4.8073,40.78896],[-4.80789,40.78959],[-4.80429,40.7914],[-4.80371,40.79132],[-4.80234,40.79212],[-4.80249,40.79278],[-4.79907,40.79531],[-4.80024,40.79611],[-4.79904,40.79651],[-4.80169,40.79884],[-4.80137,40.80009],[-4.80241,40.8005],[-4.80045,40.80213],[-4.80063,40.80356],[-4.80228,40.80393],[-4.80236,40.80522],[-4.80363,40.80499],[-4.80367,40.80603],[-4.80408,40.80718],[-4.80539,40.80755],[-4.80565,40.80949],[-4.80874,40.81059],[-4.80908,40.81169],[-4.80976,40.81168],[-4.81041,40.81351],[-4.81259,40.81385],[-4.81172,40.81491],[-4.81242,40.81495],[-4.81318,40.81583],[-4.81414,40.81746],[-4.81388,40.81789],[-4.81474,40.81878],[-4.81503,40.81943],[-4.81529,40.8203],[-4.81512,40.82117],[-4.81541,40.82178],[-4.81481,40.82211],[-4.81639,40.82338],[-4.81672,40.82271],[-4.81783,40.82344],[-4.81735,40.82417],[-4.81303,40.82703],[-4.81407,40.82857],[-4.81687,40.82741],[-4.81773,40.82833],[-4.81737,40.82886],[-4.81839,40.82953],[-4.81957,40.82807],[-4.82095,40.8292],[-4.82514,40.83006],[-4.82432,40.83232],[-4.82427,40.83378],[-4.82255,40.83472],[-4.82037,40.83396],[-4.81988,40.83438],[-4.82103,40.83519],[-4.8203,40.83608],[-4.8211,40.83681],[-4.82055,40.83796],[-4.82049,40.83867],[-4.82112,40.83887],[-4.82007,40.83939],[-4.81891,40.8396],[-4.81929,40.83985],[-4.81822,40.84076],[-4.82237,40.84319],[-4.82453,40.84491],[-4.82368,40.8455],[-4.8243,40.84583],[-4.82262,40.8465],[-4.82308,40.84716],[-4.82279,40.84808],[-4.82432,40.84764],[-4.82362,40.84876],[-4.82225,40.85021],[-4.82132,40.85038],[-4.82044,40.84944],[-4.81923,40.84999],[-4.82107,40.85201],[-4.8206,40.85233],[-4.82133,40.85331],[-4.82031,40.85412],[-4.8218,40.85603],[-4.8174,40.85883],[-4.82194,40.864],[-4.82049,40.86379],[-4.82076,40.86424],[-4.81918,40.86427],[-4.8189,40.86495],[-4.81944,40.86589],[-4.82039,40.86598],[-4.82006,40.86641],[-4.81758,40.86721],[-4.81854,40.86909],[-4.82216,40.86827],[-4.82182,40.87046],[-4.82187,40.87191],[-4.82319,40.87224],[-4.82295,40.87268],[-4.8233,40.87389],[-4.8216,40.87392],[-4.82101,40.87463],[-4.82033,40.87423],[-4.82059,40.87401],[-4.82015,40.87383],[-4.82048,40.8734],[-4.81974,40.87298],[-4.82008,40.87273],[-4.81865,40.8716],[-4.81422,40.8702],[-4.8141,40.87316],[-4.81301,40.87403],[-4.81946,40.88114],[-4.81955,40.88734],[-4.82314,40.8932],[-4.82461,40.89285],[-4.82452,40.89176],[-4.82618,40.89139],[-4.82622,40.8906],[-4.83095,40.89171],[-4.82948,40.89516],[-4.83382,40.89561],[-4.83503,40.89941],[-4.83741,40.90221],[-4.84424,40.91232],[-4.84543,40.91336],[-4.85431,40.91099],[-4.8594,40.90576],[-4.8643,40.90183],[-4.86698,40.90308],[-4.8676,40.90244],[-4.89325,40.89402],[-4.89665,40.89216],[-4.9,40.89118],[-4.89928,40.89051],[-4.89992,40.8878],[-4.90179,40.88412],[-4.90605,40.87996],[-4.90597,40.87923],[-4.90691,40.87913],[-4.90685,40.87829],[-4.90852,40.87793],[-4.90876,40.87365],[-4.90965,40.87386],[-4.90955,40.87283],[-4.91185,40.87152],[-4.91103,40.8705],[-4.91175,40.86886],[-4.91481,40.8679],[-4.9147,40.86725],[-4.90441,40.85883],[-4.9065,40.85647],[-4.90436,40.8535],[-4.90233,40.85378],[-4.90236,40.85323],[-4.90545,40.84742],[-4.90884,40.84878],[-4.90904,40.84543],[-4.91211,40.84594],[-4.91045,40.83977],[-4.91143,40.83686],[-4.91416,40.83618],[-4.91448,40.83431],[-4.91496,40.83472],[-4.91504,40.83098],[-4.91327,40.82986],[-4.91108,40.82715],[-4.90513,40.82795],[-4.90356,40.82454],[-4.90266,40.81575],[-4.90244,40.81553],[-4.89946,40.81489],[-4.90006,40.81356],[-4.89858,40.80961],[-4.89676,40.80854],[-4.89159,40.80989],[-4.89113,40.81044],[-4.89026,40.81041],[-4.88959,40.8124],[-4.8883,40.8124],[-4.88778,40.81387],[-4.88829,40.81525],[-4.88719,40.81485],[-4.88595,40.81498],[-4.8862,40.81583],[-4.88571,40.81594],[-4.88495,40.81515],[-4.88358,40.81465],[-4.8798,40.81555],[-4.87726,40.81552],[-4.878,40.81417],[-4.87298,40.81368],[-4.87244,40.81401],[-4.87295,40.8145],[-4.87226,40.81542],[-4.87004,40.81682],[-4.86904,40.81797],[-4.86925,40.81857],[-4.8683,40.81879],[-4.8651,40.82131],[-4.86147,40.82009],[-4.86146,40.81937],[-4.85896,40.81866],[-4.85854,40.81773],[-4.85575,40.8177],[-4.8554,40.81884],[-4.85361,40.81792],[-4.85145,40.81954],[-4.849,40.81826],[-4.84866,40.8186],[-4.84768,40.81836],[-4.8461,40.81605],[-4.84533,40.8161],[-4.84486,40.81377],[-4.84504,40.8126],[-4.84546,40.81179],[-4.84546,40.80933],[-4.84463,40.80867],[-4.84347,40.80905],[-4.84385,40.80704],[-4.84381,40.806],[-4.84493,40.80616]]]}},{"type":"Feature","properties":{"COD_POSTAL":"05693"},"geometry":{"type":"Polygon","coordinates":[[[-5.60621,40.27471],[-5.60677,40.27269],[-5.59553,40.24472],[-5.58959,40.23109],[-5.58863,40.24562],[-5.58681,40.25029],[-5.58495,40.25338],[-5.58619,40.25497],[-5.58669,40.25893],[-5.58642,40.25995],[-5.58546,40.26203],[-5.58372,40.26272],[-5.58197,40.26472],[-5.58173,40.26645],[-5.58215,40.26827],[-5.58152,40.26931],[-5.58045,40.27273],[-5.57916,40.27497],[-5.57365,40.27635],[-5.56735,40.28225],[-5.56719,40.28627],[-5.56629,40.28914],[-5.56868,40.29702],[-5.56797,40.29957],[-5.56275,40.30251],[-5.56075,40.30271],[-5.55853,40.3097],[-5.558,40.31163],[-5.55748,40.31604],[-5.55627,40.32061],[-5.55549,40.32271],[-5.55436,40.32466],[-5.55944,40.33209],[-5.56466,40.33481],[-5.56674,40.33553],[-5.56804,40.33628],[-5.57196,40.33744],[-5.57589,40.33345],[-5.57795,40.33253],[-5.58681,40.3257],[-5.58733,40.32447],[-5.58889,40.32283],[-5.5916,40.31875],[-5.59953,40.31233],[-5.605,40.31078],[-5.61378,40.29924],[-5.60817,40.28228],[-5.60691,40.27979],[-5.60616,40.27527],[-5.60621,40.27471]]]}},{"type":"Feature","properties":{"COD_POSTAL":"05413"},"geometry":{"type":"MultiPolygon","coordinates":[[[[-4.99799,40.26194],[-5.00318,40.26253],[-5.00602,40.26073],[-5.01562,40.2452],[-5.0193,40.24295],[-5.02832,40.23535],[-5.03368,40.22253],[-5.03267,40.22243],[-5.03138,40.21796],[-5.02969,40.21729],[-5.02513,40.20848],[-5.01977,40.20551],[-5.02086,40.20289],[-5.01798,40.20259],[-5.01668,40.19647],[-5.01483,40.19574],[-5.01195,40.19552],[-4.99877,40.19859],[-4.99104,40.19609],[-4.98764,40.18932],[-4.98908,40.17547],[-4.9885,40.16159],[-4.98703,40.16056],[-4.98519,40.15994],[-4.98123,40.16036],[-4.97886,40.16007],[-4.97832,40.15973],[-4.97529,40.15634],[-4.974,40.15601],[-4.97392,40.15643],[-4.97269,40.15789],[-4.97228,40.16052],[-4.96984,40.1697],[-4.97174,40.17365],[-4.97329,40.17599],[-4.96884,40.17772],[-4.97013,40.18575],[-4.97173,40.18953],[-4.97231,40.19206],[-4.97223,40.19469],[-4.97106,40.1968],[-4.97176,40.20198],[-4.97193,40.2056],[-4.97214,40.20632],[-4.97369,40.20798],[-4.97467,40.20863],[-4.97499,40.20921],[-4.97559,40.21393],[-4.97513,40.2161],[-4.97535,40.21692],[-4.97426,40.21807],[-4.9732,40.22169],[-4.97394,40.22341],[-4.97822,40.22155],[-4.98261,40.22094],[-4.98916,40.2214],[-4.99265,40.22112],[-4.99514,40.21998],[-4.99557,40.2208],[-4.99595,40.22313],[-4.99586,40.22351],[-4.99484,40.22433],[-4.99476,40.22552],[-4.98989,40.22916],[-4.98916,40.23035],[-4.9905,40.2321],[-4.99077,40.23427],[-4.99065,40.23522],[-4.99173,40.23859],[-4.99168,40.23926],[-4.99044,40.24077],[-4.98635,40.24351],[-4.98665,40.24553],[-4.98532,40.24758],[-4.98259,40.24816],[-4.98519,40.2518],[-4.98561,40.25299],[-4.98704,40.25482],[-4.9881,40.25719],[-4.99228,40.25755],[-4.99611,40.25862],[-4.99828,40.26003],[-4.99772,40.2616],[-4.99799,40.26194]]],[[[-5.01362,40.34229],[-5.01434,40.3405],[-5.01495,40.34015],[-5.01503,40.33961],[-5.01321,40.33802],[-5.01373,40.33688],[-5.01332,40.33635],[-5.01378,40.33525],[-5.01313,40.33386],[-5.01376,40.3331],[-5.01345,40.3328],[-5.0137,40.33195],[-5.01358,40.33117],[-5.01239,40.32961],[-5.01353,40.32621],[-5.01414,40.32521],[-5.01496,40.32243],[-5.01307,40.31866],[-5.00866,40.31166],[-5.00698,40.3076],[-5.00552,40.30238],[-5.00457,40.29988],[-5.00226,40.29489],[-5.0029,40.2927],[-5.00255,40.29145],[-5.00202,40.29072],[-5.00259,40.28876],[-5.00529,40.28715],[-5.00553,40.2867],[-5.00553,40.28315],[-5.0061,40.2822],[-5.00602,40.28101],[-5.00666,40.28018],[-5.006,40.27879],[-5.00918,40.27594],[-5.00758,40.27508],[-5.00766,40.27414],[-5.00711,40.27256],[-5.00588,40.27059],[-5.00643,40.26919],[-5.00456,40.26803],[-5.0028,40.26872],[-5.00132,40.26842],[-5.00091,40.26978],[-4.99981,40.27093],[-4.99822,40.27199],[-4.99723,40.27342],[-4.99579,40.27417],[-4.99408,40.27624],[-4.99219,40.27713],[-4.99086,40.27846],[-4.98929,40.27938],[-4.98904,40.28084],[-4.98613,40.2847],[-4.98463,40.28723],[-4.9764,40.2925],[-4.97249,40.29316],[-4.97061,40.29482],[-4.96907,40.29488],[-4.96714,40.29555],[-4.96199,40.29862],[-4.96207,40.29912],[-4.96152,40.29898],[-4.96172,40.29945],[-4.96079,40.29985],[-4.96205,40.30437],[-4.9598,40.3066],[-4.95485,40.31077],[-4.95466,40.31164],[-4.95477,40.31527],[-4.95616,40.31937],[-4.9542,40.32297],[-4.95363,40.32609],[-4.95457,40.33357],[-4.95451,40.33545],[-4.95358,40.33931],[-4.95305,40.34516],[-4.95273,40.34571],[-4.95244,40.34792],[-4.95189,40.34892],[-4.95088,40.34992],[-4.94927,40.35375],[-4.94881,40.35433],[-4.95304,40.35461],[-4.9661,40.35744],[-4.97222,40.35937],[-4.97894,40.36364],[-4.9816,40.36583],[-4.99237,40.37011],[-4.99698,40.37246],[-5.00318,40.37184],[-5.00649,40.37267],[-5.00971,40.37079],[-5.01557,40.36967],[-5.01563,40.36913],[-5.0151,40.36842],[-5.01495,40.36448],[-5.01435,40.36333],[-5.01506,40.36018],[-5.014,40.35818],[-5.01485,40.3529],[-5.01262,40.3513],[-5.01354,40.3487],[-5.01313,40.34748],[-5.01421,40.34654],[-5.01376,40.34485],[-5.01354,40.34272],[-5.01362,40.34229]]]]}},{"type":"Feature","properties":{"COD_POSTAL":"05290"},"geometry":{"type":"Polygon","coordinates":[[[-4.6806,40.87364],[-4.68147,40.8722],[-4.68292,40.87119],[-4.68391,40.86984],[-4.68387,40.86906],[-4.68322,40.86781],[-4.68324,40.8669],[-4.68354,40.86652],[-4.6852,40.86564],[-4.68602,40.86444],[-4.68613,40.86312],[-4.68553,40.86089],[-4.68608,40.85917],[-4.68296,40.85841],[-4.68166,40.85842],[-4.67854,40.85716],[-4.67567,40.8568],[-4.67367,40.85704],[-4.66721,40.85663],[-4.66384,40.85622],[-4.66073,40.85552],[-4.65427,40.85629],[-4.65182,40.85572],[-4.64305,40.85642],[-4.63644,40.8559],[-4.63142,40.85672],[-4.63141,40.85752],[-4.62879,40.8575],[-4.629,40.85828],[-4.62838,40.85829],[-4.6283,40.85859],[-4.62799,40.85864],[-4.62758,40.85733],[-4.62704,40.85746],[-4.62719,40.85831],[-4.62695,40.85834],[-4.62646,40.85724],[-4.62656,40.85591],[-4.62602,40.8549],[-4.62625,40.85801],[-4.62568,40.85812],[-4.62561,40.85734],[-4.6226,40.85799],[-4.62088,40.85746],[-4.62071,40.85694],[-4.62028,40.8572],[-4.62105,40.85875],[-4.62063,40.85895],[-4.62197,40.85979],[-4.62173,40.85997],[-4.62079,40.85941],[-4.61823,40.85868],[-4.61845,40.86003],[-4.61807,40.86015],[-4.61887,40.86161],[-4.61792,40.86203],[-4.61706,40.86207],[-4.61666,40.86295],[-4.61551,40.86426],[-4.61548,40.86626],[-4.61473,40.86653],[-4.61433,40.86859],[-4.61389,40.86855],[-4.61375,40.8693],[-4.61212,40.86927],[-4.61243,40.86987],[-4.60913,40.86972],[-4.60885,40.87119],[-4.60891,40.87636],[-4.60795,40.87637],[-4.60775,40.87721],[-4.60302,40.87639],[-4.6045,40.87434],[-4.60315,40.87361],[-4.60305,40.87401],[-4.60111,40.8737],[-4.60103,40.87413],[-4.60002,40.87316],[-4.60021,40.87238],[-4.59692,40.87232],[-4.59446,40.87149],[-4.59311,40.87174],[-4.59236,40.87159],[-4.59204,40.87112],[-4.59086,40.87139],[-4.58894,40.87137],[-4.58849,40.87191],[-4.58792,40.87098],[-4.58667,40.87087],[-4.58603,40.86971],[-4.58286,40.86684],[-4.58324,40.86489],[-4.58297,40.86142],[-4.58363,40.85863],[-4.58023,40.85635],[-4.57937,40.85612],[-4.57578,40.85786],[-4.57022,40.85693],[-4.56835,40.85707],[-4.5669,40.85757],[-4.56624,40.85826],[-4.56655,40.86132],[-4.56636,40.8619],[-4.56522,40.86372],[-4.56385,40.86488],[-4.56298,40.86616],[-4.56324,40.86701],[-4.56475,40.868],[-4.56533,40.86886],[-4.56613,40.871],[-4.56602,40.8715],[-4.56499,40.87344],[-4.5612,40.87757],[-4.56093,40.87871],[-4.55967,40.88034],[-4.55926,40.8815],[-4.55937,40.8819],[-4.56005,40.88255],[-4.56012,40.88372],[-4.55943,40.88677],[-4.55832,40.88881],[-4.55617,40.89131],[-4.55531,40.89364],[-4.55517,40.89497],[-4.55555,40.89793],[-4.55508,40.90012],[-4.55518,40.90123],[-4.55636,40.90251],[-4.5564,40.90328],[-4.55245,40.90746],[-4.55362,40.90821],[-4.55316,40.909],[-4.55448,40.90994],[-4.55733,40.91088],[-4.55864,40.91216],[-4.55928,40.9132],[-4.55928,40.91652],[-4.56016,40.91627],[-4.5608,40.91652],[-4.56104,40.91634],[-4.56835,40.91755],[-4.57079,40.91702],[-4.57438,40.91683],[-4.57586,40.91642],[-4.58142,40.91701],[-4.58854,40.91582],[-4.59135,40.91658],[-4.59338,40.91655],[-4.59482,40.91684],[-4.5982,40.917],[-4.60085,40.91805],[-4.6009,40.91868],[-4.60445,40.91876],[-4.60799,40.91954],[-4.61329,40.9189],[-4.61448,40.91895],[-4.61439,40.91389],[-4.61733,40.9112],[-4.61914,40.91257],[-4.62025,40.91231],[-4.62071,40.90905],[-4.62084,40.90279],[-4.62183,40.9025],[-4.62199,40.902],[-4.62396,40.90206],[-4.62587,40.90249],[-4.62767,40.89643],[-4.62966,40.89671],[-4.63005,40.89736],[-4.63446,40.89705],[-4.63559,40.89806],[-4.63623,40.89778],[-4.63635,40.89808],[-4.63772,40.89803],[-4.63801,40.8986],[-4.63899,40.89857],[-4.63742,40.89484],[-4.6405,40.89429],[-4.65657,40.88866],[-4.66771,40.88916],[-4.66904,40.89022],[-4.67075,40.88946],[-4.67289,40.88732],[-4.67314,40.88643],[-4.67324,40.88399],[-4.67394,40.8827],[-4.6751,40.88194],[-4.67687,40.88194],[-4.67763,40.8814],[-4.67785,40.88045],[-4.67688,40.87883],[-4.67698,40.87845],[-4.67852,40.87669],[-4.68001,40.8763],[-4.68037,40.87555],[-4.68038,40.87469],[-4.6806,40.87364]]]}},{"type":"Feature","properties":{"COD_POSTAL":"05310"},"geometry":{"type":"Polygon","coordinates":[[[-4.97458,40.90848],[-4.97562,40.9073],[-4.97162,40.90429],[-4.97174,40.90212],[-4.97219,40.90177],[-4.96912,40.90027],[-4.96876,40.9006],[-4.96589,40.90162],[-4.96344,40.90088],[-4.96318,40.90021],[-4.95922,40.89897],[-4.95591,40.89987],[-4.9519,40.90024],[-4.95033,40.89986],[-4.94818,40.90027],[-4.94175,40.90035],[-4.93699,40.90197],[-4.93595,40.90147],[-4.93335,40.90141],[-4.92926,40.90282],[-4.92375,40.90324],[-4.92213,40.90549],[-4.92134,40.90515],[-4.91784,40.90569],[-4.91605,40.90412],[-4.9069,40.9007],[-4.90261,40.903],[-4.90959,40.90861],[-4.90979,40.91051],[-4.9108,40.91204],[-4.91012,40.91485],[-4.91136,40.91621],[-4.90924,40.91723],[-4.90617,40.91912],[-4.90562,40.9206],[-4.90961,40.92204],[-4.90809,40.92508],[-4.90946,40.92574],[-4.91114,40.92856],[-4.91457,40.92956],[-4.91679,40.93276],[-4.92115,40.93231],[-4.92196,40.93363],[-4.92395,40.936],[-4.92049,40.93781],[-4.9224,40.94067],[-4.93143,40.94448],[-4.93278,40.94606],[-4.93749,40.94559],[-4.94082,40.9476],[-4.94239,40.94686],[-4.94644,40.946],[-4.95034,40.944],[-4.95184,40.94288],[-4.95539,40.94397],[-4.96199,40.94375],[-4.96774,40.94699],[-4.97155,40.94678],[-4.97594,40.94696],[-4.98263,40.9504],[-4.98553,40.95223],[-4.989,40.9522],[-4.98977,40.95198],[-4.99196,40.95251],[-4.99745,40.95281],[-4.99932,40.95256],[-4.99892,40.95214],[-5.00102,40.94937],[-5.00477,40.94696],[-5.00668,40.94293],[-5.00656,40.93961],[-5.00553,40.93881],[-5.01014,40.93314],[-5.00728,40.93091],[-5.00365,40.93215],[-5.00341,40.93181],[-5.00375,40.93074],[-5.00735,40.92872],[-5.00755,40.92766],[-5.00662,40.92655],[-5.00516,40.92682],[-5.00379,40.92601],[-5.00419,40.92398],[-5.00654,40.92424],[-5.00647,40.92317],[-5.00825,40.91913],[-5.0078,40.91897],[-5.00692,40.91646],[-5.00765,40.91535],[-5.00737,40.91405],[-5.00566,40.91193],[-5.00732,40.91111],[-5.00702,40.91052],[-5.00548,40.91146],[-5.00352,40.91173],[-5.00286,40.91075],[-4.99814,40.91178],[-4.99241,40.9153],[-4.98947,40.91412],[-4.98531,40.91092],[-4.98451,40.91099],[-4.98412,40.91233],[-4.98024,40.91199],[-4.97503,40.9094],[-4.97513,40.90896],[-4.97458,40.90848]]]}},{"type":"Feature","properties":{"COD_POSTAL":"05160"},"geometry":{"type":"Polygon","coordinates":[[[-4.7935,40.749],[-4.79325,40.74937],[-4.79408,40.74965],[-4.79368,40.75037],[-4.79517,40.75269],[-4.79496,40.75346],[-4.79617,40.75367],[-4.79777,40.75315],[-4.79793,40.75183],[-4.79932,40.75129],[-4.79863,40.75028],[-4.79912,40.75006],[-4.79895,40.74964],[-4.79969,40.74969],[-4.79971,40.74892],[-4.80107,40.74835],[-4.80083,40.74655],[-4.79917,40.7451],[-4.79863,40.74328],[-4.80015,40.74363],[-4.80124,40.74165],[-4.8005,40.74074],[-4.80105,40.74021],[-4.80054,40.74003],[-4.80235,40.73714],[-4.80183,40.73675],[-4.80233,40.7354],[-4.8041,40.73563],[-4.8043,40.73525],[-4.80599,40.73491],[-4.80896,40.73478],[-4.80871,40.73324],[-4.81222,40.7306],[-4.81362,40.72846],[-4.81511,40.7304],[-4.81645,40.72898],[-4.81543,40.72769],[-4.81561,40.72588],[-4.81426,40.72351],[-4.81594,40.72227],[-4.81425,40.72156],[-4.81459,40.72063],[-4.81319,40.72018],[-4.81478,40.71876],[-4.81399,40.71762],[-4.81407,40.71567],[-4.80934,40.71714],[-4.80769,40.71829],[-4.80613,40.71806],[-4.80235,40.71893],[-4.80013,40.71872],[-4.79695,40.71626],[-4.79637,40.71462],[-4.79504,40.7139],[-4.79562,40.71225],[-4.79499,40.71008],[-4.79535,40.70838],[-4.77779,40.70769],[-4.77583,40.70449],[-4.779,40.70027],[-4.77976,40.69884],[-4.77788,40.69806],[-4.77761,40.69757],[-4.77667,40.69752],[-4.77673,40.69827],[-4.77553,40.699],[-4.7738,40.69856],[-4.77291,40.69807],[-4.77207,40.69805],[-4.77147,40.69735],[-4.76906,40.69751],[-4.76794,40.6973],[-4.76625,40.69646],[-4.76576,40.6958],[-4.7658,40.69493],[-4.76508,40.69429],[-4.76503,40.69368],[-4.76373,40.69376],[-4.76339,40.6961],[-4.76226,40.69603],[-4.76079,40.695],[-4.76051,40.69417],[-4.7582,40.69308],[-4.75802,40.69167],[-4.75899,40.68958],[-4.75738,40.68885],[-4.75775,40.68826],[-4.75933,40.68759],[-4.75857,40.6871],[-4.75623,40.68679],[-4.75631,40.68747],[-4.75573,40.68788],[-4.75123,40.68651],[-4.752,40.68516],[-4.74882,40.68254],[-4.74586,40.68303],[-4.74335,40.68163],[-4.74321,40.68076],[-4.74263,40.68066],[-4.74272,40.68004],[-4.7436,40.68018],[-4.74326,40.67931],[-4.74367,40.67883],[-4.74148,40.67747],[-4.74256,40.677],[-4.74366,40.67698],[-4.7439,40.67655],[-4.74308,40.67625],[-4.74354,40.67556],[-4.74761,40.67662],[-4.74868,40.67496],[-4.74925,40.67326],[-4.73468,40.67545],[-4.71666,40.69029],[-4.71778,40.707],[-4.71971,40.70624],[-4.72126,40.70599],[-4.7215,40.70622],[-4.72153,40.70681],[-4.72342,40.70704],[-4.72418,40.70593],[-4.72428,40.70538],[-4.72483,40.70536],[-4.72517,40.70466],[-4.72641,40.70471],[-4.73474,40.70049],[-4.73868,40.7003],[-4.74032,40.70341],[-4.74243,40.70601],[-4.74212,40.70748],[-4.74244,40.70788],[-4.74081,40.71218],[-4.73826,40.71409],[-4.7431,40.71818],[-4.74675,40.71974],[-4.74797,40.72317],[-4.76463,40.72687],[-4.76829,40.72444],[-4.7772,40.71959],[-4.77911,40.71978],[-4.78019,40.72049],[-4.78171,40.7198],[-4.7817,40.71924],[-4.78244,40.71769],[-4.78502,40.72316],[-4.78616,40.72352],[-4.78684,40.72316],[-4.78928,40.72375],[-4.78975,40.72534],[-4.78822,40.72698],[-4.78874,40.72932],[-4.78633,40.73125],[-4.78552,40.73117],[-4.78434,40.73161],[-4.78395,40.73223],[-4.78383,40.73368],[-4.78433,40.73545],[-4.78232,40.73931],[-4.78032,40.74067],[-4.77916,40.7409],[-4.77919,40.74198],[-4.78253,40.7424],[-4.78057,40.74322],[-4.7786,40.74483],[-4.78042,40.74646],[-4.78171,40.74671],[-4.78195,40.74768],[-4.78262,40.74791],[-4.78484,40.74828],[-4.78549,40.74798],[-4.78604,40.74845],[-4.78724,40.74871],[-4.78758,40.74834],[-4.78921,40.74942],[-4.79244,40.75038],[-4.79279,40.74944],[-4.79174,40.74877],[-4.79246,40.74828],[-4.79328,40.74884],[-4.7935,40.749]]]}},{"type":"Feature","properties":{"COD_POSTAL":"05002"},"geometry":{"type":"Polygon","coordinates":[[[-4.71666,40.69029],[-4.73468,40.67545],[-4.74925,40.67326],[-4.74933,40.67243],[-4.75032,40.67253],[-4.7511,40.67301],[-4.75146,40.67216],[-4.75198,40.67195],[-4.75192,40.67146],[-4.75051,40.67096],[-4.75109,40.66992],[-4.75147,40.67009],[-4.75183,40.66928],[-4.75058,40.66867],[-4.75085,40.6679],[-4.75222,40.66835],[-4.75273,40.66796],[-4.75346,40.66795],[-4.75299,40.66746],[-4.75361,40.66649],[-4.75272,40.66617],[-4.74955,40.66603],[-4.74995,40.66467],[-4.74955,40.66425],[-4.74993,40.66389],[-4.74953,40.66313],[-4.74834,40.66321],[-4.74802,40.66384],[-4.74482,40.66313],[-4.74466,40.66055],[-4.73866,40.66035],[-4.73452,40.65981],[-4.73479,40.65851],[-4.73554,40.65859],[-4.7353,40.6573],[-4.73671,40.65706],[-4.73679,40.65629],[-4.73984,40.65745],[-4.7447,40.6573],[-4.74736,40.65689],[-4.75114,40.65766],[-4.75275,40.65759],[-4.75305,40.65558],[-4.75163,40.65524],[-4.75151,40.65363],[-4.74848,40.65059],[-4.75108,40.65006],[-4.75088,40.64895],[-4.74782,40.64888],[-4.74612,40.64735],[-4.74629,40.6467],[-4.74418,40.64644],[-4.74323,40.64827],[-4.74375,40.64868],[-4.74334,40.64915],[-4.74037,40.64797],[-4.74007,40.64737],[-4.74019,40.64631],[-4.73962,40.64622],[-4.73947,40.64262],[-4.73497,40.64406],[-4.73409,40.64242],[-4.73035,40.64329],[-4.72406,40.64236],[-4.72319,40.64331],[-4.72174,40.64306],[-4.72031,40.64394],[-4.71918,40.64384],[-4.71921,40.64314],[-4.72026,40.64297],[-4.72,40.64233],[-4.7154,40.64177],[-4.71765,40.6395],[-4.71333,40.63835],[-4.71576,40.63689],[-4.71792,40.63447],[-4.71787,40.63354],[-4.71843,40.63254],[-4.71855,40.63078],[-4.71926,40.62944],[-4.71975,40.62908],[-4.71486,40.62416],[-4.70036,40.62325],[-4.68988,40.62471],[-4.68817,40.62526],[-4.6892,40.62855],[-4.67489,40.63408],[-4.6725,40.63832],[-4.67386,40.63847],[-4.67524,40.63894],[-4.67636,40.63888],[-4.67684,40.63915],[-4.67911,40.63851],[-4.68012,40.63868],[-4.68143,40.63941],[-4.68198,40.63921],[-4.68279,40.63939],[-4.68338,40.63897],[-4.68436,40.63957],[-4.68451,40.64019],[-4.68587,40.64037],[-4.68597,40.64085],[-4.6856,40.64199],[-4.68667,40.64229],[-4.6873,40.64144],[-4.69561,40.64129],[-4.69707,40.64288],[-4.69735,40.64368],[-4.69724,40.64528],[-4.69343,40.64489],[-4.69556,40.64605],[-4.69743,40.64652],[-4.69829,40.64754],[-4.69942,40.64783],[-4.69939,40.64808],[-4.69829,40.64794],[-4.69801,40.64813],[-4.69746,40.64789],[-4.69743,40.64809],[-4.69853,40.64833],[-4.6985,40.64849],[-4.69788,40.64834],[-4.69738,40.65117],[-4.69657,40.65252],[-4.69707,40.65273],[-4.69653,40.65264],[-4.6961,40.65348],[-4.69695,40.65371],[-4.69677,40.65442],[-4.69703,40.65442],[-4.69731,40.6538],[-4.70083,40.65433],[-4.70224,40.65487],[-4.70433,40.65504],[-4.70639,40.6556],[-4.70719,40.65592],[-4.70739,40.65726],[-4.70872,40.6571],[-4.70875,40.65776],[-4.70718,40.658],[-4.70642,40.65931],[-4.70682,40.65896],[-4.71552,40.67319],[-4.71666,40.69029]]]}},{"type":"Feature","properties":{"COD_POSTAL":"05480"},"geometry":{"type":"Polygon","coordinates":[[[-5.35549,40.14597],[-5.35263,40.14413],[-5.35227,40.1436],[-5.35249,40.14144],[-5.35193,40.14042],[-5.34983,40.1376],[-5.34726,40.13494],[-5.34648,40.13444],[-5.34588,40.13347],[-5.34573,40.133],[-5.34611,40.1303],[-5.34561,40.12922],[-5.34302,40.12741],[-5.34202,40.12599],[-5.33703,40.12424],[-5.33665,40.12182],[-5.33617,40.12044],[-5.33624,40.11782],[-5.33598,40.11582],[-5.3294,40.11379],[-5.32724,40.11184],[-5.32328,40.11006],[-5.3201,40.10789],[-5.31884,40.1075],[-5.31406,40.10692],[-5.30547,40.10761],[-5.30243,40.1072],[-5.30032,40.10806],[-5.29779,40.1098],[-5.29684,40.11011],[-5.29347,40.1096],[-5.28993,40.10985],[-5.27883,40.10924],[-5.27517,40.1097],[-5.27075,40.10971],[-5.26794,40.11106],[-5.26719,40.11109],[-5.26286,40.1095],[-5.26073,40.10794],[-5.25552,40.10831],[-5.25312,40.10813],[-5.25046,40.10872],[-5.24564,40.10885],[-5.24212,40.1086],[-5.23781,40.10769],[-5.23044,40.10813],[-5.22643,40.10738],[-5.22128,40.10737],[-5.21738,40.10797],[-5.21531,40.10785],[-5.21293,40.10694],[-5.21042,40.10532],[-5.2104,40.10336],[-5.2111,40.10004],[-5.21104,40.09582],[-5.21172,40.09345],[-5.2114,40.09169],[-5.21075,40.09113],[-5.20878,40.09029],[-5.20772,40.08955],[-5.20674,40.08562],[-5.20352,40.08343],[-5.20107,40.08255],[-5.19979,40.08245],[-5.19551,40.08343],[-5.19433,40.08327],[-5.19227,40.08352],[-5.18922,40.08578],[-5.18762,40.08619],[-5.18508,40.08798],[-5.18333,40.0881],[-5.1819,40.08771],[-5.17973,40.09442],[-5.17957,40.09785],[-5.1815,40.10152],[-5.18503,40.10965],[-5.18749,40.11436],[-5.19144,40.12064],[-5.19273,40.12497],[-5.19346,40.1304],[-5.19382,40.13097],[-5.19275,40.13235],[-5.1931,40.13411],[-5.19376,40.13539],[-5.19432,40.13776],[-5.19415,40.1387],[-5.19313,40.14012],[-5.19249,40.14199],[-5.19332,40.14358],[-5.19365,40.14486],[-5.19359,40.14646],[-5.19324,40.14763],[-5.1936,40.14803],[-5.19352,40.1489],[-5.19388,40.14964],[-5.19338,40.1505],[-5.19418,40.15544],[-5.19393,40.15631],[-5.1925,40.15852],[-5.19174,40.16026],[-5.18995,40.16235],[-5.18833,40.16543],[-5.18851,40.16595],[-5.18954,40.16678],[-5.19293,40.17058],[-5.19392,40.17243],[-5.19408,40.17317],[-5.19362,40.17343],[-5.19066,40.1767],[-5.24106,40.24828],[-5.24482,40.24618],[-5.24632,40.24501],[-5.24746,40.24573],[-5.25145,40.24683],[-5.25318,40.24806],[-5.25466,40.24975],[-5.25648,40.25077],[-5.25782,40.25036],[-5.25877,40.25134],[-5.25993,40.25054],[-5.26275,40.25051],[-5.26913,40.25165],[-5.27002,40.24919],[-5.27387,40.24841],[-5.27682,40.24528],[-5.28026,40.24373],[-5.28315,40.24168],[-5.28445,40.24179],[-5.29168,40.24343],[-5.2936,40.24313],[-5.29818,40.24692],[-5.29986,40.25128],[-5.29959,40.25439],[-5.29982,40.25642],[-5.30148,40.25681],[-5.30291,40.25754],[-5.30722,40.25852],[-5.30814,40.25893],[-5.31026,40.26063],[-5.31097,40.26149],[-5.31403,40.26281],[-5.31568,40.26403],[-5.3189,40.26189],[-5.32214,40.26083],[-5.32334,40.26074],[-5.3298,40.26185],[-5.33267,40.26155],[-5.33468,40.26201],[-5.33821,40.26215],[-5.34321,40.26405],[-5.34742,40.25583],[-5.34863,40.25248],[-5.35088,40.24877],[-5.35128,40.24781],[-5.35172,40.24487],[-5.35263,40.24259],[-5.35332,40.24161],[-5.35389,40.24005],[-5.35671,40.23457],[-5.35838,40.23195],[-5.35806,40.22902],[-5.35875,40.22728],[-5.36188,40.22417],[-5.36272,40.223],[-5.36429,40.2221],[-5.36618,40.22041],[-5.36967,40.21831],[-5.36986,40.21504],[-5.36932,40.21406],[-5.36883,40.21216],[-5.36952,40.21133],[-5.36951,40.21102],[-5.36716,40.20623],[-5.36497,40.20439],[-5.36412,40.20327],[-5.3641,40.20262],[-5.36469,40.20142],[-5.36532,40.20092],[-5.36733,40.20004],[-5.36825,40.19913],[-5.3681,40.19822],[-5.36647,40.19604],[-5.36692,40.19528],[-5.35436,40.18679],[-5.34699,40.17772],[-5.32951,40.17623],[-5.31529,40.18228],[-5.30421,40.19229],[-5.29628,40.18888],[-5.28737,40.18756],[-5.29437,40.18131],[-5.30768,40.16168],[-5.31727,40.15216],[-5.32464,40.14809],[-5.33226,40.14686],[-5.34416,40.14906],[-5.35,40.14947],[-5.35597,40.14667],[-5.35549,40.14597]]]}},{"type":"Feature","properties":{"COD_POSTAL":"05289"},"geometry":{"type":"Polygon","coordinates":[[[-4.6354,40.71737],[-4.6323,40.71775],[-4.63248,40.71569],[-4.63328,40.71444],[-4.63283,40.71344],[-4.63205,40.71293],[-4.63014,40.71378],[-4.62676,40.71465],[-4.62488,40.71481],[-4.62205,40.71381],[-4.62266,40.71224],[-4.62258,40.7105],[-4.62005,40.70976],[-4.61935,40.70878],[-4.61855,40.70855],[-4.61924,40.70758],[-4.62275,40.70733],[-4.62344,40.70605],[-4.62218,40.70575],[-4.62041,40.7059],[-4.61991,40.7065],[-4.61868,40.70629],[-4.61784,40.70746],[-4.61635,40.70798],[-4.61584,40.70979],[-4.61226,40.71178],[-4.61152,40.71283],[-4.6103,40.71257],[-4.61012,40.71143],[-4.60843,40.71062],[-4.6077,40.71141],[-4.60767,40.71213],[-4.60306,40.71145],[-4.60224,40.71004],[-4.60016,40.71061],[-4.59657,40.71097],[-4.59555,40.71059],[-4.59326,40.71035],[-4.59162,40.71127],[-4.58937,40.71103],[-4.58827,40.71148],[-4.58736,40.71142],[-4.58565,40.71012],[-4.58174,40.71032],[-4.58049,40.70936],[-4.5759,40.71045],[-4.57524,40.71108],[-4.57448,40.71247],[-4.57389,40.71253],[-4.57348,40.7137],[-4.57137,40.71732],[-4.57072,40.71744],[-4.56877,40.721],[-4.56947,40.72159],[-4.56955,40.72272],[-4.57212,40.72485],[-4.57171,40.72632],[-4.57125,40.72656],[-4.57092,40.72629],[-4.5704,40.72638],[-4.57038,40.72689],[-4.56993,40.72762],[-4.57035,40.72963],[-4.57066,40.72999],[-4.57413,40.73169],[-4.57398,40.7325],[-4.57432,40.73318],[-4.57252,40.73482],[-4.57377,40.73502],[-4.57524,40.73737],[-4.57707,40.73899],[-4.57503,40.73999],[-4.57245,40.73992],[-4.5719,40.73959],[-4.57146,40.74001],[-4.57331,40.74164],[-4.57333,40.74215],[-4.57275,40.74223],[-4.57222,40.74209],[-4.57212,40.74168],[-4.56719,40.73918],[-4.56731,40.73852],[-4.56069,40.7371],[-4.56027,40.73763],[-4.55775,40.73802],[-4.55545,40.73888],[-4.55344,40.73882],[-4.55283,40.74007],[-4.54976,40.74367],[-4.54693,40.74385],[-4.54741,40.7465],[-4.54705,40.74722],[-4.5471,40.7476],[-4.54781,40.7483],[-4.54847,40.74976],[-4.54957,40.75023],[-4.54964,40.75054],[-4.54867,40.75237],[-4.55382,40.752],[-4.55562,40.75248],[-4.55501,40.75564],[-4.55099,40.75722],[-4.55129,40.75951],[-4.55187,40.76055],[-4.55168,40.76104],[-4.5504,40.7617],[-4.55002,40.7624],[-4.54333,40.7647],[-4.53766,40.76709],[-4.53647,40.76714],[-4.5363,40.76892],[-4.53137,40.77094],[-4.53052,40.77079],[-4.52953,40.7711],[-4.52849,40.7722],[-4.52629,40.77376],[-4.52451,40.77464],[-4.52401,40.77519],[-4.52476,40.77638],[-4.528,40.77923],[-4.53002,40.7798],[-4.52933,40.78108],[-4.5285,40.78397],[-4.52715,40.7855],[-4.52751,40.78619],[-4.52896,40.78822],[-4.53149,40.78998],[-4.53188,40.79074],[-4.53351,40.79238],[-4.53386,40.79305],[-4.53379,40.79446],[-4.53607,40.79472],[-4.53896,40.7986],[-4.5399,40.79946],[-4.54211,40.80019],[-4.54802,40.80079],[-4.55376,40.8039],[-4.55467,40.8039],[-4.55567,40.80276],[-4.55919,40.80365],[-4.56097,40.80224],[-4.56127,40.80132],[-4.56173,40.80077],[-4.56291,40.79996],[-4.56525,40.79566],[-4.56443,40.79459],[-4.56441,40.79424],[-4.56525,40.7927],[-4.5667,40.79124],[-4.56744,40.78894],[-4.5664,40.78667],[-4.56674,40.78427],[-4.56669,40.78203],[-4.5677,40.78087],[-4.56832,40.77978],[-4.56836,40.77898],[-4.56972,40.77712],[-4.57546,40.77835],[-4.57538,40.77977],[-4.57865,40.78016],[-4.58329,40.77915],[-4.58632,40.77876],[-4.5881,40.77883],[-4.59061,40.77757],[-4.59262,40.77482],[-4.59338,40.77482],[-4.5968,40.77875],[-4.59867,40.78018],[-4.60118,40.78101],[-4.60251,40.78113],[-4.60341,40.78103],[-4.60517,40.78033],[-4.60731,40.78087],[-4.61021,40.78264],[-4.61177,40.78188],[-4.61018,40.77983],[-4.60919,40.77683],[-4.60777,40.77461],[-4.60786,40.77097],[-4.60839,40.76843],[-4.60883,40.76781],[-4.61016,40.76946],[-4.6108,40.77106],[-4.61308,40.77259],[-4.61437,40.77458],[-4.61413,40.77548],[-4.61427,40.77588],[-4.61548,40.77743],[-4.6166,40.77835],[-4.61622,40.77933],[-4.6175,40.78123],[-4.619,40.7823],[-4.62123,40.78462],[-4.62476,40.78265],[-4.62571,40.7826],[-4.62625,40.78155],[-4.62962,40.77996],[-4.63183,40.78064],[-4.6331,40.78028],[-4.6339,40.77864],[-4.6364,40.77705],[-4.63723,40.77518],[-4.63957,40.77487],[-4.63984,40.77296],[-4.63841,40.77211],[-4.63767,40.77098],[-4.63851,40.77084],[-4.63874,40.76903],[-4.63936,40.7689],[-4.63925,40.7675],[-4.63735,40.76713],[-4.63679,40.76653],[-4.63673,40.76545],[-4.63619,40.76462],[-4.63588,40.76335],[-4.63515,40.76312],[-4.63489,40.7634],[-4.63367,40.7628],[-4.63419,40.76217],[-4.63339,40.7619],[-4.63353,40.76148],[-4.63611,40.76244],[-4.63755,40.76203],[-4.63741,40.7615],[-4.63864,40.76107],[-4.63774,40.75628],[-4.63941,40.75536],[-4.64001,40.75318],[-4.6424,40.75081],[-4.64041,40.74979],[-4.64207,40.74662],[-4.64237,40.74544],[-4.64366,40.74477],[-4.6444,40.74483],[-4.64554,40.74228],[-4.64611,40.74173],[-4.64618,40.74063],[-4.64865,40.73999],[-4.65013,40.73893],[-4.65244,40.73629],[-4.65202,40.73592],[-4.65208,40.73493],[-4.65186,40.73453],[-4.65133,40.73428],[-4.64945,40.7343],[-4.64845,40.73378],[-4.64788,40.73274],[-4.64642,40.73162],[-4.6475,40.73061],[-4.64822,40.72922],[-4.64964,40.72888],[-4.65052,40.72808],[-4.65067,40.72648],[-4.65176,40.72541],[-4.6508,40.7253],[-4.64792,40.72334],[-4.64919,40.7212],[-4.64703,40.72039],[-4.64743,40.71984],[-4.64747,40.71939],[-4.64716,40.71891],[-4.64535,40.71726],[-4.6448,40.71715],[-4.64053,40.71781],[-4.63742,40.71775],[-4.6354,40.71737]]]}},{"type":"Feature","properties":{"COD_POSTAL":"05151"},"geometry":{"type":"Polygon","coordinates":[[[-5.36954,40.6091],[-5.36677,40.61198],[-5.36533,40.61287],[-5.36068,40.61503],[-5.35878,40.61565],[-5.35634,40.61702],[-5.35471,40.61802],[-5.3511,40.62126],[-5.34696,40.61767],[-5.34612,40.61797],[-5.34403,40.61693],[-5.34335,40.61699],[-5.34227,40.61636],[-5.34067,40.61694],[-5.34021,40.61647],[-5.33581,40.61707],[-5.33388,40.61755],[-5.33025,40.61681],[-5.3275,40.61796],[-5.32811,40.61901],[-5.32808,40.61996],[-5.32297,40.62162],[-5.32393,40.62209],[-5.32422,40.6237],[-5.32492,40.62516],[-5.32513,40.62643],[-5.325,40.62709],[-5.32297,40.62967],[-5.32046,40.63204],[-5.31714,40.63337],[-5.31634,40.6343],[-5.31785,40.63536],[-5.31628,40.63578],[-5.31566,40.63658],[-5.31123,40.63708],[-5.30712,40.64035],[-5.30783,40.64107],[-5.30665,40.64167],[-5.30291,40.64308],[-5.2984,40.644],[-5.29935,40.64514],[-5.2998,40.64852],[-5.30099,40.64988],[-5.29879,40.65112],[-5.29513,40.65405],[-5.29571,40.65648],[-5.29862,40.6563],[-5.30245,40.65743],[-5.30593,40.65975],[-5.3066,40.66048],[-5.30539,40.6611],[-5.30172,40.66437],[-5.30225,40.66513],[-5.30158,40.66693],[-5.30231,40.66936],[-5.30409,40.67155],[-5.30237,40.67647],[-5.30442,40.68223],[-5.30464,40.68378],[-5.30628,40.68459],[-5.30677,40.6867],[-5.30761,40.68827],[-5.30656,40.6926],[-5.30786,40.69503],[-5.30776,40.6977],[-5.30579,40.7001],[-5.30606,40.70181],[-5.30688,40.70253],[-5.30718,40.70506],[-5.30762,40.7058],[-5.31039,40.70451],[-5.31308,40.70359],[-5.31753,40.70347],[-5.3203,40.70301],[-5.32178,40.70307],[-5.32208,40.70548],[-5.32522,40.7052],[-5.32875,40.70542],[-5.33027,40.70136],[-5.33128,40.70076],[-5.33244,40.70048],[-5.33484,40.7007],[-5.33707,40.69948],[-5.33641,40.69868],[-5.33299,40.69765],[-5.33276,40.69641],[-5.33214,40.69565],[-5.33208,40.69464],[-5.33471,40.69264],[-5.33581,40.69124],[-5.33655,40.68975],[-5.33716,40.68927],[-5.34082,40.68709],[-5.34171,40.68691],[-5.34468,40.68694],[-5.34751,40.68632],[-5.34848,40.68652],[-5.34924,40.68714],[-5.35033,40.68586],[-5.35581,40.68288],[-5.35984,40.68262],[-5.36314,40.68028],[-5.36478,40.67943],[-5.3661,40.67918],[-5.3685,40.68098],[-5.3742,40.67833],[-5.3777,40.67783],[-5.37917,40.6765],[-5.37916,40.67575],[-5.37863,40.67485],[-5.37866,40.67397],[-5.37971,40.67322],[-5.38057,40.67156],[-5.38209,40.67121],[-5.38437,40.67119],[-5.38546,40.67145],[-5.38629,40.67001],[-5.387,40.66928],[-5.38635,40.66735],[-5.38581,40.66334],[-5.38218,40.65976],[-5.38037,40.65889],[-5.37815,40.65853],[-5.37455,40.65638],[-5.37062,40.65338],[-5.37106,40.65249],[-5.36688,40.64985],[-5.36589,40.64877],[-5.369,40.64739],[-5.3705,40.64797],[-5.37193,40.64774],[-5.36932,40.64066],[-5.36954,40.6091]]]}},{"type":"Feature","properties":{"COD_POSTAL":"05115"},"geometry":{"type":"Polygon","coordinates":[[[-4.92197,40.30291],[-4.91241,40.3005],[-4.90914,40.30014],[-4.90885,40.30028],[-4.90805,40.30187],[-4.90437,40.30629],[-4.90337,40.30791],[-4.89736,40.31057],[-4.89635,40.31123],[-4.89568,40.31148],[-4.89243,40.31145],[-4.88792,40.31209],[-4.88684,40.31239],[-4.88451,40.31364],[-4.87977,40.31357],[-4.87637,40.31752],[-4.8751,40.31973],[-4.87041,40.32224],[-4.86715,40.32355],[-4.85764,40.32358],[-4.85322,40.32766],[-4.85024,40.32866],[-4.84653,40.32921],[-4.84454,40.32924],[-4.84125,40.3301],[-4.83827,40.33283],[-4.83684,40.33349],[-4.83322,40.33638],[-4.82863,40.33762],[-4.82666,40.338],[-4.81912,40.33447],[-4.81346,40.33222],[-4.81256,40.33165],[-4.81568,40.33628],[-4.81848,40.33937],[-4.82339,40.34253],[-4.82682,40.3436],[-4.82952,40.345],[-4.83128,40.34613],[-4.83479,40.34914],[-4.8341,40.35227],[-4.83448,40.35713],[-4.836,40.36033],[-4.83573,40.36306],[-4.83718,40.36729],[-4.83932,40.36825],[-4.84235,40.37073],[-4.8452,40.37418],[-4.84733,40.37765],[-4.85161,40.38074],[-4.85538,40.38467],[-4.86138,40.38796],[-4.8654,40.39214],[-4.86999,40.39061],[-4.87112,40.39053],[-4.87442,40.39107],[-4.87539,40.39098],[-4.87639,40.39067],[-4.87773,40.38945],[-4.87913,40.38932],[-4.88071,40.38951],[-4.89098,40.39208],[-4.89167,40.3916],[-4.89319,40.3893],[-4.89505,40.38779],[-4.89924,40.38674],[-4.90259,40.38731],[-4.90336,40.38178],[-4.9037,40.38107],[-4.91162,40.37412],[-4.9133,40.37318],[-4.91715,40.36955],[-4.92361,40.36151],[-4.92449,40.35436],[-4.92911,40.35501],[-4.93566,40.35502],[-4.93825,40.35547],[-4.94393,40.35506],[-4.94406,40.3529],[-4.9438,40.351],[-4.94154,40.35035],[-4.93981,40.3491],[-4.93795,40.34686],[-4.93119,40.34172],[-4.92646,40.33662],[-4.92306,40.32963],[-4.92589,40.32624],[-4.92732,40.32377],[-4.92868,40.3237],[-4.93001,40.32132],[-4.93146,40.32046],[-4.93247,40.32043],[-4.93222,40.31994],[-4.93263,40.3192],[-4.9331,40.31916],[-4.93368,40.31827],[-4.92941,40.31914],[-4.92674,40.32122],[-4.92545,40.32178],[-4.92186,40.32113],[-4.92153,40.31958],[-4.92208,40.31858],[-4.92127,40.31754],[-4.92232,40.31681],[-4.92128,40.31632],[-4.9206,40.31394],[-4.91996,40.31267],[-4.92107,40.30863],[-4.92177,40.30696],[-4.92351,40.30575],[-4.92354,40.30455],[-4.92197,40.30291]]]}},{"type":"Feature","properties":{"COD_POSTAL":"05164"},"geometry":{"type":"Polygon","coordinates":[[[-4.81854,40.86909],[-4.81758,40.86721],[-4.82006,40.86641],[-4.82039,40.86598],[-4.81944,40.86589],[-4.8189,40.86495],[-4.81918,40.86427],[-4.82076,40.86424],[-4.82049,40.86379],[-4.82194,40.864],[-4.8174,40.85883],[-4.8218,40.85603],[-4.82031,40.85412],[-4.82133,40.85331],[-4.8206,40.85233],[-4.82107,40.85201],[-4.81923,40.84999],[-4.82044,40.84944],[-4.82132,40.85038],[-4.82225,40.85021],[-4.82362,40.84876],[-4.82432,40.84764],[-4.82279,40.84808],[-4.82308,40.84716],[-4.82262,40.8465],[-4.8243,40.84583],[-4.82368,40.8455],[-4.82453,40.84491],[-4.82237,40.84319],[-4.81822,40.84076],[-4.81929,40.83985],[-4.81891,40.8396],[-4.82007,40.83939],[-4.82112,40.83887],[-4.82049,40.83867],[-4.82055,40.83796],[-4.8211,40.83681],[-4.8203,40.83608],[-4.82103,40.83519],[-4.81988,40.83438],[-4.82037,40.83396],[-4.82255,40.83472],[-4.82427,40.83378],[-4.82432,40.83232],[-4.82514,40.83006],[-4.82095,40.8292],[-4.81957,40.82807],[-4.81839,40.82953],[-4.81737,40.82886],[-4.81773,40.82833],[-4.81687,40.82741],[-4.81407,40.82857],[-4.81303,40.82703],[-4.81735,40.82417],[-4.81783,40.82344],[-4.81672,40.82271],[-4.81639,40.82338],[-4.81481,40.82211],[-4.81541,40.82178],[-4.81512,40.82117],[-4.81529,40.8203],[-4.81503,40.81943],[-4.81474,40.81878],[-4.81388,40.81789],[-4.81414,40.81746],[-4.81318,40.81583],[-4.81242,40.81495],[-4.81172,40.81491],[-4.81259,40.81385],[-4.81041,40.81351],[-4.80976,40.81168],[-4.80908,40.81169],[-4.80874,40.81059],[-4.80565,40.80949],[-4.80539,40.80755],[-4.80408,40.80718],[-4.80367,40.80603],[-4.80363,40.80499],[-4.80236,40.80522],[-4.80146,40.8057],[-4.80183,40.80638],[-4.79874,40.80864],[-4.79523,40.80735],[-4.7961,40.80694],[-4.79509,40.80526],[-4.79438,40.80454],[-4.78916,40.80536],[-4.78907,40.80657],[-4.78693,40.8072],[-4.78734,40.80862],[-4.78666,40.80873],[-4.78626,40.80908],[-4.78629,40.8104],[-4.78539,40.81057],[-4.7844,40.80959],[-4.78175,40.80997],[-4.78241,40.81148],[-4.78064,40.81369],[-4.77931,40.81269],[-4.7783,40.8122],[-4.77805,40.81235],[-4.77975,40.81372],[-4.7794,40.81412],[-4.78014,40.81446],[-4.78067,40.81597],[-4.77924,40.81736],[-4.77609,40.81781],[-4.77471,40.81899],[-4.77417,40.81859],[-4.77463,40.81806],[-4.77454,40.81762],[-4.77355,40.81814],[-4.77243,40.81783],[-4.77135,40.81808],[-4.77083,40.81795],[-4.76901,40.81723],[-4.76873,40.81683],[-4.76873,40.81615],[-4.7679,40.81595],[-4.76755,40.81657],[-4.76742,40.81752],[-4.76762,40.81868],[-4.76844,40.8197],[-4.76729,40.81949],[-4.76662,40.81975],[-4.76758,40.82001],[-4.76758,40.82095],[-4.76633,40.82103],[-4.76461,40.82166],[-4.76334,40.82154],[-4.76265,40.82121],[-4.76095,40.82227],[-4.76052,40.82222],[-4.75942,40.82312],[-4.75807,40.82289],[-4.75749,40.82355],[-4.75679,40.82375],[-4.75664,40.8253],[-4.75535,40.82533],[-4.7554,40.82427],[-4.75438,40.82663],[-4.75218,40.82612],[-4.75206,40.82622],[-4.75304,40.82713],[-4.75293,40.82834],[-4.75138,40.82836],[-4.75119,40.83087],[-4.74916,40.83021],[-4.74754,40.83355],[-4.74767,40.83519],[-4.74746,40.83629],[-4.74656,40.83822],[-4.74577,40.83889],[-4.74531,40.83864],[-4.74359,40.83912],[-4.74383,40.8406],[-4.74123,40.84075],[-4.74048,40.84234],[-4.73926,40.84074],[-4.73874,40.84052],[-4.73371,40.84155],[-4.7332,40.84401],[-4.73255,40.84356],[-4.73215,40.84474],[-4.73237,40.84525],[-4.73166,40.84524],[-4.73173,40.84633],[-4.72967,40.84645],[-4.72949,40.84458],[-4.72916,40.8446],[-4.72924,40.84277],[-4.72762,40.84274],[-4.72758,40.84223],[-4.72628,40.84232],[-4.72611,40.84145],[-4.72504,40.8412],[-4.72142,40.84178],[-4.7199,40.84097],[-4.71728,40.84326],[-4.7161,40.84289],[-4.7109,40.83924],[-4.70983,40.83798],[-4.709,40.83651],[-4.70542,40.83349],[-4.70388,40.83263],[-4.70188,40.83098],[-4.69871,40.83038],[-4.69783,40.82981],[-4.69769,40.82931],[-4.69521,40.82993],[-4.69479,40.83083],[-4.69494,40.83218],[-4.69475,40.83256],[-4.69357,40.83354],[-4.69306,40.83459],[-4.69159,40.8352],[-4.69088,40.83579],[-4.69119,40.83614],[-4.69111,40.83693],[-4.68882,40.83892],[-4.68764,40.8427],[-4.68472,40.8439],[-4.68119,40.84469],[-4.68041,40.84427],[-4.67885,40.8454],[-4.67576,40.84569],[-4.67562,40.84621],[-4.67551,40.84809],[-4.67633,40.84962],[-4.67887,40.85129],[-4.68066,40.85189],[-4.68328,40.85549],[-4.6828,40.85693],[-4.68352,40.85758],[-4.68312,40.85803],[-4.68608,40.85917],[-4.69015,40.8587],[-4.69224,40.85932],[-4.69281,40.85868],[-4.6963,40.85939],[-4.69649,40.86044],[-4.69797,40.86075],[-4.69749,40.86399],[-4.69893,40.86423],[-4.7007,40.86378],[-4.70163,40.86449],[-4.70246,40.86557],[-4.70371,40.86538],[-4.70456,40.86696],[-4.70549,40.86763],[-4.70974,40.86751],[-4.70981,40.86894],[-4.71311,40.86957],[-4.71398,40.87015],[-4.71331,40.87082],[-4.71352,40.87105],[-4.71303,40.87168],[-4.7135,40.87257],[-4.71322,40.87377],[-4.71598,40.87527],[-4.71735,40.87544],[-4.71846,40.87386],[-4.71967,40.8746],[-4.72044,40.87541],[-4.72289,40.87309],[-4.72328,40.87346],[-4.72552,40.87178],[-4.72509,40.87097],[-4.72655,40.87008],[-4.73082,40.87005],[-4.7312,40.86982],[-4.73288,40.87039],[-4.73288,40.87182],[-4.73205,40.8722],[-4.73195,40.8729],[-4.73285,40.87412],[-4.73475,40.87445],[-4.73508,40.87365],[-4.73564,40.8734],[-4.73742,40.87416],[-4.73904,40.87621],[-4.74199,40.87487],[-4.74184,40.87412],[-4.74209,40.87379],[-4.74549,40.87433],[-4.74776,40.87326],[-4.74816,40.87347],[-4.74859,40.87292],[-4.75075,40.87271],[-4.75273,40.873],[-4.75355,40.87216],[-4.75414,40.87252],[-4.75498,40.87204],[-4.75516,40.86982],[-4.76015,40.87085],[-4.7606,40.86961],[-4.76229,40.87007],[-4.76276,40.86824],[-4.76341,40.86885],[-4.76407,40.86657],[-4.76513,40.86579],[-4.76523,40.86644],[-4.76603,40.86665],[-4.76646,40.86581],[-4.76764,40.86545],[-4.76784,40.86856],[-4.7687,40.86847],[-4.76864,40.86764],[-4.77389,40.86778],[-4.78075,40.86966],[-4.7806,40.87102],[-4.78106,40.87181],[-4.78326,40.87339],[-4.78366,40.8746],[-4.78472,40.87496],[-4.78445,40.87618],[-4.78565,40.87707],[-4.78726,40.87923],[-4.78758,40.87923],[-4.78781,40.87983],[-4.78726,40.88027],[-4.7886,40.88207],[-4.79346,40.88173],[-4.79497,40.88183],[-4.7952,40.88245],[-4.7966,40.88247],[-4.79698,40.88185],[-4.79796,40.88155],[-4.79738,40.88076],[-4.79912,40.87969],[-4.80143,40.88211],[-4.80184,40.8819],[-4.80062,40.88078],[-4.80102,40.88058],[-4.80049,40.8801],[-4.8025,40.87922],[-4.80052,40.87705],[-4.80192,40.87748],[-4.80349,40.87891],[-4.80397,40.8785],[-4.8042,40.87895],[-4.8046,40.8788],[-4.80428,40.87829],[-4.80481,40.87817],[-4.80557,40.87884],[-4.8065,40.87862],[-4.80647,40.87787],[-4.80556,40.87698],[-4.80664,40.8767],[-4.80755,40.87615],[-4.80717,40.87152],[-4.80743,40.87104],[-4.80924,40.8705],[-4.81068,40.87098],[-4.81301,40.87403],[-4.8141,40.87316],[-4.81422,40.8702],[-4.81865,40.8716],[-4.82008,40.87273],[-4.81974,40.87298],[-4.82048,40.8734],[-4.82015,40.87383],[-4.82059,40.87401],[-4.82033,40.87423],[-4.82101,40.87463],[-4.8216,40.87392],[-4.8233,40.87389],[-4.82295,40.87268],[-4.82319,40.87224],[-4.82187,40.87191],[-4.82182,40.87046],[-4.82216,40.86827],[-4.81854,40.86909]]]}},{"type":"Feature","properties":{"COD_POSTAL":"05492"},"geometry":{"type":"Polygon","coordinates":[[[-5.17254,40.16542],[-5.17234,40.16467],[-5.165,40.16085],[-5.15957,40.16142],[-5.15863,40.16099],[-5.15656,40.16422],[-5.15454,40.16802],[-5.15242,40.16888],[-5.14977,40.17211],[-5.14691,40.17449],[-5.14825,40.17593],[-5.15025,40.17722],[-5.15127,40.17694],[-5.15239,40.17803],[-5.15678,40.18009],[-5.15916,40.18033],[-5.16796,40.17865],[-5.17198,40.17674],[-5.17497,40.17365],[-5.17459,40.17153],[-5.17307,40.16853],[-5.17291,40.1668],[-5.17254,40.16542]]]}},{"type":"Feature","properties":{"COD_POSTAL":"05320"},"geometry":{"type":"Polygon","coordinates":[[[-4.69136,40.74302],[-4.69256,40.74461],[-4.69257,40.74491],[-4.69034,40.74599],[-4.69048,40.74671],[-4.69434,40.74795],[-4.69521,40.74836],[-4.69552,40.74876],[-4.69515,40.74952],[-4.69378,40.7501],[-4.68975,40.75041],[-4.68893,40.7509],[-4.68881,40.75115],[-4.68902,40.75155],[-4.69178,40.75437],[-4.69196,40.75484],[-4.69145,40.75574],[-4.69154,40.75596],[-4.6963,40.75752],[-4.69916,40.76007],[-4.7034,40.76168],[-4.70549,40.76131],[-4.71095,40.76092],[-4.71021,40.76261],[-4.71004,40.76398],[-4.7096,40.76403],[-4.70959,40.76424],[-4.71106,40.76484],[-4.71038,40.76548],[-4.71099,40.76563],[-4.70949,40.76609],[-4.70979,40.76779],[-4.7089,40.76923],[-4.70977,40.76957],[-4.71028,40.77028],[-4.7111,40.77043],[-4.71157,40.77136],[-4.71259,40.77219],[-4.71427,40.77209],[-4.71525,40.77251],[-4.7166,40.77136],[-4.71748,40.77017],[-4.72021,40.77181],[-4.72174,40.77174],[-4.72231,40.77147],[-4.72225,40.77109],[-4.72293,40.76906],[-4.72832,40.7679],[-4.73177,40.76253],[-4.74394,40.76176],[-4.74375,40.75933],[-4.74471,40.75962],[-4.74529,40.75889],[-4.74634,40.75898],[-4.74562,40.75969],[-4.74656,40.76003],[-4.74919,40.76004],[-4.74732,40.7606],[-4.75347,40.76266],[-4.7564,40.76144],[-4.76033,40.76142],[-4.76231,40.76047],[-4.76177,40.75953],[-4.76457,40.75826],[-4.76513,40.75736],[-4.76641,40.75723],[-4.76724,40.75668],[-4.76822,40.75654],[-4.76836,40.75642],[-4.76785,40.75584],[-4.7682,40.75524],[-4.77032,40.75418],[-4.77242,40.75357],[-4.77178,40.75236],[-4.77244,40.74988],[-4.77194,40.74853],[-4.77112,40.74722],[-4.77156,40.74611],[-4.77452,40.74485],[-4.77458,40.74536],[-4.77642,40.7455],[-4.77791,40.74509],[-4.7786,40.74483],[-4.78057,40.74322],[-4.78253,40.7424],[-4.77919,40.74198],[-4.77916,40.7409],[-4.78032,40.74067],[-4.78232,40.73931],[-4.78433,40.73545],[-4.78383,40.73368],[-4.78395,40.73223],[-4.78434,40.73161],[-4.78552,40.73117],[-4.78633,40.73125],[-4.78874,40.72932],[-4.78822,40.72698],[-4.78975,40.72534],[-4.78974,40.72487],[-4.78928,40.72375],[-4.78684,40.72316],[-4.78616,40.72352],[-4.78502,40.72316],[-4.78244,40.71769],[-4.7817,40.71924],[-4.78171,40.7198],[-4.78019,40.72049],[-4.77911,40.71978],[-4.7772,40.71959],[-4.76829,40.72444],[-4.76463,40.72687],[-4.74797,40.72317],[-4.74675,40.71974],[-4.7431,40.71818],[-4.73826,40.71409],[-4.74081,40.71218],[-4.74244,40.70788],[-4.74212,40.70748],[-4.74243,40.70601],[-4.74032,40.70341],[-4.73868,40.7003],[-4.73474,40.70049],[-4.72641,40.70471],[-4.72517,40.70466],[-4.72483,40.70536],[-4.72428,40.70538],[-4.72418,40.70593],[-4.72342,40.70704],[-4.72153,40.70681],[-4.7215,40.70622],[-4.72126,40.70599],[-4.72056,40.706],[-4.71587,40.70749],[-4.71505,40.70742],[-4.71551,40.707],[-4.71462,40.70484],[-4.7145,40.70318],[-4.71212,40.70225],[-4.71108,40.70144],[-4.71077,40.70362],[-4.71148,40.70386],[-4.71102,40.70585],[-4.70777,40.70376],[-4.70736,40.70406],[-4.70697,40.70508],[-4.7044,40.70575],[-4.7029,40.70586],[-4.70247,40.70566],[-4.70239,40.70537],[-4.70181,40.70545],[-4.7013,40.70725],[-4.69952,40.70847],[-4.69735,40.70863],[-4.69471,40.71023],[-4.69534,40.7124],[-4.69524,40.71298],[-4.69378,40.71499],[-4.69209,40.71614],[-4.69203,40.71669],[-4.69255,40.71727],[-4.69593,40.71754],[-4.69774,40.71864],[-4.69844,40.72057],[-4.69811,40.72132],[-4.69683,40.72238],[-4.69647,40.72373],[-4.69611,40.72425],[-4.69335,40.72685],[-4.69299,40.72744],[-4.69253,40.7298],[-4.69326,40.73063],[-4.69326,40.73098],[-4.69259,40.73158],[-4.69061,40.73242],[-4.68895,40.73616],[-4.68852,40.73758],[-4.68842,40.73842],[-4.68859,40.7389],[-4.69082,40.74026],[-4.69122,40.74069],[-4.69134,40.74162],[-4.69136,40.74302]]]}},{"type":"Feature","properties":{"COD_POSTAL":"05357"},"geometry":{"type":"Polygon","coordinates":[[[-4.85307,40.74539],[-4.81545,40.72757],[-4.81645,40.72898],[-4.81511,40.7304],[-4.81362,40.72846],[-4.81222,40.7306],[-4.80871,40.73324],[-4.80896,40.73478],[-4.80599,40.73491],[-4.8043,40.73525],[-4.8041,40.73563],[-4.80233,40.7354],[-4.80183,40.73675],[-4.80235,40.73714],[-4.80054,40.74003],[-4.80105,40.74021],[-4.8005,40.74074],[-4.80124,40.74165],[-4.80015,40.74363],[-4.79863,40.74328],[-4.79917,40.7451],[-4.80083,40.74655],[-4.80107,40.74835],[-4.79971,40.74892],[-4.79969,40.74969],[-4.79895,40.74964],[-4.79912,40.75006],[-4.79863,40.75028],[-4.79932,40.75129],[-4.79793,40.75183],[-4.79777,40.75315],[-4.80676,40.75123],[-4.80617,40.75318],[-4.80799,40.75447],[-4.8096,40.75471],[-4.80981,40.75547],[-4.81544,40.75951],[-4.81541,40.75984],[-4.81513,40.75996],[-4.81395,40.76007],[-4.81396,40.76086],[-4.81522,40.7611],[-4.81527,40.76159],[-4.81508,40.76256],[-4.81368,40.7652],[-4.81505,40.76569],[-4.81639,40.76545],[-4.81674,40.76594],[-4.81516,40.76713],[-4.8162,40.76834],[-4.81557,40.76868],[-4.81569,40.77049],[-4.81628,40.77061],[-4.81648,40.77149],[-4.81603,40.77182],[-4.81607,40.77232],[-4.81647,40.77236],[-4.81707,40.77199],[-4.81729,40.77232],[-4.8173,40.77308],[-4.81647,40.77515],[-4.81707,40.77545],[-4.81683,40.77596],[-4.81357,40.77496],[-4.81325,40.77439],[-4.80866,40.77313],[-4.80876,40.77388],[-4.81252,40.77464],[-4.81253,40.77498],[-4.80939,40.77502],[-4.80991,40.77629],[-4.81112,40.77625],[-4.81285,40.77888],[-4.81173,40.77929],[-4.81229,40.78004],[-4.81502,40.77877],[-4.81547,40.77967],[-4.81661,40.7805],[-4.81411,40.78165],[-4.8146,40.78272],[-4.814,40.78301],[-4.81261,40.78279],[-4.81209,40.78319],[-4.8143,40.78499],[-4.813,40.78577],[-4.81113,40.78339],[-4.81089,40.78375],[-4.81095,40.78467],[-4.81205,40.78605],[-4.81109,40.78665],[-4.81094,40.7871],[-4.8093,40.78763],[-4.81156,40.78943],[-4.81,40.79018],[-4.8112,40.79171],[-4.81288,40.791],[-4.81567,40.79439],[-4.81829,40.79552],[-4.81777,40.80098],[-4.81824,40.80195],[-4.82415,40.80236],[-4.82453,40.80397],[-4.82277,40.80386],[-4.82256,40.80551],[-4.82619,40.80623],[-4.82849,40.80577],[-4.82939,40.80821],[-4.83064,40.81008],[-4.83085,40.81103],[-4.83233,40.81125],[-4.83362,40.81067],[-4.83331,40.80954],[-4.834,40.80828],[-4.83466,40.80881],[-4.83541,40.80871],[-4.83712,40.80715],[-4.83743,40.80679],[-4.83438,40.80753],[-4.83591,40.80625],[-4.83588,40.80518],[-4.83792,40.80533],[-4.83924,40.80662],[-4.84007,40.80431],[-4.84207,40.80414],[-4.8433,40.80445],[-4.8455,40.80427],[-4.8444,40.80391],[-4.84444,40.80336],[-4.84244,40.80311],[-4.8415,40.80018],[-4.84321,40.80059],[-4.84421,40.79947],[-4.84281,40.79833],[-4.84264,40.79669],[-4.84385,40.79617],[-4.8442,40.79443],[-4.84599,40.79366],[-4.84621,40.79307],[-4.84525,40.79305],[-4.84711,40.79245],[-4.84781,40.79106],[-4.84899,40.79114],[-4.84868,40.78915],[-4.84798,40.78861],[-4.85009,40.7874],[-4.85431,40.78922],[-4.8556,40.78951],[-4.85579,40.78861],[-4.85452,40.7886],[-4.85455,40.78803],[-4.85603,40.78797],[-4.8562,40.78735],[-4.85527,40.78684],[-4.85495,40.78408],[-4.85432,40.78269],[-4.85208,40.78058],[-4.85574,40.77883],[-4.85296,40.77602],[-4.85035,40.77617],[-4.85055,40.77489],[-4.84811,40.77462],[-4.84871,40.77379],[-4.85072,40.77409],[-4.85098,40.77346],[-4.85295,40.77349],[-4.85196,40.77294],[-4.85187,40.77076],[-4.85326,40.77082],[-4.8531,40.76997],[-4.85024,40.77022],[-4.85083,40.76949],[-4.8498,40.76814],[-4.85108,40.76854],[-4.85234,40.76711],[-4.85248,40.76593],[-4.8534,40.76498],[-4.85347,40.76405],[-4.85451,40.76405],[-4.85509,40.76353],[-4.85644,40.76568],[-4.85432,40.7661],[-4.85309,40.76767],[-4.85467,40.76895],[-4.85482,40.77094],[-4.85457,40.77258],[-4.85537,40.77395],[-4.86101,40.77701],[-4.86446,40.77609],[-4.86666,40.77654],[-4.86735,40.77456],[-4.86993,40.77541],[-4.87153,40.77543],[-4.87279,40.77359],[-4.87258,40.77301],[-4.87359,40.77284],[-4.87365,40.77213],[-4.87278,40.7717],[-4.87266,40.77095],[-4.8716,40.77064],[-4.87057,40.76929],[-4.87104,40.76791],[-4.86969,40.76702],[-4.87135,40.76706],[-4.87196,40.76785],[-4.87274,40.76838],[-4.87167,40.76878],[-4.87144,40.7694],[-4.87444,40.76983],[-4.8745,40.76923],[-4.87626,40.76987],[-4.87717,40.76895],[-4.87656,40.76838],[-4.87972,40.76761],[-4.88183,40.76809],[-4.88281,40.76721],[-4.88143,40.76616],[-4.88394,40.7665],[-4.88382,40.76544],[-4.88523,40.76658],[-4.88471,40.768],[-4.88558,40.76818],[-4.88644,40.76675],[-4.88856,40.76698],[-4.88926,40.76513],[-4.89052,40.76535],[-4.89105,40.7643],[-4.89389,40.76501],[-4.89592,40.7623],[-4.89678,40.76378],[-4.8975,40.76241],[-4.89985,40.76345],[-4.89962,40.76449],[-4.89998,40.76604],[-4.89891,40.7684],[-4.89775,40.76923],[-4.89506,40.77229],[-4.89479,40.77351],[-4.89695,40.7743],[-4.89546,40.77758],[-4.89438,40.77939],[-4.89471,40.78126],[-4.88731,40.7858],[-4.88329,40.78866],[-4.8828,40.79109],[-4.88284,40.79316],[-4.88382,40.79417],[-4.88387,40.79496],[-4.88355,40.7968],[-4.882,40.79752],[-4.88153,40.80087],[-4.88245,40.8011],[-4.88285,40.80061],[-4.88519,40.80136],[-4.88822,40.80162],[-4.88685,40.80288],[-4.88976,40.80448],[-4.89139,40.80281],[-4.89307,40.80296],[-4.8951,40.80437],[-4.89347,40.80548],[-4.89383,40.80683],[-4.89824,40.80631],[-4.8998,40.80838],[-4.90201,40.80994],[-4.90309,40.81111],[-4.90692,40.80995],[-4.91254,40.81057],[-4.91369,40.81036],[-4.91942,40.8115],[-4.91888,40.81209],[-4.91989,40.81239],[-4.92036,40.81179],[-4.92265,40.81169],[-4.92537,40.80987],[-4.9271,40.80911],[-4.92826,40.81063],[-4.92915,40.80949],[-4.9297,40.81036],[-4.9315,40.81054],[-4.93191,40.81128],[-4.93653,40.81059],[-4.9374,40.80987],[-4.94625,40.82756],[-4.94751,40.827],[-4.94773,40.82537],[-4.94991,40.8248],[-4.95028,40.82384],[-4.95118,40.82301],[-4.95193,40.82164],[-4.95587,40.82078],[-4.95794,40.81922],[-4.96071,40.8212],[-4.96849,40.82283],[-4.97201,40.82005],[-4.96906,40.8164],[-4.97587,40.81696],[-4.97578,40.8162],[-4.97451,40.81438],[-4.97091,40.81193],[-4.97197,40.81062],[-4.97161,40.80835],[-4.9736,40.80666],[-4.97245,40.80537],[-4.9724,40.80019],[-4.97432,40.79474],[-4.97364,40.79358],[-4.97424,40.79147],[-4.97317,40.78913],[-4.97226,40.78564],[-4.97356,40.78177],[-4.97642,40.77784],[-4.97779,40.7786],[-4.98059,40.77836],[-4.98563,40.77978],[-4.98751,40.77876],[-4.98914,40.77655],[-4.99423,40.77475],[-4.99846,40.77463],[-4.99984,40.77297],[-4.99912,40.77199],[-4.99897,40.77004],[-4.99903,40.76863],[-4.99969,40.76577],[-4.99699,40.76212],[-4.99279,40.76361],[-4.99252,40.76333],[-4.9916,40.76049],[-4.98724,40.75883],[-4.98313,40.75469],[-4.98273,40.75197],[-4.97904,40.75167],[-4.97938,40.75227],[-4.97777,40.7528],[-4.97709,40.75192],[-4.97526,40.75233],[-4.97163,40.75197],[-4.97154,40.75038],[-4.97005,40.74878],[-4.96771,40.74959],[-4.96246,40.74522],[-4.95734,40.74633],[-4.95343,40.74757],[-4.95237,40.74735],[-4.95149,40.74762],[-4.94972,40.74672],[-4.94843,40.74668],[-4.94614,40.74583],[-4.94689,40.74553],[-4.94636,40.74486],[-4.94406,40.74566],[-4.94001,40.74541],[-4.93653,40.74657],[-4.93308,40.74435],[-4.93286,40.74332],[-4.93363,40.74168],[-4.93566,40.73885],[-4.93685,40.7346],[-4.93019,40.7306],[-4.93089,40.72943],[-4.93028,40.72887],[-4.92537,40.7269],[-4.92394,40.72561],[-4.92484,40.72495],[-4.92497,40.72456],[-4.92481,40.7225],[-4.91989,40.72139],[-4.91915,40.71945],[-4.91607,40.71858],[-4.9138,40.71763],[-4.91402,40.71842],[-4.91803,40.71992],[-4.91798,40.72093],[-4.91615,40.72097],[-4.91513,40.72141],[-4.91732,40.72377],[-4.91666,40.72549],[-4.91496,40.7257],[-4.91343,40.72632],[-4.91167,40.72666],[-4.90947,40.72834],[-4.90513,40.72758],[-4.90451,40.72595],[-4.90316,40.72533],[-4.90072,40.72642],[-4.89857,40.72653],[-4.89662,40.72701],[-4.8941,40.72691],[-4.89157,40.72854],[-4.88555,40.72877],[-4.8855,40.72948],[-4.88484,40.73045],[-4.88077,40.73186],[-4.88022,40.73456],[-4.87916,40.73523],[-4.87713,40.73468],[-4.87502,40.73524],[-4.87219,40.73482],[-4.87077,40.73666],[-4.86946,40.73679],[-4.86886,40.73828],[-4.87028,40.74277],[-4.86825,40.74303],[-4.86745,40.74366],[-4.8653,40.74365],[-4.86468,40.74284],[-4.86306,40.74189],[-4.86253,40.74117],[-4.86162,40.74133],[-4.86139,40.74228],[-4.85969,40.74294],[-4.85881,40.74187],[-4.85579,40.74342],[-4.85431,40.7445],[-4.85307,40.74539]],[[-4.95109,40.79322],[-4.95101,40.792],[-4.95324,40.79119],[-4.95387,40.79415],[-4.95574,40.7939],[-4.95572,40.79454],[-4.95457,40.79583],[-4.95263,40.7954],[-4.95154,40.79394],[-4.95109,40.79322]]]}},{"type":"Feature","properties":{"COD_POSTAL":"05146"},"geometry":{"type":"Polygon","coordinates":[[[-5.08276,40.71343],[-5.08206,40.71307],[-5.07575,40.71233],[-5.0758,40.71115],[-5.07496,40.71008],[-5.07505,40.70932],[-5.0758,40.70845],[-5.0755,40.70778],[-5.07259,40.70734],[-5.06557,40.7049],[-5.0686,40.70246],[-5.06745,40.70139],[-5.06626,40.70207],[-5.06436,40.70051],[-5.06351,40.70019],[-5.06047,40.70249],[-5.05878,40.70157],[-5.05566,40.70073],[-5.05418,40.70076],[-5.05356,40.70104],[-5.05371,40.70154],[-5.05626,40.70147],[-5.0566,40.70232],[-5.0633,40.70517],[-5.0628,40.70614],[-5.06394,40.70645],[-5.06359,40.70694],[-5.06042,40.70669],[-5.05681,40.70589],[-5.05677,40.70666],[-5.05761,40.70676],[-5.05924,40.70755],[-5.06108,40.70799],[-5.06091,40.7094],[-5.05475,40.70846],[-5.05137,40.71566],[-5.05152,40.71944],[-5.05126,40.72469],[-5.04823,40.73518],[-5.04697,40.73669],[-5.04534,40.73762],[-5.04664,40.73867],[-5.0468,40.73911],[-5.04682,40.73941],[-5.04632,40.74003],[-5.04722,40.7409],[-5.04667,40.74113],[-5.0465,40.74172],[-5.04669,40.74196],[-5.04714,40.7421],[-5.04854,40.74173],[-5.04886,40.74194],[-5.04884,40.74263],[-5.04787,40.74329],[-5.04725,40.74457],[-5.04877,40.74498],[-5.04949,40.74561],[-5.04977,40.74635],[-5.05022,40.74649],[-5.05063,40.74647],[-5.05288,40.74491],[-5.05371,40.7455],[-5.05371,40.74739],[-5.05241,40.7541],[-5.04945,40.75559],[-5.04773,40.75584],[-5.0473,40.75712],[-5.04337,40.75637],[-5.0402,40.75629],[-5.0397,40.75641],[-5.03877,40.75748],[-5.03869,40.75818],[-5.03935,40.75879],[-5.04144,40.76183],[-5.04226,40.7635],[-5.04163,40.76769],[-5.04181,40.76817],[-5.04212,40.76848],[-5.04507,40.7697],[-5.04475,40.77122],[-5.04193,40.77081],[-5.04123,40.77041],[-5.03853,40.7716],[-5.03578,40.77169],[-5.03378,40.77276],[-5.03106,40.77187],[-5.02491,40.77621],[-5.02389,40.77719],[-5.02108,40.77835],[-5.01802,40.78054],[-5.01584,40.78103],[-5.00841,40.7798],[-5.00654,40.77875],[-5.00514,40.77861],[-5.0019,40.77731],[-4.99846,40.77463],[-4.99423,40.77475],[-4.98914,40.77655],[-4.98751,40.77876],[-4.98563,40.77978],[-4.98059,40.77836],[-4.97779,40.7786],[-4.97642,40.77784],[-4.97356,40.78177],[-4.97226,40.78564],[-4.97317,40.78913],[-4.97424,40.79147],[-4.97364,40.79358],[-4.97432,40.79474],[-4.9724,40.80019],[-4.97245,40.80537],[-4.9736,40.80666],[-4.97161,40.80835],[-4.97197,40.81062],[-4.97091,40.81193],[-4.97451,40.81438],[-4.97578,40.8162],[-4.97587,40.81696],[-4.96906,40.8164],[-4.97201,40.82005],[-4.96849,40.82283],[-4.97172,40.82409],[-4.97278,40.82299],[-4.97548,40.82292],[-4.97563,40.82489],[-4.97718,40.82555],[-4.97882,40.82734],[-4.97957,40.82972],[-4.98087,40.83253],[-4.98254,40.83341],[-4.98569,40.8335],[-4.98573,40.83535],[-4.99281,40.84185],[-4.9946,40.84605],[-4.99831,40.84669],[-5.00148,40.84621],[-5.00278,40.8453],[-5.00427,40.84497],[-5.00582,40.8437],[-5.00697,40.84376],[-5.00805,40.84336],[-5.00843,40.84366],[-5.0093,40.84353],[-5.01004,40.84312],[-5.0123,40.84085],[-5.01637,40.8393],[-5.0184,40.83896],[-5.01873,40.83833],[-5.01852,40.83741],[-5.01911,40.83624],[-5.02233,40.83349],[-5.02184,40.83358],[-5.02622,40.82897],[-5.02824,40.82855],[-5.03071,40.82898],[-5.03178,40.82559],[-5.03302,40.82295],[-5.03431,40.82345],[-5.03625,40.82701],[-5.03727,40.82796],[-5.0383,40.82797],[-5.04097,40.82723],[-5.04583,40.82763],[-5.0465,40.82724],[-5.04843,40.82807],[-5.04922,40.83071],[-5.05113,40.83145],[-5.05806,40.82987],[-5.05834,40.82921],[-5.06028,40.82936],[-5.06061,40.82876],[-5.07074,40.82708],[-5.07978,40.82214],[-5.08057,40.82022],[-5.08413,40.81977],[-5.08748,40.82243],[-5.09452,40.82508],[-5.09743,40.82888],[-5.09793,40.83008],[-5.09809,40.8328],[-5.0986,40.83351],[-5.09961,40.83677],[-5.09892,40.8406],[-5.10116,40.84383],[-5.10359,40.84395],[-5.10797,40.84339],[-5.11228,40.84196],[-5.11282,40.8426],[-5.11192,40.84384],[-5.11225,40.84524],[-5.11395,40.84648],[-5.11414,40.848],[-5.11503,40.84827],[-5.11547,40.84749],[-5.1163,40.84722],[-5.11731,40.8465],[-5.12102,40.84594],[-5.12149,40.84567],[-5.12165,40.84622],[-5.12101,40.84758],[-5.12229,40.84711],[-5.12408,40.84832],[-5.12417,40.84957],[-5.12546,40.85034],[-5.12925,40.85076],[-5.13375,40.84959],[-5.13576,40.84948],[-5.13761,40.8517],[-5.13987,40.85325],[-5.14077,40.85292],[-5.14189,40.85319],[-5.14432,40.85502],[-5.14658,40.85483],[-5.14605,40.85572],[-5.14661,40.85597],[-5.14659,40.85722],[-5.14933,40.85976],[-5.15061,40.86012],[-5.1513,40.86127],[-5.15386,40.86121],[-5.15415,40.86202],[-5.15407,40.86294],[-5.15626,40.86254],[-5.16201,40.86634],[-5.16337,40.86549],[-5.16381,40.86437],[-5.16296,40.86322],[-5.16204,40.86238],[-5.16154,40.86225],[-5.16294,40.85895],[-5.16423,40.85685],[-5.16315,40.85649],[-5.16301,40.8545],[-5.16358,40.8533],[-5.16488,40.85198],[-5.16439,40.85127],[-5.16447,40.85011],[-5.16576,40.84684],[-5.16604,40.84555],[-5.1656,40.84424],[-5.1656,40.84319],[-5.16653,40.842],[-5.16896,40.83999],[-5.16797,40.83931],[-5.16752,40.83772],[-5.1682,40.83647],[-5.1675,40.83626],[-5.16683,40.83449],[-5.16638,40.83419],[-5.16389,40.83439],[-5.1641,40.83179],[-5.16393,40.83101],[-5.16281,40.83061],[-5.1611,40.82957],[-5.16193,40.82892],[-5.16187,40.82809],[-5.16099,40.82766],[-5.16086,40.82681],[-5.1593,40.82606],[-5.15895,40.8251],[-5.15747,40.82411],[-5.15813,40.82226],[-5.15802,40.82176],[-5.1574,40.8215],[-5.15745,40.82129],[-5.15833,40.8207],[-5.15993,40.81885],[-5.16168,40.81791],[-5.16151,40.814],[-5.16474,40.81278],[-5.16593,40.81352],[-5.16662,40.81234],[-5.16679,40.81117],[-5.17763,40.80527],[-5.17757,40.80339],[-5.17804,40.80194],[-5.18056,40.79747],[-5.1788,40.79678],[-5.17659,40.79495],[-5.17522,40.79522],[-5.17343,40.79351],[-5.17283,40.79009],[-5.17568,40.7862],[-5.17427,40.78479],[-5.17452,40.78307],[-5.17072,40.78334],[-5.16787,40.78316],[-5.16134,40.78179],[-5.15921,40.7798],[-5.15982,40.77927],[-5.15579,40.77577],[-5.15565,40.77543],[-5.15595,40.7741],[-5.15741,40.77318],[-5.1585,40.77063],[-5.15837,40.76893],[-5.15665,40.76763],[-5.15876,40.76706],[-5.16607,40.76403],[-5.16771,40.75957],[-5.16976,40.75652],[-5.17115,40.75498],[-5.17337,40.75343],[-5.17601,40.75217],[-5.17783,40.75035],[-5.17877,40.74853],[-5.17911,40.7473],[-5.17862,40.74316],[-5.17789,40.74211],[-5.17602,40.74042],[-5.17469,40.73803],[-5.17138,40.73631],[-5.17005,40.73481],[-5.16819,40.7358],[-5.166,40.73643],[-5.1624,40.73607],[-5.15637,40.73337],[-5.15363,40.73309],[-5.14806,40.73147],[-5.1466,40.73083],[-5.14355,40.72712],[-5.13894,40.72842],[-5.11443,40.73027],[-5.1094,40.72873],[-5.10439,40.72585],[-5.09874,40.71621],[-5.09372,40.71222],[-5.09172,40.71255],[-5.08937,40.71669],[-5.0856,40.71603],[-5.08242,40.71513],[-5.08276,40.71343]]]}},{"type":"Feature","properties":{"COD_POSTAL":"05620"},"geometry":{"type":"Polygon","coordinates":[[[-5.5765,40.33896],[-5.57478,40.33884],[-5.5722,40.33783],[-5.57196,40.33744],[-5.56804,40.33628],[-5.56674,40.33553],[-5.56466,40.33481],[-5.55944,40.33209],[-5.55436,40.32466],[-5.55299,40.32771],[-5.54728,40.33071],[-5.5456,40.33218],[-5.54474,40.33309],[-5.54503,40.3336],[-5.54292,40.33674],[-5.54052,40.33973],[-5.53728,40.34288],[-5.53454,40.3444],[-5.53769,40.34679],[-5.54059,40.35057],[-5.54947,40.36092],[-5.54837,40.36562],[-5.5468,40.36981],[-5.55065,40.37213],[-5.55229,40.37349],[-5.55371,40.37516],[-5.5605,40.37774],[-5.57,40.37864],[-5.57529,40.38014],[-5.58214,40.37997],[-5.58377,40.37523],[-5.5839,40.37406],[-5.58271,40.37259],[-5.57768,40.36923],[-5.57664,40.36587],[-5.57715,40.36267],[-5.57704,40.36112],[-5.57613,40.35944],[-5.57276,40.35533],[-5.57495,40.35198],[-5.57836,40.34893],[-5.57873,40.34776],[-5.57912,40.34216],[-5.57877,40.33986],[-5.57907,40.33895],[-5.57772,40.33888],[-5.5765,40.33896]]]}},{"type":"Feature","properties":{"COD_POSTAL":"05162"},"geometry":{"type":"Polygon","coordinates":[[[-4.73983,40.81363],[-4.74356,40.81653],[-4.74772,40.81603],[-4.74612,40.81575],[-4.74791,40.81425],[-4.75009,40.81596],[-4.74757,40.8168],[-4.7482,40.81913],[-4.75035,40.821],[-4.7518,40.82161],[-4.75301,40.82157],[-4.75395,40.82261],[-4.75159,40.82346],[-4.7525,40.82458],[-4.7554,40.82427],[-4.75535,40.82533],[-4.75664,40.8253],[-4.75679,40.82375],[-4.75749,40.82355],[-4.75807,40.82289],[-4.75942,40.82312],[-4.76052,40.82222],[-4.76095,40.82227],[-4.76265,40.82121],[-4.76334,40.82154],[-4.76461,40.82166],[-4.76633,40.82103],[-4.76758,40.82095],[-4.76758,40.82001],[-4.76662,40.81975],[-4.76729,40.81949],[-4.76844,40.8197],[-4.76762,40.81868],[-4.76742,40.81752],[-4.76755,40.81657],[-4.7679,40.81595],[-4.76873,40.81615],[-4.76873,40.81683],[-4.76901,40.81723],[-4.77083,40.81795],[-4.77135,40.81808],[-4.77243,40.81783],[-4.77355,40.81814],[-4.77454,40.81762],[-4.77463,40.81806],[-4.77417,40.81859],[-4.77471,40.81899],[-4.77609,40.81781],[-4.77924,40.81736],[-4.78067,40.81597],[-4.78014,40.81446],[-4.7794,40.81412],[-4.77975,40.81372],[-4.77805,40.81235],[-4.7783,40.8122],[-4.77931,40.81269],[-4.78064,40.81369],[-4.78241,40.81148],[-4.78175,40.80997],[-4.7844,40.80959],[-4.78539,40.81057],[-4.78629,40.8104],[-4.78626,40.80908],[-4.78666,40.80873],[-4.78734,40.80862],[-4.78693,40.8072],[-4.78907,40.80657],[-4.78916,40.80536],[-4.79438,40.80454],[-4.79509,40.80526],[-4.7961,40.80694],[-4.79523,40.80735],[-4.79874,40.80864],[-4.80183,40.80638],[-4.80146,40.8057],[-4.80236,40.80522],[-4.80228,40.80393],[-4.80063,40.80356],[-4.8004,40.80278],[-4.80045,40.80213],[-4.80241,40.8005],[-4.80137,40.80009],[-4.80169,40.79884],[-4.79904,40.79651],[-4.80024,40.79611],[-4.79907,40.79531],[-4.80066,40.79414],[-4.79961,40.79157],[-4.79921,40.79122],[-4.79823,40.7914],[-4.79853,40.79298],[-4.7963,40.79407],[-4.79538,40.79402],[-4.79454,40.79357],[-4.79404,40.79402],[-4.79318,40.79361],[-4.79249,40.79367],[-4.7913,40.79285],[-4.79178,40.79214],[-4.79067,40.79007],[-4.79068,40.78937],[-4.78989,40.78933],[-4.7896,40.78882],[-4.78857,40.78884],[-4.78884,40.78836],[-4.78844,40.78774],[-4.78678,40.78822],[-4.78616,40.78698],[-4.78378,40.78785],[-4.78233,40.78771],[-4.78144,40.78685],[-4.78176,40.7863],[-4.77954,40.78448],[-4.77713,40.78387],[-4.77549,40.78404],[-4.77536,40.78329],[-4.77391,40.78339],[-4.77432,40.78413],[-4.77339,40.78575],[-4.77195,40.78611],[-4.77049,40.78555],[-4.77112,40.78433],[-4.76914,40.7841],[-4.76719,40.78345],[-4.76723,40.78304],[-4.76476,40.78196],[-4.76453,40.78131],[-4.7628,40.78019],[-4.762,40.78033],[-4.76126,40.78015],[-4.76086,40.77996],[-4.76068,40.77931],[-4.75996,40.77906],[-4.75846,40.77912],[-4.75809,40.77817],[-4.75703,40.77964],[-4.75861,40.78087],[-4.7581,40.78131],[-4.75745,40.78094],[-4.7562,40.78141],[-4.75562,40.78123],[-4.75506,40.7818],[-4.75528,40.78435],[-4.75267,40.7852],[-4.75051,40.78447],[-4.7505,40.784],[-4.75,40.78421],[-4.74933,40.78384],[-4.74741,40.78476],[-4.74667,40.78475],[-4.74432,40.78696],[-4.7418,40.79136],[-4.742,40.79353],[-4.74242,40.79487],[-4.74224,40.79635],[-4.74017,40.7966],[-4.74,40.79902],[-4.73863,40.79845],[-4.73804,40.79888],[-4.73916,40.79969],[-4.74212,40.80062],[-4.74187,40.8028],[-4.74138,40.80387],[-4.74066,40.80357],[-4.74001,40.80459],[-4.73896,40.80529],[-4.73517,40.80341],[-4.7348,40.80516],[-4.73443,40.80545],[-4.73482,40.80722],[-4.73706,40.80589],[-4.73995,40.80766],[-4.73775,40.81054],[-4.73853,40.81113],[-4.73972,40.81114],[-4.7398,40.81055],[-4.74127,40.81177],[-4.73983,40.81363]]]}},{"type":"Feature","properties":{"COD_POSTAL":"05695"},"geometry":{"type":"Polygon","coordinates":[[[-5.44755,40.46751],[-5.44877,40.46651],[-5.45084,40.46571],[-5.45402,40.46522],[-5.45621,40.4651],[-5.46317,40.46617],[-5.46555,40.46591],[-5.46713,40.46401],[-5.46937,40.46222],[-5.47179,40.46126],[-5.47688,40.46047],[-5.47806,40.46002],[-5.48044,40.45762],[-5.48159,40.45685],[-5.48256,40.45668],[-5.48366,40.45689],[-5.48633,40.4583],[-5.48704,40.45828],[-5.48834,40.45743],[-5.48904,40.45739],[-5.49124,40.45842],[-5.49495,40.45935],[-5.5004,40.45891],[-5.46352,40.41061],[-5.46052,40.40629],[-5.45929,40.40624],[-5.45669,40.40717],[-5.45355,40.40986],[-5.44791,40.41232],[-5.44707,40.41246],[-5.44394,40.41216],[-5.44755,40.46751]]]}},{"type":"Feature","properties":{"COD_POSTAL":"05197"},"geometry":{"type":"Polygon","coordinates":[[[-4.7309,40.578],[-4.72804,40.57975],[-4.72357,40.5778],[-4.72069,40.57731],[-4.7216,40.57281],[-4.72089,40.56977],[-4.71998,40.5694],[-4.71708,40.5693],[-4.7147,40.56658],[-4.71331,40.56648],[-4.71288,40.56427],[-4.71206,40.56425],[-4.71092,40.56585],[-4.70721,40.56666],[-4.70478,40.56853],[-4.70294,40.56855],[-4.70296,40.56546],[-4.70319,40.56446],[-4.70169,40.56076],[-4.69922,40.56184],[-4.69797,40.56215],[-4.69416,40.56239],[-4.68896,40.56412],[-4.68642,40.56772],[-4.68659,40.57239],[-4.68776,40.57477],[-4.69115,40.57951],[-4.69032,40.58356],[-4.69132,40.58666],[-4.69138,40.58903],[-4.68902,40.59019],[-4.68519,40.5904],[-4.68388,40.59119],[-4.68436,40.59221],[-4.68679,40.59259],[-4.68781,40.59176],[-4.68854,40.59302],[-4.68763,40.59602],[-4.68693,40.5965],[-4.68713,40.59692],[-4.68565,40.5975],[-4.68806,40.59936],[-4.68385,40.60138],[-4.68398,40.60277],[-4.68164,40.60506],[-4.68463,40.60639],[-4.68497,40.60681],[-4.68385,40.61078],[-4.6847,40.613],[-4.68392,40.61349],[-4.68151,40.61277],[-4.6806,40.61219],[-4.67673,40.61968],[-4.67631,40.6222],[-4.67771,40.62422],[-4.68182,40.62554],[-4.68643,40.62471],[-4.68817,40.62526],[-4.68988,40.62471],[-4.70036,40.62325],[-4.71486,40.62416],[-4.71975,40.62908],[-4.71926,40.62944],[-4.71855,40.63078],[-4.71843,40.63254],[-4.71787,40.63354],[-4.71792,40.63447],[-4.71576,40.63689],[-4.71333,40.63835],[-4.71765,40.6395],[-4.7154,40.64177],[-4.72,40.64233],[-4.72026,40.64297],[-4.72264,40.64166],[-4.72275,40.64029],[-4.72347,40.64056],[-4.72402,40.63984],[-4.72303,40.63899],[-4.72457,40.63811],[-4.72511,40.63856],[-4.72602,40.63805],[-4.72691,40.63866],[-4.72623,40.63767],[-4.72493,40.63657],[-4.72801,40.6345],[-4.73173,40.63299],[-4.73814,40.62839],[-4.73959,40.62903],[-4.74283,40.629],[-4.74353,40.62862],[-4.74432,40.6302],[-4.74406,40.63126],[-4.74594,40.63123],[-4.74705,40.63107],[-4.74736,40.63064],[-4.74843,40.63015],[-4.74888,40.62933],[-4.74972,40.62936],[-4.74887,40.6269],[-4.75021,40.62669],[-4.75137,40.62729],[-4.7514,40.62968],[-4.75116,40.62965],[-4.75087,40.63277],[-4.74927,40.63271],[-4.74865,40.63511],[-4.74623,40.6347],[-4.74616,40.63585],[-4.74784,40.63698],[-4.74876,40.63856],[-4.75155,40.63755],[-4.75066,40.63574],[-4.75085,40.63578],[-4.75173,40.63288],[-4.75515,40.63393],[-4.75639,40.63341],[-4.7564,40.63181],[-4.75676,40.63054],[-4.75884,40.63098],[-4.76158,40.63118],[-4.76197,40.63142],[-4.76163,40.63242],[-4.76182,40.63302],[-4.76244,40.63323],[-4.76219,40.63372],[-4.7667,40.63199],[-4.76817,40.63413],[-4.76663,40.63302],[-4.7662,40.63371],[-4.76884,40.63478],[-4.769,40.63569],[-4.76815,40.63576],[-4.76776,40.63662],[-4.77008,40.63676],[-4.77031,40.6362],[-4.77196,40.63607],[-4.77273,40.63451],[-4.77182,40.63373],[-4.77218,40.63247],[-4.77058,40.63104],[-4.76891,40.63083],[-4.77139,40.63002],[-4.76844,40.62783],[-4.76908,40.6275],[-4.76958,40.62804],[-4.77103,40.62795],[-4.77153,40.62831],[-4.77209,40.62801],[-4.77169,40.62728],[-4.77168,40.62659],[-4.77108,40.62581],[-4.77228,40.62469],[-4.77249,40.62536],[-4.77342,40.62537],[-4.77288,40.62191],[-4.77352,40.62134],[-4.77289,40.62131],[-4.772,40.62018],[-4.7771,40.61881],[-4.77795,40.62123],[-4.77894,40.62106],[-4.7775,40.61718],[-4.77777,40.61687],[-4.77732,40.61535],[-4.77979,40.61481],[-4.78888,40.61151],[-4.78848,40.6109],[-4.78925,40.61003],[-4.78924,40.60967],[-4.78545,40.60478],[-4.78555,40.60227],[-4.78789,40.60087],[-4.7884,40.60119],[-4.78938,40.60128],[-4.79056,40.60054],[-4.78966,40.59957],[-4.79074,40.59922],[-4.79235,40.60003],[-4.79409,40.59929],[-4.7933,40.59772],[-4.79731,40.59549],[-4.79963,40.59521],[-4.79841,40.59312],[-4.79834,40.59217],[-4.79758,40.59122],[-4.79832,40.59048],[-4.79919,40.59089],[-4.79898,40.58995],[-4.79795,40.58785],[-4.79795,40.58695],[-4.79897,40.58656],[-4.7995,40.58701],[-4.80056,40.58678],[-4.80107,40.58719],[-4.80192,40.58713],[-4.80206,40.5878],[-4.80373,40.58763],[-4.80385,40.58613],[-4.80419,40.58548],[-4.80349,40.5846],[-4.80434,40.58419],[-4.80466,40.58207],[-4.80757,40.58111],[-4.81006,40.58293],[-4.81155,40.58274],[-4.81016,40.58134],[-4.80991,40.58058],[-4.80908,40.57943],[-4.81289,40.57732],[-4.81231,40.57672],[-4.81067,40.57621],[-4.80966,40.57549],[-4.80828,40.57627],[-4.80782,40.57559],[-4.80858,40.57518],[-4.80652,40.57393],[-4.80569,40.57216],[-4.8064,40.57061],[-4.80568,40.56877],[-4.80475,40.56871],[-4.80302,40.56782],[-4.80219,40.5684],[-4.80092,40.56747],[-4.79799,40.56616],[-4.79784,40.56388],[-4.79697,40.56333],[-4.79656,40.56216],[-4.79519,40.56146],[-4.79484,40.563],[-4.79378,40.56368],[-4.79525,40.56553],[-4.79422,40.56646],[-4.79196,40.56655],[-4.78804,40.56552],[-4.78713,40.5644],[-4.77813,40.56351],[-4.77541,40.56427],[-4.77378,40.56625],[-4.77284,40.56652],[-4.7727,40.56797],[-4.77024,40.5682],[-4.76732,40.5701],[-4.76934,40.57199],[-4.76961,40.57311],[-4.76943,40.57404],[-4.76634,40.57327],[-4.76537,40.57146],[-4.76349,40.57136],[-4.76118,40.57186],[-4.75801,40.57189],[-4.755,40.5733],[-4.75347,40.57474],[-4.7512,40.57396],[-4.75033,40.57313],[-4.74752,40.57304],[-4.74639,40.57256],[-4.74399,40.57204],[-4.74245,40.57439],[-4.73985,40.57482],[-4.74033,40.57627],[-4.74031,40.57714],[-4.74129,40.57835],[-4.73924,40.5787],[-4.73814,40.57854],[-4.73797,40.57803],[-4.73678,40.57691],[-4.7328,40.57684],[-4.7309,40.578]]]}},{"type":"Feature","properties":{"COD_POSTAL":"05410"},"geometry":{"type":"Polygon","coordinates":[[[-4.99833,40.26236],[-5.00168,40.26491],[-5.00036,40.26661],[-5.00132,40.26842],[-5.0028,40.26872],[-5.00456,40.26803],[-5.00643,40.26919],[-5.00887,40.26899],[-5.01092,40.26934],[-5.01252,40.26902],[-5.01567,40.27099],[-5.01601,40.27044],[-5.01689,40.27047],[-5.01848,40.27343],[-5.01968,40.27461],[-5.02057,40.27469],[-5.02089,40.27422],[-5.02073,40.27204],[-5.0224,40.27199],[-5.02311,40.27362],[-5.02443,40.27534],[-5.02578,40.27564],[-5.03195,40.27943],[-5.03349,40.27971],[-5.03449,40.28024],[-5.03549,40.28041],[-5.0373,40.28024],[-5.0489,40.28383],[-5.05148,40.28309],[-5.0527,40.28145],[-5.06057,40.2842],[-5.06213,40.28402],[-5.06439,40.28303],[-5.0644,40.28209],[-5.06267,40.27767],[-5.06023,40.27557],[-5.05842,40.27467],[-5.05707,40.27264],[-5.05749,40.2684],[-5.05702,40.26703],[-5.05611,40.2658],[-5.05569,40.26597],[-5.05416,40.26482],[-5.05442,40.26319],[-5.05379,40.26188],[-5.05367,40.26045],[-5.05503,40.25647],[-5.054,40.25475],[-5.05299,40.25369],[-5.05343,40.25135],[-5.05324,40.25018],[-5.05354,40.24944],[-5.05494,40.24923],[-5.05623,40.24701],[-5.05558,40.24676],[-5.05599,40.24637],[-5.05602,40.24592],[-5.05462,40.24278],[-5.05526,40.24001],[-5.05527,40.2389],[-5.05341,40.23395],[-5.05037,40.2285],[-5.04918,40.22697],[-5.04593,40.22373],[-5.03368,40.22253],[-5.02832,40.23535],[-5.0193,40.24295],[-5.01562,40.2452],[-5.00602,40.26073],[-5.00318,40.26253],[-4.99799,40.26194],[-4.99833,40.26236]]]}},{"type":"Feature","properties":{"COD_POSTAL":"05591"},"geometry":{"type":"Polygon","coordinates":[[[-5.13334,40.57409],[-5.13376,40.57526],[-5.1365,40.57757],[-5.13816,40.57828],[-5.14274,40.58148],[-5.1469,40.58479],[-5.1512,40.58698],[-5.16002,40.59451],[-5.16156,40.59643],[-5.17119,40.60604],[-5.18411,40.61723],[-5.18685,40.61823],[-5.18767,40.61953],[-5.1889,40.62427],[-5.19079,40.61909],[-5.19149,40.61838],[-5.19379,40.61721],[-5.19642,40.61689],[-5.20279,40.61764],[-5.20564,40.61766],[-5.20731,40.61743],[-5.21234,40.61562],[-5.21687,40.61351],[-5.21938,40.61354],[-5.22099,40.6138],[-5.22671,40.61514],[-5.22984,40.61643],[-5.2312,40.61736],[-5.23245,40.61871],[-5.23806,40.61723],[-5.23845,40.6152],[-5.23835,40.61428],[-5.23314,40.60326],[-5.23222,40.59732],[-5.24473,40.58879],[-5.24567,40.58775],[-5.24606,40.58408],[-5.24573,40.58152],[-5.24311,40.5785],[-5.23805,40.57721],[-5.23707,40.57627],[-5.23384,40.57469],[-5.23024,40.57346],[-5.22253,40.56941],[-5.21784,40.56743],[-5.21721,40.56031],[-5.21156,40.55811],[-5.20562,40.55702],[-5.19898,40.55534],[-5.19006,40.55447],[-5.18622,40.55095],[-5.18128,40.55068],[-5.17994,40.55212],[-5.17074,40.55264],[-5.1682,40.55001],[-5.16671,40.54922],[-5.16472,40.5484],[-5.16156,40.54859],[-5.15882,40.5496],[-5.15894,40.55101],[-5.15591,40.55431],[-5.15463,40.55509],[-5.15335,40.55808],[-5.14846,40.56268],[-5.14332,40.56493],[-5.14127,40.56681],[-5.14036,40.56838],[-5.13952,40.56884],[-5.13603,40.57322],[-5.13244,40.57268],[-5.13334,40.57409]]]}},{"type":"Feature","properties":{"COD_POSTAL":"05147"},"geometry":{"type":"Polygon","coordinates":[[[-5.07992,40.68304],[-5.08145,40.68347],[-5.08401,40.68123],[-5.08619,40.68244],[-5.08513,40.68354],[-5.08544,40.68408],[-5.08513,40.68485],[-5.08347,40.68676],[-5.08261,40.68632],[-5.08183,40.68756],[-5.08153,40.68875],[-5.08159,40.68928],[-5.08222,40.68975],[-5.08563,40.68969],[-5.08642,40.69053],[-5.08626,40.69394],[-5.08258,40.69357],[-5.07807,40.69369],[-5.07496,40.69757],[-5.07402,40.6974],[-5.07079,40.70097],[-5.06557,40.7049],[-5.07259,40.70734],[-5.0755,40.70778],[-5.0758,40.70845],[-5.07505,40.70932],[-5.07496,40.71008],[-5.0758,40.71115],[-5.07575,40.71233],[-5.08211,40.71309],[-5.08276,40.71343],[-5.08242,40.71513],[-5.0856,40.71603],[-5.08937,40.71669],[-5.09172,40.71255],[-5.09372,40.71222],[-5.09874,40.71621],[-5.10439,40.72585],[-5.1094,40.72873],[-5.11443,40.73027],[-5.13894,40.72842],[-5.14355,40.72712],[-5.1466,40.73083],[-5.14806,40.73147],[-5.15363,40.73309],[-5.15637,40.73337],[-5.1624,40.73607],[-5.166,40.73643],[-5.16819,40.7358],[-5.17005,40.73481],[-5.17072,40.73364],[-5.17146,40.73304],[-5.17242,40.73092],[-5.1769,40.7293],[-5.18064,40.72837],[-5.18767,40.72607],[-5.18777,40.72622],[-5.19657,40.72354],[-5.19613,40.72278],[-5.19245,40.71898],[-5.19183,40.71764],[-5.19132,40.71472],[-5.1898,40.71316],[-5.18993,40.71175],[-5.19079,40.71056],[-5.19083,40.70804],[-5.19279,40.70571],[-5.19209,40.7037],[-5.18996,40.69993],[-5.18887,40.69958],[-5.18766,40.69955],[-5.17936,40.70074],[-5.17638,40.70079],[-5.17639,40.69856],[-5.17591,40.69808],[-5.1788,40.69264],[-5.17907,40.68972],[-5.18009,40.68547],[-5.17991,40.68468],[-5.17855,40.68369],[-5.17512,40.68208],[-5.16876,40.67763],[-5.16759,40.67747],[-5.16603,40.67785],[-5.16026,40.67614],[-5.16038,40.67528],[-5.15982,40.67386],[-5.15942,40.67099],[-5.15763,40.66605],[-5.15597,40.664],[-5.15239,40.66199],[-5.1464,40.66177],[-5.13705,40.66319],[-5.13705,40.6618],[-5.13627,40.66101],[-5.1343,40.65739],[-5.13409,40.65619],[-5.1344,40.65486],[-5.13109,40.65596],[-5.12861,40.6564],[-5.12253,40.65543],[-5.11507,40.65711],[-5.11415,40.65618],[-5.11022,40.65557],[-5.10849,40.65568],[-5.10447,40.66081],[-5.09993,40.66353],[-5.09701,40.66392],[-5.08395,40.66741],[-5.08457,40.67223],[-5.07712,40.6772],[-5.08181,40.67997],[-5.07935,40.6816],[-5.08046,40.68268],[-5.07992,40.68304]]]}},{"type":"Feature","properties":{"COD_POSTAL":"05143"},"geometry":{"type":"Polygon","coordinates":[[[-4.99214,40.67911],[-4.993,40.68038],[-4.99298,40.68082],[-4.99218,40.68193],[-4.99487,40.68489],[-4.99245,40.68606],[-4.99091,40.68324],[-4.98783,40.68115],[-4.98676,40.68067],[-4.98861,40.6845],[-4.99184,40.68627],[-4.99251,40.68873],[-4.99342,40.6899],[-4.99566,40.69163],[-4.99702,40.6919],[-4.99909,40.69131],[-5.00044,40.69218],[-5.0003,40.69284],[-5.00189,40.69409],[-5.00266,40.69407],[-5.00382,40.69246],[-5.00565,40.69074],[-5.00589,40.69003],[-5.00833,40.68874],[-5.00858,40.68775],[-5.00849,40.68686],[-5.00886,40.68611],[-5.01029,40.68483],[-5.0124,40.68341],[-5.01591,40.67725],[-5.0213,40.67813],[-5.02148,40.67959],[-5.0257,40.68473],[-5.02668,40.68664],[-5.02803,40.68737],[-5.02983,40.68738],[-5.03093,40.68838],[-5.03701,40.69116],[-5.03809,40.69202],[-5.04012,40.69306],[-5.05177,40.69521],[-5.0533,40.69402],[-5.0545,40.69217],[-5.05862,40.68841],[-5.05996,40.68625],[-5.05992,40.68565],[-5.05576,40.68616],[-5.05456,40.68576],[-5.05393,40.68486],[-5.05342,40.68294],[-5.05252,40.68206],[-5.0519,40.68188],[-5.04969,40.68162],[-5.0485,40.68178],[-5.04691,40.6824],[-5.04602,40.68229],[-5.04617,40.68096],[-5.04697,40.67969],[-5.04697,40.6789],[-5.04243,40.67434],[-5.04221,40.67164],[-5.03779,40.66783],[-5.03464,40.66728],[-5.03677,40.66613],[-5.03683,40.66583],[-5.03558,40.66402],[-5.03494,40.66184],[-5.03511,40.65985],[-5.03374,40.65737],[-5.03184,40.65582],[-5.03159,40.65537],[-5.03153,40.65319],[-5.02919,40.65097],[-5.02949,40.6482],[-5.02758,40.64574],[-5.02664,40.64492],[-5.02564,40.64551],[-5.02232,40.64626],[-5.02082,40.64578],[-5.0187,40.64567],[-5.01192,40.64295],[-5.0099,40.64157],[-5.00725,40.6418],[-5.00507,40.64109],[-5.00397,40.64105],[-4.99904,40.64158],[-4.99709,40.64151],[-4.99593,40.64251],[-4.99426,40.64198],[-4.99116,40.64498],[-4.98993,40.64909],[-4.98955,40.64963],[-4.98831,40.64968],[-4.98506,40.64785],[-4.98357,40.64855],[-4.98234,40.65057],[-4.98115,40.65196],[-4.9756,40.65328],[-4.98238,40.65626],[-4.98463,40.65808],[-4.98317,40.66031],[-4.98303,40.66118],[-4.98375,40.66408],[-4.98646,40.66618],[-4.98745,40.66833],[-4.98919,40.67049],[-4.99061,40.6744],[-4.99174,40.67633],[-4.99186,40.67836],[-4.99214,40.67911]],[[-5.01593,40.671],[-5.01877,40.67139],[-5.02167,40.67223],[-5.0221,40.67261],[-5.02323,40.67268],[-5.02392,40.67559],[-5.01706,40.67509],[-5.01316,40.67392],[-5.01395,40.67052],[-5.01593,40.671]]]}},{"type":"Feature","properties":{"COD_POSTAL":"05309"},"geometry":{"type":"MultiPolygon","coordinates":[[[[-4.95364,40.79357],[-4.95324,40.79119],[-4.95101,40.792],[-4.95109,40.79322],[-4.95263,40.7954],[-4.95457,40.79583],[-4.95572,40.79454],[-4.95574,40.7939],[-4.95387,40.79415],[-4.95364,40.79357]]],[[[-4.9147,40.86725],[-4.91481,40.8679],[-4.91175,40.86886],[-4.91103,40.8705],[-4.91185,40.87152],[-4.90955,40.87283],[-4.90965,40.87386],[-4.90876,40.87365],[-4.90852,40.87793],[-4.90685,40.87829],[-4.90691,40.87913],[-4.90597,40.87923],[-4.90605,40.87996],[-4.90179,40.88412],[-4.89992,40.8878],[-4.89928,40.89051],[-4.9,40.89118],[-4.89665,40.89216],[-4.89325,40.89402],[-4.89376,40.89474],[-4.89297,40.89528],[-4.89173,40.89768],[-4.89347,40.89865],[-4.8952,40.90068],[-4.8974,40.90092],[-4.89822,40.90259],[-4.89917,40.90274],[-4.89976,40.90382],[-4.90261,40.903],[-4.9069,40.9007],[-4.91605,40.90412],[-4.91784,40.90569],[-4.92134,40.90515],[-4.92213,40.90549],[-4.92375,40.90324],[-4.92926,40.90282],[-4.93335,40.90141],[-4.93595,40.90147],[-4.93699,40.90197],[-4.94175,40.90035],[-4.94818,40.90027],[-4.95033,40.89986],[-4.9519,40.90024],[-4.95591,40.89987],[-4.95922,40.89897],[-4.96318,40.90021],[-4.96344,40.90088],[-4.96589,40.90162],[-4.96876,40.9006],[-4.96912,40.90027],[-4.97219,40.90177],[-4.97174,40.90212],[-4.97162,40.90429],[-4.97562,40.9073],[-4.97458,40.90848],[-4.97513,40.90896],[-4.97503,40.9094],[-4.98024,40.91199],[-4.98412,40.91233],[-4.98451,40.91099],[-4.98531,40.91092],[-4.98947,40.91412],[-4.99241,40.9153],[-4.99814,40.91178],[-5.00286,40.91075],[-5.00352,40.91173],[-5.00548,40.91146],[-5.00702,40.91052],[-5.00732,40.91111],[-5.01362,40.90713],[-5.01859,40.90574],[-5.02304,40.90125],[-5.02489,40.90235],[-5.02597,40.90256],[-5.02805,40.90223],[-5.03008,40.90034],[-5.03364,40.90157],[-5.03574,40.9011],[-5.03753,40.90034],[-5.03872,40.89935],[-5.03961,40.89805],[-5.04138,40.89091],[-5.04119,40.88968],[-5.0419,40.88732],[-5.04187,40.88672],[-5.04511,40.88172],[-5.0484,40.87783],[-5.04524,40.8763],[-5.04381,40.87585],[-5.04234,40.87625],[-5.04054,40.87365],[-5.03927,40.87277],[-5.03825,40.87319],[-5.03791,40.87374],[-5.03683,40.87435],[-5.03538,40.87464],[-5.03412,40.872],[-5.03407,40.86992],[-5.03337,40.86881],[-5.03303,40.86749],[-5.03305,40.86646],[-5.03162,40.86552],[-5.03171,40.86382],[-5.03119,40.8626],[-5.03198,40.8601],[-5.03124,40.85916],[-5.03077,40.85793],[-5.03075,40.85702],[-5.03105,40.85652],[-5.02832,40.85643],[-5.02406,40.85688],[-5.02224,40.85642],[-5.0202,40.85473],[-5.02012,40.85384],[-5.02086,40.85247],[-5.02095,40.85178],[-5.02185,40.85108],[-5.0217,40.85035],[-5.02242,40.84912],[-5.02234,40.84887],[-5.02052,40.84779],[-5.02051,40.84747],[-5.02102,40.84702],[-5.02115,40.84632],[-5.01878,40.8445],[-5.01583,40.84335],[-5.01492,40.84328],[-5.01202,40.84114],[-5.00965,40.84338],[-5.00843,40.84366],[-5.00805,40.84336],[-5.00697,40.84376],[-5.00582,40.8437],[-5.00427,40.84497],[-5.00278,40.8453],[-5.00148,40.84621],[-4.99831,40.84669],[-4.9946,40.84605],[-4.99281,40.84185],[-4.98573,40.83535],[-4.98569,40.8335],[-4.98254,40.83341],[-4.98087,40.83253],[-4.97957,40.82972],[-4.97882,40.82734],[-4.97718,40.82555],[-4.97563,40.82489],[-4.97548,40.82292],[-4.97278,40.82299],[-4.97172,40.82409],[-4.96781,40.82257],[-4.96071,40.8212],[-4.95794,40.81922],[-4.95587,40.82078],[-4.95193,40.82164],[-4.95118,40.82301],[-4.95028,40.82384],[-4.94991,40.8248],[-4.94773,40.82537],[-4.94751,40.827],[-4.94625,40.82756],[-4.9374,40.80987],[-4.93653,40.81059],[-4.93191,40.81128],[-4.9315,40.81054],[-4.9297,40.81036],[-4.92915,40.80949],[-4.92826,40.81063],[-4.9271,40.80911],[-4.92537,40.80987],[-4.92265,40.81169],[-4.92036,40.81179],[-4.91989,40.81239],[-4.91888,40.81209],[-4.91942,40.8115],[-4.91369,40.81036],[-4.91254,40.81057],[-4.90692,40.80995],[-4.90309,40.81111],[-4.90201,40.80994],[-4.8998,40.80838],[-4.89837,40.8094],[-4.90006,40.81356],[-4.89946,40.81489],[-4.90244,40.81553],[-4.90266,40.81575],[-4.90356,40.82454],[-4.90513,40.82795],[-4.91108,40.82715],[-4.91327,40.82986],[-4.91504,40.83098],[-4.91496,40.83472],[-4.91448,40.83431],[-4.91416,40.83618],[-4.91143,40.83686],[-4.91045,40.83977],[-4.91211,40.84594],[-4.90904,40.84543],[-4.90884,40.84878],[-4.90545,40.84742],[-4.90236,40.85323],[-4.90233,40.85378],[-4.90436,40.8535],[-4.9065,40.85647],[-4.90441,40.85883],[-4.90864,40.86228],[-4.9147,40.86725]],[[-4.97485,40.88422],[-4.95637,40.87701],[-4.95631,40.8755],[-4.9574,40.87541],[-4.95742,40.87433],[-4.9581,40.87303],[-4.95812,40.8721],[-4.95689,40.87138],[-4.95561,40.86995],[-4.95651,40.86904],[-4.95449,40.86816],[-4.95476,40.86775],[-4.96807,40.86129],[-4.96957,40.86149],[-4.97682,40.86577],[-4.97963,40.87979],[-4.97485,40.88422]]]]}},{"type":"Feature","properties":{"COD_POSTAL":"05279"},"geometry":{"type":"Polygon","coordinates":[[[-4.44846,40.38039],[-4.45249,40.38629],[-4.45954,40.38801],[-4.4617,40.39103],[-4.46759,40.39118],[-4.47277,40.39319],[-4.47315,40.39311],[-4.47824,40.38384],[-4.48136,40.37091],[-4.48054,40.37105],[-4.47549,40.36933],[-4.47359,40.36907],[-4.47309,40.36621],[-4.47414,40.36241],[-4.47252,40.36086],[-4.47182,40.35845],[-4.47256,40.35621],[-4.47326,40.3549],[-4.47392,40.34819],[-4.47013,40.34171],[-4.46837,40.34053],[-4.46744,40.34026],[-4.46558,40.3402],[-4.46275,40.341],[-4.46095,40.34049],[-4.46061,40.3407],[-4.4606,40.34138],[-4.45987,40.34211],[-4.45957,40.34301],[-4.45823,40.34412],[-4.45735,40.34431],[-4.45728,40.34468],[-4.45594,40.34505],[-4.45474,40.34504],[-4.45384,40.34471],[-4.45284,40.34503],[-4.45203,40.34462],[-4.45063,40.34516],[-4.45046,40.34574],[-4.44973,40.34586],[-4.44908,40.34694],[-4.4478,40.34727],[-4.44479,40.34674],[-4.44301,40.34745],[-4.44274,40.34847],[-4.4422,40.34855],[-4.44048,40.34952],[-4.43974,40.35029],[-4.4387,40.35294],[-4.43906,40.35406],[-4.43891,40.35444],[-4.44013,40.35604],[-4.44035,40.3572],[-4.44095,40.35758],[-4.44079,40.3584],[-4.44121,40.35929],[-4.44045,40.36014],[-4.43977,40.36031],[-4.43918,40.36157],[-4.43972,40.36208],[-4.44106,40.3622],[-4.44187,40.36268],[-4.44143,40.36415],[-4.44142,40.36579],[-4.44082,40.36611],[-4.4407,40.36672],[-4.44071,40.36713],[-4.44126,40.36736],[-4.44131,40.36775],[-4.44175,40.36802],[-4.44122,40.36868],[-4.4407,40.37013],[-4.4412,40.37089],[-4.44121,40.37142],[-4.44085,40.37184],[-4.44105,40.3732],[-4.44086,40.37404],[-4.44133,40.37531],[-4.44032,40.37633],[-4.44033,40.37693],[-4.44081,40.37702],[-4.44105,40.37738],[-4.44123,40.37855],[-4.44846,40.38039]]]}},{"type":"Feature","properties":{"COD_POSTAL":"05194"},"geometry":{"type":"Polygon","coordinates":[[[-4.59645,40.68448],[-4.59487,40.68522],[-4.59372,40.68369],[-4.59268,40.68354],[-4.59301,40.68231],[-4.59717,40.68226],[-4.59604,40.68073],[-4.59482,40.67988],[-4.59479,40.67924],[-4.59323,40.67848],[-4.59123,40.67924],[-4.59162,40.68102],[-4.58905,40.68212],[-4.58541,40.68309],[-4.58281,40.68215],[-4.58063,40.6826],[-4.58092,40.68189],[-4.58175,40.6809],[-4.57996,40.68081],[-4.57782,40.68109],[-4.57639,40.68087],[-4.57448,40.6817],[-4.57377,40.68268],[-4.57282,40.68232],[-4.5695,40.68193],[-4.56943,40.68159],[-4.568,40.68154],[-4.56775,40.68099],[-4.56675,40.68107],[-4.56585,40.68051],[-4.56596,40.67945],[-4.56105,40.67973],[-4.55798,40.68177],[-4.55636,40.6844],[-4.55342,40.68745],[-4.5538,40.68923],[-4.55234,40.68858],[-4.54798,40.68784],[-4.54606,40.68644],[-4.54376,40.68578],[-4.5379,40.68327],[-4.53819,40.68846],[-4.53399,40.68847],[-4.53312,40.68629],[-4.53009,40.68565],[-4.52827,40.68442],[-4.52416,40.68667],[-4.52495,40.68937],[-4.52743,40.69192],[-4.52833,40.69431],[-4.52673,40.6967],[-4.52726,40.69713],[-4.52724,40.69821],[-4.52675,40.69872],[-4.52719,40.7001],[-4.52955,40.69984],[-4.53261,40.70005],[-4.53463,40.70182],[-4.53541,40.70191],[-4.53588,40.70234],[-4.53773,40.70263],[-4.53838,40.70371],[-4.5397,40.704],[-4.53989,40.70422],[-4.53807,40.70512],[-4.53784,40.70549],[-4.53842,40.70654],[-4.53968,40.70749],[-4.53979,40.70816],[-4.53845,40.71066],[-4.53859,40.71105],[-4.53936,40.71159],[-4.53914,40.7131],[-4.53973,40.715],[-4.53962,40.71749],[-4.53973,40.71786],[-4.54008,40.71798],[-4.54161,40.71776],[-4.54193,40.71881],[-4.54297,40.71902],[-4.54297,40.72276],[-4.54371,40.72367],[-4.5459,40.72419],[-4.54618,40.72513],[-4.54576,40.72724],[-4.54499,40.72943],[-4.54556,40.72999],[-4.54711,40.73045],[-4.54899,40.7319],[-4.54878,40.73357],[-4.54931,40.7344],[-4.5493,40.73589],[-4.54833,40.738],[-4.55144,40.73742],[-4.55355,40.73744],[-4.55383,40.73802],[-4.55344,40.73882],[-4.55545,40.73888],[-4.55775,40.73802],[-4.56027,40.73763],[-4.56069,40.7371],[-4.56731,40.73852],[-4.56719,40.73918],[-4.57212,40.74168],[-4.57222,40.74209],[-4.57275,40.74223],[-4.57333,40.74215],[-4.57331,40.74164],[-4.57146,40.74001],[-4.5719,40.73959],[-4.57245,40.73992],[-4.57503,40.73999],[-4.57707,40.73899],[-4.57524,40.73737],[-4.57377,40.73502],[-4.57252,40.73482],[-4.57432,40.73318],[-4.57398,40.7325],[-4.57413,40.73169],[-4.57066,40.72999],[-4.57035,40.72963],[-4.56993,40.72762],[-4.57038,40.72689],[-4.5704,40.72638],[-4.57092,40.72629],[-4.57125,40.72656],[-4.57171,40.72632],[-4.57212,40.72485],[-4.56955,40.72272],[-4.56947,40.72159],[-4.56877,40.721],[-4.57072,40.71744],[-4.57137,40.71732],[-4.57348,40.7137],[-4.57389,40.71253],[-4.57448,40.71247],[-4.57524,40.71108],[-4.5759,40.71045],[-4.58049,40.70936],[-4.58174,40.71032],[-4.58565,40.71012],[-4.58736,40.71142],[-4.58827,40.71148],[-4.58937,40.71103],[-4.59162,40.71127],[-4.59326,40.71035],[-4.59555,40.71059],[-4.59657,40.71097],[-4.60016,40.71061],[-4.60224,40.71004],[-4.60306,40.71145],[-4.60767,40.71213],[-4.6077,40.71141],[-4.60843,40.71062],[-4.61012,40.71143],[-4.6103,40.71257],[-4.61152,40.71283],[-4.61226,40.71178],[-4.61584,40.70979],[-4.61635,40.70798],[-4.61784,40.70746],[-4.61868,40.70629],[-4.61991,40.7065],[-4.62041,40.7059],[-4.62218,40.70575],[-4.62344,40.70605],[-4.62275,40.70733],[-4.61924,40.70758],[-4.61855,40.70855],[-4.61935,40.70878],[-4.62005,40.70976],[-4.62258,40.7105],[-4.62266,40.71224],[-4.62205,40.71381],[-4.62488,40.71481],[-4.62676,40.71465],[-4.63014,40.71378],[-4.63205,40.71293],[-4.63283,40.71344],[-4.63328,40.71444],[-4.63248,40.71569],[-4.6323,40.71775],[-4.6354,40.71737],[-4.63588,40.71749],[-4.63542,40.71536],[-4.63744,40.71301],[-4.63978,40.714],[-4.64319,40.71386],[-4.64386,40.71172],[-4.64614,40.71029],[-4.64715,40.71148],[-4.64775,40.7112],[-4.64734,40.70953],[-4.64915,40.70867],[-4.65148,40.70929],[-4.65195,40.70863],[-4.65084,40.70782],[-4.65154,40.70679],[-4.65411,40.70703],[-4.65397,40.70647],[-4.6548,40.70572],[-4.65542,40.7058],[-4.65574,40.70422],[-4.65524,40.70349],[-4.65606,40.70208],[-4.65801,40.70243],[-4.6565,40.70514],[-4.6581,40.70586],[-4.65983,40.70212],[-4.66068,40.70183],[-4.66175,40.7008],[-4.66304,40.70089],[-4.66653,40.69956],[-4.66703,40.69738],[-4.67192,40.69805],[-4.67371,40.69654],[-4.67366,40.69488],[-4.67118,40.69315],[-4.6703,40.69196],[-4.67188,40.69175],[-4.6736,40.69247],[-4.67494,40.69226],[-4.67703,40.68843],[-4.67955,40.68626],[-4.68469,40.68067],[-4.68564,40.67677],[-4.68194,40.67519],[-4.6781,40.67274],[-4.67539,40.67139],[-4.67232,40.67051],[-4.65212,40.67089],[-4.65072,40.67066],[-4.64078,40.67448],[-4.63001,40.67325],[-4.62962,40.67223],[-4.63084,40.67221],[-4.63241,40.67173],[-4.63007,40.67083],[-4.63115,40.67017],[-4.63334,40.67005],[-4.63099,40.6685],[-4.63007,40.66583],[-4.63067,40.66554],[-4.63065,40.66447],[-4.62903,40.66216],[-4.6287,40.66084],[-4.62357,40.66008],[-4.6176,40.66037],[-4.6175,40.65698],[-4.61697,40.65582],[-4.61373,40.65638],[-4.59645,40.68448]]]}},{"type":"Feature","properties":{"COD_POSTAL":"05215"},"geometry":{"type":"Polygon","coordinates":[[[-4.86432,41.05972],[-4.86206,41.06019],[-4.86095,41.0609],[-4.85864,41.06114],[-4.85432,41.06096],[-4.84934,41.0604],[-4.84468,41.05755],[-4.84045,41.05574],[-4.83874,41.05595],[-4.83712,41.05667],[-4.83539,41.05806],[-4.83133,41.05839],[-4.82966,41.05927],[-4.82555,41.05939],[-4.82152,41.06003],[-4.81835,41.06087],[-4.81646,41.06093],[-4.81354,41.06055],[-4.80901,41.06355],[-4.8075,41.06346],[-4.80435,41.06395],[-4.80277,41.06492],[-4.79656,41.06542],[-4.79574,41.0631],[-4.79322,41.06381],[-4.79165,41.06576],[-4.78342,41.06553],[-4.77344,41.06347],[-4.77173,41.06283],[-4.76986,41.06269],[-4.76723,41.06283],[-4.76176,41.06435],[-4.75909,41.06544],[-4.75596,41.06611],[-4.75193,41.06638],[-4.74863,41.066],[-4.74606,41.06599],[-4.74161,41.06648],[-4.74351,41.06885],[-4.74269,41.07082],[-4.74277,41.07236],[-4.73896,41.07488],[-4.7393,41.08068],[-4.7413,41.08223],[-4.74238,41.08423],[-4.73931,41.084],[-4.73849,41.08424],[-4.73745,41.08735],[-4.73572,41.09088],[-4.73251,41.09458],[-4.73016,41.09682],[-4.73102,41.09868],[-4.73074,41.09994],[-4.72895,41.10387],[-4.71731,41.10759],[-4.71572,41.10733],[-4.71512,41.11064],[-4.71644,41.11131],[-4.71833,41.11292],[-4.72145,41.1165],[-4.72219,41.11856],[-4.72456,41.12266],[-4.72462,41.1257],[-4.72381,41.12856],[-4.71943,41.13034],[-4.71672,41.13264],[-4.71995,41.13489],[-4.71965,41.14091],[-4.72037,41.14541],[-4.7221,41.14932],[-4.729,41.15077],[-4.7374,41.15041],[-4.73916,41.14896],[-4.74893,41.14974],[-4.76708,41.14236],[-4.77139,41.14422],[-4.77876,41.145],[-4.78619,41.14356],[-4.78901,41.13989],[-4.79613,41.13579],[-4.80416,41.13573],[-4.80584,41.13516],[-4.80871,41.13252],[-4.81352,41.12938],[-4.81227,41.12636],[-4.81339,41.12202],[-4.81705,41.11677],[-4.81772,41.11489],[-4.81821,41.11198],[-4.81725,41.11115],[-4.81754,41.10971],[-4.8189,41.10795],[-4.81497,41.10345],[-4.82796,41.09915],[-4.83256,41.09967],[-4.83464,41.09923],[-4.8375,41.09941],[-4.83993,41.10004],[-4.84656,41.10047],[-4.85321,41.09978],[-4.85556,41.10073],[-4.85798,41.0996],[-4.85842,41.09855],[-4.86055,41.0974],[-4.86306,41.09521],[-4.86368,41.09402],[-4.86579,41.09153],[-4.86779,41.08995],[-4.86872,41.08593],[-4.8704,41.08225],[-4.87017,41.08146],[-4.87306,41.07654],[-4.87369,41.07479],[-4.87319,41.0725],[-4.87554,41.06656],[-4.87628,41.06569],[-4.87526,41.06391],[-4.8759,41.06184],[-4.86703,41.06089],[-4.86603,41.06017],[-4.86637,41.05953],[-4.86432,41.05972]]]}},{"type":"Feature","properties":{"COD_POSTAL":"05110"},"geometry":{"type":"Polygon","coordinates":[[[-4.62603,40.45728],[-4.62227,40.46745],[-4.62267,40.47626],[-4.62515,40.48114],[-4.63556,40.48923],[-4.6535,40.49187],[-4.66411,40.49123],[-4.65494,40.47978],[-4.64253,40.45858],[-4.63834,40.45101],[-4.62603,40.45728]]]}},{"type":"Feature","properties":{"COD_POSTAL":"05192"},"geometry":{"type":"Polygon","coordinates":[[[-4.78591,40.64491],[-4.78651,40.6464],[-4.78853,40.64705],[-4.78809,40.64589],[-4.7886,40.64537],[-4.7872,40.64427],[-4.79443,40.64388],[-4.79942,40.6453],[-4.80363,40.64566],[-4.805,40.64334],[-4.80591,40.64082],[-4.80725,40.64167],[-4.81143,40.64321],[-4.81599,40.64469],[-4.81926,40.64536],[-4.82491,40.64833],[-4.82647,40.64881],[-4.82878,40.65004],[-4.82851,40.65063],[-4.83178,40.65357],[-4.83521,40.6524],[-4.83587,40.65245],[-4.83781,40.65331],[-4.83863,40.65261],[-4.83654,40.65078],[-4.83673,40.65011],[-4.8364,40.649],[-4.83005,40.64094],[-4.82875,40.63886],[-4.82848,40.63693],[-4.82745,40.63515],[-4.82688,40.63282],[-4.82639,40.63179],[-4.82711,40.63075],[-4.82666,40.63042],[-4.82609,40.63053],[-4.82581,40.63013],[-4.82652,40.62984],[-4.82614,40.62898],[-4.82525,40.62905],[-4.82311,40.62695],[-4.82187,40.62733],[-4.82119,40.62668],[-4.82091,40.62604],[-4.82067,40.62463],[-4.82125,40.62231],[-4.82023,40.6218],[-4.81997,40.62107],[-4.82334,40.62031],[-4.82401,40.62099],[-4.82639,40.62009],[-4.82681,40.61907],[-4.82496,40.6186],[-4.82382,40.61804],[-4.82284,40.61802],[-4.82199,40.61829],[-4.82334,40.61988],[-4.82252,40.62002],[-4.8203,40.61808],[-4.8197,40.61843],[-4.81584,40.61865],[-4.81607,40.61947],[-4.81254,40.61935],[-4.81344,40.62103],[-4.81559,40.62634],[-4.80902,40.62496],[-4.80664,40.62485],[-4.80354,40.62521],[-4.80411,40.6267],[-4.80324,40.6268],[-4.80245,40.62555],[-4.80125,40.6256],[-4.8021,40.62727],[-4.80191,40.6275],[-4.79896,40.62819],[-4.79782,40.62626],[-4.79858,40.62581],[-4.7969,40.62336],[-4.79531,40.6232],[-4.7951,40.62127],[-4.79965,40.62121],[-4.80019,40.6181],[-4.80006,40.61776],[-4.79878,40.61775],[-4.79829,40.61713],[-4.79442,40.61962],[-4.79186,40.61641],[-4.79015,40.61323],[-4.78888,40.61151],[-4.77979,40.61481],[-4.77732,40.61535],[-4.77777,40.61687],[-4.7775,40.61718],[-4.77894,40.62106],[-4.77795,40.62123],[-4.7771,40.61881],[-4.772,40.62018],[-4.77289,40.62131],[-4.77352,40.62134],[-4.77288,40.62191],[-4.77342,40.62537],[-4.77249,40.62536],[-4.77228,40.62469],[-4.77108,40.62581],[-4.77168,40.62659],[-4.77169,40.62728],[-4.77209,40.62801],[-4.77153,40.62831],[-4.77103,40.62795],[-4.76958,40.62804],[-4.76908,40.6275],[-4.76844,40.62783],[-4.77139,40.63002],[-4.76891,40.63083],[-4.77058,40.63104],[-4.77218,40.63247],[-4.77182,40.63373],[-4.77273,40.63451],[-4.77196,40.63607],[-4.77031,40.6362],[-4.77008,40.63676],[-4.76776,40.63662],[-4.76815,40.63576],[-4.769,40.63569],[-4.76884,40.63478],[-4.7662,40.63371],[-4.76663,40.63302],[-4.76817,40.63413],[-4.7667,40.63199],[-4.76219,40.63372],[-4.76244,40.63323],[-4.76182,40.63302],[-4.76163,40.63242],[-4.76197,40.63142],[-4.76158,40.63118],[-4.75884,40.63098],[-4.75676,40.63054],[-4.7564,40.63181],[-4.75639,40.63341],[-4.75515,40.63393],[-4.75173,40.63288],[-4.75085,40.63578],[-4.75066,40.63574],[-4.75155,40.63755],[-4.74876,40.63856],[-4.74784,40.63698],[-4.74616,40.63585],[-4.74623,40.6347],[-4.74865,40.63511],[-4.74927,40.63271],[-4.75087,40.63277],[-4.75116,40.62965],[-4.7514,40.62968],[-4.75137,40.62729],[-4.75021,40.62669],[-4.74887,40.6269],[-4.74972,40.62936],[-4.74888,40.62933],[-4.74843,40.63015],[-4.74736,40.63064],[-4.74705,40.63107],[-4.74594,40.63123],[-4.74406,40.63126],[-4.74432,40.6302],[-4.74353,40.62862],[-4.74283,40.629],[-4.73959,40.62903],[-4.73814,40.62839],[-4.73173,40.63299],[-4.72801,40.6345],[-4.72493,40.63657],[-4.72623,40.63767],[-4.72691,40.63866],[-4.72602,40.63805],[-4.72511,40.63856],[-4.72457,40.63811],[-4.72303,40.63899],[-4.72402,40.63984],[-4.72347,40.64056],[-4.72275,40.64029],[-4.72264,40.64166],[-4.72112,40.64261],[-4.71921,40.64314],[-4.71918,40.64384],[-4.72031,40.64394],[-4.72174,40.64306],[-4.72319,40.64331],[-4.72406,40.64236],[-4.73035,40.64329],[-4.73409,40.64242],[-4.73497,40.64406],[-4.73947,40.64262],[-4.73962,40.64622],[-4.74019,40.64631],[-4.74007,40.64737],[-4.74037,40.64797],[-4.74334,40.64915],[-4.74375,40.64868],[-4.74323,40.64827],[-4.74418,40.64644],[-4.74629,40.6467],[-4.74612,40.64735],[-4.74782,40.64888],[-4.75088,40.64895],[-4.75108,40.65006],[-4.74848,40.65059],[-4.75151,40.65363],[-4.75163,40.65524],[-4.75305,40.65558],[-4.75275,40.65759],[-4.76154,40.65774],[-4.76726,40.65587],[-4.76779,40.65641],[-4.76719,40.65713],[-4.76791,40.65771],[-4.7684,40.65893],[-4.77128,40.65931],[-4.77254,40.65785],[-4.77525,40.65898],[-4.77621,40.6589],[-4.77782,40.65936],[-4.77889,40.65917],[-4.7803,40.65991],[-4.78129,40.65993],[-4.7817,40.65956],[-4.7832,40.6598],[-4.78527,40.66131],[-4.78627,40.66037],[-4.78673,40.66175],[-4.78973,40.66132],[-4.79103,40.66021],[-4.78988,40.65921],[-4.78969,40.65867],[-4.78872,40.65827],[-4.7896,40.65687],[-4.79037,40.65624],[-4.79057,40.65425],[-4.78945,40.65351],[-4.78858,40.65187],[-4.78882,40.65002],[-4.78966,40.64963],[-4.78931,40.64878],[-4.7888,40.6484],[-4.7844,40.64597],[-4.78591,40.64491]]]}},{"type":"Feature","properties":{"COD_POSTAL":"05630"},"geometry":{"type":"Polygon","coordinates":[[[-5.42638,40.25341],[-5.42497,40.25383],[-5.42148,40.25402],[-5.4118,40.2553],[-5.40833,40.25473],[-5.40355,40.25238],[-5.40067,40.25193],[-5.39766,40.25066],[-5.39565,40.2503],[-5.39264,40.25104],[-5.38278,40.2562],[-5.37872,40.25794],[-5.37682,40.25768],[-5.37566,40.25785],[-5.37352,40.25735],[-5.36575,40.25767],[-5.36418,40.25703],[-5.36107,40.25869],[-5.35782,40.26298],[-5.3538,40.26406],[-5.35058,40.26454],[-5.34895,40.2652],[-5.34441,40.26476],[-5.34194,40.26349],[-5.33821,40.26215],[-5.33468,40.26201],[-5.33267,40.26155],[-5.3298,40.26185],[-5.32334,40.26074],[-5.32214,40.26083],[-5.3189,40.26189],[-5.31568,40.26403],[-5.3163,40.26567],[-5.31678,40.26853],[-5.31802,40.26994],[-5.31894,40.27485],[-5.31951,40.27562],[-5.32129,40.27714],[-5.32274,40.27961],[-5.32426,40.28039],[-5.32568,40.2816],[-5.32572,40.28482],[-5.32544,40.28561],[-5.324,40.2869],[-5.32294,40.28894],[-5.3249,40.29147],[-5.32488,40.29603],[-5.3266,40.30116],[-5.3274,40.30459],[-5.32737,40.30542],[-5.32657,40.30821],[-5.32652,40.30988],[-5.32708,40.31116],[-5.33016,40.31494],[-5.33273,40.3168],[-5.33526,40.31973],[-5.33703,40.3205],[-5.33836,40.32194],[-5.34256,40.322],[-5.34574,40.32271],[-5.34676,40.32248],[-5.35136,40.32267],[-5.35523,40.32397],[-5.3573,40.32505],[-5.35872,40.32641],[-5.36002,40.32861],[-5.36273,40.3302],[-5.37107,40.33839],[-5.36658,40.33842],[-5.36198,40.33906],[-5.35835,40.34006],[-5.35193,40.34266],[-5.34409,40.35037],[-5.3451,40.35243],[-5.34618,40.35309],[-5.34849,40.35383],[-5.34778,40.35837],[-5.34509,40.36031],[-5.34176,40.36057],[-5.33483,40.36312],[-5.33138,40.36379],[-5.32575,40.36412],[-5.32695,40.36536],[-5.32561,40.36699],[-5.32556,40.36991],[-5.32338,40.37549],[-5.31944,40.38339],[-5.31877,40.38836],[-5.31775,40.39046],[-5.31637,40.39548],[-5.31815,40.39878],[-5.31801,40.40169],[-5.31892,40.40464],[-5.32345,40.40428],[-5.33039,40.4015],[-5.3354,40.4001],[-5.33702,40.40002],[-5.34352,40.39887],[-5.3456,40.39876],[-5.34774,40.39802],[-5.35089,40.39644],[-5.35373,40.39643],[-5.35612,40.39601],[-5.35928,40.39644],[-5.35987,40.39245],[-5.35968,40.39135],[-5.35889,40.3897],[-5.36225,40.38337],[-5.37214,40.38034],[-5.37498,40.37719],[-5.38023,40.37443],[-5.38133,40.37422],[-5.38355,40.37479],[-5.38468,40.37474],[-5.38795,40.37293],[-5.39835,40.37422],[-5.40352,40.37331],[-5.40641,40.37162],[-5.40804,40.37273],[-5.40952,40.37333],[-5.41063,40.37333],[-5.41782,40.37042],[-5.42045,40.36752],[-5.42108,40.36528],[-5.42162,40.36433],[-5.42295,40.3632],[-5.42496,40.36219],[-5.43217,40.36071],[-5.43256,40.36229],[-5.43403,40.36134],[-5.43903,40.35892],[-5.44027,40.35901],[-5.44315,40.35854],[-5.44468,40.35782],[-5.44653,40.35644],[-5.44782,40.35599],[-5.45011,40.34906],[-5.44605,40.34737],[-5.43375,40.33707],[-5.42554,40.33672],[-5.42535,40.33357],[-5.42854,40.32974],[-5.42976,40.32628],[-5.43031,40.32543],[-5.42877,40.32187],[-5.42801,40.32116],[-5.42638,40.25341]]]}},{"type":"Feature","properties":{"COD_POSTAL":"05510"},"geometry":{"type":"Polygon","coordinates":[[[-5.38729,40.50731],[-5.39,40.50945],[-5.39915,40.51329],[-5.40942,40.51284],[-5.41767,40.51115],[-5.41857,40.50674],[-5.42128,40.5046],[-5.42817,40.50403],[-5.43426,40.50302],[-5.43539,40.50121],[-5.43946,40.50053],[-5.44093,40.49907],[-5.44476,40.49681],[-5.44906,40.49771],[-5.45032,40.4975],[-5.45221,40.49523],[-5.45236,40.49409],[-5.45481,40.49291],[-5.46195,40.49119],[-5.46286,40.48723],[-5.4618,40.4851],[-5.45377,40.48471],[-5.44799,40.48527],[-5.4422,40.48543],[-5.43908,40.48521],[-5.43284,40.48552],[-5.42225,40.48685],[-5.41402,40.48822],[-5.41584,40.48052],[-5.41567,40.47912],[-5.41496,40.47957],[-5.41307,40.48196],[-5.41245,40.48209],[-5.40809,40.48176],[-5.40638,40.48281],[-5.40464,40.48312],[-5.40254,40.48433],[-5.39959,40.48457],[-5.39753,40.48587],[-5.39434,40.48605],[-5.39197,40.48778],[-5.39117,40.48871],[-5.39011,40.48933],[-5.38713,40.49026],[-5.38693,40.49045],[-5.38632,40.49393],[-5.38545,40.49453],[-5.38485,40.49723],[-5.38339,40.50026],[-5.38325,40.5014],[-5.38169,40.5051],[-5.38729,40.50731]]]}},{"type":"Feature","properties":{"COD_POSTAL":"05514"},"geometry":{"type":"Polygon","coordinates":[[[-5.23785,40.48636],[-5.23872,40.48757],[-5.23955,40.48998],[-5.23973,40.49455],[-5.25551,40.49327],[-5.2547,40.49809],[-5.25407,40.50023],[-5.25431,40.50163],[-5.25507,40.50198],[-5.25688,40.50171],[-5.25852,40.5022],[-5.25921,40.50217],[-5.26058,40.50183],[-5.26215,40.50104],[-5.26333,40.50116],[-5.26564,40.50046],[-5.2667,40.50103],[-5.26713,40.50101],[-5.26852,40.50074],[-5.27051,40.50079],[-5.27191,40.50018],[-5.27482,40.49984],[-5.27588,40.49996],[-5.2772,40.49972],[-5.27885,40.49881],[-5.28139,40.49873],[-5.2829,40.49754],[-5.28408,40.49835],[-5.28486,40.49852],[-5.28759,40.49852],[-5.28954,40.50195],[-5.28962,40.50523],[-5.28842,40.50799],[-5.28679,40.50989],[-5.28604,40.51248],[-5.28855,40.51326],[-5.29083,40.51431],[-5.23561,40.51955],[-5.23952,40.53638],[-5.21981,40.56826],[-5.22472,40.57048],[-5.22649,40.57162],[-5.23024,40.57346],[-5.23384,40.57469],[-5.23707,40.57627],[-5.23805,40.57721],[-5.24311,40.5785],[-5.24573,40.58152],[-5.24606,40.58408],[-5.24567,40.58775],[-5.24473,40.58879],[-5.23222,40.59732],[-5.23314,40.60326],[-5.23767,40.61262],[-5.23835,40.61428],[-5.23845,40.6152],[-5.23806,40.61723],[-5.23245,40.61871],[-5.23272,40.61983],[-5.23237,40.62255],[-5.23745,40.62255],[-5.24357,40.62173],[-5.24621,40.62083],[-5.25128,40.62157],[-5.25248,40.6224],[-5.25415,40.62445],[-5.2589,40.62563],[-5.2626,40.62587],[-5.26773,40.62548],[-5.26971,40.62505],[-5.27225,40.62412],[-5.27435,40.62177],[-5.27609,40.61933],[-5.27405,40.61396],[-5.27615,40.603],[-5.27807,40.60142],[-5.28782,40.5953],[-5.2835,40.5918],[-5.28518,40.58356],[-5.2859,40.58375],[-5.29007,40.57967],[-5.29215,40.57626],[-5.29497,40.57292],[-5.29532,40.57229],[-5.29568,40.56964],[-5.29671,40.56951],[-5.29714,40.56857],[-5.29891,40.56848],[-5.29987,40.56709],[-5.30051,40.56515],[-5.29997,40.56107],[-5.30318,40.558],[-5.30412,40.55542],[-5.30442,40.55088],[-5.30157,40.54591],[-5.30115,40.54554],[-5.29909,40.54479],[-5.29923,40.54303],[-5.30013,40.54087],[-5.30008,40.53909],[-5.29926,40.53779],[-5.2992,40.53705],[-5.29724,40.53708],[-5.29672,40.53462],[-5.29766,40.53197],[-5.2972,40.52957],[-5.30103,40.52947],[-5.30277,40.52771],[-5.30252,40.52656],[-5.30266,40.52275],[-5.3031,40.52044],[-5.30935,40.5186],[-5.3302,40.5181],[-5.33108,40.51724],[-5.32981,40.51208],[-5.32927,40.51075],[-5.32902,40.50863],[-5.32945,40.50394],[-5.33048,40.49866],[-5.33585,40.49144],[-5.33976,40.489],[-5.33679,40.48868],[-5.3341,40.4878],[-5.33177,40.48803],[-5.33066,40.48864],[-5.32925,40.49053],[-5.32802,40.49055],[-5.32704,40.49134],[-5.31713,40.49458],[-5.31692,40.49582],[-5.31514,40.49742],[-5.31356,40.49576],[-5.31225,40.49515],[-5.30817,40.49647],[-5.30544,40.49694],[-5.30462,40.49694],[-5.30214,40.49604],[-5.30149,40.49686],[-5.30208,40.49412],[-5.30431,40.48855],[-5.2999,40.48494],[-5.29736,40.48332],[-5.29306,40.48117],[-5.29105,40.47907],[-5.29247,40.47799],[-5.29489,40.47697],[-5.29497,40.47642],[-5.29473,40.47586],[-5.29833,40.47423],[-5.30111,40.47263],[-5.30804,40.46978],[-5.31443,40.46664],[-5.31233,40.46316],[-5.30032,40.45129],[-5.29956,40.45041],[-5.29876,40.44872],[-5.29376,40.44664],[-5.28905,40.44584],[-5.28679,40.44512],[-5.28591,40.4444],[-5.28504,40.44305],[-5.28412,40.44217],[-5.28308,40.44185],[-5.27817,40.43536],[-5.269,40.43717],[-5.261,40.43507],[-5.25238,40.43575],[-5.23266,40.43911],[-5.23133,40.43917],[-5.20803,40.4547],[-5.21089,40.45671],[-5.21562,40.46087],[-5.21844,40.46299],[-5.21928,40.46487],[-5.22201,40.46707],[-5.22641,40.46923],[-5.22832,40.47062],[-5.22849,40.47158],[-5.23096,40.47359],[-5.23194,40.4791],[-5.23551,40.48365],[-5.23785,40.48636]]]}},{"type":"Feature","properties":{"COD_POSTAL":"05141"},"geometry":{"type":"Polygon","coordinates":[[[-4.98685,40.66698],[-4.98646,40.66618],[-4.98375,40.66408],[-4.98303,40.66118],[-4.98317,40.66031],[-4.98463,40.65808],[-4.98238,40.65626],[-4.97947,40.65502],[-4.96748,40.65569],[-4.96438,40.65681],[-4.9591,40.65816],[-4.95377,40.65826],[-4.94997,40.65902],[-4.94811,40.66134],[-4.93754,40.66234],[-4.93223,40.66236],[-4.93343,40.66059],[-4.93346,40.65908],[-4.93446,40.65827],[-4.93568,40.65774],[-4.93761,40.65575],[-4.93914,40.6546],[-4.93832,40.65417],[-4.9401,40.6517],[-4.94164,40.65074],[-4.94318,40.65037],[-4.94209,40.6492],[-4.94089,40.64942],[-4.93777,40.64663],[-4.93712,40.64554],[-4.93151,40.64643],[-4.93022,40.64333],[-4.92977,40.64291],[-4.92635,40.64214],[-4.92394,40.64183],[-4.92125,40.6418],[-4.91492,40.6449],[-4.91499,40.64572],[-4.91371,40.64642],[-4.91305,40.64746],[-4.90654,40.64921],[-4.90367,40.65204],[-4.90171,40.65317],[-4.90143,40.65268],[-4.901,40.65253],[-4.90067,40.65122],[-4.89938,40.65123],[-4.89861,40.65279],[-4.89429,40.65559],[-4.89231,40.65618],[-4.89222,40.65691],[-4.88851,40.65788],[-4.88422,40.6584],[-4.87852,40.65969],[-4.87817,40.65985],[-4.87823,40.66041],[-4.87866,40.66057],[-4.87891,40.66113],[-4.87679,40.66244],[-4.87389,40.66176],[-4.87271,40.66192],[-4.86993,40.66133],[-4.86338,40.662],[-4.86115,40.66131],[-4.86028,40.66192],[-4.85769,40.66683],[-4.85734,40.66837],[-4.85584,40.66926],[-4.85487,40.66932],[-4.85018,40.67105],[-4.84927,40.67095],[-4.84794,40.66993],[-4.84749,40.67072],[-4.84358,40.67125],[-4.84234,40.67229],[-4.84155,40.672],[-4.84049,40.67307],[-4.84041,40.6746],[-4.83921,40.67689],[-4.83654,40.6791],[-4.8354,40.68081],[-4.83495,40.68194],[-4.8351,40.68321],[-4.84003,40.68519],[-4.8411,40.68528],[-4.84155,40.68625],[-4.8408,40.68621],[-4.84065,40.68649],[-4.83882,40.68724],[-4.8375,40.68826],[-4.83695,40.68902],[-4.83561,40.68866],[-4.83389,40.69051],[-4.83222,40.69623],[-4.83426,40.6961],[-4.83634,40.69548],[-4.83664,40.69609],[-4.83613,40.69752],[-4.83512,40.6981],[-4.83422,40.69912],[-4.83288,40.69984],[-4.83204,40.70069],[-4.83265,40.70126],[-4.83431,40.70157],[-4.83872,40.70432],[-4.83955,40.70634],[-4.83784,40.70794],[-4.83921,40.70952],[-4.84154,40.7107],[-4.84469,40.71127],[-4.84748,40.71246],[-4.84783,40.71238],[-4.84794,40.7119],[-4.84942,40.71155],[-4.85061,40.71027],[-4.85121,40.71022],[-4.85308,40.70815],[-4.85432,40.70626],[-4.85472,40.7061],[-4.85567,40.70672],[-4.85519,40.708],[-4.8556,40.709],[-4.85552,40.71003],[-4.85444,40.71252],[-4.85455,40.7128],[-4.85758,40.7136],[-4.85968,40.7138],[-4.86468,40.71545],[-4.86731,40.7149],[-4.87075,40.71168],[-4.8734,40.71312],[-4.87781,40.71382],[-4.88042,40.7121],[-4.88148,40.71285],[-4.88464,40.71874],[-4.88719,40.72015],[-4.88858,40.72128],[-4.88931,40.72283],[-4.8898,40.72316],[-4.88992,40.72419],[-4.89167,40.72354],[-4.89396,40.72412],[-4.89462,40.7253],[-4.89447,40.72627],[-4.8941,40.72691],[-4.89662,40.72701],[-4.89857,40.72653],[-4.90072,40.72642],[-4.90316,40.72533],[-4.90451,40.72595],[-4.90513,40.72758],[-4.90947,40.72834],[-4.91167,40.72666],[-4.91343,40.72632],[-4.91496,40.7257],[-4.91666,40.72549],[-4.91732,40.72377],[-4.91513,40.72141],[-4.91615,40.72097],[-4.91798,40.72093],[-4.91803,40.71992],[-4.91402,40.71842],[-4.9138,40.71763],[-4.91607,40.71858],[-4.91915,40.71945],[-4.91989,40.72139],[-4.92481,40.7225],[-4.92497,40.72456],[-4.92484,40.72495],[-4.92394,40.72561],[-4.92537,40.7269],[-4.93028,40.72887],[-4.93089,40.72943],[-4.93019,40.7306],[-4.93685,40.7346],[-4.93566,40.73885],[-4.93363,40.74168],[-4.93286,40.74332],[-4.93308,40.74435],[-4.93653,40.74657],[-4.94001,40.74541],[-4.94406,40.74566],[-4.94636,40.74486],[-4.94689,40.74553],[-4.94614,40.74583],[-4.94843,40.74668],[-4.94972,40.74672],[-4.95149,40.74762],[-4.95237,40.74735],[-4.95343,40.74757],[-4.95734,40.74633],[-4.96246,40.74522],[-4.96531,40.73789],[-4.96584,40.73477],[-4.96588,40.7328],[-4.96866,40.72986],[-4.96557,40.72658],[-4.96219,40.72559],[-4.96049,40.72348],[-4.96048,40.72152],[-4.95782,40.72109],[-4.96496,40.71743],[-4.96639,40.71596],[-4.96632,40.71428],[-4.96736,40.71517],[-4.96701,40.71409],[-4.9678,40.71357],[-4.96678,40.71291],[-4.96723,40.7125],[-4.96773,40.71281],[-4.96845,40.71236],[-4.96897,40.71269],[-4.97014,40.71169],[-4.96851,40.70904],[-4.96666,40.70779],[-4.96698,40.70708],[-4.96438,40.70608],[-4.96576,40.70412],[-4.96655,40.70438],[-4.96673,40.70407],[-4.9661,40.7035],[-4.96648,40.7027],[-4.96829,40.70047],[-4.96747,40.7004],[-4.96757,40.69952],[-4.96731,40.69809],[-4.96615,40.6963],[-4.96557,40.69579],[-4.96502,40.69545],[-4.96303,40.69524],[-4.96078,40.69533],[-4.96237,40.6902],[-4.95989,40.68866],[-4.96571,40.6889],[-4.96788,40.68875],[-4.96899,40.68827],[-4.96945,40.68753],[-4.96937,40.68578],[-4.96996,40.68469],[-4.97073,40.68427],[-4.9694,40.67943],[-4.96946,40.67814],[-4.969,40.67698],[-4.96911,40.67549],[-4.97188,40.67574],[-4.97292,40.67755],[-4.97322,40.67867],[-4.97616,40.68267],[-4.97645,40.68341],[-4.97648,40.68473],[-4.98433,40.69165],[-4.98601,40.69166],[-4.99251,40.68873],[-4.99184,40.68627],[-4.98861,40.6845],[-4.98676,40.68067],[-4.98783,40.68115],[-4.99091,40.68324],[-4.99245,40.68606],[-4.99487,40.68489],[-4.99218,40.68193],[-4.99298,40.68082],[-4.993,40.68038],[-4.99186,40.67836],[-4.99174,40.67633],[-4.99061,40.6744],[-4.98919,40.67049],[-4.98745,40.66833],[-4.98718,40.66742],[-4.98685,40.66698]]]}},{"type":"Feature","properties":{"COD_POSTAL":"05198"},"geometry":{"type":"MultiPolygon","coordinates":[[[[-4.82899,40.58498],[-4.8293,40.58434],[-4.8294,40.5825],[-4.82909,40.58163],[-4.82807,40.58161],[-4.82591,40.58443],[-4.82518,40.58493],[-4.8236,40.58437],[-4.82219,40.58469],[-4.82133,40.584],[-4.82012,40.58502],[-4.81976,40.58613],[-4.81867,40.58731],[-4.81709,40.5862],[-4.81697,40.58568],[-4.81331,40.5837],[-4.81259,40.58382],[-4.81155,40.58274],[-4.81006,40.58293],[-4.80757,40.58111],[-4.80466,40.58207],[-4.80434,40.58419],[-4.80349,40.5846],[-4.80419,40.58548],[-4.80385,40.58613],[-4.80373,40.58763],[-4.80206,40.5878],[-4.80192,40.58713],[-4.80107,40.58719],[-4.80056,40.58678],[-4.7995,40.58701],[-4.79897,40.58656],[-4.79795,40.58695],[-4.79795,40.58785],[-4.79898,40.58995],[-4.79919,40.59089],[-4.79905,40.59312],[-4.80071,40.59369],[-4.80143,40.59424],[-4.7993,40.5971],[-4.79578,40.59939],[-4.79524,40.60033],[-4.79582,40.60181],[-4.8001,40.59922],[-4.8014,40.60007],[-4.80355,40.60088],[-4.80426,40.6005],[-4.80342,40.59924],[-4.80359,40.59822],[-4.80324,40.59761],[-4.80399,40.59734],[-4.8046,40.5987],[-4.80419,40.59886],[-4.80483,40.60015],[-4.80551,40.60003],[-4.80533,40.59974],[-4.80577,40.59961],[-4.80595,40.59994],[-4.80636,40.59992],[-4.80669,40.60065],[-4.80956,40.60111],[-4.81374,40.59969],[-4.81539,40.59878],[-4.81789,40.59867],[-4.81739,40.5975],[-4.81811,40.59547],[-4.81806,40.59477],[-4.81767,40.59408],[-4.82132,40.59182],[-4.82302,40.59145],[-4.82721,40.59123],[-4.82936,40.5903],[-4.82789,40.5885],[-4.82876,40.58803],[-4.82845,40.58768],[-4.82729,40.58808],[-4.82697,40.58765],[-4.82716,40.58741],[-4.82687,40.58693],[-4.82777,40.58638],[-4.82751,40.58609],[-4.82841,40.58547],[-4.82899,40.58498]]],[[[-5.00561,40.49205],[-5.00714,40.48965],[-5.0083,40.48683],[-5.00978,40.48114],[-5.01033,40.47578],[-5.01153,40.47289],[-5.01447,40.46934],[-5.01624,40.4664],[-5.01893,40.46378],[-5.02215,40.46226],[-5.02296,40.46048],[-5.02466,40.45906],[-5.02509,40.4578],[-5.02635,40.45689],[-5.02595,40.45592],[-5.02558,40.45312],[-5.02517,40.45243],[-5.02457,40.45331],[-5.02401,40.45333],[-5.0191,40.45707],[-5.01572,40.4602],[-5.01203,40.46208],[-5.01097,40.4621],[-5.00896,40.46505],[-5.00636,40.4658],[-5.0013,40.47056],[-4.9995,40.47284],[-4.99863,40.47431],[-4.99903,40.47487],[-4.99849,40.47608],[-4.99556,40.47681],[-4.99474,40.47799],[-4.99388,40.47867],[-4.9931,40.47846],[-4.98935,40.48002],[-4.98506,40.48117],[-4.98451,40.48149],[-4.98437,40.48241],[-4.98303,40.48228],[-4.98133,40.48092],[-4.97879,40.48055],[-4.9779,40.47978],[-4.9753,40.48012],[-4.97209,40.48136],[-4.96987,40.48295],[-4.96878,40.48306],[-4.96845,40.4824],[-4.9655,40.48023],[-4.9627,40.47888],[-4.95952,40.47519],[-4.9566,40.47528],[-4.94763,40.47632],[-4.94632,40.47584],[-4.94355,40.47705],[-4.942,40.47644],[-4.93592,40.47835],[-4.93156,40.47939],[-4.92902,40.47958],[-4.92641,40.48047],[-4.92452,40.48015],[-4.92294,40.48017],[-4.92049,40.47924],[-4.91694,40.48063],[-4.91062,40.48233],[-4.90499,40.48293],[-4.90075,40.48306],[-4.89883,40.48196],[-4.89713,40.47724],[-4.89609,40.47531],[-4.895,40.47408],[-4.89489,40.47327],[-4.89904,40.46697],[-4.90508,40.45608],[-4.90294,40.4573],[-4.89698,40.46234],[-4.89576,40.46255],[-4.89319,40.46602],[-4.89159,40.46926],[-4.89161,40.47072],[-4.89082,40.47207],[-4.89098,40.47396],[-4.89363,40.47755],[-4.89415,40.48006],[-4.89655,40.4817],[-4.89776,40.48223],[-4.88949,40.48594],[-4.88874,40.48603],[-4.8842,40.48841],[-4.88089,40.48935],[-4.87953,40.48892],[-4.87841,40.48979],[-4.87598,40.4906],[-4.87497,40.49037],[-4.87328,40.49115],[-4.8709,40.49167],[-4.86966,40.49217],[-4.86731,40.49188],[-4.86489,40.49275],[-4.86319,40.49305],[-4.86142,40.49386],[-4.85663,40.49377],[-4.85236,40.49296],[-4.84973,40.49131],[-4.84757,40.49079],[-4.84074,40.49059],[-4.83912,40.49138],[-4.8375,40.49171],[-4.83418,40.49031],[-4.83453,40.48897],[-4.83335,40.48826],[-4.83302,40.48719],[-4.82591,40.48544],[-4.8231,40.48582],[-4.82269,40.4852],[-4.82173,40.48461],[-4.82026,40.4844],[-4.82007,40.48384],[-4.81879,40.48302],[-4.81859,40.48148],[-4.8162,40.48113],[-4.81363,40.48133],[-4.81098,40.47954],[-4.80694,40.47857],[-4.80482,40.4765],[-4.80328,40.47652],[-4.80038,40.47512],[-4.79509,40.47662],[-4.7946,40.47666],[-4.79353,40.47627],[-4.79029,40.4775],[-4.78979,40.47987],[-4.78398,40.48068],[-4.77779,40.48518],[-4.77468,40.48805],[-4.75975,40.49098],[-4.7366,40.49757],[-4.72646,40.49755],[-4.71972,40.5001],[-4.71268,40.51247],[-4.71017,40.51608],[-4.71363,40.51584],[-4.71793,40.51754],[-4.72051,40.51753],[-4.72145,40.51692],[-4.72215,40.51608],[-4.72241,40.51535],[-4.7202,40.5139],[-4.72186,40.5123],[-4.72265,40.51099],[-4.72721,40.50921],[-4.72926,40.50756],[-4.73135,40.50771],[-4.73504,40.50663],[-4.74065,40.50587],[-4.74264,40.50616],[-4.74696,40.50526],[-4.74972,40.50535],[-4.75583,40.50473],[-4.76095,40.50455],[-4.76605,40.50385],[-4.77377,40.50496],[-4.77706,40.50629],[-4.7837,40.50836],[-4.79186,40.5099],[-4.80255,40.50954],[-4.80451,40.50987],[-4.80802,40.51107],[-4.81139,40.51112],[-4.81435,40.5121],[-4.81487,40.51255],[-4.81639,40.51583],[-4.81906,40.51638],[-4.8214,40.51823],[-4.81961,40.51915],[-4.82823,40.52049],[-4.83096,40.5213],[-4.83152,40.52283],[-4.83139,40.52359],[-4.83262,40.52507],[-4.83322,40.52516],[-4.83484,40.52724],[-4.83971,40.52898],[-4.84268,40.5289],[-4.84403,40.52981],[-4.84206,40.53181],[-4.84239,40.53263],[-4.84187,40.53296],[-4.84203,40.53351],[-4.84129,40.53428],[-4.84053,40.53664],[-4.83781,40.53956],[-4.83582,40.54279],[-4.83537,40.54552],[-4.836,40.546],[-4.83529,40.54879],[-4.83729,40.55054],[-4.83851,40.55038],[-4.83896,40.55101],[-4.83852,40.55123],[-4.83784,40.55228],[-4.83805,40.55284],[-4.83732,40.55609],[-4.83659,40.55688],[-4.83683,40.55798],[-4.8363,40.55818],[-4.83641,40.55914],[-4.83807,40.56305],[-4.83934,40.56316],[-4.84022,40.56412],[-4.8373,40.56549],[-4.83727,40.56631],[-4.83574,40.56674],[-4.83686,40.56824],[-4.83679,40.56943],[-4.83907,40.57241],[-4.83864,40.57491],[-4.83982,40.57511],[-4.8407,40.57456],[-4.84286,40.57563],[-4.84337,40.57522],[-4.84395,40.57301],[-4.8433,40.57079],[-4.84378,40.5702],[-4.84442,40.57036],[-4.84467,40.57338],[-4.84376,40.57591],[-4.84539,40.57661],[-4.84676,40.57613],[-4.84754,40.575],[-4.8467,40.57469],[-4.84615,40.57409],[-4.84622,40.57362],[-4.85023,40.574],[-4.85067,40.57434],[-4.85074,40.57512],[-4.8547,40.57422],[-4.85528,40.57514],[-4.85496,40.57622],[-4.85511,40.57664],[-4.85603,40.57756],[-4.85557,40.58072],[-4.85856,40.5803],[-4.86043,40.57934],[-4.8628,40.58021],[-4.8638,40.5814],[-4.86558,40.58237],[-4.86797,40.58438],[-4.86721,40.58454],[-4.8665,40.58715],[-4.86868,40.58733],[-4.87044,40.58857],[-4.87125,40.58823],[-4.87061,40.58611],[-4.87206,40.58562],[-4.87151,40.58451],[-4.87076,40.58383],[-4.86938,40.58186],[-4.87177,40.58082],[-4.87116,40.58083],[-4.87073,40.58005],[-4.87141,40.57955],[-4.87434,40.57797],[-4.87494,40.57836],[-4.87647,40.57637],[-4.87739,40.57599],[-4.87713,40.57569],[-4.87899,40.57548],[-4.87843,40.57265],[-4.87971,40.57183],[-4.87971,40.56901],[-4.88163,40.5683],[-4.88164,40.5651],[-4.88263,40.56305],[-4.88575,40.56234],[-4.88634,40.55956],[-4.88393,40.55924],[-4.8827,40.55879],[-4.88283,40.55707],[-4.88145,40.5535],[-4.87833,40.55357],[-4.87838,40.55205],[-4.87627,40.55195],[-4.87525,40.55084],[-4.87532,40.54911],[-4.87132,40.54828],[-4.87053,40.54708],[-4.86891,40.54648],[-4.86858,40.54565],[-4.86862,40.54338],[-4.86707,40.54347],[-4.8655,40.54239],[-4.86867,40.5422],[-4.873,40.53738],[-4.87017,40.53606],[-4.86965,40.53449],[-4.86782,40.5322],[-4.86671,40.53149],[-4.869,40.5308],[-4.86933,40.5303],[-4.86934,40.52908],[-4.87001,40.52812],[-4.87081,40.52596],[-4.87078,40.52521],[-4.87003,40.52402],[-4.87129,40.52365],[-4.87355,40.52202],[-4.87525,40.52191],[-4.87685,40.52145],[-4.87808,40.52068],[-4.88399,40.51952],[-4.88557,40.51889],[-4.88653,40.51842],[-4.887,40.51698],[-4.88926,40.51603],[-4.89095,40.51565],[-4.89566,40.51164],[-4.89663,40.51145],[-4.898,40.51179],[-4.89879,40.51173],[-4.9,40.51106],[-4.90396,40.50796],[-4.90385,40.50639],[-4.90486,40.50356],[-4.90568,40.50022],[-4.90545,40.49967],[-4.90627,40.49895],[-4.94556,40.49842],[-4.95409,40.4977],[-4.95665,40.49871],[-4.96084,40.49747],[-4.96434,40.49712],[-4.96654,40.49625],[-4.9671,40.49566],[-4.97342,40.49683],[-4.97594,40.4968],[-4.97956,40.49625],[-4.98133,40.49927],[-4.98299,40.50141],[-4.98568,40.5017],[-4.98762,40.50262],[-4.99097,40.50619],[-4.99211,40.5067],[-4.99355,40.50645],[-4.99407,40.50502],[-4.99361,40.50414],[-4.99438,40.5024],[-4.99661,40.50157],[-4.99831,40.50044],[-4.99923,40.49879],[-5.00285,40.49553],[-5.00561,40.49205]]]]}},{"type":"Feature","properties":{"COD_POSTAL":"05420"},"geometry":{"type":"Polygon","coordinates":[[[-4.62743,40.27661],[-4.63098,40.27495],[-4.63399,40.27402],[-4.64017,40.2727],[-4.64265,40.27116],[-4.6411,40.26947],[-4.63968,40.26896],[-4.63896,40.26842],[-4.63668,40.26839],[-4.63277,40.26576],[-4.62756,40.26427],[-4.62613,40.26262],[-4.6252,40.26334],[-4.61861,40.26232],[-4.61716,40.26136],[-4.6157,40.25983],[-4.61195,40.26041],[-4.61047,40.26029],[-4.60951,40.25966],[-4.60852,40.25632],[-4.60659,40.25488],[-4.60413,40.25485],[-4.59719,40.25258],[-4.59557,40.25137],[-4.59407,40.25202],[-4.59341,40.25206],[-4.59256,40.25169],[-4.5895,40.25293],[-4.58542,40.25768],[-4.58263,40.25958],[-4.58103,40.26203],[-4.57573,40.2561],[-4.57166,40.25722],[-4.56922,40.2572],[-4.56739,40.25906],[-4.56314,40.26126],[-4.56047,40.26187],[-4.5564,40.26452],[-4.55592,40.26606],[-4.55618,40.26647],[-4.55593,40.26727],[-4.55468,40.26937],[-4.55411,40.27642],[-4.55549,40.27705],[-4.55827,40.27934],[-4.55857,40.28066],[-4.55871,40.28521],[-4.5596,40.28583],[-4.56048,40.28902],[-4.55962,40.29016],[-4.56125,40.29412],[-4.56275,40.29543],[-4.56174,40.29873],[-4.56144,40.3039],[-4.56269,40.30613],[-4.5652,40.30927],[-4.56528,40.31041],[-4.56599,40.31139],[-4.56362,40.31277],[-4.56966,40.31335],[-4.57264,40.31237],[-4.57617,40.31408],[-4.58005,40.31554],[-4.58225,40.31601],[-4.58744,40.31854],[-4.59665,40.31999],[-4.5974,40.32191],[-4.59978,40.32467],[-4.60015,40.32549],[-4.60155,40.33115],[-4.60482,40.33283],[-4.60355,40.33565],[-4.59405,40.3457],[-4.59492,40.34721],[-4.59683,40.34888],[-4.60332,40.35271],[-4.60459,40.35332],[-4.60715,40.35401],[-4.61066,40.3546],[-4.61125,40.35315],[-4.6123,40.35178],[-4.61385,40.35088],[-4.61524,40.35059],[-4.61585,40.34941],[-4.61565,40.3478],[-4.62259,40.34239],[-4.62242,40.34111],[-4.62294,40.33936],[-4.62155,40.33725],[-4.62165,40.33541],[-4.62212,40.33501],[-4.62386,40.3344],[-4.62505,40.33433],[-4.62704,40.33487],[-4.62778,40.33482],[-4.62872,40.33433],[-4.62959,40.33183],[-4.63141,40.32983],[-4.63267,40.32909],[-4.63354,40.32776],[-4.63316,40.32655],[-4.63386,40.32523],[-4.63241,40.32376],[-4.6305,40.32312],[-4.62955,40.32192],[-4.62963,40.32022],[-4.62357,40.31681],[-4.61958,40.31533],[-4.61874,40.31474],[-4.61442,40.30714],[-4.61343,40.30405],[-4.6111,40.30058],[-4.61317,40.29831],[-4.61501,40.29412],[-4.61698,40.291],[-4.61863,40.29044],[-4.62105,40.28867],[-4.62115,40.28309],[-4.62273,40.28011],[-4.62445,40.27868],[-4.62743,40.27661]]]}},{"type":"Feature","properties":{"COD_POSTAL":"05214"},"geometry":{"type":"Polygon","coordinates":[[[-4.67115,40.89556],[-4.66876,40.89464],[-4.66867,40.89405],[-4.6695,40.8927],[-4.66862,40.89088],[-4.66861,40.89055],[-4.66904,40.89022],[-4.66771,40.88916],[-4.65657,40.88866],[-4.6405,40.89429],[-4.63742,40.89484],[-4.63899,40.89857],[-4.63801,40.8986],[-4.63772,40.89803],[-4.63635,40.89808],[-4.63623,40.89778],[-4.63559,40.89806],[-4.63446,40.89705],[-4.63005,40.89736],[-4.62966,40.89671],[-4.62767,40.89643],[-4.62587,40.90249],[-4.62396,40.90206],[-4.62199,40.902],[-4.62183,40.9025],[-4.62084,40.90279],[-4.62071,40.90905],[-4.62025,40.91231],[-4.61914,40.91257],[-4.61733,40.9112],[-4.61439,40.91389],[-4.61448,40.91895],[-4.61329,40.9189],[-4.61185,40.91921],[-4.61434,40.92212],[-4.61634,40.92502],[-4.62018,40.92765],[-4.62572,40.93572],[-4.63401,40.94119],[-4.63686,40.94335],[-4.63706,40.94552],[-4.63774,40.94731],[-4.64411,40.94767],[-4.64829,40.94856],[-4.66428,40.94455],[-4.66486,40.94369],[-4.66805,40.94128],[-4.66869,40.93998],[-4.67467,40.93657],[-4.67648,40.93475],[-4.67535,40.9328],[-4.67519,40.93143],[-4.67457,40.93007],[-4.67248,40.92887],[-4.67136,40.92854],[-4.67001,40.9285],[-4.66924,40.92816],[-4.66869,40.92586],[-4.66602,40.92191],[-4.66563,40.92073],[-4.66522,40.91624],[-4.66554,40.9156],[-4.66704,40.91405],[-4.66749,40.91277],[-4.66655,40.9109],[-4.6667,40.90825],[-4.66603,40.90596],[-4.66614,40.90511],[-4.66662,40.90408],[-4.66826,40.9024],[-4.6684,40.90174],[-4.66814,40.89953],[-4.66843,40.89916],[-4.67075,40.89788],[-4.67128,40.89731],[-4.6715,40.89653],[-4.67139,40.89596],[-4.67115,40.89556]]]}},{"type":"Feature","properties":{"COD_POSTAL":"05540"},"geometry":{"type":"Polygon","coordinates":[[[-4.96033,40.61219],[-4.99611,40.62447],[-5.0228,40.62763],[-5.02287,40.62794],[-5.02333,40.62816],[-5.02551,40.62795],[-5.02657,40.62811],[-5.02981,40.62793],[-5.03029,40.62759],[-5.0301,40.62618],[-5.03476,40.62554],[-5.03667,40.62326],[-5.0353,40.62204],[-5.03492,40.62137],[-5.03587,40.6201],[-5.03922,40.61878],[-5.04159,40.61707],[-5.04407,40.61708],[-5.04611,40.61635],[-5.04909,40.6169],[-5.05079,40.61677],[-5.05459,40.6153],[-5.06317,40.61299],[-5.06477,40.61311],[-5.06829,40.61233],[-5.06893,40.61256],[-5.06909,40.6119],[-5.06975,40.61132],[-5.07517,40.60735],[-5.07456,40.60565],[-5.07173,40.60403],[-5.06499,40.59937],[-5.05972,40.59709],[-5.05718,40.59548],[-5.0571,40.59446],[-5.05635,40.59273],[-5.05513,40.5919],[-5.05385,40.59038],[-5.05323,40.59],[-5.05178,40.58626],[-5.05154,40.58425],[-5.05107,40.58357],[-5.0482,40.58256],[-5.04725,40.58174],[-5.0474,40.58092],[-5.04596,40.57949],[-5.04564,40.57825],[-5.04389,40.5771],[-5.04318,40.5735],[-5.03393,40.57259],[-5.03167,40.57278],[-5.02171,40.57479],[-5.02165,40.57347],[-5.01657,40.57002],[-5.01382,40.56692],[-5.01038,40.56406],[-5.00987,40.56137],[-5.01346,40.56125],[-5.01254,40.55911],[-5.01266,40.55868],[-5.0108,40.55877],[-5.00922,40.55819],[-5.00547,40.55736],[-5.00509,40.55722],[-5.00493,40.55653],[-5.00152,40.55704],[-5.00137,40.55618],[-5.00073,40.55604],[-5.00043,40.55615],[-5.00042,40.55692],[-4.99916,40.55696],[-4.99918,40.55484],[-4.99715,40.55512],[-4.99688,40.55336],[-4.99712,40.55149],[-4.99388,40.55424],[-4.98947,40.55478],[-4.98814,40.55343],[-4.98864,40.55258],[-4.98436,40.55238],[-4.98097,40.55185],[-4.97753,40.5495],[-4.97828,40.54724],[-4.979,40.54586],[-4.97733,40.54482],[-4.97614,40.54177],[-4.97642,40.53945],[-4.97156,40.5397],[-4.97065,40.53874],[-4.96934,40.53839],[-4.96728,40.53938],[-4.96524,40.54003],[-4.96357,40.54029],[-4.9578,40.54108],[-4.953,40.54087],[-4.95176,40.54104],[-4.95007,40.5442],[-4.94787,40.54939],[-4.94744,40.54993],[-4.94459,40.5514],[-4.94248,40.55364],[-4.94084,40.55369],[-4.94027,40.55476],[-4.94272,40.55531],[-4.94324,40.55586],[-4.94258,40.55719],[-4.94336,40.5575],[-4.94468,40.55589],[-4.94697,40.55661],[-4.94749,40.55602],[-4.94861,40.5572],[-4.9481,40.55809],[-4.94865,40.55828],[-4.94824,40.55915],[-4.94941,40.55959],[-4.95041,40.55774],[-4.95196,40.55812],[-4.95061,40.55915],[-4.94994,40.56121],[-4.9528,40.56344],[-4.95051,40.56611],[-4.95213,40.56783],[-4.95235,40.56845],[-4.95239,40.5703],[-4.95465,40.57075],[-4.95418,40.57169],[-4.95425,40.57261],[-4.95561,40.5741],[-4.95025,40.58051],[-4.9483,40.58379],[-4.94663,40.58399],[-4.9456,40.58439],[-4.94573,40.58582],[-4.94718,40.58586],[-4.94716,40.58709],[-4.94755,40.58807],[-4.94953,40.59065],[-4.9494,40.59136],[-4.94781,40.59211],[-4.94744,40.59263],[-4.94742,40.59342],[-4.95029,40.59317],[-4.9505,40.59399],[-4.9522,40.59384],[-4.95223,40.59456],[-4.95063,40.59483],[-4.95083,40.5968],[-4.95217,40.59662],[-4.9537,40.59364],[-4.95439,40.59351],[-4.95622,40.59374],[-4.95626,40.59542],[-4.95541,40.59574],[-4.95529,40.59739],[-4.95558,40.59855],[-4.95777,40.59843],[-4.95786,40.59786],[-4.95925,40.59755],[-4.95942,40.59828],[-4.95878,40.59897],[-4.95819,40.60047],[-4.95926,40.5993],[-4.96021,40.60018],[-4.96136,40.59928],[-4.96144,40.59822],[-4.96165,40.59795],[-4.96323,40.59719],[-4.96434,40.59848],[-4.96228,40.59847],[-4.963,40.60184],[-4.96185,40.60211],[-4.96146,40.60103],[-4.96048,40.60101],[-4.95981,40.60271],[-4.95796,40.60465],[-4.95751,40.60552],[-4.95974,40.60522],[-4.9596,40.60665],[-4.96003,40.61063],[-4.96033,40.61219]]]}},{"type":"Feature","properties":{"COD_POSTAL":"05131"},"geometry":{"type":"Polygon","coordinates":[[[-5.01028,40.47743],[-5.00978,40.48114],[-5.0083,40.48683],[-5.00714,40.48965],[-5.00561,40.49205],[-5.00285,40.49553],[-4.99923,40.49879],[-4.99831,40.50044],[-4.99661,40.50157],[-4.99438,40.5024],[-4.99361,40.50414],[-4.99407,40.50502],[-4.99355,40.50645],[-4.99211,40.5067],[-4.99097,40.50619],[-4.98762,40.50262],[-4.98637,40.50195],[-4.98299,40.50141],[-4.98133,40.49927],[-4.97956,40.49625],[-4.97594,40.4968],[-4.97342,40.49683],[-4.9671,40.49566],[-4.96654,40.49625],[-4.96434,40.49712],[-4.96084,40.49747],[-4.95665,40.49871],[-4.95409,40.4977],[-4.94556,40.49842],[-4.94537,40.49967],[-4.94594,40.50063],[-4.95178,40.50263],[-4.95234,40.503],[-4.9524,40.50344],[-4.95152,40.50497],[-4.95191,40.50882],[-4.95184,40.51035],[-4.95233,40.51094],[-4.95435,40.51195],[-4.95476,40.51385],[-4.9554,40.5143],[-4.95561,40.51491],[-4.95339,40.51617],[-4.95308,40.51683],[-4.95331,40.51788],[-4.95391,40.51863],[-4.95531,40.51912],[-4.95596,40.52006],[-4.95604,40.52171],[-4.95567,40.52284],[-4.95632,40.52572],[-4.95418,40.52808],[-4.95351,40.53095],[-4.95199,40.53209],[-4.95063,40.53427],[-4.94964,40.53642],[-4.95076,40.53774],[-4.95208,40.54089],[-4.9578,40.54108],[-4.96357,40.54029],[-4.96524,40.54003],[-4.96728,40.53938],[-4.96934,40.53839],[-4.97065,40.53874],[-4.97156,40.5397],[-4.97642,40.53945],[-4.97614,40.54177],[-4.97733,40.54482],[-4.979,40.54586],[-4.97828,40.54724],[-4.97753,40.5495],[-4.98097,40.55185],[-4.98436,40.55238],[-4.98864,40.55258],[-4.98814,40.55343],[-4.98947,40.55478],[-4.99388,40.55424],[-4.99712,40.55149],[-4.99688,40.55336],[-4.99715,40.55512],[-4.99918,40.55484],[-4.99916,40.55696],[-5.00042,40.55692],[-5.00043,40.55615],[-5.00073,40.55604],[-5.00137,40.55618],[-5.00152,40.55704],[-5.00493,40.55653],[-5.00739,40.55534],[-5.00732,40.55358],[-5.00872,40.5523],[-5.00985,40.5514],[-5.01134,40.55115],[-5.0107,40.5499],[-5.01087,40.54472],[-5.01122,40.54355],[-5.01464,40.5395],[-5.01437,40.53829],[-5.01666,40.53505],[-5.01856,40.53335],[-5.01841,40.53257],[-5.00919,40.52932],[-5.00838,40.52888],[-5.00744,40.52795],[-5.00463,40.52812],[-5.00341,40.52752],[-5.00304,40.52711],[-5.00643,40.52334],[-5.00778,40.5223],[-5.01052,40.52156],[-5.01307,40.52011],[-5.01735,40.51844],[-5.01875,40.51757],[-5.02007,40.5127],[-5.02001,40.51007],[-5.02063,40.50605],[-5.02941,40.50036],[-5.03505,40.49589],[-5.03818,40.49181],[-5.0376,40.48706],[-5.0362,40.48524],[-5.03266,40.48213],[-5.02933,40.47794],[-5.02375,40.47698],[-5.02122,40.47721],[-5.01872,40.47709],[-5.01049,40.47544],[-5.01033,40.47578],[-5.01028,40.47743]]]}},{"type":"Feature","properties":{"COD_POSTAL":"05380"},"geometry":{"type":"Polygon","coordinates":[[[-5.16281,40.86625],[-5.16337,40.86549],[-5.16201,40.86634],[-5.15626,40.86254],[-5.15407,40.86294],[-5.15415,40.86202],[-5.15386,40.86121],[-5.1513,40.86127],[-5.15061,40.86012],[-5.14933,40.85976],[-5.14659,40.85722],[-5.14661,40.85597],[-5.14605,40.85572],[-5.14658,40.85483],[-5.14432,40.85502],[-5.14189,40.85319],[-5.14077,40.85292],[-5.13987,40.85325],[-5.13761,40.8517],[-5.13576,40.84948],[-5.13375,40.84959],[-5.12925,40.85076],[-5.12546,40.85034],[-5.12417,40.84957],[-5.12408,40.84832],[-5.12229,40.84711],[-5.12101,40.84758],[-5.12165,40.84622],[-5.12149,40.84567],[-5.12102,40.84594],[-5.11731,40.8465],[-5.1163,40.84722],[-5.11547,40.84749],[-5.11503,40.84827],[-5.11414,40.848],[-5.11395,40.84648],[-5.11225,40.84524],[-5.11192,40.84384],[-5.11282,40.8426],[-5.11228,40.84196],[-5.10797,40.84339],[-5.10359,40.84395],[-5.10116,40.84383],[-5.10282,40.84675],[-5.10237,40.84729],[-5.1021,40.8489],[-5.10333,40.85105],[-5.10337,40.85191],[-5.10412,40.85395],[-5.10288,40.85653],[-5.10225,40.85737],[-5.0959,40.86211],[-5.09454,40.86582],[-5.08721,40.86681],[-5.08552,40.86759],[-5.08557,40.86952],[-5.08262,40.86901],[-5.0842,40.86987],[-5.08348,40.87113],[-5.08053,40.87229],[-5.08013,40.87144],[-5.07624,40.87271],[-5.07251,40.87584],[-5.06983,40.87601],[-5.07008,40.87664],[-5.07088,40.87652],[-5.07111,40.87714],[-5.07026,40.87743],[-5.07185,40.88032],[-5.06685,40.88122],[-5.06106,40.88156],[-5.05974,40.88123],[-5.05886,40.87884],[-5.05598,40.87888],[-5.05489,40.87745],[-5.05317,40.87842],[-5.05116,40.87887],[-5.04591,40.88065],[-5.04187,40.88672],[-5.0419,40.88732],[-5.04119,40.88968],[-5.04138,40.89091],[-5.03977,40.89704],[-5.04502,40.90068],[-5.05006,40.89902],[-5.05057,40.8984],[-5.05299,40.89694],[-5.05391,40.89877],[-5.05628,40.89993],[-5.05554,40.90016],[-5.05625,40.90103],[-5.05438,40.90306],[-5.05943,40.9083],[-5.06118,40.90764],[-5.06206,40.90957],[-5.06585,40.91155],[-5.06725,40.91164],[-5.06755,40.91199],[-5.0685,40.91215],[-5.06887,40.91215],[-5.06989,40.90861],[-5.07182,40.90926],[-5.07863,40.90869],[-5.08177,40.91022],[-5.08446,40.90919],[-5.092,40.9039],[-5.0958,40.90228],[-5.09638,40.90056],[-5.09987,40.90161],[-5.10552,40.89532],[-5.10868,40.89617],[-5.11097,40.89644],[-5.11377,40.8987],[-5.11629,40.90119],[-5.11635,40.90158],[-5.11553,40.90229],[-5.12155,40.90104],[-5.12322,40.90242],[-5.12394,40.90164],[-5.12556,40.90128],[-5.12713,40.90017],[-5.12779,40.90087],[-5.13005,40.90032],[-5.13023,40.89948],[-5.13505,40.89652],[-5.13397,40.89531],[-5.1365,40.89407],[-5.13885,40.89372],[-5.13964,40.89202],[-5.13694,40.89113],[-5.13864,40.89056],[-5.1395,40.88981],[-5.14016,40.88757],[-5.14221,40.88617],[-5.14271,40.8866],[-5.14418,40.88597],[-5.14415,40.88561],[-5.14542,40.88496],[-5.14504,40.88453],[-5.14592,40.88427],[-5.1455,40.88321],[-5.14943,40.88159],[-5.14999,40.87957],[-5.14932,40.87928],[-5.14963,40.87882],[-5.14923,40.87839],[-5.14961,40.87808],[-5.14902,40.87732],[-5.15011,40.87669],[-5.15203,40.87624],[-5.15254,40.87397],[-5.15765,40.87092],[-5.1572,40.87011],[-5.16381,40.86838],[-5.16262,40.868],[-5.16259,40.86767],[-5.16281,40.86625]]]}},{"type":"Feature","properties":{"COD_POSTAL":"05500"},"geometry":{"type":"Polygon","coordinates":[[[-5.3398,40.46944],[-5.33835,40.4635],[-5.33469,40.45942],[-5.33025,40.45802],[-5.32712,40.45896],[-5.32417,40.45884],[-5.32208,40.4598],[-5.32182,40.46209],[-5.31312,40.46436],[-5.31443,40.46664],[-5.31401,40.46685],[-5.31429,40.46711],[-5.31485,40.46892],[-5.3148,40.47068],[-5.31584,40.47496],[-5.31909,40.47698],[-5.32131,40.47646],[-5.33448,40.4747],[-5.33696,40.47383],[-5.33954,40.47008],[-5.3398,40.46944]]]}},{"type":"Feature","properties":{"COD_POSTAL":"05418"},"geometry":{"type":"Polygon","coordinates":[[[-4.98861,40.16171],[-4.99121,40.16362],[-4.99187,40.16383],[-4.99498,40.16389],[-4.99682,40.16368],[-4.999,40.16301],[-5.00292,40.16122],[-5.0114,40.15979],[-5.0133,40.16686],[-5.01529,40.16824],[-5.02455,40.17688],[-5.03058,40.18862],[-5.03286,40.19155],[-5.03496,40.19406],[-5.0432,40.19987],[-5.05511,40.19671],[-5.06257,40.19596],[-5.07226,40.18919],[-5.0767,40.1865],[-5.07,40.15509],[-5.06645,40.15115],[-5.06445,40.15165],[-5.06284,40.15163],[-5.0615,40.15127],[-5.05893,40.14977],[-5.05609,40.14904],[-5.05457,40.14947],[-5.05235,40.15132],[-5.05144,40.1516],[-5.04507,40.15097],[-5.0421,40.1511],[-5.04111,40.15173],[-5.03881,40.15414],[-5.03391,40.15671],[-5.0302,40.15787],[-5.02705,40.15838],[-5.02293,40.1582],[-5.01854,40.15905],[-5.01695,40.15159],[-5.01725,40.14827],[-5.01704,40.14583],[-5.0136,40.14348],[-5.01058,40.13708],[-5.00842,40.1338],[-5.00705,40.13122],[-5.00667,40.12994],[-5.00671,40.12752],[-5.00728,40.1254],[-5.0081,40.1238],[-5.00774,40.12173],[-5.01334,40.11106],[-5.01093,40.11011],[-5.00578,40.10975],[-5.00238,40.11102],[-4.9997,40.11162],[-4.99847,40.1125],[-4.99677,40.11305],[-4.99565,40.11395],[-4.99311,40.11441],[-4.98925,40.11593],[-4.98534,40.11526],[-4.98241,40.11541],[-4.98139,40.11571],[-4.97867,40.11769],[-4.97583,40.11869],[-4.9709,40.1198],[-4.96565,40.12006],[-4.9609,40.12161],[-4.95918,40.12101],[-4.95455,40.12113],[-4.95625,40.12311],[-4.95745,40.1241],[-4.95895,40.12605],[-4.95539,40.12616],[-4.95804,40.12867],[-4.95934,40.13046],[-4.95779,40.13163],[-4.95629,40.13335],[-4.95233,40.13407],[-4.94872,40.13312],[-4.95025,40.13922],[-4.95199,40.14423],[-4.95352,40.15343],[-4.95507,40.15347],[-4.95683,40.15409],[-4.95928,40.1562],[-4.96095,40.1573],[-4.96276,40.1581],[-4.96377,40.15824],[-4.96709,40.15769],[-4.97176,40.15633],[-4.9743,40.15604],[-4.97529,40.15634],[-4.97832,40.15973],[-4.97886,40.16007],[-4.98123,40.16036],[-4.98519,40.15994],[-4.98703,40.16056],[-4.9885,40.16159],[-4.98861,40.16171]]]}},{"type":"Feature","properties":{"COD_POSTAL":"05416"},"geometry":{"type":"Polygon","coordinates":[[[-5.09885,40.25283],[-5.09176,40.24925],[-5.08841,40.24837],[-5.07987,40.24527],[-5.07623,40.24751],[-5.07078,40.24825],[-5.06141,40.24827],[-5.05623,40.24701],[-5.05494,40.24923],[-5.05354,40.24944],[-5.05324,40.25018],[-5.05343,40.25135],[-5.05299,40.25369],[-5.054,40.25475],[-5.05503,40.25647],[-5.05367,40.26045],[-5.05379,40.26188],[-5.05442,40.26319],[-5.05416,40.26482],[-5.05569,40.26597],[-5.05611,40.2658],[-5.05729,40.26767],[-5.05748,40.26908],[-5.05707,40.27264],[-5.05842,40.27467],[-5.06023,40.27557],[-5.06235,40.27725],[-5.0644,40.28209],[-5.06426,40.28334],[-5.06147,40.28719],[-5.06065,40.29109],[-5.0606,40.29599],[-5.05608,40.30126],[-5.05656,40.30577],[-5.05717,40.30882],[-5.06284,40.31211],[-5.06536,40.31061],[-5.0685,40.30783],[-5.07457,40.30715],[-5.08413,40.30378],[-5.08594,40.30251],[-5.08705,40.30034],[-5.09126,40.30054],[-5.09221,40.29997],[-5.09455,40.29785],[-5.09726,40.29629],[-5.09786,40.29533],[-5.09714,40.2941],[-5.10253,40.29455],[-5.10288,40.2949],[-5.10351,40.29504],[-5.10438,40.2949],[-5.10563,40.29402],[-5.10975,40.29336],[-5.11296,40.29447],[-5.11509,40.29487],[-5.11625,40.29471],[-5.11813,40.29372],[-5.12273,40.29221],[-5.12043,40.29009],[-5.11834,40.28313],[-5.11656,40.27562],[-5.11234,40.27078],[-5.10982,40.26699],[-5.10914,40.26502],[-5.10593,40.26379],[-5.10444,40.26289],[-5.09966,40.25654],[-5.09847,40.25462],[-5.09859,40.25382],[-5.09885,40.25283]]]}},{"type":"Feature","properties":{"COD_POSTAL":"05461"},"geometry":{"type":"Polygon","coordinates":[[[-4.80657,40.28413],[-4.80562,40.28662],[-4.8031,40.28804],[-4.8026,40.28919],[-4.80417,40.29258],[-4.80754,40.29533],[-4.80852,40.29696],[-4.80696,40.29912],[-4.80779,40.30321],[-4.80481,40.3111],[-4.80487,40.31299],[-4.80292,40.31496],[-4.80315,40.31682],[-4.80468,40.31964],[-4.80499,40.32202],[-4.80369,40.32473],[-4.80414,40.32788],[-4.80746,40.33029],[-4.81178,40.33122],[-4.81346,40.33222],[-4.81912,40.33447],[-4.82666,40.338],[-4.82863,40.33762],[-4.83322,40.33638],[-4.83684,40.33349],[-4.83827,40.33283],[-4.84125,40.3301],[-4.84454,40.32924],[-4.84653,40.32921],[-4.85024,40.32866],[-4.85322,40.32766],[-4.85764,40.32358],[-4.86715,40.32355],[-4.87041,40.32224],[-4.8751,40.31973],[-4.87637,40.31752],[-4.87977,40.31357],[-4.86258,40.30354],[-4.85772,40.30013],[-4.85515,40.29597],[-4.85281,40.29343],[-4.85206,40.29241],[-4.85184,40.29138],[-4.84868,40.2874],[-4.85245,40.28685],[-4.8519,40.28623],[-4.85104,40.28414],[-4.85007,40.28293],[-4.8482,40.28183],[-4.84714,40.28145],[-4.84645,40.2809],[-4.84446,40.28024],[-4.84366,40.27898],[-4.84246,40.27833],[-4.8424,40.27795],[-4.8427,40.2776],[-4.84447,40.27664],[-4.84536,40.27568],[-4.84735,40.27484],[-4.84723,40.27285],[-4.84739,40.27238],[-4.85161,40.26629],[-4.8535,40.26303],[-4.85392,40.26162],[-4.85462,40.26098],[-4.85505,40.25942],[-4.85578,40.25825],[-4.85535,40.25764],[-4.85275,40.25643],[-4.8517,40.25507],[-4.8503,40.25436],[-4.84907,40.25218],[-4.84838,40.25187],[-4.84561,40.25151],[-4.84546,40.25018],[-4.84605,40.24807],[-4.84568,40.24728],[-4.84422,40.24623],[-4.84341,40.24518],[-4.8438,40.2442],[-4.8441,40.24175],[-4.84338,40.24083],[-4.84333,40.23911],[-4.84237,40.2383],[-4.84267,40.23679],[-4.84468,40.23539],[-4.84493,40.23479],[-4.84438,40.23426],[-4.84336,40.23402],[-4.84227,40.23419],[-4.84173,40.23491],[-4.83982,40.23381],[-4.8391,40.23069],[-4.83908,40.22858],[-4.83973,40.22438],[-4.83981,40.22225],[-4.83911,40.2167],[-4.83819,40.21368],[-4.83541,40.2125],[-4.83309,40.21402],[-4.83169,40.21636],[-4.8311,40.21692],[-4.82918,40.21796],[-4.82524,40.21926],[-4.82106,40.22302],[-4.82088,40.22344],[-4.82119,40.22509],[-4.82262,40.22818],[-4.8227,40.22897],[-4.82214,40.22991],[-4.82099,40.23053],[-4.81876,40.23096],[-4.81842,40.23161],[-4.81793,40.23191],[-4.81405,40.23255],[-4.81041,40.23447],[-4.8088,40.23473],[-4.80767,40.23532],[-4.80761,40.23643],[-4.80887,40.23699],[-4.8094,40.23782],[-4.80992,40.24061],[-4.81056,40.24089],[-4.812,40.24058],[-4.81207,40.24154],[-4.81114,40.24327],[-4.8111,40.24376],[-4.81145,40.24512],[-4.81269,40.24719],[-4.81309,40.24919],[-4.81331,40.24953],[-4.81601,40.25101],[-4.81699,40.25314],[-4.81802,40.25418],[-4.81824,40.25477],[-4.81795,40.25561],[-4.81618,40.25644],[-4.81444,40.25762],[-4.81109,40.25913],[-4.81001,40.25938],[-4.81127,40.264],[-4.8097,40.26562],[-4.80718,40.26755],[-4.80707,40.26784],[-4.80737,40.26882],[-4.80691,40.26979],[-4.80766,40.27055],[-4.80769,40.27099],[-4.80684,40.2721],[-4.80529,40.27344],[-4.80501,40.27455],[-4.80425,40.27509],[-4.80609,40.27832],[-4.80539,40.28287],[-4.80657,40.28413]]]}},{"type":"Feature","properties":{"COD_POSTAL":"05369"},"geometry":{"type":"Polygon","coordinates":[[[-5.07088,40.87652],[-5.07008,40.87664],[-5.06983,40.87601],[-5.07251,40.87584],[-5.07624,40.87271],[-5.08013,40.87144],[-5.08053,40.87229],[-5.08348,40.87113],[-5.0842,40.86987],[-5.08262,40.86901],[-5.08557,40.86952],[-5.08552,40.86759],[-5.08721,40.86681],[-5.09454,40.86582],[-5.0959,40.86211],[-5.10225,40.85737],[-5.10288,40.85653],[-5.10412,40.85395],[-5.10337,40.85191],[-5.10333,40.85105],[-5.1021,40.8489],[-5.10237,40.84729],[-5.10282,40.84675],[-5.10122,40.84422],[-5.1009,40.84325],[-5.09982,40.84209],[-5.09892,40.8406],[-5.09961,40.83677],[-5.0986,40.83351],[-5.09809,40.8328],[-5.09775,40.82943],[-5.09452,40.82508],[-5.08748,40.82243],[-5.08413,40.81977],[-5.08057,40.82022],[-5.07978,40.82214],[-5.07074,40.82708],[-5.06061,40.82876],[-5.06028,40.82936],[-5.05834,40.82921],[-5.05806,40.82987],[-5.05113,40.83145],[-5.04922,40.83071],[-5.04843,40.82807],[-5.0465,40.82724],[-5.04583,40.82763],[-5.04097,40.82723],[-5.0383,40.82797],[-5.03727,40.82796],[-5.03625,40.82701],[-5.03431,40.82345],[-5.03302,40.82295],[-5.03178,40.82559],[-5.03071,40.82898],[-5.02824,40.82855],[-5.02622,40.82897],[-5.02184,40.83358],[-5.02233,40.83349],[-5.01911,40.83624],[-5.01852,40.83741],[-5.01868,40.83874],[-5.01805,40.83914],[-5.01703,40.83915],[-5.01456,40.83989],[-5.01202,40.84114],[-5.01492,40.84328],[-5.01583,40.84335],[-5.01878,40.8445],[-5.02115,40.84632],[-5.02102,40.84702],[-5.02051,40.84747],[-5.02052,40.84779],[-5.02234,40.84887],[-5.02242,40.84912],[-5.0217,40.85035],[-5.02185,40.85108],[-5.02095,40.85178],[-5.02086,40.85247],[-5.02003,40.85426],[-5.0202,40.85473],[-5.02103,40.85549],[-5.02224,40.85642],[-5.02406,40.85688],[-5.02832,40.85643],[-5.03105,40.85652],[-5.03075,40.85702],[-5.03077,40.85793],[-5.03124,40.85916],[-5.03198,40.8601],[-5.03119,40.8626],[-5.03171,40.86382],[-5.03162,40.86552],[-5.03305,40.86646],[-5.03303,40.86749],[-5.03337,40.86881],[-5.03407,40.86992],[-5.03412,40.872],[-5.03538,40.87464],[-5.03683,40.87435],[-5.03791,40.87374],[-5.03825,40.87319],[-5.03927,40.87277],[-5.04054,40.87365],[-5.04234,40.87625],[-5.04381,40.87585],[-5.04524,40.8763],[-5.0484,40.87783],[-5.04591,40.88065],[-5.05116,40.87887],[-5.05317,40.87842],[-5.05489,40.87745],[-5.05598,40.87888],[-5.05886,40.87884],[-5.05974,40.88123],[-5.06106,40.88156],[-5.06685,40.88122],[-5.07185,40.88032],[-5.07026,40.87743],[-5.07111,40.87714],[-5.07088,40.87652]]]}},{"type":"Feature","properties":{"COD_POSTAL":"05191"},"geometry":{"type":"Polygon","coordinates":[[[-4.83582,40.54279],[-4.83781,40.53956],[-4.84053,40.53664],[-4.84129,40.53428],[-4.84203,40.53351],[-4.84187,40.53296],[-4.84239,40.53263],[-4.84206,40.53181],[-4.84403,40.52981],[-4.84268,40.5289],[-4.83971,40.52898],[-4.83484,40.52724],[-4.83322,40.52516],[-4.83262,40.52507],[-4.83139,40.52359],[-4.82852,40.5252],[-4.82467,40.52635],[-4.82242,40.5274],[-4.81994,40.52916],[-4.81823,40.52991],[-4.81619,40.5312],[-4.81305,40.53117],[-4.81153,40.53181],[-4.81102,40.53239],[-4.80876,40.53324],[-4.80835,40.53401],[-4.8067,40.53445],[-4.80496,40.5358],[-4.80531,40.5367],[-4.80502,40.53736],[-4.80779,40.53826],[-4.81009,40.53989],[-4.81079,40.54188],[-4.81246,40.54404],[-4.81665,40.54732],[-4.81546,40.54825],[-4.8177,40.54888],[-4.81826,40.55023],[-4.81193,40.55007],[-4.811,40.55138],[-4.8133,40.55252],[-4.81285,40.55359],[-4.811,40.55496],[-4.80942,40.55765],[-4.80818,40.5586],[-4.80745,40.5599],[-4.80883,40.56086],[-4.80814,40.56154],[-4.80733,40.56141],[-4.80622,40.56068],[-4.80544,40.56085],[-4.80443,40.56044],[-4.80295,40.56044],[-4.79867,40.5595],[-4.79824,40.56028],[-4.79732,40.56033],[-4.79519,40.56146],[-4.79656,40.56216],[-4.79697,40.56333],[-4.79784,40.56388],[-4.79799,40.56616],[-4.80092,40.56747],[-4.80219,40.5684],[-4.80302,40.56782],[-4.80475,40.56871],[-4.80568,40.56877],[-4.8064,40.57061],[-4.80569,40.57216],[-4.80652,40.57393],[-4.80858,40.57518],[-4.80782,40.57559],[-4.80828,40.57627],[-4.80966,40.57549],[-4.81067,40.57621],[-4.81231,40.57672],[-4.81289,40.57732],[-4.80908,40.57943],[-4.80991,40.58058],[-4.81016,40.58134],[-4.81259,40.58382],[-4.81331,40.5837],[-4.81697,40.58568],[-4.81709,40.5862],[-4.81867,40.58731],[-4.81976,40.58613],[-4.82012,40.58502],[-4.82133,40.584],[-4.82219,40.58469],[-4.8236,40.58437],[-4.82518,40.58493],[-4.82591,40.58443],[-4.82774,40.58183],[-4.82807,40.58161],[-4.82909,40.58163],[-4.8294,40.5825],[-4.8293,40.58434],[-4.82899,40.58498],[-4.82751,40.58609],[-4.82777,40.58638],[-4.82687,40.58693],[-4.82716,40.58741],[-4.82697,40.58765],[-4.82729,40.58808],[-4.82845,40.58768],[-4.82876,40.58803],[-4.82789,40.5885],[-4.82936,40.5903],[-4.82721,40.59123],[-4.82302,40.59145],[-4.82132,40.59182],[-4.81767,40.59408],[-4.81806,40.59477],[-4.81811,40.59547],[-4.81739,40.5975],[-4.81789,40.59867],[-4.8165,40.59863],[-4.81476,40.59906],[-4.81509,40.59986],[-4.8143,40.60043],[-4.81441,40.6007],[-4.81678,40.60188],[-4.81942,40.60209],[-4.82058,40.60243],[-4.82517,40.6048],[-4.82387,40.60629],[-4.82706,40.60787],[-4.82647,40.60917],[-4.82694,40.60932],[-4.8272,40.61235],[-4.82846,40.60967],[-4.82864,40.60815],[-4.82995,40.60731],[-4.8302,40.60681],[-4.83122,40.60695],[-4.83198,40.60734],[-4.83357,40.60881],[-4.83554,40.60808],[-4.83514,40.60546],[-4.83666,40.60468],[-4.83731,40.60342],[-4.84352,40.60213],[-4.84423,40.60375],[-4.84194,40.60624],[-4.84391,40.60777],[-4.84409,40.607],[-4.84956,40.60609],[-4.84821,40.60328],[-4.84901,40.60308],[-4.84904,40.60388],[-4.84988,40.60433],[-4.85108,40.60403],[-4.85172,40.60517],[-4.85334,40.60441],[-4.85475,40.60506],[-4.85537,40.6057],[-4.85639,40.60543],[-4.85671,40.60588],[-4.86106,40.60585],[-4.86365,40.60378],[-4.86481,40.6052],[-4.86498,40.60661],[-4.86843,40.60682],[-4.8679,40.60556],[-4.86614,40.60343],[-4.86603,40.60284],[-4.86521,40.60262],[-4.86476,40.6014],[-4.86306,40.60031],[-4.86225,40.59869],[-4.86133,40.59856],[-4.86053,40.59617],[-4.8626,40.59603],[-4.86309,40.59554],[-4.867,40.59465],[-4.86718,40.5944],[-4.86721,40.59375],[-4.8662,40.59025],[-4.8668,40.58999],[-4.8665,40.58715],[-4.86721,40.58454],[-4.86797,40.58438],[-4.86558,40.58237],[-4.8638,40.5814],[-4.8628,40.58021],[-4.86043,40.57934],[-4.85856,40.5803],[-4.85557,40.58072],[-4.85603,40.57756],[-4.85511,40.57664],[-4.85496,40.57622],[-4.85528,40.57514],[-4.8547,40.57422],[-4.85074,40.57512],[-4.85067,40.57434],[-4.85023,40.574],[-4.84622,40.57362],[-4.84615,40.57409],[-4.8467,40.57469],[-4.84754,40.575],[-4.84676,40.57613],[-4.84539,40.57661],[-4.84376,40.57591],[-4.84467,40.57338],[-4.84442,40.57036],[-4.84413,40.57018],[-4.84345,40.57038],[-4.8433,40.57079],[-4.84395,40.57301],[-4.84337,40.57522],[-4.84286,40.57563],[-4.8407,40.57456],[-4.83982,40.57511],[-4.83864,40.57491],[-4.83907,40.57241],[-4.83679,40.56943],[-4.83686,40.56824],[-4.83574,40.56674],[-4.83727,40.56631],[-4.8373,40.56549],[-4.84022,40.56412],[-4.83934,40.56316],[-4.83807,40.56305],[-4.83641,40.55914],[-4.8363,40.55818],[-4.83683,40.55798],[-4.83659,40.55688],[-4.83732,40.55609],[-4.83805,40.55284],[-4.83784,40.55228],[-4.83852,40.55123],[-4.83896,40.55101],[-4.83851,40.55038],[-4.83729,40.55054],[-4.83529,40.54879],[-4.836,40.546],[-4.83537,40.54552],[-4.83582,40.54279]]]}},{"type":"Feature","properties":{"COD_POSTAL":"05296"},"geometry":{"type":"Polygon","coordinates":[[[-4.55947,40.93877],[-4.55836,40.94015],[-4.56189,40.9405],[-4.56682,40.94545],[-4.56776,40.94543],[-4.56789,40.95083],[-4.56506,40.95238],[-4.56635,40.9562],[-4.56939,40.95666],[-4.57205,40.95578],[-4.57236,40.95587],[-4.57352,40.95851],[-4.57448,40.95982],[-4.57558,40.96065],[-4.58531,40.96308],[-4.59295,40.96591],[-4.59596,40.9658],[-4.60675,40.9708],[-4.60886,40.97365],[-4.61223,40.98282],[-4.61232,40.98655],[-4.61348,40.9883],[-4.61824,40.99745],[-4.61804,41.00017],[-4.61725,41.00365],[-4.62114,41.00622],[-4.62359,41.00692],[-4.62279,41.00938],[-4.62723,41.01655],[-4.63953,41.03005],[-4.63891,41.03006],[-4.63829,41.03131],[-4.64508,41.03131],[-4.64853,41.03233],[-4.65119,41.0334],[-4.65278,41.03424],[-4.65384,41.03543],[-4.65965,41.04037],[-4.65976,41.03923],[-4.67961,41.0276],[-4.69131,41.0268],[-4.69265,41.02799],[-4.69625,41.02968],[-4.69704,41.03028],[-4.70085,41.03158],[-4.70056,41.02991],[-4.70088,41.02862],[-4.70272,41.02765],[-4.70237,41.02683],[-4.70085,41.02505],[-4.70019,41.02387],[-4.70162,41.02308],[-4.70204,41.02237],[-4.70355,41.02142],[-4.70416,41.02076],[-4.70444,41.01941],[-4.70591,41.01962],[-4.70716,41.01919],[-4.70763,41.01854],[-4.70725,41.01712],[-4.70609,41.01645],[-4.70383,41.01751],[-4.70219,41.01507],[-4.69989,41.01278],[-4.69994,41.01142],[-4.6997,41.01083],[-4.6978,41.00929],[-4.69702,41.00755],[-4.69604,41.00661],[-4.6956,41.00397],[-4.69594,41.00324],[-4.69596,41.0006],[-4.69553,41.00035],[-4.69642,41.00015],[-4.69639,40.99978],[-4.69689,40.99897],[-4.69725,40.99212],[-4.69695,40.98941],[-4.69565,40.98773],[-4.69551,40.98683],[-4.69447,40.98476],[-4.69384,40.98236],[-4.69427,40.9794],[-4.69375,40.97419],[-4.69221,40.97163],[-4.6906,40.97005],[-4.69129,40.97381],[-4.69065,40.97301],[-4.69022,40.97046],[-4.68939,40.96901],[-4.69007,40.96674],[-4.68982,40.96617],[-4.68865,40.96539],[-4.68843,40.96469],[-4.68906,40.96284],[-4.68896,40.9618],[-4.68734,40.95946],[-4.68741,40.95861],[-4.68817,40.95693],[-4.68736,40.95474],[-4.68731,40.95405],[-4.68818,40.95089],[-4.68771,40.95029],[-4.68547,40.94868],[-4.68476,40.94738],[-4.68447,40.94417],[-4.68381,40.94159],[-4.68222,40.94052],[-4.67947,40.94001],[-4.67908,40.93917],[-4.67914,40.93793],[-4.67884,40.9371],[-4.67648,40.93475],[-4.67467,40.93657],[-4.66869,40.93998],[-4.66805,40.94128],[-4.66486,40.94369],[-4.66428,40.94455],[-4.64829,40.94856],[-4.64411,40.94767],[-4.63774,40.94731],[-4.63706,40.94552],[-4.63686,40.94335],[-4.63401,40.94119],[-4.62572,40.93572],[-4.62018,40.92765],[-4.61634,40.92502],[-4.61434,40.92212],[-4.61185,40.91921],[-4.60799,40.91954],[-4.60445,40.91876],[-4.6009,40.91868],[-4.60085,40.91805],[-4.5982,40.917],[-4.59482,40.91684],[-4.59338,40.91655],[-4.59135,40.91658],[-4.58854,40.91582],[-4.58142,40.91701],[-4.57586,40.91642],[-4.57438,40.91683],[-4.57079,40.91702],[-4.56835,40.91755],[-4.5668,40.91715],[-4.56514,40.91711],[-4.56016,40.91627],[-4.55928,40.91652],[-4.55871,40.93519],[-4.55915,40.93639],[-4.55915,40.93712],[-4.55947,40.93877]]]}},{"type":"Feature","properties":{"COD_POSTAL":"05163"},"geometry":{"type":"Polygon","coordinates":[[[-4.7935,40.749],[-4.79246,40.74828],[-4.79174,40.74877],[-4.79279,40.74944],[-4.79244,40.75038],[-4.79179,40.75028],[-4.78921,40.74942],[-4.78758,40.74834],[-4.78724,40.74871],[-4.78604,40.74845],[-4.78549,40.74798],[-4.78484,40.74828],[-4.78195,40.74768],[-4.78171,40.74671],[-4.78042,40.74646],[-4.7786,40.74483],[-4.77642,40.7455],[-4.77458,40.74536],[-4.77452,40.74485],[-4.77156,40.74611],[-4.77112,40.74722],[-4.77194,40.74853],[-4.77244,40.74988],[-4.77178,40.75236],[-4.77242,40.75357],[-4.77032,40.75418],[-4.7682,40.75524],[-4.76785,40.75584],[-4.76836,40.75642],[-4.76822,40.75654],[-4.76724,40.75668],[-4.76641,40.75723],[-4.76513,40.75736],[-4.76457,40.75826],[-4.76177,40.75953],[-4.76231,40.76047],[-4.76033,40.76142],[-4.7564,40.76144],[-4.75347,40.76266],[-4.74732,40.7606],[-4.74919,40.76004],[-4.74656,40.76003],[-4.74562,40.75969],[-4.74634,40.75898],[-4.74529,40.75889],[-4.74471,40.75962],[-4.74375,40.75933],[-4.74394,40.76176],[-4.73177,40.76253],[-4.72832,40.7679],[-4.72293,40.76906],[-4.72225,40.77109],[-4.72231,40.77147],[-4.72174,40.77174],[-4.72021,40.77181],[-4.71748,40.77017],[-4.7166,40.77136],[-4.71525,40.77251],[-4.71427,40.77209],[-4.71259,40.77219],[-4.71157,40.77136],[-4.7111,40.77043],[-4.71028,40.77028],[-4.70977,40.76957],[-4.7089,40.76923],[-4.70979,40.76779],[-4.70949,40.76609],[-4.71099,40.76563],[-4.71038,40.76548],[-4.71106,40.76484],[-4.70959,40.76424],[-4.7096,40.76403],[-4.71004,40.76398],[-4.71021,40.76261],[-4.71095,40.76092],[-4.70549,40.76131],[-4.7034,40.76168],[-4.69916,40.76007],[-4.6963,40.75752],[-4.69154,40.75596],[-4.69145,40.75574],[-4.69196,40.75484],[-4.69178,40.75437],[-4.68902,40.75155],[-4.68881,40.75115],[-4.68893,40.7509],[-4.68975,40.75041],[-4.69378,40.7501],[-4.69515,40.74952],[-4.69552,40.74876],[-4.69521,40.74836],[-4.69434,40.74795],[-4.69108,40.74698],[-4.6903,40.74641],[-4.69034,40.74599],[-4.69072,40.74566],[-4.69233,40.74519],[-4.69257,40.74491],[-4.69256,40.74461],[-4.69136,40.74302],[-4.69134,40.74162],[-4.68613,40.75248],[-4.67632,40.76812],[-4.66895,40.78232],[-4.67008,40.78246],[-4.67073,40.78356],[-4.67398,40.78385],[-4.6742,40.78442],[-4.67876,40.78565],[-4.67937,40.78515],[-4.68104,40.78806],[-4.68224,40.78851],[-4.68494,40.7902],[-4.68445,40.79118],[-4.6851,40.79149],[-4.68408,40.79224],[-4.684,40.7934],[-4.68485,40.79439],[-4.68435,40.79604],[-4.68467,40.79662],[-4.68695,40.79834],[-4.68703,40.79874],[-4.68663,40.79939],[-4.6851,40.79981],[-4.68565,40.8],[-4.69435,40.80155],[-4.69684,40.80152],[-4.69995,40.80089],[-4.70209,40.80084],[-4.70441,40.80112],[-4.70563,40.79985],[-4.70772,40.79849],[-4.70746,40.79805],[-4.70898,40.79745],[-4.70809,40.79623],[-4.70937,40.79489],[-4.71002,40.79356],[-4.72513,40.81292],[-4.72503,40.8142],[-4.72347,40.81562],[-4.72282,40.81535],[-4.72162,40.81625],[-4.71933,40.81397],[-4.71831,40.81456],[-4.7189,40.81519],[-4.71644,40.81671],[-4.71064,40.81593],[-4.7091,40.81789],[-4.71126,40.81832],[-4.71069,40.82029],[-4.70929,40.82188],[-4.71013,40.82369],[-4.70959,40.82576],[-4.70672,40.82807],[-4.70537,40.82983],[-4.70382,40.83054],[-4.70188,40.83098],[-4.70388,40.83263],[-4.70542,40.83349],[-4.709,40.83651],[-4.70983,40.83798],[-4.7109,40.83924],[-4.7161,40.84289],[-4.71728,40.84326],[-4.7199,40.84097],[-4.72142,40.84178],[-4.72504,40.8412],[-4.72611,40.84145],[-4.72628,40.84232],[-4.72758,40.84223],[-4.72762,40.84274],[-4.72924,40.84277],[-4.72916,40.8446],[-4.72949,40.84458],[-4.72967,40.84645],[-4.73173,40.84633],[-4.73166,40.84524],[-4.73237,40.84525],[-4.73215,40.84474],[-4.73255,40.84356],[-4.7332,40.84401],[-4.73371,40.84155],[-4.73874,40.84052],[-4.73926,40.84074],[-4.74048,40.84234],[-4.74123,40.84075],[-4.74383,40.8406],[-4.74359,40.83912],[-4.74531,40.83864],[-4.74577,40.83889],[-4.74656,40.83822],[-4.74746,40.83629],[-4.74767,40.83519],[-4.74754,40.83355],[-4.74916,40.83021],[-4.75119,40.83087],[-4.75138,40.82836],[-4.75293,40.82834],[-4.75304,40.82713],[-4.75206,40.82622],[-4.75438,40.82663],[-4.7554,40.82427],[-4.7525,40.82458],[-4.75159,40.82346],[-4.75395,40.82261],[-4.75301,40.82157],[-4.7518,40.82161],[-4.75035,40.821],[-4.7482,40.81913],[-4.74757,40.8168],[-4.75009,40.81596],[-4.74791,40.81425],[-4.74612,40.81575],[-4.74772,40.81603],[-4.74356,40.81653],[-4.74305,40.81626],[-4.73983,40.81363],[-4.74127,40.81177],[-4.7398,40.81055],[-4.73972,40.81114],[-4.73853,40.81113],[-4.73775,40.81054],[-4.73995,40.80766],[-4.73706,40.80589],[-4.73482,40.80722],[-4.73443,40.80545],[-4.7348,40.80516],[-4.73517,40.80341],[-4.73896,40.80529],[-4.74001,40.80459],[-4.74066,40.80357],[-4.74138,40.80387],[-4.74187,40.8028],[-4.74212,40.80062],[-4.73916,40.79969],[-4.73804,40.79888],[-4.73863,40.79845],[-4.74,40.79902],[-4.74017,40.7966],[-4.74224,40.79635],[-4.74242,40.79487],[-4.742,40.79353],[-4.7418,40.79136],[-4.74432,40.78696],[-4.74602,40.78517],[-4.74667,40.78475],[-4.74741,40.78476],[-4.74933,40.78384],[-4.75,40.78421],[-4.7505,40.784],[-4.75051,40.78447],[-4.75267,40.7852],[-4.75528,40.78435],[-4.75506,40.7818],[-4.75562,40.78123],[-4.7562,40.78141],[-4.75745,40.78094],[-4.7581,40.78131],[-4.75861,40.78087],[-4.75703,40.77964],[-4.75809,40.77817],[-4.75846,40.77912],[-4.75996,40.77906],[-4.76068,40.77931],[-4.76086,40.77996],[-4.76126,40.78015],[-4.762,40.78033],[-4.7628,40.78019],[-4.76453,40.78131],[-4.76476,40.78196],[-4.76723,40.78304],[-4.76719,40.78345],[-4.76914,40.7841],[-4.77112,40.78433],[-4.77049,40.78555],[-4.77195,40.78611],[-4.77339,40.78575],[-4.77432,40.78413],[-4.77391,40.78339],[-4.77536,40.78329],[-4.77549,40.78404],[-4.77713,40.78387],[-4.77954,40.78448],[-4.78176,40.7863],[-4.78144,40.78685],[-4.78233,40.78771],[-4.78378,40.78785],[-4.78616,40.78698],[-4.78678,40.78822],[-4.78844,40.78774],[-4.78884,40.78836],[-4.78857,40.78884],[-4.7896,40.78882],[-4.78989,40.78933],[-4.79068,40.78937],[-4.79067,40.79007],[-4.79178,40.79214],[-4.7913,40.79285],[-4.79249,40.79367],[-4.79318,40.79361],[-4.79404,40.79402],[-4.79454,40.79357],[-4.79538,40.79402],[-4.7963,40.79407],[-4.79853,40.79298],[-4.79823,40.7914],[-4.79921,40.79122],[-4.79961,40.79157],[-4.80066,40.79414],[-4.80249,40.79278],[-4.80234,40.79212],[-4.80371,40.79132],[-4.80429,40.7914],[-4.80789,40.78959],[-4.8073,40.78896],[-4.8093,40.78763],[-4.81094,40.7871],[-4.81109,40.78665],[-4.81205,40.78605],[-4.81095,40.78467],[-4.81089,40.78375],[-4.81113,40.78339],[-4.813,40.78577],[-4.8143,40.78499],[-4.81209,40.78319],[-4.81261,40.78279],[-4.814,40.78301],[-4.8146,40.78272],[-4.81411,40.78165],[-4.81661,40.7805],[-4.81547,40.77967],[-4.81502,40.77877],[-4.81229,40.78004],[-4.81173,40.77929],[-4.81285,40.77888],[-4.81112,40.77625],[-4.80991,40.77629],[-4.80939,40.77502],[-4.81253,40.77498],[-4.81252,40.77464],[-4.80876,40.77388],[-4.80866,40.77313],[-4.81325,40.77439],[-4.81357,40.77496],[-4.81683,40.77596],[-4.81707,40.77545],[-4.81647,40.77515],[-4.8173,40.77308],[-4.81729,40.77232],[-4.81707,40.77199],[-4.81647,40.77236],[-4.81607,40.77232],[-4.81603,40.77182],[-4.81648,40.77149],[-4.81628,40.77061],[-4.81569,40.77049],[-4.81557,40.76868],[-4.8162,40.76834],[-4.81516,40.76713],[-4.81674,40.76594],[-4.81639,40.76545],[-4.81505,40.76569],[-4.81368,40.7652],[-4.81508,40.76256],[-4.81527,40.76159],[-4.81522,40.7611],[-4.81396,40.76086],[-4.81395,40.76007],[-4.81541,40.75984],[-4.81532,40.75929],[-4.81275,40.75772],[-4.80981,40.75547],[-4.8096,40.75471],[-4.80799,40.75447],[-4.80617,40.75318],[-4.80676,40.75123],[-4.79617,40.75367],[-4.79496,40.75346],[-4.79517,40.75269],[-4.79368,40.75037],[-4.79408,40.74965],[-4.79325,40.74937],[-4.7935,40.749]]]}},{"type":"Feature","properties":{"COD_POSTAL":"05130"},"geometry":{"type":"Polygon","coordinates":[[[-4.91521,40.57521],[-4.91528,40.57629],[-4.9171,40.57606],[-4.91687,40.57501],[-4.91821,40.57425],[-4.9198,40.57292],[-4.9192,40.57234],[-4.91988,40.57204],[-4.92042,40.57257],[-4.92134,40.57291],[-4.92169,40.57364],[-4.92225,40.57401],[-4.92256,40.57356],[-4.92234,40.57281],[-4.92333,40.57286],[-4.92362,40.5719],[-4.926,40.57032],[-4.92735,40.5732],[-4.9288,40.57273],[-4.927,40.57028],[-4.92851,40.56989],[-4.92961,40.57078],[-4.93022,40.57016],[-4.93109,40.57035],[-4.93146,40.57062],[-4.92999,40.57331],[-4.93058,40.57775],[-4.93135,40.57776],[-4.9312,40.57702],[-4.93188,40.57689],[-4.93127,40.57343],[-4.93279,40.57355],[-4.93245,40.57194],[-4.93429,40.57232],[-4.93426,40.57382],[-4.93457,40.57451],[-4.93507,40.57485],[-4.93573,40.57675],[-4.93859,40.57659],[-4.94097,40.57522],[-4.94129,40.57659],[-4.94168,40.57698],[-4.94343,40.57817],[-4.94559,40.57884],[-4.94636,40.58036],[-4.94431,40.5806],[-4.94101,40.5814],[-4.94149,40.58314],[-4.94301,40.58335],[-4.94289,40.58455],[-4.94399,40.58456],[-4.94398,40.5834],[-4.94578,40.58336],[-4.94621,40.58413],[-4.9483,40.58379],[-4.95025,40.58051],[-4.95561,40.5741],[-4.95425,40.57261],[-4.95418,40.57169],[-4.95465,40.57075],[-4.95239,40.5703],[-4.95235,40.56845],[-4.95213,40.56783],[-4.95051,40.56611],[-4.9528,40.56344],[-4.94994,40.56121],[-4.95061,40.55915],[-4.95196,40.55812],[-4.95041,40.55774],[-4.94941,40.55959],[-4.94824,40.55915],[-4.94865,40.55828],[-4.9481,40.55809],[-4.94861,40.5572],[-4.94749,40.55602],[-4.94697,40.55661],[-4.94468,40.55589],[-4.94336,40.5575],[-4.94258,40.55719],[-4.94324,40.55586],[-4.94272,40.55531],[-4.94027,40.55476],[-4.94084,40.55369],[-4.94248,40.55364],[-4.94459,40.5514],[-4.94669,40.55044],[-4.94787,40.54939],[-4.95147,40.54129],[-4.95208,40.54089],[-4.95076,40.53774],[-4.94964,40.53642],[-4.95063,40.53427],[-4.95199,40.53209],[-4.95351,40.53095],[-4.95418,40.52808],[-4.95632,40.52572],[-4.95567,40.52284],[-4.95604,40.52171],[-4.95596,40.52006],[-4.95531,40.51912],[-4.95391,40.51863],[-4.95331,40.51788],[-4.95308,40.51683],[-4.95339,40.51617],[-4.95561,40.51491],[-4.9554,40.5143],[-4.95476,40.51385],[-4.95435,40.51195],[-4.95233,40.51094],[-4.95184,40.51035],[-4.95191,40.50882],[-4.95152,40.50497],[-4.95242,40.50321],[-4.95178,40.50263],[-4.94594,40.50063],[-4.94537,40.49967],[-4.94556,40.49842],[-4.90627,40.49895],[-4.90545,40.49967],[-4.90568,40.50022],[-4.90486,40.50356],[-4.90385,40.50639],[-4.90396,40.50796],[-4.9,40.51106],[-4.89879,40.51173],[-4.898,40.51179],[-4.89663,40.51145],[-4.89566,40.51164],[-4.89095,40.51565],[-4.88926,40.51603],[-4.887,40.51698],[-4.88653,40.51842],[-4.88557,40.51889],[-4.88399,40.51952],[-4.87808,40.52068],[-4.87685,40.52145],[-4.87525,40.52191],[-4.87355,40.52202],[-4.87129,40.52365],[-4.87003,40.52402],[-4.87078,40.52521],[-4.87081,40.52596],[-4.87001,40.52812],[-4.86934,40.52908],[-4.86933,40.5303],[-4.869,40.5308],[-4.86671,40.53149],[-4.86782,40.5322],[-4.86965,40.53449],[-4.87017,40.53606],[-4.873,40.53738],[-4.86867,40.5422],[-4.8655,40.54239],[-4.86707,40.54347],[-4.86862,40.54338],[-4.86858,40.54565],[-4.86891,40.54648],[-4.87053,40.54708],[-4.87132,40.54828],[-4.87532,40.54911],[-4.87525,40.55084],[-4.87627,40.55195],[-4.87838,40.55205],[-4.87833,40.55357],[-4.88145,40.5535],[-4.88283,40.55707],[-4.8827,40.55879],[-4.88393,40.55924],[-4.88634,40.55956],[-4.88575,40.56234],[-4.88263,40.56305],[-4.88164,40.5651],[-4.88163,40.5683],[-4.87971,40.56901],[-4.87971,40.57183],[-4.87843,40.57265],[-4.87899,40.57548],[-4.87713,40.57569],[-4.87739,40.57599],[-4.87647,40.57637],[-4.87494,40.57836],[-4.87434,40.57797],[-4.87141,40.57955],[-4.87073,40.58005],[-4.87116,40.58083],[-4.87177,40.58082],[-4.86938,40.58186],[-4.87076,40.58383],[-4.87151,40.58451],[-4.87206,40.58562],[-4.87061,40.58611],[-4.87125,40.58823],[-4.87316,40.58856],[-4.8731,40.59109],[-4.87673,40.59132],[-4.87718,40.59047],[-4.87818,40.59008],[-4.88272,40.59095],[-4.88576,40.58743],[-4.88474,40.5865],[-4.88454,40.58094],[-4.89054,40.57659],[-4.89303,40.57565],[-4.89487,40.57583],[-4.89526,40.57516],[-4.89729,40.57489],[-4.90005,40.57522],[-4.90029,40.57722],[-4.90092,40.57727],[-4.9013,40.57831],[-4.90208,40.57848],[-4.90133,40.57555],[-4.90187,40.57534],[-4.90089,40.57308],[-4.90154,40.57287],[-4.90294,40.57491],[-4.90398,40.57528],[-4.90475,40.57526],[-4.9033,40.57425],[-4.90262,40.57321],[-4.90653,40.57492],[-4.90814,40.57447],[-4.90847,40.57272],[-4.90751,40.57142],[-4.90592,40.57171],[-4.90503,40.57024],[-4.90649,40.56939],[-4.90957,40.57156],[-4.91011,40.57114],[-4.9095,40.57041],[-4.90994,40.57004],[-4.91079,40.5706],[-4.91257,40.57065],[-4.91308,40.57101],[-4.91359,40.57183],[-4.91388,40.5737],[-4.91487,40.57369],[-4.91483,40.5712],[-4.91575,40.57108],[-4.9162,40.57396],[-4.91553,40.57406],[-4.91553,40.57465],[-4.91449,40.57472],[-4.91426,40.57527],[-4.91521,40.57521]]]}},{"type":"Feature","properties":{"COD_POSTAL":"05004"},"geometry":{"type":"Polygon","coordinates":[[[-4.61397,40.65639],[-4.61697,40.65582],[-4.6175,40.65698],[-4.6176,40.66037],[-4.62357,40.66008],[-4.6287,40.66084],[-4.62903,40.66216],[-4.63065,40.66447],[-4.63067,40.66554],[-4.63007,40.66583],[-4.63099,40.6685],[-4.63334,40.67005],[-4.63115,40.67017],[-4.63007,40.67083],[-4.63241,40.67173],[-4.63084,40.67221],[-4.62962,40.67223],[-4.63001,40.67325],[-4.64078,40.67448],[-4.65072,40.67066],[-4.65212,40.67089],[-4.67232,40.67051],[-4.67539,40.67139],[-4.6781,40.67274],[-4.68194,40.67519],[-4.68548,40.67671],[-4.69032,40.67196],[-4.69253,40.66821],[-4.68554,40.6637],[-4.685,40.66311],[-4.68461,40.66216],[-4.68073,40.66222],[-4.68402,40.66576],[-4.68527,40.66677],[-4.68553,40.66643],[-4.69,40.67073],[-4.68943,40.6715],[-4.6795,40.66186],[-4.67973,40.66009],[-4.68285,40.65915],[-4.68335,40.65848],[-4.68196,40.65436],[-4.67974,40.65304],[-4.67843,40.65304],[-4.6733,40.6522],[-4.66979,40.65095],[-4.65865,40.64239],[-4.62844,40.62669],[-4.6286,40.62757],[-4.62947,40.628],[-4.6296,40.62842],[-4.63068,40.6287],[-4.63122,40.62922],[-4.63045,40.63028],[-4.62953,40.62961],[-4.62884,40.63018],[-4.6284,40.63006],[-4.62857,40.63048],[-4.63157,40.63215],[-4.63126,40.63264],[-4.63001,40.63265],[-4.62837,40.63193],[-4.62726,40.63324],[-4.62367,40.63111],[-4.62457,40.63037],[-4.62323,40.62911],[-4.62147,40.62999],[-4.62078,40.63082],[-4.61913,40.63122],[-4.61841,40.63174],[-4.61962,40.6333],[-4.62046,40.6333],[-4.62139,40.63577],[-4.62118,40.6363],[-4.62202,40.63702],[-4.62035,40.63838],[-4.61979,40.63843],[-4.61941,40.64026],[-4.61989,40.641],[-4.61922,40.64398],[-4.61951,40.64697],[-4.61419,40.64801],[-4.61125,40.64661],[-4.61041,40.64583],[-4.60836,40.64261],[-4.60854,40.64031],[-4.59996,40.63841],[-4.60017,40.63876],[-4.59965,40.64079],[-4.60721,40.64731],[-4.60926,40.65262],[-4.60884,40.65435],[-4.60942,40.65602],[-4.61373,40.65638],[-4.61397,40.65639]]]}},{"type":"Feature","properties":{"COD_POSTAL":"05250"},"geometry":{"type":"Polygon","coordinates":[[[-4.4062,40.48096],[-4.40218,40.48],[-4.39911,40.47855],[-4.3899,40.47041],[-4.37935,40.46947],[-4.35328,40.47958],[-4.34704,40.48171],[-4.34191,40.48448],[-4.34054,40.48475],[-4.33939,40.4839],[-4.34,40.4809],[-4.33987,40.47947],[-4.33883,40.47691],[-4.3405,40.47411],[-4.34032,40.47153],[-4.34099,40.46965],[-4.34081,40.46828],[-4.33764,40.46672],[-4.33563,40.46627],[-4.32946,40.46091],[-4.32637,40.46021],[-4.32544,40.45978],[-4.3247,40.46058],[-4.32223,40.46021],[-4.32117,40.45953],[-4.3204,40.45849],[-4.31999,40.45836],[-4.31842,40.45849],[-4.31788,40.45915],[-4.31819,40.46031],[-4.319,40.46143],[-4.32009,40.46222],[-4.3201,40.4625],[-4.31567,40.46476],[-4.31674,40.46557],[-4.31858,40.46623],[-4.31854,40.46672],[-4.31737,40.46786],[-4.3171,40.46901],[-4.31768,40.46944],[-4.31939,40.46949],[-4.3203,40.46981],[-4.31956,40.47082],[-4.31965,40.47101],[-4.32045,40.4712],[-4.32037,40.47162],[-4.32104,40.47266],[-4.32145,40.47409],[-4.32318,40.47587],[-4.32389,40.4776],[-4.32368,40.47815],[-4.32406,40.47991],[-4.32374,40.48134],[-4.32459,40.49101],[-4.32447,40.49187],[-4.32474,40.49312],[-4.32444,40.49408],[-4.32449,40.49542],[-4.3241,40.49774],[-4.32429,40.49926],[-4.3229,40.50069],[-4.32263,40.50163],[-4.32453,40.5043],[-4.32413,40.50566],[-4.32421,40.50648],[-4.32542,40.50689],[-4.32676,40.50678],[-4.32731,40.50709],[-4.32695,40.50807],[-4.32751,40.50936],[-4.32614,40.51033],[-4.32548,40.51192],[-4.32369,40.51313],[-4.32342,40.5145],[-4.32275,40.51509],[-4.32297,40.51628],[-4.32203,40.51718],[-4.32515,40.51831],[-4.32718,40.51933],[-4.33071,40.52279],[-4.33374,40.52468],[-4.33502,40.52581],[-4.33639,40.52648],[-4.3379,40.52665],[-4.34048,40.52814],[-4.34327,40.52932],[-4.34359,40.52984],[-4.34483,40.53065],[-4.35138,40.53211],[-4.35462,40.53151],[-4.35679,40.53168],[-4.36431,40.53336],[-4.36916,40.53563],[-4.37363,40.53721],[-4.37488,40.53791],[-4.37685,40.53826],[-4.38085,40.53967],[-4.38317,40.54012],[-4.38664,40.54011],[-4.39303,40.53965],[-4.39635,40.53974],[-4.40877,40.54196],[-4.42064,40.54126],[-4.42591,40.54042],[-4.42923,40.54044],[-4.43715,40.54234],[-4.44415,40.54254],[-4.4474,40.542],[-4.44821,40.54114],[-4.45003,40.54059],[-4.4532,40.53906],[-4.45661,40.53654],[-4.45769,40.53674],[-4.45896,40.53636],[-4.46355,40.53417],[-4.46525,40.53373],[-4.46607,40.53381],[-4.46928,40.53147],[-4.47143,40.53043],[-4.47632,40.52871],[-4.47808,40.52862],[-4.48417,40.53114],[-4.48699,40.53197],[-4.49062,40.53221],[-4.49225,40.52804],[-4.49339,40.52596],[-4.49768,40.52009],[-4.49844,40.51853],[-4.49876,40.51684],[-4.49869,40.51394],[-4.50037,40.51016],[-4.49421,40.50904],[-4.4915,40.50797],[-4.49013,40.50812],[-4.4889,40.50884],[-4.48839,40.50883],[-4.4877,40.50864],[-4.48639,40.50764],[-4.48574,40.50752],[-4.48199,40.5086],[-4.48169,40.50847],[-4.48213,40.50759],[-4.48184,40.50704],[-4.48052,40.50617],[-4.47988,40.50618],[-4.4782,40.50708],[-4.47352,40.50633],[-4.46842,40.50752],[-4.4669,40.50742],[-4.46529,40.50778],[-4.46427,40.50708],[-4.46437,40.50351],[-4.46484,40.50206],[-4.46442,40.50181],[-4.45708,40.50144],[-4.45028,40.50193],[-4.44889,40.50139],[-4.44808,40.50064],[-4.44817,40.49978],[-4.4472,40.4991],[-4.4464,40.49773],[-4.4448,40.49695],[-4.44401,40.49612],[-4.44235,40.49571],[-4.43977,40.49446],[-4.43842,40.4942],[-4.43364,40.4948],[-4.43239,40.49438],[-4.43061,40.48988],[-4.42629,40.48448],[-4.42486,40.48325],[-4.42387,40.48288],[-4.42223,40.48289],[-4.42089,40.4832],[-4.41304,40.48099],[-4.407,40.48096],[-4.4062,40.48096]]]}},{"type":"Feature","properties":{"COD_POSTAL":"05111"},"geometry":{"type":"Polygon","coordinates":[[[-4.68589,40.53125],[-4.69261,40.52923],[-4.69842,40.52625],[-4.70239,40.5256],[-4.70472,40.52554],[-4.70835,40.5318],[-4.71062,40.53479],[-4.71001,40.5351],[-4.71012,40.53609],[-4.71353,40.53564],[-4.71495,40.5362],[-4.71559,40.53752],[-4.71502,40.53882],[-4.71646,40.53986],[-4.71898,40.54048],[-4.72204,40.54005],[-4.72276,40.5397],[-4.72355,40.53898],[-4.72441,40.53761],[-4.72254,40.53693],[-4.72178,40.5379],[-4.7207,40.53614],[-4.72101,40.53523],[-4.72082,40.53267],[-4.72181,40.52986],[-4.72256,40.52663],[-4.72105,40.52301],[-4.72134,40.51886],[-4.71966,40.51873],[-4.71793,40.51754],[-4.71363,40.51584],[-4.71017,40.51608],[-4.71268,40.51247],[-4.71972,40.5001],[-4.72,40.49631],[-4.71883,40.49469],[-4.71851,40.49326],[-4.71795,40.49237],[-4.71762,40.49089],[-4.71607,40.48691],[-4.71706,40.48524],[-4.71488,40.48485],[-4.71341,40.48319],[-4.71212,40.48236],[-4.71193,40.48197],[-4.71211,40.48146],[-4.71172,40.48091],[-4.71177,40.4801],[-4.71058,40.47906],[-4.70957,40.47736],[-4.70909,40.47586],[-4.70831,40.47476],[-4.7078,40.47151],[-4.70743,40.47083],[-4.7061,40.47013],[-4.70557,40.46934],[-4.70733,40.46721],[-4.70854,40.46657],[-4.70853,40.46419],[-4.7092,40.46274],[-4.71073,40.46224],[-4.70967,40.45908],[-4.70837,40.45739],[-4.70816,40.45671],[-4.7068,40.45578],[-4.70511,40.45352],[-4.70503,40.4531],[-4.70577,40.45069],[-4.70598,40.44859],[-4.70652,40.44667],[-4.70653,40.44538],[-4.70718,40.44298],[-4.70637,40.44183],[-4.70726,40.4393],[-4.70562,40.4388],[-4.65184,40.47447],[-4.65494,40.47978],[-4.66989,40.49845],[-4.67283,40.50618],[-4.68074,40.52463],[-4.68344,40.53341],[-4.68589,40.53125]]]}},{"type":"Feature","properties":{"COD_POSTAL":"05005"},"geometry":{"type":"Polygon","coordinates":[[[-4.65244,40.73629],[-4.65293,40.7351],[-4.65587,40.73564],[-4.65939,40.7356],[-4.66214,40.73529],[-4.66287,40.73467],[-4.66316,40.73381],[-4.66448,40.7337],[-4.66483,40.73298],[-4.66622,40.73225],[-4.66914,40.73226],[-4.67165,40.7319],[-4.67167,40.73294],[-4.67595,40.73245],[-4.67603,40.73188],[-4.67735,40.73217],[-4.67929,40.73209],[-4.68425,40.73277],[-4.68603,40.7336],[-4.68772,40.7337],[-4.68964,40.7343],[-4.69061,40.73242],[-4.69259,40.73158],[-4.69326,40.73098],[-4.69326,40.73063],[-4.69253,40.7298],[-4.69299,40.72744],[-4.69335,40.72685],[-4.69611,40.72425],[-4.69647,40.72373],[-4.69683,40.72238],[-4.69811,40.72132],[-4.69844,40.72057],[-4.69774,40.71864],[-4.69593,40.71754],[-4.69255,40.71727],[-4.69203,40.71669],[-4.69209,40.71614],[-4.69378,40.71499],[-4.69524,40.71298],[-4.69534,40.7124],[-4.69471,40.71023],[-4.69735,40.70863],[-4.69952,40.70847],[-4.7013,40.70725],[-4.70181,40.70545],[-4.70239,40.70537],[-4.70247,40.70566],[-4.7029,40.70586],[-4.7044,40.70575],[-4.70697,40.70508],[-4.70736,40.70406],[-4.70777,40.70376],[-4.71102,40.70585],[-4.71148,40.70386],[-4.71077,40.70362],[-4.71108,40.70144],[-4.71212,40.70225],[-4.7145,40.70318],[-4.71462,40.70484],[-4.71551,40.707],[-4.71505,40.70742],[-4.71587,40.70749],[-4.71778,40.707],[-4.71552,40.67319],[-4.70682,40.65896],[-4.70618,40.65941],[-4.70376,40.66002],[-4.70262,40.65995],[-4.69861,40.65883],[-4.69725,40.65885],[-4.69703,40.65793],[-4.6968,40.65799],[-4.69701,40.65886],[-4.69422,40.65801],[-4.69167,40.65792],[-4.6881,40.6571],[-4.68334,40.65849],[-4.68285,40.65915],[-4.67973,40.66009],[-4.6795,40.66186],[-4.68943,40.6715],[-4.69,40.67073],[-4.68553,40.66643],[-4.68527,40.66677],[-4.68402,40.66576],[-4.68073,40.66222],[-4.68461,40.66216],[-4.685,40.66311],[-4.68554,40.6637],[-4.69253,40.66821],[-4.69032,40.67196],[-4.68548,40.67671],[-4.68564,40.67677],[-4.68469,40.68067],[-4.67955,40.68626],[-4.67703,40.68843],[-4.67494,40.69226],[-4.6736,40.69247],[-4.67188,40.69175],[-4.6703,40.69196],[-4.67118,40.69315],[-4.67366,40.69488],[-4.67371,40.69654],[-4.67192,40.69805],[-4.66703,40.69738],[-4.66653,40.69956],[-4.66304,40.70089],[-4.66175,40.7008],[-4.66068,40.70183],[-4.65983,40.70212],[-4.6581,40.70586],[-4.6565,40.70514],[-4.65801,40.70243],[-4.65606,40.70208],[-4.65524,40.70349],[-4.65574,40.70422],[-4.65542,40.7058],[-4.6548,40.70572],[-4.65397,40.70647],[-4.65411,40.70703],[-4.65154,40.70679],[-4.65084,40.70782],[-4.65195,40.70863],[-4.65148,40.70929],[-4.64915,40.70867],[-4.64734,40.70953],[-4.64775,40.7112],[-4.64715,40.71148],[-4.64614,40.71029],[-4.64386,40.71172],[-4.64319,40.71386],[-4.63978,40.714],[-4.63744,40.71301],[-4.63542,40.71536],[-4.63588,40.71749],[-4.63629,40.71761],[-4.64053,40.71781],[-4.6448,40.71715],[-4.64535,40.71726],[-4.64747,40.71939],[-4.64703,40.72039],[-4.64919,40.7212],[-4.64792,40.72334],[-4.6508,40.7253],[-4.65176,40.72541],[-4.65067,40.72648],[-4.65052,40.72808],[-4.64964,40.72888],[-4.64822,40.72922],[-4.6475,40.73061],[-4.64642,40.73162],[-4.64788,40.73274],[-4.64845,40.73378],[-4.64945,40.7343],[-4.65133,40.73428],[-4.65186,40.73453],[-4.65208,40.73493],[-4.65202,40.73592],[-4.65244,40.73629]]]}},{"type":"Feature","properties":{"COD_POSTAL":"05412"},"geometry":{"type":"Polygon","coordinates":[[[-4.94393,40.35506],[-4.94598,40.35437],[-4.94757,40.35462],[-4.94881,40.35433],[-4.94927,40.35375],[-4.95088,40.34992],[-4.95189,40.34892],[-4.95244,40.34792],[-4.95273,40.34571],[-4.95305,40.34516],[-4.95358,40.33931],[-4.95451,40.33545],[-4.95457,40.33357],[-4.95363,40.32609],[-4.9542,40.32297],[-4.95616,40.31937],[-4.95477,40.31527],[-4.95466,40.31164],[-4.95485,40.31077],[-4.9598,40.3066],[-4.96205,40.30437],[-4.96079,40.29985],[-4.96172,40.29945],[-4.96152,40.29898],[-4.96207,40.29912],[-4.96199,40.29862],[-4.96714,40.29555],[-4.96907,40.29488],[-4.97061,40.29482],[-4.97249,40.29316],[-4.9764,40.2925],[-4.98463,40.28723],[-4.98613,40.2847],[-4.98904,40.28084],[-4.98929,40.27938],[-4.99086,40.27846],[-4.99219,40.27713],[-4.99447,40.27592],[-4.99579,40.27417],[-4.99723,40.27342],[-4.9978,40.27243],[-4.99981,40.27093],[-5.00116,40.26933],[-5.00132,40.26842],[-5.00036,40.26661],[-5.00168,40.26491],[-4.99833,40.26236],[-4.99772,40.2616],[-4.99828,40.26003],[-4.99611,40.25862],[-4.99228,40.25755],[-4.9881,40.25719],[-4.98704,40.25482],[-4.98561,40.25299],[-4.98519,40.2518],[-4.98259,40.24816],[-4.98532,40.24758],[-4.98665,40.24553],[-4.98635,40.24351],[-4.99044,40.24077],[-4.99168,40.23926],[-4.99173,40.23859],[-4.99065,40.23522],[-4.99077,40.23427],[-4.9905,40.2321],[-4.98916,40.23035],[-4.98989,40.22916],[-4.99476,40.22552],[-4.99484,40.22433],[-4.99586,40.22351],[-4.99595,40.22313],[-4.99557,40.2208],[-4.99514,40.21998],[-4.99265,40.22112],[-4.98916,40.2214],[-4.98261,40.22094],[-4.97822,40.22155],[-4.97394,40.22341],[-4.97258,40.2231],[-4.9714,40.22219],[-4.9704,40.22208],[-4.96944,40.22233],[-4.96755,40.22363],[-4.96548,40.22394],[-4.96344,40.2239],[-4.96595,40.22755],[-4.96511,40.22936],[-4.9664,40.23075],[-4.96711,40.23211],[-4.96734,40.23426],[-4.96806,40.23643],[-4.97087,40.23833],[-4.97108,40.24034],[-4.97199,40.24124],[-4.97171,40.24277],[-4.97094,40.24409],[-4.97136,40.24642],[-4.97116,40.2473],[-4.96955,40.24958],[-4.96798,40.25094],[-4.96593,40.25204],[-4.96135,40.25398],[-4.95675,40.25672],[-4.95346,40.25901],[-4.95295,40.26276],[-4.94964,40.2666],[-4.94912,40.26773],[-4.94823,40.27217],[-4.94924,40.27615],[-4.94919,40.27692],[-4.94718,40.2796],[-4.93924,40.28585],[-4.93656,40.28969],[-4.93374,40.29455],[-4.93053,40.29585],[-4.92888,40.29798],[-4.92703,40.29876],[-4.92384,40.29966],[-4.91982,40.29933],[-4.92081,40.30264],[-4.92197,40.30291],[-4.92354,40.30455],[-4.92351,40.30575],[-4.92177,40.30696],[-4.92107,40.30863],[-4.91996,40.31267],[-4.9206,40.31394],[-4.92128,40.31632],[-4.92232,40.31681],[-4.92127,40.31754],[-4.92208,40.31858],[-4.92153,40.31958],[-4.92186,40.32113],[-4.92545,40.32178],[-4.92674,40.32122],[-4.92941,40.31914],[-4.93368,40.31827],[-4.9331,40.31916],[-4.93263,40.3192],[-4.93222,40.31994],[-4.93247,40.32043],[-4.93146,40.32046],[-4.93001,40.32132],[-4.92868,40.3237],[-4.92732,40.32377],[-4.92589,40.32624],[-4.92306,40.32963],[-4.92646,40.33662],[-4.93119,40.34172],[-4.93795,40.34686],[-4.93981,40.3491],[-4.94154,40.35035],[-4.9438,40.351],[-4.94401,40.35458],[-4.94393,40.35506]]]}},{"type":"Feature","properties":{"COD_POSTAL":"05520"},"geometry":{"type":"Polygon","coordinates":[[[-4.80664,40.62485],[-4.80902,40.62496],[-4.81559,40.62634],[-4.81344,40.62103],[-4.81254,40.61935],[-4.81607,40.61947],[-4.81584,40.61865],[-4.8197,40.61843],[-4.8203,40.61808],[-4.82252,40.62002],[-4.82334,40.61988],[-4.82199,40.61829],[-4.82284,40.61802],[-4.82382,40.61804],[-4.82496,40.6186],[-4.82681,40.61907],[-4.82639,40.62009],[-4.82401,40.62099],[-4.82334,40.62031],[-4.81997,40.62107],[-4.82023,40.6218],[-4.82125,40.62231],[-4.82067,40.62463],[-4.82119,40.62668],[-4.82187,40.62733],[-4.82311,40.62695],[-4.82525,40.62905],[-4.82614,40.62898],[-4.82652,40.62984],[-4.82581,40.63013],[-4.82609,40.63053],[-4.82666,40.63042],[-4.82711,40.63075],[-4.82639,40.63179],[-4.82688,40.63282],[-4.82745,40.63515],[-4.82848,40.63693],[-4.82875,40.63886],[-4.83005,40.64094],[-4.8364,40.649],[-4.83673,40.65011],[-4.83654,40.65078],[-4.83863,40.65261],[-4.83781,40.65331],[-4.83587,40.65245],[-4.83521,40.6524],[-4.83178,40.65357],[-4.83505,40.65423],[-4.83825,40.6553],[-4.83975,40.65524],[-4.84399,40.65682],[-4.85608,40.65965],[-4.85855,40.65965],[-4.85996,40.66023],[-4.86535,40.66131],[-4.86948,40.66107],[-4.87271,40.66192],[-4.87389,40.66176],[-4.87679,40.66244],[-4.87891,40.66113],[-4.87866,40.66057],[-4.87823,40.66041],[-4.87817,40.65985],[-4.87852,40.65969],[-4.88422,40.6584],[-4.88851,40.65788],[-4.89222,40.65691],[-4.89231,40.65618],[-4.89429,40.65559],[-4.89861,40.65279],[-4.89938,40.65123],[-4.90067,40.65122],[-4.901,40.65253],[-4.90143,40.65268],[-4.90171,40.65317],[-4.90367,40.65204],[-4.90654,40.64921],[-4.91305,40.64746],[-4.91371,40.64642],[-4.91499,40.64572],[-4.91492,40.6449],[-4.92125,40.6418],[-4.92394,40.64183],[-4.92635,40.64214],[-4.92977,40.64291],[-4.93022,40.64333],[-4.93151,40.64643],[-4.93712,40.64554],[-4.93777,40.64663],[-4.94089,40.64942],[-4.94209,40.6492],[-4.94318,40.65037],[-4.94164,40.65074],[-4.9401,40.6517],[-4.93832,40.65417],[-4.93914,40.6546],[-4.93761,40.65575],[-4.93568,40.65774],[-4.93446,40.65827],[-4.93346,40.65908],[-4.93343,40.66059],[-4.93223,40.66236],[-4.93754,40.66234],[-4.94811,40.66134],[-4.94997,40.65902],[-4.95377,40.65826],[-4.9591,40.65816],[-4.96438,40.65681],[-4.96748,40.65569],[-4.97947,40.65502],[-4.9756,40.65328],[-4.98115,40.65196],[-4.98234,40.65057],[-4.98357,40.64855],[-4.98506,40.64785],[-4.98831,40.64968],[-4.98955,40.64963],[-4.98993,40.64909],[-4.99116,40.64498],[-4.99426,40.64198],[-4.99593,40.64251],[-4.99709,40.64151],[-4.99904,40.64158],[-5.00397,40.64105],[-5.00507,40.64109],[-5.00725,40.6418],[-5.0099,40.64157],[-5.01,40.6411],[-5.00744,40.63945],[-5.00792,40.63813],[-5.00917,40.63733],[-5.00971,40.63576],[-5.01167,40.63537],[-5.01457,40.6328],[-5.01842,40.63239],[-5.0211,40.62902],[-5.02287,40.62794],[-5.0228,40.62763],[-4.99611,40.62447],[-4.96033,40.61219],[-4.96068,40.61399],[-4.95756,40.61608],[-4.95653,40.616],[-4.95444,40.61653],[-4.94943,40.61682],[-4.94206,40.61624],[-4.93852,40.61548],[-4.93779,40.61635],[-4.93552,40.61692],[-4.93523,40.61686],[-4.93255,40.61383],[-4.93173,40.61327],[-4.92926,40.61287],[-4.92832,40.61323],[-4.92556,40.61246],[-4.92495,40.61325],[-4.92417,40.61361],[-4.92409,40.6143],[-4.92435,40.61476],[-4.92613,40.61609],[-4.92607,40.61635],[-4.92462,40.61621],[-4.92278,40.61647],[-4.92157,40.61711],[-4.92089,40.61693],[-4.92023,40.61743],[-4.91753,40.61686],[-4.91816,40.61574],[-4.92019,40.61634],[-4.92071,40.6163],[-4.92061,40.61599],[-4.9209,40.61566],[-4.92033,40.61549],[-4.92,40.61509],[-4.91791,40.61482],[-4.91706,40.61639],[-4.91318,40.61725],[-4.91342,40.61803],[-4.91426,40.61862],[-4.91637,40.61866],[-4.91858,40.61839],[-4.91967,40.61819],[-4.92094,40.61756],[-4.92239,40.61768],[-4.92318,40.61817],[-4.92262,40.61852],[-4.92006,40.61892],[-4.92068,40.62061],[-4.92074,40.62203],[-4.91885,40.62203],[-4.91981,40.62107],[-4.91981,40.62061],[-4.91857,40.61869],[-4.91776,40.61903],[-4.91823,40.6196],[-4.91743,40.62078],[-4.9153,40.62091],[-4.91537,40.62206],[-4.92092,40.62277],[-4.92128,40.62329],[-4.92219,40.62387],[-4.92248,40.62515],[-4.92204,40.62532],[-4.92123,40.62374],[-4.91961,40.62282],[-4.91899,40.6228],[-4.91882,40.62291],[-4.91878,40.62451],[-4.91952,40.62556],[-4.91895,40.62634],[-4.91739,40.62698],[-4.91626,40.62881],[-4.9085,40.62772],[-4.905,40.62909],[-4.90403,40.62876],[-4.90056,40.62648],[-4.89826,40.62391],[-4.8974,40.62341],[-4.8961,40.62195],[-4.89462,40.621],[-4.89319,40.61827],[-4.89154,40.61661],[-4.89102,40.61674],[-4.89007,40.61509],[-4.88506,40.61337],[-4.88219,40.61349],[-4.87992,40.61266],[-4.87968,40.61214],[-4.88162,40.60884],[-4.87769,40.606],[-4.87482,40.60658],[-4.87556,40.60345],[-4.87747,40.60029],[-4.87968,40.60067],[-4.87984,40.60014],[-4.88075,40.60006],[-4.8805,40.59718],[-4.87839,40.59724],[-4.87881,40.59415],[-4.88017,40.5937],[-4.88095,40.59714],[-4.88172,40.59708],[-4.8817,40.59659],[-4.88143,40.59526],[-4.88061,40.59343],[-4.88141,40.5933],[-4.88149,40.59392],[-4.88225,40.59403],[-4.88286,40.59645],[-4.88324,40.6014],[-4.88404,40.60139],[-4.88384,40.59982],[-4.88418,40.59713],[-4.88285,40.59365],[-4.8834,40.59347],[-4.88356,40.59296],[-4.88606,40.59346],[-4.88629,40.59289],[-4.88528,40.59272],[-4.88541,40.59238],[-4.88384,40.59212],[-4.88381,40.5913],[-4.87818,40.59008],[-4.87718,40.59047],[-4.87673,40.59132],[-4.8731,40.59109],[-4.87316,40.58856],[-4.87125,40.58823],[-4.87044,40.58857],[-4.86868,40.58733],[-4.8665,40.58715],[-4.8668,40.58999],[-4.8662,40.59025],[-4.86721,40.59375],[-4.86718,40.5944],[-4.867,40.59465],[-4.86309,40.59554],[-4.8626,40.59603],[-4.86053,40.59617],[-4.86133,40.59856],[-4.86225,40.59869],[-4.86306,40.60031],[-4.86476,40.6014],[-4.86521,40.60262],[-4.86603,40.60284],[-4.86614,40.60343],[-4.8679,40.60556],[-4.86843,40.60682],[-4.86498,40.60661],[-4.86481,40.6052],[-4.86365,40.60378],[-4.86106,40.60585],[-4.85671,40.60588],[-4.85639,40.60543],[-4.85537,40.6057],[-4.85475,40.60506],[-4.85334,40.60441],[-4.85172,40.60517],[-4.85108,40.60403],[-4.84988,40.60433],[-4.84904,40.60388],[-4.84901,40.60308],[-4.84821,40.60328],[-4.84956,40.60609],[-4.84409,40.607],[-4.84391,40.60777],[-4.84194,40.60624],[-4.84423,40.60375],[-4.84352,40.60213],[-4.83731,40.60342],[-4.83666,40.60468],[-4.83514,40.60546],[-4.83554,40.60808],[-4.83357,40.60881],[-4.83198,40.60734],[-4.83122,40.60695],[-4.8302,40.60681],[-4.82995,40.60731],[-4.82864,40.60815],[-4.82846,40.60967],[-4.8272,40.61235],[-4.82694,40.60932],[-4.82647,40.60917],[-4.82706,40.60787],[-4.82387,40.60629],[-4.82517,40.6048],[-4.82058,40.60243],[-4.81942,40.60209],[-4.81678,40.60188],[-4.81441,40.6007],[-4.8143,40.60043],[-4.81509,40.59986],[-4.81476,40.59906],[-4.81374,40.59969],[-4.80956,40.60111],[-4.80669,40.60065],[-4.80636,40.59992],[-4.80595,40.59994],[-4.80577,40.59961],[-4.80533,40.59974],[-4.80551,40.60003],[-4.80483,40.60015],[-4.80419,40.59886],[-4.8046,40.5987],[-4.80399,40.59734],[-4.80324,40.59761],[-4.80359,40.59822],[-4.80342,40.59924],[-4.80426,40.6005],[-4.80355,40.60088],[-4.8014,40.60007],[-4.8001,40.59922],[-4.79582,40.60181],[-4.79524,40.60033],[-4.79578,40.59939],[-4.7993,40.5971],[-4.80143,40.59424],[-4.80071,40.59369],[-4.79905,40.59312],[-4.79919,40.59089],[-4.79832,40.59048],[-4.79758,40.59122],[-4.79834,40.59217],[-4.79841,40.59312],[-4.79963,40.59521],[-4.79731,40.59549],[-4.7933,40.59772],[-4.79409,40.59929],[-4.79235,40.60003],[-4.79074,40.59922],[-4.78966,40.59957],[-4.79056,40.60054],[-4.78938,40.60128],[-4.7884,40.60119],[-4.78789,40.60087],[-4.78555,40.60227],[-4.78545,40.60478],[-4.78924,40.60967],[-4.78925,40.61003],[-4.78848,40.6109],[-4.79015,40.61323],[-4.79186,40.61641],[-4.79442,40.61962],[-4.79829,40.61713],[-4.79878,40.61775],[-4.80006,40.61776],[-4.80019,40.6181],[-4.79965,40.62121],[-4.7951,40.62127],[-4.79531,40.6232],[-4.7969,40.62336],[-4.79858,40.62581],[-4.79782,40.62626],[-4.79896,40.62819],[-4.80191,40.6275],[-4.8021,40.62727],[-4.80125,40.6256],[-4.80245,40.62555],[-4.80324,40.6268],[-4.80411,40.6267],[-4.80354,40.62521],[-4.80664,40.62485]]]}},{"type":"Feature","properties":{"COD_POSTAL":"05580"},"geometry":{"type":"Polygon","coordinates":[[[-5.42432,40.40021],[-5.42448,40.40125],[-5.42559,40.40439],[-5.42759,40.40608],[-5.42768,40.41162],[-5.42961,40.41676],[-5.43087,40.41802],[-5.43126,40.41881],[-5.43621,40.41462],[-5.44108,40.41175],[-5.44525,40.41235],[-5.44791,40.41232],[-5.45299,40.41019],[-5.45669,40.40717],[-5.45929,40.40624],[-5.46514,40.40647],[-5.46734,40.40704],[-5.47102,40.40845],[-5.4727,40.40961],[-5.47536,40.40657],[-5.47841,40.40034],[-5.47935,40.39914],[-5.48461,40.39673],[-5.48057,40.38315],[-5.46818,40.35365],[-5.46431,40.35075],[-5.45154,40.34903],[-5.45011,40.34906],[-5.44782,40.35599],[-5.44653,40.35644],[-5.44468,40.35782],[-5.44315,40.35854],[-5.44027,40.35901],[-5.43903,40.35892],[-5.43403,40.36134],[-5.43256,40.36229],[-5.43217,40.36071],[-5.42496,40.36219],[-5.42295,40.3632],[-5.42162,40.36433],[-5.42108,40.36528],[-5.42045,40.36752],[-5.41782,40.37042],[-5.41372,40.37217],[-5.41005,40.37342],[-5.40804,40.37273],[-5.40641,40.37162],[-5.40352,40.37331],[-5.39835,40.37422],[-5.38795,40.37293],[-5.38468,40.37474],[-5.38355,40.37479],[-5.38133,40.37422],[-5.38023,40.37443],[-5.37498,40.37719],[-5.37214,40.38034],[-5.36225,40.38337],[-5.35889,40.3897],[-5.35968,40.39135],[-5.35987,40.39245],[-5.35928,40.39644],[-5.36503,40.39685],[-5.37393,40.39846],[-5.38204,40.40154],[-5.38842,40.40149],[-5.39596,40.39807],[-5.40464,40.39596],[-5.41056,40.39386],[-5.4159,40.38768],[-5.41824,40.39027],[-5.41763,40.39316],[-5.41795,40.39407],[-5.41939,40.39631],[-5.42347,40.39943],[-5.42432,40.40021]]]}},{"type":"Feature","properties":{"COD_POSTAL":"05001"},"geometry":{"type":"Polygon","coordinates":[[[-4.69753,40.65883],[-4.69861,40.65883],[-4.70262,40.65995],[-4.70376,40.66002],[-4.70638,40.65933],[-4.70718,40.658],[-4.70875,40.65776],[-4.70872,40.6571],[-4.70739,40.65726],[-4.70719,40.65592],[-4.70639,40.6556],[-4.70433,40.65504],[-4.70224,40.65487],[-4.70083,40.65433],[-4.69731,40.6538],[-4.69703,40.65442],[-4.69677,40.65442],[-4.69695,40.65371],[-4.69502,40.65315],[-4.69482,40.65363],[-4.69461,40.65364],[-4.69461,40.6531],[-4.69269,40.65303],[-4.69378,40.65405],[-4.691,40.65412],[-4.6869,40.65356],[-4.68483,40.65401],[-4.6821,40.65404],[-4.68193,40.65443],[-4.68335,40.65848],[-4.6881,40.6571],[-4.69167,40.65792],[-4.69422,40.65801],[-4.69701,40.65886],[-4.6968,40.65799],[-4.69703,40.65793],[-4.69725,40.65885],[-4.69753,40.65883]]]}},{"type":"Feature","properties":{"COD_POSTAL":"05196"},"geometry":{"type":"Polygon","coordinates":[[[-4.51247,40.62311],[-4.50928,40.62842],[-4.50912,40.62979],[-4.50944,40.63226],[-4.50898,40.63438],[-4.50941,40.63529],[-4.5107,40.63631],[-4.51552,40.63853],[-4.51735,40.63914],[-4.52097,40.63979],[-4.52234,40.64054],[-4.52632,40.64434],[-4.5289,40.64766],[-4.53013,40.64828],[-4.53333,40.64848],[-4.53479,40.65034],[-4.53888,40.65074],[-4.5426,40.65028],[-4.54351,40.65042],[-4.5433,40.65105],[-4.5445,40.65055],[-4.54737,40.65069],[-4.55125,40.65155],[-4.55673,40.65549],[-4.55808,40.66084],[-4.56005,40.66037],[-4.55993,40.65957],[-4.56272,40.65818],[-4.56478,40.65836],[-4.56529,40.6596],[-4.56369,40.66025],[-4.56386,40.66126],[-4.56182,40.66329],[-4.56563,40.66583],[-4.56748,40.66594],[-4.57092,40.66517],[-4.57363,40.66312],[-4.57529,40.66297],[-4.57569,40.66228],[-4.5767,40.66322],[-4.57751,40.66159],[-4.57774,40.66258],[-4.57926,40.66291],[-4.58089,40.66254],[-4.58738,40.65842],[-4.58824,40.65819],[-4.58918,40.65859],[-4.58952,40.65661],[-4.58997,40.65603],[-4.59256,40.65481],[-4.59795,40.65327],[-4.59675,40.65221],[-4.59648,40.65261],[-4.59429,40.65156],[-4.59299,40.64861],[-4.59096,40.64518],[-4.58935,40.64388],[-4.58786,40.64119],[-4.58695,40.64035],[-4.58763,40.63906],[-4.59165,40.63749],[-4.59958,40.63834],[-4.60854,40.64031],[-4.60836,40.64261],[-4.61041,40.64583],[-4.61125,40.64661],[-4.61419,40.64801],[-4.61951,40.64697],[-4.61922,40.64398],[-4.61989,40.641],[-4.61941,40.64026],[-4.61979,40.63843],[-4.62035,40.63838],[-4.62202,40.63702],[-4.62118,40.6363],[-4.62139,40.63577],[-4.62046,40.6333],[-4.61962,40.6333],[-4.61841,40.63174],[-4.61913,40.63122],[-4.62078,40.63082],[-4.62147,40.62999],[-4.62323,40.62911],[-4.62457,40.63037],[-4.62367,40.63111],[-4.62726,40.63324],[-4.62837,40.63193],[-4.63001,40.63265],[-4.63126,40.63264],[-4.63157,40.63215],[-4.62857,40.63048],[-4.6284,40.63006],[-4.62884,40.63018],[-4.62953,40.62961],[-4.63045,40.63028],[-4.63122,40.62922],[-4.63068,40.6287],[-4.6296,40.62842],[-4.62947,40.628],[-4.6286,40.62757],[-4.62844,40.62669],[-4.64575,40.63569],[-4.64696,40.63548],[-4.64727,40.63467],[-4.64767,40.63447],[-4.6496,40.63396],[-4.65261,40.63264],[-4.65308,40.63381],[-4.6537,40.63447],[-4.65685,40.63545],[-4.65855,40.63632],[-4.66112,40.63702],[-4.664,40.63822],[-4.66753,40.63881],[-4.66966,40.63998],[-4.67095,40.6388],[-4.67166,40.63879],[-4.6724,40.63843],[-4.67489,40.63408],[-4.6892,40.62855],[-4.68817,40.62526],[-4.68643,40.62471],[-4.68182,40.62554],[-4.67771,40.62422],[-4.67631,40.6222],[-4.67673,40.61968],[-4.6806,40.61219],[-4.68151,40.61277],[-4.68392,40.61349],[-4.6847,40.613],[-4.68385,40.61078],[-4.68497,40.60681],[-4.68463,40.60639],[-4.68164,40.60506],[-4.68398,40.60277],[-4.68385,40.60138],[-4.68806,40.59936],[-4.68565,40.5975],[-4.68713,40.59692],[-4.68693,40.5965],[-4.68763,40.59602],[-4.68854,40.59302],[-4.68781,40.59176],[-4.68679,40.59259],[-4.68436,40.59221],[-4.68388,40.59119],[-4.68519,40.5904],[-4.68902,40.59019],[-4.69138,40.58903],[-4.69132,40.58666],[-4.69032,40.58356],[-4.69115,40.57951],[-4.68776,40.57477],[-4.68673,40.57298],[-4.68629,40.5682],[-4.68642,40.56772],[-4.68896,40.56412],[-4.69416,40.56239],[-4.69369,40.55838],[-4.69453,40.55645],[-4.69323,40.55514],[-4.6912,40.55485],[-4.69005,40.55354],[-4.68836,40.55247],[-4.68741,40.55144],[-4.68603,40.54971],[-4.68589,40.54798],[-4.68389,40.54592],[-4.68025,40.53988],[-4.67931,40.53992],[-4.67629,40.54206],[-4.67608,40.54276],[-4.67427,40.54318],[-4.67277,40.54413],[-4.6677,40.54577],[-4.66092,40.54629],[-4.65729,40.54691],[-4.65345,40.54798],[-4.64509,40.54932],[-4.64308,40.54941],[-4.63808,40.54876],[-4.63462,40.5502],[-4.62927,40.55005],[-4.62675,40.55273],[-4.62522,40.55348],[-4.62284,40.55564],[-4.6178,40.56062],[-4.61648,40.56222],[-4.61324,40.56395],[-4.60995,40.56453],[-4.60212,40.56709],[-4.60171,40.56796],[-4.60176,40.57073],[-4.6029,40.57394],[-4.60138,40.5767],[-4.60054,40.5789],[-4.60064,40.58283],[-4.59673,40.58375],[-4.58856,40.58793],[-4.58678,40.58972],[-4.58476,40.59061],[-4.58384,40.59233],[-4.58232,40.59314],[-4.58037,40.59294],[-4.57939,40.59401],[-4.57927,40.59582],[-4.5784,40.59741],[-4.57921,40.59939],[-4.57917,40.60235],[-4.57695,40.60466],[-4.57463,40.60474],[-4.57107,40.60749],[-4.57025,40.60907],[-4.56868,40.60992],[-4.56385,40.60915],[-4.56237,40.61012],[-4.55926,40.61052],[-4.55213,40.60912],[-4.54426,40.60809],[-4.52924,40.61133],[-4.52397,40.61168],[-4.52023,40.61441],[-4.51938,40.61538],[-4.5148,40.62234],[-4.51396,40.62303],[-4.51292,40.62319],[-4.51247,40.62311]]]}},{"type":"Feature","properties":{"COD_POSTAL":"05400"},"geometry":{"type":"Polygon","coordinates":[[[-5.19297,40.26704],[-5.1957,40.2681],[-5.1992,40.26775],[-5.20236,40.26544],[-5.20469,40.26441],[-5.20757,40.26267],[-5.21061,40.26194],[-5.21407,40.26169],[-5.22148,40.25893],[-5.2227,40.25885],[-5.22445,40.25599],[-5.22518,40.25387],[-5.22778,40.2524],[-5.22851,40.25224],[-5.23128,40.25264],[-5.23541,40.25055],[-5.23849,40.24991],[-5.24106,40.24828],[-5.19066,40.1767],[-5.19362,40.17343],[-5.19408,40.17317],[-5.19392,40.17243],[-5.19293,40.17058],[-5.18954,40.16678],[-5.18851,40.16595],[-5.18833,40.16543],[-5.18995,40.16235],[-5.19174,40.16026],[-5.1925,40.15852],[-5.19393,40.15631],[-5.19418,40.15544],[-5.19338,40.1505],[-5.19388,40.14964],[-5.19352,40.1489],[-5.1936,40.14803],[-5.19324,40.14763],[-5.19359,40.14646],[-5.19365,40.14486],[-5.19332,40.14358],[-5.19249,40.14199],[-5.19313,40.14012],[-5.19415,40.1387],[-5.19432,40.13776],[-5.19376,40.13539],[-5.1931,40.13411],[-5.19275,40.13235],[-5.19382,40.13097],[-5.19346,40.1304],[-5.19273,40.12497],[-5.19118,40.12006],[-5.18749,40.11436],[-5.18503,40.10965],[-5.1815,40.10152],[-5.17957,40.09785],[-5.17973,40.09442],[-5.1819,40.08771],[-5.17368,40.08493],[-5.17162,40.08482],[-5.17041,40.08518],[-5.16693,40.08795],[-5.16491,40.0891],[-5.1625,40.09001],[-5.16055,40.09042],[-5.15895,40.09138],[-5.15686,40.09182],[-5.15635,40.09227],[-5.1547,40.09284],[-5.15357,40.09283],[-5.14917,40.09079],[-5.14513,40.09118],[-5.14409,40.09104],[-5.14141,40.09175],[-5.14019,40.09295],[-5.14007,40.094],[-5.14036,40.09524],[-5.14033,40.09671],[-5.14004,40.09713],[-5.13803,40.09831],[-5.13534,40.09939],[-5.12958,40.10123],[-5.12802,40.10197],[-5.12343,40.1052],[-5.12166,40.10739],[-5.11886,40.10843],[-5.11619,40.11101],[-5.11426,40.11252],[-5.11075,40.11456],[-5.10541,40.11873],[-5.10361,40.12105],[-5.1022,40.12341],[-5.10175,40.12433],[-5.10155,40.12668],[-5.10113,40.12723],[-5.09774,40.12798],[-5.0953,40.1277],[-5.0936,40.12679],[-5.09137,40.12383],[-5.09042,40.12344],[-5.08902,40.12364],[-5.08777,40.12432],[-5.08601,40.12613],[-5.08543,40.12819],[-5.08542,40.13105],[-5.0858,40.13321],[-5.08548,40.13504],[-5.08468,40.13576],[-5.08233,40.13644],[-5.08094,40.13644],[-5.0785,40.13594],[-5.07738,40.13648],[-5.07694,40.13781],[-5.07822,40.13998],[-5.07834,40.14115],[-5.07651,40.1427],[-5.07381,40.14375],[-5.07309,40.14428],[-5.07118,40.14629],[-5.07044,40.14824],[-5.06971,40.14925],[-5.06645,40.15115],[-5.07,40.15509],[-5.0767,40.1865],[-5.07226,40.18919],[-5.06257,40.19596],[-5.05511,40.19671],[-5.0432,40.19987],[-5.04735,40.2029],[-5.05397,40.21396],[-5.05014,40.21717],[-5.05039,40.21844],[-5.04593,40.22373],[-5.04918,40.22697],[-5.05037,40.2285],[-5.05341,40.23395],[-5.05527,40.2389],[-5.05526,40.24001],[-5.05462,40.24278],[-5.05602,40.24592],[-5.05599,40.24637],[-5.05558,40.24676],[-5.06141,40.24827],[-5.07078,40.24825],[-5.07623,40.24751],[-5.07987,40.24527],[-5.08266,40.24161],[-5.08444,40.24018],[-5.08769,40.2369],[-5.09071,40.23455],[-5.09221,40.2342],[-5.09415,40.23461],[-5.10128,40.23387],[-5.10858,40.23461],[-5.11453,40.23371],[-5.11704,40.23386],[-5.11635,40.23189],[-5.11674,40.22909],[-5.11528,40.22613],[-5.11576,40.22424],[-5.11724,40.22077],[-5.11938,40.21917],[-5.11861,40.21504],[-5.1185,40.21275],[-5.11966,40.20795],[-5.12158,40.20498],[-5.12132,40.20275],[-5.11946,40.19929],[-5.11584,40.19725],[-5.1156,40.19117],[-5.11589,40.18778],[-5.11665,40.18614],[-5.1148,40.1804],[-5.11394,40.17604],[-5.10616,40.16607],[-5.10832,40.16341],[-5.10716,40.15883],[-5.10883,40.15444],[-5.11246,40.15291],[-5.11333,40.15197],[-5.11813,40.15292],[-5.12102,40.15396],[-5.12448,40.15671],[-5.12816,40.16199],[-5.13112,40.16309],[-5.13565,40.16681],[-5.13673,40.16735],[-5.13618,40.17103],[-5.13823,40.17344],[-5.13732,40.17699],[-5.13793,40.18167],[-5.13576,40.18489],[-5.13231,40.18631],[-5.13333,40.18912],[-5.1335,40.19382],[-5.13647,40.19526],[-5.14085,40.19681],[-5.14153,40.19956],[-5.14366,40.20132],[-5.14789,40.206],[-5.14975,40.20719],[-5.15349,40.21057],[-5.1544,40.21365],[-5.16232,40.21863],[-5.16539,40.21927],[-5.16735,40.22032],[-5.16838,40.22062],[-5.16965,40.22166],[-5.17146,40.22414],[-5.17493,40.22658],[-5.17662,40.22719],[-5.17801,40.22728],[-5.18111,40.22852],[-5.18682,40.22901],[-5.18958,40.23006],[-5.18937,40.2316],[-5.18952,40.23427],[-5.19084,40.2365],[-5.19121,40.23785],[-5.18918,40.24229],[-5.18876,40.24567],[-5.18606,40.24916],[-5.1858,40.25043],[-5.18475,40.25192],[-5.18463,40.25435],[-5.18428,40.25571],[-5.18251,40.26],[-5.18349,40.26141],[-5.18847,40.26352],[-5.19292,40.26703],[-5.19297,40.26704]],[[-5.17234,40.16467],[-5.17291,40.1668],[-5.17307,40.16853],[-5.17459,40.17153],[-5.17497,40.17365],[-5.17198,40.17674],[-5.16796,40.17865],[-5.15916,40.18033],[-5.15678,40.18009],[-5.15239,40.17803],[-5.15127,40.17694],[-5.15025,40.17722],[-5.14825,40.17593],[-5.14691,40.17449],[-5.14977,40.17211],[-5.15242,40.16888],[-5.15454,40.16802],[-5.15656,40.16422],[-5.15863,40.16099],[-5.15957,40.16142],[-5.165,40.16085],[-5.17234,40.16467]]]}}]}