{"type":"FeatureCollection","features":[{"type":"Feature","properties":{"COD_POSTAL":"35015"},"geometry":{"type":"Polygon","coordinates":[[[-15.42192,28.09888],[-15.42659,28.10102],[-15.43172,28.0992],[-15.43465,28.09484],[-15.43827,28.09103],[-15.44413,28.08841],[-15.44728,28.08402],[-15.44622,28.08302],[-15.44761,28.08128],[-15.44545,28.08121],[-15.44486,28.08162],[-15.44075,28.08037],[-15.43497,28.08129],[-15.43312,28.0771],[-15.42754,28.08048],[-15.42339,28.08225],[-15.42133,28.08468],[-15.42106,28.08546],[-15.42022,28.0866],[-15.41804,28.09475],[-15.4183,28.09511],[-15.41802,28.09598],[-15.41833,28.09645],[-15.41789,28.09668],[-15.41811,28.09689],[-15.41753,28.09867],[-15.41791,28.09922],[-15.41933,28.09864],[-15.42049,28.09848],[-15.42068,28.09866],[-15.4218,28.09856],[-15.42188,28.09889],[-15.42192,28.09888]]]}},{"type":"Feature","properties":{"COD_POSTAL":"35430"},"geometry":{"type":"Polygon","coordinates":[[[-15.56243,28.10813],[-15.56363,28.10944],[-15.56913,28.10866],[-15.57104,28.10887],[-15.57054,28.10771],[-15.57095,28.10734],[-15.5721,28.10714],[-15.57227,28.10623],[-15.57298,28.10546],[-15.57299,28.10404],[-15.57349,28.10322],[-15.57323,28.10199],[-15.57364,28.10146],[-15.57399,28.09948],[-15.57484,28.09893],[-15.57423,28.09855],[-15.57439,28.09741],[-15.57283,28.09689],[-15.57177,28.09766],[-15.57151,28.09753],[-15.57123,28.09675],[-15.57202,28.09602],[-15.57317,28.09606],[-15.57385,28.09567],[-15.57362,28.09501],[-15.57249,28.09468],[-15.57162,28.09398],[-15.57179,28.09363],[-15.5738,28.09207],[-15.56889,28.0934],[-15.56256,28.10101],[-15.56285,28.10292],[-15.56165,28.10504],[-15.56243,28.10813]]]}},{"type":"Feature","properties":{"COD_POSTAL":"35118"},"geometry":{"type":"Polygon","coordinates":[[[-15.44127,27.88866],[-15.44883,27.89299],[-15.46015,27.89163],[-15.46767,27.90099],[-15.48256,27.90503],[-15.5018,27.8776],[-15.50132,27.87653],[-15.49995,27.87681],[-15.49913,27.87632],[-15.49832,27.87629],[-15.49822,27.87581],[-15.4978,27.87542],[-15.49658,27.87509],[-15.49592,27.87408],[-15.49506,27.87349],[-15.49427,27.87328],[-15.49174,27.87358],[-15.49103,27.87407],[-15.48991,27.87371],[-15.48793,27.87438],[-15.48689,27.87368],[-15.4863,27.87289],[-15.48401,27.87289],[-15.48294,27.87216],[-15.48158,27.87167],[-15.47988,27.87205],[-15.47927,27.87246],[-15.47861,27.87237],[-15.47711,27.87315],[-15.47586,27.87318],[-15.47475,27.87265],[-15.47428,27.87202],[-15.4735,27.87171],[-15.47212,27.87008],[-15.46959,27.86882],[-15.46884,27.86872],[-15.46726,27.86916],[-15.46655,27.86902],[-15.46457,27.87007],[-15.46052,27.86921],[-15.45707,27.86954],[-15.45546,27.86939],[-15.4531,27.86857],[-15.45215,27.86793],[-15.45063,27.86595],[-15.44905,27.86505],[-15.44777,27.86504],[-15.44705,27.86433],[-15.44516,27.86434],[-15.44444,27.86387],[-15.4409,27.86296],[-15.44037,27.86296],[-15.43953,27.86349],[-15.43725,27.86339],[-15.4353,27.86272],[-15.43315,27.86279],[-15.42991,27.86232],[-15.42598,27.8602],[-15.42664,27.8581],[-15.42651,27.85778],[-15.42174,27.85775],[-15.41994,27.85714],[-15.41798,27.85781],[-15.4128,27.85481],[-15.41207,27.85353],[-15.41051,27.8528],[-15.40943,27.85191],[-15.40885,27.85107],[-15.40836,27.84991],[-15.40833,27.84859],[-15.40839,27.8482],[-15.40916,27.84805],[-15.40892,27.84792],[-15.40799,27.84788],[-15.40684,27.84819],[-15.40628,27.84802],[-15.40481,27.84909],[-15.40369,27.8491],[-15.40219,27.85049],[-15.40162,27.85176],[-15.39916,27.85422],[-15.39891,27.85464],[-15.39908,27.85492],[-15.39874,27.85603],[-15.39799,27.85671],[-15.39517,27.85674],[-15.3942,27.85589],[-15.39402,27.85548],[-15.39422,27.85499],[-15.39394,27.85533],[-15.39234,27.8553],[-15.39217,27.85569],[-15.39171,27.85587],[-15.39098,27.85514],[-15.38995,27.85503],[-15.38756,27.85747],[-15.38684,27.85767],[-15.38582,27.85728],[-15.3854,27.85752],[-15.38577,27.85854],[-15.3864,27.85922],[-15.38626,27.85991],[-15.38688,27.86073],[-15.38619,27.86117],[-15.38597,27.8617],[-15.38433,27.86197],[-15.38387,27.86237],[-15.38381,27.86261],[-15.38436,27.86317],[-15.38389,27.86397],[-15.38408,27.86473],[-15.3853,27.86522],[-15.38685,27.86657],[-15.38667,27.86729],[-15.38592,27.86811],[-15.38613,27.8685],[-15.38583,27.86907],[-15.38671,27.87004],[-15.38617,27.87103],[-15.38552,27.87143],[-15.38365,27.87085],[-15.39791,27.87922],[-15.40551,27.88133],[-15.39547,27.89056],[-15.39891,27.8935],[-15.4122,27.88579],[-15.42493,27.88888],[-15.43347,27.88876],[-15.44127,27.88866]]]}},{"type":"Feature","properties":{"COD_POSTAL":"35543"},"geometry":{"type":"Polygon","coordinates":[[[-13.4579,29.10993],[-13.45817,29.11009],[-13.47286,29.10719],[-13.48389,29.09359],[-13.48176,29.09229],[-13.46785,29.08649],[-13.46462,29.08477],[-13.45519,29.08264],[-13.45156,29.08137],[-13.45149,29.08184],[-13.45119,29.08183],[-13.45136,29.08208],[-13.45082,29.08226],[-13.45098,29.08252],[-13.45061,29.08283],[-13.45064,29.08311],[-13.45003,29.08371],[-13.44931,29.08374],[-13.44972,29.08398],[-13.44949,29.08397],[-13.4491,29.0848],[-13.44918,29.08517],[-13.4487,29.08519],[-13.44871,29.08567],[-13.44833,29.08591],[-13.44872,29.08602],[-13.44844,29.08619],[-13.44843,29.08695],[-13.44821,29.08703],[-13.44753,29.08907],[-13.44777,29.09034],[-13.44741,29.09155],[-13.44783,29.09192],[-13.4477,29.09216],[-13.448,29.09228],[-13.44799,29.09307],[-13.44829,29.09319],[-13.44793,29.09427],[-13.44856,29.09478],[-13.44837,29.09512],[-13.44861,29.09517],[-13.44826,29.09545],[-13.44845,29.09541],[-13.44839,29.09558],[-13.44895,29.09523],[-13.44904,29.09554],[-13.44871,29.09558],[-13.44875,29.09574],[-13.44918,29.09573],[-13.44965,29.09626],[-13.44947,29.09676],[-13.44902,29.097],[-13.44918,29.09733],[-13.4489,29.09889],[-13.44923,29.09987],[-13.44893,29.10018],[-13.4492,29.10044],[-13.44871,29.10079],[-13.44928,29.10084],[-13.44928,29.10111],[-13.44997,29.10183],[-13.44989,29.10205],[-13.45015,29.10189],[-13.45087,29.1025],[-13.45122,29.10241],[-13.45147,29.10272],[-13.45207,29.10261],[-13.453,29.10317],[-13.4536,29.10318],[-13.45383,29.10288],[-13.45376,29.10341],[-13.45435,29.10356],[-13.45454,29.104],[-13.45505,29.10388],[-13.45509,29.10419],[-13.45567,29.10406],[-13.45557,29.10457],[-13.45515,29.10497],[-13.45554,29.10522],[-13.45504,29.10534],[-13.45503,29.10557],[-13.45546,29.1059],[-13.4553,29.10634],[-13.45491,29.10631],[-13.45524,29.10647],[-13.45494,29.10659],[-13.45495,29.1077],[-13.45532,29.1078],[-13.45569,29.10758],[-13.45577,29.10774],[-13.45585,29.10755],[-13.45587,29.10774],[-13.45654,29.10783],[-13.45708,29.10864],[-13.45765,29.10874],[-13.45785,29.1092],[-13.45818,29.10913],[-13.45756,29.1096],[-13.45753,29.10993],[-13.45787,29.10992],[-13.4579,29.10993]]]}},{"type":"Feature","properties":{"COD_POSTAL":"35329"},"geometry":{"type":"Polygon","coordinates":[[[-15.51841,28.01414],[-15.52142,28.01697],[-15.52283,28.01778],[-15.52425,28.01992],[-15.52638,28.02115],[-15.52672,28.02207],[-15.5378,28.01968],[-15.54504,28.01713],[-15.56588,28.00755],[-15.56657,28.00182],[-15.56627,27.99919],[-15.57779,27.99538],[-15.59315,27.98926],[-15.59334,27.98799],[-15.59262,27.98677],[-15.59241,27.98522],[-15.59124,27.98499],[-15.59079,27.98462],[-15.59035,27.98363],[-15.58946,27.98302],[-15.58667,27.98213],[-15.58005,27.97295],[-15.57785,27.96931],[-15.57392,27.96509],[-15.57177,27.96207],[-15.57014,27.96152],[-15.56602,27.96075],[-15.56231,27.96105],[-15.56072,27.96003],[-15.56033,27.95936],[-15.55807,27.95802],[-15.55434,27.95419],[-15.55138,27.96053],[-15.54993,27.96687],[-15.54987,27.96909],[-15.55028,27.97196],[-15.54893,27.97473],[-15.54958,27.97794],[-15.54945,27.97876],[-15.54971,27.98126],[-15.54937,27.98214],[-15.5501,27.98426],[-15.54914,27.98761],[-15.54822,27.98906],[-15.54671,27.99059],[-15.54573,27.99224],[-15.54417,27.9934],[-15.54225,27.99417],[-15.54142,27.99502],[-15.5407,27.99521],[-15.53987,27.99657],[-15.53858,27.99712],[-15.53813,27.99776],[-15.53578,27.99861],[-15.53117,27.9984],[-15.53077,27.99868],[-15.53037,27.99952],[-15.52958,28.0],[-15.52869,28.00003],[-15.52767,28.00147],[-15.52657,28.00218],[-15.52336,28.00141],[-15.52095,28.00226],[-15.51897,28.0022],[-15.5177,28.00274],[-15.51625,28.00399],[-15.51454,28.00466],[-15.51384,28.00605],[-15.51384,28.0069],[-15.51328,28.00753],[-15.51537,28.00903],[-15.51826,28.01388],[-15.51841,28.01414]],[[-15.53703,28.00715],[-15.53935,28.00701],[-15.54074,28.00799],[-15.54332,28.00717],[-15.54352,28.00864],[-15.53737,28.01043],[-15.53279,28.01341],[-15.52962,28.01324],[-15.52766,28.01194],[-15.52955,28.00864],[-15.52992,28.00671],[-15.5337,28.00504],[-15.53414,28.00704],[-15.53703,28.00715]]]}},{"type":"Feature","properties":{"COD_POSTAL":"35219"},"geometry":{"type":"Polygon","coordinates":[[[-15.3824,27.92936],[-15.38009,27.93107],[-15.37828,27.93362],[-15.37758,27.93414],[-15.3749,27.93546],[-15.37278,27.93587],[-15.37155,27.93509],[-15.37096,27.93427],[-15.36957,27.93305],[-15.36792,27.93236],[-15.3674,27.9319],[-15.36463,27.93113],[-15.36197,27.92976],[-15.36165,27.92851],[-15.36169,27.92903],[-15.36143,27.92938],[-15.3602,27.92951],[-15.35963,27.9292],[-15.35944,27.92985],[-15.35877,27.93057],[-15.3586,27.93123],[-15.35896,27.93214],[-15.35986,27.93266],[-15.35895,27.93408],[-15.35906,27.93452],[-15.36062,27.93566],[-15.3611,27.93629],[-15.36114,27.93681],[-15.36223,27.93716],[-15.36283,27.9378],[-15.36428,27.93851],[-15.36629,27.93896],[-15.36815,27.93857],[-15.3695,27.93963],[-15.3697,27.94024],[-15.36903,27.94099],[-15.3695,27.94223],[-15.36852,27.94315],[-15.3685,27.94376],[-15.36823,27.94409],[-15.36835,27.94449],[-15.36943,27.94504],[-15.37005,27.94435],[-15.37132,27.94363],[-15.37143,27.94427],[-15.37203,27.94444],[-15.37216,27.94496],[-15.37284,27.9451],[-15.37345,27.94487],[-15.37379,27.94515],[-15.37494,27.94524],[-15.37504,27.94579],[-15.37444,27.94594],[-15.37423,27.94665],[-15.37452,27.94659],[-15.3749,27.94693],[-15.37618,27.94659],[-15.37674,27.94688],[-15.378,27.94639],[-15.37958,27.94749],[-15.3801,27.94811],[-15.3811,27.95043],[-15.38098,27.95146],[-15.37956,27.95168],[-15.37915,27.95194],[-15.37931,27.95205],[-15.37873,27.95297],[-15.37729,27.95342],[-15.37715,27.95371],[-15.37724,27.954],[-15.37778,27.95424],[-15.37756,27.95511],[-15.37776,27.95487],[-15.37795,27.95536],[-15.37766,27.95561],[-15.37834,27.9556],[-15.38045,27.95653],[-15.38057,27.95699],[-15.38105,27.95716],[-15.38102,27.95733],[-15.38173,27.95743],[-15.38187,27.95774],[-15.38083,27.95875],[-15.38051,27.9597],[-15.38023,27.95973],[-15.38072,27.96178],[-15.38022,27.96241],[-15.37977,27.96254],[-15.37847,27.96173],[-15.37834,27.9623],[-15.37808,27.96233],[-15.37827,27.9627],[-15.37809,27.96295],[-15.3789,27.96458],[-15.3804,27.96549],[-15.38141,27.96486],[-15.38145,27.96388],[-15.38229,27.96376],[-15.38287,27.96461],[-15.38271,27.96518],[-15.3829,27.9654],[-15.38285,27.96692],[-15.38423,27.96706],[-15.38445,27.96767],[-15.38268,27.96968],[-15.38281,27.9702],[-15.38236,27.97081],[-15.38365,27.97253],[-15.38319,27.97324],[-15.38098,27.9746],[-15.38172,27.9751],[-15.38142,27.97603],[-15.37904,27.97627],[-15.37786,27.97671],[-15.37694,27.97515],[-15.37651,27.97532],[-15.3771,27.97666],[-15.37584,27.9777],[-15.37574,27.97889],[-15.38094,27.98113],[-15.38639,27.98122],[-15.39159,27.97984],[-15.39293,27.97891],[-15.3951,27.97853],[-15.39525,27.97694],[-15.4014,27.9666],[-15.40338,27.96357],[-15.40604,27.96109],[-15.40765,27.95417],[-15.40704,27.95073],[-15.40822,27.94076],[-15.40583,27.94136],[-15.40283,27.94115],[-15.40163,27.94046],[-15.39951,27.93998],[-15.39733,27.93894],[-15.39156,27.93854],[-15.38973,27.94283],[-15.38459,27.94104],[-15.38275,27.94611],[-15.37741,27.94362],[-15.38306,27.93091],[-15.3824,27.92936]]]}},{"type":"Feature","properties":{"COD_POSTAL":"35638"},"geometry":{"type":"Polygon","coordinates":[[[-13.97732,28.3962],[-14.01394,28.39719],[-14.04782,28.40185],[-14.04895,28.40049],[-14.04982,28.40015],[-14.05041,28.39959],[-14.05079,28.39777],[-14.05188,28.39639],[-14.0523,28.39533],[-14.05371,28.3932],[-14.05596,28.39217],[-14.05719,28.3911],[-14.05722,28.38999],[-14.05804,28.38892],[-14.05815,28.38675],[-14.05959,28.38429],[-14.0601,28.38178],[-14.05979,28.38052],[-14.05969,28.37746],[-14.06271,28.37561],[-14.06351,28.37342],[-14.06332,28.37254],[-14.06456,28.36606],[-14.0639,28.35902],[-14.06168,28.35633],[-14.05921,28.35603],[-14.05877,28.35575],[-14.05853,28.3554],[-14.05877,28.35389],[-14.05823,28.35184],[-14.05876,28.35138],[-14.06162,28.35005],[-14.062,28.34951],[-14.06248,28.34787],[-14.06366,28.34592],[-14.06585,28.34513],[-14.06734,28.34394],[-14.03671,28.33248],[-14.0129,28.32772],[-13.97982,28.33274],[-13.9662,28.31472],[-13.9313,28.26639],[-13.91952,28.25151],[-13.91745,28.25196],[-13.91739,28.25238],[-13.9186,28.25336],[-13.91868,28.25442],[-13.9183,28.25514],[-13.91629,28.25605],[-13.91963,28.25901],[-13.93247,28.35988],[-13.97732,28.3962]]]}},{"type":"Feature","properties":{"COD_POSTAL":"35218"},"geometry":{"type":"Polygon","coordinates":[[[-15.46024,28.02418],[-15.46081,28.02427],[-15.4619,28.02361],[-15.4637,28.02378],[-15.46562,28.02281],[-15.46601,28.02292],[-15.4668,28.0237],[-15.46834,28.02362],[-15.47033,28.02234],[-15.47091,28.02278],[-15.47208,28.02265],[-15.47303,28.02148],[-15.474,28.02264],[-15.4754,28.02226],[-15.47645,28.02281],[-15.477,28.02221],[-15.47732,28.02256],[-15.4783,28.02264],[-15.4791,28.02319],[-15.48094,28.02321],[-15.48191,28.02248],[-15.48346,28.02271],[-15.48485,28.02245],[-15.48631,28.02145],[-15.4868,28.0192],[-15.48778,28.01882],[-15.48781,28.01818],[-15.48814,28.01796],[-15.48833,28.01727],[-15.48942,28.01715],[-15.48931,28.01653],[-15.48954,28.01616],[-15.49024,28.01609],[-15.49043,28.01651],[-15.49078,28.01662],[-15.49145,28.01606],[-15.49197,28.01636],[-15.49298,28.01594],[-15.49406,28.01652],[-15.49482,28.01582],[-15.49631,28.01577],[-15.49698,28.01509],[-15.49791,28.01511],[-15.49828,28.01424],[-15.49932,28.0147],[-15.4995,28.01395],[-15.50036,28.01457],[-15.50073,28.01416],[-15.49967,28.0134],[-15.49611,28.01344],[-15.49208,28.01276],[-15.49019,28.01283],[-15.48985,28.01099],[-15.48939,28.01024],[-15.48725,28.00951],[-15.48594,28.00873],[-15.48425,28.00876],[-15.48359,28.00942],[-15.48267,28.00922],[-15.48044,28.00963],[-15.47896,28.00928],[-15.47811,28.00957],[-15.47747,28.00947],[-15.47643,28.01023],[-15.47542,28.01003],[-15.47276,28.01066],[-15.47176,28.01047],[-15.47074,28.01062],[-15.46781,28.01015],[-15.46679,28.00956],[-15.46525,28.00923],[-15.46456,28.00835],[-15.46173,28.00696],[-15.46117,28.00636],[-15.46091,28.00557],[-15.42947,28.00546],[-15.42436,28.0039],[-15.42137,28.00504],[-15.41855,28.00492],[-15.41692,28.00622],[-15.41654,28.00831],[-15.41715,28.01021],[-15.41663,28.0113],[-15.41357,28.01362],[-15.41126,28.01462],[-15.40647,28.0141],[-15.40086,28.01448],[-15.39815,28.01838],[-15.40067,28.02028],[-15.41174,28.02051],[-15.41582,28.02009],[-15.41981,28.01909],[-15.42438,28.02066],[-15.43398,28.01809],[-15.44757,28.0174],[-15.45509,28.02122],[-15.46016,28.02417],[-15.46024,28.02418]]]}},{"type":"Feature","properties":{"COD_POSTAL":"35002"},"geometry":{"type":"Polygon","coordinates":[[[-15.42617,28.11228],[-15.42669,28.11283],[-15.42712,28.11271],[-15.42506,28.11067],[-15.42183,28.10822],[-15.41991,28.10535],[-15.42007,28.10502],[-15.41968,28.10487],[-15.41851,28.10283],[-15.41858,28.10243],[-15.41831,28.10243],[-15.41815,28.10195],[-15.41943,28.10066],[-15.41897,28.10001],[-15.41219,28.10405],[-15.41476,28.10964],[-15.41622,28.10943],[-15.42094,28.10742],[-15.42168,28.10853],[-15.42534,28.11159],[-15.42617,28.11228]]]}},{"type":"Feature","properties":{"COD_POSTAL":"35016"},"geometry":{"type":"Polygon","coordinates":[[[-15.41802,28.09598],[-15.4183,28.09511],[-15.41804,28.09475],[-15.41866,28.09213],[-15.42022,28.0866],[-15.42106,28.08546],[-15.42133,28.08468],[-15.42339,28.08225],[-15.42754,28.08048],[-15.43312,28.0771],[-15.43275,28.07627],[-15.43473,28.06331],[-15.43473,28.0625],[-15.43331,28.05918],[-15.43055,28.0586],[-15.42486,28.06029],[-15.41977,28.06245],[-15.41963,28.06296],[-15.41909,28.06317],[-15.41799,28.06479],[-15.4187,28.06547],[-15.41847,28.06593],[-15.41822,28.06586],[-15.41825,28.06626],[-15.41693,28.06763],[-15.4175,28.0696],[-15.41697,28.07034],[-15.41716,28.07092],[-15.41628,28.07215],[-15.41529,28.07265],[-15.41495,28.07319],[-15.4148,28.07397],[-15.41447,28.07417],[-15.41472,28.07509],[-15.41447,28.07555],[-15.41456,28.0761],[-15.41409,28.07599],[-15.41369,28.0762],[-15.4136,28.07549],[-15.4133,28.07552],[-15.41349,28.0767],[-15.41419,28.07697],[-15.4152,28.0787],[-15.41584,28.08129],[-15.41564,28.08238],[-15.4162,28.08295],[-15.41645,28.084],[-15.41565,28.08759],[-15.41437,28.08912],[-15.41235,28.09085],[-15.41252,28.093],[-15.41173,28.09591],[-15.41267,28.09595],[-15.41325,28.09561],[-15.41433,28.09558],[-15.41713,28.09591],[-15.41802,28.09598]]]}},{"type":"Feature","properties":{"COD_POSTAL":"35369"},"geometry":{"type":"Polygon","coordinates":[[[-15.59029,27.95334],[-15.5924,27.95495],[-15.59347,27.95498],[-15.59576,27.95731],[-15.59677,27.95783],[-15.59907,27.95835],[-15.59949,27.9587],[-15.59949,27.95931],[-15.5986,27.96066],[-15.59823,27.96302],[-15.59884,27.9644],[-15.5994,27.965],[-15.60099,27.96595],[-15.60218,27.96567],[-15.60355,27.96441],[-15.60829,27.95941],[-15.609,27.9583],[-15.6091,27.95755],[-15.60973,27.95739],[-15.61324,27.97441],[-15.58898,27.98285],[-15.59035,27.98363],[-15.59079,27.98462],[-15.59124,27.98499],[-15.59241,27.98522],[-15.59262,27.98677],[-15.59334,27.98799],[-15.59331,27.98899],[-15.59237,27.99086],[-15.5932,27.99171],[-15.59382,27.99288],[-15.5956,27.99397],[-15.59572,27.99554],[-15.59632,27.99622],[-15.59673,27.998],[-15.59618,27.99916],[-15.59615,27.99993],[-15.61168,27.98591],[-15.61348,27.98716],[-15.6148,27.98918],[-15.6165,27.99439],[-15.6173,27.99425],[-15.61813,27.99657],[-15.61553,27.99751],[-15.61327,27.99919],[-15.612,27.99897],[-15.60947,28.00208],[-15.59908,28.00443],[-15.59933,28.00456],[-15.59964,28.00547],[-15.60002,28.01154],[-15.60043,28.01211],[-15.60094,28.01381],[-15.60181,28.01491],[-15.6028,28.01523],[-15.60324,28.01617],[-15.60432,28.01698],[-15.60526,28.01692],[-15.60603,28.0174],[-15.60713,28.01741],[-15.60763,28.0179],[-15.6105,28.018],[-15.61087,28.01846],[-15.61227,28.0193],[-15.61289,28.01927],[-15.61374,28.01872],[-15.61356,28.01744],[-15.61597,28.01652],[-15.61733,28.01635],[-15.61817,28.01704],[-15.61854,28.01677],[-15.6204,28.01692],[-15.62111,28.01712],[-15.62188,28.01778],[-15.6224,28.01769],[-15.6244,28.01578],[-15.62673,28.01284],[-15.62861,28.01126],[-15.63082,28.01047],[-15.63208,28.00954],[-15.6334,28.00922],[-15.63361,28.00827],[-15.63569,28.00659],[-15.63601,28.0059],[-15.63788,28.00479],[-15.63793,28.00411],[-15.63834,28.00369],[-15.64011,28.00348],[-15.64105,28.00384],[-15.62943,27.98321],[-15.64029,27.96915],[-15.62499,27.94864],[-15.62594,27.9487],[-15.62647,27.94842],[-15.62793,27.94932],[-15.62858,27.94903],[-15.62968,27.94757],[-15.62969,27.9471],[-15.63091,27.9463],[-15.631,27.94587],[-15.63046,27.94557],[-15.63041,27.94527],[-15.63107,27.9447],[-15.63129,27.94362],[-15.63119,27.94236],[-15.63223,27.94121],[-15.63099,27.94063],[-15.59574,27.94676],[-15.59029,27.95334]]]}},{"type":"Feature","properties":{"COD_POSTAL":"35349"},"geometry":{"type":"Polygon","coordinates":[[[-15.56882,28.04795],[-15.5675,28.04822],[-15.56738,28.04906],[-15.56646,28.04871],[-15.56862,28.05104],[-15.56854,28.05182],[-15.5676,28.05243],[-15.56737,28.05544],[-15.56694,28.05646],[-15.56708,28.05697],[-15.56682,28.05776],[-15.56581,28.05981],[-15.56431,28.06112],[-15.56253,28.06218],[-15.56242,28.06363],[-15.56208,28.06442],[-15.56049,28.06586],[-15.56032,28.0674],[-15.55909,28.06923],[-15.5575,28.07354],[-15.55616,28.07471],[-15.55661,28.07686],[-15.55618,28.07828],[-15.5576,28.07861],[-15.56208,28.07793],[-15.56336,28.07814],[-15.56974,28.07746],[-15.57133,28.07742],[-15.57254,28.07773],[-15.5737,28.07722],[-15.5748,28.07719],[-15.57538,28.07674],[-15.57588,28.07723],[-15.57755,28.07734],[-15.5784,28.07714],[-15.5789,28.07635],[-15.57997,28.07604],[-15.58077,28.07549],[-15.58153,28.07575],[-15.58257,28.07556],[-15.58368,28.07581],[-15.58461,28.07472],[-15.58509,28.07329],[-15.58709,28.07228],[-15.58816,28.07108],[-15.58854,28.07015],[-15.59035,28.06948],[-15.59099,28.06832],[-15.59237,28.06738],[-15.59259,28.06663],[-15.59222,28.06602],[-15.59134,28.06586],[-15.59079,28.06619],[-15.58976,28.06626],[-15.58887,28.06679],[-15.58893,28.06536],[-15.58971,28.0644],[-15.58997,28.06289],[-15.59139,28.06126],[-15.59143,28.06002],[-15.59271,28.05844],[-15.59228,28.05738],[-15.59289,28.05719],[-15.59462,28.05722],[-15.59532,28.05661],[-15.59559,28.05503],[-15.59509,28.05422],[-15.59546,28.05363],[-15.5954,28.05308],[-15.59606,28.05233],[-15.59646,28.05078],[-15.59727,28.05007],[-15.59736,28.04931],[-15.59817,28.04814],[-15.59793,28.04694],[-15.59718,28.0454],[-15.59819,28.04486],[-15.5987,28.04409],[-15.59834,28.04195],[-15.5992,28.04015],[-15.60034,28.03888],[-15.60191,28.03828],[-15.60276,28.03747],[-15.60572,28.03592],[-15.60613,28.03546],[-15.60688,28.03402],[-15.60714,28.03237],[-15.60783,28.03081],[-15.60881,28.02974],[-15.61052,28.02658],[-15.61131,28.02351],[-15.61221,28.02216],[-15.61374,28.01872],[-15.61289,28.01927],[-15.61227,28.0193],[-15.61087,28.01846],[-15.6105,28.018],[-15.60763,28.0179],[-15.60719,28.01743],[-15.60603,28.0174],[-15.60526,28.01692],[-15.60447,28.01703],[-15.60385,28.01664],[-15.59549,28.03052],[-15.58709,28.04213],[-15.58561,28.04539],[-15.58352,28.04726],[-15.57991,28.04877],[-15.57589,28.05321],[-15.57276,28.05379],[-15.57223,28.05335],[-15.5717,28.04986],[-15.56885,28.04795],[-15.56882,28.04795]]]}},{"type":"Feature","properties":{"COD_POSTAL":"35507"},"geometry":{"type":"Polygon","coordinates":[[[-13.52704,29.02936],[-13.53641,29.03438],[-13.57927,29.02346],[-13.58419,29.02308],[-13.58721,29.00919],[-13.58622,29.00748],[-13.58521,29.00338],[-13.57712,29.00287],[-13.5761,29.0022],[-13.5748,29.00277],[-13.57381,29.00371],[-13.57087,29.00443],[-13.5676,29.00558],[-13.56182,29.00539],[-13.55658,29.00633],[-13.55679,29.00404],[-13.55393,29.00324],[-13.55202,29.0041],[-13.55157,29.00405],[-13.55167,29.00216],[-13.55437,28.99785],[-13.55446,28.99707],[-13.55387,28.99326],[-13.55312,28.99167],[-13.55235,28.99118],[-13.55216,28.99066],[-13.55268,28.98915],[-13.5518,28.98917],[-13.55021,28.98571],[-13.54983,28.98525],[-13.54866,28.98484],[-13.54713,28.98276],[-13.54287,28.98231],[-13.524,28.98159],[-13.5298,28.99011],[-13.53686,29.00354],[-13.50248,29.02191],[-13.52704,29.02936]]]}},{"type":"Feature","properties":{"COD_POSTAL":"35220"},"geometry":{"type":"Polygon","coordinates":[[[-15.40099,28.02868],[-15.40618,28.03132],[-15.40699,28.0329],[-15.41243,28.03553],[-15.41394,28.03297],[-15.41668,28.03431],[-15.41675,28.03694],[-15.41708,28.0375],[-15.41778,28.0381],[-15.4194,28.0381],[-15.42104,28.03884],[-15.42256,28.03816],[-15.4237,28.03836],[-15.42503,28.03754],[-15.42584,28.03759],[-15.42607,28.03706],[-15.42726,28.03683],[-15.42763,28.03608],[-15.42848,28.03591],[-15.42935,28.03518],[-15.43144,28.03467],[-15.43432,28.03498],[-15.43661,28.03341],[-15.43743,28.03314],[-15.43829,28.03317],[-15.43913,28.03351],[-15.44028,28.03216],[-15.44097,28.03191],[-15.44116,28.03144],[-15.44238,28.03147],[-15.44328,28.03083],[-15.44352,28.02989],[-15.44437,28.02884],[-15.44444,28.02759],[-15.44678,28.02728],[-15.44705,28.02594],[-15.4485,28.02564],[-15.4494,28.025],[-15.4512,28.02537],[-15.45204,28.02469],[-15.45265,28.02525],[-15.45518,28.02443],[-15.4572,28.02548],[-15.45732,28.02506],[-15.45855,28.02409],[-15.45933,28.02441],[-15.46016,28.02417],[-15.45509,28.02122],[-15.44757,28.0174],[-15.43398,28.01809],[-15.42438,28.02066],[-15.41981,28.01909],[-15.41582,28.02009],[-15.41174,28.02051],[-15.40067,28.02028],[-15.39925,28.01921],[-15.39646,28.01921],[-15.39244,28.02434],[-15.3905,28.02879],[-15.39211,28.02958],[-15.3926,28.03025],[-15.39259,28.03049],[-15.39234,28.03042],[-15.39261,28.03077],[-15.39422,28.03092],[-15.39593,28.03187],[-15.40078,28.02884],[-15.40099,28.02868]]]}},{"type":"Feature","properties":{"COD_POSTAL":"35333"},"geometry":{"type":"Polygon","coordinates":[[[-15.54859,28.04031],[-15.55067,28.04174],[-15.55377,28.04309],[-15.55534,28.04324],[-15.55684,28.04276],[-15.55833,28.04167],[-15.55771,28.04068],[-15.55603,28.04024],[-15.55578,28.03966],[-15.55497,28.03969],[-15.5534,28.03918],[-15.55191,28.03812],[-15.55271,28.03791],[-15.55315,28.03696],[-15.55388,28.03645],[-15.55344,28.03557],[-15.55289,28.03528],[-15.5526,28.03466],[-15.55231,28.03342],[-15.55282,28.0332],[-15.55245,28.0321],[-15.55176,28.03174],[-15.55023,28.03203],[-15.54975,28.03118],[-15.54661,28.03164],[-15.54589,28.03239],[-15.5442,28.03306],[-15.54409,28.03391],[-15.54252,28.03431],[-15.54203,28.03508],[-15.54082,28.03593],[-15.54045,28.03653],[-15.54315,28.03754],[-15.54508,28.03867],[-15.54687,28.03922],[-15.54738,28.03999],[-15.54859,28.04031]]]}},{"type":"Feature","properties":{"COD_POSTAL":"35458"},"geometry":{"type":"Polygon","coordinates":[[[-15.58588,28.10895],[-15.5865,28.11049],[-15.58692,28.1109],[-15.5869,28.11139],[-15.58727,28.11197],[-15.58722,28.11267],[-15.58806,28.11297],[-15.58868,28.11367],[-15.58947,28.11407],[-15.58937,28.11468],[-15.58974,28.1158],[-15.59066,28.11713],[-15.59088,28.11906],[-15.58965,28.12027],[-15.58975,28.12126],[-15.59002,28.12165],[-15.58959,28.12238],[-15.58946,28.12475],[-15.58981,28.12634],[-15.58936,28.12703],[-15.59017,28.12831],[-15.58959,28.12933],[-15.58969,28.12982],[-15.5904,28.12994],[-15.5911,28.13102],[-15.60855,28.13543],[-15.6091,28.14807],[-15.61029,28.14731],[-15.61071,28.14726],[-15.61092,28.14759],[-15.61147,28.14764],[-15.61203,28.14692],[-15.61232,28.14734],[-15.61242,28.14699],[-15.61271,28.14696],[-15.61334,28.14775],[-15.61389,28.14762],[-15.61385,28.14796],[-15.61432,28.14823],[-15.61639,28.15154],[-15.61658,28.15243],[-15.61693,28.15278],[-15.61751,28.15428],[-15.61838,28.1548],[-15.61975,28.15423],[-15.62038,28.15298],[-15.62022,28.15128],[-15.62239,28.14936],[-15.62278,28.14867],[-15.62295,28.14751],[-15.62423,28.14684],[-15.62372,28.14615],[-15.62478,28.1452],[-15.6249,28.14428],[-15.62752,28.14423],[-15.62929,28.1448],[-15.63193,28.14164],[-15.62955,28.13995],[-15.62773,28.13628],[-15.62434,28.13624],[-15.62167,28.1327],[-15.62085,28.12849],[-15.62131,28.11818],[-15.62063,28.11645],[-15.61457,28.11346],[-15.60391,28.11072],[-15.59919,28.11069],[-15.59905,28.11014],[-15.59722,28.10979],[-15.59523,28.10742],[-15.59291,28.10663],[-15.58939,28.10734],[-15.58575,28.10886],[-15.58588,28.10895]]]}},{"type":"Feature","properties":{"COD_POSTAL":"35480"},"geometry":{"type":"Polygon","coordinates":[[[-15.69781,28.08879],[-15.69126,28.09654],[-15.69101,28.10221],[-15.7056,28.11325],[-15.70592,28.11203],[-15.70619,28.11184],[-15.70636,28.1104],[-15.70605,28.10836],[-15.70656,28.10846],[-15.7067,28.10798],[-15.70744,28.10752],[-15.70966,28.10741],[-15.71008,28.10695],[-15.71044,28.10695],[-15.71041,28.10671],[-15.71086,28.10697],[-15.71123,28.10628],[-15.70813,28.10513],[-15.70707,28.10414],[-15.70665,28.10309],[-15.70546,28.1024],[-15.70754,28.10078],[-15.7085,28.09827],[-15.70787,28.09728],[-15.70786,28.09645],[-15.70831,28.09613],[-15.70783,28.09629],[-15.70768,28.09602],[-15.70775,28.09548],[-15.70738,28.09432],[-15.70766,28.09366],[-15.70716,28.09241],[-15.70741,28.09186],[-15.70787,28.09161],[-15.70809,28.09041],[-15.70717,28.08953],[-15.70762,28.08924],[-15.70754,28.08889],[-15.70777,28.08865],[-15.70902,28.08859],[-15.70913,28.08827],[-15.70861,28.08805],[-15.70871,28.0878],[-15.7091,28.0873],[-15.7102,28.0867],[-15.70544,28.0867],[-15.70065,28.08722],[-15.69735,28.08665],[-15.69781,28.08879]]]}},{"type":"Feature","properties":{"COD_POSTAL":"35459"},"geometry":{"type":"MultiPolygon","coordinates":[[[[-15.62136,28.15482],[-15.62161,28.15493],[-15.62447,28.1517],[-15.62524,28.14691],[-15.62597,28.14541],[-15.62751,28.14424],[-15.6249,28.14428],[-15.62478,28.1452],[-15.62372,28.14615],[-15.62423,28.14684],[-15.62295,28.14751],[-15.62278,28.14867],[-15.62239,28.14936],[-15.62022,28.15128],[-15.62038,28.15298],[-15.61975,28.15423],[-15.62012,28.15408],[-15.6202,28.15375],[-15.62088,28.15375],[-15.6211,28.15481],[-15.6213,28.15482],[-15.62136,28.15482]]],[[[-15.63046,28.13441],[-15.63267,28.13473],[-15.63582,28.13737],[-15.6378,28.13663],[-15.63913,28.13685],[-15.64017,28.13617],[-15.64127,28.13644],[-15.6423,28.1363],[-15.64377,28.13538],[-15.64283,28.1336],[-15.6415,28.13218],[-15.64165,28.1308],[-15.64149,28.12997],[-15.64117,28.12959],[-15.64131,28.12888],[-15.64108,28.12836],[-15.64104,28.12687],[-15.64029,28.12596],[-15.63915,28.12135],[-15.63829,28.12053],[-15.63782,28.11965],[-15.63773,28.11553],[-15.63492,28.11815],[-15.6316,28.12047],[-15.62997,28.12239],[-15.62932,28.12369],[-15.6297,28.12421],[-15.62921,28.12498],[-15.62924,28.12576],[-15.62991,28.12706],[-15.62986,28.12806],[-15.62798,28.13034],[-15.62832,28.13133],[-15.62822,28.13266],[-15.6286,28.13302],[-15.62848,28.13334],[-15.62891,28.13499],[-15.63046,28.13443],[-15.63046,28.13441]]]]}},{"type":"Feature","properties":{"COD_POSTAL":"35108"},"geometry":{"type":"Polygon","coordinates":[[[-15.5878,27.86692],[-15.58614,27.82171],[-15.57347,27.80927],[-15.56501,27.80659],[-15.53888,27.8154],[-15.52385,27.83475],[-15.52359,27.83924],[-15.55563,27.86425],[-15.5531,27.87625],[-15.56187,27.89775],[-15.60427,27.88252],[-15.5878,27.86692]]]}},{"type":"Feature","properties":{"COD_POSTAL":"35130"},"geometry":{"type":"Polygon","coordinates":[[[-15.6814,27.81029],[-15.68535,27.81447],[-15.70688,27.79721],[-15.71797,27.79478],[-15.72206,27.79283],[-15.72449,27.79114],[-15.72405,27.79079],[-15.72349,27.78969],[-15.72326,27.78888],[-15.72354,27.78815],[-15.72547,27.78862],[-15.72561,27.78838],[-15.72327,27.78766],[-15.72271,27.78713],[-15.7202,27.78652],[-15.72017,27.78621],[-15.7194,27.78548],[-15.71907,27.78459],[-15.71552,27.7823],[-15.71412,27.78262],[-15.71426,27.78283],[-15.71554,27.78268],[-15.71481,27.78334],[-15.71556,27.7827],[-15.71577,27.78289],[-15.71506,27.78353],[-15.71578,27.78291],[-15.71594,27.78304],[-15.71538,27.78356],[-15.71603,27.78312],[-15.7153,27.78387],[-15.71458,27.78345],[-15.71504,27.78394],[-15.71456,27.7842],[-15.71347,27.7844],[-15.71241,27.78416],[-15.7125,27.78333],[-15.71343,27.78288],[-15.71206,27.78336],[-15.71229,27.78286],[-15.71295,27.78237],[-15.71146,27.77995],[-15.71108,27.77992],[-15.71099,27.78016],[-15.71129,27.78033],[-15.71245,27.78229],[-15.7117,27.78262],[-15.71067,27.78205],[-15.71122,27.78231],[-15.71106,27.78264],[-15.71048,27.78243],[-15.71104,27.78266],[-15.71092,27.7829],[-15.71035,27.78267],[-15.71085,27.78304],[-15.70939,27.78264],[-15.7095,27.78244],[-15.71019,27.7827],[-15.70952,27.78241],[-15.70964,27.78217],[-15.71034,27.7824],[-15.70965,27.78213],[-15.70982,27.78182],[-15.7105,27.78204],[-15.71003,27.78186],[-15.71026,27.78143],[-15.71075,27.78158],[-15.71027,27.78139],[-15.71028,27.78105],[-15.71099,27.78133],[-15.71107,27.78109],[-15.7101,27.78017],[-15.70927,27.7803],[-15.70737,27.77903],[-15.69338,27.7885],[-15.67729,27.79527],[-15.6814,27.81029]]]}},{"type":"Feature","properties":{"COD_POSTAL":"35423"},"geometry":{"type":"MultiPolygon","coordinates":[[[[-15.58234,28.07561],[-15.58416,28.0835],[-15.58884,28.08298],[-15.59263,28.08059],[-15.58831,28.07068],[-15.58709,28.07228],[-15.58509,28.07329],[-15.58461,28.07472],[-15.58388,28.07569],[-15.58236,28.0756],[-15.58234,28.07561]]],[[[-15.57104,28.10887],[-15.57162,28.10953],[-15.57091,28.11007],[-15.57036,28.11137],[-15.57061,28.11181],[-15.56957,28.11335],[-15.56755,28.11509],[-15.5657,28.11531],[-15.56558,28.11695],[-15.56408,28.11832],[-15.56386,28.1201],[-15.56278,28.12119],[-15.56315,28.12196],[-15.56312,28.1225],[-15.56218,28.12309],[-15.56251,28.12417],[-15.56166,28.12471],[-15.56255,28.12535],[-15.56256,28.12564],[-15.56184,28.12592],[-15.5609,28.12542],[-15.56043,28.1257],[-15.56049,28.12615],[-15.5612,28.12666],[-15.56171,28.12784],[-15.56098,28.12882],[-15.56093,28.12929],[-15.56132,28.12997],[-15.5607,28.13085],[-15.56147,28.13155],[-15.56151,28.13185],[-15.56068,28.13213],[-15.56061,28.13271],[-15.5614,28.13415],[-15.56312,28.13406],[-15.56299,28.13499],[-15.57082,28.13357],[-15.5721,28.13315],[-15.57778,28.13283],[-15.57838,28.13306],[-15.57784,28.12665],[-15.57448,28.12186],[-15.57525,28.1177],[-15.57925,28.10984],[-15.58098,28.10902],[-15.58355,28.1065],[-15.58633,28.10453],[-15.58728,28.10267],[-15.5874,28.10162],[-15.58774,28.10152],[-15.58861,28.10182],[-15.58953,28.10111],[-15.58949,28.10072],[-15.58992,28.10073],[-15.58648,28.09788],[-15.57308,28.09261],[-15.57162,28.09398],[-15.57249,28.09468],[-15.57362,28.09501],[-15.57385,28.09567],[-15.57317,28.09606],[-15.57202,28.09602],[-15.57123,28.09675],[-15.57151,28.09753],[-15.57177,28.09766],[-15.57283,28.09689],[-15.57439,28.09741],[-15.57423,28.09855],[-15.57484,28.09893],[-15.57399,28.09948],[-15.57364,28.10146],[-15.57323,28.10199],[-15.57349,28.10322],[-15.57299,28.10404],[-15.57298,28.10546],[-15.57227,28.10623],[-15.5721,28.10714],[-15.57095,28.10734],[-15.57054,28.10771],[-15.57103,28.10886],[-15.57104,28.10887]]]]}},{"type":"Feature","properties":{"COD_POSTAL":"35013"},"geometry":{"type":"Polygon","coordinates":[[[-15.43147,28.10911],[-15.43226,28.10892],[-15.43287,28.10837],[-15.43265,28.10878],[-15.43953,28.10526],[-15.43987,28.10574],[-15.43999,28.10666],[-15.44033,28.10652],[-15.44053,28.10529],[-15.43977,28.10513],[-15.43956,28.10469],[-15.44063,28.1019],[-15.4417,28.10255],[-15.44174,28.1035],[-15.44292,28.10293],[-15.44635,28.10201],[-15.45367,28.09266],[-15.4566,28.09208],[-15.45601,28.09],[-15.45427,28.08644],[-15.45347,28.07853],[-15.45203,28.07994],[-15.44965,28.08065],[-15.44655,28.08504],[-15.44948,28.08973],[-15.44847,28.09052],[-15.44731,28.09236],[-15.44458,28.09553],[-15.44435,28.09974],[-15.44325,28.10027],[-15.44201,28.09962],[-15.44159,28.10004],[-15.44148,28.09971],[-15.441,28.09958],[-15.43881,28.10046],[-15.43852,28.1016],[-15.43396,28.10324],[-15.43397,28.10362],[-15.43112,28.10613],[-15.43059,28.1062],[-15.42943,28.10823],[-15.43147,28.10911]]]}},{"type":"Feature","properties":{"COD_POSTAL":"35478"},"geometry":{"type":"Polygon","coordinates":[[[-15.77723,27.98606],[-15.78096,27.98124],[-15.78629,27.9769],[-15.79137,27.97707],[-15.79896,27.97079],[-15.80492,27.95446],[-15.82511,27.95132],[-15.79115,27.89866],[-15.81439,27.88595],[-15.81247,27.88096],[-15.81226,27.87901],[-15.81101,27.8785],[-15.81067,27.8776],[-15.81088,27.87696],[-15.8105,27.87634],[-15.8092,27.87542],[-15.80833,27.87442],[-15.80794,27.87357],[-15.80663,27.87262],[-15.80382,27.8673],[-15.80369,27.86693],[-15.80396,27.86677],[-15.80328,27.86653],[-15.80261,27.8651],[-15.8023,27.86416],[-15.80251,27.86376],[-15.80221,27.8631],[-15.80205,27.86323],[-15.80194,27.86304],[-15.80199,27.86258],[-15.80118,27.86172],[-15.80157,27.86089],[-15.80071,27.86079],[-15.80014,27.86022],[-15.80016,27.85994],[-15.79965,27.85991],[-15.79927,27.85907],[-15.79873,27.85943],[-15.79857,27.86004],[-15.7979,27.86039],[-15.79718,27.8617],[-15.79671,27.86217],[-15.79636,27.86212],[-15.79565,27.86305],[-15.79487,27.86355],[-15.794,27.8637],[-15.79198,27.86507],[-15.79053,27.86509],[-15.78991,27.86571],[-15.78949,27.86691],[-15.78883,27.86702],[-15.78848,27.86755],[-15.78805,27.86774],[-15.78741,27.86756],[-15.78621,27.86817],[-15.78514,27.86962],[-15.78422,27.86994],[-15.78369,27.86984],[-15.78214,27.8709],[-15.77999,27.87111],[-15.77916,27.87142],[-15.77745,27.87354],[-15.77703,27.8745],[-15.77305,27.87818],[-15.77239,27.87981],[-15.77227,27.88079],[-15.77183,27.88137],[-15.7711,27.8842],[-15.7695,27.88592],[-15.76843,27.88799],[-15.76854,27.88856],[-15.76631,27.89011],[-15.76622,27.89087],[-15.76576,27.89131],[-15.76561,27.89203],[-15.76404,27.89302],[-15.76368,27.89383],[-15.76257,27.89453],[-15.76077,27.89838],[-15.75801,27.90111],[-15.75639,27.90187],[-15.75567,27.9018],[-15.75254,27.90269],[-15.75236,27.90494],[-15.75156,27.90583],[-15.75125,27.90691],[-15.7517,27.90781],[-15.75186,27.90888],[-15.75142,27.90986],[-15.75153,27.91077],[-15.75133,27.91188],[-15.75164,27.91237],[-15.7527,27.91283],[-15.7539,27.91396],[-15.75427,27.91541],[-15.75324,27.91676],[-15.75286,27.91937],[-15.7514,27.92075],[-15.75088,27.92244],[-15.74978,27.92366],[-15.74384,27.9277],[-15.7417,27.9299],[-15.7405,27.93121],[-15.73854,27.93421],[-15.7355,27.93815],[-15.73422,27.93936],[-15.73501,27.94138],[-15.73575,27.94487],[-15.73633,27.94515],[-15.73653,27.94564],[-15.73645,27.94658],[-15.73611,27.94708],[-15.73772,27.95152],[-15.73815,27.95414],[-15.73927,27.95436],[-15.73943,27.9558],[-15.74076,27.95686],[-15.74099,27.95747],[-15.74259,27.95807],[-15.7436,27.95892],[-15.74425,27.96009],[-15.74556,27.96077],[-15.74596,27.96203],[-15.74635,27.96238],[-15.74749,27.96235],[-15.74796,27.96268],[-15.74799,27.96464],[-15.7473,27.96547],[-15.74736,27.96619],[-15.74837,27.96685],[-15.74845,27.9673],[-15.74839,27.97046],[-15.74815,27.97158],[-15.74828,27.97224],[-15.7479,27.97546],[-15.76689,27.97235],[-15.77605,27.97272],[-15.77675,27.97007],[-15.7793,27.96918],[-15.78209,27.97308],[-15.78136,27.97653],[-15.77607,27.98192],[-15.77723,27.98606]]]}},{"type":"Feature","properties":{"COD_POSTAL":"35628"},"geometry":{"type":"MultiPolygon","coordinates":[[[[-14.14313,28.25146],[-14.14312,28.25363],[-14.14265,28.25433],[-14.14161,28.25505],[-14.14156,28.25575],[-14.14104,28.25663],[-14.14013,28.25741],[-14.13903,28.25754],[-14.13918,28.25908],[-14.13874,28.25999],[-14.13814,28.26023],[-14.13807,28.26116],[-14.13987,28.26508],[-14.13995,28.26655],[-14.14214,28.26716],[-14.14249,28.26911],[-14.14291,28.26968],[-14.14795,28.26654],[-14.1483,28.25524],[-14.14313,28.25146]]],[[[-14.06271,28.37561],[-14.06342,28.37686],[-14.06416,28.37751],[-14.06772,28.37801],[-14.06933,28.37897],[-14.07095,28.37918],[-14.07306,28.38018],[-14.07429,28.38029],[-14.07687,28.37921],[-14.07811,28.38023],[-14.0806,28.38002],[-14.0832,28.38079],[-14.08354,28.38072],[-14.08402,28.37946],[-14.08494,28.37826],[-14.08678,28.37691],[-14.0899,28.37542],[-14.09025,28.3761],[-14.09296,28.37837],[-14.09375,28.3786],[-14.09573,28.37993],[-14.09641,28.38075],[-14.09715,28.38108],[-14.09969,28.3837],[-14.10268,28.38817],[-14.10273,28.38861],[-14.10666,28.38725],[-14.10764,28.38768],[-14.11164,28.38832],[-14.11535,28.38735],[-14.11887,28.38836],[-14.12255,28.38816],[-14.12409,28.39228],[-14.126,28.39321],[-14.12724,28.39317],[-14.1298,28.39568],[-14.12988,28.39601],[-14.1296,28.39641],[-14.12811,28.3977],[-14.12779,28.39828],[-14.12891,28.39964],[-14.13231,28.40208],[-14.13816,28.40421],[-14.14234,28.40534],[-14.14846,28.40607],[-14.15206,28.40594],[-14.15486,28.40529],[-14.15504,28.40407],[-14.15657,28.40327],[-14.15675,28.40229],[-14.15768,28.4001],[-14.15757,28.39977],[-14.15687,28.39969],[-14.15647,28.399],[-14.1567,28.39797],[-14.15711,28.39786],[-14.15713,28.39736],[-14.15599,28.39733],[-14.15545,28.39695],[-14.1555,28.39536],[-14.15589,28.39437],[-14.15653,28.39414],[-14.15656,28.39358],[-14.15726,28.39305],[-14.15733,28.39324],[-14.15751,28.39287],[-14.15791,28.39288],[-14.1584,28.3922],[-14.15898,28.39201],[-14.15919,28.39227],[-14.15958,28.39174],[-14.15956,28.39227],[-14.15976,28.39204],[-14.15995,28.39243],[-14.16067,28.39248],[-14.16117,28.39214],[-14.16144,28.39234],[-14.1623,28.39131],[-14.16213,28.39123],[-14.16248,28.39015],[-14.1622,28.39021],[-14.16201,28.38977],[-14.16258,28.38984],[-14.16267,28.38903],[-14.16245,28.38905],[-14.16227,28.38865],[-14.16207,28.38917],[-14.1618,28.38779],[-14.16191,28.38741],[-14.16259,28.38725],[-14.16266,28.38674],[-14.16233,28.38624],[-14.1628,28.38569],[-14.16249,28.38566],[-14.16191,28.38492],[-14.16256,28.38471],[-14.16239,28.38398],[-14.16194,28.38344],[-14.16251,28.38301],[-14.16244,28.38252],[-14.16207,28.38218],[-14.16236,28.38185],[-14.16209,28.38046],[-14.16225,28.38002],[-14.16184,28.38022],[-14.16221,28.37955],[-14.16277,28.37934],[-14.16215,28.3789],[-14.16243,28.37869],[-14.16217,28.37825],[-14.16249,28.37805],[-14.16203,28.37779],[-14.16255,28.37738],[-14.16217,28.37725],[-14.16222,28.37707],[-14.16285,28.37702],[-14.16291,28.37632],[-14.16339,28.37557],[-14.16318,28.37543],[-14.16338,28.37529],[-14.16323,28.37516],[-14.16288,28.37553],[-14.16279,28.3754],[-14.16316,28.37489],[-14.16302,28.37446],[-14.16274,28.37461],[-14.16277,28.3742],[-14.1623,28.37387],[-14.1626,28.37354],[-14.16197,28.37304],[-14.16177,28.3731],[-14.1619,28.37285],[-14.16116,28.37269],[-14.16156,28.37231],[-14.16142,28.37196],[-14.162,28.37066],[-14.1627,28.37057],[-14.16222,28.36871],[-14.1634,28.36834],[-14.16367,28.36789],[-14.16344,28.36761],[-14.1635,28.36704],[-14.1643,28.36681],[-14.16434,28.36635],[-14.1646,28.36593],[-14.16486,28.36593],[-14.16502,28.36527],[-14.16675,28.3641],[-14.14849,28.35158],[-14.11444,28.33547],[-14.09801,28.3232],[-14.09696,28.32393],[-14.09645,28.32395],[-14.09598,28.32445],[-14.09556,28.32566],[-14.09478,28.3262],[-14.09289,28.32616],[-14.09108,28.32664],[-14.08588,28.32732],[-14.08366,28.3294],[-14.08243,28.32974],[-14.081,28.33077],[-14.07932,28.33254],[-14.07726,28.33328],[-14.07597,28.33405],[-14.07428,28.33749],[-14.07369,28.34009],[-14.07181,28.34142],[-14.06879,28.34265],[-14.06585,28.34513],[-14.06366,28.34592],[-14.06248,28.34787],[-14.062,28.34951],[-14.06162,28.35005],[-14.05876,28.35138],[-14.05823,28.35184],[-14.05877,28.35389],[-14.05853,28.3554],[-14.05877,28.35575],[-14.05921,28.35603],[-14.06168,28.35633],[-14.0639,28.35902],[-14.06456,28.36606],[-14.06332,28.37254],[-14.06351,28.37342],[-14.06271,28.37561]]]]}},{"type":"Feature","properties":{"COD_POSTAL":"35300"},"geometry":{"type":"Polygon","coordinates":[[[-15.48789,28.04047],[-15.48842,28.04277],[-15.49092,28.04566],[-15.49203,28.04532],[-15.49212,28.04118],[-15.49103,28.04113],[-15.49013,28.04031],[-15.49097,28.03908],[-15.49312,28.03948],[-15.49471,28.04223],[-15.49828,28.04162],[-15.50056,28.03935],[-15.49967,28.0371],[-15.50086,28.03569],[-15.5028,28.03593],[-15.50327,28.03277],[-15.49812,28.02846],[-15.50007,28.02688],[-15.50166,28.02688],[-15.5031,28.02615],[-15.50254,28.02429],[-15.49696,28.02219],[-15.49699,28.02473],[-15.49286,28.02757],[-15.49204,28.02739],[-15.49044,28.02873],[-15.48827,28.02858],[-15.48545,28.02958],[-15.48306,28.03352],[-15.48163,28.03347],[-15.48007,28.03727],[-15.48172,28.03825],[-15.48067,28.04027],[-15.48348,28.04227],[-15.48789,28.04047]]]}},{"type":"Feature","properties":{"COD_POSTAL":"35012"},"geometry":{"type":"MultiPolygon","coordinates":[[[[-15.44126,28.10604],[-15.4424,28.10719],[-15.44099,28.11104],[-15.44084,28.1151],[-15.44033,28.11917],[-15.44272,28.11905],[-15.4465,28.11533],[-15.44671,28.11349],[-15.44549,28.11142],[-15.44632,28.11003],[-15.44661,28.10748],[-15.44789,28.10407],[-15.4483,28.10398],[-15.44842,28.1037],[-15.44821,28.10341],[-15.44836,28.10244],[-15.44174,28.1035],[-15.4417,28.10255],[-15.44063,28.1019],[-15.43956,28.10469],[-15.43977,28.10513],[-15.44053,28.10529],[-15.44043,28.10581],[-15.44056,28.10573],[-15.44126,28.10604]]],[[[-15.42943,28.10823],[-15.4272,28.10797],[-15.42614,28.10809],[-15.42541,28.10988],[-15.42668,28.11071],[-15.42878,28.11428],[-15.42958,28.11404],[-15.4295,28.11523],[-15.4286,28.11679],[-15.4293,28.1178],[-15.4304,28.11608],[-15.43047,28.11552],[-15.43162,28.11541],[-15.4318,28.11412],[-15.43227,28.11378],[-15.43214,28.11325],[-15.43337,28.1126],[-15.43458,28.11406],[-15.43506,28.11392],[-15.43388,28.11212],[-15.43474,28.11127],[-15.43682,28.11012],[-15.43651,28.10999],[-15.43646,28.10967],[-15.43868,28.10834],[-15.43999,28.10666],[-15.43987,28.10574],[-15.43953,28.10526],[-15.43265,28.10878],[-15.43287,28.10837],[-15.43226,28.10892],[-15.43147,28.10911],[-15.42943,28.10823]]]]}},{"type":"Feature","properties":{"COD_POSTAL":"35270"},"geometry":{"type":"Polygon","coordinates":[[[-15.48953,27.93639],[-15.49045,27.93609],[-15.49461,27.93644],[-15.49554,27.93625],[-15.49749,27.93678],[-15.49851,27.9363],[-15.5005,27.93587],[-15.50397,27.93713],[-15.5064,27.93697],[-15.5081,27.93629],[-15.5087,27.93567],[-15.50945,27.93422],[-15.51009,27.93393],[-15.51149,27.93451],[-15.51224,27.9352],[-15.5131,27.93669],[-15.51417,27.9379],[-15.5174,27.93992],[-15.52395,27.94571],[-15.52903,27.94599],[-15.52989,27.94632],[-15.53146,27.9475],[-15.53378,27.95011],[-15.53599,27.95158],[-15.53765,27.95191],[-15.54264,27.95211],[-15.54304,27.94972],[-15.5415,27.94948],[-15.54037,27.94888],[-15.53451,27.94396],[-15.52676,27.93793],[-15.52357,27.93557],[-15.52184,27.93518],[-15.521,27.93413],[-15.5199,27.9317],[-15.51982,27.93034],[-15.5205,27.92703],[-15.52125,27.92694],[-15.52172,27.92595],[-15.5219,27.92473],[-15.52076,27.92269],[-15.51958,27.91701],[-15.51746,27.90988],[-15.51733,27.90656],[-15.51661,27.90082],[-15.51682,27.89773],[-15.51604,27.89593],[-15.51621,27.89536],[-15.51597,27.89469],[-15.51622,27.89387],[-15.51463,27.89215],[-15.5148,27.8913],[-15.5146,27.89066],[-15.51392,27.89071],[-15.51364,27.89044],[-15.51393,27.88998],[-15.51331,27.88921],[-15.51375,27.88603],[-15.5119,27.88225],[-15.51104,27.88144],[-15.50472,27.87805],[-15.50138,27.87654],[-15.5018,27.8776],[-15.48256,27.90503],[-15.4895,27.9364],[-15.48953,27.93639]]]}},{"type":"Feature","properties":{"COD_POSTAL":"35109"},"geometry":{"type":"Polygon","coordinates":[[[-15.57347,27.80927],[-15.58614,27.82171],[-15.5878,27.86692],[-15.60427,27.88252],[-15.62729,27.87497],[-15.6311,27.85456],[-15.66309,27.81601],[-15.66337,27.81309],[-15.66396,27.81247],[-15.66513,27.81209],[-15.66604,27.8114],[-15.66686,27.80981],[-15.66715,27.80807],[-15.66844,27.80621],[-15.65803,27.80069],[-15.63935,27.80219],[-15.61645,27.78199],[-15.61518,27.78001],[-15.61343,27.77953],[-15.61024,27.77961],[-15.60683,27.77821],[-15.60504,27.77606],[-15.60827,27.77437],[-15.60976,27.77249],[-15.61033,27.76977],[-15.60922,27.7597],[-15.60571,27.76133],[-15.60386,27.76417],[-15.59429,27.77163],[-15.58692,27.77364],[-15.56986,27.79281],[-15.56528,27.80157],[-15.56512,27.80662],[-15.57347,27.80927]]]}},{"type":"Feature","properties":{"COD_POSTAL":"35660"},"geometry":{"type":"MultiPolygon","coordinates":[[[[-13.81397,28.74154],[-13.81437,28.74158],[-13.81436,28.74272],[-13.81475,28.74335],[-13.81452,28.74413],[-13.81458,28.7451],[-13.81323,28.74623],[-13.81342,28.74707],[-13.8131,28.74758],[-13.81335,28.7478],[-13.81308,28.74836],[-13.81326,28.74838],[-13.81298,28.74855],[-13.81214,28.75033],[-13.81257,28.75075],[-13.81227,28.75079],[-13.81242,28.75105],[-13.81108,28.7535],[-13.81129,28.75382],[-13.81185,28.75376],[-13.81194,28.75402],[-13.8113,28.75454],[-13.81151,28.75469],[-13.81139,28.75511],[-13.81075,28.75586],[-13.81189,28.75617],[-13.8128,28.75696],[-13.81281,28.75732],[-13.81239,28.75747],[-13.81209,28.75794],[-13.81299,28.75853],[-13.81235,28.7598],[-13.81294,28.75972],[-13.81311,28.76007],[-13.81276,28.76028],[-13.81308,28.7606],[-13.81278,28.7614],[-13.81296,28.76247],[-13.81256,28.76327],[-13.81283,28.76362],[-13.81253,28.76419],[-13.81286,28.76573],[-13.81326,28.7658],[-13.81303,28.76523],[-13.81338,28.76519],[-13.81338,28.76495],[-13.81442,28.76599],[-13.81523,28.76589],[-13.81528,28.76552],[-13.81629,28.76497],[-13.81716,28.76522],[-13.81743,28.76446],[-13.81831,28.76397],[-13.818,28.76372],[-13.81825,28.76261],[-13.81787,28.7621],[-13.81816,28.76179],[-13.81807,28.76161],[-13.81946,28.76165],[-13.81966,28.76115],[-13.81933,28.76112],[-13.81942,28.76095],[-13.81898,28.76074],[-13.81906,28.76059],[-13.82083,28.76022],[-13.82119,28.7606],[-13.82184,28.76045],[-13.82248,28.76111],[-13.82292,28.76116],[-13.82355,28.76083],[-13.82407,28.75996],[-13.82378,28.75976],[-13.82443,28.75956],[-13.8239,28.75922],[-13.82473,28.7592],[-13.82482,28.7589],[-13.8245,28.75879],[-13.82465,28.75838],[-13.82447,28.75823],[-13.82559,28.75771],[-13.82553,28.75708],[-13.82573,28.75686],[-13.82627,28.75659],[-13.82709,28.75673],[-13.82693,28.75652],[-13.82713,28.75623],[-13.82826,28.75625],[-13.82943,28.75552],[-13.82978,28.75599],[-13.83027,28.75568],[-13.83082,28.75598],[-13.83108,28.75561],[-13.83201,28.75566],[-13.83212,28.75555],[-13.83173,28.75534],[-13.83192,28.75523],[-13.83124,28.75455],[-13.83135,28.75386],[-13.83279,28.75307],[-13.83398,28.75407],[-13.83428,28.75336],[-13.83499,28.75374],[-13.83513,28.75305],[-13.83495,28.75281],[-13.83516,28.75255],[-13.83582,28.75257],[-13.83585,28.75154],[-13.83548,28.75098],[-13.83555,28.75069],[-13.83418,28.74974],[-13.83308,28.74836],[-13.8324,28.74701],[-13.83202,28.74527],[-13.83118,28.74473],[-13.83073,28.74371],[-13.83026,28.74345],[-13.83019,28.7428],[-13.83058,28.74232],[-13.83095,28.74002],[-13.83077,28.7397],[-13.82944,28.73921],[-13.82756,28.73964],[-13.82658,28.73922],[-13.82696,28.74034],[-13.8277,28.74051],[-13.82769,28.74111],[-13.82705,28.74176],[-13.82619,28.74204],[-13.82556,28.74197],[-13.82519,28.74124],[-13.82554,28.741],[-13.82517,28.74037],[-13.82468,28.74019],[-13.82477,28.73974],[-13.82445,28.73978],[-13.82391,28.7383],[-13.82276,28.73795],[-13.82229,28.73698],[-13.82164,28.73633],[-13.82114,28.73638],[-13.82046,28.73592],[-13.82036,28.7361],[-13.81919,28.73604],[-13.819,28.73617],[-13.81933,28.73691],[-13.81909,28.73742],[-13.81771,28.73753],[-13.81677,28.7384],[-13.81661,28.73835],[-13.81686,28.73806],[-13.8164,28.73799],[-13.81617,28.73819],[-13.81618,28.73794],[-13.81704,28.73766],[-13.81753,28.73698],[-13.81703,28.73717],[-13.81667,28.73685],[-13.8166,28.73714],[-13.81634,28.73716],[-13.81571,28.73657],[-13.81568,28.73702],[-13.81591,28.73696],[-13.81512,28.73754],[-13.81524,28.73821],[-13.81435,28.73946],[-13.81548,28.73946],[-13.81594,28.73979],[-13.81592,28.74009],[-13.81563,28.74042],[-13.81532,28.74042],[-13.81519,28.7408],[-13.81487,28.74065],[-13.81473,28.74099],[-13.81438,28.74094],[-13.81379,28.74134],[-13.81392,28.74153],[-13.81397,28.74154]]],[[[-13.82994,28.63859],[-13.82985,28.63904],[-13.83033,28.6394],[-13.82985,28.6398],[-13.83007,28.64011],[-13.82989,28.6403],[-13.83012,28.64136],[-13.8296,28.64245],[-13.82988,28.6429],[-13.82975,28.64331],[-13.83012,28.64352],[-13.82995,28.64386],[-13.83038,28.64386],[-13.83026,28.64442],[-13.83062,28.64471],[-13.8305,28.64612],[-13.8307,28.64692],[-13.83045,28.64726],[-13.83072,28.64771],[-13.83046,28.64827],[-13.83095,28.64908],[-13.83062,28.65008],[-13.83126,28.65097],[-13.83087,28.65183],[-13.83103,28.65216],[-13.83069,28.65235],[-13.83061,28.65294],[-13.83062,28.6534],[-13.83082,28.65386],[-13.83112,28.65396],[-13.83124,28.65453],[-13.83097,28.65458],[-13.83059,28.65522],[-13.8306,28.65593],[-13.83077,28.65595],[-13.83054,28.65651],[-13.83075,28.65688],[-13.83109,28.65681],[-13.83155,28.65718],[-13.83122,28.65791],[-13.8319,28.65896],[-13.83158,28.65915],[-13.83128,28.66068],[-13.83151,28.66102],[-13.83183,28.66102],[-13.8321,28.66175],[-13.83172,28.6625],[-13.83127,28.66268],[-13.83114,28.66298],[-13.83078,28.66297],[-13.83112,28.66322],[-13.83086,28.66385],[-13.83043,28.66388],[-13.83086,28.66437],[-13.83098,28.66549],[-13.8313,28.66555],[-13.83158,28.6661],[-13.83221,28.66607],[-13.83241,28.66645],[-13.83182,28.66688],[-13.83207,28.66822],[-13.83188,28.6687],[-13.83248,28.66896],[-13.83248,28.66949],[-13.83288,28.66981],[-13.8328,28.67212],[-13.83338,28.67308],[-13.83402,28.67505],[-13.8337,28.67583],[-13.83336,28.67587],[-13.83312,28.67622],[-13.83314,28.67807],[-13.83219,28.67906],[-13.83173,28.68061],[-13.83232,28.68336],[-13.83256,28.68579],[-13.83239,28.68651],[-13.83173,28.68702],[-13.8313,28.68706],[-13.83095,28.68787],[-13.8318,28.68956],[-13.83202,28.69068],[-13.83196,28.69132],[-13.83126,28.6921],[-13.83088,28.69387],[-13.83172,28.69475],[-13.83198,28.69646],[-13.83273,28.69843],[-13.83353,28.69906],[-13.83593,28.70321],[-13.83742,28.70706],[-13.83812,28.70966],[-13.83809,28.71096],[-13.83785,28.71144],[-13.83712,28.71168],[-13.83635,28.71279],[-13.83686,28.71304],[-13.83808,28.71462],[-13.83969,28.71838],[-13.84002,28.71968],[-13.84096,28.72034],[-13.84187,28.72189],[-13.84187,28.72423],[-13.84238,28.726],[-13.84459,28.72748],[-13.84551,28.72769],[-13.84659,28.72763],[-13.84762,28.72722],[-13.84896,28.72741],[-13.85082,28.72673],[-13.85265,28.72715],[-13.85329,28.72771],[-13.85288,28.72814],[-13.8544,28.72804],[-13.85546,28.73005],[-13.8572,28.73075],[-13.85803,28.73179],[-13.85883,28.73223],[-13.85964,28.73214],[-13.86089,28.73077],[-13.86173,28.73074],[-13.86349,28.7315],[-13.86471,28.7327],[-13.86495,28.73336],[-13.86605,28.73336],[-13.86668,28.73397],[-13.86678,28.73508],[-13.86764,28.73603],[-13.86698,28.73756],[-13.86721,28.73896],[-13.86659,28.73897],[-13.86686,28.739],[-13.86677,28.73959],[-13.86597,28.74101],[-13.86531,28.74055],[-13.86588,28.74109],[-13.86548,28.74143],[-13.86464,28.74075],[-13.8654,28.74146],[-13.865,28.74161],[-13.86443,28.74104],[-13.86498,28.74162],[-13.86463,28.74175],[-13.86405,28.74121],[-13.8646,28.74177],[-13.86435,28.74186],[-13.86354,28.74089],[-13.86374,28.74019],[-13.86274,28.74015],[-13.86244,28.74054],[-13.86086,28.74007],[-13.86067,28.74044],[-13.86306,28.74103],[-13.86416,28.74199],[-13.86438,28.74243],[-13.864,28.74308],[-13.86416,28.74397],[-13.86491,28.74494],[-13.86502,28.74574],[-13.8663,28.74672],[-13.868,28.74653],[-13.86939,28.74481],[-13.86953,28.74513],[-13.86984,28.74494],[-13.87026,28.74526],[-13.87066,28.74519],[-13.87056,28.74467],[-13.87141,28.74437],[-13.87158,28.74398],[-13.87144,28.74353],[-13.87233,28.74362],[-13.87296,28.74253],[-13.87368,28.74307],[-13.87351,28.74343],[-13.87332,28.74312],[-13.8729,28.74325],[-13.87248,28.74408],[-13.87249,28.7444],[-13.87316,28.7445],[-13.87296,28.74504],[-13.87308,28.74555],[-13.87357,28.74606],[-13.87327,28.74684],[-13.87376,28.7477],[-13.8735,28.74851],[-13.87472,28.74968],[-13.87587,28.74971],[-13.87617,28.75046],[-13.87717,28.75067],[-13.87715,28.75169],[-13.87749,28.75205],[-13.87845,28.75267],[-13.87979,28.7518],[-13.88034,28.75222],[-13.88019,28.75249],[-13.88095,28.75333],[-13.88204,28.75334],[-13.88222,28.75372],[-13.88294,28.7541],[-13.88335,28.75368],[-13.88373,28.75363],[-13.88426,28.75436],[-13.8854,28.75484],[-13.88575,28.75559],[-13.88671,28.75659],[-13.88881,28.75675],[-13.88943,28.75713],[-13.89016,28.75665],[-13.89066,28.75722],[-13.89171,28.7571],[-13.89223,28.75654],[-13.89256,28.75655],[-13.89253,28.75622],[-13.89316,28.75643],[-13.89135,28.75014],[-13.90547,28.71613],[-13.90291,28.67288],[-13.92699,28.66233],[-13.91985,28.65481],[-13.86778,28.64231],[-13.8612,28.64167],[-13.82994,28.63859]]]]}},{"type":"Feature","properties":{"COD_POSTAL":"35211"},"geometry":{"type":"Polygon","coordinates":[[[-15.42949,27.99348],[-15.43331,27.99196],[-15.438,27.99241],[-15.4395,27.99365],[-15.44606,27.9932],[-15.44961,27.99397],[-15.45828,27.99211],[-15.45862,27.99163],[-15.45963,27.99145],[-15.46024,27.99057],[-15.46091,27.99024],[-15.46249,27.99001],[-15.46251,27.98934],[-15.46293,27.9891],[-15.46249,27.98755],[-15.46257,27.98659],[-15.46303,27.98627],[-15.46331,27.98553],[-15.46259,27.98453],[-15.46321,27.98337],[-15.46466,27.98287],[-15.46551,27.98304],[-15.46605,27.98218],[-15.46773,27.98098],[-15.46823,27.98133],[-15.46925,27.9813],[-15.46962,27.98167],[-15.47074,27.98115],[-15.47189,27.98124],[-15.47217,27.98064],[-15.47337,27.98073],[-15.4738,27.97949],[-15.4748,27.9795],[-15.47604,27.97871],[-15.47793,27.97931],[-15.47891,27.97858],[-15.48063,27.9786],[-15.48171,27.97796],[-15.48276,27.97795],[-15.48352,27.97835],[-15.484,27.97827],[-15.48475,27.97661],[-15.48648,27.97487],[-15.48694,27.97304],[-15.4875,27.97273],[-15.48769,27.97175],[-15.48832,27.97141],[-15.48835,27.97074],[-15.48928,27.97064],[-15.4897,27.97],[-15.49055,27.96958],[-15.49049,27.96906],[-15.49174,27.96861],[-15.49189,27.96806],[-15.49231,27.96774],[-15.49319,27.96813],[-15.49501,27.96636],[-15.49566,27.9666],[-15.4961,27.96647],[-15.49603,27.96579],[-15.49722,27.96547],[-15.49777,27.96462],[-15.50037,27.9637],[-15.50147,27.96374],[-15.50276,27.96432],[-15.50429,27.9642],[-15.50489,27.96369],[-15.50564,27.96361],[-15.50727,27.96286],[-15.50754,27.96191],[-15.50885,27.96088],[-15.50853,27.9605],[-15.50886,27.96006],[-15.51032,27.96003],[-15.51115,27.95924],[-15.51184,27.95944],[-15.5131,27.95923],[-15.51747,27.95967],[-15.51843,27.9584],[-15.51964,27.95785],[-15.52089,27.95678],[-15.52265,27.95656],[-15.52365,27.95718],[-15.52521,27.95766],[-15.526,27.95852],[-15.52677,27.95897],[-15.52791,27.95891],[-15.52959,27.95964],[-15.53069,27.95885],[-15.53146,27.95761],[-15.53083,27.95624],[-15.53076,27.95322],[-15.53001,27.95224],[-15.5288,27.95175],[-15.52536,27.95112],[-15.52031,27.95131],[-15.51685,27.95052],[-15.51371,27.9491],[-15.513,27.949],[-15.51022,27.94988],[-15.5058,27.94926],[-15.50252,27.95021],[-15.49964,27.94995],[-15.49872,27.9503],[-15.49695,27.95045],[-15.49594,27.95006],[-15.49566,27.94941],[-15.49463,27.94856],[-15.49377,27.94861],[-15.49343,27.94896],[-15.49314,27.94865],[-15.49225,27.94896],[-15.49124,27.9486],[-15.48835,27.94896],[-15.48788,27.94872],[-15.48644,27.94873],[-15.48566,27.949],[-15.4827,27.94903],[-15.48213,27.94883],[-15.48177,27.94909],[-15.48097,27.94882],[-15.48066,27.94896],[-15.47995,27.95076],[-15.47909,27.95079],[-15.4773,27.94992],[-15.476,27.94979],[-15.47439,27.95024],[-15.47361,27.95108],[-15.47243,27.95111],[-15.47191,27.95141],[-15.47049,27.9509],[-15.46964,27.95113],[-15.46872,27.95065],[-15.46757,27.95122],[-15.46665,27.95089],[-15.46573,27.95164],[-15.46475,27.95115],[-15.46399,27.95118],[-15.46345,27.95076],[-15.46253,27.95087],[-15.46124,27.95012],[-15.46061,27.95022],[-15.46002,27.95074],[-15.45953,27.95046],[-15.45919,27.95066],[-15.45824,27.94925],[-15.45803,27.94823],[-15.45712,27.94822],[-15.45639,27.94776],[-15.45541,27.94785],[-15.45459,27.94756],[-15.45319,27.95343],[-15.45609,27.97465],[-15.45135,27.97982],[-15.44236,27.98523],[-15.43454,27.98504],[-15.43105,27.98644],[-15.42754,27.98861],[-15.42657,27.99002],[-15.42783,27.99011],[-15.42998,27.98958],[-15.43012,27.98974],[-15.42648,27.99069],[-15.42718,27.9923],[-15.4285,27.99358],[-15.42949,27.99348]]]}},{"type":"Feature","properties":{"COD_POSTAL":"35260"},"geometry":{"type":"Polygon","coordinates":[[[-15.46085,27.92468],[-15.46123,27.92563],[-15.46278,27.92655],[-15.46425,27.92781],[-15.46526,27.92917],[-15.46532,27.92991],[-15.46682,27.93194],[-15.46907,27.93322],[-15.4698,27.93401],[-15.47089,27.93408],[-15.47272,27.93373],[-15.47425,27.93423],[-15.47611,27.93367],[-15.4772,27.9337],[-15.4779,27.93343],[-15.47865,27.93357],[-15.47925,27.93326],[-15.48088,27.93307],[-15.48166,27.93332],[-15.48328,27.93499],[-15.48453,27.93535],[-15.485,27.93592],[-15.48585,27.93638],[-15.48771,27.93687],[-15.4895,27.9364],[-15.48256,27.90503],[-15.46767,27.90099],[-15.46015,27.89163],[-15.44883,27.89299],[-15.44127,27.88866],[-15.43347,27.88876],[-15.43636,27.90694],[-15.43703,27.90705],[-15.43868,27.90809],[-15.43959,27.90837],[-15.44181,27.90801],[-15.44529,27.9085],[-15.44719,27.90911],[-15.44797,27.90984],[-15.45027,27.91114],[-15.45099,27.91243],[-15.45309,27.91462],[-15.45343,27.91569],[-15.45432,27.91616],[-15.45523,27.9175],[-15.45594,27.91808],[-15.45626,27.91927],[-15.4577,27.91994],[-15.45894,27.92168],[-15.45942,27.92328],[-15.46007,27.92367],[-15.46082,27.9246],[-15.46085,27.92468]]]}},{"type":"Feature","properties":{"COD_POSTAL":"35571"},"geometry":{"type":"MultiPolygon","coordinates":[[[[-13.66561,28.95307],[-13.68316,28.97121],[-13.69806,28.98458],[-13.6985,28.98429],[-13.69852,28.98033],[-13.70626,28.96265],[-13.70497,28.93977],[-13.70209,28.9352],[-13.67995,28.94107],[-13.66561,28.95307]]],[[[-13.70048,28.91781],[-13.70083,28.91977],[-13.70121,28.92025],[-13.70101,28.92621],[-13.70187,28.93093],[-13.70205,28.93459],[-13.71811,28.92985],[-13.72686,28.91985],[-13.72341,28.90974],[-13.72292,28.91053],[-13.72215,28.91073],[-13.72112,28.9115],[-13.71926,28.91168],[-13.71824,28.91225],[-13.71731,28.91234],[-13.71656,28.9129],[-13.71444,28.91326],[-13.71291,28.91387],[-13.71176,28.91523],[-13.71087,28.91576],[-13.70847,28.91595],[-13.70767,28.91657],[-13.70606,28.91687],[-13.70593,28.91667],[-13.70595,28.91689],[-13.7046,28.91674],[-13.7045,28.9163],[-13.70445,28.91676],[-13.70401,28.91698],[-13.7038,28.91626],[-13.70397,28.917],[-13.70351,28.91723],[-13.70327,28.91637],[-13.70348,28.91726],[-13.70306,28.91745],[-13.7028,28.91652],[-13.70303,28.91746],[-13.70269,28.91751],[-13.70245,28.91655],[-13.70266,28.91751],[-13.70245,28.91772],[-13.70223,28.91759],[-13.70194,28.91643],[-13.70506,28.91571],[-13.70212,28.91617],[-13.70169,28.91646],[-13.70205,28.91791],[-13.70051,28.91781],[-13.70048,28.91781]]]]}},{"type":"Feature","properties":{"COD_POSTAL":"35213"},"geometry":{"type":"Polygon","coordinates":[[[-15.38601,28.01889],[-15.38587,28.02023],[-15.38515,28.02164],[-15.3856,28.02335],[-15.38666,28.02471],[-15.38691,28.0254],[-15.3866,28.02632],[-15.3861,28.02639],[-15.38643,28.02646],[-15.38662,28.02712],[-15.38784,28.0284],[-15.38789,28.02909],[-15.38727,28.02933],[-15.38802,28.02967],[-15.38826,28.02919],[-15.38869,28.02955],[-15.38864,28.0293],[-15.3905,28.02879],[-15.39244,28.02434],[-15.39646,28.01921],[-15.39925,28.01921],[-15.39815,28.01838],[-15.40086,28.01448],[-15.40647,28.0141],[-15.41126,28.01462],[-15.41357,28.01362],[-15.41663,28.0113],[-15.41715,28.01021],[-15.41654,28.00831],[-15.41692,28.00622],[-15.41774,28.00385],[-15.41725,28.00347],[-15.41664,28.0037],[-15.41507,28.00515],[-15.41409,28.00576],[-15.41316,28.0059],[-15.41016,28.00542],[-15.40796,28.00603],[-15.40281,28.00492],[-15.39713,28.00625],[-15.394,28.00569],[-15.39026,28.00721],[-15.38663,28.0183],[-15.38601,28.01884],[-15.38601,28.01889]]]}},{"type":"Feature","properties":{"COD_POSTAL":"35212"},"geometry":{"type":"MultiPolygon","coordinates":[[[[-15.39023,27.9802],[-15.39078,27.98329],[-15.39147,27.98482],[-15.39967,27.98164],[-15.39806,27.97208],[-15.39525,27.97694],[-15.3951,27.97853],[-15.39293,27.97891],[-15.39159,27.97984],[-15.39023,27.9802]]],[[[-15.3835,28.01543],[-15.38546,28.01688],[-15.38601,28.01884],[-15.38663,28.0183],[-15.39026,28.00721],[-15.39307,28.00607],[-15.39127,28.00411],[-15.39168,28.0028],[-15.39171,28.00107],[-15.38846,27.99964],[-15.38841,27.99665],[-15.37971,27.99866],[-15.37477,28.00045],[-15.37416,28.00155],[-15.37436,28.00213],[-15.37398,28.00252],[-15.37425,28.00315],[-15.37528,28.00359],[-15.37496,28.00405],[-15.37509,28.00419],[-15.37527,28.0039],[-15.37533,28.00448],[-15.3758,28.00513],[-15.37632,28.00557],[-15.37678,28.00563],[-15.37684,28.00642],[-15.37636,28.0077],[-15.37471,28.00779],[-15.37339,28.00872],[-15.37318,28.00925],[-15.37495,28.0093],[-15.37625,28.0097],[-15.37786,28.0097],[-15.37832,28.01046],[-15.37864,28.01041],[-15.38009,28.01149],[-15.38026,28.01212],[-15.38102,28.01245],[-15.38111,28.01281],[-15.38088,28.01304],[-15.3801,28.01218],[-15.37991,28.01239],[-15.38078,28.01323],[-15.38101,28.01366],[-15.38076,28.01391],[-15.38121,28.01392],[-15.38109,28.01445],[-15.38282,28.01535],[-15.38343,28.01542],[-15.3835,28.01543]]]]}},{"type":"Feature","properties":{"COD_POSTAL":"35450"},"geometry":{"type":"Polygon","coordinates":[[[-15.63715,28.17168],[-15.6375,28.17188],[-15.63789,28.17163],[-15.63869,28.17175],[-15.63937,28.16933],[-15.64247,28.16682],[-15.64485,28.16606],[-15.64625,28.16507],[-15.64682,28.16507],[-15.64746,28.16549],[-15.64757,28.16505],[-15.64825,28.16464],[-15.64852,28.16488],[-15.64875,28.16586],[-15.64911,28.16597],[-15.64948,28.16544],[-15.64917,28.1644],[-15.64962,28.16383],[-15.64878,28.16264],[-15.64721,28.16135],[-15.64641,28.15944],[-15.64329,28.15667],[-15.64288,28.15559],[-15.64182,28.15429],[-15.64131,28.15234],[-15.64069,28.1516],[-15.63971,28.14676],[-15.64112,28.14383],[-15.64106,28.14328],[-15.63895,28.14109],[-15.63622,28.13934],[-15.63482,28.13879],[-15.63497,28.13826],[-15.63557,28.1379],[-15.63582,28.13737],[-15.63426,28.13588],[-15.63267,28.13473],[-15.63046,28.13441],[-15.62756,28.13547],[-15.62783,28.13678],[-15.62955,28.13995],[-15.63193,28.14164],[-15.62929,28.1448],[-15.62752,28.14423],[-15.62597,28.14541],[-15.62506,28.14749],[-15.62451,28.15162],[-15.62161,28.15493],[-15.62191,28.15589],[-15.62154,28.15631],[-15.62159,28.1569],[-15.62237,28.15763],[-15.62318,28.15889],[-15.62367,28.15915],[-15.62421,28.15894],[-15.6247,28.15924],[-15.62521,28.16038],[-15.62412,28.16138],[-15.62417,28.16238],[-15.62465,28.16308],[-15.62585,28.16296],[-15.62659,28.16452],[-15.62721,28.16484],[-15.62728,28.16574],[-15.6282,28.16588],[-15.62841,28.16742],[-15.6293,28.16749],[-15.62954,28.16716],[-15.6303,28.16781],[-15.63082,28.16893],[-15.63082,28.16994],[-15.63118,28.16998],[-15.63119,28.16971],[-15.63171,28.16938],[-15.63252,28.16832],[-15.63242,28.16767],[-15.63279,28.16767],[-15.63452,28.16874],[-15.6345,28.16936],[-15.63488,28.16975],[-15.63538,28.16945],[-15.6363,28.17021],[-15.63648,28.17094],[-15.63698,28.17105],[-15.63713,28.17166],[-15.63715,28.17168]]]}},{"type":"Feature","properties":{"COD_POSTAL":"35510"},"geometry":{"type":"Polygon","coordinates":[[[-13.605,28.94226],[-13.61528,28.95502],[-13.61796,28.95762],[-13.64617,28.9449],[-13.65352,28.94358],[-13.6608,28.94503],[-13.66561,28.95307],[-13.67995,28.94107],[-13.70209,28.9352],[-13.70187,28.93093],[-13.70101,28.92621],[-13.70121,28.92025],[-13.70083,28.91977],[-13.70048,28.91781],[-13.69994,28.91754],[-13.69775,28.91826],[-13.6946,28.91842],[-13.69307,28.91934],[-13.69077,28.91995],[-13.6895,28.91995],[-13.68906,28.91972],[-13.68846,28.92001],[-13.68843,28.91968],[-13.68749,28.91937],[-13.68659,28.91951],[-13.68565,28.91923],[-13.68452,28.91971],[-13.68345,28.9196],[-13.6829,28.92013],[-13.68157,28.92062],[-13.68097,28.92032],[-13.68009,28.92045],[-13.6798,28.92098],[-13.67936,28.92096],[-13.67902,28.92132],[-13.67668,28.92138],[-13.67612,28.92169],[-13.67281,28.92148],[-13.6727,28.92137],[-13.67366,28.92043],[-13.67508,28.92043],[-13.67382,28.92017],[-13.67142,28.92058],[-13.67147,28.9201],[-13.67028,28.91928],[-13.66924,28.9193],[-13.66909,28.91893],[-13.66883,28.91914],[-13.66814,28.91892],[-13.66849,28.91836],[-13.66782,28.91884],[-13.66766,28.91947],[-13.66711,28.91934],[-13.66686,28.91897],[-13.66526,28.91969],[-13.66232,28.91988],[-13.65614,28.91973],[-13.65432,28.9188],[-13.65213,28.91892],[-13.6501,28.91959],[-13.64975,28.91942],[-13.64965,28.91963],[-13.64826,28.92004],[-13.6461,28.91942],[-13.64601,28.91919],[-13.64458,28.9196],[-13.64388,28.91928],[-13.64269,28.91999],[-13.64034,28.92046],[-13.63924,28.92106],[-13.63869,28.92249],[-13.63707,28.92448],[-13.63304,28.92734],[-13.63129,28.92798],[-13.63009,28.92812],[-13.62967,28.92797],[-13.6292,28.92718],[-13.62854,28.9269],[-13.62745,28.92673],[-13.62656,28.92691],[-13.62583,28.92731],[-13.6252,28.92839],[-13.62428,28.92924],[-13.62201,28.9305],[-13.62087,28.93076],[-13.61975,28.93148],[-13.61862,28.93181],[-13.61688,28.93147],[-13.61605,28.93105],[-13.61473,28.93236],[-13.61356,28.93301],[-13.61169,28.93455],[-13.61073,28.93473],[-13.60965,28.93426],[-13.60906,28.93499],[-13.60894,28.93647],[-13.60752,28.93931],[-13.60654,28.94071],[-13.60498,28.94224],[-13.605,28.94226]]]}},{"type":"Feature","properties":{"COD_POSTAL":"35120"},"geometry":{"type":"Polygon","coordinates":[[[-15.67001,27.76428],[-15.66994,27.76453],[-15.67205,27.76595],[-15.67572,27.77304],[-15.67698,27.76646],[-15.67883,27.76342],[-15.68209,27.76378],[-15.68301,27.7632],[-15.68512,27.76261],[-15.68529,27.76136],[-15.68492,27.76122],[-15.68511,27.76138],[-15.68486,27.76168],[-15.68438,27.76147],[-15.68436,27.76109],[-15.68464,27.76078],[-15.68392,27.75978],[-15.68285,27.76019],[-15.68229,27.75978],[-15.68208,27.759],[-15.68237,27.7581],[-15.68274,27.75772],[-15.68446,27.75839],[-15.68488,27.75761],[-15.68437,27.7582],[-15.68421,27.75803],[-15.68456,27.75744],[-15.68412,27.75803],[-15.68365,27.75776],[-15.68397,27.75716],[-15.68356,27.75779],[-15.6834,27.75772],[-15.68387,27.75681],[-15.68429,27.75699],[-15.68468,27.75633],[-15.68552,27.75675],[-15.68639,27.75869],[-15.68663,27.75868],[-15.68667,27.75844],[-15.68574,27.75629],[-15.68394,27.75542],[-15.68313,27.75529],[-15.68199,27.75555],[-15.68097,27.75659],[-15.68047,27.75649],[-15.67975,27.75588],[-15.67844,27.75682],[-15.67642,27.75703],[-15.67479,27.75806],[-15.67358,27.7597],[-15.6713,27.76124],[-15.6707,27.76204],[-15.67011,27.76356],[-15.67001,27.76428]]]}},{"type":"Feature","properties":{"COD_POSTAL":"35580"},"geometry":{"type":"Polygon","coordinates":[[[-13.77069,28.87255],[-13.85631,28.90167],[-13.85642,28.90119],[-13.85622,28.90103],[-13.85663,28.90052],[-13.85657,28.90005],[-13.85753,28.89944],[-13.85768,28.8991],[-13.8575,28.89892],[-13.85799,28.8991],[-13.85797,28.89882],[-13.85751,28.89862],[-13.85784,28.89831],[-13.85764,28.8979],[-13.85797,28.89795],[-13.85775,28.89774],[-13.85785,28.89745],[-13.85874,28.89743],[-13.85904,28.897],[-13.85917,28.89722],[-13.85903,28.89673],[-13.85966,28.89681],[-13.85958,28.89661],[-13.86004,28.89622],[-13.85979,28.89606],[-13.86079,28.89556],[-13.86163,28.8956],[-13.86182,28.89585],[-13.86316,28.89566],[-13.86307,28.89527],[-13.86334,28.8951],[-13.86351,28.89551],[-13.86453,28.8952],[-13.86634,28.89585],[-13.86618,28.89495],[-13.86651,28.89505],[-13.86703,28.89473],[-13.86876,28.89504],[-13.86928,28.89391],[-13.87341,28.89395],[-13.87354,28.89317],[-13.87406,28.89278],[-13.87406,28.89253],[-13.87473,28.89225],[-13.87483,28.89192],[-13.87556,28.89188],[-13.87609,28.89089],[-13.87646,28.89094],[-13.87659,28.89065],[-13.87738,28.8905],[-13.87875,28.88892],[-13.87928,28.88874],[-13.88035,28.8872],[-13.88107,28.88703],[-13.88166,28.88651],[-13.8822,28.8852],[-13.88179,28.88493],[-13.88164,28.88414],[-13.88094,28.88391],[-13.8808,28.88334],[-13.881,28.88327],[-13.88098,28.88292],[-13.88036,28.88158],[-13.87979,28.88125],[-13.87943,28.8806],[-13.87853,28.87995],[-13.87844,28.87959],[-13.87759,28.87883],[-13.87679,28.8783],[-13.87582,28.87807],[-13.87573,28.8775],[-13.87524,28.87716],[-13.87551,28.87658],[-13.87528,28.87656],[-13.87542,28.87617],[-13.87497,28.87547],[-13.87523,28.87489],[-13.87482,28.87432],[-13.8749,28.87367],[-13.8752,28.8734],[-13.8749,28.87316],[-13.87551,28.8725],[-13.8756,28.87191],[-13.87532,28.87171],[-13.87538,28.8704],[-13.87493,28.86876],[-13.87542,28.86828],[-13.87514,28.86822],[-13.87519,28.86801],[-13.87572,28.86778],[-13.87605,28.8673],[-13.87564,28.86677],[-13.87639,28.86664],[-13.87667,28.86615],[-13.87656,28.86586],[-13.87704,28.86577],[-13.87653,28.86546],[-13.87712,28.86524],[-13.87768,28.86387],[-13.87756,28.86337],[-13.87698,28.86292],[-13.87698,28.86254],[-13.87752,28.86261],[-13.87716,28.86209],[-13.87684,28.86232],[-13.87668,28.86188],[-13.87707,28.86176],[-13.87658,28.86105],[-13.87678,28.86104],[-13.87671,28.86079],[-13.8769,28.86078],[-13.87708,28.86024],[-13.87698,28.85951],[-13.87639,28.85871],[-13.87649,28.85852],[-13.87584,28.85858],[-13.87597,28.85835],[-13.87575,28.85847],[-13.87576,28.85814],[-13.87535,28.85809],[-13.87502,28.85767],[-13.87504,28.85702],[-13.87451,28.85694],[-13.87464,28.85644],[-13.87395,28.8564],[-13.87404,28.85603],[-13.87355,28.85599],[-13.87348,28.85563],[-13.8732,28.85559],[-13.8732,28.85532],[-13.87258,28.85476],[-13.87193,28.85473],[-13.87116,28.85497],[-13.87118,28.85514],[-13.86943,28.85547],[-13.8688,28.856],[-13.86778,28.85768],[-13.86751,28.85765],[-13.86695,28.85826],[-13.8654,28.85894],[-13.86507,28.85953],[-13.86323,28.86056],[-13.86111,28.86124],[-13.85918,28.8609],[-13.85812,28.86044],[-13.85607,28.86086],[-13.85524,28.86119],[-13.85471,28.86186],[-13.85424,28.86195],[-13.85229,28.86136],[-13.85115,28.86139],[-13.8504,28.86096],[-13.84865,28.86101],[-13.84831,28.86124],[-13.84669,28.86085],[-13.84418,28.85831],[-13.84332,28.858],[-13.84279,28.85662],[-13.8431,28.85785],[-13.84227,28.85789],[-13.84172,28.85752],[-13.84153,28.85692],[-13.84242,28.85701],[-13.84245,28.85683],[-13.84092,28.85688],[-13.83998,28.8554],[-13.8386,28.85571],[-13.83708,28.85668],[-13.83566,28.85885],[-13.83437,28.85812],[-13.83222,28.85933],[-13.83253,28.85957],[-13.83434,28.85865],[-13.83516,28.85918],[-13.83468,28.8598],[-13.83391,28.86024],[-13.83364,28.86011],[-13.83386,28.86046],[-13.83365,28.86067],[-13.83148,28.86125],[-13.83023,28.86225],[-13.82916,28.86258],[-13.8284,28.86251],[-13.82765,28.86183],[-13.82527,28.86187],[-13.82518,28.86096],[-13.8249,28.8608],[-13.82441,28.86085],[-13.82491,28.86105],[-13.82497,28.8617],[-13.82375,28.8621],[-13.82302,28.86198],[-13.82201,28.86135],[-13.82195,28.86101],[-13.82248,28.86086],[-13.82237,28.86067],[-13.82184,28.86077],[-13.82151,28.86135],[-13.81947,28.8612],[-13.81862,28.86067],[-13.81745,28.86034],[-13.81688,28.85971],[-13.8169,28.85942],[-13.81597,28.85918],[-13.81587,28.85872],[-13.81551,28.85851],[-13.81507,28.85912],[-13.8145,28.8591],[-13.81288,28.85793],[-13.81242,28.85612],[-13.81221,28.85598],[-13.81168,28.85626],[-13.81132,28.85602],[-13.81155,28.85493],[-13.81141,28.85452],[-13.81058,28.85542],[-13.81048,28.85636],[-13.80972,28.85653],[-13.80952,28.85685],[-13.80913,28.85691],[-13.80871,28.85648],[-13.80851,28.85695],[-13.80727,28.85746],[-13.80687,28.8573],[-13.80703,28.85721],[-13.80679,28.85703],[-13.80641,28.85736],[-13.80607,28.85732],[-13.80558,28.85687],[-13.80436,28.85731],[-13.80257,28.85882],[-13.80185,28.85883],[-13.79886,28.85751],[-13.79871,28.85589],[-13.79831,28.85572],[-13.79849,28.85494],[-13.79804,28.8544],[-13.79647,28.85512],[-13.79562,28.85496],[-13.79562,28.85464],[-13.79521,28.85476],[-13.7948,28.85412],[-13.79439,28.85422],[-13.79409,28.85401],[-13.79208,28.8513],[-13.7921,28.85089],[-13.79174,28.85074],[-13.79171,28.85034],[-13.79137,28.85002],[-13.79141,28.84954],[-13.79105,28.84949],[-13.79108,28.84913],[-13.79051,28.84864],[-13.78917,28.84536],[-13.78895,28.84426],[-13.78922,28.84385],[-13.78902,28.84357],[-13.78968,28.84304],[-13.78943,28.8427],[-13.78898,28.84276],[-13.78904,28.84259],[-13.78863,28.84283],[-13.78838,28.84245],[-13.78849,28.84206],[-13.78896,28.84217],[-13.78955,28.84183],[-13.78945,28.84139],[-13.78876,28.84095],[-13.78918,28.84064],[-13.78909,28.84038],[-13.78857,28.84019],[-13.78934,28.83999],[-13.7896,28.83954],[-13.78892,28.8391],[-13.78791,28.83932],[-13.78739,28.83845],[-13.78703,28.83876],[-13.78687,28.83857],[-13.78618,28.8388],[-13.78545,28.83949],[-13.78503,28.84025],[-13.78511,28.84076],[-13.78485,28.84159],[-13.7843,28.84237],[-13.78313,28.84308],[-13.78181,28.84322],[-13.78166,28.84355],[-13.78101,28.84386],[-13.7796,28.84341],[-13.77847,28.8438],[-13.77914,28.84474],[-13.77875,28.84612],[-13.77818,28.8461],[-13.77813,28.84663],[-13.77607,28.8473],[-13.7756,28.84778],[-13.77448,28.84791],[-13.77431,28.84943],[-13.77473,28.85027],[-13.77463,28.85149],[-13.77404,28.85198],[-13.77358,28.85193],[-13.77339,28.85232],[-13.77207,28.85274],[-13.77184,28.85335],[-13.77128,28.85372],[-13.77159,28.8544],[-13.77137,28.85468],[-13.77226,28.85535],[-13.77168,28.85663],[-13.77088,28.85723],[-13.76915,28.85732],[-13.76877,28.85856],[-13.76723,28.85906],[-13.76665,28.85963],[-13.76648,28.86112],[-13.7655,28.86138],[-13.76533,28.86171],[-13.7647,28.86172],[-13.76415,28.86301],[-13.76435,28.86336],[-13.76401,28.86364],[-13.76373,28.86339],[-13.76325,28.86357],[-13.77069,28.87255]]]}},{"type":"Feature","properties":{"COD_POSTAL":"35479"},"geometry":{"type":"Polygon","coordinates":[[[-15.74972,27.9881],[-15.75012,27.98875],[-15.74916,27.99071],[-15.74843,27.99156],[-15.74877,27.99286],[-15.74829,27.99396],[-15.74854,27.99456],[-15.74839,27.99599],[-15.74805,27.99691],[-15.74818,27.99774],[-15.74797,27.99914],[-15.74815,27.99955],[-15.74777,28.00073],[-15.74739,28.00108],[-15.74783,28.00265],[-15.74753,28.00332],[-15.74763,28.00381],[-15.74675,28.00444],[-15.74643,28.00525],[-15.7467,28.0064],[-15.74743,28.00707],[-15.74844,28.00936],[-15.74827,28.01139],[-15.74854,28.01221],[-15.74901,28.01256],[-15.74867,28.01304],[-15.74868,28.01384],[-15.74975,28.01651],[-15.75122,28.01828],[-15.75973,28.02426],[-15.76642,28.02836],[-15.77189,28.03247],[-15.77247,28.03239],[-15.77249,28.03205],[-15.77276,28.03215],[-15.77288,28.03167],[-15.77352,28.03123],[-15.77377,28.03075],[-15.77446,28.03061],[-15.77449,28.03011],[-15.7762,28.03013],[-15.77634,28.02917],[-15.7768,28.02902],[-15.77702,28.02838],[-15.77797,28.02898],[-15.77824,28.02891],[-15.7783,28.0285],[-15.77789,28.02858],[-15.77886,28.02821],[-15.77897,28.02764],[-15.7793,28.02735],[-15.77926,28.02671],[-15.78044,28.02482],[-15.7823,28.02425],[-15.783,28.02376],[-15.78313,28.02341],[-15.78403,28.02309],[-15.78419,28.02284],[-15.78506,28.02273],[-15.78531,28.02201],[-15.7862,28.02119],[-15.78728,28.02112],[-15.78791,28.02037],[-15.78835,28.02043],[-15.78829,28.0208],[-15.78857,28.02113],[-15.7893,28.02111],[-15.7891,28.02029],[-15.7902,28.01926],[-15.79071,28.01929],[-15.79106,28.01986],[-15.79197,28.01934],[-15.79245,28.01942],[-15.79231,28.01899],[-15.79251,28.01856],[-15.79301,28.01872],[-15.79331,28.01831],[-15.79411,28.01837],[-15.79508,28.01775],[-15.79792,28.01709],[-15.8005,28.01695],[-15.80111,28.0171],[-15.80321,28.01628],[-15.80455,28.01632],[-15.80532,28.01593],[-15.80757,28.01626],[-15.80835,28.01663],[-15.8089,28.01721],[-15.81104,28.01724],[-15.81124,28.01765],[-15.81156,28.01774],[-15.81165,28.01748],[-15.81268,28.01717],[-15.81288,28.01678],[-15.81362,28.01684],[-15.81419,28.01741],[-15.81632,28.01587],[-15.81917,28.01509],[-15.82006,28.0143],[-15.82095,28.01406],[-15.82182,28.01419],[-15.82291,28.01358],[-15.82298,28.01324],[-15.82267,28.0128],[-15.82154,28.01209],[-15.82117,28.01135],[-15.82,28.01056],[-15.81991,28.00972],[-15.81916,28.00973],[-15.81881,28.00924],[-15.81961,28.0085],[-15.81899,28.00694],[-15.81937,28.0056],[-15.819,28.00563],[-15.81894,28.0063],[-15.81858,28.00674],[-15.81828,28.00651],[-15.81784,28.00658],[-15.81738,28.00592],[-15.81736,28.00513],[-15.81918,28.00052],[-15.81975,27.99986],[-15.82067,27.99961],[-15.82138,27.99838],[-15.82106,27.9973],[-15.82154,27.9968],[-15.82103,27.99656],[-15.821,27.99625],[-15.82113,27.99602],[-15.8215,27.99613],[-15.82101,27.99563],[-15.82077,27.99496],[-15.82086,27.9942],[-15.82164,27.99328],[-15.823,27.99319],[-15.82256,27.99259],[-15.82295,27.99246],[-15.8224,27.99201],[-15.82228,27.9914],[-15.82268,27.98916],[-15.82321,27.98799],[-15.82435,27.9865],[-15.8256,27.98556],[-15.82601,27.98553],[-15.82611,27.98594],[-15.8265,27.98619],[-15.82741,27.98597],[-15.82756,27.98547],[-15.82711,27.98484],[-15.82661,27.98471],[-15.82648,27.98387],[-15.82687,27.98226],[-15.82755,27.98133],[-15.82733,27.9809],[-15.82767,27.97984],[-15.82802,27.97951],[-15.82914,27.97924],[-15.82924,27.97872],[-15.82957,27.97854],[-15.82942,27.97839],[-15.82967,27.97821],[-15.82965,27.9779],[-15.83119,27.97688],[-15.83197,27.97552],[-15.83301,27.97482],[-15.83354,27.9731],[-15.83353,27.97226],[-15.83423,27.97091],[-15.83367,27.96802],[-15.8332,27.96765],[-15.83352,27.96649],[-15.83288,27.96415],[-15.83317,27.96194],[-15.83385,27.96125],[-15.83316,27.9594],[-15.83239,27.95882],[-15.83118,27.95855],[-15.83056,27.95766],[-15.83045,27.95629],[-15.8301,27.95542],[-15.8307,27.95454],[-15.83084,27.95308],[-15.82949,27.95068],[-15.82879,27.95023],[-15.82822,27.94946],[-15.82761,27.94624],[-15.82823,27.94399],[-15.8279,27.94142],[-15.82909,27.94052],[-15.82925,27.93958],[-15.83001,27.93855],[-15.82996,27.93818],[-15.82952,27.93803],[-15.82934,27.93769],[-15.82957,27.93676],[-15.82934,27.93594],[-15.83008,27.93477],[-15.82985,27.93422],[-15.83012,27.93381],[-15.82963,27.93334],[-15.82937,27.93138],[-15.83026,27.92942],[-15.83113,27.92901],[-15.83163,27.92825],[-15.83118,27.92799],[-15.83151,27.92773],[-15.83082,27.92708],[-15.8308,27.92664],[-15.83093,27.92613],[-15.83147,27.92591],[-15.83131,27.92558],[-15.83153,27.92521],[-15.83127,27.92523],[-15.83171,27.92426],[-15.83158,27.92357],[-15.8334,27.92242],[-15.83406,27.92115],[-15.83444,27.91887],[-15.83424,27.91882],[-15.83445,27.91834],[-15.83419,27.91778],[-15.8346,27.91572],[-15.83408,27.91402],[-15.83362,27.91375],[-15.83319,27.91304],[-15.83333,27.91178],[-15.83302,27.91078],[-15.83313,27.90986],[-15.83201,27.90912],[-15.83198,27.90869],[-15.83166,27.90853],[-15.83158,27.90778],[-15.83102,27.90753],[-15.83072,27.90686],[-15.83023,27.90678],[-15.83024,27.90648],[-15.82912,27.90674],[-15.82794,27.90587],[-15.82652,27.90347],[-15.82656,27.90309],[-15.82686,27.90297],[-15.82668,27.90252],[-15.82649,27.90242],[-15.82632,27.90263],[-15.82549,27.90222],[-15.82538,27.90167],[-15.82563,27.90141],[-15.82508,27.90098],[-15.82501,27.90055],[-15.82342,27.8997],[-15.823,27.89916],[-15.82278,27.89803],[-15.82234,27.89724],[-15.82141,27.89658],[-15.82108,27.8958],[-15.81938,27.89445],[-15.81908,27.89356],[-15.81777,27.89269],[-15.81745,27.89099],[-15.8153,27.88847],[-15.81439,27.88595],[-15.79115,27.89866],[-15.82511,27.95132],[-15.80492,27.95446],[-15.79896,27.97079],[-15.79137,27.97707],[-15.79095,27.97802],[-15.7919,27.98714],[-15.7913,27.9889],[-15.7878,27.98726],[-15.78489,27.98967],[-15.77891,27.99088],[-15.77607,27.98192],[-15.78136,27.97653],[-15.78209,27.97308],[-15.7793,27.96918],[-15.77675,27.97007],[-15.77605,27.97272],[-15.76689,27.97235],[-15.7479,27.97546],[-15.74834,27.97671],[-15.74814,27.97751],[-15.74825,27.97828],[-15.74751,27.97924],[-15.74759,27.98133],[-15.7483,27.98335],[-15.74868,27.98381],[-15.74833,27.98514],[-15.74903,27.98588],[-15.75045,27.98674],[-15.75055,27.98703],[-15.75054,27.98752],[-15.74962,27.98799],[-15.74972,27.9881]]]}},{"type":"Feature","properties":{"COD_POSTAL":"35572"},"geometry":{"type":"Polygon","coordinates":[[[-13.61971,28.96021],[-13.62509,28.96701],[-13.63177,28.9728],[-13.63213,28.97345],[-13.63446,28.97582],[-13.63595,28.97917],[-13.6374,28.98165],[-13.63889,28.98309],[-13.64238,28.98544],[-13.64307,28.98615],[-13.64438,28.98868],[-13.64551,28.99216],[-13.64637,28.99379],[-13.64675,28.99581],[-13.64761,28.99708],[-13.64729,28.99969],[-13.64744,29.00033],[-13.65183,29.00624],[-13.66044,29.00575],[-13.69457,28.98678],[-13.69806,28.98458],[-13.68316,28.97121],[-13.66561,28.95307],[-13.6608,28.94503],[-13.65352,28.94358],[-13.64617,28.9449],[-13.61796,28.95762],[-13.61907,28.95902],[-13.61971,28.96021]]]}},{"type":"Feature","properties":{"COD_POSTAL":"35017"},"geometry":{"type":"Polygon","coordinates":[[[-15.4801,28.05547],[-15.47949,28.05556],[-15.47838,28.05632],[-15.47792,28.05802],[-15.47773,28.05809],[-15.47742,28.05642],[-15.47502,28.05428],[-15.47141,28.05016],[-15.4705,28.04872],[-15.47004,28.04694],[-15.46922,28.04563],[-15.46796,28.04206],[-15.46679,28.04214],[-15.46634,28.04167],[-15.46549,28.04157],[-15.46438,28.04017],[-15.4639,28.04001],[-15.4629,28.04016],[-15.46216,28.03966],[-15.45982,28.03612],[-15.45859,28.03578],[-15.45568,28.0363],[-15.45422,28.03558],[-15.45224,28.03394],[-15.45126,28.03261],[-15.45077,28.03087],[-15.45281,28.02839],[-15.4543,28.02786],[-15.45567,28.02804],[-15.45568,28.02667],[-15.45616,28.02495],[-15.45518,28.02443],[-15.45265,28.02525],[-15.45204,28.02469],[-15.4512,28.02537],[-15.44946,28.02498],[-15.44832,28.02571],[-15.44722,28.02583],[-15.44688,28.02623],[-15.44682,28.02726],[-15.4444,28.02764],[-15.44437,28.02884],[-15.44352,28.02989],[-15.44322,28.0309],[-15.44238,28.03147],[-15.44116,28.03144],[-15.44097,28.03191],[-15.44028,28.03216],[-15.43921,28.03347],[-15.4389,28.03354],[-15.43829,28.03317],[-15.43713,28.03322],[-15.43418,28.03501],[-15.43165,28.03471],[-15.43318,28.03607],[-15.43414,28.03764],[-15.43207,28.03902],[-15.43221,28.04382],[-15.42931,28.04695],[-15.42869,28.04791],[-15.42469,28.04717],[-15.42086,28.04754],[-15.41909,28.04717],[-15.41723,28.04599],[-15.41585,28.04714],[-15.41612,28.04788],[-15.41568,28.04869],[-15.4144,28.04943],[-15.41357,28.05064],[-15.41375,28.05095],[-15.41353,28.05104],[-15.41383,28.05142],[-15.41329,28.05145],[-15.41326,28.05284],[-15.41358,28.0531],[-15.41349,28.05345],[-15.41418,28.05375],[-15.4145,28.05492],[-15.41455,28.05432],[-15.41561,28.05443],[-15.41633,28.05483],[-15.41755,28.05608],[-15.41801,28.05713],[-15.41912,28.0586],[-15.41998,28.06083],[-15.41977,28.06245],[-15.42486,28.06029],[-15.43055,28.0586],[-15.43331,28.05918],[-15.43473,28.0625],[-15.43473,28.06331],[-15.43275,28.07627],[-15.43497,28.08129],[-15.44075,28.08037],[-15.44486,28.08162],[-15.44545,28.08121],[-15.44744,28.08118],[-15.44761,28.08128],[-15.44622,28.08302],[-15.44728,28.08402],[-15.44965,28.08065],[-15.45203,28.07994],[-15.45866,28.0731],[-15.46203,28.07239],[-15.46266,28.07243],[-15.46381,28.07201],[-15.4632,28.06995],[-15.47141,28.06781],[-15.47699,28.07025],[-15.47948,28.07065],[-15.48358,28.07056],[-15.49105,28.06536],[-15.49367,28.05669],[-15.49552,28.05146],[-15.49517,28.05136],[-15.49296,28.04746],[-15.49101,28.04777],[-15.48857,28.04961],[-15.48654,28.05032],[-15.48443,28.05239],[-15.48335,28.05239],[-15.4799,28.0547],[-15.4801,28.05547]]]}},{"type":"Feature","properties":{"COD_POSTAL":"35138"},"geometry":{"type":"Polygon","coordinates":[[[-15.70688,27.79721],[-15.68535,27.81447],[-15.69572,27.8329],[-15.70286,27.84191],[-15.70965,27.83723],[-15.73475,27.82648],[-15.7488,27.83027],[-15.7533,27.83432],[-15.76134,27.82453],[-15.76326,27.82111],[-15.76429,27.82095],[-15.76862,27.81833],[-15.76743,27.81771],[-15.76741,27.81641],[-15.76629,27.81566],[-15.76334,27.81553],[-15.76345,27.81585],[-15.76615,27.81602],[-15.767,27.8165],[-15.76696,27.81714],[-15.76668,27.81738],[-15.7667,27.81713],[-15.76638,27.81711],[-15.76643,27.81661],[-15.76593,27.81657],[-15.76588,27.81729],[-15.76552,27.81727],[-15.7655,27.81637],[-15.76545,27.81726],[-15.76513,27.81725],[-15.76507,27.81635],[-15.76506,27.81724],[-15.76472,27.81722],[-15.7647,27.81652],[-15.76466,27.81704],[-15.76418,27.81701],[-15.76424,27.81633],[-15.7639,27.8163],[-15.76344,27.81694],[-15.76424,27.81789],[-15.7643,27.81828],[-15.76385,27.81765],[-15.76381,27.8179],[-15.76325,27.81804],[-15.7622,27.8175],[-15.76244,27.81704],[-15.76294,27.8169],[-15.76172,27.81684],[-15.7618,27.81719],[-15.7615,27.81729],[-15.75943,27.81639],[-15.75808,27.81623],[-15.75785,27.81588],[-15.75696,27.81573],[-15.75678,27.81589],[-15.75652,27.81541],[-15.75592,27.81529],[-15.75564,27.81468],[-15.75393,27.81457],[-15.75263,27.81329],[-15.75217,27.8118],[-15.75109,27.81028],[-15.74994,27.80788],[-15.74865,27.80664],[-15.74755,27.80746],[-15.7471,27.80688],[-15.746,27.80732],[-15.74548,27.80716],[-15.74533,27.80688],[-15.74564,27.80627],[-15.74544,27.80612],[-15.74573,27.80591],[-15.7456,27.80515],[-15.74502,27.80481],[-15.74442,27.80526],[-15.74398,27.80448],[-15.74348,27.80423],[-15.74306,27.80445],[-15.74276,27.80427],[-15.74229,27.80345],[-15.74242,27.80315],[-15.74219,27.80312],[-15.74248,27.80274],[-15.74215,27.80235],[-15.74233,27.802],[-15.74224,27.80142],[-15.7413,27.80063],[-15.74023,27.80169],[-15.7394,27.80154],[-15.73917,27.80116],[-15.73929,27.79949],[-15.73859,27.7985],[-15.7383,27.79843],[-15.73798,27.79882],[-15.73758,27.79881],[-15.73616,27.79781],[-15.73521,27.79749],[-15.73341,27.79771],[-15.73202,27.7986],[-15.73149,27.7986],[-15.73032,27.79787],[-15.72979,27.79696],[-15.72793,27.79592],[-15.72733,27.7952],[-15.72716,27.79449],[-15.72866,27.79347],[-15.72842,27.79329],[-15.72861,27.79279],[-15.72661,27.78999],[-15.72645,27.79021],[-15.72567,27.79008],[-15.72647,27.79035],[-15.72619,27.79154],[-15.72521,27.79146],[-15.72449,27.79114],[-15.72206,27.79283],[-15.71791,27.79473],[-15.70688,27.79721]]]}},{"type":"Feature","properties":{"COD_POSTAL":"35650"},"geometry":{"type":"Polygon","coordinates":[[[-13.89319,28.75644],[-13.89381,28.7564],[-13.89374,28.75533],[-13.89396,28.7553],[-13.89406,28.75476],[-13.89446,28.75452],[-13.8955,28.75281],[-13.89585,28.75272],[-13.89624,28.75294],[-13.89657,28.75265],[-13.89755,28.75245],[-13.8989,28.7528],[-13.89948,28.75359],[-13.90044,28.7536],[-13.90156,28.75322],[-13.90212,28.75244],[-13.90185,28.75189],[-13.90247,28.75167],[-13.90282,28.75042],[-13.90373,28.74994],[-13.90406,28.74908],[-13.90506,28.74892],[-13.90554,28.74911],[-13.90609,28.74872],[-13.90759,28.74837],[-13.90785,28.74812],[-13.90799,28.74711],[-13.9085,28.74753],[-13.90876,28.74823],[-13.90971,28.74881],[-13.91082,28.74818],[-13.91064,28.74726],[-13.91156,28.74805],[-13.91264,28.74824],[-13.91325,28.74864],[-13.91373,28.7484],[-13.91441,28.74879],[-13.91534,28.74854],[-13.9151,28.74749],[-13.91584,28.74727],[-13.91624,28.74656],[-13.91748,28.74747],[-13.91949,28.7473],[-13.91985,28.74785],[-13.92003,28.74775],[-13.92011,28.74855],[-13.92078,28.74964],[-13.92228,28.74985],[-13.92238,28.75104],[-13.92261,28.75124],[-13.92478,28.75175],[-13.92687,28.75153],[-13.92957,28.74935],[-13.93092,28.74913],[-13.93178,28.74933],[-13.93317,28.74829],[-13.93364,28.74703],[-13.93439,28.7468],[-13.93441,28.74589],[-13.9338,28.74453],[-13.93488,28.74446],[-13.93538,28.74295],[-13.9354,28.74233],[-13.9351,28.74196],[-13.9362,28.74146],[-13.9374,28.74203],[-13.93836,28.74128],[-13.9381,28.74021],[-13.93709,28.7395],[-13.93782,28.73945],[-13.9378,28.73903],[-13.9384,28.73936],[-13.93861,28.7393],[-13.93843,28.73895],[-13.93916,28.73926],[-13.93905,28.74025],[-13.93968,28.74152],[-13.93974,28.74315],[-13.94082,28.74419],[-13.94016,28.74541],[-13.94167,28.7462],[-13.94204,28.74609],[-13.94206,28.74537],[-13.94288,28.74452],[-13.94345,28.74409],[-13.94408,28.74403],[-13.94436,28.74359],[-13.94587,28.74373],[-13.94648,28.74276],[-13.94726,28.7434],[-13.94799,28.74293],[-13.94847,28.742],[-13.94998,28.7409],[-13.95079,28.74143],[-13.9513,28.7413],[-13.95202,28.74045],[-13.9518,28.73927],[-13.95307,28.73875],[-13.95331,28.73833],[-13.95408,28.73824],[-13.9542,28.73796],[-13.95378,28.73781],[-13.95381,28.73759],[-13.95452,28.73695],[-13.95501,28.73711],[-13.95508,28.73659],[-13.95537,28.73635],[-13.95526,28.73609],[-13.95573,28.73596],[-13.95564,28.73564],[-13.95662,28.73558],[-13.95681,28.73516],[-13.95737,28.73522],[-13.95772,28.73555],[-13.95726,28.73628],[-13.95755,28.73711],[-13.95874,28.73762],[-13.95902,28.73732],[-13.95947,28.73733],[-13.95936,28.73668],[-13.95953,28.73643],[-13.96,28.73636],[-13.96077,28.73694],[-13.96169,28.73628],[-13.96206,28.73579],[-13.96191,28.73419],[-13.96276,28.73426],[-13.96325,28.73402],[-13.96345,28.73418],[-13.96358,28.73377],[-13.96432,28.73371],[-13.96476,28.73339],[-13.96552,28.73384],[-13.96614,28.7337],[-13.96895,28.73512],[-13.96917,28.73474],[-13.96947,28.7349],[-13.9696,28.73447],[-13.97067,28.73414],[-13.97052,28.73352],[-13.96998,28.73321],[-13.97014,28.73261],[-13.97044,28.73261],[-13.97036,28.73226],[-13.9708,28.73216],[-13.9706,28.73135],[-13.97152,28.73092],[-13.97191,28.73123],[-13.97247,28.73095],[-13.97294,28.73126],[-13.97314,28.73163],[-13.97301,28.73185],[-13.97386,28.73302],[-13.97426,28.73408],[-13.97578,28.73495],[-13.97711,28.73476],[-13.9778,28.73417],[-13.97795,28.73359],[-13.97734,28.73278],[-13.97733,28.73206],[-13.97676,28.73126],[-13.97692,28.73096],[-13.97791,28.73094],[-13.9788,28.73179],[-13.97998,28.73211],[-13.9803,28.73198],[-13.98048,28.73102],[-13.9816,28.7307],[-13.98229,28.73015],[-13.98181,28.73009],[-13.98205,28.72972],[-13.98109,28.72886],[-13.98034,28.72861],[-13.97996,28.72804],[-13.98034,28.72739],[-13.98089,28.72703],[-13.98246,28.72892],[-13.98324,28.72935],[-13.98318,28.72864],[-13.9834,28.72846],[-13.98393,28.72871],[-13.98408,28.72904],[-13.98443,28.72862],[-13.98476,28.72868],[-13.98461,28.72816],[-13.98489,28.72787],[-13.98507,28.72797],[-13.98514,28.72711],[-13.98565,28.72703],[-13.98593,28.72741],[-13.98612,28.72713],[-13.98659,28.72746],[-13.98717,28.72722],[-13.98715,28.72599],[-13.98744,28.72576],[-13.98699,28.72533],[-13.98705,28.72491],[-13.98782,28.72492],[-13.98787,28.7246],[-13.98892,28.72388],[-13.98993,28.72417],[-13.99202,28.7235],[-13.99289,28.72401],[-13.9937,28.72316],[-13.99464,28.72321],[-13.99536,28.72286],[-13.99764,28.72368],[-13.99824,28.72335],[-13.99853,28.72361],[-13.99859,28.72415],[-13.99937,28.72378],[-13.99888,28.72289],[-13.99946,28.72213],[-13.99776,28.72067],[-13.99781,28.72015],[-13.9983,28.71962],[-13.99927,28.71963],[-14.00017,28.71897],[-14.00035,28.71835],[-14.00059,28.71824],[-14.00056,28.71787],[-14.00117,28.71798],[-14.00163,28.71757],[-14.00223,28.71761],[-14.00206,28.71645],[-14.00259,28.71532],[-14.00298,28.71521],[-14.00325,28.71545],[-14.00349,28.71527],[-14.00413,28.71554],[-14.00456,28.71471],[-14.00512,28.71448],[-14.00604,28.71451],[-14.00613,28.71365],[-14.00488,28.71344],[-14.00473,28.71288],[-14.00536,28.71268],[-14.00505,28.71245],[-14.00443,28.71268],[-14.00417,28.71208],[-14.00486,28.71116],[-14.00626,28.71063],[-14.00737,28.71074],[-14.00735,28.71134],[-14.00769,28.71167],[-14.00801,28.71169],[-14.00831,28.71116],[-14.00874,28.71142],[-14.00983,28.71116],[-14.01023,28.71142],[-14.01068,28.71226],[-14.0112,28.71192],[-14.01123,28.7116],[-14.01191,28.71173],[-14.01227,28.71142],[-14.01299,28.71224],[-14.01263,28.7133],[-14.0127,28.71378],[-14.01245,28.71408],[-14.01308,28.71409],[-14.01308,28.71455],[-14.0127,28.71498],[-14.01329,28.71573],[-14.01301,28.71682],[-14.01362,28.71651],[-14.01425,28.71676],[-14.01553,28.71592],[-14.01597,28.71533],[-14.01613,28.71457],[-14.01575,28.71404],[-14.0161,28.71393],[-14.01616,28.71359],[-14.01545,28.71307],[-14.01477,28.71335],[-14.01412,28.71278],[-14.01486,28.7125],[-14.01513,28.71185],[-14.01735,28.71238],[-14.0172,28.71164],[-14.0174,28.71115],[-14.01772,28.71099],[-14.01784,28.71058],[-14.01823,28.7108],[-14.01794,28.71033],[-14.01856,28.70982],[-14.01752,28.70893],[-14.01606,28.70858],[-14.01582,28.70875],[-14.01574,28.70931],[-14.01415,28.70952],[-14.01404,28.70914],[-14.01471,28.70825],[-14.01451,28.70779],[-14.01409,28.70769],[-14.01373,28.7072],[-14.01489,28.70532],[-14.01465,28.70443],[-14.01617,28.70545],[-14.01613,28.70632],[-14.01686,28.70622],[-14.01692,28.70665],[-14.01794,28.70704],[-14.01816,28.70701],[-14.01824,28.70608],[-14.01869,28.70579],[-14.01854,28.70542],[-14.01886,28.70446],[-14.01841,28.70438],[-14.01819,28.70386],[-14.01884,28.70322],[-14.01922,28.70314],[-14.01887,28.70272],[-14.01848,28.70286],[-14.01774,28.70268],[-14.01755,28.70194],[-14.01784,28.70194],[-14.01805,28.70231],[-14.01858,28.70171],[-14.01797,28.7012],[-14.01762,28.70139],[-14.01759,28.70115],[-14.01715,28.70099],[-14.01733,28.70017],[-14.01711,28.69986],[-14.01742,28.69985],[-14.0175,28.69946],[-14.01731,28.69885],[-14.01682,28.69866],[-14.01658,28.69809],[-14.01667,28.6979],[-14.01714,28.69796],[-14.01746,28.69721],[-14.01782,28.69714],[-14.0174,28.69646],[-14.01669,28.69614],[-14.01673,28.69576],[-14.01725,28.69549],[-14.01789,28.69565],[-14.0183,28.69525],[-14.01829,28.69472],[-14.01868,28.69466],[-14.01809,28.69427],[-14.01849,28.6936],[-14.01826,28.69322],[-14.01798,28.69321],[-14.01776,28.69366],[-14.01727,28.69385],[-14.01667,28.69375],[-14.01627,28.69337],[-14.01621,28.69302],[-14.01758,28.69203],[-14.01691,28.69208],[-14.01644,28.69259],[-14.01518,28.69303],[-14.01287,28.69163],[-14.01218,28.68982],[-14.01249,28.68938],[-14.01305,28.68942],[-14.01304,28.68835],[-14.01393,28.68745],[-14.01388,28.6865],[-14.0141,28.686],[-14.01251,28.68418],[-14.01154,28.68397],[-14.01134,28.68347],[-14.01161,28.68308],[-14.01353,28.68307],[-14.01361,28.68248],[-14.01286,28.68074],[-14.01262,28.68057],[-14.01205,28.68081],[-14.01275,28.68093],[-14.01298,28.68176],[-14.01178,28.68122],[-14.011,28.68054],[-14.01119,28.68004],[-14.01062,28.67938],[-14.01057,28.67873],[-14.01035,28.67858],[-14.00978,28.67873],[-14.00942,28.67796],[-14.00904,28.67782],[-14.00866,28.67723],[-14.00887,28.67624],[-14.00924,28.67571],[-14.00902,28.67563],[-14.00894,28.67513],[-14.00926,28.67355],[-14.01036,28.67128],[-14.01019,28.67044],[-14.01036,28.66988],[-14.01161,28.66754],[-14.01165,28.66609],[-14.01386,28.66456],[-14.01401,28.66391],[-14.01378,28.66261],[-14.01485,28.66094],[-13.92699,28.66233],[-13.90291,28.67288],[-13.90547,28.71613],[-13.89135,28.75014],[-13.89316,28.75643],[-13.89319,28.75644]]]}},{"type":"Feature","properties":{"COD_POSTAL":"35612"},"geometry":{"type":"Polygon","coordinates":[[[-13.86823,28.57081],[-13.87711,28.57189],[-13.88119,28.57285],[-13.88563,28.57293],[-13.88747,28.57259],[-13.88976,28.57053],[-13.89116,28.57135],[-13.89232,28.57133],[-13.89648,28.56866],[-13.8827,28.52844],[-13.89079,28.52925],[-13.92124,28.54408],[-13.92565,28.51118],[-13.94188,28.5049],[-13.94191,28.50471],[-13.94043,28.50447],[-13.93482,28.4997],[-13.93439,28.49858],[-13.92962,28.49696],[-13.92794,28.49662],[-13.92591,28.49235],[-13.92622,28.49124],[-13.92627,28.48835],[-13.9249,28.48297],[-13.91663,28.48053],[-13.91465,28.48023],[-13.91267,28.4781],[-13.9108,28.4782],[-13.90632,28.47687],[-13.89941,28.45222],[-13.87823,28.4663],[-13.88748,28.50414],[-13.87525,28.52485],[-13.83479,28.52735],[-13.83539,28.52963],[-13.83506,28.53033],[-13.83572,28.53086],[-13.83581,28.53124],[-13.8355,28.53192],[-13.83433,28.53279],[-13.83437,28.53416],[-13.8346,28.53447],[-13.83633,28.53498],[-13.83779,28.53606],[-13.8386,28.53734],[-13.83877,28.5389],[-13.83759,28.53928],[-13.83776,28.54149],[-13.83692,28.54337],[-13.8363,28.54366],[-13.83502,28.54342],[-13.83372,28.54398],[-13.83282,28.54488],[-13.83164,28.54526],[-13.83091,28.54658],[-13.83081,28.54739],[-13.8302,28.54832],[-13.82999,28.55029],[-13.82842,28.55189],[-13.82714,28.55225],[-13.82612,28.55199],[-13.82587,28.55258],[-13.82587,28.55288],[-13.82633,28.55327],[-13.82632,28.55358],[-13.82584,28.55401],[-13.82602,28.55447],[-13.82555,28.55532],[-13.82593,28.556],[-13.82597,28.55682],[-13.82637,28.55725],[-13.82748,28.55761],[-13.82973,28.55906],[-13.82968,28.56254],[-13.82884,28.56382],[-13.83426,28.56452],[-13.84776,28.56793],[-13.85434,28.5688],[-13.85741,28.56866],[-13.86211,28.56928],[-13.86793,28.57074],[-13.86823,28.57081]]]}},{"type":"Feature","properties":{"COD_POSTAL":"35413"},"geometry":{"type":"MultiPolygon","coordinates":[[[[-15.5721,28.13315],[-15.57082,28.13357],[-15.57361,28.14517],[-15.57368,28.14414],[-15.57503,28.14371],[-15.57363,28.13321],[-15.5721,28.13315]]],[[[-15.54975,28.08616],[-15.54448,28.0899],[-15.54463,28.09086],[-15.54814,28.09578],[-15.54895,28.0952],[-15.54926,28.0941],[-15.54996,28.09379],[-15.54995,28.0933],[-15.5503,28.09292],[-15.55023,28.09248],[-15.55116,28.09225],[-15.55204,28.08933],[-15.55169,28.08808],[-15.54994,28.08655],[-15.54975,28.08616]]],[[[-15.52592,28.15369],[-15.52616,28.15402],[-15.52634,28.15372],[-15.52657,28.15395],[-15.5294,28.14723],[-15.52752,28.14565],[-15.52347,28.146],[-15.52242,28.14401],[-15.52319,28.14296],[-15.52316,28.13983],[-15.52548,28.13807],[-15.52769,28.13906],[-15.53286,28.13806],[-15.53347,28.13658],[-15.53753,28.13749],[-15.54021,28.13749],[-15.54272,28.14015],[-15.54461,28.14136],[-15.54438,28.13996],[-15.54331,28.13954],[-15.5438,28.13842],[-15.54372,28.13605],[-15.54388,28.13585],[-15.5436,28.13483],[-15.54219,28.13283],[-15.5419,28.13165],[-15.54115,28.13034],[-15.54188,28.12784],[-15.54213,28.12537],[-15.54242,28.12483],[-15.53702,28.12578],[-15.53514,28.12782],[-15.52908,28.12707],[-15.52686,28.12458],[-15.52439,28.12566],[-15.52168,28.12522],[-15.52038,28.12646],[-15.51946,28.12659],[-15.513,28.12356],[-15.51082,28.1255],[-15.51045,28.12616],[-15.51164,28.12658],[-15.51147,28.13009],[-15.51331,28.13139],[-15.51364,28.13286],[-15.51216,28.13376],[-15.51048,28.13703],[-15.50522,28.13942],[-15.50367,28.14176],[-15.49335,28.13973],[-15.4951,28.13569],[-15.49805,28.13222],[-15.49889,28.13016],[-15.49861,28.12959],[-15.49001,28.12576],[-15.48999,28.12646],[-15.48922,28.12673],[-15.48826,28.1282],[-15.48802,28.12929],[-15.48706,28.12985],[-15.48725,28.13295],[-15.487,28.13309],[-15.48631,28.13274],[-15.48583,28.13291],[-15.48567,28.13358],[-15.48488,28.13467],[-15.48483,28.13519],[-15.48524,28.13495],[-15.48592,28.13541],[-15.48599,28.13683],[-15.48635,28.13706],[-15.48638,28.13764],[-15.48683,28.13824],[-15.48727,28.13852],[-15.48797,28.13837],[-15.48787,28.13885],[-15.48836,28.13863],[-15.48827,28.1394],[-15.48902,28.13968],[-15.48857,28.14007],[-15.48888,28.1404],[-15.48882,28.14073],[-15.48919,28.14035],[-15.48932,28.14051],[-15.48961,28.14039],[-15.48971,28.14098],[-15.49001,28.1412],[-15.49021,28.14099],[-15.49004,28.14155],[-15.49049,28.14125],[-15.49075,28.14169],[-15.49127,28.14078],[-15.49143,28.14109],[-15.49158,28.14072],[-15.49197,28.14067],[-15.49483,28.1425],[-15.49535,28.14324],[-15.49632,28.14332],[-15.49625,28.14384],[-15.49595,28.14364],[-15.49573,28.14388],[-15.49592,28.14422],[-15.49564,28.14516],[-15.49611,28.14439],[-15.49644,28.14477],[-15.49655,28.14429],[-15.49704,28.14429],[-15.49707,28.14393],[-15.49756,28.14361],[-15.49775,28.14307],[-15.49842,28.14265],[-15.4991,28.14248],[-15.50012,28.14272],[-15.50073,28.14261],[-15.50247,28.14426],[-15.50283,28.14544],[-15.50366,28.14575],[-15.50409,28.1456],[-15.50547,28.14633],[-15.50622,28.14639],[-15.50735,28.14551],[-15.50764,28.14599],[-15.50726,28.14686],[-15.50751,28.14744],[-15.50801,28.14785],[-15.50826,28.1474],[-15.50849,28.1482],[-15.50865,28.14816],[-15.50857,28.14778],[-15.50874,28.14814],[-15.5089,28.14789],[-15.5092,28.14827],[-15.50918,28.14784],[-15.50947,28.14787],[-15.50965,28.14754],[-15.51016,28.14811],[-15.51016,28.14778],[-15.51082,28.14783],[-15.51104,28.14835],[-15.51115,28.14793],[-15.51144,28.14782],[-15.51215,28.14811],[-15.51247,28.1485],[-15.51264,28.14797],[-15.51346,28.14803],[-15.51347,28.14775],[-15.51462,28.14655],[-15.51504,28.1455],[-15.51508,28.14641],[-15.51528,28.1464],[-15.51539,28.14598],[-15.51564,28.14753],[-15.51574,28.14741],[-15.51597,28.14788],[-15.51736,28.14717],[-15.51734,28.14754],[-15.51819,28.14849],[-15.51832,28.14896],[-15.51854,28.14892],[-15.5189,28.14936],[-15.51954,28.14936],[-15.52075,28.14991],[-15.52109,28.15152],[-15.52226,28.15116],[-15.52265,28.15137],[-15.52261,28.15189],[-15.52214,28.15223],[-15.52178,28.15214],[-15.52171,28.15312],[-15.52216,28.15332],[-15.52244,28.15289],[-15.52305,28.15268],[-15.52374,28.15383],[-15.52419,28.15356],[-15.52422,28.15314],[-15.52475,28.15366],[-15.5259,28.15368],[-15.52592,28.15369]]]]}},{"type":"Feature","properties":{"COD_POSTAL":"35640"},"geometry":{"type":"Polygon","coordinates":[[[-13.86778,28.64231],[-13.91939,28.6547],[-13.94556,28.62127],[-13.94235,28.59887],[-13.9071,28.60049],[-13.86359,28.61113],[-13.85361,28.62052],[-13.8612,28.64167],[-13.86778,28.64231]]]}},{"type":"Feature","properties":{"COD_POSTAL":"35119"},"geometry":{"type":"MultiPolygon","coordinates":[[[[-15.45121,27.82644],[-15.45312,27.82951],[-15.45568,27.83195],[-15.45622,27.8326],[-15.45651,27.8335],[-15.46084,27.83714],[-15.4686,27.84592],[-15.47091,27.84742],[-15.47207,27.84863],[-15.47364,27.84956],[-15.47419,27.85074],[-15.47656,27.85198],[-15.47776,27.85169],[-15.48527,27.84705],[-15.48785,27.84744],[-15.48877,27.84804],[-15.48998,27.8484],[-15.49691,27.84822],[-15.49789,27.84839],[-15.49891,27.84912],[-15.50039,27.84942],[-15.50073,27.84906],[-15.50086,27.84823],[-15.50047,27.84641],[-15.50061,27.84514],[-15.50112,27.84425],[-15.5021,27.84384],[-15.50473,27.84545],[-15.50835,27.84646],[-15.51228,27.84862],[-15.51347,27.84947],[-15.51477,27.8513],[-15.51561,27.85181],[-15.52357,27.83964],[-15.52385,27.83475],[-15.50346,27.82429],[-15.47499,27.82862],[-15.46212,27.82812],[-15.45121,27.82644]]],[[[-15.44108,27.81768],[-15.43403,27.8141],[-15.43085,27.81027],[-15.42819,27.80641],[-15.42724,27.8057],[-15.4247,27.80774],[-15.42368,27.80884],[-15.42259,27.81072],[-15.42245,27.81287],[-15.42153,27.8137],[-15.42095,27.81505],[-15.42068,27.8171],[-15.42079,27.81796],[-15.42111,27.81868],[-15.42295,27.82068],[-15.42338,27.82274],[-15.42291,27.82595],[-15.42232,27.82609],[-15.42187,27.82576],[-15.42164,27.82584],[-15.42237,27.82653],[-15.42251,27.82739],[-15.4226,27.83026],[-15.42224,27.83147],[-15.42121,27.83314],[-15.41848,27.83446],[-15.41823,27.83481],[-15.41832,27.83523],[-15.41878,27.83559],[-15.41916,27.8369],[-15.41898,27.83904],[-15.43082,27.83759],[-15.43454,27.83168],[-15.43673,27.8232],[-15.44108,27.81768]]]]}},{"type":"Feature","properties":{"COD_POSTAL":"35468"},"geometry":{"type":"Polygon","coordinates":[[[-15.67421,28.0537],[-15.67468,28.05281],[-15.67233,28.0518],[-15.67085,28.05077],[-15.66915,28.04894],[-15.66618,28.04719],[-15.6651,28.04557],[-15.66274,28.0449],[-15.66095,28.04553],[-15.65972,28.04423],[-15.65856,28.04426],[-15.65799,28.0433],[-15.65731,28.04361],[-15.65674,28.04359],[-15.65646,28.04409],[-15.65546,28.04356],[-15.65475,28.04359],[-15.65415,28.04242],[-15.65278,28.04197],[-15.65312,28.04107],[-15.6529,28.04036],[-15.65245,28.04018],[-15.65202,28.04032],[-15.65123,28.03999],[-15.65105,28.03933],[-15.64955,28.03801],[-15.64923,28.03724],[-15.6483,28.03711],[-15.64794,28.03683],[-15.64797,28.03626],[-15.64694,28.03564],[-15.6466,28.03497],[-15.64525,28.03491],[-15.64401,28.03414],[-15.64332,28.0334],[-15.64205,28.03313],[-15.64154,28.03262],[-15.63898,28.03221],[-15.63755,28.03146],[-15.63736,28.03094],[-15.63683,28.03048],[-15.63556,28.03014],[-15.63527,28.02957],[-15.63425,28.0297],[-15.63322,28.02919],[-15.63124,28.02967],[-15.62911,28.0287],[-15.62789,28.02897],[-15.62625,28.02887],[-15.62494,28.02758],[-15.62384,28.02734],[-15.62218,28.02625],[-15.61927,28.02245],[-15.61738,28.0209],[-15.61526,28.02132],[-15.61578,28.02184],[-15.61631,28.0252],[-15.61608,28.02812],[-15.61744,28.0306],[-15.61743,28.03238],[-15.61786,28.03318],[-15.61904,28.03422],[-15.61865,28.03474],[-15.61801,28.03693],[-15.61816,28.03852],[-15.61964,28.03933],[-15.62106,28.04097],[-15.62215,28.04289],[-15.62344,28.04609],[-15.62469,28.04763],[-15.62977,28.05201],[-15.62972,28.05861],[-15.62863,28.06019],[-15.62853,28.061],[-15.62876,28.0613],[-15.63051,28.0614],[-15.63143,28.06197],[-15.63583,28.0654],[-15.63633,28.06648],[-15.63564,28.07115],[-15.63584,28.07289],[-15.63623,28.07396],[-15.63624,28.07465],[-15.63598,28.07514],[-15.63633,28.07543],[-15.63621,28.07572],[-15.63657,28.0762],[-15.6366,28.07713],[-15.63724,28.07892],[-15.63695,28.07937],[-15.63695,28.07998],[-15.63641,28.08073],[-15.63643,28.08119],[-15.6359,28.08197],[-15.63496,28.08544],[-15.63513,28.08629],[-15.63558,28.08631],[-15.63696,28.08891],[-15.63685,28.09041],[-15.63632,28.0909],[-15.63627,28.09195],[-15.63584,28.09226],[-15.63633,28.09286],[-15.63557,28.09343],[-15.63568,28.09366],[-15.63623,28.09374],[-15.63648,28.09417],[-15.63624,28.09483],[-15.63653,28.09515],[-15.63639,28.09564],[-15.63688,28.09588],[-15.6365,28.09677],[-15.63687,28.09747],[-15.63626,28.098],[-15.6364,28.09905],[-15.63562,28.09922],[-15.63558,28.09953],[-15.63584,28.09998],[-15.63717,28.10011],[-15.63729,28.10033],[-15.63648,28.10138],[-15.63695,28.10264],[-15.63639,28.10317],[-15.63689,28.10383],[-15.63584,28.10407],[-15.63521,28.10474],[-15.63452,28.10478],[-15.63532,28.10559],[-15.63544,28.10611],[-15.63604,28.10648],[-15.63574,28.10667],[-15.63417,28.1064],[-15.63348,28.10676],[-15.63357,28.10751],[-15.6331,28.10729],[-15.63256,28.10788],[-15.6318,28.10772],[-15.63213,28.10808],[-15.63206,28.10871],[-15.63262,28.10893],[-15.63274,28.10966],[-15.63195,28.11002],[-15.63147,28.11187],[-15.63246,28.11236],[-15.63315,28.1131],[-15.6346,28.11338],[-15.63477,28.11366],[-15.63432,28.11487],[-15.63326,28.11613],[-15.63235,28.11865],[-15.63219,28.12006],[-15.63492,28.11815],[-15.63773,28.11553],[-15.63782,28.11965],[-15.63829,28.12053],[-15.63915,28.12135],[-15.64029,28.12596],[-15.64071,28.12642],[-15.65662,28.12631],[-15.6651,28.12507],[-15.66719,28.11741],[-15.67704,28.11482],[-15.68557,28.12103],[-15.69104,28.11968],[-15.69338,28.11804],[-15.69412,28.11594],[-15.69638,28.11615],[-15.69747,28.11536],[-15.69885,28.11478],[-15.69926,28.11619],[-15.70235,28.11627],[-15.70312,28.11744],[-15.70481,28.11669],[-15.70548,28.11714],[-15.70622,28.11713],[-15.70663,28.11738],[-15.70708,28.11714],[-15.70749,28.11638],[-15.70716,28.11597],[-15.70666,28.11621],[-15.706,28.11587],[-15.70609,28.11498],[-15.70537,28.11466],[-15.70517,28.11413],[-15.7056,28.11325],[-15.69101,28.10221],[-15.69126,28.09654],[-15.69781,28.08879],[-15.69735,28.08665],[-15.68511,28.09056],[-15.6841,28.09185],[-15.67351,28.09455],[-15.67277,28.09358],[-15.67294,28.09305],[-15.66963,28.08986],[-15.66892,28.08946],[-15.66776,28.08941],[-15.66502,28.08848],[-15.66264,28.08647],[-15.66028,28.08329],[-15.65508,28.0751],[-15.65166,28.06781],[-15.65056,28.06588],[-15.64901,28.06438],[-15.64856,28.06345],[-15.64784,28.06069],[-15.64816,28.05958],[-15.64919,28.05885],[-15.65094,28.05826],[-15.65331,28.05804],[-15.65515,28.05702],[-15.6562,28.0558],[-15.65572,28.0551],[-15.66789,28.05957],[-15.66838,28.05953],[-15.67046,28.05662],[-15.67421,28.0537]]]}},{"type":"Feature","properties":{"COD_POSTAL":"35460"},"geometry":{"type":"Polygon","coordinates":[[[-15.65938,28.1411],[-15.65774,28.14068],[-15.65362,28.14147],[-15.65013,28.14163],[-15.64249,28.14387],[-15.6411,28.14366],[-15.63971,28.14676],[-15.64069,28.1516],[-15.6415,28.15292],[-15.6524,28.1523],[-15.65599,28.15135],[-15.66186,28.14651],[-15.65978,28.14367],[-15.65991,28.14186],[-15.65974,28.14066],[-15.65938,28.1411]]]}},{"type":"Feature","properties":{"COD_POSTAL":"35140"},"geometry":{"type":"Polygon","coordinates":[[[-15.7208,27.88669],[-15.72282,27.88737],[-15.72539,27.88692],[-15.72998,27.88336],[-15.72322,27.87884],[-15.72437,27.87363],[-15.73365,27.86654],[-15.73809,27.86629],[-15.7408,27.86723],[-15.74205,27.86697],[-15.7437,27.86364],[-15.74051,27.86261],[-15.73375,27.85954],[-15.70285,27.85142],[-15.69666,27.87255],[-15.7208,27.88669]]]}},{"type":"Feature","properties":{"COD_POSTAL":"35520"},"geometry":{"type":"Polygon","coordinates":[[[-13.48721,29.14974],[-13.52225,29.16038],[-13.52173,29.15913],[-13.52175,29.15831],[-13.52199,29.15799],[-13.52323,29.15767],[-13.52287,29.15746],[-13.52251,29.15765],[-13.52219,29.15722],[-13.52188,29.15729],[-13.52102,29.156],[-13.52129,29.15549],[-13.5219,29.15548],[-13.52203,29.15571],[-13.52225,29.15548],[-13.52156,29.15368],[-13.52196,29.15283],[-13.52269,29.1526],[-13.52253,29.15179],[-13.52267,29.15046],[-13.52327,29.15011],[-13.52336,29.14955],[-13.52412,29.14947],[-13.52387,29.14913],[-13.5243,29.14923],[-13.52392,29.14892],[-13.52367,29.14914],[-13.52373,29.14891],[-13.52351,29.14883],[-13.52346,29.147],[-13.52371,29.14633],[-13.52393,29.14626],[-13.52378,29.14577],[-13.52412,29.14487],[-13.52441,29.14154],[-13.52489,29.14081],[-13.52602,29.14036],[-13.52778,29.13874],[-13.53008,29.13541],[-13.52965,29.13378],[-13.52969,29.1324],[-13.52931,29.13046],[-13.52874,29.1234],[-13.52867,29.11942],[-13.52663,29.11903],[-13.52313,29.11777],[-13.52134,29.11759],[-13.51429,29.11452],[-13.50785,29.11224],[-13.50508,29.11029],[-13.50483,29.10895],[-13.50434,29.10872],[-13.49364,29.11771],[-13.48167,29.14424],[-13.48721,29.14974]]]}},{"type":"Feature","properties":{"COD_POSTAL":"35489"},"geometry":{"type":"MultiPolygon","coordinates":[[[[-15.70837,28.09881],[-15.70754,28.10078],[-15.70546,28.1024],[-15.70665,28.10309],[-15.70707,28.10414],[-15.70813,28.10513],[-15.71108,28.10613],[-15.71116,28.10583],[-15.71206,28.1051],[-15.71236,28.10439],[-15.71341,28.10133],[-15.7135,28.09998],[-15.71206,28.09807],[-15.71161,28.09773],[-15.71112,28.09783],[-15.7129,28.10022],[-15.71289,28.10042],[-15.71202,28.10029],[-15.71287,28.10046],[-15.71283,28.10073],[-15.71218,28.10065],[-15.71283,28.10078],[-15.71272,28.10093],[-15.71214,28.10085],[-15.71211,28.10104],[-15.71197,28.10088],[-15.71195,28.10149],[-15.71117,28.10084],[-15.7107,28.0997],[-15.71053,28.09968],[-15.71036,28.10065],[-15.70894,28.1002],[-15.70837,28.09882],[-15.70837,28.09881]]],[[[-15.66892,28.08946],[-15.67018,28.0903],[-15.67073,28.09105],[-15.67141,28.09144],[-15.67207,28.09241],[-15.67294,28.09305],[-15.67277,28.09358],[-15.67351,28.09455],[-15.6841,28.09185],[-15.68511,28.09056],[-15.69734,28.08662],[-15.70065,28.08722],[-15.70544,28.0867],[-15.71034,28.08664],[-15.71052,28.08614],[-15.71022,28.08434],[-15.71083,28.08316],[-15.71133,28.08245],[-15.71205,28.08229],[-15.71186,28.08179],[-15.71262,28.08076],[-15.71305,28.0808],[-15.71355,28.08017],[-15.71406,28.08001],[-15.71403,28.07966],[-15.71368,28.07951],[-15.71373,28.07894],[-15.71462,28.0782],[-15.71474,28.07768],[-15.71591,28.07712],[-15.71605,28.0765],[-15.71647,28.07668],[-15.7164,28.07612],[-15.71682,28.07604],[-15.71669,28.07564],[-15.71714,28.07562],[-15.71844,28.07445],[-15.71825,28.07404],[-15.71845,28.07356],[-15.71995,28.07264],[-15.7202,28.07056],[-15.72141,28.07021],[-15.72225,28.06942],[-15.72316,28.0694],[-15.72334,28.06869],[-15.72437,28.06827],[-15.72439,28.06797],[-15.72528,28.06806],[-15.726,28.06688],[-15.7269,28.06612],[-15.72752,28.0661],[-15.7293,28.06518],[-15.72946,28.06534],[-15.72957,28.06483],[-15.73092,28.06385],[-15.73173,28.06364],[-15.73366,28.06409],[-15.73415,28.0639],[-15.7345,28.0626],[-15.73434,28.06249],[-15.73416,28.06275],[-15.73408,28.06239],[-15.73455,28.0622],[-15.73485,28.06176],[-15.73513,28.05963],[-15.73635,28.05932],[-15.73697,28.0585],[-15.73678,28.05738],[-15.73749,28.05623],[-15.73771,28.05471],[-15.74072,28.05282],[-15.74158,28.0531],[-15.74213,28.05301],[-15.74339,28.05229],[-15.74405,28.05217],[-15.74523,28.05091],[-15.74605,28.05106],[-15.74605,28.05032],[-15.7457,28.04973],[-15.74849,28.04767],[-15.74859,28.04701],[-15.74812,28.04526],[-15.74674,28.04331],[-15.74586,28.04344],[-15.74576,28.04286],[-15.74462,28.04112],[-15.74483,28.03966],[-15.74455,28.03848],[-15.74354,28.03735],[-15.74534,28.03295],[-15.74527,28.03202],[-15.74406,28.03097],[-15.74239,28.03005],[-15.74003,28.02931],[-15.73466,28.02933],[-15.72512,28.03019],[-15.71908,28.0341],[-15.71381,28.03812],[-15.71249,28.03937],[-15.71154,28.03985],[-15.70926,28.04042],[-15.70732,28.04227],[-15.70626,28.04299],[-15.70565,28.0439],[-15.70453,28.04439],[-15.70363,28.04518],[-15.70329,28.04604],[-15.70188,28.04681],[-15.69956,28.04885],[-15.69528,28.05158],[-15.68934,28.04765],[-15.68825,28.04864],[-15.68729,28.04993],[-15.6821,28.05374],[-15.68064,28.05449],[-15.67947,28.05452],[-15.67468,28.05281],[-15.67421,28.0537],[-15.67046,28.05662],[-15.66838,28.05953],[-15.66789,28.05957],[-15.65572,28.0551],[-15.6562,28.0558],[-15.65607,28.05613],[-15.65381,28.05788],[-15.65045,28.05837],[-15.64844,28.05933],[-15.64786,28.06023],[-15.64784,28.06069],[-15.64856,28.06345],[-15.64901,28.06438],[-15.65056,28.06588],[-15.65508,28.0751],[-15.66028,28.08329],[-15.66264,28.08647],[-15.66502,28.08848],[-15.66776,28.08941],[-15.66891,28.08946],[-15.66892,28.08946]]]]}},{"type":"Feature","properties":{"COD_POSTAL":"35007"},"geometry":{"type":"Polygon","coordinates":[[[-15.43436,28.14219],[-15.43586,28.14066],[-15.43689,28.13872],[-15.43551,28.13803],[-15.43512,28.13737],[-15.43534,28.13719],[-15.43547,28.13743],[-15.43569,28.13734],[-15.43581,28.1365],[-15.43503,28.1353],[-15.43507,28.13492],[-15.43478,28.13475],[-15.4356,28.13431],[-15.43558,28.1341],[-15.43467,28.13454],[-15.43342,28.13462],[-15.43325,28.13421],[-15.43328,28.13463],[-15.43104,28.1348],[-15.43101,28.13452],[-15.43092,28.13481],[-15.4303,28.13486],[-15.43026,28.13454],[-15.43021,28.13487],[-15.42884,28.13505],[-15.42884,28.13826],[-15.42858,28.1383],[-15.42895,28.13845],[-15.4283,28.13888],[-15.42851,28.13916],[-15.42849,28.14003],[-15.428,28.14074],[-15.42885,28.14187],[-15.42971,28.14216],[-15.43078,28.14195],[-15.43401,28.14193],[-15.43435,28.1422],[-15.43436,28.14219]]]}},{"type":"Feature","properties":{"COD_POSTAL":"35542"},"geometry":{"type":"Polygon","coordinates":[[[-13.44525,29.15328],[-13.47039,29.13934],[-13.47538,29.13977],[-13.48167,29.14424],[-13.49364,29.11771],[-13.50434,29.10872],[-13.50128,29.10714],[-13.49971,29.10547],[-13.49718,29.1035],[-13.49596,29.10098],[-13.49522,29.10023],[-13.49392,29.09963],[-13.49169,29.09769],[-13.48989,29.09659],[-13.48389,29.09359],[-13.47286,29.10719],[-13.45817,29.11009],[-13.45831,29.11028],[-13.45807,29.11048],[-13.45888,29.11091],[-13.45911,29.11139],[-13.4608,29.1119],[-13.46063,29.11215],[-13.46109,29.11231],[-13.46106,29.11259],[-13.4618,29.11365],[-13.46347,29.11516],[-13.46394,29.11534],[-13.46387,29.11634],[-13.46425,29.11697],[-13.46393,29.11804],[-13.46419,29.11868],[-13.46387,29.11921],[-13.46337,29.11943],[-13.46307,29.12021],[-13.46378,29.12118],[-13.46383,29.12191],[-13.46482,29.12255],[-13.46489,29.12619],[-13.46448,29.12825],[-13.46396,29.12914],[-13.46334,29.12941],[-13.46286,29.12919],[-13.46263,29.12841],[-13.46277,29.12917],[-13.46174,29.12946],[-13.46157,29.13024],[-13.4607,29.13114],[-13.46018,29.13234],[-13.45928,29.13177],[-13.4594,29.13234],[-13.4587,29.13205],[-13.45847,29.13298],[-13.45799,29.13294],[-13.45754,29.13323],[-13.45744,29.13398],[-13.45673,29.13469],[-13.45675,29.13536],[-13.45641,29.13575],[-13.45598,29.1358],[-13.45613,29.13598],[-13.45574,29.13705],[-13.45579,29.1379],[-13.45527,29.13793],[-13.45489,29.13854],[-13.45428,29.13863],[-13.45378,29.13938],[-13.45241,29.13998],[-13.45211,29.13992],[-13.45204,29.14022],[-13.45149,29.14056],[-13.45177,29.14088],[-13.45162,29.14124],[-13.45086,29.14148],[-13.45058,29.14193],[-13.45064,29.14276],[-13.44985,29.14335],[-13.44957,29.14327],[-13.44985,29.14358],[-13.44979,29.14394],[-13.44904,29.14371],[-13.44876,29.14407],[-13.44759,29.14357],[-13.44752,29.14332],[-13.44652,29.14353],[-13.44569,29.14514],[-13.4461,29.14524],[-13.44632,29.14585],[-13.44727,29.14627],[-13.44633,29.14689],[-13.44637,29.14714],[-13.44541,29.14747],[-13.44545,29.14776],[-13.4449,29.14817],[-13.44282,29.148],[-13.44234,29.14831],[-13.4421,29.14924],[-13.4418,29.14949],[-13.43988,29.14977],[-13.43879,29.15042],[-13.44525,29.15328]]]}},{"type":"Feature","properties":{"COD_POSTAL":"35470"},"geometry":{"type":"Polygon","coordinates":[[[-15.77891,27.99088],[-15.78489,27.98967],[-15.7878,27.98726],[-15.7913,27.9889],[-15.7919,27.98714],[-15.79095,27.97802],[-15.79137,27.97707],[-15.78629,27.9769],[-15.78096,27.98124],[-15.77734,27.98592],[-15.77891,27.99088]]]}},{"type":"Feature","properties":{"COD_POSTAL":"35637"},"geometry":{"type":"Polygon","coordinates":[[[-14.01701,28.44994],[-14.01623,28.44781],[-14.01292,28.44741],[-14.00639,28.44719],[-14.00428,28.44735],[-14.00221,28.44784],[-13.99608,28.4499],[-13.99022,28.44911],[-13.98742,28.44945],[-13.98564,28.44993],[-13.98381,28.45083],[-13.98115,28.45271],[-13.97926,28.45322],[-13.97801,28.45316],[-13.97557,28.45209],[-13.97514,28.45159],[-13.97513,28.45074],[-13.9748,28.45022],[-13.97239,28.4502],[-13.96984,28.44974],[-13.96693,28.45],[-13.96531,28.45063],[-13.96414,28.45147],[-13.96121,28.45155],[-13.9566,28.4533],[-13.99058,28.49488],[-14.00812,28.49438],[-14.02203,28.50526],[-14.04409,28.50336],[-14.04806,28.48921],[-14.04897,28.48887],[-14.0503,28.48905],[-14.05149,28.48835],[-14.05247,28.48855],[-14.05356,28.48923],[-14.05413,28.4899],[-14.05529,28.49032],[-14.05629,28.49135],[-14.05766,28.49221],[-14.05866,28.49378],[-14.05995,28.49463],[-14.06054,28.4943],[-14.06118,28.49415],[-14.06163,28.49431],[-14.06251,28.494],[-14.06414,28.49218],[-14.0655,28.49199],[-14.06669,28.49231],[-14.06773,28.49222],[-14.06976,28.49168],[-14.07028,28.49094],[-14.07163,28.49171],[-14.07372,28.49142],[-14.07422,28.49104],[-14.07646,28.49122],[-14.07722,28.49176],[-14.07738,28.49301],[-14.0791,28.4933],[-14.08014,28.49325],[-14.08271,28.49237],[-14.08479,28.49239],[-14.08584,28.49295],[-14.08707,28.49292],[-14.08763,28.49355],[-14.08864,28.4936],[-14.0897,28.49432],[-14.09005,28.49415],[-14.09053,28.49429],[-14.09079,28.49383],[-14.09079,28.49433],[-14.091,28.49405],[-14.09103,28.49442],[-14.09142,28.49425],[-14.09194,28.49284],[-14.09172,28.49265],[-14.09196,28.49224],[-14.09173,28.49154],[-14.09241,28.49121],[-14.09242,28.49169],[-14.0926,28.49166],[-14.09313,28.4903],[-14.09378,28.48953],[-14.09438,28.48784],[-14.09452,28.488],[-14.09463,28.48784],[-14.09458,28.48815],[-14.09477,28.48791],[-14.09511,28.48608],[-14.09492,28.48621],[-14.09496,28.4859],[-14.09468,28.48592],[-14.0946,28.48554],[-14.09508,28.48472],[-14.0957,28.48427],[-14.09625,28.48303],[-14.09632,28.48326],[-14.09713,28.48218],[-14.09731,28.4813],[-14.09794,28.48019],[-14.09774,28.47992],[-14.09815,28.47925],[-14.09805,28.47887],[-14.09826,28.47909],[-14.09841,28.4785],[-14.09863,28.47844],[-14.09862,28.47892],[-14.09893,28.47842],[-14.09896,28.47877],[-14.09928,28.47844],[-14.09971,28.4772],[-14.1001,28.47676],[-14.10049,28.47521],[-14.10078,28.47517],[-14.10105,28.4747],[-14.10104,28.47514],[-14.10141,28.47493],[-14.10196,28.4739],[-14.10241,28.47394],[-14.10251,28.47361],[-14.10297,28.47412],[-14.10346,28.47247],[-14.10416,28.4718],[-14.10444,28.47238],[-14.10471,28.47215],[-14.10468,28.47262],[-14.10511,28.47241],[-14.1051,28.47302],[-14.10558,28.47215],[-14.10583,28.47253],[-14.10623,28.47209],[-14.1068,28.47102],[-14.10656,28.47171],[-14.1068,28.47146],[-14.10675,28.47175],[-14.10692,28.47173],[-14.10687,28.47116],[-14.10725,28.47125],[-14.1079,28.47014],[-14.10863,28.46975],[-14.10904,28.4688],[-14.10893,28.46995],[-14.10933,28.46911],[-14.10968,28.46893],[-14.1099,28.46912],[-14.10987,28.46882],[-14.1103,28.46848],[-14.11025,28.46828],[-14.11107,28.46759],[-14.11127,28.46671],[-14.11233,28.46473],[-14.11254,28.46478],[-14.11254,28.46509],[-14.11293,28.46501],[-14.11323,28.46528],[-14.11323,28.46498],[-14.11357,28.46503],[-14.11403,28.46417],[-14.11479,28.46349],[-14.11448,28.46434],[-14.11522,28.4632],[-14.11501,28.46377],[-14.11578,28.46288],[-14.1158,28.46306],[-14.11621,28.46295],[-14.11682,28.46187],[-14.11728,28.46177],[-14.11741,28.46217],[-14.11771,28.46129],[-14.11818,28.46092],[-14.119,28.46103],[-14.11916,28.46142],[-14.11935,28.46132],[-14.11932,28.46173],[-14.12053,28.45994],[-14.12039,28.46084],[-14.12102,28.45989],[-14.12109,28.46023],[-14.12172,28.45944],[-14.12162,28.45988],[-14.12185,28.45973],[-14.12277,28.45826],[-14.12234,28.45924],[-14.12243,28.45952],[-14.12275,28.45908],[-14.12306,28.45781],[-14.12353,28.45784],[-14.12419,28.45731],[-14.12426,28.45761],[-14.12478,28.45707],[-14.125,28.45743],[-14.12569,28.45692],[-14.12578,28.45727],[-14.12597,28.45699],[-14.12616,28.45724],[-14.12641,28.45623],[-14.12676,28.45616],[-14.12676,28.45645],[-14.12709,28.45639],[-14.12727,28.45679],[-14.12839,28.45524],[-14.12886,28.454],[-14.12879,28.45484],[-14.12953,28.45337],[-14.12957,28.45385],[-14.13052,28.45337],[-14.13074,28.45282],[-14.13059,28.45208],[-14.13115,28.45217],[-14.13136,28.45184],[-14.1315,28.45216],[-14.13228,28.45138],[-14.13287,28.45155],[-14.13322,28.45052],[-14.13365,28.45017],[-14.13405,28.44927],[-14.13419,28.44975],[-14.13533,28.4479],[-14.13595,28.44791],[-14.1366,28.44654],[-14.13688,28.44661],[-14.13687,28.44694],[-14.13713,28.44645],[-14.13725,28.44677],[-14.13741,28.4465],[-14.13741,28.44681],[-14.13758,28.44659],[-14.13777,28.44688],[-14.1379,28.44673],[-14.13794,28.44712],[-14.13817,28.44682],[-14.13816,28.44704],[-14.13846,28.44693],[-14.13879,28.4461],[-14.13886,28.4469],[-14.13961,28.446],[-14.13959,28.44552],[-14.14011,28.44506],[-14.14018,28.44451],[-14.14038,28.44467],[-14.14085,28.4442],[-14.14108,28.44356],[-14.14049,28.44273],[-14.14103,28.442],[-14.14144,28.44237],[-14.14186,28.4416],[-14.14218,28.44146],[-14.14247,28.44193],[-14.14262,28.44135],[-14.14271,28.44199],[-14.14325,28.44032],[-14.14376,28.44027],[-14.14376,28.44074],[-14.14413,28.44067],[-14.14441,28.44051],[-14.14453,28.43978],[-14.14461,28.44023],[-14.14509,28.44045],[-14.14569,28.43926],[-14.14604,28.43952],[-14.1461,28.43873],[-14.14658,28.4388],[-14.14661,28.43904],[-14.14695,28.43852],[-14.14734,28.43857],[-14.14728,28.43824],[-14.14709,28.43828],[-14.14717,28.438],[-14.14689,28.43813],[-14.14677,28.43798],[-14.14671,28.43628],[-14.14645,28.43547],[-14.14657,28.4343],[-14.14727,28.43394],[-14.14758,28.43339],[-14.14786,28.43339],[-14.14799,28.43278],[-14.14841,28.4324],[-14.14889,28.43233],[-14.14942,28.43259],[-14.14949,28.43225],[-14.14957,28.43253],[-14.15001,28.43232],[-14.15026,28.43141],[-14.15037,28.43169],[-14.15065,28.43131],[-14.15079,28.43166],[-14.15095,28.43108],[-14.15067,28.43098],[-14.15082,28.43069],[-14.15124,28.43071],[-14.15135,28.43011],[-14.15133,28.42964],[-14.15104,28.42939],[-14.15138,28.42896],[-14.15111,28.42871],[-14.15125,28.42789],[-14.1509,28.42801],[-14.15071,28.42776],[-14.15112,28.4272],[-14.15086,28.42684],[-14.15124,28.42501],[-14.15064,28.42528],[-14.15106,28.42443],[-14.15073,28.42344],[-14.15085,28.423],[-14.15047,28.42321],[-14.15037,28.4229],[-14.14988,28.42317],[-14.14961,28.42275],[-14.1495,28.42291],[-14.14921,28.42276],[-14.14998,28.42095],[-14.15068,28.42072],[-14.15084,28.42088],[-14.15113,28.42064],[-14.15142,28.42093],[-14.15159,28.42051],[-14.15211,28.42046],[-14.15226,28.41953],[-14.1528,28.41944],[-14.15304,28.41863],[-14.15354,28.41805],[-14.15334,28.41808],[-14.15344,28.41775],[-14.15411,28.41746],[-14.15422,28.41704],[-14.154,28.41693],[-14.1546,28.41608],[-14.15473,28.41651],[-14.155,28.4161],[-14.15513,28.41499],[-14.15532,28.4148],[-14.15552,28.41494],[-14.15655,28.41358],[-14.15692,28.41234],[-14.15687,28.41173],[-14.1573,28.41181],[-14.15726,28.41259],[-14.15756,28.41237],[-14.15781,28.41124],[-14.15728,28.41015],[-14.15755,28.40912],[-14.15837,28.40781],[-14.15821,28.40649],[-14.15786,28.40602],[-14.15742,28.4061],[-14.15729,28.40582],[-14.1563,28.40591],[-14.15486,28.40529],[-14.15334,28.40576],[-14.14973,28.40609],[-14.14234,28.40534],[-14.13816,28.40421],[-14.13277,28.40233],[-14.12891,28.39964],[-14.12811,28.39879],[-14.12779,28.39828],[-14.12787,28.39796],[-14.1296,28.39641],[-14.12988,28.39601],[-14.1298,28.39568],[-14.12724,28.39317],[-14.126,28.39321],[-14.12409,28.39228],[-14.12255,28.38816],[-14.11887,28.38836],[-14.11535,28.38735],[-14.11164,28.38832],[-14.10764,28.38768],[-14.10666,28.38725],[-14.10273,28.38861],[-14.10268,28.38817],[-14.09969,28.3837],[-14.09715,28.38108],[-14.09641,28.38075],[-14.09573,28.37993],[-14.09375,28.3786],[-14.09296,28.37837],[-14.09025,28.3761],[-14.0899,28.37542],[-14.08678,28.37691],[-14.08494,28.37826],[-14.08402,28.37946],[-14.08354,28.38072],[-14.0832,28.38079],[-14.0806,28.38002],[-14.07811,28.38023],[-14.07687,28.37921],[-14.07429,28.38029],[-14.07306,28.38018],[-14.07095,28.37918],[-14.06933,28.37897],[-14.06772,28.37801],[-14.06416,28.37751],[-14.06342,28.37686],[-14.06271,28.37561],[-14.05969,28.37746],[-14.05979,28.38052],[-14.0601,28.38178],[-14.05959,28.38429],[-14.05815,28.38675],[-14.05804,28.38892],[-14.05722,28.38999],[-14.05719,28.3911],[-14.05596,28.39217],[-14.05371,28.3932],[-14.0523,28.39533],[-14.05188,28.39639],[-14.05079,28.39777],[-14.05041,28.39959],[-14.04867,28.40076],[-14.04781,28.40186],[-14.04666,28.40432],[-14.04471,28.40634],[-14.04519,28.40766],[-14.04435,28.40958],[-14.04494,28.41153],[-14.04481,28.4128],[-14.04534,28.41519],[-14.04509,28.41625],[-14.04588,28.4191],[-14.0451,28.42023],[-14.0453,28.42367],[-14.04496,28.42484],[-14.04495,28.42647],[-14.04547,28.42853],[-14.04679,28.43016],[-14.04687,28.43208],[-14.04756,28.43507],[-14.04737,28.43806],[-14.0458,28.4398],[-14.04409,28.44235],[-14.0412,28.44377],[-14.03856,28.44414],[-14.03553,28.44564],[-14.0311,28.44594],[-14.02962,28.44627],[-14.02898,28.44695],[-14.02597,28.44849],[-14.02299,28.44894],[-14.02235,28.44857],[-14.02039,28.44846],[-14.01712,28.44985],[-14.01701,28.44994]]]}},{"type":"Feature","properties":{"COD_POSTAL":"35626"},"geometry":{"type":"Polygon","coordinates":[[[-14.30525,28.15171],[-14.30621,28.15131],[-14.30663,28.14999],[-14.30829,28.14827],[-14.30928,28.14795],[-14.30983,28.14732],[-14.31402,28.14481],[-14.31603,28.14393],[-14.31761,28.14243],[-14.31828,28.1421],[-14.31896,28.14224],[-14.31948,28.14174],[-14.32002,28.14168],[-14.32074,28.14095],[-14.32201,28.14053],[-14.32344,28.13963],[-14.32475,28.13925],[-14.32666,28.13761],[-14.33128,28.13566],[-14.33477,28.13351],[-14.33648,28.13309],[-14.34046,28.13107],[-14.34577,28.12933],[-14.34945,28.12762],[-14.35461,28.12635],[-14.35594,28.12577],[-14.357,28.12592],[-14.35716,28.12617],[-14.35695,28.12649],[-14.35725,28.12644],[-14.35738,28.12711],[-14.35791,28.12705],[-14.35868,28.12659],[-14.35805,28.12622],[-14.35859,28.1261],[-14.35841,28.1258],[-14.35882,28.12534],[-14.35806,28.12523],[-14.35775,28.12546],[-14.35755,28.12512],[-14.35761,28.12429],[-14.35814,28.12353],[-14.35942,28.12271],[-14.36882,28.11823],[-14.36985,28.11811],[-14.37147,28.1173],[-14.38305,28.11324],[-14.39454,28.11032],[-14.39837,28.10972],[-14.39974,28.10914],[-14.40364,28.10822],[-14.40687,28.10778],[-14.41216,28.10655],[-14.41273,28.10664],[-14.41281,28.10641],[-14.4146,28.10596],[-14.41529,28.10608],[-14.41581,28.10657],[-14.41686,28.10553],[-14.41732,28.10565],[-14.4174,28.10535],[-14.41926,28.105],[-14.42411,28.10323],[-14.42537,28.10309],[-14.42944,28.10194],[-14.43055,28.10177],[-14.43251,28.10189],[-14.43378,28.10156],[-14.43499,28.10185],[-14.43579,28.10156],[-14.43731,28.10171],[-14.43937,28.10104],[-14.44012,28.10107],[-14.44084,28.10063],[-14.44207,28.10092],[-14.44219,28.10041],[-14.44271,28.1007],[-14.44311,28.10055],[-14.44379,28.10079],[-14.44412,28.10045],[-14.4451,28.10086],[-14.4462,28.10171],[-14.44643,28.10161],[-14.44636,28.1014],[-14.44926,28.10078],[-14.45004,28.09998],[-14.45093,28.10025],[-14.45152,28.10091],[-14.45153,28.10136],[-14.4522,28.10231],[-14.45213,28.10272],[-14.45264,28.1034],[-14.45354,28.10377],[-14.45344,28.10398],[-14.45434,28.10396],[-14.45435,28.10438],[-14.45466,28.10471],[-14.45529,28.10473],[-14.45554,28.10539],[-14.45589,28.1052],[-14.45631,28.10544],[-14.45629,28.10508],[-14.45738,28.10373],[-14.45924,28.10338],[-14.45972,28.10291],[-14.46022,28.10286],[-14.45974,28.10232],[-14.46063,28.10195],[-14.46042,28.1016],[-14.46118,28.10125],[-14.46222,28.10138],[-14.46342,28.10192],[-14.46325,28.1016],[-14.46372,28.10191],[-14.46375,28.10168],[-14.46434,28.10173],[-14.46467,28.10148],[-14.46677,28.10217],[-14.46707,28.10291],[-14.46657,28.10348],[-14.46662,28.10375],[-14.46829,28.10372],[-14.46867,28.1042],[-14.47026,28.10382],[-14.47172,28.10255],[-14.47203,28.10311],[-14.47162,28.10361],[-14.47177,28.10383],[-14.47142,28.1039],[-14.47315,28.10374],[-14.47335,28.10433],[-14.47309,28.10455],[-14.47417,28.10481],[-14.47447,28.10474],[-14.4746,28.10436],[-14.47506,28.10442],[-14.47556,28.104],[-14.47633,28.10415],[-14.47633,28.10362],[-14.4769,28.1037],[-14.47598,28.10277],[-14.4762,28.10255],[-14.47673,28.10261],[-14.47696,28.10162],[-14.47732,28.10131],[-14.47789,28.10111],[-14.47807,28.10138],[-14.4784,28.10128],[-14.47881,28.10057],[-14.48102,28.09996],[-14.48157,28.10015],[-14.48197,28.10064],[-14.48261,28.10271],[-14.48243,28.10273],[-14.48268,28.10304],[-14.48308,28.10309],[-14.48336,28.10348],[-14.48408,28.1035],[-14.48356,28.10375],[-14.48424,28.10364],[-14.48447,28.10391],[-14.48516,28.10402],[-14.48534,28.10375],[-14.48567,28.10376],[-14.48615,28.10524],[-14.48689,28.10528],[-14.48676,28.10593],[-14.48644,28.10617],[-14.48695,28.10588],[-14.48703,28.10629],[-14.4863,28.10736],[-14.48654,28.10782],[-14.4868,28.10785],[-14.4867,28.10843],[-14.48735,28.10879],[-14.48783,28.10875],[-14.48801,28.10848],[-14.4883,28.10887],[-14.48919,28.10892],[-14.48996,28.10951],[-14.48982,28.10997],[-14.49006,28.11031],[-14.49054,28.11006],[-14.49089,28.11041],[-14.49134,28.11042],[-14.49141,28.1093],[-14.49198,28.10849],[-14.49237,28.10851],[-14.49252,28.10822],[-14.49236,28.1077],[-14.49268,28.10734],[-14.49258,28.10707],[-14.49312,28.10608],[-14.49366,28.10601],[-14.49349,28.10585],[-14.49365,28.10569],[-14.49337,28.10554],[-14.49339,28.10497],[-14.49315,28.1049],[-14.49327,28.10432],[-14.49368,28.10413],[-14.49341,28.10371],[-14.49435,28.10327],[-14.49487,28.10367],[-14.4952,28.10337],[-14.49647,28.10382],[-14.49681,28.10347],[-14.49687,28.10293],[-14.49714,28.10283],[-14.4971,28.1024],[-14.49771,28.10236],[-14.49766,28.10214],[-14.49843,28.10178],[-14.4988,28.10195],[-14.49919,28.10144],[-14.4989,28.10125],[-14.49921,28.10104],[-14.49908,28.10044],[-14.49788,28.09963],[-14.49722,28.09863],[-14.49617,28.09825],[-14.49579,28.09772],[-14.49535,28.09775],[-14.49514,28.09723],[-14.49531,28.09705],[-14.49414,28.09701],[-14.49284,28.09601],[-14.49276,28.0955],[-14.49304,28.0949],[-14.49229,28.09405],[-14.49277,28.09353],[-14.49263,28.0931],[-14.49338,28.09274],[-14.49273,28.09261],[-14.49298,28.09186],[-14.49357,28.0916],[-14.49408,28.09084],[-14.49346,28.09054],[-14.49297,28.0881],[-14.49241,28.08774],[-14.49256,28.08752],[-14.49207,28.08705],[-14.49206,28.08508],[-14.49237,28.08392],[-14.49266,28.08343],[-14.49313,28.08338],[-14.49327,28.08299],[-14.49419,28.08252],[-14.49546,28.08293],[-14.49664,28.08238],[-14.49711,28.08256],[-14.49749,28.08217],[-14.50004,28.08111],[-14.50146,28.08012],[-14.50213,28.07929],[-14.50232,28.07827],[-14.50198,28.07594],[-14.50215,28.07455],[-14.50263,28.07411],[-14.5051,28.07321],[-14.50581,28.07272],[-14.50625,28.07076],[-14.5067,28.06999],[-14.50704,28.0698],[-14.50786,28.06997],[-14.50778,28.0696],[-14.50843,28.06934],[-14.50865,28.06883],[-14.50972,28.06788],[-14.508,28.06601],[-14.50712,28.06537],[-14.50646,28.0659],[-14.5047,28.06824],[-14.5044,28.06825],[-14.50458,28.06837],[-14.50422,28.06961],[-14.50432,28.07037],[-14.50278,28.07201],[-14.49956,28.07262],[-14.49777,28.07353],[-14.49693,28.07356],[-14.49333,28.07456],[-14.49236,28.07455],[-14.49161,28.07425],[-14.49002,28.07483],[-14.4885,28.07465],[-14.4882,28.07529],[-14.48694,28.07607],[-14.48297,28.07633],[-14.48163,28.07764],[-14.47904,28.07768],[-14.47806,28.07792],[-14.47257,28.0769],[-14.47156,28.07616],[-14.47144,28.07646],[-14.47083,28.0766],[-14.4693,28.07638],[-14.46793,28.07558],[-14.46739,28.07615],[-14.46634,28.07613],[-14.46584,28.07581],[-14.4655,28.07621],[-14.46492,28.0762],[-14.46242,28.07503],[-14.46056,28.07478],[-14.45982,28.07424],[-14.45797,28.0736],[-14.45786,28.07383],[-14.45236,28.07363],[-14.45056,28.07285],[-14.45007,28.07235],[-14.44872,28.07236],[-14.44587,28.07154],[-14.44313,28.07025],[-14.44291,28.06989],[-14.44222,28.07035],[-14.43997,28.06977],[-14.43869,28.0691],[-14.43763,28.06807],[-14.43565,28.06838],[-14.43413,28.06819],[-14.43322,28.06732],[-14.43264,28.06735],[-14.43172,28.06681],[-14.43082,28.06584],[-14.42979,28.06526],[-14.42687,28.06506],[-14.4265,28.06477],[-14.4258,28.06485],[-14.42504,28.06442],[-14.42417,28.06452],[-14.42183,28.06312],[-14.42018,28.06245],[-14.41986,28.06188],[-14.41752,28.06207],[-14.41682,28.06124],[-14.41518,28.06101],[-14.41013,28.05908],[-14.38194,28.07009],[-14.33257,28.07328],[-14.30888,28.06514],[-14.30568,28.06832],[-14.30418,28.07114],[-14.30149,28.07411],[-14.29788,28.07688],[-14.29678,28.0775],[-14.29562,28.07775],[-14.29364,28.08007],[-14.28937,28.0833],[-14.28636,28.08437],[-14.28418,28.08831],[-14.28193,28.09148],[-14.28078,28.09273],[-14.28008,28.09287],[-14.27875,28.09404],[-14.27815,28.0943],[-14.27726,28.09525],[-14.27609,28.09561],[-14.27493,28.09666],[-14.27306,28.0988],[-14.2714,28.10166],[-14.26932,28.10441],[-14.26558,28.10892],[-14.26192,28.11134],[-14.25872,28.1128],[-14.25643,28.11448],[-14.25613,28.11509],[-14.25632,28.11549],[-14.25631,28.11505],[-14.2566,28.11474],[-14.25921,28.11286],[-14.26019,28.1126],[-14.26063,28.11285],[-14.26034,28.11365],[-14.25837,28.11572],[-14.25646,28.11677],[-14.25558,28.1178],[-14.25465,28.12081],[-14.25552,28.12154],[-14.25556,28.12227],[-14.25485,28.12271],[-14.25384,28.1227],[-14.25231,28.12497],[-14.25146,28.12538],[-14.25117,28.12619],[-14.2503,28.12679],[-14.25,28.12809],[-14.24947,28.12856],[-14.24974,28.12911],[-14.24957,28.12983],[-14.24867,28.13159],[-14.30525,28.15171]]]}},{"type":"Feature","properties":{"COD_POSTAL":"35509"},"geometry":{"type":"Polygon","coordinates":[[[-13.58361,28.95211],[-13.58289,28.95318],[-13.58178,28.9536],[-13.57959,28.95362],[-13.57898,28.95348],[-13.57845,28.95301],[-13.5777,28.95307],[-13.57671,28.95263],[-13.5763,28.95292],[-13.57636,28.95381],[-13.57612,28.9544],[-13.57558,28.95484],[-13.57475,28.95508],[-13.57196,28.95436],[-13.57158,28.9539],[-13.57175,28.95339],[-13.57129,28.95443],[-13.56842,28.95385],[-13.56791,28.95417],[-13.56653,28.95439],[-13.57068,28.96285],[-13.58472,28.96159],[-13.58502,28.96428],[-13.59485,28.96245],[-13.61269,28.96197],[-13.61907,28.95902],[-13.61869,28.95833],[-13.61528,28.95502],[-13.60498,28.94224],[-13.60453,28.9428],[-13.60364,28.9433],[-13.60197,28.94539],[-13.60043,28.94601],[-13.59913,28.94743],[-13.59757,28.94842],[-13.59619,28.94881],[-13.5933,28.94903],[-13.59216,28.94967],[-13.5904,28.95017],[-13.58971,28.95091],[-13.58883,28.95096],[-13.58772,28.95162],[-13.58655,28.95169],[-13.58527,28.95101],[-13.58365,28.95208],[-13.58361,28.95211]]]}},{"type":"Feature","properties":{"COD_POSTAL":"35005"},"geometry":{"type":"Polygon","coordinates":[[[-15.42999,28.12937],[-15.43254,28.12853],[-15.43465,28.12853],[-15.43468,28.12894],[-15.43532,28.12696],[-15.43465,28.12551],[-15.43393,28.12455],[-15.43407,28.12446],[-15.43237,28.12191],[-15.43321,28.12085],[-15.43294,28.11952],[-15.43172,28.1208],[-15.4305,28.11995],[-15.4301,28.1189],[-15.42841,28.11737],[-15.42824,28.11754],[-15.42797,28.11725],[-15.42789,28.11508],[-15.42743,28.1135],[-15.42687,28.11278],[-15.42669,28.11283],[-15.42737,28.11375],[-15.4278,28.11545],[-15.42766,28.11695],[-15.42801,28.11776],[-15.42914,28.11862],[-15.42866,28.11939],[-15.42795,28.11957],[-15.42807,28.1197],[-15.42709,28.12048],[-15.42691,28.1202],[-15.42571,28.12062],[-15.42637,28.1217],[-15.42418,28.1227],[-15.42452,28.1273],[-15.42474,28.12777],[-15.42477,28.12694],[-15.42533,28.12687],[-15.42519,28.12656],[-15.42485,28.1266],[-15.42462,28.12349],[-15.42528,28.12345],[-15.42503,28.12374],[-15.42539,28.12356],[-15.42556,28.12374],[-15.42506,28.124],[-15.42566,28.12383],[-15.42585,28.1241],[-15.42522,28.12439],[-15.42534,28.12455],[-15.42594,28.12422],[-15.42609,28.12447],[-15.42527,28.1249],[-15.42627,28.1247],[-15.42534,28.12518],[-15.42543,28.12534],[-15.42637,28.12483],[-15.42603,28.12515],[-15.42663,28.1252],[-15.42574,28.12564],[-15.42585,28.1258],[-15.42674,28.12536],[-15.42684,28.1255],[-15.42587,28.12599],[-15.426,28.12618],[-15.42694,28.12564],[-15.42712,28.12587],[-15.42599,28.12652],[-15.42616,28.1267],[-15.427,28.12618],[-15.42718,28.12638],[-15.42721,28.12601],[-15.42747,28.12637],[-15.42596,28.12716],[-15.42611,28.12734],[-15.42738,28.12661],[-15.42768,28.12684],[-15.42643,28.12746],[-15.4266,28.12763],[-15.42745,28.12714],[-15.42761,28.12735],[-15.42754,28.127],[-15.42799,28.12735],[-15.42785,28.12761],[-15.42578,28.12789],[-15.4258,28.12813],[-15.42769,28.12791],[-15.42772,28.12819],[-15.42753,28.12821],[-15.42791,28.12826],[-15.42786,28.12901],[-15.42919,28.12864],[-15.42941,28.12918],[-15.42999,28.12937]]]}},{"type":"Feature","properties":{"COD_POSTAL":"35006"},"geometry":{"type":"Polygon","coordinates":[[[-15.42508,28.13684],[-15.42535,28.13901],[-15.42599,28.13894],[-15.42569,28.13645],[-15.4263,28.13639],[-15.42641,28.13729],[-15.4264,28.13638],[-15.42687,28.13633],[-15.42708,28.13723],[-15.42696,28.13622],[-15.42705,28.1365],[-15.4287,28.13637],[-15.42884,28.13505],[-15.43021,28.13487],[-15.43017,28.13455],[-15.4303,28.13486],[-15.43092,28.13481],[-15.43101,28.13452],[-15.43104,28.1348],[-15.43328,28.13463],[-15.43339,28.1342],[-15.43342,28.13462],[-15.43467,28.13454],[-15.43459,28.13424],[-15.43526,28.1338],[-15.43514,28.13129],[-15.43484,28.13118],[-15.43479,28.13051],[-15.435,28.13051],[-15.43524,28.12956],[-15.43471,28.12942],[-15.43465,28.12853],[-15.43254,28.12853],[-15.42999,28.12937],[-15.42941,28.12918],[-15.42901,28.13158],[-15.42787,28.1337],[-15.427,28.13376],[-15.42757,28.13379],[-15.42701,28.13429],[-15.42481,28.13452],[-15.42503,28.13641],[-15.42508,28.13684]]]}},{"type":"Feature","properties":{"COD_POSTAL":"35414"},"geometry":{"type":"MultiPolygon","coordinates":[[[[-15.57363,28.13321],[-15.57503,28.14371],[-15.57633,28.14389],[-15.57678,28.14472],[-15.57732,28.14416],[-15.58057,28.14411],[-15.58267,28.14514],[-15.5847,28.14539],[-15.58715,28.14727],[-15.57893,28.13489],[-15.57838,28.13306],[-15.57778,28.13283],[-15.57363,28.13321]]],[[[-15.60751,28.14892],[-15.60825,28.14886],[-15.60912,28.14817],[-15.60855,28.13543],[-15.5911,28.13102],[-15.59117,28.13139],[-15.59029,28.13263],[-15.59048,28.13318],[-15.59033,28.13369],[-15.59143,28.13503],[-15.59151,28.13594],[-15.59056,28.1373],[-15.59139,28.13779],[-15.5916,28.13841],[-15.59061,28.13862],[-15.58868,28.14118],[-15.58736,28.14239],[-15.58693,28.14359],[-15.58728,28.14467],[-15.58813,28.14566],[-15.58857,28.14722],[-15.59136,28.14595],[-15.59316,28.14557],[-15.59581,28.14545],[-15.59578,28.14521],[-15.59717,28.14441],[-15.59956,28.14424],[-15.60054,28.14462],[-15.60033,28.1452],[-15.60116,28.14447],[-15.60116,28.14474],[-15.60126,28.14459],[-15.60171,28.14481],[-15.60194,28.1458],[-15.60253,28.14647],[-15.60248,28.1469],[-15.60289,28.14705],[-15.60402,28.14668],[-15.60522,28.14701],[-15.60579,28.14789],[-15.60748,28.14892],[-15.60751,28.14892]]],[[[-15.57361,28.14517],[-15.57082,28.13357],[-15.56299,28.13499],[-15.56291,28.13578],[-15.5637,28.13633],[-15.56375,28.13793],[-15.56316,28.13825],[-15.56233,28.13929],[-15.55907,28.14044],[-15.55795,28.14161],[-15.55709,28.14146],[-15.5571,28.14173],[-15.55652,28.1422],[-15.55456,28.14305],[-15.55369,28.14317],[-15.55214,28.14429],[-15.55156,28.14441],[-15.55095,28.14429],[-15.55016,28.1437],[-15.5481,28.14431],[-15.5451,28.14314],[-15.54459,28.14252],[-15.54461,28.14136],[-15.54272,28.14015],[-15.54021,28.13749],[-15.53753,28.13749],[-15.53347,28.13658],[-15.53286,28.13806],[-15.52769,28.13906],[-15.52742,28.14565],[-15.5294,28.14723],[-15.52657,28.15395],[-15.52654,28.15465],[-15.52682,28.15511],[-15.52742,28.1545],[-15.5274,28.15415],[-15.52793,28.15471],[-15.52856,28.15413],[-15.52867,28.15496],[-15.52925,28.15469],[-15.52948,28.15515],[-15.52984,28.15462],[-15.53023,28.15451],[-15.53086,28.15322],[-15.53149,28.15303],[-15.53195,28.15318],[-15.53215,28.15418],[-15.53223,28.15318],[-15.53188,28.15243],[-15.5324,28.15286],[-15.53271,28.15235],[-15.53306,28.15282],[-15.53334,28.15238],[-15.53326,28.15208],[-15.53393,28.15229],[-15.534,28.15201],[-15.53464,28.15213],[-15.53475,28.15184],[-15.53403,28.15178],[-15.53497,28.15027],[-15.53646,28.15023],[-15.53871,28.15124],[-15.53898,28.15047],[-15.53875,28.15001],[-15.53913,28.14954],[-15.54043,28.14956],[-15.54055,28.14922],[-15.54088,28.14929],[-15.54127,28.14877],[-15.5416,28.14876],[-15.5415,28.14862],[-15.54185,28.14844],[-15.54252,28.1474],[-15.54284,28.14757],[-15.54336,28.14705],[-15.54494,28.1468],[-15.54593,28.1462],[-15.54668,28.14615],[-15.54867,28.14661],[-15.55127,28.14606],[-15.5562,28.14588],[-15.55873,28.14685],[-15.55989,28.14687],[-15.56155,28.14574],[-15.56226,28.14557],[-15.56404,28.14555],[-15.56614,28.14615],[-15.56685,28.14592],[-15.56719,28.14607],[-15.56752,28.14553],[-15.56792,28.14549],[-15.56898,28.14462],[-15.57058,28.14429],[-15.57317,28.14497],[-15.57318,28.14563],[-15.57361,28.14517]]]]}},{"type":"Feature","properties":{"COD_POSTAL":"35541"},"geometry":{"type":"Polygon","coordinates":[[[-13.43873,29.15048],[-13.43853,29.15069],[-13.43873,29.15126],[-13.43786,29.15188],[-13.4366,29.15161],[-13.43536,29.15206],[-13.43523,29.15249],[-13.43543,29.15296],[-13.43495,29.15341],[-13.43402,29.15367],[-13.43361,29.15337],[-13.43295,29.15364],[-13.4328,29.15398],[-13.4317,29.15394],[-13.43106,29.15419],[-13.4297,29.15366],[-13.42864,29.1543],[-13.42853,29.15512],[-13.42782,29.15572],[-13.42825,29.15648],[-13.42787,29.15726],[-13.42826,29.15738],[-13.42773,29.15799],[-13.4271,29.15824],[-13.42754,29.15884],[-13.42736,29.15944],[-13.42748,29.16045],[-13.42723,29.16089],[-13.42733,29.16111],[-13.42751,29.16103],[-13.42742,29.16132],[-13.42766,29.16134],[-13.4273,29.16152],[-13.42777,29.16163],[-13.42679,29.16269],[-13.42681,29.16311],[-13.42724,29.16373],[-13.42698,29.16388],[-13.427,29.16428],[-13.426,29.1644],[-13.42571,29.16501],[-13.42501,29.16459],[-13.42475,29.16462],[-13.42466,29.16501],[-13.42431,29.16504],[-13.42383,29.16452],[-13.42348,29.1649],[-13.42344,29.16579],[-13.42383,29.16639],[-13.42377,29.1667],[-13.42467,29.16713],[-13.42525,29.16714],[-13.42521,29.16756],[-13.42622,29.16756],[-13.42708,29.16784],[-13.42709,29.16818],[-13.4276,29.16846],[-13.4274,29.16888],[-13.42653,29.16912],[-13.42664,29.16932],[-13.4258,29.16933],[-13.42543,29.16977],[-13.42572,29.1701],[-13.42534,29.17008],[-13.42495,29.17046],[-13.42483,29.17092],[-13.42527,29.17239],[-13.42613,29.17272],[-13.42593,29.17334],[-13.42472,29.17379],[-13.42484,29.17434],[-13.42415,29.17437],[-13.4244,29.17461],[-13.42423,29.1748],[-13.42397,29.17468],[-13.42415,29.17498],[-13.42357,29.17491],[-13.4234,29.17513],[-13.42382,29.17534],[-13.42279,29.17685],[-13.42187,29.17728],[-13.42226,29.17801],[-13.42203,29.17889],[-13.42227,29.17965],[-13.42199,29.18046],[-13.42064,29.18235],[-13.42093,29.18357],[-13.42016,29.18422],[-13.42037,29.18489],[-13.41997,29.18514],[-13.42078,29.18547],[-13.42088,29.1875],[-13.42137,29.18852],[-13.42197,29.18888],[-13.42109,29.19086],[-13.42167,29.19136],[-13.42098,29.19244],[-13.42106,29.19313],[-13.42186,29.19359],[-13.42154,29.19429],[-13.4218,29.19478],[-13.42152,29.19534],[-13.42186,29.19575],[-13.42142,29.19639],[-13.42042,29.19648],[-13.41987,29.19625],[-13.41998,29.19673],[-13.41946,29.19741],[-13.4198,29.19778],[-13.41983,29.19822],[-13.4206,29.19873],[-13.42027,29.19956],[-13.42083,29.19974],[-13.42116,29.20016],[-13.42054,29.20071],[-13.42022,29.20142],[-13.42195,29.20252],[-13.42253,29.20324],[-13.42252,29.20417],[-13.42431,29.20557],[-13.42433,29.20654],[-13.4238,29.20701],[-13.42387,29.2081],[-13.42498,29.20815],[-13.42561,29.20759],[-13.4266,29.20809],[-13.42667,29.20848],[-13.42731,29.20829],[-13.42775,29.20878],[-13.42846,29.20787],[-13.42884,29.20777],[-13.43114,29.20963],[-13.43184,29.20936],[-13.43208,29.20963],[-13.43258,29.20974],[-13.43292,29.20953],[-13.43313,29.2099],[-13.43394,29.20999],[-13.43447,29.211],[-13.43504,29.21119],[-13.43578,29.21306],[-13.43624,29.21358],[-13.4367,29.2136],[-13.43636,29.21413],[-13.43686,29.21426],[-13.43692,29.21526],[-13.43671,29.2157],[-13.43762,29.21573],[-13.43798,29.21709],[-13.43845,29.21712],[-13.43936,29.21659],[-13.43915,29.21716],[-13.44047,29.21751],[-13.44059,29.21785],[-13.44127,29.21834],[-13.44139,29.2189],[-13.44193,29.21844],[-13.44178,29.21795],[-13.44215,29.21714],[-13.44196,29.2166],[-13.44255,29.21675],[-13.44244,29.21717],[-13.44286,29.21679],[-13.44343,29.21734],[-13.44421,29.21709],[-13.44459,29.21785],[-13.44545,29.21816],[-13.44588,29.21807],[-13.44606,29.21915],[-13.44578,29.21922],[-13.44555,29.21967],[-13.44548,29.22041],[-13.44562,29.2207],[-13.44631,29.2208],[-13.44607,29.22098],[-13.4462,29.22144],[-13.44645,29.22149],[-13.44606,29.2216],[-13.44641,29.22185],[-13.44617,29.22197],[-13.4466,29.22193],[-13.44666,29.22144],[-13.44718,29.22083],[-13.44806,29.2208],[-13.44785,29.22153],[-13.44809,29.22172],[-13.44782,29.22221],[-13.4474,29.22235],[-13.44719,29.22185],[-13.44681,29.22196],[-13.44717,29.22268],[-13.44651,29.22324],[-13.44654,29.22344],[-13.44711,29.22329],[-13.44792,29.22374],[-13.44812,29.22413],[-13.44851,29.22328],[-13.44888,29.22351],[-13.44893,29.22421],[-13.44928,29.22399],[-13.44947,29.22428],[-13.44981,29.22406],[-13.44979,29.22358],[-13.45031,29.22364],[-13.45076,29.22341],[-13.45085,29.22234],[-13.45134,29.22172],[-13.45148,29.22251],[-13.45221,29.22298],[-13.45229,29.22336],[-13.45184,29.22393],[-13.45279,29.22403],[-13.45273,29.22457],[-13.45333,29.22505],[-13.45327,29.22537],[-13.4536,29.22555],[-13.4536,29.22584],[-13.45417,29.22588],[-13.45472,29.2264],[-13.45525,29.22597],[-13.45568,29.2265],[-13.45663,29.22639],[-13.4568,29.22603],[-13.45721,29.22597],[-13.45751,29.22628],[-13.45779,29.22612],[-13.45818,29.22635],[-13.45894,29.22579],[-13.45926,29.22595],[-13.46034,29.22563],[-13.46068,29.22486],[-13.46156,29.22464],[-13.46332,29.2251],[-13.46366,29.22541],[-13.46357,29.22584],[-13.46391,29.22559],[-13.46411,29.2261],[-13.46512,29.22621],[-13.46597,29.22662],[-13.46735,29.22841],[-13.46819,29.23155],[-13.46812,29.23304],[-13.46883,29.23373],[-13.4685,29.23555],[-13.47017,29.23869],[-13.46999,29.23951],[-13.47026,29.23969],[-13.47018,29.24016],[-13.47048,29.24054],[-13.47081,29.24022],[-13.47079,29.23932],[-13.47101,29.23902],[-13.47039,29.23865],[-13.4707,29.23833],[-13.47081,29.23758],[-13.4713,29.23743],[-13.47117,29.23647],[-13.47149,29.23615],[-13.47155,29.23536],[-13.47217,29.23482],[-13.47229,29.23433],[-13.47267,29.23419],[-13.47297,29.23278],[-13.47377,29.23171],[-13.47561,29.2305],[-13.47743,29.22856],[-13.48035,29.22693],[-13.48202,29.22517],[-13.48494,29.2241],[-13.48762,29.22195],[-13.49329,29.21993],[-13.49489,29.21963],[-13.49702,29.21834],[-13.49719,29.2178],[-13.49701,29.21644],[-13.49736,29.21434],[-13.49683,29.21069],[-13.49745,29.20797],[-13.49812,29.20694],[-13.49934,29.20623],[-13.50001,29.20616],[-13.50037,29.20656],[-13.50207,29.20696],[-13.50237,29.20683],[-13.50251,29.20642],[-13.50224,29.20599],[-13.50279,29.20565],[-13.50337,29.2058],[-13.50377,29.2055],[-13.50378,29.20453],[-13.50434,29.20394],[-13.50363,29.20316],[-13.50393,29.20286],[-13.50457,29.20312],[-13.5051,29.20303],[-13.50521,29.20225],[-13.50502,29.20197],[-13.50617,29.20176],[-13.50661,29.20119],[-13.50624,29.20064],[-13.50683,29.19935],[-13.50706,29.19927],[-13.50631,29.19808],[-13.50694,29.19726],[-13.50666,29.19684],[-13.50699,29.19658],[-13.50679,29.19625],[-13.50708,29.19606],[-13.50708,29.19569],[-13.50778,29.19546],[-13.50825,29.19467],[-13.50995,29.19553],[-13.50961,29.19494],[-13.51023,29.19444],[-13.5101,29.19416],[-13.51056,29.19397],[-13.50999,29.19345],[-13.50961,29.19263],[-13.50925,29.1925],[-13.50959,29.19208],[-13.50917,29.19207],[-13.50933,29.19179],[-13.50901,29.19169],[-13.5092,29.1914],[-13.50854,29.19124],[-13.50837,29.19065],[-13.509,29.19028],[-13.5093,29.18901],[-13.51053,29.1883],[-13.51018,29.18809],[-13.51026,29.18787],[-13.5108,29.18788],[-13.51071,29.18772],[-13.51123,29.18724],[-13.51109,29.18709],[-13.51125,29.18664],[-13.51149,29.18656],[-13.51097,29.18634],[-13.51071,29.18582],[-13.51101,29.18518],[-13.51236,29.18418],[-13.51216,29.18392],[-13.51237,29.18391],[-13.51234,29.18297],[-13.51168,29.18304],[-13.51165,29.18249],[-13.51221,29.18213],[-13.51216,29.18171],[-13.51277,29.18171],[-13.51264,29.18151],[-13.513,29.18105],[-13.51264,29.18081],[-13.51273,29.18051],[-13.51326,29.18031],[-13.51374,29.18043],[-13.51375,29.18008],[-13.51305,29.17979],[-13.51295,29.17949],[-13.5136,29.17805],[-13.51493,29.17673],[-13.51634,29.17668],[-13.51645,29.17619],[-13.51668,29.17658],[-13.51688,29.17573],[-13.51669,29.17542],[-13.51631,29.17545],[-13.51641,29.17516],[-13.51612,29.17512],[-13.51601,29.17468],[-13.51669,29.17342],[-13.51774,29.17214],[-13.51891,29.17138],[-13.52015,29.17087],[-13.52083,29.17095],[-13.52088,29.17022],[-13.52209,29.16867],[-13.52183,29.16697],[-13.52252,29.16578],[-13.52267,29.16473],[-13.52219,29.16239],[-13.52225,29.16038],[-13.48721,29.14974],[-13.48105,29.14362],[-13.47538,29.13977],[-13.47039,29.13934],[-13.44525,29.15328],[-13.43879,29.15042],[-13.43873,29.15048]]]}},{"type":"Feature","properties":{"COD_POSTAL":"35508"},"geometry":{"type":"Polygon","coordinates":[[[-13.50248,29.02191],[-13.53686,29.00354],[-13.5298,28.99011],[-13.524,28.98159],[-13.51808,28.98137],[-13.51434,28.98154],[-13.51379,28.98127],[-13.51328,28.98175],[-13.51276,28.98145],[-13.51136,28.98139],[-13.51142,28.98188],[-13.51104,28.98243],[-13.51115,28.98331],[-13.51025,28.98439],[-13.50897,28.98468],[-13.50799,28.9852],[-13.50853,28.98509],[-13.5087,28.98532],[-13.50838,28.98621],[-13.50785,28.9863],[-13.50773,28.98612],[-13.50743,28.98656],[-13.50628,28.98706],[-13.50157,28.98813],[-13.50106,28.989],[-13.50071,28.98899],[-13.49995,28.98989],[-13.49822,28.99034],[-13.49796,28.99023],[-13.49762,28.99109],[-13.49689,28.9915],[-13.49673,28.99199],[-13.49586,28.99227],[-13.49536,28.99297],[-13.49425,28.99302],[-13.49416,28.99274],[-13.49251,28.99302],[-13.49203,28.9929],[-13.49192,28.99258],[-13.49112,28.99235],[-13.49054,28.99251],[-13.48984,28.99222],[-13.48915,28.99229],[-13.48925,28.99248],[-13.48972,28.99241],[-13.4898,28.99286],[-13.48885,28.99334],[-13.48845,28.99326],[-13.48811,28.99283],[-13.48786,28.99295],[-13.48759,28.99244],[-13.48817,28.99251],[-13.48803,28.99223],[-13.48661,28.9923],[-13.48559,28.99274],[-13.4855,28.99413],[-13.48572,28.99454],[-13.48663,28.99489],[-13.48559,28.99586],[-13.48579,28.99592],[-13.48687,28.99507],[-13.48766,28.99527],[-13.48809,28.99612],[-13.48802,28.99663],[-13.48835,28.99679],[-13.48857,28.99757],[-13.48818,28.99857],[-13.48766,28.99914],[-13.48708,28.9993],[-13.48667,28.99877],[-13.48694,28.99927],[-13.4855,28.99981],[-13.4848,28.99961],[-13.48475,28.99906],[-13.48451,28.99939],[-13.4838,28.99931],[-13.48394,28.99909],[-13.48358,28.99841],[-13.48379,28.99918],[-13.48145,28.99931],[-13.4813,28.99989],[-13.48082,29.00029],[-13.48224,29.00031],[-13.48224,29.00097],[-13.48183,29.00101],[-13.48228,29.00115],[-13.48206,29.00182],[-13.48131,29.00241],[-13.48062,29.00251],[-13.48006,29.00192],[-13.47984,29.00114],[-13.47993,29.00273],[-13.47926,29.00284],[-13.47897,29.00375],[-13.47815,29.00472],[-13.47646,29.00522],[-13.47599,29.00571],[-13.47612,29.00845],[-13.4758,29.00862],[-13.47628,29.00949],[-13.47596,29.0108],[-13.47624,29.01128],[-13.47619,29.01204],[-13.47642,29.0126],[-13.47615,29.01389],[-13.47502,29.0144],[-13.47505,29.01467],[-13.47461,29.01485],[-13.47381,29.01456],[-13.47319,29.0153],[-13.47226,29.01532],[-13.4709,29.01482],[-13.46965,29.01522],[-13.4689,29.01499],[-13.46817,29.0155],[-13.46819,29.01587],[-13.46698,29.01641],[-13.46704,29.01681],[-13.46602,29.01722],[-13.46547,29.01845],[-13.46472,29.01925],[-13.46484,29.01967],[-13.46422,29.02113],[-13.46441,29.02154],[-13.46423,29.02171],[-13.46422,29.02257],[-13.46368,29.02367],[-13.46369,29.0245],[-13.46455,29.02554],[-13.46471,29.02687],[-13.46554,29.02726],[-13.46536,29.02833],[-13.46582,29.02877],[-13.46564,29.02906],[-13.46702,29.02969],[-13.46723,29.0305],[-13.49504,29.02561],[-13.50248,29.02191]]]}},{"type":"Feature","properties":{"COD_POSTAL":"35319"},"geometry":{"type":"MultiPolygon","coordinates":[[[[-15.46818,28.03313],[-15.46645,28.03534],[-15.46793,28.03541],[-15.47217,28.03625],[-15.47257,28.03543],[-15.47188,28.03337],[-15.46818,28.03313]]],[[[-15.4782,28.03589],[-15.4781,28.03524],[-15.47454,28.03834],[-15.47435,28.0411],[-15.47785,28.03966],[-15.4809,28.03984],[-15.48172,28.03825],[-15.48005,28.03726],[-15.4782,28.03589]]],[[[-15.45702,28.02541],[-15.45616,28.02495],[-15.45568,28.02667],[-15.45567,28.02804],[-15.4543,28.02786],[-15.45281,28.02839],[-15.45095,28.03047],[-15.4508,28.03138],[-15.4514,28.03288],[-15.45224,28.03394],[-15.45422,28.03558],[-15.45568,28.0363],[-15.45859,28.03578],[-15.45982,28.03612],[-15.4611,28.03804],[-15.46429,28.03601],[-15.45766,28.02613],[-15.45701,28.02545],[-15.45702,28.02541]]]]}},{"type":"Feature","properties":{"COD_POSTAL":"35010"},"geometry":{"type":"MultiPolygon","coordinates":[[[[-15.43471,28.12942],[-15.43501,28.1295],[-15.4358,28.12764],[-15.43585,28.12687],[-15.43407,28.12446],[-15.43393,28.12455],[-15.43465,28.12551],[-15.43532,28.12696],[-15.43469,28.12909],[-15.43471,28.12942]]],[[[-15.43573,28.13804],[-15.43689,28.13871],[-15.43744,28.13753],[-15.43839,28.13678],[-15.44059,28.13564],[-15.44115,28.13453],[-15.44392,28.1321],[-15.44537,28.13117],[-15.44721,28.13057],[-15.44876,28.13069],[-15.44911,28.13084],[-15.44907,28.13169],[-15.44927,28.13177],[-15.44935,28.1309],[-15.44979,28.13106],[-15.44968,28.13156],[-15.44985,28.1316],[-15.45027,28.13105],[-15.45129,28.13088],[-15.45133,28.13021],[-15.4522,28.12891],[-15.45378,28.12792],[-15.45475,28.12779],[-15.4563,28.12816],[-15.45878,28.12757],[-15.45994,28.12798],[-15.46071,28.12784],[-15.46145,28.12814],[-15.46166,28.12846],[-15.46284,28.12802],[-15.46338,28.12753],[-15.46559,28.1264],[-15.46736,28.12605],[-15.46889,28.12645],[-15.47029,28.12747],[-15.47066,28.12793],[-15.47043,28.12862],[-15.47084,28.12852],[-15.47081,28.12885],[-15.47146,28.12968],[-15.47273,28.12955],[-15.47265,28.13002],[-15.47231,28.13022],[-15.47246,28.13107],[-15.47213,28.13131],[-15.47309,28.13129],[-15.47311,28.13153],[-15.47277,28.13173],[-15.47281,28.13214],[-15.47325,28.1322],[-15.47374,28.1316],[-15.47419,28.13209],[-15.47451,28.13202],[-15.47517,28.13246],[-15.4754,28.13389],[-15.47644,28.13407],[-15.47657,28.13436],[-15.47723,28.13454],[-15.47719,28.13532],[-15.47775,28.13587],[-15.47907,28.13662],[-15.48023,28.13663],[-15.48198,28.13578],[-15.48232,28.13602],[-15.48281,28.13588],[-15.48305,28.13634],[-15.48371,28.13523],[-15.48481,28.13488],[-15.48567,28.13358],[-15.48583,28.13291],[-15.48631,28.13274],[-15.487,28.13309],[-15.48723,28.13298],[-15.48724,28.13064],[-15.48703,28.12991],[-15.48802,28.12929],[-15.48826,28.1282],[-15.48922,28.12673],[-15.48999,28.12646],[-15.49001,28.12575],[-15.49113,28.1258],[-15.49184,28.12532],[-15.49243,28.12382],[-15.49067,28.12336],[-15.48734,28.12116],[-15.48299,28.12485],[-15.48142,28.12519],[-15.46876,28.11967],[-15.46407,28.11269],[-15.45997,28.10802],[-15.46162,28.1055],[-15.4614,28.10433],[-15.46281,28.10276],[-15.46106,28.10236],[-15.46118,28.09883],[-15.45925,28.09843],[-15.45979,28.09563],[-15.45848,28.09482],[-15.45817,28.09685],[-15.45771,28.09669],[-15.45764,28.09635],[-15.45534,28.10086],[-15.45371,28.10616],[-15.45339,28.10814],[-15.45091,28.10772],[-15.4506,28.1092],[-15.45138,28.11011],[-15.45137,28.11058],[-15.44815,28.11493],[-15.44886,28.11559],[-15.4501,28.11763],[-15.44782,28.11858],[-15.44722,28.11963],[-15.44778,28.12074],[-15.4467,28.12274],[-15.44684,28.12394],[-15.44559,28.12484],[-15.44063,28.12695],[-15.43705,28.13002],[-15.43511,28.13011],[-15.435,28.13051],[-15.43479,28.13051],[-15.43484,28.13118],[-15.43514,28.13129],[-15.43526,28.1338],[-15.43461,28.13439],[-15.43467,28.13454],[-15.43558,28.1341],[-15.43568,28.13424],[-15.43478,28.13475],[-15.43507,28.13492],[-15.43503,28.1353],[-15.43581,28.1365],[-15.43569,28.13734],[-15.43547,28.13743],[-15.43534,28.13719],[-15.43512,28.13737],[-15.43562,28.13803],[-15.43573,28.13804]]]]}},{"type":"Feature","properties":{"COD_POSTAL":"35215"},"geometry":{"type":"Polygon","coordinates":[[[-15.39783,28.00609],[-15.40281,28.00492],[-15.40796,28.00603],[-15.41016,28.00542],[-15.40919,28.00413],[-15.40952,27.99587],[-15.41274,27.99258],[-15.41449,27.99446],[-15.41633,27.99436],[-15.41604,27.99361],[-15.41427,27.99117],[-15.41924,27.98906],[-15.42828,27.98571],[-15.43168,27.98482],[-15.44236,27.98523],[-15.45135,27.97982],[-15.45609,27.97465],[-15.45319,27.95343],[-15.45459,27.94756],[-15.45346,27.94745],[-15.45252,27.94687],[-15.45171,27.94734],[-15.45087,27.94734],[-15.44979,27.94791],[-15.44919,27.94778],[-15.44891,27.94719],[-15.44826,27.94685],[-15.4474,27.94731],[-15.44674,27.9471],[-15.44582,27.94746],[-15.44512,27.94687],[-15.44424,27.9467],[-15.44345,27.9472],[-15.44073,27.94738],[-15.43956,27.94613],[-15.43878,27.94644],[-15.43835,27.9469],[-15.43778,27.94692],[-15.43757,27.94674],[-15.43759,27.94594],[-15.43666,27.94462],[-15.43662,27.94362],[-15.43635,27.94314],[-15.4352,27.94266],[-15.43401,27.94312],[-15.43228,27.94214],[-15.43118,27.94296],[-15.43,27.94169],[-15.42929,27.94159],[-15.42882,27.94111],[-15.42848,27.93986],[-15.42914,27.93946],[-15.42884,27.93903],[-15.42787,27.93876],[-15.42783,27.93815],[-15.42624,27.9383],[-15.42587,27.93779],[-15.42397,27.93756],[-15.42326,27.938],[-15.42259,27.93758],[-15.42219,27.93695],[-15.42166,27.93748],[-15.42111,27.93733],[-15.41902,27.93812],[-15.41804,27.9377],[-15.41685,27.93839],[-15.41568,27.93809],[-15.41501,27.93819],[-15.41425,27.94008],[-15.41347,27.93964],[-15.41113,27.93947],[-15.40922,27.94048],[-15.40822,27.94076],[-15.40704,27.95073],[-15.40765,27.95417],[-15.40604,27.96109],[-15.40338,27.96357],[-15.39813,27.97191],[-15.39967,27.98164],[-15.39147,27.98482],[-15.39187,27.98579],[-15.39215,27.991],[-15.39168,28.0028],[-15.39127,28.00411],[-15.39307,28.00607],[-15.394,28.00569],[-15.39713,28.00625],[-15.39783,28.00609]]]}},{"type":"Feature","properties":{"COD_POSTAL":"35415"},"geometry":{"type":"Polygon","coordinates":[[[-15.49373,28.13994],[-15.50367,28.14176],[-15.50522,28.13942],[-15.51048,28.13703],[-15.51216,28.13376],[-15.51364,28.13286],[-15.51331,28.13139],[-15.51147,28.13009],[-15.51164,28.12658],[-15.51045,28.12616],[-15.51055,28.12582],[-15.50931,28.1255],[-15.50937,28.12468],[-15.51008,28.12357],[-15.50949,28.1228],[-15.50887,28.12251],[-15.50959,28.118],[-15.50451,28.11675],[-15.50327,28.11924],[-15.50075,28.12631],[-15.49861,28.12959],[-15.49889,28.13016],[-15.49805,28.13222],[-15.4951,28.13569],[-15.49335,28.13973],[-15.49373,28.13994]]]}},{"type":"Feature","properties":{"COD_POSTAL":"35561"},"geometry":{"type":"Polygon","coordinates":[[[-13.59531,29.06562],[-13.60222,29.06603],[-13.60716,29.06426],[-13.62676,29.04805],[-13.64439,29.04068],[-13.64466,29.03905],[-13.64548,29.03766],[-13.64546,29.03507],[-13.64593,29.03276],[-13.64714,29.03003],[-13.64981,29.02633],[-13.64499,29.02765],[-13.64227,29.02866],[-13.63311,29.02238],[-13.63099,29.02145],[-13.62595,29.02075],[-13.61821,29.02085],[-13.61662,29.01993],[-13.60985,29.02019],[-13.60808,29.02091],[-13.60425,29.01964],[-13.6006,29.01907],[-13.59683,29.01992],[-13.58721,29.00919],[-13.58419,29.02308],[-13.58879,29.03902],[-13.5889,29.04238],[-13.59531,29.06562]]]}},{"type":"Feature","properties":{"COD_POSTAL":"35330"},"geometry":{"type":"Polygon","coordinates":[[[-15.52741,28.07205],[-15.53013,28.07272],[-15.53222,28.07239],[-15.53591,28.071],[-15.53754,28.06958],[-15.53746,28.06786],[-15.53821,28.06665],[-15.54207,28.06623],[-15.54307,28.06837],[-15.54404,28.06816],[-15.54609,28.06924],[-15.54835,28.06832],[-15.54965,28.06832],[-15.55265,28.06924],[-15.55623,28.06694],[-15.55671,28.06578],[-15.55095,28.0617],[-15.55187,28.06095],[-15.55183,28.05999],[-15.553,28.05932],[-15.55292,28.05722],[-15.55087,28.05576],[-15.5471,28.05563],[-15.54626,28.05647],[-15.54513,28.05613],[-15.54416,28.05714],[-15.54247,28.05698],[-15.54278,28.05596],[-15.54261,28.05473],[-15.54125,28.05383],[-15.53824,28.05282],[-15.53756,28.05412],[-15.53683,28.05636],[-15.53583,28.05736],[-15.53449,28.05781],[-15.53422,28.05972],[-15.5321,28.06103],[-15.5278,28.06235],[-15.52669,28.06414],[-15.52639,28.06666],[-15.52751,28.06769],[-15.52797,28.0685],[-15.5277,28.06971],[-15.52685,28.06965],[-15.52609,28.07],[-15.52541,28.06971],[-15.52477,28.07054],[-15.52353,28.06964],[-15.52062,28.07114],[-15.52023,28.07202],[-15.52029,28.0732],[-15.51994,28.0739],[-15.5199,28.075],[-15.52183,28.07511],[-15.52741,28.07205]]]}},{"type":"Feature","properties":{"COD_POSTAL":"35613"},"geometry":{"type":"Polygon","coordinates":[[[-13.89675,28.56858],[-13.89858,28.5688],[-13.89998,28.56928],[-13.90233,28.56913],[-13.90509,28.57011],[-13.90775,28.57058],[-13.90957,28.57209],[-13.91009,28.57285],[-13.91012,28.57415],[-13.90957,28.57542],[-13.91121,28.57507],[-13.91472,28.57482],[-13.91752,28.57351],[-13.92103,28.57442],[-13.9259,28.57315],[-13.92817,28.57298],[-13.93051,28.57248],[-13.93203,28.57198],[-13.93435,28.57008],[-13.93548,28.56971],[-13.94188,28.56993],[-13.94305,28.57083],[-13.94423,28.57134],[-13.94771,28.57181],[-13.95022,28.57309],[-13.95256,28.57335],[-13.95647,28.57222],[-13.958,28.57203],[-13.95939,28.57195],[-13.96093,28.57276],[-13.96176,28.57279],[-13.96529,28.57171],[-13.96821,28.57],[-13.97064,28.57015],[-13.9716,28.56976],[-13.97269,28.56883],[-13.97427,28.56814],[-13.97933,28.56764],[-13.98051,28.56699],[-13.9818,28.56663],[-13.99722,28.56584],[-13.99948,28.56628],[-13.96293,28.52913],[-13.96261,28.52186],[-13.94248,28.50467],[-13.92565,28.51118],[-13.92124,28.54408],[-13.89079,28.52925],[-13.8827,28.52844],[-13.89648,28.56866],[-13.89675,28.56858]]]}},{"type":"Feature","properties":{"COD_POSTAL":"35629"},"geometry":{"type":"Polygon","coordinates":[[[-13.99193,28.22263],[-13.99169,28.22339],[-13.99076,28.22437],[-13.99034,28.22521],[-13.98953,28.22579],[-13.98925,28.22678],[-13.98882,28.22726],[-13.98738,28.228],[-13.98552,28.2284],[-13.9841,28.2282],[-13.98323,28.22703],[-13.98191,28.22795],[-13.98179,28.22832],[-13.9809,28.22866],[-13.97784,28.22908],[-13.97384,28.22886],[-13.97326,28.22853],[-13.96593,28.22862],[-13.95924,28.22725],[-13.95825,28.22739],[-13.95667,28.22711],[-13.95479,28.22744],[-13.95367,28.22732],[-13.95341,28.22763],[-13.95266,28.22781],[-13.94828,28.22798],[-13.94585,28.22859],[-13.94411,28.22955],[-13.94285,28.23074],[-13.94203,28.23196],[-13.94114,28.23207],[-13.941,28.23234],[-13.94008,28.23271],[-13.93971,28.2323],[-13.93907,28.23248],[-13.93817,28.23346],[-13.93618,28.23376],[-13.93513,28.23537],[-13.93389,28.23674],[-13.93323,28.23697],[-13.93173,28.2382],[-13.93043,28.2405],[-13.92704,28.24164],[-13.92616,28.24286],[-13.92628,28.24303],[-13.92594,28.24325],[-13.92528,28.24479],[-13.92509,28.24475],[-13.92458,28.24548],[-13.92471,28.24601],[-13.92396,28.24657],[-13.92365,28.24714],[-13.92347,28.24699],[-13.92239,28.24755],[-13.92252,28.24803],[-13.92223,28.24842],[-13.92216,28.2493],[-13.92239,28.24966],[-13.92207,28.25041],[-13.9212,28.25099],[-13.91952,28.25151],[-13.9313,28.26639],[-13.9662,28.31472],[-13.97982,28.33274],[-14.0129,28.32772],[-14.03671,28.33248],[-14.06734,28.34394],[-14.06879,28.34265],[-14.07181,28.34142],[-14.07369,28.34009],[-14.07428,28.33749],[-14.07597,28.33405],[-14.07726,28.33328],[-14.07932,28.33254],[-14.081,28.33077],[-14.08243,28.32974],[-14.08366,28.3294],[-14.08556,28.32751],[-14.09278,28.32618],[-14.09478,28.3262],[-14.09556,28.32566],[-14.09598,28.32445],[-14.09645,28.32395],[-14.09696,28.32393],[-14.09842,28.323],[-14.10008,28.32132],[-14.10077,28.32022],[-14.10367,28.32039],[-14.10528,28.32019],[-14.10599,28.31987],[-14.10909,28.31644],[-14.11148,28.3122],[-14.11165,28.31018],[-14.11201,28.30982],[-14.11361,28.30859],[-14.11488,28.30903],[-14.11557,28.30898],[-14.11631,28.30858],[-14.11766,28.30853],[-14.11851,28.30746],[-14.11976,28.30696],[-14.1207,28.30622],[-14.12163,28.30465],[-14.12225,28.30434],[-14.12354,28.30298],[-14.12735,28.30153],[-14.12781,28.30051],[-14.12752,28.29968],[-14.12799,28.29812],[-14.12921,28.29724],[-14.13142,28.2945],[-14.13427,28.29237],[-14.14037,28.29038],[-14.14419,28.29186],[-14.14449,28.29233],[-14.14625,28.29266],[-14.14759,28.29226],[-14.15039,28.2908],[-14.15241,28.28939],[-14.15278,28.28929],[-14.15447,28.28988],[-14.15563,28.28918],[-14.15751,28.28898],[-14.15979,28.28808],[-14.15877,28.28472],[-14.1586,28.2834],[-14.15815,28.28288],[-14.15847,28.28103],[-14.15759,28.27945],[-14.15731,28.27918],[-14.15616,28.2791],[-14.15445,28.27837],[-14.15346,28.27846],[-14.15244,28.27891],[-14.15126,28.27877],[-14.14789,28.27729],[-14.14723,28.27669],[-14.14654,28.27577],[-14.14585,28.27534],[-14.14539,28.27328],[-14.14466,28.27169],[-14.14249,28.26911],[-14.14214,28.26716],[-14.13995,28.26655],[-14.13987,28.26508],[-14.13811,28.26137],[-14.13814,28.26023],[-14.13874,28.25999],[-14.1392,28.259],[-14.13903,28.25754],[-14.14013,28.25741],[-14.14114,28.25652],[-14.14156,28.25575],[-14.14161,28.25505],[-14.14265,28.25433],[-14.14312,28.25363],[-14.14323,28.25292],[-14.14291,28.24895],[-14.14082,28.24586],[-14.14085,28.24471],[-14.13935,28.24287],[-14.13936,28.24007],[-14.13882,28.23834],[-14.13899,28.23766],[-14.13857,28.23611],[-14.13907,28.23202],[-14.13968,28.23037],[-14.139,28.22787],[-14.13786,28.22565],[-14.13573,28.22257],[-14.13738,28.21945],[-14.13884,28.21767],[-14.13936,28.21618],[-14.13974,28.21299],[-14.1385,28.21117],[-14.13858,28.20993],[-14.13895,28.20913],[-14.13863,28.20701],[-14.13814,28.20557],[-14.13826,28.20495],[-14.13794,28.20297],[-14.13625,28.2017],[-14.13568,28.20088],[-14.13355,28.19952],[-14.13209,28.19754],[-14.13072,28.19713],[-14.129,28.19617],[-14.12718,28.19469],[-14.12695,28.19424],[-14.12711,28.1928],[-14.12688,28.19156],[-14.1274,28.18902],[-14.12605,28.19012],[-14.12242,28.19134],[-14.12056,28.19161],[-14.11638,28.19172],[-14.1156,28.19156],[-14.11548,28.19047],[-14.1151,28.19041],[-14.11456,28.18988],[-14.11444,28.18906],[-14.11355,28.18926],[-14.11241,28.1885],[-14.11059,28.18909],[-14.11003,28.1888],[-14.10991,28.19014],[-14.10899,28.19034],[-14.10869,28.18996],[-14.10762,28.19106],[-14.107,28.19129],[-14.10688,28.19186],[-14.10604,28.19262],[-14.10508,28.19291],[-14.10451,28.19279],[-14.10417,28.19307],[-14.10326,28.19289],[-14.10186,28.19361],[-14.10096,28.19362],[-14.10066,28.19417],[-14.10008,28.19448],[-14.09927,28.19437],[-14.0984,28.19479],[-14.09662,28.19473],[-14.09559,28.19388],[-14.09523,28.19263],[-14.09494,28.19235],[-14.09387,28.19331],[-14.09289,28.19355],[-14.09282,28.19395],[-14.09241,28.19422],[-14.09084,28.19464],[-14.08956,28.19463],[-14.08905,28.19501],[-14.08834,28.19513],[-14.08703,28.1961],[-14.08473,28.19659],[-14.08404,28.19648],[-14.08378,28.19686],[-14.08316,28.19706],[-14.08273,28.19682],[-14.0822,28.1974],[-14.08108,28.19792],[-14.08007,28.19768],[-14.07989,28.19788],[-14.07867,28.19792],[-14.07712,28.19775],[-14.07684,28.19805],[-14.0764,28.20039],[-14.0755,28.20101],[-14.07394,28.20148],[-14.0728,28.20163],[-14.07173,28.20146],[-14.07148,28.20091],[-14.07039,28.20005],[-14.07003,28.19916],[-14.06967,28.19908],[-14.06924,28.19933],[-14.06831,28.199],[-14.06744,28.19953],[-14.06749,28.1998],[-14.06607,28.19997],[-14.06601,28.20052],[-14.06472,28.20145],[-14.06248,28.20153],[-14.06146,28.20216],[-14.06054,28.20232],[-14.05895,28.20225],[-14.0586,28.2019],[-14.05692,28.2022],[-14.05573,28.2019],[-14.0551,28.20241],[-14.05367,28.20234],[-14.05397,28.23685],[-14.02785,28.24937],[-14.02148,28.2417],[-14.01908,28.24162],[-14.01623,28.24101],[-14.0144,28.2394],[-14.01332,28.23775],[-14.01332,28.23574],[-14.00665,28.23709],[-14.00625,28.23604],[-14.001,28.23413],[-13.99193,28.22262],[-13.99193,28.22263]]]}},{"type":"Feature","properties":{"COD_POSTAL":"35412"},"geometry":{"type":"MultiPolygon","coordinates":[[[[-15.52769,28.13906],[-15.52548,28.13807],[-15.52316,28.13983],[-15.52319,28.14296],[-15.52242,28.14401],[-15.52347,28.146],[-15.52742,28.14565],[-15.52744,28.14323],[-15.52769,28.13906]]],[[[-15.51683,28.09292],[-15.51753,28.09436],[-15.52019,28.09613],[-15.52308,28.1089],[-15.52419,28.11029],[-15.52736,28.10988],[-15.53198,28.11093],[-15.53429,28.10921],[-15.53556,28.10547],[-15.53555,28.10383],[-15.53959,28.10166],[-15.54509,28.10161],[-15.54524,28.09996],[-15.54545,28.09955],[-15.54578,28.09945],[-15.54568,28.09907],[-15.54635,28.09883],[-15.5463,28.09835],[-15.54671,28.09774],[-15.54679,28.09692],[-15.54731,28.09676],[-15.54764,28.09581],[-15.54814,28.09578],[-15.54463,28.09086],[-15.54448,28.0899],[-15.54975,28.08616],[-15.54933,28.08547],[-15.54749,28.08674],[-15.5444,28.08756],[-15.54362,28.08752],[-15.54225,28.08706],[-15.54166,28.08652],[-15.54003,28.08646],[-15.53904,28.08615],[-15.53816,28.08521],[-15.53741,28.0848],[-15.53329,28.08396],[-15.53266,28.08363],[-15.53159,28.08364],[-15.52984,28.08292],[-15.52776,28.08307],[-15.52737,28.08346],[-15.52644,28.08335],[-15.52554,28.08392],[-15.52318,28.08394],[-15.52233,28.08457],[-15.52084,28.08456],[-15.51972,28.08561],[-15.51907,28.08673],[-15.51937,28.08777],[-15.51905,28.08834],[-15.51904,28.08897],[-15.5184,28.08941],[-15.51871,28.09012],[-15.51686,28.0929],[-15.51683,28.09292]]]]}},{"type":"Feature","properties":{"COD_POSTAL":"35011"},"geometry":{"type":"Polygon","coordinates":[[[-15.43524,28.12956],[-15.43511,28.13011],[-15.43705,28.13002],[-15.44076,28.1269],[-15.4402,28.12015],[-15.44084,28.1151],[-15.44099,28.11104],[-15.4424,28.10719],[-15.44126,28.10604],[-15.44056,28.10573],[-15.44033,28.10652],[-15.43999,28.10666],[-15.43868,28.10834],[-15.43646,28.10967],[-15.43651,28.10999],[-15.43682,28.11012],[-15.43474,28.11127],[-15.43388,28.11212],[-15.43506,28.11392],[-15.43458,28.11406],[-15.43337,28.1126],[-15.43214,28.11325],[-15.43227,28.11378],[-15.4318,28.11412],[-15.43162,28.11541],[-15.43047,28.11552],[-15.4304,28.11608],[-15.4293,28.1178],[-15.42949,28.11851],[-15.4301,28.1189],[-15.4305,28.11995],[-15.43172,28.1208],[-15.43294,28.11952],[-15.43321,28.12085],[-15.43237,28.12191],[-15.43585,28.12687],[-15.4358,28.12764],[-15.43501,28.1295],[-15.43524,28.12956]]]}},{"type":"Feature","properties":{"COD_POSTAL":"35328"},"geometry":{"type":"Polygon","coordinates":[[[-15.56657,28.00182],[-15.56588,28.00755],[-15.54504,28.01713],[-15.5378,28.01968],[-15.52672,28.02207],[-15.52816,28.02337],[-15.53023,28.02612],[-15.53082,28.02772],[-15.53063,28.03059],[-15.53074,28.03087],[-15.53156,28.03087],[-15.5324,28.03287],[-15.53324,28.03281],[-15.53453,28.03332],[-15.5372,28.03696],[-15.53862,28.03684],[-15.54118,28.03575],[-15.54203,28.03508],[-15.54255,28.03429],[-15.54409,28.03391],[-15.5442,28.03306],[-15.54589,28.03239],[-15.54661,28.03164],[-15.55049,28.03105],[-15.55147,28.02964],[-15.55277,28.02931],[-15.55649,28.02763],[-15.55775,28.0274],[-15.55843,28.02659],[-15.55963,28.02581],[-15.56038,28.02483],[-15.56116,28.02471],[-15.56362,28.02504],[-15.56474,28.02476],[-15.56555,28.02517],[-15.56755,28.02517],[-15.56918,28.02614],[-15.57103,28.02561],[-15.57312,28.0238],[-15.57346,28.02287],[-15.57489,28.02202],[-15.57644,28.02068],[-15.58004,28.01878],[-15.58073,28.01802],[-15.58272,28.01677],[-15.58589,28.01577],[-15.58745,28.01494],[-15.5921,28.01361],[-15.59634,28.01279],[-15.60002,28.01154],[-15.59989,28.00864],[-15.59964,28.00784],[-15.59984,28.00721],[-15.59951,28.00492],[-15.59933,28.00456],[-15.59727,28.00316],[-15.59694,28.00186],[-15.59619,28.00053],[-15.59618,27.99916],[-15.59673,27.998],[-15.59635,27.99632],[-15.59572,27.99554],[-15.5956,27.99397],[-15.59382,27.99288],[-15.5932,27.99171],[-15.59237,27.99086],[-15.59315,27.98926],[-15.57779,27.99538],[-15.56627,27.99919],[-15.56657,28.00182]]]}},{"type":"Feature","properties":{"COD_POSTAL":"35214"},"geometry":{"type":"Polygon","coordinates":[[[-15.39171,28.00107],[-15.39215,27.991],[-15.39187,27.98579],[-15.39078,27.98329],[-15.39023,27.9802],[-15.38639,27.98122],[-15.38094,27.98113],[-15.37574,27.97889],[-15.37627,27.97983],[-15.37713,27.98052],[-15.3783,27.98278],[-15.378,27.98398],[-15.37726,27.98401],[-15.37516,27.98503],[-15.37526,27.98602],[-15.37565,27.98626],[-15.3747,27.98807],[-15.37396,27.98837],[-15.37359,27.98816],[-15.37368,27.98859],[-15.3725,27.98893],[-15.37052,27.98903],[-15.37014,27.98962],[-15.36931,27.98915],[-15.3692,27.9893],[-15.36957,27.98957],[-15.36786,27.99131],[-15.36753,27.99107],[-15.36767,27.98992],[-15.36883,27.98857],[-15.36837,27.98877],[-15.3674,27.98988],[-15.36719,27.99135],[-15.36769,27.99212],[-15.36759,27.99268],[-15.36839,27.99294],[-15.36932,27.99273],[-15.36928,27.99304],[-15.36986,27.99378],[-15.37074,27.99386],[-15.3703,27.99461],[-15.36994,27.9964],[-15.37015,27.99676],[-15.37031,27.99652],[-15.37084,27.99672],[-15.3734,27.99587],[-15.3743,27.99629],[-15.37525,27.9973],[-15.37493,27.99812],[-15.37501,27.99871],[-15.37551,27.99943],[-15.37554,28.00013],[-15.37971,27.99866],[-15.38841,27.99665],[-15.38846,27.99964],[-15.39171,28.00107]]]}},{"type":"Feature","properties":{"COD_POSTAL":"35107"},"geometry":{"type":"Polygon","coordinates":[[[-15.46212,27.82812],[-15.47499,27.82862],[-15.50346,27.82429],[-15.52385,27.83475],[-15.53929,27.81487],[-15.52643,27.78076],[-15.52321,27.77903],[-15.52242,27.77957],[-15.51851,27.78119],[-15.5177,27.7814],[-15.51748,27.78112],[-15.51757,27.78153],[-15.51613,27.78186],[-15.51548,27.78166],[-15.51477,27.78189],[-15.51387,27.78182],[-15.51246,27.78144],[-15.51145,27.78053],[-15.51046,27.78065],[-15.50876,27.78042],[-15.50586,27.78246],[-15.50342,27.78347],[-15.50186,27.78553],[-15.5015,27.78571],[-15.50094,27.78558],[-15.50005,27.78632],[-15.49924,27.78642],[-15.4974,27.78839],[-15.49547,27.78973],[-15.4937,27.79036],[-15.49209,27.79054],[-15.48719,27.79274],[-15.48031,27.7937],[-15.4739,27.79357],[-15.47265,27.79381],[-15.46957,27.79509],[-15.46839,27.79493],[-15.46686,27.79572],[-15.46601,27.79644],[-15.46567,27.79653],[-15.46533,27.79616],[-15.4653,27.79636],[-15.46373,27.79689],[-15.46315,27.79673],[-15.46316,27.79551],[-15.46293,27.79497],[-15.46385,27.79486],[-15.46399,27.79466],[-15.46301,27.79467],[-15.46266,27.79477],[-15.46277,27.79677],[-15.46004,27.79732],[-15.45692,27.79843],[-15.45349,27.79841],[-15.45101,27.79876],[-15.44841,27.79875],[-15.44692,27.79907],[-15.44615,27.79889],[-15.44161,27.79989],[-15.43885,27.80014],[-15.43639,27.80119],[-15.43638,27.80149],[-15.43614,27.80137],[-15.43611,27.80159],[-15.43546,27.80173],[-15.43381,27.80013],[-15.43522,27.80214],[-15.43592,27.80272],[-15.43531,27.80298],[-15.43485,27.80222],[-15.43409,27.80249],[-15.43335,27.80147],[-15.43277,27.80037],[-15.43395,27.79934],[-15.43315,27.79948],[-15.43256,27.79997],[-15.43243,27.80043],[-15.43367,27.80263],[-15.43307,27.80276],[-15.43292,27.80305],[-15.43132,27.80315],[-15.42969,27.80377],[-15.4293,27.80431],[-15.42885,27.80437],[-15.42724,27.8057],[-15.42819,27.80641],[-15.43085,27.81027],[-15.43403,27.8141],[-15.43557,27.81505],[-15.44052,27.81724],[-15.44225,27.81873],[-15.44329,27.81901],[-15.44579,27.8215],[-15.45018,27.82501],[-15.45121,27.82644],[-15.46212,27.82812]]]}},{"type":"Feature","properties":{"COD_POSTAL":"35216"},"geometry":{"type":"Polygon","coordinates":[[[-15.49102,27.97791],[-15.49186,27.98465],[-15.49262,27.98574],[-15.49886,27.98739],[-15.50164,27.98888],[-15.50842,27.99448],[-15.50798,28.00033],[-15.51052,28.00159],[-15.51386,28.00658],[-15.51399,28.00561],[-15.51454,28.00466],[-15.51625,28.00399],[-15.5177,28.00274],[-15.5186,28.0023],[-15.52095,28.00226],[-15.52336,28.00141],[-15.52657,28.00218],[-15.52767,28.00147],[-15.52869,28.00003],[-15.52958,28.0],[-15.53037,27.99952],[-15.53077,27.99868],[-15.53117,27.9984],[-15.53578,27.99861],[-15.53813,27.99776],[-15.53858,27.99712],[-15.53987,27.99657],[-15.5407,27.99521],[-15.54142,27.99502],[-15.54225,27.99417],[-15.54417,27.9934],[-15.54573,27.99224],[-15.54671,27.99059],[-15.54822,27.98906],[-15.54914,27.98761],[-15.5501,27.98426],[-15.54937,27.98214],[-15.54971,27.98126],[-15.54945,27.97876],[-15.54958,27.97794],[-15.54893,27.97473],[-15.55028,27.97196],[-15.54987,27.96909],[-15.54993,27.96687],[-15.55138,27.96053],[-15.55434,27.95419],[-15.55135,27.95143],[-15.55046,27.95132],[-15.54974,27.95075],[-15.54304,27.94972],[-15.5425,27.9527],[-15.54186,27.95413],[-15.54063,27.95571],[-15.5396,27.95631],[-15.53851,27.95634],[-15.53542,27.95537],[-15.53449,27.95541],[-15.53252,27.95658],[-15.53112,27.958],[-15.53041,27.95915],[-15.52949,27.95966],[-15.52802,27.95894],[-15.52669,27.95893],[-15.52521,27.95766],[-15.52365,27.95718],[-15.52265,27.95656],[-15.52061,27.9569],[-15.51964,27.95785],[-15.51843,27.9584],[-15.51742,27.95968],[-15.5131,27.95923],[-15.51202,27.95944],[-15.511,27.95925],[-15.51032,27.96003],[-15.50877,27.96013],[-15.50853,27.9605],[-15.50885,27.96088],[-15.50754,27.96191],[-15.5073,27.96282],[-15.50689,27.96312],[-15.50489,27.96369],[-15.50421,27.96422],[-15.50276,27.96432],[-15.50147,27.96374],[-15.50037,27.9637],[-15.49795,27.96453],[-15.49722,27.96547],[-15.49603,27.96579],[-15.4961,27.96647],[-15.49566,27.9666],[-15.49501,27.96636],[-15.49333,27.96807],[-15.493,27.96814],[-15.49231,27.96774],[-15.49189,27.96806],[-15.49174,27.96861],[-15.49049,27.96906],[-15.49055,27.96958],[-15.4897,27.97],[-15.48921,27.97067],[-15.49102,27.97791]]]}},{"type":"Feature","properties":{"COD_POSTAL":"35003"},"geometry":{"type":"Polygon","coordinates":[[[-15.41958,28.11417],[-15.42074,28.11398],[-15.42189,28.11345],[-15.42222,28.11346],[-15.42253,28.11385],[-15.42333,28.11373],[-15.42321,28.11347],[-15.42458,28.11345],[-15.4247,28.11318],[-15.42427,28.11194],[-15.42534,28.11159],[-15.42168,28.10853],[-15.42094,28.10742],[-15.41622,28.10943],[-15.41476,28.10964],[-15.41442,28.11062],[-15.41722,28.11426],[-15.41832,28.1135],[-15.41904,28.11323],[-15.41912,28.11339],[-15.41958,28.11417]]]}},{"type":"Feature","properties":{"COD_POSTAL":"35620"},"geometry":{"type":"Polygon","coordinates":[[[-14.01332,28.23775],[-14.0144,28.2394],[-14.01623,28.24101],[-14.01908,28.24162],[-14.02148,28.2417],[-14.02785,28.24937],[-14.05397,28.23685],[-14.05367,28.20234],[-14.05316,28.20242],[-14.052,28.2032],[-14.05037,28.20338],[-14.04945,28.20325],[-14.04842,28.20221],[-14.04816,28.20242],[-14.04699,28.20234],[-14.04564,28.20295],[-14.0453,28.20272],[-14.04504,28.20295],[-14.04433,28.20293],[-14.04278,28.20238],[-14.04191,28.20329],[-14.04078,28.20344],[-14.03963,28.20436],[-14.03637,28.20602],[-14.03379,28.20706],[-14.03174,28.20751],[-14.02983,28.20726],[-14.02921,28.20636],[-14.02813,28.20543],[-14.0277,28.20532],[-14.02507,28.20636],[-14.02518,28.20655],[-14.02732,28.20582],[-14.02754,28.20621],[-14.02735,28.20581],[-14.02768,28.20567],[-14.0279,28.20607],[-14.02771,28.20566],[-14.02789,28.20559],[-14.02857,28.20636],[-14.02847,28.20675],[-14.02733,28.20705],[-14.02723,28.20779],[-14.02684,28.20816],[-14.02605,28.20843],[-14.02561,28.20823],[-14.02446,28.20839],[-14.02399,28.20811],[-14.02343,28.20831],[-14.02346,28.20849],[-14.02335,28.20837],[-14.02343,28.20879],[-14.02322,28.20881],[-14.02263,28.20661],[-14.02295,28.2085],[-14.02277,28.20868],[-14.02291,28.20984],[-14.02227,28.21046],[-14.01976,28.21107],[-14.01785,28.2112],[-14.01612,28.21082],[-14.0149,28.20957],[-14.0146,28.20954],[-14.01446,28.20904],[-14.01342,28.20801],[-14.01275,28.20779],[-14.0123,28.20827],[-14.00916,28.20943],[-14.0081,28.21009],[-14.00536,28.21321],[-14.0033,28.21514],[-14.00156,28.2161],[-14.001,28.21604],[-14.00067,28.21665],[-14.00021,28.21694],[-13.99894,28.21664],[-13.99769,28.217],[-13.99569,28.21806],[-13.99519,28.21906],[-13.99389,28.22031],[-13.99199,28.221],[-13.9918,28.22156],[-13.99193,28.22262],[-14.001,28.23413],[-14.00625,28.23604],[-14.00665,28.23709],[-14.01332,28.23574],[-14.01338,28.23629],[-14.01332,28.23775]]]}},{"type":"Feature","properties":{"COD_POSTAL":"35625"},"geometry":{"type":"Polygon","coordinates":[[[-14.33257,28.07328],[-14.38194,28.07009],[-14.41013,28.05908],[-14.40931,28.05865],[-14.40844,28.05871],[-14.40642,28.0583],[-14.40572,28.05845],[-14.40188,28.05821],[-14.40069,28.05856],[-14.39987,28.05848],[-14.39718,28.05755],[-14.39679,28.05724],[-14.39293,28.05658],[-14.3909,28.05562],[-14.38844,28.05578],[-14.38814,28.05566],[-14.38789,28.05509],[-14.38721,28.0553],[-14.38602,28.05521],[-14.38312,28.05355],[-14.38294,28.05328],[-14.38312,28.05305],[-14.38158,28.05296],[-14.38048,28.05247],[-14.37665,28.05219],[-14.37536,28.0532],[-14.37244,28.05329],[-14.37081,28.05456],[-14.36863,28.05443],[-14.36609,28.05355],[-14.36414,28.0524],[-14.36439,28.05092],[-14.36413,28.0507],[-14.36365,28.05066],[-14.36422,28.05101],[-14.36391,28.05231],[-14.36362,28.0524],[-14.36075,28.05104],[-14.36116,28.05021],[-14.361,28.05034],[-14.36091,28.05009],[-14.36036,28.05096],[-14.36018,28.05087],[-14.36042,28.05052],[-14.35998,28.05035],[-14.36015,28.05012],[-14.35996,28.05034],[-14.35956,28.05014],[-14.35973,28.04991],[-14.35953,28.05013],[-14.35913,28.04993],[-14.3593,28.0497],[-14.35911,28.04993],[-14.35842,28.04959],[-14.35904,28.04861],[-14.35893,28.04873],[-14.35884,28.04854],[-14.36088,28.04774],[-14.36174,28.04833],[-14.36501,28.04955],[-14.36104,28.04749],[-14.35656,28.04918],[-14.35422,28.04883],[-14.35212,28.04951],[-14.34955,28.04916],[-14.33688,28.04451],[-14.33359,28.04439],[-14.33207,28.04455],[-14.32977,28.04519],[-14.32762,28.04728],[-14.32357,28.04892],[-14.32312,28.04967],[-14.32275,28.04948],[-14.32153,28.05036],[-14.32016,28.05232],[-14.31766,28.05514],[-14.31576,28.0569],[-14.31503,28.0572],[-14.31329,28.06011],[-14.30888,28.06514],[-14.33257,28.07328]]]}},{"type":"Feature","properties":{"COD_POSTAL":"35340"},"geometry":{"type":"Polygon","coordinates":[[[-15.5721,28.05255],[-15.57223,28.05335],[-15.57276,28.05379],[-15.57589,28.05321],[-15.57991,28.04877],[-15.58352,28.04726],[-15.58561,28.04539],[-15.58709,28.04213],[-15.59549,28.03052],[-15.60385,28.01664],[-15.60324,28.01617],[-15.6028,28.01523],[-15.60181,28.01491],[-15.60114,28.0141],[-15.60002,28.01154],[-15.59634,28.01279],[-15.5921,28.01361],[-15.58745,28.01494],[-15.58589,28.01577],[-15.58272,28.01677],[-15.58073,28.01802],[-15.58004,28.01878],[-15.57644,28.02068],[-15.57489,28.02202],[-15.57346,28.02287],[-15.57315,28.02376],[-15.57223,28.02441],[-15.57156,28.0253],[-15.56918,28.02614],[-15.56948,28.02741],[-15.56886,28.0296],[-15.56755,28.03089],[-15.56572,28.03143],[-15.56455,28.03261],[-15.56465,28.03598],[-15.56505,28.03663],[-15.56522,28.03773],[-15.5641,28.03942],[-15.56304,28.04041],[-15.56436,28.04212],[-15.56447,28.04363],[-15.56475,28.04427],[-15.56564,28.04494],[-15.56726,28.04533],[-15.56858,28.04657],[-15.56952,28.04803],[-15.56885,28.04795],[-15.5717,28.04986],[-15.5721,28.05255]]]}},{"type":"Feature","properties":{"COD_POSTAL":"35500"},"geometry":{"type":"Polygon","coordinates":[[[-13.5289,28.98176],[-13.54508,28.98243],[-13.54661,28.98257],[-13.54731,28.98292],[-13.54866,28.98484],[-13.54983,28.98525],[-13.55021,28.98571],[-13.5518,28.98917],[-13.55268,28.98915],[-13.55216,28.99066],[-13.55235,28.99118],[-13.55312,28.99167],[-13.55387,28.99326],[-13.55446,28.99707],[-13.55437,28.99785],[-13.55167,29.00216],[-13.55157,29.00405],[-13.55202,29.0041],[-13.55393,29.00324],[-13.55679,29.00404],[-13.55658,29.00633],[-13.56182,29.00539],[-13.5676,29.00558],[-13.57087,29.00443],[-13.57381,29.00371],[-13.5748,29.00277],[-13.5761,29.0022],[-13.57712,29.00287],[-13.58894,29.00359],[-13.58913,29.00316],[-13.5878,28.98849],[-13.58472,28.96159],[-13.57068,28.96285],[-13.56653,28.95439],[-13.56575,28.95449],[-13.56349,28.95592],[-13.55957,28.95625],[-13.55949,28.9566],[-13.56037,28.95685],[-13.56016,28.95751],[-13.55935,28.95823],[-13.5586,28.95837],[-13.55726,28.9581],[-13.55703,28.95753],[-13.55632,28.95777],[-13.5551,28.95745],[-13.55526,28.95584],[-13.55504,28.95475],[-13.55426,28.954],[-13.5538,28.95392],[-13.55214,28.95452],[-13.55205,28.9547],[-13.5525,28.95481],[-13.55351,28.95459],[-13.55313,28.95505],[-13.55329,28.95523],[-13.55325,28.95506],[-13.55373,28.95483],[-13.55474,28.95526],[-13.55499,28.95574],[-13.55483,28.95664],[-13.55341,28.95674],[-13.55343,28.95714],[-13.55215,28.95724],[-13.55137,28.95712],[-13.55129,28.95692],[-13.54679,28.95882],[-13.54565,28.95981],[-13.54573,28.96056],[-13.54629,28.96071],[-13.54717,28.96026],[-13.54789,28.96057],[-13.54855,28.96182],[-13.54915,28.96219],[-13.54845,28.9619],[-13.54675,28.96214],[-13.5456,28.96149],[-13.543,28.96105],[-13.54304,28.96059],[-13.54434,28.96089],[-13.54521,28.96062],[-13.54533,28.96012],[-13.5448,28.95959],[-13.54491,28.9593],[-13.54361,28.95875],[-13.54343,28.95816],[-13.54304,28.95884],[-13.54186,28.95828],[-13.54147,28.95831],[-13.54086,28.95945],[-13.54043,28.95943],[-13.53959,28.95991],[-13.5376,28.96323],[-13.53617,28.96476],[-13.53516,28.96635],[-13.5335,28.96792],[-13.53404,28.96794],[-13.5342,28.96751],[-13.53556,28.96638],[-13.53602,28.96569],[-13.53731,28.96561],[-13.53795,28.96581],[-13.53725,28.96547],[-13.53741,28.96506],[-13.53705,28.9649],[-13.53736,28.96473],[-13.53741,28.96427],[-13.53833,28.96264],[-13.5388,28.96287],[-13.53971,28.96145],[-13.5392,28.96129],[-13.5402,28.95987],[-13.54068,28.95968],[-13.54121,28.96017],[-13.54129,28.96065],[-13.54218,28.96102],[-13.54255,28.96179],[-13.54257,28.96243],[-13.541,28.96339],[-13.54129,28.96372],[-13.54088,28.96408],[-13.54028,28.96444],[-13.53965,28.96438],[-13.53961,28.96621],[-13.53713,28.96802],[-13.53734,28.96822],[-13.53623,28.96911],[-13.53662,28.96934],[-13.53648,28.96966],[-13.53588,28.96998],[-13.53444,28.97023],[-13.53401,28.97058],[-13.53302,28.97065],[-13.53245,28.97136],[-13.53257,28.97183],[-13.53237,28.9724],[-13.53172,28.97256],[-13.5317,28.97325],[-13.53145,28.97335],[-13.53093,28.97306],[-13.52984,28.9734],[-13.52942,28.97326],[-13.52973,28.97216],[-13.5301,28.97188],[-13.53111,28.96842],[-13.53095,28.96865],[-13.52995,28.96841],[-13.52992,28.96813],[-13.52929,28.97031],[-13.52909,28.97027],[-13.52878,28.97132],[-13.52847,28.97138],[-13.52811,28.97281],[-13.52662,28.97268],[-13.52667,28.97201],[-13.52618,28.97199],[-13.5269,28.96954],[-13.5266,28.96948],[-13.52827,28.96416],[-13.52811,28.96413],[-13.52518,28.97327],[-13.52538,28.97395],[-13.52504,28.97481],[-13.52516,28.97572],[-13.52434,28.97531],[-13.52397,28.97549],[-13.52407,28.97583],[-13.52313,28.97633],[-13.5235,28.97701],[-13.52304,28.97715],[-13.52249,28.97697],[-13.52214,28.97626],[-13.52048,28.97461],[-13.52017,28.97458],[-13.51989,28.97489],[-13.5193,28.975],[-13.51884,28.97562],[-13.51741,28.97666],[-13.51646,28.97696],[-13.51623,28.97786],[-13.51545,28.97915],[-13.51572,28.98059],[-13.51599,28.98073],[-13.51568,28.98137],[-13.524,28.98159],[-13.5289,28.98176]]]}},{"type":"Feature","properties":{"COD_POSTAL":"35320"},"geometry":{"type":"Polygon","coordinates":[[[-15.52825,28.01119],[-15.52766,28.01194],[-15.52962,28.01324],[-15.53279,28.01341],[-15.53737,28.01043],[-15.54352,28.00864],[-15.54332,28.00717],[-15.54074,28.00799],[-15.53935,28.00701],[-15.53414,28.00704],[-15.5337,28.00504],[-15.52992,28.00671],[-15.52955,28.00864],[-15.52825,28.01119]]]}},{"type":"Feature","properties":{"COD_POSTAL":"35250"},"geometry":{"type":"Polygon","coordinates":[[[-15.45574,27.91794],[-15.45432,27.91616],[-15.45343,27.91569],[-15.45309,27.91462],[-15.45099,27.91243],[-15.4505,27.91132],[-15.44797,27.90984],[-15.44713,27.90908],[-15.44577,27.90876],[-15.44462,27.90893],[-15.44134,27.91089],[-15.43675,27.91146],[-15.42883,27.91286],[-15.42556,27.91408],[-15.42349,27.91712],[-15.42159,27.9234],[-15.42509,27.92692],[-15.42677,27.92963],[-15.42958,27.93193],[-15.43394,27.93263],[-15.43699,27.93212],[-15.43895,27.93235],[-15.44153,27.9323],[-15.44561,27.9294],[-15.44781,27.92711],[-15.44781,27.92645],[-15.45104,27.92387],[-15.45581,27.91798],[-15.45574,27.91794]]]}},{"type":"Feature","properties":{"COD_POSTAL":"35259"},"geometry":{"type":"Polygon","coordinates":[[[-15.53078,27.95586],[-15.53146,27.95761],[-15.53322,27.95604],[-15.5349,27.95534],[-15.53774,27.95618],[-15.5396,27.95631],[-15.54063,27.95571],[-15.54132,27.95497],[-15.54235,27.95316],[-15.54264,27.95211],[-15.53765,27.95191],[-15.53599,27.95158],[-15.53378,27.95011],[-15.53146,27.9475],[-15.52989,27.94632],[-15.52903,27.94599],[-15.52395,27.94571],[-15.5174,27.93992],[-15.51417,27.9379],[-15.5131,27.93669],[-15.51224,27.9352],[-15.51149,27.93451],[-15.51009,27.93393],[-15.50945,27.93422],[-15.5087,27.93567],[-15.50777,27.93654],[-15.50705,27.93685],[-15.50435,27.93719],[-15.5005,27.93587],[-15.49851,27.9363],[-15.49749,27.93678],[-15.49554,27.93625],[-15.49461,27.93644],[-15.49045,27.93609],[-15.48864,27.93676],[-15.48767,27.93687],[-15.48585,27.93638],[-15.485,27.93592],[-15.48453,27.93535],[-15.48333,27.93501],[-15.48166,27.93332],[-15.48088,27.93307],[-15.47925,27.93326],[-15.47865,27.93357],[-15.4779,27.93343],[-15.4772,27.9337],[-15.47611,27.93367],[-15.47425,27.93423],[-15.47272,27.93373],[-15.47089,27.93408],[-15.4698,27.93401],[-15.46907,27.93322],[-15.46682,27.93194],[-15.46532,27.92991],[-15.46526,27.92917],[-15.46425,27.92781],[-15.46278,27.92655],[-15.46118,27.92559],[-15.46071,27.92436],[-15.45942,27.92328],[-15.45891,27.92162],[-15.4576,27.91985],[-15.45626,27.91927],[-15.45581,27.91798],[-15.45104,27.92387],[-15.44781,27.92645],[-15.44781,27.92711],[-15.44561,27.9294],[-15.44153,27.9323],[-15.43895,27.93235],[-15.43699,27.93212],[-15.43394,27.93263],[-15.42958,27.93193],[-15.42677,27.92963],[-15.42509,27.92692],[-15.42159,27.9234],[-15.42349,27.91712],[-15.42556,27.91408],[-15.42883,27.91286],[-15.43675,27.91146],[-15.44134,27.91089],[-15.44462,27.90893],[-15.44577,27.90876],[-15.44529,27.9085],[-15.44181,27.90801],[-15.43959,27.90837],[-15.43868,27.90809],[-15.43703,27.90705],[-15.43457,27.90665],[-15.43274,27.90708],[-15.43071,27.90714],[-15.42935,27.90784],[-15.42785,27.90774],[-15.42607,27.90806],[-15.42558,27.9084],[-15.42517,27.90978],[-15.42244,27.90991],[-15.42202,27.91014],[-15.42108,27.9119],[-15.41942,27.91191],[-15.41844,27.91621],[-15.41471,27.91468],[-15.41077,27.91529],[-15.40557,27.91459],[-15.40403,27.91562],[-15.40248,27.9151],[-15.40065,27.91337],[-15.39925,27.9129],[-15.39826,27.91341],[-15.39667,27.91252],[-15.39461,27.91201],[-15.39288,27.91224],[-15.39091,27.9121],[-15.38702,27.91032],[-15.38662,27.91034],[-15.38653,27.91123],[-15.38618,27.91173],[-15.38552,27.91169],[-15.38556,27.91191],[-15.38604,27.91207],[-15.38573,27.91237],[-15.38587,27.91263],[-15.38665,27.91283],[-15.38679,27.91364],[-15.38616,27.9154],[-15.38613,27.91719],[-15.38492,27.91888],[-15.3855,27.91898],[-15.38581,27.91935],[-15.385,27.91953],[-15.38423,27.92062],[-15.3851,27.92284],[-15.3848,27.92584],[-15.384,27.9277],[-15.38332,27.92798],[-15.38235,27.92933],[-15.38609,27.93167],[-15.38905,27.93408],[-15.39001,27.93733],[-15.39039,27.93788],[-15.39175,27.93862],[-15.39733,27.93894],[-15.39951,27.93998],[-15.40163,27.94046],[-15.4027,27.94112],[-15.40583,27.94136],[-15.40912,27.94052],[-15.41113,27.93947],[-15.41347,27.93964],[-15.41425,27.94008],[-15.41501,27.93819],[-15.41568,27.93809],[-15.41685,27.93839],[-15.41804,27.9377],[-15.41902,27.93812],[-15.42111,27.93733],[-15.42166,27.93748],[-15.42219,27.93695],[-15.42259,27.93758],[-15.42326,27.938],[-15.42397,27.93756],[-15.42587,27.93779],[-15.42624,27.9383],[-15.42783,27.93815],[-15.42787,27.93876],[-15.42884,27.93903],[-15.42914,27.93946],[-15.42848,27.93986],[-15.42882,27.94111],[-15.42929,27.94159],[-15.43,27.94169],[-15.43118,27.94296],[-15.43228,27.94214],[-15.43401,27.94312],[-15.4352,27.94266],[-15.43635,27.94314],[-15.43662,27.94362],[-15.43666,27.94462],[-15.43759,27.94594],[-15.43757,27.94674],[-15.43778,27.94692],[-15.43835,27.9469],[-15.43878,27.94644],[-15.43965,27.94613],[-15.44073,27.94738],[-15.44345,27.9472],[-15.44424,27.9467],[-15.44512,27.94687],[-15.44582,27.94746],[-15.44674,27.9471],[-15.4474,27.94731],[-15.44822,27.94684],[-15.44891,27.94719],[-15.44923,27.9478],[-15.44998,27.94792],[-15.45087,27.94734],[-15.45166,27.94736],[-15.45258,27.94687],[-15.45346,27.94745],[-15.45442,27.94749],[-15.45541,27.94785],[-15.45636,27.94775],[-15.45712,27.94822],[-15.45803,27.94823],[-15.45824,27.94925],[-15.45919,27.95066],[-15.45953,27.95046],[-15.46002,27.95074],[-15.46061,27.95022],[-15.46124,27.95012],[-15.46253,27.95087],[-15.46345,27.95076],[-15.46399,27.95118],[-15.46475,27.95115],[-15.46579,27.95164],[-15.46665,27.95089],[-15.46757,27.95122],[-15.46872,27.95065],[-15.46964,27.95113],[-15.47049,27.9509],[-15.47191,27.95141],[-15.47243,27.95111],[-15.47361,27.95108],[-15.47439,27.95024],[-15.476,27.94979],[-15.4773,27.94992],[-15.47909,27.95079],[-15.47995,27.95076],[-15.48066,27.94896],[-15.48097,27.94882],[-15.48177,27.94909],[-15.48213,27.94883],[-15.4827,27.94903],[-15.48566,27.949],[-15.48644,27.94873],[-15.48788,27.94872],[-15.48835,27.94896],[-15.49124,27.9486],[-15.49225,27.94896],[-15.49314,27.94865],[-15.49343,27.94896],[-15.49377,27.94861],[-15.49463,27.94856],[-15.49566,27.94941],[-15.49594,27.95006],[-15.49695,27.95045],[-15.49872,27.9503],[-15.49964,27.94995],[-15.50252,27.95021],[-15.5058,27.94926],[-15.51022,27.94988],[-15.513,27.949],[-15.51371,27.9491],[-15.51685,27.95052],[-15.52031,27.95131],[-15.52536,27.95112],[-15.52947,27.95193],[-15.53001,27.95224],[-15.53076,27.95322],[-15.53081,27.95536],[-15.53078,27.95586]]]}},{"type":"Feature","properties":{"COD_POSTAL":"35110"},"geometry":{"type":"Polygon","coordinates":[[[-15.50143,27.87655],[-15.5033,27.87737],[-15.50388,27.87669],[-15.51419,27.85981],[-15.51919,27.85238],[-15.51697,27.85239],[-15.51528,27.85165],[-15.51424,27.8507],[-15.51347,27.84947],[-15.51228,27.84862],[-15.50835,27.84646],[-15.50473,27.84545],[-15.5021,27.84384],[-15.50112,27.84425],[-15.50061,27.84514],[-15.50047,27.84641],[-15.50086,27.84823],[-15.50073,27.84906],[-15.50039,27.84942],[-15.49891,27.84912],[-15.49789,27.84839],[-15.49691,27.84822],[-15.48998,27.8484],[-15.48877,27.84804],[-15.48785,27.84744],[-15.48527,27.84705],[-15.47776,27.85169],[-15.47656,27.85198],[-15.47419,27.85074],[-15.47364,27.84956],[-15.47207,27.84863],[-15.47091,27.84742],[-15.4686,27.84592],[-15.46084,27.83714],[-15.45651,27.8335],[-15.45622,27.8326],[-15.45568,27.83195],[-15.45312,27.82951],[-15.45294,27.82896],[-15.45018,27.82501],[-15.44579,27.8215],[-15.44329,27.81901],[-15.44225,27.81873],[-15.44108,27.81768],[-15.43673,27.8232],[-15.43454,27.83168],[-15.43082,27.83759],[-15.41898,27.83904],[-15.4187,27.84],[-15.41629,27.84416],[-15.41543,27.845],[-15.41509,27.84506],[-15.41462,27.84613],[-15.41346,27.84737],[-15.41273,27.84784],[-15.41102,27.84826],[-15.40916,27.84805],[-15.40836,27.84824],[-15.40836,27.84991],[-15.40906,27.85144],[-15.41083,27.85302],[-15.41207,27.85353],[-15.4128,27.85481],[-15.41798,27.85781],[-15.41994,27.85714],[-15.42174,27.85775],[-15.42651,27.85778],[-15.42664,27.8581],[-15.42598,27.8602],[-15.42991,27.86232],[-15.43315,27.86279],[-15.4353,27.86272],[-15.43725,27.86339],[-15.43953,27.86349],[-15.44037,27.86296],[-15.4409,27.86296],[-15.44444,27.86387],[-15.44516,27.86434],[-15.44705,27.86433],[-15.44777,27.86504],[-15.44905,27.86505],[-15.45063,27.86595],[-15.45215,27.86793],[-15.4531,27.86857],[-15.45546,27.86939],[-15.45707,27.86954],[-15.46052,27.86921],[-15.46457,27.87007],[-15.46655,27.86902],[-15.46726,27.86916],[-15.46884,27.86872],[-15.46949,27.8688],[-15.47212,27.87008],[-15.4735,27.87171],[-15.47428,27.87202],[-15.47475,27.87265],[-15.47586,27.87318],[-15.47711,27.87315],[-15.47861,27.87237],[-15.47927,27.87246],[-15.47988,27.87205],[-15.48158,27.87167],[-15.48294,27.87216],[-15.48401,27.87289],[-15.4863,27.87289],[-15.48689,27.87368],[-15.48793,27.87438],[-15.48991,27.87371],[-15.49103,27.87407],[-15.49174,27.87358],[-15.49263,27.87362],[-15.49409,27.87325],[-15.49506,27.87349],[-15.49592,27.87408],[-15.49658,27.87509],[-15.4978,27.87542],[-15.49822,27.87581],[-15.49836,27.87631],[-15.49913,27.87632],[-15.49995,27.87681],[-15.50138,27.87654],[-15.50143,27.87655]]]}},{"type":"Feature","properties":{"COD_POSTAL":"35307"},"geometry":{"type":"Polygon","coordinates":[[[-15.4782,28.03589],[-15.48008,28.03725],[-15.48163,28.03347],[-15.48306,28.03352],[-15.48545,28.02958],[-15.48827,28.02858],[-15.49044,28.02873],[-15.49204,28.02739],[-15.49126,28.02723],[-15.4902,28.02449],[-15.49165,28.01612],[-15.49134,28.01612],[-15.49078,28.01662],[-15.49048,28.01655],[-15.49017,28.01607],[-15.48944,28.01622],[-15.48942,28.01715],[-15.48833,28.01727],[-15.48814,28.01796],[-15.48781,28.01818],[-15.48778,28.01882],[-15.4868,28.0192],[-15.48631,28.02145],[-15.48485,28.02245],[-15.48346,28.02271],[-15.48191,28.02248],[-15.48094,28.02321],[-15.4791,28.02319],[-15.4783,28.02264],[-15.47732,28.02256],[-15.477,28.02221],[-15.47645,28.02281],[-15.4754,28.02226],[-15.474,28.02264],[-15.47303,28.02148],[-15.47208,28.02265],[-15.47091,28.02278],[-15.47033,28.02234],[-15.46846,28.02359],[-15.4668,28.0237],[-15.46594,28.02286],[-15.46556,28.02282],[-15.46362,28.0238],[-15.4619,28.02361],[-15.46081,28.02427],[-15.45994,28.02417],[-15.45933,28.02441],[-15.45855,28.02409],[-15.45732,28.02506],[-15.45721,28.02547],[-15.45702,28.02541],[-15.46429,28.03601],[-15.46509,28.03642],[-15.46645,28.03534],[-15.46818,28.03313],[-15.47188,28.03337],[-15.47257,28.03543],[-15.47217,28.03625],[-15.47379,28.03657],[-15.47586,28.03455],[-15.47592,28.03278],[-15.47437,28.03079],[-15.47485,28.02998],[-15.47606,28.03041],[-15.47837,28.03066],[-15.47782,28.03352],[-15.4781,28.03524],[-15.4782,28.03589]]]}},{"type":"Feature","properties":{"COD_POSTAL":"35639"},"geometry":{"type":"Polygon","coordinates":[[[-13.91283,28.43935],[-13.92159,28.44067],[-13.92394,28.44196],[-13.9254,28.44369],[-13.92643,28.44446],[-13.9297,28.44624],[-13.93312,28.44741],[-13.93766,28.44945],[-13.93938,28.45066],[-13.94119,28.45121],[-13.94323,28.45296],[-13.94526,28.45425],[-13.94943,28.45468],[-13.95381,28.45461],[-13.9606,28.45173],[-13.96167,28.4515],[-13.96403,28.45151],[-13.96531,28.45063],[-13.96693,28.45],[-13.96984,28.44974],[-13.97239,28.4502],[-13.9748,28.45022],[-13.97513,28.45074],[-13.97514,28.45159],[-13.97557,28.45209],[-13.97801,28.45316],[-13.97894,28.45326],[-13.98115,28.45271],[-13.98381,28.45083],[-13.98564,28.44993],[-13.98742,28.44945],[-13.99022,28.44911],[-13.99608,28.4499],[-13.99851,28.44915],[-13.99241,28.42542],[-13.97732,28.3962],[-13.93247,28.35988],[-13.90368,28.43592],[-13.90601,28.43731],[-13.91006,28.4385],[-13.91283,28.43935]]]}},{"type":"Feature","properties":{"COD_POSTAL":"35019"},"geometry":{"type":"Polygon","coordinates":[[[-15.44632,28.11003],[-15.44549,28.11142],[-15.44671,28.11349],[-15.4465,28.11533],[-15.44272,28.11905],[-15.44033,28.11917],[-15.4402,28.12015],[-15.44076,28.1269],[-15.44559,28.12484],[-15.44684,28.12394],[-15.4467,28.12274],[-15.44778,28.12074],[-15.44722,28.11963],[-15.44782,28.11858],[-15.4501,28.11763],[-15.44886,28.11559],[-15.44815,28.11493],[-15.45137,28.11058],[-15.45138,28.11011],[-15.4506,28.1092],[-15.45091,28.10772],[-15.45339,28.10814],[-15.45371,28.10616],[-15.45534,28.10086],[-15.45764,28.09635],[-15.45771,28.09669],[-15.45817,28.09685],[-15.45839,28.0945],[-15.4566,28.09208],[-15.45367,28.09266],[-15.44635,28.10201],[-15.44292,28.10293],[-15.44174,28.1035],[-15.44836,28.10244],[-15.44821,28.10341],[-15.44842,28.1037],[-15.4483,28.10398],[-15.44789,28.10407],[-15.44661,28.10748],[-15.44642,28.10961],[-15.44632,28.11003]]]}},{"type":"Feature","properties":{"COD_POSTAL":"35129"},"geometry":{"type":"Polygon","coordinates":[[[-15.67572,27.77304],[-15.67673,27.77499],[-15.67729,27.79527],[-15.69338,27.7885],[-15.70737,27.77903],[-15.70593,27.77804],[-15.70552,27.77752],[-15.70571,27.77726],[-15.70364,27.7769],[-15.70194,27.77444],[-15.70098,27.77401],[-15.70076,27.77359],[-15.70121,27.77191],[-15.70072,27.77107],[-15.70001,27.77059],[-15.69887,27.77013],[-15.696,27.76962],[-15.69604,27.7699],[-15.69802,27.77028],[-15.69819,27.77049],[-15.69713,27.77035],[-15.69704,27.77053],[-15.69816,27.77075],[-15.69862,27.77129],[-15.69727,27.77206],[-15.69615,27.77188],[-15.69641,27.77205],[-15.69627,27.77238],[-15.69542,27.77281],[-15.69505,27.77277],[-15.69503,27.77208],[-15.69472,27.77277],[-15.69345,27.77269],[-15.69234,27.77234],[-15.69215,27.77192],[-15.69231,27.77164],[-15.69331,27.77223],[-15.69355,27.77205],[-15.69226,27.77132],[-15.69121,27.77114],[-15.69025,27.77132],[-15.68985,27.77113],[-15.6884,27.76938],[-15.68834,27.76897],[-15.68883,27.76799],[-15.68775,27.76529],[-15.68787,27.76486],[-15.6872,27.76369],[-15.68563,27.76341],[-15.68512,27.76261],[-15.68301,27.7632],[-15.68209,27.76378],[-15.67883,27.76342],[-15.67698,27.76646],[-15.67572,27.77304]]]}},{"type":"Feature","properties":{"COD_POSTAL":"35014"},"geometry":{"type":"Polygon","coordinates":[[[-15.42949,28.11851],[-15.42932,28.11783],[-15.4286,28.11679],[-15.4295,28.11523],[-15.42958,28.11404],[-15.42878,28.11428],[-15.42668,28.11071],[-15.42541,28.10988],[-15.42614,28.10809],[-15.4272,28.10797],[-15.4294,28.10828],[-15.43059,28.1062],[-15.43112,28.10613],[-15.43397,28.10362],[-15.43396,28.10324],[-15.43852,28.1016],[-15.43881,28.10046],[-15.441,28.09958],[-15.44148,28.09971],[-15.44159,28.10004],[-15.44201,28.09962],[-15.44325,28.10027],[-15.44435,28.09974],[-15.44458,28.09553],[-15.44731,28.09236],[-15.44847,28.09052],[-15.44948,28.08973],[-15.44655,28.08504],[-15.44413,28.08841],[-15.43827,28.09103],[-15.43465,28.09484],[-15.43172,28.0992],[-15.42659,28.10102],[-15.42192,28.09888],[-15.41897,28.10001],[-15.41943,28.10066],[-15.41815,28.10195],[-15.41831,28.10243],[-15.41858,28.10243],[-15.41851,28.10283],[-15.41968,28.10487],[-15.42007,28.10502],[-15.41991,28.10535],[-15.42183,28.10822],[-15.42506,28.11067],[-15.42712,28.11271],[-15.42687,28.11278],[-15.42743,28.1135],[-15.42789,28.11508],[-15.42781,28.11696],[-15.42824,28.11754],[-15.42841,28.11737],[-15.42863,28.1176],[-15.42949,28.11851]]]}},{"type":"Feature","properties":{"COD_POSTAL":"35469"},"geometry":{"type":"Polygon","coordinates":[[[-15.6855,28.17077],[-15.68577,28.17043],[-15.68634,28.17056],[-15.68614,28.17001],[-15.68644,28.17],[-15.68676,28.16955],[-15.68645,28.16931],[-15.68691,28.16917],[-15.68745,28.16853],[-15.68772,28.16887],[-15.68794,28.16854],[-15.68825,28.1687],[-15.68841,28.16969],[-15.68912,28.1693],[-15.69015,28.16931],[-15.6906,28.16956],[-15.69098,28.16895],[-15.6906,28.16817],[-15.69116,28.16786],[-15.69152,28.16713],[-15.69171,28.16722],[-15.69178,28.16644],[-15.69253,28.16585],[-15.69252,28.16553],[-15.69319,28.16511],[-15.6931,28.16493],[-15.69379,28.1647],[-15.69466,28.16523],[-15.69548,28.16522],[-15.69617,28.16496],[-15.69608,28.16472],[-15.6966,28.16468],[-15.69681,28.16365],[-15.69712,28.16368],[-15.69733,28.16413],[-15.69806,28.16326],[-15.69877,28.16297],[-15.69979,28.16346],[-15.69983,28.16312],[-15.70024,28.16286],[-15.70037,28.16353],[-15.70155,28.16398],[-15.70187,28.16353],[-15.70211,28.16399],[-15.70238,28.1639],[-15.70234,28.16454],[-15.70255,28.16472],[-15.70321,28.1642],[-15.70415,28.1642],[-15.70386,28.16482],[-15.70486,28.16485],[-15.7052,28.16572],[-15.70573,28.16605],[-15.70594,28.16585],[-15.70583,28.16562],[-15.70635,28.16563],[-15.70638,28.16518],[-15.70714,28.16506],[-15.70773,28.1654],[-15.70843,28.16541],[-15.70841,28.16588],[-15.70864,28.16603],[-15.70954,28.16531],[-15.70978,28.16459],[-15.7093,28.1647],[-15.70909,28.16432],[-15.709,28.16314],[-15.70949,28.16265],[-15.70911,28.16186],[-15.70789,28.16102],[-15.70829,28.15997],[-15.70793,28.15968],[-15.70736,28.15975],[-15.70719,28.1588],[-15.70669,28.15875],[-15.70667,28.15826],[-15.70611,28.1574],[-15.70578,28.15722],[-15.70461,28.15732],[-15.7042,28.15705],[-15.70387,28.15639],[-15.70397,28.15615],[-15.7035,28.15616],[-15.70341,28.1559],[-15.70273,28.15582],[-15.70267,28.15559],[-15.70233,28.15566],[-15.70132,28.15508],[-15.70134,28.1549],[-15.701,28.15496],[-15.70063,28.15445],[-15.70001,28.1546],[-15.69964,28.154],[-15.69961,28.15345],[-15.6995,28.15393],[-15.69892,28.15389],[-15.6986,28.15367],[-15.69903,28.15326],[-15.69813,28.15338],[-15.69782,28.15283],[-15.6975,28.15273],[-15.69757,28.15257],[-15.69703,28.15263],[-15.69624,28.15199],[-15.69627,28.15154],[-15.6967,28.15127],[-15.6964,28.15125],[-15.69638,28.15087],[-15.69663,28.15077],[-15.69653,28.15056],[-15.69706,28.14979],[-15.69675,28.14798],[-15.69698,28.14785],[-15.69746,28.14848],[-15.69859,28.14767],[-15.69998,28.14792],[-15.69964,28.14741],[-15.70086,28.14695],[-15.70071,28.14642],[-15.70131,28.14623],[-15.70125,28.14558],[-15.70199,28.14509],[-15.70232,28.14447],[-15.70317,28.14422],[-15.7031,28.14353],[-15.70286,28.14333],[-15.70339,28.14317],[-15.70322,28.14283],[-15.70408,28.14226],[-15.70177,28.14162],[-15.70139,28.14128],[-15.70154,28.14072],[-15.70089,28.14048],[-15.70052,28.14067],[-15.70029,28.14042],[-15.70107,28.13958],[-15.70036,28.13907],[-15.70016,28.13855],[-15.70086,28.13756],[-15.70025,28.13709],[-15.69933,28.1369],[-15.69936,28.1362],[-15.69891,28.13501],[-15.69925,28.13485],[-15.6992,28.13421],[-15.70005,28.13384],[-15.69982,28.13331],[-15.69919,28.13298],[-15.69991,28.13281],[-15.69978,28.1317],[-15.70029,28.1317],[-15.69992,28.13125],[-15.70042,28.13095],[-15.70127,28.13133],[-15.7018,28.1319],[-15.70253,28.13149],[-15.7026,28.13104],[-15.70331,28.13137],[-15.70403,28.13115],[-15.70422,28.13057],[-15.70479,28.13014],[-15.70453,28.12969],[-15.70429,28.12782],[-15.70473,28.12733],[-15.70458,28.12661],[-15.70496,28.12653],[-15.70516,28.12612],[-15.70482,28.1252],[-15.70626,28.12522],[-15.70645,28.12489],[-15.70639,28.12418],[-15.70712,28.12399],[-15.70695,28.12391],[-15.70696,28.12302],[-15.70818,28.12232],[-15.70822,28.12191],[-15.70878,28.12175],[-15.70932,28.12123],[-15.70864,28.11983],[-15.70801,28.11981],[-15.70769,28.11949],[-15.70704,28.1195],[-15.70685,28.11977],[-15.70651,28.11939],[-15.70553,28.11902],[-15.70451,28.11772],[-15.70508,28.11674],[-15.70307,28.11743],[-15.70235,28.11627],[-15.6992,28.11616],[-15.6989,28.11478],[-15.69747,28.11536],[-15.69638,28.11615],[-15.69412,28.11594],[-15.69338,28.11804],[-15.69104,28.11968],[-15.68557,28.12103],[-15.6844,28.12018],[-15.6798,28.12226],[-15.66906,28.12988],[-15.66887,28.12972],[-15.65974,28.14066],[-15.65991,28.14186],[-15.65978,28.14367],[-15.66186,28.14651],[-15.65599,28.15135],[-15.6524,28.1523],[-15.6415,28.15292],[-15.64182,28.15429],[-15.64288,28.15559],[-15.64329,28.15667],[-15.64641,28.15944],[-15.64721,28.16135],[-15.64941,28.1633],[-15.64961,28.1639],[-15.64917,28.16445],[-15.64948,28.16497],[-15.6505,28.16483],[-15.65186,28.1651],[-15.65241,28.16545],[-15.65359,28.16555],[-15.65436,28.16517],[-15.65444,28.16478],[-15.65532,28.16403],[-15.65614,28.16389],[-15.65714,28.16326],[-15.65746,28.16331],[-15.65769,28.16387],[-15.65833,28.16377],[-15.65818,28.16296],[-15.65848,28.16277],[-15.6597,28.16307],[-15.65972,28.16263],[-15.66041,28.16173],[-15.66052,28.16163],[-15.66056,28.16188],[-15.66097,28.16157],[-15.66058,28.16156],[-15.66188,28.16069],[-15.6622,28.16003],[-15.66276,28.16035],[-15.66293,28.15996],[-15.66329,28.15998],[-15.66431,28.15911],[-15.66641,28.15803],[-15.66756,28.15928],[-15.6684,28.15896],[-15.66838,28.15855],[-15.66864,28.1585],[-15.66896,28.15882],[-15.66879,28.15901],[-15.66919,28.1591],[-15.66999,28.15845],[-15.6706,28.15857],[-15.67077,28.15935],[-15.67147,28.15975],[-15.67232,28.15941],[-15.67317,28.15953],[-15.67314,28.16071],[-15.67279,28.16096],[-15.67341,28.16102],[-15.67409,28.16176],[-15.67542,28.16161],[-15.67539,28.1611],[-15.67574,28.16108],[-15.67582,28.16073],[-15.67637,28.16052],[-15.6762,28.15953],[-15.67668,28.15944],[-15.67795,28.16003],[-15.67762,28.1613],[-15.67801,28.16216],[-15.67864,28.16244],[-15.67882,28.16295],[-15.67949,28.16295],[-15.6813,28.16181],[-15.68131,28.16251],[-15.68174,28.16296],[-15.68142,28.16311],[-15.68178,28.16341],[-15.68167,28.16455],[-15.68184,28.16519],[-15.68148,28.16547],[-15.68128,28.16607],[-15.68068,28.16624],[-15.68055,28.16659],[-15.68096,28.16674],[-15.68128,28.16748],[-15.6817,28.16744],[-15.68165,28.16784],[-15.68203,28.16805],[-15.68199,28.16884],[-15.68244,28.169],[-15.68223,28.16965],[-15.68204,28.16962],[-15.68246,28.17013],[-15.68347,28.16993],[-15.68322,28.1706],[-15.68348,28.17035],[-15.68384,28.17043],[-15.68453,28.16967],[-15.68521,28.17007],[-15.68521,28.17063],[-15.68549,28.17075],[-15.6855,28.17077]]]}},{"type":"Feature","properties":{"COD_POSTAL":"35431"},"geometry":{"type":"MultiPolygon","coordinates":[[[[-15.55194,28.08956],[-15.55375,28.08958],[-15.56124,28.09342],[-15.56889,28.0934],[-15.5738,28.09207],[-15.57431,28.09106],[-15.57347,28.0897],[-15.57427,28.08808],[-15.57497,28.08721],[-15.57543,28.08554],[-15.57463,28.08404],[-15.5752,28.08273],[-15.57657,28.08146],[-15.57686,28.07996],[-15.57686,28.07738],[-15.57583,28.07722],[-15.57538,28.07674],[-15.5748,28.07719],[-15.5737,28.07722],[-15.57254,28.07773],[-15.57133,28.07742],[-15.56974,28.07746],[-15.56336,28.07814],[-15.56208,28.07793],[-15.5576,28.07861],[-15.55618,28.07828],[-15.55322,28.07992],[-15.55235,28.08152],[-15.55073,28.0821],[-15.54993,28.08338],[-15.54967,28.08499],[-15.54935,28.08553],[-15.55017,28.08683],[-15.55169,28.08808],[-15.55204,28.08898],[-15.55195,28.08954],[-15.55194,28.08956]]],[[[-15.56165,28.10504],[-15.56107,28.10607],[-15.55788,28.10769],[-15.5569,28.1164],[-15.55769,28.11845],[-15.55464,28.12103],[-15.55388,28.12446],[-15.554,28.13023],[-15.55988,28.14021],[-15.56229,28.13932],[-15.56375,28.13783],[-15.5637,28.13633],[-15.56285,28.13556],[-15.56312,28.13406],[-15.5614,28.13415],[-15.56061,28.13271],[-15.56068,28.13213],[-15.56151,28.13185],[-15.56147,28.13155],[-15.5607,28.13085],[-15.56132,28.12997],[-15.56093,28.12929],[-15.56098,28.12882],[-15.56171,28.12784],[-15.5612,28.12666],[-15.56049,28.12615],[-15.56043,28.1257],[-15.5609,28.12542],[-15.56184,28.12592],[-15.56256,28.12564],[-15.56255,28.12535],[-15.56166,28.12471],[-15.56251,28.12417],[-15.56218,28.12309],[-15.56312,28.1225],[-15.56315,28.12196],[-15.56278,28.12119],[-15.56386,28.1201],[-15.56408,28.11832],[-15.56566,28.11679],[-15.56562,28.11542],[-15.56601,28.11519],[-15.5669,28.11529],[-15.56755,28.11509],[-15.56951,28.11341],[-15.57061,28.11181],[-15.57036,28.11137],[-15.57091,28.11007],[-15.57163,28.10949],[-15.57104,28.10887],[-15.56913,28.10866],[-15.56363,28.10944],[-15.56243,28.10813],[-15.56165,28.10504]]]]}},{"type":"Feature","properties":{"COD_POSTAL":"35310"},"geometry":{"type":"Polygon","coordinates":[[[-15.46141,28.03852],[-15.46216,28.03966],[-15.4629,28.04016],[-15.4639,28.04001],[-15.46445,28.04021],[-15.46555,28.04161],[-15.46634,28.04167],[-15.46686,28.04216],[-15.46796,28.04206],[-15.46922,28.04563],[-15.47004,28.04694],[-15.4705,28.04872],[-15.47141,28.05016],[-15.47502,28.05428],[-15.47742,28.05642],[-15.47773,28.05809],[-15.47792,28.05802],[-15.47838,28.05632],[-15.47949,28.05556],[-15.4801,28.05547],[-15.4799,28.0547],[-15.48332,28.05249],[-15.48274,28.051],[-15.4839,28.04537],[-15.48348,28.04227],[-15.48067,28.04027],[-15.4809,28.03984],[-15.47785,28.03966],[-15.47435,28.0411],[-15.47454,28.03834],[-15.4781,28.03524],[-15.47782,28.03352],[-15.47837,28.03066],[-15.47606,28.03041],[-15.47485,28.02998],[-15.47437,28.03079],[-15.47592,28.03278],[-15.47586,28.03455],[-15.47379,28.03657],[-15.46655,28.03526],[-15.46509,28.03642],[-15.46429,28.03601],[-15.4611,28.03804],[-15.46141,28.03852]]]}},{"type":"Feature","properties":{"COD_POSTAL":"35217"},"geometry":{"type":"Polygon","coordinates":[[[-15.50078,28.01402],[-15.50119,28.01374],[-15.50188,28.01403],[-15.50301,28.01347],[-15.50362,28.01396],[-15.50443,28.014],[-15.50553,28.01456],[-15.50679,28.01379],[-15.50867,28.01365],[-15.50952,28.01392],[-15.51094,28.01136],[-15.51179,28.00886],[-15.513,28.00792],[-15.51384,28.0069],[-15.51386,28.00658],[-15.51052,28.00159],[-15.50798,28.00033],[-15.50842,27.99448],[-15.50164,27.98888],[-15.49886,27.98739],[-15.49262,27.98574],[-15.49186,27.98465],[-15.49102,27.97791],[-15.48921,27.97067],[-15.48865,27.97059],[-15.4883,27.9708],[-15.48832,27.97141],[-15.48769,27.97175],[-15.4875,27.97273],[-15.48694,27.97304],[-15.48648,27.97487],[-15.48475,27.97661],[-15.484,27.97827],[-15.48352,27.97835],[-15.48276,27.97795],[-15.48171,27.97796],[-15.48063,27.9786],[-15.47891,27.97858],[-15.47793,27.97931],[-15.47604,27.97871],[-15.4748,27.9795],[-15.4738,27.97949],[-15.47337,27.98073],[-15.47217,27.98064],[-15.47189,27.98124],[-15.47074,27.98115],[-15.46962,27.98167],[-15.46925,27.9813],[-15.46823,27.98133],[-15.46773,27.98098],[-15.46605,27.98218],[-15.46551,27.98304],[-15.46466,27.98287],[-15.46317,27.98341],[-15.46259,27.98453],[-15.46331,27.98553],[-15.46303,27.98627],[-15.46257,27.98659],[-15.46249,27.98755],[-15.46293,27.9891],[-15.46251,27.98934],[-15.46249,27.99001],[-15.46091,27.99024],[-15.46024,27.99057],[-15.45963,27.99145],[-15.45862,27.99163],[-15.45826,27.99216],[-15.45883,27.99289],[-15.45949,27.99467],[-15.45953,27.99557],[-15.46017,27.99719],[-15.46025,27.99852],[-15.46064,27.99895],[-15.4603,27.9993],[-15.46007,28.00083],[-15.45855,28.00451],[-15.46027,28.00472],[-15.46086,28.00522],[-15.46117,28.00636],[-15.46173,28.00696],[-15.46456,28.00835],[-15.46525,28.00923],[-15.46679,28.00956],[-15.46781,28.01015],[-15.47074,28.01062],[-15.47176,28.01047],[-15.47276,28.01066],[-15.47542,28.01003],[-15.47649,28.01021],[-15.47758,28.00943],[-15.47811,28.00957],[-15.47901,28.00928],[-15.48012,28.00961],[-15.48132,28.00961],[-15.48296,28.00921],[-15.48357,28.00942],[-15.48425,28.00876],[-15.48583,28.00872],[-15.48725,28.00951],[-15.48939,28.01024],[-15.48985,28.01099],[-15.49019,28.01283],[-15.49208,28.01276],[-15.49611,28.01344],[-15.49967,28.0134],[-15.50073,28.01416],[-15.50078,28.01402]]]}},{"type":"Feature","properties":{"COD_POSTAL":"35008"},"geometry":{"type":"Polygon","coordinates":[[[-15.42753,28.14081],[-15.42511,28.14114],[-15.42445,28.14052],[-15.4242,28.14074],[-15.42278,28.13945],[-15.42246,28.13972],[-15.42366,28.14082],[-15.4234,28.14105],[-15.42377,28.14154],[-15.4258,28.14126],[-15.42586,28.14158],[-15.42615,28.14153],[-15.42776,28.14278],[-15.42765,28.14679],[-15.42517,28.14675],[-15.42523,28.14288],[-15.4242,28.14288],[-15.4241,28.14747],[-15.42275,28.1474],[-15.42273,28.14563],[-15.42253,28.14741],[-15.42119,28.14742],[-15.42128,28.14173],[-15.42025,28.1417],[-15.42016,28.14665],[-15.41764,28.14662],[-15.41764,28.14628],[-15.41729,28.14628],[-15.41774,28.12839],[-15.41751,28.12831],[-15.41749,28.12885],[-15.41238,28.1333],[-15.41268,28.13338],[-15.4143,28.13186],[-15.41489,28.13233],[-15.41498,28.13184],[-15.41494,28.1337],[-15.41583,28.13452],[-15.41581,28.13589],[-15.4163,28.13656],[-15.41622,28.1416],[-15.41595,28.14252],[-15.41519,28.14316],[-15.41185,28.14055],[-15.41174,28.14066],[-15.41502,28.14322],[-15.41317,28.14503],[-15.41272,28.14487],[-15.41585,28.1473],[-15.41228,28.15102],[-15.41093,28.15082],[-15.4109,28.15237],[-15.41057,28.15237],[-15.41062,28.15081],[-15.41032,28.15081],[-15.41025,28.15441],[-15.40858,28.15439],[-15.40849,28.15665],[-15.40867,28.15736],[-15.40806,28.15711],[-15.40803,28.15818],[-15.40759,28.15817],[-15.40759,28.15855],[-15.40753,28.15825],[-15.40742,28.15848],[-15.40722,28.15827],[-15.4072,28.15853],[-15.40701,28.15832],[-15.4069,28.15854],[-15.407,28.15389],[-15.40733,28.15381],[-15.40743,28.14883],[-15.40712,28.1486],[-15.40716,28.14682],[-15.4074,28.14628],[-15.40775,28.14637],[-15.40776,28.14608],[-15.40743,28.14616],[-15.40717,28.14574],[-15.40726,28.14343],[-15.40762,28.14337],[-15.40741,28.14398],[-15.40781,28.144],[-15.40792,28.13699],[-15.40766,28.13744],[-15.40734,28.13727],[-15.40745,28.13324],[-15.40764,28.13289],[-15.40466,28.13067],[-15.40481,28.12573],[-15.40446,28.12573],[-15.40433,28.13079],[-15.40712,28.1329],[-15.40659,28.16005],[-15.40587,28.16168],[-15.4058,28.16247],[-15.40545,28.16292],[-15.40573,28.16337],[-15.40532,28.16496],[-15.40324,28.165],[-15.40298,28.16455],[-15.40243,28.16429],[-15.40254,28.16456],[-15.40179,28.16524],[-15.40155,28.16623],[-15.40118,28.16649],[-15.40215,28.16634],[-15.40239,28.1666],[-15.40291,28.16633],[-15.403,28.16567],[-15.4032,28.16559],[-15.40349,28.1662],[-15.40364,28.16562],[-15.40389,28.16587],[-15.40451,28.16568],[-15.40478,28.16575],[-15.40475,28.16598],[-15.40527,28.16605],[-15.40536,28.16637],[-15.40472,28.1666],[-15.40508,28.16677],[-15.4048,28.16739],[-15.40518,28.16717],[-15.40537,28.16757],[-15.40426,28.16809],[-15.40534,28.16802],[-15.4057,28.16835],[-15.40576,28.16913],[-15.40557,28.16955],[-15.40506,28.16977],[-15.40533,28.1701],[-15.40514,28.17049],[-15.40478,28.1702],[-15.40436,28.17057],[-15.40499,28.17089],[-15.4049,28.17109],[-15.404,28.17123],[-15.40423,28.17144],[-15.40366,28.17175],[-15.40354,28.17348],[-15.40443,28.17402],[-15.4047,28.17498],[-15.40536,28.17541],[-15.40564,28.17606],[-15.40633,28.17621],[-15.4069,28.17667],[-15.40722,28.17717],[-15.407,28.17815],[-15.40789,28.17776],[-15.40837,28.1784],[-15.40894,28.17836],[-15.40952,28.17864],[-15.40997,28.17826],[-15.4099,28.17797],[-15.41033,28.17775],[-15.41069,28.17823],[-15.41278,28.17803],[-15.413,28.17818],[-15.41294,28.1785],[-15.41318,28.17843],[-15.41332,28.17913],[-15.41385,28.17923],[-15.41412,28.17855],[-15.41324,28.17812],[-15.41315,28.17786],[-15.41483,28.17749],[-15.41533,28.17785],[-15.41554,28.17868],[-15.4158,28.17866],[-15.41563,28.17844],[-15.41586,28.17848],[-15.41613,28.17895],[-15.4166,28.17911],[-15.41735,28.17878],[-15.41873,28.17873],[-15.41891,28.179],[-15.41873,28.18017],[-15.41901,28.18065],[-15.41955,28.1805],[-15.41962,28.18102],[-15.42004,28.18088],[-15.42015,28.17999],[-15.42045,28.18],[-15.42066,28.18046],[-15.42088,28.18013],[-15.42116,28.18054],[-15.422,28.18032],[-15.42514,28.17183],[-15.42437,28.1686],[-15.42795,28.16487],[-15.42859,28.15749],[-15.42285,28.15498],[-15.41983,28.15332],[-15.41915,28.14976],[-15.41998,28.14949],[-15.41933,28.14985],[-15.4195,28.15078],[-15.42102,28.15052],[-15.42112,28.15067],[-15.42243,28.15044],[-15.42237,28.1499],[-15.42264,28.14985],[-15.42261,28.15025],[-15.43043,28.14888],[-15.43166,28.14838],[-15.43094,28.14713],[-15.43105,28.14608],[-15.432,28.14452],[-15.43373,28.14306],[-15.43435,28.1422],[-15.43401,28.14193],[-15.43078,28.14195],[-15.42971,28.14216],[-15.42885,28.14187],[-15.428,28.14074],[-15.42753,28.14081]]]}},{"type":"Feature","properties":{"COD_POSTAL":"35560"},"geometry":{"type":"Polygon","coordinates":[[[-13.64514,29.10038],[-13.62604,29.10737],[-13.59577,29.12599],[-13.59592,29.13534],[-13.59614,29.13576],[-13.59717,29.13587],[-13.60059,29.13536],[-13.60146,29.13555],[-13.60167,29.13609],[-13.60408,29.13555],[-13.60506,29.13461],[-13.60496,29.13431],[-13.6053,29.1342],[-13.60547,29.13448],[-13.6057,29.13445],[-13.60577,29.13367],[-13.60652,29.13371],[-13.60679,29.13332],[-13.60697,29.13352],[-13.60756,29.13348],[-13.60918,29.13204],[-13.60904,29.13156],[-13.60963,29.1312],[-13.6105,29.13119],[-13.61043,29.13017],[-13.61091,29.12932],[-13.61077,29.1291],[-13.6119,29.12827],[-13.61278,29.12822],[-13.61306,29.12789],[-13.6134,29.12808],[-13.6137,29.12761],[-13.61417,29.12758],[-13.61664,29.12849],[-13.61725,29.12802],[-13.61836,29.12813],[-13.61881,29.12778],[-13.62078,29.12733],[-13.62098,29.12685],[-13.62173,29.12668],[-13.62254,29.12586],[-13.62253,29.12507],[-13.62289,29.12467],[-13.62462,29.12386],[-13.62697,29.12029],[-13.62788,29.11979],[-13.62849,29.11862],[-13.62947,29.11772],[-13.62986,29.11762],[-13.63028,29.11687],[-13.63178,29.11658],[-13.63226,29.11673],[-13.63318,29.11572],[-13.63443,29.11579],[-13.63509,29.1166],[-13.63525,29.11638],[-13.63568,29.11643],[-13.63574,29.1162],[-13.63606,29.11652],[-13.63688,29.11637],[-13.63714,29.1167],[-13.63742,29.11655],[-13.63798,29.11683],[-13.63979,29.1166],[-13.63992,29.11832],[-13.64115,29.11969],[-13.6408,29.12078],[-13.64034,29.12098],[-13.64066,29.12152],[-13.64041,29.1221],[-13.64016,29.1221],[-13.64011,29.12291],[-13.64046,29.12282],[-13.64128,29.12388],[-13.64271,29.1243],[-13.64282,29.12452],[-13.6431,29.1232],[-13.64395,29.12379],[-13.64386,29.1241],[-13.64481,29.12453],[-13.64759,29.12425],[-13.64821,29.12397],[-13.64846,29.12351],[-13.64993,29.12335],[-13.6506,29.12368],[-13.65128,29.12337],[-13.6517,29.12357],[-13.65146,29.12334],[-13.65184,29.12286],[-13.65186,29.12239],[-13.65221,29.1223],[-13.65187,29.12158],[-13.65254,29.12125],[-13.65302,29.1213],[-13.65528,29.12291],[-13.65616,29.12298],[-13.65644,29.12337],[-13.65665,29.1231],[-13.65746,29.1237],[-13.65796,29.12373],[-13.65791,29.12327],[-13.65844,29.12341],[-13.65856,29.12311],[-13.65981,29.12241],[-13.65968,29.12218],[-13.66039,29.12188],[-13.66016,29.12176],[-13.66026,29.12153],[-13.66058,29.12163],[-13.66116,29.1204],[-13.6617,29.12043],[-13.66185,29.11955],[-13.6621,29.11938],[-13.66207,29.1188],[-13.66237,29.11844],[-13.66186,29.11634],[-13.66048,29.11539],[-13.65966,29.11523],[-13.65943,29.11469],[-13.65831,29.11396],[-13.65693,29.11358],[-13.65646,29.11411],[-13.6555,29.11445],[-13.6544,29.11551],[-13.65345,29.11598],[-13.65284,29.11723],[-13.65315,29.11806],[-13.65301,29.11952],[-13.6524,29.12015],[-13.65228,29.11977],[-13.65197,29.11992],[-13.65243,29.11864],[-13.65232,29.1181],[-13.65178,29.11749],[-13.6518,29.11653],[-13.65207,29.11609],[-13.65165,29.11546],[-13.65179,29.11519],[-13.65139,29.11512],[-13.65153,29.11439],[-13.65196,29.11429],[-13.652,29.11392],[-13.65349,29.11442],[-13.65393,29.11401],[-13.65688,29.11265],[-13.6578,29.11272],[-13.65809,29.11206],[-13.65888,29.11241],[-13.65946,29.11236],[-13.65992,29.11288],[-13.66187,29.11304],[-13.66261,29.11245],[-13.66248,29.11169],[-13.66293,29.11138],[-13.66352,29.1115],[-13.66421,29.11105],[-13.66435,29.11011],[-13.66498,29.10966],[-13.66532,29.10956],[-13.66539,29.10971],[-13.6651,29.10986],[-13.66578,29.10992],[-13.66649,29.10964],[-13.66655,29.10941],[-13.66734,29.10906],[-13.66743,29.10866],[-13.66818,29.10833],[-13.66919,29.10852],[-13.66921,29.10778],[-13.67062,29.10769],[-13.67307,29.10639],[-13.67338,29.10649],[-13.67362,29.10627],[-13.67426,29.10662],[-13.67481,29.10612],[-13.67492,29.10529],[-13.67572,29.10604],[-13.67582,29.1047],[-13.67634,29.10457],[-13.67632,29.10431],[-13.67667,29.10433],[-13.67649,29.10404],[-13.67682,29.10382],[-13.67674,29.10355],[-13.67694,29.10366],[-13.67758,29.10327],[-13.67789,29.10383],[-13.67913,29.10404],[-13.68036,29.10328],[-13.68061,29.10338],[-13.68098,29.10281],[-13.68034,29.10181],[-13.68093,29.10119],[-13.68162,29.10126],[-13.68146,29.10046],[-13.68169,29.1003],[-13.68088,29.09939],[-13.68074,29.09817],[-13.68116,29.09789],[-13.68108,29.09762],[-13.68144,29.09755],[-13.68179,29.09655],[-13.68267,29.0961],[-13.68296,29.09533],[-13.68393,29.09522],[-13.68395,29.09469],[-13.68426,29.09497],[-13.6846,29.09472],[-13.68489,29.09486],[-13.68479,29.0943],[-13.68533,29.09456],[-13.68531,29.09411],[-13.68708,29.09364],[-13.68716,29.09304],[-13.68769,29.09284],[-13.6875,29.09255],[-13.68777,29.09231],[-13.6886,29.09234],[-13.69008,29.09288],[-13.69007,29.09264],[-13.69033,29.09273],[-13.69051,29.09246],[-13.6912,29.09252],[-13.69156,29.09226],[-13.69167,29.09192],[-13.6913,29.09158],[-13.6919,29.09124],[-13.69174,29.09063],[-13.69203,29.09023],[-13.69354,29.09039],[-13.69365,29.08986],[-13.69404,29.09022],[-13.69478,29.09021],[-13.69514,29.09045],[-13.6964,29.0905],[-13.69687,29.09026],[-13.69695,29.09071],[-13.69746,29.09088],[-13.69779,29.09054],[-13.69848,29.09098],[-13.69942,29.09058],[-13.69957,29.09077],[-13.70005,29.09072],[-13.70011,29.09052],[-13.70053,29.09062],[-13.70044,29.09028],[-13.70109,29.09025],[-13.70084,29.08988],[-13.70153,29.09003],[-13.70152,29.08976],[-13.70191,29.08965],[-13.70148,29.08936],[-13.702,29.0891],[-13.70264,29.08812],[-13.7031,29.08801],[-13.70345,29.0876],[-13.70341,29.08727],[-13.70379,29.08675],[-13.70388,29.08543],[-13.70482,29.08524],[-13.70472,29.08471],[-13.70501,29.0847],[-13.70527,29.08363],[-13.70583,29.08314],[-13.70567,29.08275],[-13.70609,29.08278],[-13.70583,29.0816],[-13.70654,29.08081],[-13.70643,29.0804],[-13.70692,29.07994],[-13.70749,29.07991],[-13.7078,29.07935],[-13.70915,29.07954],[-13.70979,29.07931],[-13.70966,29.07941],[-13.71029,29.07993],[-13.71042,29.08067],[-13.71079,29.08112],[-13.71189,29.08151],[-13.71304,29.08162],[-13.71318,29.08106],[-13.71366,29.08121],[-13.71415,29.08083],[-13.71433,29.08121],[-13.71525,29.08091],[-13.7157,29.08128],[-13.71561,29.08169],[-13.71616,29.08246],[-13.7173,29.08225],[-13.71745,29.08261],[-13.7184,29.08326],[-13.71868,29.08286],[-13.71942,29.08354],[-13.7197,29.08336],[-13.71998,29.08379],[-13.72058,29.08381],[-13.72063,29.08409],[-13.72158,29.08407],[-13.72211,29.08462],[-13.72178,29.08483],[-13.72306,29.08492],[-13.72338,29.08424],[-13.72363,29.08471],[-13.72403,29.08445],[-13.7236,29.08371],[-13.72429,29.08417],[-13.72498,29.08413],[-13.72516,29.08433],[-13.72546,29.08382],[-13.72616,29.08391],[-13.72608,29.08335],[-13.72655,29.08358],[-13.72681,29.08203],[-13.72662,29.0816],[-13.72717,29.08125],[-13.72746,29.08158],[-13.72795,29.08138],[-13.72829,29.08146],[-13.72841,29.08178],[-13.72942,29.08191],[-13.72985,29.08235],[-13.73004,29.08221],[-13.73012,29.08242],[-13.73036,29.08216],[-13.73041,29.08241],[-13.73112,29.08241],[-13.73097,29.08214],[-13.73131,29.08164],[-13.73194,29.08166],[-13.73294,29.08122],[-13.73395,29.08121],[-13.73528,29.08048],[-13.73601,29.08055],[-13.73607,29.08037],[-13.7366,29.08056],[-13.73681,29.08005],[-13.73781,29.07984],[-13.7391,29.08011],[-13.73915,29.08041],[-13.73958,29.08069],[-13.73967,29.0805],[-13.74057,29.08054],[-13.74096,29.08008],[-13.74158,29.08009],[-13.74165,29.07986],[-13.74176,29.08036],[-13.74221,29.08039],[-13.74243,29.07997],[-13.74313,29.08021],[-13.74297,29.08038],[-13.74338,29.08033],[-13.74328,29.07991],[-13.7445,29.07874],[-13.74477,29.07815],[-13.74554,29.07787],[-13.74715,29.07795],[-13.7487,29.07856],[-13.74956,29.07854],[-13.75141,29.07901],[-13.75173,29.07867],[-13.75205,29.0791],[-13.75219,29.07833],[-13.75274,29.07831],[-13.75316,29.07801],[-13.75336,29.07816],[-13.75341,29.07792],[-13.75411,29.07768],[-13.75532,29.07789],[-13.75625,29.07759],[-13.758,29.07574],[-13.75796,29.07481],[-13.75837,29.07447],[-13.75802,29.07413],[-13.75834,29.07413],[-13.75807,29.07347],[-13.75899,29.07294],[-13.75884,29.07272],[-13.75916,29.0728],[-13.75861,29.07201],[-13.75948,29.07014],[-13.76032,29.06925],[-13.7602,29.06903],[-13.76056,29.06886],[-13.76042,29.06869],[-13.7607,29.06854],[-13.76039,29.06836],[-13.76052,29.06794],[-13.76101,29.06789],[-13.76061,29.06757],[-13.76072,29.06729],[-13.76188,29.06691],[-13.76298,29.06604],[-13.76344,29.06609],[-13.76362,29.06554],[-13.76443,29.06554],[-13.76451,29.06575],[-13.76482,29.06553],[-13.76509,29.06579],[-13.76514,29.06555],[-13.76556,29.06567],[-13.76571,29.06541],[-13.766,29.06544],[-13.7656,29.06447],[-13.76622,29.06379],[-13.76718,29.06372],[-13.76774,29.06395],[-13.76786,29.06486],[-13.76859,29.06512],[-13.76906,29.06592],[-13.76865,29.06617],[-13.76871,29.06636],[-13.76945,29.06639],[-13.77039,29.06525],[-13.77019,29.06473],[-13.77038,29.0647],[-13.77045,29.06394],[-13.77058,29.06436],[-13.77104,29.06409],[-13.77125,29.06352],[-13.77098,29.06328],[-13.77119,29.06301],[-13.77276,29.06255],[-13.77317,29.06296],[-13.7745,29.06223],[-13.77489,29.06239],[-13.77486,29.06334],[-13.77546,29.06345],[-13.77583,29.06267],[-13.77599,29.06311],[-13.77688,29.06294],[-13.77662,29.06271],[-13.77697,29.06252],[-13.77694,29.06222],[-13.77758,29.06256],[-13.77837,29.06178],[-13.77935,29.06195],[-13.77965,29.0614],[-13.7795,29.06107],[-13.78002,29.06026],[-13.7809,29.05967],[-13.78208,29.05822],[-13.78195,29.05801],[-13.78298,29.05767],[-13.7827,29.05736],[-13.78318,29.05734],[-13.78328,29.05699],[-13.78305,29.05678],[-13.78357,29.05608],[-13.78634,29.05492],[-13.78865,29.05429],[-13.78869,29.05406],[-13.78909,29.05423],[-13.78917,29.05398],[-13.79005,29.05384],[-13.79141,29.05249],[-13.79168,29.05249],[-13.7915,29.05231],[-13.79194,29.05238],[-13.79234,29.05214],[-13.7921,29.05177],[-13.79347,29.05193],[-13.79295,29.05109],[-13.79345,29.0512],[-13.79339,29.05073],[-13.79399,29.05087],[-13.79395,29.05042],[-13.79464,29.05006],[-13.79648,29.04801],[-13.7963,29.04763],[-13.7967,29.04775],[-13.79669,29.04738],[-13.7965,29.04733],[-13.7969,29.04719],[-13.79679,29.04661],[-13.7977,29.04583],[-13.79807,29.0447],[-13.79868,29.04386],[-13.79857,29.04361],[-13.79887,29.0436],[-13.79874,29.04308],[-13.79903,29.04292],[-13.79934,29.0431],[-13.799,29.04255],[-13.79945,29.04249],[-13.79911,29.04228],[-13.80189,29.04066],[-13.80293,29.0404],[-13.80387,29.03966],[-13.80442,29.03986],[-13.80432,29.03937],[-13.80497,29.03913],[-13.80616,29.03758],[-13.80668,29.03732],[-13.80159,29.03457],[-13.77749,29.01944],[-13.7726,29.01661],[-13.74493,28.99805],[-13.72429,28.99398],[-13.69457,28.98678],[-13.66044,29.00575],[-13.65911,29.00924],[-13.65445,29.01875],[-13.65322,29.02319],[-13.65042,29.02545],[-13.64671,29.03082],[-13.64571,29.03358],[-13.64546,29.03507],[-13.64548,29.03766],[-13.64448,29.03957],[-13.64429,29.04232],[-13.63994,29.06007],[-13.63918,29.06425],[-13.64077,29.06901],[-13.64097,29.07026],[-13.64087,29.07498],[-13.64125,29.07731],[-13.64162,29.08494],[-13.64513,29.10035],[-13.64514,29.10038]]]}},{"type":"Feature","properties":{"COD_POSTAL":"35610"},"geometry":{"type":"Polygon","coordinates":[[[-13.91619,28.25607],[-13.91547,28.25633],[-13.91575,28.25681],[-13.91542,28.25697],[-13.91482,28.25832],[-13.91439,28.25856],[-13.91441,28.25914],[-13.91394,28.25973],[-13.91421,28.26048],[-13.91527,28.26123],[-13.91521,28.26227],[-13.91424,28.26308],[-13.91402,28.26394],[-13.91428,28.26418],[-13.91406,28.26446],[-13.91415,28.26514],[-13.91341,28.26536],[-13.91334,28.26559],[-13.91309,28.26551],[-13.91255,28.26601],[-13.91276,28.26661],[-13.91249,28.26688],[-13.91223,28.26808],[-13.91174,28.26823],[-13.91183,28.2686],[-13.91137,28.26911],[-13.91146,28.26986],[-13.91077,28.27051],[-13.91076,28.27084],[-13.90968,28.27117],[-13.90976,28.27158],[-13.91069,28.27232],[-13.91031,28.27367],[-13.90893,28.27466],[-13.90705,28.27518],[-13.90636,28.27612],[-13.90583,28.27573],[-13.9054,28.27575],[-13.90512,28.27534],[-13.90433,28.27585],[-13.90491,28.27675],[-13.90446,28.2766],[-13.90408,28.2759],[-13.90324,28.27591],[-13.90285,28.27531],[-13.90195,28.27536],[-13.9018,28.27469],[-13.90156,28.27464],[-13.90159,28.27503],[-13.9008,28.27584],[-13.90069,28.27652],[-13.90142,28.27684],[-13.90234,28.27677],[-13.90237,28.2772],[-13.90323,28.27743],[-13.90296,28.27765],[-13.90228,28.27764],[-13.90238,28.27836],[-13.90165,28.27836],[-13.90186,28.27854],[-13.90161,28.27865],[-13.90125,28.28],[-13.90027,28.28002],[-13.89971,28.28058],[-13.89979,28.28084],[-13.90008,28.28089],[-13.90008,28.28123],[-13.89984,28.28222],[-13.8989,28.28265],[-13.89906,28.28368],[-13.89869,28.28377],[-13.89848,28.28325],[-13.89808,28.28325],[-13.89866,28.28397],[-13.8987,28.28489],[-13.89852,28.28513],[-13.89787,28.28525],[-13.89805,28.28577],[-13.89728,28.28644],[-13.89766,28.28732],[-13.89766,28.28805],[-13.89677,28.28825],[-13.89802,28.28874],[-13.89803,28.28835],[-13.89861,28.28819],[-13.89861,28.28848],[-13.89817,28.28844],[-13.89854,28.28933],[-13.89778,28.29066],[-13.89826,28.29128],[-13.89832,28.29205],[-13.89808,28.29255],[-13.89842,28.29317],[-13.89951,28.29382],[-13.89903,28.29422],[-13.89911,28.29461],[-13.9002,28.29485],[-13.90071,28.2955],[-13.90141,28.29544],[-13.90326,28.29705],[-13.9032,28.29744],[-13.90296,28.29741],[-13.90329,28.2978],[-13.90306,28.29799],[-13.90327,28.29842],[-13.90254,28.29905],[-13.90278,28.29927],[-13.90242,28.29958],[-13.90322,28.3002],[-13.90341,28.30079],[-13.90303,28.30148],[-13.90314,28.30285],[-13.9024,28.30402],[-13.9014,28.3045],[-13.90015,28.30427],[-13.90034,28.30457],[-13.89969,28.30539],[-13.89969,28.3059],[-13.89991,28.30604],[-13.89971,28.30651],[-13.89982,28.30715],[-13.89924,28.30794],[-13.89896,28.30787],[-13.89916,28.30819],[-13.89884,28.3084],[-13.89917,28.30861],[-13.89869,28.30939],[-13.89908,28.30967],[-13.8983,28.31194],[-13.89699,28.3126],[-13.89671,28.31318],[-13.89607,28.31354],[-13.8945,28.31386],[-13.8938,28.31434],[-13.89413,28.31457],[-13.89395,28.31484],[-13.89463,28.31536],[-13.89353,28.31609],[-13.89393,28.31663],[-13.89371,28.31727],[-13.89438,28.31785],[-13.89493,28.3191],[-13.89586,28.31925],[-13.89615,28.31996],[-13.89613,28.32069],[-13.89557,28.32177],[-13.89577,28.32233],[-13.89533,28.32396],[-13.89482,28.32484],[-13.8937,28.32521],[-13.89068,28.3247],[-13.88833,28.32458],[-13.88609,28.32532],[-13.8862,28.32591],[-13.88599,28.32645],[-13.88651,28.32681],[-13.8865,28.3275],[-13.88471,28.32935],[-13.88398,28.3295],[-13.88374,28.33044],[-13.88586,28.33125],[-13.88602,28.33212],[-13.88519,28.33288],[-13.8848,28.33371],[-13.88365,28.33474],[-13.88345,28.3357],[-13.88129,28.33667],[-13.88104,28.337],[-13.88062,28.33696],[-13.87943,28.33809],[-13.8792,28.33911],[-13.87857,28.33972],[-13.87884,28.34035],[-13.87835,28.34075],[-13.87823,28.34127],[-13.87901,28.34184],[-13.87943,28.34297],[-13.87911,28.34361],[-13.87866,28.34393],[-13.87909,28.3444],[-13.87862,28.34474],[-13.87879,28.34543],[-13.87806,28.34585],[-13.87742,28.34697],[-13.87645,28.34744],[-13.87695,28.34762],[-13.87687,28.34904],[-13.87661,28.34942],[-13.87676,28.35044],[-13.87719,28.35096],[-13.87657,28.35226],[-13.87746,28.35386],[-13.87829,28.35445],[-13.87827,28.35522],[-13.87795,28.35566],[-13.87617,28.35603],[-13.87642,28.35627],[-13.8763,28.35704],[-13.87436,28.3593],[-13.87355,28.3612],[-13.87213,28.36207],[-13.87207,28.36315],[-13.87169,28.36423],[-13.87207,28.36442],[-13.87218,28.36535],[-13.87156,28.3657],[-13.8706,28.36565],[-13.87034,28.36542],[-13.86988,28.36382],[-13.86959,28.36361],[-13.86974,28.36415],[-13.8695,28.36465],[-13.8699,28.36439],[-13.8701,28.36487],[-13.86962,28.36541],[-13.86918,28.36518],[-13.86914,28.36673],[-13.86863,28.36782],[-13.86922,28.36959],[-13.86896,28.37005],[-13.86725,28.37126],[-13.86643,28.37304],[-13.86617,28.37692],[-13.8653,28.37911],[-13.8652,28.38042],[-13.86463,28.38109],[-13.86435,28.38229],[-13.86374,28.38334],[-13.8636,28.385],[-13.86326,28.3852],[-13.86278,28.38505],[-13.86312,28.38541],[-13.86253,28.38606],[-13.86245,28.38669],[-13.86209,28.38701],[-13.8615,28.38686],[-13.86199,28.3873],[-13.86189,28.38769],[-13.86149,28.38797],[-13.86054,28.38775],[-13.85891,28.39029],[-13.85933,28.39029],[-13.85956,28.39068],[-13.85935,28.3916],[-13.86,28.3919],[-13.85981,28.39323],[-13.85862,28.39455],[-13.85761,28.39495],[-13.85665,28.39497],[-13.85574,28.39468],[-13.85594,28.39385],[-13.85552,28.39293],[-13.85578,28.39273],[-13.85529,28.39269],[-13.85574,28.39246],[-13.85528,28.39265],[-13.85517,28.39249],[-13.85574,28.39214],[-13.85516,28.39246],[-13.85506,28.39229],[-13.85562,28.39195],[-13.85502,28.39227],[-13.85484,28.392],[-13.85544,28.39169],[-13.85618,28.39166],[-13.85626,28.39139],[-13.85542,28.39148],[-13.8543,28.39206],[-13.85384,28.392],[-13.85325,28.39228],[-13.85333,28.39334],[-13.85291,28.39412],[-13.85269,28.39407],[-13.85292,28.39452],[-13.85234,28.39456],[-13.8526,28.39467],[-13.85237,28.39501],[-13.85258,28.39584],[-13.85299,28.39565],[-13.85357,28.39599],[-13.85332,28.39593],[-13.85325,28.39638],[-13.85351,28.39628],[-13.85378,28.39679],[-13.85357,28.39686],[-13.85379,28.39714],[-13.85373,28.39778],[-13.85344,28.39799],[-13.85348,28.39839],[-13.85261,28.39855],[-13.8522,28.39906],[-13.85225,28.40067],[-13.85168,28.40079],[-13.85017,28.40052],[-13.84987,28.40069],[-13.85011,28.40101],[-13.84982,28.40123],[-13.85083,28.40179],[-13.85199,28.40188],[-13.85285,28.40255],[-13.85296,28.40291],[-13.85231,28.40358],[-13.85248,28.404],[-13.85201,28.40421],[-13.8521,28.40454],[-13.85069,28.4054],[-13.85095,28.40577],[-13.8501,28.40681],[-13.84996,28.4075],[-13.84885,28.40942],[-13.84901,28.40994],[-13.84872,28.41014],[-13.84944,28.41137],[-13.84944,28.41186],[-13.84916,28.41208],[-13.84936,28.4128],[-13.8491,28.41332],[-13.84932,28.41356],[-13.84922,28.41423],[-13.84986,28.41469],[-13.84978,28.41517],[-13.85037,28.41605],[-13.8503,28.41655],[-13.85051,28.41682],[-13.85108,28.41688],[-13.85086,28.41702],[-13.85154,28.41754],[-13.85153,28.41858],[-13.85094,28.41954],[-13.8513,28.41965],[-13.8513,28.42009],[-13.85085,28.4205],[-13.86121,28.42341],[-13.86974,28.42525],[-13.8786,28.42672],[-13.88077,28.4276],[-13.88089,28.42822],[-13.88143,28.42863],[-13.88696,28.42891],[-13.89001,28.42951],[-13.89896,28.43222],[-13.90099,28.43349],[-13.90368,28.43592],[-13.93247,28.35988],[-13.91963,28.25901],[-13.91629,28.25605],[-13.91619,28.25607]]]}},{"type":"Feature","properties":{"COD_POSTAL":"35004"},"geometry":{"type":"Polygon","coordinates":[[[-15.42301,28.12096],[-15.42407,28.12174],[-15.42418,28.1227],[-15.42637,28.1217],[-15.42571,28.12062],[-15.42691,28.1202],[-15.42709,28.12048],[-15.42807,28.1197],[-15.42795,28.11957],[-15.42866,28.11939],[-15.42914,28.11862],[-15.42801,28.11776],[-15.42766,28.11695],[-15.4278,28.11545],[-15.42723,28.11346],[-15.42534,28.11159],[-15.42427,28.11194],[-15.4247,28.11318],[-15.42458,28.11345],[-15.42321,28.11347],[-15.42333,28.11373],[-15.42253,28.11385],[-15.42222,28.11346],[-15.42189,28.11345],[-15.41996,28.11419],[-15.41958,28.11417],[-15.41904,28.11323],[-15.41722,28.11426],[-15.42076,28.11903],[-15.42104,28.12096],[-15.42125,28.11954],[-15.42253,28.12059],[-15.42278,28.12232],[-15.42297,28.12095],[-15.42301,28.12096]]]}},{"type":"Feature","properties":{"COD_POSTAL":"35308"},"geometry":{"type":"Polygon","coordinates":[[[-15.50346,28.03786],[-15.50484,28.03868],[-15.50851,28.03502],[-15.51177,28.03384],[-15.5174,28.02706],[-15.52637,28.02975],[-15.52439,28.02738],[-15.52929,28.02478],[-15.52672,28.02207],[-15.52638,28.02115],[-15.52425,28.01992],[-15.52279,28.01774],[-15.52159,28.01711],[-15.51882,28.01468],[-15.51537,28.00903],[-15.51328,28.00753],[-15.51179,28.00886],[-15.51094,28.01136],[-15.51047,28.01191],[-15.50997,28.01337],[-15.50948,28.01393],[-15.50867,28.01365],[-15.50679,28.01379],[-15.50542,28.01456],[-15.50443,28.014],[-15.50362,28.01396],[-15.50294,28.01348],[-15.50184,28.01403],[-15.50099,28.01378],[-15.50039,28.01457],[-15.49966,28.01395],[-15.49936,28.0141],[-15.49935,28.01469],[-15.49828,28.01424],[-15.49791,28.01511],[-15.49698,28.01509],[-15.49631,28.01577],[-15.49482,28.01582],[-15.49413,28.01651],[-15.49308,28.01595],[-15.49197,28.01636],[-15.49173,28.01618],[-15.4902,28.02449],[-15.49126,28.02723],[-15.49286,28.02757],[-15.49699,28.02473],[-15.49696,28.02219],[-15.50254,28.02429],[-15.5031,28.02615],[-15.50166,28.02688],[-15.50007,28.02688],[-15.49812,28.02846],[-15.50327,28.03277],[-15.5028,28.03593],[-15.50346,28.03786]]]}},{"type":"Feature","properties":{"COD_POSTAL":"35018"},"geometry":{"type":"Polygon","coordinates":[[[-15.51323,28.0726],[-15.5136,28.07202],[-15.51527,28.07129],[-15.51661,28.07019],[-15.51755,28.06769],[-15.52184,28.0623],[-15.52185,28.05992],[-15.52105,28.05997],[-15.52422,28.05696],[-15.52465,28.05626],[-15.52479,28.05526],[-15.52633,28.05484],[-15.52693,28.05355],[-15.52687,28.05317],[-15.52616,28.05235],[-15.52329,28.05026],[-15.52073,28.05079],[-15.52066,28.04996],[-15.52131,28.04891],[-15.52106,28.04856],[-15.51914,28.04987],[-15.518,28.04976],[-15.51604,28.05007],[-15.51552,28.04896],[-15.51474,28.04945],[-15.51401,28.04945],[-15.51295,28.05015],[-15.51102,28.05024],[-15.51016,28.04898],[-15.50995,28.04772],[-15.5095,28.04766],[-15.50785,28.04845],[-15.5071,28.04805],[-15.50539,28.04825],[-15.50412,28.04908],[-15.49983,28.05026],[-15.49859,28.05121],[-15.49747,28.05173],[-15.49631,28.05279],[-15.49634,28.05198],[-15.49552,28.05146],[-15.49367,28.05669],[-15.49105,28.06536],[-15.48358,28.07056],[-15.47948,28.07065],[-15.47699,28.07025],[-15.47141,28.06781],[-15.4632,28.06995],[-15.46381,28.07201],[-15.46266,28.07243],[-15.46203,28.07239],[-15.45866,28.0731],[-15.45347,28.07853],[-15.45427,28.08644],[-15.45601,28.09],[-15.45662,28.09214],[-15.45847,28.09486],[-15.45979,28.09563],[-15.45925,28.09843],[-15.46118,28.09883],[-15.46106,28.10236],[-15.46281,28.10276],[-15.4614,28.10433],[-15.46162,28.1055],[-15.45997,28.10802],[-15.46407,28.11269],[-15.46876,28.11967],[-15.48142,28.12519],[-15.48299,28.12485],[-15.48734,28.12116],[-15.49067,28.12336],[-15.49243,28.12382],[-15.49241,28.12279],[-15.49432,28.12177],[-15.49548,28.12157],[-15.49626,28.12165],[-15.49693,28.12219],[-15.49738,28.122],[-15.49747,28.12168],[-15.49615,28.12088],[-15.49633,28.12007],[-15.49684,28.11927],[-15.49629,28.11882],[-15.495,28.1185],[-15.49473,28.1182],[-15.49477,28.11777],[-15.49535,28.11708],[-15.49627,28.11818],[-15.49682,28.11816],[-15.49728,28.1178],[-15.49755,28.11719],[-15.49687,28.1162],[-15.49819,28.11558],[-15.49727,28.11472],[-15.49704,28.11384],[-15.49759,28.11334],[-15.49873,28.11289],[-15.49866,28.11198],[-15.49986,28.11127],[-15.49966,28.10951],[-15.50025,28.10775],[-15.49927,28.10628],[-15.49937,28.10484],[-15.49997,28.10452],[-15.50152,28.10457],[-15.5027,28.10535],[-15.50384,28.1055],[-15.50424,28.10534],[-15.50427,28.10435],[-15.50505,28.10379],[-15.50543,28.10247],[-15.50483,28.10139],[-15.50445,28.09998],[-15.5037,28.09949],[-15.50364,28.09889],[-15.50397,28.09886],[-15.50478,28.09943],[-15.50598,28.09819],[-15.5053,28.09755],[-15.50572,28.09568],[-15.5063,28.09472],[-15.5067,28.09481],[-15.50693,28.09529],[-15.50717,28.09524],[-15.50794,28.0941],[-15.50768,28.09354],[-15.50671,28.09314],[-15.50678,28.09276],[-15.50738,28.09237],[-15.50853,28.09222],[-15.50912,28.09117],[-15.50998,28.09117],[-15.50997,28.09018],[-15.51021,28.08966],[-15.51311,28.08724],[-15.51318,28.08627],[-15.5127,28.08501],[-15.51199,28.08463],[-15.51277,28.08431],[-15.51295,28.0831],[-15.51041,28.08055],[-15.51259,28.07931],[-15.5129,28.07841],[-15.5158,28.0751],[-15.51438,28.07384],[-15.51323,28.0726]]]}},{"type":"Feature","properties":{"COD_POSTAL":"35001"},"geometry":{"type":"Polygon","coordinates":[[[-15.41173,28.09592],[-15.41128,28.09799],[-15.41152,28.1006],[-15.41078,28.10095],[-15.41145,28.10092],[-15.4117,28.10124],[-15.4119,28.10282],[-15.41169,28.10334],[-15.4122,28.10374],[-15.41219,28.10405],[-15.41839,28.10023],[-15.42189,28.0989],[-15.4218,28.09856],[-15.42068,28.09866],[-15.42049,28.09848],[-15.41933,28.09864],[-15.41791,28.09922],[-15.41753,28.09867],[-15.41811,28.09689],[-15.41789,28.09668],[-15.41833,28.09645],[-15.41802,28.09598],[-15.41433,28.09558],[-15.41325,28.09561],[-15.41267,28.09595],[-15.41173,28.09591],[-15.41173,28.09592]]]}},{"type":"Feature","properties":{"COD_POSTAL":"35400"},"geometry":{"type":"Polygon","coordinates":[[[-15.53514,28.12782],[-15.53702,28.12578],[-15.54242,28.12483],[-15.54584,28.12033],[-15.5462,28.11807],[-15.5472,28.11455],[-15.54839,28.112],[-15.54831,28.11121],[-15.54777,28.11012],[-15.5468,28.11018],[-15.54558,28.1099],[-15.54399,28.10928],[-15.54378,28.10899],[-15.5438,28.1053],[-15.54409,28.10389],[-15.54509,28.10161],[-15.53959,28.10166],[-15.53555,28.10383],[-15.53556,28.10547],[-15.53429,28.10921],[-15.53198,28.11093],[-15.52961,28.11384],[-15.52645,28.11474],[-15.52317,28.11349],[-15.5228,28.11478],[-15.52025,28.11738],[-15.51651,28.11809],[-15.51411,28.11605],[-15.50959,28.118],[-15.50887,28.12251],[-15.50949,28.1228],[-15.51008,28.12357],[-15.50937,28.12468],[-15.50931,28.1255],[-15.51056,28.12582],[-15.513,28.12356],[-15.51946,28.12659],[-15.52038,28.12646],[-15.52168,28.12522],[-15.52439,28.12566],[-15.52686,28.12458],[-15.52908,28.12707],[-15.53514,28.12782]]]}},{"type":"Feature","properties":{"COD_POSTAL":"35360"},"geometry":{"type":"Polygon","coordinates":[[[-15.59622,27.99991],[-15.59611,28.00033],[-15.59694,28.00186],[-15.59727,28.00316],[-15.59908,28.00443],[-15.60947,28.00208],[-15.612,27.99897],[-15.61327,27.99919],[-15.61553,27.99751],[-15.61813,27.99657],[-15.6173,27.99425],[-15.6165,27.99439],[-15.6148,27.98918],[-15.61348,27.98716],[-15.61168,27.98591],[-15.59622,27.99991]]]}},{"type":"Feature","properties":{"COD_POSTAL":"35627"},"geometry":{"type":"Polygon","coordinates":[[[-14.14383,28.27061],[-14.14466,28.27169],[-14.14539,28.27328],[-14.14585,28.27534],[-14.14654,28.27577],[-14.14789,28.27729],[-14.15126,28.27877],[-14.15244,28.27891],[-14.15346,28.27846],[-14.15445,28.27837],[-14.15616,28.2791],[-14.15731,28.27918],[-14.15759,28.27945],[-14.15847,28.28103],[-14.15815,28.28288],[-14.1586,28.2834],[-14.15973,28.2882],[-14.15751,28.28898],[-14.15563,28.28918],[-14.15447,28.28988],[-14.15278,28.28929],[-14.15241,28.28939],[-14.15039,28.2908],[-14.14759,28.29226],[-14.14625,28.29266],[-14.14449,28.29233],[-14.14419,28.29186],[-14.14037,28.29038],[-14.13427,28.29237],[-14.13142,28.2945],[-14.12921,28.29724],[-14.12799,28.29812],[-14.12752,28.29968],[-14.12781,28.30051],[-14.12735,28.30153],[-14.12354,28.30298],[-14.12225,28.30434],[-14.12163,28.30465],[-14.1207,28.30622],[-14.11976,28.30696],[-14.11851,28.30746],[-14.11766,28.30853],[-14.11631,28.30858],[-14.11557,28.30898],[-14.11488,28.30903],[-14.11361,28.30859],[-14.11201,28.30982],[-14.11165,28.31018],[-14.11148,28.3122],[-14.11024,28.31451],[-14.10874,28.31694],[-14.10649,28.31946],[-14.10575,28.32002],[-14.10487,28.32026],[-14.1035,28.3204],[-14.1008,28.32021],[-14.10008,28.32132],[-14.09801,28.3232],[-14.11444,28.33547],[-14.14849,28.35158],[-14.16675,28.3641],[-14.16722,28.36346],[-14.16888,28.36303],[-14.16899,28.36275],[-14.16899,28.36296],[-14.16916,28.36291],[-14.16977,28.3622],[-14.16997,28.36284],[-14.17008,28.36252],[-14.17031,28.36269],[-14.17043,28.36239],[-14.17058,28.36264],[-14.17096,28.36206],[-14.17121,28.36252],[-14.17157,28.36234],[-14.17173,28.36156],[-14.17148,28.36151],[-14.17181,28.36078],[-14.1716,28.36088],[-14.17147,28.36051],[-14.17123,28.36069],[-14.17148,28.3603],[-14.17141,28.35978],[-14.17153,28.36005],[-14.17175,28.35989],[-14.17174,28.35968],[-14.17149,28.35967],[-14.1717,28.35939],[-14.17143,28.35913],[-14.1715,28.35868],[-14.17184,28.35912],[-14.17208,28.35893],[-14.1721,28.35858],[-14.17193,28.3587],[-14.17185,28.35838],[-14.17149,28.35829],[-14.17192,28.35792],[-14.17175,28.35808],[-14.17174,28.35785],[-14.17144,28.35793],[-14.17203,28.35735],[-14.17175,28.3561],[-14.17197,28.35545],[-14.17249,28.3557],[-14.17246,28.35536],[-14.17282,28.35539],[-14.17287,28.3561],[-14.1731,28.35576],[-14.1735,28.35575],[-14.17376,28.35534],[-14.17377,28.35455],[-14.1736,28.35395],[-14.17334,28.35391],[-14.17353,28.35348],[-14.17333,28.3536],[-14.17367,28.3527],[-14.17392,28.35296],[-14.17447,28.35285],[-14.17443,28.35261],[-14.17502,28.35209],[-14.17481,28.35204],[-14.1749,28.35174],[-14.17518,28.35184],[-14.17553,28.35136],[-14.17588,28.35036],[-14.1757,28.35115],[-14.17592,28.35105],[-14.17622,28.35033],[-14.17613,28.34994],[-14.17631,28.35041],[-14.17647,28.35037],[-14.17648,28.3495],[-14.17677,28.35041],[-14.1772,28.35039],[-14.17711,28.34995],[-14.17763,28.34936],[-14.17745,28.34937],[-14.17743,28.34889],[-14.17621,28.34824],[-14.17606,28.34788],[-14.17624,28.34717],[-14.17703,28.34611],[-14.17783,28.34547],[-14.1785,28.34553],[-14.17862,28.34497],[-14.17845,28.34495],[-14.17879,28.34467],[-14.17986,28.34438],[-14.18016,28.34454],[-14.18005,28.34429],[-14.18056,28.3442],[-14.1804,28.34369],[-14.18069,28.34339],[-14.18215,28.34312],[-14.18262,28.34282],[-14.1828,28.34227],[-14.18319,28.34216],[-14.18328,28.34157],[-14.18396,28.34155],[-14.18394,28.34124],[-14.1846,28.341],[-14.1846,28.34078],[-14.18515,28.34057],[-14.18534,28.34022],[-14.1858,28.3407],[-14.18625,28.34067],[-14.18672,28.34049],[-14.18635,28.34027],[-14.18685,28.34035],[-14.1875,28.33993],[-14.18797,28.33941],[-14.18773,28.33903],[-14.18832,28.33885],[-14.18824,28.33844],[-14.18763,28.33833],[-14.18887,28.33792],[-14.18877,28.33746],[-14.18898,28.33766],[-14.18952,28.33755],[-14.19023,28.33695],[-14.19051,28.33721],[-14.19032,28.33757],[-14.19084,28.33752],[-14.19122,28.33714],[-14.19111,28.337],[-14.19148,28.33692],[-14.19137,28.33673],[-14.19175,28.33673],[-14.19255,28.33601],[-14.19254,28.33576],[-14.19354,28.33525],[-14.19445,28.33557],[-14.19481,28.33511],[-14.19519,28.33501],[-14.1953,28.33524],[-14.19563,28.33494],[-14.19613,28.33488],[-14.19692,28.334],[-14.19674,28.33444],[-14.1975,28.33427],[-14.19776,28.33393],[-14.19811,28.33427],[-14.19905,28.33391],[-14.19942,28.33319],[-14.19976,28.3331],[-14.19963,28.33299],[-14.2001,28.3325],[-14.20009,28.33219],[-14.20051,28.33186],[-14.20014,28.33167],[-14.20033,28.33129],[-14.20052,28.33107],[-14.20034,28.33157],[-14.20073,28.33165],[-14.2009,28.33156],[-14.20068,28.3314],[-14.20119,28.33115],[-14.2011,28.33063],[-14.20135,28.33063],[-14.2014,28.33011],[-14.201,28.33043],[-14.20113,28.33004],[-14.20169,28.32977],[-14.20156,28.32945],[-14.20225,28.32939],[-14.20286,28.32867],[-14.20254,28.32937],[-14.20346,28.32884],[-14.20403,28.32788],[-14.2036,28.32748],[-14.20414,28.32735],[-14.20443,28.32576],[-14.20425,28.3257],[-14.20464,28.32543],[-14.20484,28.32479],[-14.20466,28.32465],[-14.20501,28.32425],[-14.20463,28.32408],[-14.20426,28.32451],[-14.204,28.32408],[-14.20453,28.32382],[-14.20424,28.32362],[-14.20478,28.32371],[-14.20447,28.32314],[-14.20481,28.32312],[-14.20482,28.32279],[-14.20459,28.32303],[-14.2047,28.32255],[-14.20444,28.32266],[-14.2048,28.32223],[-14.20416,28.32227],[-14.20474,28.32167],[-14.20458,28.32115],[-14.20481,28.32013],[-14.20551,28.31927],[-14.20529,28.31882],[-14.20598,28.3183],[-14.20598,28.31789],[-14.2057,28.31797],[-14.20603,28.31741],[-14.20669,28.31722],[-14.20704,28.31659],[-14.20661,28.31615],[-14.20704,28.31553],[-14.20666,28.31574],[-14.20672,28.31526],[-14.20817,28.31411],[-14.2088,28.31333],[-14.20861,28.31293],[-14.20936,28.31226],[-14.20908,28.31233],[-14.20945,28.31164],[-14.20911,28.31125],[-14.2093,28.31109],[-14.20912,28.31115],[-14.20978,28.31052],[-14.20983,28.31015],[-14.20916,28.3102],[-14.20993,28.30952],[-14.20888,28.30948],[-14.20958,28.30887],[-14.20878,28.30929],[-14.20936,28.30854],[-14.20891,28.30872],[-14.20872,28.30847],[-14.20892,28.30812],[-14.20866,28.30798],[-14.20922,28.3072],[-14.20886,28.30717],[-14.20898,28.30691],[-14.20858,28.30707],[-14.20856,28.3068],[-14.20769,28.30708],[-14.20824,28.30651],[-14.20753,28.30665],[-14.2082,28.30606],[-14.20774,28.30604],[-14.20807,28.30552],[-14.20778,28.30566],[-14.20801,28.3053],[-14.20762,28.30535],[-14.20833,28.30464],[-14.20705,28.30502],[-14.20774,28.3045],[-14.20793,28.30407],[-14.20765,28.30414],[-14.20777,28.30389],[-14.20758,28.30393],[-14.20801,28.3036],[-14.20778,28.30371],[-14.20783,28.30349],[-14.20742,28.30378],[-14.20749,28.30359],[-14.20724,28.30356],[-14.20762,28.30331],[-14.20716,28.30352],[-14.20757,28.30306],[-14.20709,28.30278],[-14.20756,28.30229],[-14.20697,28.30253],[-14.20704,28.30234],[-14.20671,28.30225],[-14.20653,28.30182],[-14.20697,28.30125],[-14.20678,28.30096],[-14.20952,28.29947],[-14.21008,28.29939],[-14.21014,28.29881],[-14.21077,28.29829],[-14.21068,28.29803],[-14.21037,28.29807],[-14.21067,28.29734],[-14.21022,28.29751],[-14.2104,28.29726],[-14.20994,28.29711],[-14.21053,28.29653],[-14.21026,28.29634],[-14.21053,28.29587],[-14.2116,28.29535],[-14.21172,28.29467],[-14.2112,28.29503],[-14.21116,28.29484],[-14.21177,28.29433],[-14.21138,28.29428],[-14.21182,28.29389],[-14.21163,28.29387],[-14.21171,28.29354],[-14.2123,28.29273],[-14.21221,28.29247],[-14.21196,28.29254],[-14.21164,28.29186],[-14.21161,28.29161],[-14.21192,28.29136],[-14.21135,28.2909],[-14.21137,28.29023],[-14.21198,28.28907],[-14.21332,28.2882],[-14.21378,28.28826],[-14.21424,28.28778],[-14.21408,28.28728],[-14.2134,28.28797],[-14.21326,28.28728],[-14.21288,28.28744],[-14.21309,28.28696],[-14.2126,28.28733],[-14.21262,28.28657],[-14.21201,28.28678],[-14.2124,28.28622],[-14.21226,28.28532],[-14.21201,28.28543],[-14.21217,28.28506],[-14.21156,28.28545],[-14.21174,28.28492],[-14.21153,28.28504],[-14.21126,28.28481],[-14.21167,28.28399],[-14.21128,28.28426],[-14.2114,28.28389],[-14.211,28.28325],[-14.21162,28.28274],[-14.21134,28.28258],[-14.21162,28.28166],[-14.21109,28.28163],[-14.21099,28.27979],[-14.21068,28.28012],[-14.21078,28.27964],[-14.21053,28.2801],[-14.20997,28.27968],[-14.2102,28.27876],[-14.20983,28.27815],[-14.21016,28.27687],[-14.20981,28.27707],[-14.21013,28.27644],[-14.20991,28.27673],[-14.20954,28.27638],[-14.2099,28.27594],[-14.20937,28.2759],[-14.20956,28.27544],[-14.20925,28.2754],[-14.20891,28.27466],[-14.20883,28.2739],[-14.20914,28.2733],[-14.20885,28.27321],[-14.2086,28.27261],[-14.20915,28.27189],[-14.20861,28.27164],[-14.20831,28.27067],[-14.20901,28.26948],[-14.20907,28.26867],[-14.21093,28.26739],[-14.21111,28.26658],[-14.21181,28.26582],[-14.21164,28.26571],[-14.21181,28.26532],[-14.21155,28.26549],[-14.21147,28.26511],[-14.21192,28.26431],[-14.21156,28.26429],[-14.21154,28.26377],[-14.21086,28.26405],[-14.21094,28.2639],[-14.2105,28.26378],[-14.21029,28.26327],[-14.21061,28.26285],[-14.21015,28.26306],[-14.21023,28.2628],[-14.20998,28.26282],[-14.21012,28.26265],[-14.20961,28.26252],[-14.20938,28.26185],[-14.20888,28.26156],[-14.20871,28.26059],[-14.20828,28.2601],[-14.2088,28.25948],[-14.20877,28.25872],[-14.20956,28.25764],[-14.20934,28.25767],[-14.20953,28.25722],[-14.20899,28.25699],[-14.20976,28.25635],[-14.20951,28.25626],[-14.20937,28.25563],[-14.21002,28.25493],[-14.20964,28.25512],[-14.21019,28.25403],[-14.21137,28.25289],[-14.21119,28.25298],[-14.21126,28.25267],[-14.21103,28.25279],[-14.21094,28.25247],[-14.21146,28.25188],[-14.21112,28.2516],[-14.21113,28.251],[-14.21287,28.24958],[-14.2129,28.2493],[-14.2124,28.2488],[-14.21375,28.247],[-14.21369,28.24659],[-14.2133,28.24659],[-14.21373,28.24494],[-14.21342,28.24533],[-14.21307,28.2453],[-14.21243,28.24373],[-14.21278,28.24273],[-14.21383,28.24249],[-14.21398,28.24214],[-14.21369,28.24094],[-14.21382,28.24056],[-14.21344,28.23974],[-14.21358,28.23934],[-14.21312,28.23877],[-14.21278,28.23704],[-14.21299,28.23621],[-14.21339,28.23599],[-14.21318,28.23557],[-14.21377,28.23559],[-14.21368,28.23504],[-14.21391,28.23514],[-14.21379,28.23478],[-14.21319,28.23436],[-14.21295,28.23374],[-14.21422,28.23256],[-14.21389,28.23263],[-14.21427,28.23231],[-14.21403,28.23205],[-14.21417,28.23163],[-14.2139,28.23167],[-14.21426,28.23063],[-14.21403,28.23065],[-14.21387,28.23009],[-14.21437,28.22995],[-14.2151,28.22872],[-14.21464,28.22854],[-14.21464,28.22804],[-14.21499,28.22622],[-14.21537,28.22568],[-14.21529,28.22534],[-14.21638,28.22475],[-14.21686,28.22372],[-14.21801,28.22313],[-14.21874,28.22151],[-14.2186,28.22084],[-14.2194,28.22055],[-14.21998,28.21962],[-14.22087,28.21974],[-14.22119,28.22002],[-14.22159,28.21957],[-14.22252,28.21924],[-14.22141,28.21907],[-14.22117,28.21815],[-14.22139,28.21722],[-14.22248,28.21705],[-14.22289,28.21642],[-14.22252,28.21575],[-14.22256,28.21504],[-14.22397,28.21406],[-14.22524,28.21251],[-14.22751,28.21069],[-14.22894,28.21003],[-14.22937,28.21006],[-14.22997,28.21056],[-14.23031,28.21011],[-14.23095,28.20992],[-14.23098,28.21016],[-14.23231,28.20844],[-14.23277,28.20828],[-14.23344,28.20692],[-14.23319,28.20673],[-14.23338,28.20613],[-14.23418,28.20626],[-14.23479,28.20572],[-14.23518,28.20571],[-14.23659,28.20465],[-14.23727,28.20451],[-14.23738,28.20373],[-14.23837,28.20298],[-14.23937,28.20311],[-14.23997,28.20283],[-14.24026,28.20169],[-14.24183,28.20131],[-14.24252,28.20028],[-14.24259,28.19998],[-14.24228,28.19987],[-14.24284,28.19876],[-14.24308,28.19856],[-14.2434,28.19871],[-14.24346,28.19834],[-14.24408,28.19795],[-14.2446,28.19693],[-14.24441,28.19681],[-14.2454,28.19507],[-14.24662,28.19399],[-14.24717,28.19318],[-14.25008,28.19156],[-14.25312,28.18901],[-14.2553,28.18775],[-14.25562,28.18788],[-14.25589,28.18761],[-14.25646,28.18757],[-14.2566,28.18711],[-14.25914,28.18584],[-14.26102,28.18425],[-14.26197,28.18391],[-14.26288,28.18298],[-14.26374,28.18255],[-14.2649,28.18129],[-14.26524,28.18046],[-14.26726,28.17866],[-14.26855,28.17802],[-14.27023,28.17669],[-14.27074,28.17659],[-14.27206,28.17554],[-14.27292,28.17445],[-14.27458,28.1733],[-14.27578,28.17291],[-14.27792,28.17121],[-14.27889,28.17103],[-14.2791,28.17055],[-14.28053,28.16982],[-14.28117,28.1692],[-14.28108,28.16877],[-14.28149,28.16888],[-14.28177,28.16825],[-14.28235,28.16805],[-14.28235,28.16777],[-14.28332,28.16759],[-14.28392,28.16705],[-14.28548,28.16644],[-14.28685,28.16487],[-14.28781,28.16498],[-14.2886,28.16426],[-14.28895,28.16347],[-14.28952,28.16314],[-14.2905,28.16296],[-14.29094,28.1631],[-14.29297,28.16168],[-14.29305,28.16183],[-14.29365,28.16161],[-14.29418,28.16067],[-14.29549,28.1602],[-14.29579,28.15971],[-14.29793,28.15952],[-14.29886,28.15898],[-14.29929,28.15853],[-14.29948,28.15773],[-14.30094,28.15663],[-14.30166,28.15554],[-14.30183,28.15523],[-14.30168,28.15483],[-14.30231,28.15418],[-14.30224,28.15344],[-14.30254,28.15346],[-14.30254,28.15318],[-14.30313,28.15278],[-14.30334,28.15228],[-14.30415,28.15217],[-14.30436,28.1518],[-14.30526,28.15171],[-14.24867,28.13159],[-14.24798,28.13187],[-14.24756,28.13271],[-14.2465,28.13366],[-14.24616,28.13431],[-14.24501,28.13428],[-14.24505,28.13454],[-14.24602,28.13488],[-14.24597,28.1353],[-14.24441,28.13562],[-14.2431,28.13645],[-14.24127,28.13817],[-14.23953,28.13858],[-14.23816,28.13999],[-14.23765,28.14147],[-14.23739,28.14102],[-14.23748,28.14072],[-14.24012,28.13616],[-14.24051,28.13562],[-14.24087,28.13551],[-14.24039,28.13514],[-14.24001,28.13541],[-14.23851,28.13832],[-14.2374,28.1399],[-14.23527,28.14458],[-14.23414,28.14546],[-14.23317,28.14732],[-14.23284,28.1474],[-14.23249,28.14797],[-14.23012,28.15001],[-14.22923,28.15206],[-14.2286,28.15251],[-14.22851,28.15323],[-14.22689,28.15654],[-14.22437,28.16041],[-14.22252,28.16269],[-14.21829,28.16549],[-14.2164,28.16558],[-14.21405,28.16421],[-14.21247,28.16449],[-14.21155,28.16514],[-14.20861,28.16632],[-14.2076,28.16698],[-14.2061,28.16736],[-14.20519,28.16837],[-14.20504,28.16903],[-14.20437,28.1699],[-14.20251,28.17172],[-14.20108,28.17278],[-14.19829,28.17398],[-14.19709,28.17389],[-14.19555,28.17427],[-14.19122,28.17441],[-14.18982,28.17398],[-14.18932,28.17366],[-14.18888,28.17291],[-14.18834,28.17287],[-14.18796,28.17296],[-14.18747,28.17368],[-14.18598,28.17409],[-14.18497,28.17492],[-14.18453,28.17502],[-14.18227,28.17504],[-14.18169,28.17478],[-14.18156,28.17424],[-14.17953,28.17381],[-14.17804,28.17421],[-14.17694,28.17386],[-14.17561,28.175],[-14.17419,28.17469],[-14.17369,28.1752],[-14.17292,28.17547],[-14.1724,28.17518],[-14.17141,28.17537],[-14.1706,28.17517],[-14.17034,28.17502],[-14.17018,28.17433],[-14.16965,28.17405],[-14.16859,28.1746],[-14.1677,28.17398],[-14.16753,28.17454],[-14.16542,28.17543],[-14.16489,28.17674],[-14.16239,28.17754],[-14.1619,28.17751],[-14.16178,28.17718],[-14.16127,28.17731],[-14.16045,28.17632],[-14.15972,28.17647],[-14.15879,28.17596],[-14.15824,28.17651],[-14.1581,28.17708],[-14.15715,28.17744],[-14.15739,28.17806],[-14.1564,28.17972],[-14.1542,28.18118],[-14.15333,28.18147],[-14.15315,28.18223],[-14.15251,28.18257],[-14.15,28.18321],[-14.14925,28.18312],[-14.14828,28.18164],[-14.14776,28.18138],[-14.14616,28.18159],[-14.14584,28.18254],[-14.14552,28.18268],[-14.14509,28.18263],[-14.14411,28.18191],[-14.14393,28.18221],[-14.14335,28.18201],[-14.14304,28.18216],[-14.14328,28.18284],[-14.14276,28.1833],[-14.14185,28.18322],[-14.14111,28.18357],[-14.1401,28.18345],[-14.13914,28.18399],[-14.13878,28.18443],[-14.13866,28.18531],[-14.13806,28.18569],[-14.13814,28.18644],[-14.13683,28.18743],[-14.13578,28.18756],[-14.13464,28.18724],[-14.13372,28.18731],[-14.13249,28.18816],[-14.13155,28.18834],[-14.13041,28.18806],[-14.12928,28.18712],[-14.1289,28.18742],[-14.12822,28.18748],[-14.12813,28.18849],[-14.1274,28.18902],[-14.12737,28.18994],[-14.12692,28.1913],[-14.12701,28.19444],[-14.129,28.19617],[-14.13231,28.19772],[-14.13355,28.19952],[-14.13568,28.20088],[-14.13645,28.20188],[-14.13762,28.20263],[-14.13808,28.20335],[-14.13814,28.20557],[-14.13863,28.20701],[-14.13895,28.20913],[-14.13858,28.20993],[-14.1385,28.21117],[-14.1397,28.21288],[-14.13973,28.21325],[-14.13936,28.21618],[-14.13884,28.21767],[-14.13738,28.21945],[-14.13573,28.22257],[-14.13786,28.22565],[-14.139,28.22787],[-14.13968,28.23037],[-14.13907,28.23202],[-14.13857,28.23611],[-14.13899,28.23766],[-14.13882,28.23834],[-14.13936,28.24007],[-14.13935,28.24287],[-14.14085,28.24471],[-14.14082,28.24586],[-14.14277,28.24859],[-14.14302,28.24928],[-14.14313,28.25146],[-14.1483,28.25524],[-14.14795,28.26654],[-14.14291,28.26968],[-14.14383,28.27061]]]}},{"type":"Feature","properties":{"COD_POSTAL":"35339"},"geometry":{"type":"Polygon","coordinates":[[[-15.54416,28.05714],[-15.54513,28.05613],[-15.54626,28.05647],[-15.5471,28.05563],[-15.55087,28.05576],[-15.55292,28.05722],[-15.553,28.05932],[-15.55183,28.05999],[-15.55187,28.06095],[-15.55095,28.0617],[-15.55671,28.06578],[-15.55623,28.06694],[-15.55265,28.06924],[-15.54965,28.06832],[-15.54835,28.06832],[-15.54609,28.06924],[-15.54404,28.06816],[-15.54307,28.06837],[-15.54207,28.06623],[-15.53821,28.06665],[-15.53746,28.06786],[-15.53754,28.06958],[-15.53591,28.071],[-15.53222,28.07239],[-15.53013,28.07272],[-15.52741,28.07205],[-15.52183,28.07511],[-15.51994,28.075],[-15.51957,28.07568],[-15.51957,28.07803],[-15.51818,28.0797],[-15.51494,28.07864],[-15.51494,28.0773],[-15.51467,28.07638],[-15.5129,28.07841],[-15.51259,28.07931],[-15.51041,28.08055],[-15.51295,28.0831],[-15.51277,28.08431],[-15.51199,28.08463],[-15.51268,28.08498],[-15.51318,28.08627],[-15.51315,28.08714],[-15.51154,28.08874],[-15.51021,28.08966],[-15.50997,28.09018],[-15.50998,28.09117],[-15.50912,28.09117],[-15.50853,28.09222],[-15.50738,28.09237],[-15.50675,28.0928],[-15.50671,28.09314],[-15.50768,28.09354],[-15.50792,28.09418],[-15.50707,28.0953],[-15.50665,28.09478],[-15.50614,28.09487],[-15.5053,28.09745],[-15.50599,28.09815],[-15.50508,28.09924],[-15.50463,28.09943],[-15.50397,28.09886],[-15.50364,28.09889],[-15.50367,28.09945],[-15.50441,28.09992],[-15.5045,28.10038],[-15.50505,28.09999],[-15.50674,28.09999],[-15.50718,28.09922],[-15.50845,28.0989],[-15.50899,28.09749],[-15.51115,28.09747],[-15.51256,28.09618],[-15.51335,28.096],[-15.51388,28.09536],[-15.51474,28.09515],[-15.51498,28.09484],[-15.51435,28.09431],[-15.51437,28.09396],[-15.51549,28.09427],[-15.51583,28.09413],[-15.51628,28.09322],[-15.51689,28.09288],[-15.51869,28.09015],[-15.5184,28.08941],[-15.51902,28.08901],[-15.51905,28.08834],[-15.51937,28.08777],[-15.51907,28.08673],[-15.51975,28.08557],[-15.52088,28.08455],[-15.52231,28.08458],[-15.52318,28.08394],[-15.52554,28.08392],[-15.52644,28.08335],[-15.52737,28.08346],[-15.52776,28.08307],[-15.52984,28.08292],[-15.53159,28.08364],[-15.53266,28.08363],[-15.53329,28.08396],[-15.53741,28.0848],[-15.53816,28.08521],[-15.53904,28.08615],[-15.54003,28.08646],[-15.54166,28.08652],[-15.54225,28.08706],[-15.54344,28.0875],[-15.5444,28.08756],[-15.54745,28.08675],[-15.54902,28.08584],[-15.54966,28.08502],[-15.54993,28.08338],[-15.55073,28.0821],[-15.55216,28.08171],[-15.55322,28.07992],[-15.55628,28.07811],[-15.5566,28.07656],[-15.55616,28.07471],[-15.5575,28.07354],[-15.55909,28.06923],[-15.56032,28.0674],[-15.56049,28.06586],[-15.56208,28.06442],[-15.56242,28.06363],[-15.56253,28.06218],[-15.56431,28.06112],[-15.56581,28.05981],[-15.56685,28.05767],[-15.56708,28.05697],[-15.56694,28.05646],[-15.56743,28.05502],[-15.5676,28.05243],[-15.56854,28.05182],[-15.56862,28.05104],[-15.56646,28.04871],[-15.56736,28.04906],[-15.56753,28.0482],[-15.56844,28.04793],[-15.56952,28.04803],[-15.56871,28.04677],[-15.55839,28.04793],[-15.5562,28.04756],[-15.55451,28.0481],[-15.55347,28.04818],[-15.55267,28.04795],[-15.55091,28.04881],[-15.54962,28.04887],[-15.54806,28.04736],[-15.5482,28.04662],[-15.54595,28.04561],[-15.54553,28.04578],[-15.54438,28.04524],[-15.54278,28.04383],[-15.54186,28.04594],[-15.53953,28.04721],[-15.53879,28.05178],[-15.53824,28.05282],[-15.54125,28.05383],[-15.54261,28.05473],[-15.54278,28.05596],[-15.54247,28.05698],[-15.54416,28.05714]]]}},{"type":"Feature","properties":{"COD_POSTAL":"35149"},"geometry":{"type":"Polygon","coordinates":[[[-15.69027,27.91211],[-15.69499,27.94723],[-15.69588,27.94712],[-15.69804,27.94787],[-15.70342,27.94803],[-15.70436,27.94777],[-15.70503,27.94717],[-15.70774,27.946],[-15.71058,27.94555],[-15.71403,27.94661],[-15.71808,27.94725],[-15.71882,27.94782],[-15.71979,27.94789],[-15.72009,27.94823],[-15.72165,27.94887],[-15.725,27.94875],[-15.72621,27.94778],[-15.72653,27.94605],[-15.72854,27.9444],[-15.72879,27.94368],[-15.73185,27.9417],[-15.7355,27.93815],[-15.73854,27.93421],[-15.7405,27.93121],[-15.74263,27.92892],[-15.74384,27.9277],[-15.74978,27.92366],[-15.75088,27.92244],[-15.7514,27.92075],[-15.75286,27.91937],[-15.75324,27.91676],[-15.75427,27.91541],[-15.7539,27.91396],[-15.7527,27.91283],[-15.75164,27.91237],[-15.75133,27.91188],[-15.75153,27.91077],[-15.75142,27.90986],[-15.75186,27.90888],[-15.7517,27.90781],[-15.75125,27.90691],[-15.75156,27.90583],[-15.75236,27.90494],[-15.75254,27.90269],[-15.75567,27.9018],[-15.75639,27.90187],[-15.75801,27.90111],[-15.76077,27.89838],[-15.76257,27.89453],[-15.76368,27.89383],[-15.76404,27.89302],[-15.76561,27.89203],[-15.76576,27.89131],[-15.76622,27.89087],[-15.76631,27.89011],[-15.76854,27.88856],[-15.76843,27.88799],[-15.7695,27.88592],[-15.7711,27.8842],[-15.77183,27.88137],[-15.77227,27.88079],[-15.77239,27.87981],[-15.77305,27.87818],[-15.77703,27.8745],[-15.77745,27.87354],[-15.77916,27.87142],[-15.77999,27.87111],[-15.78214,27.8709],[-15.78369,27.86984],[-15.78422,27.86994],[-15.78514,27.86962],[-15.78621,27.86817],[-15.78741,27.86756],[-15.78805,27.86774],[-15.78848,27.86755],[-15.78883,27.86702],[-15.78949,27.86691],[-15.78991,27.86571],[-15.79053,27.86509],[-15.79198,27.86507],[-15.794,27.8637],[-15.79496,27.86351],[-15.79565,27.86305],[-15.79636,27.86212],[-15.79671,27.86217],[-15.79711,27.86178],[-15.7979,27.86039],[-15.79857,27.86004],[-15.79873,27.85943],[-15.79927,27.85907],[-15.79893,27.85762],[-15.79831,27.85716],[-15.79862,27.85685],[-15.7982,27.85649],[-15.79843,27.85587],[-15.79919,27.85526],[-15.79876,27.85487],[-15.7986,27.85308],[-15.79805,27.85292],[-15.79678,27.85307],[-15.79628,27.85261],[-15.79623,27.85162],[-15.79543,27.85138],[-15.79516,27.84968],[-15.79616,27.8491],[-15.79581,27.84889],[-15.79589,27.84849],[-15.79409,27.84843],[-15.79367,27.8482],[-15.79385,27.84766],[-15.79369,27.84754],[-15.79307,27.84738],[-15.79277,27.84767],[-15.79245,27.84754],[-15.79092,27.84524],[-15.79135,27.84367],[-15.79125,27.84332],[-15.79168,27.84292],[-15.79149,27.84233],[-15.79177,27.84187],[-15.79171,27.84139],[-15.79091,27.84087],[-15.78949,27.83745],[-15.78804,27.8361],[-15.78797,27.83531],[-15.78746,27.8344],[-15.78517,27.83291],[-15.78349,27.83096],[-15.78136,27.82989],[-15.78071,27.82982],[-15.77983,27.83035],[-15.77944,27.83034],[-15.77873,27.82992],[-15.77801,27.82863],[-15.76109,27.84132],[-15.7488,27.83027],[-15.73475,27.82648],[-15.70965,27.83723],[-15.70286,27.84191],[-15.70346,27.84266],[-15.70285,27.85142],[-15.73375,27.85954],[-15.74051,27.86261],[-15.7437,27.86364],[-15.74205,27.86697],[-15.7408,27.86723],[-15.73809,27.86629],[-15.73365,27.86654],[-15.72437,27.87363],[-15.72322,27.87884],[-15.72998,27.88336],[-15.72539,27.88692],[-15.72282,27.88737],[-15.7208,27.88669],[-15.69666,27.87255],[-15.69027,27.91211]]]}},{"type":"Feature","properties":{"COD_POSTAL":"35550"},"geometry":{"type":"Polygon","coordinates":[[[-13.60777,29.00827],[-13.61141,29.01403],[-13.62575,29.01054],[-13.63023,28.99837],[-13.61714,28.9866],[-13.58745,28.98579],[-13.58913,29.00316],[-13.58894,29.00359],[-13.58521,29.00338],[-13.58588,29.00619],[-13.60777,29.00827]]]}},{"type":"Feature","properties":{"COD_POSTAL":"35229"},"geometry":{"type":"Polygon","coordinates":[[[-15.42869,28.04791],[-15.42931,28.04695],[-15.43221,28.04382],[-15.43207,28.03902],[-15.43414,28.03764],[-15.43318,28.03607],[-15.43163,28.0347],[-15.42928,28.0352],[-15.42848,28.03591],[-15.42763,28.03608],[-15.42726,28.03683],[-15.42607,28.03706],[-15.42584,28.03759],[-15.42503,28.03754],[-15.4237,28.03836],[-15.42256,28.03816],[-15.42097,28.03885],[-15.41955,28.03813],[-15.41778,28.0381],[-15.41708,28.0375],[-15.41675,28.03694],[-15.41668,28.03431],[-15.41394,28.03297],[-15.41243,28.03553],[-15.40699,28.0329],[-15.40618,28.03132],[-15.40099,28.02868],[-15.39593,28.03187],[-15.39771,28.03256],[-15.39788,28.0327],[-15.39775,28.03291],[-15.39924,28.03352],[-15.39986,28.03413],[-15.40115,28.0345],[-15.4029,28.03541],[-15.40593,28.03742],[-15.40705,28.03985],[-15.4089,28.04067],[-15.40974,28.0413],[-15.40959,28.0419],[-15.41013,28.04237],[-15.40935,28.04361],[-15.41017,28.04428],[-15.4098,28.04446],[-15.40901,28.04387],[-15.40875,28.04401],[-15.40973,28.04485],[-15.41001,28.04487],[-15.41175,28.04349],[-15.41356,28.04491],[-15.41439,28.04499],[-15.4152,28.04586],[-15.4154,28.04665],[-15.41585,28.04714],[-15.4173,28.04598],[-15.41909,28.04717],[-15.42086,28.04754],[-15.42469,28.04717],[-15.42644,28.04745],[-15.42869,28.04791]]]}},{"type":"Feature","properties":{"COD_POSTAL":"35544"},"geometry":{"type":"Polygon","coordinates":[[[-13.48511,29.09437],[-13.4903,29.09684],[-13.5021,29.07334],[-13.49807,29.03453],[-13.49504,29.02561],[-13.46723,29.0305],[-13.46716,29.03068],[-13.46754,29.03066],[-13.46789,29.03103],[-13.46825,29.03207],[-13.46854,29.03217],[-13.46858,29.03284],[-13.46887,29.03303],[-13.46919,29.03403],[-13.46875,29.03489],[-13.46894,29.03592],[-13.46827,29.03571],[-13.46758,29.03621],[-13.46795,29.03744],[-13.46782,29.03787],[-13.46829,29.03872],[-13.46815,29.03923],[-13.46794,29.03928],[-13.46808,29.03978],[-13.46764,29.04035],[-13.46702,29.04052],[-13.46598,29.04339],[-13.46425,29.04414],[-13.46339,29.04539],[-13.46355,29.04614],[-13.46421,29.0471],[-13.46408,29.04832],[-13.46473,29.049],[-13.46492,29.04997],[-13.46471,29.05064],[-13.46601,29.05258],[-13.46536,29.05395],[-13.46545,29.05436],[-13.46655,29.05517],[-13.46609,29.05629],[-13.46513,29.05695],[-13.46451,29.05716],[-13.4639,29.05691],[-13.46257,29.05694],[-13.46208,29.05737],[-13.4623,29.05763],[-13.46196,29.05752],[-13.46202,29.05788],[-13.46145,29.05801],[-13.46155,29.05845],[-13.46177,29.0585],[-13.46157,29.05864],[-13.46193,29.05873],[-13.46195,29.05904],[-13.46145,29.05915],[-13.46121,29.05895],[-13.46115,29.05934],[-13.46094,29.0593],[-13.46105,29.05951],[-13.46065,29.05957],[-13.46112,29.05975],[-13.46052,29.06014],[-13.46029,29.06077],[-13.46003,29.06086],[-13.45974,29.06169],[-13.45992,29.06173],[-13.45992,29.06249],[-13.46016,29.06268],[-13.45937,29.06418],[-13.45911,29.06566],[-13.45889,29.06571],[-13.45919,29.06612],[-13.45861,29.06687],[-13.45837,29.06684],[-13.45854,29.0671],[-13.45811,29.06735],[-13.45819,29.06765],[-13.45717,29.06886],[-13.45674,29.06876],[-13.45601,29.06902],[-13.45613,29.06987],[-13.45587,29.0699],[-13.45608,29.07011],[-13.45551,29.0707],[-13.45606,29.07062],[-13.45629,29.07083],[-13.45576,29.07101],[-13.45603,29.07124],[-13.45557,29.0721],[-13.45488,29.0726],[-13.45511,29.07269],[-13.45497,29.07291],[-13.45457,29.07294],[-13.45448,29.07341],[-13.45406,29.07347],[-13.45372,29.07321],[-13.4534,29.07348],[-13.45368,29.07427],[-13.45339,29.0744],[-13.45362,29.07463],[-13.45336,29.0751],[-13.45345,29.0758],[-13.45309,29.07627],[-13.45348,29.07636],[-13.45346,29.07682],[-13.45294,29.07676],[-13.45264,29.07728],[-13.45236,29.07735],[-13.45257,29.07773],[-13.45227,29.07809],[-13.45243,29.07854],[-13.45192,29.07867],[-13.45217,29.07872],[-13.45173,29.07903],[-13.45199,29.07935],[-13.45147,29.07997],[-13.45201,29.08022],[-13.45181,29.0805],[-13.45213,29.08065],[-13.45148,29.08082],[-13.45189,29.08103],[-13.45154,29.08099],[-13.45171,29.08127],[-13.45156,29.08137],[-13.45519,29.08264],[-13.46462,29.08477],[-13.46785,29.08649],[-13.48176,29.09229],[-13.48389,29.09359],[-13.48511,29.09437]]]}},{"type":"Feature","properties":{"COD_POSTAL":"35540"},"geometry":{"type":"Polygon","coordinates":[[[-13.54567,29.22032],[-13.54452,29.21894],[-13.54326,29.2183],[-13.54345,29.22003],[-13.5422,29.22085],[-13.54149,29.22102],[-13.53994,29.2206],[-13.53733,29.22096],[-13.53685,29.22022],[-13.53731,29.21954],[-13.53625,29.21733],[-13.53634,29.21669],[-13.53578,29.21685],[-13.534,29.2165],[-13.53352,29.21681],[-13.53319,29.21755],[-13.53232,29.21783],[-13.5319,29.21842],[-13.53133,29.21857],[-13.5312,29.21897],[-13.53151,29.21966],[-13.5307,29.22022],[-13.52809,29.22052],[-13.52751,29.22017],[-13.52594,29.21997],[-13.52577,29.21971],[-13.52589,29.21923],[-13.52542,29.2187],[-13.52327,29.21826],[-13.52266,29.21849],[-13.52002,29.22078],[-13.51854,29.22275],[-13.51723,29.22372],[-13.5159,29.22522],[-13.51349,29.22636],[-13.51267,29.22639],[-13.50956,29.22535],[-13.50775,29.2255],[-13.50478,29.225],[-13.50475,29.2255],[-13.50504,29.22588],[-13.50485,29.22656],[-13.50447,29.22678],[-13.5035,29.22671],[-13.50221,29.22717],[-13.50234,29.22747],[-13.50347,29.2269],[-13.50448,29.22696],[-13.50436,29.22735],[-13.50457,29.22769],[-13.50433,29.22831],[-13.5045,29.22883],[-13.50404,29.23011],[-13.50363,29.23033],[-13.50289,29.22981],[-13.50192,29.22996],[-13.5018,29.22895],[-13.50135,29.22797],[-13.50167,29.2301],[-13.50128,29.2305],[-13.50143,29.231],[-13.50077,29.23164],[-13.5008,29.23214],[-13.50023,29.23277],[-13.50016,29.23353],[-13.49829,29.23383],[-13.49777,29.23364],[-13.49689,29.23403],[-13.49704,29.23483],[-13.49637,29.23569],[-13.49686,29.23597],[-13.49592,29.23658],[-13.49555,29.23719],[-13.49437,29.23779],[-13.49424,29.23845],[-13.49476,29.23891],[-13.49417,29.23972],[-13.49378,29.24006],[-13.49293,29.24013],[-13.49244,29.24048],[-13.49216,29.24201],[-13.49178,29.24244],[-13.49223,29.24282],[-13.49171,29.24343],[-13.49177,29.24375],[-13.49216,29.24398],[-13.49137,29.24404],[-13.49077,29.24358],[-13.49042,29.24364],[-13.49018,29.24421],[-13.48915,29.2443],[-13.48912,29.24498],[-13.48945,29.24529],[-13.48873,29.24661],[-13.4891,29.24759],[-13.48843,29.24914],[-13.48867,29.24981],[-13.48857,29.25054],[-13.4889,29.25099],[-13.48856,29.25197],[-13.48873,29.25291],[-13.48841,29.25313],[-13.4886,29.25313],[-13.48867,29.25352],[-13.48697,29.25534],[-13.4868,29.25636],[-13.48578,29.25722],[-13.48561,29.25766],[-13.48503,29.25778],[-13.48521,29.25802],[-13.4847,29.25807],[-13.48485,29.25835],[-13.48401,29.25893],[-13.48393,29.2595],[-13.48347,29.25936],[-13.48336,29.2596],[-13.48159,29.25987],[-13.48101,29.2606],[-13.48106,29.26113],[-13.48071,29.26128],[-13.48021,29.26129],[-13.48039,29.26054],[-13.47966,29.26046],[-13.47903,29.25995],[-13.47797,29.25978],[-13.47693,29.2607],[-13.47678,29.26129],[-13.47547,29.26134],[-13.47489,29.26273],[-13.47438,29.26278],[-13.47441,29.26387],[-13.47367,29.26381],[-13.47331,29.26344],[-13.47269,29.26364],[-13.47298,29.26391],[-13.47214,29.26453],[-13.47198,29.26541],[-13.47123,29.26559],[-13.47118,29.26602],[-13.47175,29.26644],[-13.47155,29.26665],[-13.47183,29.2668],[-13.47233,29.26658],[-13.47269,29.26709],[-13.47241,29.26852],[-13.47304,29.26902],[-13.47337,29.26968],[-13.47339,29.27059],[-13.47426,29.27082],[-13.4745,29.27058],[-13.4745,29.27094],[-13.47494,29.271],[-13.47585,29.27229],[-13.4757,29.2725],[-13.47753,29.27424],[-13.47784,29.27504],[-13.4805,29.27687],[-13.48159,29.27827],[-13.48261,29.279],[-13.48454,29.27961],[-13.48803,29.27964],[-13.49112,29.27929],[-13.4931,29.27879],[-13.49446,29.27893],[-13.49642,29.28029],[-13.49634,29.28196],[-13.49703,29.2829],[-13.49719,29.28277],[-13.49741,29.28305],[-13.49796,29.28315],[-13.49797,29.28384],[-13.49852,29.28443],[-13.49937,29.28441],[-13.49992,29.28387],[-13.50003,29.28411],[-13.50048,29.28396],[-13.50017,29.28417],[-13.50018,29.28452],[-13.50073,29.28396],[-13.50072,29.28458],[-13.50169,29.28438],[-13.50156,29.28467],[-13.50124,29.28454],[-13.50078,29.28514],[-13.50114,29.28505],[-13.50093,29.28555],[-13.5011,29.28526],[-13.50143,29.28547],[-13.50148,29.28519],[-13.50151,29.2856],[-13.50191,29.28515],[-13.50226,29.28552],[-13.50208,29.28621],[-13.50223,29.28633],[-13.50237,29.28614],[-13.50269,29.28681],[-13.50234,29.28715],[-13.50251,29.28741],[-13.50233,29.28759],[-13.50399,29.28727],[-13.504,29.28779],[-13.50436,29.28778],[-13.50455,29.28832],[-13.50483,29.28847],[-13.50472,29.28884],[-13.50502,29.2889],[-13.50501,29.28862],[-13.50584,29.28857],[-13.50567,29.28931],[-13.50666,29.28969],[-13.50723,29.29067],[-13.50742,29.2902],[-13.50786,29.29015],[-13.50807,29.29087],[-13.50807,29.29046],[-13.50864,29.29064],[-13.50843,29.29039],[-13.50867,29.29045],[-13.50867,29.29002],[-13.50891,29.29],[-13.50891,29.29049],[-13.50905,29.29023],[-13.50935,29.29071],[-13.50917,29.29008],[-13.50945,29.28966],[-13.51011,29.29019],[-13.50995,29.28941],[-13.51043,29.29015],[-13.51064,29.28993],[-13.51048,29.2903],[-13.51121,29.29078],[-13.51103,29.29008],[-13.51136,29.29],[-13.51122,29.28974],[-13.51208,29.28936],[-13.51169,29.28866],[-13.51279,29.28917],[-13.51183,29.28833],[-13.51306,29.28855],[-13.5124,29.28823],[-13.51292,29.28809],[-13.51255,29.28776],[-13.51282,29.28777],[-13.51259,29.28757],[-13.51287,29.28752],[-13.51259,29.28714],[-13.51321,29.28757],[-13.51355,29.28745],[-13.51338,29.28731],[-13.51355,29.28717],[-13.51329,29.28705],[-13.5135,29.28697],[-13.51322,29.28675],[-13.51383,29.28629],[-13.51362,29.28612],[-13.51389,29.28606],[-13.51367,29.28568],[-13.51407,29.2861],[-13.51432,29.28551],[-13.51495,29.28596],[-13.51498,29.28566],[-13.51509,29.28584],[-13.51534,29.28569],[-13.515,29.28523],[-13.51556,29.28504],[-13.51489,29.28395],[-13.51511,29.28395],[-13.51514,29.28371],[-13.5159,29.28386],[-13.5157,29.28355],[-13.51596,29.28332],[-13.5159,29.28295],[-13.51556,29.28279],[-13.51626,29.28268],[-13.51573,29.28247],[-13.51562,29.2822],[-13.51613,29.28213],[-13.51605,29.28183],[-13.5165,29.28162],[-13.51597,29.28059],[-13.51559,29.28068],[-13.51562,29.27962],[-13.51527,29.27952],[-13.5154,29.27916],[-13.51497,29.27892],[-13.51578,29.27669],[-13.51739,29.27398],[-13.51758,29.27385],[-13.51787,29.27404],[-13.51807,29.2735],[-13.51917,29.27334],[-13.51923,29.27303],[-13.51948,29.27303],[-13.51948,29.27267],[-13.51928,29.2727],[-13.5194,29.27236],[-13.51981,29.27261],[-13.52017,29.27224],[-13.52039,29.2723],[-13.52034,29.27197],[-13.52084,29.27158],[-13.52078,29.27118],[-13.52112,29.27121],[-13.52106,29.27086],[-13.52144,29.2708],[-13.52133,29.27027],[-13.52176,29.26991],[-13.52237,29.26819],[-13.52255,29.26689],[-13.52227,29.26574],[-13.52289,29.26523],[-13.52206,29.26506],[-13.52192,29.26428],[-13.52207,29.26391],[-13.52315,29.26339],[-13.52176,29.26315],[-13.52231,29.26134],[-13.52205,29.26066],[-13.52125,29.26029],[-13.52165,29.25974],[-13.5207,29.2592],[-13.52062,29.25855],[-13.52173,29.25758],[-13.52197,29.25681],[-13.52164,29.25652],[-13.52246,29.25617],[-13.5229,29.25539],[-13.52354,29.25498],[-13.52355,29.25408],[-13.52386,29.25359],[-13.52508,29.25299],[-13.52651,29.25295],[-13.52694,29.2525],[-13.52849,29.25172],[-13.52804,29.25073],[-13.52695,29.25028],[-13.52648,29.24956],[-13.52648,29.24932],[-13.52791,29.24879],[-13.52766,29.24865],[-13.52776,29.2482],[-13.52721,29.24808],[-13.52753,29.24725],[-13.52723,29.24702],[-13.52731,29.24679],[-13.52688,29.24669],[-13.52698,29.24596],[-13.52647,29.24511],[-13.52646,29.24452],[-13.52688,29.24398],[-13.52632,29.24316],[-13.52626,29.24216],[-13.52723,29.24105],[-13.52799,29.24086],[-13.52845,29.24038],[-13.53003,29.24032],[-13.53047,29.2398],[-13.53162,29.23957],[-13.53176,29.23922],[-13.53142,29.23893],[-13.5315,29.2384],[-13.53202,29.23789],[-13.53257,29.23773],[-13.53255,29.23749],[-13.53276,29.23765],[-13.53321,29.23665],[-13.53464,29.23627],[-13.53496,29.23663],[-13.53561,29.23598],[-13.53722,29.23644],[-13.53817,29.23627],[-13.53869,29.23585],[-13.53861,29.23537],[-13.53887,29.23552],[-13.53989,29.23522],[-13.53964,29.23494],[-13.54145,29.2343],[-13.54157,29.23373],[-13.54219,29.23401],[-13.5425,29.23353],[-13.54283,29.23373],[-13.54395,29.23335],[-13.54446,29.23292],[-13.54474,29.2332],[-13.54602,29.23248],[-13.54587,29.2321],[-13.54603,29.2322],[-13.54606,29.23176],[-13.54642,29.23153],[-13.54703,29.23021],[-13.54669,29.22948],[-13.54776,29.22892],[-13.54754,29.22865],[-13.54789,29.22817],[-13.54837,29.2282],[-13.54821,29.22802],[-13.54861,29.22701],[-13.54836,29.22647],[-13.54882,29.22603],[-13.54842,29.22581],[-13.54863,29.22532],[-13.54819,29.22478],[-13.54832,29.22455],[-13.54783,29.22445],[-13.5481,29.22357],[-13.54779,29.22347],[-13.54761,29.22303],[-13.54802,29.22233],[-13.5471,29.22237],[-13.54722,29.22197],[-13.5466,29.22189],[-13.54622,29.22157],[-13.5463,29.22106],[-13.54571,29.22067],[-13.54567,29.22033],[-13.54567,29.22032]]]}},{"type":"Feature","properties":{"COD_POSTAL":"35421"},"geometry":{"type":"Polygon","coordinates":[[[-15.58648,28.09788],[-15.58992,28.10073],[-15.59023,28.10067],[-15.59213,28.10002],[-15.59147,28.09916],[-15.59156,28.09868],[-15.59243,28.09749],[-15.59315,28.09735],[-15.59353,28.09666],[-15.59455,28.09571],[-15.59594,28.09591],[-15.59699,28.09516],[-15.59778,28.09545],[-15.59863,28.09472],[-15.59879,28.09386],[-15.60011,28.09267],[-15.60041,28.09265],[-15.60121,28.0933],[-15.60169,28.09324],[-15.60195,28.09155],[-15.6014,28.09062],[-15.60147,28.09031],[-15.60235,28.08995],[-15.60285,28.09021],[-15.60353,28.08886],[-15.6049,28.08883],[-15.60504,28.08768],[-15.60577,28.08754],[-15.60598,28.08674],[-15.60703,28.08618],[-15.60787,28.08471],[-15.60837,28.08433],[-15.60844,28.08365],[-15.60936,28.08347],[-15.60992,28.08227],[-15.60983,28.08112],[-15.61047,28.08086],[-15.61015,28.08004],[-15.61152,28.07987],[-15.61135,28.07917],[-15.6116,28.07866],[-15.61236,28.07813],[-15.61256,28.07697],[-15.61383,28.07576],[-15.6136,28.07506],[-15.61545,28.07456],[-15.61542,28.07388],[-15.61611,28.07342],[-15.61596,28.07273],[-15.61622,28.07227],[-15.61732,28.07188],[-15.61783,28.07095],[-15.62026,28.06878],[-15.62053,28.06804],[-15.62111,28.06757],[-15.62198,28.06732],[-15.62224,28.06698],[-15.62234,28.06457],[-15.6221,28.06368],[-15.62153,28.06288],[-15.62214,28.06252],[-15.62218,28.06182],[-15.62292,28.06062],[-15.62232,28.06025],[-15.62196,28.05942],[-15.62206,28.05917],[-15.6217,28.05893],[-15.62174,28.05794],[-15.62261,28.0576],[-15.62282,28.05631],[-15.62403,28.05559],[-15.62407,28.05485],[-15.62457,28.05408],[-15.62441,28.0533],[-15.624,28.05301],[-15.62412,28.05221],[-15.62338,28.0516],[-15.62298,28.05065],[-15.62318,28.05002],[-15.62263,28.04963],[-15.62197,28.04827],[-15.62122,28.04356],[-15.618,28.03806],[-15.61794,28.03741],[-15.61836,28.03551],[-15.61904,28.03422],[-15.61786,28.03318],[-15.61743,28.03238],[-15.61744,28.0306],[-15.61608,28.02812],[-15.61635,28.02595],[-15.61578,28.02184],[-15.61374,28.01872],[-15.61221,28.02216],[-15.61131,28.02351],[-15.61052,28.02658],[-15.60881,28.02974],[-15.60783,28.03081],[-15.60714,28.03237],[-15.60688,28.03402],[-15.60613,28.03546],[-15.60572,28.03592],[-15.60276,28.03747],[-15.60191,28.03828],[-15.60034,28.03888],[-15.5991,28.04034],[-15.59827,28.0421],[-15.59875,28.04364],[-15.59861,28.04436],[-15.59718,28.0454],[-15.59793,28.04694],[-15.59817,28.04814],[-15.59736,28.04931],[-15.59727,28.05007],[-15.59646,28.05078],[-15.59606,28.05233],[-15.5954,28.05308],[-15.59546,28.05363],[-15.59509,28.05422],[-15.59559,28.05503],[-15.59532,28.05661],[-15.59462,28.05722],[-15.59289,28.05719],[-15.59228,28.05738],[-15.59271,28.05844],[-15.59143,28.06002],[-15.59139,28.06126],[-15.58997,28.06289],[-15.58971,28.0644],[-15.58893,28.06536],[-15.58887,28.06679],[-15.58976,28.06626],[-15.59079,28.06619],[-15.59168,28.06585],[-15.59222,28.06602],[-15.59266,28.06687],[-15.59223,28.06752],[-15.59099,28.06832],[-15.59035,28.06948],[-15.58854,28.07015],[-15.58831,28.07068],[-15.59263,28.08059],[-15.58884,28.08298],[-15.58416,28.0835],[-15.58234,28.07561],[-15.58153,28.07575],[-15.58077,28.07549],[-15.57997,28.07604],[-15.5789,28.07635],[-15.5784,28.07714],[-15.57686,28.07738],[-15.57686,28.07996],[-15.57657,28.08146],[-15.5752,28.08273],[-15.57463,28.08404],[-15.57543,28.08529],[-15.57524,28.08643],[-15.57347,28.0897],[-15.57417,28.09064],[-15.57429,28.0913],[-15.5741,28.09178],[-15.57308,28.09261],[-15.58648,28.09788]]]}},{"type":"Feature","properties":{"COD_POSTAL":"35559"},"geometry":{"type":"Polygon","coordinates":[[[-13.58735,29.00941],[-13.59683,29.01992],[-13.6006,29.01907],[-13.60425,29.01964],[-13.60808,29.02091],[-13.60985,29.02019],[-13.61662,29.01993],[-13.61821,29.02085],[-13.62595,29.02075],[-13.63099,29.02145],[-13.63311,29.02238],[-13.64227,29.02866],[-13.64499,29.02765],[-13.64981,29.02633],[-13.65042,29.02545],[-13.65322,29.02319],[-13.65445,29.01875],[-13.65911,29.00924],[-13.66044,29.00575],[-13.65183,29.00624],[-13.64744,29.00033],[-13.64729,28.99969],[-13.64761,28.99708],[-13.64675,28.99581],[-13.64637,28.99379],[-13.64551,28.99216],[-13.64438,28.98868],[-13.64307,28.98615],[-13.64238,28.98544],[-13.63889,28.98309],[-13.6374,28.98165],[-13.63595,28.97917],[-13.63446,28.97582],[-13.63213,28.97345],[-13.63177,28.9728],[-13.62509,28.96701],[-13.61971,28.96021],[-13.61907,28.95902],[-13.61269,28.96197],[-13.59485,28.96245],[-13.58502,28.96428],[-13.58745,28.98579],[-13.61714,28.9866],[-13.63023,28.99837],[-13.62575,29.01054],[-13.61141,29.01403],[-13.60777,29.00827],[-13.58588,29.00619],[-13.58622,29.00748],[-13.58721,29.00919],[-13.58735,29.00941]]]}},{"type":"Feature","properties":{"COD_POSTAL":"35457"},"geometry":{"type":"Polygon","coordinates":[[[-15.62063,28.11645],[-15.62131,28.11818],[-15.62085,28.12849],[-15.62167,28.1327],[-15.62434,28.13624],[-15.62773,28.13628],[-15.62756,28.13547],[-15.62891,28.13499],[-15.62894,28.1346],[-15.62861,28.13397],[-15.6286,28.13302],[-15.62822,28.13266],[-15.62832,28.13133],[-15.62798,28.13034],[-15.62986,28.12806],[-15.62991,28.12706],[-15.62924,28.12576],[-15.62921,28.12498],[-15.6297,28.12421],[-15.62932,28.12369],[-15.63053,28.12166],[-15.63219,28.12006],[-15.63235,28.11865],[-15.63326,28.11613],[-15.63432,28.11487],[-15.63477,28.11366],[-15.6346,28.11338],[-15.63315,28.1131],[-15.6324,28.11232],[-15.63148,28.11191],[-15.63195,28.11002],[-15.63274,28.10966],[-15.63262,28.10893],[-15.63208,28.10874],[-15.63213,28.10808],[-15.63177,28.10776],[-15.63199,28.10761],[-15.63256,28.10788],[-15.63306,28.1073],[-15.63357,28.10751],[-15.63348,28.10676],[-15.63417,28.1064],[-15.63596,28.10656],[-15.63452,28.10478],[-15.63521,28.10474],[-15.63584,28.10407],[-15.6369,28.10378],[-15.63639,28.10317],[-15.63695,28.10264],[-15.63648,28.10138],[-15.6372,28.10063],[-15.63729,28.10022],[-15.6358,28.09996],[-15.63558,28.09933],[-15.63642,28.09901],[-15.63625,28.09805],[-15.63687,28.09747],[-15.6365,28.09677],[-15.63688,28.09588],[-15.63637,28.0956],[-15.63654,28.09522],[-15.63624,28.09483],[-15.63649,28.09435],[-15.63631,28.09382],[-15.63568,28.09366],[-15.63557,28.09343],[-15.63633,28.09286],[-15.63584,28.09226],[-15.63627,28.09195],[-15.63632,28.0909],[-15.63685,28.09041],[-15.63696,28.08891],[-15.63558,28.08631],[-15.63513,28.08629],[-15.63496,28.08544],[-15.6359,28.08197],[-15.63643,28.08119],[-15.63641,28.08073],[-15.63695,28.07998],[-15.63695,28.07937],[-15.63724,28.07892],[-15.6366,28.07713],[-15.63657,28.0762],[-15.63621,28.07572],[-15.63633,28.07543],[-15.63598,28.07514],[-15.63624,28.07465],[-15.63623,28.07396],[-15.63584,28.07289],[-15.63564,28.07115],[-15.63633,28.06648],[-15.63583,28.0654],[-15.63143,28.06197],[-15.63051,28.0614],[-15.62862,28.06118],[-15.62863,28.06019],[-15.62972,28.05861],[-15.62977,28.05201],[-15.62469,28.04763],[-15.62344,28.04609],[-15.62215,28.04289],[-15.62106,28.04097],[-15.61964,28.03933],[-15.61816,28.03852],[-15.62122,28.04356],[-15.62197,28.04827],[-15.62263,28.04963],[-15.62318,28.05002],[-15.62298,28.05065],[-15.62338,28.0516],[-15.62412,28.05221],[-15.624,28.05301],[-15.62441,28.0533],[-15.62457,28.05408],[-15.62407,28.05485],[-15.62403,28.05559],[-15.62282,28.05631],[-15.62261,28.0576],[-15.62174,28.05794],[-15.6217,28.05893],[-15.62206,28.05917],[-15.62196,28.05942],[-15.62232,28.06025],[-15.62292,28.06062],[-15.62218,28.06182],[-15.62214,28.06252],[-15.62153,28.06288],[-15.6221,28.06368],[-15.62234,28.06457],[-15.62221,28.06704],[-15.62053,28.06804],[-15.62026,28.06878],[-15.61783,28.07095],[-15.61732,28.07188],[-15.61622,28.07227],[-15.61596,28.07273],[-15.61611,28.07342],[-15.61542,28.07388],[-15.61545,28.07456],[-15.6136,28.07506],[-15.61383,28.07576],[-15.61256,28.07697],[-15.61236,28.07813],[-15.6116,28.07866],[-15.61135,28.07917],[-15.61152,28.07987],[-15.61015,28.08004],[-15.61047,28.08086],[-15.60983,28.08112],[-15.60992,28.08227],[-15.60936,28.08347],[-15.60844,28.08365],[-15.60837,28.08433],[-15.60787,28.08471],[-15.60703,28.08618],[-15.60598,28.08674],[-15.60577,28.08754],[-15.60504,28.08768],[-15.6049,28.08883],[-15.60353,28.08886],[-15.60285,28.09021],[-15.60235,28.08995],[-15.60147,28.09031],[-15.6014,28.09062],[-15.60195,28.09155],[-15.60175,28.09318],[-15.60121,28.0933],[-15.60041,28.09265],[-15.60011,28.09267],[-15.59879,28.09386],[-15.59863,28.09472],[-15.59778,28.09545],[-15.59699,28.09516],[-15.59594,28.09591],[-15.59455,28.09571],[-15.59353,28.09666],[-15.59315,28.09735],[-15.59243,28.09749],[-15.59156,28.09868],[-15.59147,28.09916],[-15.59213,28.09982],[-15.5921,28.10006],[-15.58952,28.1007],[-15.58953,28.10111],[-15.58861,28.10182],[-15.58774,28.10152],[-15.58735,28.10167],[-15.58731,28.10258],[-15.58623,28.10467],[-15.58621,28.10525],[-15.58574,28.10611],[-15.58578,28.10726],[-15.58534,28.10804],[-15.58575,28.10886],[-15.58939,28.10734],[-15.59291,28.10663],[-15.59523,28.10742],[-15.59722,28.10979],[-15.59905,28.11014],[-15.59919,28.11069],[-15.60391,28.11072],[-15.61457,28.11346],[-15.62063,28.11645]]]}},{"type":"Feature","properties":{"COD_POSTAL":"35200"},"geometry":{"type":"Polygon","coordinates":[[[-15.40919,28.00413],[-15.41016,28.00542],[-15.41316,28.0059],[-15.41409,28.00576],[-15.41664,28.0037],[-15.41725,28.00347],[-15.41774,28.00385],[-15.41692,28.00622],[-15.41855,28.00492],[-15.42137,28.00504],[-15.42337,28.00428],[-15.42274,28.00262],[-15.42229,27.9997],[-15.4221,27.99664],[-15.42274,27.99525],[-15.42604,27.99382],[-15.4285,27.99358],[-15.42718,27.9923],[-15.42648,27.99069],[-15.43012,27.98974],[-15.42998,27.98958],[-15.42783,27.99011],[-15.42657,27.99002],[-15.42754,27.98861],[-15.43105,27.98644],[-15.43454,27.98504],[-15.43168,27.98482],[-15.42828,27.98571],[-15.41924,27.98906],[-15.41427,27.99117],[-15.41604,27.99361],[-15.41633,27.99436],[-15.41449,27.99446],[-15.41274,27.99258],[-15.40952,27.99587],[-15.40947,27.99725],[-15.40919,28.00413]]]}},{"type":"Feature","properties":{"COD_POSTAL":"35139"},"geometry":{"type":"Polygon","coordinates":[[[-15.76109,27.84132],[-15.77801,27.82863],[-15.77657,27.82759],[-15.77575,27.82541],[-15.77407,27.82396],[-15.77391,27.82298],[-15.77332,27.82211],[-15.77123,27.82093],[-15.76998,27.81917],[-15.76862,27.81833],[-15.76429,27.82095],[-15.76326,27.82111],[-15.76134,27.82453],[-15.7533,27.83432],[-15.76109,27.84132]]]}},{"type":"Feature","properties":{"COD_POSTAL":"35530"},"geometry":{"type":"Polygon","coordinates":[[[-13.5889,29.04238],[-13.54542,29.05147],[-13.54373,29.07439],[-13.59375,29.06802],[-13.59531,29.06562],[-13.5889,29.04238]]]}},{"type":"Feature","properties":{"COD_POSTAL":"35420"},"geometry":{"type":"Polygon","coordinates":[[[-15.58355,28.1065],[-15.58098,28.10902],[-15.58463,28.11274],[-15.58718,28.11258],[-15.58727,28.11197],[-15.5869,28.11139],[-15.58688,28.11081],[-15.5865,28.11049],[-15.58617,28.10939],[-15.58534,28.10808],[-15.58578,28.10726],[-15.58574,28.10611],[-15.58633,28.10453],[-15.58355,28.1065]]]}},{"type":"Feature","properties":{"COD_POSTAL":"35106"},"geometry":{"type":"Polygon","coordinates":[[[-15.65951,27.75668],[-15.65873,27.75659],[-15.65846,27.75633],[-15.65722,27.7563],[-15.65551,27.75563],[-15.65319,27.75527],[-15.65264,27.75504],[-15.65228,27.75456],[-15.65206,27.7548],[-15.65173,27.7547],[-15.64982,27.75368],[-15.64918,27.7528],[-15.64784,27.75205],[-15.64775,27.75169],[-15.64713,27.75125],[-15.64451,27.75112],[-15.64404,27.75086],[-15.64338,27.75124],[-15.64232,27.75092],[-15.64173,27.7502],[-15.64137,27.75013],[-15.63994,27.75085],[-15.63757,27.75027],[-15.63681,27.74841],[-15.6361,27.74807],[-15.63506,27.74859],[-15.6347,27.74853],[-15.63402,27.74814],[-15.63376,27.74746],[-15.63325,27.74695],[-15.63361,27.74701],[-15.63285,27.7462],[-15.63057,27.74564],[-15.63054,27.74539],[-15.62906,27.74549],[-15.62864,27.74505],[-15.62807,27.74504],[-15.62728,27.74572],[-15.62492,27.74589],[-15.62107,27.74545],[-15.62097,27.74575],[-15.62149,27.74582],[-15.62151,27.74635],[-15.62177,27.74583],[-15.62267,27.74597],[-15.62264,27.74624],[-15.6227,27.74597],[-15.62291,27.746],[-15.62287,27.74628],[-15.62316,27.74604],[-15.62315,27.74632],[-15.62322,27.74605],[-15.62533,27.74622],[-15.62534,27.74655],[-15.62337,27.7465],[-15.62338,27.74673],[-15.62535,27.74658],[-15.62536,27.74701],[-15.62277,27.74707],[-15.62274,27.74649],[-15.62272,27.74707],[-15.62232,27.74708],[-15.62235,27.74662],[-15.62227,27.74707],[-15.62189,27.74707],[-15.62188,27.74673],[-15.62167,27.74674],[-15.62164,27.74864],[-15.62069,27.74897],[-15.61961,27.74891],[-15.61828,27.74811],[-15.61619,27.75645],[-15.60922,27.7597],[-15.61033,27.76977],[-15.60976,27.77249],[-15.60827,27.77437],[-15.60504,27.77606],[-15.60683,27.77821],[-15.61024,27.77961],[-15.61343,27.77953],[-15.61518,27.78001],[-15.61645,27.78199],[-15.63935,27.80219],[-15.65803,27.80069],[-15.66844,27.80621],[-15.66929,27.80527],[-15.66971,27.80335],[-15.66937,27.80224],[-15.66868,27.80117],[-15.66877,27.80047],[-15.67177,27.79319],[-15.6716,27.79205],[-15.67075,27.79012],[-15.66956,27.78857],[-15.66888,27.78836],[-15.6683,27.78786],[-15.66728,27.78634],[-15.66747,27.78573],[-15.66992,27.78419],[-15.67092,27.7818],[-15.67089,27.78075],[-15.66997,27.78008],[-15.6681,27.77992],[-15.66685,27.77882],[-15.66425,27.7797],[-15.66049,27.78281],[-15.65629,27.77992],[-15.65581,27.77734],[-15.65681,27.77367],[-15.65655,27.77056],[-15.65695,27.7689],[-15.65603,27.76544],[-15.6566,27.76509],[-15.65686,27.76426],[-15.65791,27.76343],[-15.6583,27.76247],[-15.65856,27.76234],[-15.65852,27.7605],[-15.65953,27.75897],[-15.65958,27.75669],[-15.65951,27.75668]]]}},{"type":"Feature","properties":{"COD_POSTAL":"35488"},"geometry":{"type":"Polygon","coordinates":[[[-15.67704,28.11482],[-15.66719,28.11741],[-15.6651,28.12507],[-15.65662,28.12631],[-15.64071,28.12642],[-15.64106,28.12693],[-15.64108,28.12836],[-15.64131,28.12888],[-15.64117,28.12959],[-15.64164,28.13075],[-15.6415,28.13218],[-15.64283,28.1336],[-15.64377,28.13538],[-15.6423,28.1363],[-15.64127,28.13644],[-15.64017,28.13617],[-15.63907,28.13686],[-15.63788,28.13663],[-15.63664,28.13696],[-15.63586,28.13732],[-15.63557,28.1379],[-15.63497,28.13826],[-15.63482,28.13879],[-15.63622,28.13934],[-15.63895,28.14109],[-15.64067,28.14271],[-15.6411,28.14366],[-15.64249,28.14387],[-15.65013,28.14163],[-15.65362,28.14147],[-15.65774,28.14068],[-15.65938,28.1411],[-15.66887,28.12972],[-15.66906,28.12988],[-15.6798,28.12226],[-15.6844,28.12018],[-15.67704,28.11482]]]}},{"type":"Feature","properties":{"COD_POSTAL":"35128"},"geometry":{"type":"Polygon","coordinates":[[[-15.65958,27.75669],[-15.65953,27.75897],[-15.65852,27.7605],[-15.65856,27.76234],[-15.6583,27.76247],[-15.65791,27.76343],[-15.65686,27.76426],[-15.6566,27.76509],[-15.65603,27.76544],[-15.65695,27.7689],[-15.65655,27.77056],[-15.65681,27.77367],[-15.65581,27.77734],[-15.65629,27.77992],[-15.66049,27.78281],[-15.66425,27.7797],[-15.66685,27.77882],[-15.6681,27.77992],[-15.66997,27.78008],[-15.6708,27.78056],[-15.67092,27.7818],[-15.66992,27.78419],[-15.66747,27.78573],[-15.66728,27.78634],[-15.6683,27.78786],[-15.66888,27.78836],[-15.66956,27.78857],[-15.67023,27.78938],[-15.67114,27.7908],[-15.67171,27.79257],[-15.6717,27.79358],[-15.66871,27.8008],[-15.66882,27.80153],[-15.66937,27.80224],[-15.66971,27.80335],[-15.66952,27.80462],[-15.66929,27.80527],[-15.66776,27.80699],[-15.66715,27.80807],[-15.66686,27.80981],[-15.66604,27.8114],[-15.66513,27.81209],[-15.66396,27.81247],[-15.66337,27.81309],[-15.66309,27.81601],[-15.6311,27.85456],[-15.62729,27.87497],[-15.64175,27.87719],[-15.66999,27.89699],[-15.67056,27.89934],[-15.67008,27.90008],[-15.6698,27.90123],[-15.66989,27.90227],[-15.66905,27.90363],[-15.66758,27.90454],[-15.66632,27.90627],[-15.66339,27.90733],[-15.66408,27.91031],[-15.66313,27.91201],[-15.66448,27.91269],[-15.66493,27.91363],[-15.66609,27.9138],[-15.66632,27.91454],[-15.66761,27.91543],[-15.66928,27.91608],[-15.67108,27.91631],[-15.67153,27.91673],[-15.67177,27.91747],[-15.6726,27.91796],[-15.67534,27.91677],[-15.67687,27.91635],[-15.67747,27.9164],[-15.67912,27.91695],[-15.68309,27.9194],[-15.6846,27.9198],[-15.68659,27.92106],[-15.6876,27.92199],[-15.68774,27.92267],[-15.68739,27.92466],[-15.68786,27.92628],[-15.68774,27.92756],[-15.68682,27.92865],[-15.68558,27.92923],[-15.68384,27.93075],[-15.68396,27.93095],[-15.68363,27.93185],[-15.68391,27.93289],[-15.68342,27.9343],[-15.68371,27.93626],[-15.68338,27.93875],[-15.68254,27.94135],[-15.68585,27.94512],[-15.68723,27.94609],[-15.68814,27.94733],[-15.69099,27.94981],[-15.69178,27.94995],[-15.69238,27.94963],[-15.69403,27.9478],[-15.69499,27.94723],[-15.69027,27.91211],[-15.69666,27.87255],[-15.70287,27.85133],[-15.70346,27.84266],[-15.69572,27.8329],[-15.68532,27.81441],[-15.6814,27.81029],[-15.67727,27.79522],[-15.67673,27.77499],[-15.67205,27.76595],[-15.66994,27.76453],[-15.67049,27.76249],[-15.6713,27.76124],[-15.67358,27.7597],[-15.67464,27.75819],[-15.67561,27.75743],[-15.67664,27.75696],[-15.67819,27.75682],[-15.67909,27.75595],[-15.67912,27.75568],[-15.67789,27.75437],[-15.67715,27.75414],[-15.67597,27.75231],[-15.6752,27.75156],[-15.675,27.75121],[-15.67501,27.75011],[-15.67472,27.7499],[-15.6746,27.74921],[-15.669,27.74809],[-15.66903,27.74862],[-15.67298,27.74964],[-15.67284,27.75008],[-15.67226,27.75041],[-15.67128,27.75017],[-15.6713,27.75067],[-15.6721,27.75197],[-15.67131,27.75262],[-15.67046,27.75425],[-15.66797,27.75528],[-15.66688,27.75534],[-15.66631,27.75512],[-15.66608,27.75529],[-15.66572,27.75509],[-15.66535,27.75571],[-15.66375,27.75553],[-15.66304,27.756],[-15.66183,27.7562],[-15.66158,27.75675],[-15.65963,27.7567],[-15.65958,27.75669]]]}},{"type":"Feature","properties":{"COD_POSTAL":"35422"},"geometry":{"type":"Polygon","coordinates":[[[-15.58715,28.14727],[-15.5881,28.14742],[-15.58857,28.14722],[-15.58813,28.14566],[-15.58693,28.14401],[-15.58721,28.14265],[-15.58868,28.14118],[-15.59061,28.13862],[-15.59161,28.13834],[-15.59139,28.13779],[-15.59056,28.1373],[-15.59142,28.13632],[-15.59151,28.13584],[-15.59143,28.13503],[-15.59033,28.13365],[-15.59048,28.13322],[-15.59031,28.13256],[-15.59119,28.13122],[-15.5904,28.12994],[-15.58969,28.12982],[-15.58959,28.12933],[-15.59017,28.12831],[-15.58936,28.12703],[-15.58981,28.12634],[-15.58946,28.12475],[-15.58959,28.12238],[-15.59002,28.12165],[-15.58975,28.12126],[-15.58965,28.12027],[-15.59088,28.11906],[-15.59066,28.11713],[-15.58974,28.1158],[-15.58937,28.11468],[-15.5894,28.114],[-15.58718,28.11258],[-15.58463,28.11274],[-15.58098,28.10902],[-15.57925,28.10984],[-15.57525,28.1177],[-15.57448,28.12186],[-15.57784,28.12665],[-15.57838,28.13306],[-15.57893,28.13489],[-15.58715,28.14727]]]}},{"type":"Feature","properties":{"COD_POSTAL":"35269"},"geometry":{"type":"Polygon","coordinates":[[[-15.41943,27.91191],[-15.42108,27.9119],[-15.42202,27.91014],[-15.42244,27.90991],[-15.42517,27.90978],[-15.42558,27.9084],[-15.42607,27.90806],[-15.42785,27.90774],[-15.42935,27.90784],[-15.43071,27.90714],[-15.43274,27.90708],[-15.43457,27.90665],[-15.43636,27.90694],[-15.43347,27.88876],[-15.42493,27.88888],[-15.4122,27.88579],[-15.39891,27.8935],[-15.39547,27.89056],[-15.40551,27.88133],[-15.39791,27.87922],[-15.38365,27.87085],[-15.38333,27.87114],[-15.38276,27.87119],[-15.38255,27.87141],[-15.38268,27.87167],[-15.38242,27.87175],[-15.38352,27.87205],[-15.3833,27.87226],[-15.38358,27.87273],[-15.3813,27.8748],[-15.38089,27.87603],[-15.38184,27.87583],[-15.3833,27.87632],[-15.38409,27.8758],[-15.38564,27.87581],[-15.38587,27.87607],[-15.38536,27.87655],[-15.38566,27.87688],[-15.38528,27.87807],[-15.38578,27.87821],[-15.38718,27.87761],[-15.38771,27.8777],[-15.38721,27.87827],[-15.38779,27.87852],[-15.38777,27.87878],[-15.38839,27.87887],[-15.3885,27.87964],[-15.3895,27.87975],[-15.38987,27.87954],[-15.39018,27.87977],[-15.39033,27.88053],[-15.39113,27.88154],[-15.39282,27.88493],[-15.3939,27.88918],[-15.39384,27.89137],[-15.39214,27.893],[-15.39145,27.8931],[-15.39117,27.89389],[-15.3906,27.89419],[-15.39019,27.89483],[-15.3886,27.89763],[-15.387,27.90173],[-15.38688,27.90261],[-15.39393,27.90291],[-15.39666,27.90387],[-15.4011,27.90468],[-15.40387,27.90579],[-15.40485,27.90652],[-15.40808,27.90796],[-15.4097,27.90796],[-15.41262,27.90688],[-15.4136,27.90727],[-15.41449,27.90832],[-15.41472,27.91022],[-15.41547,27.91083],[-15.41942,27.91191],[-15.41943,27.91191]]]}},{"type":"Feature","properties":{"COD_POSTAL":"35009"},"geometry":{"type":"Polygon","coordinates":[[[-15.42201,28.18033],[-15.42211,28.18056],[-15.42246,28.18033],[-15.42239,28.17978],[-15.42303,28.17943],[-15.42334,28.17874],[-15.42381,28.17845],[-15.42411,28.17774],[-15.42444,28.17755],[-15.42466,28.1769],[-15.42528,28.17661],[-15.42582,28.17562],[-15.42796,28.17591],[-15.42869,28.17569],[-15.42883,28.17492],[-15.42936,28.17449],[-15.42924,28.17423],[-15.42978,28.17388],[-15.43015,28.174],[-15.43016,28.17343],[-15.43044,28.17342],[-15.42999,28.17298],[-15.43065,28.17294],[-15.43022,28.17243],[-15.4305,28.1723],[-15.43099,28.17257],[-15.43093,28.17183],[-15.43124,28.17188],[-15.43133,28.17166],[-15.43153,28.17189],[-15.43163,28.17165],[-15.43214,28.17159],[-15.4324,28.17172],[-15.43232,28.17085],[-15.43299,28.17078],[-15.43317,28.17028],[-15.43344,28.17023],[-15.4335,28.17088],[-15.43381,28.17048],[-15.43417,28.17085],[-15.43454,28.1706],[-15.43434,28.17098],[-15.43479,28.17067],[-15.43499,28.1708],[-15.43513,28.17055],[-15.4352,28.17079],[-15.43555,28.17036],[-15.43593,28.17041],[-15.43582,28.17012],[-15.43629,28.17023],[-15.43624,28.16989],[-15.4368,28.16995],[-15.43676,28.16953],[-15.43685,28.16974],[-15.43706,28.16958],[-15.43688,28.16898],[-15.43745,28.16937],[-15.43764,28.16908],[-15.43828,28.16918],[-15.43806,28.169],[-15.43825,28.16893],[-15.43939,28.16919],[-15.43943,28.16883],[-15.44042,28.16791],[-15.44001,28.16715],[-15.44005,28.16676],[-15.44089,28.16707],[-15.4411,28.16612],[-15.44133,28.16648],[-15.4417,28.16591],[-15.44115,28.16571],[-15.44098,28.16595],[-15.44094,28.16466],[-15.44126,28.16446],[-15.4409,28.16402],[-15.44154,28.16345],[-15.44113,28.16288],[-15.4412,28.16263],[-15.44214,28.16289],[-15.44184,28.16218],[-15.44098,28.1624],[-15.43966,28.16197],[-15.43845,28.16139],[-15.43801,28.16066],[-15.43751,28.1609],[-15.43726,28.16075],[-15.43733,28.16052],[-15.43634,28.16032],[-15.43492,28.15831],[-15.43365,28.15807],[-15.43288,28.15725],[-15.43298,28.15673],[-15.43274,28.1564],[-15.43302,28.15569],[-15.43223,28.15527],[-15.43205,28.15464],[-15.43216,28.15414],[-15.43328,28.1538],[-15.43346,28.15298],[-15.43324,28.15281],[-15.43299,28.15306],[-15.43305,28.1527],[-15.43267,28.15273],[-15.43232,28.15236],[-15.43276,28.15208],[-15.43214,28.15202],[-15.43219,28.15155],[-15.43143,28.15139],[-15.43181,28.15091],[-15.43168,28.15051],[-15.43195,28.15063],[-15.43176,28.15026],[-15.43214,28.15019],[-15.43187,28.14997],[-15.43268,28.14978],[-15.43261,28.14926],[-15.43302,28.14929],[-15.43297,28.14881],[-15.43321,28.14889],[-15.43298,28.14839],[-15.43333,28.14875],[-15.43307,28.14857],[-15.43303,28.148],[-15.4325,28.14819],[-15.43238,28.14803],[-15.4319,28.14844],[-15.43018,28.14892],[-15.42261,28.15025],[-15.42264,28.14985],[-15.42237,28.1499],[-15.42243,28.15044],[-15.42112,28.15067],[-15.42102,28.15052],[-15.4195,28.15078],[-15.41933,28.14985],[-15.41998,28.14949],[-15.41915,28.14976],[-15.41983,28.15332],[-15.42285,28.15498],[-15.42859,28.15749],[-15.42795,28.16487],[-15.42437,28.1686],[-15.42514,28.17183],[-15.422,28.18032],[-15.42201,28.18033]]]}},{"type":"Feature","properties":{"COD_POSTAL":"35350"},"geometry":{"type":"Polygon","coordinates":[[[-15.67501,28.05294],[-15.67947,28.05452],[-15.68064,28.05449],[-15.6821,28.05374],[-15.68729,28.04993],[-15.68825,28.04864],[-15.68934,28.04765],[-15.69528,28.05158],[-15.69956,28.04885],[-15.70188,28.04681],[-15.70329,28.04604],[-15.70363,28.04518],[-15.70453,28.04439],[-15.70565,28.0439],[-15.70626,28.04299],[-15.70732,28.04227],[-15.70926,28.04042],[-15.71154,28.03985],[-15.71249,28.03937],[-15.71381,28.03812],[-15.71908,28.0341],[-15.7242,28.03064],[-15.72618,28.02996],[-15.73773,28.02923],[-15.74003,28.02931],[-15.74131,28.0296],[-15.74406,28.03097],[-15.74527,28.03202],[-15.74534,28.03295],[-15.74354,28.03735],[-15.74455,28.03848],[-15.74483,28.03966],[-15.74462,28.04112],[-15.74521,28.04227],[-15.74576,28.04286],[-15.74588,28.04347],[-15.74674,28.04331],[-15.74745,28.04412],[-15.74844,28.04605],[-15.74859,28.04701],[-15.74849,28.04767],[-15.74568,28.04978],[-15.74603,28.05024],[-15.74605,28.05106],[-15.74656,28.05124],[-15.74764,28.05057],[-15.74834,28.05057],[-15.7507,28.04967],[-15.75061,28.04946],[-15.75097,28.04906],[-15.75063,28.04898],[-15.75068,28.04878],[-15.75179,28.04788],[-15.75284,28.04763],[-15.75289,28.04729],[-15.75313,28.04745],[-15.7539,28.04726],[-15.75377,28.04747],[-15.75471,28.04718],[-15.75468,28.04741],[-15.75527,28.04729],[-15.75649,28.04649],[-15.75695,28.0458],[-15.757,28.04613],[-15.75842,28.04601],[-15.75964,28.04559],[-15.76024,28.04511],[-15.76146,28.04491],[-15.76277,28.04538],[-15.76296,28.04587],[-15.76361,28.04599],[-15.76376,28.04654],[-15.76564,28.0462],[-15.76559,28.046],[-15.76696,28.04448],[-15.76774,28.04273],[-15.76761,28.04095],[-15.76839,28.04042],[-15.76775,28.03722],[-15.76829,28.03667],[-15.76917,28.03636],[-15.77051,28.03416],[-15.77115,28.03416],[-15.77179,28.03368],[-15.77204,28.03396],[-15.7717,28.03306],[-15.77189,28.03247],[-15.76642,28.02836],[-15.75973,28.02426],[-15.75122,28.01828],[-15.74975,28.01651],[-15.74868,28.01384],[-15.74867,28.01304],[-15.74901,28.01256],[-15.74854,28.01221],[-15.74827,28.01139],[-15.74844,28.00936],[-15.74743,28.00707],[-15.7467,28.0064],[-15.74643,28.00525],[-15.74675,28.00444],[-15.7476,28.00389],[-15.74753,28.00332],[-15.74783,28.00275],[-15.74739,28.00108],[-15.74777,28.00073],[-15.74815,27.99955],[-15.74797,27.99914],[-15.74818,27.99774],[-15.74805,27.99691],[-15.74839,27.99599],[-15.74854,27.99456],[-15.74829,27.99396],[-15.74877,27.99286],[-15.74843,27.99156],[-15.7492,27.99065],[-15.74934,27.99002],[-15.75012,27.98875],[-15.75002,27.98835],[-15.74962,27.98799],[-15.74588,27.98824],[-15.74289,27.98699],[-15.74053,27.98718],[-15.73998,27.98664],[-15.73994,27.98475],[-15.73818,27.98449],[-15.73745,27.98365],[-15.73539,27.98221],[-15.73266,27.98165],[-15.73008,27.98151],[-15.72964,27.98107],[-15.72623,27.98011],[-15.72503,27.98057],[-15.72337,27.98261],[-15.72249,27.98295],[-15.72196,27.98399],[-15.72189,27.98507],[-15.72209,27.98567],[-15.72166,27.98651],[-15.7178,27.9883],[-15.71615,27.98814],[-15.71498,27.98991],[-15.71381,27.98974],[-15.7131,27.98993],[-15.71207,27.98962],[-15.71123,27.99108],[-15.71002,27.9911],[-15.70929,27.99153],[-15.70899,27.99269],[-15.70855,27.99308],[-15.70781,27.99298],[-15.7072,27.99189],[-15.70631,27.99291],[-15.70518,27.99328],[-15.70304,27.9926],[-15.70219,27.99281],[-15.70084,27.9926],[-15.69627,27.99048],[-15.69493,27.99055],[-15.69466,27.99023],[-15.69412,27.98816],[-15.69318,27.98758],[-15.69234,27.9876],[-15.6909,27.98838],[-15.69038,27.98935],[-15.69098,27.99097],[-15.6909,27.99188],[-15.69047,27.99206],[-15.68989,27.99163],[-15.68929,27.9919],[-15.68863,27.99308],[-15.68617,27.99224],[-15.68436,27.99291],[-15.6833,27.99206],[-15.68288,27.99232],[-15.68281,27.99314],[-15.68252,27.99336],[-15.68127,27.99309],[-15.67884,27.99359],[-15.6787,27.99509],[-15.67762,27.99604],[-15.67792,27.99661],[-15.67788,27.99715],[-15.67753,27.99713],[-15.67672,27.99645],[-15.67632,27.99651],[-15.67608,27.99676],[-15.67631,27.99754],[-15.67604,27.99815],[-15.67538,27.99859],[-15.67448,27.99835],[-15.67408,28.00042],[-15.67363,28.00113],[-15.67107,28.00126],[-15.67092,28.00179],[-15.67211,28.00276],[-15.66993,28.00452],[-15.66844,28.0039],[-15.66755,28.00414],[-15.667,28.00473],[-15.66546,28.00406],[-15.66371,28.00477],[-15.66293,28.00395],[-15.66109,28.0043],[-15.65778,28.00199],[-15.65708,28.00187],[-15.65625,28.00216],[-15.65556,28.00169],[-15.65415,28.00209],[-15.65319,28.00171],[-15.65151,28.00148],[-15.65069,28.00171],[-15.64974,28.00141],[-15.64858,28.00247],[-15.64525,28.00176],[-15.64353,28.00287],[-15.64139,28.00384],[-15.64011,28.00348],[-15.63834,28.00369],[-15.63793,28.00411],[-15.63788,28.00479],[-15.63601,28.0059],[-15.63569,28.00659],[-15.63361,28.00827],[-15.6334,28.00922],[-15.63208,28.00954],[-15.63082,28.01047],[-15.62861,28.01126],[-15.62673,28.01284],[-15.6244,28.01578],[-15.6224,28.01769],[-15.62188,28.01778],[-15.62111,28.01712],[-15.6204,28.01692],[-15.61854,28.01677],[-15.61817,28.01704],[-15.6172,28.01634],[-15.61458,28.01692],[-15.61345,28.01756],[-15.61378,28.01806],[-15.61375,28.0188],[-15.61526,28.02132],[-15.61738,28.0209],[-15.61927,28.02245],[-15.62218,28.02625],[-15.62384,28.02734],[-15.62494,28.02758],[-15.62602,28.02875],[-15.62789,28.02897],[-15.62911,28.0287],[-15.63124,28.02967],[-15.63322,28.02919],[-15.63425,28.0297],[-15.63527,28.02957],[-15.63556,28.03014],[-15.63683,28.03048],[-15.63736,28.03094],[-15.63755,28.03146],[-15.63898,28.03221],[-15.64154,28.03262],[-15.64205,28.03313],[-15.64332,28.0334],[-15.64401,28.03414],[-15.64525,28.03491],[-15.64657,28.03495],[-15.64694,28.03564],[-15.64797,28.03626],[-15.64794,28.03683],[-15.6483,28.03711],[-15.64923,28.03724],[-15.64955,28.03801],[-15.65105,28.03933],[-15.65123,28.03999],[-15.65202,28.04032],[-15.65245,28.04018],[-15.6529,28.04036],[-15.65312,28.04107],[-15.65278,28.04197],[-15.65415,28.04242],[-15.65475,28.04359],[-15.65546,28.04356],[-15.65646,28.04409],[-15.65674,28.04359],[-15.65731,28.04361],[-15.65799,28.0433],[-15.65856,28.04426],[-15.65972,28.04423],[-15.66095,28.04553],[-15.66274,28.0449],[-15.6651,28.04557],[-15.66618,28.04719],[-15.66915,28.04894],[-15.67085,28.05077],[-15.67233,28.0518],[-15.67468,28.05281],[-15.67501,28.05294]]]}},{"type":"Feature","properties":{"COD_POSTAL":"35368"},"geometry":{"type":"MultiPolygon","coordinates":[[[[-15.57177,27.96207],[-15.57392,27.96509],[-15.57785,27.96931],[-15.58195,27.97566],[-15.58636,27.98177],[-15.5871,27.98238],[-15.58898,27.98285],[-15.61324,27.97441],[-15.60973,27.95739],[-15.6091,27.95755],[-15.609,27.9583],[-15.60829,27.95941],[-15.60355,27.96441],[-15.60218,27.96567],[-15.60099,27.96595],[-15.5994,27.965],[-15.59884,27.9644],[-15.59823,27.96302],[-15.5986,27.96066],[-15.59949,27.95931],[-15.59949,27.9587],[-15.59907,27.95835],[-15.59677,27.95783],[-15.59576,27.95731],[-15.59347,27.95498],[-15.5924,27.95495],[-15.58873,27.95203],[-15.5881,27.952],[-15.58666,27.95251],[-15.58501,27.95265],[-15.58427,27.95381],[-15.58185,27.9547],[-15.58068,27.95582],[-15.57939,27.95621],[-15.57784,27.95907],[-15.57715,27.95986],[-15.57255,27.96175],[-15.57177,27.96207]]],[[[-15.64105,28.00384],[-15.64224,28.00352],[-15.64525,28.00176],[-15.64858,28.00247],[-15.64983,28.0014],[-15.65069,28.00171],[-15.65151,28.00148],[-15.65319,28.00171],[-15.65415,28.00209],[-15.65549,28.00169],[-15.65628,28.00216],[-15.65705,28.00188],[-15.65764,28.00195],[-15.66103,28.00428],[-15.66293,28.00395],[-15.66364,28.00478],[-15.66467,28.00453],[-15.66542,28.00406],[-15.66703,28.00473],[-15.66755,28.00414],[-15.66835,28.0039],[-15.66993,28.00452],[-15.67211,28.00276],[-15.67092,28.00179],[-15.67107,28.00126],[-15.67363,28.00113],[-15.67408,28.00042],[-15.67448,27.99835],[-15.67538,27.99859],[-15.67604,27.99815],[-15.67631,27.99754],[-15.67608,27.99676],[-15.67632,27.99651],[-15.67672,27.99645],[-15.67753,27.99713],[-15.67788,27.99715],[-15.67792,27.99661],[-15.67762,27.99604],[-15.6787,27.99509],[-15.67884,27.99359],[-15.68127,27.99309],[-15.68252,27.99336],[-15.68281,27.99314],[-15.68288,27.99232],[-15.6833,27.99206],[-15.68436,27.99291],[-15.68617,27.99224],[-15.68863,27.99308],[-15.68929,27.9919],[-15.68989,27.99163],[-15.69047,27.99206],[-15.6909,27.99188],[-15.69098,27.99097],[-15.69038,27.98935],[-15.6909,27.98838],[-15.69234,27.9876],[-15.69318,27.98758],[-15.69412,27.98816],[-15.69466,27.99023],[-15.69493,27.99055],[-15.69627,27.99048],[-15.70084,27.9926],[-15.70219,27.99281],[-15.70304,27.9926],[-15.70518,27.99328],[-15.70631,27.99291],[-15.7072,27.99189],[-15.70771,27.99288],[-15.70838,27.99312],[-15.70891,27.99283],[-15.70929,27.99153],[-15.71002,27.9911],[-15.71123,27.99108],[-15.71207,27.98962],[-15.7131,27.98993],[-15.71381,27.98974],[-15.71498,27.98991],[-15.71615,27.98814],[-15.7178,27.9883],[-15.72166,27.98651],[-15.72209,27.98567],[-15.72189,27.98507],[-15.72196,27.98399],[-15.72249,27.98295],[-15.72337,27.98261],[-15.72503,27.98057],[-15.72623,27.98011],[-15.72964,27.98107],[-15.73008,27.98151],[-15.73266,27.98165],[-15.73539,27.98221],[-15.73745,27.98365],[-15.73818,27.98449],[-15.73994,27.98475],[-15.73998,27.98664],[-15.74053,27.98718],[-15.74301,27.98701],[-15.74588,27.98824],[-15.74962,27.98799],[-15.75054,27.98752],[-15.75055,27.98703],[-15.75045,27.98674],[-15.74903,27.98588],[-15.74833,27.98514],[-15.74868,27.98381],[-15.7483,27.98335],[-15.74759,27.98133],[-15.74744,27.97984],[-15.7476,27.97894],[-15.74825,27.97828],[-15.74814,27.97751],[-15.74834,27.97671],[-15.74784,27.97517],[-15.74828,27.97224],[-15.74815,27.97158],[-15.74839,27.97046],[-15.74845,27.9673],[-15.74837,27.96685],[-15.7475,27.96636],[-15.74731,27.96595],[-15.7473,27.96544],[-15.74799,27.96464],[-15.74796,27.96268],[-15.74749,27.96235],[-15.74635,27.96238],[-15.74596,27.96203],[-15.74556,27.96077],[-15.74425,27.96009],[-15.7436,27.95892],[-15.74259,27.95807],[-15.74099,27.95747],[-15.74076,27.95686],[-15.73943,27.9558],[-15.73927,27.95436],[-15.73815,27.95414],[-15.73772,27.95152],[-15.73611,27.94708],[-15.73645,27.94658],[-15.73653,27.94564],[-15.73633,27.94515],[-15.73575,27.94487],[-15.73501,27.94138],[-15.73422,27.93936],[-15.73185,27.9417],[-15.72879,27.94368],[-15.72854,27.9444],[-15.72653,27.94605],[-15.72621,27.94778],[-15.72488,27.9488],[-15.72165,27.94887],[-15.72009,27.94823],[-15.71979,27.94789],[-15.71882,27.94782],[-15.71808,27.94725],[-15.71403,27.94661],[-15.71058,27.94555],[-15.70774,27.946],[-15.70503,27.94717],[-15.70436,27.94777],[-15.70342,27.94803],[-15.69804,27.94787],[-15.69588,27.94712],[-15.69518,27.94715],[-15.69403,27.9478],[-15.69217,27.94979],[-15.69099,27.94981],[-15.68814,27.94733],[-15.68703,27.9459],[-15.68585,27.94512],[-15.68254,27.94135],[-15.68338,27.93875],[-15.68371,27.93626],[-15.68342,27.9343],[-15.68391,27.93289],[-15.68363,27.93185],[-15.68396,27.93095],[-15.68384,27.93075],[-15.68558,27.92923],[-15.68682,27.92865],[-15.68774,27.92756],[-15.68786,27.92628],[-15.68739,27.92466],[-15.68774,27.92267],[-15.6876,27.92199],[-15.68659,27.92106],[-15.6846,27.9198],[-15.68309,27.9194],[-15.67912,27.91695],[-15.67747,27.9164],[-15.67687,27.91635],[-15.67534,27.91677],[-15.6726,27.91796],[-15.67177,27.91747],[-15.67153,27.91673],[-15.67108,27.91631],[-15.66928,27.91608],[-15.66761,27.91543],[-15.66632,27.91454],[-15.66609,27.9138],[-15.66493,27.91363],[-15.66448,27.91269],[-15.66313,27.91201],[-15.66131,27.91349],[-15.66079,27.91464],[-15.66007,27.91463],[-15.65921,27.91415],[-15.65863,27.91455],[-15.65743,27.91456],[-15.65619,27.91542],[-15.65517,27.91569],[-15.65459,27.91557],[-15.65332,27.91696],[-15.65302,27.91762],[-15.65312,27.9184],[-15.65225,27.91848],[-15.65176,27.91911],[-15.65039,27.91996],[-15.65024,27.92124],[-15.64973,27.92169],[-15.64847,27.92188],[-15.6477,27.92164],[-15.64727,27.92226],[-15.64505,27.92308],[-15.64479,27.92353],[-15.64505,27.9243],[-15.64445,27.92483],[-15.64396,27.9259],[-15.64036,27.92873],[-15.64009,27.92912],[-15.64004,27.92983],[-15.63767,27.93135],[-15.63666,27.93327],[-15.63661,27.93494],[-15.63552,27.93529],[-15.63497,27.93588],[-15.63476,27.93664],[-15.63347,27.9373],[-15.63155,27.93932],[-15.6302,27.94006],[-15.63027,27.94043],[-15.63223,27.94123],[-15.63119,27.94236],[-15.63129,27.94362],[-15.63107,27.9447],[-15.63041,27.94527],[-15.63046,27.94557],[-15.631,27.94587],[-15.63088,27.94635],[-15.62969,27.9471],[-15.62965,27.94761],[-15.62818,27.94929],[-15.62721,27.949],[-15.62678,27.94845],[-15.62614,27.94844],[-15.62594,27.9487],[-15.62499,27.94864],[-15.64029,27.96915],[-15.62943,27.98321],[-15.64105,28.00384]]]]}},{"type":"Feature","properties":{"COD_POSTAL":"35309"},"geometry":{"type":"Polygon","coordinates":[[[-15.49555,28.05146],[-15.49634,28.05198],[-15.49631,28.05279],[-15.49747,28.05173],[-15.49859,28.05121],[-15.49983,28.05026],[-15.50412,28.04908],[-15.50539,28.04825],[-15.50738,28.04814],[-15.51051,28.04671],[-15.51178,28.04653],[-15.51257,28.04574],[-15.51388,28.04586],[-15.51588,28.04514],[-15.51745,28.04496],[-15.51907,28.04431],[-15.51974,28.04368],[-15.52043,28.04347],[-15.52298,28.04401],[-15.52543,28.04288],[-15.52623,28.04213],[-15.52764,28.04178],[-15.52874,28.04067],[-15.53045,28.04011],[-15.53106,28.04027],[-15.53141,28.03995],[-15.53545,28.03841],[-15.53696,28.03855],[-15.53829,28.03966],[-15.53905,28.03846],[-15.54016,28.03776],[-15.54082,28.03593],[-15.53862,28.03684],[-15.5372,28.03696],[-15.53453,28.03332],[-15.53324,28.03281],[-15.5324,28.03287],[-15.53156,28.03087],[-15.53074,28.03087],[-15.53057,28.02999],[-15.53082,28.02772],[-15.53023,28.02612],[-15.52929,28.02478],[-15.52439,28.02738],[-15.52637,28.02975],[-15.5174,28.02706],[-15.51177,28.03384],[-15.50851,28.03502],[-15.50484,28.03868],[-15.50346,28.03786],[-15.5028,28.03593],[-15.50086,28.03569],[-15.49967,28.0371],[-15.50056,28.03935],[-15.49828,28.04162],[-15.49471,28.04223],[-15.49312,28.03948],[-15.49097,28.03908],[-15.49013,28.04031],[-15.49103,28.04113],[-15.49212,28.04118],[-15.49203,28.04532],[-15.49092,28.04566],[-15.48842,28.04277],[-15.48789,28.04047],[-15.48337,28.04231],[-15.4839,28.04537],[-15.48274,28.051],[-15.48332,28.05239],[-15.48443,28.05239],[-15.48654,28.05032],[-15.48857,28.04961],[-15.49101,28.04777],[-15.49296,28.04746],[-15.49517,28.05136],[-15.49552,28.05146],[-15.49555,28.05146]]]}},{"type":"Feature","properties":{"COD_POSTAL":"35230"},"geometry":{"type":"Polygon","coordinates":[[[-15.38275,27.94611],[-15.38459,27.94104],[-15.38973,27.94283],[-15.39156,27.93854],[-15.39039,27.93788],[-15.39001,27.93733],[-15.38905,27.93408],[-15.38609,27.93167],[-15.3824,27.92936],[-15.38306,27.93091],[-15.37741,27.94362],[-15.38275,27.94611]]]}},{"type":"Feature","properties":{"COD_POSTAL":"35299"},"geometry":{"type":"Polygon","coordinates":[[[-15.56862,27.9612],[-15.57177,27.96207],[-15.57667,27.96015],[-15.57784,27.95907],[-15.57939,27.95621],[-15.58068,27.95582],[-15.58185,27.9547],[-15.58427,27.95381],[-15.58501,27.95265],[-15.58666,27.95251],[-15.58857,27.952],[-15.59029,27.95334],[-15.59574,27.94676],[-15.63099,27.94063],[-15.63022,27.94039],[-15.63022,27.94002],[-15.63155,27.93932],[-15.63347,27.9373],[-15.63476,27.93664],[-15.63497,27.93588],[-15.63552,27.93529],[-15.63661,27.93494],[-15.63666,27.93327],[-15.63767,27.93135],[-15.64004,27.92983],[-15.64009,27.92912],[-15.64036,27.92873],[-15.64396,27.9259],[-15.64445,27.92483],[-15.64505,27.9243],[-15.64479,27.92353],[-15.64505,27.92308],[-15.64727,27.92226],[-15.6477,27.92164],[-15.64847,27.92188],[-15.64973,27.92169],[-15.65024,27.92124],[-15.65039,27.91996],[-15.65176,27.91911],[-15.65225,27.91848],[-15.65312,27.9184],[-15.65302,27.91762],[-15.65332,27.91696],[-15.65459,27.91557],[-15.65517,27.91569],[-15.65619,27.91542],[-15.65743,27.91456],[-15.65863,27.91455],[-15.65921,27.91415],[-15.66018,27.91466],[-15.66086,27.91461],[-15.66131,27.91349],[-15.66313,27.91201],[-15.66405,27.91054],[-15.66339,27.90733],[-15.66632,27.90627],[-15.66758,27.90454],[-15.66905,27.90363],[-15.66989,27.90227],[-15.6698,27.90123],[-15.67008,27.90008],[-15.67056,27.89934],[-15.66999,27.89699],[-15.64175,27.87719],[-15.62729,27.87497],[-15.60427,27.88252],[-15.56187,27.89775],[-15.55957,27.9148],[-15.56107,27.92085],[-15.56557,27.92493],[-15.56532,27.93682],[-15.55028,27.95116],[-15.55135,27.95143],[-15.5579,27.95764],[-15.55807,27.95802],[-15.56033,27.95936],[-15.56072,27.96003],[-15.56231,27.96105],[-15.56602,27.96075],[-15.56734,27.96096],[-15.56862,27.9612]],[[-15.57793,27.93395],[-15.57584,27.93385],[-15.57324,27.93303],[-15.57178,27.93118],[-15.57028,27.92796],[-15.56989,27.92522],[-15.57115,27.92388],[-15.57192,27.92127],[-15.57121,27.91833],[-15.57326,27.91494],[-15.57776,27.91708],[-15.58025,27.92256],[-15.57847,27.93088],[-15.57793,27.93395]]]}},{"type":"Feature","properties":{"COD_POSTAL":"35630"},"geometry":{"type":"Polygon","coordinates":[[[-13.99856,28.44913],[-14.00428,28.44735],[-14.00936,28.44721],[-14.01623,28.44781],[-14.01701,28.44994],[-14.02039,28.44846],[-14.02235,28.44857],[-14.02299,28.44894],[-14.02629,28.44841],[-14.02898,28.44695],[-14.02962,28.44627],[-14.0311,28.44594],[-14.03553,28.44564],[-14.03856,28.44414],[-14.0412,28.44377],[-14.04409,28.44235],[-14.04564,28.44002],[-14.04672,28.43897],[-14.04743,28.43786],[-14.04756,28.43507],[-14.04687,28.43208],[-14.04679,28.43016],[-14.04547,28.42853],[-14.04495,28.42647],[-14.04496,28.42484],[-14.0453,28.42367],[-14.0451,28.42023],[-14.04588,28.4191],[-14.04509,28.41625],[-14.04534,28.41519],[-14.04481,28.4128],[-14.04494,28.41153],[-14.04435,28.40958],[-14.04519,28.40766],[-14.04471,28.40634],[-14.04666,28.40432],[-14.04782,28.40185],[-14.01394,28.39719],[-13.97732,28.3962],[-13.99241,28.42542],[-13.99851,28.44915],[-13.99856,28.44913]]]}},{"type":"Feature","properties":{"COD_POSTAL":"35649"},"geometry":{"type":"Polygon","coordinates":[[[-13.91985,28.65481],[-13.92699,28.66233],[-14.01485,28.66094],[-14.01562,28.6594],[-14.01583,28.65927],[-14.01628,28.65948],[-14.01624,28.65924],[-14.01734,28.65805],[-14.01747,28.65738],[-14.01861,28.65629],[-14.01861,28.65588],[-14.01909,28.65566],[-14.01846,28.65384],[-14.01838,28.65292],[-14.01874,28.65247],[-14.01864,28.65221],[-14.01898,28.65197],[-14.01898,28.65144],[-14.01943,28.65125],[-14.01888,28.65096],[-14.01882,28.65008],[-14.01972,28.64949],[-14.02082,28.64792],[-14.02219,28.64667],[-14.02352,28.64585],[-14.02453,28.64588],[-14.02527,28.6453],[-14.02455,28.64366],[-14.02451,28.64299],[-14.02536,28.64256],[-14.02519,28.64185],[-14.02574,28.64112],[-14.02672,28.64082],[-14.02694,28.64013],[-14.02642,28.63988],[-14.02734,28.63957],[-14.02615,28.63882],[-14.02618,28.63862],[-14.02666,28.6386],[-14.02721,28.63767],[-14.0266,28.63703],[-14.02614,28.63597],[-14.02627,28.63506],[-14.02745,28.63372],[-14.02794,28.63379],[-14.02854,28.63319],[-14.02988,28.63384],[-14.02992,28.63419],[-14.03031,28.63408],[-14.03013,28.63377],[-14.03077,28.63396],[-14.03175,28.63293],[-14.03148,28.63281],[-14.03174,28.63254],[-14.03159,28.63209],[-14.03203,28.63223],[-14.03238,28.63191],[-14.03217,28.63113],[-14.03086,28.63091],[-14.03167,28.63013],[-14.03163,28.62993],[-14.03005,28.62949],[-14.03017,28.62932],[-14.03186,28.62933],[-14.03197,28.62813],[-14.03283,28.62834],[-14.03276,28.62766],[-14.0323,28.6277],[-14.03272,28.62712],[-14.03258,28.62688],[-14.03214,28.62703],[-14.03172,28.6267],[-14.03208,28.62618],[-14.03164,28.62644],[-14.03157,28.62568],[-14.03177,28.62535],[-14.03159,28.62488],[-14.03211,28.62451],[-14.03228,28.62397],[-14.03283,28.62368],[-14.03337,28.6228],[-14.03394,28.62145],[-14.03373,28.62103],[-14.03404,28.62052],[-14.03523,28.62028],[-14.03571,28.62067],[-14.03589,28.62039],[-14.03571,28.62012],[-14.03582,28.61944],[-14.03692,28.61908],[-14.03726,28.61828],[-14.03719,28.61583],[-14.03783,28.61533],[-14.03864,28.61533],[-14.03878,28.61476],[-14.03824,28.61439],[-14.03841,28.61324],[-14.03817,28.61286],[-14.03768,28.61304],[-14.03762,28.61268],[-14.03884,28.61118],[-14.03818,28.60979],[-14.03777,28.60963],[-14.03803,28.60902],[-14.03682,28.60756],[-14.03612,28.60443],[-14.03661,28.60413],[-14.03641,28.60429],[-14.03635,28.60404],[-14.03607,28.6041],[-14.03611,28.60376],[-14.03581,28.60338],[-14.03556,28.60353],[-14.03551,28.60324],[-14.03478,28.60331],[-14.0345,28.60205],[-14.03403,28.60118],[-14.03381,28.60134],[-14.03403,28.60054],[-14.03363,28.60046],[-14.03376,28.59879],[-14.03344,28.59848],[-14.0334,28.59742],[-14.03298,28.59719],[-14.03339,28.59673],[-14.03354,28.59585],[-14.03326,28.59563],[-14.03341,28.59502],[-14.03308,28.59468],[-14.03341,28.59294],[-14.03426,28.59191],[-14.03427,28.5911],[-14.03482,28.59017],[-14.03513,28.59003],[-14.03544,28.59021],[-14.03562,28.58971],[-14.03598,28.58969],[-14.03615,28.58855],[-14.03693,28.58871],[-14.03732,28.5882],[-14.03772,28.58822],[-14.03851,28.58762],[-14.03824,28.58709],[-14.03816,28.58576],[-14.03851,28.58557],[-14.03852,28.58526],[-14.03915,28.58495],[-14.0387,28.58425],[-14.0389,28.58376],[-14.03859,28.58352],[-14.03942,28.58284],[-14.03971,28.58203],[-14.04066,28.58169],[-14.04092,28.58107],[-14.04159,28.58049],[-14.04143,28.58121],[-14.04156,28.58101],[-14.04162,28.58119],[-14.04191,28.58107],[-14.04192,28.58083],[-14.04243,28.58082],[-14.04278,28.58016],[-14.04289,28.58059],[-14.04309,28.58058],[-14.04324,28.58027],[-14.04298,28.58017],[-14.04291,28.57974],[-14.04328,28.57945],[-14.04336,28.57993],[-14.04356,28.57984],[-14.04364,28.57966],[-14.04343,28.57963],[-14.04394,28.57899],[-14.04366,28.57875],[-14.04335,28.57886],[-14.04327,28.5784],[-14.04434,28.57836],[-14.03367,28.57358],[-14.03163,28.57191],[-14.03114,28.57124],[-14.03046,28.57112],[-14.02987,28.57045],[-14.02826,28.56984],[-14.02387,28.56872],[-14.02269,28.56894],[-14.02214,28.56923],[-14.02169,28.56984],[-14.02063,28.56964],[-14.01777,28.56798],[-14.01476,28.56846],[-14.01091,28.56795],[-14.00768,28.56725],[-14.00568,28.56627],[-14.00366,28.56578],[-14.00185,28.56587],[-14.00056,28.56632],[-13.99722,28.56584],[-13.9818,28.56663],[-13.98051,28.56699],[-13.97933,28.56764],[-13.97427,28.56814],[-13.97269,28.56883],[-13.9716,28.56976],[-13.97064,28.57015],[-13.96821,28.57],[-13.96529,28.57171],[-13.96176,28.57279],[-13.96093,28.57276],[-13.95939,28.57195],[-13.958,28.57203],[-13.95647,28.57222],[-13.95256,28.57335],[-13.95022,28.57309],[-13.94771,28.57181],[-13.94423,28.57134],[-13.94305,28.57083],[-13.94188,28.56993],[-13.93548,28.56971],[-13.93435,28.57008],[-13.93203,28.57198],[-13.93051,28.57248],[-13.92817,28.57298],[-13.9259,28.57315],[-13.92103,28.57442],[-13.91752,28.57351],[-13.91472,28.57482],[-13.91121,28.57507],[-13.90957,28.57542],[-13.91012,28.57415],[-13.91017,28.57314],[-13.90981,28.57235],[-13.90833,28.57099],[-13.90775,28.57058],[-13.90509,28.57011],[-13.90233,28.56913],[-13.89998,28.56928],[-13.89858,28.5688],[-13.89675,28.56858],[-13.89232,28.57133],[-13.89116,28.57135],[-13.88976,28.57053],[-13.88724,28.57272],[-13.88563,28.57293],[-13.88119,28.57285],[-13.87711,28.57189],[-13.86823,28.57081],[-13.86211,28.56928],[-13.85741,28.56866],[-13.85434,28.5688],[-13.84776,28.56793],[-13.83426,28.56452],[-13.82884,28.56382],[-13.82854,28.56509],[-13.82776,28.56579],[-13.82703,28.56776],[-13.82709,28.56898],[-13.82868,28.57035],[-13.82968,28.57162],[-13.83026,28.57375],[-13.82976,28.57445],[-13.83015,28.57575],[-13.82942,28.57619],[-13.82882,28.57719],[-13.82879,28.57769],[-13.82921,28.57824],[-13.82924,28.57879],[-13.82853,28.57932],[-13.82822,28.58013],[-13.82861,28.58099],[-13.82849,28.58282],[-13.82732,28.58346],[-13.82704,28.58408],[-13.82723,28.58479],[-13.82835,28.58609],[-13.82822,28.58621],[-13.8277,28.58584],[-13.82721,28.58615],[-13.82694,28.58691],[-13.82649,28.58707],[-13.82592,28.58689],[-13.82527,28.58732],[-13.82502,28.58838],[-13.82375,28.58895],[-13.82378,28.58915],[-13.82335,28.58942],[-13.8225,28.59315],[-13.82298,28.59389],[-13.82356,28.59409],[-13.82385,28.59459],[-13.82356,28.59595],[-13.82372,28.59639],[-13.82516,28.59676],[-13.82538,28.59743],[-13.82506,28.59818],[-13.82629,28.60133],[-13.82613,28.60184],[-13.8266,28.60254],[-13.82667,28.60337],[-13.8271,28.6037],[-13.82708,28.60461],[-13.82667,28.60462],[-13.8265,28.605],[-13.82723,28.60525],[-13.82737,28.60604],[-13.82665,28.6082],[-13.82617,28.60849],[-13.82625,28.6081],[-13.8255,28.60778],[-13.82542,28.60696],[-13.82493,28.60785],[-13.82459,28.60785],[-13.82475,28.6067],[-13.82419,28.60783],[-13.82426,28.60814],[-13.82504,28.60854],[-13.82472,28.60889],[-13.82495,28.60903],[-13.8246,28.61011],[-13.82366,28.6108],[-13.82365,28.61136],[-13.82437,28.61194],[-13.82453,28.61297],[-13.82527,28.61409],[-13.82547,28.61661],[-13.82512,28.6174],[-13.8253,28.61762],[-13.82514,28.61828],[-13.82447,28.61865],[-13.82414,28.61929],[-13.82445,28.61988],[-13.82439,28.62027],[-13.82557,28.61979],[-13.82567,28.62053],[-13.82645,28.62088],[-13.82638,28.622],[-13.8261,28.62254],[-13.82628,28.62335],[-13.82582,28.62413],[-13.82591,28.62457],[-13.82572,28.62491],[-13.82581,28.62516],[-13.82645,28.62535],[-13.82627,28.62599],[-13.82651,28.62608],[-13.82641,28.62647],[-13.82785,28.62745],[-13.82814,28.62854],[-13.82862,28.62907],[-13.82854,28.62993],[-13.82878,28.63083],[-13.82852,28.63109],[-13.82858,28.63175],[-13.82833,28.63217],[-13.82879,28.63266],[-13.82872,28.63315],[-13.82932,28.63354],[-13.82936,28.6339],[-13.82912,28.6338],[-13.82913,28.63446],[-13.82943,28.63495],[-13.82972,28.63494],[-13.82994,28.63557],[-13.82996,28.63589],[-13.82944,28.6365],[-13.82984,28.6372],[-13.82993,28.63811],[-13.83019,28.63827],[-13.82994,28.63859],[-13.8612,28.64167],[-13.85361,28.62052],[-13.86359,28.61113],[-13.9071,28.60049],[-13.94235,28.59887],[-13.94556,28.62127],[-13.91939,28.6547],[-13.91985,28.65481]]]}},{"type":"Feature","properties":{"COD_POSTAL":"35210"},"geometry":{"type":"Polygon","coordinates":[[[-15.46091,28.00557],[-15.46086,28.00522],[-15.46018,28.00466],[-15.459,28.00468],[-15.4585,28.00443],[-15.46007,28.00083],[-15.4603,27.9993],[-15.46064,27.99895],[-15.46025,27.99852],[-15.46017,27.99719],[-15.45953,27.99557],[-15.45949,27.99467],[-15.45883,27.99289],[-15.45828,27.99211],[-15.44961,27.99397],[-15.44606,27.9932],[-15.4395,27.99365],[-15.438,27.99241],[-15.43331,27.99196],[-15.42949,27.99348],[-15.42604,27.99382],[-15.42274,27.99525],[-15.4221,27.99664],[-15.42274,28.00262],[-15.42337,28.00428],[-15.42436,28.0039],[-15.42947,28.00546],[-15.46091,28.00557]]]}},{"type":"Feature","properties":{"COD_POSTAL":"35240"},"geometry":{"type":"Polygon","coordinates":[[[-15.38702,27.91032],[-15.39091,27.9121],[-15.39288,27.91224],[-15.39461,27.91201],[-15.39667,27.91252],[-15.39826,27.91341],[-15.39925,27.9129],[-15.40065,27.91337],[-15.40248,27.9151],[-15.40403,27.91562],[-15.40557,27.91459],[-15.41077,27.91529],[-15.41471,27.91468],[-15.41844,27.91621],[-15.41942,27.91191],[-15.41547,27.91083],[-15.41472,27.91022],[-15.41449,27.90832],[-15.4136,27.90727],[-15.41268,27.9069],[-15.4097,27.90796],[-15.40808,27.90796],[-15.40728,27.90774],[-15.40207,27.90499],[-15.39649,27.90383],[-15.39393,27.90291],[-15.39245,27.90274],[-15.38688,27.90261],[-15.38613,27.90526],[-15.38609,27.90805],[-15.38519,27.90824],[-15.38589,27.9085],[-15.38662,27.91034],[-15.38702,27.91032]]]}},{"type":"Feature","properties":{"COD_POSTAL":"35290"},"geometry":{"type":"Polygon","coordinates":[[[-15.57121,27.91833],[-15.57192,27.92127],[-15.57115,27.92388],[-15.56989,27.92522],[-15.57028,27.92796],[-15.57178,27.93118],[-15.57324,27.93303],[-15.57584,27.93385],[-15.57793,27.93395],[-15.58025,27.92256],[-15.57776,27.91708],[-15.57326,27.91494],[-15.57121,27.91833]]]}},{"type":"Feature","properties":{"COD_POSTAL":"35100"},"geometry":{"type":"Polygon","coordinates":[[[-15.53888,27.8154],[-15.56512,27.80662],[-15.56528,27.80157],[-15.56986,27.79281],[-15.58692,27.77364],[-15.59429,27.77163],[-15.60386,27.76417],[-15.60571,27.76133],[-15.61619,27.75645],[-15.61828,27.74811],[-15.61755,27.74775],[-15.61745,27.74736],[-15.61627,27.74712],[-15.6148,27.74598],[-15.61304,27.74537],[-15.61115,27.74419],[-15.61066,27.74376],[-15.61068,27.74346],[-15.61021,27.74335],[-15.61023,27.74307],[-15.60959,27.74284],[-15.60829,27.74162],[-15.60636,27.73904],[-15.60442,27.7381],[-15.60256,27.73645],[-15.59904,27.73483],[-15.59896,27.73454],[-15.59806,27.73479],[-15.59802,27.73506],[-15.59615,27.73503],[-15.59112,27.73582],[-15.58056,27.73478],[-15.57761,27.73498],[-15.57401,27.73609],[-15.57234,27.73709],[-15.57049,27.7386],[-15.56952,27.73981],[-15.56896,27.74155],[-15.56806,27.74986],[-15.56726,27.75376],[-15.5657,27.75765],[-15.56391,27.76029],[-15.5625,27.76145],[-15.56206,27.76135],[-15.56219,27.76162],[-15.5614,27.76232],[-15.56088,27.76216],[-15.56093,27.7625],[-15.56,27.76307],[-15.55903,27.76319],[-15.55869,27.7629],[-15.559,27.76264],[-15.55875,27.76263],[-15.55721,27.764],[-15.55601,27.76414],[-15.55437,27.76505],[-15.55308,27.76507],[-15.55221,27.76563],[-15.55162,27.76506],[-15.55087,27.765],[-15.55074,27.76538],[-15.55124,27.76535],[-15.55128,27.76604],[-15.55068,27.76663],[-15.54944,27.76729],[-15.54819,27.76683],[-15.54797,27.76687],[-15.54791,27.76719],[-15.54675,27.76694],[-15.54642,27.76711],[-15.54587,27.76688],[-15.54517,27.76696],[-15.54443,27.76662],[-15.54397,27.76687],[-15.54306,27.76648],[-15.54342,27.76691],[-15.54277,27.76767],[-15.53841,27.77038],[-15.53609,27.76971],[-15.53371,27.7702],[-15.53323,27.77062],[-15.53298,27.77129],[-15.53263,27.77142],[-15.53261,27.77182],[-15.53289,27.77209],[-15.53238,27.77271],[-15.53093,27.77387],[-15.52984,27.7739],[-15.52927,27.77455],[-15.52929,27.77497],[-15.52859,27.77568],[-15.5261,27.7774],[-15.52474,27.77771],[-15.52321,27.77903],[-15.52643,27.78076],[-15.53929,27.81487],[-15.53888,27.8154]]]}},{"type":"Feature","properties":{"COD_POSTAL":"35411"},"geometry":{"type":"Polygon","coordinates":[[[-15.50075,28.12631],[-15.50327,28.11924],[-15.50451,28.11675],[-15.50966,28.11802],[-15.51411,28.11605],[-15.51651,28.11809],[-15.52025,28.11738],[-15.5228,28.11478],[-15.52317,28.11349],[-15.52645,28.11474],[-15.52961,28.11384],[-15.53198,28.11093],[-15.52736,28.10988],[-15.52419,28.11029],[-15.52308,28.1089],[-15.52019,28.09613],[-15.51753,28.09436],[-15.51683,28.09292],[-15.51631,28.09318],[-15.51564,28.09426],[-15.51431,28.094],[-15.51441,28.09437],[-15.51492,28.0947],[-15.51489,28.09504],[-15.51388,28.09536],[-15.51335,28.096],[-15.51219,28.09642],[-15.51121,28.09743],[-15.50901,28.09748],[-15.50845,28.0989],[-15.50718,28.09922],[-15.50677,28.09997],[-15.50475,28.10007],[-15.5045,28.10038],[-15.50461,28.10079],[-15.50543,28.10255],[-15.50502,28.10384],[-15.50427,28.10435],[-15.50438,28.10488],[-15.50418,28.10538],[-15.5027,28.10535],[-15.50152,28.10457],[-15.49997,28.10452],[-15.49937,28.10484],[-15.49927,28.10628],[-15.50025,28.10775],[-15.49966,28.10951],[-15.49986,28.11127],[-15.49866,28.11198],[-15.49873,28.11289],[-15.49759,28.11334],[-15.49704,28.11384],[-15.49727,28.11472],[-15.49819,28.11558],[-15.49687,28.1162],[-15.49755,28.11719],[-15.49728,28.1178],[-15.49682,28.11816],[-15.49627,28.11818],[-15.49535,28.11708],[-15.49497,28.11737],[-15.49471,28.11804],[-15.4952,28.11863],[-15.49629,28.11882],[-15.49684,28.11927],[-15.49633,28.12007],[-15.49615,28.12088],[-15.49748,28.12187],[-15.49696,28.1222],[-15.49626,28.12165],[-15.49532,28.12156],[-15.49432,28.12177],[-15.49269,28.12257],[-15.49232,28.12293],[-15.49244,28.12375],[-15.49184,28.12532],[-15.49113,28.1258],[-15.49001,28.12576],[-15.49861,28.12959],[-15.50075,28.12631]]]}},{"type":"Feature","properties":{"COD_POSTAL":"35280"},"geometry":{"type":"Polygon","coordinates":[[[-15.56187,27.89775],[-15.5531,27.87625],[-15.55563,27.86425],[-15.52359,27.83924],[-15.52357,27.83964],[-15.51561,27.85181],[-15.51697,27.85239],[-15.51919,27.85238],[-15.51419,27.85981],[-15.5033,27.87737],[-15.50943,27.88048],[-15.51104,27.88144],[-15.5119,27.88225],[-15.51375,27.88603],[-15.51331,27.88921],[-15.51393,27.88998],[-15.51364,27.89044],[-15.51392,27.89071],[-15.5146,27.89066],[-15.5148,27.8913],[-15.51463,27.89215],[-15.51622,27.89387],[-15.51597,27.89469],[-15.51621,27.89536],[-15.51604,27.89593],[-15.51682,27.89773],[-15.51661,27.90082],[-15.51733,27.90656],[-15.51746,27.90988],[-15.51958,27.91701],[-15.52076,27.92269],[-15.5219,27.92473],[-15.52172,27.92595],[-15.52125,27.92694],[-15.5205,27.92703],[-15.51982,27.93034],[-15.5199,27.9317],[-15.521,27.93413],[-15.52184,27.93518],[-15.52357,27.93557],[-15.52601,27.93737],[-15.53451,27.94396],[-15.54079,27.94916],[-15.54225,27.94966],[-15.54974,27.95075],[-15.55028,27.95116],[-15.56532,27.93682],[-15.56557,27.92493],[-15.56107,27.92085],[-15.55957,27.9148],[-15.56187,27.89775]]]}},{"type":"Feature","properties":{"COD_POSTAL":"35570"},"geometry":{"type":"Polygon","coordinates":[[[-13.8067,29.03733],[-13.80731,29.03717],[-13.80792,29.03582],[-13.8081,29.03588],[-13.80864,29.03498],[-13.81033,29.03432],[-13.81086,29.03439],[-13.81105,29.03416],[-13.81085,29.03392],[-13.81154,29.03371],[-13.81201,29.03426],[-13.81273,29.03362],[-13.81327,29.0341],[-13.81406,29.0335],[-13.8147,29.03386],[-13.81464,29.03363],[-13.81495,29.03349],[-13.81476,29.03319],[-13.8153,29.03333],[-13.81515,29.03286],[-13.81487,29.03287],[-13.81567,29.03232],[-13.8157,29.03171],[-13.81697,29.03007],[-13.81678,29.0294],[-13.81721,29.02885],[-13.81643,29.02877],[-13.81635,29.02845],[-13.81699,29.0282],[-13.81684,29.0278],[-13.81747,29.0273],[-13.81732,29.02697],[-13.81752,29.02677],[-13.81716,29.02648],[-13.81757,29.02641],[-13.81739,29.02613],[-13.81759,29.02537],[-13.81787,29.02508],[-13.81886,29.02532],[-13.81815,29.02477],[-13.82023,29.02221],[-13.82029,29.02152],[-13.82099,29.02091],[-13.82086,29.02033],[-13.82196,29.01927],[-13.82263,29.01928],[-13.8222,29.01893],[-13.82262,29.01763],[-13.82241,29.01739],[-13.82251,29.01701],[-13.82388,29.01583],[-13.8249,29.01402],[-13.82678,29.01212],[-13.82722,29.01106],[-13.82768,29.01114],[-13.82782,29.01085],[-13.82745,29.0107],[-13.82746,29.01049],[-13.82804,29.0105],[-13.82752,29.00991],[-13.82859,29.00912],[-13.82987,29.00717],[-13.82983,29.00614],[-13.82931,29.00492],[-13.82951,29.00463],[-13.82935,29.00429],[-13.83029,29.00419],[-13.82987,29.00362],[-13.83078,29.00111],[-13.83115,29.00112],[-13.83084,29.00099],[-13.83078,28.99964],[-13.83112,28.99951],[-13.83076,28.99931],[-13.83093,28.999],[-13.83123,28.99913],[-13.83091,28.99876],[-13.83127,28.99847],[-13.8314,28.99802],[-13.83106,28.99782],[-13.83137,28.99762],[-13.83101,28.99753],[-13.83144,28.99737],[-13.83048,28.99718],[-13.83026,28.99655],[-13.83039,28.99625],[-13.83086,28.9962],[-13.83086,28.99552],[-13.8312,28.99527],[-13.83101,28.99522],[-13.83137,28.99488],[-13.8314,28.99438],[-13.8316,28.99421],[-13.83192,28.99445],[-13.83245,28.99436],[-13.83224,28.9941],[-13.83283,28.99324],[-13.83246,28.99216],[-13.8333,28.99134],[-13.83311,28.99085],[-13.83346,28.99006],[-13.83393,28.98995],[-13.83355,28.98954],[-13.83363,28.98891],[-13.833,28.98844],[-13.83255,28.98736],[-13.83242,28.98646],[-13.83267,28.98629],[-13.83227,28.98603],[-13.83263,28.98571],[-13.8322,28.98524],[-13.83275,28.98495],[-13.83202,28.98396],[-13.83193,28.98256],[-13.83217,28.98216],[-13.83069,28.98039],[-13.83064,28.97975],[-13.83008,28.97971],[-13.83103,28.97873],[-13.83046,28.9786],[-13.82987,28.97905],[-13.8296,28.97885],[-13.82941,28.97856],[-13.82981,28.978],[-13.82934,28.97818],[-13.82906,28.97801],[-13.82899,28.97741],[-13.82865,28.97732],[-13.82852,28.97669],[-13.82865,28.97589],[-13.82935,28.97507],[-13.83054,28.97456],[-13.83089,28.97465],[-13.83092,28.97492],[-13.83149,28.97446],[-13.83234,28.97422],[-13.83268,28.97345],[-13.83334,28.97349],[-13.83349,28.97287],[-13.83327,28.97208],[-13.83373,28.97138],[-13.83361,28.97091],[-13.83392,28.97039],[-13.83369,28.96992],[-13.83467,28.96959],[-13.83458,28.96932],[-13.8342,28.96928],[-13.83409,28.96856],[-13.8343,28.96844],[-13.83387,28.96807],[-13.83392,28.96721],[-13.83412,28.96709],[-13.83398,28.9668],[-13.8336,28.96682],[-13.83335,28.96628],[-13.83388,28.96598],[-13.8337,28.96545],[-13.8342,28.96518],[-13.83413,28.96409],[-13.83375,28.9637],[-13.83348,28.96378],[-13.8328,28.9634],[-13.83231,28.96277],[-13.83242,28.96254],[-13.83193,28.96241],[-13.83131,28.96172],[-13.83146,28.9616],[-13.83074,28.96114],[-13.83049,28.96026],[-13.83081,28.95919],[-13.83173,28.9587],[-13.83229,28.95798],[-13.83223,28.95745],[-13.83355,28.95747],[-13.8334,28.95734],[-13.83373,28.95707],[-13.83341,28.95703],[-13.83372,28.95658],[-13.83355,28.95661],[-13.83308,28.95577],[-13.83407,28.95507],[-13.83283,28.95422],[-13.83433,28.95399],[-13.83406,28.95351],[-13.83443,28.95329],[-13.83367,28.9528],[-13.83344,28.95211],[-13.83411,28.95175],[-13.83425,28.95121],[-13.83418,28.95078],[-13.83384,28.95079],[-13.83381,28.95036],[-13.83318,28.9504],[-13.83318,28.95],[-13.83252,28.94941],[-13.83253,28.94908],[-13.83304,28.94883],[-13.83276,28.94885],[-13.83269,28.94869],[-13.83291,28.94864],[-13.83246,28.94833],[-13.83241,28.94733],[-13.83293,28.94697],[-13.83246,28.94461],[-13.83282,28.94359],[-13.83361,28.94295],[-13.83353,28.9419],[-13.8338,28.94171],[-13.83344,28.94169],[-13.83341,28.94149],[-13.83414,28.9413],[-13.83366,28.94104],[-13.83377,28.94068],[-13.83454,28.94044],[-13.83383,28.94004],[-13.83386,28.93967],[-13.83359,28.93972],[-13.83346,28.93842],[-13.83182,28.93693],[-13.8299,28.93396],[-13.82918,28.93137],[-13.82922,28.93012],[-13.82966,28.92969],[-13.82973,28.92905],[-13.8302,28.92893],[-13.83005,28.92865],[-13.8307,28.92848],[-13.83048,28.92791],[-13.83091,28.92788],[-13.83123,28.92718],[-13.83175,28.92678],[-13.83249,28.92663],[-13.83249,28.92626],[-13.83282,28.92616],[-13.83324,28.92535],[-13.8339,28.92498],[-13.83407,28.92436],[-13.83471,28.92368],[-13.8352,28.92352],[-13.83533,28.92262],[-13.83556,28.92272],[-13.83553,28.92248],[-13.8358,28.92255],[-13.83689,28.92162],[-13.83717,28.92168],[-13.83709,28.92146],[-13.83779,28.92135],[-13.83786,28.92087],[-13.83955,28.91965],[-13.83969,28.91937],[-13.83939,28.91913],[-13.84009,28.91874],[-13.83997,28.91792],[-13.84251,28.91737],[-13.84223,28.91716],[-13.84231,28.91696],[-13.84275,28.91708],[-13.84252,28.91621],[-13.84318,28.91617],[-13.84332,28.91584],[-13.84431,28.91638],[-13.84464,28.91613],[-13.84543,28.91637],[-13.84652,28.91607],[-13.8467,28.91554],[-13.84758,28.91547],[-13.84758,28.91524],[-13.84705,28.9152],[-13.8476,28.91501],[-13.8481,28.91388],[-13.84795,28.91379],[-13.84822,28.91338],[-13.84865,28.91322],[-13.84854,28.91301],[-13.84879,28.91266],[-13.84813,28.91223],[-13.84835,28.91183],[-13.84946,28.91227],[-13.85024,28.91207],[-13.85028,28.91164],[-13.85073,28.91145],[-13.85043,28.91127],[-13.85105,28.91086],[-13.85081,28.91015],[-13.85125,28.90965],[-13.85118,28.9089],[-13.85154,28.90833],[-13.85162,28.90762],[-13.85211,28.90712],[-13.85261,28.907],[-13.85398,28.90744],[-13.85401,28.90535],[-13.85451,28.90517],[-13.85453,28.90538],[-13.85501,28.90548],[-13.85552,28.90519],[-13.8564,28.90444],[-13.85619,28.90403],[-13.85653,28.90441],[-13.85698,28.90433],[-13.85707,28.90372],[-13.85683,28.90368],[-13.85699,28.90328],[-13.85649,28.90253],[-13.85652,28.90179],[-13.85632,28.90199],[-13.85596,28.90171],[-13.85628,28.90183],[-13.85631,28.90167],[-13.77069,28.87255],[-13.76317,28.86356],[-13.76324,28.86376],[-13.76241,28.86384],[-13.76206,28.86456],[-13.7609,28.86555],[-13.76057,28.86618],[-13.76055,28.8673],[-13.76016,28.86778],[-13.75982,28.86793],[-13.75872,28.86764],[-13.75801,28.8686],[-13.75798,28.86913],[-13.7575,28.86999],[-13.75724,28.86993],[-13.75687,28.87054],[-13.75623,28.8706],[-13.7541,28.87321],[-13.75353,28.87317],[-13.75264,28.87417],[-13.75176,28.87456],[-13.75074,28.87476],[-13.74908,28.87453],[-13.74902,28.87515],[-13.74984,28.87708],[-13.74938,28.87777],[-13.74818,28.87774],[-13.75003,28.88047],[-13.74977,28.88238],[-13.74945,28.88326],[-13.74897,28.88378],[-13.74821,28.88602],[-13.74759,28.88693],[-13.7466,28.88774],[-13.74592,28.88771],[-13.74519,28.88843],[-13.74514,28.88887],[-13.74579,28.89013],[-13.74553,28.89119],[-13.74511,28.89203],[-13.74453,28.89227],[-13.74469,28.8928],[-13.74421,28.89359],[-13.74419,28.89425],[-13.74383,28.89465],[-13.74392,28.895],[-13.7429,28.89573],[-13.74335,28.89624],[-13.74334,28.8968],[-13.74384,28.89728],[-13.74376,28.89769],[-13.74263,28.90014],[-13.74169,28.90043],[-13.74135,28.90135],[-13.74079,28.90173],[-13.74065,28.90243],[-13.73951,28.90295],[-13.73968,28.90391],[-13.73924,28.90463],[-13.73647,28.90676],[-13.73512,28.90724],[-13.73317,28.907],[-13.73009,28.90602],[-13.72796,28.90637],[-13.72554,28.90777],[-13.72346,28.90967],[-13.72686,28.91985],[-13.71811,28.92985],[-13.70205,28.93459],[-13.70221,28.93553],[-13.70497,28.93977],[-13.70626,28.96265],[-13.69852,28.98033],[-13.6985,28.98429],[-13.69457,28.98678],[-13.72429,28.99398],[-13.74493,28.99805],[-13.7726,29.01661],[-13.77749,29.01944],[-13.80159,29.03457],[-13.80668,29.03732],[-13.8067,29.03733]]]}},{"type":"Feature","properties":{"COD_POSTAL":"35432"},"geometry":{"type":"Polygon","coordinates":[[[-15.54462,28.14152],[-15.54465,28.14265],[-15.54603,28.14362],[-15.54831,28.14435],[-15.54902,28.14396],[-15.55028,28.14371],[-15.55095,28.14429],[-15.55165,28.1444],[-15.55214,28.14429],[-15.55369,28.14317],[-15.55456,28.14305],[-15.55671,28.14209],[-15.55709,28.14146],[-15.55795,28.14161],[-15.5588,28.14057],[-15.55988,28.14021],[-15.554,28.13023],[-15.55388,28.12446],[-15.55464,28.12103],[-15.55769,28.11845],[-15.5569,28.1164],[-15.55788,28.10769],[-15.56107,28.10607],[-15.56285,28.10292],[-15.56256,28.10101],[-15.56889,28.0934],[-15.56124,28.09342],[-15.55375,28.08958],[-15.55194,28.08956],[-15.55116,28.09225],[-15.55023,28.09248],[-15.5503,28.09292],[-15.54995,28.0933],[-15.54996,28.09379],[-15.54926,28.0941],[-15.54892,28.09524],[-15.54817,28.09577],[-15.54762,28.09582],[-15.54731,28.09676],[-15.54677,28.09697],[-15.54671,28.09774],[-15.54629,28.09839],[-15.54635,28.09883],[-15.54568,28.09907],[-15.54578,28.09945],[-15.54535,28.0997],[-15.54511,28.10054],[-15.5452,28.1013],[-15.54409,28.10389],[-15.5438,28.1053],[-15.54378,28.10899],[-15.54399,28.10928],[-15.54558,28.1099],[-15.5468,28.11018],[-15.54777,28.11012],[-15.54831,28.11121],[-15.54839,28.112],[-15.5472,28.11455],[-15.5462,28.11807],[-15.54584,28.12033],[-15.54213,28.12537],[-15.54188,28.12784],[-15.54115,28.13034],[-15.5419,28.13165],[-15.54219,28.13283],[-15.5436,28.13483],[-15.54388,28.13585],[-15.54372,28.13605],[-15.5438,28.13842],[-15.54331,28.13954],[-15.54438,28.13996],[-15.54461,28.14136],[-15.54462,28.14152]]]}},{"type":"Feature","properties":{"COD_POSTAL":"35539"},"geometry":{"type":"Polygon","coordinates":[[[-13.50483,29.10895],[-13.50508,29.11029],[-13.50696,29.11177],[-13.51218,29.11378],[-13.52715,29.10731],[-13.53789,29.09424],[-13.539,29.0819],[-13.54373,29.07439],[-13.54542,29.05147],[-13.5889,29.04238],[-13.58879,29.03902],[-13.58419,29.02308],[-13.57927,29.02346],[-13.53641,29.03438],[-13.52704,29.02936],[-13.50248,29.02191],[-13.49504,29.02561],[-13.49807,29.03453],[-13.5021,29.07334],[-13.4903,29.09684],[-13.49169,29.09769],[-13.49392,29.09963],[-13.49522,29.10023],[-13.49596,29.10098],[-13.49718,29.1035],[-13.49971,29.10547],[-13.50128,29.10714],[-13.50434,29.10872],[-13.50483,29.10895]]]}},{"type":"Feature","properties":{"COD_POSTAL":"35338"},"geometry":{"type":"Polygon","coordinates":[[[-15.51494,28.0773],[-15.51494,28.07864],[-15.51818,28.0797],[-15.51957,28.07803],[-15.51957,28.07568],[-15.51994,28.075],[-15.51994,28.0739],[-15.52029,28.0732],[-15.52023,28.07202],[-15.52062,28.07114],[-15.52353,28.06964],[-15.52477,28.07054],[-15.52541,28.06971],[-15.52609,28.07],[-15.52685,28.06965],[-15.5277,28.06971],[-15.52797,28.0685],[-15.52751,28.06769],[-15.52639,28.06666],[-15.52669,28.06414],[-15.5278,28.06235],[-15.5321,28.06103],[-15.53422,28.05972],[-15.53449,28.05781],[-15.53583,28.05736],[-15.53683,28.05636],[-15.53756,28.05412],[-15.53879,28.05178],[-15.53953,28.04721],[-15.54186,28.04594],[-15.54278,28.04383],[-15.54438,28.04524],[-15.54553,28.04578],[-15.54595,28.04561],[-15.5482,28.04662],[-15.54806,28.04736],[-15.54962,28.04887],[-15.55091,28.04881],[-15.55267,28.04795],[-15.55347,28.04818],[-15.55451,28.0481],[-15.5562,28.04756],[-15.55839,28.04793],[-15.56871,28.04677],[-15.56726,28.04533],[-15.56564,28.04494],[-15.56475,28.04427],[-15.56447,28.04363],[-15.56436,28.04212],[-15.56304,28.04041],[-15.5641,28.03942],[-15.56522,28.03773],[-15.56505,28.03663],[-15.56465,28.03598],[-15.56455,28.03261],[-15.56572,28.03143],[-15.56755,28.03089],[-15.56886,28.0296],[-15.56948,28.02741],[-15.56918,28.02614],[-15.56755,28.02517],[-15.56555,28.02517],[-15.56474,28.02476],[-15.56362,28.02504],[-15.56116,28.02471],[-15.56038,28.02483],[-15.55963,28.02581],[-15.55843,28.02659],[-15.55775,28.0274],[-15.55649,28.02763],[-15.55277,28.02931],[-15.55147,28.02964],[-15.55067,28.03094],[-15.54975,28.03118],[-15.55023,28.03203],[-15.55176,28.03174],[-15.55245,28.0321],[-15.55282,28.0332],[-15.55231,28.03342],[-15.5526,28.03466],[-15.55289,28.03528],[-15.55344,28.03557],[-15.55388,28.03645],[-15.55315,28.03696],[-15.55271,28.03791],[-15.55191,28.03812],[-15.5534,28.03918],[-15.55497,28.03969],[-15.55578,28.03966],[-15.55603,28.04024],[-15.55771,28.04068],[-15.55833,28.04167],[-15.55684,28.04276],[-15.55534,28.04324],[-15.55377,28.04309],[-15.55067,28.04174],[-15.54859,28.04031],[-15.54738,28.03999],[-15.54687,28.03922],[-15.54508,28.03867],[-15.54315,28.03754],[-15.54044,28.03656],[-15.54016,28.03776],[-15.53905,28.03846],[-15.53829,28.03966],[-15.53696,28.03855],[-15.53545,28.03841],[-15.53141,28.03995],[-15.53106,28.04027],[-15.53045,28.04011],[-15.52874,28.04067],[-15.52764,28.04178],[-15.52623,28.04213],[-15.52543,28.04288],[-15.52298,28.04401],[-15.52043,28.04347],[-15.51974,28.04368],[-15.51907,28.04431],[-15.51745,28.04496],[-15.51588,28.04514],[-15.51388,28.04586],[-15.51241,28.0458],[-15.51178,28.04653],[-15.51051,28.04671],[-15.5074,28.04811],[-15.50785,28.04845],[-15.50936,28.04769],[-15.5099,28.04766],[-15.51016,28.04898],[-15.51102,28.05024],[-15.51295,28.05015],[-15.51401,28.04945],[-15.51474,28.04945],[-15.51552,28.04896],[-15.51604,28.05007],[-15.518,28.04976],[-15.51914,28.04987],[-15.52106,28.04856],[-15.52131,28.04891],[-15.52066,28.04996],[-15.52073,28.05079],[-15.52329,28.05026],[-15.52616,28.05235],[-15.52693,28.05335],[-15.52636,28.05481],[-15.52479,28.05526],[-15.52465,28.05626],[-15.52422,28.05696],[-15.52105,28.05997],[-15.52185,28.05992],[-15.52184,28.0623],[-15.51755,28.06769],[-15.51661,28.07019],[-15.51546,28.07117],[-15.51336,28.07226],[-15.51323,28.0726],[-15.5158,28.0751],[-15.51467,28.07638],[-15.51494,28.0773]]]}},{"type":"Feature","properties":{"COD_POSTAL":"35611"},"geometry":{"type":"Polygon","coordinates":[[[-13.92962,28.49696],[-13.93439,28.49858],[-13.93482,28.4997],[-13.94043,28.50447],[-13.94191,28.50471],[-13.94188,28.5049],[-13.94248,28.50467],[-13.96261,28.52186],[-13.96293,28.52913],[-13.99948,28.56628],[-14.00056,28.56632],[-14.00185,28.56587],[-14.00366,28.56578],[-14.00568,28.56627],[-14.00768,28.56725],[-14.01091,28.56795],[-14.01476,28.56846],[-14.01777,28.56798],[-14.02063,28.56964],[-14.02169,28.56984],[-14.02214,28.56923],[-14.02287,28.56889],[-14.02387,28.56872],[-14.02525,28.56895],[-14.02958,28.57028],[-14.03046,28.57112],[-14.03114,28.57124],[-14.03163,28.57191],[-14.03367,28.57358],[-14.04349,28.57795],[-14.04363,28.57745],[-14.04425,28.57723],[-14.04449,28.5774],[-14.04459,28.57704],[-14.04525,28.57679],[-14.04562,28.57606],[-14.0461,28.576],[-14.04647,28.57554],[-14.04617,28.57555],[-14.04643,28.57488],[-14.04694,28.57467],[-14.04783,28.57333],[-14.04758,28.57333],[-14.04767,28.57313],[-14.04803,28.57288],[-14.04762,28.57265],[-14.04752,28.57221],[-14.04849,28.57093],[-14.04916,28.57055],[-14.04998,28.5708],[-14.05046,28.57054],[-14.05034,28.57102],[-14.05071,28.57087],[-14.05095,28.57002],[-14.05069,28.56877],[-14.05104,28.56859],[-14.05149,28.5688],[-14.05262,28.56818],[-14.05284,28.56662],[-14.05469,28.56545],[-14.05499,28.56568],[-14.05557,28.56531],[-14.0556,28.56591],[-14.05596,28.56514],[-14.05626,28.56556],[-14.05652,28.56531],[-14.05669,28.56414],[-14.05643,28.56397],[-14.05606,28.56411],[-14.0566,28.56297],[-14.05706,28.56272],[-14.05705,28.56211],[-14.05671,28.56207],[-14.05686,28.5609],[-14.05749,28.56027],[-14.05846,28.55998],[-14.05863,28.55971],[-14.0582,28.5597],[-14.05863,28.55959],[-14.05879,28.55923],[-14.05858,28.55837],[-14.05818,28.55794],[-14.05815,28.5568],[-14.05839,28.55653],[-14.05815,28.55607],[-14.05896,28.55501],[-14.0601,28.55456],[-14.05986,28.55443],[-14.06001,28.5542],[-14.0605,28.554],[-14.06111,28.5533],[-14.06338,28.55429],[-14.06392,28.55423],[-14.06446,28.5538],[-14.06498,28.55262],[-14.06574,28.55227],[-14.06588,28.5515],[-14.06665,28.55097],[-14.0665,28.55072],[-14.06679,28.55021],[-14.06613,28.5499],[-14.0656,28.54879],[-14.06516,28.54866],[-14.06549,28.54834],[-14.06536,28.54577],[-14.06465,28.54547],[-14.0649,28.54468],[-14.06402,28.54457],[-14.06384,28.54432],[-14.06376,28.54321],[-14.06456,28.54191],[-14.06547,28.54124],[-14.06568,28.54152],[-14.06628,28.54133],[-14.06636,28.54183],[-14.06691,28.54143],[-14.06715,28.54172],[-14.0677,28.54146],[-14.06818,28.54182],[-14.0687,28.54095],[-14.06921,28.54076],[-14.0693,28.54097],[-14.07,28.53827],[-14.06978,28.53804],[-14.06884,28.53829],[-14.06848,28.53781],[-14.06934,28.53728],[-14.07036,28.53573],[-14.07017,28.53513],[-14.06996,28.53527],[-14.07013,28.53495],[-14.06985,28.53505],[-14.07026,28.53452],[-14.06979,28.53467],[-14.07083,28.53363],[-14.07092,28.53283],[-14.07048,28.5329],[-14.07051,28.53258],[-14.07121,28.53191],[-14.07135,28.53034],[-14.07204,28.52927],[-14.07226,28.52821],[-14.07266,28.52861],[-14.07285,28.52846],[-14.07329,28.52761],[-14.07364,28.52777],[-14.07419,28.52662],[-14.07437,28.52613],[-14.07417,28.52585],[-14.07455,28.52467],[-14.0744,28.5242],[-14.07389,28.52417],[-14.07381,28.52393],[-14.07455,28.52338],[-14.07486,28.52266],[-14.07568,28.52255],[-14.07548,28.52224],[-14.07575,28.52134],[-14.07613,28.52115],[-14.0762,28.52144],[-14.07653,28.52131],[-14.07628,28.52118],[-14.07695,28.52005],[-14.07793,28.51989],[-14.07814,28.51922],[-14.07878,28.51883],[-14.0789,28.51807],[-14.07871,28.51804],[-14.07927,28.51767],[-14.07958,28.51711],[-14.07939,28.51625],[-14.07982,28.51585],[-14.07979,28.51541],[-14.08006,28.51512],[-14.07992,28.51447],[-14.08026,28.514],[-14.08095,28.51374],[-14.08133,28.51298],[-14.08167,28.51299],[-14.08153,28.51346],[-14.0817,28.51357],[-14.08271,28.51304],[-14.08284,28.51184],[-14.08228,28.51168],[-14.08287,28.5109],[-14.08342,28.50829],[-14.08398,28.50798],[-14.08392,28.50774],[-14.08364,28.50781],[-14.08375,28.50753],[-14.08441,28.50675],[-14.08447,28.50706],[-14.08487,28.50699],[-14.08484,28.50724],[-14.08532,28.50657],[-14.08531,28.50609],[-14.08641,28.50492],[-14.08657,28.50422],[-14.08682,28.50427],[-14.08671,28.50591],[-14.08729,28.50569],[-14.08781,28.50395],[-14.08831,28.50359],[-14.08779,28.50341],[-14.08748,28.50381],[-14.08752,28.50325],[-14.08821,28.50234],[-14.08792,28.502],[-14.0883,28.50101],[-14.08802,28.50103],[-14.08787,28.5017],[-14.08787,28.50066],[-14.08856,28.49981],[-14.08887,28.49984],[-14.08868,28.49971],[-14.08895,28.49896],[-14.08863,28.49914],[-14.08877,28.49865],[-14.08949,28.49794],[-14.0897,28.49713],[-14.08976,28.4977],[-14.09022,28.4967],[-14.0901,28.49625],[-14.08967,28.49615],[-14.08998,28.49597],[-14.09018,28.49538],[-14.08986,28.49529],[-14.0897,28.49432],[-14.08864,28.4936],[-14.08763,28.49355],[-14.08707,28.49292],[-14.08584,28.49295],[-14.08479,28.49239],[-14.08307,28.49232],[-14.08003,28.49327],[-14.07749,28.49304],[-14.07726,28.49282],[-14.07714,28.49162],[-14.07611,28.49115],[-14.07422,28.49104],[-14.07372,28.49142],[-14.07163,28.49171],[-14.07028,28.49094],[-14.06976,28.49168],[-14.06773,28.49222],[-14.06669,28.49231],[-14.0655,28.49199],[-14.06431,28.49213],[-14.06251,28.494],[-14.06163,28.49431],[-14.06118,28.49415],[-14.06054,28.4943],[-14.05995,28.49463],[-14.05866,28.49378],[-14.05766,28.49221],[-14.05629,28.49135],[-14.05529,28.49032],[-14.05413,28.4899],[-14.05356,28.48923],[-14.05247,28.48855],[-14.05149,28.48835],[-14.0503,28.48905],[-14.04897,28.48887],[-14.04806,28.48921],[-14.04409,28.50336],[-14.02203,28.50526],[-14.00812,28.49438],[-13.99058,28.49488],[-13.9566,28.4533],[-13.95414,28.4545],[-13.95328,28.45469],[-13.94942,28.45468],[-13.94526,28.45425],[-13.94323,28.45296],[-13.94119,28.45121],[-13.93938,28.45066],[-13.93766,28.44945],[-13.93312,28.44741],[-13.9297,28.44624],[-13.92643,28.44446],[-13.9254,28.44369],[-13.92394,28.44196],[-13.92159,28.44067],[-13.91283,28.43935],[-13.91006,28.4385],[-13.89966,28.4531],[-13.90632,28.47687],[-13.9108,28.4782],[-13.91267,28.4781],[-13.91465,28.48023],[-13.91663,28.48053],[-13.9249,28.48297],[-13.92627,28.48835],[-13.92622,28.49124],[-13.92591,28.49235],[-13.92794,28.49662],[-13.92962,28.49696]]]}},{"type":"Feature","properties":{"COD_POSTAL":"35558"},"geometry":{"type":"Polygon","coordinates":[[[-13.53012,29.13537],[-13.53185,29.13351],[-13.53446,29.12943],[-13.53823,29.12509],[-13.5402,29.12325],[-13.54375,29.12064],[-13.54703,29.11864],[-13.55035,29.11727],[-13.55535,29.11596],[-13.55811,29.11557],[-13.55963,29.11574],[-13.5631,29.11699],[-13.56347,29.11743],[-13.56348,29.11832],[-13.56391,29.1187],[-13.56472,29.11889],[-13.56512,29.11932],[-13.56508,29.11974],[-13.56518,29.11912],[-13.56604,29.11931],[-13.56549,29.12017],[-13.56592,29.11993],[-13.56651,29.1205],[-13.56771,29.12077],[-13.5684,29.12035],[-13.56873,29.12063],[-13.56832,29.12059],[-13.56836,29.12081],[-13.56976,29.12103],[-13.57021,29.12226],[-13.57162,29.12231],[-13.57169,29.12294],[-13.5719,29.12294],[-13.57202,29.12332],[-13.57208,29.1245],[-13.5733,29.12533],[-13.57544,29.1257],[-13.57556,29.1259],[-13.57525,29.12675],[-13.57559,29.12634],[-13.576,29.12636],[-13.57683,29.12766],[-13.57784,29.12813],[-13.5784,29.12893],[-13.57932,29.12909],[-13.57937,29.12932],[-13.58001,29.12933],[-13.58001,29.12967],[-13.5807,29.12991],[-13.58068,29.13014],[-13.58165,29.13087],[-13.58237,29.13088],[-13.58223,29.13126],[-13.58287,29.13131],[-13.58333,29.13256],[-13.5844,29.13315],[-13.585,29.13319],[-13.58535,29.13369],[-13.58751,29.13372],[-13.58828,29.13406],[-13.58932,29.13396],[-13.59089,29.13444],[-13.59092,29.13487],[-13.59264,29.13493],[-13.59262,29.13521],[-13.59325,29.13497],[-13.59372,29.13549],[-13.59409,29.13517],[-13.59513,29.13562],[-13.59592,29.13534],[-13.59577,29.12599],[-13.62604,29.10737],[-13.64514,29.10038],[-13.64162,29.08494],[-13.64125,29.07731],[-13.64087,29.07498],[-13.64097,29.07026],[-13.64077,29.06901],[-13.63918,29.06425],[-13.63994,29.06007],[-13.64419,29.04276],[-13.64439,29.04068],[-13.62676,29.04805],[-13.60716,29.06426],[-13.60222,29.06603],[-13.59531,29.06562],[-13.59375,29.06802],[-13.54373,29.07439],[-13.539,29.0819],[-13.53789,29.09424],[-13.52715,29.10731],[-13.51218,29.11378],[-13.52134,29.11759],[-13.52313,29.11777],[-13.52663,29.11903],[-13.52867,29.11942],[-13.52874,29.1234],[-13.52931,29.13046],[-13.52969,29.1324],[-13.52965,29.13378],[-13.53008,29.13541],[-13.53012,29.13537]]]}},{"type":"Feature","properties":{"COD_POSTAL":"35600"},"geometry":{"type":"Polygon","coordinates":[[[-13.85085,28.42054],[-13.85003,28.42139],[-13.85043,28.42139],[-13.85056,28.42163],[-13.85086,28.42152],[-13.85103,28.42223],[-13.8515,28.42252],[-13.85161,28.42304],[-13.85139,28.42315],[-13.85195,28.42345],[-13.85182,28.4236],[-13.85205,28.42392],[-13.85259,28.42365],[-13.85268,28.42404],[-13.85407,28.42412],[-13.85411,28.42435],[-13.85474,28.4245],[-13.85528,28.425],[-13.85693,28.42473],[-13.85794,28.42517],[-13.85835,28.42627],[-13.85816,28.42815],[-13.85875,28.42917],[-13.86129,28.43098],[-13.86153,28.43233],[-13.86175,28.43241],[-13.86143,28.43263],[-13.86272,28.43244],[-13.86288,28.43196],[-13.86338,28.43162],[-13.86299,28.432],[-13.86307,28.43241],[-13.86237,28.43271],[-13.86183,28.43326],[-13.86217,28.43443],[-13.86191,28.43497],[-13.86245,28.43551],[-13.86282,28.43673],[-13.86271,28.43733],[-13.86231,28.43757],[-13.86246,28.43891],[-13.8623,28.43952],[-13.86198,28.43986],[-13.86057,28.44039],[-13.8601,28.44151],[-13.8595,28.44194],[-13.85887,28.44285],[-13.8573,28.44291],[-13.85687,28.44361],[-13.85672,28.44581],[-13.85779,28.44705],[-13.85813,28.44858],[-13.8587,28.44946],[-13.85865,28.4501],[-13.85902,28.45149],[-13.85859,28.4532],[-13.8574,28.45407],[-13.85713,28.45452],[-13.85735,28.45597],[-13.85683,28.4573],[-13.85717,28.45859],[-13.85693,28.46021],[-13.85725,28.46172],[-13.85844,28.46248],[-13.8592,28.46395],[-13.85921,28.4652],[-13.85947,28.46604],[-13.85932,28.46703],[-13.86026,28.46736],[-13.86005,28.46751],[-13.8605,28.46822],[-13.86137,28.46876],[-13.86184,28.46979],[-13.86276,28.47065],[-13.86266,28.47136],[-13.8631,28.47252],[-13.86417,28.47335],[-13.86467,28.47424],[-13.86589,28.47465],[-13.8674,28.47849],[-13.86771,28.48082],[-13.86746,28.48136],[-13.86676,28.48158],[-13.86592,28.48304],[-13.86617,28.48374],[-13.8661,28.48441],[-13.86502,28.48648],[-13.86527,28.48671],[-13.8652,28.48766],[-13.86463,28.4889],[-13.86321,28.49082],[-13.86316,28.4926],[-13.86288,28.49278],[-13.8626,28.49404],[-13.86064,28.49462],[-13.85989,28.49523],[-13.85921,28.49538],[-13.85921,28.49557],[-13.85812,28.49553],[-13.85921,28.49565],[-13.8592,28.49591],[-13.85924,28.49565],[-13.8595,28.49566],[-13.85984,28.49591],[-13.85959,28.49614],[-13.8596,28.49592],[-13.85956,28.49612],[-13.85885,28.49611],[-13.85959,28.49615],[-13.85857,28.49703],[-13.85888,28.49741],[-13.85754,28.49814],[-13.85787,28.49852],[-13.85639,28.49894],[-13.8563,28.49809],[-13.85653,28.49807],[-13.8565,28.49779],[-13.85627,28.49782],[-13.85601,28.49547],[-13.85569,28.4955],[-13.85546,28.49435],[-13.85542,28.49463],[-13.85475,28.49493],[-13.85508,28.4974],[-13.85504,28.4977],[-13.85466,28.49792],[-13.85482,28.49927],[-13.85263,28.49992],[-13.84794,28.49977],[-13.84734,28.50039],[-13.84733,28.501],[-13.84694,28.50159],[-13.84619,28.50196],[-13.84558,28.50173],[-13.84476,28.50274],[-13.84372,28.50327],[-13.84331,28.50432],[-13.84348,28.50512],[-13.84329,28.50584],[-13.84399,28.50714],[-13.84362,28.50821],[-13.84278,28.50901],[-13.84389,28.51036],[-13.84389,28.51198],[-13.84275,28.51366],[-13.84111,28.51466],[-13.84105,28.51505],[-13.84003,28.51609],[-13.84003,28.51872],[-13.8395,28.51995],[-13.8394,28.52122],[-13.83825,28.52256],[-13.83782,28.52263],[-13.83749,28.52318],[-13.83697,28.52333],[-13.83505,28.52503],[-13.83479,28.52735],[-13.87525,28.52485],[-13.88748,28.50414],[-13.87823,28.4663],[-13.89941,28.45222],[-13.89966,28.4531],[-13.91006,28.4385],[-13.90568,28.43718],[-13.9033,28.43565],[-13.90099,28.43349],[-13.89829,28.43199],[-13.89627,28.43155],[-13.88862,28.42915],[-13.88143,28.42863],[-13.88089,28.42822],[-13.88077,28.4276],[-13.8786,28.42672],[-13.86974,28.42525],[-13.86121,28.42341],[-13.85085,28.4205],[-13.85085,28.42054]]]}}]}