{"type":"FeatureCollection","features":[{"type":"Feature","properties":{"COD_POSTAL":"27257"},"geometry":{"type":"Polygon","coordinates":[[[-7.37921,43.24475],[-7.38369,43.24517],[-7.38705,43.24277],[-7.38919,43.23931],[-7.39015,43.23226],[-7.39165,43.2292],[-7.38935,43.22797],[-7.3885,43.22652],[-7.38838,43.22567],[-7.38697,43.22385],[-7.385,43.21876],[-7.38417,43.21776],[-7.38176,43.21632],[-7.37863,43.21511],[-7.37825,43.21468],[-7.3785,43.21292],[-7.37829,43.21242],[-7.37836,43.21138],[-7.37924,43.20879],[-7.38129,43.20571],[-7.38761,43.20206],[-7.3978,43.19863],[-7.39961,43.19821],[-7.39954,43.19766],[-7.40078,43.19703],[-7.4011,43.19646],[-7.40142,43.19416],[-7.40119,43.19302],[-7.40136,43.19189],[-7.40062,43.19049],[-7.39962,43.18988],[-7.39938,43.18947],[-7.39952,43.18749],[-7.4003,43.18643],[-7.40113,43.18448],[-7.39817,43.18085],[-7.39635,43.18079],[-7.39481,43.17903],[-7.38902,43.17781],[-7.38675,43.17886],[-7.3854,43.17909],[-7.38385,43.18036],[-7.3822,43.18288],[-7.38243,43.18404],[-7.37665,43.18908],[-7.37136,43.19234],[-7.37047,43.19371],[-7.37062,43.19565],[-7.37115,43.19769],[-7.35962,43.19806],[-7.35977,43.19747],[-7.36053,43.19687],[-7.36059,43.19629],[-7.35988,43.19587],[-7.35749,43.19641],[-7.35652,43.19732],[-7.3556,43.19766],[-7.3482,43.20233],[-7.34829,43.20309],[-7.34695,43.20537],[-7.34712,43.20702],[-7.34679,43.20885],[-7.34708,43.21042],[-7.34688,43.21212],[-7.34762,43.21328],[-7.3489,43.21428],[-7.35267,43.21856],[-7.35642,43.22228],[-7.35886,43.22532],[-7.36119,43.22896],[-7.36349,43.22955],[-7.36365,43.23042],[-7.36396,43.23067],[-7.3655,43.23106],[-7.36631,43.23155],[-7.36916,43.23165],[-7.3711,43.23219],[-7.37281,43.23191],[-7.3746,43.23386],[-7.37587,43.23565],[-7.37603,43.23629],[-7.37826,43.23721],[-7.37938,43.23714],[-7.37962,43.23732],[-7.37987,43.23781],[-7.37891,43.23979],[-7.37817,43.24094],[-7.3766,43.24222],[-7.37697,43.24361],[-7.37921,43.24475]]]}},{"type":"Feature","properties":{"COD_POSTAL":"27687"},"geometry":{"type":"Polygon","coordinates":[[[-7.25049,42.92282],[-7.25168,42.92493],[-7.263,42.91988],[-7.27053,42.91864],[-7.27226,42.91732],[-7.27717,42.91703],[-7.27607,42.91331],[-7.27362,42.91124],[-7.27321,42.90837],[-7.27131,42.9069],[-7.26602,42.90505],[-7.26385,42.90701],[-7.25981,42.9079],[-7.25762,42.90548],[-7.25546,42.90202],[-7.25034,42.90268],[-7.24558,42.90218],[-7.24451,42.90227],[-7.2431,42.90056],[-7.2398,42.90255],[-7.23798,42.90434],[-7.23851,42.90544],[-7.23962,42.90625],[-7.24006,42.90728],[-7.23797,42.90911],[-7.23656,42.90931],[-7.2358,42.9085],[-7.23477,42.90818],[-7.23209,42.90867],[-7.23088,42.90958],[-7.22967,42.91184],[-7.22512,42.91477],[-7.22839,42.91548],[-7.23209,42.91677],[-7.23732,42.91989],[-7.24106,42.92014],[-7.24395,42.9197],[-7.24628,42.92074],[-7.24696,42.9215],[-7.25049,42.92282]]]}},{"type":"Feature","properties":{"COD_POSTAL":"27812"},"geometry":{"type":"Polygon","coordinates":[[[-7.69485,43.24984],[-7.69597,43.2488],[-7.69558,43.24794],[-7.69228,43.24851],[-7.6859,43.25211],[-7.68133,43.25381],[-7.67866,43.25419],[-7.67084,43.25412],[-7.66802,43.25453],[-7.66279,43.25621],[-7.65949,43.25786],[-7.65831,43.25807],[-7.65458,43.25793],[-7.65146,43.25823],[-7.6476,43.26051],[-7.64549,43.26084],[-7.64704,43.25816],[-7.64748,43.25635],[-7.64733,43.25482],[-7.64683,43.25329],[-7.64587,43.25163],[-7.64185,43.24582],[-7.64175,43.24363],[-7.64267,43.23903],[-7.64379,43.23524],[-7.64349,43.23212],[-7.64222,43.23087],[-7.63186,43.22944],[-7.62626,43.23253],[-7.62045,43.23658],[-7.61487,43.23997],[-7.60918,43.24247],[-7.60504,43.24869],[-7.60354,43.24998],[-7.60219,43.25064],[-7.59674,43.25589],[-7.59691,43.25701],[-7.59866,43.25828],[-7.5983,43.25976],[-7.59863,43.26144],[-7.6001,43.2623],[-7.60038,43.26294],[-7.60027,43.26357],[-7.6008,43.26378],[-7.60057,43.26529],[-7.5972,43.26598],[-7.60151,43.26643],[-7.60497,43.26628],[-7.60752,43.26588],[-7.61447,43.26751],[-7.61677,43.26822],[-7.6181,43.26908],[-7.62029,43.26954],[-7.6205,43.2698],[-7.61939,43.27046],[-7.61751,43.27229],[-7.61799,43.27295],[-7.6185,43.2731],[-7.62242,43.27277],[-7.62414,43.27505],[-7.62456,43.2761],[-7.62537,43.27641],[-7.62752,43.27665],[-7.63016,43.2766],[-7.63491,43.27847],[-7.63509,43.28136],[-7.6399,43.27758],[-7.64286,43.27379],[-7.64541,43.27131],[-7.64808,43.26916],[-7.65187,43.27007],[-7.65473,43.26936],[-7.6565,43.26918],[-7.66189,43.27063],[-7.66334,43.27162],[-7.66481,43.27217],[-7.66647,43.27334],[-7.66734,43.27363],[-7.66756,43.27402],[-7.66864,43.27467],[-7.67058,43.27481],[-7.67115,43.27517],[-7.67187,43.27503],[-7.67228,43.27549],[-7.67372,43.27569],[-7.67417,43.27492],[-7.67514,43.27413],[-7.67522,43.27348],[-7.67502,43.27327],[-7.67567,43.27137],[-7.67725,43.27198],[-7.67811,43.27187],[-7.67948,43.27121],[-7.67964,43.2709],[-7.68156,43.27055],[-7.6821,43.27088],[-7.68183,43.27163],[-7.68222,43.27231],[-7.68272,43.27245],[-7.68428,43.27098],[-7.68596,43.27075],[-7.68629,43.27028],[-7.6848,43.26702],[-7.68515,43.26622],[-7.68631,43.26596],[-7.68601,43.26454],[-7.68632,43.264],[-7.68636,43.26323],[-7.68584,43.26118],[-7.68602,43.25933],[-7.68695,43.25827],[-7.68681,43.25778],[-7.68768,43.25585],[-7.68899,43.25451],[-7.68882,43.25349],[-7.68956,43.25283],[-7.69082,43.25228],[-7.69278,43.25067],[-7.69347,43.25039],[-7.69485,43.24984]]]}},{"type":"Feature","properties":{"COD_POSTAL":"27400"},"geometry":{"type":"Polygon","coordinates":[[[-7.48922,42.5446],[-7.49457,42.54056],[-7.49656,42.54009],[-7.50011,42.53987],[-7.50475,42.53647],[-7.50523,42.53486],[-7.50854,42.53309],[-7.50931,42.53055],[-7.51064,42.52902],[-7.51336,42.52803],[-7.52002,42.52762],[-7.528,42.52647],[-7.53137,42.5238],[-7.53178,42.52],[-7.53039,42.51799],[-7.52879,42.51361],[-7.52631,42.50964],[-7.52332,42.5089],[-7.51259,42.50903],[-7.50977,42.50646],[-7.50933,42.50659],[-7.50838,42.50485],[-7.50844,42.50185],[-7.50116,42.50363],[-7.50176,42.50601],[-7.50093,42.50793],[-7.49928,42.50967],[-7.49443,42.51211],[-7.48785,42.5144],[-7.47523,42.51383],[-7.47405,42.51329],[-7.47348,42.5126],[-7.47141,42.51135],[-7.46813,42.5102],[-7.46598,42.51233],[-7.46415,42.51348],[-7.462,42.51528],[-7.46212,42.51661],[-7.46441,42.51804],[-7.46388,42.52054],[-7.46421,42.52053],[-7.46856,42.52711],[-7.47588,42.52847],[-7.47584,42.53127],[-7.48009,42.53257],[-7.48401,42.53436],[-7.48384,42.5356],[-7.48576,42.5398],[-7.48797,42.53954],[-7.48924,42.54048],[-7.48922,42.5446]]]}},{"type":"Feature","properties":{"COD_POSTAL":"27439"},"geometry":{"type":"Polygon","coordinates":[[[-7.66231,42.54935],[-7.66751,42.54845],[-7.66979,42.55067],[-7.6734,42.55238],[-7.67665,42.55062],[-7.67742,42.55045],[-7.68356,42.5511],[-7.68514,42.55436],[-7.68533,42.55705],[-7.68504,42.55855],[-7.68516,42.55913],[-7.68766,42.55801],[-7.68991,42.55651],[-7.69131,42.55596],[-7.6973,42.55447],[-7.70336,42.55076],[-7.70475,42.55015],[-7.70573,42.54934],[-7.70673,42.54773],[-7.70799,42.54468],[-7.71232,42.54008],[-7.713,42.53893],[-7.71312,42.53826],[-7.71278,42.53713],[-7.71098,42.53431],[-7.70998,42.5306],[-7.71041,42.52966],[-7.71289,42.52697],[-7.71641,42.52379],[-7.71715,42.5224],[-7.70628,42.51284],[-7.70457,42.51187],[-7.69544,42.51657],[-7.69369,42.51625],[-7.69238,42.51679],[-7.68985,42.51855],[-7.69061,42.52006],[-7.68959,42.5213],[-7.68806,42.52188],[-7.68751,42.52184],[-7.6884,42.51496],[-7.68652,42.51409],[-7.68698,42.51055],[-7.68413,42.5074],[-7.68383,42.49845],[-7.68128,42.49363],[-7.68016,42.48883],[-7.67626,42.49162],[-7.66657,42.49687],[-7.6632,42.49844],[-7.66115,42.5],[-7.65425,42.50023],[-7.65156,42.50105],[-7.64904,42.50458],[-7.64469,42.50369],[-7.64157,42.50239],[-7.64116,42.50464],[-7.634,42.51302],[-7.63482,42.51408],[-7.64476,42.52158],[-7.64627,42.52394],[-7.6492,42.53046],[-7.65194,42.53392],[-7.65274,42.53707],[-7.65206,42.53845],[-7.65228,42.53942],[-7.65424,42.54128],[-7.6584,42.54319],[-7.66174,42.54347],[-7.66406,42.54418],[-7.66484,42.54475],[-7.66247,42.54619],[-7.66195,42.5468],[-7.66226,42.54771],[-7.6621,42.54937],[-7.66231,42.54935]]]}},{"type":"Feature","properties":{"COD_POSTAL":"27520"},"geometry":{"type":"Polygon","coordinates":[[[-7.80234,42.54274],[-7.80729,42.54422],[-7.80795,42.54331],[-7.81114,42.5421],[-7.81423,42.54161],[-7.81998,42.54158],[-7.82042,42.54064],[-7.82015,42.53954],[-7.81944,42.53871],[-7.81844,42.53813],[-7.8172,42.53633],[-7.81799,42.53408],[-7.81773,42.53311],[-7.81829,42.53241],[-7.81813,42.53119],[-7.81737,42.53025],[-7.81475,42.51871],[-7.81593,42.51664],[-7.815,42.5138],[-7.81072,42.51156],[-7.80982,42.51192],[-7.80948,42.51458],[-7.81237,42.52533],[-7.81142,42.52475],[-7.80868,42.52494],[-7.80784,42.52541],[-7.80796,42.52616],[-7.80734,42.5266],[-7.8039,42.52656],[-7.80272,42.52687],[-7.80222,42.52742],[-7.80226,42.52793],[-7.80096,42.52818],[-7.80033,42.52872],[-7.79912,42.52873],[-7.79839,42.52821],[-7.79721,42.52814],[-7.79698,42.52855],[-7.79606,42.52893],[-7.79557,42.52976],[-7.79554,42.53115],[-7.79582,42.53225],[-7.79705,42.53422],[-7.79644,42.53653],[-7.79595,42.53739],[-7.7935,42.53991],[-7.79221,42.54097],[-7.79059,42.54166],[-7.79272,42.54354],[-7.79924,42.54278],[-7.80234,42.54274]]]}},{"type":"Feature","properties":{"COD_POSTAL":"27216"},"geometry":{"type":"Polygon","coordinates":[[[-7.81711,42.91219],[-7.82191,42.91359],[-7.82751,42.91173],[-7.82762,42.91185],[-7.83249,42.91004],[-7.83318,42.91007],[-7.83774,42.90857],[-7.83825,42.9079],[-7.83434,42.9011],[-7.83543,42.89925],[-7.83661,42.89862],[-7.83559,42.89493],[-7.83553,42.89142],[-7.83404,42.88941],[-7.83238,42.88798],[-7.83065,42.88756],[-7.82726,42.88312],[-7.82503,42.88252],[-7.82346,42.88173],[-7.82609,42.881],[-7.82846,42.87968],[-7.84438,42.87476],[-7.85189,42.87698],[-7.85273,42.87481],[-7.85655,42.87273],[-7.85921,42.86953],[-7.85633,42.868],[-7.84712,42.86813],[-7.83962,42.86666],[-7.8373,42.86529],[-7.8364,42.86207],[-7.83507,42.86399],[-7.82878,42.863],[-7.82077,42.86291],[-7.8152,42.85917],[-7.81192,42.85852],[-7.80373,42.86749],[-7.79968,42.87099],[-7.79363,42.87288],[-7.78855,42.87614],[-7.7872,42.87677],[-7.79037,42.87983],[-7.79342,42.88613],[-7.79334,42.88904],[-7.79687,42.89063],[-7.80114,42.89334],[-7.80252,42.89669],[-7.80595,42.89859],[-7.80664,42.89954],[-7.80895,42.90419],[-7.81043,42.90785],[-7.81551,42.91172],[-7.81711,42.91219]]]}},{"type":"Feature","properties":{"COD_POSTAL":"27652"},"geometry":{"type":"Polygon","coordinates":[[[-6.95842,42.9953],[-6.96016,42.99624],[-6.96139,42.99642],[-6.96371,42.99571],[-6.96416,42.99535],[-6.96446,42.99454],[-6.96387,42.99279],[-6.96329,42.99291],[-6.96259,42.99377],[-6.9619,42.9938],[-6.96196,42.99072],[-6.96272,42.99077],[-6.96471,42.99248],[-6.96543,42.99262],[-6.96619,42.99235],[-6.96665,42.99157],[-6.96651,42.99073],[-6.96413,42.98839],[-6.96378,42.98652],[-6.9653,42.98543],[-6.96488,42.9846],[-6.96255,42.98285],[-6.96202,42.98205],[-6.96216,42.98122],[-6.96263,42.98099],[-6.96682,42.98174],[-6.96845,42.98155],[-6.9735,42.97962],[-6.97617,42.97975],[-6.97679,42.97944],[-6.9764,42.9776],[-6.9754,42.9764],[-6.97801,42.97486],[-6.98102,42.97555],[-6.98007,42.97363],[-6.98209,42.97292],[-6.98609,42.97243],[-6.98717,42.9721],[-6.98783,42.97098],[-6.98589,42.96964],[-6.98597,42.96895],[-6.9869,42.96678],[-6.98576,42.96301],[-6.98852,42.95997],[-6.98662,42.96009],[-6.98459,42.96146],[-6.98121,42.96091],[-6.98022,42.95896],[-6.97841,42.95667],[-6.97513,42.95644],[-6.97511,42.95896],[-6.97383,42.95868],[-6.97308,42.95733],[-6.97139,42.9576],[-6.96884,42.95729],[-6.96746,42.95543],[-6.96562,42.95464],[-6.96519,42.95392],[-6.95914,42.95366],[-6.95688,42.95211],[-6.95501,42.95308],[-6.95427,42.95297],[-6.95382,42.95758],[-6.94832,42.96401],[-6.94224,42.96221],[-6.93737,42.9614],[-6.9343,42.95999],[-6.9246,42.95976],[-6.92044,42.95814],[-6.90693,42.94698],[-6.9054,42.94482],[-6.90547,42.9427],[-6.90445,42.93998],[-6.90512,42.92842],[-6.90293,42.9254],[-6.9023,42.91952],[-6.898,42.91849],[-6.89466,42.91295],[-6.8936,42.91011],[-6.89359,42.90613],[-6.89493,42.9023],[-6.8941,42.90246],[-6.86916,42.9022],[-6.8607,42.89905],[-6.83374,42.88206],[-6.84046,42.87809],[-6.83741,42.87741],[-6.83541,42.87363],[-6.83432,42.87306],[-6.83167,42.87274],[-6.82728,42.87001],[-6.81983,42.86729],[-6.81676,42.86863],[-6.81489,42.87082],[-6.81908,42.87218],[-6.8227,42.87416],[-6.82603,42.87692],[-6.82775,42.87996],[-6.82713,42.88355],[-6.8286,42.88617],[-6.82778,42.88861],[-6.83312,42.89784],[-6.83662,42.90159],[-6.84397,42.90623],[-6.84799,42.91433],[-6.82419,42.91506],[-6.8358,42.91635],[-6.84187,42.9282],[-6.83463,42.94098],[-6.83609,42.95776],[-6.85435,42.97338],[-6.86198,42.9793],[-6.8635,42.9812],[-6.8643,42.98348],[-6.86546,42.98397],[-6.86743,42.98366],[-6.86839,42.98396],[-6.86974,42.98558],[-6.87074,42.98817],[-6.87177,42.98893],[-6.87315,42.98851],[-6.87759,42.98966],[-6.88061,42.99136],[-6.88471,42.9895],[-6.88797,42.9887],[-6.89377,42.98788],[-6.89474,42.9885],[-6.89851,42.98942],[-6.90005,42.98932],[-6.90295,42.98862],[-6.90738,42.98905],[-6.91032,42.99014],[-6.91141,42.98955],[-6.91513,42.98841],[-6.91628,42.98708],[-6.91855,42.98544],[-6.91879,42.98432],[-6.92003,42.98275],[-6.92147,42.98267],[-6.92223,42.9844],[-6.92525,42.98574],[-6.9259,42.98663],[-6.93462,42.98668],[-6.93931,42.98594],[-6.94166,42.98583],[-6.94354,42.98605],[-6.94441,42.98678],[-6.94656,42.98645],[-6.94759,42.98675],[-6.94822,42.9867],[-6.94863,42.98615],[-6.95034,42.98646],[-6.95053,42.98689],[-6.95267,42.98716],[-6.95295,42.98753],[-6.95452,42.98741],[-6.95554,42.98774],[-6.95798,42.98756],[-6.95511,42.9912],[-6.9549,42.99198],[-6.95563,42.99356],[-6.95757,42.99546],[-6.95842,42.9953]]]}},{"type":"Feature","properties":{"COD_POSTAL":"27335"},"geometry":{"type":"Polygon","coordinates":[[[-7.39895,42.63543],[-7.40081,42.63889],[-7.40478,42.63532],[-7.41181,42.6312],[-7.41525,42.62754],[-7.41974,42.6281],[-7.41958,42.62663],[-7.42078,42.62073],[-7.42075,42.61956],[-7.42019,42.6183],[-7.41738,42.6139],[-7.41674,42.61361],[-7.4151,42.61345],[-7.41431,42.61289],[-7.41421,42.61223],[-7.4149,42.6117],[-7.41621,42.609],[-7.41312,42.60493],[-7.40438,42.60225],[-7.40378,42.6014],[-7.40396,42.60033],[-7.40559,42.59932],[-7.407,42.59919],[-7.40848,42.59802],[-7.40866,42.59707],[-7.40582,42.59564],[-7.40331,42.59482],[-7.40052,42.59425],[-7.38969,42.59485],[-7.37744,42.59684],[-7.36743,42.59919],[-7.36364,42.60068],[-7.35754,42.60458],[-7.35034,42.60993],[-7.34602,42.61351],[-7.34314,42.61667],[-7.34475,42.61631],[-7.35144,42.61793],[-7.35388,42.62012],[-7.3562,42.62168],[-7.35878,42.6224],[-7.36064,42.62377],[-7.36676,42.62618],[-7.3768,42.62611],[-7.379,42.62532],[-7.3822,42.62233],[-7.38452,42.62138],[-7.38376,42.62603],[-7.3844,42.62823],[-7.39424,42.63112],[-7.39857,42.63509],[-7.39895,42.63543]]]}},{"type":"Feature","properties":{"COD_POSTAL":"27298"},"geometry":{"type":"Polygon","coordinates":[[[-7.5769,43.0696],[-7.57767,43.07142],[-7.58022,43.06927],[-7.58644,43.06565],[-7.59592,43.066],[-7.6062,43.05359],[-7.60514,43.05342],[-7.60191,43.05223],[-7.6011,43.0517],[-7.59949,43.05001],[-7.59494,43.04805],[-7.59296,43.0475],[-7.59042,43.04717],[-7.588,43.04641],[-7.58833,43.04727],[-7.5878,43.04789],[-7.58692,43.04778],[-7.58378,43.04491],[-7.57994,43.04547],[-7.57851,43.04899],[-7.57902,43.04987],[-7.57818,43.05227],[-7.57036,43.05206],[-7.57078,43.05426],[-7.56997,43.05613],[-7.57054,43.05758],[-7.57387,43.06057],[-7.57462,43.06287],[-7.57424,43.0646],[-7.57517,43.06733],[-7.5769,43.0696]]]}},{"type":"Feature","properties":{"COD_POSTAL":"27283"},"geometry":{"type":"Polygon","coordinates":[[[-7.32376,43.21309],[-7.32879,43.21268],[-7.33351,43.21172],[-7.34203,43.21198],[-7.34684,43.21183],[-7.34708,43.21042],[-7.34679,43.20885],[-7.34712,43.20702],[-7.34695,43.20537],[-7.34829,43.20309],[-7.3482,43.20233],[-7.3556,43.19766],[-7.35652,43.19732],[-7.35749,43.19641],[-7.36049,43.19575],[-7.36071,43.19293],[-7.35459,43.19196],[-7.34466,43.19132],[-7.33778,43.19201],[-7.33242,43.18515],[-7.3273,43.18017],[-7.32443,43.18018],[-7.32036,43.17823],[-7.3194,43.17857],[-7.30625,43.17985],[-7.30432,43.17704],[-7.29726,43.17762],[-7.29246,43.17912],[-7.28539,43.17802],[-7.28534,43.17935],[-7.28648,43.18222],[-7.28562,43.18345],[-7.28566,43.18374],[-7.28707,43.18424],[-7.28747,43.18507],[-7.28718,43.18629],[-7.28751,43.18719],[-7.28697,43.18866],[-7.28724,43.18981],[-7.28715,43.19038],[-7.28665,43.19096],[-7.28767,43.19233],[-7.28731,43.19314],[-7.28798,43.19412],[-7.29073,43.19457],[-7.29157,43.19382],[-7.29386,43.19316],[-7.29534,43.19312],[-7.29839,43.19448],[-7.30146,43.19491],[-7.30302,43.19681],[-7.30389,43.1985],[-7.30593,43.20134],[-7.30813,43.20345],[-7.30817,43.20427],[-7.30914,43.20558],[-7.31067,43.20995],[-7.3111,43.21038],[-7.31358,43.21111],[-7.31477,43.21198],[-7.31552,43.21225],[-7.31878,43.21288],[-7.32234,43.21288],[-7.32376,43.21309]]]}},{"type":"Feature","properties":{"COD_POSTAL":"27593"},"geometry":{"type":"Polygon","coordinates":[[[-7.58914,42.59541],[-7.59224,42.59594],[-7.59452,42.59504],[-7.60284,42.59065],[-7.60512,42.5882],[-7.60615,42.58474],[-7.60898,42.57827],[-7.61318,42.57132],[-7.61323,42.56912],[-7.60726,42.55978],[-7.62245,42.55982],[-7.62049,42.55787],[-7.6203,42.55533],[-7.6212,42.55261],[-7.6213,42.55104],[-7.62087,42.54894],[-7.61916,42.54719],[-7.61787,42.54487],[-7.61602,42.54295],[-7.60841,42.54339],[-7.60546,42.54385],[-7.60436,42.54431],[-7.60073,42.54678],[-7.58923,42.55375],[-7.58551,42.55391],[-7.58314,42.55579],[-7.58068,42.56085],[-7.57813,42.56412],[-7.57734,42.56706],[-7.57725,42.57215],[-7.5775,42.57375],[-7.5775,42.57713],[-7.5795,42.5778],[-7.58028,42.58106],[-7.58024,42.5816],[-7.57964,42.58271],[-7.58007,42.58394],[-7.58042,42.5869],[-7.58034,42.58826],[-7.57952,42.59048],[-7.57955,42.59116],[-7.5787,42.59227],[-7.57849,42.59319],[-7.57736,42.59414],[-7.57886,42.59421],[-7.5799,42.59526],[-7.58566,42.59504],[-7.58914,42.59541]]]}},{"type":"Feature","properties":{"COD_POSTAL":"27154"},"geometry":{"type":"Polygon","coordinates":[[[-7.57332,43.07534],[-7.57007,43.07828],[-7.57298,43.0844],[-7.57284,43.08589],[-7.57226,43.0872],[-7.56999,43.09009],[-7.57535,43.09274],[-7.58173,43.09739],[-7.58359,43.09676],[-7.58687,43.09683],[-7.58991,43.09782],[-7.59174,43.10017],[-7.59599,43.10208],[-7.59686,43.10071],[-7.60026,43.10119],[-7.60306,43.10034],[-7.6039,43.09874],[-7.60439,43.09675],[-7.60508,43.09637],[-7.60548,43.09551],[-7.60609,43.09327],[-7.6065,43.09251],[-7.60787,43.09121],[-7.60913,43.09144],[-7.61043,43.09105],[-7.61213,43.08968],[-7.61711,43.08887],[-7.619,43.09014],[-7.61999,43.09028],[-7.62173,43.08996],[-7.62177,43.09023],[-7.62291,43.09006],[-7.62597,43.08836],[-7.62714,43.08718],[-7.62777,43.08588],[-7.62743,43.08403],[-7.62679,43.08351],[-7.62675,43.08243],[-7.62726,43.08149],[-7.62868,43.0807],[-7.63169,43.08028],[-7.6329,43.07982],[-7.63543,43.07792],[-7.63626,43.07543],[-7.6353,43.07347],[-7.63442,43.07032],[-7.63422,43.06707],[-7.63333,43.06548],[-7.62017,43.05546],[-7.6062,43.05359],[-7.59592,43.066],[-7.58644,43.06565],[-7.58022,43.06927],[-7.57767,43.07142],[-7.57332,43.07534]]]}},{"type":"Feature","properties":{"COD_POSTAL":"27861"},"geometry":{"type":"Polygon","coordinates":[[[-7.61177,43.664],[-7.61046,43.66479],[-7.6083,43.66499],[-7.60726,43.66547],[-7.60318,43.66643],[-7.60328,43.66685],[-7.60206,43.66766],[-7.60039,43.67125],[-7.60047,43.67206],[-7.60087,43.67268],[-7.60311,43.67258],[-7.60566,43.67298],[-7.60793,43.67357],[-7.61157,43.67539],[-7.61191,43.67635],[-7.61104,43.67655],[-7.61082,43.67692],[-7.61108,43.67814],[-7.61136,43.67844],[-7.611,43.67866],[-7.61176,43.67921],[-7.61168,43.67863],[-7.61291,43.67884],[-7.61348,43.6787],[-7.61398,43.6792],[-7.61374,43.6798],[-7.6141,43.68017],[-7.61406,43.68112],[-7.61361,43.68151],[-7.61359,43.68325],[-7.61388,43.68396],[-7.61422,43.68416],[-7.61334,43.68459],[-7.61411,43.68589],[-7.61332,43.68627],[-7.61334,43.68686],[-7.61289,43.68752],[-7.61289,43.68852],[-7.61331,43.68905],[-7.61262,43.68926],[-7.61226,43.68986],[-7.61143,43.69048],[-7.61008,43.69073],[-7.60897,43.69178],[-7.60796,43.69183],[-7.60731,43.69159],[-7.6072,43.69178],[-7.60799,43.69206],[-7.60796,43.69249],[-7.60843,43.69294],[-7.60749,43.69332],[-7.60714,43.6939],[-7.60638,43.69358],[-7.60576,43.6944],[-7.60574,43.69491],[-7.6054,43.69494],[-7.6052,43.69524],[-7.60557,43.69557],[-7.60522,43.69632],[-7.6048,43.6965],[-7.60462,43.69748],[-7.60501,43.69784],[-7.60534,43.69782],[-7.60494,43.69856],[-7.60544,43.69903],[-7.60472,43.6994],[-7.60377,43.70128],[-7.60445,43.70185],[-7.60486,43.70187],[-7.60488,43.70263],[-7.60535,43.7028],[-7.60623,43.70208],[-7.60619,43.70287],[-7.60664,43.70337],[-7.60691,43.70338],[-7.6077,43.70181],[-7.60823,43.70169],[-7.60842,43.70125],[-7.60905,43.70115],[-7.60984,43.69969],[-7.61036,43.69963],[-7.61015,43.70034],[-7.61029,43.70055],[-7.61085,43.70052],[-7.6114,43.70092],[-7.6119,43.7018],[-7.61258,43.70201],[-7.61291,43.70267],[-7.61374,43.70326],[-7.61361,43.70413],[-7.61298,43.70512],[-7.61295,43.70649],[-7.61217,43.70725],[-7.61259,43.70652],[-7.61246,43.70633],[-7.6119,43.70647],[-7.61164,43.70716],[-7.61212,43.70726],[-7.61197,43.70763],[-7.61091,43.70889],[-7.61069,43.70976],[-7.61031,43.70996],[-7.61013,43.71057],[-7.61035,43.71068],[-7.61124,43.71033],[-7.61157,43.71055],[-7.61144,43.71122],[-7.61031,43.71141],[-7.60955,43.71119],[-7.60942,43.71145],[-7.60895,43.71141],[-7.60848,43.71172],[-7.60838,43.71214],[-7.60767,43.71248],[-7.60742,43.71221],[-7.60687,43.71232],[-7.60673,43.7136],[-7.60713,43.71381],[-7.60788,43.71368],[-7.60796,43.71401],[-7.60781,43.71413],[-7.60796,43.71455],[-7.60744,43.71483],[-7.60716,43.71556],[-7.6074,43.71575],[-7.60792,43.71567],[-7.60844,43.71502],[-7.6085,43.71593],[-7.60845,43.71629],[-7.60755,43.71669],[-7.60682,43.7167],[-7.60637,43.71771],[-7.60662,43.71791],[-7.60704,43.7178],[-7.6072,43.71826],[-7.60828,43.71843],[-7.60873,43.71798],[-7.60888,43.71742],[-7.60973,43.71728],[-7.60994,43.71766],[-7.61082,43.71728],[-7.61075,43.71682],[-7.61127,43.71661],[-7.61144,43.71555],[-7.6125,43.71491],[-7.61323,43.71504],[-7.61365,43.71473],[-7.61463,43.71543],[-7.61467,43.71692],[-7.61519,43.71727],[-7.61483,43.7183],[-7.61516,43.71882],[-7.61562,43.71889],[-7.61626,43.71857],[-7.61632,43.71838],[-7.61597,43.71811],[-7.61644,43.71787],[-7.61629,43.71758],[-7.61656,43.71739],[-7.61711,43.71774],[-7.61819,43.71767],[-7.61892,43.71725],[-7.61906,43.71692],[-7.62026,43.71735],[-7.6198,43.71847],[-7.61999,43.71869],[-7.62073,43.71868],[-7.62143,43.71823],[-7.62209,43.71854],[-7.62277,43.71847],[-7.62313,43.71799],[-7.62365,43.71796],[-7.62408,43.7184],[-7.62515,43.71876],[-7.62535,43.71911],[-7.62717,43.71999],[-7.62863,43.72111],[-7.62906,43.72181],[-7.62893,43.72242],[-7.62794,43.72329],[-7.62784,43.72356],[-7.62804,43.72372],[-7.62728,43.72437],[-7.62688,43.72427],[-7.62633,43.72476],[-7.62623,43.72552],[-7.6272,43.72613],[-7.62794,43.72603],[-7.62799,43.72645],[-7.62873,43.72616],[-7.62902,43.72693],[-7.6294,43.72726],[-7.62931,43.72779],[-7.62952,43.72811],[-7.63076,43.72851],[-7.63143,43.72908],[-7.63088,43.73031],[-7.63069,43.73029],[-7.62996,43.73137],[-7.6299,43.73255],[-7.6301,43.73277],[-7.63079,43.73251],[-7.63115,43.73271],[-7.63093,43.7332],[-7.63041,43.73328],[-7.63009,43.73478],[-7.63098,43.73518],[-7.63113,43.7357],[-7.63182,43.73624],[-7.63248,43.73627],[-7.63279,43.73667],[-7.63303,43.73672],[-7.63966,43.73188],[-7.65438,43.72074],[-7.65701,43.7203],[-7.66999,43.72263],[-7.68299,43.72785],[-7.68411,43.7302],[-7.68731,43.73057],[-7.69068,43.73138],[-7.69272,43.73268],[-7.69307,43.73336],[-7.6954,43.73543],[-7.69761,43.73591],[-7.69981,43.73521],[-7.69951,43.73189],[-7.69722,43.72866],[-7.69681,43.72617],[-7.69613,43.72479],[-7.69786,43.72049],[-7.69729,43.71953],[-7.69626,43.71849],[-7.69345,43.71608],[-7.69456,43.71546],[-7.69608,43.71379],[-7.6991,43.71453],[-7.70112,43.71328],[-7.70155,43.71234],[-7.70253,43.71153],[-7.70373,43.71115],[-7.70656,43.71106],[-7.70759,43.71042],[-7.70763,43.70987],[-7.70735,43.70935],[-7.70628,43.70836],[-7.70535,43.70788],[-7.70307,43.70765],[-7.70188,43.70707],[-7.70155,43.70661],[-7.70158,43.70617],[-7.70744,43.70288],[-7.70733,43.70121],[-7.70613,43.70124],[-7.70593,43.70046],[-7.70484,43.70032],[-7.7039,43.69961],[-7.70181,43.69916],[-7.70271,43.6985],[-7.70325,43.69762],[-7.70307,43.69582],[-7.69859,43.69566],[-7.70118,43.69392],[-7.70357,43.69267],[-7.70213,43.69122],[-7.70207,43.68932],[-7.69789,43.68875],[-7.69397,43.69006],[-7.69038,43.69028],[-7.6852,43.68751],[-7.67548,43.69155],[-7.67137,43.6912],[-7.66521,43.68517],[-7.66049,43.68404],[-7.65778,43.68194],[-7.65474,43.68087],[-7.65199,43.6756],[-7.65399,43.67409],[-7.65478,43.67275],[-7.65529,43.67095],[-7.65496,43.66739],[-7.6501,43.66058],[-7.64914,43.65871],[-7.64836,43.65608],[-7.64658,43.65592],[-7.64187,43.65425],[-7.64121,43.65276],[-7.63834,43.65453],[-7.63518,43.65477],[-7.63493,43.65495],[-7.63134,43.65474],[-7.63009,43.65569],[-7.63006,43.65682],[-7.62948,43.65762],[-7.62944,43.65871],[-7.6289,43.6596],[-7.628,43.66238],[-7.62687,43.66266],[-7.62576,43.66256],[-7.61545,43.66075],[-7.61475,43.66091],[-7.61306,43.66318],[-7.61177,43.664]]]}},{"type":"Feature","properties":{"COD_POSTAL":"27811"},"geometry":{"type":"Polygon","coordinates":[[[-7.64373,43.23315],[-7.64379,43.23524],[-7.64267,43.23903],[-7.64175,43.24363],[-7.64185,43.24582],[-7.64587,43.25163],[-7.64683,43.25329],[-7.64733,43.25482],[-7.64748,43.25635],[-7.64704,43.25816],[-7.64549,43.26084],[-7.6476,43.26051],[-7.65146,43.25823],[-7.65458,43.25793],[-7.65831,43.25807],[-7.65949,43.25786],[-7.66279,43.25621],[-7.66802,43.25453],[-7.67084,43.25412],[-7.67866,43.25419],[-7.68133,43.25381],[-7.6859,43.25211],[-7.69306,43.24823],[-7.69354,43.24843],[-7.69558,43.24794],[-7.69597,43.2488],[-7.69913,43.24557],[-7.69893,43.24519],[-7.69911,43.24435],[-7.69863,43.24224],[-7.69786,43.24086],[-7.69651,43.24011],[-7.69577,43.23911],[-7.69558,43.23806],[-7.69648,43.23598],[-7.69672,43.23393],[-7.69895,43.23157],[-7.69778,43.23079],[-7.69861,43.23049],[-7.69842,43.22854],[-7.6966,43.22792],[-7.69646,43.22758],[-7.69569,43.22726],[-7.69295,43.22647],[-7.69272,43.22586],[-7.69325,43.22522],[-7.69295,43.22345],[-7.68836,43.22271],[-7.68712,43.22027],[-7.68567,43.21811],[-7.68715,43.2154],[-7.68814,43.21191],[-7.68522,43.20765],[-7.67985,43.21126],[-7.67762,43.21198],[-7.67638,43.21269],[-7.67425,43.21321],[-7.67327,43.21289],[-7.67104,43.213],[-7.66514,43.21426],[-7.66103,43.21444],[-7.65813,43.21412],[-7.64792,43.22331],[-7.64349,43.23212],[-7.64373,43.23315]]]}},{"type":"Feature","properties":{"COD_POSTAL":"27544"},"geometry":{"type":"Polygon","coordinates":[[[-7.65852,42.73752],[-7.66124,42.73667],[-7.66242,42.7369],[-7.66538,42.74008],[-7.66596,42.74043],[-7.66888,42.74123],[-7.67004,42.74128],[-7.67111,42.74117],[-7.67188,42.74068],[-7.67373,42.73852],[-7.67735,42.73633],[-7.68001,42.73554],[-7.68375,42.73547],[-7.68596,42.73496],[-7.68626,42.73437],[-7.68541,42.73164],[-7.68541,42.72664],[-7.68491,42.72598],[-7.68364,42.72514],[-7.68335,42.72432],[-7.68418,42.72287],[-7.6877,42.72179],[-7.68841,42.72126],[-7.68898,42.72019],[-7.68882,42.71877],[-7.68597,42.71397],[-7.68437,42.71296],[-7.68091,42.71245],[-7.67949,42.71182],[-7.67876,42.71112],[-7.67819,42.7091],[-7.67773,42.70829],[-7.67449,42.7042],[-7.66936,42.70205],[-7.66713,42.70027],[-7.66564,42.69811],[-7.66458,42.6944],[-7.66554,42.69174],[-7.66558,42.69018],[-7.66373,42.68803],[-7.6616,42.68765],[-7.65913,42.68864],[-7.65668,42.68795],[-7.65426,42.68635],[-7.65233,42.68427],[-7.6499,42.68285],[-7.64769,42.6824],[-7.63982,42.68331],[-7.63394,42.68537],[-7.63315,42.68835],[-7.63415,42.69173],[-7.648,42.70437],[-7.64888,42.70701],[-7.651,42.70988],[-7.64846,42.70958],[-7.64837,42.71167],[-7.64737,42.7125],[-7.64842,42.71357],[-7.64992,42.71416],[-7.64828,42.7159],[-7.64708,42.716],[-7.64563,42.71554],[-7.64379,42.71452],[-7.64273,42.71284],[-7.64047,42.71281],[-7.63624,42.715],[-7.63499,42.71709],[-7.63819,42.72862],[-7.64002,42.72814],[-7.64223,42.72875],[-7.64341,42.72869],[-7.64523,42.72942],[-7.64728,42.72977],[-7.64914,42.72867],[-7.64993,42.72848],[-7.65092,42.72897],[-7.65306,42.72903],[-7.65461,42.72943],[-7.6551,42.72996],[-7.65521,42.73201],[-7.65615,42.73339],[-7.65649,42.73569],[-7.65749,42.73805],[-7.65852,42.73752]]]}},{"type":"Feature","properties":{"COD_POSTAL":"27789"},"geometry":{"type":"Polygon","coordinates":[[[-7.28303,43.59114],[-7.28336,43.59146],[-7.28722,43.59193],[-7.28798,43.59243],[-7.28994,43.59298],[-7.29038,43.59295],[-7.29157,43.59222],[-7.29385,43.59258],[-7.29516,43.59242],[-7.29688,43.59297],[-7.29802,43.59254],[-7.29918,43.59309],[-7.29869,43.59409],[-7.29822,43.59436],[-7.2931,43.59535],[-7.29456,43.59715],[-7.29466,43.59796],[-7.29518,43.59826],[-7.2949,43.59862],[-7.29506,43.59903],[-7.29633,43.5991],[-7.29646,43.59976],[-7.29702,43.59986],[-7.29656,43.60095],[-7.29611,43.60129],[-7.29622,43.60185],[-7.29735,43.60179],[-7.29844,43.60268],[-7.2986,43.60294],[-7.29833,43.60368],[-7.29846,43.60398],[-7.29893,43.60417],[-7.29985,43.60358],[-7.30114,43.6036],[-7.30309,43.60491],[-7.3032,43.60524],[-7.30462,43.6059],[-7.30627,43.60714],[-7.3125,43.60073],[-7.31754,43.59762],[-7.32468,43.59616],[-7.33561,43.59572],[-7.33973,43.59714],[-7.34209,43.59423],[-7.34208,43.59403],[-7.3314,43.58972],[-7.32793,43.58648],[-7.32575,43.58338],[-7.32457,43.57951],[-7.32259,43.57476],[-7.32143,43.57326],[-7.31909,43.57267],[-7.31448,43.57283],[-7.29626,43.57776],[-7.29427,43.58019],[-7.29295,43.58484],[-7.29021,43.58584],[-7.28714,43.58865],[-7.2826,43.59054],[-7.28303,43.59114]]]}},{"type":"Feature","properties":{"COD_POSTAL":"27821"},"geometry":{"type":"Polygon","coordinates":[[[-7.72326,43.30696],[-7.72409,43.30749],[-7.72549,43.30604],[-7.73104,43.30238],[-7.73089,43.30232],[-7.7326,43.3005],[-7.73428,43.2977],[-7.73626,43.29523],[-7.73774,43.29139],[-7.7384,43.28875],[-7.73743,43.28828],[-7.7347,43.2878],[-7.7299,43.28634],[-7.72724,43.28583],[-7.72468,43.28812],[-7.7203,43.2899],[-7.71606,43.29009],[-7.71367,43.29059],[-7.71192,43.29057],[-7.70953,43.29124],[-7.70879,43.2919],[-7.70608,43.29177],[-7.70543,43.29197],[-7.70371,43.29085],[-7.70288,43.29065],[-7.70046,43.29081],[-7.69961,43.29024],[-7.69948,43.29121],[-7.69988,43.2931],[-7.70039,43.29347],[-7.70247,43.29349],[-7.70411,43.29468],[-7.70515,43.29706],[-7.70596,43.29761],[-7.70632,43.29832],[-7.70932,43.30062],[-7.70942,43.30209],[-7.7103,43.30339],[-7.71265,43.30432],[-7.71473,43.30466],[-7.71544,43.30512],[-7.71622,43.30465],[-7.71702,43.30457],[-7.71762,43.30506],[-7.71808,43.30486],[-7.71981,43.30497],[-7.72095,43.30539],[-7.72185,43.30611],[-7.72284,43.30621],[-7.72288,43.30644],[-7.72298,43.30628],[-7.72338,43.30665],[-7.72326,43.30696]]]}},{"type":"Feature","properties":{"COD_POSTAL":"27568"},"geometry":{"type":"Polygon","coordinates":[[[-7.76648,42.88179],[-7.7708,42.8842],[-7.7757,42.88204],[-7.77576,42.88125],[-7.77976,42.87949],[-7.78061,42.8798],[-7.78855,42.87614],[-7.79363,42.87288],[-7.79968,42.87099],[-7.80373,42.86749],[-7.81192,42.85852],[-7.81273,42.85695],[-7.81321,42.85463],[-7.81247,42.85126],[-7.80763,42.852],[-7.80605,42.85204],[-7.79954,42.85126],[-7.7994,42.84993],[-7.79975,42.84924],[-7.80029,42.84627],[-7.80644,42.83955],[-7.80592,42.83475],[-7.80681,42.832],[-7.80917,42.82812],[-7.81201,42.82606],[-7.80827,42.82182],[-7.8071,42.82097],[-7.80528,42.81892],[-7.80463,42.81732],[-7.80487,42.8163],[-7.80649,42.81622],[-7.80819,42.81678],[-7.80937,42.8169],[-7.81061,42.8163],[-7.8128,42.81444],[-7.81317,42.81269],[-7.81407,42.81174],[-7.81537,42.81135],[-7.81627,42.81063],[-7.81848,42.81084],[-7.82051,42.81138],[-7.82263,42.81134],[-7.82332,42.81109],[-7.82516,42.80963],[-7.826,42.80836],[-7.82705,42.80407],[-7.82651,42.80309],[-7.82711,42.80196],[-7.82834,42.79666],[-7.82831,42.79512],[-7.82591,42.79517],[-7.82651,42.7942],[-7.82812,42.79351],[-7.82807,42.79309],[-7.82636,42.79294],[-7.82615,42.79249],[-7.82789,42.7864],[-7.82841,42.78579],[-7.8294,42.78517],[-7.83129,42.78463],[-7.83232,42.78401],[-7.83371,42.78247],[-7.83607,42.78178],[-7.83722,42.78113],[-7.83879,42.78122],[-7.83962,42.78067],[-7.83945,42.77925],[-7.83896,42.77852],[-7.83742,42.77762],[-7.83746,42.77578],[-7.83598,42.77639],[-7.83368,42.77836],[-7.83282,42.77881],[-7.8316,42.77902],[-7.82173,42.77747],[-7.81781,42.77638],[-7.81378,42.77656],[-7.8133,42.77386],[-7.81253,42.77223],[-7.81211,42.77181],[-7.81077,42.77165],[-7.81032,42.77124],[-7.80517,42.77217],[-7.80126,42.77053],[-7.79436,42.7713],[-7.79201,42.7698],[-7.79097,42.76794],[-7.78861,42.7681],[-7.78041,42.76635],[-7.76891,42.76795],[-7.76238,42.78428],[-7.76152,42.80189],[-7.76564,42.80868],[-7.75981,42.80777],[-7.76176,42.82291],[-7.75701,42.82713],[-7.75796,42.82844],[-7.76076,42.83113],[-7.75975,42.83347],[-7.75815,42.8393],[-7.75564,42.84245],[-7.75517,42.84578],[-7.74854,42.84426],[-7.74182,42.85135],[-7.73894,42.85199],[-7.73942,42.85547],[-7.74093,42.86128],[-7.75038,42.87483],[-7.75379,42.87611],[-7.76345,42.87881],[-7.76453,42.87969],[-7.76648,42.88179]]]}},{"type":"Feature","properties":{"COD_POSTAL":"27836"},"geometry":{"type":"Polygon","coordinates":[[[-7.74855,43.55668],[-7.75065,43.5569],[-7.75152,43.55621],[-7.75354,43.5564],[-7.75468,43.55619],[-7.75509,43.55574],[-7.7549,43.55511],[-7.75235,43.55339],[-7.75211,43.55291],[-7.75263,43.55263],[-7.75582,43.55304],[-7.75671,43.55254],[-7.75694,43.55187],[-7.75601,43.5515],[-7.75421,43.55143],[-7.75292,43.55049],[-7.75287,43.55001],[-7.75335,43.54982],[-7.75596,43.54997],[-7.75948,43.54864],[-7.76016,43.54821],[-7.7603,43.54783],[-7.75976,43.54743],[-7.7591,43.5474],[-7.75762,43.54817],[-7.75687,43.548],[-7.75599,43.54707],[-7.7559,43.54649],[-7.75495,43.54615],[-7.75387,43.54482],[-7.75339,43.54487],[-7.75205,43.5458],[-7.75154,43.54544],[-7.75114,43.54373],[-7.74975,43.54385],[-7.74885,43.54331],[-7.74873,43.54279],[-7.7499,43.54253],[-7.74982,43.54212],[-7.74835,43.54215],[-7.74797,43.5419],[-7.74862,43.5406],[-7.74984,43.54062],[-7.75024,43.54035],[-7.75028,43.5401],[-7.74943,43.53936],[-7.74978,43.53844],[-7.75091,43.53665],[-7.75222,43.5354],[-7.75258,43.53445],[-7.75522,43.5318],[-7.7546,43.53111],[-7.75421,43.53105],[-7.75182,43.53204],[-7.74989,43.53164],[-7.74886,43.532],[-7.74842,43.53298],[-7.74817,43.53303],[-7.74779,43.53281],[-7.74757,43.53208],[-7.74562,43.53163],[-7.7445,43.53044],[-7.74448,43.52975],[-7.74612,43.5295],[-7.74638,43.52917],[-7.74556,43.5285],[-7.74402,43.52849],[-7.74354,43.52655],[-7.74371,43.52621],[-7.74501,43.52647],[-7.74684,43.52416],[-7.74849,43.52404],[-7.74916,43.52366],[-7.74897,43.52335],[-7.7478,43.52323],[-7.74754,43.52199],[-7.74659,43.52139],[-7.7462,43.52083],[-7.74853,43.52024],[-7.74967,43.51942],[-7.7493,43.51868],[-7.74674,43.51786],[-7.74687,43.51724],[-7.74914,43.51643],[-7.74894,43.51598],[-7.74794,43.51584],[-7.74745,43.51532],[-7.74862,43.51346],[-7.74756,43.51343],[-7.74714,43.5132],[-7.74672,43.51334],[-7.74635,43.51393],[-7.74517,43.51387],[-7.74468,43.51361],[-7.74461,43.51327],[-7.74527,43.51215],[-7.74446,43.51207],[-7.74443,43.5119],[-7.7448,43.51134],[-7.7465,43.51002],[-7.74634,43.50904],[-7.74718,43.50841],[-7.75155,43.50765],[-7.75404,43.50952],[-7.75589,43.50978],[-7.75763,43.50947],[-7.75826,43.50913],[-7.75878,43.50847],[-7.76189,43.50235],[-7.76046,43.50245],[-7.76023,43.50224],[-7.75997,43.50064],[-7.75871,43.49967],[-7.75731,43.49895],[-7.75712,43.49816],[-7.75828,43.49797],[-7.76035,43.49573],[-7.76232,43.49312],[-7.76374,43.49309],[-7.76827,43.48759],[-7.76645,43.48541],[-7.76637,43.48385],[-7.76706,43.48259],[-7.76754,43.48014],[-7.76859,43.48011],[-7.76978,43.47955],[-7.76984,43.47876],[-7.76917,43.47791],[-7.76916,43.47744],[-7.771,43.47569],[-7.7707,43.47481],[-7.76961,43.47359],[-7.76963,43.47276],[-7.77104,43.47183],[-7.77257,43.47135],[-7.7731,43.4705],[-7.7729,43.46845],[-7.77307,43.46809],[-7.77357,43.46747],[-7.7754,43.46666],[-7.77491,43.46573],[-7.77506,43.46387],[-7.77627,43.46246],[-7.77537,43.45957],[-7.77729,43.4579],[-7.77755,43.4574],[-7.77812,43.45401],[-7.77935,43.45155],[-7.78008,43.44891],[-7.78192,43.44738],[-7.78289,43.44695],[-7.78415,43.44573],[-7.78402,43.44444],[-7.78429,43.44266],[-7.7839,43.44201],[-7.78224,43.44087],[-7.78109,43.43697],[-7.77645,43.43818],[-7.76754,43.43869],[-7.75506,43.44039],[-7.74206,43.44105],[-7.73839,43.43878],[-7.73708,43.43769],[-7.73541,43.43787],[-7.73281,43.4364],[-7.73273,43.4356],[-7.73335,43.43433],[-7.73189,43.4329],[-7.73169,43.43258],[-7.73186,43.43191],[-7.72974,43.42909],[-7.72418,43.43272],[-7.71813,43.43563],[-7.71393,43.43733],[-7.71149,43.44065],[-7.70826,43.4411],[-7.70414,43.44224],[-7.70156,43.44373],[-7.69923,43.44386],[-7.69568,43.44271],[-7.69314,43.44352],[-7.69129,43.44474],[-7.69016,43.44515],[-7.68448,43.4456],[-7.68436,43.44656],[-7.68492,43.44711],[-7.6861,43.44702],[-7.68533,43.44763],[-7.68768,43.44814],[-7.6872,43.4495],[-7.69045,43.45029],[-7.69207,43.45156],[-7.6945,43.45275],[-7.69397,43.45307],[-7.69422,43.45371],[-7.69409,43.4561],[-7.6916,43.45707],[-7.69154,43.45802],[-7.68808,43.45881],[-7.68706,43.45965],[-7.68697,43.45999],[-7.68537,43.46107],[-7.68393,43.46136],[-7.68239,43.46114],[-7.67915,43.46391],[-7.67777,43.46547],[-7.67588,43.4689],[-7.67587,43.47111],[-7.67655,43.47292],[-7.67675,43.47446],[-7.67647,43.47568],[-7.67581,43.47668],[-7.67613,43.4775],[-7.67558,43.47833],[-7.67483,43.47851],[-7.67463,43.479],[-7.67392,43.47954],[-7.67266,43.47968],[-7.6711,43.48227],[-7.66949,43.48308],[-7.66997,43.48416],[-7.66963,43.48465],[-7.67052,43.48611],[-7.67221,43.48626],[-7.67253,43.48665],[-7.67266,43.4875],[-7.6721,43.48788],[-7.67166,43.4888],[-7.67055,43.48924],[-7.66972,43.49016],[-7.66813,43.49088],[-7.66762,43.48863],[-7.6677,43.48807],[-7.66632,43.48649],[-7.66615,43.48568],[-7.66558,43.4854],[-7.66392,43.48525],[-7.66103,43.48656],[-7.65849,43.48627],[-7.65813,43.48662],[-7.65715,43.48668],[-7.65621,43.48621],[-7.65408,43.48598],[-7.65207,43.48524],[-7.65025,43.4852],[-7.64867,43.48721],[-7.647,43.48772],[-7.64808,43.48818],[-7.64921,43.48974],[-7.65041,43.49035],[-7.65456,43.49419],[-7.65302,43.4967],[-7.65235,43.49976],[-7.65219,43.50221],[-7.65418,43.50761],[-7.65477,43.50848],[-7.65561,43.50906],[-7.6557,43.51045],[-7.65548,43.5116],[-7.65413,43.51432],[-7.65021,43.51887],[-7.64983,43.52],[-7.65101,43.5214],[-7.65188,43.52181],[-7.65295,43.52162],[-7.65608,43.52265],[-7.65806,43.52248],[-7.65952,43.5234],[-7.66063,43.52276],[-7.66264,43.52233],[-7.66365,43.52257],[-7.66437,43.52325],[-7.66486,43.52441],[-7.66527,43.52677],[-7.66558,43.52705],[-7.66633,43.52716],[-7.66795,43.52577],[-7.67056,43.52207],[-7.67786,43.52194],[-7.67997,43.52231],[-7.6822,43.519],[-7.68416,43.51943],[-7.68569,43.51919],[-7.68702,43.51889],[-7.69001,43.51728],[-7.69196,43.51523],[-7.69214,43.51479],[-7.69193,43.51379],[-7.69227,43.51313],[-7.69489,43.5121],[-7.69751,43.50993],[-7.70106,43.50949],[-7.7019,43.50963],[-7.7022,43.5099],[-7.70255,43.51101],[-7.70157,43.51311],[-7.70182,43.51472],[-7.70097,43.51535],[-7.70055,43.51684],[-7.70111,43.51833],[-7.69984,43.51985],[-7.70066,43.52156],[-7.70064,43.52228],[-7.70011,43.52296],[-7.70013,43.52367],[-7.70051,43.52443],[-7.70069,43.52565],[-7.70124,43.52635],[-7.70196,43.52976],[-7.70383,43.53025],[-7.70428,43.53109],[-7.70603,43.5318],[-7.70605,43.53228],[-7.70484,43.53239],[-7.70465,43.5325],[-7.70482,43.53285],[-7.70632,43.53329],[-7.70819,43.53315],[-7.70836,43.53333],[-7.70808,43.53472],[-7.70828,43.53527],[-7.70857,43.53543],[-7.7092,43.53517],[-7.70959,43.5354],[-7.70936,43.53635],[-7.70804,43.53674],[-7.70699,43.5377],[-7.70702,43.5381],[-7.70756,43.53878],[-7.70834,43.53882],[-7.70889,43.5383],[-7.70908,43.53744],[-7.70975,43.53753],[-7.7104,43.53828],[-7.71112,43.53835],[-7.7117,43.53881],[-7.71242,43.53865],[-7.71274,43.53796],[-7.71354,43.53723],[-7.71563,43.53762],[-7.71669,43.53732],[-7.71717,43.53703],[-7.71722,43.53671],[-7.71667,43.53584],[-7.7162,43.53439],[-7.71638,43.53418],[-7.71845,43.53502],[-7.72084,43.53472],[-7.7217,43.53512],[-7.72216,43.53593],[-7.72212,43.53685],[-7.72142,43.5383],[-7.72173,43.53864],[-7.72245,43.53871],[-7.72356,43.53836],[-7.72415,43.53898],[-7.72414,43.53954],[-7.72433,43.53969],[-7.72533,43.53956],[-7.72606,43.53994],[-7.72705,43.53944],[-7.72729,43.53949],[-7.72754,43.54034],[-7.72821,43.54003],[-7.72897,43.53885],[-7.7296,43.53877],[-7.72956,43.54047],[-7.73059,43.541],[-7.73091,43.54149],[-7.73047,43.54183],[-7.72939,43.54172],[-7.72906,43.5421],[-7.73035,43.54251],[-7.73106,43.54247],[-7.73143,43.54258],[-7.73142,43.54279],[-7.7291,43.5437],[-7.72904,43.54419],[-7.73028,43.54425],[-7.73143,43.54389],[-7.73119,43.54492],[-7.73196,43.54541],[-7.73245,43.54457],[-7.73302,43.5449],[-7.73393,43.54462],[-7.73463,43.54478],[-7.73485,43.54518],[-7.73403,43.54637],[-7.7352,43.54634],[-7.73614,43.54662],[-7.73677,43.54615],[-7.73695,43.54623],[-7.73713,43.54811],[-7.73758,43.54795],[-7.73747,43.54738],[-7.7377,43.54715],[-7.73886,43.54682],[-7.73897,43.54608],[-7.73936,43.54569],[-7.74128,43.5467],[-7.74407,43.54654],[-7.74432,43.54667],[-7.7444,43.54741],[-7.7447,43.54772],[-7.74734,43.54836],[-7.7473,43.54877],[-7.74658,43.54964],[-7.74784,43.55098],[-7.74789,43.55328],[-7.74853,43.55501],[-7.74825,43.5565],[-7.74855,43.55668]]]}},{"type":"Feature","properties":{"COD_POSTAL":"27512"},"geometry":{"type":"Polygon","coordinates":[[[-7.80976,42.60284],[-7.80201,42.60331],[-7.8009,42.60548],[-7.80061,42.60536],[-7.79973,42.60597],[-7.79834,42.60635],[-7.79614,42.60567],[-7.79403,42.60847],[-7.7915,42.6132],[-7.79393,42.61804],[-7.80968,42.61817],[-7.81395,42.61886],[-7.81835,42.61898],[-7.82333,42.6229],[-7.825,42.62609],[-7.82801,42.63021],[-7.83108,42.63184],[-7.8353,42.62869],[-7.83771,42.62855],[-7.84024,42.62892],[-7.84383,42.62844],[-7.84402,42.62866],[-7.84436,42.62837],[-7.84802,42.62788],[-7.85691,42.62927],[-7.86096,42.63061],[-7.86322,42.63195],[-7.86295,42.6323],[-7.86566,42.63406],[-7.86719,42.63576],[-7.88688,42.64207],[-7.89183,42.64411],[-7.89165,42.64301],[-7.89242,42.64167],[-7.8921,42.64015],[-7.89341,42.6384],[-7.89228,42.63329],[-7.89241,42.6315],[-7.88785,42.62941],[-7.88022,42.62729],[-7.86828,42.62202],[-7.86322,42.61952],[-7.86202,42.61935],[-7.86132,42.61852],[-7.86084,42.6186],[-7.8577,42.6174],[-7.85694,42.61674],[-7.85683,42.61629],[-7.85472,42.61359],[-7.85358,42.60954],[-7.85469,42.60666],[-7.85729,42.6033],[-7.85732,42.60248],[-7.85611,42.6004],[-7.85713,42.59986],[-7.85247,42.59687],[-7.8503,42.59692],[-7.84217,42.59472],[-7.83886,42.59435],[-7.8367,42.59349],[-7.83578,42.59211],[-7.83556,42.59214],[-7.83482,42.58926],[-7.83344,42.5909],[-7.83275,42.59269],[-7.83094,42.5929],[-7.82968,42.59204],[-7.8273,42.59218],[-7.82567,42.59264],[-7.82462,42.59259],[-7.82204,42.59391],[-7.82219,42.59499],[-7.82165,42.59547],[-7.82042,42.59542],[-7.81845,42.59628],[-7.8175,42.59621],[-7.81792,42.59972],[-7.81752,42.60027],[-7.81308,42.59957],[-7.81228,42.5988],[-7.80976,42.60284]]]}},{"type":"Feature","properties":{"COD_POSTAL":"27412"},"geometry":{"type":"Polygon","coordinates":[[[-7.43999,42.5295],[-7.44074,42.52956],[-7.44045,42.53164],[-7.44059,42.53209],[-7.44152,42.53269],[-7.44398,42.53159],[-7.44506,42.53053],[-7.45025,42.53029],[-7.45186,42.52966],[-7.45595,42.52942],[-7.45904,42.52711],[-7.46167,42.52615],[-7.46856,42.52711],[-7.46421,42.52053],[-7.45369,42.52078],[-7.44872,42.5197],[-7.44449,42.51243],[-7.43904,42.50807],[-7.43794,42.50629],[-7.43566,42.50593],[-7.43344,42.50434],[-7.42717,42.49773],[-7.42305,42.49498],[-7.41818,42.49352],[-7.41302,42.49355],[-7.41501,42.49621],[-7.41614,42.49959],[-7.40937,42.50352],[-7.4057,42.50838],[-7.40639,42.51439],[-7.40682,42.51487],[-7.41008,42.51636],[-7.41338,42.51831],[-7.41541,42.51879],[-7.41556,42.51957],[-7.41475,42.52108],[-7.41487,42.52184],[-7.41526,42.52243],[-7.41754,42.52338],[-7.41927,42.52519],[-7.4208,42.52824],[-7.42063,42.52845],[-7.42117,42.53155],[-7.42251,42.53077],[-7.42386,42.53046],[-7.42996,42.53027],[-7.43349,42.52964],[-7.43797,42.5295],[-7.43999,42.5295]]]}},{"type":"Feature","properties":{"COD_POSTAL":"27186"},"geometry":{"type":"Polygon","coordinates":[[[-7.57731,42.8548],[-7.58125,42.85487],[-7.58282,42.85525],[-7.58326,42.8559],[-7.58862,42.85821],[-7.59035,42.85924],[-7.59202,42.85794],[-7.59476,42.85714],[-7.6008,42.85757],[-7.60294,42.85818],[-7.60946,42.8584],[-7.61047,42.85875],[-7.61013,42.85781],[-7.61036,42.85747],[-7.61171,42.8573],[-7.61257,42.85672],[-7.61532,42.8564],[-7.61567,42.85595],[-7.6158,42.85515],[-7.61758,42.85414],[-7.61821,42.85296],[-7.61888,42.85287],[-7.61875,42.85187],[-7.61861,42.85153],[-7.61746,42.85104],[-7.61715,42.85052],[-7.61705,42.84826],[-7.61294,42.8473],[-7.60983,42.84562],[-7.61229,42.83606],[-7.61085,42.83286],[-7.61108,42.82997],[-7.60719,42.82641],[-7.60611,42.82604],[-7.60509,42.82705],[-7.60516,42.82793],[-7.6059,42.82953],[-7.60543,42.82985],[-7.60387,42.82934],[-7.60186,42.82827],[-7.60038,42.82725],[-7.60007,42.8268],[-7.59978,42.82539],[-7.59868,42.82296],[-7.59645,42.82461],[-7.59293,42.82837],[-7.59178,42.83004],[-7.59025,42.83133],[-7.5899,42.83253],[-7.58997,42.8348],[-7.58931,42.83626],[-7.58864,42.8364],[-7.58807,42.83622],[-7.5866,42.83527],[-7.58508,42.83481],[-7.57931,42.8341],[-7.5752,42.83259],[-7.56772,42.83108],[-7.56595,42.83116],[-7.56463,42.83275],[-7.56378,42.83449],[-7.56336,42.83616],[-7.56349,42.83908],[-7.56388,42.83988],[-7.56473,42.84028],[-7.56852,42.84066],[-7.57189,42.8423],[-7.57287,42.84307],[-7.57327,42.84376],[-7.57386,42.84946],[-7.57452,42.85173],[-7.57587,42.85489],[-7.57731,42.8548]]]}},{"type":"Feature","properties":{"COD_POSTAL":"27810"},"geometry":{"type":"Polygon","coordinates":[[[-7.65401,43.29861],[-7.65668,43.30058],[-7.65891,43.30387],[-7.66309,43.30172],[-7.66766,43.29985],[-7.66741,43.29918],[-7.6677,43.29868],[-7.66766,43.29783],[-7.67159,43.29883],[-7.67371,43.29783],[-7.67455,43.29628],[-7.67554,43.29567],[-7.67616,43.29468],[-7.67702,43.29465],[-7.67759,43.29364],[-7.67805,43.2938],[-7.67858,43.29286],[-7.6785,43.29217],[-7.67812,43.29201],[-7.67906,43.29156],[-7.68314,43.2912],[-7.68373,43.29207],[-7.68688,43.29253],[-7.6877,43.29197],[-7.68797,43.29008],[-7.68883,43.28868],[-7.68817,43.28778],[-7.68807,43.28502],[-7.68718,43.28347],[-7.68785,43.2828],[-7.69113,43.28255],[-7.69389,43.28374],[-7.69274,43.28236],[-7.69256,43.2817],[-7.69304,43.28032],[-7.69403,43.27919],[-7.69421,43.27858],[-7.69386,43.27773],[-7.68983,43.27279],[-7.68629,43.27028],[-7.68596,43.27075],[-7.68428,43.27098],[-7.68272,43.27245],[-7.68222,43.27231],[-7.68183,43.27163],[-7.6821,43.27088],[-7.68156,43.27055],[-7.67964,43.2709],[-7.67948,43.27121],[-7.67811,43.27187],[-7.67725,43.27198],[-7.67567,43.27137],[-7.67502,43.27327],[-7.67522,43.27348],[-7.67514,43.27413],[-7.67417,43.27492],[-7.67372,43.27569],[-7.67228,43.27549],[-7.67187,43.27503],[-7.67115,43.27517],[-7.67058,43.27481],[-7.66864,43.27467],[-7.66756,43.27402],[-7.66734,43.27363],[-7.66647,43.27334],[-7.66481,43.27217],[-7.66334,43.27162],[-7.66189,43.27063],[-7.6565,43.26918],[-7.65473,43.26936],[-7.65187,43.27007],[-7.64808,43.26916],[-7.64541,43.27131],[-7.64286,43.27379],[-7.6399,43.27758],[-7.63502,43.28133],[-7.63467,43.28384],[-7.63167,43.28557],[-7.63127,43.2881],[-7.63683,43.28916],[-7.63678,43.28874],[-7.63727,43.2885],[-7.6378,43.28869],[-7.6383,43.28938],[-7.63932,43.28929],[-7.63848,43.28762],[-7.6395,43.28767],[-7.64043,43.28806],[-7.64166,43.28905],[-7.64111,43.28956],[-7.64098,43.29012],[-7.64587,43.29106],[-7.64639,43.29133],[-7.64665,43.29123],[-7.64783,43.29223],[-7.64868,43.29207],[-7.64886,43.29264],[-7.6487,43.29281],[-7.64848,43.29251],[-7.64809,43.29256],[-7.6496,43.29382],[-7.6536,43.2983],[-7.65401,43.29861]]]}},{"type":"Feature","properties":{"COD_POSTAL":"27692"},"geometry":{"type":"Polygon","coordinates":[[[-7.26026,42.84225],[-7.26775,42.85126],[-7.27922,42.84486],[-7.29476,42.8396],[-7.29484,42.83871],[-7.29865,42.83441],[-7.30004,42.83166],[-7.29777,42.82832],[-7.28714,42.82456],[-7.28319,42.8229],[-7.2826,42.82013],[-7.28177,42.81963],[-7.27972,42.81762],[-7.27773,42.8165],[-7.27643,42.81509],[-7.27408,42.81363],[-7.26583,42.81097],[-7.2612,42.80978],[-7.26022,42.80908],[-7.26045,42.80746],[-7.26181,42.80514],[-7.25939,42.80277],[-7.25629,42.80052],[-7.25387,42.79773],[-7.25082,42.79702],[-7.2469,42.79678],[-7.24018,42.79982],[-7.23677,42.80245],[-7.22908,42.8066],[-7.22861,42.80742],[-7.23071,42.80999],[-7.23512,42.8126],[-7.24801,42.82303],[-7.24956,42.82594],[-7.25698,42.83574],[-7.26002,42.84208],[-7.26026,42.84225]]]}},{"type":"Feature","properties":{"COD_POSTAL":"27128"},"geometry":{"type":"Polygon","coordinates":[[[-7.3006,43.09662],[-7.30945,43.11025],[-7.31973,43.11258],[-7.32882,43.11127],[-7.32962,43.10994],[-7.33014,43.10939],[-7.3305,43.10935],[-7.33289,43.1116],[-7.33568,43.11251],[-7.33675,43.11164],[-7.33699,43.11058],[-7.33915,43.11102],[-7.33954,43.11424],[-7.33978,43.11439],[-7.34347,43.11167],[-7.34757,43.11166],[-7.3476,43.1131],[-7.35159,43.11295],[-7.35694,43.10638],[-7.35604,43.1006],[-7.35656,43.09927],[-7.35663,43.09785],[-7.35768,43.09636],[-7.35856,43.09573],[-7.35726,43.09444],[-7.35826,43.09415],[-7.35864,43.09372],[-7.35836,43.0927],[-7.35936,43.09115],[-7.36035,43.09063],[-7.36113,43.08738],[-7.35902,43.07246],[-7.35578,43.07451],[-7.34658,43.07731],[-7.34223,43.077],[-7.33711,43.07583],[-7.33522,43.07418],[-7.32895,43.06733],[-7.3282,43.06586],[-7.32793,43.06036],[-7.32437,43.059],[-7.31947,43.05834],[-7.31748,43.05915],[-7.31708,43.05981],[-7.3157,43.0606],[-7.31328,43.06154],[-7.30891,43.06193],[-7.30726,43.06178],[-7.30458,43.06245],[-7.30227,43.06352],[-7.30069,43.06393],[-7.28897,43.06372],[-7.29156,43.07348],[-7.28973,43.07966],[-7.29063,43.08432],[-7.29304,43.08816],[-7.3006,43.09662]]]}},{"type":"Feature","properties":{"COD_POSTAL":"27418"},"geometry":{"type":"MultiPolygon","coordinates":[[[[-7.5065,42.55751],[-7.50278,42.55779],[-7.49824,42.55773],[-7.49631,42.55991],[-7.49776,42.56612],[-7.49872,42.57195],[-7.49755,42.57335],[-7.48799,42.5812],[-7.49696,42.58266],[-7.50465,42.58489],[-7.50941,42.59109],[-7.51093,42.59355],[-7.51314,42.59847],[-7.51437,42.60314],[-7.52868,42.60681],[-7.53626,42.60776],[-7.54063,42.61031],[-7.54726,42.61198],[-7.55396,42.61298],[-7.55482,42.61335],[-7.55832,42.60804],[-7.56242,42.60523],[-7.56487,42.59903],[-7.56647,42.59153],[-7.56284,42.58934],[-7.56288,42.58682],[-7.56133,42.58609],[-7.55919,42.58623],[-7.55919,42.58438],[-7.55057,42.58046],[-7.54238,42.57731],[-7.53224,42.58107],[-7.51815,42.58688],[-7.52001,42.58208],[-7.52562,42.57551],[-7.52681,42.56626],[-7.53492,42.55858],[-7.53943,42.55599],[-7.53714,42.5564],[-7.53414,42.55475],[-7.5248,42.55465],[-7.5094,42.55715],[-7.5065,42.55751]]],[[[-7.52271,42.52712],[-7.52002,42.52762],[-7.51336,42.52803],[-7.51064,42.52902],[-7.50931,42.53055],[-7.50854,42.53309],[-7.51165,42.53877],[-7.51058,42.54121],[-7.51112,42.54361],[-7.51467,42.53975],[-7.51799,42.53842],[-7.51869,42.53764],[-7.5227,42.53568],[-7.52832,42.53529],[-7.53051,42.53443],[-7.53493,42.53381],[-7.53712,42.53206],[-7.54063,42.52816],[-7.54237,42.52717],[-7.54671,42.52664],[-7.55176,42.53036],[-7.55411,42.5315],[-7.55582,42.533],[-7.56726,42.53616],[-7.56964,42.53029],[-7.57362,42.52661],[-7.56987,42.52557],[-7.57292,42.52283],[-7.57218,42.52224],[-7.57277,42.51668],[-7.57032,42.51409],[-7.56879,42.50989],[-7.56496,42.50457],[-7.56278,42.50767],[-7.55977,42.50901],[-7.55626,42.50993],[-7.54969,42.51377],[-7.54508,42.51427],[-7.54314,42.51504],[-7.54235,42.51609],[-7.53955,42.51715],[-7.53526,42.51628],[-7.53288,42.51548],[-7.52879,42.51361],[-7.53039,42.51799],[-7.53178,42.52],[-7.53137,42.5238],[-7.528,42.52647],[-7.52271,42.52712]]]]}},{"type":"Feature","properties":{"COD_POSTAL":"27776"},"geometry":{"type":"Polygon","coordinates":[[[-7.39332,43.55459],[-7.394,43.55534],[-7.39499,43.55815],[-7.39563,43.55884],[-7.40152,43.55363],[-7.40537,43.55097],[-7.40662,43.55261],[-7.42443,43.54938],[-7.4254,43.546],[-7.42537,43.54483],[-7.41584,43.54036],[-7.41496,43.53923],[-7.41472,43.53045],[-7.41443,43.52906],[-7.4146,43.52633],[-7.41447,43.52362],[-7.41384,43.52231],[-7.41261,43.52141],[-7.41039,43.52197],[-7.40783,43.52216],[-7.40649,43.52296],[-7.40417,43.52785],[-7.40053,43.52816],[-7.39574,43.52816],[-7.39312,43.52698],[-7.39062,43.52645],[-7.38853,43.52643],[-7.3754,43.52758],[-7.36815,43.52684],[-7.35898,43.52471],[-7.357,43.52239],[-7.35743,43.52163],[-7.35532,43.52052],[-7.35141,43.51934],[-7.35052,43.51885],[-7.35127,43.52091],[-7.35111,43.52293],[-7.35088,43.5235],[-7.34894,43.52578],[-7.34882,43.52683],[-7.35611,43.5361],[-7.35653,43.53717],[-7.36367,43.54462],[-7.36476,43.54493],[-7.36765,43.5465],[-7.37182,43.54913],[-7.37704,43.55084],[-7.38073,43.55155],[-7.38008,43.55266],[-7.37914,43.55365],[-7.38061,43.55469],[-7.38447,43.55275],[-7.38529,43.5526],[-7.38803,43.55325],[-7.38925,43.55409],[-7.39182,43.55389],[-7.39245,43.55409],[-7.39332,43.55459]]]}},{"type":"Feature","properties":{"COD_POSTAL":"27760"},"geometry":{"type":"Polygon","coordinates":[[[-7.29546,43.52255],[-7.29843,43.5227],[-7.30084,43.52325],[-7.30164,43.5238],[-7.30487,43.52434],[-7.30674,43.52514],[-7.30937,43.52535],[-7.31443,43.52426],[-7.31968,43.5239],[-7.32324,43.52301],[-7.32984,43.52044],[-7.33055,43.51957],[-7.3285,43.51455],[-7.32728,43.51338],[-7.327,43.51254],[-7.3251,43.51164],[-7.32397,43.51014],[-7.32523,43.5054],[-7.3266,43.50519],[-7.32645,43.50263],[-7.31936,43.49876],[-7.3184,43.49699],[-7.31667,43.49482],[-7.31464,43.49054],[-7.31499,43.49005],[-7.31486,43.48717],[-7.3165,43.48498],[-7.31632,43.48267],[-7.31748,43.48145],[-7.31646,43.48102],[-7.31666,43.48012],[-7.31616,43.47896],[-7.31603,43.47628],[-7.31688,43.47532],[-7.31901,43.47382],[-7.31847,43.47183],[-7.3166,43.47157],[-7.31947,43.46776],[-7.32085,43.46406],[-7.32246,43.46147],[-7.32365,43.46035],[-7.32432,43.4579],[-7.32679,43.45724],[-7.32443,43.45586],[-7.32697,43.45325],[-7.32364,43.45162],[-7.32187,43.4528],[-7.31942,43.45354],[-7.31571,43.45279],[-7.31267,43.44781],[-7.3076,43.45245],[-7.30753,43.45329],[-7.3029,43.4592],[-7.30119,43.46091],[-7.29434,43.46172],[-7.29311,43.46168],[-7.29051,43.46047],[-7.28945,43.46092],[-7.28616,43.46158],[-7.28374,43.46366],[-7.28309,43.46397],[-7.28274,43.46464],[-7.28219,43.46436],[-7.27472,43.46686],[-7.27292,43.46685],[-7.2691,43.46608],[-7.26382,43.46556],[-7.26,43.46613],[-7.25789,43.46704],[-7.25618,43.46715],[-7.25844,43.46977],[-7.26194,43.47304],[-7.26364,43.47453],[-7.268,43.4775],[-7.27346,43.48671],[-7.27371,43.48855],[-7.27473,43.48959],[-7.27771,43.49039],[-7.28018,43.4916],[-7.28332,43.49184],[-7.28411,43.49232],[-7.28374,43.49337],[-7.28416,43.49452],[-7.28383,43.49561],[-7.28398,43.49626],[-7.28547,43.4972],[-7.28585,43.49786],[-7.28548,43.49909],[-7.28624,43.49951],[-7.2867,43.50046],[-7.28836,43.50129],[-7.28785,43.5042],[-7.28743,43.50452],[-7.28662,43.50922],[-7.28888,43.50901],[-7.29356,43.51088],[-7.29311,43.51179],[-7.29352,43.51228],[-7.29311,43.51513],[-7.29447,43.51832],[-7.2946,43.52103],[-7.29396,43.52211],[-7.29546,43.52255]]]}},{"type":"Feature","properties":{"COD_POSTAL":"27247"},"geometry":{"type":"Polygon","coordinates":[[[-7.23992,43.17908],[-7.24324,43.18367],[-7.2446,43.18493],[-7.24806,43.18757],[-7.25233,43.19038],[-7.26043,43.18427],[-7.26605,43.18096],[-7.26556,43.18046],[-7.26963,43.17808],[-7.27594,43.17623],[-7.27975,43.17653],[-7.28234,43.1771],[-7.28235,43.17153],[-7.28039,43.16917],[-7.27665,43.16611],[-7.26069,43.15942],[-7.25863,43.15616],[-7.25759,43.15202],[-7.25602,43.15084],[-7.25583,43.1487],[-7.2504,43.14953],[-7.24407,43.15215],[-7.24172,43.15479],[-7.23393,43.15941],[-7.23355,43.15978],[-7.23336,43.16076],[-7.2327,43.16115],[-7.23475,43.16146],[-7.23545,43.16787],[-7.23604,43.17045],[-7.23705,43.17251],[-7.23773,43.1748],[-7.23926,43.17759],[-7.23992,43.17908]]]}},{"type":"Feature","properties":{"COD_POSTAL":"27115"},"geometry":{"type":"Polygon","coordinates":[[[-7.05094,43.09721],[-7.05194,43.09658],[-7.05238,43.09676],[-7.0528,43.09543],[-7.05256,43.09182],[-7.05202,43.08975],[-7.05179,43.08679],[-7.05299,43.08469],[-7.05476,43.08283],[-7.05726,43.08127],[-7.05941,43.08051],[-7.06401,43.07948],[-7.06851,43.07961],[-7.0717,43.08036],[-7.07417,43.08033],[-7.07437,43.08058],[-7.08002,43.07993],[-7.08455,43.08157],[-7.08655,43.08253],[-7.08706,43.08355],[-7.08979,43.08366],[-7.09155,43.08503],[-7.10112,43.08706],[-7.10248,43.08402],[-7.10422,43.08127],[-7.09645,43.07884],[-7.08614,43.07413],[-7.08023,43.07069],[-7.07224,43.06777],[-7.06999,43.06701],[-7.06836,43.06682],[-7.06731,43.0672],[-7.06407,43.06741],[-7.06191,43.06693],[-7.05765,43.06258],[-7.05508,43.0592],[-7.05418,43.05757],[-7.05424,43.05485],[-7.05474,43.05324],[-7.05378,43.05035],[-7.04546,43.04495],[-7.0449,43.04179],[-7.04584,43.03854],[-7.04484,43.03486],[-7.04632,43.02882],[-7.04234,43.02503],[-7.04164,43.02258],[-7.03833,43.02284],[-7.02215,43.02974],[-7.02248,43.03121],[-7.02261,43.03354],[-7.02301,43.03427],[-7.02528,43.03637],[-7.02572,43.03796],[-7.01565,43.04696],[-7.01581,43.04828],[-7.01558,43.04927],[-7.01399,43.05046],[-7.01345,43.05059],[-7.01375,43.05224],[-7.0145,43.05369],[-7.01529,43.0544],[-7.01732,43.05529],[-7.02177,43.06002],[-7.02273,43.06254],[-7.02688,43.06681],[-7.03008,43.06875],[-7.03242,43.06941],[-7.0349,43.06969],[-7.03715,43.07315],[-7.03649,43.07403],[-7.03155,43.07682],[-7.03048,43.08173],[-7.03025,43.08945],[-7.03397,43.08945],[-7.03774,43.08901],[-7.04046,43.08772],[-7.04195,43.08858],[-7.04247,43.08982],[-7.04225,43.09031],[-7.04307,43.091],[-7.04372,43.09314],[-7.04453,43.09413],[-7.04653,43.09491],[-7.04748,43.09487],[-7.04818,43.09519],[-7.04934,43.09687],[-7.05094,43.09721]]]}},{"type":"Feature","properties":{"COD_POSTAL":"27668"},"geometry":{"type":"Polygon","coordinates":[[[-7.14411,42.88672],[-7.14568,42.88926],[-7.1472,42.89117],[-7.14938,42.89256],[-7.15332,42.89267],[-7.15363,42.88871],[-7.15337,42.88795],[-7.15841,42.88214],[-7.15871,42.88218],[-7.16139,42.88028],[-7.15732,42.87556],[-7.15718,42.87374],[-7.15877,42.86977],[-7.15774,42.86789],[-7.15572,42.86722],[-7.15524,42.86028],[-7.15275,42.85983],[-7.15156,42.85915],[-7.14639,42.85793],[-7.14411,42.85654],[-7.14133,42.85718],[-7.13556,42.85722],[-7.13233,42.85695],[-7.1275,42.85559],[-7.12604,42.85744],[-7.11981,42.85891],[-7.11765,42.86045],[-7.11761,42.86175],[-7.11819,42.86256],[-7.12031,42.86325],[-7.12312,42.86826],[-7.12528,42.87003],[-7.12985,42.87198],[-7.13121,42.87288],[-7.13208,42.87511],[-7.13069,42.87906],[-7.12965,42.87914],[-7.13491,42.88096],[-7.13736,42.88076],[-7.13994,42.88137],[-7.14282,42.88443],[-7.14411,42.88672]]]}},{"type":"Feature","properties":{"COD_POSTAL":"27889"},"geometry":{"type":"Polygon","coordinates":[[[-7.38957,43.65992],[-7.41533,43.65549],[-7.41749,43.65601],[-7.42671,43.66085],[-7.42908,43.65732],[-7.43043,43.65394],[-7.42722,43.6518],[-7.42266,43.65086],[-7.42392,43.64897],[-7.43561,43.63963],[-7.43545,43.6358],[-7.44593,43.62758],[-7.44843,43.62417],[-7.44844,43.62335],[-7.45225,43.62321],[-7.45268,43.62498],[-7.46535,43.63252],[-7.46796,43.63338],[-7.46806,43.63293],[-7.46711,43.63191],[-7.46741,43.63105],[-7.46887,43.62931],[-7.46934,43.62814],[-7.46898,43.62715],[-7.46861,43.6268],[-7.46702,43.62618],[-7.46696,43.62578],[-7.46771,43.62421],[-7.46695,43.62294],[-7.46657,43.62158],[-7.46758,43.6201],[-7.46762,43.61932],[-7.46707,43.61669],[-7.46731,43.61539],[-7.468,43.61435],[-7.46985,43.61334],[-7.46992,43.61242],[-7.46838,43.60952],[-7.467,43.60822],[-7.46746,43.6075],[-7.46613,43.6069],[-7.46946,43.60482],[-7.47039,43.604],[-7.47095,43.60304],[-7.47046,43.6025],[-7.4706,43.60231],[-7.47504,43.60057],[-7.47649,43.59943],[-7.47828,43.59898],[-7.47972,43.59808],[-7.48056,43.59724],[-7.48031,43.59603],[-7.48044,43.59536],[-7.48148,43.59437],[-7.48133,43.59277],[-7.48072,43.59138],[-7.48132,43.58941],[-7.48117,43.58803],[-7.47946,43.58609],[-7.46901,43.58887],[-7.46425,43.58789],[-7.45495,43.58813],[-7.45393,43.58798],[-7.45174,43.58699],[-7.44531,43.58741],[-7.44424,43.58632],[-7.43706,43.58561],[-7.43514,43.58596],[-7.43361,43.58763],[-7.43176,43.58797],[-7.4307,43.58779],[-7.42854,43.58832],[-7.42621,43.59009],[-7.4225,43.59082],[-7.41223,43.59568],[-7.411,43.59695],[-7.40982,43.59775],[-7.40833,43.59948],[-7.40842,43.60053],[-7.4091,43.60164],[-7.40895,43.60233],[-7.40356,43.60812],[-7.40283,43.60841],[-7.40221,43.60906],[-7.40033,43.60935],[-7.39704,43.61034],[-7.39518,43.61291],[-7.39327,43.61594],[-7.39449,43.61813],[-7.39501,43.62122],[-7.39474,43.62263],[-7.39346,43.62363],[-7.39199,43.62554],[-7.39104,43.6263],[-7.3885,43.62689],[-7.38485,43.62695],[-7.38335,43.62868],[-7.38229,43.63096],[-7.37756,43.6327],[-7.37641,43.63692],[-7.37701,43.63793],[-7.37687,43.63858],[-7.37587,43.64025],[-7.37646,43.64094],[-7.37615,43.64157],[-7.37648,43.64243],[-7.3764,43.64312],[-7.37594,43.64404],[-7.37515,43.64466],[-7.37544,43.64514],[-7.37661,43.65228],[-7.37835,43.65468],[-7.37893,43.65497],[-7.38212,43.65613],[-7.38351,43.65617],[-7.38425,43.65588],[-7.38437,43.65626],[-7.38392,43.65978],[-7.38957,43.65992]]]}},{"type":"Feature","properties":{"COD_POSTAL":"27671"},"geometry":{"type":"MultiPolygon","coordinates":[[[[-7.14768,42.72813],[-7.14896,42.72973],[-7.149,42.73056],[-7.15117,42.73088],[-7.15318,42.73173],[-7.15456,42.73322],[-7.15448,42.73386],[-7.15609,42.73409],[-7.15753,42.73527],[-7.15798,42.73621],[-7.1578,42.73776],[-7.1587,42.7384],[-7.15918,42.73962],[-7.16311,42.74209],[-7.16433,42.74312],[-7.16932,42.74005],[-7.17189,42.73667],[-7.17227,42.73324],[-7.17463,42.73241],[-7.17351,42.73052],[-7.16895,42.72979],[-7.16032,42.72579],[-7.15556,42.72574],[-7.15115,42.72642],[-7.14797,42.728],[-7.14768,42.72813]]],[[[-7.08597,42.73987],[-7.0866,42.74042],[-7.08738,42.74055],[-7.09115,42.74044],[-7.09171,42.74018],[-7.09304,42.73859],[-7.09389,42.73844],[-7.09531,42.73885],[-7.09549,42.73712],[-7.09428,42.73605],[-7.09267,42.73524],[-7.09192,42.73449],[-7.08962,42.73049],[-7.08419,42.72644],[-7.08309,42.72656],[-7.07899,42.72924],[-7.0765,42.73005],[-7.07429,42.7301],[-7.07329,42.72868],[-7.07316,42.728],[-7.07157,42.72662],[-7.07304,42.72298],[-7.07709,42.71997],[-7.07874,42.72047],[-7.08568,42.71709],[-7.08789,42.71911],[-7.09008,42.72051],[-7.09044,42.72141],[-7.09331,42.72258],[-7.09567,42.72202],[-7.09667,42.72012],[-7.09821,42.72006],[-7.10033,42.71663],[-7.09905,42.71599],[-7.10064,42.71491],[-7.10289,42.71204],[-7.10853,42.70875],[-7.11264,42.7031],[-7.11193,42.69895],[-7.10873,42.69672],[-7.10567,42.69205],[-7.09514,42.68797],[-7.09545,42.68734],[-7.09697,42.68633],[-7.09704,42.68519],[-7.09399,42.6824],[-7.09242,42.6802],[-7.09226,42.6791],[-7.09298,42.67836],[-7.08636,42.67998],[-7.08392,42.67927],[-7.08021,42.68063],[-7.08002,42.68044],[-7.0784,42.6805],[-7.07707,42.67886],[-7.07288,42.67642],[-7.06955,42.67196],[-7.06959,42.67071],[-7.07124,42.66812],[-7.07115,42.66788],[-7.07477,42.66422],[-7.07138,42.65742],[-7.07193,42.65633],[-7.07584,42.65351],[-7.07982,42.64792],[-7.08179,42.64658],[-7.08061,42.64475],[-7.08295,42.6419],[-7.08394,42.63927],[-7.08511,42.63907],[-7.08525,42.6388],[-7.08474,42.63685],[-7.08265,42.63329],[-7.08146,42.63214],[-7.0779,42.63282],[-7.0757,42.6302],[-7.07544,42.6277],[-7.07422,42.62769],[-7.07068,42.62869],[-7.06932,42.62862],[-7.06701,42.62783],[-7.06456,42.62855],[-7.06216,42.62843],[-7.05944,42.62782],[-7.05814,42.62786],[-7.05227,42.62635],[-7.05069,42.62614],[-7.04952,42.62634],[-7.04803,42.62601],[-7.04763,42.63035],[-7.047,42.6327],[-7.04193,42.63609],[-7.03806,42.63601],[-7.03647,42.63768],[-7.03306,42.6392],[-7.03175,42.63961],[-7.03032,42.63932],[-7.02862,42.63958],[-7.02404,42.64302],[-7.01783,42.64522],[-7.0131,42.64183],[-7.00436,42.64287],[-7.00556,42.64437],[-7.00811,42.64682],[-7.00875,42.64874],[-7.01002,42.64983],[-7.01749,42.65177],[-7.01899,42.65149],[-7.02148,42.65194],[-7.02173,42.653],[-7.02042,42.65473],[-7.01806,42.65583],[-7.01517,42.65603],[-7.01393,42.6567],[-7.01264,42.6578],[-7.01375,42.65916],[-7.01739,42.66113],[-7.01551,42.66459],[-7.0165,42.66594],[-7.02055,42.66632],[-7.02103,42.66686],[-7.02091,42.66879],[-7.02272,42.66953],[-7.02306,42.66998],[-7.02809,42.67366],[-7.03183,42.67558],[-7.0339,42.67935],[-7.03475,42.68242],[-7.03412,42.6836],[-7.03421,42.68434],[-7.03836,42.68878],[-7.04519,42.69477],[-7.04314,42.69584],[-7.03766,42.70002],[-7.03646,42.7003],[-7.03503,42.70257],[-7.03173,42.70628],[-7.03131,42.70735],[-7.02903,42.71056],[-7.02772,42.71144],[-7.02508,42.71257],[-7.01994,42.71025],[-7.02062,42.7122],[-7.02169,42.71398],[-7.02164,42.71433],[-7.03198,42.72538],[-7.03592,42.72275],[-7.03987,42.72334],[-7.04195,42.72494],[-7.05854,42.73302],[-7.06177,42.73561],[-7.06649,42.73622],[-7.06892,42.73826],[-7.07011,42.73889],[-7.07999,42.73938],[-7.0858,42.7393],[-7.08597,42.73987]]]]}},{"type":"Feature","properties":{"COD_POSTAL":"27347"},"geometry":{"type":"Polygon","coordinates":[[[-7.30228,42.67051],[-7.30651,42.67594],[-7.31474,42.67665],[-7.32538,42.6783],[-7.32699,42.67624],[-7.34085,42.66628],[-7.3425,42.66536],[-7.34997,42.66227],[-7.35043,42.66187],[-7.35175,42.66177],[-7.35117,42.65817],[-7.35389,42.65505],[-7.37706,42.65113],[-7.37735,42.64935],[-7.37364,42.64436],[-7.37199,42.64107],[-7.37129,42.63806],[-7.37234,42.63572],[-7.36884,42.63147],[-7.36809,42.63085],[-7.36878,42.62887],[-7.37023,42.62748],[-7.36113,42.62399],[-7.35878,42.6224],[-7.3562,42.62168],[-7.35388,42.62012],[-7.35144,42.61793],[-7.34475,42.61631],[-7.33822,42.61746],[-7.33519,42.61851],[-7.33373,42.61951],[-7.33206,42.61995],[-7.32891,42.61991],[-7.32605,42.62094],[-7.32058,42.62217],[-7.31771,42.62338],[-7.31501,42.62403],[-7.31212,42.6242],[-7.30817,42.62372],[-7.30717,42.62338],[-7.29741,42.61771],[-7.29462,42.61532],[-7.29361,42.61412],[-7.29265,42.61045],[-7.28877,42.60808],[-7.28563,42.60811],[-7.28369,42.6102],[-7.28867,42.61144],[-7.29205,42.61327],[-7.28997,42.61696],[-7.28775,42.61877],[-7.28562,42.61971],[-7.28448,42.62082],[-7.2837,42.62013],[-7.28258,42.61984],[-7.28016,42.62062],[-7.27794,42.6217],[-7.27354,42.62444],[-7.27292,42.62565],[-7.27191,42.62654],[-7.2717,42.6279],[-7.27107,42.62869],[-7.27119,42.63572],[-7.27384,42.6459],[-7.27252,42.64906],[-7.27203,42.65083],[-7.26927,42.65703],[-7.27138,42.66132],[-7.27303,42.66604],[-7.27305,42.66676],[-7.27428,42.66661],[-7.28126,42.66416],[-7.28715,42.66267],[-7.2926,42.6644],[-7.29301,42.66479],[-7.2936,42.66472],[-7.29794,42.66761],[-7.30228,42.67051]]]}},{"type":"Feature","properties":{"COD_POSTAL":"27143"},"geometry":{"type":"MultiPolygon","coordinates":[[[[-7.30142,42.96126],[-7.30757,42.96005],[-7.30882,42.9594],[-7.31241,42.95859],[-7.31389,42.95858],[-7.31518,42.95915],[-7.31532,42.95967],[-7.31142,42.96207],[-7.31081,42.96327],[-7.31151,42.96424],[-7.31163,42.96507],[-7.31133,42.96601],[-7.31386,42.96524],[-7.31526,42.96407],[-7.317,42.96434],[-7.31843,42.96344],[-7.32082,42.96288],[-7.32353,42.96293],[-7.32525,42.96209],[-7.32601,42.96107],[-7.32555,42.95955],[-7.32641,42.95691],[-7.3248,42.95368],[-7.3176,42.94845],[-7.31656,42.94696],[-7.31334,42.94945],[-7.31155,42.9517],[-7.31061,42.95245],[-7.30506,42.95305],[-7.30245,42.95462],[-7.3012,42.95643],[-7.30117,42.95756],[-7.30328,42.95756],[-7.3038,42.95784],[-7.29991,42.9606],[-7.30142,42.96126]]],[[[-7.38106,42.99933],[-7.36645,42.9935],[-7.36168,42.99265],[-7.3593,42.99163],[-7.35573,42.99059],[-7.35675,42.99369],[-7.35366,42.99993],[-7.35226,43.00123],[-7.35125,43.00044],[-7.34816,42.999],[-7.3466,42.99892],[-7.34454,42.99942],[-7.34338,42.99945],[-7.34155,42.99904],[-7.34024,42.99762],[-7.33621,42.9947],[-7.33608,42.99416],[-7.33666,42.99344],[-7.3365,42.99193],[-7.33716,42.99067],[-7.33746,42.99069],[-7.33945,42.98934],[-7.34041,42.98813],[-7.32788,42.98131],[-7.32501,42.9785],[-7.32513,42.97665],[-7.32475,42.97625],[-7.32328,42.97644],[-7.32188,42.97584],[-7.31554,42.97754],[-7.31237,42.98144],[-7.31068,42.98157],[-7.30955,42.98232],[-7.30763,42.98218],[-7.30767,42.98237],[-7.30601,42.98187],[-7.30568,42.98292],[-7.30425,42.98302],[-7.30337,42.98406],[-7.30057,42.98553],[-7.29976,42.98541],[-7.29914,42.98614],[-7.30288,42.98664],[-7.31305,42.99124],[-7.31706,42.99385],[-7.31622,42.99517],[-7.31257,42.99618],[-7.30985,42.99743],[-7.3086,42.99734],[-7.30659,42.99785],[-7.30106,42.99812],[-7.30085,43.00354],[-7.30705,43.00494],[-7.3093,43.00668],[-7.31231,43.00757],[-7.32289,43.00702],[-7.32552,43.00937],[-7.33037,43.01147],[-7.33359,43.01213],[-7.33519,43.01286],[-7.34097,43.01274],[-7.34436,43.0121],[-7.35127,43.01019],[-7.35746,43.01118],[-7.36109,43.01231],[-7.36364,43.01184],[-7.36975,43.00737],[-7.38106,42.99933]]]]}},{"type":"Feature","properties":{"COD_POSTAL":"27667"},"geometry":{"type":"Polygon","coordinates":[[[-6.91456,42.89848],[-6.92897,42.90409],[-6.92543,42.87412],[-6.94298,42.86081],[-6.94064,42.85527],[-6.93947,42.84715],[-6.91854,42.83229],[-6.91059,42.82933],[-6.90248,42.82059],[-6.86972,42.81204],[-6.86289,42.80695],[-6.86206,42.80757],[-6.86013,42.80808],[-6.85936,42.80855],[-6.85803,42.81004],[-6.85604,42.81056],[-6.85435,42.81062],[-6.85244,42.81429],[-6.85197,42.81799],[-6.85143,42.81875],[-6.84911,42.81951],[-6.846,42.82178],[-6.84473,42.82214],[-6.84382,42.82275],[-6.84177,42.82269],[-6.84032,42.82336],[-6.8416,42.8244],[-6.84414,42.82814],[-6.84397,42.82871],[-6.84134,42.83235],[-6.84317,42.83287],[-6.84567,42.8329],[-6.84819,42.83341],[-6.85015,42.83572],[-6.85124,42.83739],[-6.85313,42.83873],[-6.85435,42.84223],[-6.8595,42.84852],[-6.87128,42.87384],[-6.85789,42.87629],[-6.83374,42.88206],[-6.8607,42.89905],[-6.86916,42.9022],[-6.8941,42.90246],[-6.89814,42.90168],[-6.91456,42.89848]]]}},{"type":"Feature","properties":{"COD_POSTAL":"27878"},"geometry":{"type":"Polygon","coordinates":[[[-7.49138,43.7136],[-7.49922,43.71433],[-7.50227,43.70968],[-7.51013,43.706],[-7.512,43.70587],[-7.51423,43.70728],[-7.52101,43.70745],[-7.52293,43.70835],[-7.52397,43.70764],[-7.52879,43.70829],[-7.53037,43.70924],[-7.53269,43.7081],[-7.53348,43.7057],[-7.52693,43.70169],[-7.52616,43.69286],[-7.52283,43.69135],[-7.52035,43.69213],[-7.51712,43.69163],[-7.51332,43.68896],[-7.50671,43.68727],[-7.50404,43.68792],[-7.50021,43.69185],[-7.49741,43.69193],[-7.49298,43.68703],[-7.49285,43.68194],[-7.49082,43.68169],[-7.48815,43.67719],[-7.48165,43.67264],[-7.47743,43.67069],[-7.47441,43.66947],[-7.47056,43.66941],[-7.47164,43.67191],[-7.47301,43.67937],[-7.47241,43.68097],[-7.47151,43.68213],[-7.47119,43.68292],[-7.47019,43.68364],[-7.46821,43.68443],[-7.4681,43.68482],[-7.46949,43.69337],[-7.46999,43.6943],[-7.4721,43.69605],[-7.47219,43.69706],[-7.47152,43.70092],[-7.4715,43.70265],[-7.47178,43.70389],[-7.4722,43.70495],[-7.47297,43.70534],[-7.47271,43.70597],[-7.47463,43.70627],[-7.47491,43.70665],[-7.47574,43.70676],[-7.47634,43.70741],[-7.47696,43.70767],[-7.47806,43.70756],[-7.4793,43.70925],[-7.47986,43.71112],[-7.48717,43.71435],[-7.49138,43.7136]]]}},{"type":"Feature","properties":{"COD_POSTAL":"27693"},"geometry":{"type":"MultiPolygon","coordinates":[[[[-7.29137,42.79349],[-7.29406,42.79481],[-7.29529,42.7957],[-7.2956,42.79705],[-7.30055,42.79912],[-7.3027,42.79913],[-7.30694,42.80111],[-7.31013,42.799],[-7.31519,42.79457],[-7.32036,42.79317],[-7.32749,42.79213],[-7.32827,42.78437],[-7.3281,42.77733],[-7.32124,42.77587],[-7.31622,42.77725],[-7.29942,42.78271],[-7.2971,42.7825],[-7.29483,42.78295],[-7.29258,42.78246],[-7.2905,42.78313],[-7.27855,42.78122],[-7.27067,42.78805],[-7.27286,42.78781],[-7.27892,42.78852],[-7.28632,42.79121],[-7.29137,42.79349]]],[[[-7.26181,42.80514],[-7.26045,42.80746],[-7.26022,42.80908],[-7.2612,42.80978],[-7.26583,42.81097],[-7.27408,42.81363],[-7.27643,42.81509],[-7.27773,42.8165],[-7.27972,42.81762],[-7.28177,42.81963],[-7.2826,42.82013],[-7.28319,42.8229],[-7.28714,42.82456],[-7.29777,42.82832],[-7.30004,42.83166],[-7.29865,42.83441],[-7.29484,42.83871],[-7.29476,42.8396],[-7.2997,42.84404],[-7.30272,42.84603],[-7.30667,42.84815],[-7.31492,42.84774],[-7.32599,42.84923],[-7.32872,42.8468],[-7.3323,42.84534],[-7.33626,42.84287],[-7.34221,42.84133],[-7.35617,42.83883],[-7.3599,42.82826],[-7.35511,42.82643],[-7.34085,42.82013],[-7.33188,42.81532],[-7.32584,42.81752],[-7.32575,42.81722],[-7.32052,42.81362],[-7.3099,42.80778],[-7.30519,42.80484],[-7.29669,42.80713],[-7.2915,42.80966],[-7.2892,42.80961],[-7.28675,42.81001],[-7.28384,42.80992],[-7.2799,42.80918],[-7.27607,42.80907],[-7.27326,42.81024],[-7.27143,42.80882],[-7.26788,42.80821],[-7.26588,42.80836],[-7.26412,42.80775],[-7.26181,42.80514]]]]}},{"type":"Feature","properties":{"COD_POSTAL":"27132"},"geometry":{"type":"Polygon","coordinates":[[[-7.20704,42.98833],[-7.20865,42.98848],[-7.20973,42.9878],[-7.21072,42.9879],[-7.2132,42.98904],[-7.21336,42.99151],[-7.21186,42.99236],[-7.21161,42.99405],[-7.21282,42.99577],[-7.21375,42.99603],[-7.21475,42.99553],[-7.21763,42.99563],[-7.21794,42.99616],[-7.22887,42.99468],[-7.23574,42.9952],[-7.24203,42.99407],[-7.25362,42.99332],[-7.26115,42.9917],[-7.25794,42.98631],[-7.25361,42.97698],[-7.24099,42.96488],[-7.23771,42.965],[-7.22702,42.96274],[-7.22599,42.96373],[-7.22334,42.96475],[-7.22028,42.96511],[-7.21716,42.9658],[-7.21658,42.96609],[-7.21491,42.96779],[-7.21257,42.97181],[-7.21222,42.97813],[-7.20753,42.98683],[-7.20535,42.98819],[-7.20704,42.98833]]]}},{"type":"Feature","properties":{"COD_POSTAL":"27711"},"geometry":{"type":"Polygon","coordinates":[[[-7.1327,43.49719],[-7.13377,43.49731],[-7.13384,43.49662],[-7.1348,43.4964],[-7.13489,43.49486],[-7.13543,43.49441],[-7.13746,43.49404],[-7.14159,43.49598],[-7.14331,43.49644],[-7.14517,43.49527],[-7.14647,43.49527],[-7.14714,43.49411],[-7.14878,43.49315],[-7.14948,43.49194],[-7.14948,43.49082],[-7.14707,43.48875],[-7.14624,43.48745],[-7.14637,43.4849],[-7.14597,43.48175],[-7.1478,43.47934],[-7.15122,43.4763],[-7.15389,43.47453],[-7.14987,43.47385],[-7.14522,43.47384],[-7.14193,43.46965],[-7.13912,43.47123],[-7.13358,43.47165],[-7.13132,43.47136],[-7.12935,43.47071],[-7.12814,43.47141],[-7.12358,43.47122],[-7.12004,43.47238],[-7.11845,43.47271],[-7.11715,43.47268],[-7.11671,43.47244],[-7.116,43.4714],[-7.11471,43.47125],[-7.11383,43.4705],[-7.10828,43.46815],[-7.10791,43.46813],[-7.10764,43.4689],[-7.10695,43.46944],[-7.10593,43.46905],[-7.105,43.46933],[-7.10323,43.46892],[-7.10258,43.46837],[-7.1009,43.46557],[-7.10019,43.46512],[-7.09903,43.4647],[-7.09725,43.46475],[-7.09572,43.46419],[-7.09509,43.46492],[-7.09414,43.46487],[-7.0937,43.46447],[-7.09344,43.46372],[-7.09268,43.46318],[-7.08709,43.46123],[-7.08642,43.46136],[-7.08649,43.46196],[-7.0863,43.46205],[-7.08534,43.462],[-7.08474,43.46226],[-7.08259,43.4613],[-7.08028,43.46168],[-7.07805,43.46499],[-7.07682,43.46525],[-7.07389,43.46532],[-7.07164,43.46585],[-7.07087,43.46652],[-7.06975,43.46972],[-7.06836,43.47065],[-7.06993,43.47266],[-7.07165,43.4741],[-7.07351,43.47446],[-7.07397,43.47531],[-7.07554,43.47605],[-7.07694,43.47638],[-7.07978,43.4793],[-7.08231,43.4784],[-7.0839,43.47878],[-7.08618,43.47844],[-7.08752,43.47893],[-7.09465,43.47885],[-7.09571,43.48003],[-7.0979,43.48106],[-7.10155,43.48088],[-7.1053,43.48034],[-7.10812,43.47928],[-7.10893,43.48008],[-7.11038,43.48532],[-7.11284,43.48693],[-7.11345,43.48769],[-7.11359,43.48835],[-7.11468,43.48856],[-7.11673,43.49071],[-7.11801,43.49131],[-7.11888,43.49235],[-7.12122,43.49202],[-7.12271,43.49231],[-7.12294,43.4936],[-7.1224,43.49407],[-7.12099,43.4943],[-7.12044,43.4948],[-7.12209,43.49544],[-7.12419,43.49501],[-7.12674,43.495],[-7.12825,43.49457],[-7.12875,43.49469],[-7.12927,43.49655],[-7.12993,43.49712],[-7.13163,43.49663],[-7.13205,43.49682],[-7.1327,43.49719]]]}},{"type":"Feature","properties":{"COD_POSTAL":"27656"},"geometry":{"type":"Polygon","coordinates":[[[-6.99841,42.98815],[-7.00029,42.98943],[-7.00319,42.99368],[-7.00491,42.99852],[-7.00619,42.99931],[-7.00859,42.99869],[-7.00938,42.99787],[-7.01001,42.99512],[-7.0104,42.99069],[-7.00995,42.98979],[-7.01271,42.97767],[-7.01176,42.97775],[-7.00988,42.97644],[-7.00893,42.97545],[-7.00861,42.97452],[-7.00773,42.9737],[-7.00698,42.97343],[-7.00316,42.97298],[-7.00219,42.97222],[-7.00172,42.97081],[-7.00155,42.96887],[-6.9998,42.9669],[-6.99938,42.96533],[-7.00033,42.96287],[-7.00097,42.96297],[-6.99818,42.96197],[-6.99661,42.96196],[-6.99058,42.963],[-6.98944,42.96369],[-6.9879,42.96366],[-6.98611,42.96449],[-6.9869,42.96678],[-6.98597,42.96895],[-6.98589,42.96964],[-6.98783,42.97098],[-6.98717,42.9721],[-6.98609,42.97243],[-6.98209,42.97292],[-6.98007,42.97363],[-6.9803,42.9744],[-6.98217,42.97694],[-6.98234,42.97851],[-6.98358,42.97942],[-6.98595,42.98175],[-6.98765,42.98471],[-6.99032,42.98772],[-6.99437,42.98665],[-6.99764,42.98709],[-6.99841,42.98815]]]}},{"type":"Feature","properties":{"COD_POSTAL":"27700"},"geometry":{"type":"Polygon","coordinates":[[[-7.04495,43.52799],[-7.03876,43.52628],[-7.03771,43.5281],[-7.03556,43.53026],[-7.03464,43.53159],[-7.03058,43.53443],[-7.03019,43.53499],[-7.03028,43.53601],[-7.03171,43.53923],[-7.03333,43.54126],[-7.03332,43.54175],[-7.03274,43.54296],[-7.03659,43.54289],[-7.03848,43.54233],[-7.0404,43.54122],[-7.04286,43.53918],[-7.04435,43.53958],[-7.04581,43.53951],[-7.04604,43.54032],[-7.04678,43.54063],[-7.04687,43.54088],[-7.04629,43.54181],[-7.04651,43.54205],[-7.04851,43.54165],[-7.0583,43.54173],[-7.05852,43.54077],[-7.05695,43.53946],[-7.05508,43.53496],[-7.05456,43.53467],[-7.05437,43.5336],[-7.05409,43.5334],[-7.05179,43.53386],[-7.05078,43.53287],[-7.05121,43.53259],[-7.04999,43.53234],[-7.04835,43.53142],[-7.04721,43.53058],[-7.04571,43.52884],[-7.04495,43.52799]]]}},{"type":"Feature","properties":{"COD_POSTAL":"27514"},"geometry":{"type":"Polygon","coordinates":[[[-7.728,42.61042],[-7.72882,42.61183],[-7.72886,42.61302],[-7.7293,42.61358],[-7.73009,42.61359],[-7.73248,42.61317],[-7.7353,42.61032],[-7.74059,42.60956],[-7.74426,42.61168],[-7.74605,42.6117],[-7.74705,42.61158],[-7.75016,42.60966],[-7.75087,42.60841],[-7.7513,42.60607],[-7.74924,42.59685],[-7.75317,42.59644],[-7.75523,42.59554],[-7.75802,42.59289],[-7.76223,42.58725],[-7.76533,42.5836],[-7.76529,42.58166],[-7.76479,42.58],[-7.76357,42.57845],[-7.76744,42.57773],[-7.76904,42.5766],[-7.77033,42.57603],[-7.77337,42.57564],[-7.77488,42.5745],[-7.7757,42.57342],[-7.77654,42.57058],[-7.77858,42.56821],[-7.77924,42.56615],[-7.77946,42.56371],[-7.78073,42.56012],[-7.78253,42.55706],[-7.77978,42.55688],[-7.77522,42.5553],[-7.77413,42.55471],[-7.77286,42.5534],[-7.76441,42.5499],[-7.75879,42.5497],[-7.75761,42.55193],[-7.75525,42.55151],[-7.75413,42.55202],[-7.75261,42.55206],[-7.75048,42.55268],[-7.74752,42.5527],[-7.74295,42.55842],[-7.7421,42.56077],[-7.74192,42.56333],[-7.74316,42.56845],[-7.74552,42.57171],[-7.74913,42.57254],[-7.7527,42.57301],[-7.75351,42.57435],[-7.75265,42.57898],[-7.75346,42.58127],[-7.74827,42.57926],[-7.74037,42.57932],[-7.73606,42.57976],[-7.73549,42.58052],[-7.73391,42.58174],[-7.73139,42.58323],[-7.7252,42.583],[-7.72433,42.58286],[-7.72371,42.58212],[-7.72313,42.58628],[-7.72491,42.59066],[-7.7255,42.59355],[-7.72474,42.59539],[-7.72154,42.60063],[-7.72121,42.60252],[-7.72161,42.60312],[-7.72298,42.60423],[-7.72422,42.60589],[-7.72442,42.60665],[-7.72493,42.60731],[-7.72476,42.60773],[-7.7263,42.60868],[-7.72654,42.60827],[-7.72716,42.60825],[-7.72799,42.6088],[-7.72779,42.60982],[-7.728,42.61042]]]}},{"type":"Feature","properties":{"COD_POSTAL":"27160"},"geometry":{"type":"Polygon","coordinates":[[[-7.5287,42.97243],[-7.52811,42.97159],[-7.52672,42.9711],[-7.52438,42.97114],[-7.51993,42.97021],[-7.51871,42.96954],[-7.51809,42.96847],[-7.51803,42.96654],[-7.51921,42.96407],[-7.52209,42.9598],[-7.52202,42.95835],[-7.5225,42.95665],[-7.52258,42.95486],[-7.51788,42.95519],[-7.51424,42.9566],[-7.51117,42.95843],[-7.51018,42.95996],[-7.50804,42.96171],[-7.50386,42.96379],[-7.50155,42.96419],[-7.49933,42.96547],[-7.49448,42.96933],[-7.49838,42.97158],[-7.50026,42.97376],[-7.50147,42.97637],[-7.50172,42.97846],[-7.50105,42.98245],[-7.50172,42.98565],[-7.50372,42.98818],[-7.50884,42.99144],[-7.51479,42.99113],[-7.52031,42.99269],[-7.53305,42.9989],[-7.53809,43.00351],[-7.5387,43.0011],[-7.54394,42.99752],[-7.53807,42.99162],[-7.53868,42.98939],[-7.53754,42.98662],[-7.53473,42.98623],[-7.53249,42.98485],[-7.53133,42.98329],[-7.52821,42.98008],[-7.52746,42.97854],[-7.5278,42.97598],[-7.52906,42.97293],[-7.5287,42.97243]]]}},{"type":"Feature","properties":{"COD_POSTAL":"27532"},"geometry":{"type":"Polygon","coordinates":[[[-7.7169,42.53226],[-7.7245,42.53742],[-7.73038,42.53119],[-7.73444,42.52546],[-7.73912,42.52056],[-7.73966,42.5182],[-7.74189,42.51594],[-7.746,42.51432],[-7.74644,42.51121],[-7.74541,42.50744],[-7.73882,42.50105],[-7.73656,42.49725],[-7.73867,42.49108],[-7.73794,42.48913],[-7.73675,42.48701],[-7.73611,42.48751],[-7.73539,42.47941],[-7.73273,42.47588],[-7.72825,42.47365],[-7.72571,42.47327],[-7.72265,42.47174],[-7.72178,42.47067],[-7.72083,42.47248],[-7.71992,42.47362],[-7.71825,42.47479],[-7.71616,42.47539],[-7.71517,42.47614],[-7.71443,42.47636],[-7.7116,42.47654],[-7.70923,42.4775],[-7.70575,42.47961],[-7.70455,42.48072],[-7.70302,42.48347],[-7.70365,42.48453],[-7.70469,42.48561],[-7.70605,42.48832],[-7.70806,42.49423],[-7.70798,42.49599],[-7.70983,42.4982],[-7.71302,42.50087],[-7.71654,42.50546],[-7.71725,42.51199],[-7.71769,42.51401],[-7.71832,42.51489],[-7.72055,42.51699],[-7.7197,42.51832],[-7.71803,42.52005],[-7.71697,42.52289],[-7.71641,42.52379],[-7.71289,42.52697],[-7.71041,42.52966],[-7.70998,42.5306],[-7.7105,42.53232],[-7.71305,42.53198],[-7.71624,42.53206],[-7.7169,42.53226]]]}},{"type":"Feature","properties":{"COD_POSTAL":"27815"},"geometry":{"type":"Polygon","coordinates":[[[-7.59338,43.41729],[-7.59527,43.41715],[-7.59638,43.4175],[-7.59832,43.41747],[-7.59915,43.41722],[-7.60265,43.41495],[-7.60346,43.41467],[-7.60451,43.4149],[-7.60808,43.41414],[-7.61247,43.41543],[-7.61427,43.41463],[-7.61546,43.41533],[-7.61726,43.41576],[-7.61807,43.41571],[-7.61832,43.41592],[-7.61796,43.417],[-7.61821,43.41722],[-7.62028,43.41742],[-7.62398,43.41913],[-7.62554,43.41949],[-7.62561,43.41704],[-7.62634,43.41437],[-7.62728,43.41206],[-7.62855,43.41005],[-7.6293,43.4074],[-7.6288,43.40659],[-7.62868,43.40578],[-7.62941,43.4037],[-7.62998,43.40269],[-7.6335,43.40013],[-7.63575,43.39793],[-7.64044,43.394],[-7.64076,43.39321],[-7.6403,43.3911],[-7.64062,43.39044],[-7.64037,43.38978],[-7.64041,43.38787],[-7.64006,43.38531],[-7.64111,43.38353],[-7.64279,43.38207],[-7.64294,43.38018],[-7.64384,43.37966],[-7.64529,43.37705],[-7.64079,43.37624],[-7.63805,43.37514],[-7.63474,43.37198],[-7.63451,43.36992],[-7.6338,43.36898],[-7.62868,43.36751],[-7.62544,43.36509],[-7.62448,43.3633],[-7.62184,43.36046],[-7.61929,43.35933],[-7.6149,43.36088],[-7.61037,43.36206],[-7.60969,43.36238],[-7.60904,43.36351],[-7.60725,43.36509],[-7.60431,43.36674],[-7.60282,43.36809],[-7.60135,43.37153],[-7.5995,43.37295],[-7.59082,43.37559],[-7.58752,43.37709],[-7.58433,43.37889],[-7.58696,43.37999],[-7.58294,43.38205],[-7.58162,43.3825],[-7.57691,43.38614],[-7.57638,43.38842],[-7.56376,43.39702],[-7.56099,43.39926],[-7.5538,43.40604],[-7.56075,43.40854],[-7.56224,43.41381],[-7.56204,43.4157],[-7.56263,43.41615],[-7.56584,43.4154],[-7.56734,43.41528],[-7.5711,43.41603],[-7.57881,43.4149],[-7.57956,43.4136],[-7.58149,43.41241],[-7.58493,43.41333],[-7.58571,43.41433],[-7.58611,43.41448],[-7.58792,43.41472],[-7.58945,43.41442],[-7.58997,43.41554],[-7.59138,43.41571],[-7.59209,43.41608],[-7.59292,43.41707],[-7.59338,43.41729]]]}},{"type":"Feature","properties":{"COD_POSTAL":"27289"},"geometry":{"type":"MultiPolygon","coordinates":[[[[-7.47657,43.09756],[-7.4604,43.10726],[-7.46438,43.11528],[-7.4691,43.11887],[-7.4761,43.11704],[-7.47869,43.11516],[-7.48273,43.1141],[-7.48472,43.11264],[-7.48759,43.11222],[-7.48965,43.11262],[-7.49108,43.11258],[-7.4927,43.11147],[-7.4967,43.1119],[-7.50002,43.11127],[-7.50339,43.11146],[-7.50384,43.11118],[-7.50553,43.11089],[-7.49073,43.0985],[-7.48884,43.09872],[-7.48813,43.09855],[-7.48857,43.09728],[-7.48821,43.09707],[-7.48564,43.09705],[-7.48367,43.09651],[-7.48271,43.09593],[-7.48199,43.09638],[-7.47778,43.09738],[-7.47657,43.09756]]],[[[-7.43535,43.18165],[-7.44604,43.1853],[-7.44659,43.18311],[-7.44694,43.18258],[-7.44991,43.18006],[-7.45232,43.17858],[-7.45628,43.17772],[-7.46472,43.17666],[-7.46845,43.17598],[-7.47051,43.17529],[-7.47141,43.17565],[-7.47366,43.17394],[-7.47406,43.17324],[-7.47572,43.16741],[-7.47638,43.1631],[-7.47765,43.16176],[-7.47834,43.16045],[-7.47583,43.15809],[-7.47532,43.15827],[-7.46371,43.15782],[-7.45021,43.15616],[-7.43821,43.15595],[-7.43916,43.15754],[-7.44003,43.1615],[-7.43878,43.16361],[-7.43631,43.16457],[-7.43612,43.16671],[-7.43546,43.16829],[-7.43187,43.17148],[-7.43069,43.17684],[-7.43457,43.18139],[-7.43535,43.18165]]]]}},{"type":"Feature","properties":{"COD_POSTAL":"27422"},"geometry":{"type":"Polygon","coordinates":[[[-7.55197,42.43766],[-7.55645,42.4383],[-7.55379,42.43478],[-7.55467,42.43377],[-7.55574,42.43148],[-7.55745,42.42957],[-7.56118,42.42824],[-7.56,42.4258],[-7.56024,42.4241],[-7.56319,42.422],[-7.56652,42.42021],[-7.56883,42.41862],[-7.57165,42.41437],[-7.57182,42.41323],[-7.57248,42.41245],[-7.57334,42.40899],[-7.57508,42.40617],[-7.57481,42.40485],[-7.571,42.40397],[-7.56566,42.40106],[-7.55969,42.39469],[-7.55711,42.3928],[-7.55442,42.39037],[-7.54951,42.38702],[-7.54197,42.38444],[-7.53953,42.38416],[-7.53628,42.38335],[-7.53342,42.38397],[-7.53037,42.38367],[-7.52621,42.38427],[-7.52693,42.38852],[-7.52632,42.39081],[-7.53233,42.39356],[-7.53745,42.39789],[-7.54032,42.40392],[-7.54081,42.40707],[-7.54209,42.41006],[-7.54334,42.41189],[-7.54345,42.41796],[-7.53902,42.41896],[-7.53602,42.42],[-7.53489,42.41836],[-7.53495,42.42122],[-7.53151,42.42342],[-7.53092,42.42413],[-7.52796,42.42555],[-7.52618,42.42674],[-7.52469,42.43258],[-7.52368,42.43466],[-7.52542,42.43563],[-7.52928,42.43616],[-7.53023,42.43612],[-7.53207,42.43549],[-7.53354,42.43586],[-7.53446,42.43636],[-7.54018,42.43709],[-7.54297,42.43694],[-7.54556,42.43737],[-7.54778,42.43706],[-7.55035,42.43765],[-7.55197,42.43766]]]}},{"type":"Feature","properties":{"COD_POSTAL":"27377"},"geometry":{"type":"MultiPolygon","coordinates":[[[[-7.45628,43.17772],[-7.45232,43.17858],[-7.44839,43.18124],[-7.44659,43.18311],[-7.44604,43.1853],[-7.44392,43.18936],[-7.44364,43.19065],[-7.44364,43.19264],[-7.44281,43.19413],[-7.44296,43.19537],[-7.44394,43.19766],[-7.44384,43.19882],[-7.44299,43.19893],[-7.44347,43.20012],[-7.44325,43.20249],[-7.44234,43.20388],[-7.44066,43.20489],[-7.44051,43.20582],[-7.43992,43.20634],[-7.44187,43.21061],[-7.447,43.20868],[-7.44947,43.20837],[-7.46565,43.20993],[-7.46813,43.20747],[-7.46865,43.20303],[-7.47915,43.20212],[-7.48426,43.20144],[-7.48416,43.19517],[-7.4849,43.19421],[-7.48574,43.1939],[-7.48683,43.19411],[-7.48778,43.1934],[-7.48872,43.1932],[-7.48942,43.19255],[-7.49004,43.19119],[-7.49286,43.18934],[-7.49356,43.18812],[-7.49463,43.18743],[-7.49417,43.18358],[-7.49209,43.182],[-7.48943,43.17245],[-7.48905,43.169],[-7.48547,43.15901],[-7.48237,43.15921],[-7.47834,43.16045],[-7.47765,43.16176],[-7.47638,43.1631],[-7.47572,43.16741],[-7.47406,43.17324],[-7.47366,43.17394],[-7.47141,43.17565],[-7.47051,43.17529],[-7.46845,43.17598],[-7.45927,43.17733],[-7.45628,43.17772]]],[[[-7.42434,43.2687],[-7.43321,43.2711],[-7.43787,43.27056],[-7.44339,43.26944],[-7.45056,43.26968],[-7.4557,43.26792],[-7.45806,43.26595],[-7.46415,43.26516],[-7.46825,43.26267],[-7.47637,43.25719],[-7.4795,43.25467],[-7.47707,43.25286],[-7.47362,43.25118],[-7.47248,43.24968],[-7.47017,43.24815],[-7.47209,43.24622],[-7.47346,43.24533],[-7.47303,43.24343],[-7.47566,43.23912],[-7.47559,43.23845],[-7.4747,43.23707],[-7.46078,43.23449],[-7.45605,43.23303],[-7.45518,43.23351],[-7.45273,43.23403],[-7.45153,43.23455],[-7.45211,43.23544],[-7.45202,43.23571],[-7.45082,43.2368],[-7.44954,43.23855],[-7.44905,43.23859],[-7.44849,43.23927],[-7.44699,43.24009],[-7.44189,43.23945],[-7.43784,43.2377],[-7.43675,43.23916],[-7.43497,43.23974],[-7.43329,43.24095],[-7.43117,43.24133],[-7.42806,43.24325],[-7.42696,43.24314],[-7.42566,43.24373],[-7.42359,43.24526],[-7.42259,43.24564],[-7.42266,43.24892],[-7.42197,43.25175],[-7.41833,43.26163],[-7.41328,43.26601],[-7.42261,43.26825],[-7.42434,43.2687]]],[[[-7.5634,43.26752],[-7.56225,43.26765],[-7.56494,43.2699],[-7.56785,43.27149],[-7.57193,43.27329],[-7.57334,43.27364],[-7.57579,43.27502],[-7.5781,43.2745],[-7.58045,43.27297],[-7.58669,43.2697],[-7.58891,43.26947],[-7.59342,43.2671],[-7.5941,43.26719],[-7.5972,43.26598],[-7.60057,43.26529],[-7.6008,43.26378],[-7.60027,43.26357],[-7.60038,43.26294],[-7.6001,43.2623],[-7.59863,43.26144],[-7.5983,43.25976],[-7.59866,43.25828],[-7.59691,43.25701],[-7.59674,43.25589],[-7.59964,43.25305],[-7.59665,43.24811],[-7.59434,43.24536],[-7.5937,43.244],[-7.59219,43.24233],[-7.58986,43.24064],[-7.58622,43.2394],[-7.58459,43.23825],[-7.58077,43.23709],[-7.57307,43.23634],[-7.57095,43.23585],[-7.56927,43.23469],[-7.56779,43.23474],[-7.56592,43.23564],[-7.56303,43.23573],[-7.56224,43.23482],[-7.56139,43.23238],[-7.56256,43.23132],[-7.565,43.23124],[-7.56624,43.22999],[-7.56724,43.22837],[-7.56841,43.22797],[-7.56901,43.22709],[-7.57081,43.22673],[-7.5741,43.22553],[-7.57533,43.22464],[-7.57718,43.22391],[-7.57876,43.22188],[-7.5793,43.22074],[-7.58324,43.21932],[-7.58325,43.21853],[-7.58895,43.21568],[-7.5893,43.2148],[-7.58809,43.21287],[-7.5857,43.2101],[-7.58507,43.20812],[-7.58505,43.2071],[-7.58357,43.20575],[-7.58083,43.20254],[-7.57771,43.1999],[-7.57178,43.19558],[-7.56762,43.1966],[-7.56298,43.19894],[-7.56183,43.1998],[-7.55958,43.19649],[-7.5572,43.19566],[-7.55519,43.19466],[-7.55148,43.1941],[-7.54987,43.19323],[-7.54671,43.19024],[-7.54543,43.18789],[-7.54445,43.18323],[-7.54518,43.18259],[-7.54583,43.18105],[-7.5451,43.17613],[-7.5446,43.17483],[-7.54802,43.17404],[-7.55382,43.17373],[-7.55806,43.16941],[-7.55911,43.16878],[-7.56114,43.16823],[-7.56165,43.16772],[-7.56287,43.1652],[-7.55858,43.1644],[-7.5553,43.16317],[-7.55206,43.16314],[-7.55053,43.16339],[-7.54921,43.16394],[-7.54821,43.16593],[-7.5477,43.16861],[-7.54576,43.16934],[-7.54535,43.1699],[-7.5452,43.17076],[-7.54454,43.17052],[-7.54397,43.17071],[-7.5429,43.17157],[-7.54198,43.17166],[-7.54083,43.17236],[-7.53901,43.17264],[-7.5382,43.1731],[-7.53739,43.17586],[-7.53781,43.17848],[-7.54068,43.18092],[-7.53956,43.18204],[-7.53864,43.18409],[-7.53735,43.18483],[-7.5331,43.18657],[-7.53259,43.18811],[-7.53132,43.18763],[-7.53089,43.18784],[-7.53057,43.18869],[-7.52871,43.18898],[-7.52743,43.19105],[-7.52461,43.19159],[-7.52104,43.19356],[-7.51927,43.1941],[-7.5179,43.19396],[-7.51638,43.19457],[-7.51539,43.19456],[-7.51428,43.19502],[-7.51389,43.1955],[-7.51425,43.19644],[-7.51373,43.19715],[-7.51281,43.19767],[-7.51177,43.19894],[-7.50271,43.20512],[-7.50133,43.20527],[-7.4978,43.20901],[-7.49747,43.20988],[-7.49753,43.21109],[-7.50362,43.21176],[-7.50613,43.21246],[-7.51075,43.21681],[-7.51189,43.21877],[-7.51169,43.22188],[-7.51208,43.22296],[-7.51487,43.22166],[-7.51751,43.22078],[-7.51972,43.22065],[-7.52535,43.22099],[-7.5307,43.22375],[-7.54115,43.22215],[-7.54886,43.22566],[-7.5525,43.2282],[-7.55624,43.23127],[-7.55688,43.2325],[-7.55672,43.23302],[-7.55605,43.23275],[-7.55561,43.23284],[-7.55503,43.23336],[-7.55486,43.23428],[-7.55457,43.23463],[-7.55499,43.23525],[-7.55506,43.23589],[-7.5541,43.23603],[-7.55262,43.23669],[-7.55281,43.23707],[-7.55321,43.23709],[-7.55493,43.23668],[-7.55338,43.2385],[-7.54948,43.24139],[-7.55438,43.24735],[-7.55373,43.24983],[-7.56155,43.25944],[-7.56374,43.26065],[-7.56338,43.26221],[-7.56339,43.26333],[-7.56411,43.26685],[-7.5634,43.26752]]]]}},{"type":"Feature","properties":{"COD_POSTAL":"27437"},"geometry":{"type":"Polygon","coordinates":[[[-7.60441,42.48528],[-7.60843,42.48823],[-7.61342,42.49005],[-7.61557,42.49202],[-7.615,42.49237],[-7.61475,42.49509],[-7.61288,42.49833],[-7.61292,42.49987],[-7.61708,42.50183],[-7.61711,42.50254],[-7.6185,42.50229],[-7.62049,42.50339],[-7.63173,42.50232],[-7.64028,42.50037],[-7.63974,42.49681],[-7.64537,42.49412],[-7.64813,42.49178],[-7.65433,42.48946],[-7.67107,42.48444],[-7.66961,42.47912],[-7.66712,42.47529],[-7.6645,42.47329],[-7.6633,42.47144],[-7.6639,42.46567],[-7.68179,42.45715],[-7.68254,42.45576],[-7.6791,42.45009],[-7.68044,42.44557],[-7.67977,42.44374],[-7.68477,42.43864],[-7.6859,42.43192],[-7.68954,42.42561],[-7.68328,42.42291],[-7.68192,42.42255],[-7.67711,42.42196],[-7.67165,42.4217],[-7.66828,42.42219],[-7.66458,42.42311],[-7.66214,42.42303],[-7.66154,42.42616],[-7.66204,42.42948],[-7.66285,42.43051],[-7.66291,42.43185],[-7.66263,42.43428],[-7.66166,42.43682],[-7.66151,42.43745],[-7.6617,42.43864],[-7.66136,42.4392],[-7.66012,42.43973],[-7.6586,42.43957],[-7.65377,42.43698],[-7.6512,42.4382],[-7.64974,42.43933],[-7.64841,42.43924],[-7.64723,42.43874],[-7.64668,42.43892],[-7.6463,42.43916],[-7.64503,42.44184],[-7.6442,42.44252],[-7.64218,42.44243],[-7.64021,42.44323],[-7.63924,42.44328],[-7.6372,42.44262],[-7.63642,42.44266],[-7.63361,42.44358],[-7.63235,42.44435],[-7.63208,42.44547],[-7.63253,42.44626],[-7.63295,42.44821],[-7.63279,42.44862],[-7.63041,42.45063],[-7.62873,42.45269],[-7.62855,42.45327],[-7.63004,42.45766],[-7.63,42.45926],[-7.62812,42.46296],[-7.62773,42.46427],[-7.62686,42.46544],[-7.62606,42.46587],[-7.62474,42.46749],[-7.62283,42.469],[-7.62116,42.47148],[-7.62513,42.47213],[-7.62817,42.47522],[-7.62878,42.47645],[-7.62894,42.47872],[-7.62851,42.47934],[-7.62602,42.48643],[-7.62364,42.48753],[-7.61965,42.48659],[-7.61736,42.4849],[-7.61333,42.48408],[-7.61012,42.48284],[-7.60792,42.4808],[-7.60441,42.48528]]]}},{"type":"Feature","properties":{"COD_POSTAL":"27324"},"geometry":{"type":"Polygon","coordinates":[[[-7.16261,42.69981],[-7.16439,42.7005],[-7.16528,42.70177],[-7.16671,42.70251],[-7.16795,42.70611],[-7.17129,42.70849],[-7.17267,42.70801],[-7.17387,42.70682],[-7.17601,42.70632],[-7.17737,42.70511],[-7.17837,42.70497],[-7.1792,42.70411],[-7.18001,42.70219],[-7.18004,42.70183],[-7.17937,42.70131],[-7.17932,42.70085],[-7.18191,42.6994],[-7.1833,42.69941],[-7.18584,42.69416],[-7.18967,42.69046],[-7.18769,42.68721],[-7.1817,42.68587],[-7.1833,42.68262],[-7.1862,42.68042],[-7.1877,42.67867],[-7.18954,42.6771],[-7.19583,42.67506],[-7.19946,42.6743],[-7.20427,42.67287],[-7.20903,42.67058],[-7.21643,42.66829],[-7.21834,42.66676],[-7.22151,42.66271],[-7.22423,42.65868],[-7.22029,42.65563],[-7.21719,42.65399],[-7.21263,42.65257],[-7.20735,42.65301],[-7.20518,42.65349],[-7.20199,42.65344],[-7.19429,42.65535],[-7.19295,42.65528],[-7.19132,42.65322],[-7.19029,42.646],[-7.19324,42.63968],[-7.19563,42.63668],[-7.19656,42.63412],[-7.19338,42.6346],[-7.19056,42.63325],[-7.18968,42.63324],[-7.18765,42.63182],[-7.18579,42.63118],[-7.18519,42.63144],[-7.18233,42.63099],[-7.18105,42.62986],[-7.17871,42.6286],[-7.17495,42.62592],[-7.17293,42.62382],[-7.16776,42.62236],[-7.16404,42.61935],[-7.1509,42.61695],[-7.12613,42.60917],[-7.11536,42.60164],[-7.1094,42.60156],[-7.10837,42.60135],[-7.10587,42.60373],[-7.10369,42.60375],[-7.09962,42.60571],[-7.09862,42.60534],[-7.09699,42.60538],[-7.09572,42.60493],[-7.09335,42.60501],[-7.09305,42.60447],[-7.09551,42.60958],[-7.09593,42.61245],[-7.096,42.61429],[-7.09402,42.618],[-7.09012,42.62157],[-7.08077,42.62281],[-7.07929,42.62448],[-7.07465,42.62769],[-7.07544,42.6277],[-7.0757,42.6302],[-7.0779,42.63282],[-7.08146,42.63214],[-7.08216,42.63274],[-7.08408,42.63565],[-7.08514,42.63787],[-7.08528,42.63847],[-7.08511,42.63907],[-7.08394,42.63927],[-7.08295,42.6419],[-7.08061,42.64475],[-7.08179,42.64658],[-7.08595,42.6475],[-7.08838,42.64939],[-7.0962,42.65],[-7.09776,42.65152],[-7.10078,42.65352],[-7.10247,42.65521],[-7.10385,42.65749],[-7.10613,42.65828],[-7.11445,42.65363],[-7.11711,42.65437],[-7.12183,42.65492],[-7.12415,42.65581],[-7.12325,42.6578],[-7.12453,42.65899],[-7.12461,42.6599],[-7.1277,42.66278],[-7.12959,42.6637],[-7.1296,42.66402],[-7.128,42.6663],[-7.12813,42.66681],[-7.13173,42.66938],[-7.13135,42.67036],[-7.13141,42.67193],[-7.12827,42.67108],[-7.12739,42.67121],[-7.12689,42.67098],[-7.12572,42.67244],[-7.12339,42.67448],[-7.1223,42.67944],[-7.12273,42.6817],[-7.12536,42.68381],[-7.12826,42.68496],[-7.12868,42.68534],[-7.12881,42.68583],[-7.12835,42.68621],[-7.12819,42.68919],[-7.12902,42.69063],[-7.13578,42.69378],[-7.13714,42.69519],[-7.13845,42.69589],[-7.14036,42.69753],[-7.14169,42.69926],[-7.14788,42.69864],[-7.15059,42.69881],[-7.15125,42.69839],[-7.15385,42.69928],[-7.15631,42.69853],[-7.15773,42.69747],[-7.15951,42.69724],[-7.16032,42.69758],[-7.16086,42.69861],[-7.16198,42.69952],[-7.16261,42.69981]]]}},{"type":"Feature","properties":{"COD_POSTAL":"27842"},"geometry":{"type":"Polygon","coordinates":[[[-7.5538,43.40604],[-7.56099,43.39926],[-7.56376,43.39702],[-7.57638,43.38842],[-7.57691,43.38614],[-7.58162,43.3825],[-7.58294,43.38205],[-7.58696,43.37999],[-7.58433,43.37889],[-7.58752,43.37709],[-7.59082,43.37559],[-7.5995,43.37295],[-7.60135,43.37153],[-7.60282,43.36809],[-7.60431,43.36674],[-7.60725,43.36509],[-7.60904,43.36351],[-7.60969,43.36238],[-7.61794,43.3599],[-7.62124,43.35825],[-7.62324,43.35671],[-7.62275,43.35622],[-7.6172,43.35521],[-7.61676,43.35424],[-7.61586,43.3538],[-7.61569,43.35417],[-7.61469,43.35389],[-7.61329,43.35235],[-7.61338,43.35169],[-7.61136,43.35132],[-7.6102,43.35053],[-7.60668,43.35003],[-7.60382,43.35008],[-7.60322,43.34951],[-7.60237,43.34964],[-7.6018,43.34918],[-7.60185,43.34824],[-7.59587,43.34675],[-7.59371,43.34546],[-7.59396,43.34521],[-7.59323,43.34482],[-7.59352,43.34424],[-7.5916,43.34384],[-7.58723,43.34147],[-7.58778,43.34716],[-7.58638,43.35033],[-7.5828,43.35587],[-7.58179,43.35851],[-7.57848,43.36204],[-7.57026,43.36835],[-7.56831,43.37044],[-7.56649,43.37181],[-7.5597,43.37515],[-7.55912,43.37677],[-7.55815,43.37836],[-7.55753,43.38046],[-7.55632,43.38319],[-7.55794,43.39147],[-7.55741,43.39318],[-7.55584,43.39443],[-7.55373,43.39423],[-7.55265,43.39828],[-7.55426,43.40204],[-7.55226,43.40549],[-7.5538,43.40604]]]}},{"type":"Feature","properties":{"COD_POSTAL":"27766"},"geometry":{"type":"Polygon","coordinates":[[[-7.11512,43.47138],[-7.116,43.4714],[-7.11671,43.47244],[-7.1177,43.47277],[-7.12004,43.47238],[-7.12279,43.47134],[-7.12538,43.47116],[-7.12814,43.47141],[-7.12935,43.47071],[-7.13132,43.47136],[-7.13358,43.47165],[-7.13912,43.47123],[-7.14193,43.46965],[-7.14361,43.47162],[-7.15027,43.46764],[-7.15459,43.46782],[-7.15582,43.46533],[-7.15602,43.46379],[-7.16244,43.45927],[-7.16168,43.45821],[-7.1592,43.45768],[-7.15799,43.45711],[-7.15649,43.4569],[-7.1552,43.45623],[-7.15487,43.45537],[-7.1534,43.45547],[-7.15244,43.45459],[-7.15413,43.4509],[-7.15131,43.44542],[-7.15731,43.44028],[-7.15723,43.4409],[-7.15982,43.44169],[-7.1611,43.4404],[-7.16167,43.43816],[-7.16646,43.43671],[-7.16653,43.43515],[-7.16449,43.43458],[-7.16259,43.43318],[-7.16241,43.4323],[-7.162,43.432],[-7.15718,43.43041],[-7.15737,43.42988],[-7.15218,43.42879],[-7.14203,43.43078],[-7.13695,43.42755],[-7.13206,43.42629],[-7.12989,43.42524],[-7.12942,43.42436],[-7.12947,43.42375],[-7.12623,43.42389],[-7.12469,43.4247],[-7.11891,43.42629],[-7.11625,43.42607],[-7.11342,43.4252],[-7.11271,43.4253],[-7.11214,43.42564],[-7.11193,43.4268],[-7.11083,43.42835],[-7.10933,43.42896],[-7.10806,43.42876],[-7.107,43.42778],[-7.10559,43.42722],[-7.10331,43.42691],[-7.10166,43.42748],[-7.10042,43.42856],[-7.10056,43.42953],[-7.10404,43.4315],[-7.10484,43.43258],[-7.10482,43.43292],[-7.1045,43.43335],[-7.1028,43.43362],[-7.10084,43.43326],[-7.09864,43.43224],[-7.09712,43.4329],[-7.09701,43.43373],[-7.09802,43.43766],[-7.0993,43.43994],[-7.09927,43.44044],[-7.09793,43.44178],[-7.09443,43.44287],[-7.09328,43.44423],[-7.0926,43.44464],[-7.09062,43.4452],[-7.08931,43.44532],[-7.08817,43.44386],[-7.08665,43.44323],[-7.08556,43.4438],[-7.08534,43.44421],[-7.08589,43.44499],[-7.08794,43.4459],[-7.09019,43.44844],[-7.09073,43.45151],[-7.09032,43.45395],[-7.08724,43.45677],[-7.08327,43.45876],[-7.08028,43.46168],[-7.08259,43.4613],[-7.08474,43.46226],[-7.08534,43.462],[-7.08649,43.46196],[-7.08642,43.46136],[-7.08666,43.46125],[-7.08835,43.46157],[-7.09315,43.46344],[-7.09414,43.46487],[-7.09509,43.46492],[-7.09572,43.46419],[-7.09725,43.46475],[-7.09903,43.4647],[-7.10019,43.46512],[-7.1009,43.46557],[-7.10258,43.46837],[-7.10323,43.46892],[-7.105,43.46933],[-7.10593,43.46905],[-7.10695,43.46944],[-7.10764,43.4689],[-7.10791,43.46813],[-7.10828,43.46815],[-7.11383,43.4705],[-7.11471,43.47125],[-7.11512,43.47138]]]}},{"type":"Feature","properties":{"COD_POSTAL":"27184"},"geometry":{"type":"Polygon","coordinates":[[[-7.59354,42.89379],[-7.59436,42.88913],[-7.59669,42.88284],[-7.59822,42.88029],[-7.59882,42.87838],[-7.59789,42.87526],[-7.59459,42.87119],[-7.59262,42.86913],[-7.59266,42.8682],[-7.59118,42.86442],[-7.59129,42.86359],[-7.59192,42.86225],[-7.59186,42.86102],[-7.59003,42.86016],[-7.58989,42.8598],[-7.59035,42.85924],[-7.58862,42.85821],[-7.58326,42.8559],[-7.58282,42.85525],[-7.58125,42.85487],[-7.57908,42.85475],[-7.57587,42.85489],[-7.57585,42.85745],[-7.57499,42.85859],[-7.57304,42.86002],[-7.56815,42.86165],[-7.566,42.8621],[-7.56481,42.86201],[-7.56505,42.86626],[-7.56651,42.86857],[-7.56769,42.8697],[-7.57313,42.8707],[-7.57486,42.87279],[-7.57429,42.88132],[-7.57269,42.88444],[-7.57692,42.88592],[-7.58152,42.88687],[-7.57992,42.89063],[-7.58035,42.8905],[-7.58156,42.8919],[-7.58211,42.89222],[-7.58284,42.89237],[-7.58445,42.89214],[-7.58605,42.89292],[-7.58809,42.89315],[-7.59147,42.89293],[-7.5925,42.89336],[-7.59354,42.89379]]]}},{"type":"Feature","properties":{"COD_POSTAL":"27835"},"geometry":{"type":"Polygon","coordinates":[[[-7.75066,43.39987],[-7.75252,43.39424],[-7.75324,43.39299],[-7.75325,43.39225],[-7.75629,43.38306],[-7.75337,43.37939],[-7.75244,43.37874],[-7.7499,43.37567],[-7.75028,43.37334],[-7.74745,43.37284],[-7.74721,43.37141],[-7.74501,43.37298],[-7.73073,43.37334],[-7.72298,43.37387],[-7.71903,43.37454],[-7.71438,43.3749],[-7.70389,43.37524],[-7.70669,43.37786],[-7.70792,43.38042],[-7.70765,43.38324],[-7.70772,43.38752],[-7.70699,43.39064],[-7.70449,43.39381],[-7.70325,43.39601],[-7.70085,43.39808],[-7.69961,43.40074],[-7.69794,43.40211],[-7.69609,43.40508],[-7.69409,43.40973],[-7.68951,43.41413],[-7.68645,43.41593],[-7.68464,43.41802],[-7.68477,43.41842],[-7.68687,43.42077],[-7.68559,43.42381],[-7.68539,43.42479],[-7.68396,43.42566],[-7.68278,43.427],[-7.68139,43.43042],[-7.68122,43.4314],[-7.6764,43.43527],[-7.67636,43.43568],[-7.67674,43.43634],[-7.67659,43.43852],[-7.67834,43.44206],[-7.67827,43.44292],[-7.67968,43.44343],[-7.68048,43.44313],[-7.68075,43.44326],[-7.68093,43.44367],[-7.68194,43.44425],[-7.68333,43.44575],[-7.68744,43.44524],[-7.68886,43.4454],[-7.69016,43.44515],[-7.69129,43.44474],[-7.69314,43.44352],[-7.69568,43.44271],[-7.69923,43.44386],[-7.70156,43.44373],[-7.70414,43.44224],[-7.70826,43.4411],[-7.71149,43.44065],[-7.71393,43.43733],[-7.71813,43.43563],[-7.72418,43.43272],[-7.72974,43.42909],[-7.73186,43.43191],[-7.73169,43.43258],[-7.73189,43.4329],[-7.73335,43.43433],[-7.73273,43.4356],[-7.73281,43.4364],[-7.73541,43.43787],[-7.73708,43.43769],[-7.73839,43.43878],[-7.74206,43.44105],[-7.75506,43.44039],[-7.76754,43.43869],[-7.77645,43.43818],[-7.78109,43.43697],[-7.78224,43.44087],[-7.7842,43.4423],[-7.78402,43.44444],[-7.78419,43.44524],[-7.78394,43.44611],[-7.78606,43.44534],[-7.78926,43.4459],[-7.79049,43.44559],[-7.7925,43.44466],[-7.79354,43.44455],[-7.79418,43.44504],[-7.79398,43.44596],[-7.79492,43.44599],[-7.79706,43.44482],[-7.79972,43.44231],[-7.80216,43.44115],[-7.80727,43.43734],[-7.80993,43.43122],[-7.80817,43.42994],[-7.81033,43.42832],[-7.80741,43.4271],[-7.80537,43.42661],[-7.8069,43.42486],[-7.80722,43.4237],[-7.80859,43.42199],[-7.80695,43.42239],[-7.80609,43.42189],[-7.80507,43.42214],[-7.8042,43.42162],[-7.8029,43.42136],[-7.80313,43.42103],[-7.80264,43.421],[-7.80297,43.42036],[-7.80252,43.41997],[-7.80261,43.41969],[-7.80201,43.41982],[-7.8016,43.41943],[-7.80122,43.41953],[-7.80136,43.41918],[-7.80092,43.41903],[-7.80107,43.41882],[-7.8009,43.41852],[-7.79869,43.41807],[-7.79792,43.41781],[-7.79775,43.41751],[-7.7969,43.41739],[-7.79627,43.41674],[-7.79646,43.41628],[-7.7959,43.41583],[-7.79575,43.41609],[-7.79511,43.41621],[-7.79374,43.41592],[-7.79248,43.41469],[-7.79106,43.41459],[-7.79118,43.41416],[-7.79002,43.41347],[-7.79072,43.41237],[-7.79073,43.41145],[-7.79138,43.40993],[-7.79136,43.40873],[-7.7908,43.40806],[-7.79082,43.40741],[-7.79178,43.40702],[-7.79065,43.4066],[-7.79069,43.40616],[-7.79118,43.40565],[-7.79092,43.4049],[-7.79005,43.40441],[-7.78714,43.40486],[-7.78176,43.40684],[-7.77929,43.40713],[-7.77834,43.40543],[-7.77859,43.40472],[-7.7784,43.40404],[-7.77749,43.40244],[-7.77741,43.40297],[-7.77609,43.4035],[-7.77535,43.40467],[-7.77455,43.40475],[-7.7732,43.40584],[-7.77258,43.4069],[-7.77197,43.40662],[-7.77044,43.40731],[-7.76986,43.40686],[-7.76942,43.40692],[-7.76727,43.40772],[-7.76676,43.40865],[-7.76678,43.40937],[-7.76615,43.41029],[-7.76301,43.4124],[-7.76262,43.41366],[-7.762,43.41379],[-7.76132,43.41457],[-7.7609,43.41472],[-7.76017,43.41453],[-7.75848,43.415],[-7.7576,43.41461],[-7.75543,43.41451],[-7.75461,43.41416],[-7.7541,43.41426],[-7.75342,43.41383],[-7.75273,43.41399],[-7.75183,43.41369],[-7.75101,43.41191],[-7.75017,43.41145],[-7.75047,43.41041],[-7.75016,43.41019],[-7.74956,43.41033],[-7.74864,43.4101],[-7.74761,43.40944],[-7.74768,43.40819],[-7.74858,43.40454],[-7.74997,43.4014],[-7.75066,43.39987]]]}},{"type":"Feature","properties":{"COD_POSTAL":"27740"},"geometry":{"type":"Polygon","coordinates":[[[-7.3604,43.4264],[-7.35889,43.42477],[-7.35887,43.42268],[-7.35845,43.42214],[-7.35609,43.42099],[-7.35577,43.42057],[-7.35522,43.42332],[-7.35493,43.42318],[-7.35417,43.42339],[-7.35417,43.42503],[-7.35442,43.42512],[-7.35434,43.42588],[-7.35468,43.42673],[-7.3546,43.4281],[-7.35585,43.42727],[-7.35877,43.42825],[-7.35986,43.42958],[-7.35735,43.43088],[-7.35654,43.43489],[-7.35453,43.43763],[-7.35452,43.43793],[-7.35694,43.44102],[-7.35769,43.44041],[-7.36232,43.43481],[-7.36125,43.43374],[-7.3621,43.433],[-7.36511,43.43161],[-7.36879,43.42945],[-7.36886,43.42897],[-7.36829,43.42895],[-7.368,43.4285],[-7.36679,43.42836],[-7.36651,43.42741],[-7.36531,43.42749],[-7.3644,43.42699],[-7.36049,43.42641],[-7.3604,43.4264]]]}},{"type":"Feature","properties":{"COD_POSTAL":"27168"},"geometry":{"type":"Polygon","coordinates":[[[-7.43576,42.98108],[-7.44847,42.97913],[-7.45561,42.97665],[-7.45607,42.97619],[-7.45998,42.97549],[-7.4617,42.97462],[-7.46183,42.9736],[-7.45127,42.97132],[-7.44809,42.96503],[-7.44326,42.9634],[-7.44374,42.95663],[-7.43679,42.95608],[-7.43282,42.95346],[-7.4349,42.9502],[-7.4293,42.94787],[-7.42437,42.94621],[-7.41897,42.94725],[-7.41777,42.95617],[-7.41946,42.96672],[-7.42409,42.96742],[-7.43002,42.96729],[-7.43179,42.96694],[-7.43061,42.96975],[-7.42685,42.97556],[-7.42703,42.9778],[-7.43045,42.98033],[-7.43103,42.97944],[-7.43224,42.97875],[-7.43426,42.97965],[-7.43576,42.98108]]]}},{"type":"Feature","properties":{"COD_POSTAL":"27696"},"geometry":{"type":"Polygon","coordinates":[[[-7.16289,42.94712],[-7.1624,42.95187],[-7.17136,42.94697],[-7.18102,42.94373],[-7.18225,42.94305],[-7.18577,42.93911],[-7.19043,42.93662],[-7.19451,42.93523],[-7.19881,42.93455],[-7.21148,42.93426],[-7.21891,42.93346],[-7.22327,42.93324],[-7.23295,42.93327],[-7.23471,42.9338],[-7.23739,42.93615],[-7.24333,42.93843],[-7.24338,42.93893],[-7.24398,42.93867],[-7.24604,42.93944],[-7.24769,42.93962],[-7.25301,42.94301],[-7.25336,42.94089],[-7.25304,42.9387],[-7.2519,42.93526],[-7.25264,42.93168],[-7.25258,42.92881],[-7.25168,42.92493],[-7.25049,42.92282],[-7.24696,42.9215],[-7.24628,42.92074],[-7.24395,42.9197],[-7.24106,42.92014],[-7.23732,42.91989],[-7.23209,42.91677],[-7.22839,42.91548],[-7.22512,42.91477],[-7.22967,42.91184],[-7.23088,42.90958],[-7.23041,42.90739],[-7.22851,42.90485],[-7.22788,42.90283],[-7.22414,42.90011],[-7.22177,42.90118],[-7.22279,42.90185],[-7.22304,42.90378],[-7.21467,42.90766],[-7.21482,42.91041],[-7.20893,42.91126],[-7.19855,42.91352],[-7.18702,42.91702],[-7.18025,42.91775],[-7.17649,42.91719],[-7.16948,42.92695],[-7.16359,42.93358],[-7.16329,42.94322],[-7.16289,42.94712]]]}},{"type":"Feature","properties":{"COD_POSTAL":"27745"},"geometry":{"type":"Polygon","coordinates":[[[-7.28741,43.38225],[-7.28968,43.38463],[-7.28968,43.38537],[-7.28871,43.38716],[-7.28982,43.38812],[-7.28942,43.39013],[-7.29003,43.39152],[-7.28967,43.39276],[-7.31523,43.37998],[-7.31699,43.37874],[-7.31976,43.3758],[-7.31929,43.3753],[-7.31877,43.37535],[-7.3183,43.37503],[-7.31735,43.37321],[-7.31631,43.37221],[-7.31474,43.36928],[-7.31278,43.36629],[-7.31292,43.36498],[-7.31063,43.36384],[-7.30624,43.36252],[-7.30521,43.36172],[-7.30514,43.35971],[-7.30318,43.35828],[-7.30213,43.35794],[-7.3001,43.3567],[-7.30048,43.35517],[-7.29966,43.35495],[-7.30055,43.35166],[-7.29736,43.34761],[-7.29765,43.34693],[-7.29728,43.34629],[-7.29698,43.34169],[-7.29709,43.34013],[-7.29895,43.33721],[-7.29643,43.33406],[-7.29638,43.3335],[-7.29707,43.33084],[-7.29428,43.32663],[-7.2916,43.32322],[-7.29157,43.32058],[-7.29128,43.31869],[-7.29142,43.3177],[-7.2834,43.31524],[-7.28248,43.31707],[-7.28263,43.31865],[-7.28247,43.31938],[-7.28115,43.32115],[-7.27728,43.32315],[-7.27685,43.32692],[-7.27537,43.32833],[-7.2759,43.32908],[-7.27421,43.33123],[-7.27346,43.33445],[-7.27444,43.33582],[-7.27213,43.34007],[-7.27208,43.34178],[-7.27272,43.34234],[-7.27403,43.34438],[-7.27426,43.34651],[-7.27345,43.34797],[-7.27301,43.35002],[-7.27143,43.35093],[-7.26927,43.35276],[-7.26699,43.35217],[-7.26611,43.3524],[-7.26526,43.35357],[-7.26541,43.35397],[-7.26449,43.35527],[-7.26384,43.35538],[-7.26313,43.35903],[-7.26661,43.36171],[-7.26598,43.3634],[-7.26418,43.36662],[-7.26233,43.36772],[-7.26136,43.36803],[-7.26126,43.36855],[-7.26165,43.36909],[-7.26315,43.36914],[-7.26393,43.36833],[-7.26472,43.36862],[-7.26797,43.36771],[-7.27036,43.36841],[-7.27506,43.36663],[-7.27509,43.3683],[-7.27645,43.37005],[-7.2784,43.37045],[-7.28087,43.36968],[-7.28198,43.37027],[-7.2831,43.37169],[-7.28447,43.37438],[-7.28641,43.38109],[-7.28741,43.38225]]]}},{"type":"Feature","properties":{"COD_POSTAL":"27630"},"geometry":{"type":"Polygon","coordinates":[[[-7.17691,42.74062],[-7.18725,42.74227],[-7.20021,42.74115],[-7.21103,42.74442],[-7.21317,42.75003],[-7.22019,42.75838],[-7.22509,42.76077],[-7.23045,42.76229],[-7.23501,42.76182],[-7.23856,42.75965],[-7.24194,42.75825],[-7.24913,42.75601],[-7.25281,42.75286],[-7.2536,42.74973],[-7.25246,42.74899],[-7.25171,42.7465],[-7.25117,42.74562],[-7.24795,42.74793],[-7.22742,42.74149],[-7.22694,42.741],[-7.22601,42.73315],[-7.22104,42.7256],[-7.22157,42.72361],[-7.22094,42.72207],[-7.21949,42.72123],[-7.21394,42.72056],[-7.20954,42.71679],[-7.20917,42.71697],[-7.2086,42.71827],[-7.20803,42.71878],[-7.2045,42.71955],[-7.20299,42.71963],[-7.19908,42.72182],[-7.1981,42.72187],[-7.19656,42.72154],[-7.19479,42.72079],[-7.19301,42.72038],[-7.19134,42.7208],[-7.18981,42.72063],[-7.1877,42.7196],[-7.18643,42.71868],[-7.1845,42.71874],[-7.18263,42.71848],[-7.17465,42.72265],[-7.17227,42.72848],[-7.17463,42.73241],[-7.17227,42.73324],[-7.17189,42.73667],[-7.17072,42.73829],[-7.17691,42.74062]]]}},{"type":"Feature","properties":{"COD_POSTAL":"27694"},"geometry":{"type":"Polygon","coordinates":[[[-7.19663,42.84411],[-7.20091,42.84468],[-7.20572,42.84648],[-7.20967,42.84214],[-7.2163,42.83906],[-7.22248,42.83296],[-7.22126,42.83055],[-7.21938,42.82582],[-7.21966,42.82497],[-7.20485,42.82848],[-7.20377,42.82818],[-7.2029,42.82627],[-7.20225,42.82549],[-7.20144,42.82544],[-7.1991,42.82608],[-7.19581,42.82786],[-7.19465,42.82903],[-7.19224,42.83017],[-7.18747,42.83107],[-7.187,42.83361],[-7.18773,42.83655],[-7.19071,42.83989],[-7.19203,42.84358],[-7.19663,42.84411]]]}},{"type":"Feature","properties":{"COD_POSTAL":"27153"},"geometry":{"type":"Polygon","coordinates":[[[-7.53752,43.12362],[-7.54436,43.12268],[-7.55447,43.11818],[-7.55702,43.11802],[-7.55801,43.1177],[-7.55887,43.11723],[-7.55843,43.11581],[-7.55843,43.115],[-7.55935,43.11446],[-7.56268,43.11405],[-7.56545,43.11497],[-7.56784,43.11534],[-7.57022,43.11511],[-7.57357,43.11525],[-7.57547,43.11587],[-7.57861,43.114],[-7.59522,43.10917],[-7.5927,43.10689],[-7.59065,43.10409],[-7.57722,43.09397],[-7.57535,43.09274],[-7.56999,43.09009],[-7.57226,43.0872],[-7.57284,43.08589],[-7.57298,43.0844],[-7.57007,43.07828],[-7.56822,43.07996],[-7.56283,43.07668],[-7.55865,43.07769],[-7.55109,43.07764],[-7.54993,43.076],[-7.5439,43.07779],[-7.52956,43.07459],[-7.51622,43.07828],[-7.51041,43.08119],[-7.49825,43.08319],[-7.49546,43.08324],[-7.49294,43.08667],[-7.49168,43.09569],[-7.49073,43.0985],[-7.50457,43.11008],[-7.50518,43.10965],[-7.50779,43.10963],[-7.50972,43.11011],[-7.51093,43.11076],[-7.51298,43.11048],[-7.52601,43.10507],[-7.52522,43.10692],[-7.52598,43.10903],[-7.52579,43.11087],[-7.52548,43.11202],[-7.52382,43.1144],[-7.52965,43.11604],[-7.53591,43.12384],[-7.53752,43.12362]]]}},{"type":"Feature","properties":{"COD_POSTAL":"27888"},"geometry":{"type":"Polygon","coordinates":[[[-7.46535,43.63252],[-7.45268,43.62498],[-7.45225,43.62321],[-7.44844,43.62335],[-7.44843,43.62417],[-7.44593,43.62758],[-7.43545,43.6358],[-7.43561,43.63963],[-7.42392,43.64897],[-7.42266,43.65086],[-7.42722,43.6518],[-7.43043,43.65394],[-7.42908,43.65732],[-7.42671,43.66085],[-7.4225,43.6639],[-7.4368,43.67301],[-7.44259,43.67189],[-7.45076,43.67248],[-7.45765,43.67095],[-7.46511,43.67213],[-7.47056,43.66941],[-7.47014,43.66777],[-7.47048,43.66674],[-7.47345,43.66323],[-7.4737,43.66175],[-7.47471,43.66044],[-7.47602,43.66062],[-7.47686,43.65951],[-7.47743,43.65858],[-7.47926,43.6538],[-7.47696,43.6498],[-7.47591,43.64869],[-7.4731,43.6474],[-7.46925,43.64636],[-7.46893,43.64474],[-7.46815,43.64435],[-7.46596,43.64425],[-7.46532,43.64265],[-7.46529,43.64197],[-7.46782,43.64188],[-7.46897,43.64146],[-7.4695,43.64091],[-7.47006,43.63952],[-7.47026,43.63748],[-7.47008,43.63664],[-7.46977,43.63576],[-7.46779,43.63412],[-7.46796,43.63338],[-7.46535,43.63252]]]}},{"type":"Feature","properties":{"COD_POSTAL":"27788"},"geometry":{"type":"Polygon","coordinates":[[[-7.2634,43.55726],[-7.2635,43.55758],[-7.26301,43.55831],[-7.26329,43.55856],[-7.26469,43.55936],[-7.2671,43.5597],[-7.27311,43.56285],[-7.27376,43.5636],[-7.2765,43.56032],[-7.28398,43.55574],[-7.29127,43.55264],[-7.29169,43.55194],[-7.29517,43.55251],[-7.29687,43.55205],[-7.2982,43.55104],[-7.29983,43.54753],[-7.30208,43.54693],[-7.30592,43.54638],[-7.30703,43.54369],[-7.30743,43.53891],[-7.30962,43.53235],[-7.31077,43.52515],[-7.30937,43.52535],[-7.30674,43.52514],[-7.30487,43.52434],[-7.30164,43.5238],[-7.30084,43.52325],[-7.29843,43.5227],[-7.29546,43.52255],[-7.29396,43.52211],[-7.29015,43.52366],[-7.28592,43.52441],[-7.27941,43.5249],[-7.27716,43.52392],[-7.27641,43.5247],[-7.27455,43.52486],[-7.27113,43.52452],[-7.2707,43.52472],[-7.27001,43.52643],[-7.26952,43.52697],[-7.26939,43.52782],[-7.27221,43.52894],[-7.27268,43.52945],[-7.27286,43.53119],[-7.27372,43.53255],[-7.27356,43.53376],[-7.2724,43.53547],[-7.27184,43.53525],[-7.27152,43.53413],[-7.27086,43.53364],[-7.27035,43.53361],[-7.26915,43.53432],[-7.26669,43.53337],[-7.26608,43.53293],[-7.26688,43.53214],[-7.26663,43.53193],[-7.26434,43.53193],[-7.26349,43.53243],[-7.26294,43.53321],[-7.26318,43.53361],[-7.26555,43.53532],[-7.26814,43.5364],[-7.26908,43.53739],[-7.2697,43.53822],[-7.26926,43.53991],[-7.26063,43.55232],[-7.25795,43.55398],[-7.25606,43.55426],[-7.25326,43.55509],[-7.25231,43.55614],[-7.25408,43.55722],[-7.2558,43.55746],[-7.26019,43.55685],[-7.26215,43.55736],[-7.26334,43.55674],[-7.2639,43.55655],[-7.26392,43.55671],[-7.2634,43.55726]]]}},{"type":"Feature","properties":{"COD_POSTAL":"27307"},"geometry":{"type":"Polygon","coordinates":[[[-7.86242,43.21674],[-7.8627,43.21722],[-7.8618,43.22152],[-7.86138,43.22193],[-7.86059,43.22203],[-7.85794,43.2215],[-7.8564,43.22216],[-7.85573,43.22314],[-7.85478,43.2237],[-7.85223,43.22449],[-7.84543,43.22522],[-7.84152,43.22504],[-7.83974,43.22329],[-7.83913,43.22285],[-7.83865,43.22285],[-7.83727,43.22335],[-7.83487,43.2237],[-7.83335,43.2247],[-7.83205,43.22482],[-7.8307,43.22533],[-7.82947,43.22608],[-7.82793,43.2265],[-7.82677,43.22722],[-7.82457,43.22737],[-7.82194,43.22684],[-7.82077,43.22687],[-7.82055,43.22706],[-7.82054,43.22791],[-7.8217,43.23037],[-7.82151,43.23082],[-7.82073,43.23132],[-7.81928,43.2333],[-7.81667,43.23523],[-7.81445,43.23596],[-7.8073,43.23485],[-7.80547,43.23505],[-7.80337,43.23571],[-7.80033,43.23594],[-7.79499,43.23724],[-7.79271,43.23728],[-7.79324,43.23969],[-7.79242,43.24108],[-7.79533,43.24508],[-7.8,43.24572],[-7.80809,43.24532],[-7.81149,43.24444],[-7.81354,43.24356],[-7.81614,43.24333],[-7.81812,43.24245],[-7.82017,43.241],[-7.8224,43.24056],[-7.82307,43.23927],[-7.82369,43.23899],[-7.82477,43.23929],[-7.82751,43.24087],[-7.83141,43.2445],[-7.83251,43.24661],[-7.83329,43.25035],[-7.83486,43.25154],[-7.83982,43.25413],[-7.84014,43.25504],[-7.84226,43.25785],[-7.84238,43.25897],[-7.84289,43.2604],[-7.84344,43.25961],[-7.84439,43.25885],[-7.84473,43.25818],[-7.84524,43.25548],[-7.84846,43.25405],[-7.84905,43.2532],[-7.85363,43.25182],[-7.85631,43.25198],[-7.86311,43.25445],[-7.86434,43.25574],[-7.86528,43.25727],[-7.86542,43.25886],[-7.86588,43.2601],[-7.86669,43.26083],[-7.86772,43.26133],[-7.86851,43.26143],[-7.87013,43.26105],[-7.87089,43.26189],[-7.87613,43.26991],[-7.87499,43.2764],[-7.87775,43.28309],[-7.87518,43.28764],[-7.87043,43.29055],[-7.86098,43.29466],[-7.85974,43.2954],[-7.85867,43.29642],[-7.84729,43.29904],[-7.83998,43.29937],[-7.84189,43.30144],[-7.84782,43.3152],[-7.84934,43.31482],[-7.85108,43.3148],[-7.85172,43.31456],[-7.85256,43.31366],[-7.85288,43.3136],[-7.85398,43.31396],[-7.85522,43.31499],[-7.85728,43.31729],[-7.86329,43.31717],[-7.86717,43.31827],[-7.87116,43.31832],[-7.87404,43.31948],[-7.87717,43.3199],[-7.8779,43.3187],[-7.87899,43.31877],[-7.88024,43.31982],[-7.87998,43.32226],[-7.88012,43.32424],[-7.88114,43.32647],[-7.88344,43.32875],[-7.88635,43.33401],[-7.88879,43.33579],[-7.88987,43.33481],[-7.89065,43.33243],[-7.89268,43.32941],[-7.8996,43.32695],[-7.90172,43.32575],[-7.90679,43.32058],[-7.91029,43.31487],[-7.91162,43.31335],[-7.9165,43.30978],[-7.92249,43.30702],[-7.92488,43.30463],[-7.93238,43.30079],[-7.93399,43.29959],[-7.93561,43.29782],[-7.93607,43.29691],[-7.93677,43.29412],[-7.93769,43.29278],[-7.9438,43.28728],[-7.9455,43.28621],[-7.94656,43.28587],[-7.94145,43.27952],[-7.93965,43.27799],[-7.93825,43.27734],[-7.93622,43.27701],[-7.92878,43.27703],[-7.92812,43.27682],[-7.9245,43.27448],[-7.92382,43.2738],[-7.92227,43.27152],[-7.92153,43.26969],[-7.92472,43.26375],[-7.93186,43.24177],[-7.93591,43.23437],[-7.934,43.23308],[-7.93124,43.23239],[-7.92877,43.23237],[-7.92518,43.23193],[-7.92187,43.23088],[-7.91933,43.23049],[-7.91351,43.22884],[-7.91297,43.22901],[-7.91232,43.22994],[-7.90975,43.2304],[-7.90974,43.2312],[-7.90827,43.23213],[-7.90691,43.23381],[-7.90494,43.23411],[-7.90378,43.23333],[-7.90372,43.23146],[-7.90333,43.23072],[-7.90189,43.23],[-7.90121,43.22901],[-7.89958,43.2282],[-7.89722,43.22731],[-7.89459,43.22719],[-7.89262,43.22723],[-7.88969,43.22797],[-7.88799,43.228],[-7.88575,43.22724],[-7.88062,43.22382],[-7.88141,43.22205],[-7.88186,43.21968],[-7.88182,43.21844],[-7.88098,43.21671],[-7.87849,43.21425],[-7.87889,43.21282],[-7.87778,43.21229],[-7.87577,43.21196],[-7.87397,43.21288],[-7.87306,43.21378],[-7.87238,43.214],[-7.87141,43.21397],[-7.86938,43.21312],[-7.8688,43.21333],[-7.8687,43.21378],[-7.86843,43.21378],[-7.86816,43.21345],[-7.86887,43.21282],[-7.86775,43.21212],[-7.86695,43.21211],[-7.86224,43.21437],[-7.86194,43.21491],[-7.86187,43.21577],[-7.86242,43.21674]]]}},{"type":"Feature","properties":{"COD_POSTAL":"27344"},"geometry":{"type":"Polygon","coordinates":[[[-7.43522,42.62933],[-7.4392,42.63301],[-7.44261,42.63656],[-7.44553,42.63583],[-7.44995,42.63397],[-7.4667,42.62918],[-7.47259,42.62111],[-7.46866,42.61787],[-7.46664,42.61669],[-7.46477,42.61478],[-7.46358,42.61166],[-7.46385,42.61058],[-7.4669,42.60751],[-7.45651,42.60662],[-7.45094,42.60544],[-7.45033,42.60461],[-7.44985,42.60607],[-7.45025,42.60698],[-7.44415,42.60803],[-7.4428,42.60874],[-7.44079,42.60928],[-7.43849,42.61062],[-7.43455,42.60867],[-7.43027,42.6078],[-7.42888,42.60774],[-7.42669,42.60843],[-7.42574,42.60781],[-7.42474,42.60851],[-7.42363,42.60833],[-7.42241,42.60881],[-7.42084,42.6088],[-7.41836,42.60921],[-7.41568,42.61034],[-7.41523,42.6108],[-7.4149,42.6117],[-7.41421,42.61223],[-7.41431,42.61289],[-7.4151,42.61345],[-7.41674,42.61361],[-7.41738,42.6139],[-7.42019,42.6183],[-7.42075,42.61956],[-7.42078,42.62073],[-7.41958,42.62663],[-7.41974,42.6281],[-7.43068,42.62899],[-7.43463,42.62906],[-7.43522,42.62933]]]}},{"type":"Feature","properties":{"COD_POSTAL":"27555"},"geometry":{"type":"Polygon","coordinates":[[[-7.78134,42.72819],[-7.78473,42.726],[-7.78811,42.72477],[-7.79177,42.72379],[-7.79281,42.72291],[-7.7894,42.72019],[-7.79019,42.7173],[-7.79103,42.7163],[-7.7923,42.71554],[-7.79453,42.71501],[-7.79985,42.71451],[-7.80539,42.71354],[-7.80849,42.71382],[-7.80914,42.71534],[-7.81391,42.71401],[-7.81638,42.71299],[-7.81848,42.71046],[-7.8187,42.70992],[-7.81816,42.70775],[-7.81894,42.70768],[-7.81959,42.70794],[-7.81969,42.70835],[-7.82305,42.70924],[-7.82473,42.70915],[-7.82857,42.70982],[-7.82908,42.71086],[-7.8314,42.7137],[-7.83395,42.71439],[-7.83571,42.71557],[-7.83581,42.71604],[-7.8355,42.71696],[-7.83475,42.71806],[-7.85063,42.71696],[-7.85903,42.72096],[-7.86232,42.72215],[-7.86252,42.72275],[-7.86321,42.7232],[-7.86639,42.72064],[-7.86687,42.71741],[-7.86687,42.71382],[-7.86671,42.71333],[-7.86473,42.71079],[-7.86343,42.70963],[-7.86153,42.70671],[-7.86143,42.7062],[-7.86382,42.70318],[-7.86554,42.69959],[-7.86668,42.69849],[-7.86931,42.69816],[-7.87063,42.69852],[-7.87196,42.69944],[-7.87382,42.69941],[-7.87601,42.6969],[-7.87663,42.6955],[-7.87661,42.69451],[-7.87688,42.69406],[-7.87643,42.69239],[-7.87429,42.69134],[-7.87476,42.68957],[-7.87134,42.68795],[-7.86705,42.68642],[-7.86392,42.68567],[-7.8627,42.68483],[-7.86146,42.6833],[-7.8614,42.68241],[-7.86175,42.68163],[-7.86003,42.68085],[-7.85912,42.68145],[-7.85747,42.68131],[-7.85702,42.67956],[-7.85596,42.67791],[-7.85577,42.676],[-7.85642,42.67519],[-7.8561,42.67428],[-7.85477,42.6725],[-7.85348,42.67149],[-7.85168,42.67127],[-7.84965,42.67286],[-7.84728,42.67287],[-7.84625,42.67237],[-7.8453,42.67152],[-7.84371,42.67077],[-7.84125,42.67094],[-7.84103,42.66915],[-7.83993,42.67049],[-7.83904,42.67336],[-7.83701,42.67544],[-7.83536,42.67827],[-7.8318,42.6813],[-7.82489,42.68461],[-7.81963,42.68376],[-7.81704,42.6839],[-7.81331,42.68536],[-7.8095,42.68535],[-7.81076,42.6875],[-7.81639,42.6912],[-7.81576,42.69269],[-7.81074,42.69402],[-7.79921,42.69789],[-7.79681,42.69947],[-7.79538,42.70116],[-7.79458,42.70166],[-7.79262,42.70204],[-7.79109,42.70299],[-7.7897,42.70321],[-7.78745,42.70506],[-7.7863,42.70539],[-7.78492,42.70521],[-7.78404,42.7044],[-7.78168,42.7044],[-7.77974,42.70379],[-7.77857,42.70395],[-7.7757,42.70234],[-7.77087,42.70409],[-7.77057,42.70399],[-7.76806,42.7048],[-7.76543,42.70493],[-7.76549,42.71085],[-7.76836,42.71396],[-7.76983,42.71417],[-7.77069,42.71571],[-7.77484,42.71853],[-7.77547,42.72026],[-7.77508,42.72458],[-7.77694,42.72606],[-7.77804,42.72624],[-7.77824,42.72699],[-7.77989,42.72673],[-7.78049,42.72782],[-7.78134,42.72819]]]}},{"type":"Feature","properties":{"COD_POSTAL":"27516"},"geometry":{"type":"Polygon","coordinates":[[[-7.72562,42.64015],[-7.73673,42.6397],[-7.74121,42.63885],[-7.74279,42.63903],[-7.74528,42.63758],[-7.74505,42.6314],[-7.74635,42.62867],[-7.74623,42.62846],[-7.74664,42.62836],[-7.74767,42.62638],[-7.74571,42.62446],[-7.74331,42.62365],[-7.74147,42.62246],[-7.74078,42.62145],[-7.74069,42.62063],[-7.74308,42.61946],[-7.74452,42.61796],[-7.74528,42.61643],[-7.74567,42.61492],[-7.74605,42.6117],[-7.74426,42.61168],[-7.74059,42.60956],[-7.7353,42.61032],[-7.73248,42.61317],[-7.7293,42.61358],[-7.72886,42.61302],[-7.72882,42.61183],[-7.72779,42.60982],[-7.72799,42.6088],[-7.72716,42.60825],[-7.72654,42.60827],[-7.7263,42.60868],[-7.72476,42.60773],[-7.72493,42.60731],[-7.72442,42.60665],[-7.72422,42.60589],[-7.72298,42.60423],[-7.72161,42.60312],[-7.72164,42.60336],[-7.72009,42.60537],[-7.71622,42.61144],[-7.71368,42.61363],[-7.71189,42.6165],[-7.70843,42.62587],[-7.70856,42.62628],[-7.7117,42.62799],[-7.71353,42.6298],[-7.71648,42.63023],[-7.71891,42.63025],[-7.7222,42.63172],[-7.72371,42.63491],[-7.72353,42.6367],[-7.72371,42.63936],[-7.72562,42.64015]]]}},{"type":"Feature","properties":{"COD_POSTAL":"27423"},"geometry":{"type":"Polygon","coordinates":[[[-7.53602,42.42],[-7.53902,42.41896],[-7.54345,42.41796],[-7.54334,42.41189],[-7.54209,42.41006],[-7.54081,42.40707],[-7.54032,42.40392],[-7.53745,42.39789],[-7.53233,42.39356],[-7.52632,42.39081],[-7.52693,42.38852],[-7.52621,42.38427],[-7.52478,42.38438],[-7.52307,42.38505],[-7.52109,42.38547],[-7.51734,42.38584],[-7.51404,42.3856],[-7.5108,42.38665],[-7.50758,42.38678],[-7.50328,42.3879],[-7.49958,42.38947],[-7.49552,42.39285],[-7.48494,42.39759],[-7.48255,42.39888],[-7.48187,42.39961],[-7.48686,42.40616],[-7.48673,42.40632],[-7.4879,42.40917],[-7.48806,42.41105],[-7.48844,42.41146],[-7.4907,42.41223],[-7.49551,42.41224],[-7.49646,42.41271],[-7.49746,42.41366],[-7.50092,42.41424],[-7.5021,42.41423],[-7.50461,42.41346],[-7.50837,42.4143],[-7.51274,42.41374],[-7.51467,42.41379],[-7.51799,42.41453],[-7.5262,42.41476],[-7.52908,42.41453],[-7.53135,42.41515],[-7.53489,42.41836],[-7.53602,42.42]]]}},{"type":"Feature","properties":{"COD_POSTAL":"27613"},"geometry":{"type":"Polygon","coordinates":[[[-7.48131,42.73781],[-7.482,42.73924],[-7.48275,42.73971],[-7.48699,42.74128],[-7.4881,42.74201],[-7.49018,42.74549],[-7.49046,42.74895],[-7.49116,42.75072],[-7.49136,42.75201],[-7.49077,42.75313],[-7.48921,42.75408],[-7.48585,42.75454],[-7.48546,42.75576],[-7.48624,42.75692],[-7.48973,42.75932],[-7.49458,42.76426],[-7.49372,42.7672],[-7.49684,42.76718],[-7.49919,42.76691],[-7.50297,42.76794],[-7.50626,42.76851],[-7.50605,42.76953],[-7.5069,42.77034],[-7.50823,42.76992],[-7.51105,42.7696],[-7.51069,42.7678],[-7.50943,42.76677],[-7.50829,42.76452],[-7.5092,42.76235],[-7.50926,42.76059],[-7.50989,42.76039],[-7.51086,42.76057],[-7.5116,42.76042],[-7.51204,42.75982],[-7.51209,42.75803],[-7.51328,42.75656],[-7.51337,42.75561],[-7.51289,42.75463],[-7.5129,42.75401],[-7.51331,42.75279],[-7.51248,42.75112],[-7.51359,42.74819],[-7.51414,42.74772],[-7.51699,42.74662],[-7.51834,42.74563],[-7.51888,42.74424],[-7.52103,42.74256],[-7.5441,42.72608],[-7.5373,42.72202],[-7.52702,42.7192],[-7.51956,42.71086],[-7.51232,42.70672],[-7.50846,42.70787],[-7.49422,42.71315],[-7.4931,42.71588],[-7.48275,42.71661],[-7.48108,42.71722],[-7.47885,42.71855],[-7.47766,42.72001],[-7.4766,42.72042],[-7.47283,42.72369],[-7.4718,42.72408],[-7.47321,42.72536],[-7.47476,42.72546],[-7.47712,42.72659],[-7.47707,42.72865],[-7.47763,42.72946],[-7.47827,42.73119],[-7.4783,42.73249],[-7.48131,42.7378],[-7.48131,42.73781]]]}},{"type":"Feature","properties":{"COD_POSTAL":"27210"},"geometry":{"type":"Polygon","coordinates":[[[-7.59908,42.9275],[-7.59655,42.92792],[-7.59446,42.92936],[-7.5934,42.9294],[-7.59253,42.93126],[-7.58984,42.93539],[-7.58967,42.93625],[-7.59045,42.94013],[-7.5915,42.9439],[-7.59258,42.94668],[-7.5908,42.9476],[-7.58675,42.94816],[-7.58543,42.94914],[-7.58207,42.94946],[-7.58039,42.95268],[-7.57832,42.95855],[-7.57774,42.96129],[-7.57764,42.96559],[-7.57483,42.97346],[-7.57446,42.97604],[-7.5739,42.97661],[-7.57396,42.97758],[-7.57353,42.97921],[-7.57297,42.98025],[-7.57316,42.98191],[-7.57508,42.98377],[-7.5754,42.98521],[-7.57424,42.98613],[-7.57393,42.9877],[-7.57826,42.98788],[-7.57981,42.9885],[-7.5797,42.98868],[-7.59312,42.98674],[-7.59403,42.98576],[-7.59437,42.98507],[-7.59645,42.98347],[-7.5969,42.98242],[-7.59908,42.98171],[-7.601,42.97988],[-7.60248,42.97959],[-7.60214,42.97877],[-7.60417,42.97682],[-7.60616,42.97404],[-7.60765,42.97331],[-7.61097,42.97237],[-7.62382,42.96686],[-7.63015,42.96387],[-7.63732,42.95853],[-7.63862,42.95631],[-7.6483,42.95053],[-7.67033,42.95122],[-7.67705,42.95426],[-7.68456,42.95184],[-7.69959,42.95207],[-7.70265,42.94798],[-7.70412,42.94169],[-7.71104,42.93787],[-7.71193,42.93628],[-7.71238,42.93233],[-7.7136,42.931],[-7.71377,42.92952],[-7.71327,42.9291],[-7.71279,42.92809],[-7.71305,42.92637],[-7.71209,42.9236],[-7.70666,42.92303],[-7.70569,42.92342],[-7.70247,42.92272],[-7.70051,42.91842],[-7.69888,42.9175],[-7.69225,42.91623],[-7.68846,42.91429],[-7.68816,42.91302],[-7.69283,42.91117],[-7.69467,42.90839],[-7.68389,42.90551],[-7.67891,42.90084],[-7.67883,42.89597],[-7.66882,42.89112],[-7.6633,42.89043],[-7.65779,42.8905],[-7.64807,42.89265],[-7.6464,42.89339],[-7.64504,42.89555],[-7.64434,42.8991],[-7.64065,42.90095],[-7.63825,42.90135],[-7.63649,42.90342],[-7.63484,42.90724],[-7.63416,42.91118],[-7.63435,42.91358],[-7.62821,42.9197],[-7.62408,42.91872],[-7.61535,42.91387],[-7.61337,42.91331],[-7.60739,42.91359],[-7.60013,42.91249],[-7.5982,42.91799],[-7.59906,42.92749],[-7.59908,42.9275]]]}},{"type":"Feature","properties":{"COD_POSTAL":"27275"},"geometry":{"type":"Polygon","coordinates":[[[-7.25828,43.1437],[-7.2619,43.14275],[-7.27045,43.14205],[-7.27367,43.14102],[-7.27614,43.14068],[-7.28107,43.14053],[-7.28427,43.14015],[-7.29137,43.13865],[-7.29681,43.1366],[-7.29387,43.13301],[-7.29328,43.13267],[-7.29367,43.13181],[-7.28962,43.12908],[-7.28903,43.12796],[-7.28771,43.12645],[-7.28654,43.1238],[-7.28585,43.11929],[-7.28575,43.11615],[-7.28243,43.10671],[-7.27879,43.11175],[-7.27311,43.11248],[-7.2663,43.11925],[-7.25989,43.12431],[-7.25924,43.12651],[-7.25985,43.12995],[-7.25332,43.13718],[-7.2559,43.14088],[-7.25828,43.1437]]]}},{"type":"Feature","properties":{"COD_POSTAL":"27672"},"geometry":{"type":"Polygon","coordinates":[[[-7.16895,42.72979],[-7.17351,42.73052],[-7.17227,42.72848],[-7.17465,42.72265],[-7.18263,42.71848],[-7.18287,42.71778],[-7.18228,42.71646],[-7.17563,42.7125],[-7.17515,42.71127],[-7.17442,42.71066],[-7.16795,42.70611],[-7.16671,42.70251],[-7.16528,42.70177],[-7.16439,42.7005],[-7.1613,42.69904],[-7.16001,42.69737],[-7.15951,42.69724],[-7.15773,42.69747],[-7.15631,42.69853],[-7.15385,42.69928],[-7.15125,42.69839],[-7.15059,42.69881],[-7.14788,42.69864],[-7.14169,42.69926],[-7.13938,42.70254],[-7.14063,42.70648],[-7.14292,42.71019],[-7.14391,42.71272],[-7.14326,42.7137],[-7.14193,42.71443],[-7.13945,42.71701],[-7.13791,42.71819],[-7.1376,42.71822],[-7.13659,42.72118],[-7.13722,42.72155],[-7.13838,42.72283],[-7.14124,42.72335],[-7.14344,42.72463],[-7.14406,42.72535],[-7.14394,42.72646],[-7.14646,42.72693],[-7.14768,42.72813],[-7.15115,42.72642],[-7.15556,42.72574],[-7.16032,42.72579],[-7.16895,42.72979]]]}},{"type":"Feature","properties":{"COD_POSTAL":"27826"},"geometry":{"type":"Polygon","coordinates":[[[-7.82985,43.34395],[-7.8304,43.34515],[-7.83038,43.34578],[-7.83082,43.34594],[-7.83076,43.34679],[-7.83418,43.34875],[-7.83524,43.34893],[-7.8364,43.3495],[-7.83902,43.35267],[-7.83744,43.35593],[-7.83752,43.35693],[-7.83675,43.36004],[-7.83715,43.36042],[-7.83696,43.3612],[-7.83715,43.36211],[-7.84235,43.3633],[-7.84819,43.36577],[-7.85471,43.3676],[-7.8633,43.36629],[-7.86585,43.36618],[-7.87565,43.36465],[-7.88365,43.36166],[-7.88113,43.35263],[-7.887,43.34112],[-7.88751,43.3369],[-7.88879,43.33579],[-7.88635,43.33401],[-7.88344,43.32875],[-7.88114,43.32647],[-7.88012,43.32424],[-7.87998,43.32226],[-7.88024,43.31982],[-7.87899,43.31877],[-7.8779,43.3187],[-7.87717,43.3199],[-7.87404,43.31948],[-7.87116,43.31832],[-7.86717,43.31827],[-7.86329,43.31717],[-7.85728,43.31729],[-7.85522,43.31499],[-7.85398,43.31396],[-7.85288,43.3136],[-7.85256,43.31366],[-7.85172,43.31456],[-7.85108,43.3148],[-7.84934,43.31482],[-7.84633,43.31529],[-7.84528,43.31587],[-7.84524,43.31625],[-7.84475,43.31627],[-7.84432,43.31685],[-7.84265,43.31712],[-7.84284,43.3174],[-7.84212,43.31735],[-7.8415,43.31691],[-7.83722,43.31525],[-7.83724,43.31493],[-7.83663,43.31487],[-7.83626,43.31384],[-7.83528,43.31337],[-7.83195,43.31347],[-7.83153,43.31408],[-7.83234,43.31414],[-7.83223,43.31447],[-7.83257,43.31531],[-7.83224,43.31566],[-7.83269,43.31583],[-7.83212,43.31657],[-7.83114,43.31727],[-7.8308,43.31816],[-7.83131,43.31852],[-7.83058,43.31867],[-7.83046,43.32104],[-7.83175,43.32464],[-7.83168,43.32683],[-7.83088,43.32825],[-7.83169,43.32963],[-7.83176,43.33057],[-7.83141,43.33112],[-7.83019,43.33191],[-7.83002,43.33231],[-7.83153,43.33387],[-7.83131,43.33507],[-7.83168,43.33563],[-7.83163,43.33649],[-7.83221,43.33664],[-7.83214,43.33765],[-7.83175,43.33784],[-7.83195,43.33827],[-7.83306,43.339],[-7.83164,43.34046],[-7.83142,43.34112],[-7.83183,43.3417],[-7.83031,43.34244],[-7.83003,43.34348],[-7.82985,43.34395]]]}},{"type":"Feature","properties":{"COD_POSTAL":"27367"},"geometry":{"type":"Polygon","coordinates":[[[-7.34017,42.88129],[-7.34822,42.8792],[-7.35195,42.8807],[-7.35938,42.88017],[-7.35785,42.88611],[-7.37217,42.88535],[-7.38505,42.88435],[-7.38551,42.88611],[-7.38655,42.88698],[-7.39488,42.89022],[-7.39523,42.88732],[-7.40576,42.8874],[-7.4095,42.89235],[-7.41737,42.88637],[-7.41755,42.88618],[-7.41742,42.88576],[-7.41783,42.88524],[-7.41744,42.88492],[-7.41981,42.88186],[-7.42271,42.88001],[-7.42411,42.87982],[-7.42669,42.88155],[-7.42713,42.88137],[-7.42771,42.8802],[-7.42772,42.87963],[-7.42691,42.87524],[-7.42852,42.87209],[-7.42742,42.8706],[-7.42126,42.86739],[-7.41747,42.86494],[-7.41561,42.86263],[-7.41159,42.86385],[-7.40971,42.86518],[-7.40536,42.86714],[-7.40256,42.86734],[-7.39996,42.86557],[-7.39589,42.86721],[-7.39024,42.86657],[-7.38848,42.86704],[-7.38776,42.8655],[-7.38635,42.86552],[-7.37844,42.8674],[-7.37556,42.86041],[-7.3696,42.85865],[-7.37043,42.85614],[-7.37725,42.84703],[-7.37388,42.84602],[-7.37232,42.84455],[-7.37105,42.84099],[-7.3692,42.84288],[-7.36265,42.8405],[-7.35471,42.84293],[-7.35617,42.83883],[-7.34221,42.84133],[-7.33626,42.84287],[-7.3323,42.84534],[-7.32872,42.8468],[-7.32599,42.84923],[-7.33245,42.8501],[-7.33539,42.85306],[-7.33366,42.85391],[-7.32659,42.87132],[-7.32564,42.87578],[-7.33308,42.88003],[-7.33413,42.88084],[-7.34017,42.88129]]]}},{"type":"Feature","properties":{"COD_POSTAL":"27266"},"geometry":{"type":"Polygon","coordinates":[[[-7.43551,43.13587],[-7.43455,43.13647],[-7.42625,43.13872],[-7.4289,43.14497],[-7.43187,43.14963],[-7.43191,43.15122],[-7.43391,43.15332],[-7.43666,43.15419],[-7.43821,43.15595],[-7.45021,43.15616],[-7.46371,43.15782],[-7.47532,43.15827],[-7.47583,43.15809],[-7.47552,43.15779],[-7.47786,43.15185],[-7.4767,43.14913],[-7.47744,43.14217],[-7.47906,43.1393],[-7.47887,43.13777],[-7.4767,43.13355],[-7.47576,43.13374],[-7.47324,43.13321],[-7.47225,43.13105],[-7.47088,43.12993],[-7.46936,43.12941],[-7.46899,43.12709],[-7.47032,43.12483],[-7.47092,43.12177],[-7.46976,43.11993],[-7.47025,43.1192],[-7.4691,43.11887],[-7.46438,43.11528],[-7.45851,43.11727],[-7.45428,43.12155],[-7.4514,43.12284],[-7.45073,43.12247],[-7.44939,43.12286],[-7.44633,43.12286],[-7.44203,43.12013],[-7.44134,43.12106],[-7.44215,43.12395],[-7.44126,43.12783],[-7.44001,43.12821],[-7.43609,43.12796],[-7.43551,43.12876],[-7.4357,43.13059],[-7.43704,43.13423],[-7.43551,43.13587]]]}},{"type":"Feature","properties":{"COD_POSTAL":"27188"},"geometry":{"type":"MultiPolygon","coordinates":[[[[-7.6342,42.82362],[-7.64731,42.81739],[-7.6542,42.81279],[-7.65589,42.81189],[-7.64865,42.81182],[-7.64904,42.80663],[-7.64861,42.80461],[-7.64813,42.80425],[-7.64443,42.80346],[-7.64033,42.80367],[-7.63492,42.80714],[-7.62623,42.81185],[-7.62107,42.8204],[-7.63018,42.82552],[-7.6342,42.82362]]],[[[-7.68923,42.83418],[-7.69336,42.83771],[-7.69435,42.83828],[-7.69556,42.83704],[-7.70039,42.83598],[-7.7041,42.8345],[-7.71187,42.83409],[-7.71662,42.83311],[-7.7206,42.83326],[-7.72328,42.83252],[-7.71856,42.82852],[-7.71443,42.82209],[-7.70892,42.8172],[-7.70324,42.81416],[-7.70107,42.81021],[-7.69701,42.80998],[-7.69013,42.80756],[-7.68706,42.80908],[-7.68264,42.81082],[-7.68046,42.81103],[-7.67833,42.8117],[-7.67507,42.8115],[-7.67398,42.81238],[-7.67201,42.81139],[-7.67126,42.81132],[-7.67071,42.81087],[-7.66655,42.81047],[-7.66106,42.81261],[-7.66163,42.81273],[-7.66235,42.81368],[-7.66735,42.81503],[-7.677,42.82],[-7.67814,42.82083],[-7.68479,42.82755],[-7.68648,42.82996],[-7.68923,42.83418]]]]}},{"type":"Feature","properties":{"COD_POSTAL":"27515"},"geometry":{"type":"Polygon","coordinates":[[[-7.72433,42.58286],[-7.73139,42.58323],[-7.73391,42.58174],[-7.73549,42.58052],[-7.73606,42.57976],[-7.74037,42.57932],[-7.74827,42.57926],[-7.75346,42.58127],[-7.75265,42.57898],[-7.75351,42.57435],[-7.7527,42.57301],[-7.74913,42.57254],[-7.74552,42.57171],[-7.74316,42.56845],[-7.74192,42.56333],[-7.7421,42.56077],[-7.74295,42.55842],[-7.74752,42.5527],[-7.74587,42.5523],[-7.74522,42.5512],[-7.74423,42.55054],[-7.74271,42.54798],[-7.73938,42.54386],[-7.73519,42.54351],[-7.72778,42.54064],[-7.72655,42.53891],[-7.72554,42.53804],[-7.7169,42.53226],[-7.71456,42.53195],[-7.7105,42.53232],[-7.71098,42.53431],[-7.71278,42.53713],[-7.71312,42.53826],[-7.713,42.53893],[-7.71232,42.54008],[-7.70799,42.54468],[-7.70673,42.54773],[-7.70573,42.54934],[-7.70475,42.55015],[-7.70336,42.55076],[-7.6973,42.55447],[-7.69131,42.55596],[-7.68991,42.55651],[-7.68766,42.55801],[-7.68516,42.55913],[-7.68313,42.56169],[-7.68272,42.5627],[-7.68284,42.56315],[-7.68405,42.5645],[-7.68673,42.56577],[-7.68798,42.56611],[-7.69428,42.5666],[-7.70139,42.56545],[-7.70397,42.56457],[-7.71049,42.56427],[-7.71442,42.56484],[-7.71503,42.56511],[-7.71606,42.56679],[-7.71728,42.56751],[-7.72086,42.56746],[-7.72265,42.56802],[-7.72698,42.57063],[-7.727,42.57165],[-7.72633,42.57345],[-7.72411,42.5787],[-7.72316,42.58025],[-7.72371,42.58212],[-7.72433,42.58286]]]}},{"type":"Feature","properties":{"COD_POSTAL":"27131"},"geometry":{"type":"Polygon","coordinates":[[[-7.16254,43.00263],[-7.16414,43.00652],[-7.16896,43.01254],[-7.17744,43.00968],[-7.18029,43.00776],[-7.18658,42.99914],[-7.19746,42.99202],[-7.19853,42.99022],[-7.19435,42.98557],[-7.19058,42.97659],[-7.18962,42.97635],[-7.18887,42.97745],[-7.188,42.9778],[-7.18715,42.9776],[-7.18654,42.9771],[-7.18657,42.97659],[-7.18803,42.9755],[-7.18799,42.97509],[-7.18538,42.97393],[-7.18547,42.97362],[-7.18729,42.97242],[-7.18699,42.97197],[-7.18489,42.97111],[-7.17302,42.97205],[-7.16501,42.97439],[-7.15711,42.96655],[-7.15954,42.95476],[-7.14524,42.94861],[-7.13802,42.94981],[-7.11508,42.96742],[-7.09573,42.98039],[-7.09154,42.98808],[-7.09385,42.99],[-7.09655,42.99128],[-7.1002,42.99151],[-7.10482,42.99239],[-7.10778,42.99353],[-7.11083,42.99403],[-7.1135,42.99494],[-7.12054,42.99656],[-7.12641,42.99827],[-7.13119,43.00013],[-7.13672,43.00177],[-7.13923,43.00303],[-7.14414,43.00293],[-7.15227,43.00044],[-7.15342,42.99988],[-7.15493,42.9996],[-7.1604,42.9974],[-7.16165,43.0001],[-7.16254,43.00263]]]}},{"type":"Feature","properties":{"COD_POSTAL":"27378"},"geometry":{"type":"Polygon","coordinates":[[[-7.51629,43.28131],[-7.5166,43.27994],[-7.51888,43.27737],[-7.52201,43.27446],[-7.5226,43.27324],[-7.52559,43.27191],[-7.52744,43.27042],[-7.53095,43.26488],[-7.53447,43.26098],[-7.53434,43.2605],[-7.53668,43.25861],[-7.53506,43.25646],[-7.53171,43.2497],[-7.5279,43.24772],[-7.52297,43.24595],[-7.52164,43.24475],[-7.52151,43.24371],[-7.51903,43.24218],[-7.51761,43.24278],[-7.50978,43.2422],[-7.50688,43.24224],[-7.50627,43.24207],[-7.50499,43.24078],[-7.50621,43.2385],[-7.50432,43.23815],[-7.50325,43.23504],[-7.50167,43.23358],[-7.50552,43.23151],[-7.50778,43.22985],[-7.50902,43.22852],[-7.51064,43.22496],[-7.51069,43.224],[-7.51175,43.22218],[-7.51189,43.21877],[-7.51075,43.21681],[-7.50613,43.21246],[-7.50362,43.21176],[-7.49753,43.21109],[-7.49747,43.20988],[-7.4978,43.20901],[-7.49127,43.20486],[-7.48964,43.20193],[-7.48426,43.20144],[-7.47915,43.20212],[-7.46865,43.20303],[-7.46813,43.20747],[-7.46565,43.20993],[-7.47184,43.21162],[-7.46964,43.21354],[-7.47049,43.21612],[-7.47304,43.22056],[-7.47395,43.22382],[-7.47532,43.22659],[-7.47667,43.22849],[-7.47624,43.23205],[-7.4747,43.23707],[-7.47559,43.23845],[-7.47566,43.23912],[-7.47303,43.24343],[-7.47346,43.24533],[-7.47209,43.24622],[-7.47017,43.24815],[-7.47248,43.24968],[-7.47362,43.25118],[-7.47707,43.25286],[-7.4795,43.25467],[-7.48103,43.25371],[-7.48495,43.26515],[-7.48661,43.27121],[-7.49125,43.27313],[-7.49206,43.27226],[-7.49448,43.2725],[-7.50326,43.27482],[-7.50617,43.27638],[-7.5067,43.27769],[-7.50792,43.27769],[-7.50965,43.279],[-7.51174,43.27976],[-7.51253,43.27951],[-7.51358,43.28],[-7.51629,43.28131]]]}},{"type":"Feature","properties":{"COD_POSTAL":"27256"},"geometry":{"type":"Polygon","coordinates":[[[-7.41891,43.23263],[-7.41766,43.23309],[-7.41377,43.23333],[-7.41122,43.23289],[-7.40991,43.23126],[-7.40997,43.2308],[-7.4078,43.22987],[-7.40307,43.23017],[-7.3989,43.22956],[-7.39165,43.2292],[-7.39015,43.23226],[-7.38919,43.23931],[-7.38705,43.24277],[-7.38369,43.24517],[-7.37921,43.24475],[-7.37697,43.24361],[-7.37486,43.2443],[-7.37277,43.24543],[-7.37137,43.24715],[-7.36965,43.24864],[-7.36641,43.25052],[-7.36701,43.25195],[-7.36595,43.25348],[-7.36585,43.25429],[-7.36661,43.25733],[-7.36738,43.25811],[-7.36661,43.2593],[-7.36748,43.25975],[-7.36804,43.26063],[-7.36896,43.26133],[-7.37139,43.26653],[-7.37328,43.26587],[-7.37423,43.26593],[-7.37536,43.26537],[-7.37891,43.26533],[-7.38131,43.26443],[-7.38294,43.26447],[-7.38503,43.26349],[-7.38584,43.2641],[-7.38701,43.2639],[-7.39042,43.26586],[-7.39163,43.26592],[-7.39381,43.26664],[-7.39448,43.26601],[-7.39572,43.26696],[-7.39936,43.27071],[-7.40155,43.27179],[-7.40177,43.27248],[-7.4026,43.27262],[-7.40189,43.27511],[-7.40283,43.27499],[-7.40312,43.27531],[-7.4028,43.2759],[-7.40334,43.27681],[-7.40207,43.2787],[-7.40116,43.27909],[-7.40502,43.28189],[-7.40735,43.2828],[-7.41185,43.27914],[-7.41394,43.27818],[-7.41501,43.27579],[-7.4154,43.27398],[-7.41328,43.26601],[-7.41833,43.26163],[-7.42197,43.25175],[-7.42266,43.24892],[-7.42259,43.24564],[-7.42359,43.24526],[-7.42621,43.24342],[-7.42736,43.24309],[-7.42806,43.24325],[-7.43117,43.24133],[-7.43329,43.24095],[-7.43497,43.23974],[-7.43043,43.23887],[-7.42921,43.23771],[-7.42882,43.23612],[-7.42894,43.23477],[-7.42626,43.23357],[-7.42255,43.23241],[-7.42143,43.23247],[-7.41891,43.23263]]]}},{"type":"Feature","properties":{"COD_POSTAL":"27122"},"geometry":{"type":"Polygon","coordinates":[[[-7.29071,43.06373],[-7.30069,43.06393],[-7.30227,43.06352],[-7.30458,43.06245],[-7.30726,43.06178],[-7.30891,43.06193],[-7.31328,43.06154],[-7.3157,43.0606],[-7.31708,43.05981],[-7.31748,43.05915],[-7.31947,43.05834],[-7.32437,43.059],[-7.32793,43.06036],[-7.32837,43.05624],[-7.32945,43.05471],[-7.33164,43.05325],[-7.33828,43.05142],[-7.34013,43.05069],[-7.34178,43.05072],[-7.34335,43.05213],[-7.34691,43.05189],[-7.34586,43.04993],[-7.34417,43.04826],[-7.34418,43.04697],[-7.34365,43.04481],[-7.34444,43.04372],[-7.33795,43.04183],[-7.33732,43.04053],[-7.33634,43.0367],[-7.33402,43.03716],[-7.33314,43.03709],[-7.33237,43.03647],[-7.32948,43.03659],[-7.32824,43.03714],[-7.32642,43.03674],[-7.32523,43.03602],[-7.3237,43.03573],[-7.32378,43.03517],[-7.32252,43.03352],[-7.32234,43.03185],[-7.32202,43.03145],[-7.3205,43.03102],[-7.31989,43.02987],[-7.32105,43.02809],[-7.32069,43.02729],[-7.3155,43.0263],[-7.30769,43.03035],[-7.29896,43.03365],[-7.29275,43.0354],[-7.28405,43.03676],[-7.28151,43.03788],[-7.28382,43.04159],[-7.28703,43.05034],[-7.28817,43.05951],[-7.28897,43.06372],[-7.29071,43.06373]]]}},{"type":"Feature","properties":{"COD_POSTAL":"27647"},"geometry":{"type":"Polygon","coordinates":[[[-7.1822,42.85294],[-7.18457,42.85423],[-7.18526,42.85325],[-7.18754,42.8511],[-7.18857,42.84966],[-7.19203,42.84358],[-7.19071,42.83989],[-7.18773,42.83655],[-7.187,42.83361],[-7.18783,42.82796],[-7.18706,42.82181],[-7.18278,42.8155],[-7.18299,42.81079],[-7.18191,42.80649],[-7.18216,42.80252],[-7.18177,42.80031],[-7.18147,42.79901],[-7.17905,42.79468],[-7.17528,42.79576],[-7.172,42.79711],[-7.17121,42.79777],[-7.17124,42.79907],[-7.16304,42.79974],[-7.15795,42.80207],[-7.16043,42.80449],[-7.15928,42.80638],[-7.15298,42.80681],[-7.15728,42.80716],[-7.16393,42.80832],[-7.16626,42.81339],[-7.16621,42.81521],[-7.16212,42.8206],[-7.16293,42.82378],[-7.1631,42.82602],[-7.16369,42.82835],[-7.14584,42.82967],[-7.14162,42.83199],[-7.13756,42.83211],[-7.1344,42.83417],[-7.13203,42.83432],[-7.13198,42.83703],[-7.13088,42.84133],[-7.13183,42.84284],[-7.13692,42.84436],[-7.1385,42.84305],[-7.14288,42.83834],[-7.14739,42.83458],[-7.14953,42.83451],[-7.15142,42.83396],[-7.15309,42.83302],[-7.15617,42.83067],[-7.1612,42.83212],[-7.16187,42.83278],[-7.16197,42.83453],[-7.1616,42.84021],[-7.16088,42.84118],[-7.16098,42.84238],[-7.16346,42.84349],[-7.17309,42.84379],[-7.17821,42.84568],[-7.18126,42.8487],[-7.18119,42.8505],[-7.18045,42.85249],[-7.1822,42.85294]]]}},{"type":"Feature","properties":{"COD_POSTAL":"27389"},"geometry":{"type":"Polygon","coordinates":[[[-7.75418,43.1432],[-7.75383,43.14396],[-7.75514,43.15206],[-7.76575,43.15505],[-7.77144,43.15931],[-7.77662,43.15677],[-7.7783,43.1549],[-7.78193,43.1545],[-7.78456,43.15389],[-7.79211,43.15034],[-7.79294,43.1487],[-7.79341,43.14551],[-7.79426,43.1438],[-7.79414,43.1429],[-7.79369,43.14218],[-7.79188,43.14034],[-7.79148,43.13957],[-7.79152,43.13864],[-7.79323,43.1366],[-7.79467,43.13394],[-7.79527,43.13225],[-7.79411,43.13222],[-7.79256,43.13277],[-7.79171,43.13214],[-7.79017,43.12799],[-7.78881,43.12707],[-7.78702,43.12369],[-7.78203,43.12066],[-7.77755,43.11967],[-7.77253,43.11697],[-7.76883,43.11392],[-7.76068,43.12055],[-7.74963,43.12514],[-7.75463,43.13865],[-7.75418,43.1432]]]}},{"type":"Feature","properties":{"COD_POSTAL":"27267"},"geometry":{"type":"Polygon","coordinates":[[[-7.48964,43.20193],[-7.49127,43.20486],[-7.49779,43.20901],[-7.50133,43.20527],[-7.50271,43.20512],[-7.51177,43.19894],[-7.51281,43.19767],[-7.51373,43.19715],[-7.51425,43.19644],[-7.51389,43.1955],[-7.51428,43.19502],[-7.51539,43.19456],[-7.51638,43.19457],[-7.5179,43.19396],[-7.51927,43.1941],[-7.52104,43.19356],[-7.52461,43.19159],[-7.52743,43.19105],[-7.52871,43.18898],[-7.53057,43.18869],[-7.53089,43.18784],[-7.53132,43.18763],[-7.53259,43.18811],[-7.5331,43.18657],[-7.53735,43.18483],[-7.53864,43.18409],[-7.53956,43.18204],[-7.54068,43.18092],[-7.53781,43.17848],[-7.53739,43.17586],[-7.5297,43.17345],[-7.52946,43.17065],[-7.52966,43.16721],[-7.52813,43.15961],[-7.52533,43.15377],[-7.52255,43.156],[-7.52043,43.15667],[-7.51223,43.15503],[-7.50343,43.15795],[-7.50373,43.1582],[-7.50064,43.15929],[-7.51365,43.16624],[-7.50723,43.1739],[-7.50238,43.17397],[-7.50104,43.17616],[-7.4967,43.17728],[-7.49022,43.17528],[-7.49209,43.182],[-7.49417,43.18358],[-7.49463,43.18743],[-7.49356,43.18812],[-7.49286,43.18934],[-7.49004,43.19119],[-7.48942,43.19255],[-7.48872,43.1932],[-7.48778,43.1934],[-7.48683,43.19411],[-7.48574,43.1939],[-7.4849,43.19421],[-7.48416,43.19517],[-7.48426,43.20144],[-7.48964,43.20193]]]}},{"type":"Feature","properties":{"COD_POSTAL":"27752"},"geometry":{"type":"MultiPolygon","coordinates":[[[[-7.38481,43.40535],[-7.39033,43.39986],[-7.38774,43.39857],[-7.38614,43.39649],[-7.38487,43.39398],[-7.38484,43.39181],[-7.38396,43.3901],[-7.38195,43.38842],[-7.37751,43.38762],[-7.36756,43.39108],[-7.36738,43.39179],[-7.36794,43.39391],[-7.3714,43.39635],[-7.37152,43.39734],[-7.37056,43.39846],[-7.365,43.4018],[-7.35568,43.40906],[-7.35029,43.41218],[-7.35289,43.41768],[-7.35609,43.42099],[-7.35845,43.42214],[-7.35887,43.42268],[-7.35889,43.42477],[-7.36039,43.4264],[-7.3644,43.42699],[-7.36531,43.42749],[-7.36719,43.42723],[-7.36733,43.42683],[-7.36703,43.42632],[-7.36763,43.4262],[-7.36859,43.42316],[-7.3694,43.41716],[-7.37069,43.41499],[-7.38121,43.40809],[-7.38509,43.40729],[-7.38481,43.40535]]],[[[-7.32037,43.46568],[-7.31947,43.46776],[-7.32861,43.46828],[-7.33232,43.46825],[-7.33407,43.46783],[-7.33458,43.46741],[-7.34501,43.46655],[-7.34494,43.45598],[-7.34407,43.45134],[-7.34449,43.45051],[-7.34878,43.44748],[-7.35186,43.4437],[-7.35612,43.43998],[-7.35452,43.43793],[-7.35453,43.43763],[-7.35654,43.43489],[-7.35735,43.43088],[-7.35986,43.42958],[-7.35877,43.42825],[-7.35724,43.42774],[-7.35757,43.42915],[-7.35708,43.4305],[-7.35575,43.43105],[-7.35581,43.43215],[-7.35468,43.43274],[-7.35516,43.43365],[-7.35511,43.4344],[-7.34938,43.4365],[-7.34472,43.43735],[-7.33858,43.43603],[-7.33776,43.43604],[-7.33588,43.43691],[-7.33173,43.44063],[-7.33027,43.44019],[-7.32844,43.43888],[-7.32737,43.43858],[-7.31708,43.44167],[-7.31267,43.44781],[-7.31571,43.45279],[-7.31942,43.45354],[-7.32187,43.4528],[-7.32364,43.45162],[-7.32697,43.45325],[-7.32443,43.45586],[-7.32679,43.45724],[-7.32432,43.4579],[-7.32365,43.46035],[-7.32246,43.46147],[-7.32085,43.46406],[-7.32037,43.46568]]]]}},{"type":"Feature","properties":{"COD_POSTAL":"27215"},"geometry":{"type":"MultiPolygon","coordinates":[[[[-7.7391,42.89483],[-7.76429,42.88925],[-7.7708,42.8842],[-7.76648,42.88179],[-7.76345,42.87881],[-7.75379,42.87611],[-7.75038,42.87483],[-7.74093,42.86128],[-7.73497,42.87316],[-7.72991,42.8796],[-7.71956,42.87663],[-7.71507,42.87736],[-7.71207,42.8826],[-7.71905,42.89111],[-7.73383,42.88933],[-7.7391,42.89483]]],[[[-7.81282,42.85285],[-7.81321,42.85463],[-7.81273,42.85695],[-7.81192,42.85852],[-7.8152,42.85917],[-7.82077,42.86291],[-7.82878,42.863],[-7.83507,42.86399],[-7.83794,42.85984],[-7.83971,42.85659],[-7.84171,42.85207],[-7.838,42.84562],[-7.84321,42.83903],[-7.84503,42.83533],[-7.84342,42.83373],[-7.84365,42.83064],[-7.84565,42.82423],[-7.84132,42.82211],[-7.84059,42.82066],[-7.84182,42.81074],[-7.84136,42.80904],[-7.84044,42.80789],[-7.83657,42.80815],[-7.83458,42.80924],[-7.82835,42.80924],[-7.82516,42.80963],[-7.82332,42.81109],[-7.82263,42.81134],[-7.82051,42.81138],[-7.81848,42.81084],[-7.81627,42.81063],[-7.81537,42.81135],[-7.81407,42.81174],[-7.81317,42.81269],[-7.8128,42.81444],[-7.81061,42.8163],[-7.80937,42.8169],[-7.80819,42.81678],[-7.80649,42.81622],[-7.80487,42.8163],[-7.80463,42.81732],[-7.80528,42.81892],[-7.8071,42.82097],[-7.80827,42.82182],[-7.81201,42.82606],[-7.80917,42.82812],[-7.80681,42.832],[-7.80592,42.83475],[-7.80644,42.83955],[-7.80029,42.84627],[-7.79975,42.84924],[-7.7994,42.84993],[-7.79954,42.85126],[-7.80605,42.85204],[-7.80763,42.852],[-7.81247,42.85126],[-7.81282,42.85285]]]]}},{"type":"Feature","properties":{"COD_POSTAL":"27545"},"geometry":{"type":"Polygon","coordinates":[[[-7.67806,42.69353],[-7.68112,42.6957],[-7.68116,42.69532],[-7.68283,42.69387],[-7.68479,42.69266],[-7.68773,42.69135],[-7.6917,42.69034],[-7.69426,42.69052],[-7.69589,42.69092],[-7.70351,42.69368],[-7.70513,42.69371],[-7.70721,42.69308],[-7.71085,42.69099],[-7.71683,42.68992],[-7.72211,42.68667],[-7.72358,42.68621],[-7.72483,42.68539],[-7.72548,42.68276],[-7.72551,42.68116],[-7.72669,42.67935],[-7.72732,42.67758],[-7.72731,42.67545],[-7.72685,42.67356],[-7.72688,42.6727],[-7.73009,42.66933],[-7.73073,42.66819],[-7.7307,42.6663],[-7.73184,42.66435],[-7.73368,42.66272],[-7.73461,42.66154],[-7.7346,42.66055],[-7.73318,42.65671],[-7.73181,42.6553],[-7.73046,42.65437],[-7.72648,42.65279],[-7.71766,42.65134],[-7.7166,42.6505],[-7.71639,42.64988],[-7.71652,42.64902],[-7.71694,42.64861],[-7.71361,42.64883],[-7.70671,42.65063],[-7.70378,42.65111],[-7.69647,42.65422],[-7.69379,42.6561],[-7.69174,42.65919],[-7.69112,42.66185],[-7.68671,42.6634],[-7.68274,42.6654],[-7.67947,42.66927],[-7.67513,42.67243],[-7.67219,42.68341],[-7.67198,42.6891],[-7.67579,42.69112],[-7.67806,42.69353]]]}},{"type":"Feature","properties":{"COD_POSTAL":"27519"},"geometry":{"type":"Polygon","coordinates":[[[-7.76575,42.60517],[-7.76829,42.60562],[-7.76945,42.60608],[-7.77237,42.60638],[-7.77389,42.60688],[-7.775,42.60632],[-7.77754,42.60606],[-7.77716,42.60509],[-7.77847,42.60407],[-7.78309,42.60297],[-7.78652,42.60297],[-7.78794,42.60372],[-7.7902,42.60424],[-7.79103,42.60409],[-7.79141,42.60318],[-7.79211,42.60273],[-7.79367,42.60306],[-7.79306,42.60434],[-7.79349,42.60493],[-7.79834,42.60635],[-7.79973,42.60597],[-7.80061,42.60536],[-7.8009,42.60548],[-7.80201,42.60331],[-7.80976,42.60284],[-7.81228,42.5988],[-7.81308,42.59957],[-7.81752,42.60027],[-7.81792,42.59972],[-7.8175,42.59621],[-7.81845,42.59628],[-7.82042,42.59542],[-7.82165,42.59547],[-7.82219,42.59499],[-7.82204,42.59391],[-7.82462,42.59259],[-7.82567,42.59264],[-7.8273,42.59218],[-7.82968,42.59204],[-7.83094,42.5929],[-7.83275,42.59269],[-7.83344,42.5909],[-7.83482,42.58926],[-7.8368,42.58792],[-7.84281,42.58674],[-7.8444,42.58551],[-7.84715,42.5846],[-7.84785,42.58402],[-7.84889,42.58249],[-7.84904,42.57869],[-7.84992,42.57769],[-7.84825,42.57658],[-7.84639,42.57408],[-7.84473,42.57287],[-7.8445,42.57201],[-7.84344,42.57157],[-7.84266,42.56991],[-7.84283,42.56885],[-7.84352,42.5677],[-7.84331,42.56611],[-7.84016,42.56624],[-7.83285,42.56396],[-7.8293,42.56363],[-7.82641,42.56363],[-7.81594,42.565],[-7.8095,42.57069],[-7.80812,42.5703],[-7.80651,42.57152],[-7.80434,42.57246],[-7.80127,42.57593],[-7.80109,42.57715],[-7.80145,42.57834],[-7.80271,42.57974],[-7.8009,42.58029],[-7.79898,42.58049],[-7.79126,42.58209],[-7.78526,42.58394],[-7.78381,42.58392],[-7.77989,42.58251],[-7.77659,42.57951],[-7.7763,42.57857],[-7.77337,42.57564],[-7.77033,42.57603],[-7.76904,42.5766],[-7.76744,42.57773],[-7.76357,42.57845],[-7.76479,42.58],[-7.76529,42.58166],[-7.76533,42.5836],[-7.76223,42.58725],[-7.75802,42.59289],[-7.75523,42.59554],[-7.75317,42.59644],[-7.74924,42.59685],[-7.7513,42.60607],[-7.75268,42.60575],[-7.75523,42.60443],[-7.75603,42.6043],[-7.75821,42.60475],[-7.7592,42.60528],[-7.7599,42.60522],[-7.76107,42.60464],[-7.76209,42.60506],[-7.76338,42.60462],[-7.76476,42.60489],[-7.76575,42.60517]]]}},{"type":"Feature","properties":{"COD_POSTAL":"27274"},"geometry":{"type":"Polygon","coordinates":[[[-7.28488,43.1772],[-7.28539,43.17802],[-7.29246,43.17912],[-7.29726,43.17762],[-7.30432,43.17704],[-7.30625,43.17985],[-7.3194,43.17857],[-7.32036,43.17823],[-7.31247,43.16727],[-7.31215,43.1656],[-7.31286,43.16425],[-7.31224,43.16313],[-7.31396,43.15678],[-7.31084,43.15324],[-7.31032,43.1511],[-7.31188,43.14699],[-7.31632,43.1411],[-7.3169,43.13429],[-7.30934,43.13499],[-7.30294,43.13609],[-7.29681,43.1366],[-7.29137,43.13865],[-7.28427,43.14015],[-7.28107,43.14053],[-7.27614,43.14068],[-7.27367,43.14102],[-7.27045,43.14205],[-7.2619,43.14275],[-7.25828,43.1437],[-7.26039,43.14826],[-7.25583,43.1487],[-7.25602,43.15084],[-7.25759,43.15202],[-7.25863,43.15616],[-7.26069,43.15942],[-7.27665,43.16611],[-7.28039,43.16917],[-7.28235,43.17153],[-7.28234,43.1771],[-7.28488,43.1772]]]}},{"type":"Feature","properties":{"COD_POSTAL":"27768"},"geometry":{"type":"Polygon","coordinates":[[[-7.21336,43.48055],[-7.21383,43.48141],[-7.21318,43.48334],[-7.21328,43.48397],[-7.21382,43.4845],[-7.21427,43.4845],[-7.21648,43.48391],[-7.21783,43.48384],[-7.22102,43.48205],[-7.22371,43.48104],[-7.22473,43.48042],[-7.22756,43.4772],[-7.22751,43.47673],[-7.22493,43.47379],[-7.22852,43.47212],[-7.22972,43.47086],[-7.23105,43.46895],[-7.22091,43.46645],[-7.21844,43.46646],[-7.20621,43.46995],[-7.19915,43.47246],[-7.20099,43.47533],[-7.20089,43.47612],[-7.20313,43.47748],[-7.20506,43.48017],[-7.20554,43.48049],[-7.2096,43.47886],[-7.21303,43.4803],[-7.21336,43.48055]]]}},{"type":"Feature","properties":{"COD_POSTAL":"27156"},"geometry":{"type":"Polygon","coordinates":[[[-7.74274,43.09585],[-7.76286,43.0992],[-7.76298,43.08721],[-7.76475,43.07854],[-7.76136,43.07012],[-7.75484,43.06235],[-7.75438,43.06002],[-7.74908,43.06053],[-7.74762,43.06376],[-7.74383,43.06533],[-7.74238,43.06511],[-7.73993,43.06674],[-7.73109,43.06635],[-7.72744,43.06525],[-7.72338,43.06116],[-7.71806,43.06574],[-7.71184,43.07063],[-7.71233,43.07914],[-7.71589,43.08665],[-7.72461,43.09047],[-7.72654,43.093],[-7.74274,43.09585]]]}},{"type":"Feature","properties":{"COD_POSTAL":"27450"},"geometry":{"type":"Polygon","coordinates":[[[-7.57973,42.49258],[-7.5816,42.49296],[-7.5858,42.49536],[-7.59247,42.50094],[-7.60121,42.49884],[-7.60135,42.49],[-7.60202,42.4884],[-7.60792,42.4808],[-7.61012,42.48284],[-7.61333,42.48408],[-7.61736,42.4849],[-7.61965,42.48659],[-7.62364,42.48753],[-7.62602,42.48643],[-7.62851,42.47934],[-7.62894,42.47872],[-7.62878,42.47645],[-7.62817,42.47522],[-7.62513,42.47213],[-7.62116,42.47148],[-7.62005,42.47267],[-7.61774,42.4742],[-7.61694,42.47439],[-7.61259,42.47437],[-7.61138,42.47472],[-7.61064,42.47541],[-7.60998,42.47553],[-7.60844,42.4751],[-7.60764,42.47515],[-7.60601,42.47599],[-7.60544,42.47794],[-7.60458,42.479],[-7.60363,42.47948],[-7.6033,42.48064],[-7.60289,42.48104],[-7.60277,42.48183],[-7.60127,42.48265],[-7.60064,42.4835],[-7.60005,42.48384],[-7.59873,42.48383],[-7.59495,42.48274],[-7.59434,42.48278],[-7.59334,42.48328],[-7.59237,42.48456],[-7.58904,42.48642],[-7.58594,42.48868],[-7.58485,42.48858],[-7.58284,42.48761],[-7.579,42.48665],[-7.57858,42.48684],[-7.57638,42.48912],[-7.57596,42.48998],[-7.57605,42.49117],[-7.5758,42.49177],[-7.57973,42.49258]]]}},{"type":"Feature","properties":{"COD_POSTAL":"27662"},"geometry":{"type":"Polygon","coordinates":[[[-6.98603,42.88479],[-6.99175,42.88168],[-6.99408,42.88245],[-6.99663,42.88238],[-7.00077,42.88364],[-7.00999,42.8762],[-7.01378,42.87607],[-7.01109,42.87427],[-7.01059,42.8737],[-7.01072,42.86345],[-7.01041,42.86209],[-7.0112,42.86052],[-7.00481,42.84378],[-6.99987,42.84232],[-6.98988,42.82677],[-6.97982,42.82683],[-6.97814,42.82808],[-6.95507,42.83081],[-6.95311,42.83478],[-6.93947,42.84715],[-6.94064,42.85527],[-6.94298,42.86081],[-6.94575,42.86447],[-6.94613,42.8647],[-6.94771,42.86287],[-6.9494,42.86327],[-6.95081,42.86266],[-6.95515,42.8646],[-6.96113,42.86655],[-6.96188,42.86705],[-6.96359,42.86764],[-6.96406,42.86854],[-6.96503,42.86932],[-6.96514,42.87015],[-6.96471,42.87073],[-6.96476,42.87146],[-6.96614,42.8726],[-6.96653,42.87367],[-6.96739,42.87499],[-6.9696,42.87683],[-6.96986,42.87883],[-6.97131,42.87948],[-6.97163,42.88082],[-6.97369,42.88157],[-6.97412,42.88196],[-6.98603,42.88479]]]}},{"type":"Feature","properties":{"COD_POSTAL":"27170"},"geometry":{"type":"Polygon","coordinates":[[[-7.64851,42.80328],[-7.65375,42.79543],[-7.6542,42.79516],[-7.65277,42.79426],[-7.64965,42.79377],[-7.64691,42.79625],[-7.64644,42.79732],[-7.64559,42.79785],[-7.6451,42.7979],[-7.64424,42.79762],[-7.6398,42.79291],[-7.64029,42.79104],[-7.63957,42.79128],[-7.63847,42.79123],[-7.6348,42.79068],[-7.62972,42.79123],[-7.62642,42.79257],[-7.62493,42.79401],[-7.62368,42.79575],[-7.6226,42.79819],[-7.62155,42.79794],[-7.61814,42.79855],[-7.61585,42.79789],[-7.61282,42.79826],[-7.61231,42.79785],[-7.61023,42.79955],[-7.60878,42.80179],[-7.60914,42.8025],[-7.60925,42.80347],[-7.60563,42.80433],[-7.60372,42.80533],[-7.603,42.80622],[-7.60234,42.80805],[-7.60187,42.81111],[-7.60191,42.81787],[-7.60032,42.82104],[-7.59868,42.82296],[-7.59978,42.82539],[-7.60007,42.8268],[-7.60038,42.82725],[-7.60186,42.82827],[-7.60387,42.82934],[-7.60543,42.82985],[-7.6059,42.82953],[-7.60516,42.82793],[-7.60509,42.82705],[-7.60587,42.8261],[-7.60654,42.82613],[-7.61373,42.82166],[-7.61589,42.82162],[-7.62107,42.8204],[-7.62623,42.81185],[-7.63492,42.80714],[-7.64033,42.80367],[-7.64443,42.80346],[-7.64813,42.80425],[-7.64835,42.80335],[-7.64851,42.80328]]]}},{"type":"Feature","properties":{"COD_POSTAL":"27531"},"geometry":{"type":"Polygon","coordinates":[[[-7.74752,42.5527],[-7.75048,42.55268],[-7.75261,42.55206],[-7.75413,42.55202],[-7.75525,42.55151],[-7.75761,42.55193],[-7.75879,42.5497],[-7.7644,42.5499],[-7.76302,42.54461],[-7.76112,42.54056],[-7.75975,42.53656],[-7.75983,42.53408],[-7.76171,42.53183],[-7.76326,42.53145],[-7.76348,42.53116],[-7.771,42.5277],[-7.77219,42.52513],[-7.77279,42.52282],[-7.77483,42.52054],[-7.7728,42.51879],[-7.77093,42.51635],[-7.7726,42.51514],[-7.77241,42.51417],[-7.77265,42.51377],[-7.77257,42.51334],[-7.7748,42.51212],[-7.77503,42.51115],[-7.77576,42.51017],[-7.77573,42.50938],[-7.7754,42.50893],[-7.77455,42.50919],[-7.77412,42.50896],[-7.77418,42.50833],[-7.77589,42.50745],[-7.77602,42.50677],[-7.77523,42.50607],[-7.77203,42.50516],[-7.77201,42.50344],[-7.77168,42.50302],[-7.76963,42.50326],[-7.76806,42.5018],[-7.76561,42.50157],[-7.76317,42.5007],[-7.76351,42.49938],[-7.76325,42.49851],[-7.76183,42.49714],[-7.7624,42.49561],[-7.76334,42.49428],[-7.76459,42.49369],[-7.76284,42.49156],[-7.76216,42.49007],[-7.76141,42.48961],[-7.76136,42.48857],[-7.75768,42.4868],[-7.7568,42.48682],[-7.75569,42.48769],[-7.75529,42.48772],[-7.75405,42.48701],[-7.75271,42.48686],[-7.75276,42.48471],[-7.75249,42.48431],[-7.75143,42.48338],[-7.75032,42.48196],[-7.74878,42.48107],[-7.74661,42.48153],[-7.74302,42.48405],[-7.74087,42.4845],[-7.73675,42.48701],[-7.73794,42.48913],[-7.73867,42.49108],[-7.73656,42.49725],[-7.73882,42.50105],[-7.74541,42.50744],[-7.74644,42.51121],[-7.746,42.51432],[-7.74189,42.51594],[-7.73966,42.5182],[-7.73912,42.52056],[-7.73444,42.52546],[-7.73038,42.53119],[-7.7245,42.53742],[-7.72655,42.53891],[-7.72778,42.54064],[-7.73519,42.54351],[-7.73938,42.54386],[-7.74271,42.54798],[-7.74423,42.55054],[-7.74522,42.5512],[-7.74587,42.5523],[-7.74752,42.5527]]]}},{"type":"Feature","properties":{"COD_POSTAL":"27650"},"geometry":{"type":"Polygon","coordinates":[[[-7.00112,42.96828],[-7.00155,42.96887],[-7.00172,42.97081],[-7.00219,42.97222],[-7.00316,42.97298],[-7.00698,42.97343],[-7.00773,42.9737],[-7.00816,42.9742],[-7.01348,42.97278],[-7.01455,42.97144],[-7.01488,42.96882],[-7.01676,42.96638],[-7.01856,42.9675],[-7.01922,42.96701],[-7.01936,42.96614],[-7.01459,42.96034],[-7.01335,42.9597],[-7.0121,42.95842],[-7.00916,42.95839],[-7.00878,42.95808],[-7.00502,42.96064],[-7.00311,42.96236],[-7.00097,42.96297],[-7.00033,42.96287],[-6.99938,42.96533],[-6.9998,42.9669],[-7.00112,42.96828]]]}},{"type":"Feature","properties":{"COD_POSTAL":"27818"},"geometry":{"type":"Polygon","coordinates":[[[-7.51777,43.29998],[-7.52182,43.3049],[-7.52397,43.30632],[-7.53734,43.30521],[-7.54022,43.30437],[-7.542,43.30172],[-7.54363,43.3],[-7.54824,43.29796],[-7.56193,43.29804],[-7.56406,43.29838],[-7.56648,43.29508],[-7.56727,43.29213],[-7.57139,43.28914],[-7.57401,43.28602],[-7.57485,43.28411],[-7.57506,43.28406],[-7.57589,43.28076],[-7.57636,43.2776],[-7.57959,43.27767],[-7.58019,43.27918],[-7.58133,43.27934],[-7.5823,43.28036],[-7.58425,43.28137],[-7.59055,43.28346],[-7.59834,43.28519],[-7.59982,43.28578],[-7.6005,43.28641],[-7.60207,43.28643],[-7.60252,43.28618],[-7.60304,43.28683],[-7.60411,43.28723],[-7.60699,43.28676],[-7.60851,43.28733],[-7.60922,43.28835],[-7.60993,43.28864],[-7.61358,43.28772],[-7.61442,43.28784],[-7.61695,43.28885],[-7.61746,43.28935],[-7.6176,43.28997],[-7.61962,43.29182],[-7.6201,43.29259],[-7.62004,43.29294],[-7.62109,43.29273],[-7.62477,43.29345],[-7.62266,43.29046],[-7.62282,43.28992],[-7.62408,43.28937],[-7.62861,43.28836],[-7.63127,43.2881],[-7.63167,43.28557],[-7.63467,43.28384],[-7.63503,43.2817],[-7.63491,43.27847],[-7.63016,43.2766],[-7.62752,43.27665],[-7.62537,43.27641],[-7.62456,43.2761],[-7.62414,43.27505],[-7.62242,43.27277],[-7.6185,43.2731],[-7.61799,43.27295],[-7.61751,43.27229],[-7.61939,43.27046],[-7.6205,43.2698],[-7.62029,43.26954],[-7.6181,43.26908],[-7.61677,43.26822],[-7.61447,43.26751],[-7.60752,43.26588],[-7.60497,43.26628],[-7.60151,43.26643],[-7.5972,43.26598],[-7.5941,43.26719],[-7.59342,43.2671],[-7.58891,43.26947],[-7.58669,43.2697],[-7.58045,43.27297],[-7.5781,43.2745],[-7.57579,43.27502],[-7.57334,43.27364],[-7.57193,43.27329],[-7.56785,43.27149],[-7.56494,43.2699],[-7.55817,43.26445],[-7.54888,43.26081],[-7.54718,43.25979],[-7.54443,43.25866],[-7.54018,43.25726],[-7.5382,43.25716],[-7.53735,43.25759],[-7.53668,43.25861],[-7.53434,43.2605],[-7.53447,43.26098],[-7.53095,43.26488],[-7.52744,43.27042],[-7.52559,43.27191],[-7.5226,43.27324],[-7.52201,43.27446],[-7.51888,43.27737],[-7.5166,43.27994],[-7.51627,43.28077],[-7.51668,43.28485],[-7.51881,43.28732],[-7.51921,43.2886],[-7.52059,43.29032],[-7.52042,43.29106],[-7.52252,43.2932],[-7.52104,43.29384],[-7.51718,43.29652],[-7.51649,43.29652],[-7.51629,43.29736],[-7.51555,43.29767],[-7.51625,43.29839],[-7.51777,43.29998]]]}},{"type":"Feature","properties":{"COD_POSTAL":"27787"},"geometry":{"type":"Polygon","coordinates":[[[-7.2826,43.59054],[-7.28714,43.58865],[-7.29021,43.58584],[-7.29295,43.58484],[-7.29427,43.58019],[-7.29626,43.57776],[-7.31448,43.57283],[-7.31909,43.57267],[-7.32143,43.57326],[-7.32259,43.57476],[-7.32457,43.57951],[-7.32575,43.58338],[-7.32742,43.5837],[-7.32929,43.58294],[-7.33071,43.58312],[-7.33204,43.58411],[-7.33278,43.58433],[-7.33326,43.58343],[-7.33064,43.5794],[-7.33061,43.57766],[-7.33079,43.57502],[-7.33159,43.57422],[-7.33197,43.56954],[-7.33243,43.56715],[-7.33339,43.56505],[-7.33464,43.56332],[-7.33395,43.55816],[-7.32942,43.55332],[-7.32634,43.54519],[-7.32505,43.54374],[-7.32498,43.54185],[-7.32676,43.53833],[-7.32865,43.53645],[-7.33073,43.53623],[-7.33302,43.53492],[-7.33581,43.53242],[-7.3416,43.52952],[-7.34203,43.52972],[-7.3453,43.52558],[-7.34083,43.52364],[-7.33916,43.5222],[-7.33361,43.52147],[-7.33116,43.52044],[-7.32984,43.52044],[-7.32324,43.52301],[-7.31968,43.5239],[-7.31443,43.52426],[-7.31077,43.52515],[-7.30962,43.53235],[-7.30743,43.53891],[-7.30703,43.54369],[-7.30592,43.54638],[-7.30208,43.54693],[-7.29983,43.54753],[-7.2982,43.55104],[-7.29687,43.55205],[-7.29517,43.55251],[-7.29169,43.55194],[-7.29127,43.55264],[-7.28398,43.55574],[-7.2765,43.56032],[-7.27376,43.5636],[-7.27558,43.56536],[-7.27593,43.56613],[-7.27603,43.56685],[-7.27573,43.56799],[-7.2711,43.56937],[-7.26856,43.57348],[-7.26814,43.57572],[-7.26777,43.57548],[-7.26764,43.57594],[-7.26796,43.57613],[-7.2675,43.57673],[-7.26794,43.57702],[-7.2669,43.5822],[-7.26631,43.58228],[-7.26703,43.58264],[-7.26699,43.58287],[-7.26726,43.58303],[-7.26811,43.58302],[-7.26842,43.58358],[-7.26887,43.5836],[-7.26902,43.58449],[-7.26988,43.58463],[-7.27112,43.58576],[-7.27134,43.58665],[-7.27215,43.58688],[-7.27413,43.58657],[-7.27455,43.58672],[-7.27505,43.58739],[-7.27623,43.58799],[-7.27835,43.588],[-7.27938,43.58881],[-7.28007,43.59022],[-7.28202,43.59019],[-7.2826,43.59054]]]}},{"type":"Feature","properties":{"COD_POSTAL":"27340"},"geometry":{"type":"Polygon","coordinates":[[[-7.47883,42.61926],[-7.47259,42.62111],[-7.4667,42.62918],[-7.46776,42.63156],[-7.47412,42.6327],[-7.47599,42.63555],[-7.47902,42.63667],[-7.48951,42.63899],[-7.49297,42.63891],[-7.49619,42.63791],[-7.50426,42.63252],[-7.50982,42.63163],[-7.51194,42.62957],[-7.51102,42.62745],[-7.50758,42.62437],[-7.50254,42.62389],[-7.49683,42.61873],[-7.49192,42.61695],[-7.48574,42.61721],[-7.47883,42.61926]]]}},{"type":"Feature","properties":{"COD_POSTAL":"27181"},"geometry":{"type":"Polygon","coordinates":[[[-7.52633,42.90317],[-7.5274,42.90755],[-7.52709,42.90947],[-7.52481,42.91254],[-7.52219,42.91696],[-7.51739,42.92159],[-7.51593,42.92416],[-7.51567,42.92588],[-7.51595,42.92871],[-7.51549,42.93362],[-7.51454,42.93658],[-7.5135,42.93861],[-7.51429,42.94195],[-7.51695,42.94477],[-7.52008,42.94718],[-7.52193,42.95109],[-7.52226,42.95366],[-7.52264,42.95364],[-7.5225,42.95665],[-7.52202,42.95835],[-7.52209,42.9598],[-7.51921,42.96407],[-7.51803,42.96654],[-7.52523,42.96409],[-7.53614,42.96555],[-7.54814,42.95689],[-7.54803,42.956],[-7.54548,42.95206],[-7.54328,42.95015],[-7.54301,42.94575],[-7.54318,42.94554],[-7.54275,42.94518],[-7.54212,42.94385],[-7.5407,42.94233],[-7.53676,42.93906],[-7.53755,42.93845],[-7.53515,42.93296],[-7.53331,42.93104],[-7.53024,42.92906],[-7.53119,42.92727],[-7.53152,42.92611],[-7.53282,42.92525],[-7.53472,42.92482],[-7.53609,42.92335],[-7.53855,42.92294],[-7.54249,42.92043],[-7.54051,42.91695],[-7.54015,42.91558],[-7.54052,42.9146],[-7.54237,42.91351],[-7.54382,42.91217],[-7.545,42.91046],[-7.5454,42.90804],[-7.54465,42.90572],[-7.54898,42.90551],[-7.56216,42.90419],[-7.56136,42.90177],[-7.56471,42.88524],[-7.56939,42.8833],[-7.57269,42.88444],[-7.57429,42.88132],[-7.57486,42.87279],[-7.57313,42.8707],[-7.56769,42.8697],[-7.56651,42.86857],[-7.56505,42.86626],[-7.56481,42.86201],[-7.56393,42.86202],[-7.56239,42.8628],[-7.55812,42.86295],[-7.55686,42.86349],[-7.55555,42.86582],[-7.55437,42.8724],[-7.55379,42.87364],[-7.55282,42.87454],[-7.55082,42.87516],[-7.54695,42.87543],[-7.54258,42.87429],[-7.538,42.87396],[-7.53757,42.87411],[-7.53617,42.87603],[-7.53566,42.8776],[-7.53544,42.87942],[-7.53346,42.88338],[-7.53352,42.88531],[-7.53279,42.88639],[-7.53121,42.88722],[-7.52694,42.88837],[-7.5248,42.88814],[-7.52339,42.88837],[-7.5223,42.88955],[-7.51954,42.89175],[-7.51899,42.89274],[-7.51876,42.89413],[-7.51976,42.89587],[-7.52371,42.89849],[-7.5251,42.89976],[-7.52624,42.90185],[-7.52633,42.90317]]]}},{"type":"Feature","properties":{"COD_POSTAL":"27145"},"geometry":{"type":"Polygon","coordinates":[[[-7.35536,42.94522],[-7.35637,42.94499],[-7.35883,42.94265],[-7.3591,42.93514],[-7.35819,42.9314],[-7.3585,42.93028],[-7.3643,42.92537],[-7.3594,42.92388],[-7.35281,42.9232],[-7.34941,42.92227],[-7.34705,42.92246],[-7.34631,42.92059],[-7.3446,42.91969],[-7.34318,42.91999],[-7.34206,42.92088],[-7.34173,42.92288],[-7.33383,42.92351],[-7.32176,42.93035],[-7.31424,42.94248],[-7.31705,42.9479],[-7.3248,42.95368],[-7.32641,42.95691],[-7.33175,42.95799],[-7.33555,42.95791],[-7.34934,42.9525],[-7.34763,42.94815],[-7.347,42.94592],[-7.34718,42.9435],[-7.35132,42.94424],[-7.35536,42.94522]]]}},{"type":"Feature","properties":{"COD_POSTAL":"27737"},"geometry":{"type":"Polygon","coordinates":[[[-7.53761,43.4654],[-7.53908,43.46647],[-7.53985,43.46659],[-7.54024,43.46643],[-7.54062,43.46515],[-7.54144,43.46421],[-7.54184,43.46409],[-7.54363,43.46456],[-7.54392,43.46445],[-7.54462,43.46273],[-7.54497,43.46249],[-7.55102,43.46188],[-7.55271,43.46086],[-7.55378,43.46062],[-7.55683,43.46098],[-7.55935,43.46245],[-7.56511,43.46303],[-7.56858,43.46412],[-7.57224,43.46421],[-7.57053,43.46248],[-7.57088,43.46104],[-7.5687,43.46068],[-7.56645,43.46],[-7.5647,43.4591],[-7.5629,43.45768],[-7.56568,43.45553],[-7.5671,43.454],[-7.56852,43.45334],[-7.57354,43.45016],[-7.57596,43.44686],[-7.5779,43.44575],[-7.57842,43.44477],[-7.57823,43.44268],[-7.57705,43.44209],[-7.57684,43.44174],[-7.577,43.44043],[-7.5777,43.43975],[-7.57876,43.4394],[-7.58176,43.43925],[-7.58379,43.43781],[-7.58499,43.43739],[-7.58775,43.43784],[-7.58983,43.43751],[-7.59176,43.43689],[-7.59281,43.43558],[-7.59507,43.43372],[-7.59128,43.42988],[-7.59201,43.4282],[-7.59158,43.42702],[-7.59208,43.42512],[-7.59148,43.42386],[-7.59033,43.42279],[-7.59107,43.42053],[-7.59124,43.41858],[-7.59181,43.41782],[-7.59292,43.41707],[-7.59265,43.4166],[-7.59138,43.41571],[-7.58997,43.41554],[-7.58945,43.41442],[-7.58792,43.41472],[-7.58611,43.41448],[-7.58571,43.41433],[-7.58493,43.41333],[-7.58149,43.41241],[-7.57956,43.4136],[-7.57881,43.4149],[-7.5711,43.41603],[-7.56734,43.41528],[-7.56584,43.4154],[-7.56263,43.41615],[-7.56204,43.4157],[-7.56224,43.41381],[-7.56075,43.40854],[-7.55225,43.40549],[-7.55104,43.40422],[-7.54678,43.40242],[-7.54538,43.40211],[-7.5411,43.39884],[-7.53583,43.3983],[-7.53163,43.39673],[-7.52934,43.39637],[-7.52346,43.39678],[-7.52058,43.39585],[-7.51271,43.39406],[-7.49573,43.39482],[-7.49446,43.39507],[-7.49201,43.39454],[-7.48721,43.39456],[-7.48644,43.39409],[-7.4858,43.39269],[-7.48386,43.3908],[-7.48121,43.39009],[-7.47854,43.39004],[-7.47191,43.39167],[-7.46667,43.38841],[-7.46516,43.38858],[-7.46209,43.39056],[-7.45924,43.39097],[-7.45869,43.39054],[-7.4579,43.38909],[-7.45704,43.38874],[-7.45574,43.38777],[-7.45548,43.38702],[-7.45607,43.38609],[-7.45822,43.38517],[-7.46564,43.3801],[-7.46451,43.37807],[-7.46386,43.37754],[-7.46441,43.37708],[-7.46394,43.37599],[-7.46342,43.3756],[-7.46131,43.37612],[-7.46021,43.3772],[-7.45961,43.37879],[-7.45856,43.37996],[-7.45656,43.38112],[-7.45283,43.3824],[-7.45112,43.38257],[-7.44599,43.38377],[-7.44315,43.38504],[-7.43945,43.38583],[-7.43713,43.38674],[-7.43295,43.3903],[-7.43165,43.39061],[-7.43261,43.39344],[-7.43118,43.39628],[-7.43086,43.3976],[-7.43222,43.39974],[-7.4368,43.40116],[-7.43441,43.40408],[-7.43206,43.40556],[-7.43011,43.40873],[-7.42789,43.40889],[-7.42685,43.40927],[-7.42414,43.41184],[-7.42408,43.41285],[-7.42871,43.41699],[-7.43377,43.41862],[-7.4369,43.41932],[-7.44392,43.41938],[-7.44937,43.42052],[-7.45071,43.42263],[-7.4527,43.42725],[-7.4526,43.44041],[-7.44972,43.44587],[-7.44802,43.45082],[-7.44776,43.45273],[-7.4484,43.45758],[-7.45688,43.45588],[-7.4772,43.45273],[-7.48108,43.45264],[-7.49145,43.45314],[-7.49689,43.45297],[-7.50719,43.45077],[-7.51122,43.45106],[-7.52104,43.45119],[-7.52305,43.45169],[-7.52936,43.45482],[-7.53198,43.45572],[-7.53297,43.45672],[-7.5358,43.45743],[-7.53743,43.45939],[-7.53739,43.4598],[-7.53652,43.46082],[-7.53685,43.46236],[-7.53672,43.46458],[-7.53761,43.4654]]]}},{"type":"Feature","properties":{"COD_POSTAL":"27273"},"geometry":{"type":"Polygon","coordinates":[[[-7.37596,43.12756],[-7.38324,43.12824],[-7.38583,43.12776],[-7.38633,43.12596],[-7.38648,43.1233],[-7.38695,43.12311],[-7.38665,43.12243],[-7.38839,43.1177],[-7.38763,43.11701],[-7.38781,43.11599],[-7.38674,43.11508],[-7.38574,43.11327],[-7.38609,43.10996],[-7.38338,43.10101],[-7.38224,43.10159],[-7.37979,43.10143],[-7.37468,43.1032],[-7.35807,43.10653],[-7.35694,43.10638],[-7.35158,43.11295],[-7.35297,43.11935],[-7.3558,43.12643],[-7.35883,43.12572],[-7.35983,43.1251],[-7.36281,43.12452],[-7.36922,43.12581],[-7.37215,43.12911],[-7.37596,43.12756]]]}},{"type":"Feature","properties":{"COD_POSTAL":"27530"},"geometry":{"type":"Polygon","coordinates":[[[-7.77214,42.52498],[-7.771,42.5277],[-7.76348,42.53116],[-7.76326,42.53145],[-7.76171,42.53183],[-7.76128,42.53217],[-7.75983,42.53408],[-7.75975,42.53656],[-7.76112,42.54056],[-7.76302,42.54461],[-7.7644,42.5499],[-7.7714,42.55276],[-7.77496,42.55115],[-7.77671,42.54873],[-7.77896,42.54289],[-7.78023,42.54097],[-7.78336,42.54225],[-7.78383,42.54303],[-7.78447,42.54326],[-7.79272,42.54354],[-7.79059,42.54166],[-7.79221,42.54097],[-7.7935,42.53991],[-7.79595,42.53739],[-7.79644,42.53653],[-7.79705,42.53422],[-7.79582,42.53225],[-7.79554,42.53115],[-7.79557,42.52976],[-7.79606,42.52893],[-7.79698,42.52855],[-7.79721,42.52814],[-7.79839,42.52821],[-7.79912,42.52873],[-7.80033,42.52872],[-7.80096,42.52818],[-7.80226,42.52793],[-7.80222,42.52742],[-7.80272,42.52687],[-7.8039,42.52656],[-7.80734,42.5266],[-7.80796,42.52616],[-7.80784,42.52541],[-7.80868,42.52494],[-7.81142,42.52475],[-7.81237,42.52533],[-7.80948,42.51458],[-7.80991,42.51193],[-7.80905,42.51181],[-7.80712,42.51021],[-7.804,42.51091],[-7.7949,42.50673],[-7.79472,42.50685],[-7.79471,42.50644],[-7.79409,42.50621],[-7.7926,42.50669],[-7.7911,42.50764],[-7.79037,42.50778],[-7.78919,42.5071],[-7.78869,42.50648],[-7.78898,42.50537],[-7.7884,42.50507],[-7.78775,42.50522],[-7.78502,42.50673],[-7.78335,42.50664],[-7.78212,42.50758],[-7.78101,42.50772],[-7.77853,42.50493],[-7.77904,42.50422],[-7.77873,42.50397],[-7.77752,42.5038],[-7.77583,42.50302],[-7.77433,42.50275],[-7.7717,42.50304],[-7.77201,42.50344],[-7.77203,42.50516],[-7.77523,42.50607],[-7.77602,42.50677],[-7.77589,42.50745],[-7.77418,42.50833],[-7.77412,42.50896],[-7.77455,42.50919],[-7.7754,42.50893],[-7.77573,42.50938],[-7.77576,42.51017],[-7.77503,42.51115],[-7.7748,42.51212],[-7.77257,42.51334],[-7.77265,42.51377],[-7.77241,42.51417],[-7.7726,42.51514],[-7.77093,42.51635],[-7.7728,42.51879],[-7.77483,42.52054],[-7.77279,42.52282],[-7.77234,42.5243],[-7.77214,42.52498]]]}},{"type":"Feature","properties":{"COD_POSTAL":"27296"},"geometry":{"type":"Polygon","coordinates":[[[-7.62017,43.05546],[-7.62945,43.06244],[-7.63003,43.06094],[-7.62946,43.05795],[-7.62629,43.04875],[-7.62326,43.04641],[-7.62106,43.04377],[-7.61953,43.04234],[-7.61901,43.04083],[-7.61806,43.03992],[-7.61749,43.03886],[-7.61787,43.03873],[-7.61545,43.03606],[-7.61508,43.03456],[-7.61429,43.03334],[-7.61196,43.03165],[-7.60586,43.03012],[-7.59698,43.03179],[-7.59427,43.0319],[-7.59216,43.03125],[-7.59001,43.02962],[-7.58775,43.02647],[-7.58779,43.02525],[-7.58543,43.02618],[-7.57948,43.02585],[-7.57619,43.02716],[-7.57483,43.02923],[-7.57535,43.0297],[-7.57659,43.03338],[-7.57432,43.03367],[-7.57998,43.04133],[-7.588,43.04641],[-7.59042,43.04717],[-7.59296,43.0475],[-7.59699,43.04884],[-7.59949,43.05001],[-7.6011,43.0517],[-7.60191,43.05223],[-7.60514,43.05342],[-7.6062,43.05359],[-7.62017,43.05546]]]}},{"type":"Feature","properties":{"COD_POSTAL":"27556"},"geometry":{"type":"Polygon","coordinates":[[[-7.69633,42.72443],[-7.69854,42.72521],[-7.70899,42.72304],[-7.71245,42.72437],[-7.71695,42.72542],[-7.7193,42.72661],[-7.72174,42.72914],[-7.72342,42.73007],[-7.72575,42.73063],[-7.72705,42.73054],[-7.72881,42.72914],[-7.72983,42.72897],[-7.7339,42.73185],[-7.73791,42.7337],[-7.74058,42.73664],[-7.74829,42.73337],[-7.75648,42.73201],[-7.75824,42.73223],[-7.76253,42.73202],[-7.76432,42.73275],[-7.76469,42.73371],[-7.76791,42.73482],[-7.76868,42.73536],[-7.7689,42.73642],[-7.76924,42.73664],[-7.77033,42.7365],[-7.7706,42.73579],[-7.77133,42.73571],[-7.77213,42.73642],[-7.77203,42.73703],[-7.77309,42.73828],[-7.77342,42.73943],[-7.77386,42.74001],[-7.77409,42.74136],[-7.77351,42.74326],[-7.77441,42.74524],[-7.77533,42.74632],[-7.78221,42.74865],[-7.78401,42.74968],[-7.78599,42.75039],[-7.7883,42.75075],[-7.79052,42.75073],[-7.8008,42.74306],[-7.8002,42.73309],[-7.80108,42.72618],[-7.79814,42.72499],[-7.79744,42.72496],[-7.79749,42.72476],[-7.79281,42.72291],[-7.79177,42.72379],[-7.78811,42.72477],[-7.78473,42.726],[-7.78134,42.72819],[-7.78049,42.72782],[-7.77989,42.72673],[-7.77824,42.72699],[-7.77804,42.72624],[-7.77694,42.72606],[-7.77508,42.72458],[-7.77314,42.72519],[-7.76533,42.72027],[-7.76539,42.72076],[-7.76465,42.72171],[-7.76231,42.72138],[-7.76216,42.72099],[-7.76167,42.72086],[-7.7605,42.72223],[-7.7598,42.72232],[-7.75864,42.72192],[-7.75859,42.72135],[-7.75936,42.72052],[-7.76051,42.72087],[-7.76092,42.72048],[-7.76086,42.7199],[-7.76141,42.71959],[-7.76145,42.71863],[-7.7611,42.7177],[-7.75716,42.71758],[-7.75583,42.71682],[-7.74943,42.71818],[-7.74881,42.71898],[-7.74786,42.71859],[-7.74595,42.71889],[-7.73676,42.71891],[-7.73424,42.7202],[-7.733,42.72026],[-7.73157,42.71817],[-7.73206,42.71651],[-7.73232,42.71442],[-7.73155,42.71325],[-7.72919,42.71103],[-7.72835,42.70979],[-7.72895,42.70789],[-7.7238,42.70592],[-7.72358,42.70518],[-7.72408,42.70446],[-7.72413,42.70465],[-7.72631,42.70461],[-7.72787,42.70348],[-7.72715,42.70226],[-7.72569,42.70193],[-7.72682,42.70054],[-7.72572,42.69965],[-7.72421,42.69927],[-7.72321,42.69792],[-7.7216,42.69754],[-7.72034,42.6981],[-7.7199,42.69737],[-7.72046,42.69513],[-7.71771,42.69393],[-7.71708,42.69201],[-7.71683,42.68992],[-7.71085,42.69099],[-7.70629,42.69347],[-7.70427,42.69376],[-7.69854,42.69204],[-7.69589,42.69092],[-7.69426,42.69052],[-7.69087,42.6904],[-7.68773,42.69135],[-7.68479,42.69266],[-7.68283,42.69387],[-7.68116,42.69532],[-7.68162,42.70046],[-7.68085,42.70125],[-7.67973,42.70142],[-7.6779,42.70069],[-7.67684,42.7008],[-7.67587,42.70109],[-7.67449,42.70236],[-7.67426,42.70294],[-7.67449,42.7042],[-7.67773,42.70829],[-7.67908,42.71151],[-7.68036,42.71228],[-7.68395,42.71284],[-7.68548,42.71356],[-7.68631,42.71434],[-7.68882,42.71877],[-7.68978,42.71935],[-7.69421,42.71932],[-7.6962,42.72324],[-7.69633,42.72443]]]}},{"type":"Feature","properties":{"COD_POSTAL":"27308"},"geometry":{"type":"Polygon","coordinates":[[[-7.88321,43.13818],[-7.88281,43.14053],[-7.88298,43.14313],[-7.88225,43.14468],[-7.88197,43.14598],[-7.88366,43.14865],[-7.88344,43.14882],[-7.88367,43.1491],[-7.88699,43.14991],[-7.88732,43.15014],[-7.88746,43.15065],[-7.88996,43.15244],[-7.89056,43.15164],[-7.89164,43.15172],[-7.89356,43.15143],[-7.89507,43.1518],[-7.89647,43.15122],[-7.89749,43.15127],[-7.89886,43.15173],[-7.90294,43.14982],[-7.90336,43.14987],[-7.9017,43.152],[-7.90155,43.15289],[-7.90252,43.15416],[-7.90215,43.15515],[-7.90226,43.15578],[-7.90352,43.15797],[-7.90523,43.15983],[-7.90614,43.16],[-7.90722,43.15977],[-7.90917,43.15842],[-7.91009,43.15812],[-7.91112,43.15817],[-7.91754,43.15973],[-7.91849,43.15977],[-7.92111,43.15828],[-7.9248,43.15749],[-7.92621,43.15747],[-7.92844,43.1582],[-7.93658,43.15898],[-7.94456,43.16113],[-7.947,43.16131],[-7.95145,43.16216],[-7.94999,43.15875],[-7.94807,43.14943],[-7.94488,43.14162],[-7.94302,43.12941],[-7.93736,43.11153],[-7.93272,43.10654],[-7.92825,43.10004],[-7.91795,43.09228],[-7.89857,43.0997],[-7.88824,43.10901],[-7.88902,43.11244],[-7.88299,43.12134],[-7.8802,43.12719],[-7.86866,43.12876],[-7.86908,43.13106],[-7.87388,43.13581],[-7.88355,43.13762],[-7.88321,43.13818]]]}},{"type":"Feature","properties":{"COD_POSTAL":"27834"},"geometry":{"type":"Polygon","coordinates":[[[-7.80652,43.42223],[-7.80695,43.42239],[-7.80859,43.42199],[-7.80978,43.42079],[-7.81133,43.41576],[-7.81425,43.41198],[-7.82187,43.40314],[-7.82202,43.4028],[-7.82166,43.40168],[-7.82243,43.4015],[-7.82307,43.40074],[-7.8239,43.40073],[-7.8217,43.39763],[-7.82161,43.39584],[-7.82195,43.39484],[-7.82077,43.39139],[-7.82159,43.39004],[-7.82034,43.39027],[-7.8198,43.39066],[-7.8188,43.39065],[-7.81727,43.39046],[-7.81552,43.38991],[-7.81499,43.3893],[-7.8149,43.3885],[-7.81322,43.38763],[-7.81283,43.38695],[-7.81175,43.3862],[-7.81149,43.38567],[-7.81033,43.38535],[-7.80973,43.3845],[-7.80865,43.38421],[-7.80757,43.38328],[-7.80715,43.38328],[-7.80423,43.38116],[-7.80239,43.38064],[-7.79706,43.38153],[-7.7959,43.38109],[-7.79433,43.38105],[-7.79408,43.38092],[-7.79339,43.37934],[-7.79273,43.37906],[-7.79277,43.37832],[-7.79203,43.3776],[-7.79045,43.37683],[-7.79011,43.37652],[-7.79014,43.37609],[-7.78863,43.37531],[-7.78817,43.37368],[-7.78689,43.37279],[-7.78649,43.37332],[-7.78575,43.37352],[-7.7855,43.37385],[-7.78314,43.3745],[-7.78143,43.37603],[-7.78019,43.37659],[-7.77833,43.37718],[-7.77635,43.37704],[-7.77502,43.37745],[-7.77225,43.37713],[-7.76922,43.37591],[-7.76669,43.37556],[-7.76767,43.37376],[-7.76781,43.37258],[-7.76737,43.37036],[-7.7652,43.37077],[-7.76121,43.37092],[-7.75808,43.3719],[-7.75649,43.37199],[-7.75626,43.37247],[-7.75634,43.3734],[-7.75609,43.37373],[-7.75509,43.37413],[-7.75481,43.37455],[-7.75388,43.3745],[-7.75028,43.37334],[-7.7499,43.37567],[-7.75244,43.37874],[-7.75337,43.37939],[-7.75629,43.38306],[-7.75325,43.39225],[-7.75324,43.39299],[-7.75252,43.39424],[-7.75066,43.39987],[-7.74858,43.40454],[-7.74754,43.40905],[-7.74761,43.40944],[-7.74864,43.4101],[-7.74956,43.41033],[-7.75016,43.41019],[-7.75047,43.41041],[-7.75017,43.41145],[-7.75101,43.41191],[-7.75183,43.41369],[-7.75273,43.41399],[-7.75342,43.41383],[-7.7541,43.41426],[-7.75461,43.41416],[-7.75543,43.41451],[-7.7576,43.41461],[-7.75848,43.415],[-7.76017,43.41453],[-7.7609,43.41472],[-7.76132,43.41457],[-7.762,43.41379],[-7.76282,43.41349],[-7.76301,43.4124],[-7.76615,43.41029],[-7.76678,43.40937],[-7.76676,43.40865],[-7.76727,43.40772],[-7.76942,43.40692],[-7.76986,43.40686],[-7.77044,43.40731],[-7.77197,43.40662],[-7.77258,43.4069],[-7.7732,43.40584],[-7.77455,43.40475],[-7.77535,43.40467],[-7.77609,43.4035],[-7.77741,43.40297],[-7.77752,43.40244],[-7.77859,43.40472],[-7.77834,43.40543],[-7.77929,43.40713],[-7.78176,43.40684],[-7.78714,43.40486],[-7.79005,43.40441],[-7.79092,43.4049],[-7.79118,43.40565],[-7.79069,43.40616],[-7.79065,43.4066],[-7.79178,43.40702],[-7.79082,43.40741],[-7.7908,43.40806],[-7.79136,43.40873],[-7.79138,43.40993],[-7.79073,43.41145],[-7.79072,43.41237],[-7.79002,43.41347],[-7.79118,43.41416],[-7.79106,43.41459],[-7.79248,43.41469],[-7.79374,43.41592],[-7.79511,43.41621],[-7.79575,43.41609],[-7.7959,43.41583],[-7.79646,43.41628],[-7.79627,43.41674],[-7.7969,43.41739],[-7.79775,43.41751],[-7.79792,43.41781],[-7.79869,43.41807],[-7.8009,43.41852],[-7.80107,43.41882],[-7.80092,43.41903],[-7.80136,43.41918],[-7.80122,43.41953],[-7.8016,43.41943],[-7.80201,43.41982],[-7.80261,43.41969],[-7.80252,43.41997],[-7.80297,43.42036],[-7.80264,43.421],[-7.80313,43.42103],[-7.8029,43.42136],[-7.8042,43.42162],[-7.80507,43.42214],[-7.80567,43.42192],[-7.80641,43.42201],[-7.80652,43.42223]]]}},{"type":"Feature","properties":{"COD_POSTAL":"27892"},"geometry":{"type":"Polygon","coordinates":[[[-7.35438,43.64094],[-7.35995,43.641],[-7.36506,43.64144],[-7.37182,43.64477],[-7.37515,43.64466],[-7.37594,43.64404],[-7.3764,43.64312],[-7.37648,43.64243],[-7.37615,43.64157],[-7.37646,43.64094],[-7.37587,43.64025],[-7.37687,43.63858],[-7.37701,43.63793],[-7.37641,43.63692],[-7.37756,43.6327],[-7.38229,43.63096],[-7.38335,43.62868],[-7.38485,43.62695],[-7.38978,43.62673],[-7.39104,43.6263],[-7.39199,43.62554],[-7.39346,43.62363],[-7.39474,43.62263],[-7.39494,43.622],[-7.39501,43.62122],[-7.39449,43.61813],[-7.39327,43.61594],[-7.39518,43.61291],[-7.39704,43.61034],[-7.40033,43.60935],[-7.40221,43.60906],[-7.40283,43.60841],[-7.39305,43.60031],[-7.39086,43.59888],[-7.3819,43.5949],[-7.38071,43.59461],[-7.37806,43.59458],[-7.37703,43.59419],[-7.3724,43.59145],[-7.36945,43.59135],[-7.36867,43.59009],[-7.36722,43.58911],[-7.36583,43.58899],[-7.36398,43.58763],[-7.35947,43.58574],[-7.35887,43.58703],[-7.35631,43.58883],[-7.34488,43.59411],[-7.34209,43.59423],[-7.33973,43.59714],[-7.3393,43.60286],[-7.33532,43.60797],[-7.33046,43.61516],[-7.32603,43.616],[-7.31966,43.62124],[-7.32023,43.62218],[-7.32107,43.62275],[-7.32109,43.62425],[-7.32207,43.62415],[-7.32268,43.6248],[-7.32377,43.62477],[-7.32402,43.62497],[-7.32395,43.62578],[-7.32308,43.62649],[-7.32346,43.62692],[-7.32501,43.62687],[-7.32558,43.62742],[-7.32634,43.62709],[-7.3282,43.6275],[-7.33053,43.62675],[-7.33096,43.62689],[-7.33321,43.62815],[-7.33336,43.62852],[-7.3334,43.62889],[-7.33186,43.63012],[-7.33198,43.63085],[-7.33269,43.63094],[-7.33428,43.63028],[-7.33457,43.63142],[-7.33509,43.63155],[-7.33652,43.63131],[-7.33678,43.63213],[-7.33729,43.63243],[-7.33552,43.63411],[-7.33505,43.635],[-7.33627,43.63536],[-7.33592,43.6367],[-7.33493,43.63748],[-7.33487,43.63824],[-7.33513,43.6385],[-7.33711,43.63809],[-7.33728,43.63849],[-7.33828,43.63859],[-7.33828,43.63892],[-7.33791,43.63922],[-7.33812,43.63941],[-7.33958,43.63966],[-7.34037,43.63956],[-7.34265,43.64122],[-7.34275,43.64192],[-7.34335,43.64244],[-7.35067,43.64086],[-7.35433,43.64094],[-7.35438,43.64094]]]}},{"type":"Feature","properties":{"COD_POSTAL":"27690"},"geometry":{"type":"Polygon","coordinates":[[[-7.33842,42.80887],[-7.33884,42.80931],[-7.33818,42.81001],[-7.338,42.81102],[-7.33854,42.81171],[-7.33878,42.81344],[-7.33841,42.81494],[-7.33481,42.81689],[-7.34085,42.82013],[-7.35511,42.82643],[-7.3565,42.82472],[-7.35837,42.82372],[-7.35989,42.8234],[-7.36124,42.82257],[-7.36376,42.8217],[-7.36207,42.8201],[-7.36059,42.81919],[-7.36093,42.81502],[-7.36146,42.81426],[-7.36492,42.81256],[-7.36934,42.80954],[-7.37094,42.80885],[-7.37294,42.8084],[-7.37332,42.80762],[-7.3723,42.80661],[-7.37195,42.80575],[-7.37206,42.8047],[-7.37306,42.80376],[-7.37304,42.8028],[-7.37274,42.80203],[-7.37002,42.80153],[-7.36948,42.8006],[-7.36539,42.7989],[-7.36212,42.79806],[-7.36179,42.79845],[-7.36195,42.7991],[-7.36274,42.80031],[-7.36179,42.80061],[-7.36129,42.80054],[-7.36035,42.7997],[-7.35692,42.79979],[-7.3551,42.79939],[-7.35328,42.79958],[-7.35209,42.8029],[-7.35263,42.80421],[-7.3523,42.80465],[-7.35048,42.80556],[-7.3469,42.80613],[-7.34675,42.80556],[-7.34414,42.8046],[-7.3433,42.80367],[-7.34199,42.80422],[-7.34272,42.80464],[-7.34243,42.80551],[-7.34052,42.80635],[-7.33745,42.80839],[-7.33834,42.80883],[-7.33842,42.80887]]]}},{"type":"Feature","properties":{"COD_POSTAL":"27360"},"geometry":{"type":"MultiPolygon","coordinates":[[[[-7.3643,42.92537],[-7.36794,42.9248],[-7.37022,42.92301],[-7.37754,42.91821],[-7.387,42.91254],[-7.38175,42.90878],[-7.37278,42.90507],[-7.36469,42.90555],[-7.36037,42.90514],[-7.35319,42.90382],[-7.35121,42.90314],[-7.34915,42.90326],[-7.3478,42.90456],[-7.34587,42.90508],[-7.34298,42.90499],[-7.34044,42.90623],[-7.34206,42.90618],[-7.34379,42.90787],[-7.3458,42.91085],[-7.34849,42.91331],[-7.35078,42.91784],[-7.34941,42.92227],[-7.35281,42.9232],[-7.3594,42.92388],[-7.36008,42.92416],[-7.3643,42.92537]]],[[[-7.41561,42.86263],[-7.41747,42.86494],[-7.42126,42.86739],[-7.42742,42.8706],[-7.42852,42.87209],[-7.42691,42.87524],[-7.43782,42.87211],[-7.44189,42.87061],[-7.44414,42.87253],[-7.44495,42.87289],[-7.44584,42.87281],[-7.44663,42.87242],[-7.44774,42.8711],[-7.44895,42.87066],[-7.4498,42.87099],[-7.45124,42.87243],[-7.45211,42.87249],[-7.4528,42.87168],[-7.45281,42.87033],[-7.45329,42.86929],[-7.4533,42.86846],[-7.45298,42.86782],[-7.45181,42.86696],[-7.45148,42.86634],[-7.45104,42.86494],[-7.45128,42.86435],[-7.45101,42.86372],[-7.44775,42.86231],[-7.44412,42.86017],[-7.44102,42.85877],[-7.44035,42.85873],[-7.4388,42.85915],[-7.43788,42.85877],[-7.4351,42.85991],[-7.43224,42.85727],[-7.42777,42.85526],[-7.42691,42.85532],[-7.42687,42.8589],[-7.42947,42.86172],[-7.429,42.86244],[-7.42735,42.86316],[-7.42246,42.86302],[-7.41561,42.86263]]]]}},{"type":"Feature","properties":{"COD_POSTAL":"27600"},"geometry":{"type":"Polygon","coordinates":[[[-7.40863,42.7874],[-7.40848,42.7881],[-7.40895,42.78844],[-7.41032,42.78878],[-7.41079,42.78803],[-7.41155,42.78747],[-7.4126,42.78747],[-7.41376,42.78711],[-7.41445,42.78637],[-7.41513,42.78656],[-7.4156,42.78567],[-7.41799,42.78467],[-7.41826,42.78436],[-7.42065,42.78465],[-7.42204,42.78427],[-7.42098,42.78131],[-7.42267,42.78086],[-7.42319,42.78046],[-7.42353,42.77901],[-7.42402,42.77828],[-7.42325,42.77799],[-7.42261,42.77675],[-7.42181,42.77639],[-7.42135,42.77446],[-7.41857,42.77341],[-7.41834,42.77243],[-7.41774,42.77203],[-7.41641,42.77253],[-7.41635,42.77283],[-7.41548,42.77294],[-7.41463,42.77276],[-7.41446,42.77237],[-7.41479,42.77172],[-7.41322,42.77188],[-7.41121,42.77157],[-7.4104,42.77163],[-7.40864,42.77261],[-7.40521,42.77224],[-7.40413,42.77408],[-7.40099,42.77568],[-7.40682,42.78282],[-7.40621,42.78333],[-7.40591,42.78441],[-7.40649,42.78529],[-7.40694,42.78556],[-7.40727,42.78629],[-7.40828,42.78689],[-7.40863,42.7874]]]}},{"type":"Feature","properties":{"COD_POSTAL":"27744"},"geometry":{"type":"Polygon","coordinates":[[[-7.24859,43.36413],[-7.2496,43.36544],[-7.25065,43.37058],[-7.24941,43.37013],[-7.24864,43.37017],[-7.24645,43.36956],[-7.24594,43.36964],[-7.24524,43.37313],[-7.24755,43.37276],[-7.24943,43.37287],[-7.2536,43.37212],[-7.25498,43.37219],[-7.25569,43.37067],[-7.25665,43.36997],[-7.2582,43.36962],[-7.26067,43.36955],[-7.26165,43.36909],[-7.26126,43.36855],[-7.26136,43.36803],[-7.26233,43.36772],[-7.26418,43.36662],[-7.26598,43.3634],[-7.26661,43.36171],[-7.26313,43.35903],[-7.26384,43.35538],[-7.26449,43.35527],[-7.26541,43.35397],[-7.26526,43.35357],[-7.26611,43.3524],[-7.26699,43.35217],[-7.26927,43.35276],[-7.27143,43.35093],[-7.27263,43.35039],[-7.27301,43.35002],[-7.27345,43.34797],[-7.27426,43.34651],[-7.27403,43.34438],[-7.27272,43.34234],[-7.27208,43.34178],[-7.27213,43.34007],[-7.27444,43.33582],[-7.27346,43.33445],[-7.27421,43.33123],[-7.2759,43.32908],[-7.27537,43.32833],[-7.27685,43.32692],[-7.27728,43.32315],[-7.28115,43.32115],[-7.28247,43.31938],[-7.28263,43.31865],[-7.28248,43.31707],[-7.2834,43.31524],[-7.29142,43.3177],[-7.29382,43.31685],[-7.29466,43.31583],[-7.29594,43.31614],[-7.29964,43.31501],[-7.30299,43.31453],[-7.30396,43.3139],[-7.30483,43.31389],[-7.30517,43.3136],[-7.30474,43.31158],[-7.30546,43.30949],[-7.30543,43.30892],[-7.30477,43.30771],[-7.30574,43.30626],[-7.3069,43.30581],[-7.30736,43.30518],[-7.30652,43.30377],[-7.30734,43.30291],[-7.3074,43.30088],[-7.30782,43.29993],[-7.30857,43.29946],[-7.30805,43.29718],[-7.30537,43.29616],[-7.30434,43.29648],[-7.30205,43.29547],[-7.30053,43.29701],[-7.29963,43.29725],[-7.29776,43.29713],[-7.29543,43.29461],[-7.29441,43.29389],[-7.29317,43.2967],[-7.2899,43.29379],[-7.27892,43.29042],[-7.27662,43.29085],[-7.27537,43.28844],[-7.27349,43.28272],[-7.27413,43.27908],[-7.27409,43.27693],[-7.27474,43.27368],[-7.27305,43.26952],[-7.27308,43.26832],[-7.27251,43.26777],[-7.27104,43.2673],[-7.26948,43.26712],[-7.26601,43.26783],[-7.26483,43.26723],[-7.26423,43.26726],[-7.26383,43.26746],[-7.26306,43.26857],[-7.26211,43.26893],[-7.26134,43.26894],[-7.25988,43.26838],[-7.2595,43.26788],[-7.25833,43.26428],[-7.25859,43.26386],[-7.2586,43.26286],[-7.25652,43.26233],[-7.25675,43.2605],[-7.25635,43.25897],[-7.25596,43.25944],[-7.25487,43.25891],[-7.25246,43.25691],[-7.25195,43.25514],[-7.25091,43.25477],[-7.25067,43.2538],[-7.2507,43.25251],[-7.24953,43.25213],[-7.24695,43.25189],[-7.2439,43.25262],[-7.24242,43.25251],[-7.24139,43.25273],[-7.23991,43.25247],[-7.23866,43.25193],[-7.23763,43.25197],[-7.2352,43.25284],[-7.23321,43.25285],[-7.23284,43.25307],[-7.2327,43.2539],[-7.23227,43.25429],[-7.23168,43.25458],[-7.22951,43.25489],[-7.22911,43.25467],[-7.22888,43.25414],[-7.22763,43.25418],[-7.22743,43.25397],[-7.22752,43.25365],[-7.22656,43.25277],[-7.22564,43.25259],[-7.22503,43.2528],[-7.22405,43.25208],[-7.22166,43.25276],[-7.22038,43.252],[-7.21844,43.25195],[-7.21585,43.25334],[-7.21445,43.25337],[-7.21318,43.25444],[-7.21252,43.25423],[-7.21225,43.25455],[-7.20828,43.25464],[-7.20986,43.25726],[-7.2097,43.25745],[-7.20752,43.25729],[-7.20561,43.25791],[-7.20458,43.25779],[-7.20479,43.2588],[-7.20531,43.25959],[-7.20551,43.26132],[-7.20532,43.26183],[-7.20401,43.26278],[-7.20352,43.26355],[-7.20364,43.26385],[-7.20574,43.26488],[-7.20585,43.26516],[-7.20535,43.26714],[-7.20539,43.26852],[-7.2047,43.27266],[-7.20472,43.27452],[-7.20557,43.27632],[-7.20586,43.27757],[-7.20573,43.27799],[-7.20379,43.28008],[-7.20368,43.28049],[-7.20383,43.28108],[-7.20535,43.28292],[-7.20484,43.28438],[-7.20476,43.28585],[-7.20367,43.28757],[-7.20369,43.28898],[-7.20394,43.28978],[-7.20882,43.28816],[-7.21723,43.28666],[-7.22324,43.28658],[-7.22672,43.28732],[-7.22951,43.28704],[-7.23269,43.28786],[-7.23657,43.28826],[-7.24503,43.28983],[-7.24844,43.28925],[-7.25277,43.28907],[-7.25772,43.2906],[-7.25855,43.29048],[-7.25926,43.29004],[-7.26088,43.28805],[-7.26258,43.28718],[-7.26437,43.2868],[-7.26411,43.28769],[-7.26224,43.29087],[-7.26116,43.29447],[-7.26104,43.2966],[-7.25984,43.30011],[-7.25889,43.30067],[-7.2552,43.30167],[-7.25279,43.30457],[-7.25292,43.30517],[-7.25517,43.30866],[-7.25646,43.31165],[-7.25655,43.31233],[-7.25633,43.31282],[-7.25656,43.31545],[-7.25603,43.31792],[-7.25644,43.32079],[-7.25262,43.32616],[-7.25496,43.32767],[-7.25496,43.32805],[-7.25568,43.32842],[-7.25569,43.32873],[-7.25748,43.32972],[-7.2575,43.33009],[-7.2589,43.33114],[-7.25729,43.33222],[-7.25601,43.33347],[-7.25543,43.33477],[-7.25366,43.33713],[-7.25311,43.33872],[-7.25164,43.34071],[-7.25061,43.34153],[-7.24883,43.34213],[-7.2498,43.34378],[-7.24941,43.34545],[-7.25007,43.34695],[-7.24996,43.34783],[-7.24938,43.34913],[-7.24976,43.34973],[-7.2499,43.35124],[-7.24966,43.35245],[-7.24891,43.35345],[-7.24909,43.35557],[-7.24826,43.35798],[-7.24799,43.35978],[-7.24812,43.36286],[-7.24859,43.36413]]]}},{"type":"Feature","properties":{"COD_POSTAL":"27780"},"geometry":{"type":"Polygon","coordinates":[[[-7.25501,43.57869],[-7.26233,43.58061],[-7.26395,43.5815],[-7.26427,43.5823],[-7.26504,43.58257],[-7.2669,43.5822],[-7.26794,43.57702],[-7.2675,43.57673],[-7.26796,43.57613],[-7.26764,43.57594],[-7.26777,43.57548],[-7.26814,43.57572],[-7.26856,43.57348],[-7.2711,43.56937],[-7.27573,43.56799],[-7.27603,43.56685],[-7.27558,43.56536],[-7.27311,43.56285],[-7.26984,43.56125],[-7.26957,43.56185],[-7.26902,43.56212],[-7.2669,43.562],[-7.26661,43.56178],[-7.26676,43.56046],[-7.26315,43.55961],[-7.26064,43.55964],[-7.25859,43.56028],[-7.25771,43.56115],[-7.25784,43.56155],[-7.25883,43.56186],[-7.25841,43.56528],[-7.25618,43.56616],[-7.25596,43.56673],[-7.25547,43.56645],[-7.25453,43.56661],[-7.25202,43.56777],[-7.25014,43.56919],[-7.24999,43.56999],[-7.24899,43.56939],[-7.24877,43.56971],[-7.24959,43.57041],[-7.24958,43.57193],[-7.24912,43.57328],[-7.24895,43.57299],[-7.24848,43.57299],[-7.24812,43.57329],[-7.24551,43.57406],[-7.24532,43.57457],[-7.24764,43.57639],[-7.24821,43.57642],[-7.24844,43.57628],[-7.24833,43.576],[-7.24873,43.57602],[-7.2492,43.5762],[-7.24912,43.57687],[-7.24943,43.57704],[-7.2509,43.5769],[-7.25083,43.57714],[-7.24943,43.57771],[-7.25087,43.5779],[-7.25133,43.57853],[-7.2518,43.57862],[-7.25249,43.57805],[-7.2526,43.57881],[-7.25336,43.57891],[-7.25437,43.57859],[-7.25442,43.57814],[-7.2549,43.57837],[-7.25501,43.57869]]]}},{"type":"Feature","properties":{"COD_POSTAL":"27749"},"geometry":{"type":"Polygon","coordinates":[[[-7.33583,43.5218],[-7.33916,43.5222],[-7.34083,43.52364],[-7.34882,43.52683],[-7.34894,43.52578],[-7.35088,43.5235],[-7.35111,43.52293],[-7.35127,43.52091],[-7.35052,43.51885],[-7.35141,43.51934],[-7.35532,43.52052],[-7.35743,43.52163],[-7.36064,43.51811],[-7.36108,43.51701],[-7.36174,43.51657],[-7.36366,43.51601],[-7.36445,43.51589],[-7.36564,43.51609],[-7.36694,43.51409],[-7.36721,43.51191],[-7.3682,43.51117],[-7.36767,43.51057],[-7.36843,43.50872],[-7.36728,43.50627],[-7.36752,43.50554],[-7.36947,43.50319],[-7.37073,43.50389],[-7.37141,43.50367],[-7.37309,43.50248],[-7.37337,43.50171],[-7.3743,43.50125],[-7.37684,43.50065],[-7.37818,43.50016],[-7.37825,43.49993],[-7.38079,43.49988],[-7.3821,43.49718],[-7.38963,43.49331],[-7.39828,43.48749],[-7.40738,43.48748],[-7.41623,43.48685],[-7.4177,43.48513],[-7.41714,43.48403],[-7.42173,43.48078],[-7.42349,43.48079],[-7.4278,43.47739],[-7.43008,43.47689],[-7.43962,43.46855],[-7.44731,43.46146],[-7.44742,43.45984],[-7.44294,43.45814],[-7.44165,43.45662],[-7.43921,43.45585],[-7.42766,43.45547],[-7.41417,43.45088],[-7.41162,43.45077],[-7.40257,43.45258],[-7.40002,43.4524],[-7.3984,43.45141],[-7.39823,43.45013],[-7.39546,43.45093],[-7.39513,43.45074],[-7.39385,43.4514],[-7.3834,43.4541],[-7.37988,43.45539],[-7.38624,43.46146],[-7.38718,43.46176],[-7.38619,43.46443],[-7.38484,43.46601],[-7.38263,43.47029],[-7.38242,43.47297],[-7.38301,43.47475],[-7.38432,43.47705],[-7.38158,43.47629],[-7.37857,43.47406],[-7.37381,43.47193],[-7.3635,43.47447],[-7.35659,43.47303],[-7.34972,43.47368],[-7.3478,43.47143],[-7.34833,43.46821],[-7.34927,43.4674],[-7.34649,43.4667],[-7.34501,43.46655],[-7.33458,43.46741],[-7.33407,43.46783],[-7.33232,43.46825],[-7.32861,43.46828],[-7.31947,43.46776],[-7.3166,43.47157],[-7.31847,43.47183],[-7.31901,43.47382],[-7.31688,43.47532],[-7.31603,43.47628],[-7.31616,43.47896],[-7.31666,43.48012],[-7.31646,43.48102],[-7.31748,43.48145],[-7.31632,43.48267],[-7.3165,43.48498],[-7.31486,43.48717],[-7.31499,43.49005],[-7.31464,43.49054],[-7.31667,43.49482],[-7.3184,43.49699],[-7.31936,43.49876],[-7.32645,43.50263],[-7.3266,43.50519],[-7.32523,43.5054],[-7.32397,43.51014],[-7.3251,43.51164],[-7.327,43.51254],[-7.32728,43.51338],[-7.3285,43.51455],[-7.33055,43.51957],[-7.32984,43.52044],[-7.33116,43.52044],[-7.33361,43.52147],[-7.33583,43.5218]]]}},{"type":"Feature","properties":{"COD_POSTAL":"27738"},"geometry":{"type":"Polygon","coordinates":[[[-7.48644,43.39409],[-7.48721,43.39456],[-7.49201,43.39454],[-7.49446,43.39507],[-7.49573,43.39482],[-7.51271,43.39406],[-7.52058,43.39585],[-7.52346,43.39678],[-7.52934,43.39637],[-7.53163,43.39673],[-7.53583,43.3983],[-7.5411,43.39884],[-7.54538,43.40211],[-7.54678,43.40242],[-7.55104,43.40422],[-7.55225,43.40549],[-7.55426,43.40204],[-7.55265,43.39828],[-7.55373,43.39423],[-7.54601,43.39091],[-7.54173,43.38764],[-7.53792,43.38524],[-7.54007,43.3839],[-7.54413,43.38191],[-7.54472,43.38117],[-7.52978,43.38128],[-7.52663,43.3806],[-7.52248,43.37686],[-7.51829,43.37638],[-7.51613,43.37579],[-7.51441,43.3743],[-7.51249,43.37062],[-7.50877,43.36993],[-7.50354,43.3697],[-7.49883,43.36792],[-7.49724,43.3667],[-7.49515,43.36611],[-7.4949,43.36628],[-7.49476,43.36724],[-7.49258,43.36759],[-7.49028,43.36612],[-7.48977,43.36598],[-7.48911,43.36616],[-7.48675,43.36538],[-7.48503,43.36535],[-7.4841,43.3667],[-7.48341,43.36693],[-7.48241,43.36677],[-7.48057,43.36818],[-7.47946,43.36848],[-7.47748,43.36847],[-7.47698,43.3689],[-7.47412,43.36926],[-7.47347,43.36968],[-7.47203,43.36912],[-7.47159,43.36782],[-7.46927,43.36683],[-7.4698,43.36248],[-7.46913,43.36015],[-7.46974,43.35958],[-7.47169,43.35888],[-7.47252,43.35775],[-7.47497,43.35558],[-7.47132,43.35392],[-7.46686,43.35126],[-7.46561,43.34955],[-7.46181,43.34704],[-7.45964,43.34457],[-7.45817,43.34405],[-7.45629,43.34403],[-7.44139,43.34684],[-7.41973,43.35131],[-7.41756,43.35237],[-7.40962,43.35448],[-7.40297,43.35728],[-7.40083,43.35986],[-7.39323,43.36667],[-7.38457,43.37053],[-7.38073,43.37649],[-7.3777,43.38027],[-7.37759,43.38241],[-7.3835,43.38401],[-7.38799,43.38669],[-7.38919,43.38775],[-7.39023,43.38973],[-7.39064,43.39115],[-7.39095,43.39147],[-7.39173,43.39169],[-7.39226,43.3914],[-7.393,43.39036],[-7.39543,43.39042],[-7.39687,43.38923],[-7.39905,43.38863],[-7.40059,43.38788],[-7.40154,43.38777],[-7.40269,43.38711],[-7.40411,43.38739],[-7.40523,43.38708],[-7.4065,43.38557],[-7.40772,43.38508],[-7.40823,43.38431],[-7.4101,43.38367],[-7.41281,43.38193],[-7.41524,43.38192],[-7.41676,43.38162],[-7.41882,43.3816],[-7.42034,43.38215],[-7.42192,43.38407],[-7.42325,43.38507],[-7.42499,43.38594],[-7.42852,43.3836],[-7.43165,43.39061],[-7.43295,43.3903],[-7.43713,43.38674],[-7.43945,43.38583],[-7.44315,43.38504],[-7.44599,43.38377],[-7.45112,43.38257],[-7.45283,43.3824],[-7.45656,43.38112],[-7.45856,43.37996],[-7.45961,43.37879],[-7.46021,43.3772],[-7.46131,43.37612],[-7.46342,43.3756],[-7.46394,43.37599],[-7.46441,43.37708],[-7.46386,43.37754],[-7.46451,43.37807],[-7.46564,43.3801],[-7.45822,43.38517],[-7.45607,43.38609],[-7.45548,43.38702],[-7.45574,43.38777],[-7.45704,43.38874],[-7.4579,43.38909],[-7.45869,43.39054],[-7.45924,43.39097],[-7.46209,43.39056],[-7.46516,43.38858],[-7.46667,43.38841],[-7.47191,43.39167],[-7.47854,43.39004],[-7.48121,43.39009],[-7.48386,43.3908],[-7.48593,43.39299],[-7.48644,43.39409]]]}},{"type":"Feature","properties":{"COD_POSTAL":"27695"},"geometry":{"type":"Polygon","coordinates":[[[-7.17649,42.91719],[-7.18025,42.91775],[-7.18702,42.91702],[-7.19855,42.91352],[-7.20893,42.91126],[-7.2144,42.91053],[-7.21482,42.91041],[-7.21467,42.90766],[-7.22304,42.90378],[-7.22279,42.90185],[-7.21929,42.90004],[-7.21867,42.89986],[-7.21709,42.90001],[-7.21405,42.89643],[-7.21417,42.89171],[-7.21596,42.88792],[-7.217,42.88408],[-7.21539,42.87439],[-7.20798,42.8569],[-7.20561,42.84686],[-7.20572,42.84648],[-7.20091,42.84468],[-7.19203,42.84358],[-7.18857,42.84966],[-7.18754,42.8511],[-7.18526,42.85325],[-7.18457,42.85423],[-7.18526,42.85598],[-7.18581,42.85868],[-7.18543,42.8593],[-7.1785,42.86196],[-7.17481,42.86447],[-7.17392,42.86529],[-7.17356,42.86609],[-7.17278,42.8669],[-7.16904,42.86866],[-7.16607,42.87058],[-7.16549,42.87156],[-7.16564,42.87241],[-7.16748,42.87473],[-7.16777,42.87583],[-7.16764,42.87649],[-7.16943,42.87573],[-7.17235,42.87538],[-7.17493,42.87608],[-7.17685,42.87755],[-7.17827,42.87821],[-7.17955,42.87843],[-7.18603,42.87826],[-7.19287,42.87704],[-7.19451,42.87939],[-7.19521,42.88152],[-7.19517,42.88356],[-7.19559,42.88451],[-7.19609,42.88507],[-7.19885,42.88668],[-7.19992,42.88756],[-7.20067,42.88879],[-7.20056,42.88906],[-7.19859,42.88961],[-7.19494,42.89256],[-7.19281,42.89339],[-7.18932,42.89394],[-7.18497,42.8936],[-7.18385,42.89381],[-7.18134,42.89542],[-7.17681,42.89684],[-7.17572,42.89753],[-7.17397,42.89962],[-7.17211,42.89863],[-7.16123,42.90804],[-7.16163,42.90931],[-7.16139,42.91041],[-7.16182,42.91042],[-7.16816,42.91367],[-7.17049,42.91409],[-7.17047,42.91444],[-7.17103,42.91458],[-7.17144,42.91426],[-7.17401,42.91493],[-7.17619,42.91638],[-7.17649,42.91719]]]}},{"type":"Feature","properties":{"COD_POSTAL":"27258"},"geometry":{"type":"Polygon","coordinates":[[[-7.44259,43.23961],[-7.44699,43.24009],[-7.44849,43.23927],[-7.44905,43.23859],[-7.44954,43.23855],[-7.45082,43.2368],[-7.45202,43.23571],[-7.45211,43.23544],[-7.45153,43.23455],[-7.45273,43.23403],[-7.45518,43.23351],[-7.45605,43.23303],[-7.46078,43.23449],[-7.4747,43.23708],[-7.47624,43.23205],[-7.47667,43.22849],[-7.47532,43.22659],[-7.47395,43.22382],[-7.47304,43.22056],[-7.47049,43.21612],[-7.46964,43.21354],[-7.47184,43.21162],[-7.46565,43.20993],[-7.44947,43.20837],[-7.447,43.20868],[-7.44187,43.21061],[-7.43992,43.20634],[-7.44051,43.20582],[-7.44066,43.20489],[-7.44234,43.20388],[-7.44325,43.20249],[-7.44347,43.20012],[-7.44299,43.19893],[-7.44384,43.19882],[-7.44394,43.19766],[-7.44296,43.19537],[-7.44281,43.19413],[-7.44364,43.19264],[-7.44364,43.19065],[-7.44392,43.18936],[-7.44604,43.1853],[-7.43535,43.18165],[-7.43132,43.18511],[-7.42799,43.18663],[-7.42524,43.18905],[-7.42421,43.19331],[-7.42317,43.19386],[-7.41922,43.19399],[-7.41767,43.19427],[-7.41657,43.19497],[-7.41603,43.19566],[-7.42239,43.20058],[-7.42284,43.20143],[-7.4268,43.20637],[-7.42253,43.20846],[-7.42157,43.21051],[-7.42324,43.21777],[-7.4224,43.22016],[-7.4212,43.22077],[-7.42092,43.22455],[-7.41611,43.2242],[-7.41185,43.22591],[-7.41071,43.22752],[-7.40991,43.23126],[-7.41122,43.23289],[-7.41377,43.23333],[-7.41766,43.23309],[-7.41891,43.23263],[-7.42255,43.23241],[-7.42626,43.23357],[-7.42894,43.23477],[-7.42882,43.23612],[-7.42921,43.23771],[-7.43043,43.23887],[-7.43497,43.23974],[-7.43675,43.23916],[-7.43784,43.2377],[-7.44189,43.23945],[-7.44259,43.23961]]]}},{"type":"Feature","properties":{"COD_POSTAL":"27655"},"geometry":{"type":"Polygon","coordinates":[[[-6.9246,42.95976],[-6.9343,42.95999],[-6.93737,42.9614],[-6.94224,42.96221],[-6.94832,42.96401],[-6.95382,42.95758],[-6.95427,42.95297],[-6.95501,42.95308],[-6.95688,42.95211],[-6.95914,42.95366],[-6.96519,42.95392],[-6.96562,42.95464],[-6.96746,42.95543],[-6.96884,42.95729],[-6.97139,42.9576],[-6.97308,42.95733],[-6.97383,42.95868],[-6.97511,42.95896],[-6.97513,42.95644],[-6.97841,42.95667],[-6.98022,42.95896],[-6.98121,42.96091],[-6.98459,42.96146],[-6.98662,42.96009],[-6.98852,42.95997],[-6.98938,42.95882],[-6.99031,42.95884],[-6.99077,42.9575],[-6.99334,42.95581],[-6.99393,42.95386],[-6.99367,42.95027],[-6.99127,42.94754],[-6.98893,42.94561],[-6.98804,42.94441],[-6.98815,42.9437],[-6.9867,42.93908],[-6.98555,42.9372],[-6.98429,42.93605],[-6.98239,42.93307],[-6.98061,42.93234],[-6.98071,42.93205],[-6.979,42.93015],[-6.97798,42.92763],[-6.97298,42.92133],[-6.97014,42.92114],[-6.96802,42.92067],[-6.96541,42.91917],[-6.9648,42.91759],[-6.94347,42.90973],[-6.91456,42.89848],[-6.89493,42.9023],[-6.89359,42.90613],[-6.8936,42.91011],[-6.89466,42.91295],[-6.898,42.91849],[-6.9023,42.91952],[-6.90293,42.9254],[-6.90512,42.92842],[-6.90445,42.93998],[-6.90547,42.9427],[-6.9054,42.94482],[-6.90693,42.94698],[-6.92044,42.95814],[-6.9246,42.95976]]]}},{"type":"Feature","properties":{"COD_POSTAL":"27688"},"geometry":{"type":"Polygon","coordinates":[[[-7.26045,42.89],[-7.26081,42.88878],[-7.2602,42.88778],[-7.2611,42.88638],[-7.26115,42.88531],[-7.26048,42.88506],[-7.26049,42.88357],[-7.26143,42.88325],[-7.26182,42.8821],[-7.25651,42.8788],[-7.25468,42.87562],[-7.25187,42.87168],[-7.24366,42.86652],[-7.24248,42.86555],[-7.24335,42.86427],[-7.24887,42.86055],[-7.24227,42.85821],[-7.23808,42.85733],[-7.23628,42.85311],[-7.23134,42.84516],[-7.23045,42.84203],[-7.23014,42.83871],[-7.22615,42.83816],[-7.22248,42.83296],[-7.2163,42.83906],[-7.20967,42.84214],[-7.20572,42.84648],[-7.20561,42.84686],[-7.20798,42.8569],[-7.21539,42.87439],[-7.21634,42.87317],[-7.21796,42.87217],[-7.22147,42.87179],[-7.223,42.87192],[-7.22545,42.87141],[-7.22929,42.86993],[-7.23614,42.86966],[-7.23355,42.87209],[-7.23418,42.87239],[-7.23617,42.87819],[-7.23634,42.87808],[-7.23998,42.88062],[-7.24514,42.88297],[-7.2529,42.88833],[-7.25349,42.88836],[-7.25431,42.88758],[-7.25501,42.88807],[-7.25451,42.88881],[-7.25933,42.89103],[-7.26045,42.89]]]}},{"type":"Feature","properties":{"COD_POSTAL":"27380"},"geometry":{"type":"Polygon","coordinates":[[[-7.85338,43.16164],[-7.84787,43.16034],[-7.84735,43.15936],[-7.84797,43.15858],[-7.84999,43.15693],[-7.85068,43.15599],[-7.85355,43.15586],[-7.85383,43.15553],[-7.85392,43.15449],[-7.85424,43.15387],[-7.85663,43.15319],[-7.8639,43.15466],[-7.86565,43.15616],[-7.86778,43.15684],[-7.87022,43.15628],[-7.87134,43.1564],[-7.87339,43.15726],[-7.87458,43.15747],[-7.87916,43.15692],[-7.88184,43.1571],[-7.88363,43.15675],[-7.88521,43.15702],[-7.88647,43.15616],[-7.88756,43.15604],[-7.88766,43.1545],[-7.88821,43.15377],[-7.88996,43.15244],[-7.88746,43.15065],[-7.88732,43.15014],[-7.88699,43.14991],[-7.88367,43.1491],[-7.88344,43.14882],[-7.88366,43.14865],[-7.88197,43.14598],[-7.88225,43.14468],[-7.88298,43.14313],[-7.88292,43.13919],[-7.88355,43.13762],[-7.87388,43.13581],[-7.86908,43.13106],[-7.86866,43.12876],[-7.85935,43.1302],[-7.85439,43.13198],[-7.85156,43.134],[-7.85055,43.13515],[-7.84936,43.13285],[-7.84726,43.13217],[-7.84605,43.1325],[-7.84381,43.13146],[-7.84336,43.13084],[-7.84171,43.13037],[-7.84114,43.13042],[-7.84103,43.13126],[-7.84008,43.13133],[-7.83979,43.12783],[-7.83914,43.12614],[-7.84027,43.12482],[-7.84046,43.12392],[-7.83074,43.12407],[-7.8034,43.13171],[-7.80234,43.13235],[-7.80071,43.13212],[-7.79969,43.13237],[-7.79811,43.1321],[-7.79711,43.13245],[-7.79527,43.13225],[-7.79467,43.13394],[-7.79323,43.1366],[-7.79152,43.13864],[-7.79148,43.13957],[-7.79188,43.14034],[-7.79369,43.14218],[-7.79414,43.1429],[-7.79426,43.1438],[-7.79341,43.14551],[-7.79294,43.1487],[-7.79211,43.15034],[-7.79501,43.15105],[-7.79937,43.15133],[-7.80689,43.15306],[-7.81291,43.15365],[-7.81787,43.15379],[-7.81786,43.15446],[-7.81834,43.15518],[-7.81975,43.15589],[-7.82129,43.15634],[-7.82438,43.15641],[-7.82582,43.15669],[-7.82726,43.1574],[-7.82847,43.1587],[-7.82957,43.16099],[-7.83093,43.16254],[-7.83222,43.16506],[-7.83069,43.16727],[-7.82792,43.16877],[-7.82756,43.16956],[-7.8284,43.17069],[-7.82843,43.17132],[-7.82582,43.17277],[-7.82567,43.17332],[-7.82606,43.17433],[-7.83214,43.17641],[-7.83675,43.17624],[-7.8433,43.1752],[-7.84297,43.17559],[-7.84332,43.17658],[-7.84388,43.17634],[-7.84387,43.17595],[-7.84417,43.17577],[-7.8439,43.17526],[-7.84732,43.17577],[-7.84715,43.17605],[-7.84747,43.17649],[-7.84815,43.17622],[-7.84931,43.17629],[-7.84932,43.17586],[-7.85074,43.17607],[-7.85442,43.17509],[-7.85416,43.17399],[-7.85657,43.17077],[-7.85779,43.16826],[-7.85582,43.16445],[-7.85635,43.16269],[-7.85338,43.16164]]]}},{"type":"Feature","properties":{"COD_POSTAL":"27349"},"geometry":{"type":"Polygon","coordinates":[[[-7.52828,42.64113],[-7.53385,42.64517],[-7.54305,42.65289],[-7.54331,42.65599],[-7.55159,42.65646],[-7.54986,42.65247],[-7.55484,42.64756],[-7.55743,42.64225],[-7.55788,42.64072],[-7.56057,42.63905],[-7.56061,42.63811],[-7.56126,42.63628],[-7.56215,42.63464],[-7.5639,42.63297],[-7.56782,42.63141],[-7.56638,42.6297],[-7.5604,42.6239],[-7.55784,42.62196],[-7.55481,42.62058],[-7.55482,42.61335],[-7.55445,42.61314],[-7.54726,42.61198],[-7.54063,42.61031],[-7.53626,42.60776],[-7.52868,42.60681],[-7.51437,42.60314],[-7.51314,42.59847],[-7.51093,42.59355],[-7.50941,42.59109],[-7.50465,42.58489],[-7.49696,42.58266],[-7.48719,42.58108],[-7.47995,42.57954],[-7.47197,42.58043],[-7.46653,42.58241],[-7.4683,42.58234],[-7.46888,42.58269],[-7.47041,42.58568],[-7.4648,42.58992],[-7.45636,42.58913],[-7.45612,42.59435],[-7.45454,42.59543],[-7.45388,42.5967],[-7.45242,42.59788],[-7.45127,42.59994],[-7.45107,42.60135],[-7.4503,42.60371],[-7.45033,42.60461],[-7.45094,42.60544],[-7.45651,42.60662],[-7.4669,42.60751],[-7.46385,42.61058],[-7.46358,42.61166],[-7.46477,42.61478],[-7.46664,42.61669],[-7.46866,42.61787],[-7.47259,42.62111],[-7.48574,42.61721],[-7.49192,42.61695],[-7.49683,42.61873],[-7.50254,42.62389],[-7.50758,42.62437],[-7.51102,42.62745],[-7.51194,42.62957],[-7.50982,42.63163],[-7.52405,42.63814],[-7.52828,42.64113]]]}},{"type":"Feature","properties":{"COD_POSTAL":"27133"},"geometry":{"type":"Polygon","coordinates":[[[-7.17054,43.01477],[-7.16819,43.02025],[-7.16987,43.02243],[-7.16923,43.026],[-7.16929,43.02855],[-7.16972,43.03127],[-7.17122,43.0336],[-7.17413,43.03622],[-7.17518,43.03901],[-7.1729,43.04302],[-7.17037,43.04482],[-7.17366,43.04927],[-7.17337,43.0505],[-7.17117,43.05262],[-7.16378,43.05679],[-7.15885,43.05603],[-7.15753,43.05556],[-7.15676,43.05561],[-7.15521,43.05646],[-7.15217,43.05651],[-7.14923,43.06007],[-7.15204,43.06295],[-7.15488,43.0646],[-7.15271,43.06723],[-7.15763,43.07024],[-7.15928,43.07066],[-7.1642,43.07349],[-7.1667,43.07091],[-7.16973,43.0703],[-7.17482,43.06813],[-7.1749,43.06871],[-7.18197,43.06892],[-7.18396,43.07188],[-7.18387,43.07411],[-7.18587,43.07732],[-7.18686,43.08089],[-7.18733,43.08149],[-7.18771,43.08174],[-7.19382,43.08027],[-7.19987,43.07736],[-7.20377,43.07186],[-7.20239,43.05095],[-7.20104,43.04647],[-7.20189,43.04508],[-7.20709,43.04377],[-7.21634,43.04238],[-7.21811,43.04037],[-7.21785,43.03793],[-7.22032,43.03419],[-7.22274,43.03267],[-7.22763,43.0314],[-7.2207,43.02445],[-7.21859,43.02028],[-7.21852,43.01536],[-7.22058,43.012],[-7.22218,43.00049],[-7.22194,42.99946],[-7.21794,42.99616],[-7.21763,42.99563],[-7.21475,42.99553],[-7.21375,42.99603],[-7.21282,42.99577],[-7.21227,42.99513],[-7.21161,42.99405],[-7.21186,42.99236],[-7.21336,42.99151],[-7.2132,42.98904],[-7.21072,42.9879],[-7.20973,42.9878],[-7.20865,42.98848],[-7.20535,42.98819],[-7.20384,42.98913],[-7.19853,42.99022],[-7.19746,42.99202],[-7.18658,42.99914],[-7.18029,43.00776],[-7.17744,43.00968],[-7.16896,43.01254],[-7.17054,43.01477]]]}},{"type":"Feature","properties":{"COD_POSTAL":"27817"},"geometry":{"type":"Polygon","coordinates":[[[-7.5779,43.44575],[-7.57596,43.44686],[-7.57354,43.45016],[-7.56852,43.45334],[-7.5671,43.454],[-7.56568,43.45553],[-7.5629,43.45768],[-7.5647,43.4591],[-7.56645,43.46],[-7.5687,43.46068],[-7.57088,43.46104],[-7.57053,43.46248],[-7.57224,43.46421],[-7.58619,43.45704],[-7.58766,43.45592],[-7.58935,43.4552],[-7.59269,43.45236],[-7.59722,43.44943],[-7.602,43.44689],[-7.60381,43.44644],[-7.61817,43.44503],[-7.61994,43.44556],[-7.62514,43.44594],[-7.6263,43.44632],[-7.62786,43.44627],[-7.62869,43.44645],[-7.62928,43.44703],[-7.63077,43.44751],[-7.63316,43.44719],[-7.63431,43.44755],[-7.63524,43.44805],[-7.63583,43.44873],[-7.63713,43.4493],[-7.63741,43.45021],[-7.6389,43.45088],[-7.64215,43.45132],[-7.64237,43.45044],[-7.64346,43.4485],[-7.64345,43.44794],[-7.64427,43.44736],[-7.64552,43.44725],[-7.64667,43.44595],[-7.64582,43.44467],[-7.64118,43.44104],[-7.64083,43.44055],[-7.64046,43.43792],[-7.63927,43.4365],[-7.63888,43.43436],[-7.63895,43.43323],[-7.63957,43.43208],[-7.63951,43.43087],[-7.63749,43.4285],[-7.63667,43.42713],[-7.63548,43.42662],[-7.6351,43.42576],[-7.63419,43.42489],[-7.63255,43.4243],[-7.63227,43.4234],[-7.63236,43.422],[-7.63099,43.4206],[-7.62979,43.41996],[-7.62842,43.41961],[-7.62481,43.41941],[-7.62028,43.41742],[-7.61854,43.41734],[-7.61796,43.417],[-7.61832,43.41592],[-7.61807,43.41571],[-7.61726,43.41576],[-7.61546,43.41533],[-7.61427,43.41463],[-7.61247,43.41543],[-7.60808,43.41414],[-7.60451,43.4149],[-7.60346,43.41467],[-7.60265,43.41495],[-7.59915,43.41722],[-7.59832,43.41747],[-7.59638,43.4175],[-7.59527,43.41715],[-7.59393,43.41738],[-7.59292,43.41707],[-7.59181,43.41782],[-7.59124,43.41858],[-7.59107,43.42053],[-7.59033,43.42279],[-7.59148,43.42386],[-7.59208,43.42512],[-7.59158,43.42702],[-7.59201,43.4282],[-7.59128,43.42988],[-7.59507,43.43372],[-7.59281,43.43558],[-7.59176,43.43689],[-7.58983,43.43751],[-7.58775,43.43784],[-7.58499,43.43739],[-7.58379,43.43781],[-7.58176,43.43925],[-7.57876,43.4394],[-7.5777,43.43975],[-7.577,43.44043],[-7.57684,43.44174],[-7.57705,43.44209],[-7.57823,43.44268],[-7.57843,43.44404],[-7.57822,43.44528],[-7.5779,43.44575]]]}},{"type":"Feature","properties":{"COD_POSTAL":"27624"},"geometry":{"type":"Polygon","coordinates":[[[-7.27451,42.71343],[-7.27436,42.7145],[-7.2751,42.71501],[-7.27897,42.7192],[-7.27969,42.72075],[-7.28181,42.7239],[-7.2865,42.72667],[-7.29211,42.73181],[-7.29464,42.73199],[-7.29535,42.73093],[-7.29844,42.72926],[-7.31043,42.71944],[-7.30049,42.71171],[-7.29006,42.71081],[-7.28284,42.71092],[-7.27299,42.70677],[-7.27409,42.71035],[-7.27397,42.71322],[-7.27451,42.71343]]]}},{"type":"Feature","properties":{"COD_POSTAL":"27277"},"geometry":{"type":"Polygon","coordinates":[[[-7.25338,43.09784],[-7.26009,43.10166],[-7.2635,43.10449],[-7.26483,43.10695],[-7.26695,43.11284],[-7.26963,43.11594],[-7.27311,43.11248],[-7.27879,43.11175],[-7.28243,43.10671],[-7.28171,43.10555],[-7.28577,43.09858],[-7.29304,43.08816],[-7.29063,43.08432],[-7.28973,43.07966],[-7.29156,43.07348],[-7.28797,43.07433],[-7.2857,43.07389],[-7.28571,43.0734],[-7.28392,43.07159],[-7.27941,43.07003],[-7.27499,43.07112],[-7.27435,43.07103],[-7.27198,43.07216],[-7.27173,43.07181],[-7.26891,43.07205],[-7.25787,43.07532],[-7.25584,43.07516],[-7.25203,43.07547],[-7.24558,43.0771],[-7.24923,43.07996],[-7.2507,43.08257],[-7.25201,43.08701],[-7.24974,43.08909],[-7.24859,43.08983],[-7.24571,43.09047],[-7.24487,43.09151],[-7.24348,43.0955],[-7.2434,43.09781],[-7.24904,43.0968],[-7.25028,43.09744],[-7.25338,43.09784]]]}},{"type":"Feature","properties":{"COD_POSTAL":"27845"},"geometry":{"type":"Polygon","coordinates":[[[-7.51441,43.3743],[-7.51613,43.37579],[-7.51829,43.37638],[-7.52248,43.37686],[-7.52663,43.3806],[-7.52978,43.38128],[-7.54472,43.38117],[-7.54536,43.38025],[-7.5453,43.37987],[-7.54389,43.37791],[-7.5457,43.37635],[-7.5456,43.37446],[-7.54718,43.37168],[-7.54691,43.37093],[-7.54522,43.37011],[-7.54502,43.36976],[-7.54511,43.36913],[-7.54641,43.36702],[-7.54591,43.36589],[-7.54355,43.36511],[-7.54335,43.36468],[-7.54336,43.36166],[-7.54256,43.36086],[-7.54622,43.35905],[-7.54884,43.35833],[-7.55108,43.34863],[-7.55165,43.34709],[-7.55125,43.34484],[-7.55039,43.34369],[-7.55021,43.3422],[-7.54962,43.34138],[-7.54954,43.34016],[-7.549,43.33911],[-7.54934,43.33728],[-7.55033,43.33611],[-7.55142,43.33567],[-7.54267,43.33512],[-7.54163,43.3355],[-7.54022,43.3352],[-7.53857,43.33558],[-7.53235,43.33517],[-7.5313,43.33634],[-7.53123,43.33733],[-7.53024,43.34003],[-7.52878,43.33939],[-7.52658,43.33772],[-7.52454,43.33519],[-7.52387,43.33198],[-7.5222,43.32916],[-7.52091,43.32809],[-7.52212,43.32662],[-7.52413,43.32511],[-7.52986,43.3218],[-7.52683,43.31935],[-7.5244,43.31588],[-7.52753,43.31366],[-7.52823,43.3122],[-7.52671,43.30949],[-7.52498,43.30738],[-7.52397,43.30632],[-7.52182,43.3049],[-7.51777,43.29998],[-7.51555,43.29767],[-7.51326,43.29914],[-7.51068,43.30119],[-7.50952,43.30247],[-7.50864,43.30279],[-7.50774,43.30478],[-7.50795,43.3054],[-7.50439,43.30632],[-7.50471,43.30567],[-7.50432,43.30439],[-7.50477,43.30343],[-7.49828,43.30313],[-7.4965,43.30366],[-7.49577,43.30445],[-7.49626,43.30463],[-7.49707,43.30552],[-7.49994,43.30678],[-7.50319,43.30755],[-7.50457,43.30841],[-7.50488,43.30931],[-7.504,43.31099],[-7.50048,43.31258],[-7.50111,43.31633],[-7.50076,43.31722],[-7.49774,43.32049],[-7.49654,43.321],[-7.49626,43.32199],[-7.49432,43.32329],[-7.49397,43.32441],[-7.49417,43.32529],[-7.49517,43.32602],[-7.49847,43.32657],[-7.49959,43.32695],[-7.5007,43.32771],[-7.50107,43.32839],[-7.50114,43.32924],[-7.50018,43.33013],[-7.49956,43.33108],[-7.50497,43.33114],[-7.50776,43.33042],[-7.50611,43.33211],[-7.507,43.33501],[-7.50857,43.33731],[-7.50795,43.33823],[-7.50863,43.34033],[-7.50633,43.34237],[-7.50951,43.34518],[-7.51102,43.34585],[-7.51287,43.34588],[-7.51495,43.34827],[-7.51613,43.35029],[-7.51465,43.35431],[-7.51545,43.35538],[-7.51582,43.35634],[-7.51646,43.3598],[-7.51765,43.36034],[-7.51691,43.36155],[-7.51691,43.36322],[-7.51544,43.36297],[-7.5146,43.36316],[-7.51249,43.37062],[-7.51441,43.3743]]]}},{"type":"Feature","properties":{"COD_POSTAL":"27527"},"geometry":{"type":"Polygon","coordinates":[[[-7.8293,42.56363],[-7.83285,42.56396],[-7.84016,42.56624],[-7.84331,42.56611],[-7.84352,42.5677],[-7.84283,42.56885],[-7.84266,42.56991],[-7.84344,42.57157],[-7.8445,42.57201],[-7.84473,42.57287],[-7.84639,42.57408],[-7.84825,42.57658],[-7.84992,42.57769],[-7.85337,42.57716],[-7.85545,42.57607],[-7.85656,42.57605],[-7.85863,42.57454],[-7.86061,42.57417],[-7.86215,42.57339],[-7.86419,42.57134],[-7.86609,42.57065],[-7.86701,42.56979],[-7.86778,42.56951],[-7.86933,42.57181],[-7.87129,42.57247],[-7.87233,42.572],[-7.87561,42.57386],[-7.87666,42.57409],[-7.87872,42.57531],[-7.88008,42.5757],[-7.88249,42.57562],[-7.88484,42.57605],[-7.8887,42.5772],[-7.89186,42.57593],[-7.89412,42.57549],[-7.89585,42.5738],[-7.89679,42.57383],[-7.89989,42.57472],[-7.90204,42.57618],[-7.90378,42.57683],[-7.9056,42.57699],[-7.90805,42.57648],[-7.91044,42.57806],[-7.91571,42.58083],[-7.91177,42.58191],[-7.90813,42.5827],[-7.90597,42.58287],[-7.90091,42.58417],[-7.90045,42.5846],[-7.90009,42.58635],[-7.89964,42.58692],[-7.89981,42.58789],[-7.89937,42.58872],[-7.89975,42.58964],[-7.89908,42.5903],[-7.89792,42.59082],[-7.8993,42.59215],[-7.89942,42.59433],[-7.90116,42.59912],[-7.90139,42.60154],[-7.90402,42.60355],[-7.90512,42.61042],[-7.90587,42.60788],[-7.9076,42.60553],[-7.90745,42.60413],[-7.91008,42.60247],[-7.91153,42.60124],[-7.91236,42.60092],[-7.91256,42.59922],[-7.91367,42.59688],[-7.91274,42.59167],[-7.91927,42.58433],[-7.92519,42.581],[-7.93075,42.5786],[-7.928,42.57853],[-7.92612,42.57601],[-7.92514,42.57237],[-7.92125,42.56841],[-7.91743,42.56169],[-7.91405,42.5582],[-7.91246,42.55713],[-7.91156,42.55607],[-7.90574,42.55468],[-7.90083,42.55395],[-7.89437,42.55135],[-7.89277,42.55129],[-7.89004,42.5502],[-7.88852,42.54147],[-7.88873,42.53813],[-7.88406,42.53423],[-7.88095,42.53307],[-7.87715,42.54516],[-7.87769,42.54647],[-7.88191,42.54927],[-7.88262,42.55112],[-7.8828,42.5528],[-7.86065,42.55097],[-7.85729,42.55147],[-7.85429,42.55254],[-7.85039,42.55458],[-7.84956,42.55572],[-7.84882,42.55539],[-7.84715,42.55646],[-7.84023,42.55739],[-7.84142,42.55376],[-7.84101,42.54704],[-7.84024,42.54525],[-7.83949,42.54418],[-7.83781,42.54261],[-7.83604,42.53904],[-7.83327,42.5384],[-7.82461,42.53935],[-7.82194,42.54045],[-7.82057,42.54159],[-7.81423,42.54161],[-7.81114,42.5421],[-7.80795,42.54331],[-7.80729,42.54422],[-7.80805,42.54707],[-7.8148,42.54821],[-7.81633,42.54908],[-7.81656,42.55019],[-7.81756,42.55082],[-7.81758,42.55238],[-7.81804,42.55416],[-7.81929,42.55542],[-7.82052,42.5555],[-7.82742,42.55788],[-7.82907,42.55886],[-7.8293,42.56363],[-7.82879,42.56363],[-7.8293,42.56363]]]}},{"type":"Feature","properties":{"COD_POSTAL":"27144"},"geometry":{"type":"Polygon","coordinates":[[[-7.30657,42.97686],[-7.30763,42.98218],[-7.30955,42.98232],[-7.31068,42.98157],[-7.31237,42.98144],[-7.31554,42.97754],[-7.32188,42.97584],[-7.32328,42.97644],[-7.32475,42.97625],[-7.33294,42.97267],[-7.33451,42.97132],[-7.33645,42.96914],[-7.34043,42.96304],[-7.34065,42.96045],[-7.34033,42.95608],[-7.33555,42.95791],[-7.33175,42.95799],[-7.32641,42.95691],[-7.32555,42.95955],[-7.32601,42.96107],[-7.32525,42.96209],[-7.32353,42.96293],[-7.32082,42.96288],[-7.31843,42.96344],[-7.317,42.96434],[-7.31526,42.96407],[-7.31386,42.96524],[-7.31133,42.96601],[-7.31163,42.96507],[-7.31151,42.96424],[-7.31081,42.96327],[-7.31142,42.96207],[-7.31532,42.95967],[-7.31518,42.95915],[-7.31389,42.95858],[-7.31241,42.95859],[-7.30882,42.9594],[-7.30757,42.96005],[-7.30142,42.96126],[-7.29991,42.9606],[-7.29632,42.96012],[-7.2958,42.9606],[-7.29601,42.96154],[-7.2997,42.96558],[-7.30028,42.96839],[-7.3015,42.96926],[-7.30241,42.97046],[-7.30214,42.9713],[-7.30241,42.97259],[-7.30287,42.97306],[-7.29996,42.97518],[-7.30047,42.97591],[-7.30116,42.97584],[-7.30128,42.97637],[-7.30253,42.97674],[-7.30359,42.97598],[-7.30582,42.97644],[-7.30657,42.97686]]]}},{"type":"Feature","properties":{"COD_POSTAL":"27664"},"geometry":{"type":"MultiPolygon","coordinates":[[[[-7.07786,42.86941],[-7.07771,42.86995],[-7.08118,42.87072],[-7.08499,42.87057],[-7.08767,42.87078],[-7.09353,42.87178],[-7.09964,42.87047],[-7.11116,42.86718],[-7.1136,42.86671],[-7.11547,42.86779],[-7.12074,42.87301],[-7.12263,42.87592],[-7.124,42.87729],[-7.12723,42.87888],[-7.13069,42.87906],[-7.13208,42.87511],[-7.13121,42.87288],[-7.12985,42.87198],[-7.12528,42.87003],[-7.12312,42.86826],[-7.12031,42.86325],[-7.11819,42.86256],[-7.11761,42.86175],[-7.11765,42.86045],[-7.11282,42.86114],[-7.10897,42.85832],[-7.10886,42.85736],[-7.11157,42.85568],[-7.11099,42.85426],[-7.10979,42.85279],[-7.1047,42.85333],[-7.09714,42.8578],[-7.08872,42.85874],[-7.08331,42.85992],[-7.07957,42.86322],[-7.07801,42.86883],[-7.07786,42.86941]]],[[[-7.06454,42.85601],[-7.06021,42.8522],[-7.05855,42.84926],[-7.05675,42.84794],[-7.05046,42.84654],[-7.05044,42.84343],[-7.04223,42.83595],[-7.03968,42.83736],[-7.03779,42.83987],[-7.02636,42.83774],[-7.02451,42.84214],[-7.00676,42.84216],[-7.00481,42.84378],[-7.0112,42.86052],[-7.01041,42.86209],[-7.01072,42.86345],[-7.01059,42.8737],[-7.01109,42.87427],[-7.01378,42.87607],[-7.01851,42.87591],[-7.02292,42.88298],[-7.02336,42.88416],[-7.0333,42.88437],[-7.03653,42.88387],[-7.03908,42.88313],[-7.03999,42.88119],[-7.0423,42.88038],[-7.04474,42.88062],[-7.04908,42.88187],[-7.05178,42.88192],[-7.06257,42.87954],[-7.06425,42.87882],[-7.06997,42.8784],[-7.07257,42.87891],[-7.07368,42.87999],[-7.07576,42.88139],[-7.07629,42.88108],[-7.0783,42.87923],[-7.07854,42.8784],[-7.07816,42.8777],[-7.07612,42.87608],[-7.07549,42.87516],[-7.07673,42.87345],[-7.0773,42.87139],[-7.06817,42.86299],[-7.06489,42.85606],[-7.06454,42.85601]]]]}},{"type":"Feature","properties":{"COD_POSTAL":"27649"},"geometry":{"type":"MultiPolygon","coordinates":[[[[-7.14631,42.81358],[-7.14456,42.8146],[-7.14334,42.8163],[-7.14629,42.82641],[-7.1477,42.82953],[-7.16369,42.82835],[-7.1631,42.82602],[-7.16293,42.82378],[-7.16212,42.8206],[-7.16621,42.81521],[-7.16626,42.81339],[-7.16393,42.80832],[-7.15728,42.80716],[-7.15298,42.80681],[-7.14725,42.8122],[-7.14631,42.81358]]],[[[-7.18761,42.82624],[-7.18783,42.82796],[-7.18747,42.83107],[-7.19224,42.83017],[-7.19465,42.82903],[-7.19581,42.82786],[-7.1991,42.82608],[-7.20144,42.82544],[-7.20225,42.82549],[-7.2029,42.82627],[-7.20377,42.82818],[-7.20485,42.82848],[-7.21966,42.82497],[-7.22055,42.82217],[-7.23071,42.80999],[-7.22401,42.80152],[-7.22143,42.80088],[-7.21476,42.8008],[-7.21262,42.80003],[-7.21022,42.79952],[-7.20359,42.789],[-7.20242,42.78785],[-7.19911,42.7888],[-7.19559,42.7889],[-7.19229,42.79017],[-7.1906,42.79036],[-7.18769,42.79002],[-7.18498,42.79235],[-7.18254,42.79369],[-7.17905,42.79468],[-7.18147,42.79901],[-7.18177,42.80031],[-7.18216,42.80252],[-7.18191,42.80649],[-7.18299,42.81079],[-7.18278,42.8155],[-7.18706,42.82181],[-7.18761,42.82624]]]]}},{"type":"Feature","properties":{"COD_POSTAL":"27205"},"geometry":{"type":"MultiPolygon","coordinates":[[[[-7.86926,42.89555],[-7.87021,42.89654],[-7.87226,42.89714],[-7.8723,42.89459],[-7.87277,42.89381],[-7.87152,42.88752],[-7.87157,42.88689],[-7.87267,42.88444],[-7.87249,42.8821],[-7.87399,42.88011],[-7.874,42.87912],[-7.87305,42.87812],[-7.87183,42.878],[-7.86991,42.87871],[-7.86793,42.88114],[-7.86657,42.88169],[-7.86542,42.88177],[-7.86417,42.87983],[-7.85341,42.88271],[-7.84898,42.88274],[-7.84751,42.88351],[-7.84797,42.88458],[-7.84847,42.88711],[-7.84837,42.88917],[-7.85424,42.89471],[-7.85629,42.89532],[-7.86342,42.89522],[-7.86764,42.89482],[-7.86926,42.89555]]],[[[-7.86021,42.98011],[-7.87766,42.97336],[-7.88148,42.97563],[-7.88421,42.97372],[-7.89736,42.97495],[-7.90643,42.97649],[-7.90857,42.96306],[-7.90817,42.95126],[-7.9115,42.94555],[-7.9163,42.9323],[-7.91804,42.93098],[-7.92151,42.92962],[-7.91585,42.92157],[-7.9148,42.92127],[-7.91281,42.92171],[-7.89674,42.92338],[-7.89306,42.92347],[-7.89212,42.92216],[-7.89032,42.91875],[-7.8897,42.91849],[-7.8871,42.91924],[-7.88553,42.91901],[-7.8835,42.91735],[-7.88462,42.91492],[-7.88554,42.91141],[-7.88624,42.91046],[-7.88951,42.90807],[-7.88977,42.90679],[-7.88677,42.90631],[-7.88326,42.90523],[-7.88264,42.90465],[-7.88309,42.90288],[-7.88259,42.90106],[-7.88178,42.90035],[-7.8761,42.8979],[-7.87226,42.89714],[-7.87231,42.89893],[-7.87009,42.90099],[-7.86795,42.90138],[-7.8666,42.90208],[-7.86467,42.9026],[-7.86098,42.90223],[-7.8604,42.90664],[-7.85962,42.90888],[-7.85701,42.9094],[-7.85608,42.91038],[-7.85498,42.91054],[-7.85357,42.91118],[-7.85236,42.91077],[-7.8522,42.91182],[-7.85241,42.91644],[-7.84737,42.92485],[-7.83804,42.92686],[-7.83052,42.92877],[-7.83197,42.93259],[-7.83214,42.94558],[-7.83183,42.95024],[-7.82903,42.95627],[-7.82984,42.95664],[-7.82999,42.9572],[-7.82872,42.95876],[-7.82869,42.96049],[-7.82993,42.96273],[-7.82926,42.96647],[-7.82938,42.96722],[-7.83256,42.96821],[-7.83492,42.96846],[-7.83833,42.97163],[-7.83969,42.97759],[-7.85142,42.98006],[-7.85437,42.97988],[-7.86021,42.98011]]]]}},{"type":"Feature","properties":{"COD_POSTAL":"27127"},"geometry":{"type":"Polygon","coordinates":[[[-7.38515,43.07691],[-7.39668,43.0758],[-7.39811,43.07661],[-7.39861,43.07655],[-7.40097,43.07539],[-7.40305,43.07557],[-7.40473,43.07485],[-7.41912,43.07291],[-7.42829,43.07118],[-7.43813,43.05857],[-7.43506,43.05124],[-7.42353,43.03791],[-7.42357,43.03226],[-7.41608,43.02777],[-7.41252,43.02755],[-7.40742,43.02647],[-7.40598,43.02544],[-7.40652,43.02501],[-7.40544,43.02526],[-7.40459,43.02493],[-7.40376,43.02494],[-7.40332,43.02545],[-7.40236,43.02512],[-7.40137,43.02541],[-7.4011,43.02584],[-7.4007,43.02568],[-7.39998,43.02601],[-7.39981,43.02643],[-7.39913,43.02692],[-7.3989,43.02815],[-7.39656,43.02714],[-7.39135,43.02723],[-7.38952,43.02748],[-7.38767,43.02892],[-7.38627,43.03067],[-7.38501,43.03172],[-7.38288,43.03233],[-7.37368,43.0314],[-7.36942,43.03195],[-7.36451,43.02849],[-7.36013,43.02633],[-7.35474,43.02535],[-7.34565,43.02586],[-7.34546,43.02529],[-7.34608,43.02504],[-7.34634,43.02431],[-7.34698,43.02361],[-7.34695,43.02252],[-7.34607,43.02203],[-7.34469,43.02194],[-7.33827,43.0225],[-7.33568,43.02367],[-7.33344,43.0255],[-7.33273,43.02643],[-7.33186,43.02852],[-7.33195,43.03067],[-7.33095,43.0325],[-7.32948,43.03659],[-7.33237,43.03647],[-7.33314,43.03709],[-7.33402,43.03716],[-7.33634,43.0367],[-7.33732,43.04053],[-7.33795,43.04183],[-7.34498,43.04388],[-7.362,43.03999],[-7.36567,43.03662],[-7.36829,43.04215],[-7.36994,43.04937],[-7.37089,43.05532],[-7.37075,43.05591],[-7.37108,43.05818],[-7.37103,43.06697],[-7.36816,43.06944],[-7.366,43.07039],[-7.3596,43.07229],[-7.35988,43.07265],[-7.36214,43.07314],[-7.37976,43.07602],[-7.38515,43.07691]]]}},{"type":"Feature","properties":{"COD_POSTAL":"27660"},"geometry":{"type":"Polygon","coordinates":[[[-7.07313,42.97239],[-7.08294,42.97765],[-7.09573,42.98039],[-7.11508,42.96742],[-7.13802,42.94981],[-7.14524,42.94861],[-7.14756,42.9496],[-7.14774,42.94922],[-7.14592,42.94503],[-7.14589,42.94431],[-7.14537,42.94295],[-7.14435,42.94141],[-7.13947,42.94167],[-7.13521,42.94157],[-7.13161,42.94275],[-7.1269,42.94369],[-7.12366,42.94364],[-7.12245,42.9429],[-7.12246,42.94179],[-7.12181,42.94082],[-7.11922,42.94068],[-7.11608,42.94143],[-7.1099,42.94051],[-7.10748,42.94047],[-7.10275,42.94142],[-7.10091,42.94152],[-7.099,42.9413],[-7.0979,42.94048],[-7.09747,42.93931],[-7.09772,42.93919],[-7.09814,42.93745],[-7.09902,42.9355],[-7.09916,42.93443],[-7.09797,42.93186],[-7.09783,42.93042],[-7.09844,42.92977],[-7.09218,42.93007],[-7.08679,42.92917],[-7.08307,42.92841],[-7.08019,42.92743],[-7.07826,42.92597],[-7.07781,42.92517],[-7.07866,42.92116],[-7.07738,42.91848],[-7.07767,42.91753],[-7.07846,42.91682],[-7.08137,42.91497],[-7.08148,42.9138],[-7.08088,42.91296],[-7.07887,42.91229],[-7.07185,42.91335],[-7.06999,42.91341],[-7.06997,42.91391],[-7.06938,42.91419],[-7.06604,42.914],[-7.06545,42.91438],[-7.06492,42.91592],[-7.06312,42.91614],[-7.06235,42.91646],[-7.06532,42.92449],[-7.05543,42.93208],[-7.0598,42.9314],[-7.06225,42.93162],[-7.06597,42.93244],[-7.06662,42.93312],[-7.06958,42.9347],[-7.0681,42.9376],[-7.06879,42.94287],[-7.07023,42.94508],[-7.07215,42.94904],[-7.07003,42.95207],[-7.07063,42.95267],[-7.07092,42.95364],[-7.07156,42.9546],[-7.06848,42.9699],[-7.07313,42.97239]]]}},{"type":"Feature","properties":{"COD_POSTAL":"27329"},"geometry":{"type":"MultiPolygon","coordinates":[[[[-7.07213,42.51031],[-7.07648,42.51093],[-7.09165,42.51537],[-7.09593,42.51516],[-7.09819,42.51431],[-7.10772,42.50461],[-7.112,42.50274],[-7.11752,42.50173],[-7.1201,42.50034],[-7.12647,42.49987],[-7.13247,42.5007],[-7.13529,42.50215],[-7.13715,42.50233],[-7.14355,42.51405],[-7.14583,42.51683],[-7.14988,42.51971],[-7.15756,42.51088],[-7.1583,42.50718],[-7.16541,42.50443],[-7.16706,42.50292],[-7.1675,42.49844],[-7.16886,42.49765],[-7.17326,42.4969],[-7.17613,42.49137],[-7.17808,42.4839],[-7.18733,42.4809],[-7.19142,42.47999],[-7.19714,42.47966],[-7.19924,42.47883],[-7.20323,42.4782],[-7.20887,42.47527],[-7.21927,42.47294],[-7.22163,42.47174],[-7.2222,42.47181],[-7.22378,42.47118],[-7.22514,42.47008],[-7.22587,42.46981],[-7.22722,42.46974],[-7.2281,42.46925],[-7.22873,42.46852],[-7.22964,42.46822],[-7.23138,42.467],[-7.23248,42.46515],[-7.23495,42.46314],[-7.23673,42.46221],[-7.23881,42.4615],[-7.24013,42.46054],[-7.24122,42.46032],[-7.24552,42.46115],[-7.24599,42.46086],[-7.24921,42.46054],[-7.25042,42.45993],[-7.25099,42.45879],[-7.25085,42.45819],[-7.25003,42.45849],[-7.24901,42.45849],[-7.24764,42.45757],[-7.24709,42.45633],[-7.2473,42.45576],[-7.24777,42.45536],[-7.24993,42.4545],[-7.25042,42.45402],[-7.25082,42.44927],[-7.25043,42.4473],[-7.25,42.44654],[-7.24853,42.44603],[-7.24463,42.44604],[-7.23947,42.44726],[-7.2349,42.44749],[-7.23215,42.44675],[-7.22664,42.44439],[-7.22029,42.44281],[-7.2176,42.4418],[-7.21612,42.44071],[-7.21557,42.4398],[-7.2155,42.43825],[-7.22096,42.43591],[-7.22183,42.43522],[-7.22265,42.43342],[-7.22192,42.43159],[-7.22282,42.42751],[-7.22275,42.42607],[-7.21172,42.42913],[-7.20815,42.43039],[-7.2057,42.43019],[-7.20046,42.42921],[-7.19293,42.42744],[-7.19092,42.42746],[-7.18873,42.42707],[-7.18476,42.42705],[-7.17892,42.42913],[-7.16805,42.42855],[-7.15173,42.42717],[-7.15198,42.42902],[-7.15171,42.43245],[-7.14927,42.43616],[-7.14808,42.43715],[-7.14222,42.43994],[-7.13735,42.44179],[-7.13624,42.44193],[-7.13204,42.4406],[-7.13087,42.441],[-7.13137,42.44284],[-7.13065,42.44339],[-7.12985,42.44659],[-7.12343,42.44875],[-7.12116,42.45184],[-7.11391,42.45682],[-7.11053,42.45764],[-7.10586,42.45775],[-7.10437,42.45808],[-7.10104,42.45831],[-7.09974,42.45878],[-7.09921,42.46132],[-7.10027,42.46786],[-7.09334,42.47246],[-7.09237,42.47444],[-7.09124,42.47547],[-7.08889,42.48021],[-7.08818,42.4809],[-7.08808,42.48324],[-7.08753,42.4851],[-7.08431,42.49017],[-7.08003,42.49406],[-7.07619,42.49675],[-7.07628,42.49746],[-7.07573,42.49892],[-7.07578,42.50019],[-7.0776,42.50541],[-7.07698,42.50595],[-7.07656,42.5071],[-7.07705,42.50819],[-7.07561,42.5084],[-7.075,42.50875],[-7.07448,42.50943],[-7.07318,42.50974],[-7.07213,42.51031]]],[[[-7.30722,42.53787],[-7.30851,42.53821],[-7.31007,42.53827],[-7.31093,42.53793],[-7.31388,42.53568],[-7.31618,42.53451],[-7.31994,42.53017],[-7.32247,42.52791],[-7.32473,42.52717],[-7.32984,42.52638],[-7.33203,42.52545],[-7.33767,42.52052],[-7.33794,42.51977],[-7.33781,42.51797],[-7.33176,42.51735],[-7.31704,42.50924],[-7.31616,42.50548],[-7.31364,42.50367],[-7.30969,42.50292],[-7.30653,42.50042],[-7.31628,42.49258],[-7.32487,42.48476],[-7.32832,42.47752],[-7.33329,42.46306],[-7.33476,42.46144],[-7.33609,42.45651],[-7.32855,42.45917],[-7.325,42.45961],[-7.32286,42.4602],[-7.32248,42.46064],[-7.32222,42.46185],[-7.32288,42.46404],[-7.32278,42.46468],[-7.32199,42.46541],[-7.32064,42.46575],[-7.31922,42.46565],[-7.31737,42.46465],[-7.31443,42.46245],[-7.31354,42.46223],[-7.31089,42.46265],[-7.30911,42.4636],[-7.30754,42.46466],[-7.30511,42.46693],[-7.30457,42.46775],[-7.30426,42.46864],[-7.30602,42.47193],[-7.30609,42.4726],[-7.30593,42.47325],[-7.30509,42.47391],[-7.3025,42.47397],[-7.30162,42.47359],[-7.30126,42.47287],[-7.30102,42.47],[-7.30052,42.46813],[-7.29982,42.46655],[-7.29942,42.46639],[-7.29762,42.46658],[-7.28991,42.46847],[-7.28821,42.46919],[-7.28612,42.47054],[-7.28255,42.47211],[-7.27922,42.47217],[-7.2835,42.47671],[-7.28606,42.47831],[-7.28681,42.48024],[-7.28619,42.48195],[-7.28303,42.48445],[-7.27745,42.48761],[-7.27623,42.48984],[-7.27536,42.49449],[-7.27469,42.49531],[-7.27229,42.49585],[-7.27044,42.49555],[-7.2691,42.48847],[-7.26606,42.48298],[-7.26488,42.48218],[-7.26145,42.4815],[-7.25956,42.482],[-7.25878,42.48183],[-7.25867,42.48095],[-7.25837,42.48045],[-7.25788,42.48019],[-7.25695,42.47864],[-7.25738,42.47821],[-7.25764,42.47714],[-7.25886,42.47607],[-7.25948,42.47482],[-7.25936,42.47391],[-7.25954,42.47326],[-7.25802,42.4733],[-7.25712,42.47465],[-7.25646,42.47488],[-7.25481,42.47509],[-7.25217,42.47496],[-7.2514,42.47527],[-7.2504,42.47619],[-7.24998,42.47715],[-7.24921,42.47739],[-7.24802,42.47721],[-7.24596,42.47754],[-7.24547,42.47823],[-7.24199,42.48005],[-7.23863,42.48115],[-7.23835,42.48176],[-7.23993,42.48282],[-7.23984,42.48389],[-7.24042,42.48504],[-7.24119,42.48526],[-7.24093,42.48583],[-7.24147,42.48615],[-7.24284,42.48631],[-7.24517,42.4874],[-7.24761,42.48764],[-7.24906,42.48813],[-7.25271,42.49029],[-7.2538,42.49395],[-7.25419,42.49712],[-7.25129,42.5057],[-7.25082,42.5091],[-7.24994,42.51058],[-7.24807,42.51191],[-7.24647,42.51592],[-7.24637,42.51759],[-7.24573,42.51937],[-7.23962,42.52143],[-7.23451,42.52557],[-7.23391,42.53218],[-7.23659,42.53154],[-7.23836,42.53015],[-7.24323,42.52986],[-7.24761,42.53016],[-7.2509,42.52956],[-7.25338,42.52993],[-7.2549,42.53046],[-7.25483,42.529],[-7.25901,42.52683],[-7.26158,42.52667],[-7.26315,42.52616],[-7.26465,42.52598],[-7.26546,42.52546],[-7.26644,42.52529],[-7.26742,42.52477],[-7.27081,42.52418],[-7.27534,42.52605],[-7.278,42.52667],[-7.28048,42.52776],[-7.28342,42.52838],[-7.28688,42.52993],[-7.28909,42.53262],[-7.29498,42.53248],[-7.29592,42.5328],[-7.29703,42.53371],[-7.29724,42.53506],[-7.29795,42.53498],[-7.29867,42.53359],[-7.29953,42.53272],[-7.30066,42.53252],[-7.30121,42.53309],[-7.30303,42.53711],[-7.30342,42.53753],[-7.3055,42.53767],[-7.30722,42.53787]]]]}},{"type":"Feature","properties":{"COD_POSTAL":"27800"},"geometry":{"type":"Polygon","coordinates":[[[-7.67674,43.31462],[-7.67959,43.31546],[-7.68392,43.31433],[-7.68353,43.31376],[-7.68562,43.31032],[-7.68561,43.30963],[-7.68596,43.30909],[-7.68855,43.30749],[-7.6885,43.30646],[-7.68643,43.30364],[-7.68593,43.30208],[-7.68727,43.30042],[-7.69025,43.29841],[-7.69046,43.2976],[-7.6902,43.29695],[-7.68855,43.29626],[-7.68771,43.2956],[-7.6874,43.29398],[-7.6877,43.29197],[-7.68688,43.29253],[-7.68373,43.29207],[-7.68314,43.2912],[-7.67906,43.29156],[-7.67812,43.29201],[-7.6785,43.29217],[-7.67858,43.29286],[-7.67805,43.2938],[-7.67759,43.29364],[-7.67702,43.29465],[-7.67616,43.29468],[-7.67554,43.29567],[-7.67455,43.29628],[-7.67371,43.29783],[-7.67159,43.29883],[-7.66766,43.29783],[-7.6677,43.29868],[-7.66741,43.29918],[-7.66766,43.29985],[-7.66309,43.30172],[-7.6588,43.30384],[-7.65946,43.30647],[-7.65812,43.3109],[-7.6588,43.31491],[-7.66615,43.31427],[-7.67107,43.31429],[-7.67674,43.31462]]]}},{"type":"Feature","properties":{"COD_POSTAL":"27726"},"geometry":{"type":"Polygon","coordinates":[[[-7.23864,43.39527],[-7.24142,43.39631],[-7.24271,43.39388],[-7.24333,43.39371],[-7.24605,43.39153],[-7.24832,43.38928],[-7.24809,43.38806],[-7.24649,43.3877],[-7.24395,43.38562],[-7.24398,43.38409],[-7.24267,43.38325],[-7.24166,43.38154],[-7.23957,43.37964],[-7.23859,43.37565],[-7.23739,43.37361],[-7.23887,43.37245],[-7.24162,43.37123],[-7.24524,43.37314],[-7.24594,43.36964],[-7.24645,43.36956],[-7.24864,43.37017],[-7.24941,43.37013],[-7.25065,43.37058],[-7.2496,43.36544],[-7.24859,43.36413],[-7.24812,43.36286],[-7.24092,43.35922],[-7.23622,43.35968],[-7.23209,43.36043],[-7.22924,43.36214],[-7.22575,43.36515],[-7.22464,43.36556],[-7.2219,43.36517],[-7.21516,43.36256],[-7.21281,43.36478],[-7.20997,43.36626],[-7.20748,43.36885],[-7.20754,43.37002],[-7.20912,43.37327],[-7.22135,43.37719],[-7.22519,43.38017],[-7.22648,43.38416],[-7.22821,43.38739],[-7.22788,43.38973],[-7.22948,43.39035],[-7.229,43.39207],[-7.22916,43.39238],[-7.23169,43.39427],[-7.23813,43.39516],[-7.23864,43.39527]]]}},{"type":"Feature","properties":{"COD_POSTAL":"27155"},"geometry":{"type":"Polygon","coordinates":[[[-7.62312,43.09003],[-7.62238,43.09119],[-7.62219,43.09213],[-7.62242,43.09329],[-7.62335,43.09432],[-7.62452,43.09482],[-7.62616,43.09482],[-7.6298,43.09302],[-7.63101,43.09299],[-7.63289,43.09348],[-7.63447,43.09462],[-7.63862,43.09659],[-7.64,43.09809],[-7.6446,43.10131],[-7.64753,43.10459],[-7.64929,43.10783],[-7.64985,43.10825],[-7.65492,43.11015],[-7.65656,43.11163],[-7.66587,43.1124],[-7.67166,43.11246],[-7.68067,43.11111],[-7.6832,43.11022],[-7.6867,43.11],[-7.69004,43.11034],[-7.6917,43.1098],[-7.68576,43.10245],[-7.68099,43.10142],[-7.67933,43.10013],[-7.67895,43.09946],[-7.67802,43.09872],[-7.67567,43.09851],[-7.67552,43.09733],[-7.67441,43.09635],[-7.67343,43.09617],[-7.67203,43.09461],[-7.66811,43.09286],[-7.6665,43.09309],[-7.66189,43.09199],[-7.65926,43.09357],[-7.65665,43.09569],[-7.65608,43.09555],[-7.65491,43.0945],[-7.6538,43.09418],[-7.653,43.09427],[-7.65224,43.09481],[-7.65227,43.09595],[-7.65088,43.09511],[-7.65099,43.08897],[-7.65145,43.08734],[-7.65422,43.08268],[-7.65442,43.08058],[-7.65491,43.07962],[-7.65806,43.07686],[-7.65974,43.07323],[-7.66276,43.06939],[-7.66358,43.06927],[-7.66479,43.06843],[-7.66482,43.06762],[-7.66526,43.06721],[-7.66881,43.06565],[-7.67083,43.0655],[-7.67128,43.06458],[-7.67083,43.06343],[-7.67125,43.06255],[-7.67128,43.06167],[-7.67085,43.06067],[-7.67116,43.0599],[-7.65496,43.05298],[-7.64602,43.05485],[-7.64171,43.05516],[-7.6396,43.05337],[-7.63697,43.05313],[-7.6327,43.05362],[-7.62986,43.05285],[-7.62746,43.05259],[-7.62946,43.05795],[-7.63003,43.06094],[-7.62945,43.06244],[-7.63333,43.06548],[-7.63422,43.06707],[-7.63442,43.07032],[-7.6353,43.07347],[-7.63626,43.07543],[-7.63543,43.07792],[-7.6329,43.07982],[-7.63169,43.08028],[-7.62868,43.0807],[-7.62726,43.08149],[-7.62675,43.08243],[-7.62679,43.08351],[-7.62743,43.08403],[-7.62765,43.08485],[-7.62777,43.08588],[-7.62754,43.08659],[-7.62597,43.08836],[-7.62291,43.09006],[-7.62312,43.09003]]]}},{"type":"Feature","properties":{"COD_POSTAL":"27557"},"geometry":{"type":"Polygon","coordinates":[[[-7.74399,42.78297],[-7.75213,42.78529],[-7.76131,42.78568],[-7.76238,42.78428],[-7.76891,42.76795],[-7.76845,42.76606],[-7.76429,42.75887],[-7.75679,42.76026],[-7.74527,42.76032],[-7.74269,42.75829],[-7.74508,42.75567],[-7.74401,42.75104],[-7.74153,42.74335],[-7.74054,42.7384],[-7.74058,42.73664],[-7.73791,42.7337],[-7.7339,42.73185],[-7.72983,42.72897],[-7.72881,42.72914],[-7.72705,42.73054],[-7.72575,42.73063],[-7.72342,42.73007],[-7.72174,42.72914],[-7.7193,42.72661],[-7.71695,42.72542],[-7.71245,42.72437],[-7.70899,42.72304],[-7.69854,42.72521],[-7.69633,42.72443],[-7.6962,42.72324],[-7.69421,42.71932],[-7.68978,42.71935],[-7.68882,42.71877],[-7.68898,42.72019],[-7.68841,42.72126],[-7.6877,42.72179],[-7.68418,42.72287],[-7.68335,42.72432],[-7.68364,42.72514],[-7.68491,42.72598],[-7.68541,42.72664],[-7.68541,42.73164],[-7.68626,42.73437],[-7.68596,42.73496],[-7.68375,42.73547],[-7.68001,42.73554],[-7.67735,42.73633],[-7.67373,42.73852],[-7.67188,42.74068],[-7.67111,42.74117],[-7.67004,42.74128],[-7.66888,42.74123],[-7.66596,42.74043],[-7.66475,42.73942],[-7.6629,42.73723],[-7.66242,42.7369],[-7.66124,42.73667],[-7.65935,42.7372],[-7.65749,42.73805],[-7.6561,42.73934],[-7.65433,42.74177],[-7.6535,42.74342],[-7.65324,42.74611],[-7.65526,42.7515],[-7.6556,42.75363],[-7.65536,42.75574],[-7.65654,42.7566],[-7.6579,42.75691],[-7.65809,42.75734],[-7.65778,42.75812],[-7.65842,42.7587],[-7.65888,42.76019],[-7.66068,42.76056],[-7.66166,42.76107],[-7.6625,42.76104],[-7.6632,42.76132],[-7.66343,42.76178],[-7.6645,42.76179],[-7.66546,42.76149],[-7.66728,42.76018],[-7.6704,42.76007],[-7.67101,42.75951],[-7.6717,42.75928],[-7.67422,42.75985],[-7.67573,42.75926],[-7.67677,42.75936],[-7.67732,42.75996],[-7.67828,42.76036],[-7.67943,42.75909],[-7.68136,42.75964],[-7.68245,42.76064],[-7.68277,42.76135],[-7.68368,42.76183],[-7.68391,42.76263],[-7.68632,42.76473],[-7.68774,42.767],[-7.68247,42.77306],[-7.6867,42.77609],[-7.69229,42.77964],[-7.6939,42.78506],[-7.69532,42.78552],[-7.70044,42.78529],[-7.70707,42.78207],[-7.70961,42.77802],[-7.71447,42.77708],[-7.72362,42.77326],[-7.73465,42.7776],[-7.74399,42.78297]]]}},{"type":"Feature","properties":{"COD_POSTAL":"27841"},"geometry":{"type":"Polygon","coordinates":[[[-7.56674,43.29442],[-7.56648,43.29508],[-7.56406,43.29838],[-7.57318,43.30033],[-7.57596,43.30231],[-7.57846,43.30583],[-7.57961,43.31004],[-7.58074,43.31242],[-7.58287,43.31467],[-7.58648,43.31697],[-7.58833,43.31572],[-7.59156,43.31462],[-7.5956,43.31193],[-7.60379,43.31011],[-7.60964,43.30914],[-7.61351,43.30765],[-7.61558,43.3063],[-7.61806,43.30426],[-7.62072,43.30171],[-7.62245,43.29962],[-7.62464,43.29553],[-7.62485,43.29346],[-7.62109,43.29273],[-7.62004,43.29294],[-7.6201,43.29259],[-7.61962,43.29182],[-7.6176,43.28997],[-7.61746,43.28935],[-7.61695,43.28885],[-7.61442,43.28784],[-7.61358,43.28772],[-7.60993,43.28864],[-7.60922,43.28835],[-7.60851,43.28733],[-7.60699,43.28676],[-7.60411,43.28723],[-7.60304,43.28683],[-7.60252,43.28618],[-7.60207,43.28643],[-7.6005,43.28641],[-7.59982,43.28578],[-7.59834,43.28519],[-7.59055,43.28346],[-7.58425,43.28137],[-7.5823,43.28036],[-7.58133,43.27934],[-7.58019,43.27918],[-7.57959,43.27767],[-7.57636,43.2776],[-7.57589,43.28076],[-7.57506,43.28406],[-7.57485,43.28411],[-7.57401,43.28602],[-7.57139,43.28914],[-7.56727,43.29213],[-7.56692,43.29394],[-7.56674,43.29442]]]}},{"type":"Feature","properties":{"COD_POSTAL":"27623"},"geometry":{"type":"Polygon","coordinates":[[[-7.18322,42.71865],[-7.18643,42.71868],[-7.1877,42.7196],[-7.18981,42.72063],[-7.19134,42.7208],[-7.19301,42.72038],[-7.19479,42.72079],[-7.19656,42.72154],[-7.1981,42.72187],[-7.19908,42.72182],[-7.20299,42.71963],[-7.2045,42.71955],[-7.20803,42.71878],[-7.2086,42.71827],[-7.20917,42.71697],[-7.20954,42.71679],[-7.21394,42.72056],[-7.21949,42.72123],[-7.22094,42.72207],[-7.22157,42.72361],[-7.22104,42.72561],[-7.22406,42.72407],[-7.2308,42.72293],[-7.23963,42.71899],[-7.24226,42.71697],[-7.24298,42.7121],[-7.24498,42.70997],[-7.24412,42.70851],[-7.23674,42.70221],[-7.23276,42.69549],[-7.2307,42.6891],[-7.21561,42.68761],[-7.215,42.68677],[-7.21389,42.68634],[-7.21242,42.68535],[-7.20118,42.67979],[-7.19784,42.67889],[-7.1963,42.67763],[-7.1958,42.67507],[-7.18954,42.6771],[-7.1877,42.67867],[-7.1862,42.68042],[-7.1833,42.68262],[-7.1817,42.68587],[-7.18769,42.68721],[-7.18967,42.69046],[-7.18584,42.69416],[-7.1833,42.69941],[-7.18191,42.6994],[-7.17932,42.70085],[-7.17937,42.70131],[-7.18004,42.70183],[-7.18001,42.70219],[-7.1792,42.70411],[-7.17837,42.70497],[-7.17737,42.70511],[-7.17601,42.70632],[-7.17387,42.70682],[-7.17267,42.70801],[-7.17129,42.70849],[-7.17515,42.71127],[-7.17563,42.7125],[-7.18228,42.71646],[-7.18287,42.71778],[-7.18263,42.71848],[-7.18322,42.71865]]]}},{"type":"Feature","properties":{"COD_POSTAL":"27124"},"geometry":{"type":"Polygon","coordinates":[[[-7.27661,43.02501],[-7.28028,43.03592],[-7.28151,43.03788],[-7.28405,43.03676],[-7.29275,43.0354],[-7.29896,43.03365],[-7.30769,43.03035],[-7.3155,43.0263],[-7.31607,43.02535],[-7.3181,43.0235],[-7.3183,43.02223],[-7.3122,43.0198],[-7.30742,43.0188],[-7.30287,43.01839],[-7.30046,43.00612],[-7.30085,43.00354],[-7.30106,42.99812],[-7.30659,42.99785],[-7.3086,42.99734],[-7.30985,42.99743],[-7.31257,42.99618],[-7.31622,42.99517],[-7.31706,42.99385],[-7.31305,42.99124],[-7.30288,42.98664],[-7.29914,42.98614],[-7.29976,42.98541],[-7.30057,42.98553],[-7.30337,42.98406],[-7.30425,42.98302],[-7.30568,42.98292],[-7.30601,42.98187],[-7.30767,42.98237],[-7.30657,42.97686],[-7.30582,42.97644],[-7.30359,42.97598],[-7.30253,42.97674],[-7.30128,42.97637],[-7.30116,42.97584],[-7.30047,42.97591],[-7.29996,42.97518],[-7.30287,42.97306],[-7.29959,42.97465],[-7.29653,42.97367],[-7.28972,42.97242],[-7.2824,42.97172],[-7.28021,42.97429],[-7.2765,42.9779],[-7.27254,42.97983],[-7.26561,42.98191],[-7.25434,42.97857],[-7.25794,42.98631],[-7.26116,42.99173],[-7.26406,43.00487],[-7.26638,43.0114],[-7.26733,43.01329],[-7.26715,43.01583],[-7.26855,43.01848],[-7.27292,43.02085],[-7.27435,43.02197],[-7.27661,43.025],[-7.27661,43.02501]]]}},{"type":"Feature","properties":{"COD_POSTAL":"27814"},"geometry":{"type":"Polygon","coordinates":[[[-7.78145,43.24249],[-7.77615,43.24805],[-7.77502,43.2488],[-7.76757,43.25199],[-7.76639,43.25275],[-7.76688,43.25322],[-7.76798,43.25333],[-7.76812,43.25409],[-7.76701,43.25426],[-7.76653,43.25484],[-7.7667,43.25568],[-7.76637,43.25655],[-7.76272,43.25808],[-7.76199,43.25869],[-7.76102,43.25892],[-7.75759,43.25851],[-7.75778,43.25817],[-7.75743,43.25706],[-7.7557,43.25592],[-7.75481,43.25579],[-7.75377,43.2578],[-7.75398,43.25996],[-7.75209,43.26056],[-7.75139,43.26274],[-7.75064,43.26336],[-7.74843,43.26422],[-7.74451,43.26527],[-7.74333,43.26615],[-7.74327,43.26695],[-7.74368,43.26798],[-7.74334,43.26842],[-7.74344,43.26899],[-7.74302,43.27043],[-7.74321,43.27097],[-7.74283,43.27165],[-7.74422,43.27332],[-7.74345,43.2735],[-7.74295,43.27297],[-7.74233,43.27291],[-7.74387,43.27527],[-7.7449,43.27641],[-7.74439,43.27703],[-7.74272,43.27757],[-7.74083,43.27718],[-7.73761,43.27761],[-7.73585,43.27726],[-7.73602,43.2765],[-7.73575,43.27579],[-7.7347,43.27504],[-7.7318,43.27474],[-7.72916,43.2753],[-7.72913,43.27612],[-7.73037,43.27687],[-7.72877,43.27899],[-7.72821,43.28401],[-7.72724,43.28583],[-7.7299,43.28634],[-7.7347,43.2878],[-7.73743,43.28828],[-7.74408,43.29064],[-7.74813,43.29174],[-7.75151,43.2922],[-7.75253,43.29398],[-7.75152,43.29472],[-7.75202,43.29462],[-7.75261,43.29494],[-7.7528,43.29469],[-7.75256,43.29458],[-7.75278,43.2944],[-7.75343,43.2942],[-7.7543,43.29443],[-7.75467,43.29397],[-7.75443,43.29197],[-7.76311,43.29116],[-7.76812,43.28848],[-7.76934,43.28841],[-7.77026,43.28909],[-7.77222,43.28847],[-7.77477,43.2885],[-7.78068,43.28995],[-7.78278,43.28995],[-7.79091,43.29232],[-7.79427,43.29263],[-7.79591,43.29248],[-7.80541,43.29031],[-7.81132,43.28924],[-7.81374,43.28853],[-7.81727,43.28805],[-7.82218,43.28547],[-7.82266,43.28448],[-7.82459,43.28386],[-7.82388,43.2831],[-7.8257,43.28215],[-7.82489,43.28179],[-7.82252,43.27903],[-7.82063,43.27732],[-7.81556,43.27453],[-7.80866,43.26858],[-7.80713,43.26621],[-7.80575,43.26497],[-7.80401,43.26444],[-7.80204,43.26333],[-7.80087,43.26576],[-7.80052,43.26456],[-7.7999,43.25919],[-7.80002,43.25742],[-7.80039,43.25648],[-7.80039,43.2536],[-7.80061,43.25226],[-7.80107,43.25151],[-7.79995,43.24809],[-7.79996,43.24711],[-7.7985,43.24607],[-7.79533,43.24508],[-7.79242,43.24108],[-7.79324,43.23969],[-7.78954,43.2384],[-7.78471,43.23919],[-7.78145,43.24249]]]}},{"type":"Feature","properties":{"COD_POSTAL":"27631"},"geometry":{"type":"Polygon","coordinates":[[[-7.26202,42.76549],[-7.26329,42.76237],[-7.25901,42.75771],[-7.25682,42.75152],[-7.25472,42.75012],[-7.2536,42.74973],[-7.25281,42.75286],[-7.24913,42.75601],[-7.24194,42.75825],[-7.23856,42.75965],[-7.2388,42.76072],[-7.24269,42.76632],[-7.24327,42.77042],[-7.24696,42.77367],[-7.248,42.77611],[-7.24968,42.77777],[-7.25129,42.78084],[-7.25168,42.78236],[-7.25593,42.78596],[-7.26503,42.79225],[-7.26781,42.79053],[-7.27449,42.78473],[-7.27489,42.78187],[-7.2729,42.77969],[-7.27491,42.77903],[-7.27695,42.77787],[-7.27963,42.77376],[-7.2834,42.76865],[-7.28399,42.76834],[-7.28416,42.76326],[-7.27989,42.75631],[-7.27901,42.75591],[-7.27665,42.7568],[-7.27194,42.75967],[-7.26992,42.76237],[-7.26817,42.76384],[-7.2635,42.76497],[-7.26202,42.76549]]]}},{"type":"Feature","properties":{"COD_POSTAL":"27270"},"geometry":{"type":"Polygon","coordinates":[[[-7.34375,43.15747],[-7.34616,43.15867],[-7.34727,43.16061],[-7.34682,43.1613],[-7.34854,43.16246],[-7.35212,43.16424],[-7.3616,43.16673],[-7.35955,43.16196],[-7.37298,43.15017],[-7.37761,43.15126],[-7.38313,43.15091],[-7.38469,43.14637],[-7.38869,43.14145],[-7.38469,43.13935],[-7.38173,43.13879],[-7.37501,43.13929],[-7.37241,43.13493],[-7.37115,43.13102],[-7.37215,43.12911],[-7.36922,43.12581],[-7.36281,43.12452],[-7.35983,43.1251],[-7.35883,43.12572],[-7.3558,43.12643],[-7.35297,43.11935],[-7.35158,43.11295],[-7.3476,43.1131],[-7.34757,43.11166],[-7.34347,43.11167],[-7.33978,43.11439],[-7.33954,43.11424],[-7.33915,43.11102],[-7.33699,43.11058],[-7.33675,43.11164],[-7.33568,43.11251],[-7.33289,43.1116],[-7.3305,43.10935],[-7.33014,43.10939],[-7.32962,43.10994],[-7.32882,43.11127],[-7.31973,43.11258],[-7.30945,43.11025],[-7.3006,43.09662],[-7.29304,43.08816],[-7.28577,43.09858],[-7.28171,43.10555],[-7.28243,43.10671],[-7.28575,43.11615],[-7.28585,43.11929],[-7.28654,43.1238],[-7.28771,43.12645],[-7.28903,43.12796],[-7.28962,43.12908],[-7.29367,43.13181],[-7.29328,43.13267],[-7.29387,43.13301],[-7.29681,43.1366],[-7.30294,43.13609],[-7.30934,43.13499],[-7.3169,43.13429],[-7.31632,43.1411],[-7.32909,43.14001],[-7.33387,43.1378],[-7.33698,43.13726],[-7.33742,43.13697],[-7.34392,43.13693],[-7.34744,43.13746],[-7.34909,43.13977],[-7.35106,43.13997],[-7.34109,43.15441],[-7.34375,43.15747]]]}},{"type":"Feature","properties":{"COD_POSTAL":"27317"},"geometry":{"type":"Polygon","coordinates":[[[-7.3156,42.46315],[-7.31737,42.46465],[-7.31922,42.46565],[-7.32064,42.46575],[-7.32199,42.46541],[-7.32278,42.46468],[-7.32288,42.46404],[-7.32222,42.46185],[-7.32248,42.46064],[-7.32286,42.4602],[-7.325,42.45961],[-7.32855,42.45917],[-7.33641,42.45642],[-7.34365,42.45638],[-7.34749,42.4556],[-7.35128,42.45533],[-7.35433,42.45559],[-7.35701,42.45644],[-7.35839,42.45645],[-7.36055,42.45576],[-7.36409,42.45387],[-7.36593,42.45351],[-7.37036,42.45394],[-7.37587,42.45326],[-7.38445,42.45362],[-7.38657,42.45293],[-7.38996,42.45133],[-7.39521,42.4505],[-7.39921,42.44863],[-7.40052,42.44768],[-7.40905,42.44512],[-7.41154,42.44373],[-7.41186,42.44323],[-7.41176,42.44273],[-7.41119,42.44167],[-7.40891,42.43926],[-7.40725,42.43872],[-7.40539,42.43874],[-7.40427,42.439],[-7.40085,42.44092],[-7.40025,42.44115],[-7.39962,42.44096],[-7.40049,42.43888],[-7.40297,42.43748],[-7.40361,42.43677],[-7.40532,42.43262],[-7.40485,42.43146],[-7.40424,42.43113],[-7.40334,42.43099],[-7.40093,42.43501],[-7.39925,42.43556],[-7.39587,42.43475],[-7.39476,42.4338],[-7.39187,42.43332],[-7.38867,42.43345],[-7.38406,42.43172],[-7.37662,42.42731],[-7.37262,42.42427],[-7.3699,42.42136],[-7.36635,42.42268],[-7.36553,42.42336],[-7.364,42.4235],[-7.35862,42.42659],[-7.34922,42.42729],[-7.34723,42.42631],[-7.34604,42.42625],[-7.34821,42.42905],[-7.34424,42.42963],[-7.33501,42.42831],[-7.33252,42.42722],[-7.32387,42.42778],[-7.31769,42.42627],[-7.3154,42.4279],[-7.30934,42.42946],[-7.30694,42.42945],[-7.30449,42.42887],[-7.30323,42.42816],[-7.30397,42.43328],[-7.30851,42.43847],[-7.31137,42.44416],[-7.30569,42.45689],[-7.30622,42.46032],[-7.30911,42.4636],[-7.31089,42.46265],[-7.31237,42.4623],[-7.31354,42.46223],[-7.31443,42.46245],[-7.3156,42.46315]]]}},{"type":"Feature","properties":{"COD_POSTAL":"27698"},"geometry":{"type":"Polygon","coordinates":[[[-7.15954,42.95476],[-7.1624,42.95186],[-7.16329,42.94322],[-7.16359,42.93358],[-7.16948,42.92695],[-7.17649,42.91719],[-7.17619,42.91638],[-7.17401,42.91493],[-7.17144,42.91426],[-7.17103,42.91458],[-7.17047,42.91444],[-7.17049,42.91409],[-7.16816,42.91367],[-7.16182,42.91042],[-7.16139,42.91041],[-7.16163,42.90931],[-7.16123,42.90804],[-7.15398,42.90356],[-7.15331,42.90276],[-7.15295,42.90286],[-7.14779,42.90067],[-7.14409,42.90003],[-7.14123,42.89888],[-7.13861,42.89879],[-7.13546,42.89972],[-7.13307,42.90221],[-7.12993,42.90498],[-7.12849,42.90536],[-7.12915,42.90744],[-7.13494,42.91311],[-7.13527,42.91402],[-7.13464,42.92019],[-7.13576,42.92349],[-7.13802,42.92686],[-7.14209,42.93623],[-7.14272,42.93721],[-7.14435,42.94141],[-7.14537,42.94295],[-7.14589,42.94431],[-7.14592,42.94503],[-7.14774,42.94922],[-7.14756,42.9496],[-7.15954,42.95476]]]}},{"type":"Feature","properties":{"COD_POSTAL":"27411"},"geometry":{"type":"Polygon","coordinates":[[[-7.43611,42.55373],[-7.44025,42.55377],[-7.44188,42.55355],[-7.44345,42.55255],[-7.44447,42.55256],[-7.44516,42.5515],[-7.45382,42.54934],[-7.46544,42.54505],[-7.47188,42.54348],[-7.47761,42.54406],[-7.48116,42.54488],[-7.48691,42.54519],[-7.48922,42.5446],[-7.48924,42.54048],[-7.48797,42.53954],[-7.48576,42.5398],[-7.48384,42.5356],[-7.48401,42.53436],[-7.48009,42.53257],[-7.47584,42.53127],[-7.47588,42.52847],[-7.46856,42.52711],[-7.46167,42.52615],[-7.45904,42.52711],[-7.45595,42.52942],[-7.45186,42.52966],[-7.45025,42.53029],[-7.44506,42.53053],[-7.44398,42.53159],[-7.44152,42.53269],[-7.44059,42.53209],[-7.44045,42.53164],[-7.44074,42.52956],[-7.43999,42.5295],[-7.43349,42.52964],[-7.42996,42.53027],[-7.42386,42.53046],[-7.42251,42.53077],[-7.42031,42.53208],[-7.41867,42.53575],[-7.41683,42.53735],[-7.42113,42.53979],[-7.42782,42.54842],[-7.42929,42.55236],[-7.4331,42.55376],[-7.43535,42.55381],[-7.43611,42.55373]]]}},{"type":"Feature","properties":{"COD_POSTAL":"27627"},"geometry":{"type":"Polygon","coordinates":[[[-7.27489,42.78187],[-7.27449,42.78473],[-7.27855,42.78122],[-7.2905,42.78313],[-7.29258,42.78246],[-7.29483,42.78295],[-7.2971,42.7825],[-7.29942,42.78271],[-7.31622,42.77725],[-7.32124,42.77587],[-7.3281,42.77733],[-7.32906,42.77343],[-7.33247,42.77192],[-7.32981,42.76971],[-7.3261,42.76904],[-7.32719,42.76811],[-7.32721,42.76781],[-7.32946,42.76643],[-7.32996,42.76546],[-7.32997,42.76496],[-7.33061,42.76443],[-7.33048,42.7626],[-7.33124,42.76105],[-7.33173,42.76088],[-7.33265,42.75985],[-7.33283,42.75913],[-7.33275,42.75894],[-7.33011,42.75944],[-7.32511,42.75804],[-7.32311,42.75673],[-7.32168,42.75428],[-7.32191,42.7525],[-7.32089,42.74852],[-7.31837,42.74515],[-7.32305,42.7401],[-7.32161,42.73837],[-7.31932,42.73708],[-7.3128,42.73506],[-7.31199,42.73384],[-7.31146,42.72773],[-7.3133,42.725],[-7.31043,42.71944],[-7.29844,42.72926],[-7.29535,42.73093],[-7.29464,42.73199],[-7.29211,42.73181],[-7.2865,42.72667],[-7.28181,42.7239],[-7.27969,42.72075],[-7.27897,42.7192],[-7.2751,42.71501],[-7.27436,42.7145],[-7.27451,42.71343],[-7.27106,42.71203],[-7.26841,42.71187],[-7.26751,42.71266],[-7.26649,42.71297],[-7.26469,42.71294],[-7.26113,42.71143],[-7.2604,42.71036],[-7.25905,42.70981],[-7.25853,42.70924],[-7.25584,42.70992],[-7.25175,42.71037],[-7.25089,42.71079],[-7.24994,42.71183],[-7.24737,42.71185],[-7.24641,42.71142],[-7.24498,42.70997],[-7.24298,42.7121],[-7.24226,42.71697],[-7.24762,42.71843],[-7.25273,42.72085],[-7.26024,42.72328],[-7.26397,42.72618],[-7.26773,42.73017],[-7.26908,42.73265],[-7.27227,42.73524],[-7.27737,42.73578],[-7.28004,42.7366],[-7.2813,42.7373],[-7.28189,42.73861],[-7.28106,42.73979],[-7.2822,42.74122],[-7.28195,42.74123],[-7.28362,42.74452],[-7.28384,42.74752],[-7.28079,42.74997],[-7.28019,42.74987],[-7.27906,42.75055],[-7.27767,42.7526],[-7.27795,42.75363],[-7.27663,42.75552],[-7.27665,42.7568],[-7.27901,42.75591],[-7.27989,42.75631],[-7.28416,42.76326],[-7.28399,42.76834],[-7.2834,42.76865],[-7.27963,42.77376],[-7.27695,42.77787],[-7.27491,42.77903],[-7.2729,42.77969],[-7.27489,42.78187]]]}},{"type":"Feature","properties":{"COD_POSTAL":"27823"},"geometry":{"type":"Polygon","coordinates":[[[-7.75007,43.30553],[-7.74734,43.30649],[-7.74594,43.30731],[-7.7438,43.30811],[-7.73802,43.31189],[-7.73488,43.31228],[-7.7368,43.31419],[-7.73781,43.31581],[-7.73945,43.31949],[-7.74097,43.32406],[-7.7437,43.32427],[-7.74583,43.32399],[-7.7515,43.32197],[-7.75213,43.32127],[-7.755,43.31989],[-7.75704,43.31972],[-7.75853,43.3189],[-7.75841,43.31784],[-7.75723,43.31523],[-7.75879,43.31343],[-7.76,43.31309],[-7.76045,43.31265],[-7.7606,43.31175],[-7.76178,43.31118],[-7.7634,43.31051],[-7.7684,43.30913],[-7.76791,43.30861],[-7.76629,43.30777],[-7.76528,43.30555],[-7.76345,43.30308],[-7.75829,43.30497],[-7.75428,43.30509],[-7.75007,43.30553]]]}},{"type":"Feature","properties":{"COD_POSTAL":"27164"},"geometry":{"type":"Polygon","coordinates":[[[-7.35363,42.95801],[-7.35667,42.95433],[-7.36065,42.95283],[-7.36169,42.94847],[-7.36615,42.94681],[-7.37427,42.94704],[-7.3798,42.94895],[-7.38588,42.94993],[-7.38644,42.95024],[-7.38681,42.94912],[-7.38876,42.9478],[-7.39004,42.94808],[-7.39218,42.94925],[-7.39577,42.9494],[-7.40325,42.94688],[-7.40696,42.94538],[-7.40757,42.94257],[-7.40529,42.93844],[-7.40065,42.93634],[-7.39886,42.93611],[-7.39831,42.93479],[-7.39862,42.93256],[-7.40769,42.92456],[-7.41119,42.92019],[-7.41365,42.91578],[-7.41866,42.91705],[-7.4234,42.91743],[-7.42861,42.91699],[-7.43453,42.91595],[-7.43725,42.91126],[-7.43792,42.91108],[-7.44176,42.90837],[-7.44396,42.90429],[-7.4431,42.90034],[-7.43531,42.89446],[-7.43371,42.89128],[-7.43858,42.89091],[-7.44264,42.88958],[-7.44311,42.88495],[-7.4349,42.88596],[-7.43386,42.88506],[-7.42669,42.88155],[-7.42411,42.87982],[-7.42271,42.88001],[-7.41981,42.88186],[-7.41744,42.88492],[-7.41783,42.88524],[-7.41742,42.88576],[-7.41755,42.88618],[-7.41737,42.88637],[-7.4095,42.89235],[-7.40576,42.8874],[-7.39523,42.88732],[-7.3946,42.89249],[-7.39085,42.89355],[-7.37527,42.90249],[-7.37278,42.90507],[-7.38175,42.90878],[-7.387,42.91254],[-7.37754,42.91821],[-7.37022,42.92301],[-7.36794,42.9248],[-7.3643,42.92537],[-7.3585,42.93028],[-7.35819,42.9314],[-7.3591,42.93514],[-7.35883,42.94265],[-7.35637,42.94499],[-7.35536,42.94522],[-7.34718,42.9435],[-7.347,42.94592],[-7.34763,42.94815],[-7.34934,42.9525],[-7.35363,42.95801]]]}},{"type":"Feature","properties":{"COD_POSTAL":"27863"},"geometry":{"type":"Polygon","coordinates":[[[-7.58393,43.71219],[-7.58419,43.71172],[-7.58484,43.71161],[-7.58548,43.71105],[-7.58542,43.71058],[-7.5862,43.70992],[-7.58612,43.70953],[-7.58663,43.70963],[-7.58699,43.709],[-7.58644,43.70836],[-7.58697,43.70726],[-7.58617,43.70681],[-7.58618,43.70572],[-7.58561,43.70527],[-7.58584,43.70493],[-7.58546,43.70436],[-7.58381,43.70344],[-7.58437,43.70166],[-7.58349,43.70125],[-7.58282,43.70138],[-7.58204,43.7009],[-7.58145,43.70109],[-7.58105,43.7005],[-7.58136,43.6998],[-7.58091,43.69936],[-7.58123,43.69895],[-7.5813,43.69759],[-7.58081,43.69681],[-7.58027,43.69666],[-7.57986,43.69594],[-7.57823,43.69583],[-7.57797,43.69539],[-7.57798,43.69437],[-7.57861,43.69232],[-7.57999,43.69074],[-7.58246,43.68872],[-7.5832,43.68851],[-7.58431,43.68869],[-7.58454,43.68829],[-7.58517,43.68869],[-7.58574,43.68814],[-7.58652,43.68803],[-7.58691,43.68761],[-7.58746,43.68769],[-7.58786,43.68735],[-7.58814,43.68773],[-7.5887,43.68752],[-7.58906,43.68797],[-7.58941,43.68803],[-7.59092,43.68772],[-7.59163,43.68644],[-7.59058,43.68513],[-7.59183,43.68485],[-7.59244,43.68555],[-7.59373,43.6857],[-7.59428,43.68524],[-7.59477,43.68519],[-7.59481,43.68421],[-7.59639,43.68381],[-7.59686,43.68195],[-7.59625,43.68053],[-7.59493,43.68005],[-7.59499,43.6796],[-7.5957,43.67949],[-7.59442,43.67809],[-7.59372,43.67629],[-7.59375,43.67507],[-7.59477,43.67293],[-7.59346,43.67363],[-7.59151,43.67376],[-7.58705,43.67225],[-7.5871,43.67184],[-7.58572,43.67138],[-7.57134,43.67091],[-7.56801,43.671],[-7.56825,43.67016],[-7.57002,43.66918],[-7.5701,43.66867],[-7.56794,43.66688],[-7.5589,43.67038],[-7.56221,43.67082],[-7.56209,43.67298],[-7.56039,43.67839],[-7.55798,43.67932],[-7.55862,43.68168],[-7.56179,43.68451],[-7.564,43.68702],[-7.56524,43.68719],[-7.56992,43.69129],[-7.56851,43.69363],[-7.56903,43.69532],[-7.56867,43.69652],[-7.56942,43.69948],[-7.56882,43.70184],[-7.5689,43.70297],[-7.57044,43.70662],[-7.57299,43.71137],[-7.57331,43.71075],[-7.57273,43.71046],[-7.57285,43.7103],[-7.5744,43.71019],[-7.57505,43.70948],[-7.57532,43.70949],[-7.57564,43.71016],[-7.57559,43.71071],[-7.57598,43.71104],[-7.57658,43.71078],[-7.57804,43.71075],[-7.57841,43.71124],[-7.57929,43.71138],[-7.57975,43.71214],[-7.58328,43.7123],[-7.58393,43.71219]]]}},{"type":"Feature","properties":{"COD_POSTAL":"27865"},"geometry":{"type":"Polygon","coordinates":[[[-7.60818,43.58532],[-7.6091,43.58615],[-7.61028,43.58547],[-7.61023,43.58475],[-7.61181,43.58431],[-7.61218,43.58345],[-7.61364,43.58256],[-7.61418,43.58191],[-7.61393,43.58123],[-7.61321,43.58048],[-7.61328,43.58011],[-7.61375,43.57959],[-7.615,43.57912],[-7.6164,43.57787],[-7.61776,43.57728],[-7.62048,43.57393],[-7.62208,43.57435],[-7.6226,43.5741],[-7.62287,43.57371],[-7.62171,43.5725],[-7.62125,43.57159],[-7.62219,43.57064],[-7.62279,43.56918],[-7.62375,43.56839],[-7.62534,43.56948],[-7.62707,43.57001],[-7.62788,43.57003],[-7.62894,43.57042],[-7.63139,43.57055],[-7.63264,43.5712],[-7.63398,43.57324],[-7.63539,43.574],[-7.63865,43.57437],[-7.64024,43.57392],[-7.64174,43.57223],[-7.64425,43.57024],[-7.64846,43.56923],[-7.65131,43.56905],[-7.65167,43.56868],[-7.65214,43.56784],[-7.65056,43.56686],[-7.64846,43.56645],[-7.64693,43.56581],[-7.64652,43.56464],[-7.64742,43.56294],[-7.65055,43.56032],[-7.65046,43.56021],[-7.65748,43.55619],[-7.66239,43.55987],[-7.66304,43.55937],[-7.66457,43.55434],[-7.66539,43.5551],[-7.66779,43.55584],[-7.67082,43.55602],[-7.67185,43.55705],[-7.67519,43.5572],[-7.67942,43.55832],[-7.68178,43.55931],[-7.68473,43.55859],[-7.68642,43.55583],[-7.68892,43.55368],[-7.69043,43.55324],[-7.69425,43.5556],[-7.69695,43.55666],[-7.69882,43.5566],[-7.70044,43.55587],[-7.70292,43.55665],[-7.69716,43.56639],[-7.69782,43.56861],[-7.70011,43.5692],[-7.70217,43.5701],[-7.70307,43.57158],[-7.70362,43.57383],[-7.70622,43.57375],[-7.72013,43.56715],[-7.72343,43.56504],[-7.72756,43.5637],[-7.7281,43.5628],[-7.7291,43.56332],[-7.73275,43.56362],[-7.73832,43.57021],[-7.74529,43.57497],[-7.74493,43.57183],[-7.74391,43.57071],[-7.74381,43.57019],[-7.74432,43.56963],[-7.746,43.56904],[-7.74621,43.56871],[-7.74608,43.56729],[-7.74635,43.56673],[-7.74882,43.56307],[-7.74961,43.56238],[-7.7492,43.56135],[-7.74948,43.5609],[-7.75212,43.55989],[-7.75263,43.55945],[-7.75267,43.5588],[-7.75065,43.5569],[-7.74825,43.5565],[-7.74853,43.55501],[-7.74789,43.55328],[-7.74784,43.55098],[-7.74658,43.54964],[-7.7473,43.54877],[-7.74734,43.54836],[-7.7447,43.54772],[-7.7444,43.54741],[-7.74432,43.54667],[-7.74407,43.54654],[-7.74128,43.5467],[-7.73936,43.54569],[-7.73897,43.54608],[-7.73886,43.54682],[-7.7377,43.54715],[-7.73747,43.54738],[-7.73758,43.54795],[-7.73713,43.54811],[-7.73695,43.54623],[-7.73677,43.54615],[-7.73614,43.54662],[-7.7352,43.54634],[-7.73403,43.54637],[-7.73485,43.54518],[-7.73463,43.54478],[-7.73393,43.54462],[-7.73302,43.5449],[-7.73245,43.54457],[-7.73196,43.54541],[-7.73119,43.54492],[-7.73143,43.54389],[-7.73028,43.54425],[-7.72904,43.54419],[-7.7291,43.5437],[-7.73142,43.54279],[-7.73143,43.54258],[-7.73106,43.54247],[-7.73035,43.54251],[-7.72906,43.5421],[-7.72939,43.54172],[-7.73047,43.54183],[-7.73091,43.54149],[-7.73059,43.541],[-7.72956,43.54047],[-7.7296,43.53877],[-7.72897,43.53885],[-7.72821,43.54003],[-7.72754,43.54034],[-7.72729,43.53949],[-7.72705,43.53944],[-7.72606,43.53994],[-7.72533,43.53956],[-7.72433,43.53969],[-7.72414,43.53954],[-7.72415,43.53898],[-7.72356,43.53836],[-7.72245,43.53871],[-7.72173,43.53864],[-7.72142,43.5383],[-7.72212,43.53685],[-7.72216,43.53593],[-7.7217,43.53512],[-7.72084,43.53472],[-7.71845,43.53502],[-7.71638,43.53418],[-7.7162,43.53439],[-7.71667,43.53584],[-7.71722,43.53671],[-7.71717,43.53703],[-7.71669,43.53732],[-7.71563,43.53762],[-7.71354,43.53723],[-7.71274,43.53796],[-7.71242,43.53865],[-7.7117,43.53881],[-7.71112,43.53835],[-7.7104,43.53828],[-7.70975,43.53753],[-7.70908,43.53744],[-7.70889,43.5383],[-7.70834,43.53882],[-7.70756,43.53878],[-7.70702,43.5381],[-7.70699,43.5377],[-7.70804,43.53674],[-7.70936,43.53635],[-7.70959,43.5354],[-7.7092,43.53517],[-7.70857,43.53543],[-7.70828,43.53527],[-7.70808,43.53472],[-7.70836,43.53333],[-7.70819,43.53315],[-7.70632,43.53329],[-7.70482,43.53285],[-7.70465,43.5325],[-7.70484,43.53239],[-7.70605,43.53228],[-7.70603,43.5318],[-7.70428,43.53109],[-7.70383,43.53025],[-7.70196,43.52976],[-7.70124,43.52635],[-7.70069,43.52565],[-7.70051,43.52443],[-7.70013,43.52367],[-7.70011,43.52296],[-7.70064,43.52228],[-7.70066,43.52156],[-7.69984,43.51985],[-7.70111,43.51833],[-7.70055,43.51684],[-7.70097,43.51535],[-7.70182,43.51472],[-7.70157,43.51311],[-7.70255,43.51101],[-7.7022,43.5099],[-7.7019,43.50963],[-7.70106,43.50949],[-7.69751,43.50993],[-7.69489,43.5121],[-7.69227,43.51313],[-7.69193,43.51379],[-7.69214,43.51479],[-7.69196,43.51523],[-7.69001,43.51728],[-7.68702,43.51889],[-7.68569,43.51919],[-7.68416,43.51943],[-7.6822,43.519],[-7.67997,43.52231],[-7.67786,43.52194],[-7.67056,43.52207],[-7.66795,43.52577],[-7.66633,43.52716],[-7.66558,43.52705],[-7.66527,43.52677],[-7.66486,43.52441],[-7.66437,43.52325],[-7.66365,43.52257],[-7.66264,43.52233],[-7.66063,43.52276],[-7.65952,43.5234],[-7.65806,43.52248],[-7.65608,43.52265],[-7.65295,43.52162],[-7.65188,43.52181],[-7.65123,43.52158],[-7.65005,43.52045],[-7.64981,43.51962],[-7.65175,43.51688],[-7.6536,43.51514],[-7.65413,43.51432],[-7.65548,43.5116],[-7.6557,43.51045],[-7.65561,43.50906],[-7.65477,43.50848],[-7.65418,43.50761],[-7.65219,43.50221],[-7.65235,43.49976],[-7.65302,43.4967],[-7.65456,43.49419],[-7.65041,43.49035],[-7.64921,43.48974],[-7.64808,43.48818],[-7.647,43.48772],[-7.62944,43.49727],[-7.62766,43.49744],[-7.62639,43.49961],[-7.62656,43.50014],[-7.62586,43.50263],[-7.62604,43.50437],[-7.62714,43.50664],[-7.62962,43.5093],[-7.62686,43.51191],[-7.62297,43.51705],[-7.6236,43.51802],[-7.62073,43.52142],[-7.62092,43.52367],[-7.61947,43.52536],[-7.61307,43.52422],[-7.60945,43.52309],[-7.60557,43.52366],[-7.60232,43.52296],[-7.60143,43.52376],[-7.59977,43.52744],[-7.5961,43.53152],[-7.59618,43.53214],[-7.59695,43.53342],[-7.59687,43.53409],[-7.59278,43.53663],[-7.59233,43.53893],[-7.59163,43.53995],[-7.59106,43.54027],[-7.58948,43.5404],[-7.58829,43.54001],[-7.58717,43.53913],[-7.5856,43.53837],[-7.58411,43.53711],[-7.58332,43.53709],[-7.58191,43.53763],[-7.57861,43.53708],[-7.57423,43.53566],[-7.57244,43.53611],[-7.57099,43.53465],[-7.56971,43.53477],[-7.56865,43.53442],[-7.56747,43.53244],[-7.56495,43.53019],[-7.56493,43.52922],[-7.56241,43.5275],[-7.56136,43.52626],[-7.55894,43.52478],[-7.5559,43.52324],[-7.5462,43.52107],[-7.54404,43.52001],[-7.54275,43.52136],[-7.53982,43.52236],[-7.53863,43.5238],[-7.53869,43.52538],[-7.53842,43.52644],[-7.53783,43.52743],[-7.53652,43.52865],[-7.53482,43.5295],[-7.53311,43.5313],[-7.53193,43.53198],[-7.52949,43.53441],[-7.52948,43.5355],[-7.53092,43.53791],[-7.53062,43.53837],[-7.52894,43.53951],[-7.52591,43.53955],[-7.52388,43.54127],[-7.52261,43.54166],[-7.52415,43.54507],[-7.52347,43.54637],[-7.52254,43.54946],[-7.52407,43.55057],[-7.5274,43.55058],[-7.52898,43.55154],[-7.529,43.55207],[-7.52793,43.55475],[-7.52292,43.55964],[-7.52059,43.56058],[-7.52034,43.56102],[-7.52141,43.56186],[-7.52131,43.56243],[-7.52295,43.56265],[-7.52377,43.56307],[-7.52449,43.56467],[-7.5261,43.56589],[-7.52469,43.56802],[-7.52599,43.56871],[-7.52972,43.57142],[-7.53028,43.57242],[-7.53023,43.57295],[-7.52949,43.57432],[-7.53105,43.57475],[-7.53235,43.57476],[-7.53262,43.57553],[-7.53226,43.57782],[-7.53675,43.57929],[-7.53578,43.58091],[-7.5312,43.58469],[-7.53435,43.58475],[-7.53571,43.58607],[-7.53979,43.58191],[-7.54129,43.58006],[-7.55264,43.58497],[-7.55558,43.5835],[-7.56118,43.5828],[-7.5645,43.58285],[-7.56887,43.58154],[-7.57023,43.58142],[-7.57237,43.58566],[-7.57459,43.5828],[-7.57593,43.58166],[-7.57768,43.58044],[-7.58046,43.579],[-7.58333,43.58049],[-7.58824,43.58198],[-7.58958,43.58112],[-7.59164,43.58057],[-7.59281,43.57927],[-7.59457,43.57845],[-7.59768,43.58227],[-7.59833,43.58264],[-7.60113,43.58283],[-7.60243,43.58354],[-7.60303,43.58273],[-7.60395,43.58232],[-7.60474,43.58303],[-7.60759,43.58478],[-7.60781,43.58542],[-7.60818,43.58532]]]}},{"type":"Feature","properties":{"COD_POSTAL":"27120"},"geometry":{"type":"Polygon","coordinates":[[[-7.3237,43.03573],[-7.32523,43.03602],[-7.32642,43.03674],[-7.32824,43.03714],[-7.32948,43.03659],[-7.33095,43.0325],[-7.33195,43.03067],[-7.33186,43.02852],[-7.33273,43.02643],[-7.33344,43.0255],[-7.33568,43.02367],[-7.33827,43.0225],[-7.33166,43.02013],[-7.32895,43.02001],[-7.32303,43.02209],[-7.3183,43.02223],[-7.3181,43.0235],[-7.31607,43.02535],[-7.3155,43.0263],[-7.32069,43.02729],[-7.32105,43.02809],[-7.31989,43.02987],[-7.3205,43.03102],[-7.32202,43.03145],[-7.32234,43.03185],[-7.32252,43.03352],[-7.32378,43.03517],[-7.3237,43.03573]]]}},{"type":"Feature","properties":{"COD_POSTAL":"27636"},"geometry":{"type":"Polygon","coordinates":[[[-7.35142,42.72528],[-7.35205,42.72447],[-7.35324,42.72379],[-7.3546,42.72327],[-7.35521,42.72357],[-7.35678,42.72271],[-7.35742,42.72198],[-7.35729,42.72147],[-7.35819,42.72115],[-7.36002,42.719],[-7.36042,42.71768],[-7.36385,42.71132],[-7.36163,42.69987],[-7.35905,42.70092],[-7.35128,42.70635],[-7.34824,42.71135],[-7.34803,42.71258],[-7.34819,42.71514],[-7.34236,42.71768],[-7.33743,42.71841],[-7.33236,42.71699],[-7.33749,42.72543],[-7.33915,42.7247],[-7.33989,42.72411],[-7.34167,42.72371],[-7.34326,42.72446],[-7.34387,42.72577],[-7.34822,42.72799],[-7.34899,42.72731],[-7.34883,42.72689],[-7.34911,42.72652],[-7.35036,42.72628],[-7.35142,42.72528]]]}},{"type":"Feature","properties":{"COD_POSTAL":"27843"},"geometry":{"type":"Polygon","coordinates":[[[-7.52454,43.33519],[-7.52658,43.33772],[-7.52878,43.33939],[-7.53024,43.34003],[-7.53123,43.33733],[-7.5313,43.33634],[-7.53235,43.33517],[-7.53857,43.33558],[-7.54022,43.3352],[-7.54163,43.3355],[-7.54267,43.33512],[-7.55142,43.33567],[-7.55033,43.33611],[-7.54934,43.33728],[-7.549,43.33911],[-7.54954,43.34016],[-7.54962,43.34138],[-7.55021,43.3422],[-7.55039,43.34369],[-7.55125,43.34484],[-7.55165,43.34709],[-7.55108,43.34863],[-7.54884,43.35833],[-7.54622,43.35905],[-7.54256,43.36086],[-7.54336,43.36166],[-7.54335,43.36468],[-7.54355,43.36511],[-7.54591,43.36589],[-7.54641,43.36702],[-7.54511,43.36913],[-7.54502,43.36976],[-7.54522,43.37011],[-7.54691,43.37093],[-7.54718,43.37168],[-7.5456,43.37446],[-7.5457,43.37635],[-7.54389,43.37791],[-7.54536,43.38025],[-7.54413,43.38191],[-7.54007,43.3839],[-7.53792,43.38524],[-7.54173,43.38764],[-7.54601,43.39091],[-7.55373,43.39423],[-7.55584,43.39443],[-7.55741,43.39318],[-7.55794,43.39147],[-7.55632,43.38319],[-7.55753,43.38046],[-7.55815,43.37836],[-7.55912,43.37677],[-7.5597,43.37515],[-7.56649,43.37181],[-7.56831,43.37044],[-7.57026,43.36835],[-7.57848,43.36204],[-7.58179,43.35851],[-7.5828,43.35587],[-7.58638,43.35033],[-7.58778,43.34716],[-7.58722,43.34142],[-7.58628,43.3405],[-7.58382,43.33921],[-7.58221,43.3392],[-7.58049,43.33776],[-7.5804,43.33709],[-7.57553,43.33364],[-7.57549,43.33284],[-7.57659,43.33256],[-7.5784,43.33086],[-7.57959,43.33008],[-7.58031,43.32461],[-7.58359,43.31827],[-7.58648,43.31697],[-7.58287,43.31467],[-7.58074,43.31242],[-7.57961,43.31004],[-7.57846,43.30583],[-7.57596,43.30231],[-7.57318,43.30033],[-7.57033,43.29957],[-7.56193,43.29804],[-7.54824,43.29796],[-7.54363,43.3],[-7.542,43.30172],[-7.54022,43.30437],[-7.53734,43.30521],[-7.52397,43.30632],[-7.52671,43.30949],[-7.52823,43.3122],[-7.52753,43.31366],[-7.5244,43.31588],[-7.52683,43.31935],[-7.52986,43.3218],[-7.52413,43.32511],[-7.52212,43.32662],[-7.52091,43.32809],[-7.5222,43.32916],[-7.52387,43.33198],[-7.52454,43.33519]]]}},{"type":"Feature","properties":{"COD_POSTAL":"27345"},"geometry":{"type":"Polygon","coordinates":[[[-7.41336,42.67944],[-7.42256,42.67926],[-7.42689,42.67998],[-7.43798,42.6767],[-7.44666,42.67067],[-7.45213,42.66589],[-7.44937,42.66497],[-7.44737,42.66296],[-7.44263,42.65958],[-7.44026,42.65763],[-7.43781,42.65442],[-7.43496,42.65518],[-7.42642,42.65522],[-7.4235,42.65716],[-7.42357,42.65856],[-7.41313,42.65476],[-7.40928,42.65499],[-7.40368,42.65062],[-7.39645,42.64899],[-7.39505,42.64748],[-7.39175,42.64871],[-7.38665,42.65004],[-7.38254,42.65184],[-7.37884,42.652],[-7.37803,42.65613],[-7.37881,42.65856],[-7.38445,42.65837],[-7.39266,42.66138],[-7.39493,42.66392],[-7.40619,42.67226],[-7.40481,42.67278],[-7.40665,42.67595],[-7.40888,42.67739],[-7.4114,42.67957],[-7.41336,42.67944]]]}},{"type":"Feature","properties":{"COD_POSTAL":"27111"},"geometry":{"type":"Polygon","coordinates":[[[-7.10338,43.13952],[-7.09543,43.14503],[-7.09211,43.14496],[-7.08321,43.14763],[-7.08057,43.14696],[-7.08046,43.14745],[-7.0808,43.14831],[-7.08176,43.1491],[-7.08008,43.15382],[-7.07892,43.15513],[-7.07304,43.15686],[-7.06967,43.15648],[-7.06811,43.15447],[-7.06674,43.15402],[-7.06262,43.15448],[-7.05242,43.15507],[-7.0488,43.15567],[-7.04852,43.15633],[-7.05091,43.15813],[-7.04904,43.15996],[-7.04914,43.16137],[-7.05337,43.16475],[-7.05503,43.16678],[-7.05531,43.17086],[-7.05478,43.17153],[-7.05513,43.1724],[-7.05609,43.17314],[-7.05959,43.17385],[-7.06138,43.17453],[-7.06132,43.17494],[-7.06039,43.17543],[-7.06065,43.17583],[-7.06414,43.17619],[-7.06696,43.17597],[-7.06629,43.17497],[-7.06717,43.17459],[-7.06944,43.17487],[-7.07052,43.17171],[-7.07233,43.17217],[-7.07256,43.17063],[-7.07577,43.16876],[-7.07589,43.16652],[-7.07554,43.16519],[-7.07585,43.16487],[-7.07701,43.16458],[-7.07769,43.164],[-7.08104,43.16479],[-7.08118,43.16568],[-7.08071,43.16638],[-7.0818,43.16762],[-7.09174,43.17038],[-7.09481,43.17167],[-7.09918,43.17281],[-7.09757,43.17497],[-7.09757,43.1762],[-7.09832,43.17673],[-7.10038,43.17942],[-7.09999,43.18189],[-7.09983,43.18617],[-7.09772,43.1905],[-7.09799,43.19429],[-7.10068,43.19635],[-7.10598,43.19945],[-7.11013,43.2023],[-7.11183,43.20167],[-7.11822,43.20004],[-7.12095,43.20052],[-7.1251,43.19923],[-7.12681,43.20053],[-7.12721,43.20312],[-7.12925,43.20296],[-7.13008,43.20236],[-7.13112,43.20214],[-7.13209,43.20152],[-7.13205,43.20044],[-7.13313,43.20051],[-7.13255,43.19957],[-7.13591,43.19776],[-7.1383,43.1974],[-7.14085,43.19442],[-7.14249,43.19423],[-7.14796,43.19016],[-7.14893,43.18983],[-7.14894,43.18952],[-7.14948,43.18887],[-7.14941,43.18763],[-7.14976,43.18711],[-7.15047,43.18689],[-7.15216,43.18717],[-7.15332,43.18685],[-7.15514,43.18549],[-7.15738,43.18332],[-7.15826,43.18199],[-7.16019,43.18126],[-7.15917,43.18041],[-7.15907,43.1795],[-7.15882,43.17927],[-7.15758,43.17896],[-7.15577,43.17731],[-7.15308,43.17765],[-7.15188,43.17707],[-7.15127,43.17647],[-7.15003,43.17624],[-7.1492,43.17583],[-7.14579,43.17676],[-7.14274,43.17627],[-7.14073,43.17564],[-7.1401,43.17508],[-7.13971,43.17515],[-7.13823,43.17355],[-7.13662,43.17236],[-7.13699,43.17148],[-7.13673,43.17102],[-7.13592,43.17063],[-7.13547,43.1699],[-7.1362,43.1678],[-7.13837,43.16707],[-7.13942,43.1659],[-7.13974,43.16475],[-7.14022,43.16401],[-7.14131,43.16385],[-7.14111,43.16267],[-7.14034,43.16197],[-7.14144,43.15933],[-7.14384,43.15939],[-7.1448,43.15754],[-7.14302,43.15215],[-7.1411,43.15267],[-7.13949,43.15266],[-7.13517,43.1541],[-7.13391,43.15486],[-7.13263,43.1549],[-7.13,43.15418],[-7.12887,43.15359],[-7.12734,43.15347],[-7.12532,43.15479],[-7.12447,43.15487],[-7.12361,43.15549],[-7.1231,43.15775],[-7.12216,43.15788],[-7.12139,43.15852],[-7.12031,43.15857],[-7.1185,43.15653],[-7.11621,43.1548],[-7.11301,43.15416],[-7.11333,43.15303],[-7.11413,43.15228],[-7.11354,43.14983],[-7.11101,43.14882],[-7.10925,43.14849],[-7.10811,43.14771],[-7.10818,43.14688],[-7.1097,43.14596],[-7.10756,43.13811],[-7.10338,43.13952]]]}},{"type":"Feature","properties":{"COD_POSTAL":"27425"},"geometry":{"type":"MultiPolygon","coordinates":[[[[-7.53092,42.42413],[-7.53151,42.42342],[-7.53495,42.42122],[-7.53489,42.41836],[-7.53135,42.41515],[-7.52908,42.41453],[-7.5262,42.41476],[-7.51799,42.41453],[-7.51467,42.41379],[-7.51274,42.41374],[-7.50837,42.4143],[-7.50761,42.41411],[-7.50682,42.41702],[-7.50414,42.42091],[-7.50583,42.42316],[-7.50708,42.42826],[-7.50644,42.43035],[-7.5028,42.43259],[-7.5016,42.43302],[-7.50046,42.43456],[-7.5,42.43625],[-7.49925,42.43673],[-7.49718,42.43639],[-7.49557,42.43666],[-7.49567,42.43761],[-7.49673,42.43849],[-7.49793,42.43888],[-7.50199,42.43841],[-7.50582,42.44017],[-7.50536,42.44201],[-7.50386,42.44489],[-7.50651,42.44573],[-7.51755,42.44179],[-7.51815,42.44066],[-7.52236,42.43792],[-7.5248,42.43521],[-7.52368,42.43466],[-7.52469,42.43258],[-7.52618,42.42674],[-7.52796,42.42555],[-7.53092,42.42413]]],[[[-7.56885,42.49175],[-7.56955,42.4912],[-7.57006,42.49119],[-7.57067,42.49136],[-7.57263,42.49267],[-7.57451,42.49302],[-7.5758,42.49177],[-7.57605,42.49117],[-7.57596,42.48998],[-7.57638,42.48912],[-7.57858,42.48684],[-7.57573,42.48243],[-7.57424,42.4754],[-7.5748,42.47471],[-7.57836,42.47288],[-7.5837,42.47216],[-7.58583,42.47213],[-7.58644,42.47139],[-7.58563,42.47097],[-7.58361,42.47061],[-7.5818,42.46993],[-7.57869,42.46847],[-7.57548,42.46626],[-7.57152,42.46272],[-7.56891,42.46245],[-7.56694,42.46281],[-7.56522,42.46378],[-7.56301,42.46631],[-7.56255,42.46631],[-7.56246,42.46736],[-7.56203,42.46753],[-7.55983,42.47054],[-7.55949,42.4718],[-7.56189,42.47498],[-7.56297,42.47685],[-7.56576,42.47769],[-7.56611,42.47839],[-7.56593,42.47876],[-7.56733,42.48344],[-7.56885,42.49175]]],[[[-7.55645,42.4383],[-7.55786,42.44041],[-7.55903,42.44279],[-7.56305,42.44242],[-7.56925,42.44272],[-7.56868,42.44129],[-7.56852,42.4399],[-7.56959,42.43699],[-7.57197,42.43667],[-7.58407,42.438],[-7.58543,42.43842],[-7.58769,42.43768],[-7.58866,42.43798],[-7.58964,42.43762],[-7.592,42.4359],[-7.59464,42.43527],[-7.59688,42.43559],[-7.60079,42.42883],[-7.60212,42.42809],[-7.60465,42.42728],[-7.61534,42.4255],[-7.62373,42.41608],[-7.6312,42.40863],[-7.63175,42.40723],[-7.63087,42.40657],[-7.62976,42.4051],[-7.62866,42.40217],[-7.62926,42.39781],[-7.62879,42.39646],[-7.62819,42.39551],[-7.62697,42.39428],[-7.62457,42.39302],[-7.62374,42.3921],[-7.62208,42.38835],[-7.62017,42.38546],[-7.61907,42.38489],[-7.61665,42.38422],[-7.61415,42.38474],[-7.61086,42.38629],[-7.60501,42.38814],[-7.60216,42.38932],[-7.59867,42.39228],[-7.59517,42.39682],[-7.5922,42.39826],[-7.5862,42.39999],[-7.58802,42.40279],[-7.58804,42.40371],[-7.58728,42.40546],[-7.5894,42.40759],[-7.58914,42.40822],[-7.58507,42.41064],[-7.58455,42.41249],[-7.58261,42.41214],[-7.58277,42.41243],[-7.58224,42.41865],[-7.58144,42.42003],[-7.58048,42.42071],[-7.58059,42.42144],[-7.58114,42.42186],[-7.5845,42.42275],[-7.58554,42.42345],[-7.58815,42.42594],[-7.58715,42.4275],[-7.58607,42.42817],[-7.58613,42.42854],[-7.58572,42.42939],[-7.58473,42.42967],[-7.5797,42.42506],[-7.57859,42.42451],[-7.57669,42.42427],[-7.57512,42.42361],[-7.56997,42.42373],[-7.56824,42.42417],[-7.56201,42.42443],[-7.56024,42.4241],[-7.56,42.4258],[-7.56118,42.42824],[-7.55745,42.42957],[-7.55574,42.43148],[-7.55467,42.43377],[-7.55379,42.43478],[-7.55454,42.4359],[-7.55645,42.4383]]]]}},{"type":"Feature","properties":{"COD_POSTAL":"27820"},"geometry":{"type":"Polygon","coordinates":[[[-7.68392,43.31433],[-7.68534,43.31696],[-7.68736,43.31942],[-7.68644,43.32032],[-7.69111,43.32092],[-7.69725,43.32004],[-7.7032,43.31774],[-7.70383,43.31665],[-7.70453,43.31625],[-7.70771,43.31528],[-7.7089,43.31468],[-7.70927,43.31405],[-7.71277,43.31253],[-7.71421,43.31152],[-7.71854,43.30618],[-7.72095,43.30539],[-7.71981,43.30497],[-7.71808,43.30486],[-7.71762,43.30506],[-7.71702,43.30457],[-7.71622,43.30465],[-7.71544,43.30512],[-7.71473,43.30466],[-7.71265,43.30432],[-7.71006,43.3032],[-7.70942,43.30209],[-7.70932,43.30062],[-7.70632,43.29832],[-7.70596,43.29761],[-7.70515,43.29706],[-7.70411,43.29468],[-7.70247,43.29349],[-7.70039,43.29347],[-7.69988,43.2931],[-7.69951,43.29043],[-7.70089,43.28919],[-7.70105,43.28701],[-7.7,43.28508],[-7.69942,43.28459],[-7.69619,43.28372],[-7.6935,43.2837],[-7.69113,43.28255],[-7.68785,43.2828],[-7.68718,43.28347],[-7.68807,43.28502],[-7.68817,43.28778],[-7.68883,43.28868],[-7.68797,43.29008],[-7.6874,43.29398],[-7.68745,43.29496],[-7.68771,43.2956],[-7.68855,43.29626],[-7.6902,43.29695],[-7.69046,43.2976],[-7.69025,43.29841],[-7.68727,43.30042],[-7.68593,43.30208],[-7.68643,43.30364],[-7.6885,43.30646],[-7.68855,43.30749],[-7.68596,43.30909],[-7.68561,43.30963],[-7.68562,43.31032],[-7.68353,43.31376],[-7.68392,43.31433]]]}},{"type":"Feature","properties":{"COD_POSTAL":"27114"},"geometry":{"type":"Polygon","coordinates":[[[-6.9991,43.07492],[-7.00336,43.07546],[-7.00172,43.07784],[-7.00177,43.07884],[-7.00274,43.08016],[-7.00449,43.07962],[-7.00927,43.0841],[-7.01202,43.08477],[-7.01208,43.08506],[-7.01484,43.08531],[-7.01768,43.08679],[-7.01707,43.08758],[-7.01175,43.09006],[-7.01069,43.09117],[-7.01037,43.0932],[-7.01229,43.09463],[-7.01396,43.09731],[-7.01265,43.09889],[-7.0129,43.10624],[-7.01229,43.10722],[-7.01711,43.10647],[-7.0186,43.10569],[-7.02197,43.10326],[-7.02439,43.10243],[-7.02542,43.10077],[-7.02738,43.10003],[-7.0276,43.09904],[-7.02689,43.0959],[-7.02639,43.09566],[-7.02638,43.0949],[-7.02575,43.09423],[-7.0259,43.09337],[-7.02547,43.09249],[-7.0243,43.09138],[-7.02435,43.09073],[-7.02493,43.09056],[-7.02665,43.0907],[-7.02947,43.08926],[-7.03025,43.08945],[-7.03048,43.08173],[-7.03155,43.07682],[-7.03649,43.07403],[-7.03715,43.07315],[-7.0349,43.06969],[-7.03242,43.06941],[-7.03008,43.06875],[-7.02688,43.06681],[-7.02273,43.06254],[-7.02177,43.06002],[-7.01732,43.05529],[-7.01529,43.0544],[-7.0145,43.05369],[-7.01375,43.05224],[-7.01345,43.05059],[-7.01217,43.05138],[-7.01056,43.05142],[-7.00858,43.05091],[-7.00599,43.05066],[-6.98716,43.05672],[-6.99493,43.06766],[-6.99466,43.06867],[-6.99329,43.06931],[-6.99305,43.06998],[-6.99389,43.07071],[-6.99479,43.07101],[-6.99769,43.07044],[-6.99799,43.07081],[-6.99757,43.07241],[-6.99777,43.07284],[-6.99892,43.07292],[-6.99864,43.07438],[-6.9991,43.07492]]]}},{"type":"Feature","properties":{"COD_POSTAL":"27879"},"geometry":{"type":"Polygon","coordinates":[[[-7.5045,43.68269],[-7.50763,43.68289],[-7.51011,43.68017],[-7.51286,43.67977],[-7.51636,43.67742],[-7.52276,43.67641],[-7.52335,43.67547],[-7.52171,43.67377],[-7.52361,43.67267],[-7.53757,43.67488],[-7.5396,43.68092],[-7.54361,43.68153],[-7.54696,43.67993],[-7.55798,43.67933],[-7.56039,43.67839],[-7.56209,43.67298],[-7.56221,43.67082],[-7.55889,43.67038],[-7.55807,43.6692],[-7.55362,43.665],[-7.55364,43.66167],[-7.55289,43.65879],[-7.55254,43.65813],[-7.54977,43.65545],[-7.5496,43.65421],[-7.54621,43.65288],[-7.54115,43.65044],[-7.53769,43.6493],[-7.53709,43.64666],[-7.53596,43.64379],[-7.53477,43.6418],[-7.53132,43.63864],[-7.5297,43.63622],[-7.52654,43.63388],[-7.52479,43.63191],[-7.52717,43.62839],[-7.52836,43.62422],[-7.52946,43.62154],[-7.53085,43.61957],[-7.53211,43.61703],[-7.53221,43.61666],[-7.5317,43.61573],[-7.53075,43.61502],[-7.53161,43.61413],[-7.53221,43.61412],[-7.53312,43.61355],[-7.53289,43.61327],[-7.53161,43.61333],[-7.53089,43.61305],[-7.53036,43.61232],[-7.53059,43.61125],[-7.53012,43.6108],[-7.53004,43.60847],[-7.52871,43.60693],[-7.52807,43.60456],[-7.52886,43.60016],[-7.52487,43.5957],[-7.52103,43.59897],[-7.51592,43.60187],[-7.51365,43.60285],[-7.51241,43.603],[-7.50745,43.60472],[-7.50157,43.60382],[-7.5011,43.60222],[-7.50048,43.60118],[-7.50058,43.60005],[-7.49564,43.5977],[-7.49446,43.59553],[-7.49316,43.59442],[-7.49123,43.59364],[-7.49041,43.59188],[-7.48876,43.59041],[-7.48652,43.58883],[-7.48326,43.5877],[-7.48155,43.58648],[-7.47946,43.58609],[-7.48117,43.58803],[-7.48132,43.58941],[-7.48072,43.59138],[-7.48133,43.59277],[-7.48148,43.59437],[-7.48044,43.59536],[-7.48031,43.59603],[-7.48056,43.59724],[-7.47972,43.59808],[-7.47828,43.59898],[-7.47649,43.59943],[-7.47504,43.60057],[-7.4706,43.60231],[-7.47046,43.6025],[-7.47095,43.60304],[-7.47039,43.604],[-7.46946,43.60482],[-7.46613,43.6069],[-7.46746,43.6075],[-7.467,43.60822],[-7.46838,43.60952],[-7.46992,43.61242],[-7.46985,43.61334],[-7.468,43.61435],[-7.46731,43.61539],[-7.46707,43.61669],[-7.46762,43.61932],[-7.46758,43.6201],[-7.46657,43.62158],[-7.46695,43.62294],[-7.46771,43.62421],[-7.46696,43.62578],[-7.46702,43.62618],[-7.46861,43.6268],[-7.46898,43.62715],[-7.46934,43.62814],[-7.46887,43.62931],[-7.46741,43.63105],[-7.46711,43.63191],[-7.46806,43.63293],[-7.46779,43.63412],[-7.46977,43.63576],[-7.47026,43.63748],[-7.47006,43.63952],[-7.4695,43.64091],[-7.46897,43.64146],[-7.46782,43.64188],[-7.46529,43.64197],[-7.46532,43.64265],[-7.46596,43.64425],[-7.46815,43.64435],[-7.46893,43.64474],[-7.46925,43.64636],[-7.4731,43.6474],[-7.47591,43.64869],[-7.47696,43.6498],[-7.47926,43.6538],[-7.47743,43.65858],[-7.47686,43.65951],[-7.47602,43.66062],[-7.47471,43.66044],[-7.4737,43.66175],[-7.47345,43.66323],[-7.47048,43.66674],[-7.47014,43.66777],[-7.47056,43.66941],[-7.47441,43.66947],[-7.48165,43.67264],[-7.48815,43.67719],[-7.49082,43.68169],[-7.49285,43.68194],[-7.5045,43.68269]]]}},{"type":"Feature","properties":{"COD_POSTAL":"27798"},"geometry":{"type":"Polygon","coordinates":[[[-7.26349,43.53243],[-7.26434,43.53193],[-7.26663,43.53193],[-7.26688,43.53214],[-7.26608,43.53293],[-7.26669,43.53337],[-7.26915,43.53432],[-7.27035,43.53361],[-7.27086,43.53364],[-7.27152,43.53413],[-7.27184,43.53525],[-7.2724,43.53547],[-7.27376,43.53323],[-7.27372,43.53255],[-7.27286,43.53119],[-7.27268,43.52945],[-7.27221,43.52894],[-7.26939,43.52782],[-7.26952,43.52697],[-7.27001,43.52643],[-7.2707,43.52472],[-7.27113,43.52452],[-7.27455,43.52486],[-7.27641,43.5247],[-7.27716,43.52392],[-7.27941,43.5249],[-7.28592,43.52441],[-7.29015,43.52366],[-7.29396,43.52211],[-7.2946,43.52103],[-7.29447,43.51832],[-7.29311,43.51513],[-7.29352,43.51228],[-7.29311,43.51179],[-7.29356,43.51088],[-7.28888,43.50901],[-7.28662,43.50922],[-7.28743,43.50452],[-7.28785,43.5042],[-7.28836,43.50129],[-7.2867,43.50046],[-7.28624,43.49951],[-7.28548,43.49909],[-7.28585,43.49786],[-7.28547,43.4972],[-7.28398,43.49626],[-7.28383,43.49561],[-7.28416,43.49452],[-7.28374,43.49337],[-7.28412,43.49255],[-7.28398,43.49216],[-7.28332,43.49184],[-7.28018,43.4916],[-7.27771,43.49039],[-7.27473,43.48959],[-7.27398,43.48889],[-7.27371,43.48855],[-7.27346,43.48671],[-7.268,43.4775],[-7.26364,43.47453],[-7.25844,43.46977],[-7.25617,43.46715],[-7.25503,43.46525],[-7.24778,43.46078],[-7.24628,43.46119],[-7.24443,43.46224],[-7.24252,43.46221],[-7.2409,43.46273],[-7.23853,43.46285],[-7.23619,43.46362],[-7.23105,43.46895],[-7.22972,43.47086],[-7.22852,43.47212],[-7.22493,43.47379],[-7.22751,43.47673],[-7.22756,43.4772],[-7.22473,43.48042],[-7.22371,43.48104],[-7.22102,43.48205],[-7.21783,43.48384],[-7.21648,43.48391],[-7.21427,43.4845],[-7.21382,43.4845],[-7.21328,43.48397],[-7.21318,43.48334],[-7.21383,43.48141],[-7.21303,43.4803],[-7.2096,43.47886],[-7.20554,43.48049],[-7.20506,43.48017],[-7.20313,43.47748],[-7.20089,43.47612],[-7.20099,43.47533],[-7.19937,43.47267],[-7.19854,43.47215],[-7.19872,43.47266],[-7.19858,43.47389],[-7.201,43.47689],[-7.20255,43.47829],[-7.20241,43.47903],[-7.20063,43.48291],[-7.2002,43.48457],[-7.19954,43.48575],[-7.19824,43.48679],[-7.19677,43.48752],[-7.19612,43.48877],[-7.19612,43.48966],[-7.19774,43.49078],[-7.19796,43.49149],[-7.19755,43.49213],[-7.19577,43.49253],[-7.19565,43.49323],[-7.19609,43.49416],[-7.19777,43.49637],[-7.19504,43.50005],[-7.19377,43.50109],[-7.19069,43.50117],[-7.18954,43.50143],[-7.18617,43.50308],[-7.18363,43.50256],[-7.18177,43.5025],[-7.18147,43.50297],[-7.18153,43.50371],[-7.18199,43.50479],[-7.18394,43.50535],[-7.18534,43.50677],[-7.19084,43.50651],[-7.19591,43.50686],[-7.20046,43.50572],[-7.20667,43.5077],[-7.20737,43.50848],[-7.20717,43.51195],[-7.20865,43.51673],[-7.21292,43.51679],[-7.2161,43.51812],[-7.21727,43.52116],[-7.2165,43.52394],[-7.21822,43.52526],[-7.22296,43.52548],[-7.23068,43.52321],[-7.23673,43.52261],[-7.23686,43.52382],[-7.23803,43.52598],[-7.23921,43.52686],[-7.24098,43.52709],[-7.24371,43.52822],[-7.24547,43.52858],[-7.24657,43.5298],[-7.24806,43.53002],[-7.24993,43.52937],[-7.25349,43.52988],[-7.25995,43.53238],[-7.26295,43.5332],[-7.26349,43.53243]]]}},{"type":"Feature","properties":{"COD_POSTAL":"27559"},"geometry":{"type":"Polygon","coordinates":[[[-7.78357,42.68423],[-7.78218,42.68474],[-7.77909,42.68432],[-7.77505,42.6846],[-7.77358,42.68513],[-7.77177,42.68661],[-7.76971,42.68727],[-7.76728,42.68726],[-7.76525,42.68701],[-7.76176,42.68561],[-7.75644,42.68282],[-7.75313,42.68317],[-7.75111,42.68417],[-7.75106,42.68506],[-7.75005,42.68683],[-7.74946,42.6869],[-7.74819,42.68643],[-7.74761,42.68653],[-7.74693,42.6872],[-7.73646,42.68513],[-7.73087,42.68444],[-7.7254,42.68163],[-7.72548,42.68276],[-7.72483,42.68539],[-7.72358,42.68621],[-7.72211,42.68667],[-7.71683,42.68992],[-7.71708,42.69201],[-7.71771,42.69393],[-7.72046,42.69513],[-7.7199,42.69737],[-7.72034,42.6981],[-7.7216,42.69754],[-7.72321,42.69792],[-7.72421,42.69927],[-7.72572,42.69965],[-7.72682,42.70054],[-7.72569,42.70193],[-7.72715,42.70226],[-7.72787,42.70348],[-7.72631,42.70461],[-7.72413,42.70465],[-7.72408,42.70446],[-7.72358,42.70518],[-7.7238,42.70592],[-7.72895,42.70789],[-7.73361,42.70794],[-7.73592,42.70739],[-7.73897,42.70591],[-7.74127,42.70336],[-7.74214,42.70273],[-7.74392,42.70238],[-7.74467,42.70288],[-7.74589,42.70424],[-7.74539,42.70502],[-7.74725,42.70584],[-7.74794,42.70589],[-7.74984,42.70542],[-7.75092,42.70552],[-7.75108,42.70444],[-7.75061,42.7041],[-7.75093,42.70368],[-7.75237,42.70357],[-7.75378,42.70399],[-7.75872,42.70351],[-7.76006,42.70368],[-7.76235,42.70257],[-7.76344,42.70311],[-7.76419,42.70411],[-7.76543,42.70493],[-7.76806,42.7048],[-7.77057,42.70399],[-7.77087,42.70409],[-7.7757,42.70234],[-7.77857,42.70395],[-7.77974,42.70379],[-7.78168,42.7044],[-7.78404,42.7044],[-7.78492,42.70521],[-7.7863,42.70539],[-7.78745,42.70506],[-7.7897,42.70321],[-7.79109,42.70299],[-7.79262,42.70204],[-7.79458,42.70166],[-7.79538,42.70116],[-7.79681,42.69947],[-7.79921,42.69789],[-7.81074,42.69402],[-7.81576,42.69269],[-7.81639,42.6912],[-7.81076,42.6875],[-7.8095,42.68535],[-7.81331,42.68536],[-7.81704,42.6839],[-7.81963,42.68376],[-7.82489,42.68461],[-7.8318,42.6813],[-7.83536,42.67827],[-7.83701,42.67544],[-7.83904,42.67336],[-7.83993,42.67049],[-7.84103,42.66915],[-7.83757,42.66673],[-7.83738,42.66504],[-7.83663,42.66307],[-7.83457,42.66156],[-7.83409,42.66062],[-7.82523,42.66026],[-7.82278,42.66119],[-7.819,42.66171],[-7.81173,42.66487],[-7.80948,42.66544],[-7.80825,42.66544],[-7.80629,42.66423],[-7.80394,42.6648],[-7.80296,42.66441],[-7.79951,42.66755],[-7.79875,42.66915],[-7.79634,42.66995],[-7.7947,42.66896],[-7.79423,42.67115],[-7.7917,42.6741],[-7.7852,42.67741],[-7.78707,42.68058],[-7.78488,42.68304],[-7.78372,42.68389],[-7.78357,42.68423]]]}},{"type":"Feature","properties":{"COD_POSTAL":"27232"},"geometry":{"type":"Polygon","coordinates":[[[-7.69959,42.95207],[-7.68456,42.95184],[-7.67705,42.95426],[-7.67645,42.96201],[-7.67154,42.96283],[-7.6707,42.96538],[-7.67041,42.96755],[-7.67617,42.97161],[-7.67752,42.97346],[-7.67946,42.97465],[-7.68266,42.97572],[-7.68411,42.97553],[-7.6853,42.97476],[-7.68607,42.9746],[-7.68775,42.97491],[-7.68836,42.97466],[-7.68943,42.97341],[-7.69063,42.97284],[-7.69329,42.97274],[-7.69448,42.97293],[-7.70057,42.97495],[-7.70283,42.97392],[-7.70872,42.97343],[-7.71336,42.97057],[-7.71199,42.96862],[-7.70988,42.96731],[-7.70844,42.96683],[-7.70675,42.96711],[-7.70312,42.96546],[-7.70204,42.96572],[-7.701,42.96523],[-7.70176,42.96225],[-7.70162,42.9614],[-7.7026,42.95212],[-7.69959,42.95207]]]}},{"type":"Feature","properties":{"COD_POSTAL":"27334"},"geometry":{"type":"Polygon","coordinates":[[[-7.42668,42.58754],[-7.43088,42.59056],[-7.44547,42.58531],[-7.45176,42.58557],[-7.45355,42.57632],[-7.45536,42.57384],[-7.45984,42.56098],[-7.45787,42.55991],[-7.45719,42.55852],[-7.45475,42.556],[-7.45376,42.5553],[-7.44786,42.5549],[-7.44578,42.55309],[-7.44447,42.55256],[-7.44345,42.55255],[-7.44237,42.55335],[-7.4413,42.55371],[-7.43535,42.55381],[-7.4331,42.55376],[-7.42929,42.55236],[-7.42782,42.54842],[-7.42113,42.53979],[-7.41686,42.53733],[-7.41047,42.53577],[-7.40719,42.53544],[-7.40143,42.53601],[-7.39871,42.53667],[-7.3909,42.53749],[-7.37776,42.53452],[-7.36634,42.5306],[-7.36246,42.5344],[-7.35334,42.53911],[-7.35338,42.54001],[-7.35279,42.54128],[-7.35345,42.54444],[-7.35504,42.54705],[-7.35832,42.54592],[-7.35946,42.54592],[-7.36268,42.54534],[-7.36819,42.54588],[-7.36906,42.54656],[-7.36955,42.54901],[-7.37164,42.55033],[-7.37209,42.55116],[-7.37222,42.552],[-7.37446,42.55382],[-7.37709,42.55446],[-7.37822,42.55314],[-7.39195,42.54942],[-7.39609,42.54875],[-7.40525,42.55595],[-7.40696,42.55931],[-7.40629,42.56154],[-7.40039,42.56638],[-7.4052,42.56961],[-7.41044,42.57156],[-7.41207,42.58195],[-7.41234,42.58169],[-7.41678,42.58309],[-7.42049,42.58556],[-7.42668,42.58754]]]}},{"type":"Feature","properties":{"COD_POSTAL":"27850"},"geometry":{"type":"Polygon","coordinates":[[[-7.58232,43.67115],[-7.58572,43.67138],[-7.5871,43.67184],[-7.58705,43.67225],[-7.59151,43.67376],[-7.59346,43.67363],[-7.59477,43.67293],[-7.59474,43.67082],[-7.59429,43.66934],[-7.59395,43.66659],[-7.59445,43.66537],[-7.59441,43.6649],[-7.59509,43.66431],[-7.59663,43.6641],[-7.59707,43.66295],[-7.59773,43.66357],[-7.59749,43.66474],[-7.59758,43.66575],[-7.59711,43.66676],[-7.59597,43.66797],[-7.59568,43.66883],[-7.5954,43.67051],[-7.59536,43.67368],[-7.59489,43.67594],[-7.59452,43.67639],[-7.59491,43.67687],[-7.5953,43.67672],[-7.59598,43.67529],[-7.59694,43.67429],[-7.59828,43.67348],[-7.60087,43.67268],[-7.60047,43.67206],[-7.60039,43.67125],[-7.60206,43.66766],[-7.60328,43.66685],[-7.60318,43.66643],[-7.60726,43.66547],[-7.6083,43.66499],[-7.61046,43.66479],[-7.61177,43.664],[-7.61128,43.66372],[-7.60706,43.66334],[-7.6056,43.66222],[-7.60482,43.66249],[-7.60342,43.66233],[-7.60386,43.66106],[-7.60327,43.65929],[-7.60625,43.65774],[-7.6082,43.65545],[-7.60941,43.65291],[-7.60938,43.65131],[-7.60817,43.64864],[-7.60698,43.64773],[-7.60482,43.6472],[-7.60481,43.6468],[-7.60584,43.64567],[-7.60681,43.64522],[-7.60899,43.64501],[-7.61201,43.64648],[-7.61344,43.6459],[-7.6147,43.64391],[-7.61487,43.64227],[-7.61568,43.63995],[-7.61573,43.63849],[-7.61322,43.63711],[-7.61201,43.63753],[-7.60946,43.63992],[-7.60777,43.63965],[-7.605,43.64026],[-7.60448,43.6401],[-7.60437,43.63964],[-7.60458,43.63931],[-7.6027,43.63834],[-7.60264,43.63775],[-7.6035,43.63704],[-7.60355,43.63494],[-7.60174,43.63417],[-7.59925,43.63444],[-7.59465,43.63445],[-7.59339,43.63414],[-7.59165,43.6361],[-7.58635,43.63842],[-7.58268,43.63666],[-7.57421,43.63501],[-7.56401,43.63226],[-7.55983,43.6328],[-7.5459,43.64081],[-7.53709,43.64665],[-7.53769,43.6493],[-7.54115,43.65044],[-7.54974,43.65433],[-7.54977,43.65545],[-7.55254,43.65813],[-7.55289,43.65879],[-7.55364,43.66167],[-7.55362,43.665],[-7.55807,43.6692],[-7.55889,43.67038],[-7.56794,43.66688],[-7.5701,43.66867],[-7.57002,43.66918],[-7.56825,43.67016],[-7.56801,43.671],[-7.57134,43.67091],[-7.58232,43.67115]]]}},{"type":"Feature","properties":{"COD_POSTAL":"27271"},"geometry":{"type":"Polygon","coordinates":[[[-7.4284,43.13807],[-7.43455,43.13647],[-7.43551,43.13587],[-7.43704,43.13423],[-7.4357,43.13059],[-7.43551,43.12876],[-7.43609,43.12796],[-7.44001,43.12821],[-7.44126,43.12783],[-7.44215,43.12395],[-7.44134,43.12106],[-7.44203,43.12013],[-7.44633,43.12286],[-7.44939,43.12286],[-7.45073,43.12247],[-7.4514,43.12284],[-7.45428,43.12155],[-7.45851,43.11727],[-7.46438,43.11528],[-7.4604,43.10726],[-7.47657,43.09756],[-7.47487,43.09801],[-7.47339,43.0977],[-7.47215,43.09696],[-7.46879,43.09696],[-7.46675,43.09603],[-7.46538,43.09569],[-7.46444,43.09476],[-7.46384,43.09449],[-7.46166,43.09473],[-7.4601,43.09437],[-7.4581,43.0925],[-7.45713,43.09026],[-7.45711,43.08965],[-7.45667,43.08926],[-7.45618,43.08824],[-7.45487,43.08734],[-7.45478,43.08607],[-7.45421,43.08501],[-7.45501,43.08341],[-7.45484,43.08216],[-7.45333,43.08097],[-7.45152,43.08073],[-7.45068,43.08108],[-7.44938,43.08092],[-7.44855,43.08116],[-7.44604,43.08088],[-7.44561,43.08065],[-7.44587,43.08012],[-7.44573,43.07967],[-7.44529,43.07941],[-7.44496,43.07937],[-7.44335,43.08011],[-7.44268,43.07987],[-7.44069,43.07999],[-7.43873,43.0785],[-7.43782,43.07816],[-7.43769,43.07793],[-7.43829,43.07704],[-7.43705,43.07523],[-7.43666,43.07349],[-7.43617,43.07304],[-7.43507,43.07259],[-7.43394,43.07069],[-7.43221,43.06919],[-7.43096,43.06769],[-7.42829,43.07118],[-7.41912,43.07291],[-7.42408,43.0799],[-7.42701,43.08922],[-7.42401,43.09796],[-7.43005,43.10541],[-7.42866,43.11203],[-7.41344,43.11843],[-7.40526,43.11888],[-7.40314,43.12403],[-7.40307,43.12805],[-7.40277,43.12833],[-7.41705,43.13514],[-7.42128,43.13814],[-7.42221,43.13764],[-7.42625,43.13872],[-7.4284,43.13807]]]}},{"type":"Feature","properties":{"COD_POSTAL":"27653"},"geometry":{"type":"Polygon","coordinates":[[[-6.99682,42.90825],[-6.99974,42.90654],[-7.00264,42.90747],[-7.00293,42.90724],[-7.00632,42.90665],[-7.00862,42.90734],[-7.0086,42.90965],[-7.00913,42.91132],[-7.00776,42.91405],[-7.00816,42.91629],[-7.00959,42.91763],[-7.01233,42.91927],[-7.01263,42.92028],[-7.01248,42.92098],[-7.01437,42.92225],[-7.01553,42.92242],[-7.01639,42.92286],[-7.01781,42.92409],[-7.01802,42.92598],[-7.0185,42.92699],[-7.01992,42.92845],[-7.02234,42.92945],[-7.02452,42.93188],[-7.02582,42.93223],[-7.02892,42.93456],[-7.03013,42.93453],[-7.0305,42.93503],[-7.03111,42.93526],[-7.03227,42.93728],[-7.03238,42.9379],[-7.03218,42.93815],[-7.03332,42.94011],[-7.03326,42.94076],[-7.03282,42.94118],[-7.03341,42.94229],[-7.03294,42.94303],[-7.03339,42.94365],[-7.03401,42.94365],[-7.03558,42.94455],[-7.0365,42.94459],[-7.04627,42.94298],[-7.04827,42.9426],[-7.04928,42.94203],[-7.04688,42.94137],[-7.04595,42.94029],[-7.04629,42.93804],[-7.05131,42.93573],[-7.05388,42.93396],[-7.05543,42.93208],[-7.05479,42.93221],[-7.05357,42.93139],[-7.05317,42.93147],[-7.05289,42.93168],[-7.05224,42.93331],[-7.05143,42.93382],[-7.04994,42.93223],[-7.04941,42.93208],[-7.04848,42.93215],[-7.0474,42.93329],[-7.04676,42.92781],[-7.04945,42.92331],[-7.04379,42.92011],[-7.03585,42.90961],[-7.03149,42.8985],[-7.02864,42.89477],[-7.02507,42.88872],[-7.02292,42.88298],[-7.01851,42.87591],[-7.00999,42.8762],[-7.00077,42.88364],[-7.00095,42.88837],[-7.00037,42.88882],[-7.00029,42.88997],[-6.9956,42.89091],[-6.99429,42.89216],[-6.99413,42.89345],[-6.99425,42.89919],[-6.99192,42.90143],[-6.99106,42.90304],[-6.99189,42.90647],[-6.99682,42.90825]]]}},{"type":"Feature","properties":{"COD_POSTAL":"27290"},"geometry":{"type":"Polygon","coordinates":[[[-7.52956,43.07459],[-7.5439,43.07779],[-7.54993,43.076],[-7.55109,43.07764],[-7.55865,43.07769],[-7.56283,43.07668],[-7.56822,43.07996],[-7.57767,43.07142],[-7.5769,43.0696],[-7.57517,43.06733],[-7.57424,43.0646],[-7.57462,43.06287],[-7.57387,43.06057],[-7.57054,43.05758],[-7.56997,43.05613],[-7.56794,43.05444],[-7.5671,43.05436],[-7.56666,43.05488],[-7.566,43.05511],[-7.56567,43.05491],[-7.56564,43.05461],[-7.56461,43.05479],[-7.56316,43.05348],[-7.56204,43.05308],[-7.56137,43.05308],[-7.55913,43.05447],[-7.55726,43.0548],[-7.54711,43.05508],[-7.54282,43.0574],[-7.54132,43.05795],[-7.53801,43.05811],[-7.53315,43.05876],[-7.53409,43.06044],[-7.5339,43.06271],[-7.53309,43.06329],[-7.53229,43.06287],[-7.53086,43.06379],[-7.53015,43.06521],[-7.53046,43.06673],[-7.52934,43.06954],[-7.53025,43.07062],[-7.52956,43.07459]]]}},{"type":"Feature","properties":{"COD_POSTAL":"27294"},"geometry":{"type":"Polygon","coordinates":[[[-7.56347,42.99633],[-7.5639,42.99494],[-7.56644,42.99348],[-7.57286,42.99246],[-7.57402,42.99209],[-7.57469,42.99124],[-7.57511,42.98905],[-7.57393,42.9877],[-7.57424,42.98613],[-7.5754,42.98521],[-7.57508,42.98377],[-7.57316,42.98191],[-7.57297,42.98025],[-7.57353,42.97921],[-7.57396,42.97758],[-7.5739,42.97661],[-7.57245,42.97614],[-7.56221,42.97498],[-7.5559,42.97534],[-7.55012,42.97758],[-7.54532,42.97471],[-7.53614,42.96555],[-7.52523,42.96409],[-7.51803,42.96654],[-7.51809,42.96847],[-7.51871,42.96954],[-7.51993,42.97021],[-7.52438,42.97114],[-7.52672,42.9711],[-7.52811,42.97159],[-7.52906,42.97293],[-7.5278,42.97598],[-7.52746,42.97854],[-7.52821,42.98008],[-7.53133,42.98329],[-7.53249,42.98485],[-7.53473,42.98623],[-7.53754,42.98662],[-7.53868,42.98939],[-7.54907,42.98983],[-7.55236,42.99052],[-7.55825,42.99291],[-7.55924,42.99262],[-7.56072,42.99361],[-7.56101,42.99502],[-7.56076,42.99618],[-7.56347,42.99633]]]}},{"type":"Feature","properties":{"COD_POSTAL":"27517"},"geometry":{"type":"Polygon","coordinates":[[[-7.74562,42.61494],[-7.74528,42.61643],[-7.74452,42.61796],[-7.74308,42.61946],[-7.74069,42.62063],[-7.74078,42.62145],[-7.74147,42.62246],[-7.74331,42.62365],[-7.74571,42.62446],[-7.74767,42.62638],[-7.74664,42.62836],[-7.74623,42.62846],[-7.74635,42.62867],[-7.74505,42.6314],[-7.74528,42.63758],[-7.74279,42.63903],[-7.74121,42.63885],[-7.73673,42.6397],[-7.72562,42.64015],[-7.72371,42.63936],[-7.72375,42.64159],[-7.72254,42.64582],[-7.71767,42.64799],[-7.71652,42.64902],[-7.71641,42.64944],[-7.7166,42.6505],[-7.71766,42.65134],[-7.71972,42.65181],[-7.72541,42.65248],[-7.73046,42.65437],[-7.73181,42.6553],[-7.73318,42.65671],[-7.73429,42.65964],[-7.73964,42.65808],[-7.74194,42.65656],[-7.74488,42.65342],[-7.7468,42.65069],[-7.75085,42.64666],[-7.75879,42.64622],[-7.76651,42.64515],[-7.76946,42.64499],[-7.76551,42.63801],[-7.76504,42.63585],[-7.76712,42.63455],[-7.77212,42.63406],[-7.77161,42.62718],[-7.77181,42.62555],[-7.77102,42.62217],[-7.76485,42.62077],[-7.75805,42.61565],[-7.75658,42.61383],[-7.756,42.61221],[-7.75491,42.61126],[-7.75379,42.61104],[-7.74982,42.61166],[-7.74605,42.6117],[-7.74567,42.61492],[-7.74562,42.61494]]]}},{"type":"Feature","properties":{"COD_POSTAL":"27287"},"geometry":{"type":"MultiPolygon","coordinates":[[[[-7.35106,43.30702],[-7.35198,43.30739],[-7.35311,43.30932],[-7.35429,43.30669],[-7.35533,43.30631],[-7.35783,43.30655],[-7.35792,43.30601],[-7.35929,43.30482],[-7.36149,43.30421],[-7.36137,43.30209],[-7.36397,43.29007],[-7.3615,43.28802],[-7.36013,43.28881],[-7.35663,43.28925],[-7.35322,43.28696],[-7.35073,43.28695],[-7.34506,43.28868],[-7.34083,43.28965],[-7.33511,43.29382],[-7.33243,43.29739],[-7.33127,43.29839],[-7.33341,43.30143],[-7.33348,43.30209],[-7.33458,43.30442],[-7.33577,43.30496],[-7.35106,43.30702]]],[[[-7.35932,43.38188],[-7.36367,43.3837],[-7.36633,43.38533],[-7.3675,43.38556],[-7.36915,43.38531],[-7.3777,43.38027],[-7.38073,43.37649],[-7.38457,43.37053],[-7.39323,43.36667],[-7.40083,43.35986],[-7.40297,43.35728],[-7.40962,43.35448],[-7.41756,43.35237],[-7.41973,43.35131],[-7.44139,43.34684],[-7.45629,43.34403],[-7.44922,43.33787],[-7.44494,43.33369],[-7.4451,43.33347],[-7.44085,43.32948],[-7.44086,43.32292],[-7.43659,43.31729],[-7.433,43.31578],[-7.42691,43.31487],[-7.42392,43.31507],[-7.42094,43.31477],[-7.41655,43.31665],[-7.40952,43.31868],[-7.40862,43.32023],[-7.40252,43.32292],[-7.39915,43.31944],[-7.39693,43.31805],[-7.39548,43.31753],[-7.39179,43.31704],[-7.38816,43.31731],[-7.38577,43.33132],[-7.38485,43.33338],[-7.38599,43.33727],[-7.38583,43.34058],[-7.38413,43.34303],[-7.3819,43.34494],[-7.38179,43.34625],[-7.37709,43.34774],[-7.3761,43.34869],[-7.37586,43.34976],[-7.37589,43.35148],[-7.37494,43.35282],[-7.37462,43.35483],[-7.3717,43.35416],[-7.36987,43.35283],[-7.36715,43.35267],[-7.36436,43.35184],[-7.36126,43.35555],[-7.35874,43.35792],[-7.35699,43.36065],[-7.35608,43.36274],[-7.35602,43.36409],[-7.35638,43.36527],[-7.3596,43.36945],[-7.35969,43.37022],[-7.35567,43.37562],[-7.3541,43.3783],[-7.35311,43.37916],[-7.35603,43.38011],[-7.35655,43.38072],[-7.35932,43.38188]]]]}},{"type":"Feature","properties":{"COD_POSTAL":"27214"},"geometry":{"type":"Polygon","coordinates":[[[-7.71005,42.80652],[-7.71176,42.80455],[-7.7145,42.8034],[-7.71503,42.80085],[-7.7167,42.80097],[-7.71901,42.79972],[-7.72134,42.7989],[-7.72302,42.79776],[-7.72425,42.79734],[-7.72481,42.79742],[-7.72963,42.79187],[-7.73161,42.79227],[-7.73386,42.79174],[-7.73591,42.79109],[-7.73741,42.78992],[-7.73973,42.79056],[-7.74258,42.79018],[-7.74357,42.78825],[-7.74473,42.78739],[-7.74861,42.78693],[-7.75016,42.78758],[-7.75232,42.78701],[-7.75488,42.7854],[-7.75213,42.78529],[-7.74399,42.78297],[-7.73465,42.7776],[-7.72362,42.77326],[-7.71447,42.77708],[-7.70961,42.77802],[-7.70707,42.78207],[-7.70044,42.78529],[-7.69873,42.78537],[-7.70167,42.79062],[-7.70638,42.79633],[-7.70791,42.80123],[-7.70679,42.80623],[-7.71005,42.80652]]]}},{"type":"Feature","properties":{"COD_POSTAL":"27166"},"geometry":{"type":"Polygon","coordinates":[[[-7.2899,42.93859],[-7.29012,42.93913],[-7.28761,42.94114],[-7.28358,42.94271],[-7.28334,42.94445],[-7.28292,42.94497],[-7.27605,42.94508],[-7.27425,42.94467],[-7.27347,42.94524],[-7.27321,42.94514],[-7.27373,42.94589],[-7.27459,42.94599],[-7.27535,42.9465],[-7.27542,42.94762],[-7.27748,42.95077],[-7.27866,42.95357],[-7.28114,42.95468],[-7.28388,42.95439],[-7.2864,42.95556],[-7.28886,42.95744],[-7.29216,42.96055],[-7.29312,42.96043],[-7.29373,42.96075],[-7.2958,42.9606],[-7.29632,42.96012],[-7.29991,42.9606],[-7.3038,42.95784],[-7.30328,42.95756],[-7.30117,42.95756],[-7.3012,42.95643],[-7.30245,42.95462],[-7.30506,42.95305],[-7.31061,42.95245],[-7.31155,42.9517],[-7.31334,42.94945],[-7.31656,42.94696],[-7.31424,42.94248],[-7.30621,42.9396],[-7.29574,42.94006],[-7.2941,42.9389],[-7.29367,42.93887],[-7.2899,42.93859]]]}},{"type":"Feature","properties":{"COD_POSTAL":"27331"},"geometry":{"type":"Polygon","coordinates":[[[-7.36804,42.49397],[-7.36402,42.49586],[-7.36025,42.49694],[-7.35915,42.49755],[-7.36038,42.5002],[-7.36107,42.50116],[-7.36117,42.5019],[-7.3593,42.50355],[-7.35879,42.50574],[-7.35822,42.50672],[-7.35815,42.50433],[-7.353,42.50462],[-7.3518,42.50454],[-7.35061,42.50404],[-7.34925,42.50401],[-7.34807,42.50478],[-7.34753,42.5047],[-7.34686,42.50421],[-7.35107,42.51126],[-7.35321,42.51337],[-7.35642,42.51525],[-7.35861,42.51572],[-7.36424,42.51967],[-7.36748,42.52542],[-7.36762,42.52825],[-7.36634,42.5306],[-7.37776,42.53452],[-7.3909,42.53749],[-7.39871,42.53667],[-7.40143,42.53601],[-7.40542,42.53561],[-7.40708,42.5345],[-7.40568,42.5328],[-7.40213,42.52529],[-7.4029,42.5213],[-7.39184,42.5194],[-7.38943,42.51788],[-7.3814,42.51365],[-7.37698,42.50865],[-7.37406,42.50679],[-7.37332,42.50345],[-7.37139,42.49937],[-7.37029,42.49503],[-7.36804,42.49397]]]}},{"type":"Feature","properties":{"COD_POSTAL":"27217"},"geometry":{"type":"Polygon","coordinates":[[[-7.74642,42.91674],[-7.75867,42.92276],[-7.76824,42.92521],[-7.77652,42.9239],[-7.78319,42.92993],[-7.78366,42.92952],[-7.78562,42.92548],[-7.7855,42.91992],[-7.78898,42.92062],[-7.79169,42.92076],[-7.79212,42.92111],[-7.79328,42.92054],[-7.79401,42.9208],[-7.79624,42.92079],[-7.79629,42.92021],[-7.79693,42.91987],[-7.79776,42.91675],[-7.80018,42.91339],[-7.81043,42.90785],[-7.80895,42.90419],[-7.80664,42.89954],[-7.80595,42.89859],[-7.80252,42.89669],[-7.80114,42.89334],[-7.79687,42.89063],[-7.79334,42.88904],[-7.79342,42.88613],[-7.79037,42.87983],[-7.7872,42.87677],[-7.78061,42.8798],[-7.77976,42.87949],[-7.77576,42.88125],[-7.7757,42.88204],[-7.7708,42.8842],[-7.76429,42.88925],[-7.7391,42.89483],[-7.73851,42.90055],[-7.73572,42.9033],[-7.73977,42.91274],[-7.74457,42.91583],[-7.74642,42.91674]]]}},{"type":"Feature","properties":{"COD_POSTAL":"27310"},"geometry":{"type":"Polygon","coordinates":[[[-7.26603,42.44019],[-7.26356,42.44252],[-7.25557,42.44734],[-7.25081,42.44927],[-7.25042,42.45402],[-7.24993,42.4545],[-7.24777,42.45536],[-7.2473,42.45576],[-7.24709,42.45633],[-7.24764,42.45757],[-7.24901,42.45849],[-7.25003,42.45849],[-7.25373,42.45701],[-7.25708,42.45633],[-7.26053,42.45668],[-7.26322,42.45725],[-7.26652,42.45853],[-7.26706,42.45907],[-7.26754,42.4605],[-7.26935,42.46395],[-7.27039,42.46735],[-7.27205,42.4697],[-7.27416,42.47096],[-7.27922,42.47217],[-7.28255,42.47211],[-7.28612,42.47054],[-7.28821,42.46919],[-7.28991,42.46847],[-7.29762,42.46658],[-7.29942,42.46639],[-7.29982,42.46655],[-7.30052,42.46813],[-7.30102,42.47],[-7.30126,42.47287],[-7.30162,42.47359],[-7.3025,42.47397],[-7.30509,42.47391],[-7.30593,42.47325],[-7.30609,42.4726],[-7.30602,42.47193],[-7.30426,42.46864],[-7.30457,42.46775],[-7.30511,42.46693],[-7.30754,42.46466],[-7.30911,42.4636],[-7.30622,42.46032],[-7.30569,42.45689],[-7.31137,42.44416],[-7.30851,42.43847],[-7.30397,42.43328],[-7.30323,42.42816],[-7.302,42.42777],[-7.2979,42.42976],[-7.29015,42.43187],[-7.28106,42.43536],[-7.26603,42.44019]]]}},{"type":"Feature","properties":{"COD_POSTAL":"27743"},"geometry":{"type":"Polygon","coordinates":[[[-7.24093,43.39759],[-7.24073,43.39921],[-7.24252,43.39932],[-7.24413,43.39881],[-7.25104,43.39787],[-7.25903,43.39609],[-7.26536,43.39533],[-7.2692,43.39445],[-7.27172,43.39528],[-7.27564,43.3936],[-7.27645,43.39365],[-7.27791,43.39265],[-7.2769,43.39072],[-7.2767,43.38873],[-7.27773,43.38479],[-7.27746,43.38261],[-7.27861,43.3811],[-7.28422,43.38084],[-7.28641,43.38109],[-7.28447,43.37438],[-7.2831,43.37169],[-7.28198,43.37027],[-7.28087,43.36968],[-7.2784,43.37045],[-7.27645,43.37005],[-7.27509,43.3683],[-7.27506,43.36663],[-7.27036,43.36841],[-7.26797,43.36771],[-7.26472,43.36862],[-7.26393,43.36833],[-7.26315,43.36914],[-7.26165,43.36909],[-7.26067,43.36955],[-7.2582,43.36962],[-7.25665,43.36997],[-7.25569,43.37067],[-7.25498,43.37219],[-7.2536,43.37212],[-7.24943,43.37287],[-7.24755,43.37276],[-7.24524,43.37314],[-7.24162,43.37123],[-7.23887,43.37245],[-7.23739,43.37361],[-7.23859,43.37565],[-7.23957,43.37964],[-7.24166,43.38154],[-7.24267,43.38325],[-7.24398,43.38409],[-7.24395,43.38562],[-7.24649,43.3877],[-7.24809,43.38806],[-7.2483,43.38851],[-7.24832,43.38928],[-7.24804,43.38964],[-7.24333,43.39371],[-7.24271,43.39388],[-7.24142,43.39631],[-7.23813,43.39516],[-7.24119,43.39687],[-7.24093,43.39759]]]}},{"type":"Feature","properties":{"COD_POSTAL":"27161"},"geometry":{"type":"Polygon","coordinates":[[[-7.48654,42.96188],[-7.48893,42.96251],[-7.49303,42.96457],[-7.49448,42.96933],[-7.49933,42.96547],[-7.50155,42.96419],[-7.50386,42.96379],[-7.50804,42.96171],[-7.51018,42.95996],[-7.51117,42.95843],[-7.51424,42.9566],[-7.51788,42.95519],[-7.52258,42.95486],[-7.52264,42.95364],[-7.52226,42.95366],[-7.52193,42.95109],[-7.52008,42.94718],[-7.51695,42.94477],[-7.51429,42.94195],[-7.5135,42.93861],[-7.50889,42.93849],[-7.50759,42.9395],[-7.50688,42.9408],[-7.5054,42.94112],[-7.50149,42.94011],[-7.50091,42.93944],[-7.50079,42.93895],[-7.50028,42.9386],[-7.49897,42.93886],[-7.49753,42.93845],[-7.49554,42.93896],[-7.49447,42.93877],[-7.49371,42.9381],[-7.49315,42.93708],[-7.49196,42.93676],[-7.49075,42.93767],[-7.49056,42.93824],[-7.49072,42.93925],[-7.48986,42.94005],[-7.48838,42.93988],[-7.48834,42.94037],[-7.48888,42.9411],[-7.4886,42.94207],[-7.48722,42.94367],[-7.48735,42.94489],[-7.48706,42.946],[-7.48803,42.94723],[-7.48819,42.94855],[-7.48879,42.94958],[-7.48868,42.95142],[-7.48827,42.95165],[-7.48633,42.95143],[-7.48597,42.95222],[-7.48548,42.9526],[-7.48575,42.9536],[-7.48462,42.95419],[-7.48453,42.95488],[-7.4851,42.95592],[-7.48496,42.95719],[-7.48592,42.95794],[-7.48596,42.95822],[-7.48488,42.9582],[-7.48481,42.95836],[-7.4856,42.95896],[-7.48574,42.95941],[-7.48568,42.96107],[-7.4855,42.96124],[-7.48464,42.96119],[-7.48512,42.9614],[-7.48654,42.96188]]]}},{"type":"Feature","properties":{"COD_POSTAL":"27673"},"geometry":{"type":"Polygon","coordinates":[[[-7.11145,42.69861],[-7.11193,42.69895],[-7.11785,42.69643],[-7.12455,42.6957],[-7.12661,42.69445],[-7.12902,42.69063],[-7.12819,42.68919],[-7.12835,42.68621],[-7.12881,42.68583],[-7.12868,42.68534],[-7.12826,42.68496],[-7.12536,42.68381],[-7.12273,42.6817],[-7.1223,42.67944],[-7.12339,42.67448],[-7.12572,42.67244],[-7.12689,42.67098],[-7.12739,42.67121],[-7.12827,42.67108],[-7.13141,42.67193],[-7.13135,42.67036],[-7.13173,42.66938],[-7.12813,42.66681],[-7.128,42.6663],[-7.1296,42.66402],[-7.12959,42.6637],[-7.1277,42.66278],[-7.12461,42.6599],[-7.12453,42.65899],[-7.12325,42.6578],[-7.12415,42.65581],[-7.12183,42.65492],[-7.11711,42.65437],[-7.11445,42.65363],[-7.10613,42.65828],[-7.10385,42.65749],[-7.10247,42.65521],[-7.10078,42.65352],[-7.09776,42.65152],[-7.0962,42.65],[-7.08838,42.64939],[-7.08595,42.6475],[-7.08179,42.64658],[-7.07982,42.64792],[-7.07584,42.65351],[-7.07193,42.65633],[-7.07138,42.65742],[-7.07477,42.66422],[-7.07115,42.66788],[-7.07124,42.66812],[-7.06959,42.67071],[-7.06955,42.67196],[-7.07288,42.67642],[-7.07707,42.67886],[-7.0784,42.6805],[-7.08002,42.68044],[-7.08021,42.68063],[-7.08392,42.67927],[-7.08636,42.67998],[-7.09298,42.67836],[-7.09226,42.6791],[-7.09242,42.6802],[-7.09399,42.6824],[-7.09704,42.68519],[-7.09697,42.68633],[-7.09545,42.68734],[-7.09514,42.68797],[-7.10567,42.69205],[-7.10873,42.69672],[-7.11145,42.69861]]]}},{"type":"Feature","properties":{"COD_POSTAL":"27665"},"geometry":{"type":"MultiPolygon","coordinates":[[[[-7.0649,42.85608],[-7.06817,42.86299],[-7.0773,42.87139],[-7.07957,42.86322],[-7.08331,42.85992],[-7.08872,42.85874],[-7.09714,42.8578],[-7.1047,42.85333],[-7.10979,42.85279],[-7.10074,42.84455],[-7.09267,42.84038],[-7.0865,42.8401],[-7.08847,42.83591],[-7.08917,42.83514],[-7.08897,42.83476],[-7.08504,42.83383],[-7.08464,42.8335],[-7.08102,42.82897],[-7.07967,42.82587],[-7.07982,42.82349],[-7.07506,42.82081],[-7.06815,42.81138],[-7.05434,42.79485],[-7.04866,42.79055],[-7.04758,42.78676],[-7.03092,42.79867],[-7.02462,42.80051],[-7.03456,42.81226],[-7.03774,42.81459],[-7.0392,42.81356],[-7.04823,42.81719],[-7.04988,42.82627],[-7.049,42.82927],[-7.04223,42.83595],[-7.05044,42.84343],[-7.05046,42.84654],[-7.05675,42.84794],[-7.05855,42.84926],[-7.06021,42.8522],[-7.06454,42.85601],[-7.06489,42.85606],[-7.0649,42.85608]]],[[[-6.91036,42.75589],[-6.92279,42.76408],[-6.93827,42.76739],[-6.94145,42.77103],[-6.9421,42.7791],[-6.94321,42.78006],[-6.94955,42.78016],[-6.96153,42.7665],[-6.96604,42.77277],[-6.97083,42.77541],[-6.98017,42.77583],[-6.97769,42.79007],[-6.98035,42.78926],[-6.98681,42.77468],[-6.98789,42.77554],[-6.99993,42.77757],[-7.00192,42.77703],[-7.00375,42.77271],[-6.99825,42.76377],[-6.98792,42.76499],[-6.99045,42.75657],[-7.00275,42.74853],[-7.00325,42.7427],[-7.00239,42.74224],[-6.99287,42.73048],[-6.99019,42.72661],[-6.98374,42.71869],[-6.97288,42.72501],[-6.96911,42.72938],[-6.96904,42.7296],[-6.97118,42.73391],[-6.97282,42.73792],[-6.96864,42.73907],[-6.9667,42.73872],[-6.96726,42.73956],[-6.9672,42.74006],[-6.96634,42.74095],[-6.96589,42.74187],[-6.96591,42.74235],[-6.96785,42.7475],[-6.96246,42.75317],[-6.9606,42.75391],[-6.95948,42.75503],[-6.95652,42.75564],[-6.95333,42.75229],[-6.95034,42.74695],[-6.94908,42.74404],[-6.94689,42.74151],[-6.94098,42.74082],[-6.93894,42.74107],[-6.9356,42.74086],[-6.93227,42.74261],[-6.93113,42.74295],[-6.93024,42.74402],[-6.92987,42.74493],[-6.92721,42.74583],[-6.92007,42.75009],[-6.91036,42.75589]]]]}},{"type":"Feature","properties":{"COD_POSTAL":"27268"},"geometry":{"type":"Polygon","coordinates":[[[-7.53739,43.17586],[-7.53796,43.17349],[-7.53853,43.17284],[-7.54083,43.17236],[-7.54159,43.1718],[-7.5429,43.17157],[-7.54443,43.17055],[-7.5452,43.17076],[-7.54535,43.1699],[-7.54576,43.16934],[-7.54666,43.16888],[-7.54747,43.16885],[-7.5477,43.16861],[-7.54821,43.16593],[-7.54921,43.16394],[-7.54971,43.16363],[-7.55206,43.16314],[-7.5553,43.16317],[-7.55858,43.1644],[-7.56114,43.16494],[-7.56035,43.16173],[-7.55996,43.15683],[-7.55866,43.1549],[-7.55194,43.15146],[-7.55025,43.15134],[-7.54872,43.15057],[-7.54457,43.14922],[-7.54381,43.14913],[-7.53957,43.14971],[-7.54014,43.14849],[-7.53494,43.15033],[-7.53196,43.15114],[-7.52533,43.15377],[-7.52813,43.15961],[-7.52966,43.16721],[-7.52946,43.17065],[-7.5297,43.17345],[-7.53739,43.17586]]]}},{"type":"Feature","properties":{"COD_POSTAL":"27750"},"geometry":{"type":"Polygon","coordinates":[[[-7.2405,43.44024],[-7.24147,43.44287],[-7.24472,43.43959],[-7.24702,43.43934],[-7.2702,43.4394],[-7.27647,43.43831],[-7.27851,43.43731],[-7.28425,43.43518],[-7.28394,43.43303],[-7.28418,43.43285],[-7.28448,43.43298],[-7.28524,43.43247],[-7.28649,43.42762],[-7.28671,43.42339],[-7.28636,43.42065],[-7.28717,43.41817],[-7.28715,43.41559],[-7.28593,43.41367],[-7.28442,43.40848],[-7.28329,43.40677],[-7.28188,43.40395],[-7.28026,43.40245],[-7.27663,43.39706],[-7.27112,43.39585],[-7.26953,43.39494],[-7.2692,43.39445],[-7.26536,43.39533],[-7.25903,43.39609],[-7.25104,43.39787],[-7.24413,43.39881],[-7.24252,43.39932],[-7.24073,43.39921],[-7.2403,43.40481],[-7.23881,43.40858],[-7.23851,43.41099],[-7.23533,43.41394],[-7.23527,43.41423],[-7.23697,43.41919],[-7.2385,43.42481],[-7.23853,43.42537],[-7.23809,43.42629],[-7.23825,43.42793],[-7.2368,43.42923],[-7.23756,43.43343],[-7.23917,43.43757],[-7.24014,43.43941],[-7.2405,43.44024]]]}},{"type":"Feature","properties":{"COD_POSTAL":"27388"},"geometry":{"type":"Polygon","coordinates":[[[-7.78456,43.15389],[-7.78193,43.1545],[-7.7783,43.1549],[-7.77662,43.15677],[-7.77144,43.15931],[-7.78053,43.16105],[-7.78251,43.16679],[-7.78356,43.16815],[-7.78551,43.16935],[-7.78624,43.17092],[-7.78431,43.17207],[-7.78797,43.17238],[-7.79591,43.1736],[-7.80452,43.1759],[-7.80554,43.17638],[-7.80555,43.17602],[-7.80589,43.17598],[-7.80623,43.17674],[-7.80857,43.17782],[-7.81036,43.17764],[-7.8096,43.17701],[-7.80905,43.17613],[-7.80907,43.17571],[-7.81052,43.17467],[-7.81176,43.17282],[-7.81239,43.17249],[-7.8134,43.17222],[-7.81446,43.1723],[-7.81623,43.17286],[-7.81797,43.1731],[-7.82298,43.17227],[-7.82582,43.17277],[-7.82843,43.17132],[-7.8284,43.17069],[-7.82756,43.16956],[-7.82792,43.16877],[-7.83069,43.16727],[-7.83222,43.16506],[-7.83093,43.16254],[-7.82957,43.16099],[-7.82847,43.1587],[-7.82726,43.1574],[-7.82582,43.15669],[-7.82438,43.15641],[-7.82129,43.15634],[-7.81975,43.15589],[-7.81834,43.15518],[-7.81786,43.15446],[-7.81787,43.15379],[-7.81291,43.15365],[-7.80689,43.15306],[-7.79937,43.15133],[-7.79501,43.15105],[-7.79211,43.15034],[-7.78745,43.15249],[-7.78456,43.15389]]]}},{"type":"Feature","properties":{"COD_POSTAL":"27118"},"geometry":{"type":"Polygon","coordinates":[[[-7.00558,43.13863],[-7.00767,43.14167],[-7.00937,43.14272],[-7.01122,43.14487],[-7.02069,43.14803],[-7.02084,43.1485],[-7.02689,43.14954],[-7.02742,43.1502],[-7.03229,43.15074],[-7.03415,43.15044],[-7.03436,43.14906],[-7.03906,43.14215],[-7.04165,43.13994],[-7.04629,43.1376],[-7.0497,43.13646],[-7.0518,43.13721],[-7.05582,43.13735],[-7.05803,43.13619],[-7.06385,43.13524],[-7.06247,43.12883],[-7.06442,43.12569],[-7.06492,43.1234],[-7.06513,43.11992],[-7.06267,43.11763],[-7.05786,43.10886],[-7.05431,43.10635],[-7.05205,43.10144],[-7.05002,43.1013],[-7.04995,43.10106],[-7.05052,43.10078],[-7.05183,43.10106],[-7.05159,43.09988],[-7.05238,43.09676],[-7.05194,43.09658],[-7.05094,43.09721],[-7.04934,43.09687],[-7.04818,43.09519],[-7.04748,43.09487],[-7.04653,43.09491],[-7.04453,43.09413],[-7.04372,43.09314],[-7.04307,43.091],[-7.04225,43.09031],[-7.04247,43.08982],[-7.04195,43.08858],[-7.04046,43.08772],[-7.03774,43.08901],[-7.03397,43.08945],[-7.03025,43.08945],[-7.02947,43.08926],[-7.02665,43.0907],[-7.02493,43.09056],[-7.02435,43.09073],[-7.0243,43.09138],[-7.02547,43.09249],[-7.0259,43.09337],[-7.02575,43.09423],[-7.02638,43.0949],[-7.02639,43.09566],[-7.02689,43.0959],[-7.0276,43.09904],[-7.02738,43.10003],[-7.02542,43.10077],[-7.02439,43.10243],[-7.02197,43.10326],[-7.0186,43.10569],[-7.01711,43.10647],[-7.01229,43.10722],[-7.00973,43.10928],[-7.00567,43.11056],[-7.00073,43.11084],[-6.99715,43.11137],[-6.99461,43.11232],[-6.99627,43.12225],[-6.99789,43.12421],[-6.9993,43.12979],[-7.00265,43.13029],[-7.00263,43.1306],[-7.00398,43.13153],[-7.0055,43.13674],[-7.00558,43.13863]]]}},{"type":"Feature","properties":{"COD_POSTAL":"27415"},"geometry":{"type":"Polygon","coordinates":[[[-7.45439,42.45167],[-7.45192,42.44816],[-7.44269,42.44063],[-7.4381,42.44152],[-7.43387,42.44149],[-7.43169,42.44333],[-7.43176,42.44767],[-7.43029,42.44964],[-7.42848,42.45039],[-7.41993,42.44755],[-7.42241,42.43769],[-7.41992,42.43357],[-7.41656,42.43043],[-7.41482,42.42939],[-7.41192,42.42601],[-7.40788,42.42798],[-7.40317,42.4288],[-7.40211,42.42935],[-7.40183,42.42973],[-7.40193,42.43046],[-7.40485,42.43146],[-7.40532,42.43262],[-7.40335,42.43718],[-7.40049,42.43888],[-7.39962,42.44096],[-7.40025,42.44115],[-7.40085,42.44092],[-7.40427,42.439],[-7.40632,42.43867],[-7.40828,42.43891],[-7.40891,42.43926],[-7.41119,42.44167],[-7.41186,42.44323],[-7.41154,42.44373],[-7.40905,42.44512],[-7.41007,42.4459],[-7.41128,42.44609],[-7.41208,42.44706],[-7.41269,42.44734],[-7.41258,42.45053],[-7.41213,42.45316],[-7.41266,42.45403],[-7.41257,42.45454],[-7.41218,42.45492],[-7.41018,42.45575],[-7.40786,42.4571],[-7.40598,42.45848],[-7.40546,42.45943],[-7.40553,42.46182],[-7.40509,42.46235],[-7.40392,42.46514],[-7.40856,42.46479],[-7.41676,42.46628],[-7.41839,42.46965],[-7.41814,42.47002],[-7.41897,42.48159],[-7.42112,42.48572],[-7.42037,42.49406],[-7.42305,42.49498],[-7.42717,42.49773],[-7.43344,42.50434],[-7.43566,42.50593],[-7.43794,42.50629],[-7.43904,42.50807],[-7.44449,42.51243],[-7.44872,42.5197],[-7.45369,42.52078],[-7.46388,42.52054],[-7.46441,42.51804],[-7.46212,42.51661],[-7.462,42.51528],[-7.46415,42.51348],[-7.46598,42.51233],[-7.46813,42.5102],[-7.47141,42.51135],[-7.47348,42.5126],[-7.47405,42.51329],[-7.47523,42.51383],[-7.48785,42.5144],[-7.49111,42.51317],[-7.48673,42.50716],[-7.47887,42.50023],[-7.47793,42.4985],[-7.47793,42.49682],[-7.47729,42.49395],[-7.47514,42.491],[-7.46616,42.49279],[-7.46499,42.49006],[-7.46397,42.48847],[-7.46188,42.48667],[-7.45833,42.48273],[-7.45732,42.4803],[-7.45676,42.4777],[-7.45652,42.47489],[-7.45462,42.47216],[-7.45295,42.47157],[-7.44775,42.4686],[-7.44522,42.46424],[-7.447,42.46178],[-7.44629,42.45959],[-7.44784,42.45968],[-7.4486,42.45939],[-7.45061,42.46019],[-7.45214,42.45974],[-7.45352,42.46027],[-7.45486,42.45945],[-7.45615,42.45639],[-7.45439,42.45167]]]}},{"type":"Feature","properties":{"COD_POSTAL":"27533"},"geometry":{"type":"Polygon","coordinates":[[[-7.78253,42.55706],[-7.78073,42.56012],[-7.77946,42.56371],[-7.77924,42.56615],[-7.77858,42.56821],[-7.77654,42.57058],[-7.7757,42.57342],[-7.77488,42.5745],[-7.77337,42.57564],[-7.7763,42.57857],[-7.77659,42.57951],[-7.77989,42.58251],[-7.78381,42.58392],[-7.78526,42.58394],[-7.79126,42.58209],[-7.79898,42.58049],[-7.8009,42.58029],[-7.80271,42.57974],[-7.80145,42.57834],[-7.80109,42.57715],[-7.80127,42.57593],[-7.80434,42.57246],[-7.80651,42.57152],[-7.80812,42.5703],[-7.8095,42.57069],[-7.81594,42.565],[-7.82641,42.56363],[-7.8293,42.56363],[-7.82907,42.55886],[-7.82742,42.55788],[-7.82052,42.5555],[-7.81929,42.55542],[-7.81804,42.55416],[-7.81758,42.55238],[-7.81756,42.55082],[-7.81656,42.55019],[-7.81633,42.54908],[-7.8148,42.54821],[-7.80805,42.54707],[-7.80729,42.54422],[-7.80234,42.54274],[-7.79924,42.54278],[-7.79278,42.54355],[-7.78447,42.54326],[-7.78383,42.54303],[-7.78336,42.54225],[-7.78023,42.54097],[-7.77896,42.54289],[-7.77671,42.54873],[-7.77496,42.55115],[-7.7714,42.55276],[-7.77286,42.5534],[-7.77413,42.55471],[-7.77522,42.5553],[-7.77978,42.55688],[-7.78067,42.55707],[-7.78188,42.55693],[-7.78253,42.55706]]]}},{"type":"Feature","properties":{"COD_POSTAL":"27877"},"geometry":{"type":"Polygon","coordinates":[[[-7.54326,43.68368],[-7.54097,43.68567],[-7.5389,43.69012],[-7.53627,43.69103],[-7.53322,43.69091],[-7.52908,43.69367],[-7.52642,43.69455],[-7.52693,43.70169],[-7.53348,43.7057],[-7.53269,43.7081],[-7.53037,43.70924],[-7.52879,43.70829],[-7.52397,43.70764],[-7.52293,43.70835],[-7.52101,43.70745],[-7.51423,43.70728],[-7.512,43.70587],[-7.51013,43.706],[-7.50227,43.70968],[-7.49922,43.71433],[-7.49901,43.71859],[-7.50067,43.71947],[-7.50185,43.72292],[-7.50379,43.72275],[-7.50469,43.72301],[-7.50577,43.72408],[-7.50711,43.72442],[-7.50803,43.72497],[-7.50871,43.72497],[-7.50865,43.72546],[-7.50892,43.72605],[-7.50941,43.72645],[-7.51015,43.72642],[-7.51076,43.72606],[-7.51102,43.72545],[-7.51123,43.72372],[-7.51151,43.72359],[-7.51212,43.72403],[-7.51374,43.72352],[-7.51386,43.72076],[-7.51343,43.71919],[-7.51416,43.71878],[-7.51452,43.71895],[-7.51479,43.71944],[-7.51476,43.72016],[-7.51597,43.72125],[-7.51547,43.72185],[-7.51448,43.72189],[-7.51423,43.7226],[-7.51432,43.72306],[-7.51491,43.72319],[-7.51458,43.72358],[-7.51472,43.72496],[-7.51561,43.72556],[-7.51503,43.72598],[-7.51513,43.72625],[-7.51576,43.72642],[-7.51517,43.72668],[-7.51521,43.72724],[-7.51686,43.72775],[-7.51672,43.72829],[-7.51593,43.72884],[-7.51658,43.72909],[-7.51694,43.72896],[-7.51703,43.72915],[-7.51662,43.72976],[-7.51713,43.73013],[-7.51802,43.73018],[-7.51897,43.73091],[-7.5195,43.73224],[-7.51993,43.73261],[-7.52098,43.73258],[-7.52209,43.73327],[-7.52278,43.73473],[-7.52363,43.73511],[-7.52419,43.73589],[-7.52469,43.73598],[-7.52524,43.73595],[-7.52587,43.73546],[-7.52791,43.73315],[-7.53024,43.73244],[-7.53209,43.73088],[-7.53251,43.73039],[-7.53279,43.72949],[-7.53319,43.72922],[-7.535,43.7298],[-7.53649,43.72967],[-7.53741,43.73063],[-7.53946,43.73171],[-7.54041,43.73176],[-7.54102,43.73128],[-7.54447,43.73214],[-7.54553,43.7322],[-7.54672,43.73176],[-7.54749,43.73079],[-7.55013,43.73023],[-7.55309,43.73039],[-7.55443,43.72986],[-7.55421,43.72912],[-7.55317,43.72831],[-7.55257,43.72682],[-7.55149,43.72659],[-7.54998,43.72554],[-7.55,43.72529],[-7.55117,43.7247],[-7.55126,43.72443],[-7.5509,43.72393],[-7.55224,43.72318],[-7.55292,43.72221],[-7.55281,43.72188],[-7.55241,43.72169],[-7.55216,43.72069],[-7.55155,43.72034],[-7.55146,43.71985],[-7.55087,43.71914],[-7.55145,43.71882],[-7.5518,43.71825],[-7.55147,43.71729],[-7.55199,43.71663],[-7.55649,43.71499],[-7.55763,43.71412],[-7.55796,43.71357],[-7.55782,43.71258],[-7.55799,43.71173],[-7.5584,43.71125],[-7.55995,43.71054],[-7.56277,43.71067],[-7.56359,43.71026],[-7.56499,43.7101],[-7.57097,43.71069],[-7.57186,43.71142],[-7.57299,43.71137],[-7.57044,43.70662],[-7.5689,43.70297],[-7.56882,43.70184],[-7.56942,43.69948],[-7.56867,43.69652],[-7.56903,43.69532],[-7.56851,43.69363],[-7.56992,43.69129],[-7.56524,43.68719],[-7.564,43.68702],[-7.56179,43.68451],[-7.55862,43.68168],[-7.55798,43.67933],[-7.54696,43.67993],[-7.54361,43.68153],[-7.54326,43.68368]]]}},{"type":"Feature","properties":{"COD_POSTAL":"27714"},"geometry":{"type":"Polygon","coordinates":[[[-7.13413,43.49645],[-7.13384,43.49662],[-7.13377,43.49731],[-7.13336,43.49739],[-7.13163,43.49663],[-7.12993,43.49712],[-7.12927,43.49655],[-7.12875,43.49469],[-7.12825,43.49457],[-7.12674,43.495],[-7.12419,43.49501],[-7.12209,43.49544],[-7.12044,43.4948],[-7.12099,43.4943],[-7.1224,43.49407],[-7.12294,43.4936],[-7.12271,43.49231],[-7.12122,43.49202],[-7.11888,43.49235],[-7.11801,43.49131],[-7.11673,43.49071],[-7.11468,43.48856],[-7.11359,43.48835],[-7.11345,43.48769],[-7.11284,43.48693],[-7.11085,43.48566],[-7.10888,43.48579],[-7.10834,43.48632],[-7.10778,43.48798],[-7.10814,43.49192],[-7.10882,43.49257],[-7.10865,43.49316],[-7.10893,43.49449],[-7.1087,43.49542],[-7.10921,43.49686],[-7.10905,43.49743],[-7.10817,43.49788],[-7.10389,43.49671],[-7.10253,43.49786],[-7.10079,43.50053],[-7.09781,43.49896],[-7.0967,43.49863],[-7.095,43.4988],[-7.09443,43.49828],[-7.09435,43.49765],[-7.09325,43.49654],[-7.08995,43.49673],[-7.08978,43.49623],[-7.08859,43.49614],[-7.08887,43.49541],[-7.08868,43.49489],[-7.08774,43.49445],[-7.08685,43.49446],[-7.08518,43.50024],[-7.08227,43.50022],[-7.07906,43.49847],[-7.08021,43.49832],[-7.08008,43.49761],[-7.07745,43.4962],[-7.0765,43.49665],[-7.07514,43.49613],[-7.07319,43.49466],[-7.07242,43.49435],[-7.07306,43.49379],[-7.07416,43.49359],[-7.07466,43.49381],[-7.07564,43.49316],[-7.07514,43.4924],[-7.07445,43.49234],[-7.0728,43.49095],[-7.07195,43.49082],[-7.07094,43.49137],[-7.06954,43.49144],[-7.06937,43.49113],[-7.06841,43.49549],[-7.07158,43.49767],[-7.0726,43.49978],[-7.07323,43.49982],[-7.07569,43.50114],[-7.07824,43.50736],[-7.07715,43.50832],[-7.07693,43.50995],[-7.07763,43.51085],[-7.07968,43.51146],[-7.08001,43.51215],[-7.08,43.51432],[-7.08028,43.51616],[-7.0815,43.5185],[-7.08571,43.51988],[-7.0926,43.52066],[-7.09528,43.52048],[-7.09616,43.52091],[-7.10212,43.52223],[-7.11222,43.52505],[-7.11449,43.52635],[-7.11498,43.52717],[-7.1172,43.52874],[-7.11929,43.52951],[-7.12776,43.53017],[-7.12906,43.52994],[-7.13133,43.52616],[-7.13357,43.52353],[-7.13864,43.52235],[-7.14176,43.52392],[-7.14365,43.52409],[-7.14583,43.52367],[-7.14935,43.52157],[-7.15204,43.52119],[-7.15304,43.52046],[-7.15392,43.51861],[-7.1538,43.51799],[-7.1574,43.51842],[-7.16512,43.52133],[-7.16916,43.5197],[-7.17165,43.52015],[-7.17786,43.52384],[-7.18002,43.52154],[-7.18234,43.52235],[-7.18317,43.52241],[-7.19024,43.5207],[-7.19251,43.52061],[-7.19683,43.52141],[-7.19867,43.522],[-7.19966,43.51988],[-7.19958,43.51894],[-7.19905,43.51731],[-7.19795,43.51614],[-7.19987,43.51325],[-7.20116,43.51511],[-7.20512,43.51518],[-7.20869,43.51689],[-7.20717,43.51195],[-7.20737,43.50848],[-7.20667,43.5077],[-7.20046,43.50572],[-7.19591,43.50686],[-7.19084,43.50651],[-7.18534,43.50677],[-7.18394,43.50535],[-7.18199,43.50479],[-7.18153,43.50371],[-7.18147,43.50297],[-7.18177,43.5025],[-7.18363,43.50256],[-7.18617,43.50308],[-7.18954,43.50143],[-7.19069,43.50117],[-7.19377,43.50109],[-7.19504,43.50005],[-7.19777,43.49637],[-7.19609,43.49416],[-7.19565,43.49323],[-7.19577,43.49253],[-7.19755,43.49213],[-7.19796,43.49149],[-7.19774,43.49078],[-7.19612,43.48966],[-7.19612,43.48877],[-7.19677,43.48752],[-7.19824,43.48679],[-7.19954,43.48575],[-7.2002,43.48457],[-7.20063,43.48291],[-7.20241,43.47903],[-7.20255,43.47829],[-7.201,43.47689],[-7.19858,43.47389],[-7.19872,43.47266],[-7.19854,43.47215],[-7.19815,43.47287],[-7.1975,43.47343],[-7.19522,43.47432],[-7.1902,43.4749],[-7.18859,43.47533],[-7.18063,43.47584],[-7.17948,43.47637],[-7.17812,43.47747],[-7.1766,43.47811],[-7.16917,43.48026],[-7.1652,43.47942],[-7.16268,43.47771],[-7.16025,43.47666],[-7.15851,43.47514],[-7.15661,43.47526],[-7.15389,43.47453],[-7.15122,43.4763],[-7.1478,43.47934],[-7.14597,43.48175],[-7.14637,43.4849],[-7.14624,43.48745],[-7.14707,43.48875],[-7.14948,43.49082],[-7.14948,43.49194],[-7.14878,43.49315],[-7.14714,43.49411],[-7.14647,43.49527],[-7.14517,43.49527],[-7.14331,43.49644],[-7.14159,43.49598],[-7.13746,43.49404],[-7.13543,43.49441],[-7.13489,43.49486],[-7.13475,43.49641],[-7.13413,43.49645]]]}},{"type":"Feature","properties":{"COD_POSTAL":"27300"},"geometry":{"type":"Polygon","coordinates":[[[-7.91671,43.22986],[-7.92187,43.23088],[-7.92518,43.23193],[-7.92877,43.23237],[-7.93124,43.23239],[-7.934,43.23308],[-7.93591,43.23437],[-7.93943,43.22794],[-7.93752,43.22618],[-7.93776,43.22282],[-7.93493,43.21913],[-7.93325,43.21634],[-7.92979,43.2128],[-7.9301,43.20883],[-7.93198,43.20513],[-7.93368,43.20309],[-7.93577,43.1985],[-7.93534,43.1973],[-7.9343,43.19595],[-7.93332,43.19542],[-7.92989,43.19504],[-7.92858,43.19436],[-7.92796,43.19343],[-7.92779,43.18954],[-7.92736,43.18712],[-7.92655,43.18556],[-7.92528,43.18435],[-7.9209,43.18354],[-7.91781,43.18332],[-7.91502,43.18175],[-7.9134,43.18012],[-7.91231,43.17805],[-7.9112,43.17728],[-7.90948,43.17554],[-7.91008,43.16797],[-7.90867,43.16542],[-7.90765,43.16417],[-7.90699,43.16202],[-7.90784,43.1595],[-7.90614,43.16],[-7.90523,43.15983],[-7.90473,43.15948],[-7.90352,43.15797],[-7.90226,43.15578],[-7.90215,43.15515],[-7.90252,43.15416],[-7.90155,43.15289],[-7.9017,43.152],[-7.90336,43.14987],[-7.90294,43.14982],[-7.89886,43.15173],[-7.89749,43.15127],[-7.89647,43.15122],[-7.89507,43.1518],[-7.89356,43.15143],[-7.89164,43.15172],[-7.89056,43.15164],[-7.88766,43.1545],[-7.88756,43.15604],[-7.88647,43.15616],[-7.88521,43.15702],[-7.88363,43.15675],[-7.88184,43.1571],[-7.87916,43.15692],[-7.87458,43.15747],[-7.87339,43.15726],[-7.87134,43.1564],[-7.87022,43.15628],[-7.86778,43.15684],[-7.86772,43.15717],[-7.86818,43.15765],[-7.86982,43.15851],[-7.87074,43.15942],[-7.87092,43.15982],[-7.87066,43.16072],[-7.87079,43.16144],[-7.87143,43.16211],[-7.87228,43.16436],[-7.8754,43.1663],[-7.87575,43.16826],[-7.87723,43.16994],[-7.87762,43.1709],[-7.87748,43.17141],[-7.87492,43.17348],[-7.8733,43.17417],[-7.87237,43.17576],[-7.87053,43.17616],[-7.86943,43.1768],[-7.86541,43.1806],[-7.86304,43.18192],[-7.8595,43.18302],[-7.85938,43.18383],[-7.86042,43.18665],[-7.86073,43.18814],[-7.86314,43.19007],[-7.86359,43.19114],[-7.86565,43.19329],[-7.86666,43.19602],[-7.86718,43.19652],[-7.86895,43.19708],[-7.86953,43.19708],[-7.87122,43.19643],[-7.87509,43.19669],[-7.87586,43.19693],[-7.87621,43.19741],[-7.87603,43.19835],[-7.87653,43.19848],[-7.87812,43.19808],[-7.87875,43.19823],[-7.87843,43.19887],[-7.87908,43.19918],[-7.88159,43.19909],[-7.88322,43.19944],[-7.88448,43.2001],[-7.88557,43.20159],[-7.88541,43.20225],[-7.88505,43.20248],[-7.88164,43.20336],[-7.88115,43.20384],[-7.88152,43.20575],[-7.88091,43.20631],[-7.87978,43.20663],[-7.8787,43.20739],[-7.87806,43.20839],[-7.87807,43.20934],[-7.87768,43.20996],[-7.87655,43.21088],[-7.87637,43.21192],[-7.87889,43.21282],[-7.87849,43.21425],[-7.88098,43.21671],[-7.88182,43.21844],[-7.88186,43.21968],[-7.88141,43.22205],[-7.88062,43.22382],[-7.88575,43.22724],[-7.88799,43.228],[-7.88969,43.22797],[-7.89262,43.22723],[-7.89459,43.22719],[-7.89722,43.22731],[-7.89958,43.2282],[-7.90121,43.22901],[-7.90189,43.23],[-7.90333,43.23072],[-7.90372,43.23146],[-7.90378,43.23333],[-7.90494,43.23411],[-7.90691,43.23381],[-7.90827,43.23213],[-7.90974,43.2312],[-7.90975,43.2304],[-7.91232,43.22994],[-7.91297,43.22901],[-7.91351,43.22884],[-7.91469,43.22908],[-7.91671,43.22986]]]}},{"type":"Feature","properties":{"COD_POSTAL":"27791"},"geometry":{"type":"Polygon","coordinates":[[[-7.39567,43.39995],[-7.39743,43.3996],[-7.40162,43.39291],[-7.40412,43.39234],[-7.41364,43.39367],[-7.41701,43.39375],[-7.42038,43.39334],[-7.42744,43.39131],[-7.43092,43.38904],[-7.43069,43.38825],[-7.42989,43.38692],[-7.42852,43.3836],[-7.42499,43.38594],[-7.42325,43.38507],[-7.42192,43.38407],[-7.42082,43.38259],[-7.41968,43.38186],[-7.41882,43.3816],[-7.41676,43.38162],[-7.41524,43.38192],[-7.4136,43.38182],[-7.41281,43.38193],[-7.4101,43.38367],[-7.40823,43.38431],[-7.40772,43.38508],[-7.4065,43.38557],[-7.40523,43.38708],[-7.40411,43.38739],[-7.40269,43.38711],[-7.40154,43.38777],[-7.40059,43.38788],[-7.39905,43.38863],[-7.39687,43.38923],[-7.39543,43.39042],[-7.393,43.39036],[-7.39226,43.3914],[-7.39173,43.39169],[-7.39095,43.39147],[-7.39064,43.39115],[-7.39023,43.38973],[-7.38919,43.38775],[-7.38799,43.38669],[-7.3835,43.38401],[-7.37759,43.38241],[-7.37751,43.38762],[-7.38195,43.38842],[-7.38396,43.3901],[-7.38484,43.39181],[-7.38487,43.39398],[-7.38614,43.39649],[-7.38774,43.39857],[-7.39033,43.39986],[-7.39567,43.39995]]]}},{"type":"Feature","properties":{"COD_POSTAL":"27470"},"geometry":{"type":"Polygon","coordinates":[[[-7.67107,42.48444],[-7.68346,42.48354],[-7.70077,42.47719],[-7.70438,42.47697],[-7.70846,42.47796],[-7.7116,42.47654],[-7.71443,42.47636],[-7.71517,42.47614],[-7.71616,42.47539],[-7.71825,42.47479],[-7.71992,42.47362],[-7.72083,42.47248],[-7.72344,42.46806],[-7.72392,42.46575],[-7.72298,42.46305],[-7.72303,42.46269],[-7.73007,42.45816],[-7.73089,42.45656],[-7.73098,42.45445],[-7.73066,42.45384],[-7.72782,42.45427],[-7.72555,42.4539],[-7.7201,42.45248],[-7.71511,42.45283],[-7.71374,42.45259],[-7.7127,42.45206],[-7.7106,42.44932],[-7.70595,42.44519],[-7.70495,42.44399],[-7.70339,42.43689],[-7.70148,42.43258],[-7.70077,42.43177],[-7.69787,42.42954],[-7.68954,42.42561],[-7.6859,42.43192],[-7.68477,42.43864],[-7.67977,42.44374],[-7.68044,42.44557],[-7.6791,42.45009],[-7.68254,42.45576],[-7.68179,42.45715],[-7.6639,42.46567],[-7.6633,42.47144],[-7.6645,42.47329],[-7.66712,42.47529],[-7.66961,42.47912],[-7.67057,42.48254],[-7.67107,42.48444]]]}},{"type":"Feature","properties":{"COD_POSTAL":"27675"},"geometry":{"type":"Polygon","coordinates":[[[-7.05059,42.76981],[-7.05044,42.7699],[-7.05478,42.77535],[-7.05693,42.77966],[-7.06186,42.78206],[-7.06977,42.78388],[-7.07233,42.78327],[-7.07199,42.78321],[-7.0752,42.78226],[-7.07668,42.78104],[-7.0802,42.77566],[-7.0844,42.77231],[-7.08787,42.76451],[-7.08956,42.75925],[-7.09014,42.75429],[-7.09079,42.75187],[-7.08981,42.74606],[-7.09133,42.74334],[-7.09937,42.74124],[-7.09531,42.73885],[-7.09389,42.73844],[-7.09304,42.73859],[-7.09171,42.74018],[-7.09115,42.74044],[-7.08884,42.74061],[-7.0866,42.74042],[-7.08597,42.73987],[-7.0858,42.7393],[-7.07999,42.73938],[-7.07011,42.73889],[-7.06892,42.73826],[-7.06649,42.73622],[-7.06177,42.73561],[-7.05854,42.73302],[-7.04195,42.72494],[-7.03987,42.72334],[-7.03592,42.72275],[-7.02057,42.73307],[-7.01763,42.73434],[-7.01646,42.73606],[-7.01543,42.73651],[-7.01421,42.73748],[-7.01386,42.7385],[-7.01234,42.73785],[-7.0112,42.73676],[-7.00996,42.73738],[-6.99767,42.73626],[-7.00239,42.74224],[-7.00518,42.74386],[-7.00663,42.7455],[-7.00921,42.74635],[-7.01031,42.74749],[-7.01068,42.74848],[-7.01651,42.74666],[-7.022,42.74552],[-7.02713,42.74624],[-7.03718,42.75416],[-7.03869,42.75675],[-7.04276,42.76138],[-7.05059,42.76981]]]}},{"type":"Feature","properties":{"COD_POSTAL":"27713"},"geometry":{"type":"Polygon","coordinates":[[[-7.05456,43.53467],[-7.05508,43.53496],[-7.05695,43.53946],[-7.05852,43.54077],[-7.0583,43.54173],[-7.06026,43.54179],[-7.06039,43.53716],[-7.06077,43.53633],[-7.06314,43.53556],[-7.06491,43.53425],[-7.06792,43.53369],[-7.06919,43.53273],[-7.07384,43.5301],[-7.07974,43.52403],[-7.08529,43.52299],[-7.09213,43.52263],[-7.09528,43.52048],[-7.0926,43.52066],[-7.08571,43.51988],[-7.0815,43.5185],[-7.08028,43.51616],[-7.08,43.51432],[-7.08001,43.51215],[-7.07968,43.51146],[-7.07763,43.51085],[-7.07693,43.50995],[-7.07715,43.50832],[-7.07824,43.50736],[-7.07569,43.50114],[-7.07323,43.49982],[-7.0726,43.49978],[-7.07158,43.49767],[-7.06841,43.49549],[-7.06937,43.49113],[-7.06496,43.49192],[-7.06358,43.49294],[-7.06272,43.49435],[-7.0615,43.49493],[-7.05715,43.49423],[-7.0554,43.4937],[-7.05463,43.49385],[-7.04609,43.49274],[-7.04499,43.49493],[-7.045,43.49568],[-7.0455,43.49696],[-7.0481,43.50017],[-7.04847,43.5011],[-7.04855,43.50301],[-7.04718,43.50899],[-7.04574,43.51229],[-7.04478,43.51619],[-7.0411,43.52181],[-7.04033,43.52409],[-7.03876,43.52628],[-7.04495,43.52799],[-7.04721,43.53058],[-7.04835,43.53142],[-7.04999,43.53234],[-7.05121,43.53259],[-7.05078,43.53287],[-7.05179,43.53386],[-7.05409,43.5334],[-7.05437,43.5336],[-7.05456,43.53467]]]}},{"type":"Feature","properties":{"COD_POSTAL":"27797"},"geometry":{"type":"Polygon","coordinates":[[[-7.09632,43.55737],[-7.09737,43.557],[-7.09733,43.55604],[-7.0988,43.55576],[-7.09968,43.55492],[-7.09979,43.55246],[-7.10012,43.55138],[-7.11006,43.5518],[-7.11074,43.55356],[-7.11191,43.55379],[-7.11361,43.55377],[-7.11548,43.55309],[-7.11635,43.5531],[-7.11574,43.55202],[-7.11864,43.54969],[-7.11893,43.54912],[-7.11576,43.5465],[-7.11554,43.54387],[-7.11445,43.54167],[-7.11477,43.541],[-7.11459,43.53923],[-7.11531,43.53675],[-7.11589,43.53578],[-7.11733,43.53447],[-7.11499,43.53068],[-7.11766,43.52961],[-7.11929,43.52951],[-7.1172,43.52874],[-7.11498,43.52717],[-7.11449,43.52635],[-7.11222,43.52505],[-7.10212,43.52223],[-7.09593,43.5208],[-7.09604,43.521],[-7.09332,43.52303],[-7.0877,43.52686],[-7.08806,43.52901],[-7.08871,43.52943],[-7.08822,43.52999],[-7.08846,43.53143],[-7.08735,43.53326],[-7.08742,43.53587],[-7.08523,43.53664],[-7.08345,43.5391],[-7.08172,43.54401],[-7.0822,43.54694],[-7.07789,43.54995],[-7.07748,43.55222],[-7.07754,43.55398],[-7.0782,43.55434],[-7.07879,43.55536],[-7.0783,43.55576],[-7.07927,43.55619],[-7.07947,43.55605],[-7.07936,43.55563],[-7.08011,43.55548],[-7.08078,43.55597],[-7.08147,43.55611],[-7.08142,43.55667],[-7.0823,43.55722],[-7.08289,43.55696],[-7.08292,43.55631],[-7.08418,43.55702],[-7.08422,43.55637],[-7.08522,43.55699],[-7.08611,43.55713],[-7.08644,43.55713],[-7.08674,43.55651],[-7.08821,43.55673],[-7.08879,43.55598],[-7.08828,43.55557],[-7.08885,43.55528],[-7.0889,43.55492],[-7.08856,43.55443],[-7.08941,43.55481],[-7.09055,43.55481],[-7.09128,43.55514],[-7.09203,43.55449],[-7.09204,43.55532],[-7.09287,43.55563],[-7.09373,43.55527],[-7.09364,43.55567],[-7.09398,43.55592],[-7.09346,43.5561],[-7.09514,43.55631],[-7.09551,43.55658],[-7.09466,43.55674],[-7.09438,43.55687],[-7.09451,43.55704],[-7.09595,43.55701],[-7.09632,43.55737]]]}},{"type":"Feature","properties":{"COD_POSTAL":"27579"},"geometry":{"type":"Polygon","coordinates":[[[-7.88859,42.82242],[-7.88893,42.82258],[-7.88963,42.82239],[-7.89154,42.82077],[-7.89269,42.82081],[-7.89365,42.82043],[-7.89675,42.82172],[-7.89775,42.82159],[-7.89947,42.82077],[-7.90725,42.82057],[-7.90792,42.82038],[-7.91128,42.81684],[-7.91241,42.81667],[-7.91307,42.81717],[-7.91392,42.81725],[-7.91407,42.81588],[-7.91361,42.81561],[-7.91353,42.81505],[-7.91244,42.81488],[-7.91256,42.81424],[-7.91323,42.81376],[-7.91351,42.81221],[-7.91482,42.81116],[-7.91439,42.80898],[-7.91286,42.80575],[-7.9129,42.80469],[-7.91138,42.80268],[-7.9133,42.80153],[-7.91468,42.79997],[-7.91475,42.79843],[-7.91443,42.79768],[-7.91311,42.79751],[-7.91067,42.79593],[-7.91104,42.79489],[-7.9128,42.7944],[-7.91352,42.79459],[-7.91383,42.79402],[-7.91335,42.79314],[-7.91332,42.7926],[-7.9137,42.79206],[-7.91263,42.78845],[-7.91094,42.78687],[-7.90968,42.7849],[-7.89486,42.78437],[-7.89228,42.78503],[-7.89125,42.78787],[-7.89537,42.79992],[-7.89009,42.79707],[-7.88919,42.7957],[-7.88716,42.79512],[-7.88347,42.79478],[-7.87884,42.79504],[-7.87937,42.79343],[-7.88152,42.79148],[-7.88124,42.7907],[-7.87954,42.7889],[-7.88074,42.78775],[-7.88112,42.78693],[-7.88114,42.78453],[-7.87968,42.78436],[-7.8785,42.78341],[-7.88282,42.78183],[-7.88421,42.78028],[-7.88772,42.77463],[-7.88866,42.77044],[-7.88568,42.76971],[-7.87756,42.76657],[-7.87758,42.76156],[-7.8749,42.75218],[-7.87954,42.74571],[-7.8782,42.744],[-7.8734,42.74258],[-7.87056,42.74094],[-7.86688,42.73987],[-7.8673,42.73892],[-7.87149,42.73797],[-7.87147,42.73689],[-7.87079,42.73466],[-7.87059,42.73122],[-7.86967,42.72842],[-7.86855,42.7277],[-7.86609,42.72667],[-7.86385,42.7251],[-7.86321,42.7232],[-7.86252,42.72275],[-7.86232,42.72215],[-7.85903,42.72096],[-7.85063,42.71696],[-7.83475,42.71806],[-7.82937,42.72193],[-7.82575,42.72404],[-7.82757,42.7268],[-7.82798,42.72837],[-7.83083,42.73056],[-7.8275,42.73315],[-7.82563,42.73614],[-7.82278,42.7363],[-7.82031,42.7383],[-7.81964,42.73972],[-7.8186,42.74017],[-7.81881,42.74406],[-7.82002,42.7447],[-7.8219,42.74462],[-7.82307,42.74669],[-7.8243,42.74757],[-7.8264,42.74823],[-7.82768,42.74999],[-7.82809,42.75018],[-7.82921,42.74924],[-7.82989,42.74944],[-7.83023,42.74929],[-7.83108,42.74848],[-7.83127,42.75007],[-7.83799,42.75176],[-7.84098,42.75335],[-7.84394,42.75652],[-7.84629,42.76059],[-7.84789,42.76168],[-7.84547,42.7624],[-7.84476,42.76283],[-7.84241,42.76321],[-7.84024,42.76422],[-7.83993,42.76469],[-7.83995,42.76525],[-7.83936,42.7654],[-7.83903,42.76593],[-7.8377,42.76624],[-7.83812,42.7674],[-7.83703,42.76831],[-7.8369,42.76874],[-7.83633,42.76907],[-7.83619,42.76946],[-7.83724,42.77233],[-7.83911,42.77279],[-7.83837,42.77376],[-7.83822,42.77492],[-7.83753,42.77552],[-7.83742,42.77762],[-7.83865,42.77823],[-7.83945,42.77925],[-7.83974,42.7813],[-7.84194,42.78502],[-7.84159,42.78623],[-7.84324,42.78651],[-7.84567,42.78755],[-7.84685,42.78873],[-7.84773,42.78911],[-7.84855,42.78909],[-7.85085,42.78986],[-7.85332,42.78995],[-7.85484,42.79032],[-7.85566,42.79008],[-7.85663,42.79067],[-7.85821,42.79082],[-7.85831,42.79133],[-7.85873,42.79145],[-7.859,42.79112],[-7.85963,42.79104],[-7.86115,42.79261],[-7.86003,42.79315],[-7.85958,42.79476],[-7.86045,42.79536],[-7.86029,42.79622],[-7.86088,42.79588],[-7.86123,42.79615],[-7.86087,42.79705],[-7.86028,42.79739],[-7.86042,42.79768],[-7.8612,42.79815],[-7.86234,42.79817],[-7.86314,42.79878],[-7.86326,42.79909],[-7.86258,42.79999],[-7.86285,42.80045],[-7.86448,42.80052],[-7.86645,42.80123],[-7.86756,42.80223],[-7.86888,42.80285],[-7.86868,42.80428],[-7.86919,42.80649],[-7.87019,42.80746],[-7.87335,42.80814],[-7.87494,42.80939],[-7.87608,42.80949],[-7.87703,42.80992],[-7.87855,42.80957],[-7.87939,42.809],[-7.88127,42.80863],[-7.88278,42.80935],[-7.88405,42.8093],[-7.88433,42.80982],[-7.88417,42.81083],[-7.88284,42.81258],[-7.88259,42.81396],[-7.88409,42.81418],[-7.88469,42.81449],[-7.88574,42.81597],[-7.88603,42.81773],[-7.88705,42.81987],[-7.88842,42.82074],[-7.88843,42.82201],[-7.88859,42.82242]]]}},{"type":"Feature","properties":{"COD_POSTAL":"27578"},"geometry":{"type":"Polygon","coordinates":[[[-7.89255,42.77019],[-7.89467,42.77141],[-7.89664,42.77457],[-7.89819,42.77586],[-7.91038,42.78025],[-7.91487,42.77371],[-7.91824,42.77252],[-7.92306,42.77171],[-7.92556,42.77152],[-7.92983,42.77057],[-7.92808,42.76844],[-7.92595,42.76392],[-7.92517,42.75929],[-7.92551,42.75798],[-7.92679,42.75746],[-7.9322,42.75631],[-7.93655,42.75114],[-7.93945,42.74651],[-7.93813,42.74494],[-7.93537,42.73974],[-7.92546,42.73589],[-7.9181,42.73425],[-7.91129,42.73467],[-7.90223,42.73336],[-7.89933,42.73173],[-7.89747,42.73174],[-7.89447,42.72922],[-7.88858,42.72638],[-7.88609,42.72576],[-7.87287,42.72022],[-7.86639,42.72064],[-7.86321,42.7232],[-7.86385,42.7251],[-7.86609,42.72667],[-7.86855,42.7277],[-7.86967,42.72842],[-7.87059,42.73122],[-7.87079,42.73466],[-7.87147,42.73689],[-7.87149,42.73797],[-7.8673,42.73892],[-7.86688,42.73987],[-7.87056,42.74094],[-7.8734,42.74258],[-7.8782,42.744],[-7.87954,42.74571],[-7.8749,42.75218],[-7.87758,42.76156],[-7.87756,42.76657],[-7.88568,42.76971],[-7.88866,42.77044],[-7.89255,42.77019]]]}},{"type":"Feature","properties":{"COD_POSTAL":"27309"},"geometry":{"type":"Polygon","coordinates":[[[-7.90699,43.16202],[-7.90765,43.16417],[-7.90867,43.16542],[-7.91008,43.16797],[-7.90948,43.17554],[-7.9112,43.17728],[-7.91231,43.17805],[-7.9134,43.18012],[-7.91502,43.18175],[-7.91781,43.18332],[-7.9209,43.18354],[-7.92528,43.18435],[-7.92655,43.18556],[-7.92736,43.18712],[-7.92779,43.18954],[-7.92796,43.19343],[-7.92858,43.19436],[-7.92989,43.19504],[-7.93332,43.19542],[-7.9343,43.19595],[-7.93534,43.1973],[-7.93577,43.1985],[-7.93368,43.20309],[-7.93198,43.20513],[-7.9301,43.20883],[-7.92979,43.2128],[-7.93325,43.21634],[-7.93493,43.21913],[-7.93776,43.22282],[-7.93752,43.22618],[-7.93943,43.22794],[-7.94085,43.22535],[-7.94362,43.21563],[-7.94489,43.21458],[-7.95327,43.2015],[-7.95473,43.20036],[-7.95418,43.19995],[-7.95505,43.19885],[-7.95587,43.19914],[-7.95591,43.198],[-7.961,43.18988],[-7.95828,43.18269],[-7.95074,43.17717],[-7.95068,43.17555],[-7.9513,43.17374],[-7.95066,43.17052],[-7.95191,43.16821],[-7.95207,43.16674],[-7.95217,43.16382],[-7.95145,43.16216],[-7.947,43.16131],[-7.94456,43.16113],[-7.93658,43.15898],[-7.92844,43.1582],[-7.92621,43.15747],[-7.9248,43.15749],[-7.92111,43.15828],[-7.91849,43.15977],[-7.91754,43.15973],[-7.91112,43.15817],[-7.91009,43.15812],[-7.90917,43.15842],[-7.90784,43.1595],[-7.90699,43.16202]]]}},{"type":"Feature","properties":{"COD_POSTAL":"27869"},"geometry":{"type":"Polygon","coordinates":[[[-7.61128,43.66372],[-7.61177,43.664],[-7.61306,43.66318],[-7.61475,43.66091],[-7.61545,43.66075],[-7.62576,43.66256],[-7.62687,43.66266],[-7.628,43.66238],[-7.6289,43.6596],[-7.62944,43.65871],[-7.62948,43.65762],[-7.63006,43.65682],[-7.63009,43.65569],[-7.63134,43.65474],[-7.63493,43.65495],[-7.63518,43.65477],[-7.63834,43.65453],[-7.64121,43.65276],[-7.64187,43.65425],[-7.64658,43.65592],[-7.64836,43.65608],[-7.64951,43.65049],[-7.65204,43.64835],[-7.65321,43.64698],[-7.64803,43.64639],[-7.64565,43.64655],[-7.64588,43.64718],[-7.64415,43.64815],[-7.6409,43.64802],[-7.64027,43.6487],[-7.63845,43.64728],[-7.63553,43.64733],[-7.63372,43.64697],[-7.63285,43.64643],[-7.63218,43.64677],[-7.63019,43.6468],[-7.62934,43.64594],[-7.62819,43.64677],[-7.62749,43.64587],[-7.62735,43.64493],[-7.62959,43.64437],[-7.62939,43.64283],[-7.62736,43.64042],[-7.62173,43.63856],[-7.62019,43.63837],[-7.61818,43.6388],[-7.61573,43.63849],[-7.61568,43.63995],[-7.61487,43.64227],[-7.6147,43.64391],[-7.61344,43.6459],[-7.61201,43.64648],[-7.60899,43.64501],[-7.60681,43.64522],[-7.60584,43.64567],[-7.60481,43.6468],[-7.60482,43.6472],[-7.60698,43.64773],[-7.60817,43.64864],[-7.60938,43.65131],[-7.60941,43.65291],[-7.6082,43.65545],[-7.60625,43.65774],[-7.60327,43.65929],[-7.60386,43.66106],[-7.60342,43.66233],[-7.60482,43.66249],[-7.6056,43.66222],[-7.60706,43.66334],[-7.60921,43.66356],[-7.61128,43.66372]]]}},{"type":"Feature","properties":{"COD_POSTAL":"27825"},"geometry":{"type":"Polygon","coordinates":[[[-7.7532,43.35145],[-7.75392,43.35056],[-7.75465,43.34851],[-7.7551,43.34865],[-7.75681,43.34666],[-7.76178,43.34304],[-7.76824,43.34047],[-7.76961,43.3397],[-7.77459,43.33861],[-7.77999,43.33656],[-7.78122,43.33536],[-7.78227,43.33537],[-7.78377,43.33475],[-7.78426,43.33422],[-7.7852,43.33403],[-7.78548,43.33257],[-7.78583,43.33201],[-7.78694,43.33123],[-7.78836,43.33115],[-7.78959,43.33156],[-7.79261,43.33189],[-7.79517,43.33172],[-7.79869,43.33059],[-7.80119,43.33026],[-7.80837,43.33275],[-7.81209,43.33289],[-7.81758,43.33239],[-7.81941,43.33282],[-7.82539,43.33259],[-7.82838,43.33329],[-7.83101,43.3332],[-7.83015,43.33265],[-7.83002,43.33231],[-7.83019,43.33191],[-7.83141,43.33112],[-7.83176,43.33057],[-7.83169,43.32963],[-7.83088,43.32825],[-7.83168,43.32683],[-7.83175,43.32464],[-7.83046,43.32104],[-7.83058,43.31866],[-7.82102,43.31929],[-7.82006,43.31972],[-7.80966,43.32027],[-7.80594,43.32146],[-7.80325,43.32146],[-7.79694,43.32265],[-7.79196,43.3231],[-7.78779,43.3239],[-7.78389,43.32343],[-7.78079,43.32193],[-7.77943,43.32086],[-7.77687,43.31694],[-7.77428,43.3137],[-7.77341,43.31187],[-7.77259,43.31164],[-7.7695,43.31155],[-7.7684,43.30913],[-7.7634,43.31051],[-7.76178,43.31118],[-7.7606,43.31175],[-7.76045,43.31265],[-7.76,43.31309],[-7.75879,43.31343],[-7.75723,43.31523],[-7.75841,43.31784],[-7.75853,43.3189],[-7.75704,43.31972],[-7.755,43.31989],[-7.75213,43.32127],[-7.7515,43.32197],[-7.74583,43.32399],[-7.7437,43.32427],[-7.74097,43.32406],[-7.74563,43.33229],[-7.7464,43.33433],[-7.74662,43.33715],[-7.74613,43.33934],[-7.74629,43.34055],[-7.74725,43.34276],[-7.75027,43.34844],[-7.75311,43.35167],[-7.7532,43.35145]]]}},{"type":"Feature","properties":{"COD_POSTAL":"27410"},"geometry":{"type":"Polygon","coordinates":[[[-7.4648,42.58992],[-7.47041,42.58568],[-7.46888,42.58269],[-7.4683,42.58234],[-7.46653,42.58241],[-7.47197,42.58043],[-7.47995,42.57954],[-7.48799,42.5812],[-7.49755,42.57335],[-7.49872,42.57195],[-7.49776,42.56612],[-7.49631,42.55991],[-7.49824,42.55773],[-7.50278,42.55779],[-7.5065,42.55751],[-7.5114,42.55681],[-7.50905,42.55158],[-7.50903,42.54829],[-7.50979,42.54601],[-7.51112,42.54361],[-7.51058,42.54121],[-7.51165,42.53877],[-7.50854,42.53309],[-7.50523,42.53486],[-7.50475,42.53647],[-7.50011,42.53987],[-7.49656,42.54009],[-7.49457,42.54056],[-7.48922,42.5446],[-7.48691,42.54519],[-7.48116,42.54488],[-7.47761,42.54406],[-7.47188,42.54348],[-7.46544,42.54505],[-7.45382,42.54934],[-7.44516,42.5515],[-7.44447,42.55256],[-7.44578,42.55309],[-7.44786,42.5549],[-7.45376,42.5553],[-7.45475,42.556],[-7.45719,42.55852],[-7.45787,42.55991],[-7.45984,42.56098],[-7.45536,42.57384],[-7.45355,42.57632],[-7.45176,42.58557],[-7.45636,42.58913],[-7.4648,42.58992]]]}},{"type":"Feature","properties":{"COD_POSTAL":"27816"},"geometry":{"type":"Polygon","coordinates":[[[-7.66011,43.44779],[-7.66335,43.44548],[-7.66562,43.44464],[-7.66989,43.4456],[-7.67429,43.4444],[-7.67827,43.44292],[-7.67834,43.44206],[-7.67659,43.43852],[-7.67674,43.43634],[-7.67636,43.43568],[-7.6764,43.43527],[-7.68122,43.4314],[-7.68139,43.43042],[-7.68278,43.427],[-7.68396,43.42566],[-7.68539,43.42479],[-7.68559,43.42381],[-7.68687,43.42077],[-7.68477,43.41842],[-7.68464,43.41802],[-7.68645,43.41593],[-7.68951,43.41413],[-7.69409,43.40973],[-7.69609,43.40508],[-7.69794,43.40211],[-7.69961,43.40074],[-7.70085,43.39808],[-7.70325,43.39601],[-7.70449,43.39381],[-7.70699,43.39064],[-7.70772,43.38752],[-7.70765,43.38324],[-7.70792,43.38042],[-7.70669,43.37786],[-7.70389,43.37524],[-7.71139,43.37495],[-7.71135,43.3694],[-7.71045,43.36449],[-7.69988,43.35641],[-7.69787,43.35247],[-7.69174,43.34386],[-7.68919,43.34158],[-7.68748,43.33944],[-7.6915,43.3361],[-7.69122,43.33478],[-7.69014,43.33343],[-7.68586,43.32987],[-7.68417,43.32739],[-7.68389,43.32631],[-7.68403,43.32459],[-7.68345,43.32352],[-7.68324,43.32179],[-7.68644,43.32032],[-7.68736,43.31942],[-7.68534,43.31696],[-7.68392,43.31433],[-7.67959,43.31546],[-7.67674,43.31462],[-7.67107,43.31429],[-7.66615,43.31427],[-7.6588,43.31491],[-7.66076,43.31698],[-7.66102,43.31813],[-7.66082,43.31921],[-7.65981,43.32031],[-7.65594,43.32294],[-7.64938,43.32685],[-7.64382,43.33076],[-7.63876,43.33772],[-7.63635,43.34268],[-7.63516,43.34447],[-7.63324,43.34925],[-7.63259,43.35019],[-7.6307,43.35194],[-7.62403,43.35617],[-7.62254,43.35742],[-7.61929,43.35933],[-7.62184,43.36046],[-7.62448,43.3633],[-7.62544,43.36509],[-7.62868,43.36751],[-7.6338,43.36898],[-7.63451,43.36992],[-7.63474,43.37198],[-7.63805,43.37514],[-7.64079,43.37624],[-7.64529,43.37705],[-7.64384,43.37966],[-7.64294,43.38018],[-7.64279,43.38207],[-7.64111,43.38353],[-7.64006,43.38531],[-7.64041,43.38787],[-7.64037,43.38978],[-7.64062,43.39044],[-7.6403,43.3911],[-7.64076,43.39321],[-7.64044,43.394],[-7.63575,43.39793],[-7.6335,43.40013],[-7.62998,43.40269],[-7.62941,43.4037],[-7.62868,43.40578],[-7.6288,43.40659],[-7.6293,43.4074],[-7.62855,43.41005],[-7.62728,43.41206],[-7.62634,43.41437],[-7.62561,43.41704],[-7.62554,43.41949],[-7.62842,43.41961],[-7.62979,43.41996],[-7.63099,43.4206],[-7.63236,43.422],[-7.63227,43.4234],[-7.63255,43.4243],[-7.63419,43.42489],[-7.6351,43.42576],[-7.63548,43.42662],[-7.63667,43.42713],[-7.63749,43.4285],[-7.63951,43.43087],[-7.63957,43.43208],[-7.63895,43.43323],[-7.63888,43.43436],[-7.63927,43.4365],[-7.64046,43.43792],[-7.64083,43.44055],[-7.64118,43.44104],[-7.6463,43.44513],[-7.64692,43.4465],[-7.64786,43.44675],[-7.64956,43.44626],[-7.64995,43.44548],[-7.64939,43.44471],[-7.6494,43.44403],[-7.6519,43.4437],[-7.65244,43.4439],[-7.65276,43.44432],[-7.65291,43.44479],[-7.65258,43.44593],[-7.65308,43.44666],[-7.65351,43.44689],[-7.65579,43.44743],[-7.65927,43.44737],[-7.66011,43.44779]]]}},{"type":"Feature","properties":{"COD_POSTAL":"27150"},"geometry":{"type":"MultiPolygon","coordinates":[[[[-7.5022,43.13301],[-7.50229,43.13325],[-7.50444,43.13434],[-7.50506,43.13597],[-7.50671,43.13666],[-7.50938,43.1384],[-7.51196,43.13934],[-7.51513,43.13893],[-7.51687,43.13928],[-7.51792,43.13993],[-7.51933,43.14173],[-7.52151,43.14243],[-7.52237,43.14301],[-7.52643,43.141],[-7.52596,43.13996],[-7.52712,43.13805],[-7.52864,43.1368],[-7.53119,43.13559],[-7.53333,43.13358],[-7.53307,43.13116],[-7.5334,43.13013],[-7.53586,43.12704],[-7.53591,43.12384],[-7.52965,43.11604],[-7.52382,43.1144],[-7.52548,43.11202],[-7.52579,43.11087],[-7.52598,43.10903],[-7.52522,43.10692],[-7.52601,43.10507],[-7.51298,43.11048],[-7.51093,43.11076],[-7.50972,43.11011],[-7.50779,43.10963],[-7.50518,43.10965],[-7.50457,43.11008],[-7.50567,43.111],[-7.50364,43.11361],[-7.5024,43.11746],[-7.50114,43.12043],[-7.50024,43.12152],[-7.50044,43.12232],[-7.50009,43.12618],[-7.50022,43.12688],[-7.50184,43.12866],[-7.50278,43.13164],[-7.50248,43.13193],[-7.5022,43.13301]]],[[[-7.56508,43.12343],[-7.56298,43.12426],[-7.56239,43.12534],[-7.5632,43.13249],[-7.55995,43.13451],[-7.55918,43.13617],[-7.56564,43.13607],[-7.56727,43.13639],[-7.57022,43.13709],[-7.57376,43.13838],[-7.57598,43.13893],[-7.57848,43.1403],[-7.58822,43.13307],[-7.59169,43.12811],[-7.5933,43.12758],[-7.59853,43.12943],[-7.59912,43.13004],[-7.6008,43.1307],[-7.60317,43.13122],[-7.6063,43.13067],[-7.60988,43.12945],[-7.61138,43.12443],[-7.61135,43.12155],[-7.6122,43.11743],[-7.61281,43.11624],[-7.61395,43.1155],[-7.61648,43.11462],[-7.61793,43.11369],[-7.62014,43.1112],[-7.62261,43.10994],[-7.62475,43.10759],[-7.62504,43.10577],[-7.62474,43.10489],[-7.62333,43.10298],[-7.6224,43.10214],[-7.62055,43.09808],[-7.62148,43.09582],[-7.62335,43.09432],[-7.62242,43.09329],[-7.62219,43.09213],[-7.62238,43.09119],[-7.62312,43.09003],[-7.62177,43.09023],[-7.62173,43.08996],[-7.61999,43.09028],[-7.619,43.09014],[-7.61711,43.08887],[-7.61213,43.08968],[-7.61043,43.09105],[-7.60913,43.09144],[-7.60787,43.09121],[-7.6065,43.09251],[-7.60609,43.09327],[-7.60548,43.09551],[-7.60508,43.09637],[-7.60439,43.09675],[-7.6039,43.09874],[-7.60306,43.10034],[-7.60026,43.10119],[-7.59686,43.10071],[-7.59599,43.10208],[-7.59174,43.10017],[-7.58991,43.09782],[-7.58687,43.09683],[-7.58359,43.09676],[-7.58173,43.09739],[-7.59065,43.10409],[-7.5927,43.10689],[-7.59522,43.10917],[-7.57861,43.114],[-7.57547,43.11587],[-7.57543,43.11673],[-7.57517,43.11668],[-7.57487,43.11742],[-7.57506,43.11773],[-7.57415,43.11829],[-7.57484,43.11861],[-7.57525,43.11802],[-7.57544,43.11827],[-7.57609,43.11833],[-7.57644,43.11889],[-7.57707,43.11925],[-7.57699,43.11967],[-7.5762,43.12059],[-7.57631,43.12088],[-7.57696,43.12103],[-7.57561,43.12206],[-7.57445,43.12351],[-7.57459,43.12407],[-7.56508,43.12343]]]]}},{"type":"Feature","properties":{"COD_POSTAL":"27866"},"geometry":{"type":"Polygon","coordinates":[[[-7.59767,43.60073],[-7.59772,43.60163],[-7.59625,43.60298],[-7.5966,43.60432],[-7.59705,43.60469],[-7.59806,43.60805],[-7.59801,43.61077],[-7.59695,43.6115],[-7.5966,43.61212],[-7.59849,43.61461],[-7.59754,43.61706],[-7.59714,43.61701],[-7.59662,43.61722],[-7.59661,43.61758],[-7.59573,43.61773],[-7.59414,43.61958],[-7.59366,43.61846],[-7.59222,43.6189],[-7.59158,43.61863],[-7.59074,43.6166],[-7.59035,43.61626],[-7.5872,43.61689],[-7.58547,43.61599],[-7.58381,43.61589],[-7.58287,43.61608],[-7.58219,43.61579],[-7.57729,43.61136],[-7.57552,43.61194],[-7.57354,43.61089],[-7.57122,43.61141],[-7.56792,43.61407],[-7.5633,43.6147],[-7.56201,43.61232],[-7.55924,43.61214],[-7.55438,43.61117],[-7.54977,43.61239],[-7.54566,43.61461],[-7.53506,43.61656],[-7.53346,43.61653],[-7.53159,43.61564],[-7.53221,43.61666],[-7.53211,43.61703],[-7.53085,43.61957],[-7.52946,43.62154],[-7.52836,43.62422],[-7.52717,43.62839],[-7.52479,43.63191],[-7.52654,43.63388],[-7.5297,43.63622],[-7.53132,43.63864],[-7.53477,43.6418],[-7.53596,43.64379],[-7.53709,43.64665],[-7.5459,43.64081],[-7.55983,43.6328],[-7.56401,43.63226],[-7.57421,43.63501],[-7.58268,43.63666],[-7.58635,43.63842],[-7.59165,43.6361],[-7.59339,43.63414],[-7.59465,43.63445],[-7.59925,43.63444],[-7.60174,43.63417],[-7.60227,43.63362],[-7.60379,43.63299],[-7.60421,43.63195],[-7.60572,43.63046],[-7.6069,43.63036],[-7.60783,43.62992],[-7.60809,43.62929],[-7.60867,43.62878],[-7.60975,43.6264],[-7.61469,43.62098],[-7.61438,43.61563],[-7.61378,43.61477],[-7.6145,43.60895],[-7.61667,43.60771],[-7.61779,43.60652],[-7.61787,43.60251],[-7.61684,43.59779],[-7.6191,43.59687],[-7.62984,43.59496],[-7.63121,43.59724],[-7.63322,43.59988],[-7.6349,43.60048],[-7.637,43.59976],[-7.63674,43.59912],[-7.63716,43.59767],[-7.63936,43.59684],[-7.64562,43.58689],[-7.65141,43.58111],[-7.65306,43.57804],[-7.65345,43.57512],[-7.6624,43.56292],[-7.66239,43.55987],[-7.65748,43.55619],[-7.65046,43.56021],[-7.65055,43.56032],[-7.64742,43.56294],[-7.64652,43.56464],[-7.64693,43.56581],[-7.64846,43.56645],[-7.65056,43.56686],[-7.65214,43.56784],[-7.65167,43.56868],[-7.65131,43.56905],[-7.64846,43.56923],[-7.64425,43.57024],[-7.64174,43.57223],[-7.64024,43.57392],[-7.63865,43.57437],[-7.63539,43.574],[-7.63398,43.57324],[-7.63264,43.5712],[-7.63139,43.57055],[-7.62894,43.57042],[-7.62788,43.57003],[-7.62707,43.57001],[-7.62534,43.56948],[-7.62375,43.56839],[-7.62279,43.56918],[-7.62219,43.57064],[-7.62125,43.57159],[-7.62171,43.5725],[-7.62287,43.57371],[-7.6226,43.5741],[-7.62208,43.57435],[-7.62048,43.57393],[-7.61776,43.57728],[-7.6164,43.57787],[-7.615,43.57912],[-7.61375,43.57959],[-7.61328,43.58011],[-7.61321,43.58048],[-7.61393,43.58123],[-7.61418,43.58191],[-7.61364,43.58256],[-7.61218,43.58345],[-7.61181,43.58431],[-7.61023,43.58475],[-7.61028,43.58547],[-7.6091,43.58615],[-7.60818,43.58532],[-7.60781,43.58542],[-7.60828,43.58728],[-7.60618,43.58856],[-7.60496,43.59008],[-7.60247,43.59062],[-7.6023,43.59099],[-7.60304,43.59245],[-7.60299,43.59288],[-7.60137,43.59389],[-7.60271,43.59569],[-7.5999,43.59723],[-7.59766,43.59948],[-7.59767,43.60073]]]}},{"type":"Feature","properties":{"COD_POSTAL":"27375"},"geometry":{"type":"Polygon","coordinates":[[[-7.62368,43.19124],[-7.61992,43.19196],[-7.61987,43.19574],[-7.61948,43.19888],[-7.6187,43.19952],[-7.6189,43.20065],[-7.61923,43.20086],[-7.61888,43.20107],[-7.61805,43.20062],[-7.61675,43.19933],[-7.61553,43.19881],[-7.61383,43.19918],[-7.61216,43.1989],[-7.60972,43.19898],[-7.6087,43.1996],[-7.60823,43.19947],[-7.60734,43.19996],[-7.60677,43.19973],[-7.60537,43.19995],[-7.60394,43.20082],[-7.60293,43.20091],[-7.60034,43.20054],[-7.59916,43.20094],[-7.59734,43.20049],[-7.59629,43.20002],[-7.59608,43.19949],[-7.5961,43.19762],[-7.59675,43.19714],[-7.59505,43.19609],[-7.59544,43.19555],[-7.59322,43.19391],[-7.59276,43.19319],[-7.58838,43.19263],[-7.58706,43.19144],[-7.58352,43.19275],[-7.57493,43.19458],[-7.57178,43.19558],[-7.57771,43.1999],[-7.58083,43.20254],[-7.58357,43.20575],[-7.58505,43.2071],[-7.58507,43.20812],[-7.5857,43.2101],[-7.58809,43.21287],[-7.5893,43.2148],[-7.58895,43.21568],[-7.58325,43.21853],[-7.58324,43.21932],[-7.5793,43.22074],[-7.57876,43.22188],[-7.57718,43.22391],[-7.57533,43.22464],[-7.5741,43.22553],[-7.57081,43.22673],[-7.56901,43.22709],[-7.56841,43.22797],[-7.56724,43.22837],[-7.56624,43.22999],[-7.565,43.23124],[-7.56256,43.23132],[-7.56139,43.23238],[-7.56224,43.23482],[-7.56303,43.23573],[-7.56592,43.23564],[-7.56779,43.23474],[-7.56927,43.23469],[-7.57095,43.23585],[-7.57307,43.23634],[-7.58077,43.23709],[-7.58459,43.23825],[-7.58622,43.2394],[-7.58986,43.24064],[-7.59219,43.24233],[-7.5937,43.244],[-7.59434,43.24536],[-7.59665,43.24811],[-7.59964,43.25305],[-7.60219,43.25064],[-7.60354,43.24998],[-7.60504,43.24869],[-7.60918,43.24247],[-7.61487,43.23997],[-7.62045,43.23658],[-7.62626,43.23253],[-7.63186,43.22944],[-7.64222,43.23087],[-7.64349,43.23212],[-7.64792,43.22331],[-7.65813,43.21412],[-7.66103,43.21444],[-7.66514,43.21426],[-7.67104,43.213],[-7.67327,43.21289],[-7.67425,43.21321],[-7.67638,43.21269],[-7.67762,43.21198],[-7.67985,43.21126],[-7.68938,43.20489],[-7.69472,43.19495],[-7.69023,43.19174],[-7.67414,43.18256],[-7.67209,43.18063],[-7.66883,43.17917],[-7.66584,43.17709],[-7.66295,43.17648],[-7.66064,43.17664],[-7.65841,43.17515],[-7.66061,43.17208],[-7.66223,43.17029],[-7.67033,43.16821],[-7.66891,43.1655],[-7.66847,43.16361],[-7.6657,43.15909],[-7.66359,43.1575],[-7.66283,43.15618],[-7.6599,43.155],[-7.65998,43.15424],[-7.65935,43.15181],[-7.65422,43.1486],[-7.653,43.14853],[-7.65154,43.14679],[-7.64807,43.14474],[-7.64697,43.13937],[-7.64508,43.13662],[-7.63929,43.13358],[-7.63559,43.12664],[-7.63329,43.12775],[-7.63079,43.13131],[-7.62504,43.13511],[-7.62002,43.13738],[-7.61399,43.13904],[-7.60569,43.13657],[-7.60421,43.14216],[-7.60255,43.14493],[-7.60114,43.15288],[-7.60182,43.15686],[-7.60156,43.15843],[-7.59746,43.16596],[-7.59807,43.1668],[-7.59851,43.17113],[-7.59831,43.17353],[-7.59887,43.17522],[-7.59866,43.17603],[-7.59668,43.17769],[-7.59551,43.17896],[-7.59529,43.17966],[-7.5969,43.18267],[-7.60713,43.18537],[-7.61441,43.18785],[-7.61698,43.18834],[-7.6192,43.18913],[-7.62368,43.19124]]]}},{"type":"Feature","properties":{"COD_POSTAL":"27341"},"geometry":{"type":"Polygon","coordinates":[[[-7.43231,42.70228],[-7.45022,42.70581],[-7.45538,42.70712],[-7.45815,42.70826],[-7.45925,42.69446],[-7.46561,42.68927],[-7.47477,42.68607],[-7.47037,42.68339],[-7.46865,42.68087],[-7.47012,42.6784],[-7.47627,42.67421],[-7.47408,42.6724],[-7.46845,42.67269],[-7.4658,42.67188],[-7.4638,42.66939],[-7.4595,42.66727],[-7.45444,42.66681],[-7.45213,42.66589],[-7.44666,42.67067],[-7.43798,42.6767],[-7.42689,42.67998],[-7.42256,42.67926],[-7.41682,42.67926],[-7.4114,42.67957],[-7.41054,42.68203],[-7.4049,42.68558],[-7.39811,42.68708],[-7.39487,42.68687],[-7.39639,42.69121],[-7.39532,42.69361],[-7.39523,42.69507],[-7.3971,42.697],[-7.40191,42.69883],[-7.40643,42.69951],[-7.41034,42.70061],[-7.41407,42.70093],[-7.41523,42.7014],[-7.41642,42.70057],[-7.42588,42.70005],[-7.42771,42.70068],[-7.43231,42.70228]]]}},{"type":"Feature","properties":{"COD_POSTAL":"27657"},"geometry":{"type":"Polygon","coordinates":[[[-7.05556,42.98485],[-7.05839,42.98586],[-7.06685,42.98549],[-7.06688,42.98515],[-7.06707,42.98533],[-7.06927,42.98508],[-7.07195,42.98552],[-7.07339,42.98614],[-7.07502,42.98585],[-7.07811,42.98426],[-7.08143,42.98404],[-7.08465,42.98492],[-7.09325,42.98495],[-7.09573,42.98039],[-7.08294,42.97765],[-7.06848,42.9699],[-7.06224,42.96949],[-7.05573,42.97089],[-7.05452,42.97141],[-7.0497,42.97241],[-7.04748,42.97311],[-7.04491,42.97334],[-7.04352,42.9727],[-7.04162,42.97233],[-7.04101,42.9712],[-7.03827,42.96973],[-7.03715,42.96766],[-7.03404,42.9668],[-7.0322,42.96526],[-7.0299,42.96405],[-7.02977,42.96323],[-7.02885,42.96187],[-7.02686,42.96104],[-7.02608,42.96027],[-7.02349,42.95946],[-7.02062,42.96028],[-7.02031,42.96111],[-7.02113,42.96243],[-7.0184,42.965],[-7.01936,42.96614],[-7.01922,42.96701],[-7.01856,42.9675],[-7.01676,42.96638],[-7.01488,42.96882],[-7.01455,42.97144],[-7.01348,42.97278],[-7.00816,42.9742],[-7.00861,42.97452],[-7.00893,42.97545],[-7.00988,42.97644],[-7.01176,42.97775],[-7.01271,42.97767],[-7.01446,42.97916],[-7.02047,42.98231],[-7.02871,42.98121],[-7.03655,42.98083],[-7.0386,42.98192],[-7.03838,42.98251],[-7.042,42.98504],[-7.04295,42.98454],[-7.04596,42.98418],[-7.05067,42.98512],[-7.05248,42.98655],[-7.05556,42.98485]]]}},{"type":"Feature","properties":{"COD_POSTAL":"27860"},"geometry":{"type":"Polygon","coordinates":[[[-7.63599,43.75326],[-7.63675,43.75283],[-7.63716,43.75297],[-7.63812,43.75267],[-7.63824,43.75292],[-7.63946,43.75313],[-7.63968,43.75255],[-7.64144,43.75241],[-7.64176,43.75202],[-7.64258,43.75242],[-7.64445,43.75244],[-7.64578,43.75177],[-7.64688,43.75163],[-7.64857,43.75067],[-7.64885,43.7501],[-7.64944,43.74974],[-7.6492,43.74906],[-7.64936,43.7485],[-7.6487,43.74764],[-7.64879,43.74727],[-7.64917,43.74713],[-7.64962,43.7474],[-7.65028,43.74735],[-7.65002,43.74778],[-7.65014,43.74811],[-7.6507,43.74813],[-7.65154,43.74736],[-7.65101,43.74701],[-7.65087,43.7463],[-7.65026,43.74623],[-7.65056,43.74575],[-7.65047,43.74523],[-7.65012,43.74452],[-7.64969,43.7443],[-7.64973,43.74398],[-7.65184,43.74333],[-7.65225,43.74347],[-7.65326,43.74328],[-7.6529,43.74441],[-7.65304,43.74489],[-7.65361,43.7452],[-7.65349,43.74574],[-7.65471,43.74607],[-7.65543,43.74581],[-7.65566,43.74616],[-7.65651,43.74612],[-7.65695,43.74646],[-7.65792,43.74649],[-7.65926,43.74586],[-7.65937,43.74617],[-7.65989,43.74624],[-7.65992,43.74667],[-7.66159,43.74626],[-7.66203,43.74694],[-7.66306,43.74721],[-7.66361,43.74682],[-7.66434,43.74694],[-7.66511,43.74674],[-7.66515,43.74715],[-7.66544,43.74736],[-7.6667,43.7476],[-7.66696,43.74813],[-7.66812,43.74829],[-7.66925,43.74787],[-7.66952,43.74746],[-7.67017,43.74751],[-7.67013,43.74713],[-7.67125,43.74746],[-7.67293,43.74686],[-7.67292,43.74627],[-7.67325,43.74565],[-7.67297,43.74483],[-7.67427,43.74496],[-7.67463,43.74409],[-7.67422,43.74321],[-7.6738,43.74299],[-7.67389,43.74253],[-7.67323,43.74213],[-7.6736,43.74175],[-7.6742,43.74184],[-7.67485,43.74132],[-7.67546,43.74123],[-7.6756,43.7409],[-7.67494,43.74048],[-7.67508,43.73983],[-7.67479,43.73945],[-7.67527,43.73889],[-7.67577,43.73873],[-7.67573,43.7385],[-7.67504,43.73835],[-7.67554,43.73808],[-7.67561,43.73748],[-7.67598,43.73743],[-7.67594,43.73709],[-7.67448,43.73715],[-7.67402,43.73683],[-7.67453,43.73512],[-7.67437,43.73475],[-7.67536,43.73383],[-7.67549,43.73405],[-7.67637,43.73423],[-7.67689,43.73396],[-7.67712,43.7342],[-7.67767,43.73418],[-7.67777,43.7336],[-7.67863,43.7337],[-7.67898,43.73338],[-7.67972,43.73351],[-7.68008,43.73318],[-7.68079,43.73306],[-7.68093,43.73228],[-7.68041,43.73199],[-7.68039,43.73145],[-7.68095,43.73113],[-7.68125,43.73054],[-7.68411,43.7302],[-7.68299,43.72785],[-7.66999,43.72263],[-7.65701,43.7203],[-7.65438,43.72074],[-7.63303,43.73672],[-7.63314,43.73722],[-7.63379,43.73757],[-7.63411,43.73811],[-7.63553,43.73872],[-7.63562,43.73971],[-7.63395,43.74069],[-7.6321,43.74087],[-7.6313,43.74129],[-7.6312,43.74201],[-7.6302,43.74322],[-7.63083,43.74547],[-7.63027,43.74563],[-7.63003,43.74655],[-7.6305,43.74706],[-7.63091,43.74708],[-7.63153,43.74662],[-7.63221,43.74669],[-7.63156,43.74778],[-7.63173,43.74806],[-7.63156,43.74847],[-7.63207,43.74873],[-7.63141,43.74922],[-7.63149,43.74951],[-7.63199,43.74972],[-7.63295,43.74962],[-7.632,43.75034],[-7.6321,43.75062],[-7.63307,43.75081],[-7.63452,43.75044],[-7.63474,43.75087],[-7.63591,43.75105],[-7.63553,43.752],[-7.63512,43.75206],[-7.63469,43.75267],[-7.63483,43.75298],[-7.6356,43.7532],[-7.63599,43.75326]]]}},{"type":"Feature","properties":{"COD_POSTAL":"27678"},"geometry":{"type":"Polygon","coordinates":[[[-7.11282,42.86114],[-7.11765,42.86045],[-7.11981,42.85891],[-7.12604,42.85744],[-7.1275,42.85559],[-7.12813,42.85367],[-7.12819,42.85274],[-7.1292,42.85178],[-7.13137,42.8508],[-7.13289,42.84949],[-7.13571,42.84883],[-7.13661,42.84749],[-7.13643,42.84535],[-7.13692,42.84436],[-7.13183,42.84284],[-7.13088,42.84133],[-7.13198,42.83703],[-7.13203,42.83432],[-7.1344,42.83417],[-7.13756,42.83211],[-7.14162,42.83199],[-7.14584,42.82967],[-7.1477,42.82953],[-7.14629,42.82641],[-7.14334,42.8163],[-7.14456,42.8146],[-7.14631,42.81358],[-7.14088,42.81098],[-7.13751,42.81183],[-7.13569,42.81343],[-7.13003,42.81073],[-7.12682,42.81228],[-7.1255,42.81166],[-7.12263,42.81168],[-7.1211,42.81362],[-7.11888,42.81402],[-7.1153,42.81663],[-7.11504,42.82438],[-7.11533,42.83734],[-7.11305,42.84809],[-7.10979,42.85279],[-7.11099,42.85426],[-7.11157,42.85568],[-7.10886,42.85736],[-7.10897,42.85832],[-7.1095,42.85883],[-7.11234,42.86091],[-7.11273,42.86096],[-7.11282,42.86114]]]}},{"type":"Feature","properties":{"COD_POSTAL":"27590"},"geometry":{"type":"Polygon","coordinates":[[[-7.55601,42.55685],[-7.56348,42.55688],[-7.56569,42.55503],[-7.57555,42.5493],[-7.57938,42.54768],[-7.58181,42.54731],[-7.57722,42.54509],[-7.56957,42.54206],[-7.56726,42.53616],[-7.55582,42.533],[-7.55411,42.5315],[-7.55176,42.53036],[-7.54671,42.52664],[-7.54237,42.52717],[-7.54063,42.52816],[-7.53712,42.53206],[-7.53493,42.53381],[-7.53051,42.53443],[-7.52832,42.53529],[-7.5227,42.53568],[-7.51869,42.53764],[-7.51799,42.53842],[-7.51467,42.53975],[-7.51112,42.54361],[-7.50979,42.54601],[-7.50903,42.54829],[-7.50905,42.55158],[-7.5114,42.55681],[-7.5248,42.55465],[-7.53414,42.55475],[-7.53714,42.5564],[-7.54539,42.55493],[-7.54822,42.55468],[-7.5529,42.55604],[-7.55601,42.55685]]]}},{"type":"Feature","properties":{"COD_POSTAL":"27135"},"geometry":{"type":"Polygon","coordinates":[[[-7.1877,43.13996],[-7.19115,43.13911],[-7.19766,43.13607],[-7.19884,43.13283],[-7.19797,43.13012],[-7.19641,43.12807],[-7.19677,43.12434],[-7.19907,43.12195],[-7.2008,43.11822],[-7.20402,43.11668],[-7.21082,43.1113],[-7.21265,43.10803],[-7.21264,43.10596],[-7.20692,43.1004],[-7.2045,43.09604],[-7.20081,43.09354],[-7.19848,43.09088],[-7.19416,43.08974],[-7.18892,43.09005],[-7.18918,43.0839],[-7.18686,43.08089],[-7.18587,43.07732],[-7.18387,43.07411],[-7.18396,43.07188],[-7.18197,43.06892],[-7.1749,43.06871],[-7.17482,43.06813],[-7.16973,43.0703],[-7.1667,43.07091],[-7.1642,43.07349],[-7.15928,43.07066],[-7.15763,43.07024],[-7.15271,43.06723],[-7.15488,43.0646],[-7.15204,43.06295],[-7.149,43.06361],[-7.14255,43.06394],[-7.13964,43.06357],[-7.13572,43.06419],[-7.13234,43.06523],[-7.13188,43.06749],[-7.13422,43.0749],[-7.13585,43.07722],[-7.13581,43.07782],[-7.13681,43.07863],[-7.1388,43.08387],[-7.13921,43.08596],[-7.1423,43.0901],[-7.14218,43.09182],[-7.14363,43.09507],[-7.14435,43.09824],[-7.14425,43.09941],[-7.15331,43.10175],[-7.15626,43.10287],[-7.15792,43.10361],[-7.16024,43.10553],[-7.16166,43.10555],[-7.16268,43.10518],[-7.16389,43.10543],[-7.16515,43.10527],[-7.16618,43.10462],[-7.16762,43.10485],[-7.17139,43.10459],[-7.17352,43.10578],[-7.17478,43.10591],[-7.17471,43.10702],[-7.17414,43.10836],[-7.17233,43.11104],[-7.17019,43.11233],[-7.16646,43.11318],[-7.16226,43.1151],[-7.15742,43.11821],[-7.1553,43.12044],[-7.15455,43.12299],[-7.15551,43.12479],[-7.15848,43.12799],[-7.16354,43.1345],[-7.16606,43.13831],[-7.16686,43.1382],[-7.18439,43.1408],[-7.1877,43.13996]]]}},{"type":"Feature","properties":{"COD_POSTAL":"27343"},"geometry":{"type":"Polygon","coordinates":[[[-7.43875,42.65551],[-7.44026,42.65763],[-7.44737,42.66296],[-7.44937,42.66497],[-7.45213,42.66589],[-7.45411,42.66366],[-7.46243,42.65771],[-7.4639,42.65487],[-7.46533,42.65391],[-7.46932,42.65292],[-7.47213,42.65013],[-7.47486,42.64689],[-7.47781,42.64485],[-7.47856,42.64391],[-7.48082,42.63707],[-7.47902,42.63667],[-7.47599,42.63555],[-7.47412,42.6327],[-7.46776,42.63156],[-7.4667,42.62918],[-7.44995,42.63397],[-7.44553,42.63583],[-7.44261,42.63656],[-7.44309,42.63891],[-7.43983,42.64326],[-7.43549,42.64589],[-7.43404,42.64703],[-7.43569,42.65187],[-7.43781,42.65442],[-7.43875,42.65551]]]}},{"type":"Feature","properties":{"COD_POSTAL":"27779"},"geometry":{"type":"Polygon","coordinates":[[[-7.42654,43.55244],[-7.42507,43.55152],[-7.42441,43.55059],[-7.42443,43.54938],[-7.40662,43.55261],[-7.40537,43.55097],[-7.40152,43.55363],[-7.39563,43.55884],[-7.39757,43.5608],[-7.39804,43.56305],[-7.39782,43.56613],[-7.38403,43.5773],[-7.37487,43.57845],[-7.3712,43.57938],[-7.35947,43.58574],[-7.36398,43.58763],[-7.36583,43.58899],[-7.36722,43.58911],[-7.36867,43.59009],[-7.36945,43.59135],[-7.3724,43.59145],[-7.37703,43.59419],[-7.37806,43.59458],[-7.38071,43.59461],[-7.3819,43.5949],[-7.39086,43.59888],[-7.39305,43.60031],[-7.40283,43.60841],[-7.40356,43.60812],[-7.40895,43.60233],[-7.4091,43.60164],[-7.40842,43.60053],[-7.40833,43.59948],[-7.40982,43.59775],[-7.411,43.59695],[-7.41223,43.59568],[-7.4225,43.59082],[-7.42621,43.59009],[-7.42854,43.58832],[-7.4307,43.58779],[-7.43176,43.58797],[-7.43361,43.58763],[-7.43514,43.58596],[-7.43706,43.58561],[-7.44424,43.58632],[-7.44531,43.58741],[-7.45174,43.58699],[-7.45393,43.58798],[-7.45774,43.58805],[-7.46272,43.58539],[-7.46404,43.58345],[-7.46416,43.58202],[-7.46281,43.57838],[-7.4555,43.56642],[-7.45357,43.56567],[-7.451,43.56516],[-7.44765,43.56411],[-7.43568,43.56186],[-7.43379,43.56113],[-7.42971,43.5571],[-7.42933,43.55643],[-7.4291,43.55442],[-7.42841,43.55289],[-7.42654,43.55244]]]}},{"type":"Feature","properties":{"COD_POSTAL":"27146"},"geometry":{"type":"MultiPolygon","coordinates":[[[[-7.39951,42.99562],[-7.39945,42.99586],[-7.39821,42.99654],[-7.39757,42.99777],[-7.39495,42.9993],[-7.39216,43.00191],[-7.38829,43.00458],[-7.3885,43.00579],[-7.39051,43.00642],[-7.39075,43.00713],[-7.39033,43.00986],[-7.39273,43.01095],[-7.39364,43.01357],[-7.39527,43.0148],[-7.39555,43.0164],[-7.39497,43.01935],[-7.39782,43.01976],[-7.3999,43.0194],[-7.40244,43.01804],[-7.40347,43.01812],[-7.40478,43.01885],[-7.4095,43.0198],[-7.40992,43.01841],[-7.41109,43.0174],[-7.41134,43.01684],[-7.41091,43.01556],[-7.4116,43.01465],[-7.41154,43.01348],[-7.41072,43.01301],[-7.41104,43.01126],[-7.41152,43.01044],[-7.41773,43.00544],[-7.41833,43.00554],[-7.41966,43.00467],[-7.41989,43.00384],[-7.41969,43.00319],[-7.42065,43.00281],[-7.42134,43.00172],[-7.42282,43.00085],[-7.41498,42.99941],[-7.40575,42.99255],[-7.40078,42.99175],[-7.40109,42.99341],[-7.40152,42.99393],[-7.40154,42.9944],[-7.39951,42.99562]]],[[[-7.34608,43.02504],[-7.34546,43.02529],[-7.34565,43.02586],[-7.35474,43.02535],[-7.36013,43.02633],[-7.36451,43.02849],[-7.36526,43.02915],[-7.36764,43.02356],[-7.36823,43.0229],[-7.36932,43.0186],[-7.37045,43.01529],[-7.37336,43.01284],[-7.37653,43.01076],[-7.37576,43.01004],[-7.3734,43.0098],[-7.37046,43.00861],[-7.36992,43.00797],[-7.36975,43.00737],[-7.36364,43.01184],[-7.36109,43.01231],[-7.35746,43.01118],[-7.35127,43.01019],[-7.34289,43.01238],[-7.34061,43.01596],[-7.34104,43.01648],[-7.33896,43.01964],[-7.33827,43.0225],[-7.34469,43.02194],[-7.34607,43.02203],[-7.34695,43.02252],[-7.34698,43.02361],[-7.34634,43.02431],[-7.34608,43.02504]]],[[[-7.46252,43.0357],[-7.46793,43.03673],[-7.47,43.03597],[-7.47666,43.0366],[-7.47891,43.03639],[-7.48299,43.03236],[-7.48828,43.02879],[-7.48867,43.02753],[-7.4911,43.02458],[-7.49324,43.02505],[-7.49519,43.02615],[-7.4968,43.02619],[-7.50493,43.02392],[-7.50539,43.02216],[-7.50591,43.02197],[-7.5055,43.02102],[-7.5068,43.02002],[-7.5109,43.01496],[-7.50171,43.01238],[-7.49411,43.01168],[-7.48509,43.01127],[-7.48152,43.01065],[-7.47968,43.01105],[-7.47875,43.00959],[-7.47984,43.00757],[-7.48019,43.00547],[-7.47542,43.0061],[-7.46893,43.00627],[-7.46402,43.00478],[-7.46261,43.00455],[-7.45999,43.00579],[-7.458,43.00556],[-7.45694,43.00583],[-7.45307,43.0081],[-7.45051,43.01238],[-7.44964,43.01297],[-7.44881,43.01584],[-7.44671,43.01514],[-7.44597,43.01446],[-7.43947,43.01549],[-7.43139,43.01612],[-7.43515,43.02157],[-7.43437,43.02582],[-7.43688,43.03247],[-7.43698,43.03366],[-7.43934,43.03275],[-7.44039,43.03274],[-7.44102,43.0308],[-7.44267,43.02923],[-7.45949,43.02899],[-7.46073,43.03051],[-7.46079,43.03212],[-7.46252,43.0357]]]]}},{"type":"Feature","properties":{"COD_POSTAL":"27864"},"geometry":{"type":"Polygon","coordinates":[[[-7.59414,43.61958],[-7.59573,43.61773],[-7.59661,43.61758],[-7.59662,43.61722],[-7.59714,43.61701],[-7.59754,43.61706],[-7.59849,43.61461],[-7.5966,43.61212],[-7.59695,43.6115],[-7.59801,43.61077],[-7.59806,43.60805],[-7.59705,43.60469],[-7.5966,43.60432],[-7.59625,43.60298],[-7.59772,43.60163],[-7.59766,43.59948],[-7.5999,43.59723],[-7.60271,43.59569],[-7.60137,43.59389],[-7.60299,43.59288],[-7.60304,43.59245],[-7.6023,43.59099],[-7.60247,43.59062],[-7.60496,43.59008],[-7.60618,43.58856],[-7.60828,43.58728],[-7.60831,43.58683],[-7.60759,43.58478],[-7.60474,43.58303],[-7.60395,43.58232],[-7.60303,43.58273],[-7.60243,43.58354],[-7.60113,43.58283],[-7.599,43.58278],[-7.59768,43.58227],[-7.59457,43.57845],[-7.59281,43.57927],[-7.59164,43.58057],[-7.58958,43.58112],[-7.58824,43.58198],[-7.58333,43.58049],[-7.58046,43.579],[-7.57768,43.58044],[-7.57593,43.58166],[-7.57459,43.5828],[-7.57237,43.58566],[-7.57023,43.58142],[-7.56887,43.58154],[-7.5645,43.58285],[-7.56118,43.5828],[-7.55558,43.5835],[-7.55264,43.58497],[-7.54129,43.58006],[-7.53979,43.58191],[-7.53571,43.58607],[-7.53435,43.58475],[-7.5312,43.58469],[-7.53578,43.58091],[-7.53675,43.57929],[-7.53226,43.57782],[-7.53262,43.57553],[-7.53235,43.57476],[-7.53105,43.57475],[-7.52949,43.57432],[-7.52717,43.57507],[-7.52327,43.57433],[-7.52102,43.57458],[-7.51912,43.5755],[-7.51701,43.57694],[-7.51693,43.57786],[-7.51713,43.57843],[-7.51851,43.5799],[-7.51895,43.58079],[-7.5147,43.58331],[-7.51463,43.58482],[-7.51271,43.5852],[-7.51228,43.5862],[-7.51092,43.58801],[-7.50589,43.5932],[-7.5036,43.5897],[-7.50392,43.58792],[-7.50475,43.58693],[-7.50441,43.58597],[-7.50552,43.58459],[-7.50523,43.58336],[-7.50392,43.5824],[-7.50171,43.58337],[-7.49952,43.58354],[-7.49666,43.58483],[-7.49511,43.58482],[-7.4928,43.58435],[-7.49101,43.58481],[-7.48776,43.58457],[-7.48333,43.58467],[-7.47946,43.58609],[-7.48155,43.58648],[-7.48326,43.5877],[-7.48652,43.58883],[-7.48876,43.59041],[-7.49041,43.59188],[-7.49123,43.59364],[-7.49316,43.59442],[-7.49446,43.59553],[-7.49564,43.5977],[-7.50058,43.60005],[-7.50048,43.60118],[-7.5011,43.60222],[-7.50157,43.60382],[-7.50745,43.60472],[-7.51241,43.603],[-7.51365,43.60285],[-7.51592,43.60187],[-7.52103,43.59897],[-7.52487,43.5957],[-7.52886,43.60016],[-7.52807,43.60456],[-7.52871,43.60693],[-7.53004,43.60847],[-7.53012,43.6108],[-7.53059,43.61125],[-7.53036,43.61232],[-7.53089,43.61305],[-7.53161,43.61333],[-7.53289,43.61327],[-7.53312,43.61355],[-7.53221,43.61412],[-7.53161,43.61413],[-7.53075,43.61502],[-7.53346,43.61653],[-7.53506,43.61656],[-7.54566,43.61461],[-7.54977,43.61239],[-7.55438,43.61117],[-7.55924,43.61214],[-7.56201,43.61232],[-7.5633,43.6147],[-7.56792,43.61407],[-7.57122,43.61141],[-7.57354,43.61089],[-7.57552,43.61194],[-7.57729,43.61136],[-7.5817,43.61548],[-7.58287,43.61608],[-7.58381,43.61589],[-7.58547,43.61599],[-7.5872,43.61689],[-7.58765,43.6169],[-7.59035,43.61626],[-7.59074,43.6166],[-7.59158,43.61863],[-7.59222,43.6189],[-7.59366,43.61846],[-7.59414,43.61958]]]}},{"type":"Feature","properties":{"COD_POSTAL":"27328"},"geometry":{"type":"Polygon","coordinates":[[[-7.09862,42.60534],[-7.09962,42.60571],[-7.10369,42.60375],[-7.10587,42.60373],[-7.10837,42.60135],[-7.1094,42.60156],[-7.11536,42.60164],[-7.11632,42.59858],[-7.11861,42.59703],[-7.11977,42.59506],[-7.1278,42.59497],[-7.13326,42.59229],[-7.13396,42.58997],[-7.1345,42.58904],[-7.1356,42.58922],[-7.13734,42.58602],[-7.1396,42.585],[-7.14169,42.58324],[-7.14258,42.58168],[-7.14383,42.58026],[-7.14425,42.57847],[-7.14603,42.57917],[-7.15297,42.57921],[-7.15591,42.57951],[-7.15841,42.57877],[-7.16463,42.57813],[-7.17043,42.5761],[-7.17517,42.57526],[-7.17504,42.57367],[-7.1766,42.57276],[-7.17768,42.57159],[-7.17848,42.56941],[-7.18178,42.56303],[-7.1836,42.56201],[-7.18668,42.5617],[-7.18931,42.5603],[-7.19247,42.55997],[-7.19325,42.55943],[-7.19765,42.55928],[-7.19968,42.55879],[-7.20047,42.558],[-7.20156,42.55552],[-7.20538,42.55216],[-7.21011,42.54971],[-7.21065,42.54923],[-7.21168,42.54722],[-7.21303,42.54554],[-7.21752,42.54366],[-7.21991,42.54212],[-7.21825,42.54],[-7.21803,42.53568],[-7.20944,42.52941],[-7.20732,42.52935],[-7.20238,42.52846],[-7.19827,42.52865],[-7.19493,42.52751],[-7.19272,42.52412],[-7.19285,42.51954],[-7.18217,42.51899],[-7.18247,42.51766],[-7.18332,42.51644],[-7.19734,42.50877],[-7.19758,42.50557],[-7.19742,42.50328],[-7.20182,42.50319],[-7.20482,42.50248],[-7.2101,42.49905],[-7.21171,42.49697],[-7.21336,42.49574],[-7.21913,42.4935],[-7.22112,42.49227],[-7.22056,42.49069],[-7.21804,42.48771],[-7.21535,42.48558],[-7.21309,42.48335],[-7.21006,42.48147],[-7.20639,42.48004],[-7.20323,42.4782],[-7.19924,42.47883],[-7.19714,42.47966],[-7.19142,42.47999],[-7.18733,42.4809],[-7.17808,42.4839],[-7.17613,42.49137],[-7.17326,42.4969],[-7.16886,42.49765],[-7.1675,42.49844],[-7.16706,42.50292],[-7.16541,42.50443],[-7.1583,42.50718],[-7.15756,42.51088],[-7.14988,42.51971],[-7.14583,42.51683],[-7.14355,42.51405],[-7.13715,42.50233],[-7.13529,42.50215],[-7.13247,42.5007],[-7.12647,42.49987],[-7.1201,42.50034],[-7.11752,42.50173],[-7.112,42.50274],[-7.10772,42.50461],[-7.09819,42.51431],[-7.09593,42.51516],[-7.09165,42.51537],[-7.07648,42.51093],[-7.07213,42.51031],[-7.07107,42.51122],[-7.0696,42.51325],[-7.06899,42.51551],[-7.06876,42.51824],[-7.06798,42.51894],[-7.06399,42.52535],[-7.06314,42.52616],[-7.06201,42.52653],[-7.05985,42.52932],[-7.06025,42.53054],[-7.05993,42.5314],[-7.06006,42.53215],[-7.06085,42.53384],[-7.06078,42.53579],[-7.06131,42.53717],[-7.06283,42.53784],[-7.06459,42.53794],[-7.06607,42.53738],[-7.06757,42.53628],[-7.07041,42.53745],[-7.07096,42.53793],[-7.07065,42.53901],[-7.06921,42.54087],[-7.0678,42.54371],[-7.0661,42.54542],[-7.06593,42.54674],[-7.0642,42.54845],[-7.06481,42.55019],[-7.06577,42.55152],[-7.06831,42.55361],[-7.06967,42.55395],[-7.06566,42.55343],[-7.06271,42.55336],[-7.06197,42.55414],[-7.06113,42.55568],[-7.06002,42.55636],[-7.05875,42.55651],[-7.05714,42.55761],[-7.05593,42.55896],[-7.05647,42.55938],[-7.05711,42.56095],[-7.05764,42.56374],[-7.057,42.56526],[-7.05613,42.56588],[-7.05621,42.56653],[-7.05467,42.56779],[-7.04882,42.56926],[-7.04353,42.57526],[-7.04266,42.57654],[-7.04096,42.57781],[-7.03961,42.57839],[-7.03491,42.58308],[-7.03356,42.58409],[-7.03407,42.58756],[-7.03643,42.58799],[-7.03909,42.5881],[-7.04171,42.58896],[-7.0439,42.5892],[-7.04515,42.59048],[-7.04576,42.59248],[-7.04649,42.59339],[-7.04889,42.59526],[-7.05017,42.59731],[-7.04985,42.59856],[-7.04812,42.60026],[-7.04793,42.6011],[-7.04562,42.60377],[-7.0455,42.60418],[-7.04553,42.60453],[-7.04667,42.60553],[-7.04691,42.60986],[-7.04649,42.61128],[-7.04712,42.61236],[-7.04652,42.61496],[-7.04666,42.61962],[-7.04651,42.62031],[-7.04591,42.62123],[-7.04581,42.62222],[-7.04716,42.625],[-7.04803,42.62601],[-7.04952,42.62634],[-7.05069,42.62614],[-7.05227,42.62635],[-7.05814,42.62786],[-7.05944,42.62782],[-7.06216,42.62843],[-7.06456,42.62855],[-7.06701,42.62783],[-7.06932,42.62862],[-7.07068,42.62869],[-7.07465,42.62769],[-7.07929,42.62448],[-7.08077,42.62281],[-7.09012,42.62157],[-7.09402,42.618],[-7.096,42.61429],[-7.09551,42.60958],[-7.09305,42.60447],[-7.09335,42.60501],[-7.09572,42.60493],[-7.09699,42.60538],[-7.0979,42.60532],[-7.09862,42.60534]]]}},{"type":"Feature","properties":{"COD_POSTAL":"27460"},"geometry":{"type":"Polygon","coordinates":[[[-7.56087,42.46221],[-7.56164,42.46231],[-7.56408,42.46498],[-7.56522,42.46378],[-7.56694,42.46281],[-7.56891,42.46245],[-7.57152,42.46272],[-7.57548,42.46626],[-7.57869,42.46847],[-7.5818,42.46993],[-7.58361,42.47061],[-7.58563,42.47097],[-7.58644,42.47139],[-7.59031,42.46879],[-7.59204,42.46726],[-7.59102,42.46593],[-7.59051,42.46562],[-7.58851,42.4608],[-7.58661,42.45971],[-7.58979,42.45935],[-7.59057,42.45852],[-7.59166,42.4566],[-7.59349,42.45559],[-7.59674,42.45443],[-7.59674,42.45264],[-7.59727,42.45069],[-7.59765,42.45009],[-7.60033,42.44777],[-7.60048,42.44694],[-7.5987,42.44306],[-7.59688,42.43559],[-7.59464,42.43527],[-7.592,42.4359],[-7.58964,42.43762],[-7.58866,42.43798],[-7.58769,42.43768],[-7.58679,42.43782],[-7.58543,42.43842],[-7.58407,42.438],[-7.57197,42.43667],[-7.56959,42.43699],[-7.56852,42.4399],[-7.56868,42.44129],[-7.56925,42.44272],[-7.57062,42.44469],[-7.57047,42.44811],[-7.57022,42.44871],[-7.5677,42.44999],[-7.56653,42.45129],[-7.56599,42.45236],[-7.56492,42.45338],[-7.56439,42.4562],[-7.56219,42.45996],[-7.56087,42.46221]]]}},{"type":"Feature","properties":{"COD_POSTAL":"27790"},"geometry":{"type":"Polygon","coordinates":[[[-7.23576,43.56841],[-7.23619,43.56887],[-7.2372,43.56842],[-7.23739,43.56794],[-7.23713,43.56679],[-7.23779,43.56636],[-7.24135,43.56593],[-7.24463,43.56643],[-7.24539,43.56584],[-7.2457,43.56527],[-7.24581,43.56483],[-7.24547,43.5644],[-7.24342,43.56379],[-7.2433,43.56331],[-7.24469,43.56144],[-7.2444,43.56006],[-7.24478,43.55916],[-7.24437,43.55823],[-7.24327,43.55712],[-7.24344,43.55536],[-7.24243,43.55246],[-7.24281,43.55169],[-7.24419,43.5522],[-7.24486,43.55214],[-7.25561,43.54731],[-7.25618,43.54736],[-7.25724,43.54798],[-7.26034,43.55046],[-7.2616,43.5508],[-7.26926,43.53991],[-7.2697,43.53822],[-7.26814,43.5364],[-7.26555,43.53532],[-7.26421,43.53449],[-7.26295,43.5332],[-7.25995,43.53238],[-7.25349,43.52988],[-7.24993,43.52937],[-7.24806,43.53002],[-7.24657,43.5298],[-7.24547,43.52858],[-7.24371,43.52822],[-7.24098,43.52709],[-7.23921,43.52686],[-7.23803,43.52598],[-7.23686,43.52382],[-7.23673,43.52261],[-7.23068,43.52321],[-7.22296,43.52548],[-7.22512,43.52773],[-7.23228,43.53223],[-7.23265,43.53494],[-7.23015,43.53928],[-7.22645,43.54147],[-7.22673,43.54506],[-7.22966,43.54616],[-7.22651,43.5506],[-7.22578,43.55232],[-7.22529,43.55468],[-7.22256,43.55397],[-7.22109,43.55427],[-7.22002,43.55522],[-7.22007,43.55607],[-7.21941,43.5582],[-7.2154,43.56354],[-7.21937,43.56429],[-7.22153,43.56446],[-7.22323,43.56357],[-7.2251,43.5647],[-7.2265,43.56498],[-7.22706,43.56583],[-7.231,43.56706],[-7.23319,43.56723],[-7.23502,43.56836],[-7.23559,43.56803],[-7.23576,43.56841]]]}},{"type":"Feature","properties":{"COD_POSTAL":"27123"},"geometry":{"type":"Polygon","coordinates":[[[-7.25434,42.97857],[-7.26561,42.98191],[-7.27254,42.97983],[-7.2765,42.9779],[-7.28021,42.97429],[-7.2824,42.97172],[-7.28972,42.97242],[-7.29653,42.97367],[-7.29959,42.97465],[-7.30287,42.97306],[-7.30241,42.97259],[-7.30214,42.9713],[-7.30241,42.97046],[-7.3015,42.96926],[-7.30028,42.96839],[-7.2997,42.96558],[-7.29601,42.96154],[-7.2958,42.9606],[-7.29373,42.96075],[-7.29312,42.96043],[-7.29216,42.96055],[-7.28886,42.95744],[-7.2864,42.95556],[-7.28388,42.95439],[-7.28114,42.95468],[-7.27866,42.95357],[-7.27748,42.95077],[-7.27542,42.94762],[-7.27535,42.9465],[-7.27459,42.94599],[-7.27373,42.94589],[-7.27321,42.94514],[-7.2727,42.94493],[-7.27236,42.94409],[-7.2716,42.94319],[-7.27084,42.94286],[-7.26902,42.9432],[-7.26531,42.94333],[-7.26225,42.94417],[-7.2588,42.94616],[-7.25856,42.94644],[-7.25847,42.94747],[-7.25746,42.94823],[-7.25267,42.94994],[-7.2486,42.94813],[-7.24799,42.94898],[-7.24663,42.94968],[-7.24645,42.95083],[-7.24511,42.95171],[-7.24353,42.95353],[-7.24337,42.95443],[-7.2437,42.95529],[-7.24424,42.95582],[-7.24423,42.95684],[-7.24533,42.95796],[-7.24449,42.95928],[-7.24411,42.96349],[-7.24589,42.96974],[-7.25361,42.97698],[-7.25434,42.97857]]]}},{"type":"Feature","properties":{"COD_POSTAL":"27373"},"geometry":{"type":"MultiPolygon","coordinates":[[[[-7.65246,43.13085],[-7.65393,43.13111],[-7.6562,43.13082],[-7.65955,43.12908],[-7.66258,43.12831],[-7.66119,43.12456],[-7.657,43.12021],[-7.65681,43.11959],[-7.65713,43.11809],[-7.65672,43.1168],[-7.65678,43.11615],[-7.6576,43.11463],[-7.65763,43.1138],[-7.65719,43.11229],[-7.65492,43.11015],[-7.64985,43.10825],[-7.64929,43.10783],[-7.64799,43.10522],[-7.64643,43.10353],[-7.64576,43.10425],[-7.64372,43.10498],[-7.64073,43.10671],[-7.63869,43.10723],[-7.63748,43.1091],[-7.63784,43.11014],[-7.63769,43.1106],[-7.63517,43.11235],[-7.63635,43.11516],[-7.63684,43.1179],[-7.63747,43.11926],[-7.63869,43.12053],[-7.63908,43.12211],[-7.6376,43.12495],[-7.6379,43.1257],[-7.63559,43.12664],[-7.63892,43.12766],[-7.64225,43.12959],[-7.64551,43.13079],[-7.64685,43.13098],[-7.65091,43.13091],[-7.65246,43.13085]]],[[[-7.69201,43.11247],[-7.69284,43.11289],[-7.70046,43.11221],[-7.69849,43.11524],[-7.69069,43.12361],[-7.68545,43.12661],[-7.68077,43.12828],[-7.68346,43.13095],[-7.67757,43.13108],[-7.67189,43.13031],[-7.66656,43.12874],[-7.66429,43.12936],[-7.66327,43.13014],[-7.66513,43.13262],[-7.67188,43.13563],[-7.67389,43.13764],[-7.67535,43.13871],[-7.6783,43.14015],[-7.68192,43.14124],[-7.68364,43.14225],[-7.68619,43.14435],[-7.67451,43.14857],[-7.6728,43.14948],[-7.6714,43.15074],[-7.67135,43.15123],[-7.66908,43.15178],[-7.66274,43.15167],[-7.6606,43.15284],[-7.65998,43.15424],[-7.6599,43.155],[-7.66283,43.15618],[-7.66359,43.1575],[-7.6657,43.15909],[-7.66847,43.16361],[-7.66891,43.1655],[-7.67033,43.16821],[-7.66223,43.17029],[-7.66061,43.17208],[-7.65841,43.17515],[-7.66064,43.17664],[-7.66295,43.17648],[-7.66584,43.17709],[-7.66883,43.17917],[-7.67209,43.18063],[-7.67414,43.18256],[-7.69023,43.19174],[-7.69055,43.18912],[-7.69293,43.1847],[-7.69659,43.18045],[-7.70679,43.17441],[-7.7119,43.17068],[-7.71333,43.16878],[-7.71551,43.16712],[-7.71737,43.16469],[-7.71814,43.16297],[-7.71915,43.16203],[-7.72013,43.16161],[-7.72064,43.1604],[-7.72246,43.15932],[-7.72342,43.15926],[-7.72756,43.15786],[-7.72935,43.15805],[-7.73023,43.15742],[-7.7312,43.15739],[-7.73455,43.15636],[-7.73536,43.15574],[-7.73861,43.15135],[-7.73876,43.15145],[-7.73957,43.15083],[-7.74111,43.15018],[-7.74251,43.14907],[-7.74547,43.14773],[-7.75103,43.14672],[-7.75245,43.14678],[-7.75406,43.14538],[-7.75383,43.14396],[-7.75418,43.1432],[-7.75463,43.13865],[-7.74963,43.12514],[-7.76068,43.12055],[-7.76883,43.11392],[-7.7677,43.10275],[-7.76286,43.0992],[-7.72654,43.093],[-7.72461,43.09047],[-7.71589,43.08664],[-7.71485,43.08822],[-7.713,43.08959],[-7.71148,43.09028],[-7.70825,43.09428],[-7.70695,43.0953],[-7.70462,43.09843],[-7.70056,43.10545],[-7.6917,43.1098],[-7.69167,43.111],[-7.69201,43.11247]]]]}},{"type":"Feature","properties":{"COD_POSTAL":"27617"},"geometry":{"type":"Polygon","coordinates":[[[-7.39912,42.83796],[-7.40045,42.83815],[-7.40416,42.83752],[-7.40782,42.8335],[-7.41172,42.83187],[-7.41951,42.83483],[-7.4252,42.83475],[-7.43335,42.83886],[-7.4352,42.83866],[-7.4375,42.83731],[-7.43762,42.83706],[-7.43698,42.83623],[-7.43707,42.83576],[-7.43648,42.83544],[-7.43603,42.83559],[-7.4355,42.8353],[-7.43524,42.83477],[-7.43441,42.8343],[-7.43334,42.83423],[-7.43372,42.83335],[-7.43312,42.83289],[-7.43254,42.83283],[-7.43242,42.83307],[-7.43198,42.83264],[-7.43202,42.83228],[-7.43166,42.83233],[-7.43162,42.83195],[-7.4319,42.83171],[-7.4313,42.83102],[-7.4311,42.83013],[-7.43136,42.82997],[-7.43103,42.82891],[-7.43056,42.82827],[-7.43071,42.82734],[-7.43186,42.82613],[-7.43165,42.82562],[-7.43202,42.82506],[-7.43335,42.82477],[-7.43373,42.82325],[-7.43472,42.82273],[-7.43532,42.82207],[-7.43563,42.82125],[-7.43407,42.81965],[-7.43349,42.81746],[-7.43443,42.81686],[-7.43506,42.8156],[-7.43508,42.81337],[-7.43389,42.81173],[-7.43259,42.81104],[-7.43094,42.81115],[-7.43043,42.81095],[-7.42979,42.81028],[-7.42881,42.80833],[-7.42676,42.8077],[-7.42326,42.80755],[-7.42079,42.80659],[-7.42115,42.80555],[-7.42074,42.80422],[-7.42098,42.80307],[-7.42183,42.80174],[-7.4234,42.80179],[-7.42448,42.80127],[-7.42479,42.79994],[-7.42634,42.79717],[-7.42619,42.79299],[-7.42689,42.79222],[-7.42863,42.79155],[-7.42905,42.79088],[-7.42922,42.78874],[-7.42988,42.78829],[-7.42926,42.78822],[-7.42776,42.78677],[-7.42722,42.78685],[-7.42588,42.78616],[-7.42562,42.78533],[-7.4241,42.78423],[-7.42256,42.78396],[-7.42065,42.78465],[-7.41826,42.78436],[-7.41799,42.78467],[-7.4156,42.78567],[-7.41513,42.78656],[-7.41445,42.78637],[-7.41376,42.78711],[-7.4126,42.78747],[-7.41155,42.78747],[-7.40933,42.78959],[-7.40988,42.79005],[-7.40951,42.79042],[-7.4093,42.79151],[-7.40827,42.7919],[-7.40651,42.79374],[-7.40622,42.79466],[-7.40561,42.79549],[-7.4036,42.79724],[-7.40338,42.79772],[-7.40265,42.79834],[-7.40199,42.79787],[-7.40218,42.79749],[-7.40121,42.79696],[-7.40062,42.79714],[-7.39998,42.79763],[-7.39917,42.79908],[-7.39931,42.80086],[-7.39826,42.8008],[-7.39593,42.80218],[-7.39402,42.80408],[-7.39428,42.80409],[-7.3941,42.80421],[-7.39457,42.80498],[-7.39574,42.80552],[-7.39656,42.80662],[-7.39757,42.80713],[-7.39795,42.80682],[-7.39836,42.80691],[-7.3984,42.80719],[-7.39894,42.80745],[-7.40032,42.80778],[-7.40212,42.80757],[-7.40483,42.81029],[-7.40738,42.81003],[-7.40876,42.81064],[-7.40728,42.8112],[-7.40619,42.81241],[-7.4051,42.81271],[-7.40138,42.81518],[-7.39897,42.81589],[-7.39832,42.81642],[-7.39783,42.81735],[-7.39445,42.82027],[-7.39485,42.82132],[-7.39447,42.82261],[-7.39259,42.82487],[-7.39153,42.82542],[-7.39011,42.82557],[-7.38993,42.82629],[-7.39035,42.82895],[-7.38957,42.8311],[-7.39063,42.83138],[-7.39148,42.83121],[-7.3926,42.83246],[-7.39324,42.83423],[-7.39484,42.83517],[-7.39775,42.83777],[-7.39912,42.83796]]]}},{"type":"Feature","properties":{"COD_POSTAL":"27234"},"geometry":{"type":"Polygon","coordinates":[[[-7.73922,42.97714],[-7.7479,42.97846],[-7.75728,42.97401],[-7.75773,42.97113],[-7.75725,42.95949],[-7.75186,42.95869],[-7.73991,42.95212],[-7.7328,42.94903],[-7.73034,42.9488],[-7.72527,42.94984],[-7.72256,42.94794],[-7.72199,42.94554],[-7.72319,42.94359],[-7.72765,42.93882],[-7.7377,42.9331],[-7.73399,42.92189],[-7.73383,42.92043],[-7.73491,42.91943],[-7.74133,42.91619],[-7.74457,42.91583],[-7.73977,42.91274],[-7.73572,42.9033],[-7.73851,42.90055],[-7.7391,42.89483],[-7.73383,42.88933],[-7.71905,42.89111],[-7.71422,42.8852],[-7.70764,42.88671],[-7.70599,42.88888],[-7.70248,42.89036],[-7.69795,42.8936],[-7.68916,42.89693],[-7.68564,42.89895],[-7.6809,42.90271],[-7.68389,42.90551],[-7.69467,42.90839],[-7.69283,42.91117],[-7.68816,42.91302],[-7.68846,42.91429],[-7.69225,42.91623],[-7.69888,42.9175],[-7.70051,42.91842],[-7.70247,42.92272],[-7.70569,42.92342],[-7.70666,42.92303],[-7.71209,42.9236],[-7.71305,42.92637],[-7.71279,42.92809],[-7.71327,42.9291],[-7.71377,42.92952],[-7.7136,42.931],[-7.71238,42.93233],[-7.71193,42.93628],[-7.71104,42.93787],[-7.70412,42.94169],[-7.70265,42.94798],[-7.69959,42.95207],[-7.7063,42.95218],[-7.72273,42.95344],[-7.73436,42.95769],[-7.73355,42.96232],[-7.73527,42.97301],[-7.73922,42.97714]]]}},{"type":"Feature","properties":{"COD_POSTAL":"27278"},"geometry":{"type":"Polygon","coordinates":[[[-7.20037,43.12469],[-7.20396,43.12503],[-7.21203,43.12495],[-7.21675,43.12285],[-7.21922,43.12061],[-7.22041,43.11876],[-7.2208,43.11474],[-7.22068,43.10914],[-7.22336,43.10473],[-7.22628,43.10146],[-7.23272,43.09796],[-7.24122,43.09748],[-7.2434,43.09781],[-7.24348,43.0955],[-7.24487,43.09151],[-7.24571,43.09047],[-7.24859,43.08983],[-7.24974,43.08909],[-7.25201,43.08701],[-7.2507,43.08257],[-7.24923,43.07996],[-7.24558,43.0771],[-7.25203,43.07547],[-7.25584,43.07516],[-7.25787,43.07532],[-7.26891,43.07205],[-7.27173,43.07181],[-7.27198,43.07216],[-7.27435,43.07103],[-7.27499,43.07112],[-7.27941,43.07003],[-7.28392,43.07159],[-7.28571,43.0734],[-7.2857,43.07389],[-7.28797,43.07433],[-7.29156,43.07348],[-7.28903,43.06406],[-7.28817,43.05951],[-7.28703,43.05034],[-7.28382,43.04159],[-7.28028,43.03592],[-7.27661,43.025],[-7.26653,43.02835],[-7.25783,43.02839],[-7.25224,43.03027],[-7.24424,43.03222],[-7.24155,43.03225],[-7.23776,43.03441],[-7.23316,43.03872],[-7.23131,43.03872],[-7.23035,43.0351],[-7.22763,43.0314],[-7.22274,43.03267],[-7.22032,43.03419],[-7.21785,43.03793],[-7.21811,43.04037],[-7.21634,43.04238],[-7.20709,43.04377],[-7.20189,43.04508],[-7.20104,43.04647],[-7.20239,43.05095],[-7.20377,43.07186],[-7.19987,43.07736],[-7.19382,43.08027],[-7.18771,43.08174],[-7.18918,43.0839],[-7.18892,43.09005],[-7.19416,43.08974],[-7.19848,43.09088],[-7.20081,43.09354],[-7.2045,43.09604],[-7.20692,43.1004],[-7.21264,43.10596],[-7.21265,43.10803],[-7.21082,43.1113],[-7.20402,43.11668],[-7.2008,43.11822],[-7.19907,43.12195],[-7.19681,43.1243],[-7.20037,43.12469]]]}},{"type":"Feature","properties":{"COD_POSTAL":"27002"},"geometry":{"type":"Polygon","coordinates":[[[-7.5475,43.01546],[-7.54888,43.01421],[-7.5493,43.01477],[-7.55047,43.01485],[-7.55147,43.01397],[-7.55103,43.01387],[-7.551,43.0135],[-7.55337,43.01253],[-7.55432,43.01289],[-7.5545,43.01273],[-7.55283,43.01056],[-7.55305,43.01032],[-7.55205,43.00993],[-7.55212,43.00976],[-7.5541,43.00896],[-7.55661,43.00851],[-7.55681,43.00905],[-7.5571,43.00901],[-7.55693,43.00847],[-7.55746,43.00836],[-7.55918,43.00873],[-7.55985,43.00833],[-7.56066,43.00688],[-7.56016,43.00629],[-7.55951,43.00478],[-7.55943,43.00376],[-7.55982,43.0033],[-7.55927,43.00031],[-7.55977,42.9958],[-7.5592,42.99404],[-7.55825,42.99291],[-7.55236,42.99052],[-7.54907,42.98983],[-7.53868,42.98939],[-7.53807,42.99162],[-7.54394,42.99752],[-7.5387,43.0011],[-7.53809,43.00351],[-7.54018,43.00405],[-7.54338,43.00288],[-7.54547,43.00399],[-7.54614,43.00496],[-7.54683,43.00661],[-7.54676,43.00919],[-7.54634,43.01079],[-7.541,43.01294],[-7.54594,43.01489],[-7.5475,43.01546]]]}},{"type":"Feature","properties":{"COD_POSTAL":"27282"},"geometry":{"type":"Polygon","coordinates":[[[-7.49341,43.16022],[-7.48621,43.16097],[-7.48905,43.169],[-7.48943,43.17245],[-7.49022,43.17528],[-7.4967,43.17728],[-7.50104,43.17616],[-7.50238,43.17397],[-7.50723,43.1739],[-7.51365,43.16624],[-7.50064,43.15929],[-7.49341,43.16022]]]}},{"type":"Feature","properties":{"COD_POSTAL":"27591"},"geometry":{"type":"Polygon","coordinates":[[[-7.5714,42.59434],[-7.57169,42.59453],[-7.5733,42.59378],[-7.57457,42.59394],[-7.57532,42.59328],[-7.57613,42.59316],[-7.57672,42.59333],[-7.57736,42.59414],[-7.57849,42.59319],[-7.5787,42.59227],[-7.57955,42.59116],[-7.57952,42.59048],[-7.58034,42.58826],[-7.58018,42.5847],[-7.57964,42.58271],[-7.58024,42.5816],[-7.58028,42.58106],[-7.5795,42.5778],[-7.5775,42.57713],[-7.5775,42.57375],[-7.57725,42.57215],[-7.57734,42.56706],[-7.57813,42.56412],[-7.58068,42.56085],[-7.58314,42.55579],[-7.58551,42.55391],[-7.58545,42.55195],[-7.58448,42.55032],[-7.58269,42.54971],[-7.5823,42.54738],[-7.57938,42.54768],[-7.57555,42.5493],[-7.56569,42.55503],[-7.55607,42.56344],[-7.5553,42.56442],[-7.5555,42.57049],[-7.56037,42.57812],[-7.56171,42.57952],[-7.56318,42.57999],[-7.56389,42.58056],[-7.56372,42.58234],[-7.56279,42.58328],[-7.5591,42.5843],[-7.55919,42.58623],[-7.56133,42.58609],[-7.56288,42.58682],[-7.56284,42.58934],[-7.56749,42.59194],[-7.56777,42.59344],[-7.56933,42.59353],[-7.56958,42.59317],[-7.56864,42.59223],[-7.56935,42.59203],[-7.57126,42.593],[-7.57154,42.59386],[-7.5714,42.59434]]]}},{"type":"Feature","properties":{"COD_POSTAL":"27293"},"geometry":{"type":"Polygon","coordinates":[[[-7.47778,43.09738],[-7.48199,43.09638],[-7.48271,43.09593],[-7.48367,43.09651],[-7.48564,43.09705],[-7.48821,43.09707],[-7.48857,43.09728],[-7.48813,43.09855],[-7.48884,43.09872],[-7.49073,43.0985],[-7.49168,43.09569],[-7.49294,43.08667],[-7.49551,43.08324],[-7.49964,43.07445],[-7.49936,43.07315],[-7.49467,43.07251],[-7.49089,43.07155],[-7.48922,43.06986],[-7.48712,43.06913],[-7.48015,43.06787],[-7.4821,43.06418],[-7.48196,43.06284],[-7.48326,43.06028],[-7.4841,43.05952],[-7.48542,43.05882],[-7.48617,43.0567],[-7.48458,43.04865],[-7.48219,43.04464],[-7.48041,43.04429],[-7.47998,43.04323],[-7.4806,43.04185],[-7.47891,43.03639],[-7.47666,43.0366],[-7.47,43.03597],[-7.46793,43.03673],[-7.46252,43.0357],[-7.46079,43.03212],[-7.46073,43.03051],[-7.45949,43.02899],[-7.44267,43.02923],[-7.44102,43.0308],[-7.44039,43.03274],[-7.43934,43.03275],[-7.43698,43.03366],[-7.43688,43.03247],[-7.43437,43.02582],[-7.43515,43.02157],[-7.43139,43.01612],[-7.43079,43.01401],[-7.42977,43.01247],[-7.41993,43.01287],[-7.41268,43.01505],[-7.41148,43.01478],[-7.41091,43.01556],[-7.41134,43.01684],[-7.41109,43.0174],[-7.40992,43.01841],[-7.40951,43.0198],[-7.40832,43.02204],[-7.40824,43.0246],[-7.40762,43.02497],[-7.40667,43.02494],[-7.40598,43.02544],[-7.40742,43.02647],[-7.41252,43.02755],[-7.41608,43.02777],[-7.42357,43.03226],[-7.42353,43.03791],[-7.43506,43.05124],[-7.43813,43.05857],[-7.43096,43.06769],[-7.43221,43.06919],[-7.43394,43.07069],[-7.43507,43.07259],[-7.43617,43.07304],[-7.43666,43.07349],[-7.43705,43.07523],[-7.43829,43.07704],[-7.43769,43.07793],[-7.43782,43.07816],[-7.43873,43.0785],[-7.44069,43.07999],[-7.44268,43.07987],[-7.44335,43.08011],[-7.44496,43.07937],[-7.44573,43.07967],[-7.44587,43.08012],[-7.44561,43.08065],[-7.44604,43.08088],[-7.44855,43.08116],[-7.44938,43.08092],[-7.45068,43.08108],[-7.45152,43.08073],[-7.45333,43.08097],[-7.45484,43.08216],[-7.45503,43.08268],[-7.45501,43.08341],[-7.45421,43.08501],[-7.45478,43.08607],[-7.45487,43.08734],[-7.45618,43.08824],[-7.45667,43.08926],[-7.45711,43.08965],[-7.45713,43.09026],[-7.4581,43.0925],[-7.4601,43.09437],[-7.46166,43.09473],[-7.46384,43.09449],[-7.46444,43.09476],[-7.46538,43.09569],[-7.46675,43.09603],[-7.46879,43.09696],[-7.47215,43.09696],[-7.47339,43.0977],[-7.47487,43.09801],[-7.47657,43.09756],[-7.47778,43.09738]]]}},{"type":"Feature","properties":{"COD_POSTAL":"27141"},"geometry":{"type":"Polygon","coordinates":[[[-7.43947,43.01549],[-7.44597,43.01446],[-7.44671,43.01514],[-7.44881,43.01584],[-7.44964,43.01297],[-7.45051,43.01238],[-7.45307,43.0081],[-7.45576,43.00665],[-7.44196,42.99901],[-7.43609,42.99448],[-7.43179,42.99671],[-7.43173,42.99723],[-7.43147,42.99744],[-7.43047,42.99759],[-7.42846,42.99872],[-7.42753,42.99883],[-7.42716,42.99982],[-7.4268,43.00016],[-7.42534,43.0006],[-7.42361,43.00059],[-7.42217,43.00114],[-7.4209,43.00215],[-7.42065,43.00281],[-7.41969,43.00319],[-7.41989,43.00384],[-7.41966,43.00467],[-7.41833,43.00554],[-7.41773,43.00544],[-7.41152,43.01044],[-7.41104,43.01126],[-7.41072,43.01301],[-7.41154,43.01348],[-7.41165,43.01445],[-7.41148,43.01478],[-7.41268,43.01505],[-7.41993,43.01287],[-7.42977,43.01247],[-7.43079,43.01401],[-7.43139,43.01612],[-7.43947,43.01549]]]}},{"type":"Feature","properties":{"COD_POSTAL":"27840"},"geometry":{"type":"Polygon","coordinates":[[[-7.58648,43.31697],[-7.58359,43.31827],[-7.58031,43.32461],[-7.57959,43.33008],[-7.5784,43.33086],[-7.57659,43.33256],[-7.57549,43.33284],[-7.57553,43.33364],[-7.5804,43.33709],[-7.58049,43.33776],[-7.58221,43.3392],[-7.58382,43.33921],[-7.58628,43.3405],[-7.58723,43.34147],[-7.5916,43.34384],[-7.59352,43.34424],[-7.59323,43.34482],[-7.59396,43.34521],[-7.59371,43.34546],[-7.59587,43.34675],[-7.60185,43.34824],[-7.6018,43.34918],[-7.60237,43.34964],[-7.60322,43.34951],[-7.60382,43.35008],[-7.60668,43.35003],[-7.6102,43.35053],[-7.61136,43.35132],[-7.61338,43.35169],[-7.61329,43.35235],[-7.61469,43.35389],[-7.61569,43.35417],[-7.61586,43.3538],[-7.61676,43.35424],[-7.6172,43.35521],[-7.62275,43.35622],[-7.62324,43.35671],[-7.6307,43.35194],[-7.63259,43.35019],[-7.63324,43.34925],[-7.63516,43.34447],[-7.63635,43.34268],[-7.63876,43.33772],[-7.64382,43.33076],[-7.64938,43.32685],[-7.65594,43.32294],[-7.65981,43.32031],[-7.66082,43.31921],[-7.66102,43.31813],[-7.66076,43.31698],[-7.6588,43.31491],[-7.65812,43.3109],[-7.65946,43.30647],[-7.65868,43.30335],[-7.65668,43.30058],[-7.6536,43.2983],[-7.6496,43.29382],[-7.64809,43.29256],[-7.64848,43.29251],[-7.6487,43.29281],[-7.64886,43.29264],[-7.64868,43.29207],[-7.64783,43.29223],[-7.64665,43.29123],[-7.64639,43.29133],[-7.64587,43.29106],[-7.64098,43.29012],[-7.64111,43.28956],[-7.64166,43.28905],[-7.64043,43.28806],[-7.6395,43.28767],[-7.63848,43.28762],[-7.63932,43.28929],[-7.6383,43.28938],[-7.6378,43.28869],[-7.63727,43.2885],[-7.63678,43.28874],[-7.63683,43.28916],[-7.63127,43.2881],[-7.63022,43.28812],[-7.62408,43.28937],[-7.62282,43.28992],[-7.62266,43.29046],[-7.62485,43.29346],[-7.62464,43.29553],[-7.62245,43.29962],[-7.62072,43.30171],[-7.61558,43.3063],[-7.61351,43.30765],[-7.60964,43.30914],[-7.60379,43.31011],[-7.5956,43.31193],[-7.59156,43.31462],[-7.58795,43.31597],[-7.58648,43.31697]]]}},{"type":"Feature","properties":{"COD_POSTAL":"27332"},"geometry":{"type":"Polygon","coordinates":[[[-7.39128,42.56947],[-7.39125,42.57242],[-7.39172,42.5729],[-7.38912,42.57631],[-7.38822,42.57849],[-7.3921,42.58443],[-7.39352,42.58854],[-7.40178,42.59067],[-7.40332,42.58841],[-7.4036,42.5884],[-7.40321,42.58826],[-7.40395,42.58799],[-7.41027,42.58369],[-7.41207,42.58195],[-7.41044,42.57156],[-7.4052,42.56961],[-7.40039,42.56638],[-7.39593,42.56854],[-7.39204,42.56932],[-7.39128,42.56947]]]}},{"type":"Feature","properties":{"COD_POSTAL":"27250"},"geometry":{"type":"Polygon","coordinates":[[[-7.39041,43.22854],[-7.39165,43.2292],[-7.3989,43.22956],[-7.40307,43.23017],[-7.4078,43.22987],[-7.40997,43.2308],[-7.41071,43.22752],[-7.41185,43.22591],[-7.41611,43.2242],[-7.42092,43.22455],[-7.4212,43.22077],[-7.4224,43.22016],[-7.42324,43.21777],[-7.42157,43.21051],[-7.42253,43.20846],[-7.4268,43.20637],[-7.42284,43.20143],[-7.42239,43.20058],[-7.41603,43.19566],[-7.41502,43.19618],[-7.41209,43.19655],[-7.41024,43.19574],[-7.40656,43.1966],[-7.40486,43.19639],[-7.4011,43.19646],[-7.40078,43.19703],[-7.39954,43.19766],[-7.39961,43.19821],[-7.3978,43.19863],[-7.38761,43.20206],[-7.38129,43.20571],[-7.37924,43.20879],[-7.37856,43.21038],[-7.37825,43.21468],[-7.37863,43.21511],[-7.38176,43.21632],[-7.38417,43.21776],[-7.385,43.21876],[-7.38697,43.22385],[-7.38838,43.22567],[-7.3885,43.22652],[-7.38935,43.22797],[-7.39041,43.22854]]]}},{"type":"Feature","properties":{"COD_POSTAL":"27554"},"geometry":{"type":"Polygon","coordinates":[[[-7.79749,42.72476],[-7.79744,42.72496],[-7.79814,42.72499],[-7.80108,42.72618],[-7.80591,42.72068],[-7.81315,42.71836],[-7.81303,42.71949],[-7.82575,42.72404],[-7.82937,42.72193],[-7.83475,42.71806],[-7.8355,42.71696],[-7.83581,42.71604],[-7.83571,42.71557],[-7.83395,42.71439],[-7.8314,42.7137],[-7.82908,42.71086],[-7.82857,42.70982],[-7.82473,42.70915],[-7.82305,42.70924],[-7.81969,42.70835],[-7.81959,42.70794],[-7.81894,42.70768],[-7.81816,42.70775],[-7.8187,42.70992],[-7.81848,42.71046],[-7.81638,42.71299],[-7.81391,42.71401],[-7.80914,42.71534],[-7.80849,42.71382],[-7.80539,42.71354],[-7.79985,42.71451],[-7.79453,42.71501],[-7.7923,42.71554],[-7.79103,42.7163],[-7.79019,42.7173],[-7.7894,42.72019],[-7.79281,42.72291],[-7.79749,42.72476]]]}},{"type":"Feature","properties":{"COD_POSTAL":"27468"},"geometry":{"type":"Polygon","coordinates":[[[-7.54451,42.4938],[-7.54636,42.49536],[-7.54778,42.49712],[-7.55132,42.4946],[-7.55359,42.49366],[-7.55482,42.49361],[-7.55618,42.49045],[-7.55655,42.49006],[-7.5567,42.49043],[-7.55755,42.49082],[-7.55877,42.49018],[-7.55984,42.49028],[-7.56121,42.4898],[-7.56327,42.49114],[-7.56331,42.49208],[-7.56669,42.49328],[-7.56748,42.49327],[-7.5686,42.49231],[-7.56885,42.49175],[-7.56733,42.48344],[-7.56593,42.47876],[-7.56611,42.47839],[-7.56576,42.47769],[-7.56297,42.47685],[-7.56189,42.47498],[-7.55949,42.4718],[-7.55983,42.47054],[-7.56203,42.46753],[-7.56246,42.46736],[-7.56255,42.46631],[-7.56301,42.46631],[-7.56408,42.46498],[-7.56164,42.46231],[-7.56087,42.46221],[-7.55857,42.46384],[-7.55663,42.46412],[-7.5531,42.46362],[-7.54966,42.46199],[-7.5464,42.46105],[-7.53814,42.46441],[-7.53507,42.46448],[-7.53251,42.4634],[-7.52308,42.46652],[-7.52389,42.46692],[-7.52676,42.46928],[-7.52433,42.4691],[-7.52205,42.46828],[-7.52143,42.46874],[-7.52233,42.46947],[-7.52203,42.47004],[-7.522,42.47132],[-7.5241,42.47328],[-7.52629,42.4745],[-7.52693,42.47579],[-7.52825,42.47687],[-7.52877,42.47848],[-7.52986,42.47975],[-7.52872,42.48021],[-7.52853,42.48049],[-7.52807,42.48285],[-7.52826,42.48345],[-7.52958,42.48485],[-7.52991,42.48556],[-7.53005,42.48827],[-7.53261,42.48838],[-7.5419,42.49311],[-7.54451,42.4938]]]}},{"type":"Feature","properties":{"COD_POSTAL":"27235"},"geometry":{"type":"Polygon","coordinates":[[[-7.74432,42.99538],[-7.75152,42.99864],[-7.75288,42.99993],[-7.75819,43.00149],[-7.76324,43.00222],[-7.76533,43.00203],[-7.76656,43.00065],[-7.76688,43.00085],[-7.76703,43.00155],[-7.76853,43.00247],[-7.77075,43.00284],[-7.77845,43.00757],[-7.77806,43.00887],[-7.77644,43.01008],[-7.77435,43.01112],[-7.77454,43.01268],[-7.77414,43.01369],[-7.77273,43.01429],[-7.77221,43.01492],[-7.7701,43.01533],[-7.76608,43.01841],[-7.7653,43.01863],[-7.76359,43.02028],[-7.76532,43.02338],[-7.76811,43.02305],[-7.76923,43.02179],[-7.77124,43.02191],[-7.77333,43.02159],[-7.7771,43.02153],[-7.77964,43.02096],[-7.78358,43.01946],[-7.78711,43.01755],[-7.79101,43.0132],[-7.79217,43.01436],[-7.79861,43.01216],[-7.80646,43.01017],[-7.80812,43.00954],[-7.80865,43.00961],[-7.8115,43.00632],[-7.81516,43.00375],[-7.81785,42.99965],[-7.81929,42.99639],[-7.82777,42.99012],[-7.82819,42.98884],[-7.82953,42.98865],[-7.83405,42.98417],[-7.83631,42.98244],[-7.83672,42.98141],[-7.83652,42.97978],[-7.83727,42.97901],[-7.84216,42.97811],[-7.83969,42.97759],[-7.83833,42.97163],[-7.83492,42.96846],[-7.83256,42.96821],[-7.82938,42.96722],[-7.82926,42.96647],[-7.82993,42.96273],[-7.82863,42.96021],[-7.82872,42.95876],[-7.82984,42.9575],[-7.82999,42.9572],[-7.82984,42.95664],[-7.82902,42.95626],[-7.82724,42.95611],[-7.82504,42.95549],[-7.82345,42.9546],[-7.8231,42.95395],[-7.82316,42.95279],[-7.82292,42.95218],[-7.81249,42.95521],[-7.80525,42.96195],[-7.79932,42.95681],[-7.80356,42.9506],[-7.80378,42.93768],[-7.80474,42.93695],[-7.8049,42.93564],[-7.80459,42.93463],[-7.80421,42.93431],[-7.80239,42.9339],[-7.80229,42.93314],[-7.8018,42.93253],[-7.80297,42.93191],[-7.80284,42.93161],[-7.80084,42.93043],[-7.79991,42.93077],[-7.79534,42.9369],[-7.78858,42.93885],[-7.78933,42.94094],[-7.7888,42.94184],[-7.78259,42.94406],[-7.77448,42.9461],[-7.77186,42.94609],[-7.76348,42.94793],[-7.75801,42.9521],[-7.75721,42.95871],[-7.75773,42.97113],[-7.75734,42.97363],[-7.76154,42.97498],[-7.76524,42.97765],[-7.76163,42.98101],[-7.75777,42.98298],[-7.7555,42.98468],[-7.74947,42.98715],[-7.74525,42.9893],[-7.74421,42.99047],[-7.74432,42.99538]]]}},{"type":"Feature","properties":{"COD_POSTAL":"27112"},"geometry":{"type":"Polygon","coordinates":[[[-7.06417,43.30173],[-7.05978,43.30533],[-7.06763,43.3069],[-7.07394,43.30569],[-7.07677,43.30145],[-7.0786,43.30045],[-7.08193,43.30013],[-7.08471,43.30111],[-7.08543,43.30099],[-7.08616,43.30068],[-7.08953,43.29768],[-7.09282,43.29601],[-7.09371,43.2969],[-7.09636,43.29737],[-7.09642,43.29456],[-7.09905,43.29545],[-7.10085,43.29507],[-7.10254,43.29511],[-7.10397,43.29402],[-7.10454,43.29402],[-7.10548,43.29444],[-7.1066,43.29412],[-7.10786,43.29278],[-7.10862,43.29244],[-7.10973,43.2924],[-7.11052,43.29283],[-7.11171,43.29398],[-7.11432,43.29483],[-7.11527,43.29471],[-7.11801,43.2953],[-7.11688,43.29363],[-7.11911,43.2895],[-7.11814,43.28591],[-7.1228,43.27738],[-7.12393,43.27469],[-7.12865,43.26898],[-7.12681,43.26709],[-7.12548,43.26686],[-7.1229,43.26515],[-7.12153,43.26506],[-7.12095,43.26559],[-7.12071,43.2633],[-7.12037,43.26294],[-7.11963,43.26291],[-7.11773,43.26169],[-7.1174,43.26094],[-7.11607,43.26025],[-7.11505,43.25938],[-7.11277,43.2582],[-7.11175,43.25816],[-7.11085,43.25428],[-7.11175,43.25258],[-7.11167,43.25126],[-7.1108,43.24877],[-7.11104,43.24696],[-7.11022,43.2456],[-7.11043,43.24387],[-7.11081,43.24292],[-7.11057,43.24223],[-7.10876,43.23981],[-7.10871,43.23267],[-7.1096,43.22789],[-7.11048,43.22596],[-7.11069,43.22397],[-7.11414,43.21884],[-7.11574,43.2159],[-7.11893,43.2144],[-7.12199,43.21421],[-7.1232,43.21272],[-7.12208,43.21167],[-7.12281,43.20983],[-7.12537,43.20989],[-7.12722,43.20944],[-7.12675,43.20725],[-7.12721,43.20312],[-7.12681,43.20053],[-7.1251,43.19923],[-7.12095,43.20052],[-7.11822,43.20004],[-7.11183,43.20167],[-7.11013,43.2023],[-7.10598,43.19945],[-7.10068,43.19635],[-7.09799,43.19429],[-7.09772,43.1905],[-7.09983,43.18617],[-7.09999,43.18189],[-7.10038,43.17942],[-7.09832,43.17673],[-7.09757,43.1762],[-7.09757,43.17497],[-7.09918,43.17281],[-7.09481,43.17167],[-7.09174,43.17038],[-7.0818,43.16762],[-7.08071,43.16638],[-7.08118,43.16568],[-7.08104,43.16479],[-7.07769,43.164],[-7.07701,43.16458],[-7.07585,43.16487],[-7.07554,43.16519],[-7.07589,43.16652],[-7.07577,43.16876],[-7.07256,43.17063],[-7.07233,43.17217],[-7.07052,43.17171],[-7.06944,43.17487],[-7.06717,43.17459],[-7.06629,43.17497],[-7.06696,43.17597],[-7.06414,43.17619],[-7.06065,43.17583],[-7.06039,43.17543],[-7.06132,43.17494],[-7.06138,43.17453],[-7.05959,43.17385],[-7.05609,43.17314],[-7.05513,43.1724],[-7.05478,43.17153],[-7.05531,43.17086],[-7.05503,43.16678],[-7.05337,43.16475],[-7.04914,43.16137],[-7.04904,43.15996],[-7.05091,43.15813],[-7.04852,43.15633],[-7.0488,43.15567],[-7.05242,43.15507],[-7.06262,43.15448],[-7.06674,43.15402],[-7.06811,43.15447],[-7.06967,43.15648],[-7.07304,43.15686],[-7.07892,43.15513],[-7.08008,43.15382],[-7.08176,43.1491],[-7.0808,43.14831],[-7.08046,43.14745],[-7.08057,43.14696],[-7.08321,43.14763],[-7.09211,43.14496],[-7.09543,43.14503],[-7.10338,43.13952],[-7.10756,43.13811],[-7.11266,43.13687],[-7.1153,43.13478],[-7.1154,43.13325],[-7.11592,43.13252],[-7.11756,43.13223],[-7.11855,43.13043],[-7.12187,43.13009],[-7.1239,43.12895],[-7.1296,43.12455],[-7.13449,43.11806],[-7.13447,43.11468],[-7.1352,43.11289],[-7.13582,43.11037],[-7.13044,43.10821],[-7.12386,43.10756],[-7.11652,43.10963],[-7.10511,43.11924],[-7.10136,43.12375],[-7.09759,43.12639],[-7.08549,43.13033],[-7.0826,43.13003],[-7.08011,43.12908],[-7.07799,43.12802],[-7.07682,43.1267],[-7.07651,43.12678],[-7.07424,43.12975],[-7.07341,43.13164],[-7.07105,43.13486],[-7.06778,43.1356],[-7.06385,43.13524],[-7.05803,43.13619],[-7.05582,43.13735],[-7.0518,43.13721],[-7.0497,43.13646],[-7.04629,43.1376],[-7.04165,43.13994],[-7.03906,43.14215],[-7.03436,43.14906],[-7.03361,43.15461],[-7.03228,43.15614],[-7.02702,43.1554],[-7.02511,43.15639],[-7.02027,43.15708],[-7.01948,43.15756],[-7.01894,43.16818],[-7.02876,43.16873],[-7.03081,43.16798],[-7.03388,43.16875],[-7.04097,43.16863],[-7.04371,43.1694],[-7.04554,43.17055],[-7.04833,43.16975],[-7.05048,43.17028],[-7.05273,43.16995],[-7.05375,43.16868],[-7.05461,43.16929],[-7.05037,43.17286],[-7.04399,43.17624],[-7.04249,43.18144],[-7.04497,43.18374],[-7.04883,43.1888],[-7.04829,43.19059],[-7.0476,43.19041],[-7.04741,43.19286],[-7.0491,43.19507],[-7.04878,43.19585],[-7.05099,43.19828],[-7.05076,43.19882],[-7.05118,43.19936],[-7.04971,43.201],[-7.04924,43.20218],[-7.04935,43.20284],[-7.04722,43.20456],[-7.04106,43.20546],[-7.03609,43.20566],[-7.03425,43.2047],[-7.03489,43.20132],[-7.03577,43.2001],[-7.038,43.19327],[-7.03693,43.18457],[-7.03395,43.18203],[-7.03105,43.18152],[-7.02798,43.18162],[-7.02476,43.18412],[-7.02035,43.18826],[-7.01796,43.19155],[-7.01896,43.19559],[-7.02119,43.21209],[-7.02005,43.21324],[-7.02055,43.21407],[-7.02368,43.21583],[-7.02465,43.21806],[-7.0341,43.22814],[-7.04125,43.22863],[-7.04657,43.23128],[-7.05066,43.23784],[-7.0555,43.24152],[-7.06159,43.24405],[-7.06529,43.24945],[-7.06878,43.25912],[-7.0716,43.26778],[-7.07151,43.27122],[-7.0705,43.27584],[-7.06913,43.27542],[-7.06889,43.27666],[-7.06882,43.27822],[-7.06981,43.27905],[-7.06971,43.27948],[-7.06892,43.27969],[-7.06774,43.27943],[-7.06643,43.27964],[-7.06716,43.2811],[-7.06687,43.28227],[-7.06823,43.28326],[-7.06653,43.28476],[-7.0668,43.28543],[-7.06668,43.28692],[-7.06468,43.28874],[-7.06552,43.29008],[-7.06518,43.29085],[-7.06538,43.29227],[-7.0647,43.29473],[-7.06492,43.29516],[-7.06561,43.29507],[-7.0652,43.29915],[-7.06436,43.30061],[-7.06417,43.30173]]]}},{"type":"Feature","properties":{"COD_POSTAL":"27220"},"geometry":{"type":"Polygon","coordinates":[[[-7.77515,43.04231],[-7.78045,43.04307],[-7.78626,43.04257],[-7.78723,43.04125],[-7.79534,43.03886],[-7.79618,43.03897],[-7.7969,43.0395],[-7.80106,43.03853],[-7.80461,43.03888],[-7.80543,43.03914],[-7.81026,43.03746],[-7.81229,43.03549],[-7.81002,43.03559],[-7.80779,43.03511],[-7.80614,43.03525],[-7.80388,43.0332],[-7.80297,43.03285],[-7.80156,43.02955],[-7.79997,43.02804],[-7.79693,43.02364],[-7.7944,43.02283],[-7.79328,43.02187],[-7.79292,43.01702],[-7.79312,43.0165],[-7.79217,43.01436],[-7.79101,43.0132],[-7.78711,43.01755],[-7.78358,43.01946],[-7.77964,43.02096],[-7.7771,43.02153],[-7.77333,43.02159],[-7.77124,43.02191],[-7.76923,43.02179],[-7.76647,43.02547],[-7.76284,43.02826],[-7.76149,43.03109],[-7.76222,43.03234],[-7.76164,43.03321],[-7.76387,43.03404],[-7.76611,43.03528],[-7.7669,43.03515],[-7.76723,43.03599],[-7.76855,43.03653],[-7.76882,43.0371],[-7.76722,43.03771],[-7.76699,43.03903],[-7.76729,43.04018],[-7.76879,43.04009],[-7.77002,43.04062],[-7.77151,43.0404],[-7.77186,43.04088],[-7.77215,43.04075],[-7.77321,43.04108],[-7.77515,43.04231]]]}},{"type":"Feature","properties":{"COD_POSTAL":"27686"},"geometry":{"type":"Polygon","coordinates":[[[-7.26937,42.87462],[-7.26438,42.87686],[-7.26296,42.87945],[-7.26389,42.88013],[-7.26381,42.88046],[-7.26216,42.88127],[-7.26143,42.88325],[-7.26049,42.88357],[-7.26048,42.88506],[-7.26115,42.88531],[-7.2611,42.88638],[-7.2602,42.88778],[-7.26081,42.88878],[-7.2606,42.88993],[-7.2616,42.88945],[-7.26202,42.8897],[-7.26122,42.89226],[-7.26453,42.89331],[-7.25708,42.89883],[-7.256,42.89907],[-7.2536,42.89903],[-7.25762,42.90548],[-7.25981,42.9079],[-7.26385,42.90701],[-7.26602,42.90505],[-7.27131,42.9069],[-7.27321,42.90837],[-7.27463,42.90803],[-7.27715,42.90837],[-7.27868,42.90821],[-7.2803,42.90765],[-7.28078,42.90716],[-7.27993,42.89644],[-7.2897,42.89416],[-7.30267,42.88886],[-7.29438,42.88455],[-7.29287,42.88088],[-7.2932,42.87577],[-7.29297,42.87457],[-7.29355,42.87268],[-7.29398,42.87243],[-7.29862,42.87553],[-7.30483,42.87458],[-7.31035,42.87551],[-7.32486,42.87938],[-7.32659,42.87132],[-7.33366,42.85391],[-7.33539,42.85306],[-7.33245,42.8501],[-7.31492,42.84774],[-7.30667,42.84815],[-7.30272,42.84603],[-7.2997,42.84404],[-7.29476,42.8396],[-7.27922,42.84486],[-7.26775,42.85126],[-7.26956,42.85189],[-7.27143,42.85458],[-7.27333,42.86102],[-7.27671,42.8667],[-7.27574,42.86938],[-7.27707,42.87049],[-7.27587,42.87145],[-7.27448,42.8737],[-7.27208,42.87455],[-7.27116,42.87438],[-7.26937,42.87462]]]}},{"type":"Feature","properties":{"COD_POSTAL":"27867"},"geometry":{"type":"Polygon","coordinates":[[[-7.637,43.59976],[-7.6349,43.60048],[-7.63322,43.59988],[-7.63121,43.59724],[-7.62984,43.59496],[-7.6191,43.59687],[-7.61684,43.59779],[-7.61787,43.60251],[-7.61779,43.60652],[-7.61667,43.60771],[-7.6145,43.60895],[-7.61378,43.61477],[-7.61438,43.61563],[-7.61469,43.62098],[-7.60975,43.6264],[-7.60867,43.62878],[-7.60809,43.62929],[-7.60783,43.62992],[-7.6069,43.63036],[-7.60572,43.63046],[-7.60421,43.63195],[-7.60379,43.63299],[-7.60227,43.63362],[-7.60174,43.63417],[-7.60355,43.63494],[-7.6035,43.63704],[-7.60264,43.63775],[-7.6027,43.63834],[-7.60458,43.63931],[-7.60437,43.63964],[-7.60448,43.6401],[-7.605,43.64026],[-7.60777,43.63965],[-7.60946,43.63992],[-7.61201,43.63753],[-7.61322,43.63711],[-7.61573,43.63849],[-7.61818,43.6388],[-7.62019,43.63837],[-7.62173,43.63856],[-7.62736,43.64042],[-7.62939,43.64283],[-7.62959,43.64437],[-7.62735,43.64493],[-7.62749,43.64587],[-7.62819,43.64677],[-7.62934,43.64594],[-7.63019,43.6468],[-7.63218,43.64677],[-7.63285,43.64643],[-7.63372,43.64697],[-7.63553,43.64733],[-7.63845,43.64728],[-7.64027,43.6487],[-7.6409,43.64802],[-7.64415,43.64815],[-7.64588,43.64718],[-7.64565,43.64655],[-7.64803,43.64639],[-7.65321,43.64698],[-7.6565,43.64174],[-7.6596,43.6395],[-7.6583,43.63433],[-7.66034,43.62985],[-7.66076,43.62571],[-7.66436,43.61653],[-7.66467,43.61521],[-7.66462,43.61416],[-7.66397,43.61082],[-7.66627,43.61078],[-7.67056,43.60951],[-7.67703,43.60982],[-7.68628,43.61233],[-7.6898,43.61482],[-7.69212,43.61489],[-7.69274,43.61569],[-7.6952,43.61715],[-7.69631,43.61755],[-7.69817,43.61758],[-7.69959,43.61732],[-7.70353,43.61774],[-7.70656,43.6177],[-7.71436,43.62019],[-7.71482,43.61972],[-7.71891,43.6121],[-7.72038,43.61202],[-7.72483,43.61304],[-7.72488,43.61209],[-7.72574,43.61152],[-7.72675,43.61131],[-7.72969,43.61138],[-7.73072,43.61103],[-7.73079,43.61057],[-7.72898,43.60998],[-7.72677,43.60885],[-7.72284,43.60852],[-7.72233,43.60812],[-7.7237,43.60623],[-7.7244,43.60454],[-7.72506,43.60396],[-7.72987,43.60303],[-7.73036,43.6028],[-7.73042,43.6025],[-7.72953,43.59997],[-7.72728,43.60048],[-7.72577,43.60043],[-7.72237,43.59955],[-7.72051,43.59873],[-7.7196,43.59687],[-7.72052,43.59523],[-7.72045,43.59477],[-7.7197,43.59379],[-7.7201,43.59254],[-7.71995,43.58854],[-7.72064,43.58727],[-7.72233,43.58568],[-7.72177,43.5851],[-7.71948,43.58537],[-7.71862,43.58522],[-7.7178,43.58401],[-7.71793,43.58341],[-7.71956,43.58177],[-7.7203,43.57952],[-7.72114,43.57938],[-7.72416,43.58147],[-7.72735,43.58297],[-7.72834,43.58287],[-7.72902,43.58162],[-7.72972,43.58122],[-7.73219,43.58154],[-7.73392,43.58142],[-7.73952,43.57953],[-7.74013,43.57956],[-7.74053,43.57986],[-7.74163,43.58147],[-7.7425,43.58199],[-7.74625,43.58076],[-7.74662,43.57857],[-7.74839,43.57788],[-7.74879,43.57748],[-7.74699,43.57677],[-7.74611,43.57618],[-7.74529,43.57497],[-7.73832,43.57021],[-7.73275,43.56362],[-7.7291,43.56332],[-7.7281,43.5628],[-7.72756,43.5637],[-7.72343,43.56504],[-7.72013,43.56715],[-7.70622,43.57375],[-7.70362,43.57383],[-7.70307,43.57158],[-7.70217,43.5701],[-7.70011,43.5692],[-7.69782,43.56861],[-7.69716,43.56639],[-7.70292,43.55665],[-7.70044,43.55587],[-7.69882,43.5566],[-7.69695,43.55666],[-7.69425,43.5556],[-7.69043,43.55324],[-7.68892,43.55368],[-7.68642,43.55583],[-7.68473,43.55859],[-7.68178,43.55931],[-7.67942,43.55832],[-7.67519,43.5572],[-7.67185,43.55705],[-7.67082,43.55602],[-7.66779,43.55584],[-7.66539,43.5551],[-7.66457,43.55434],[-7.66304,43.55937],[-7.66239,43.55987],[-7.6624,43.56292],[-7.65345,43.57512],[-7.65306,43.57804],[-7.65141,43.58111],[-7.64562,43.58689],[-7.63936,43.59684],[-7.63716,43.59767],[-7.63674,43.59912],[-7.637,43.59976]]]}},{"type":"Feature","properties":{"COD_POSTAL":"27371"},"geometry":{"type":"Polygon","coordinates":[[[-7.7673,43.19828],[-7.76907,43.19805],[-7.76951,43.19733],[-7.77095,43.19656],[-7.77236,43.19482],[-7.77738,43.19765],[-7.77874,43.19158],[-7.78179,43.1862],[-7.78365,43.18055],[-7.78322,43.17753],[-7.78408,43.17445],[-7.78431,43.17207],[-7.78624,43.17092],[-7.78591,43.1702],[-7.78437,43.17094],[-7.7795,43.17204],[-7.77245,43.17063],[-7.76812,43.17088],[-7.76485,43.1715],[-7.76341,43.17149],[-7.76163,43.17199],[-7.75598,43.17101],[-7.75562,43.16993],[-7.75416,43.16896],[-7.75344,43.16892],[-7.75163,43.16967],[-7.75107,43.17041],[-7.74933,43.17077],[-7.74931,43.1711],[-7.74987,43.17176],[-7.7498,43.17301],[-7.75037,43.17453],[-7.74728,43.17538],[-7.74487,43.17813],[-7.74988,43.17977],[-7.74966,43.18061],[-7.74909,43.18129],[-7.74939,43.18439],[-7.74883,43.18534],[-7.74875,43.18626],[-7.74979,43.18798],[-7.75366,43.19075],[-7.75879,43.19204],[-7.76232,43.19372],[-7.76607,43.1978],[-7.7673,43.19828]]]}},{"type":"Feature","properties":{"COD_POSTAL":"27676"},"geometry":{"type":"Polygon","coordinates":[[[-7.10149,42.74256],[-7.09937,42.74124],[-7.09133,42.74334],[-7.08981,42.74606],[-7.09079,42.75187],[-7.09014,42.75429],[-7.08956,42.75925],[-7.08787,42.76451],[-7.0844,42.77231],[-7.0802,42.77566],[-7.07668,42.78104],[-7.0752,42.78226],[-7.07199,42.78321],[-7.07233,42.78327],[-7.06977,42.78388],[-7.07606,42.78622],[-7.08312,42.79369],[-7.08848,42.79624],[-7.09302,42.79712],[-7.09824,42.8013],[-7.10845,42.80175],[-7.11137,42.79947],[-7.11371,42.80052],[-7.11566,42.80035],[-7.11826,42.79851],[-7.11889,42.79852],[-7.11985,42.7944],[-7.11962,42.79145],[-7.11328,42.79027],[-7.1113,42.78897],[-7.11093,42.78151],[-7.11376,42.77188],[-7.11377,42.76854],[-7.11122,42.76522],[-7.10927,42.75817],[-7.10685,42.75535],[-7.10311,42.75251],[-7.10152,42.7491],[-7.10431,42.74419],[-7.10149,42.74256]]]}},{"type":"Feature","properties":{"COD_POSTAL":"27793"},"geometry":{"type":"Polygon","coordinates":[[[-7.17495,43.55819],[-7.17578,43.55938],[-7.17636,43.56178],[-7.18148,43.55971],[-7.18762,43.55541],[-7.18917,43.55548],[-7.19112,43.5543],[-7.1923,43.5531],[-7.19766,43.55039],[-7.20188,43.54542],[-7.2035,43.54526],[-7.205,43.5445],[-7.21182,43.54354],[-7.21418,43.54365],[-7.21688,43.54172],[-7.21883,43.54099],[-7.22027,43.53764],[-7.21954,43.53571],[-7.2184,43.53418],[-7.21759,43.5318],[-7.21824,43.52878],[-7.21822,43.52526],[-7.2165,43.52394],[-7.21727,43.52116],[-7.2161,43.51812],[-7.21292,43.51679],[-7.20865,43.51673],[-7.20869,43.51689],[-7.20512,43.51518],[-7.20116,43.51511],[-7.19987,43.51325],[-7.19795,43.51614],[-7.19905,43.51731],[-7.19958,43.51894],[-7.19966,43.51988],[-7.19867,43.522],[-7.19683,43.52141],[-7.19251,43.52061],[-7.19024,43.5207],[-7.18317,43.52241],[-7.18234,43.52235],[-7.18002,43.52154],[-7.17737,43.52436],[-7.17308,43.52416],[-7.17373,43.5273],[-7.17792,43.53053],[-7.17852,43.5323],[-7.1779,43.53721],[-7.17831,43.53756],[-7.17967,43.54225],[-7.17918,43.5456],[-7.18069,43.54653],[-7.18103,43.54786],[-7.17844,43.55087],[-7.17691,43.55172],[-7.17495,43.55819]]]}},{"type":"Feature","properties":{"COD_POSTAL":"27632"},"geometry":{"type":"Polygon","coordinates":[[[-7.16907,42.77002],[-7.17148,42.77082],[-7.17333,42.77441],[-7.17622,42.77163],[-7.1779,42.77047],[-7.18146,42.77003],[-7.18314,42.76901],[-7.18334,42.76805],[-7.18641,42.76594],[-7.1879,42.7658],[-7.1889,42.76503],[-7.19078,42.76572],[-7.1917,42.76557],[-7.19492,42.76892],[-7.19622,42.76971],[-7.19941,42.77018],[-7.20069,42.7697],[-7.2022,42.76842],[-7.20239,42.76646],[-7.2044,42.76451],[-7.20777,42.76402],[-7.20971,42.76412],[-7.21239,42.76486],[-7.22008,42.76807],[-7.2238,42.7687],[-7.22599,42.76785],[-7.22909,42.76473],[-7.23045,42.76229],[-7.22509,42.76077],[-7.22019,42.75838],[-7.21317,42.75003],[-7.21103,42.74442],[-7.20021,42.74115],[-7.18725,42.74227],[-7.17691,42.74062],[-7.17072,42.73829],[-7.16932,42.74005],[-7.16433,42.74312],[-7.17146,42.74878],[-7.17211,42.75202],[-7.17119,42.75516],[-7.17152,42.75705],[-7.17064,42.75729],[-7.17068,42.75887],[-7.17241,42.75896],[-7.17334,42.75876],[-7.17692,42.76057],[-7.17612,42.76096],[-7.17468,42.76089],[-7.17235,42.76201],[-7.17061,42.76156],[-7.16947,42.76208],[-7.16631,42.76142],[-7.16581,42.76103],[-7.16521,42.76134],[-7.16513,42.76242],[-7.16622,42.76464],[-7.16602,42.76487],[-7.16581,42.76726],[-7.16907,42.77002]]]}},{"type":"Feature","properties":{"COD_POSTAL":"27547"},"geometry":{"type":"Polygon","coordinates":[[[-7.6248,42.65574],[-7.62223,42.65915],[-7.62198,42.66051],[-7.62263,42.66388],[-7.62847,42.66775],[-7.62906,42.67046],[-7.63103,42.669],[-7.63481,42.66791],[-7.6441,42.66646],[-7.6459,42.66325],[-7.64789,42.66132],[-7.64902,42.66072],[-7.64838,42.65901],[-7.65159,42.65499],[-7.65191,42.65306],[-7.66084,42.65427],[-7.67693,42.6535],[-7.67747,42.65471],[-7.68065,42.6542],[-7.68385,42.65605],[-7.68804,42.65709],[-7.69174,42.65919],[-7.69379,42.6561],[-7.69647,42.65422],[-7.70378,42.65111],[-7.70671,42.65063],[-7.71361,42.64883],[-7.71694,42.64861],[-7.71839,42.64759],[-7.72254,42.64582],[-7.72384,42.64093],[-7.72353,42.6367],[-7.72371,42.63491],[-7.7224,42.63195],[-7.72175,42.63141],[-7.71891,42.63025],[-7.71382,42.62991],[-7.7117,42.62799],[-7.70855,42.62625],[-7.70441,42.62724],[-7.70104,42.62749],[-7.6895,42.62986],[-7.68966,42.62703],[-7.68909,42.62583],[-7.68923,42.62493],[-7.69044,42.62504],[-7.69194,42.62412],[-7.69226,42.62368],[-7.69039,42.62026],[-7.69518,42.61911],[-7.69776,42.61817],[-7.70365,42.61527],[-7.70682,42.61217],[-7.70789,42.61013],[-7.70676,42.60837],[-7.70464,42.6067],[-7.70509,42.60423],[-7.70457,42.59845],[-7.69846,42.59671],[-7.6986,42.59014],[-7.70016,42.58664],[-7.69286,42.5857],[-7.6874,42.58645],[-7.68737,42.58623],[-7.68714,42.58648],[-7.68215,42.58378],[-7.67819,42.58546],[-7.67464,42.58536],[-7.6718,42.58759],[-7.66897,42.59223],[-7.66795,42.59167],[-7.66485,42.59064],[-7.66311,42.58864],[-7.6632,42.58822],[-7.66272,42.58779],[-7.66512,42.58435],[-7.66539,42.58162],[-7.66011,42.57687],[-7.65877,42.57734],[-7.6586,42.57768],[-7.65258,42.58148],[-7.64804,42.59053],[-7.64352,42.59393],[-7.6402,42.59536],[-7.6398,42.59645],[-7.64069,42.59944],[-7.64154,42.60108],[-7.64116,42.60142],[-7.64177,42.60154],[-7.64729,42.60564],[-7.64734,42.60629],[-7.64534,42.60584],[-7.64279,42.60637],[-7.63886,42.60905],[-7.63448,42.6128],[-7.63226,42.61372],[-7.62955,42.61432],[-7.62887,42.61531],[-7.62873,42.61637],[-7.6251,42.62084],[-7.62485,42.62206],[-7.62495,42.62451],[-7.62687,42.62869],[-7.61979,42.63039],[-7.6122,42.63075],[-7.60265,42.63555],[-7.60313,42.63661],[-7.60302,42.63829],[-7.60451,42.64038],[-7.6046,42.64246],[-7.60616,42.64465],[-7.6145,42.65162],[-7.61791,42.65207],[-7.62249,42.6537],[-7.62399,42.65356],[-7.62533,42.65431],[-7.6248,42.65574]]]}},{"type":"Feature","properties":{"COD_POSTAL":"27338"},"geometry":{"type":"Polygon","coordinates":[[[-7.30798,42.56678],[-7.31128,42.56522],[-7.3242,42.56175],[-7.33013,42.5579],[-7.33789,42.55538],[-7.33871,42.55486],[-7.34786,42.55138],[-7.35262,42.5493],[-7.35441,42.54816],[-7.35504,42.54705],[-7.35345,42.54444],[-7.35279,42.54128],[-7.35338,42.54001],[-7.35334,42.53911],[-7.36246,42.5344],[-7.36634,42.5306],[-7.36762,42.52825],[-7.36748,42.52542],[-7.36424,42.51967],[-7.35861,42.51572],[-7.35642,42.51525],[-7.35321,42.51337],[-7.35107,42.51126],[-7.34686,42.50421],[-7.34514,42.50212],[-7.3443,42.50222],[-7.34374,42.50272],[-7.3417,42.5056],[-7.34204,42.50656],[-7.34378,42.5092],[-7.34389,42.51],[-7.34349,42.51047],[-7.34247,42.50997],[-7.34148,42.51],[-7.34011,42.51051],[-7.34004,42.51112],[-7.3416,42.51252],[-7.34166,42.51336],[-7.33998,42.51552],[-7.33811,42.51735],[-7.33781,42.51798],[-7.33794,42.51977],[-7.33767,42.52052],[-7.33265,42.52508],[-7.32984,42.52638],[-7.32473,42.52717],[-7.32247,42.52791],[-7.31994,42.53017],[-7.31618,42.53451],[-7.31388,42.53568],[-7.31189,42.5373],[-7.31007,42.53827],[-7.30342,42.53753],[-7.30303,42.53711],[-7.30121,42.53309],[-7.30066,42.53252],[-7.30034,42.53249],[-7.29953,42.53272],[-7.29909,42.53311],[-7.29776,42.53515],[-7.29724,42.53506],[-7.29724,42.5342],[-7.29724,42.53506],[-7.2901,42.53776],[-7.29107,42.53875],[-7.29139,42.53979],[-7.29107,42.54251],[-7.29127,42.54292],[-7.29304,42.54482],[-7.29462,42.54588],[-7.29467,42.54703],[-7.29405,42.54745],[-7.29072,42.54857],[-7.28852,42.54969],[-7.28628,42.54971],[-7.28431,42.55241],[-7.28242,42.55392],[-7.27359,42.5592],[-7.276,42.56332],[-7.27544,42.56408],[-7.27713,42.56586],[-7.2815,42.5685],[-7.29058,42.56901],[-7.29716,42.56812],[-7.30456,42.56991],[-7.30798,42.56678]]]}},{"type":"Feature","properties":{"COD_POSTAL":"27770"},"geometry":{"type":"Polygon","coordinates":[[[-7.43758,43.5528],[-7.44322,43.55375],[-7.44442,43.5537],[-7.44492,43.55349],[-7.44778,43.55007],[-7.44524,43.54685],[-7.44497,43.54616],[-7.4438,43.54513],[-7.44157,43.54389],[-7.43863,43.54337],[-7.43683,43.54367],[-7.43403,43.5449],[-7.4294,43.54844],[-7.42443,43.54938],[-7.42441,43.55059],[-7.42507,43.55152],[-7.42654,43.55244],[-7.42841,43.55289],[-7.43289,43.55254],[-7.43758,43.5528]]]}},{"type":"Feature","properties":{"COD_POSTAL":"27001"},"geometry":{"type":"Polygon","coordinates":[[[-7.55508,43.01316],[-7.55831,43.0148],[-7.56082,43.01383],[-7.56236,43.01218],[-7.56254,43.01135],[-7.56119,43.01058],[-7.56152,43.01018],[-7.56124,43.01002],[-7.56084,43.01033],[-7.55915,43.0087],[-7.55833,43.0084],[-7.55693,43.00847],[-7.5571,43.00901],[-7.55681,43.00905],[-7.55661,43.00851],[-7.5541,43.00896],[-7.55212,43.00976],[-7.55205,43.00993],[-7.55305,43.01032],[-7.55283,43.01056],[-7.55451,43.01272],[-7.55432,43.01289],[-7.55337,43.01253],[-7.551,43.0135],[-7.55103,43.01387],[-7.55277,43.01422],[-7.55382,43.01479],[-7.55475,43.01466],[-7.55521,43.01424],[-7.55519,43.01362],[-7.55467,43.01315],[-7.55489,43.01298],[-7.55503,43.01313],[-7.55508,43.01316]]]}},{"type":"Feature","properties":{"COD_POSTAL":"27126"},"geometry":{"type":"Polygon","coordinates":[[[-7.34804,43.05325],[-7.35501,43.06622],[-7.3596,43.07229],[-7.366,43.07039],[-7.36816,43.06944],[-7.37103,43.06697],[-7.37108,43.05818],[-7.37075,43.05591],[-7.37089,43.05532],[-7.36994,43.04937],[-7.36829,43.04215],[-7.36567,43.03662],[-7.362,43.03999],[-7.34498,43.04388],[-7.34444,43.04372],[-7.34365,43.04481],[-7.34418,43.04697],[-7.34417,43.04826],[-7.34586,43.04993],[-7.34691,43.05189],[-7.34804,43.05325]]]}},{"type":"Feature","properties":{"COD_POSTAL":"27697"},"geometry":{"type":"Polygon","coordinates":[[[-7.15954,42.95476],[-7.15711,42.96655],[-7.16501,42.97439],[-7.17302,42.97205],[-7.18489,42.97111],[-7.18699,42.97197],[-7.18729,42.97242],[-7.18547,42.97362],[-7.18538,42.97393],[-7.18799,42.97509],[-7.18803,42.9755],[-7.18657,42.97659],[-7.18654,42.9771],[-7.18715,42.9776],[-7.188,42.9778],[-7.18887,42.97745],[-7.18962,42.97635],[-7.19058,42.97659],[-7.19435,42.98557],[-7.19853,42.99022],[-7.20384,42.98913],[-7.20753,42.98683],[-7.21222,42.97813],[-7.21257,42.97181],[-7.21463,42.96812],[-7.21658,42.96609],[-7.21716,42.9658],[-7.22028,42.96511],[-7.22334,42.96475],[-7.22599,42.96373],[-7.22702,42.96274],[-7.23771,42.965],[-7.24099,42.96488],[-7.24589,42.96974],[-7.24411,42.96349],[-7.24449,42.95928],[-7.24533,42.95796],[-7.24423,42.95684],[-7.24424,42.95582],[-7.2437,42.95529],[-7.24337,42.95443],[-7.24353,42.95353],[-7.24511,42.95171],[-7.24645,42.95083],[-7.24663,42.94968],[-7.24799,42.94898],[-7.2486,42.94813],[-7.25267,42.94994],[-7.25746,42.94823],[-7.25847,42.94747],[-7.25856,42.94644],[-7.2588,42.94616],[-7.26008,42.94554],[-7.2559,42.9462],[-7.25436,42.94551],[-7.25301,42.94301],[-7.24769,42.93962],[-7.24604,42.93944],[-7.24398,42.93867],[-7.24338,42.93893],[-7.24333,42.93843],[-7.23739,42.93615],[-7.23471,42.9338],[-7.23295,42.93327],[-7.22327,42.93324],[-7.21891,42.93346],[-7.21148,42.93426],[-7.19881,42.93455],[-7.19451,42.93523],[-7.19043,42.93662],[-7.18577,42.93911],[-7.18225,42.94305],[-7.18102,42.94373],[-7.17136,42.94697],[-7.1624,42.95187],[-7.15954,42.95476]]]}},{"type":"Feature","properties":{"COD_POSTAL":"27773"},"geometry":{"type":"Polygon","coordinates":[[[-7.357,43.52239],[-7.35898,43.52471],[-7.36815,43.52684],[-7.3754,43.52758],[-7.38853,43.52643],[-7.39062,43.52645],[-7.39312,43.52698],[-7.39574,43.52816],[-7.40053,43.52816],[-7.40417,43.52785],[-7.40649,43.52296],[-7.40783,43.52216],[-7.41039,43.52197],[-7.41261,43.52141],[-7.4159,43.51612],[-7.42242,43.50992],[-7.42268,43.50708],[-7.42089,43.50368],[-7.41991,43.4949],[-7.41877,43.49226],[-7.41689,43.49078],[-7.41622,43.48685],[-7.40738,43.48748],[-7.39828,43.48749],[-7.38963,43.49331],[-7.3821,43.49718],[-7.38079,43.49988],[-7.37825,43.49993],[-7.37818,43.50016],[-7.37684,43.50065],[-7.3743,43.50125],[-7.37337,43.50171],[-7.37309,43.50248],[-7.37141,43.50367],[-7.37073,43.50389],[-7.36947,43.50319],[-7.36752,43.50554],[-7.36728,43.50627],[-7.36843,43.50872],[-7.36767,43.51057],[-7.3682,43.51117],[-7.36721,43.51191],[-7.36694,43.51409],[-7.36564,43.51609],[-7.36445,43.51589],[-7.36366,43.51601],[-7.36174,43.51657],[-7.36108,43.51701],[-7.36064,43.51811],[-7.35743,43.52163],[-7.357,43.52239]]]}},{"type":"Feature","properties":{"COD_POSTAL":"27540"},"geometry":{"type":"Polygon","coordinates":[[[-7.63608,42.5912],[-7.63985,42.59186],[-7.64227,42.59281],[-7.64352,42.59393],[-7.64804,42.59053],[-7.65258,42.58148],[-7.65119,42.58029],[-7.64496,42.58],[-7.6384,42.5801],[-7.63614,42.57972],[-7.63344,42.57693],[-7.63331,42.58007],[-7.63516,42.5836],[-7.63502,42.58449],[-7.63278,42.58669],[-7.63102,42.58907],[-7.63034,42.5904],[-7.63608,42.5912]]]}},{"type":"Feature","properties":{"COD_POSTAL":"27182"},"geometry":{"type":"Polygon","coordinates":[[[-7.54878,42.93971],[-7.54918,42.93983],[-7.55039,42.93938],[-7.55145,42.94003],[-7.55278,42.93993],[-7.55476,42.93919],[-7.55525,42.93955],[-7.55655,42.93967],[-7.55721,42.93932],[-7.55909,42.93941],[-7.55949,42.93908],[-7.56,42.93785],[-7.56437,42.9357],[-7.56442,42.93491],[-7.56499,42.93393],[-7.56656,42.93253],[-7.56691,42.93176],[-7.56927,42.92913],[-7.57246,42.92905],[-7.5746,42.92611],[-7.57645,42.9258],[-7.57784,42.92529],[-7.57897,42.92387],[-7.57962,42.92239],[-7.58182,42.92094],[-7.58529,42.91474],[-7.58391,42.91326],[-7.57847,42.91049],[-7.57786,42.90983],[-7.57585,42.90924],[-7.57589,42.90685],[-7.56568,42.9074],[-7.56216,42.90419],[-7.54898,42.90551],[-7.54465,42.90572],[-7.5454,42.90804],[-7.545,42.91046],[-7.54382,42.91217],[-7.54237,42.91351],[-7.54052,42.9146],[-7.54015,42.91558],[-7.54051,42.91695],[-7.54249,42.92043],[-7.53855,42.92294],[-7.53609,42.92335],[-7.53472,42.92482],[-7.53282,42.92525],[-7.53152,42.92611],[-7.53119,42.92727],[-7.53024,42.92906],[-7.53331,42.93104],[-7.53515,42.93296],[-7.53755,42.93845],[-7.54268,42.93829],[-7.54678,42.93947],[-7.54744,42.9404],[-7.54878,42.93971]]]}},{"type":"Feature","properties":{"COD_POSTAL":"27136"},"geometry":{"type":"Polygon","coordinates":[[[-7.14193,43.17604],[-7.14579,43.17676],[-7.1492,43.17583],[-7.14908,43.17493],[-7.14938,43.17211],[-7.15063,43.17053],[-7.15111,43.1703],[-7.15547,43.17066],[-7.15816,43.17027],[-7.16026,43.17091],[-7.16214,43.17197],[-7.16351,43.17228],[-7.16383,43.17199],[-7.164,43.17061],[-7.16322,43.16973],[-7.16337,43.16911],[-7.16402,43.16845],[-7.1664,43.16784],[-7.16638,43.16716],[-7.16419,43.16647],[-7.16396,43.16602],[-7.16426,43.16497],[-7.16387,43.16383],[-7.16295,43.16254],[-7.16351,43.16161],[-7.16353,43.16094],[-7.16202,43.15506],[-7.16196,43.15393],[-7.1622,43.15293],[-7.16065,43.15133],[-7.161,43.1507],[-7.16026,43.15007],[-7.16166,43.14923],[-7.16166,43.14846],[-7.16123,43.14813],[-7.16035,43.14841],[-7.15777,43.14785],[-7.15677,43.14672],[-7.15531,43.14599],[-7.15504,43.14353],[-7.15322,43.13884],[-7.15273,43.13813],[-7.15881,43.13925],[-7.16606,43.13831],[-7.16354,43.1345],[-7.15848,43.12799],[-7.15551,43.12479],[-7.15455,43.12299],[-7.1553,43.12044],[-7.15742,43.11821],[-7.16226,43.1151],[-7.16646,43.11318],[-7.17019,43.11233],[-7.17233,43.11104],[-7.17414,43.10836],[-7.17471,43.10702],[-7.17478,43.10591],[-7.17352,43.10578],[-7.17139,43.10459],[-7.16762,43.10485],[-7.16618,43.10462],[-7.16515,43.10527],[-7.16389,43.10543],[-7.16268,43.10518],[-7.16166,43.10555],[-7.16024,43.10553],[-7.15792,43.10361],[-7.15626,43.10287],[-7.15331,43.10175],[-7.14425,43.09941],[-7.14054,43.10099],[-7.13937,43.10247],[-7.13873,43.10607],[-7.13582,43.11037],[-7.1352,43.11289],[-7.13447,43.11468],[-7.13449,43.11806],[-7.1296,43.12455],[-7.1239,43.12895],[-7.12187,43.13009],[-7.11855,43.13043],[-7.11756,43.13223],[-7.11592,43.13252],[-7.1154,43.13325],[-7.1153,43.13478],[-7.11266,43.13687],[-7.10756,43.13811],[-7.1097,43.14596],[-7.10818,43.14688],[-7.10811,43.14771],[-7.10925,43.14849],[-7.11101,43.14882],[-7.11354,43.14983],[-7.11413,43.15228],[-7.11333,43.15303],[-7.11301,43.15416],[-7.11621,43.1548],[-7.1185,43.15653],[-7.12031,43.15857],[-7.12139,43.15852],[-7.12216,43.15788],[-7.1231,43.15775],[-7.12361,43.15549],[-7.12447,43.15487],[-7.12532,43.15479],[-7.12734,43.15347],[-7.12887,43.15359],[-7.13,43.15418],[-7.13263,43.1549],[-7.13391,43.15486],[-7.13517,43.1541],[-7.13949,43.15266],[-7.1411,43.15267],[-7.14302,43.15215],[-7.1448,43.15754],[-7.14384,43.15939],[-7.14144,43.15933],[-7.14034,43.16197],[-7.14111,43.16267],[-7.14131,43.16385],[-7.14022,43.16401],[-7.13974,43.16475],[-7.13942,43.1659],[-7.13837,43.16707],[-7.1362,43.1678],[-7.13547,43.1699],[-7.13592,43.17063],[-7.13673,43.17102],[-7.13699,43.17148],[-7.13662,43.17236],[-7.13823,43.17355],[-7.13971,43.17515],[-7.1401,43.17508],[-7.14073,43.17564],[-7.14193,43.17604]]]}},{"type":"Feature","properties":{"COD_POSTAL":"27152"},"geometry":{"type":"Polygon","coordinates":[[[-7.55447,43.11818],[-7.54436,43.12268],[-7.53591,43.12384],[-7.53586,43.12704],[-7.5334,43.13013],[-7.53307,43.13116],[-7.53333,43.13358],[-7.53624,43.13565],[-7.53742,43.13686],[-7.54256,43.14104],[-7.5438,43.14913],[-7.54767,43.15018],[-7.55025,43.15134],[-7.55211,43.15155],[-7.5555,43.14891],[-7.55841,43.14496],[-7.56041,43.14145],[-7.55918,43.13617],[-7.55995,43.13451],[-7.5632,43.13249],[-7.56239,43.12534],[-7.56298,43.12426],[-7.56508,43.12343],[-7.57459,43.12407],[-7.57445,43.12351],[-7.57561,43.12206],[-7.57696,43.12103],[-7.57631,43.12088],[-7.5762,43.12059],[-7.57699,43.11967],[-7.57707,43.11925],[-7.57644,43.11889],[-7.57609,43.11833],[-7.57544,43.11827],[-7.57525,43.11802],[-7.57484,43.11861],[-7.57415,43.11829],[-7.57506,43.11773],[-7.57487,43.11742],[-7.57517,43.11668],[-7.57543,43.11673],[-7.57547,43.11587],[-7.57357,43.11525],[-7.57022,43.11511],[-7.56784,43.11534],[-7.56545,43.11497],[-7.56268,43.11405],[-7.56004,43.1143],[-7.55843,43.115],[-7.55843,43.11581],[-7.55887,43.11723],[-7.55801,43.1177],[-7.55665,43.118],[-7.55447,43.11818]]]}},{"type":"Feature","properties":{"COD_POSTAL":"27529"},"geometry":{"type":"Polygon","coordinates":[[[-7.85321,42.52868],[-7.84295,42.53217],[-7.84083,42.53354],[-7.83604,42.53904],[-7.83781,42.54261],[-7.83949,42.54418],[-7.84024,42.54525],[-7.84101,42.54704],[-7.84142,42.55376],[-7.84023,42.55739],[-7.84715,42.55646],[-7.84882,42.55539],[-7.84956,42.55572],[-7.85039,42.55458],[-7.85429,42.55254],[-7.85729,42.55147],[-7.86065,42.55097],[-7.8828,42.5528],[-7.88262,42.55112],[-7.88191,42.54927],[-7.87769,42.54647],[-7.87715,42.54516],[-7.88095,42.53307],[-7.88406,42.53423],[-7.88873,42.53813],[-7.88934,42.53895],[-7.89062,42.53857],[-7.89216,42.53908],[-7.89413,42.5393],[-7.8954,42.5391],[-7.89662,42.53873],[-7.89799,42.53762],[-7.90033,42.5367],[-7.90102,42.53626],[-7.90209,42.53502],[-7.90024,42.5316],[-7.90276,42.52898],[-7.90491,42.53038],[-7.90748,42.53094],[-7.91119,42.52773],[-7.91199,42.52733],[-7.91686,42.52679],[-7.92401,42.52504],[-7.91288,42.52339],[-7.9094,42.52243],[-7.9016,42.52136],[-7.90269,42.51454],[-7.90693,42.51371],[-7.91073,42.51247],[-7.91318,42.50839],[-7.91193,42.50828],[-7.90966,42.50752],[-7.9053,42.50726],[-7.90525,42.5066],[-7.90007,42.50697],[-7.89882,42.50625],[-7.89808,42.50632],[-7.89682,42.50565],[-7.89417,42.50855],[-7.89244,42.5091],[-7.8897,42.51077],[-7.88868,42.51101],[-7.88482,42.51079],[-7.88045,42.51119],[-7.88001,42.51141],[-7.879,42.51131],[-7.87836,42.51162],[-7.87541,42.51095],[-7.8757,42.50995],[-7.87787,42.50762],[-7.87956,42.50633],[-7.87878,42.50404],[-7.87922,42.50322],[-7.879,42.5027],[-7.87498,42.50191],[-7.86845,42.50355],[-7.86495,42.50818],[-7.86238,42.51205],[-7.86143,42.514],[-7.8605,42.51501],[-7.86027,42.51574],[-7.8562,42.51925],[-7.852,42.52542],[-7.8522,42.52755],[-7.85321,42.52868]]]}},{"type":"Feature","properties":{"COD_POSTAL":"27004"},"geometry":{"type":"Polygon","coordinates":[[[-7.56418,43.02016],[-7.56338,43.02052],[-7.56505,43.02261],[-7.56737,43.0217],[-7.56823,43.02283],[-7.56894,43.02243],[-7.56955,43.02321],[-7.56973,43.02315],[-7.56914,43.02237],[-7.57076,43.0214],[-7.57159,43.02052],[-7.57319,43.01943],[-7.57556,43.01942],[-7.58062,43.01759],[-7.58482,43.0185],[-7.59443,43.01882],[-7.59341,43.0153],[-7.59186,43.01384],[-7.58957,43.01332],[-7.58455,43.01319],[-7.58346,43.0126],[-7.58258,43.01176],[-7.58209,43.01059],[-7.5814,43.00746],[-7.57881,43.00532],[-7.57506,43.00359],[-7.57315,43.00154],[-7.569,43.00111],[-7.56285,43.00196],[-7.5614,43.00134],[-7.56085,42.99954],[-7.56072,42.99636],[-7.56101,42.99502],[-7.56072,42.99361],[-7.55924,42.99262],[-7.55825,42.99291],[-7.5592,42.99404],[-7.55977,42.9958],[-7.55927,43.00031],[-7.55982,43.0033],[-7.55943,43.00376],[-7.55951,43.00478],[-7.56016,43.00629],[-7.56066,43.00688],[-7.55985,43.00833],[-7.55918,43.00873],[-7.56084,43.01033],[-7.56124,43.01002],[-7.56152,43.01018],[-7.56119,43.01058],[-7.56254,43.01135],[-7.56257,43.01178],[-7.56082,43.01383],[-7.55841,43.01476],[-7.55899,43.01506],[-7.56024,43.01658],[-7.56098,43.01632],[-7.56115,43.01646],[-7.56077,43.01692],[-7.56098,43.01717],[-7.56154,43.01689],[-7.56185,43.01803],[-7.56229,43.01829],[-7.56185,43.01874],[-7.56259,43.01933],[-7.56289,43.01919],[-7.56229,43.01855],[-7.56298,43.01881],[-7.56312,43.01863],[-7.56518,43.01953],[-7.56459,43.0198],[-7.56418,43.02016]]]}},{"type":"Feature","properties":{"COD_POSTAL":"27366"},"geometry":{"type":"Polygon","coordinates":[[[-7.32351,42.88568],[-7.33241,42.90452],[-7.34044,42.90623],[-7.34298,42.90499],[-7.34587,42.90508],[-7.3478,42.90456],[-7.34915,42.90326],[-7.35121,42.90314],[-7.35319,42.90382],[-7.36037,42.90514],[-7.36469,42.90555],[-7.37278,42.90507],[-7.37527,42.90249],[-7.39085,42.89355],[-7.3946,42.89249],[-7.39488,42.89022],[-7.38655,42.88698],[-7.38551,42.88611],[-7.38505,42.88435],[-7.37217,42.88535],[-7.35785,42.88611],[-7.35938,42.88017],[-7.35195,42.8807],[-7.34822,42.8792],[-7.34017,42.88129],[-7.33413,42.88084],[-7.33308,42.88003],[-7.32564,42.87578],[-7.32486,42.87938],[-7.32351,42.88568]]]}},{"type":"Feature","properties":{"COD_POSTAL":"27379"},"geometry":{"type":"Polygon","coordinates":[[[-7.61624,43.19904],[-7.61805,43.20062],[-7.61888,43.20107],[-7.61923,43.20086],[-7.6189,43.20065],[-7.6187,43.19952],[-7.61948,43.19888],[-7.61998,43.19431],[-7.61992,43.19196],[-7.62368,43.19124],[-7.61783,43.18858],[-7.61441,43.18785],[-7.60713,43.18537],[-7.5969,43.18267],[-7.59529,43.17966],[-7.59551,43.17896],[-7.59668,43.17769],[-7.59866,43.17603],[-7.59887,43.17522],[-7.59831,43.17353],[-7.59851,43.17113],[-7.59807,43.1668],[-7.59746,43.16596],[-7.59397,43.16662],[-7.59317,43.16632],[-7.59262,43.16571],[-7.59203,43.16421],[-7.59262,43.16171],[-7.59254,43.16089],[-7.59141,43.15649],[-7.59057,43.15491],[-7.58936,43.15419],[-7.58653,43.15367],[-7.58318,43.15365],[-7.57925,43.1532],[-7.57791,43.1535],[-7.57538,43.15529],[-7.57459,43.15698],[-7.57399,43.15752],[-7.57135,43.15904],[-7.57076,43.16019],[-7.57029,43.16351],[-7.5689,43.16478],[-7.56558,43.16557],[-7.56379,43.16553],[-7.56287,43.1652],[-7.56165,43.16772],[-7.56114,43.16823],[-7.55911,43.16878],[-7.55806,43.16941],[-7.55382,43.17373],[-7.54802,43.17404],[-7.5446,43.17483],[-7.5451,43.17613],[-7.54583,43.18105],[-7.54518,43.18259],[-7.54445,43.18323],[-7.54543,43.18789],[-7.54671,43.19024],[-7.54987,43.19323],[-7.55148,43.1941],[-7.55519,43.19466],[-7.5572,43.19566],[-7.55958,43.19649],[-7.56183,43.1998],[-7.56298,43.19894],[-7.56762,43.1966],[-7.57493,43.19458],[-7.58352,43.19275],[-7.58706,43.19144],[-7.58838,43.19263],[-7.59276,43.19319],[-7.59322,43.19391],[-7.59544,43.19555],[-7.59505,43.19609],[-7.59675,43.19714],[-7.5961,43.19762],[-7.59608,43.19949],[-7.59629,43.20002],[-7.59856,43.20082],[-7.59916,43.20094],[-7.60034,43.20054],[-7.60111,43.20053],[-7.60293,43.20091],[-7.60394,43.20082],[-7.60537,43.19995],[-7.60677,43.19973],[-7.60734,43.19996],[-7.60823,43.19947],[-7.6087,43.1996],[-7.60972,43.19898],[-7.61216,43.1989],[-7.61383,43.19918],[-7.61578,43.19884],[-7.61624,43.19904]]]}},{"type":"Feature","properties":{"COD_POSTAL":"27710"},"geometry":{"type":"MultiPolygon","coordinates":[[[[-7.04115,43.55581],[-7.04093,43.55623],[-7.04273,43.55721],[-7.04324,43.55709],[-7.04324,43.55652],[-7.04158,43.55573],[-7.04115,43.55581]]],[[[-7.06004,43.55905],[-7.06057,43.55915],[-7.06095,43.55891],[-7.0606,43.55795],[-7.05959,43.55735],[-7.05949,43.55689],[-7.06136,43.55758],[-7.06279,43.5576],[-7.06346,43.55795],[-7.06356,43.55842],[-7.06456,43.55816],[-7.06625,43.55868],[-7.06646,43.55811],[-7.06704,43.55808],[-7.06526,43.5566],[-7.06527,43.55632],[-7.06632,43.55579],[-7.06577,43.55555],[-7.06624,43.55548],[-7.06611,43.55514],[-7.06654,43.55515],[-7.06637,43.55471],[-7.0669,43.55431],[-7.06671,43.55356],[-7.06768,43.55354],[-7.06828,43.55419],[-7.06911,43.554],[-7.06875,43.55532],[-7.06997,43.55583],[-7.07156,43.55508],[-7.07255,43.55524],[-7.07241,43.55463],[-7.07157,43.55459],[-7.07179,43.55413],[-7.07146,43.5532],[-7.07097,43.55265],[-7.07222,43.55285],[-7.07263,43.5535],[-7.0729,43.55354],[-7.07323,43.55312],[-7.07345,43.55321],[-7.07327,43.55375],[-7.07351,43.55386],[-7.07367,43.55336],[-7.07399,43.55339],[-7.07408,43.5539],[-7.07479,43.55383],[-7.07451,43.55432],[-7.0751,43.55467],[-7.07549,43.55431],[-7.07647,43.55434],[-7.07585,43.55357],[-7.0774,43.55451],[-7.07798,43.55432],[-7.07754,43.55398],[-7.07748,43.55222],[-7.07789,43.54995],[-7.0822,43.54694],[-7.08172,43.54401],[-7.08345,43.5391],[-7.08523,43.53664],[-7.08742,43.53587],[-7.08735,43.53326],[-7.08846,43.53143],[-7.08822,43.52999],[-7.08871,43.52943],[-7.08806,43.52901],[-7.0877,43.52686],[-7.09332,43.52303],[-7.09604,43.521],[-7.09593,43.5208],[-7.09528,43.52048],[-7.09213,43.52263],[-7.08529,43.52299],[-7.07974,43.52403],[-7.07384,43.5301],[-7.06919,43.53273],[-7.06792,43.53369],[-7.06491,43.53425],[-7.06314,43.53556],[-7.06077,43.53633],[-7.06039,43.53716],[-7.06026,43.54179],[-7.04851,43.54165],[-7.04651,43.54205],[-7.04629,43.54181],[-7.04687,43.54088],[-7.04678,43.54063],[-7.04604,43.54032],[-7.04581,43.53951],[-7.04435,43.53958],[-7.04286,43.53918],[-7.0404,43.54122],[-7.03848,43.54233],[-7.03659,43.54289],[-7.03274,43.54296],[-7.03189,43.54456],[-7.03649,43.54534],[-7.03604,43.54615],[-7.03516,43.54659],[-7.03519,43.54685],[-7.03573,43.54706],[-7.03561,43.5473],[-7.03611,43.54754],[-7.03523,43.54773],[-7.03633,43.54825],[-7.03576,43.54869],[-7.03648,43.54924],[-7.03483,43.54942],[-7.03474,43.5499],[-7.03535,43.55007],[-7.03602,43.54991],[-7.03671,43.55189],[-7.03761,43.55238],[-7.0387,43.5526],[-7.03902,43.55317],[-7.03962,43.55318],[-7.03998,43.55293],[-7.04073,43.55303],[-7.04057,43.55353],[-7.04084,43.55371],[-7.04206,43.5536],[-7.04147,43.55456],[-7.04291,43.55586],[-7.04392,43.55568],[-7.04467,43.55602],[-7.04458,43.55552],[-7.0455,43.55496],[-7.04453,43.55445],[-7.04417,43.55353],[-7.04495,43.55324],[-7.04549,43.55354],[-7.04646,43.55359],[-7.04681,43.55306],[-7.04654,43.55193],[-7.04671,43.55188],[-7.0472,43.55243],[-7.04724,43.5535],[-7.04799,43.55358],[-7.04719,43.55512],[-7.04759,43.55502],[-7.04793,43.55533],[-7.04848,43.55507],[-7.04861,43.55526],[-7.04825,43.55598],[-7.04841,43.55654],[-7.0493,43.55731],[-7.04995,43.55746],[-7.05012,43.55728],[-7.04963,43.55619],[-7.0488,43.55556],[-7.04899,43.55539],[-7.05111,43.55618],[-7.05178,43.55604],[-7.05295,43.55672],[-7.05348,43.55651],[-7.05402,43.55695],[-7.05584,43.55751],[-7.05604,43.5576],[-7.05553,43.55804],[-7.05688,43.55828],[-7.05687,43.55883],[-7.05883,43.55907],[-7.05953,43.55889],[-7.06004,43.55905]]]]}},{"type":"Feature","properties":{"COD_POSTAL":"27420"},"geometry":{"type":"Polygon","coordinates":[[[-7.52631,42.50964],[-7.52879,42.51361],[-7.53288,42.51548],[-7.53526,42.51628],[-7.53955,42.51715],[-7.54235,42.51609],[-7.54314,42.51504],[-7.54508,42.51427],[-7.54969,42.51377],[-7.55122,42.51275],[-7.54867,42.51205],[-7.54429,42.50624],[-7.54207,42.49933],[-7.5421,42.49777],[-7.54451,42.4938],[-7.5419,42.49311],[-7.53261,42.48838],[-7.52947,42.49271],[-7.52802,42.49371],[-7.52045,42.4961],[-7.5156,42.4971],[-7.51532,42.49785],[-7.50844,42.50185],[-7.50838,42.50485],[-7.50933,42.50659],[-7.50977,42.50646],[-7.51259,42.50903],[-7.52332,42.5089],[-7.52631,42.50964]]]}},{"type":"Feature","properties":{"COD_POSTAL":"27778"},"geometry":{"type":"MultiPolygon","coordinates":[[[[-7.42537,43.54483],[-7.4254,43.546],[-7.42443,43.54938],[-7.4294,43.54844],[-7.43331,43.54538],[-7.43339,43.54466],[-7.43434,43.54374],[-7.43485,43.54209],[-7.43415,43.54129],[-7.43223,43.54071],[-7.4298,43.54074],[-7.42815,43.54092],[-7.42666,43.54154],[-7.42533,43.5427],[-7.42537,43.54483]]],[[[-7.45229,43.55232],[-7.45015,43.55179],[-7.44972,43.55125],[-7.44778,43.55007],[-7.44492,43.55349],[-7.44442,43.5537],[-7.44322,43.55375],[-7.43758,43.5528],[-7.43285,43.55249],[-7.42841,43.55289],[-7.4291,43.55442],[-7.42933,43.55643],[-7.42971,43.5571],[-7.43379,43.56113],[-7.43568,43.56186],[-7.44765,43.56411],[-7.451,43.56516],[-7.45357,43.56567],[-7.4555,43.56642],[-7.46281,43.57838],[-7.46416,43.58202],[-7.46404,43.58345],[-7.46272,43.58539],[-7.45774,43.58805],[-7.46425,43.58789],[-7.46901,43.58887],[-7.47946,43.58609],[-7.48333,43.58467],[-7.48776,43.58457],[-7.49101,43.58481],[-7.4928,43.58435],[-7.49511,43.58482],[-7.49666,43.58483],[-7.49952,43.58354],[-7.50171,43.58337],[-7.50392,43.5824],[-7.50523,43.58336],[-7.50552,43.58459],[-7.50441,43.58597],[-7.50475,43.58693],[-7.50392,43.58792],[-7.5036,43.5897],[-7.50589,43.5932],[-7.51092,43.58801],[-7.51228,43.5862],[-7.51271,43.5852],[-7.51463,43.58482],[-7.5147,43.58331],[-7.51895,43.58079],[-7.51851,43.5799],[-7.51713,43.57843],[-7.51693,43.57786],[-7.51701,43.57694],[-7.51912,43.5755],[-7.52102,43.57458],[-7.52327,43.57433],[-7.52649,43.57501],[-7.52794,43.57495],[-7.52969,43.57417],[-7.53023,43.57295],[-7.53028,43.57242],[-7.52972,43.57142],[-7.52599,43.56871],[-7.52469,43.56802],[-7.5261,43.56589],[-7.52449,43.56467],[-7.52377,43.56307],[-7.52295,43.56265],[-7.52131,43.56243],[-7.52141,43.56186],[-7.52032,43.56081],[-7.52292,43.55964],[-7.52793,43.55475],[-7.52851,43.5536],[-7.52898,43.55154],[-7.5274,43.55058],[-7.52407,43.55057],[-7.52254,43.54946],[-7.52338,43.54715],[-7.52139,43.54627],[-7.51667,43.5396],[-7.51226,43.53883],[-7.50416,43.53853],[-7.49171,43.54194],[-7.48946,43.54316],[-7.48718,43.54378],[-7.4793,43.54418],[-7.47513,43.54579],[-7.47644,43.54727],[-7.4793,43.54824],[-7.48255,43.55125],[-7.48125,43.55579],[-7.4785,43.55747],[-7.47669,43.56005],[-7.47649,43.56274],[-7.47673,43.56294],[-7.47546,43.56343],[-7.47482,43.56687],[-7.46546,43.56381],[-7.46515,43.56323],[-7.46684,43.56057],[-7.46695,43.55992],[-7.46615,43.55903],[-7.46383,43.55888],[-7.4599,43.55958],[-7.45877,43.55912],[-7.45813,43.5586],[-7.4579,43.55761],[-7.45754,43.55721],[-7.45709,43.55518],[-7.45496,43.55354],[-7.45231,43.55236],[-7.45229,43.55232]]]]}},{"type":"Feature","properties":{"COD_POSTAL":"27822"},"geometry":{"type":"Polygon","coordinates":[[[-7.73487,43.31228],[-7.73802,43.31189],[-7.7438,43.30811],[-7.74594,43.30731],[-7.74734,43.30649],[-7.75007,43.30553],[-7.75829,43.30497],[-7.76345,43.30308],[-7.76322,43.30226],[-7.76194,43.30191],[-7.75929,43.29914],[-7.75827,43.29713],[-7.75773,43.29527],[-7.76168,43.29139],[-7.75443,43.29197],[-7.75467,43.29397],[-7.7543,43.29443],[-7.75343,43.2942],[-7.75278,43.2944],[-7.75256,43.29458],[-7.7528,43.29469],[-7.75261,43.29494],[-7.75202,43.29462],[-7.75152,43.29472],[-7.75253,43.29398],[-7.75151,43.2922],[-7.74813,43.29174],[-7.7384,43.28875],[-7.73774,43.29139],[-7.73626,43.29523],[-7.73428,43.2977],[-7.7326,43.3005],[-7.73069,43.30268],[-7.72549,43.30604],[-7.72409,43.30749],[-7.72487,43.30795],[-7.7256,43.30948],[-7.72628,43.31015],[-7.72841,43.31135],[-7.72956,43.31179],[-7.73073,43.31192],[-7.73317,43.31169],[-7.73385,43.31185],[-7.73487,43.31228]]]}},{"type":"Feature","properties":{"COD_POSTAL":"27658"},"geometry":{"type":"Polygon","coordinates":[[[-6.96614,43.06135],[-6.96643,43.06179],[-6.96716,43.0621],[-6.96824,43.06209],[-6.96938,43.06091],[-6.97064,43.06147],[-6.97418,43.05981],[-6.97592,43.05968],[-6.97743,43.05922],[-6.97848,43.0595],[-7.00599,43.05066],[-7.00858,43.05091],[-7.01056,43.05142],[-7.01217,43.05138],[-7.01399,43.05046],[-7.01558,43.04927],[-7.01581,43.04828],[-7.01565,43.04696],[-7.02572,43.03796],[-7.02528,43.03637],[-7.02301,43.03427],[-7.02261,43.03354],[-7.02248,43.03121],[-7.02215,43.02974],[-7.02766,43.02739],[-7.02658,43.01202],[-7.02475,43.0111],[-7.02295,43.00925],[-7.02168,43.00847],[-7.01876,43.00802],[-7.01776,43.00808],[-7.01573,43.00671],[-7.0153,43.00441],[-7.01364,43.00303],[-7.00952,43.00347],[-7.00619,42.99931],[-7.00491,42.99852],[-7.00319,42.99368],[-7.00029,42.98943],[-6.99841,42.98815],[-6.99764,42.98709],[-6.99437,42.98665],[-6.99032,42.98772],[-6.98765,42.98471],[-6.98595,42.98175],[-6.98358,42.97942],[-6.98234,42.97851],[-6.98217,42.97694],[-6.98102,42.97555],[-6.97801,42.97486],[-6.9754,42.9764],[-6.9764,42.9776],[-6.97679,42.97944],[-6.97617,42.97975],[-6.9735,42.97962],[-6.96845,42.98155],[-6.96682,42.98174],[-6.96263,42.98099],[-6.96216,42.98122],[-6.96202,42.98205],[-6.96255,42.98285],[-6.96488,42.9846],[-6.9653,42.98543],[-6.96378,42.98652],[-6.96413,42.98839],[-6.96651,42.99073],[-6.96665,42.99157],[-6.96873,42.99232],[-6.97216,42.99406],[-6.97257,42.99629],[-6.9751,42.99629],[-6.9787,43.004],[-6.97963,43.00479],[-6.98378,43.00404],[-6.98585,43.00958],[-6.98617,43.01263],[-6.98569,43.01442],[-6.98858,43.01471],[-6.99266,43.01706],[-6.99623,43.01846],[-6.99717,43.01948],[-6.99634,43.02243],[-6.99562,43.02354],[-6.99497,43.02633],[-6.99641,43.02683],[-6.99692,43.02771],[-6.99546,43.02902],[-6.99121,43.03087],[-6.98723,43.02924],[-6.98653,43.0296],[-6.98529,43.0314],[-6.98513,43.0325],[-6.98469,43.03291],[-6.98437,43.03479],[-6.98313,43.03587],[-6.9833,43.03735],[-6.98391,43.03827],[-6.98271,43.03983],[-6.98258,43.04053],[-6.98191,43.04137],[-6.9812,43.04128],[-6.98095,43.04146],[-6.97922,43.03903],[-6.9786,43.03892],[-6.97825,43.03857],[-6.9777,43.03735],[-6.97747,43.03432],[-6.97665,43.03416],[-6.97584,43.03191],[-6.97247,43.03037],[-6.97076,43.03097],[-6.97024,43.03232],[-6.96899,43.03274],[-6.96915,43.03512],[-6.968,43.03536],[-6.96783,43.03462],[-6.96464,43.03467],[-6.96604,43.03714],[-6.96609,43.03772],[-6.96519,43.03897],[-6.96497,43.04051],[-6.96334,43.04429],[-6.96485,43.04999],[-6.96422,43.05114],[-6.96203,43.05209],[-6.9621,43.0524],[-6.96367,43.05325],[-6.96498,43.05461],[-6.96714,43.05519],[-6.96838,43.05616],[-6.96864,43.05668],[-6.96859,43.05721],[-6.96702,43.05821],[-6.96698,43.05988],[-6.96652,43.06118],[-6.96614,43.06135]]]}},{"type":"Feature","properties":{"COD_POSTAL":"27595"},"geometry":{"type":"Polygon","coordinates":[[[-7.75501,42.66349],[-7.76281,42.66322],[-7.77204,42.66185],[-7.77836,42.66127],[-7.77845,42.6598],[-7.7802,42.65637],[-7.78047,42.65641],[-7.77885,42.65272],[-7.77961,42.65138],[-7.7819,42.64902],[-7.78431,42.64756],[-7.78557,42.6458],[-7.79007,42.64354],[-7.7872,42.64249],[-7.78552,42.64108],[-7.78528,42.63617],[-7.78685,42.63361],[-7.78162,42.63275],[-7.76712,42.63455],[-7.76504,42.63585],[-7.76551,42.63801],[-7.76946,42.64499],[-7.76651,42.64515],[-7.75879,42.64622],[-7.75085,42.64666],[-7.7468,42.65069],[-7.74488,42.65342],[-7.74194,42.65656],[-7.73964,42.65808],[-7.73429,42.65964],[-7.73483,42.66197],[-7.73481,42.66314],[-7.73657,42.66229],[-7.74306,42.66253],[-7.74714,42.66222],[-7.75174,42.66302],[-7.75501,42.66349]]]}},{"type":"Feature","properties":{"COD_POSTAL":"27151"},"geometry":{"type":"Polygon","coordinates":[[[-7.59466,43.1666],[-7.59746,43.16596],[-7.60156,43.15843],[-7.60182,43.15686],[-7.60114,43.15288],[-7.60255,43.14493],[-7.60421,43.14216],[-7.60569,43.13657],[-7.60657,43.13441],[-7.60743,43.1326],[-7.60911,43.13087],[-7.60988,43.12945],[-7.6063,43.13067],[-7.60317,43.13122],[-7.6008,43.1307],[-7.59912,43.13004],[-7.59853,43.12943],[-7.5933,43.12758],[-7.59169,43.12811],[-7.58822,43.13307],[-7.57848,43.1403],[-7.57598,43.13893],[-7.57376,43.13838],[-7.57022,43.13709],[-7.56727,43.13639],[-7.56564,43.13607],[-7.55918,43.13617],[-7.56041,43.14145],[-7.55841,43.14496],[-7.5555,43.14891],[-7.55211,43.15155],[-7.55866,43.1549],[-7.55996,43.15683],[-7.56035,43.16173],[-7.56114,43.16494],[-7.56461,43.16562],[-7.56671,43.16541],[-7.5689,43.16478],[-7.57029,43.16351],[-7.57076,43.16019],[-7.57135,43.15904],[-7.57459,43.15698],[-7.57538,43.15529],[-7.57577,43.15495],[-7.57791,43.1535],[-7.57925,43.1532],[-7.58318,43.15365],[-7.58653,43.15367],[-7.58936,43.15419],[-7.59057,43.15491],[-7.59141,43.15649],[-7.59254,43.16089],[-7.59262,43.16171],[-7.59203,43.16421],[-7.59217,43.16483],[-7.59317,43.16632],[-7.59397,43.16662],[-7.59466,43.1666]]]}},{"type":"Feature","properties":{"COD_POSTAL":"27721"},"geometry":{"type":"Polygon","coordinates":[[[-7.15588,43.31878],[-7.14654,43.32445],[-7.13498,43.32877],[-7.13121,43.33135],[-7.13164,43.334],[-7.14874,43.33157],[-7.15308,43.33188],[-7.16257,43.33417],[-7.16621,43.33192],[-7.1724,43.32966],[-7.17479,43.32933],[-7.17783,43.32809],[-7.1798,43.32662],[-7.18072,43.32328],[-7.18053,43.32238],[-7.1815,43.32178],[-7.18284,43.3215],[-7.18187,43.32025],[-7.17952,43.3187],[-7.18049,43.31818],[-7.1817,43.31784],[-7.18655,43.31981],[-7.18991,43.31731],[-7.19034,43.31582],[-7.19108,43.3156],[-7.19401,43.31617],[-7.19652,43.31783],[-7.20084,43.31296],[-7.20328,43.30952],[-7.20412,43.30797],[-7.20421,43.30395],[-7.20216,43.30095],[-7.19014,43.30427],[-7.186,43.30369],[-7.1778,43.29651],[-7.18041,43.28613],[-7.18127,43.28157],[-7.17858,43.27653],[-7.17869,43.27299],[-7.1766,43.27166],[-7.17622,43.26821],[-7.17427,43.26549],[-7.171,43.2626],[-7.17015,43.26285],[-7.16809,43.26294],[-7.16518,43.26373],[-7.16241,43.26374],[-7.15999,43.26472],[-7.15786,43.264],[-7.1556,43.26396],[-7.15192,43.28281],[-7.15256,43.28435],[-7.14607,43.30431],[-7.14722,43.3062],[-7.15674,43.312],[-7.16299,43.31545],[-7.16328,43.31639],[-7.16405,43.31468],[-7.16458,43.31458],[-7.16496,43.3149],[-7.165,43.31546],[-7.1658,43.31658],[-7.16574,43.31716],[-7.16476,43.31818],[-7.16122,43.31923],[-7.16022,43.31871],[-7.15913,43.31886],[-7.15747,43.31857],[-7.15588,43.31878]]]}},{"type":"Feature","properties":{"COD_POSTAL":"27130"},"geometry":{"type":"Polygon","coordinates":[[[-7.26115,42.9917],[-7.25362,42.99332],[-7.24203,42.99407],[-7.23574,42.9952],[-7.22887,42.99468],[-7.21794,42.99616],[-7.22194,42.99946],[-7.22218,43.00049],[-7.22058,43.012],[-7.21852,43.01536],[-7.21859,43.02028],[-7.2207,43.02445],[-7.22763,43.0314],[-7.23035,43.0351],[-7.23131,43.03872],[-7.23316,43.03872],[-7.23776,43.03441],[-7.24155,43.03225],[-7.24424,43.03222],[-7.25224,43.03027],[-7.25783,43.02839],[-7.26653,43.02835],[-7.27661,43.025],[-7.27435,43.02197],[-7.27292,43.02085],[-7.26855,43.01848],[-7.26715,43.01583],[-7.26733,43.01329],[-7.26638,43.0114],[-7.26406,43.00487],[-7.26115,42.9917]]]}},{"type":"Feature","properties":{"COD_POSTAL":"27200"},"geometry":{"type":"Polygon","coordinates":[[[-7.872,42.88985],[-7.87277,42.89381],[-7.87391,42.89347],[-7.87764,42.89088],[-7.87856,42.88925],[-7.87907,42.8889],[-7.87959,42.88781],[-7.88035,42.88702],[-7.88095,42.88721],[-7.88326,42.8869],[-7.88702,42.88621],[-7.88936,42.8855],[-7.89078,42.88409],[-7.89174,42.88144],[-7.88806,42.87872],[-7.88804,42.87771],[-7.88841,42.87724],[-7.8874,42.87614],[-7.88517,42.87572],[-7.88086,42.87364],[-7.87987,42.87284],[-7.87891,42.87067],[-7.87513,42.86891],[-7.87411,42.86767],[-7.8743,42.86699],[-7.87234,42.86682],[-7.87107,42.86741],[-7.87052,42.868],[-7.86951,42.86784],[-7.86639,42.86796],[-7.8642,42.86839],[-7.86064,42.86804],[-7.85655,42.87273],[-7.85273,42.87481],[-7.85189,42.87698],[-7.85467,42.87698],[-7.85634,42.87728],[-7.86417,42.87983],[-7.86542,42.88177],[-7.86657,42.88169],[-7.86793,42.88114],[-7.86991,42.87871],[-7.87183,42.878],[-7.87305,42.87812],[-7.874,42.87912],[-7.87399,42.88011],[-7.87249,42.8821],[-7.87267,42.88444],[-7.87157,42.88689],[-7.87152,42.88752],[-7.872,42.88985]]]}},{"type":"Feature","properties":{"COD_POSTAL":"27421"},"geometry":{"type":"Polygon","coordinates":[[[-7.56201,42.42443],[-7.56824,42.42417],[-7.56997,42.42373],[-7.57512,42.42361],[-7.57669,42.42427],[-7.57859,42.42451],[-7.5797,42.42506],[-7.58473,42.42967],[-7.58572,42.42939],[-7.58613,42.42854],[-7.58607,42.42817],[-7.58715,42.4275],[-7.58815,42.42594],[-7.58554,42.42345],[-7.5845,42.42275],[-7.58114,42.42186],[-7.58059,42.42144],[-7.58048,42.42071],[-7.58144,42.42003],[-7.58224,42.41865],[-7.58277,42.41243],[-7.58261,42.41214],[-7.58455,42.41249],[-7.58507,42.41064],[-7.58914,42.40822],[-7.5894,42.40759],[-7.58728,42.40546],[-7.58804,42.40371],[-7.58802,42.40279],[-7.5862,42.39999],[-7.58278,42.40158],[-7.57768,42.40447],[-7.57612,42.40487],[-7.57481,42.40485],[-7.57508,42.40617],[-7.57334,42.40899],[-7.57248,42.41245],[-7.57182,42.41323],[-7.57165,42.41437],[-7.56883,42.41862],[-7.56652,42.42021],[-7.56319,42.422],[-7.56024,42.4241],[-7.56201,42.42443]]]}},{"type":"Feature","properties":{"COD_POSTAL":"27142"},"geometry":{"type":"Polygon","coordinates":[[[-7.38288,43.03233],[-7.38501,43.03172],[-7.38627,43.03067],[-7.38767,43.02892],[-7.38952,43.02748],[-7.39135,43.02723],[-7.39656,43.02714],[-7.3989,43.02815],[-7.39913,43.02692],[-7.39981,43.02643],[-7.39998,43.02601],[-7.4007,43.02568],[-7.4011,43.02584],[-7.40137,43.02541],[-7.40236,43.02512],[-7.40332,43.02545],[-7.40376,43.02494],[-7.40459,43.02493],[-7.40544,43.02526],[-7.40667,43.02494],[-7.40762,43.02497],[-7.40824,43.0246],[-7.40839,43.02343],[-7.40816,43.02253],[-7.4095,43.0198],[-7.40478,43.01885],[-7.40347,43.01812],[-7.40244,43.01804],[-7.3999,43.0194],[-7.39782,43.01976],[-7.39497,43.01935],[-7.39555,43.0164],[-7.39527,43.0148],[-7.39364,43.01357],[-7.39273,43.01095],[-7.39033,43.00986],[-7.39075,43.00713],[-7.39051,43.00642],[-7.3885,43.00579],[-7.38829,43.00458],[-7.39216,43.00191],[-7.39495,42.9993],[-7.39757,42.99777],[-7.39821,42.99654],[-7.40154,42.9944],[-7.40152,42.99393],[-7.40109,42.99341],[-7.40078,42.99175],[-7.38873,42.98983],[-7.388,42.99128],[-7.38696,42.99119],[-7.38688,42.99364],[-7.38532,42.99571],[-7.38282,42.99819],[-7.36975,43.00737],[-7.36992,43.00797],[-7.37046,43.00861],[-7.3734,43.0098],[-7.37576,43.01004],[-7.37653,43.01076],[-7.37336,43.01284],[-7.37045,43.01529],[-7.36932,43.0186],[-7.36823,43.0229],[-7.36764,43.02356],[-7.36526,43.02915],[-7.36942,43.03195],[-7.37368,43.0314],[-7.37575,43.0316],[-7.38288,43.03233]]]}},{"type":"Feature","properties":{"COD_POSTAL":"27191"},"geometry":{"type":"Polygon","coordinates":[[[-7.48015,43.06787],[-7.48712,43.06913],[-7.48922,43.06986],[-7.49089,43.07155],[-7.49467,43.07251],[-7.49936,43.07315],[-7.49964,43.07445],[-7.49938,43.07533],[-7.49551,43.08324],[-7.49825,43.08319],[-7.51041,43.08119],[-7.51622,43.07828],[-7.52956,43.07459],[-7.53025,43.07062],[-7.52934,43.06954],[-7.53046,43.06673],[-7.53015,43.06521],[-7.53086,43.06379],[-7.53229,43.06287],[-7.53309,43.06329],[-7.5339,43.06271],[-7.53409,43.06044],[-7.53315,43.05876],[-7.5294,43.05965],[-7.51735,43.06025],[-7.51606,43.05986],[-7.51501,43.06003],[-7.51334,43.06112],[-7.51176,43.06111],[-7.5102,43.06075],[-7.512,43.05912],[-7.51282,43.05756],[-7.51103,43.0543],[-7.50788,43.0527],[-7.50906,43.05159],[-7.50765,43.05014],[-7.508,43.04767],[-7.50946,43.04551],[-7.50954,43.04497],[-7.51208,43.04157],[-7.51201,43.04113],[-7.51534,43.03993],[-7.51652,43.04018],[-7.51992,43.03872],[-7.52087,43.03876],[-7.52222,43.03774],[-7.52242,43.03718],[-7.5246,43.0343],[-7.52516,43.03304],[-7.52744,43.0314],[-7.52965,43.03088],[-7.53195,43.03098],[-7.53454,43.02982],[-7.53367,43.02861],[-7.53229,43.02588],[-7.52937,43.02391],[-7.52696,43.02261],[-7.52559,43.02065],[-7.52461,43.01855],[-7.5249,43.01729],[-7.52495,43.01463],[-7.52158,43.01334],[-7.51653,43.01355],[-7.5109,43.01496],[-7.5068,43.02002],[-7.5055,43.02102],[-7.50591,43.02197],[-7.50539,43.02216],[-7.50493,43.02392],[-7.4968,43.02619],[-7.49519,43.02615],[-7.49324,43.02505],[-7.4911,43.02458],[-7.48867,43.02753],[-7.48828,43.02879],[-7.48299,43.03236],[-7.47891,43.03639],[-7.4806,43.04185],[-7.47998,43.04323],[-7.48041,43.04429],[-7.48219,43.04464],[-7.48458,43.04865],[-7.48617,43.0567],[-7.48542,43.05882],[-7.4841,43.05952],[-7.48326,43.06028],[-7.48196,43.06284],[-7.4821,43.06418],[-7.48015,43.06787]]]}},{"type":"Feature","properties":{"COD_POSTAL":"27890"},"geometry":{"type":"MultiPolygon","coordinates":[[[[-7.44221,43.70066],[-7.44239,43.70091],[-7.44278,43.70089],[-7.44287,43.70064],[-7.44256,43.7005],[-7.44221,43.70066]]],[[[-7.46326,43.70423],[-7.46347,43.70479],[-7.46481,43.70497],[-7.46638,43.70415],[-7.46699,43.70434],[-7.46735,43.70357],[-7.46777,43.70345],[-7.46791,43.7031],[-7.46867,43.70288],[-7.46927,43.70305],[-7.47154,43.7047],[-7.4722,43.70495],[-7.4715,43.70265],[-7.47152,43.70092],[-7.47219,43.69706],[-7.4721,43.69605],[-7.46999,43.6943],[-7.46949,43.69337],[-7.4681,43.68482],[-7.46821,43.68443],[-7.47019,43.68364],[-7.47119,43.68292],[-7.47151,43.68213],[-7.47241,43.68097],[-7.47301,43.67937],[-7.47164,43.67191],[-7.47056,43.66941],[-7.46511,43.67213],[-7.45765,43.67095],[-7.45076,43.67248],[-7.44259,43.67189],[-7.43786,43.68389],[-7.42875,43.68607],[-7.42615,43.68642],[-7.42617,43.68927],[-7.42167,43.69138],[-7.42159,43.69161],[-7.42162,43.69215],[-7.42331,43.6922],[-7.42343,43.69298],[-7.42385,43.69299],[-7.42429,43.69335],[-7.42724,43.6935],[-7.42759,43.69413],[-7.42887,43.69335],[-7.43116,43.69313],[-7.43272,43.69246],[-7.43324,43.69286],[-7.43223,43.69323],[-7.43175,43.69397],[-7.43229,43.69434],[-7.43488,43.69444],[-7.4367,43.69404],[-7.43741,43.69449],[-7.43817,43.69446],[-7.43822,43.69496],[-7.43943,43.69495],[-7.43956,43.69518],[-7.43931,43.69577],[-7.43809,43.69585],[-7.43781,43.69626],[-7.43756,43.69626],[-7.43744,43.69686],[-7.43826,43.69693],[-7.43815,43.69737],[-7.43732,43.69789],[-7.4359,43.69756],[-7.43561,43.6979],[-7.43588,43.69823],[-7.4358,43.69864],[-7.4338,43.69912],[-7.43382,43.70016],[-7.43406,43.70048],[-7.43625,43.70142],[-7.4365,43.70188],[-7.43727,43.70149],[-7.438,43.7017],[-7.43881,43.70124],[-7.43891,43.70078],[-7.4397,43.70081],[-7.44008,43.70053],[-7.44018,43.70032],[-7.4394,43.70003],[-7.43958,43.6996],[-7.44055,43.69946],[-7.44054,43.6992],[-7.43915,43.69896],[-7.43916,43.69844],[-7.44003,43.69749],[-7.44282,43.69597],[-7.44356,43.69504],[-7.44383,43.69398],[-7.44506,43.69372],[-7.4468,43.69371],[-7.44708,43.6941],[-7.44587,43.69454],[-7.44313,43.69677],[-7.44305,43.69785],[-7.44326,43.69807],[-7.44472,43.6988],[-7.44803,43.69855],[-7.44835,43.69876],[-7.44858,43.69999],[-7.45032,43.70022],[-7.45275,43.70023],[-7.45318,43.70008],[-7.45361,43.69923],[-7.45416,43.69882],[-7.4557,43.6988],[-7.45722,43.69983],[-7.45789,43.70094],[-7.4587,43.70097],[-7.45908,43.70164],[-7.46054,43.70215],[-7.46296,43.70187],[-7.46298,43.70245],[-7.46362,43.70282],[-7.46299,43.70306],[-7.46353,43.70334],[-7.46308,43.70345],[-7.46291,43.70409],[-7.46326,43.70423]]]]}},{"type":"Feature","properties":{"COD_POSTAL":"27417"},"geometry":{"type":"Polygon","coordinates":[[[-7.51815,42.58688],[-7.53224,42.58107],[-7.54238,42.57731],[-7.55057,42.58046],[-7.55919,42.58438],[-7.56279,42.58328],[-7.56372,42.58234],[-7.56389,42.58056],[-7.56318,42.57999],[-7.56171,42.57952],[-7.56037,42.57812],[-7.5555,42.57049],[-7.5553,42.56442],[-7.55607,42.56344],[-7.56348,42.55688],[-7.55601,42.55685],[-7.54822,42.55468],[-7.54539,42.55493],[-7.53943,42.55599],[-7.53492,42.55858],[-7.52681,42.56626],[-7.52562,42.57551],[-7.52001,42.58208],[-7.51815,42.58688]]]}},{"type":"Feature","properties":{"COD_POSTAL":"27272"},"geometry":{"type":"Polygon","coordinates":[[[-7.40527,43.11888],[-7.41344,43.11843],[-7.42866,43.11203],[-7.43005,43.10541],[-7.42401,43.09796],[-7.42701,43.08922],[-7.42408,43.0799],[-7.41912,43.07291],[-7.40473,43.07485],[-7.40305,43.07557],[-7.40097,43.07539],[-7.40207,43.09871],[-7.40153,43.10092],[-7.40358,43.10297],[-7.40216,43.11084],[-7.40229,43.11345],[-7.40527,43.11888]]]}},{"type":"Feature","properties":{"COD_POSTAL":"27348"},"geometry":{"type":"Polygon","coordinates":[[[-7.39645,42.64899],[-7.40368,42.65062],[-7.40928,42.65499],[-7.41313,42.65476],[-7.42357,42.65856],[-7.4235,42.65716],[-7.42642,42.65522],[-7.43496,42.65518],[-7.43781,42.65442],[-7.43569,42.65187],[-7.43404,42.64703],[-7.43549,42.64589],[-7.43983,42.64326],[-7.44309,42.63891],[-7.44277,42.63705],[-7.44261,42.63656],[-7.4392,42.63301],[-7.43522,42.62933],[-7.43463,42.62906],[-7.4207,42.62833],[-7.4189,42.62791],[-7.41525,42.62754],[-7.41181,42.6312],[-7.40478,42.63532],[-7.40081,42.63889],[-7.40037,42.64152],[-7.39645,42.64675],[-7.39505,42.64748],[-7.39645,42.64899]]]}},{"type":"Feature","properties":{"COD_POSTAL":"27765"},"geometry":{"type":"Polygon","coordinates":[[[-7.1534,43.45547],[-7.15487,43.45537],[-7.1552,43.45623],[-7.15649,43.4569],[-7.15799,43.45711],[-7.1592,43.45768],[-7.16168,43.45821],[-7.16244,43.45927],[-7.15602,43.46379],[-7.15582,43.46533],[-7.15459,43.46782],[-7.15027,43.46764],[-7.14361,43.47162],[-7.14522,43.47384],[-7.14987,43.47385],[-7.1529,43.47423],[-7.15661,43.47526],[-7.15851,43.47514],[-7.16025,43.47666],[-7.16268,43.47771],[-7.1652,43.47942],[-7.16917,43.48026],[-7.1766,43.47811],[-7.17812,43.47747],[-7.17994,43.4761],[-7.18136,43.47566],[-7.18859,43.47533],[-7.1902,43.4749],[-7.19522,43.47432],[-7.1975,43.47343],[-7.19815,43.47287],[-7.19854,43.47215],[-7.19915,43.47246],[-7.20621,43.46995],[-7.21844,43.46646],[-7.22091,43.46645],[-7.23105,43.46895],[-7.23619,43.46362],[-7.23853,43.46285],[-7.2409,43.46273],[-7.24252,43.46221],[-7.24443,43.46224],[-7.24628,43.46119],[-7.24778,43.46078],[-7.24524,43.45878],[-7.24461,43.45802],[-7.24155,43.45348],[-7.24098,43.4518],[-7.24017,43.44637],[-7.24148,43.44253],[-7.23787,43.43456],[-7.2368,43.42923],[-7.23825,43.42793],[-7.23809,43.42629],[-7.23853,43.42537],[-7.2382,43.42386],[-7.23248,43.42364],[-7.23,43.4238],[-7.22194,43.42336],[-7.21964,43.42381],[-7.2167,43.42328],[-7.21577,43.42221],[-7.20878,43.42112],[-7.20393,43.41983],[-7.19995,43.42049],[-7.19883,43.41935],[-7.19762,43.42169],[-7.1929,43.42881],[-7.1904,43.43067],[-7.1874,43.43165],[-7.18394,43.42933],[-7.18051,43.42964],[-7.17767,43.43039],[-7.17689,43.42998],[-7.17455,43.43046],[-7.17339,43.43003],[-7.17299,43.43041],[-7.16618,43.43108],[-7.162,43.432],[-7.16241,43.4323],[-7.16259,43.43318],[-7.16449,43.43458],[-7.16653,43.43515],[-7.16646,43.43671],[-7.16167,43.43816],[-7.1611,43.4404],[-7.15982,43.44169],[-7.15723,43.4409],[-7.15731,43.44028],[-7.15131,43.44542],[-7.15413,43.4509],[-7.15244,43.45459],[-7.1534,43.45547]]]}},{"type":"Feature","properties":{"COD_POSTAL":"27666"},"geometry":{"type":"Polygon","coordinates":[[[-6.86972,42.81204],[-6.90248,42.82059],[-6.91059,42.82933],[-6.91854,42.83229],[-6.93947,42.84715],[-6.95311,42.83478],[-6.95507,42.83081],[-6.97814,42.82808],[-6.97982,42.82683],[-6.98988,42.82677],[-6.99987,42.84232],[-7.00481,42.84378],[-7.00676,42.84216],[-7.02451,42.84214],[-7.02636,42.83774],[-7.03779,42.83987],[-7.03968,42.83736],[-7.04223,42.83595],[-7.049,42.82927],[-7.04988,42.82627],[-7.04823,42.81719],[-7.0392,42.81356],[-7.03774,42.81459],[-7.03456,42.81226],[-7.02462,42.80051],[-7.03092,42.79867],[-7.04758,42.78676],[-7.04646,42.78493],[-7.04586,42.78436],[-7.04411,42.78341],[-7.04018,42.78187],[-7.03521,42.78291],[-7.03126,42.78003],[-7.03009,42.77892],[-7.02615,42.77489],[-7.02817,42.77211],[-7.02819,42.77135],[-7.02708,42.76933],[-7.02628,42.76555],[-7.02216,42.75985],[-7.02095,42.75864],[-7.018,42.75485],[-7.01743,42.75311],[-7.01121,42.74993],[-7.01031,42.74749],[-7.00982,42.74686],[-7.00837,42.74598],[-7.00663,42.7455],[-7.00518,42.74386],[-7.00325,42.7427],[-7.00275,42.74853],[-6.99045,42.75657],[-6.98792,42.76499],[-6.99825,42.76377],[-7.00375,42.77271],[-7.00192,42.77703],[-6.99993,42.77757],[-6.98789,42.77554],[-6.98681,42.77468],[-6.98035,42.78926],[-6.97769,42.79007],[-6.98017,42.77583],[-6.97083,42.77541],[-6.96604,42.77277],[-6.96153,42.7665],[-6.94955,42.78016],[-6.94321,42.78006],[-6.9421,42.7791],[-6.94145,42.77103],[-6.93827,42.76739],[-6.92279,42.76408],[-6.91036,42.75589],[-6.90149,42.76128],[-6.90151,42.76358],[-6.90017,42.76412],[-6.89966,42.76492],[-6.89847,42.76526],[-6.89621,42.76511],[-6.89783,42.76676],[-6.89803,42.76878],[-6.89691,42.7719],[-6.89078,42.77729],[-6.89002,42.7776],[-6.88762,42.77766],[-6.88614,42.77833],[-6.88446,42.7794],[-6.88291,42.77986],[-6.88249,42.78045],[-6.87985,42.78229],[-6.87899,42.78256],[-6.87577,42.78246],[-6.87486,42.78375],[-6.87307,42.78433],[-6.87062,42.78617],[-6.86743,42.78717],[-6.86422,42.79235],[-6.86401,42.79287],[-6.86401,42.7954],[-6.86451,42.79745],[-6.86874,42.79919],[-6.86926,42.8008],[-6.86792,42.80215],[-6.867,42.80395],[-6.86505,42.80561],[-6.86289,42.80695],[-6.86972,42.81204]]]}},{"type":"Feature","properties":{"COD_POSTAL":"27625"},"geometry":{"type":"Polygon","coordinates":[[[-7.24641,42.71142],[-7.24737,42.71185],[-7.24994,42.71183],[-7.25089,42.71079],[-7.25175,42.71037],[-7.25584,42.70992],[-7.25853,42.70924],[-7.25905,42.70981],[-7.2604,42.71036],[-7.26113,42.71143],[-7.26469,42.71294],[-7.26649,42.71297],[-7.26751,42.71266],[-7.26841,42.71187],[-7.27106,42.71203],[-7.27397,42.71322],[-7.27409,42.71035],[-7.27299,42.70677],[-7.2718,42.70627],[-7.26889,42.70261],[-7.27309,42.70081],[-7.2775,42.70019],[-7.27724,42.69909],[-7.27623,42.69696],[-7.27731,42.69477],[-7.2776,42.6933],[-7.27581,42.69186],[-7.27295,42.6911],[-7.26308,42.68389],[-7.25927,42.68294],[-7.23737,42.6826],[-7.23607,42.68229],[-7.23163,42.68337],[-7.22922,42.68656],[-7.22861,42.6889],[-7.2307,42.6891],[-7.23276,42.69549],[-7.23674,42.70221],[-7.24412,42.70851],[-7.24498,42.70997],[-7.24641,42.71142]]]}},{"type":"Feature","properties":{"COD_POSTAL":"27794"},"geometry":{"type":"Polygon","coordinates":[[[-7.16916,43.52442],[-7.16604,43.52569],[-7.16518,43.5272],[-7.1648,43.5285],[-7.16663,43.5312],[-7.16673,43.53282],[-7.16781,43.53453],[-7.16781,43.53487],[-7.16607,43.53956],[-7.16313,43.54313],[-7.16231,43.5447],[-7.16223,43.54533],[-7.16393,43.54721],[-7.16408,43.54846],[-7.1653,43.5507],[-7.16426,43.55409],[-7.16371,43.55499],[-7.16886,43.55546],[-7.17032,43.55581],[-7.17495,43.55819],[-7.17691,43.55172],[-7.17844,43.55087],[-7.18103,43.54786],[-7.18069,43.54653],[-7.17918,43.5456],[-7.17967,43.54225],[-7.17831,43.53756],[-7.1779,43.53721],[-7.17852,43.5323],[-7.17792,43.53053],[-7.17373,43.5273],[-7.17308,43.52416],[-7.17016,43.52439],[-7.16916,43.52442]]]}},{"type":"Feature","properties":{"COD_POSTAL":"27691"},"geometry":{"type":"Polygon","coordinates":[[[-7.31338,42.80973],[-7.32052,42.81362],[-7.32575,42.81722],[-7.32584,42.81752],[-7.33188,42.81532],[-7.33115,42.80186],[-7.32723,42.79535],[-7.32749,42.79213],[-7.32036,42.79317],[-7.31519,42.79457],[-7.31013,42.799],[-7.30694,42.80111],[-7.3027,42.79913],[-7.30055,42.79912],[-7.2956,42.79705],[-7.29529,42.7957],[-7.29406,42.79481],[-7.28632,42.79121],[-7.27892,42.78852],[-7.27286,42.78781],[-7.27067,42.78805],[-7.26711,42.79104],[-7.2608,42.79437],[-7.2469,42.79678],[-7.25082,42.79702],[-7.25387,42.79773],[-7.25629,42.80052],[-7.25939,42.80277],[-7.26412,42.80775],[-7.26588,42.80836],[-7.26788,42.80821],[-7.27143,42.80882],[-7.27326,42.81024],[-7.27607,42.80907],[-7.2799,42.80918],[-7.28384,42.80992],[-7.28675,42.81001],[-7.2892,42.80961],[-7.2915,42.80966],[-7.29669,42.80713],[-7.30519,42.80484],[-7.3099,42.80778],[-7.31338,42.80973]]]}},{"type":"Feature","properties":{"COD_POSTAL":"27372"},"geometry":{"type":"MultiPolygon","coordinates":[[[[-7.66327,43.13014],[-7.66258,43.12831],[-7.65955,43.12908],[-7.6562,43.13082],[-7.65496,43.1311],[-7.65246,43.13085],[-7.64685,43.13098],[-7.64374,43.13028],[-7.63892,43.12766],[-7.63559,43.12664],[-7.63929,43.13358],[-7.64508,43.13662],[-7.64697,43.13937],[-7.64807,43.14474],[-7.65154,43.14679],[-7.653,43.14853],[-7.65422,43.1486],[-7.65935,43.15181],[-7.65998,43.15424],[-7.6606,43.15284],[-7.66274,43.15167],[-7.66908,43.15178],[-7.67135,43.15123],[-7.6714,43.15074],[-7.6728,43.14948],[-7.67451,43.14857],[-7.68619,43.14435],[-7.68364,43.14225],[-7.68192,43.14124],[-7.6783,43.14015],[-7.67535,43.13871],[-7.67389,43.13764],[-7.67188,43.13563],[-7.66513,43.13262],[-7.66327,43.13014]]],[[[-7.74728,43.17538],[-7.75037,43.17453],[-7.7498,43.17301],[-7.74987,43.17176],[-7.74931,43.1711],[-7.74933,43.17077],[-7.75107,43.17041],[-7.75163,43.16967],[-7.75344,43.16892],[-7.75416,43.16896],[-7.75562,43.16993],[-7.75598,43.17101],[-7.76163,43.17199],[-7.76341,43.17149],[-7.76485,43.1715],[-7.76812,43.17088],[-7.77245,43.17063],[-7.7795,43.17204],[-7.78437,43.17094],[-7.78591,43.1702],[-7.78551,43.16935],[-7.78356,43.16815],[-7.78251,43.16679],[-7.78053,43.16105],[-7.77145,43.15932],[-7.76575,43.15505],[-7.75514,43.15206],[-7.75406,43.14538],[-7.75245,43.14678],[-7.75103,43.14672],[-7.74547,43.14773],[-7.74251,43.14907],[-7.74111,43.15018],[-7.73957,43.15083],[-7.73876,43.15145],[-7.73861,43.15135],[-7.73536,43.15574],[-7.73455,43.15636],[-7.7312,43.15739],[-7.73023,43.15742],[-7.72935,43.15805],[-7.72756,43.15786],[-7.72342,43.15926],[-7.72246,43.15932],[-7.72064,43.1604],[-7.72013,43.16161],[-7.71915,43.16203],[-7.71814,43.16297],[-7.71737,43.16469],[-7.71551,43.16712],[-7.71333,43.16878],[-7.7119,43.17068],[-7.70679,43.17441],[-7.69659,43.18045],[-7.69293,43.1847],[-7.69055,43.18912],[-7.69023,43.19174],[-7.69472,43.19495],[-7.68938,43.20489],[-7.69194,43.20656],[-7.70384,43.21628],[-7.71149,43.21986],[-7.71705,43.22165],[-7.72013,43.22377],[-7.72687,43.22631],[-7.72977,43.22676],[-7.73055,43.22743],[-7.73138,43.22754],[-7.73274,43.22677],[-7.73334,43.22715],[-7.73802,43.22712],[-7.7416,43.23039],[-7.74129,43.23188],[-7.74215,43.23251],[-7.74476,43.23827],[-7.7456,43.23927],[-7.74811,43.24371],[-7.74911,43.24477],[-7.75066,43.24728],[-7.75241,43.24586],[-7.75398,43.24498],[-7.76155,43.24439],[-7.76256,43.24403],[-7.76414,43.24298],[-7.7651,43.24278],[-7.76525,43.24228],[-7.76459,43.24157],[-7.76446,43.24057],[-7.76476,43.2397],[-7.76403,43.23726],[-7.76415,43.23665],[-7.76485,43.23574],[-7.76492,43.23506],[-7.76445,43.23371],[-7.76478,43.23317],[-7.76616,43.23335],[-7.76676,43.23297],[-7.7696,43.23317],[-7.77073,43.23276],[-7.78305,43.22635],[-7.78326,43.22598],[-7.78091,43.22462],[-7.78064,43.22389],[-7.78088,43.22333],[-7.78372,43.22042],[-7.78546,43.21936],[-7.78625,43.21828],[-7.78641,43.21717],[-7.78562,43.21214],[-7.78512,43.2111],[-7.785,43.20855],[-7.78574,43.20688],[-7.78647,43.20404],[-7.78634,43.20237],[-7.7847,43.2011],[-7.78423,43.20008],[-7.78451,43.19829],[-7.78411,43.19745],[-7.78326,43.19719],[-7.78184,43.19792],[-7.77981,43.19806],[-7.77738,43.19765],[-7.77236,43.19482],[-7.77095,43.19656],[-7.76951,43.19733],[-7.76907,43.19805],[-7.7673,43.19828],[-7.76607,43.1978],[-7.76232,43.19372],[-7.75879,43.19204],[-7.75366,43.19075],[-7.74979,43.18798],[-7.74875,43.18626],[-7.74883,43.18534],[-7.74939,43.18439],[-7.74909,43.18129],[-7.74966,43.18061],[-7.74988,43.17977],[-7.74487,43.17813],[-7.74728,43.17538]]]]}},{"type":"Feature","properties":{"COD_POSTAL":"27226"},"geometry":{"type":"Polygon","coordinates":[[[-7.77253,43.11697],[-7.77755,43.11967],[-7.78203,43.12066],[-7.78702,43.12369],[-7.78766,43.12515],[-7.79293,43.12274],[-7.7959,43.11971],[-7.80451,43.11439],[-7.80614,43.1114],[-7.80642,43.10868],[-7.80733,43.10781],[-7.80631,43.10204],[-7.80168,43.09601],[-7.80108,43.09291],[-7.79469,43.09102],[-7.78858,43.09058],[-7.78887,43.08768],[-7.78936,43.08634],[-7.7963,43.08477],[-7.79662,43.08161],[-7.79746,43.08046],[-7.79959,43.07861],[-7.80617,43.07628],[-7.80458,43.07154],[-7.80323,43.06527],[-7.80667,43.06125],[-7.80679,43.0561],[-7.80834,43.04902],[-7.8078,43.04727],[-7.80808,43.04658],[-7.80733,43.0451],[-7.81194,43.04201],[-7.81173,43.04078],[-7.8109,43.04004],[-7.80909,43.03925],[-7.80626,43.03941],[-7.80461,43.03888],[-7.80106,43.03853],[-7.7969,43.0395],[-7.79618,43.03897],[-7.79534,43.03886],[-7.78723,43.04125],[-7.78626,43.04257],[-7.78045,43.04307],[-7.77515,43.04231],[-7.77321,43.04108],[-7.77215,43.04075],[-7.77186,43.04088],[-7.77151,43.0404],[-7.77002,43.04062],[-7.76879,43.04009],[-7.76729,43.04018],[-7.76814,43.04192],[-7.76791,43.04315],[-7.76281,43.05034],[-7.76045,43.05254],[-7.75921,43.05301],[-7.75598,43.05365],[-7.75262,43.05543],[-7.75139,43.05662],[-7.75099,43.05813],[-7.7493,43.05988],[-7.74908,43.06053],[-7.75438,43.06002],[-7.75484,43.06235],[-7.76136,43.07012],[-7.76475,43.07854],[-7.76298,43.08721],[-7.76286,43.0992],[-7.7677,43.10275],[-7.76883,43.11392],[-7.77253,43.11697]]]}},{"type":"Feature","properties":{"COD_POSTAL":"27528"},"geometry":{"type":"MultiPolygon","coordinates":[[[[-7.73539,42.47941],[-7.73611,42.48751],[-7.74087,42.4845],[-7.74302,42.48405],[-7.74661,42.48153],[-7.74878,42.48107],[-7.74831,42.47999],[-7.75092,42.47912],[-7.75176,42.47676],[-7.75293,42.47599],[-7.75411,42.4763],[-7.75628,42.47556],[-7.75683,42.47644],[-7.7575,42.47684],[-7.75982,42.47638],[-7.76033,42.47686],[-7.76114,42.47852],[-7.76152,42.47866],[-7.76347,42.47894],[-7.76737,42.47857],[-7.7679,42.47823],[-7.7736,42.47694],[-7.77625,42.47537],[-7.77853,42.47342],[-7.78167,42.47212],[-7.78542,42.47356],[-7.78835,42.47348],[-7.79083,42.47186],[-7.79092,42.47096],[-7.78948,42.46913],[-7.78825,42.46806],[-7.78907,42.46675],[-7.7889,42.466],[-7.7887,42.46593],[-7.78693,42.46733],[-7.78367,42.46859],[-7.78128,42.46814],[-7.77807,42.46386],[-7.77646,42.46103],[-7.77565,42.46038],[-7.77214,42.45892],[-7.7658,42.45684],[-7.76414,42.45825],[-7.76269,42.45739],[-7.76175,42.45535],[-7.76187,42.45456],[-7.76026,42.45352],[-7.75646,42.45194],[-7.75273,42.45103],[-7.75181,42.45135],[-7.75123,42.45187],[-7.74926,42.45188],[-7.74652,42.45356],[-7.74578,42.45342],[-7.73917,42.45663],[-7.73539,42.45527],[-7.73228,42.45533],[-7.73098,42.45445],[-7.73089,42.45656],[-7.73007,42.45816],[-7.72303,42.46269],[-7.72394,42.46619],[-7.72344,42.46806],[-7.72178,42.47067],[-7.72265,42.47174],[-7.72571,42.47327],[-7.72825,42.47365],[-7.73273,42.47588],[-7.73539,42.47941]]],[[[-7.76685,42.50171],[-7.76806,42.5018],[-7.76963,42.50326],[-7.77433,42.50275],[-7.77583,42.50302],[-7.77752,42.5038],[-7.77873,42.50397],[-7.77904,42.50422],[-7.77853,42.50493],[-7.78101,42.50772],[-7.78212,42.50758],[-7.78335,42.50664],[-7.78502,42.50673],[-7.78775,42.50522],[-7.7884,42.50507],[-7.78898,42.50537],[-7.78869,42.50648],[-7.78919,42.5071],[-7.79037,42.50778],[-7.7911,42.50764],[-7.7926,42.50669],[-7.79409,42.50621],[-7.79471,42.50644],[-7.79472,42.50685],[-7.7949,42.50673],[-7.804,42.51091],[-7.80712,42.51021],[-7.80905,42.51181],[-7.80982,42.51192],[-7.81072,42.51156],[-7.815,42.5138],[-7.81593,42.51664],[-7.81475,42.51871],[-7.81737,42.53025],[-7.81813,42.53119],[-7.81829,42.53241],[-7.81773,42.53311],[-7.81799,42.53408],[-7.8172,42.53633],[-7.81844,42.53813],[-7.81944,42.53871],[-7.82015,42.53954],[-7.82042,42.54064],[-7.81998,42.54158],[-7.82057,42.54159],[-7.82194,42.54045],[-7.82461,42.53935],[-7.83327,42.5384],[-7.83604,42.53904],[-7.84083,42.53354],[-7.84295,42.53217],[-7.85321,42.52868],[-7.8522,42.52755],[-7.852,42.52542],[-7.8562,42.51925],[-7.86027,42.51574],[-7.8605,42.51501],[-7.86143,42.514],[-7.86238,42.51205],[-7.86495,42.50818],[-7.86845,42.50355],[-7.86612,42.50406],[-7.8615,42.50411],[-7.85748,42.50189],[-7.85489,42.50077],[-7.85313,42.50034],[-7.84785,42.49823],[-7.84512,42.49836],[-7.84285,42.49677],[-7.84208,42.49051],[-7.8348,42.4926],[-7.82829,42.49339],[-7.82397,42.49061],[-7.81953,42.49183],[-7.81879,42.49166],[-7.8125,42.48889],[-7.81067,42.4878],[-7.80996,42.48696],[-7.80684,42.48113],[-7.80457,42.48085],[-7.80131,42.48003],[-7.7998,42.48003],[-7.79732,42.48071],[-7.7954,42.48146],[-7.79274,42.4836],[-7.78608,42.48598],[-7.78483,42.48607],[-7.7845,42.48781],[-7.78407,42.4884],[-7.7811,42.49095],[-7.77963,42.492],[-7.77343,42.49461],[-7.7718,42.49424],[-7.77096,42.49369],[-7.76926,42.49438],[-7.76845,42.49445],[-7.76628,42.4938],[-7.76503,42.49396],[-7.76459,42.49369],[-7.76334,42.49428],[-7.7624,42.49561],[-7.76183,42.49714],[-7.76325,42.49851],[-7.76351,42.49938],[-7.76317,42.5007],[-7.76561,42.50157],[-7.76685,42.50171]]]]}},{"type":"Feature","properties":{"COD_POSTAL":"27813"},"geometry":{"type":"Polygon","coordinates":[[[-7.7082,43.29199],[-7.70879,43.2919],[-7.70953,43.29124],[-7.71192,43.29057],[-7.71367,43.29059],[-7.71606,43.29009],[-7.7203,43.2899],[-7.72468,43.28812],[-7.7261,43.28703],[-7.72724,43.28583],[-7.72821,43.28401],[-7.72877,43.27899],[-7.73037,43.27687],[-7.72913,43.27612],[-7.72916,43.2753],[-7.7318,43.27474],[-7.7347,43.27504],[-7.73575,43.27579],[-7.73602,43.2765],[-7.73585,43.27726],[-7.73761,43.27761],[-7.74083,43.27718],[-7.74272,43.27757],[-7.74439,43.27703],[-7.7449,43.27641],[-7.74387,43.27527],[-7.74233,43.27291],[-7.74295,43.27297],[-7.74345,43.2735],[-7.74422,43.27332],[-7.74283,43.27165],[-7.74321,43.27097],[-7.74302,43.27043],[-7.74344,43.26899],[-7.74334,43.26842],[-7.74368,43.26798],[-7.74327,43.26695],[-7.74333,43.26615],[-7.74451,43.26527],[-7.74843,43.26422],[-7.75064,43.26336],[-7.75139,43.26274],[-7.75209,43.26056],[-7.75398,43.25996],[-7.75377,43.2578],[-7.75481,43.25579],[-7.7557,43.25592],[-7.75743,43.25706],[-7.75778,43.25817],[-7.75759,43.25851],[-7.76102,43.25892],[-7.76199,43.25869],[-7.76272,43.25808],[-7.76637,43.25655],[-7.7667,43.25568],[-7.76653,43.25484],[-7.76701,43.25426],[-7.76812,43.25409],[-7.76798,43.25333],[-7.76688,43.25322],[-7.76639,43.25275],[-7.76757,43.25199],[-7.77502,43.2488],[-7.77615,43.24805],[-7.78471,43.23919],[-7.78954,43.2384],[-7.79324,43.23969],[-7.79233,43.23552],[-7.78648,43.23463],[-7.78531,43.23081],[-7.78305,43.22634],[-7.77073,43.23276],[-7.7696,43.23317],[-7.76676,43.23297],[-7.76616,43.23335],[-7.76478,43.23317],[-7.76445,43.23371],[-7.76492,43.23506],[-7.76485,43.23574],[-7.76415,43.23665],[-7.76403,43.23726],[-7.76476,43.2397],[-7.76446,43.24057],[-7.76459,43.24157],[-7.76525,43.24228],[-7.7651,43.24278],[-7.76414,43.24298],[-7.76256,43.24403],[-7.76155,43.24439],[-7.75398,43.24498],[-7.75241,43.24586],[-7.75066,43.24728],[-7.74911,43.24477],[-7.74811,43.24371],[-7.7456,43.23927],[-7.74476,43.23827],[-7.74215,43.23251],[-7.74129,43.23188],[-7.7416,43.23039],[-7.73802,43.22712],[-7.73334,43.22715],[-7.73274,43.22677],[-7.73138,43.22754],[-7.73055,43.22743],[-7.72977,43.22676],[-7.72687,43.22631],[-7.72013,43.22377],[-7.71705,43.22165],[-7.71149,43.21986],[-7.70384,43.21628],[-7.69194,43.20656],[-7.68938,43.20489],[-7.68771,43.20599],[-7.68521,43.20765],[-7.68814,43.21191],[-7.68715,43.2154],[-7.68567,43.21811],[-7.68712,43.22027],[-7.68836,43.22271],[-7.69295,43.22345],[-7.69325,43.22522],[-7.69272,43.22586],[-7.69295,43.22647],[-7.69569,43.22726],[-7.69646,43.22758],[-7.6966,43.22792],[-7.69842,43.22854],[-7.69861,43.23049],[-7.69778,43.23079],[-7.69895,43.23157],[-7.69672,43.23393],[-7.69648,43.23598],[-7.69558,43.23806],[-7.69577,43.23911],[-7.69651,43.24011],[-7.69786,43.24086],[-7.69863,43.24224],[-7.69911,43.24435],[-7.69893,43.24519],[-7.69913,43.24557],[-7.69485,43.24984],[-7.69278,43.25067],[-7.69082,43.25228],[-7.68956,43.25283],[-7.68882,43.25349],[-7.68899,43.25451],[-7.68768,43.25585],[-7.68681,43.25778],[-7.68695,43.25827],[-7.68602,43.25933],[-7.68584,43.26118],[-7.68636,43.26323],[-7.68632,43.264],[-7.68601,43.26454],[-7.68631,43.26596],[-7.68515,43.26622],[-7.6848,43.26702],[-7.68629,43.27028],[-7.68983,43.27279],[-7.69386,43.27773],[-7.69421,43.27858],[-7.69403,43.27919],[-7.69304,43.28032],[-7.69256,43.2817],[-7.69274,43.28236],[-7.69389,43.28374],[-7.69619,43.28372],[-7.69792,43.28405],[-7.69942,43.28459],[-7.70031,43.28557],[-7.70105,43.28701],[-7.70101,43.28885],[-7.70055,43.28958],[-7.69968,43.29025],[-7.70046,43.29081],[-7.70288,43.29065],[-7.70371,43.29085],[-7.70543,43.29197],[-7.70608,43.29177],[-7.70746,43.29189],[-7.7082,43.29199]]]}},{"type":"Feature","properties":{"COD_POSTAL":"27178"},"geometry":{"type":"Polygon","coordinates":[[[-7.65589,42.81189],[-7.65775,42.81191],[-7.66106,42.81261],[-7.66655,42.81047],[-7.67071,42.81087],[-7.67126,42.81132],[-7.67201,42.81139],[-7.67398,42.81238],[-7.67507,42.8115],[-7.67833,42.8117],[-7.68046,42.81103],[-7.68264,42.81082],[-7.68706,42.80908],[-7.69013,42.80756],[-7.69701,42.80998],[-7.70107,42.81021],[-7.70207,42.80914],[-7.70347,42.80927],[-7.70481,42.80734],[-7.70679,42.80623],[-7.70791,42.80123],[-7.70638,42.79633],[-7.70167,42.79062],[-7.69873,42.78537],[-7.69532,42.78552],[-7.6939,42.78506],[-7.69229,42.77964],[-7.6867,42.77609],[-7.68247,42.77306],[-7.68774,42.767],[-7.68632,42.76473],[-7.68421,42.76299],[-7.68368,42.76183],[-7.68277,42.76135],[-7.68201,42.76019],[-7.68087,42.7594],[-7.67943,42.75909],[-7.67828,42.76036],[-7.67732,42.75996],[-7.67677,42.75936],[-7.67573,42.75926],[-7.67422,42.75985],[-7.6717,42.75928],[-7.67101,42.75951],[-7.6704,42.76007],[-7.66728,42.76018],[-7.66502,42.76173],[-7.66343,42.76178],[-7.6632,42.76132],[-7.6625,42.76104],[-7.66166,42.76107],[-7.66068,42.76056],[-7.65888,42.76019],[-7.65842,42.7587],[-7.65778,42.75812],[-7.65809,42.75734],[-7.6579,42.75691],[-7.65654,42.7566],[-7.65536,42.75574],[-7.65522,42.75733],[-7.65416,42.75904],[-7.65216,42.76136],[-7.6508,42.76249],[-7.64838,42.76304],[-7.6471,42.76278],[-7.64575,42.76189],[-7.64459,42.76057],[-7.64281,42.75777],[-7.64164,42.75695],[-7.64031,42.75693],[-7.63853,42.75749],[-7.63783,42.75791],[-7.63733,42.75862],[-7.63573,42.76128],[-7.63533,42.76279],[-7.63561,42.76476],[-7.63635,42.76638],[-7.63688,42.7684],[-7.6367,42.77254],[-7.63602,42.77366],[-7.63233,42.77577],[-7.63192,42.7762],[-7.6305,42.77852],[-7.63029,42.78046],[-7.6311,42.78231],[-7.63276,42.7836],[-7.63591,42.78377],[-7.63843,42.78361],[-7.64254,42.7827],[-7.64503,42.78282],[-7.64603,42.78322],[-7.64673,42.784],[-7.64678,42.78506],[-7.6457,42.78761],[-7.64242,42.78991],[-7.64029,42.79104],[-7.6398,42.79291],[-7.64424,42.79762],[-7.64559,42.79785],[-7.64644,42.79732],[-7.64691,42.79625],[-7.64965,42.79377],[-7.65277,42.79426],[-7.6542,42.79516],[-7.65375,42.79543],[-7.64835,42.80335],[-7.64813,42.80425],[-7.64861,42.80461],[-7.64904,42.80663],[-7.64865,42.81182],[-7.65589,42.81189]]]}},{"type":"Feature","properties":{"COD_POSTAL":"27244"},"geometry":{"type":"Polygon","coordinates":[[[-7.20146,43.19467],[-7.20545,43.19495],[-7.21763,43.1952],[-7.22983,43.19299],[-7.23419,43.19259],[-7.23661,43.19164],[-7.24187,43.19157],[-7.24108,43.18953],[-7.23968,43.18771],[-7.2446,43.18493],[-7.24324,43.18367],[-7.23992,43.17908],[-7.23773,43.1748],[-7.23705,43.17251],[-7.23604,43.17045],[-7.23545,43.16787],[-7.23475,43.16146],[-7.2327,43.16115],[-7.23336,43.16076],[-7.23355,43.15978],[-7.23444,43.1591],[-7.2315,43.15422],[-7.23321,43.14758],[-7.23174,43.14649],[-7.22703,43.14638],[-7.22264,43.14532],[-7.21983,43.13913],[-7.22045,43.13825],[-7.21819,43.13239],[-7.19884,43.13283],[-7.19766,43.13607],[-7.19115,43.13911],[-7.18439,43.1408],[-7.16686,43.1382],[-7.15881,43.13925],[-7.15273,43.13813],[-7.15322,43.13884],[-7.15504,43.14353],[-7.15531,43.14599],[-7.15677,43.14672],[-7.15777,43.14785],[-7.16035,43.14841],[-7.16123,43.14813],[-7.16166,43.14846],[-7.16166,43.14923],[-7.16026,43.15007],[-7.161,43.1507],[-7.16065,43.15133],[-7.1622,43.15293],[-7.1664,43.15323],[-7.17294,43.15723],[-7.17501,43.16335],[-7.17695,43.16631],[-7.17723,43.16777],[-7.17895,43.16909],[-7.17929,43.17014],[-7.18036,43.17748],[-7.18305,43.17969],[-7.18684,43.18173],[-7.18979,43.18502],[-7.19307,43.18803],[-7.19281,43.19125],[-7.19851,43.19345],[-7.20146,43.19467]]]}},{"type":"Feature","properties":{"COD_POSTAL":"27615"},"geometry":{"type":"Polygon","coordinates":[[[-7.33188,42.81532],[-7.33481,42.81689],[-7.33841,42.81494],[-7.33878,42.81344],[-7.33854,42.81171],[-7.338,42.81102],[-7.33818,42.81001],[-7.33884,42.80931],[-7.33843,42.80874],[-7.33745,42.80839],[-7.34052,42.80635],[-7.34243,42.80551],[-7.34272,42.80464],[-7.34199,42.80422],[-7.3433,42.80367],[-7.34414,42.8046],[-7.34675,42.80556],[-7.3469,42.80613],[-7.35048,42.80556],[-7.3523,42.80465],[-7.35263,42.80421],[-7.35209,42.8029],[-7.35328,42.79958],[-7.3551,42.79939],[-7.35692,42.79979],[-7.36035,42.7997],[-7.36129,42.80054],[-7.36179,42.80061],[-7.36274,42.80031],[-7.36195,42.7991],[-7.36179,42.79845],[-7.36212,42.79806],[-7.36539,42.7989],[-7.36948,42.8006],[-7.37002,42.80153],[-7.37274,42.80203],[-7.37531,42.80196],[-7.37823,42.80122],[-7.37999,42.80043],[-7.3793,42.79775],[-7.37681,42.79394],[-7.37744,42.78858],[-7.3769,42.78621],[-7.3759,42.78369],[-7.37111,42.78409],[-7.36716,42.78355],[-7.36254,42.78368],[-7.36086,42.78466],[-7.35767,42.78754],[-7.3567,42.78984],[-7.35459,42.79211],[-7.35348,42.795],[-7.35277,42.79558],[-7.34792,42.79604],[-7.34444,42.79568],[-7.34182,42.79238],[-7.33634,42.78927],[-7.33325,42.7894],[-7.3275,42.79207],[-7.32723,42.79535],[-7.33115,42.80186],[-7.33172,42.81235],[-7.33188,42.81532]]]}},{"type":"Feature","properties":{"COD_POSTAL":"27213"},"geometry":{"type":"Polygon","coordinates":[[[-7.72406,42.83311],[-7.72508,42.83338],[-7.7364,42.83021],[-7.74443,42.82835],[-7.75181,42.82772],[-7.75781,42.82799],[-7.75701,42.82713],[-7.76176,42.82291],[-7.75981,42.80777],[-7.76564,42.80868],[-7.76152,42.80189],[-7.76238,42.78428],[-7.76131,42.78568],[-7.75488,42.7854],[-7.75232,42.78701],[-7.75016,42.78758],[-7.74861,42.78693],[-7.74473,42.78739],[-7.74357,42.78825],[-7.74258,42.79018],[-7.73973,42.79056],[-7.73741,42.78992],[-7.73591,42.79109],[-7.73386,42.79174],[-7.73161,42.79227],[-7.72963,42.79187],[-7.72481,42.79742],[-7.72425,42.79734],[-7.72302,42.79776],[-7.72134,42.7989],[-7.71901,42.79972],[-7.7167,42.80097],[-7.71503,42.80085],[-7.7145,42.8034],[-7.71176,42.80455],[-7.71005,42.80652],[-7.70679,42.80623],[-7.70481,42.80734],[-7.70347,42.80927],[-7.70207,42.80914],[-7.70107,42.81021],[-7.70324,42.81416],[-7.70892,42.8172],[-7.71443,42.82209],[-7.71856,42.82852],[-7.72328,42.83252],[-7.72406,42.83311]]]}},{"type":"Feature","properties":{"COD_POSTAL":"27774"},"geometry":{"type":"Polygon","coordinates":[[[-7.43974,43.49968],[-7.43582,43.50435],[-7.43098,43.50634],[-7.42672,43.50595],[-7.42268,43.50708],[-7.42242,43.50992],[-7.4159,43.51612],[-7.41513,43.51728],[-7.41738,43.51797],[-7.42267,43.518],[-7.43232,43.51636],[-7.43599,43.51597],[-7.43765,43.51615],[-7.43792,43.51767],[-7.43773,43.51936],[-7.43699,43.51953],[-7.43675,43.5199],[-7.43746,43.52035],[-7.43646,43.52162],[-7.43581,43.5219],[-7.43465,43.52373],[-7.43298,43.52741],[-7.43574,43.52724],[-7.43487,43.52981],[-7.43146,43.53219],[-7.43617,43.53649],[-7.43691,43.53756],[-7.43734,43.53675],[-7.43862,43.53552],[-7.43973,43.53362],[-7.44073,43.5341],[-7.44341,43.53309],[-7.44518,43.5321],[-7.44828,43.5296],[-7.45172,43.52788],[-7.45485,43.52507],[-7.4539,43.52372],[-7.45316,43.52024],[-7.45293,43.5179],[-7.45209,43.51661],[-7.45189,43.51589],[-7.45317,43.51537],[-7.45659,43.5146],[-7.46073,43.51128],[-7.46231,43.51091],[-7.46859,43.50866],[-7.47101,43.50747],[-7.4728,43.50714],[-7.47045,43.50212],[-7.46612,43.50053],[-7.46625,43.49603],[-7.4629,43.49334],[-7.46086,43.48858],[-7.45637,43.48924],[-7.4536,43.48874],[-7.45003,43.49127],[-7.4478,43.49446],[-7.44179,43.49835],[-7.43974,43.49968]]]}},{"type":"Feature","properties":{"COD_POSTAL":"27633"},"geometry":{"type":"Polygon","coordinates":[[[-7.25465,42.75009],[-7.25682,42.75152],[-7.25901,42.75771],[-7.26329,42.76237],[-7.26202,42.76549],[-7.26817,42.76384],[-7.26992,42.76237],[-7.27194,42.75967],[-7.27665,42.7568],[-7.27663,42.75552],[-7.27795,42.75363],[-7.27767,42.7526],[-7.27906,42.75055],[-7.28019,42.74987],[-7.28079,42.74997],[-7.28384,42.74752],[-7.28362,42.74452],[-7.28195,42.74123],[-7.2822,42.74122],[-7.28106,42.73979],[-7.28189,42.73861],[-7.2813,42.7373],[-7.28004,42.7366],[-7.27737,42.73578],[-7.27227,42.73524],[-7.26908,42.73265],[-7.26773,42.73017],[-7.26397,42.72618],[-7.26024,42.72328],[-7.25273,42.72085],[-7.24762,42.71843],[-7.24226,42.71697],[-7.23963,42.71899],[-7.2308,42.72293],[-7.22406,42.72407],[-7.22104,42.72561],[-7.22601,42.73315],[-7.22694,42.741],[-7.22742,42.74149],[-7.24795,42.74793],[-7.25117,42.74562],[-7.25171,42.7465],[-7.25246,42.74899],[-7.2536,42.74973],[-7.25465,42.75009]]]}},{"type":"Feature","properties":{"COD_POSTAL":"27192"},"geometry":{"type":"Polygon","coordinates":[[[-7.51176,43.06111],[-7.51334,43.06112],[-7.51501,43.06003],[-7.51606,43.05986],[-7.51735,43.06025],[-7.5294,43.05965],[-7.53315,43.05876],[-7.53801,43.05811],[-7.54132,43.05795],[-7.54282,43.0574],[-7.54711,43.05508],[-7.55478,43.0548],[-7.55371,43.05348],[-7.55064,43.05103],[-7.54643,43.049],[-7.54369,43.04853],[-7.54714,43.04377],[-7.54828,43.03957],[-7.5481,43.03355],[-7.54468,43.033],[-7.54099,43.03316],[-7.53842,43.02949],[-7.5373,43.0287],[-7.53195,43.03098],[-7.52965,43.03088],[-7.52744,43.0314],[-7.52516,43.03304],[-7.5246,43.0343],[-7.52242,43.03718],[-7.52222,43.03774],[-7.52087,43.03876],[-7.51992,43.03872],[-7.51652,43.04018],[-7.51534,43.03993],[-7.51201,43.04113],[-7.51208,43.04157],[-7.50954,43.04497],[-7.50946,43.04551],[-7.508,43.04767],[-7.50765,43.05014],[-7.50906,43.05159],[-7.50788,43.0527],[-7.51103,43.0543],[-7.51282,43.05756],[-7.512,43.05912],[-7.5102,43.06075],[-7.51176,43.06111]]]}},{"type":"Feature","properties":{"COD_POSTAL":"27440"},"geometry":{"type":"Polygon","coordinates":[[[-7.58188,42.48735],[-7.58485,42.48858],[-7.58594,42.48868],[-7.58904,42.48642],[-7.59237,42.48456],[-7.59334,42.48328],[-7.59434,42.48278],[-7.59495,42.48274],[-7.59873,42.48383],[-7.60005,42.48384],[-7.60064,42.4835],[-7.60127,42.48265],[-7.60277,42.48183],[-7.60289,42.48104],[-7.60332,42.48059],[-7.597,42.47745],[-7.59249,42.47453],[-7.58583,42.47213],[-7.5837,42.47216],[-7.57836,42.47288],[-7.5748,42.47471],[-7.57424,42.4754],[-7.57573,42.48243],[-7.57858,42.48684],[-7.579,42.48665],[-7.57999,42.48684],[-7.58188,42.48735]]]}},{"type":"Feature","properties":{"COD_POSTAL":"27240"},"geometry":{"type":"Polygon","coordinates":[[[-7.25901,43.26353],[-7.26397,43.25956],[-7.26604,43.25738],[-7.26727,43.2577],[-7.26788,43.25741],[-7.26875,43.25668],[-7.26822,43.25628],[-7.2696,43.25465],[-7.27335,43.25192],[-7.27555,43.25072],[-7.27282,43.24964],[-7.27018,43.24823],[-7.27157,43.24589],[-7.27107,43.24327],[-7.27202,43.24279],[-7.27617,43.24198],[-7.27779,43.24256],[-7.27947,43.24399],[-7.28107,43.24455],[-7.28494,43.24393],[-7.29821,43.24329],[-7.3028,43.24249],[-7.30385,43.24265],[-7.30827,43.24454],[-7.30921,43.24402],[-7.31213,43.24014],[-7.31455,43.23803],[-7.31229,43.23827],[-7.30543,43.2377],[-7.30034,43.23459],[-7.29911,43.2288],[-7.29878,43.2247],[-7.29894,43.22412],[-7.30047,43.2227],[-7.30126,43.22084],[-7.30279,43.21897],[-7.30386,43.21694],[-7.3048,43.21658],[-7.30541,43.21668],[-7.30624,43.21722],[-7.30731,43.21677],[-7.30656,43.21463],[-7.30566,43.21395],[-7.30605,43.21339],[-7.3072,43.21304],[-7.30757,43.21272],[-7.30752,43.21242],[-7.30429,43.21187],[-7.30326,43.21109],[-7.30306,43.20919],[-7.30542,43.20581],[-7.30817,43.20427],[-7.30813,43.20345],[-7.30593,43.20134],[-7.30389,43.1985],[-7.30302,43.19681],[-7.30146,43.19491],[-7.29839,43.19448],[-7.29534,43.19312],[-7.29386,43.19316],[-7.29157,43.19382],[-7.29073,43.19457],[-7.28798,43.19412],[-7.28731,43.19314],[-7.28767,43.19233],[-7.28665,43.19096],[-7.28715,43.19038],[-7.28724,43.18981],[-7.28697,43.18866],[-7.28751,43.18719],[-7.28718,43.18629],[-7.28747,43.18507],[-7.28707,43.18424],[-7.28566,43.18374],[-7.28562,43.18345],[-7.28648,43.18222],[-7.28534,43.17935],[-7.28539,43.17799],[-7.28488,43.1772],[-7.28234,43.1771],[-7.27975,43.17653],[-7.27594,43.17623],[-7.26963,43.17808],[-7.26556,43.18046],[-7.26605,43.18096],[-7.26043,43.18427],[-7.25233,43.19038],[-7.24806,43.18757],[-7.2446,43.18493],[-7.23968,43.18771],[-7.24108,43.18953],[-7.24369,43.19578],[-7.24467,43.19861],[-7.2454,43.20168],[-7.24576,43.20472],[-7.24733,43.20779],[-7.24888,43.20899],[-7.24919,43.21231],[-7.24775,43.21248],[-7.24576,43.21229],[-7.24682,43.21448],[-7.24842,43.21569],[-7.25005,43.21946],[-7.25024,43.22208],[-7.25197,43.23373],[-7.25337,43.23639],[-7.26057,43.23994],[-7.26464,43.24641],[-7.26488,43.24784],[-7.26112,43.25512],[-7.26065,43.25909],[-7.2586,43.26286],[-7.25901,43.26353]]]}},{"type":"Feature","properties":{"COD_POSTAL":"27003"},"geometry":{"type":"Polygon","coordinates":[[[-7.55497,43.0133],[-7.55521,43.01424],[-7.55475,43.01466],[-7.55382,43.01479],[-7.55277,43.01422],[-7.55147,43.01397],[-7.55047,43.01485],[-7.5498,43.01486],[-7.5493,43.01477],[-7.54888,43.01421],[-7.5475,43.01546],[-7.541,43.01294],[-7.53014,43.01595],[-7.52587,43.01604],[-7.52495,43.01463],[-7.5249,43.01729],[-7.52461,43.01855],[-7.52559,43.02065],[-7.52696,43.02261],[-7.52937,43.02391],[-7.53229,43.02588],[-7.53367,43.02861],[-7.53454,43.02982],[-7.5373,43.0287],[-7.53842,43.02949],[-7.54099,43.03316],[-7.54468,43.033],[-7.5481,43.03355],[-7.54828,43.03957],[-7.54714,43.04377],[-7.54369,43.04853],[-7.54643,43.049],[-7.55064,43.05103],[-7.55371,43.05348],[-7.55478,43.0548],[-7.55726,43.0548],[-7.55913,43.05447],[-7.5596,43.05433],[-7.56069,43.05335],[-7.56204,43.05308],[-7.56316,43.05348],[-7.56461,43.05479],[-7.56564,43.05461],[-7.56567,43.05491],[-7.566,43.05511],[-7.56666,43.05488],[-7.5671,43.05436],[-7.56794,43.05444],[-7.56997,43.05613],[-7.57078,43.05426],[-7.57036,43.05206],[-7.57818,43.05227],[-7.57902,43.04987],[-7.57851,43.04899],[-7.57994,43.04547],[-7.58378,43.04491],[-7.58692,43.04778],[-7.5878,43.04789],[-7.58833,43.04727],[-7.588,43.04641],[-7.57998,43.04133],[-7.57432,43.03367],[-7.57659,43.03338],[-7.57535,43.0297],[-7.57483,43.02923],[-7.57619,43.02716],[-7.57858,43.02606],[-7.57948,43.02585],[-7.58543,43.02618],[-7.58779,43.02525],[-7.5878,43.0249],[-7.58862,43.02419],[-7.59314,43.02192],[-7.5943,43.02088],[-7.59453,43.02033],[-7.59443,43.01882],[-7.58482,43.0185],[-7.58062,43.01759],[-7.57556,43.01942],[-7.57319,43.01943],[-7.57159,43.02052],[-7.57076,43.0214],[-7.56914,43.02237],[-7.56973,43.02315],[-7.56955,43.02321],[-7.56894,43.02243],[-7.56823,43.02283],[-7.56737,43.0217],[-7.56505,43.02261],[-7.56338,43.02052],[-7.56518,43.01953],[-7.56347,43.01873],[-7.56312,43.01863],[-7.56298,43.01881],[-7.56229,43.01855],[-7.56289,43.01919],[-7.56259,43.01933],[-7.56185,43.01874],[-7.56229,43.01829],[-7.56185,43.01803],[-7.56154,43.01689],[-7.56098,43.01717],[-7.56077,43.01692],[-7.56119,43.0165],[-7.56098,43.01632],[-7.56024,43.01658],[-7.55879,43.01492],[-7.5561,43.01384],[-7.55489,43.01298],[-7.55467,43.01315],[-7.55497,43.0133]]]}},{"type":"Feature","properties":{"COD_POSTAL":"27414"},"geometry":{"type":"Polygon","coordinates":[[[-7.48673,42.50716],[-7.49111,42.51317],[-7.49443,42.51211],[-7.49928,42.50967],[-7.50093,42.50793],[-7.50176,42.50601],[-7.50116,42.50363],[-7.50012,42.50148],[-7.49858,42.50028],[-7.49727,42.49843],[-7.49748,42.4934],[-7.49586,42.48947],[-7.4939,42.48605],[-7.49428,42.48334],[-7.49581,42.48267],[-7.49719,42.48136],[-7.49749,42.47948],[-7.49279,42.476],[-7.4928,42.47568],[-7.49154,42.47618],[-7.48556,42.47229],[-7.47644,42.46414],[-7.46141,42.46033],[-7.45956,42.46205],[-7.45541,42.4614],[-7.45214,42.45974],[-7.45061,42.46019],[-7.4486,42.45939],[-7.44784,42.45968],[-7.44629,42.45959],[-7.447,42.46178],[-7.44522,42.46424],[-7.44775,42.4686],[-7.45295,42.47157],[-7.45462,42.47216],[-7.45652,42.47489],[-7.45676,42.4777],[-7.45732,42.4803],[-7.45833,42.48273],[-7.46188,42.48667],[-7.46397,42.48847],[-7.46499,42.49006],[-7.46616,42.49279],[-7.47514,42.491],[-7.47729,42.49395],[-7.47793,42.49682],[-7.47793,42.4985],[-7.47887,42.50023],[-7.48284,42.50374],[-7.48673,42.50716]]]}},{"type":"Feature","properties":{"COD_POSTAL":"27876"},"geometry":{"type":"Polygon","coordinates":[[[-7.49138,43.7136],[-7.48717,43.71435],[-7.47986,43.71112],[-7.48008,43.71153],[-7.47944,43.71169],[-7.479,43.71211],[-7.47676,43.7148],[-7.4743,43.7148],[-7.4732,43.71504],[-7.47293,43.7155],[-7.4719,43.71573],[-7.47178,43.71606],[-7.47235,43.71639],[-7.47191,43.71685],[-7.47205,43.71712],[-7.47239,43.71713],[-7.47301,43.71841],[-7.47175,43.71859],[-7.47015,43.71836],[-7.4695,43.71871],[-7.46925,43.71908],[-7.46928,43.71958],[-7.47019,43.72014],[-7.47002,43.72046],[-7.47018,43.72091],[-7.46941,43.72118],[-7.46937,43.72152],[-7.46711,43.72222],[-7.46698,43.72248],[-7.46721,43.72312],[-7.46789,43.72349],[-7.46869,43.72306],[-7.46893,43.72367],[-7.47107,43.72423],[-7.47207,43.72418],[-7.47267,43.72359],[-7.47245,43.72345],[-7.47295,43.72291],[-7.47321,43.72316],[-7.47334,43.72388],[-7.47446,43.72409],[-7.47665,43.7238],[-7.47709,43.72339],[-7.47843,43.72385],[-7.47906,43.72356],[-7.48081,43.72356],[-7.4841,43.72472],[-7.48599,43.72504],[-7.48684,43.72565],[-7.48798,43.72604],[-7.4881,43.72637],[-7.48852,43.72645],[-7.489,43.72701],[-7.49028,43.72759],[-7.49061,43.72736],[-7.49155,43.72764],[-7.49197,43.72737],[-7.4927,43.7274],[-7.49437,43.72665],[-7.49578,43.72518],[-7.49646,43.72492],[-7.49687,43.72508],[-7.4971,43.72576],[-7.4976,43.7259],[-7.4985,43.7252],[-7.49964,43.72535],[-7.49931,43.72455],[-7.50185,43.72292],[-7.50067,43.71947],[-7.49901,43.71859],[-7.49922,43.71433],[-7.49138,43.7136]]]}},{"type":"Feature","properties":{"COD_POSTAL":"27100"},"geometry":{"type":"Polygon","coordinates":[[[-7.05883,43.10803],[-7.05786,43.10886],[-7.06267,43.11763],[-7.06513,43.11992],[-7.06492,43.1234],[-7.06442,43.12569],[-7.06247,43.12883],[-7.06385,43.13524],[-7.06778,43.1356],[-7.07105,43.13486],[-7.07341,43.13164],[-7.07424,43.12975],[-7.07651,43.12678],[-7.07639,43.12431],[-7.07555,43.12242],[-7.07369,43.12023],[-7.07424,43.11499],[-7.07596,43.11434],[-7.07523,43.11189],[-7.07375,43.11026],[-7.07392,43.11021],[-7.07388,43.10798],[-7.07332,43.1074],[-7.07192,43.10685],[-7.06595,43.10573],[-7.06478,43.10506],[-7.06008,43.10695],[-7.05883,43.10803]]]}},{"type":"Feature","properties":{"COD_POSTAL":"27634"},"geometry":{"type":"MultiPolygon","coordinates":[[[[-7.23403,42.77908],[-7.23316,42.78083],[-7.23528,42.78694],[-7.23576,42.78982],[-7.24314,42.79516],[-7.24395,42.79812],[-7.2469,42.79678],[-7.2608,42.79437],[-7.26503,42.79225],[-7.25593,42.78596],[-7.25168,42.78236],[-7.25129,42.78084],[-7.24968,42.77777],[-7.248,42.77611],[-7.24696,42.77367],[-7.2394,42.77698],[-7.23403,42.77908]]],[[[-7.21239,42.76486],[-7.20971,42.76412],[-7.20777,42.76402],[-7.2044,42.76451],[-7.20239,42.76646],[-7.2022,42.76842],[-7.20069,42.7697],[-7.19941,42.77018],[-7.19622,42.76971],[-7.19492,42.76892],[-7.1917,42.76557],[-7.19078,42.76572],[-7.1889,42.76503],[-7.1879,42.7658],[-7.18641,42.76594],[-7.18334,42.76805],[-7.18314,42.76901],[-7.18146,42.77003],[-7.1779,42.77047],[-7.17622,42.77163],[-7.18517,42.7723],[-7.18683,42.77286],[-7.18769,42.77362],[-7.18888,42.77379],[-7.19189,42.77746],[-7.19492,42.7799],[-7.19649,42.78233],[-7.20368,42.77892],[-7.20731,42.77783],[-7.21822,42.77619],[-7.21778,42.77528],[-7.22282,42.76891],[-7.2238,42.7687],[-7.22008,42.76807],[-7.21529,42.76599],[-7.21239,42.76486]]]]}},{"type":"Feature","properties":{"COD_POSTAL":"27228"},"geometry":{"type":"Polygon","coordinates":[[[-7.88259,43.05506],[-7.88419,43.05426],[-7.88594,43.05384],[-7.88643,43.05384],[-7.88796,43.05453],[-7.89213,43.05467],[-7.89483,43.05376],[-7.89552,43.05374],[-7.8963,43.0533],[-7.89617,43.05249],[-7.89759,43.05218],[-7.89911,43.05236],[-7.90365,43.05357],[-7.90707,43.05287],[-7.91065,43.05308],[-7.91316,43.05348],[-7.91417,43.05325],[-7.91717,43.05155],[-7.92089,43.05249],[-7.92121,43.05294],[-7.9223,43.05302],[-7.92321,43.05263],[-7.92637,43.05198],[-7.93095,43.04878],[-7.93123,43.04266],[-7.92911,43.03578],[-7.92622,43.03577],[-7.92657,43.03212],[-7.91918,43.01634],[-7.91819,43.01359],[-7.9166,43.01186],[-7.91625,43.01074],[-7.91542,43.01028],[-7.91455,43.00891],[-7.91419,43.00779],[-7.914,42.99891],[-7.91178,42.99732],[-7.91131,42.99674],[-7.90681,42.99531],[-7.90537,42.99559],[-7.9051,42.99662],[-7.90206,42.99703],[-7.89634,42.99717],[-7.89276,43.00043],[-7.89217,43.00234],[-7.89141,43.00298],[-7.89059,43.0048],[-7.88998,43.00527],[-7.88952,43.00702],[-7.88857,43.00797],[-7.8841,43.00963],[-7.87403,43.01112],[-7.8729,43.01165],[-7.87267,43.01211],[-7.87221,43.01234],[-7.86444,43.01142],[-7.8643,43.0106],[-7.86327,43.01034],[-7.85676,43.01435],[-7.8546,43.01865],[-7.85292,43.01993],[-7.8438,43.02321],[-7.84238,43.02523],[-7.84014,43.02451],[-7.83633,43.02549],[-7.83282,43.02472],[-7.8304,43.02464],[-7.82766,43.025],[-7.82112,43.02645],[-7.81802,43.02667],[-7.81569,43.02789],[-7.81421,43.03124],[-7.81331,43.03455],[-7.81026,43.03746],[-7.80543,43.03914],[-7.80626,43.03941],[-7.80909,43.03925],[-7.8109,43.04004],[-7.81173,43.04078],[-7.81194,43.04201],[-7.81376,43.04269],[-7.81612,43.0417],[-7.81755,43.04159],[-7.81848,43.04096],[-7.81957,43.04142],[-7.82077,43.04132],[-7.82477,43.04306],[-7.82714,43.04463],[-7.83161,43.04591],[-7.83563,43.04469],[-7.84176,43.04473],[-7.84717,43.04669],[-7.84859,43.05043],[-7.84994,43.05059],[-7.85066,43.05115],[-7.85173,43.0514],[-7.8523,43.051],[-7.85422,43.0505],[-7.85722,43.05161],[-7.85888,43.05182],[-7.86728,43.05422],[-7.86936,43.05336],[-7.87115,43.0536],[-7.87656,43.05176],[-7.87823,43.052],[-7.88133,43.05437],[-7.88259,43.05506]]]}},{"type":"Feature","properties":{"COD_POSTAL":"27269"},"geometry":{"type":"Polygon","coordinates":[[[-7.48237,43.15921],[-7.48547,43.15901],[-7.48621,43.16097],[-7.50064,43.15929],[-7.49882,43.1536],[-7.49704,43.15184],[-7.49167,43.15159],[-7.48917,43.14995],[-7.48952,43.14929],[-7.48633,43.14862],[-7.48705,43.14683],[-7.48869,43.14728],[-7.49014,43.14359],[-7.49119,43.142],[-7.49041,43.14169],[-7.49059,43.14129],[-7.49174,43.14158],[-7.49048,43.13662],[-7.49092,43.13563],[-7.49185,43.13504],[-7.49555,43.13441],[-7.49667,43.13337],[-7.4968,43.13358],[-7.5022,43.13301],[-7.50248,43.13193],[-7.50278,43.13164],[-7.50184,43.12866],[-7.50056,43.12739],[-7.50009,43.12618],[-7.50044,43.12232],[-7.50024,43.12152],[-7.50114,43.12043],[-7.5024,43.11746],[-7.50364,43.11361],[-7.50567,43.111],[-7.50553,43.11089],[-7.50384,43.11118],[-7.50339,43.11146],[-7.50002,43.11127],[-7.4967,43.1119],[-7.4927,43.11147],[-7.49108,43.11258],[-7.48965,43.11262],[-7.48759,43.11222],[-7.48472,43.11264],[-7.48273,43.1141],[-7.47869,43.11516],[-7.4761,43.11704],[-7.4691,43.11887],[-7.47025,43.1192],[-7.46976,43.11993],[-7.47092,43.12177],[-7.47032,43.12483],[-7.46899,43.12709],[-7.46936,43.12941],[-7.47088,43.12993],[-7.47225,43.13105],[-7.47324,43.13321],[-7.47576,43.13374],[-7.4767,43.13355],[-7.47887,43.13777],[-7.47906,43.1393],[-7.47744,43.14217],[-7.4767,43.14913],[-7.47786,43.15185],[-7.47552,43.15779],[-7.47834,43.16045],[-7.48237,43.15921]]]}},{"type":"Feature","properties":{"COD_POSTAL":"27318"},"geometry":{"type":"Polygon","coordinates":[[[-7.25,42.44654],[-7.25043,42.4473],[-7.25081,42.44927],[-7.25557,42.44734],[-7.26356,42.44252],[-7.26603,42.44019],[-7.28106,42.43536],[-7.29015,42.43187],[-7.2979,42.42976],[-7.302,42.42777],[-7.30008,42.42534],[-7.29673,42.42344],[-7.29615,42.42153],[-7.29477,42.42087],[-7.29337,42.41916],[-7.29319,42.41758],[-7.29083,42.41458],[-7.28689,42.41348],[-7.27545,42.41196],[-7.26943,42.41493],[-7.26697,42.41244],[-7.26707,42.41159],[-7.26487,42.40756],[-7.26027,42.40572],[-7.25977,42.40372],[-7.25984,42.40313],[-7.25587,42.39993],[-7.25366,42.39521],[-7.24781,42.38991],[-7.24499,42.38983],[-7.23899,42.3903],[-7.2353,42.39159],[-7.233,42.39172],[-7.23252,42.39081],[-7.2228,42.38745],[-7.22089,42.38696],[-7.22007,42.38719],[-7.21784,42.38476],[-7.21583,42.38524],[-7.21505,42.38571],[-7.2148,42.38648],[-7.2173,42.38993],[-7.21998,42.39226],[-7.21996,42.39267],[-7.21918,42.39359],[-7.21696,42.39383],[-7.21565,42.3952],[-7.21539,42.3956],[-7.21528,42.39701],[-7.21546,42.39817],[-7.21617,42.39939],[-7.21872,42.40223],[-7.21823,42.40542],[-7.21831,42.40612],[-7.21878,42.40702],[-7.22218,42.41065],[-7.22434,42.4118],[-7.22515,42.41308],[-7.22527,42.41367],[-7.22516,42.41436],[-7.22378,42.41607],[-7.22036,42.41877],[-7.21999,42.42011],[-7.22053,42.42211],[-7.22275,42.42607],[-7.22282,42.42751],[-7.22192,42.43159],[-7.22265,42.43342],[-7.22183,42.43522],[-7.22096,42.43591],[-7.2155,42.43825],[-7.21557,42.4398],[-7.21612,42.44071],[-7.2176,42.4418],[-7.22029,42.44281],[-7.22664,42.44439],[-7.23215,42.44675],[-7.2349,42.44749],[-7.23947,42.44726],[-7.24463,42.44604],[-7.24853,42.44603],[-7.24942,42.44625],[-7.25,42.44654]]]}},{"type":"Feature","properties":{"COD_POSTAL":"27510"},"geometry":{"type":"Polygon","coordinates":[[[-7.81053,42.6257],[-7.80991,42.62644],[-7.80818,42.63158],[-7.81185,42.64193],[-7.81183,42.64487],[-7.82075,42.64864],[-7.82521,42.65133],[-7.82802,42.65119],[-7.83568,42.64984],[-7.83895,42.6495],[-7.84054,42.64888],[-7.84356,42.64817],[-7.84582,42.64697],[-7.84808,42.6465],[-7.85335,42.64481],[-7.85502,42.64264],[-7.85832,42.64097],[-7.86719,42.63576],[-7.86566,42.63406],[-7.86295,42.6323],[-7.86322,42.63195],[-7.86096,42.63061],[-7.85691,42.62927],[-7.84802,42.62788],[-7.84436,42.62837],[-7.84402,42.62866],[-7.84383,42.62844],[-7.84024,42.62892],[-7.83771,42.62855],[-7.8353,42.62869],[-7.83108,42.63184],[-7.82801,42.63021],[-7.825,42.62609],[-7.82333,42.6229],[-7.81835,42.61898],[-7.8151,42.62],[-7.8125,42.62296],[-7.81106,42.62432],[-7.81042,42.6246],[-7.81053,42.6257]]]}},{"type":"Feature","properties":{"COD_POSTAL":"27637"},"geometry":{"type":"Polygon","coordinates":[[[-7.38844,42.74501],[-7.38756,42.74625],[-7.38826,42.74816],[-7.39108,42.74932],[-7.39347,42.74566],[-7.39996,42.74369],[-7.40481,42.74344],[-7.40829,42.74376],[-7.40884,42.74299],[-7.4088,42.74034],[-7.40703,42.73595],[-7.40766,42.73483],[-7.40922,42.73395],[-7.40932,42.73331],[-7.40905,42.73302],[-7.41031,42.73025],[-7.41042,42.72929],[-7.41168,42.7283],[-7.41461,42.72712],[-7.41434,42.72583],[-7.41587,42.72412],[-7.4164,42.72155],[-7.41718,42.72006],[-7.41839,42.71875],[-7.41835,42.71782],[-7.41758,42.71646],[-7.41761,42.71537],[-7.418,42.71473],[-7.41699,42.71379],[-7.4176,42.71253],[-7.41889,42.71175],[-7.41905,42.71127],[-7.41935,42.70956],[-7.4188,42.70835],[-7.4187,42.70744],[-7.41911,42.7073],[-7.42003,42.7044],[-7.42308,42.70153],[-7.42587,42.70005],[-7.41642,42.70057],[-7.41427,42.70177],[-7.41122,42.70424],[-7.41097,42.70476],[-7.40909,42.70528],[-7.40599,42.7071],[-7.40425,42.70901],[-7.40378,42.70833],[-7.40246,42.7088],[-7.40073,42.70881],[-7.39312,42.71067],[-7.38966,42.70557],[-7.38529,42.7],[-7.38218,42.69838],[-7.37343,42.69902],[-7.37331,42.70295],[-7.37259,42.70756],[-7.37324,42.70892],[-7.37429,42.71227],[-7.37509,42.71342],[-7.37645,42.71651],[-7.38234,42.7173],[-7.38263,42.71847],[-7.37999,42.72776],[-7.37978,42.72926],[-7.38018,42.73071],[-7.38159,42.73218],[-7.38155,42.73266],[-7.38124,42.7335],[-7.37935,42.73605],[-7.38044,42.73825],[-7.38078,42.74068],[-7.38063,42.74118],[-7.38097,42.74162],[-7.38096,42.74223],[-7.38165,42.74273],[-7.38129,42.74338],[-7.38779,42.74482],[-7.38844,42.74501]]]}},{"type":"Feature","properties":{"COD_POSTAL":"27723"},"geometry":{"type":"Polygon","coordinates":[[[-7.20412,43.30797],[-7.20328,43.30952],[-7.20084,43.31296],[-7.19652,43.31783],[-7.2072,43.31883],[-7.21283,43.32011],[-7.21884,43.31644],[-7.22743,43.31481],[-7.23302,43.31479],[-7.23507,43.31609],[-7.23662,43.31792],[-7.24077,43.32563],[-7.24202,43.32862],[-7.24468,43.33078],[-7.24795,43.33071],[-7.25039,43.32963],[-7.25644,43.32079],[-7.25603,43.31792],[-7.25656,43.31545],[-7.25633,43.31282],[-7.25655,43.31233],[-7.25646,43.31165],[-7.25517,43.30866],[-7.25292,43.30517],[-7.25279,43.30457],[-7.2552,43.30167],[-7.25889,43.30067],[-7.25984,43.30011],[-7.26104,43.2966],[-7.26116,43.29447],[-7.26224,43.29087],[-7.26411,43.28769],[-7.26437,43.2868],[-7.26258,43.28718],[-7.26088,43.28805],[-7.25926,43.29004],[-7.25855,43.29048],[-7.25772,43.2906],[-7.25277,43.28907],[-7.24844,43.28925],[-7.24503,43.28983],[-7.23657,43.28826],[-7.23269,43.28786],[-7.22951,43.28704],[-7.22672,43.28732],[-7.22324,43.28658],[-7.21723,43.28666],[-7.20882,43.28816],[-7.20394,43.28978],[-7.20412,43.29107],[-7.20196,43.29364],[-7.20287,43.29566],[-7.20147,43.29593],[-7.20069,43.29686],[-7.20268,43.29796],[-7.20285,43.2995],[-7.20216,43.30095],[-7.20421,43.30395],[-7.20413,43.30417],[-7.20412,43.30797]]]}},{"type":"Feature","properties":{"COD_POSTAL":"27548"},"geometry":{"type":"Polygon","coordinates":[[[-7.70863,42.6166],[-7.71132,42.61805],[-7.71189,42.6165],[-7.71325,42.61421],[-7.71622,42.61144],[-7.72009,42.60537],[-7.72164,42.60336],[-7.72121,42.60252],[-7.72154,42.60063],[-7.72511,42.59466],[-7.7255,42.59355],[-7.7253,42.59215],[-7.72313,42.58628],[-7.72375,42.58281],[-7.72316,42.58025],[-7.72411,42.5787],[-7.72633,42.57345],[-7.727,42.57165],[-7.72698,42.57063],[-7.72159,42.56758],[-7.71728,42.56751],[-7.71606,42.56679],[-7.71503,42.56511],[-7.71442,42.56484],[-7.71049,42.56427],[-7.70397,42.56457],[-7.70139,42.56545],[-7.69428,42.5666],[-7.68798,42.56611],[-7.68673,42.56577],[-7.68405,42.5645],[-7.68348,42.56403],[-7.68272,42.5627],[-7.68313,42.56169],[-7.68516,42.55913],[-7.68504,42.55855],[-7.68533,42.55705],[-7.68495,42.55364],[-7.68356,42.5511],[-7.67742,42.55045],[-7.67665,42.55062],[-7.6734,42.55238],[-7.66979,42.55067],[-7.66751,42.54845],[-7.66231,42.54935],[-7.65437,42.55018],[-7.64402,42.55019],[-7.64468,42.55295],[-7.64819,42.5568],[-7.6489,42.55908],[-7.64758,42.56359],[-7.63801,42.56492],[-7.63478,42.5658],[-7.63267,42.56829],[-7.63176,42.57026],[-7.63089,42.57439],[-7.63614,42.57972],[-7.6384,42.5801],[-7.64496,42.58],[-7.65119,42.58029],[-7.65258,42.58148],[-7.6586,42.57768],[-7.65877,42.57734],[-7.66011,42.57687],[-7.66539,42.58162],[-7.66512,42.58435],[-7.66272,42.58779],[-7.6632,42.58822],[-7.66311,42.58864],[-7.66485,42.59064],[-7.66795,42.59167],[-7.66897,42.59223],[-7.6718,42.58759],[-7.67464,42.58536],[-7.67819,42.58546],[-7.68215,42.58378],[-7.68714,42.58648],[-7.68737,42.58623],[-7.6874,42.58645],[-7.69286,42.5857],[-7.70016,42.58664],[-7.6986,42.59014],[-7.69846,42.59671],[-7.70457,42.59845],[-7.70509,42.60423],[-7.70464,42.6067],[-7.70676,42.60837],[-7.70789,42.61013],[-7.70682,42.61217],[-7.70365,42.61527],[-7.70166,42.61638],[-7.70863,42.6166]]]}},{"type":"Feature","properties":{"COD_POSTAL":"27638"},"geometry":{"type":"Polygon","coordinates":[[[-7.35557,42.75311],[-7.35636,42.75332],[-7.3564,42.7545],[-7.35589,42.75554],[-7.3538,42.75697],[-7.35727,42.75786],[-7.36101,42.75804],[-7.36541,42.7555],[-7.36752,42.75283],[-7.36836,42.75221],[-7.37579,42.75673],[-7.38973,42.75546],[-7.39026,42.75559],[-7.3927,42.75517],[-7.3924,42.74982],[-7.38826,42.74816],[-7.38756,42.74625],[-7.38844,42.74501],[-7.38129,42.74338],[-7.38165,42.74273],[-7.38096,42.74223],[-7.38097,42.74162],[-7.38063,42.74118],[-7.37783,42.74304],[-7.37019,42.74387],[-7.36957,42.74431],[-7.35993,42.74696],[-7.35891,42.74687],[-7.35871,42.74857],[-7.35837,42.74855],[-7.3569,42.74735],[-7.35561,42.74702],[-7.35458,42.74738],[-7.35423,42.74896],[-7.35504,42.75187],[-7.35557,42.75311]]]}},{"type":"Feature","properties":{"COD_POSTAL":"27204"},"geometry":{"type":"Polygon","coordinates":[[[-7.90973,42.89752],[-7.91092,42.89914],[-7.91238,42.8995],[-7.91248,42.90005],[-7.91334,42.90035],[-7.91469,42.90305],[-7.91792,42.90418],[-7.9224,42.90483],[-7.93551,42.90346],[-7.95405,42.88931],[-7.95618,42.88446],[-7.96449,42.88003],[-7.95799,42.87815],[-7.95028,42.87496],[-7.944,42.87537],[-7.94159,42.87446],[-7.93994,42.87335],[-7.93765,42.87259],[-7.93608,42.87137],[-7.9346,42.87355],[-7.92989,42.8756],[-7.92309,42.87631],[-7.9182,42.87367],[-7.91632,42.87341],[-7.91702,42.86628],[-7.91799,42.86586],[-7.91959,42.86448],[-7.92065,42.86398],[-7.92195,42.86375],[-7.92135,42.86335],[-7.92192,42.86234],[-7.92145,42.86194],[-7.92057,42.86169],[-7.91922,42.862],[-7.91477,42.86017],[-7.91455,42.85948],[-7.91483,42.85802],[-7.91459,42.85745],[-7.9131,42.85681],[-7.91182,42.85703],[-7.91116,42.85649],[-7.9106,42.85643],[-7.90961,42.85678],[-7.90773,42.85669],[-7.90681,42.85693],[-7.90545,42.85826],[-7.90274,42.85894],[-7.89572,42.86013],[-7.89448,42.86086],[-7.8945,42.8585],[-7.88963,42.85926],[-7.88718,42.85934],[-7.88145,42.86029],[-7.88085,42.85829],[-7.87875,42.85621],[-7.87131,42.85902],[-7.87107,42.85938],[-7.87276,42.86211],[-7.87491,42.86418],[-7.87521,42.86487],[-7.87481,42.86677],[-7.8743,42.86699],[-7.87411,42.86767],[-7.87513,42.86891],[-7.87891,42.87067],[-7.87987,42.87284],[-7.88086,42.87364],[-7.88517,42.87572],[-7.8874,42.87614],[-7.88841,42.87724],[-7.88804,42.87771],[-7.88806,42.87872],[-7.89174,42.88144],[-7.89688,42.88218],[-7.89856,42.88264],[-7.89505,42.88401],[-7.8937,42.88657],[-7.8938,42.88742],[-7.89788,42.88942],[-7.8987,42.8905],[-7.89819,42.89296],[-7.89883,42.8944],[-7.8998,42.89561],[-7.90073,42.89632],[-7.90165,42.89796],[-7.9028,42.89833],[-7.9042,42.89636],[-7.90763,42.89562],[-7.90952,42.89665],[-7.90973,42.89752]]]}},{"type":"Feature","properties":{"COD_POSTAL":"27569"},"geometry":{"type":"MultiPolygon","coordinates":[[[[-7.81653,42.77637],[-7.81781,42.77638],[-7.82173,42.77747],[-7.8316,42.77902],[-7.83282,42.77881],[-7.83368,42.77836],[-7.83598,42.77639],[-7.83746,42.77578],[-7.83838,42.77457],[-7.83852,42.77347],[-7.83913,42.77297],[-7.83902,42.77265],[-7.83724,42.77233],[-7.83619,42.76946],[-7.83633,42.76907],[-7.8369,42.76874],[-7.83703,42.76831],[-7.83812,42.7674],[-7.8377,42.76624],[-7.83903,42.76593],[-7.83936,42.7654],[-7.83995,42.76525],[-7.83993,42.76469],[-7.84076,42.7639],[-7.84241,42.76321],[-7.84476,42.76283],[-7.84547,42.7624],[-7.84789,42.76168],[-7.84629,42.76059],[-7.84394,42.75652],[-7.84098,42.75335],[-7.83799,42.75176],[-7.83127,42.75007],[-7.83108,42.74848],[-7.83023,42.74929],[-7.82989,42.74944],[-7.82921,42.74924],[-7.82809,42.75018],[-7.82768,42.74999],[-7.8264,42.74823],[-7.8243,42.74757],[-7.82307,42.74669],[-7.8219,42.74462],[-7.82002,42.7447],[-7.81881,42.74406],[-7.8186,42.74017],[-7.81964,42.73972],[-7.82031,42.7383],[-7.82278,42.7363],[-7.82563,42.73614],[-7.8275,42.73315],[-7.83083,42.73056],[-7.82798,42.72837],[-7.82757,42.7268],[-7.82575,42.72404],[-7.81303,42.71949],[-7.81315,42.71836],[-7.80591,42.72068],[-7.80108,42.72618],[-7.8002,42.73309],[-7.8008,42.74306],[-7.79052,42.75073],[-7.80352,42.75754],[-7.79407,42.76433],[-7.7946,42.76771],[-7.79097,42.76794],[-7.79201,42.7698],[-7.79436,42.7713],[-7.80126,42.77053],[-7.80517,42.77217],[-7.81032,42.77124],[-7.81077,42.77165],[-7.81211,42.77181],[-7.81253,42.77223],[-7.8133,42.77386],[-7.81378,42.77656],[-7.81559,42.77636],[-7.81653,42.77637]]],[[[-7.88028,42.84113],[-7.88727,42.84283],[-7.88579,42.84002],[-7.88202,42.83683],[-7.88025,42.83481],[-7.87491,42.83339],[-7.87444,42.83299],[-7.87421,42.83164],[-7.87339,42.83002],[-7.87333,42.82857],[-7.87069,42.82423],[-7.8703,42.82257],[-7.87267,42.82209],[-7.87446,42.82247],[-7.88194,42.8227],[-7.88252,42.82102],[-7.88416,42.82025],[-7.88469,42.82032],[-7.88543,42.81993],[-7.88657,42.82016],[-7.88705,42.81987],[-7.88603,42.81773],[-7.88574,42.81597],[-7.88469,42.81449],[-7.88409,42.81418],[-7.88259,42.81396],[-7.88284,42.81258],[-7.88417,42.81083],[-7.88428,42.80953],[-7.88405,42.8093],[-7.88278,42.80935],[-7.88127,42.80863],[-7.87939,42.809],[-7.87855,42.80957],[-7.87703,42.80992],[-7.87608,42.80949],[-7.87494,42.80939],[-7.87335,42.80814],[-7.86977,42.80722],[-7.86919,42.80649],[-7.86868,42.80428],[-7.86888,42.80285],[-7.86756,42.80223],[-7.86645,42.80123],[-7.86448,42.80052],[-7.86285,42.80045],[-7.86258,42.79999],[-7.86326,42.79909],[-7.86314,42.79878],[-7.86234,42.79817],[-7.8612,42.79815],[-7.86042,42.79768],[-7.86028,42.79739],[-7.86087,42.79705],[-7.86123,42.79615],[-7.86088,42.79588],[-7.86029,42.79622],[-7.86045,42.79536],[-7.85958,42.79476],[-7.86003,42.79315],[-7.86093,42.79284],[-7.86115,42.79261],[-7.86099,42.79236],[-7.85945,42.79092],[-7.85873,42.79145],[-7.85831,42.79133],[-7.85821,42.79082],[-7.85663,42.79067],[-7.85566,42.79008],[-7.85484,42.79032],[-7.85212,42.78983],[-7.85213,42.79241],[-7.8484,42.7949],[-7.8475,42.79583],[-7.84651,42.79922],[-7.84482,42.80307],[-7.84044,42.80789],[-7.84136,42.80904],[-7.84182,42.81074],[-7.84059,42.82066],[-7.84132,42.82211],[-7.84565,42.82423],[-7.84365,42.83064],[-7.84342,42.83373],[-7.84503,42.83533],[-7.84831,42.83539],[-7.85015,42.83461],[-7.85091,42.83456],[-7.85188,42.8354],[-7.8532,42.83609],[-7.86545,42.83754],[-7.8692,42.83844],[-7.88028,42.84113]]]]}},{"type":"Feature","properties":{"COD_POSTAL":"27596"},"geometry":{"type":"Polygon","coordinates":[[[-7.76525,42.68701],[-7.76971,42.68727],[-7.77177,42.68661],[-7.77358,42.68513],[-7.77505,42.6846],[-7.77909,42.68432],[-7.78218,42.68474],[-7.78357,42.68423],[-7.78707,42.68058],[-7.7852,42.67741],[-7.7917,42.6741],[-7.79423,42.67115],[-7.79481,42.66832],[-7.79433,42.6678],[-7.78933,42.66638],[-7.79061,42.66476],[-7.78878,42.66369],[-7.78945,42.66275],[-7.78969,42.66183],[-7.78925,42.65984],[-7.78729,42.65995],[-7.78595,42.65775],[-7.78394,42.65706],[-7.78309,42.65642],[-7.78295,42.6557],[-7.78261,42.65552],[-7.78136,42.65622],[-7.7802,42.65637],[-7.77845,42.6598],[-7.77836,42.66127],[-7.77204,42.66185],[-7.76763,42.66263],[-7.76281,42.66322],[-7.75685,42.66355],[-7.75501,42.66349],[-7.74714,42.66222],[-7.74306,42.66253],[-7.73657,42.66229],[-7.73481,42.66314],[-7.73483,42.66197],[-7.73461,42.66154],[-7.73368,42.66272],[-7.73184,42.66435],[-7.7307,42.6663],[-7.73073,42.66819],[-7.73009,42.66933],[-7.72688,42.6727],[-7.72685,42.67356],[-7.72731,42.67545],[-7.72732,42.67758],[-7.72669,42.67935],[-7.72571,42.68074],[-7.7254,42.68163],[-7.73087,42.68444],[-7.73646,42.68513],[-7.74693,42.6872],[-7.74761,42.68653],[-7.74819,42.68643],[-7.74946,42.6869],[-7.75005,42.68683],[-7.75106,42.68506],[-7.75111,42.68417],[-7.75313,42.68317],[-7.75644,42.68282],[-7.76176,42.68561],[-7.76525,42.68701]]]}},{"type":"Feature","properties":{"COD_POSTAL":"27177"},"geometry":{"type":"Polygon","coordinates":[[[-7.66106,42.81261],[-7.65775,42.81191],[-7.65589,42.81189],[-7.6542,42.81279],[-7.64731,42.81739],[-7.63018,42.82552],[-7.62992,42.82631],[-7.63035,42.82684],[-7.63291,42.82779],[-7.63566,42.83233],[-7.64524,42.83704],[-7.65005,42.83752],[-7.6608,42.8403],[-7.66972,42.84746],[-7.67046,42.85169],[-7.66963,42.85439],[-7.66741,42.85721],[-7.664,42.86034],[-7.65937,42.86278],[-7.66044,42.86383],[-7.6627,42.86456],[-7.66507,42.8669],[-7.66614,42.86767],[-7.66717,42.86764],[-7.67046,42.86603],[-7.67221,42.866],[-7.67366,42.86651],[-7.67432,42.86709],[-7.67536,42.86752],[-7.67566,42.86938],[-7.67831,42.87026],[-7.67909,42.87171],[-7.68027,42.87254],[-7.68111,42.87417],[-7.68309,42.87522],[-7.68457,42.87528],[-7.6855,42.87501],[-7.68568,42.87401],[-7.68959,42.87493],[-7.68994,42.8708],[-7.69067,42.87115],[-7.69189,42.87099],[-7.6935,42.87117],[-7.69906,42.86828],[-7.71055,42.86434],[-7.71535,42.86374],[-7.7174,42.86429],[-7.7172,42.86062],[-7.71453,42.85965],[-7.70729,42.85779],[-7.70106,42.85513],[-7.70404,42.85165],[-7.70431,42.84773],[-7.69512,42.84047],[-7.69421,42.83843],[-7.69435,42.83828],[-7.69336,42.83771],[-7.68923,42.83418],[-7.68479,42.82755],[-7.67814,42.82083],[-7.677,42.82],[-7.66735,42.81503],[-7.66235,42.81368],[-7.66163,42.81273],[-7.66106,42.81261]]]}},{"type":"Feature","properties":{"COD_POSTAL":"27243"},"geometry":{"type":"Polygon","coordinates":[[[-7.14946,43.19085],[-7.15066,43.19236],[-7.15138,43.19463],[-7.15227,43.19622],[-7.15523,43.19762],[-7.15594,43.19838],[-7.15749,43.20094],[-7.1617,43.20963],[-7.16509,43.21852],[-7.16632,43.22354],[-7.16698,43.22515],[-7.16764,43.22639],[-7.16955,43.22883],[-7.17117,43.23543],[-7.1731,43.23706],[-7.17379,43.23793],[-7.17216,43.23911],[-7.17075,43.24096],[-7.17257,43.24322],[-7.17012,43.244],[-7.16834,43.24522],[-7.16696,43.24518],[-7.16603,43.24621],[-7.16536,43.25098],[-7.16393,43.25121],[-7.16524,43.2527],[-7.1666,43.25363],[-7.16681,43.25468],[-7.16493,43.25662],[-7.16468,43.25712],[-7.16474,43.25821],[-7.16312,43.26006],[-7.16177,43.26037],[-7.16031,43.26141],[-7.15999,43.26472],[-7.16241,43.26374],[-7.16518,43.26373],[-7.16809,43.26294],[-7.17069,43.26273],[-7.17333,43.26123],[-7.17963,43.26008],[-7.18189,43.25907],[-7.18597,43.25834],[-7.19196,43.25795],[-7.19815,43.25657],[-7.20424,43.25618],[-7.20373,43.25483],[-7.20181,43.25327],[-7.20076,43.24928],[-7.20113,43.24834],[-7.20264,43.24706],[-7.20203,43.24474],[-7.20084,43.24362],[-7.20076,43.24326],[-7.20194,43.24036],[-7.20303,43.23687],[-7.20298,43.23638],[-7.20253,43.23591],[-7.20176,43.23562],[-7.20049,43.23561],[-7.19981,43.23595],[-7.19948,43.23647],[-7.19922,43.23799],[-7.19854,43.23824],[-7.19779,43.2377],[-7.19802,43.23607],[-7.19166,43.23808],[-7.18438,43.23914],[-7.18131,43.23926],[-7.17654,43.23142],[-7.17621,43.22606],[-7.17357,43.22205],[-7.17096,43.21976],[-7.17246,43.21402],[-7.1741,43.21162],[-7.1747,43.20589],[-7.17665,43.2018],[-7.18125,43.1972],[-7.18274,43.19437],[-7.19281,43.19125],[-7.19307,43.18803],[-7.18979,43.18502],[-7.18684,43.18173],[-7.18305,43.17969],[-7.18036,43.17748],[-7.17929,43.17014],[-7.17895,43.16909],[-7.17723,43.16777],[-7.17695,43.16631],[-7.17501,43.16335],[-7.17294,43.15723],[-7.1664,43.15323],[-7.1622,43.15293],[-7.16196,43.15393],[-7.16214,43.15567],[-7.16353,43.16094],[-7.16351,43.16161],[-7.16295,43.16254],[-7.16387,43.16383],[-7.16426,43.16497],[-7.16396,43.16602],[-7.16419,43.16647],[-7.16638,43.16716],[-7.16647,43.16752],[-7.16616,43.16802],[-7.16402,43.16845],[-7.16337,43.16911],[-7.16322,43.16973],[-7.164,43.17061],[-7.16383,43.17199],[-7.16327,43.17231],[-7.16109,43.17153],[-7.16026,43.17091],[-7.15742,43.17025],[-7.15547,43.17066],[-7.15111,43.1703],[-7.14954,43.17168],[-7.1492,43.17338],[-7.1492,43.17583],[-7.15003,43.17624],[-7.15127,43.17647],[-7.15188,43.17707],[-7.15308,43.17765],[-7.15506,43.17727],[-7.15618,43.17749],[-7.15758,43.17896],[-7.15907,43.1795],[-7.15917,43.18041],[-7.16019,43.18126],[-7.15826,43.18199],[-7.15738,43.18332],[-7.15514,43.18549],[-7.15332,43.18685],[-7.15216,43.18717],[-7.15047,43.18689],[-7.14976,43.18711],[-7.14941,43.18763],[-7.14948,43.18887],[-7.14894,43.18952],[-7.14893,43.18983],[-7.14946,43.19085]]]}},{"type":"Feature","properties":{"COD_POSTAL":"27325"},"geometry":{"type":"Polygon","coordinates":[[[-7.22029,42.65563],[-7.22423,42.65868],[-7.22635,42.6578],[-7.22673,42.65624],[-7.22845,42.65454],[-7.23044,42.65149],[-7.23057,42.64867],[-7.23099,42.64701],[-7.23882,42.63748],[-7.23982,42.63697],[-7.24073,42.63447],[-7.24165,42.63281],[-7.2435,42.6305],[-7.24394,42.6283],[-7.24457,42.62715],[-7.24619,42.6248],[-7.24813,42.62299],[-7.24857,42.61949],[-7.24961,42.61703],[-7.25342,42.61407],[-7.25302,42.61167],[-7.2551,42.60833],[-7.25675,42.60631],[-7.25933,42.60486],[-7.26318,42.60339],[-7.26714,42.60507],[-7.26982,42.60714],[-7.27209,42.60738],[-7.27528,42.60964],[-7.2757,42.61018],[-7.27836,42.61073],[-7.28059,42.60719],[-7.28243,42.60846],[-7.28563,42.60811],[-7.28234,42.60571],[-7.2813,42.60297],[-7.28035,42.59731],[-7.27934,42.5966],[-7.27426,42.59432],[-7.26878,42.58872],[-7.26639,42.58588],[-7.26485,42.58337],[-7.26381,42.58043],[-7.26362,42.57657],[-7.26456,42.57333],[-7.2662,42.57083],[-7.2678,42.5701],[-7.26848,42.56795],[-7.27204,42.56612],[-7.27374,42.56475],[-7.27599,42.56545],[-7.27544,42.56408],[-7.276,42.56332],[-7.27359,42.5592],[-7.28242,42.55392],[-7.28431,42.55241],[-7.28628,42.54971],[-7.28852,42.54969],[-7.29072,42.54857],[-7.29405,42.54745],[-7.2948,42.54685],[-7.29462,42.54588],[-7.29304,42.54482],[-7.29127,42.54292],[-7.29107,42.54251],[-7.29139,42.53979],[-7.29107,42.53875],[-7.2901,42.53776],[-7.29724,42.53506],[-7.29703,42.53371],[-7.29592,42.5328],[-7.29498,42.53248],[-7.28909,42.53262],[-7.28688,42.52993],[-7.28342,42.52838],[-7.28048,42.52776],[-7.278,42.52667],[-7.27534,42.52605],[-7.27081,42.52418],[-7.26742,42.52477],[-7.26644,42.52529],[-7.26546,42.52546],[-7.26465,42.52598],[-7.26315,42.52616],[-7.26158,42.52667],[-7.25901,42.52683],[-7.25483,42.529],[-7.2549,42.53046],[-7.25338,42.52993],[-7.2509,42.52956],[-7.24761,42.53016],[-7.24323,42.52986],[-7.23836,42.53015],[-7.23659,42.53154],[-7.23391,42.53218],[-7.23411,42.53377],[-7.23379,42.53561],[-7.23257,42.53828],[-7.23128,42.53981],[-7.23071,42.54008],[-7.22568,42.53997],[-7.22273,42.5406],[-7.21752,42.54366],[-7.21384,42.54505],[-7.2125,42.54602],[-7.21065,42.54923],[-7.21011,42.54971],[-7.20538,42.55216],[-7.20156,42.55552],[-7.20047,42.558],[-7.19968,42.55879],[-7.19765,42.55928],[-7.19325,42.55943],[-7.19247,42.55997],[-7.18931,42.5603],[-7.18668,42.5617],[-7.18442,42.56187],[-7.18277,42.56232],[-7.18178,42.56303],[-7.1815,42.56351],[-7.17848,42.56941],[-7.17768,42.57159],[-7.1766,42.57276],[-7.17504,42.57367],[-7.17517,42.57526],[-7.17043,42.5761],[-7.16463,42.57813],[-7.15841,42.57877],[-7.15591,42.57951],[-7.15297,42.57921],[-7.14603,42.57917],[-7.14425,42.57847],[-7.14383,42.58026],[-7.14258,42.58168],[-7.14169,42.58324],[-7.1396,42.585],[-7.13734,42.58602],[-7.1356,42.58922],[-7.1345,42.58904],[-7.13396,42.58997],[-7.13326,42.59229],[-7.1278,42.59497],[-7.11977,42.59506],[-7.11861,42.59703],[-7.11632,42.59858],[-7.11536,42.60164],[-7.12613,42.60917],[-7.1509,42.61695],[-7.16404,42.61935],[-7.16776,42.62236],[-7.17293,42.62382],[-7.17495,42.62592],[-7.17871,42.6286],[-7.18105,42.62986],[-7.18233,42.63099],[-7.18519,42.63144],[-7.18579,42.63118],[-7.18765,42.63182],[-7.18968,42.63324],[-7.19056,42.63325],[-7.19338,42.6346],[-7.19656,42.63412],[-7.19563,42.63668],[-7.19324,42.63968],[-7.19029,42.646],[-7.19132,42.65322],[-7.19295,42.65528],[-7.19429,42.65535],[-7.20199,42.65344],[-7.20518,42.65349],[-7.20735,42.65301],[-7.21263,42.65257],[-7.21719,42.65399],[-7.22029,42.65563]]]}},{"type":"Feature","properties":{"COD_POSTAL":"27546"},"geometry":{"type":"Polygon","coordinates":[[[-7.62957,42.71451],[-7.63026,42.71524],[-7.63131,42.71543],[-7.63415,42.71697],[-7.63499,42.71709],[-7.63624,42.715],[-7.64047,42.71281],[-7.64273,42.71284],[-7.64379,42.71452],[-7.64563,42.71554],[-7.64708,42.716],[-7.64828,42.7159],[-7.64992,42.71416],[-7.64842,42.71357],[-7.64737,42.7125],[-7.64837,42.71167],[-7.64846,42.70958],[-7.651,42.70988],[-7.64888,42.70701],[-7.648,42.70437],[-7.63415,42.69173],[-7.63315,42.68835],[-7.63394,42.68537],[-7.63179,42.68123],[-7.63158,42.68122],[-7.6292,42.67818],[-7.63028,42.67478],[-7.62847,42.66775],[-7.62263,42.66388],[-7.62198,42.66051],[-7.62223,42.65915],[-7.6248,42.65574],[-7.62533,42.65431],[-7.62399,42.65356],[-7.62249,42.6537],[-7.61791,42.65207],[-7.6145,42.65162],[-7.60616,42.64465],[-7.6046,42.64246],[-7.60451,42.64038],[-7.60302,42.63829],[-7.60313,42.63661],[-7.60265,42.63555],[-7.6122,42.63075],[-7.61979,42.63039],[-7.62687,42.62869],[-7.62495,42.62451],[-7.62485,42.62206],[-7.6251,42.62084],[-7.62873,42.61637],[-7.62887,42.61531],[-7.62955,42.61432],[-7.63226,42.61372],[-7.63448,42.6128],[-7.63886,42.60905],[-7.64279,42.60637],[-7.64534,42.60584],[-7.64734,42.60629],[-7.64729,42.60564],[-7.64177,42.60154],[-7.64116,42.60142],[-7.64154,42.60108],[-7.64069,42.59944],[-7.6398,42.59645],[-7.6402,42.59536],[-7.64352,42.59393],[-7.64227,42.59281],[-7.63985,42.59186],[-7.6266,42.58987],[-7.62471,42.58913],[-7.62134,42.58571],[-7.62011,42.57861],[-7.61856,42.57796],[-7.61089,42.58405],[-7.60767,42.5853],[-7.60284,42.59065],[-7.59961,42.59219],[-7.59755,42.59359],[-7.59274,42.59582],[-7.59224,42.59594],[-7.58566,42.59504],[-7.5799,42.59526],[-7.57886,42.59421],[-7.57736,42.59414],[-7.57672,42.59333],[-7.57613,42.59316],[-7.57532,42.59328],[-7.57457,42.59394],[-7.573,42.59382],[-7.57169,42.59453],[-7.5714,42.59434],[-7.5715,42.59332],[-7.57081,42.59268],[-7.56908,42.59207],[-7.56864,42.59223],[-7.56958,42.59317],[-7.56933,42.59353],[-7.56777,42.59344],[-7.56749,42.59194],[-7.56647,42.59153],[-7.56487,42.59903],[-7.56242,42.60523],[-7.55832,42.60804],[-7.55482,42.61335],[-7.55481,42.62058],[-7.55784,42.62196],[-7.5604,42.6239],[-7.56638,42.6297],[-7.56782,42.63141],[-7.5639,42.63297],[-7.56215,42.63464],[-7.56126,42.63628],[-7.56061,42.63811],[-7.56057,42.63905],[-7.55788,42.64072],[-7.55743,42.64225],[-7.55484,42.64756],[-7.54986,42.65247],[-7.55305,42.66026],[-7.55456,42.66256],[-7.55609,42.66417],[-7.55915,42.66676],[-7.56074,42.66928],[-7.56739,42.66845],[-7.56998,42.67547],[-7.5714,42.67811],[-7.58265,42.68348],[-7.59053,42.68694],[-7.59772,42.68946],[-7.60089,42.69092],[-7.61065,42.69924],[-7.61179,42.70196],[-7.61641,42.70391],[-7.61683,42.70507],[-7.61809,42.70587],[-7.61891,42.70713],[-7.61913,42.70809],[-7.61858,42.70869],[-7.61969,42.70952],[-7.62138,42.71164],[-7.62322,42.71108],[-7.62349,42.7112],[-7.62379,42.71198],[-7.62422,42.7119],[-7.62642,42.71243],[-7.62888,42.71399],[-7.62957,42.71451]]]}},{"type":"Feature","properties":{"COD_POSTAL":"27677"},"geometry":{"type":"Polygon","coordinates":[[[-7.07982,42.82349],[-7.07967,42.82587],[-7.08102,42.82897],[-7.08464,42.8335],[-7.08504,42.83383],[-7.08897,42.83476],[-7.08917,42.83514],[-7.08847,42.83591],[-7.0865,42.8401],[-7.09267,42.84038],[-7.10074,42.84455],[-7.10979,42.85279],[-7.11305,42.84809],[-7.11533,42.83734],[-7.11504,42.82438],[-7.1153,42.81663],[-7.11888,42.81402],[-7.1211,42.81362],[-7.12263,42.81168],[-7.1255,42.81166],[-7.12682,42.81228],[-7.13003,42.81073],[-7.13569,42.81343],[-7.13751,42.81183],[-7.13928,42.81139],[-7.139,42.80846],[-7.14142,42.79616],[-7.14175,42.79325],[-7.14136,42.79164],[-7.1423,42.7857],[-7.14122,42.78376],[-7.14176,42.78112],[-7.14111,42.779],[-7.14028,42.77874],[-7.13077,42.78075],[-7.12807,42.77667],[-7.1288,42.77548],[-7.13226,42.77301],[-7.13582,42.77251],[-7.14526,42.77007],[-7.15327,42.76977],[-7.16043,42.76499],[-7.1639,42.76081],[-7.16521,42.76134],[-7.16581,42.76103],[-7.16631,42.76142],[-7.16947,42.76208],[-7.17061,42.76156],[-7.17235,42.76201],[-7.17468,42.76089],[-7.17546,42.76105],[-7.17676,42.76078],[-7.17692,42.76057],[-7.17334,42.75876],[-7.17241,42.75896],[-7.17068,42.75887],[-7.17064,42.75729],[-7.17152,42.75705],[-7.17119,42.75516],[-7.17211,42.75202],[-7.17146,42.74878],[-7.16311,42.74209],[-7.15918,42.73962],[-7.1587,42.7384],[-7.1578,42.73776],[-7.15798,42.73621],[-7.15753,42.73527],[-7.15609,42.73409],[-7.15448,42.73386],[-7.15456,42.73322],[-7.15318,42.73173],[-7.15117,42.73088],[-7.149,42.73056],[-7.14896,42.72973],[-7.147,42.72727],[-7.14571,42.72668],[-7.14394,42.72646],[-7.14406,42.72535],[-7.14344,42.72463],[-7.14124,42.72335],[-7.13838,42.72283],[-7.13722,42.72155],[-7.13593,42.72081],[-7.13496,42.72132],[-7.1293,42.72614],[-7.12855,42.72716],[-7.12797,42.72877],[-7.12488,42.732],[-7.12241,42.73198],[-7.12528,42.73624],[-7.12291,42.73718],[-7.11437,42.74553],[-7.11179,42.74697],[-7.11208,42.74814],[-7.10919,42.74777],[-7.10831,42.74741],[-7.10636,42.74736],[-7.10535,42.74671],[-7.10392,42.74664],[-7.10431,42.74419],[-7.10152,42.7491],[-7.10311,42.75251],[-7.10685,42.75535],[-7.10927,42.75817],[-7.11122,42.76522],[-7.11377,42.76854],[-7.11376,42.77188],[-7.11093,42.78151],[-7.1113,42.78897],[-7.11328,42.79027],[-7.11962,42.79145],[-7.11985,42.7944],[-7.11889,42.79852],[-7.11826,42.79851],[-7.11566,42.80035],[-7.11371,42.80052],[-7.11137,42.79947],[-7.10845,42.80175],[-7.09824,42.8013],[-7.09302,42.79712],[-7.08848,42.79624],[-7.08312,42.79369],[-7.07606,42.78622],[-7.06977,42.78388],[-7.06186,42.78206],[-7.05693,42.77966],[-7.05478,42.77535],[-7.05044,42.7699],[-7.05059,42.76981],[-7.03869,42.75675],[-7.03718,42.75416],[-7.02713,42.74624],[-7.022,42.74552],[-7.01651,42.74666],[-7.01068,42.74848],[-7.01121,42.74993],[-7.01743,42.75311],[-7.018,42.75485],[-7.02095,42.75864],[-7.02216,42.75985],[-7.02595,42.76498],[-7.02628,42.76555],[-7.02708,42.76933],[-7.02819,42.77135],[-7.02817,42.77211],[-7.02615,42.77489],[-7.03126,42.78003],[-7.03521,42.78291],[-7.04018,42.78187],[-7.04411,42.78341],[-7.04586,42.78436],[-7.04686,42.78549],[-7.04758,42.78676],[-7.04866,42.79055],[-7.05434,42.79485],[-7.06815,42.81138],[-7.07506,42.82081],[-7.07982,42.82349]]]}},{"type":"Feature","properties":{"COD_POSTAL":"27786"},"geometry":{"type":"Polygon","coordinates":[[[-7.3621,43.5562],[-7.35975,43.55936],[-7.35435,43.56407],[-7.3526,43.56707],[-7.35163,43.57001],[-7.35179,43.57138],[-7.35434,43.57911],[-7.35731,43.58385],[-7.35947,43.58574],[-7.3712,43.57938],[-7.37487,43.57845],[-7.38403,43.5773],[-7.39782,43.56613],[-7.39804,43.56305],[-7.39757,43.5608],[-7.39499,43.55815],[-7.394,43.55534],[-7.39332,43.55459],[-7.39245,43.55409],[-7.39182,43.55389],[-7.38925,43.55409],[-7.38803,43.55325],[-7.38529,43.5526],[-7.38447,43.55275],[-7.38061,43.55469],[-7.37914,43.55365],[-7.38008,43.55266],[-7.38073,43.55155],[-7.37523,43.55034],[-7.36694,43.55319],[-7.36488,43.55405],[-7.36391,43.5548],[-7.3621,43.5562]]]}},{"type":"Feature","properties":{"COD_POSTAL":"27248"},"geometry":{"type":"Polygon","coordinates":[[[-7.31392,43.25299],[-7.31154,43.25459],[-7.31003,43.25234],[-7.31064,43.24985],[-7.31207,43.24955],[-7.3181,43.2467],[-7.32123,43.2449],[-7.32119,43.24262],[-7.31984,43.24242],[-7.3204,43.24159],[-7.32092,43.24186],[-7.32143,43.24167],[-7.32116,43.24079],[-7.32128,43.24003],[-7.32327,43.23925],[-7.32705,43.24342],[-7.32793,43.24317],[-7.32784,43.23988],[-7.32642,43.23685],[-7.32433,43.2338],[-7.32136,43.23478],[-7.31781,43.23662],[-7.31508,43.23701],[-7.31354,43.23684],[-7.31015,43.2329],[-7.30904,43.23271],[-7.30635,43.23291],[-7.30223,43.23388],[-7.30034,43.23458],[-7.30543,43.2377],[-7.31229,43.23827],[-7.31455,43.23803],[-7.31213,43.24014],[-7.30921,43.24402],[-7.30827,43.24454],[-7.30385,43.24265],[-7.3028,43.24249],[-7.29821,43.24329],[-7.28494,43.24393],[-7.28107,43.24455],[-7.27947,43.24399],[-7.27779,43.24256],[-7.27617,43.24198],[-7.27202,43.24279],[-7.27107,43.24327],[-7.27157,43.24589],[-7.27018,43.24823],[-7.27282,43.24964],[-7.27555,43.25072],[-7.27335,43.25192],[-7.2696,43.25465],[-7.26822,43.25628],[-7.26875,43.25668],[-7.26788,43.25741],[-7.26727,43.2577],[-7.26604,43.25738],[-7.26397,43.25956],[-7.25859,43.26386],[-7.25833,43.26428],[-7.2595,43.26788],[-7.25988,43.26838],[-7.26134,43.26894],[-7.26262,43.26883],[-7.26423,43.26726],[-7.26483,43.26723],[-7.26601,43.26783],[-7.26948,43.26712],[-7.27104,43.2673],[-7.27251,43.26777],[-7.27308,43.26832],[-7.27305,43.26952],[-7.27474,43.27368],[-7.27409,43.27693],[-7.27413,43.27908],[-7.27349,43.28272],[-7.27537,43.28844],[-7.27662,43.29085],[-7.27892,43.29042],[-7.2899,43.29379],[-7.29317,43.2967],[-7.29441,43.29389],[-7.29543,43.29461],[-7.29776,43.29713],[-7.29963,43.29725],[-7.30053,43.29701],[-7.30205,43.29547],[-7.30434,43.29648],[-7.30537,43.29616],[-7.30805,43.29718],[-7.30857,43.29946],[-7.30782,43.29993],[-7.3074,43.30088],[-7.30734,43.30291],[-7.30652,43.30377],[-7.30667,43.30423],[-7.30719,43.30484],[-7.30887,43.30448],[-7.3113,43.30699],[-7.31342,43.30851],[-7.31401,43.30847],[-7.31561,43.30632],[-7.31796,43.30398],[-7.32226,43.30144],[-7.32452,43.30056],[-7.33084,43.29876],[-7.33117,43.29847],[-7.33093,43.29634],[-7.33156,43.29374],[-7.33085,43.29206],[-7.33111,43.29005],[-7.32826,43.28656],[-7.32745,43.28477],[-7.32228,43.27653],[-7.31843,43.27469],[-7.31666,43.27299],[-7.31951,43.27208],[-7.32301,43.27026],[-7.32647,43.2688],[-7.32954,43.26669],[-7.32851,43.2651],[-7.32864,43.26266],[-7.32944,43.26007],[-7.3228,43.2595],[-7.32177,43.25961],[-7.32059,43.25774],[-7.3193,43.25671],[-7.31864,43.25542],[-7.3191,43.25454],[-7.32052,43.25329],[-7.31673,43.25218],[-7.3145,43.25198],[-7.31392,43.25299]]]}},{"type":"Feature","properties":{"COD_POSTAL":"27833"},"geometry":{"type":"Polygon","coordinates":[[[-7.86558,43.4072],[-7.86959,43.40855],[-7.87075,43.40643],[-7.87164,43.40635],[-7.87373,43.40699],[-7.87628,43.40677],[-7.87977,43.40761],[-7.88194,43.40753],[-7.88236,43.40525],[-7.88312,43.40396],[-7.88616,43.40104],[-7.88928,43.39965],[-7.89123,43.39845],[-7.89219,43.39576],[-7.89397,43.39436],[-7.89454,43.39225],[-7.89702,43.39188],[-7.89819,43.39113],[-7.8988,43.39019],[-7.89889,43.38895],[-7.89741,43.38667],[-7.89592,43.38632],[-7.89461,43.387],[-7.89365,43.38613],[-7.89222,43.38583],[-7.89215,43.38553],[-7.89156,43.38537],[-7.89142,43.38437],[-7.88906,43.38164],[-7.88547,43.3761],[-7.88524,43.37482],[-7.88566,43.37164],[-7.88357,43.36166],[-7.87565,43.36465],[-7.86585,43.36618],[-7.8633,43.36629],[-7.85823,43.3672],[-7.85471,43.3676],[-7.84927,43.3661],[-7.84235,43.3633],[-7.83715,43.36211],[-7.83696,43.3612],[-7.83715,43.36042],[-7.83675,43.36004],[-7.83752,43.35693],[-7.83744,43.35593],[-7.83902,43.35267],[-7.8364,43.3495],[-7.83524,43.34893],[-7.83418,43.34875],[-7.83076,43.34679],[-7.83082,43.34594],[-7.83038,43.34578],[-7.8304,43.34515],[-7.82985,43.34395],[-7.83031,43.34244],[-7.83183,43.3417],[-7.83142,43.34112],[-7.83164,43.34046],[-7.83306,43.339],[-7.83195,43.33827],[-7.83175,43.33784],[-7.83214,43.33765],[-7.83221,43.33664],[-7.83163,43.33649],[-7.83168,43.33563],[-7.83131,43.33507],[-7.83153,43.33387],[-7.83101,43.3332],[-7.82838,43.33329],[-7.82539,43.33259],[-7.81941,43.33282],[-7.81758,43.33239],[-7.81209,43.33289],[-7.80837,43.33275],[-7.80287,43.33686],[-7.80225,43.33753],[-7.80188,43.33839],[-7.80185,43.3398],[-7.80245,43.34052],[-7.80215,43.34152],[-7.80291,43.34347],[-7.80303,43.3457],[-7.80281,43.34732],[-7.80329,43.34825],[-7.80398,43.34879],[-7.80266,43.34995],[-7.80286,43.35032],[-7.80192,43.35105],[-7.80011,43.35149],[-7.79884,43.3514],[-7.79894,43.35007],[-7.79781,43.34996],[-7.79743,43.35046],[-7.79731,43.35133],[-7.79708,43.35374],[-7.79769,43.35623],[-7.79749,43.35752],[-7.79802,43.35998],[-7.79992,43.3621],[-7.79817,43.36246],[-7.79821,43.36486],[-7.79709,43.36779],[-7.79625,43.37146],[-7.79571,43.37239],[-7.79317,43.37229],[-7.79308,43.37076],[-7.79245,43.37091],[-7.79206,43.37129],[-7.79137,43.37097],[-7.78929,43.37118],[-7.79056,43.37197],[-7.7908,43.3732],[-7.79018,43.37432],[-7.79059,43.37559],[-7.79014,43.37609],[-7.79011,43.37652],[-7.79203,43.3776],[-7.79277,43.37832],[-7.79273,43.37906],[-7.79339,43.37934],[-7.79408,43.38092],[-7.79433,43.38105],[-7.7959,43.38109],[-7.79706,43.38153],[-7.80239,43.38064],[-7.80423,43.38116],[-7.80715,43.38328],[-7.80757,43.38328],[-7.80865,43.38421],[-7.80973,43.3845],[-7.81033,43.38535],[-7.81149,43.38567],[-7.81175,43.3862],[-7.81283,43.38695],[-7.81322,43.38763],[-7.8149,43.3885],[-7.81499,43.3893],[-7.81552,43.38991],[-7.81727,43.39046],[-7.8188,43.39065],[-7.8198,43.39066],[-7.82034,43.39027],[-7.82159,43.39004],[-7.82077,43.39139],[-7.82195,43.39484],[-7.82161,43.39584],[-7.8217,43.39763],[-7.8239,43.40073],[-7.83015,43.40212],[-7.83253,43.40156],[-7.83578,43.40181],[-7.83768,43.40145],[-7.8392,43.4007],[-7.84498,43.39992],[-7.8459,43.39947],[-7.84741,43.40008],[-7.84995,43.40204],[-7.85542,43.40315],[-7.85579,43.40337],[-7.85632,43.40479],[-7.85701,43.40527],[-7.85804,43.40561],[-7.86406,43.40649],[-7.86558,43.4072]]]}},{"type":"Feature","properties":{"COD_POSTAL":"27689"},"geometry":{"type":"Polygon","coordinates":[[[-7.25651,42.8788],[-7.26182,42.8821],[-7.26216,42.88127],[-7.26381,42.88046],[-7.26389,42.88013],[-7.26296,42.87945],[-7.26438,42.87686],[-7.26937,42.87462],[-7.27116,42.87438],[-7.27208,42.87455],[-7.27448,42.8737],[-7.27587,42.87145],[-7.27707,42.87049],[-7.27574,42.86938],[-7.27671,42.8667],[-7.27333,42.86102],[-7.27143,42.85458],[-7.26956,42.85189],[-7.26775,42.85126],[-7.26001,42.84208],[-7.2325,42.83818],[-7.23014,42.83871],[-7.23045,42.84203],[-7.23134,42.84516],[-7.23628,42.85311],[-7.23808,42.85733],[-7.24227,42.85821],[-7.24887,42.86055],[-7.24335,42.86427],[-7.24248,42.86555],[-7.24366,42.86652],[-7.25187,42.87168],[-7.25468,42.87562],[-7.25651,42.8788]]]}},{"type":"Feature","properties":{"COD_POSTAL":"27610"},"geometry":{"type":"Polygon","coordinates":[[[-7.39709,42.77307],[-7.40099,42.77568],[-7.40413,42.77408],[-7.40521,42.77224],[-7.40864,42.77261],[-7.40804,42.77169],[-7.40649,42.76805],[-7.4083,42.76726],[-7.4089,42.76491],[-7.41177,42.76475],[-7.41501,42.76313],[-7.41635,42.76354],[-7.41639,42.7633],[-7.41563,42.76267],[-7.41101,42.76077],[-7.41089,42.76042],[-7.41138,42.75991],[-7.41341,42.75906],[-7.41402,42.75846],[-7.41398,42.75795],[-7.41313,42.75697],[-7.41243,42.75697],[-7.41161,42.75749],[-7.41064,42.75748],[-7.40995,42.75679],[-7.40854,42.75698],[-7.40675,42.75634],[-7.4064,42.75582],[-7.40544,42.75608],[-7.40472,42.75508],[-7.4035,42.75473],[-7.40066,42.75495],[-7.39933,42.75559],[-7.39709,42.75716],[-7.39634,42.75803],[-7.3958,42.75814],[-7.39425,42.75741],[-7.39182,42.75771],[-7.38978,42.75633],[-7.38973,42.75546],[-7.37579,42.75673],[-7.36836,42.75221],[-7.36752,42.75283],[-7.36541,42.7555],[-7.36179,42.75749],[-7.35697,42.76131],[-7.35966,42.7621],[-7.36286,42.76437],[-7.36384,42.76859],[-7.36652,42.77018],[-7.37006,42.77064],[-7.37281,42.77196],[-7.37404,42.77195],[-7.37587,42.77074],[-7.37849,42.77015],[-7.38071,42.7701],[-7.38711,42.77193],[-7.39252,42.77153],[-7.39516,42.77269],[-7.39709,42.77307]]]}},{"type":"Feature","properties":{"COD_POSTAL":"27635"},"geometry":{"type":"Polygon","coordinates":[[[-7.35808,42.74234],[-7.35898,42.74314],[-7.35927,42.74394],[-7.35959,42.74413],[-7.35918,42.74454],[-7.35891,42.74687],[-7.35993,42.74696],[-7.36957,42.74431],[-7.37019,42.74387],[-7.37783,42.74304],[-7.38063,42.74118],[-7.38078,42.74068],[-7.38044,42.73825],[-7.37935,42.73605],[-7.38124,42.7335],[-7.38159,42.73218],[-7.38018,42.73071],[-7.37978,42.72926],[-7.37999,42.72776],[-7.38263,42.71847],[-7.38234,42.7173],[-7.37645,42.71651],[-7.37509,42.71342],[-7.37429,42.71227],[-7.37324,42.70892],[-7.37259,42.70756],[-7.37331,42.70295],[-7.37343,42.69902],[-7.37033,42.69958],[-7.36309,42.69956],[-7.36163,42.69987],[-7.36385,42.71132],[-7.36042,42.71768],[-7.36002,42.719],[-7.35819,42.72115],[-7.35729,42.72147],[-7.35742,42.72198],[-7.35678,42.72271],[-7.35521,42.72357],[-7.3546,42.72327],[-7.35205,42.72447],[-7.35036,42.72628],[-7.34911,42.72652],[-7.34883,42.72689],[-7.34899,42.72731],[-7.34822,42.72799],[-7.34945,42.72911],[-7.34985,42.73008],[-7.34966,42.73019],[-7.34887,42.73533],[-7.3491,42.73592],[-7.34982,42.73591],[-7.35072,42.73536],[-7.35204,42.73579],[-7.35223,42.73761],[-7.35265,42.73842],[-7.35401,42.73876],[-7.35436,42.73981],[-7.35576,42.73949],[-7.35664,42.74156],[-7.35808,42.74234]]]}},{"type":"Feature","properties":{"COD_POSTAL":"27724"},"geometry":{"type":"Polygon","coordinates":[[[-7.20268,43.29796],[-7.20069,43.29686],[-7.20147,43.29593],[-7.20287,43.29566],[-7.20196,43.29364],[-7.20412,43.29107],[-7.2036,43.28807],[-7.20392,43.28703],[-7.20476,43.28585],[-7.20484,43.28438],[-7.20535,43.28292],[-7.20383,43.28108],[-7.20368,43.28049],[-7.20379,43.28008],[-7.20573,43.27799],[-7.20586,43.27757],[-7.20557,43.27632],[-7.20472,43.27452],[-7.2047,43.27266],[-7.20539,43.26852],[-7.20535,43.26714],[-7.20585,43.26516],[-7.20574,43.26488],[-7.20364,43.26385],[-7.20352,43.26355],[-7.20401,43.26278],[-7.20532,43.26183],[-7.20551,43.26132],[-7.20531,43.25959],[-7.20479,43.2588],[-7.20424,43.25618],[-7.19815,43.25657],[-7.19196,43.25795],[-7.18597,43.25834],[-7.18189,43.25907],[-7.17963,43.26008],[-7.17333,43.26123],[-7.171,43.2626],[-7.17427,43.26549],[-7.17622,43.26821],[-7.1766,43.27166],[-7.17869,43.27299],[-7.17858,43.27653],[-7.18127,43.28157],[-7.18041,43.28613],[-7.1778,43.29651],[-7.186,43.30369],[-7.19014,43.30427],[-7.20216,43.30095],[-7.20285,43.2995],[-7.20268,43.29796]]]}},{"type":"Feature","properties":{"COD_POSTAL":"27299"},"geometry":{"type":"Polygon","coordinates":[[[-7.70861,43.06741],[-7.71184,43.07063],[-7.71806,43.06574],[-7.72338,43.06116],[-7.72744,43.06525],[-7.73109,43.06635],[-7.73993,43.06674],[-7.74238,43.06511],[-7.74383,43.06533],[-7.74762,43.06376],[-7.7493,43.05988],[-7.75099,43.05813],[-7.75139,43.05662],[-7.75262,43.05543],[-7.75598,43.05365],[-7.75921,43.05301],[-7.76045,43.05254],[-7.76281,43.05034],[-7.76791,43.04315],[-7.76814,43.04192],[-7.76699,43.03903],[-7.76722,43.03771],[-7.76882,43.0371],[-7.76855,43.03653],[-7.76723,43.03599],[-7.7669,43.03515],[-7.76611,43.03528],[-7.76387,43.03404],[-7.76164,43.03321],[-7.76222,43.03234],[-7.76149,43.03109],[-7.76284,43.02826],[-7.76647,43.02547],[-7.76811,43.02305],[-7.76532,43.02338],[-7.76359,43.02028],[-7.7653,43.01863],[-7.76608,43.01841],[-7.7701,43.01533],[-7.77221,43.01492],[-7.77273,43.01429],[-7.77414,43.01369],[-7.77454,43.01268],[-7.77435,43.01112],[-7.77644,43.01008],[-7.77806,43.00887],[-7.77845,43.00757],[-7.77075,43.00284],[-7.76853,43.00247],[-7.76703,43.00155],[-7.76688,43.00085],[-7.76656,43.00065],[-7.76533,43.00203],[-7.76324,43.00222],[-7.75819,43.00149],[-7.75288,42.99993],[-7.75152,42.99864],[-7.74432,42.99538],[-7.74421,42.99047],[-7.74525,42.9893],[-7.74947,42.98715],[-7.7555,42.98468],[-7.75777,42.98298],[-7.76163,42.98101],[-7.76524,42.97765],[-7.76154,42.97498],[-7.75734,42.97363],[-7.75728,42.97401],[-7.7479,42.97846],[-7.73922,42.97714],[-7.73527,42.97301],[-7.72908,42.97097],[-7.71418,42.97251],[-7.71385,42.98593],[-7.70851,43.00016],[-7.70765,43.00378],[-7.70792,43.00766],[-7.71161,43.01298],[-7.69747,43.02154],[-7.68081,43.02431],[-7.67958,43.02729],[-7.67187,43.02688],[-7.66154,43.02739],[-7.66019,43.02708],[-7.65686,43.02805],[-7.6518,43.02822],[-7.64564,43.02631],[-7.63686,43.03103],[-7.63062,43.03382],[-7.62516,43.03392],[-7.61738,43.03823],[-7.61787,43.03873],[-7.61749,43.03886],[-7.61806,43.03992],[-7.61901,43.04083],[-7.61953,43.04234],[-7.62106,43.04377],[-7.62326,43.04641],[-7.62629,43.04875],[-7.62746,43.05259],[-7.62986,43.05285],[-7.6327,43.05362],[-7.63697,43.05313],[-7.6396,43.05337],[-7.64171,43.05516],[-7.64602,43.05485],[-7.65496,43.05298],[-7.67116,43.0599],[-7.67534,43.05783],[-7.67707,43.05766],[-7.67753,43.05563],[-7.67885,43.05414],[-7.68015,43.05317],[-7.68264,43.05282],[-7.68533,43.05108],[-7.68933,43.051],[-7.69141,43.04952],[-7.69255,43.04769],[-7.69364,43.04731],[-7.69658,43.04711],[-7.69612,43.05039],[-7.69899,43.05782],[-7.70861,43.06741]]]}},{"type":"Feature","properties":{"COD_POSTAL":"27163"},"geometry":{"type":"Polygon","coordinates":[[[-7.36069,42.97294],[-7.3589,42.97338],[-7.35807,42.97393],[-7.35766,42.9747],[-7.35774,42.97549],[-7.35808,42.97595],[-7.36491,42.97846],[-7.37271,42.97507],[-7.37407,42.9742],[-7.37608,42.97387],[-7.38025,42.97107],[-7.38196,42.97041],[-7.3857,42.96748],[-7.3951,42.9678],[-7.39764,42.9685],[-7.39895,42.9682],[-7.40266,42.96823],[-7.40534,42.9676],[-7.40635,42.96648],[-7.40766,42.96602],[-7.41076,42.96566],[-7.41946,42.96672],[-7.41777,42.95617],[-7.41897,42.94725],[-7.42437,42.94621],[-7.4293,42.94787],[-7.4349,42.9502],[-7.43722,42.94802],[-7.43777,42.94675],[-7.44076,42.94635],[-7.44098,42.94674],[-7.44286,42.94622],[-7.44491,42.94486],[-7.44545,42.94193],[-7.44456,42.94007],[-7.44303,42.93829],[-7.45388,42.94037],[-7.4548,42.94022],[-7.45534,42.93939],[-7.4578,42.93743],[-7.45887,42.93482],[-7.46093,42.93267],[-7.46692,42.93126],[-7.46821,42.93157],[-7.47164,42.93182],[-7.46941,42.93435],[-7.46891,42.93652],[-7.47083,42.93808],[-7.46148,42.94815],[-7.45793,42.95144],[-7.45907,42.95416],[-7.45527,42.95489],[-7.44932,42.95702],[-7.44374,42.95663],[-7.44326,42.9634],[-7.44809,42.96503],[-7.45127,42.97132],[-7.46183,42.9736],[-7.4633,42.97286],[-7.46522,42.97252],[-7.4688,42.96878],[-7.46973,42.96826],[-7.47146,42.96828],[-7.47302,42.96715],[-7.47338,42.96712],[-7.47373,42.96722],[-7.47519,42.96864],[-7.47596,42.96861],[-7.47657,42.96759],[-7.4766,42.96641],[-7.4771,42.96632],[-7.47834,42.96677],[-7.47861,42.96662],[-7.47846,42.96509],[-7.47886,42.96437],[-7.47891,42.96349],[-7.48017,42.96268],[-7.48094,42.96279],[-7.48078,42.96181],[-7.48146,42.96188],[-7.48366,42.96125],[-7.4855,42.96124],[-7.48568,42.96107],[-7.4856,42.95896],[-7.48481,42.95836],[-7.48488,42.9582],[-7.48596,42.95822],[-7.48592,42.95794],[-7.48496,42.95719],[-7.4851,42.95592],[-7.48453,42.95488],[-7.48462,42.95419],[-7.48575,42.9536],[-7.48548,42.9526],[-7.48597,42.95222],[-7.48633,42.95143],[-7.48827,42.95165],[-7.48868,42.95142],[-7.48879,42.94958],[-7.48819,42.94855],[-7.48803,42.94723],[-7.48706,42.946],[-7.48735,42.94489],[-7.48722,42.94367],[-7.4886,42.94207],[-7.48888,42.9411],[-7.48834,42.94037],[-7.48838,42.93988],[-7.48962,42.94012],[-7.49042,42.93954],[-7.49079,42.93895],[-7.4906,42.93792],[-7.49162,42.93696],[-7.49238,42.93676],[-7.49315,42.93708],[-7.49371,42.9381],[-7.49491,42.93891],[-7.49594,42.9389],[-7.49753,42.93845],[-7.49897,42.93886],[-7.50028,42.9386],[-7.50079,42.93895],[-7.50091,42.93944],[-7.50149,42.94011],[-7.5054,42.94112],[-7.50688,42.9408],[-7.50759,42.9395],[-7.50889,42.93849],[-7.51303,42.93868],[-7.51371,42.93843],[-7.51549,42.93362],[-7.51595,42.92871],[-7.51567,42.92588],[-7.51593,42.92416],[-7.51739,42.92159],[-7.52219,42.91696],[-7.52481,42.91254],[-7.52709,42.90947],[-7.52734,42.90855],[-7.5274,42.90755],[-7.52652,42.9043],[-7.52624,42.90185],[-7.52573,42.90066],[-7.5251,42.89976],[-7.52371,42.89849],[-7.51976,42.89587],[-7.51876,42.89413],[-7.51899,42.89274],[-7.51954,42.89175],[-7.5223,42.88955],[-7.52339,42.88837],[-7.5248,42.88814],[-7.52694,42.88837],[-7.53121,42.88722],[-7.53279,42.88639],[-7.53352,42.88531],[-7.53346,42.88338],[-7.53544,42.87942],[-7.53566,42.8776],[-7.53617,42.87603],[-7.53289,42.87611],[-7.53164,42.87573],[-7.52835,42.87311],[-7.5251,42.87005],[-7.52409,42.86985],[-7.52293,42.87031],[-7.52174,42.87025],[-7.52076,42.86933],[-7.51995,42.86752],[-7.51829,42.86572],[-7.51665,42.8632],[-7.51557,42.86254],[-7.51134,42.86219],[-7.50967,42.86171],[-7.50822,42.86172],[-7.50587,42.86219],[-7.50159,42.86157],[-7.49899,42.86207],[-7.4953,42.86402],[-7.4947,42.86399],[-7.49203,42.86141],[-7.48962,42.86079],[-7.48487,42.86024],[-7.48119,42.86045],[-7.48111,42.85932],[-7.47246,42.85815],[-7.47252,42.86896],[-7.47115,42.86868],[-7.47004,42.86902],[-7.46865,42.86985],[-7.46773,42.87131],[-7.4662,42.87289],[-7.46534,42.8745],[-7.46447,42.87514],[-7.45513,42.87515],[-7.45211,42.87249],[-7.45124,42.87243],[-7.4493,42.87073],[-7.44808,42.8709],[-7.44663,42.87242],[-7.44538,42.87291],[-7.44414,42.87253],[-7.44189,42.87061],[-7.43782,42.87211],[-7.42691,42.87524],[-7.42771,42.8802],[-7.42713,42.88137],[-7.42669,42.88155],[-7.43386,42.88506],[-7.4349,42.88596],[-7.44311,42.88495],[-7.44264,42.88958],[-7.43858,42.89091],[-7.43371,42.89128],[-7.43531,42.89446],[-7.4431,42.90034],[-7.44396,42.90429],[-7.44176,42.90837],[-7.43792,42.91108],[-7.43725,42.91126],[-7.43453,42.91595],[-7.42861,42.91699],[-7.4234,42.91743],[-7.41866,42.91705],[-7.41365,42.91578],[-7.41119,42.92019],[-7.40769,42.92456],[-7.39862,42.93256],[-7.39831,42.93479],[-7.39886,42.93611],[-7.40065,42.93634],[-7.40529,42.93844],[-7.40757,42.94257],[-7.40696,42.94538],[-7.40325,42.94688],[-7.39577,42.9494],[-7.39218,42.94925],[-7.39004,42.94808],[-7.38876,42.9478],[-7.38681,42.94912],[-7.38644,42.95024],[-7.38588,42.94993],[-7.3798,42.94895],[-7.37427,42.94704],[-7.36615,42.94681],[-7.36169,42.94847],[-7.36065,42.95283],[-7.35667,42.95433],[-7.35363,42.95801],[-7.35496,42.95972],[-7.3568,42.96099],[-7.36554,42.96888],[-7.36541,42.96946],[-7.36559,42.97028],[-7.36516,42.9708],[-7.36532,42.97138],[-7.36424,42.97151],[-7.36242,42.97254],[-7.36126,42.97221],[-7.36094,42.97269],[-7.36069,42.97294]]]}},{"type":"Feature","properties":{"COD_POSTAL":"27392"},"geometry":{"type":"Polygon","coordinates":[[[-7.4452,42.73162],[-7.44584,42.73197],[-7.44695,42.73213],[-7.44735,42.73259],[-7.44748,42.73324],[-7.44847,42.73451],[-7.44905,42.73619],[-7.45044,42.73559],[-7.4506,42.7352],[-7.45017,42.7346],[-7.45235,42.73397],[-7.45313,42.733],[-7.45611,42.73171],[-7.45716,42.72937],[-7.45777,42.72878],[-7.45912,42.72854],[-7.46248,42.72853],[-7.4641,42.72796],[-7.46431,42.72749],[-7.46522,42.72749],[-7.46626,42.72836],[-7.46739,42.72835],[-7.46828,42.72749],[-7.46834,42.72694],[-7.46913,42.72665],[-7.46921,42.7258],[-7.47028,42.72449],[-7.47038,42.72466],[-7.47283,42.72369],[-7.4766,42.72042],[-7.47766,42.72001],[-7.47885,42.71855],[-7.48108,42.71722],[-7.48275,42.71661],[-7.48026,42.71671],[-7.47172,42.71541],[-7.47076,42.71363],[-7.46655,42.70851],[-7.46563,42.70782],[-7.45815,42.70826],[-7.45538,42.70712],[-7.45022,42.70581],[-7.43231,42.70228],[-7.42588,42.70005],[-7.42308,42.70153],[-7.42003,42.7044],[-7.41911,42.7073],[-7.4187,42.70744],[-7.4188,42.70835],[-7.41935,42.70956],[-7.41905,42.71127],[-7.41889,42.71175],[-7.4176,42.71253],[-7.41699,42.71379],[-7.418,42.71473],[-7.41761,42.71537],[-7.41758,42.71646],[-7.41835,42.71782],[-7.41839,42.71875],[-7.41718,42.72006],[-7.4198,42.71953],[-7.42236,42.72027],[-7.42326,42.72103],[-7.42692,42.72225],[-7.42826,42.72295],[-7.43027,42.7231],[-7.43109,42.7237],[-7.43172,42.72468],[-7.43329,42.72551],[-7.43448,42.7254],[-7.43531,42.72574],[-7.43637,42.72526],[-7.43712,42.72448],[-7.43904,42.72379],[-7.4397,42.72488],[-7.44105,42.72587],[-7.44207,42.72613],[-7.4422,42.72801],[-7.44075,42.7299],[-7.44345,42.73003],[-7.44501,42.7312],[-7.4452,42.73162]]]}},{"type":"Feature","properties":{"COD_POSTAL":"27849"},"geometry":{"type":"Polygon","coordinates":[[[-7.49332,43.36375],[-7.4949,43.36527],[-7.49534,43.36599],[-7.49515,43.36611],[-7.49724,43.3667],[-7.49883,43.36792],[-7.50195,43.3692],[-7.50354,43.3697],[-7.50877,43.36993],[-7.51249,43.37062],[-7.5146,43.36316],[-7.51544,43.36297],[-7.51691,43.36322],[-7.51691,43.36155],[-7.51765,43.36034],[-7.51646,43.3598],[-7.51582,43.35634],[-7.51545,43.35538],[-7.51465,43.35431],[-7.51613,43.35029],[-7.51495,43.34827],[-7.51287,43.34588],[-7.51102,43.34585],[-7.50951,43.34518],[-7.50633,43.34237],[-7.50409,43.34352],[-7.50225,43.3459],[-7.49576,43.34668],[-7.49436,43.34753],[-7.49215,43.34815],[-7.49105,43.34885],[-7.49101,43.34921],[-7.49022,43.34968],[-7.48937,43.35071],[-7.48932,43.35111],[-7.49105,43.35198],[-7.49163,43.35267],[-7.49296,43.35318],[-7.49343,43.35386],[-7.4934,43.35494],[-7.49446,43.35613],[-7.49448,43.35669],[-7.49626,43.35833],[-7.49631,43.3588],[-7.49582,43.35998],[-7.49606,43.36081],[-7.49587,43.36123],[-7.49473,43.36148],[-7.49277,43.36236],[-7.49283,43.3628],[-7.49332,43.36331],[-7.49332,43.36375]]]}},{"type":"Feature","properties":{"COD_POSTAL":"27165"},"geometry":{"type":"Polygon","coordinates":[[[-7.45576,43.00665],[-7.45694,43.00583],[-7.458,43.00556],[-7.45999,43.00579],[-7.46261,43.00456],[-7.46312,43.00177],[-7.46269,43.00012],[-7.46346,42.99754],[-7.46648,42.99759],[-7.46689,42.99711],[-7.46704,42.99578],[-7.46758,42.99511],[-7.46816,42.99484],[-7.46902,42.99503],[-7.46964,42.99481],[-7.47002,42.99409],[-7.46964,42.99308],[-7.47003,42.99181],[-7.46969,42.99053],[-7.47015,42.99008],[-7.47134,42.98982],[-7.47092,42.98894],[-7.47091,42.98775],[-7.46731,42.98503],[-7.46466,42.98212],[-7.45561,42.97665],[-7.44847,42.97913],[-7.43371,42.98142],[-7.43182,42.98515],[-7.43144,42.98706],[-7.43202,42.99091],[-7.43209,42.9939],[-7.43278,42.99537],[-7.43384,42.99564],[-7.43609,42.99448],[-7.44196,42.99901],[-7.45098,43.00395],[-7.45576,43.00665]]]}},{"type":"Feature","properties":{"COD_POSTAL":"27424"},"geometry":{"type":"MultiPolygon","coordinates":[[[[-7.41993,42.44755],[-7.42848,42.45039],[-7.43029,42.44964],[-7.43176,42.44767],[-7.43169,42.44333],[-7.43387,42.44149],[-7.4381,42.44152],[-7.44269,42.44063],[-7.44517,42.43889],[-7.44579,42.43746],[-7.44885,42.43579],[-7.44622,42.43372],[-7.44507,42.43319],[-7.44422,42.4325],[-7.44276,42.43196],[-7.44096,42.43044],[-7.43791,42.42712],[-7.4369,42.42642],[-7.43668,42.424],[-7.43782,42.42172],[-7.43724,42.4212],[-7.43535,42.4162],[-7.42456,42.4195],[-7.4172,42.42393],[-7.41192,42.42601],[-7.41482,42.42939],[-7.41656,42.43043],[-7.41992,42.43357],[-7.42241,42.43769],[-7.41993,42.44755]]],[[[-7.48686,42.40616],[-7.48187,42.39961],[-7.48122,42.40031],[-7.4797,42.40122],[-7.47733,42.40187],[-7.47441,42.40217],[-7.47094,42.40339],[-7.4696,42.40411],[-7.46583,42.40716],[-7.46416,42.40758],[-7.46223,42.40786],[-7.4575,42.40729],[-7.44752,42.40704],[-7.4481,42.41224],[-7.45815,42.42082],[-7.45767,42.42998],[-7.45586,42.43412],[-7.4532,42.43816],[-7.46466,42.43997],[-7.48249,42.43838],[-7.48606,42.43653],[-7.49044,42.43607],[-7.49314,42.43607],[-7.49592,42.43514],[-7.49702,42.4354],[-7.49557,42.43666],[-7.49718,42.43639],[-7.49925,42.43673],[-7.5,42.43625],[-7.50046,42.43456],[-7.5016,42.43302],[-7.5028,42.43259],[-7.50644,42.43035],[-7.50708,42.42826],[-7.50583,42.42316],[-7.50414,42.42091],[-7.50682,42.41702],[-7.50761,42.41411],[-7.50461,42.41346],[-7.5021,42.41423],[-7.4986,42.41396],[-7.49746,42.41366],[-7.49646,42.41271],[-7.49551,42.41224],[-7.4907,42.41223],[-7.48844,42.41146],[-7.48806,42.41105],[-7.4879,42.40917],[-7.48673,42.40632],[-7.48686,42.40616]]]]}},{"type":"Feature","properties":{"COD_POSTAL":"27616"},"geometry":{"type":"Polygon","coordinates":[[[-7.45188,42.78105],[-7.45774,42.78225],[-7.45855,42.78218],[-7.45937,42.78067],[-7.46094,42.78139],[-7.46235,42.78168],[-7.46366,42.78158],[-7.46481,42.7812],[-7.46657,42.7822],[-7.46754,42.7812],[-7.46798,42.77943],[-7.47086,42.77772],[-7.47338,42.77644],[-7.47386,42.77694],[-7.47614,42.77726],[-7.47643,42.77622],[-7.47729,42.77607],[-7.47774,42.77527],[-7.47791,42.77423],[-7.47966,42.7736],[-7.48167,42.77233],[-7.48219,42.77231],[-7.48376,42.77088],[-7.48501,42.76865],[-7.48619,42.76805],[-7.48955,42.76899],[-7.49007,42.7688],[-7.49223,42.76955],[-7.49339,42.76829],[-7.49458,42.76426],[-7.48973,42.75932],[-7.48624,42.75692],[-7.48546,42.75576],[-7.48585,42.75454],[-7.48237,42.75439],[-7.47951,42.75314],[-7.47931,42.75217],[-7.47803,42.75081],[-7.47607,42.74999],[-7.47465,42.75036],[-7.46756,42.75525],[-7.46048,42.75706],[-7.45932,42.7576],[-7.45822,42.75746],[-7.45714,42.75646],[-7.45612,42.75599],[-7.45434,42.75676],[-7.45282,42.75596],[-7.45212,42.75499],[-7.45035,42.7535],[-7.44959,42.75325],[-7.44682,42.75433],[-7.44697,42.75538],[-7.44671,42.75598],[-7.44495,42.75793],[-7.44013,42.7591],[-7.4388,42.75982],[-7.43907,42.76101],[-7.43849,42.76139],[-7.43829,42.76206],[-7.43658,42.76359],[-7.43681,42.76413],[-7.43433,42.76629],[-7.43393,42.76855],[-7.43359,42.76909],[-7.43316,42.76911],[-7.43234,42.77029],[-7.43005,42.77235],[-7.43159,42.77281],[-7.43494,42.77307],[-7.43814,42.77406],[-7.43852,42.77441],[-7.44119,42.77477],[-7.44149,42.77554],[-7.44212,42.77622],[-7.4431,42.77649],[-7.44319,42.77719],[-7.44237,42.77833],[-7.44295,42.78009],[-7.44348,42.78056],[-7.44516,42.78068],[-7.44533,42.78016],[-7.44562,42.78014],[-7.44953,42.78013],[-7.45065,42.78081],[-7.45188,42.78105]]]}},{"type":"Feature","properties":{"COD_POSTAL":"27728"},"geometry":{"type":"Polygon","coordinates":[[[-7.1863,43.36204],[-7.1906,43.35717],[-7.18637,43.3501],[-7.17932,43.34502],[-7.17905,43.34375],[-7.17354,43.34128],[-7.16561,43.33596],[-7.16257,43.33417],[-7.15308,43.33188],[-7.14874,43.33157],[-7.13164,43.334],[-7.13082,43.33549],[-7.13099,43.33692],[-7.1314,43.33799],[-7.13032,43.33957],[-7.13013,43.34089],[-7.13113,43.34351],[-7.13242,43.34512],[-7.13231,43.34667],[-7.13279,43.34773],[-7.13211,43.34861],[-7.13033,43.35015],[-7.131,43.35188],[-7.12986,43.35291],[-7.12972,43.35452],[-7.12947,43.35486],[-7.12843,43.35529],[-7.12828,43.3556],[-7.12864,43.35698],[-7.13158,43.3629],[-7.13129,43.3641],[-7.12963,43.36617],[-7.12893,43.36753],[-7.12753,43.3726],[-7.13437,43.37742],[-7.13605,43.37948],[-7.13667,43.38231],[-7.1378,43.38324],[-7.13902,43.38335],[-7.14312,43.38181],[-7.14471,43.38161],[-7.14616,43.38081],[-7.15045,43.37966],[-7.15105,43.37809],[-7.15216,43.37713],[-7.15468,43.37594],[-7.15556,43.37486],[-7.15721,43.37455],[-7.159,43.37458],[-7.15991,43.37502],[-7.16055,43.37639],[-7.16236,43.37829],[-7.16247,43.37995],[-7.16294,43.38026],[-7.16404,43.37986],[-7.16462,43.38027],[-7.16641,43.38002],[-7.16722,43.37939],[-7.16769,43.37987],[-7.1689,43.38035],[-7.16951,43.38109],[-7.17029,43.3815],[-7.17029,43.38187],[-7.1721,43.37893],[-7.17436,43.37936],[-7.17548,43.37889],[-7.17607,43.37544],[-7.1739,43.37488],[-7.17314,43.37435],[-7.17343,43.37343],[-7.17452,43.37297],[-7.17618,43.37352],[-7.18042,43.37259],[-7.18358,43.3729],[-7.18458,43.3716],[-7.1847,43.36645],[-7.18506,43.36455],[-7.18648,43.36236],[-7.1863,43.36204]]]}},{"type":"Feature","properties":{"COD_POSTAL":"27169"},"geometry":{"type":"Polygon","coordinates":[[[-7.43722,42.94802],[-7.4349,42.9502],[-7.43282,42.95346],[-7.43679,42.95608],[-7.44932,42.95702],[-7.45527,42.95489],[-7.45907,42.95416],[-7.45793,42.95144],[-7.46148,42.94815],[-7.47083,42.93808],[-7.46891,42.93652],[-7.46941,42.93435],[-7.47164,42.93182],[-7.46821,42.93157],[-7.46692,42.93126],[-7.46093,42.93267],[-7.45887,42.93482],[-7.4578,42.93743],[-7.45534,42.93939],[-7.4548,42.94022],[-7.45388,42.94037],[-7.44303,42.93829],[-7.44456,42.94007],[-7.44545,42.94193],[-7.44491,42.94486],[-7.44286,42.94622],[-7.44098,42.94674],[-7.44076,42.94635],[-7.43777,42.94675],[-7.43722,42.94802]]]}},{"type":"Feature","properties":{"COD_POSTAL":"27336"},"geometry":{"type":"Polygon","coordinates":[[[-7.28877,42.60808],[-7.29265,42.61045],[-7.29361,42.61412],[-7.29462,42.61532],[-7.29741,42.61771],[-7.29864,42.61848],[-7.30717,42.62338],[-7.30817,42.62372],[-7.31212,42.6242],[-7.31501,42.62403],[-7.31771,42.62338],[-7.32058,42.62217],[-7.32605,42.62094],[-7.32891,42.61991],[-7.33206,42.61995],[-7.33373,42.61951],[-7.33519,42.61851],[-7.33822,42.61746],[-7.34314,42.61667],[-7.34602,42.61351],[-7.35034,42.60993],[-7.35754,42.60458],[-7.36364,42.60068],[-7.36743,42.59919],[-7.37744,42.59684],[-7.38969,42.59485],[-7.40052,42.59425],[-7.40178,42.59067],[-7.39352,42.58854],[-7.3921,42.58443],[-7.38822,42.57849],[-7.38912,42.57631],[-7.39172,42.5729],[-7.39125,42.57242],[-7.39128,42.56947],[-7.39204,42.56932],[-7.38809,42.56925],[-7.38103,42.56839],[-7.37739,42.56565],[-7.37688,42.56557],[-7.36379,42.57061],[-7.35434,42.57178],[-7.34271,42.57247],[-7.32697,42.5729],[-7.30513,42.57476],[-7.30533,42.57773],[-7.30308,42.58116],[-7.29698,42.58582],[-7.29128,42.58901],[-7.28838,42.59725],[-7.28115,42.60217],[-7.28234,42.60571],[-7.28563,42.60811],[-7.28877,42.60808]]]}},{"type":"Feature","properties":{"COD_POSTAL":"27116"},"geometry":{"type":"Polygon","coordinates":[[[-7.08011,43.12908],[-7.0826,43.13003],[-7.08549,43.13033],[-7.09759,43.12639],[-7.10136,43.12375],[-7.10511,43.11924],[-7.11652,43.10963],[-7.12386,43.10756],[-7.13044,43.10821],[-7.13582,43.11037],[-7.13873,43.10607],[-7.13937,43.10247],[-7.14054,43.10099],[-7.14425,43.09941],[-7.14435,43.09824],[-7.14363,43.09507],[-7.14218,43.09182],[-7.1423,43.0901],[-7.13921,43.08596],[-7.1388,43.08387],[-7.13681,43.07863],[-7.13581,43.07782],[-7.13585,43.07722],[-7.13422,43.0749],[-7.13188,43.06749],[-7.13234,43.06523],[-7.12837,43.05813],[-7.11787,43.06048],[-7.11533,43.06066],[-7.10188,43.06451],[-7.09967,43.06553],[-7.09955,43.06783],[-7.10203,43.07133],[-7.10315,43.07407],[-7.10456,43.0762],[-7.10495,43.07885],[-7.10422,43.08127],[-7.10248,43.08402],[-7.10112,43.08706],[-7.09155,43.08503],[-7.08979,43.08366],[-7.08706,43.08355],[-7.08655,43.08253],[-7.08455,43.08157],[-7.08002,43.07993],[-7.07437,43.08058],[-7.07417,43.08033],[-7.0717,43.08036],[-7.06851,43.07961],[-7.06401,43.07948],[-7.06005,43.08033],[-7.05726,43.08127],[-7.05476,43.08283],[-7.05299,43.08469],[-7.05179,43.08679],[-7.05202,43.08975],[-7.05256,43.09182],[-7.0528,43.09543],[-7.05159,43.09988],[-7.05183,43.10106],[-7.05052,43.10078],[-7.04995,43.10106],[-7.05002,43.1013],[-7.05205,43.10144],[-7.05431,43.10635],[-7.05786,43.10886],[-7.06008,43.10695],[-7.06478,43.10506],[-7.06595,43.10573],[-7.07192,43.10685],[-7.07332,43.1074],[-7.07388,43.10798],[-7.07392,43.11021],[-7.07375,43.11026],[-7.07523,43.11189],[-7.07596,43.11434],[-7.07424,43.11499],[-7.07369,43.12023],[-7.07555,43.12242],[-7.07639,43.12431],[-7.07651,43.12678],[-7.07682,43.1267],[-7.07799,43.12802],[-7.08011,43.12908]]]}},{"type":"Feature","properties":{"COD_POSTAL":"27419"},"geometry":{"type":"MultiPolygon","coordinates":[[[[-7.70628,42.51284],[-7.71715,42.5224],[-7.71803,42.52005],[-7.7197,42.51832],[-7.72055,42.51699],[-7.71832,42.51489],[-7.71769,42.51401],[-7.71725,42.51199],[-7.71654,42.50546],[-7.71302,42.50087],[-7.70983,42.4982],[-7.70798,42.49599],[-7.70806,42.49423],[-7.70605,42.48832],[-7.70469,42.48561],[-7.70365,42.48453],[-7.70302,42.48347],[-7.70359,42.48217],[-7.70498,42.48025],[-7.70834,42.47792],[-7.70438,42.47697],[-7.70077,42.47719],[-7.68346,42.48354],[-7.67107,42.48444],[-7.65433,42.48946],[-7.64813,42.49178],[-7.64537,42.49412],[-7.63974,42.49681],[-7.6403,42.50052],[-7.64116,42.50094],[-7.64157,42.50239],[-7.64469,42.50369],[-7.64904,42.50458],[-7.65156,42.50105],[-7.65425,42.50023],[-7.66115,42.5],[-7.6632,42.49844],[-7.66657,42.49687],[-7.67626,42.49162],[-7.68016,42.48883],[-7.68128,42.49363],[-7.68383,42.49845],[-7.68413,42.5074],[-7.68698,42.51055],[-7.68652,42.51409],[-7.6884,42.51496],[-7.68751,42.52184],[-7.68806,42.52188],[-7.68959,42.5213],[-7.69061,42.52006],[-7.68985,42.51855],[-7.69238,42.51679],[-7.69369,42.51625],[-7.69544,42.51657],[-7.70457,42.51187],[-7.70628,42.51284]]],[[[-7.54451,42.4938],[-7.5421,42.49777],[-7.54207,42.49933],[-7.54429,42.50624],[-7.54867,42.51205],[-7.55122,42.51275],[-7.55626,42.50993],[-7.55977,42.50901],[-7.56278,42.50767],[-7.56496,42.50457],[-7.56879,42.50989],[-7.57032,42.51409],[-7.57277,42.51668],[-7.57218,42.52224],[-7.57292,42.52283],[-7.56987,42.52557],[-7.58202,42.52117],[-7.58594,42.52118],[-7.58948,42.51842],[-7.59008,42.51876],[-7.59778,42.51305],[-7.59788,42.51216],[-7.59728,42.50934],[-7.59633,42.50745],[-7.59428,42.50742],[-7.59239,42.50614],[-7.58872,42.50458],[-7.58861,42.50404],[-7.59148,42.50121],[-7.59247,42.50094],[-7.5858,42.49536],[-7.5816,42.49296],[-7.5758,42.49177],[-7.57451,42.49302],[-7.57404,42.49308],[-7.57263,42.49267],[-7.57067,42.49136],[-7.56955,42.4912],[-7.56748,42.49327],[-7.56669,42.49328],[-7.56331,42.49208],[-7.56327,42.49114],[-7.56305,42.4909],[-7.56085,42.48977],[-7.55984,42.49028],[-7.55877,42.49018],[-7.55755,42.49082],[-7.5567,42.49043],[-7.55655,42.49006],[-7.55618,42.49045],[-7.55482,42.49361],[-7.55359,42.49366],[-7.55132,42.4946],[-7.54778,42.49712],[-7.54636,42.49536],[-7.54451,42.4938]]]]}},{"type":"Feature","properties":{"COD_POSTAL":"27391"},"geometry":{"type":"Polygon","coordinates":[[[-7.33781,42.51797],[-7.33811,42.51735],[-7.33998,42.51552],[-7.34176,42.51305],[-7.3416,42.51252],[-7.34004,42.51112],[-7.34011,42.51051],[-7.34148,42.51],[-7.34247,42.50997],[-7.34349,42.51047],[-7.34389,42.51],[-7.34378,42.5092],[-7.34204,42.50656],[-7.3417,42.5056],[-7.3443,42.50222],[-7.34514,42.50212],[-7.34705,42.50443],[-7.34807,42.50478],[-7.34925,42.50401],[-7.35061,42.50404],[-7.3518,42.50454],[-7.353,42.50462],[-7.35815,42.50433],[-7.35822,42.50672],[-7.35879,42.50574],[-7.3593,42.50355],[-7.36117,42.5019],[-7.36107,42.50116],[-7.36038,42.5002],[-7.35915,42.49755],[-7.36025,42.49694],[-7.36402,42.49586],[-7.36804,42.49397],[-7.37029,42.49503],[-7.37636,42.49601],[-7.37743,42.49168],[-7.37028,42.48076],[-7.36883,42.46272],[-7.37132,42.45863],[-7.37131,42.45817],[-7.36963,42.45386],[-7.36593,42.45351],[-7.36409,42.45387],[-7.36055,42.45576],[-7.35839,42.45645],[-7.35701,42.45644],[-7.35433,42.45559],[-7.35128,42.45533],[-7.34749,42.4556],[-7.34365,42.45638],[-7.33773,42.45631],[-7.33609,42.45651],[-7.33476,42.46144],[-7.33329,42.46306],[-7.32832,42.47752],[-7.32487,42.48476],[-7.31628,42.49258],[-7.30653,42.50042],[-7.30969,42.50292],[-7.31364,42.50367],[-7.31616,42.50548],[-7.31704,42.50924],[-7.33176,42.51735],[-7.33781,42.51797]]]}},{"type":"Feature","properties":{"COD_POSTAL":"27259"},"geometry":{"type":"Polygon","coordinates":[[[-7.38868,43.14145],[-7.38469,43.14637],[-7.38313,43.15091],[-7.37761,43.15126],[-7.37298,43.15017],[-7.35955,43.16196],[-7.36164,43.16684],[-7.3622,43.16742],[-7.36284,43.1687],[-7.36374,43.16936],[-7.36286,43.17024],[-7.36267,43.17123],[-7.36277,43.17237],[-7.36309,43.17287],[-7.35998,43.17567],[-7.35986,43.17616],[-7.3601,43.17862],[-7.36086,43.18076],[-7.36108,43.18366],[-7.36148,43.18459],[-7.36275,43.186],[-7.3627,43.18897],[-7.3606,43.19219],[-7.36049,43.19575],[-7.35988,43.19587],[-7.36059,43.19629],[-7.36053,43.19687],[-7.35977,43.19747],[-7.35962,43.19806],[-7.37115,43.19769],[-7.37062,43.19565],[-7.37047,43.19371],[-7.37136,43.19234],[-7.37665,43.18908],[-7.38243,43.18404],[-7.3822,43.18288],[-7.38385,43.18036],[-7.3854,43.17909],[-7.38675,43.17886],[-7.38902,43.17781],[-7.39481,43.17903],[-7.39635,43.18079],[-7.39817,43.18085],[-7.40113,43.18448],[-7.4003,43.18643],[-7.39952,43.18749],[-7.39938,43.18947],[-7.39962,43.18988],[-7.40062,43.19049],[-7.40136,43.19189],[-7.40119,43.19302],[-7.40142,43.19416],[-7.4011,43.19646],[-7.40486,43.19639],[-7.40656,43.1966],[-7.41024,43.19574],[-7.41209,43.19655],[-7.41502,43.19618],[-7.41603,43.19566],[-7.41657,43.19497],[-7.41767,43.19427],[-7.41922,43.19399],[-7.42317,43.19386],[-7.42421,43.19331],[-7.42524,43.18905],[-7.42799,43.18663],[-7.43132,43.18511],[-7.43535,43.18165],[-7.43457,43.18139],[-7.43069,43.17684],[-7.43187,43.17148],[-7.43546,43.16829],[-7.43612,43.16671],[-7.43631,43.16457],[-7.43878,43.16361],[-7.44003,43.1615],[-7.43916,43.15754],[-7.43821,43.15595],[-7.43666,43.15419],[-7.43391,43.15332],[-7.43191,43.15122],[-7.43187,43.14963],[-7.4289,43.14497],[-7.42625,43.13872],[-7.42221,43.13764],[-7.42128,43.13814],[-7.41705,43.13514],[-7.40277,43.12833],[-7.38869,43.14145],[-7.38868,43.14145]]]}},{"type":"Feature","properties":{"COD_POSTAL":"27570"},"geometry":{"type":"Polygon","coordinates":[[[-7.88772,42.77463],[-7.88421,42.78028],[-7.88282,42.78183],[-7.8785,42.78341],[-7.87968,42.78436],[-7.88114,42.78453],[-7.88112,42.78693],[-7.88074,42.78775],[-7.87954,42.7889],[-7.88124,42.7907],[-7.88152,42.79148],[-7.87937,42.79343],[-7.87884,42.79504],[-7.88347,42.79478],[-7.88716,42.79512],[-7.88919,42.7957],[-7.89009,42.79707],[-7.89537,42.79992],[-7.89125,42.78787],[-7.89228,42.78503],[-7.89486,42.78437],[-7.90968,42.7849],[-7.91138,42.78266],[-7.91166,42.7814],[-7.91038,42.78025],[-7.89819,42.77586],[-7.89664,42.77457],[-7.89467,42.77141],[-7.89255,42.77019],[-7.88866,42.77044],[-7.8879,42.77371],[-7.88772,42.77463]]]}},{"type":"Feature","properties":{"COD_POSTAL":"27751"},"geometry":{"type":"Polygon","coordinates":[[[-7.24861,43.46134],[-7.25503,43.46525],[-7.25618,43.46715],[-7.25789,43.46704],[-7.26,43.46613],[-7.26382,43.46556],[-7.2691,43.46608],[-7.27292,43.46685],[-7.27472,43.46686],[-7.28219,43.46436],[-7.28274,43.46464],[-7.28309,43.46397],[-7.28374,43.46366],[-7.28616,43.46158],[-7.28945,43.46092],[-7.29051,43.46047],[-7.29311,43.46168],[-7.29434,43.46172],[-7.30119,43.46091],[-7.3029,43.4592],[-7.30753,43.45329],[-7.3076,43.45245],[-7.31267,43.44781],[-7.31708,43.44167],[-7.32737,43.43858],[-7.32555,43.43838],[-7.32439,43.43852],[-7.32019,43.43718],[-7.31696,43.43678],[-7.31507,43.43615],[-7.31362,43.43534],[-7.31251,43.43394],[-7.31161,43.43321],[-7.30826,43.43203],[-7.30687,43.43119],[-7.3055,43.42949],[-7.30855,43.42788],[-7.30909,43.42738],[-7.31151,43.42345],[-7.31257,43.42232],[-7.31296,43.42145],[-7.31294,43.42083],[-7.31182,43.41918],[-7.31175,43.41797],[-7.31242,43.41718],[-7.31273,43.41624],[-7.31168,43.415],[-7.30855,43.41447],[-7.30514,43.41603],[-7.30267,43.41601],[-7.30164,43.41648],[-7.29937,43.41855],[-7.29742,43.41883],[-7.29642,43.41874],[-7.29462,43.41711],[-7.29142,43.41737],[-7.29054,43.41645],[-7.28759,43.41644],[-7.28715,43.41559],[-7.28717,43.41817],[-7.28636,43.42065],[-7.28671,43.42339],[-7.28649,43.42762],[-7.28524,43.43247],[-7.28448,43.43298],[-7.28418,43.43285],[-7.28394,43.43303],[-7.28425,43.43518],[-7.28385,43.43546],[-7.27958,43.43688],[-7.27647,43.43831],[-7.2702,43.4394],[-7.24702,43.43934],[-7.24472,43.43959],[-7.24278,43.44166],[-7.24208,43.44208],[-7.24099,43.44373],[-7.24017,43.44637],[-7.24098,43.4518],[-7.24155,43.45348],[-7.24461,43.45802],[-7.24524,43.45878],[-7.24778,43.46078],[-7.24861,43.46134]]]}},{"type":"Feature","properties":{"COD_POSTAL":"27730"},"geometry":{"type":"Polygon","coordinates":[[[-7.47347,43.36968],[-7.47412,43.36926],[-7.47698,43.3689],[-7.47748,43.36847],[-7.47946,43.36848],[-7.48057,43.36818],[-7.48241,43.36677],[-7.48341,43.36693],[-7.4841,43.3667],[-7.48503,43.36535],[-7.48675,43.36538],[-7.48911,43.36616],[-7.48977,43.36598],[-7.49028,43.36612],[-7.49258,43.36759],[-7.49476,43.36724],[-7.4949,43.36628],[-7.49534,43.36599],[-7.4949,43.36527],[-7.49332,43.36375],[-7.49332,43.36331],[-7.49283,43.3628],[-7.49277,43.36236],[-7.49473,43.36148],[-7.49587,43.36123],[-7.49606,43.36081],[-7.49582,43.35998],[-7.49631,43.3588],[-7.49626,43.35833],[-7.49448,43.35669],[-7.49446,43.35613],[-7.4934,43.35494],[-7.49343,43.35386],[-7.49296,43.35318],[-7.49163,43.35267],[-7.49105,43.35198],[-7.48932,43.35111],[-7.48937,43.35071],[-7.49022,43.34968],[-7.49101,43.34921],[-7.49105,43.34885],[-7.49215,43.34815],[-7.49436,43.34753],[-7.49576,43.34668],[-7.50225,43.3459],[-7.50409,43.34352],[-7.50633,43.34237],[-7.50863,43.34033],[-7.50795,43.33823],[-7.50857,43.33731],[-7.507,43.33501],[-7.50611,43.33211],[-7.50776,43.33042],[-7.50497,43.33114],[-7.49956,43.33108],[-7.50018,43.33013],[-7.50114,43.32924],[-7.50107,43.32839],[-7.5007,43.32771],[-7.49959,43.32695],[-7.49847,43.32657],[-7.49517,43.32602],[-7.49417,43.32529],[-7.49397,43.32441],[-7.49432,43.32329],[-7.49626,43.32199],[-7.49654,43.321],[-7.49774,43.32049],[-7.50076,43.31722],[-7.50111,43.31633],[-7.50048,43.31258],[-7.504,43.31099],[-7.50488,43.30931],[-7.50457,43.30841],[-7.50319,43.30755],[-7.49994,43.30678],[-7.49707,43.30552],[-7.49626,43.30463],[-7.49577,43.30445],[-7.4965,43.30366],[-7.49828,43.30313],[-7.50477,43.30343],[-7.50432,43.30439],[-7.50471,43.30567],[-7.50439,43.30632],[-7.50795,43.3054],[-7.50774,43.30478],[-7.50864,43.30279],[-7.50952,43.30247],[-7.51068,43.30119],[-7.51326,43.29914],[-7.51629,43.29736],[-7.51649,43.29652],[-7.51718,43.29652],[-7.52104,43.29384],[-7.52252,43.2932],[-7.52042,43.29106],[-7.52059,43.29032],[-7.51921,43.2886],[-7.51881,43.28732],[-7.51668,43.28485],[-7.51629,43.28131],[-7.51253,43.27951],[-7.51174,43.27976],[-7.50965,43.279],[-7.50792,43.27769],[-7.5067,43.27769],[-7.50617,43.27638],[-7.50326,43.27482],[-7.49448,43.2725],[-7.49206,43.27226],[-7.49125,43.27313],[-7.48661,43.27121],[-7.48495,43.26515],[-7.48103,43.25371],[-7.47637,43.25719],[-7.46825,43.26267],[-7.46415,43.26516],[-7.45806,43.26595],[-7.4557,43.26792],[-7.45056,43.26968],[-7.44814,43.26962],[-7.44954,43.28862],[-7.44909,43.29376],[-7.44629,43.30357],[-7.4443,43.30552],[-7.44279,43.30938],[-7.44266,43.31214],[-7.44064,43.31587],[-7.43659,43.3173],[-7.44086,43.32292],[-7.44085,43.32948],[-7.4451,43.33347],[-7.44494,43.33369],[-7.45063,43.33918],[-7.45629,43.34403],[-7.45817,43.34405],[-7.45964,43.34457],[-7.46181,43.34704],[-7.46561,43.34955],[-7.46686,43.35126],[-7.47132,43.35392],[-7.47497,43.35558],[-7.47252,43.35775],[-7.47169,43.35888],[-7.46974,43.35958],[-7.46913,43.36015],[-7.4698,43.36248],[-7.46927,43.36683],[-7.47159,43.36782],[-7.47203,43.36912],[-7.47347,43.36968]]]}},{"type":"Feature","properties":{"COD_POSTAL":"27640"},"geometry":{"type":"Polygon","coordinates":[[[-7.15878,42.84276],[-7.15608,42.84353],[-7.15229,42.84383],[-7.15019,42.84484],[-7.1492,42.84609],[-7.14781,42.84925],[-7.14778,42.85014],[-7.14858,42.85123],[-7.14805,42.85373],[-7.14738,42.85491],[-7.14649,42.85567],[-7.14411,42.85654],[-7.14639,42.85793],[-7.15156,42.85915],[-7.15275,42.85983],[-7.15524,42.86036],[-7.15747,42.8602],[-7.1609,42.8598],[-7.16366,42.85915],[-7.16651,42.85812],[-7.1687,42.85608],[-7.16944,42.85507],[-7.17465,42.85274],[-7.18045,42.85249],[-7.18119,42.8505],[-7.18126,42.8487],[-7.17821,42.84568],[-7.17309,42.84379],[-7.16463,42.84363],[-7.16346,42.84349],[-7.16098,42.84238],[-7.15989,42.84251],[-7.15878,42.84276]]]}},{"type":"Feature","properties":{"COD_POSTAL":"27614"},"geometry":{"type":"MultiPolygon","coordinates":[[[[-7.43707,42.83576],[-7.43698,42.83623],[-7.43762,42.83706],[-7.4375,42.83731],[-7.4352,42.83866],[-7.43335,42.83886],[-7.43877,42.83945],[-7.44147,42.84074],[-7.44898,42.84223],[-7.45426,42.84429],[-7.45532,42.84394],[-7.45633,42.8429],[-7.45632,42.84181],[-7.45661,42.8414],[-7.45691,42.83971],[-7.45911,42.83493],[-7.46336,42.8344],[-7.46359,42.83345],[-7.46283,42.83305],[-7.46439,42.83187],[-7.46526,42.83013],[-7.46714,42.82862],[-7.46835,42.82806],[-7.47028,42.82606],[-7.47121,42.8257],[-7.47148,42.82537],[-7.47436,42.82643],[-7.47799,42.82339],[-7.48296,42.81975],[-7.48811,42.81686],[-7.49076,42.81491],[-7.49738,42.8093],[-7.4978,42.80841],[-7.49661,42.80207],[-7.49399,42.80116],[-7.49272,42.80108],[-7.49003,42.80286],[-7.48926,42.80274],[-7.48837,42.80339],[-7.48255,42.80232],[-7.48073,42.8024],[-7.47274,42.80049],[-7.47146,42.79984],[-7.47021,42.79986],[-7.46755,42.80022],[-7.46676,42.80068],[-7.46474,42.80125],[-7.46348,42.80281],[-7.4528,42.80188],[-7.45026,42.79999],[-7.44889,42.80017],[-7.44848,42.8023],[-7.44809,42.80299],[-7.44788,42.80501],[-7.44692,42.80549],[-7.44522,42.80722],[-7.44471,42.80999],[-7.44547,42.81165],[-7.44407,42.81285],[-7.4422,42.81399],[-7.44037,42.81436],[-7.43749,42.81407],[-7.43516,42.81412],[-7.43506,42.8156],[-7.43443,42.81686],[-7.43349,42.81746],[-7.43407,42.81965],[-7.43563,42.82125],[-7.43532,42.82207],[-7.43472,42.82273],[-7.43373,42.82325],[-7.43335,42.82477],[-7.43202,42.82506],[-7.43165,42.82562],[-7.43186,42.82613],[-7.43071,42.82734],[-7.43056,42.82827],[-7.43103,42.82891],[-7.43136,42.82997],[-7.4311,42.83013],[-7.4313,42.83102],[-7.4319,42.83171],[-7.43162,42.83195],[-7.43166,42.83233],[-7.43202,42.83228],[-7.43198,42.83264],[-7.43242,42.83307],[-7.43254,42.83283],[-7.43312,42.83289],[-7.43372,42.83335],[-7.43334,42.83423],[-7.43441,42.8343],[-7.43524,42.83477],[-7.4355,42.8353],[-7.43603,42.83559],[-7.43648,42.83544],[-7.43707,42.83576]]],[[[-7.35511,42.82643],[-7.3599,42.82826],[-7.35471,42.84293],[-7.36265,42.8405],[-7.3692,42.84288],[-7.37373,42.83823],[-7.37767,42.83004],[-7.38236,42.83005],[-7.3826,42.83203],[-7.3847,42.83491],[-7.38589,42.83597],[-7.38635,42.83774],[-7.38843,42.83776],[-7.39238,42.83703],[-7.39775,42.83777],[-7.39484,42.83517],[-7.39324,42.83423],[-7.3926,42.83246],[-7.39148,42.83121],[-7.39063,42.83138],[-7.38957,42.8311],[-7.39035,42.82895],[-7.38993,42.82629],[-7.39011,42.82557],[-7.39153,42.82542],[-7.39259,42.82487],[-7.39447,42.82261],[-7.39485,42.82132],[-7.39445,42.82027],[-7.39783,42.81735],[-7.39832,42.81642],[-7.39897,42.81589],[-7.40138,42.81518],[-7.4051,42.81271],[-7.40619,42.81241],[-7.40728,42.8112],[-7.40876,42.81064],[-7.40738,42.81003],[-7.40483,42.81029],[-7.40212,42.80757],[-7.40032,42.80778],[-7.39894,42.80745],[-7.3984,42.80719],[-7.39836,42.80691],[-7.39795,42.80682],[-7.39757,42.80713],[-7.39656,42.80662],[-7.39574,42.80552],[-7.39436,42.80471],[-7.3941,42.80421],[-7.39428,42.80409],[-7.39402,42.80408],[-7.39593,42.80218],[-7.39826,42.8008],[-7.39931,42.80086],[-7.39917,42.79908],[-7.39998,42.79763],[-7.39855,42.79706],[-7.39756,42.79627],[-7.39381,42.79507],[-7.39315,42.79394],[-7.39233,42.79372],[-7.3918,42.79276],[-7.38955,42.79193],[-7.38633,42.79202],[-7.38359,42.79079],[-7.38157,42.79031],[-7.37739,42.79012],[-7.37681,42.79394],[-7.3793,42.79775],[-7.37999,42.80043],[-7.37823,42.80122],[-7.37531,42.80196],[-7.37274,42.80203],[-7.37304,42.8028],[-7.37306,42.80376],[-7.37206,42.8047],[-7.37195,42.80575],[-7.3723,42.80661],[-7.37332,42.80762],[-7.37294,42.8084],[-7.37094,42.80885],[-7.36934,42.80954],[-7.36492,42.81256],[-7.36146,42.81426],[-7.36093,42.81502],[-7.36059,42.81919],[-7.36207,42.8201],[-7.36376,42.8217],[-7.36124,42.82257],[-7.35989,42.8234],[-7.35837,42.82372],[-7.3565,42.82472],[-7.35511,42.82643]]]]}},{"type":"Feature","properties":{"COD_POSTAL":"27185"},"geometry":{"type":"Polygon","coordinates":[[[-7.61535,42.91387],[-7.62408,42.91872],[-7.62821,42.9197],[-7.63435,42.91358],[-7.63416,42.91118],[-7.63484,42.90724],[-7.63649,42.90342],[-7.63825,42.90135],[-7.63473,42.8999],[-7.62311,42.89619],[-7.61768,42.89062],[-7.61663,42.88723],[-7.61408,42.88232],[-7.61142,42.87926],[-7.61269,42.87812],[-7.61317,42.87697],[-7.61385,42.87614],[-7.6152,42.87528],[-7.61537,42.87417],[-7.61472,42.87382],[-7.61373,42.87375],[-7.61331,42.87245],[-7.61146,42.87222],[-7.61113,42.87175],[-7.61117,42.87098],[-7.61021,42.86972],[-7.61015,42.86838],[-7.61059,42.86649],[-7.6119,42.86369],[-7.61158,42.86031],[-7.61065,42.85897],[-7.61017,42.85881],[-7.61047,42.85875],[-7.60946,42.8584],[-7.60294,42.85818],[-7.6008,42.85757],[-7.59476,42.85714],[-7.59202,42.85794],[-7.58989,42.8598],[-7.59003,42.86016],[-7.59186,42.86102],[-7.59192,42.86225],[-7.59129,42.86359],[-7.59118,42.86442],[-7.59266,42.8682],[-7.59262,42.86913],[-7.59459,42.87119],[-7.59789,42.87526],[-7.59882,42.87838],[-7.59822,42.88029],[-7.59669,42.88284],[-7.59436,42.88913],[-7.59354,42.89379],[-7.59147,42.89293],[-7.58809,42.89315],[-7.58605,42.89292],[-7.58445,42.89214],[-7.58284,42.89237],[-7.58211,42.89222],[-7.58156,42.8919],[-7.58035,42.8905],[-7.57992,42.89063],[-7.58152,42.88687],[-7.57692,42.88592],[-7.56939,42.8833],[-7.56471,42.88524],[-7.56136,42.90177],[-7.56216,42.90419],[-7.56568,42.9074],[-7.57589,42.90685],[-7.57585,42.90924],[-7.57786,42.90983],[-7.57847,42.91049],[-7.58391,42.91326],[-7.58529,42.91474],[-7.58182,42.92094],[-7.57962,42.92239],[-7.57897,42.92387],[-7.57784,42.92529],[-7.57645,42.9258],[-7.5746,42.92611],[-7.57246,42.92905],[-7.56927,42.92913],[-7.56691,42.93176],[-7.56656,42.93253],[-7.56499,42.93393],[-7.56442,42.93491],[-7.56437,42.9357],[-7.56,42.93785],[-7.55949,42.93908],[-7.55909,42.93941],[-7.55721,42.93932],[-7.55655,42.93967],[-7.55525,42.93955],[-7.55476,42.93919],[-7.55278,42.93993],[-7.55145,42.94003],[-7.55039,42.93938],[-7.54918,42.93983],[-7.54878,42.93971],[-7.54744,42.9404],[-7.54772,42.94188],[-7.54894,42.94297],[-7.55029,42.94353],[-7.55038,42.94468],[-7.55212,42.94587],[-7.55615,42.94552],[-7.55858,42.94674],[-7.56043,42.94712],[-7.56234,42.94824],[-7.56488,42.94837],[-7.56668,42.94812],[-7.56751,42.94848],[-7.56768,42.94895],[-7.5702,42.94931],[-7.57209,42.94919],[-7.57226,42.94864],[-7.57399,42.94829],[-7.58061,42.94866],[-7.58207,42.94946],[-7.58543,42.94914],[-7.58675,42.94816],[-7.5908,42.9476],[-7.59258,42.94668],[-7.5915,42.9439],[-7.59045,42.94013],[-7.58967,42.93625],[-7.58984,42.93539],[-7.59253,42.93126],[-7.5934,42.9294],[-7.59446,42.92936],[-7.59655,42.92792],[-7.59908,42.9275],[-7.5982,42.91799],[-7.60013,42.91249],[-7.60739,42.91359],[-7.61337,42.91331],[-7.61535,42.91387]]]}},{"type":"Feature","properties":{"COD_POSTAL":"27543"},"geometry":{"type":"Polygon","coordinates":[[[-7.63982,42.68331],[-7.64769,42.6824],[-7.6499,42.68285],[-7.65233,42.68427],[-7.65426,42.68635],[-7.65668,42.68795],[-7.65913,42.68864],[-7.6616,42.68765],[-7.66373,42.68803],[-7.66558,42.69018],[-7.66554,42.69174],[-7.66458,42.6944],[-7.66564,42.69811],[-7.66713,42.70027],[-7.66936,42.70205],[-7.67449,42.7042],[-7.67426,42.70294],[-7.67449,42.70236],[-7.67587,42.70109],[-7.6779,42.70069],[-7.67973,42.70142],[-7.68085,42.70125],[-7.68162,42.70046],[-7.68112,42.6957],[-7.67806,42.69353],[-7.67579,42.69112],[-7.67198,42.6891],[-7.67219,42.68341],[-7.67513,42.67243],[-7.67947,42.66927],[-7.68274,42.6654],[-7.68671,42.6634],[-7.69112,42.66185],[-7.69174,42.65919],[-7.68804,42.65709],[-7.68385,42.65605],[-7.68065,42.6542],[-7.67747,42.65471],[-7.67693,42.6535],[-7.66084,42.65427],[-7.65191,42.65306],[-7.65159,42.65499],[-7.64838,42.65901],[-7.64902,42.66072],[-7.64789,42.66132],[-7.6459,42.66325],[-7.6441,42.66646],[-7.63481,42.66791],[-7.63103,42.669],[-7.62906,42.67046],[-7.63028,42.67478],[-7.6292,42.67818],[-7.63158,42.68122],[-7.63179,42.68123],[-7.63394,42.68537],[-7.63982,42.68331]]]}},{"type":"Feature","properties":{"COD_POSTAL":"27430"},"geometry":{"type":"Polygon","coordinates":[[[-7.61005,42.50691],[-7.61145,42.50784],[-7.61633,42.50923],[-7.61624,42.51322],[-7.61915,42.5178],[-7.61881,42.51943],[-7.60924,42.52728],[-7.61119,42.5294],[-7.61391,42.52895],[-7.6204,42.52728],[-7.6238,42.52614],[-7.62448,42.52562],[-7.634,42.51302],[-7.64116,42.50464],[-7.64157,42.50239],[-7.64116,42.50094],[-7.64,42.50037],[-7.63173,42.50232],[-7.62049,42.50339],[-7.6185,42.50229],[-7.61711,42.50254],[-7.61708,42.50183],[-7.61292,42.49987],[-7.61288,42.49833],[-7.61475,42.49509],[-7.615,42.49237],[-7.61557,42.49202],[-7.61342,42.49005],[-7.60843,42.48823],[-7.60441,42.48528],[-7.60202,42.4884],[-7.60135,42.49],[-7.60121,42.49884],[-7.60644,42.50238],[-7.60777,42.50452],[-7.61005,42.50691]]]}},{"type":"Feature","properties":{"COD_POSTAL":"27577"},"geometry":{"type":"Polygon","coordinates":[[[-7.95491,42.83317],[-7.95503,42.83372],[-7.95614,42.83447],[-7.95646,42.83508],[-7.95488,42.83669],[-7.95526,42.83701],[-7.95647,42.83711],[-7.95709,42.83756],[-7.95716,42.83789],[-7.95701,42.83868],[-7.95641,42.83975],[-7.95793,42.83894],[-7.96265,42.83546],[-7.97083,42.828],[-7.9734,42.82299],[-7.97368,42.82313],[-7.97504,42.8207],[-7.97558,42.81724],[-7.98053,42.81171],[-7.98193,42.80636],[-7.98096,42.80408],[-7.98083,42.79985],[-7.98146,42.79706],[-7.98092,42.79438],[-7.98203,42.79038],[-7.98198,42.78797],[-7.97939,42.78252],[-7.97859,42.77897],[-7.96768,42.77155],[-7.95029,42.77821],[-7.94497,42.78146],[-7.9417,42.78412],[-7.93989,42.78621],[-7.93829,42.78596],[-7.93484,42.78767],[-7.92987,42.78755],[-7.92352,42.78901],[-7.9137,42.79206],[-7.91332,42.7926],[-7.91335,42.79314],[-7.91383,42.79402],[-7.91352,42.79459],[-7.9128,42.7944],[-7.91104,42.79489],[-7.91067,42.79593],[-7.91311,42.79751],[-7.91443,42.79768],[-7.91475,42.79843],[-7.91468,42.79997],[-7.9133,42.80153],[-7.91138,42.80268],[-7.9129,42.80469],[-7.91286,42.80575],[-7.91439,42.80898],[-7.91482,42.81116],[-7.91351,42.81221],[-7.91323,42.81376],[-7.91256,42.81424],[-7.91244,42.81488],[-7.91353,42.81505],[-7.91361,42.81561],[-7.91407,42.81588],[-7.91392,42.81725],[-7.91431,42.81832],[-7.9142,42.82003],[-7.91693,42.81942],[-7.91796,42.81941],[-7.92023,42.82073],[-7.92168,42.82068],[-7.92299,42.82229],[-7.92518,42.82295],[-7.92569,42.82295],[-7.92617,42.82253],[-7.92527,42.82132],[-7.92545,42.82062],[-7.92604,42.8204],[-7.92718,42.82056],[-7.93026,42.82035],[-7.93189,42.82144],[-7.93229,42.82199],[-7.93137,42.82295],[-7.93142,42.8249],[-7.93178,42.8254],[-7.93344,42.82493],[-7.93596,42.82526],[-7.93618,42.82553],[-7.93532,42.8264],[-7.9353,42.82671],[-7.9359,42.82693],[-7.93936,42.82622],[-7.94278,42.82719],[-7.94517,42.82709],[-7.94631,42.8273],[-7.94689,42.828],[-7.94645,42.82917],[-7.94698,42.82989],[-7.94887,42.82854],[-7.94939,42.82846],[-7.95017,42.8287],[-7.95049,42.82981],[-7.95142,42.83037],[-7.95555,42.83016],[-7.95598,42.83038],[-7.95609,42.83094],[-7.95529,42.83194],[-7.95489,42.83289],[-7.95491,42.83317]]]}},{"type":"Feature","properties":{"COD_POSTAL":"27134"},"geometry":{"type":"Polygon","coordinates":[[[-7.09167,43.03775],[-7.09136,43.03787],[-7.09045,43.03934],[-7.09007,43.04094],[-7.0892,43.04283],[-7.09417,43.04241],[-7.09329,43.04147],[-7.0962,43.04175],[-7.09575,43.04262],[-7.09794,43.04274],[-7.09789,43.04148],[-7.09958,43.04146],[-7.10054,43.04202],[-7.10341,43.04183],[-7.10524,43.04089],[-7.10674,43.04086],[-7.10751,43.04141],[-7.10879,43.04092],[-7.11102,43.04276],[-7.11165,43.04213],[-7.11435,43.04358],[-7.11563,43.04498],[-7.11396,43.04538],[-7.11459,43.04676],[-7.11465,43.0496],[-7.11556,43.05149],[-7.11792,43.05406],[-7.12351,43.05465],[-7.12837,43.05813],[-7.13234,43.06523],[-7.13572,43.06419],[-7.13964,43.06357],[-7.14255,43.06394],[-7.149,43.06361],[-7.15204,43.06295],[-7.14923,43.06007],[-7.15217,43.05651],[-7.15521,43.05646],[-7.15676,43.05561],[-7.15753,43.05556],[-7.15885,43.05603],[-7.16378,43.05679],[-7.17117,43.05262],[-7.17337,43.0505],[-7.17366,43.04927],[-7.17037,43.04482],[-7.1729,43.04302],[-7.17518,43.03901],[-7.17413,43.03622],[-7.17122,43.0336],[-7.16972,43.03127],[-7.16929,43.02855],[-7.16923,43.026],[-7.16987,43.02243],[-7.16819,43.02025],[-7.17054,43.01477],[-7.16414,43.00652],[-7.1604,42.9974],[-7.15493,42.9996],[-7.15342,42.99988],[-7.15227,43.00044],[-7.14414,43.00293],[-7.13923,43.00303],[-7.13672,43.00177],[-7.13119,43.00013],[-7.12641,42.99827],[-7.12054,42.99656],[-7.1135,42.99494],[-7.11083,42.99403],[-7.10778,42.99353],[-7.10482,42.99239],[-7.1002,42.99151],[-7.09655,42.99128],[-7.09385,42.99],[-7.09154,42.98808],[-7.07941,42.99834],[-7.07886,42.99929],[-7.07872,43.0004],[-7.08113,43.00299],[-7.08186,43.00494],[-7.08911,43.01183],[-7.09221,43.0175],[-7.09291,43.0211],[-7.09238,43.02516],[-7.09049,43.02898],[-7.09021,43.03291],[-7.09041,43.03517],[-7.09006,43.03552],[-7.09167,43.03775]]]}},{"type":"Feature","properties":{"COD_POSTAL":"27140"},"geometry":{"type":"MultiPolygon","coordinates":[[[[-7.49446478828496,42.9693458857527],[-7.49454725542467,42.9693701997886],[-7.49447727127413,42.9693298315161],[-7.49446478828496,42.9693458857527]]],[[[-7.52495,43.01463],[-7.52587,43.01604],[-7.53014,43.01595],[-7.541,43.01294],[-7.54634,43.01079],[-7.54676,43.00919],[-7.54683,43.00661],[-7.54614,43.00496],[-7.54547,43.00399],[-7.54338,43.00288],[-7.54018,43.00405],[-7.53809,43.00351],[-7.53305,42.9989],[-7.52031,42.99269],[-7.51479,42.99113],[-7.50884,42.99144],[-7.50372,42.98818],[-7.50172,42.98565],[-7.50105,42.98245],[-7.50172,42.97846],[-7.50147,42.97637],[-7.50026,42.97376],[-7.49838,42.97158],[-7.49455,42.96937],[-7.4941,42.97151],[-7.49307,42.9724],[-7.49172,42.97295],[-7.49139,42.97523],[-7.48659,42.97512],[-7.48355,42.97421],[-7.47927,42.97452],[-7.47785,42.97433],[-7.47653,42.97338],[-7.47596,42.97392],[-7.47824,42.97566],[-7.47844,42.97605],[-7.47734,42.97764],[-7.47638,42.97816],[-7.47594,42.97984],[-7.47834,42.98372],[-7.47928,42.984],[-7.47971,42.98558],[-7.47926,42.98582],[-7.47893,42.98794],[-7.47092,42.98859],[-7.47134,42.98982],[-7.47015,42.99008],[-7.46969,42.99053],[-7.47003,42.99181],[-7.46964,42.99308],[-7.47002,42.99409],[-7.46964,42.99481],[-7.46902,42.99503],[-7.46816,42.99484],[-7.46758,42.99511],[-7.46704,42.99578],[-7.46689,42.99711],[-7.46648,42.99759],[-7.46346,42.99754],[-7.46269,43.00012],[-7.46312,43.00177],[-7.46261,43.00455],[-7.46402,43.00478],[-7.46893,43.00627],[-7.47542,43.0061],[-7.48019,43.00547],[-7.47984,43.00757],[-7.47875,43.00959],[-7.47968,43.01105],[-7.48152,43.01065],[-7.48509,43.01127],[-7.49411,43.01168],[-7.50171,43.01238],[-7.5109,43.01496],[-7.51653,43.01355],[-7.52158,43.01334],[-7.52495,43.01463]]]]}},{"type":"Feature","properties":{"COD_POSTAL":"27619"},"geometry":{"type":"MultiPolygon","coordinates":[[[[-7.44386,42.78065],[-7.44304,42.78027],[-7.44237,42.77833],[-7.44319,42.77719],[-7.4431,42.77649],[-7.44212,42.77622],[-7.44149,42.77554],[-7.44119,42.77477],[-7.43852,42.77441],[-7.43814,42.77406],[-7.43494,42.77307],[-7.43159,42.77281],[-7.43005,42.77235],[-7.43234,42.77029],[-7.43316,42.76911],[-7.43359,42.76909],[-7.43393,42.76855],[-7.43433,42.76629],[-7.4356,42.76509],[-7.43125,42.76147],[-7.42989,42.761],[-7.42246,42.76244],[-7.42165,42.76316],[-7.41928,42.7638],[-7.41762,42.76387],[-7.41501,42.76313],[-7.41177,42.76475],[-7.4089,42.76491],[-7.4083,42.76726],[-7.40649,42.76805],[-7.40804,42.77169],[-7.40864,42.77261],[-7.4104,42.77163],[-7.41121,42.77157],[-7.41322,42.77188],[-7.41479,42.77172],[-7.41446,42.77237],[-7.41463,42.77276],[-7.41548,42.77294],[-7.41635,42.77283],[-7.41641,42.77253],[-7.41774,42.77203],[-7.41834,42.77243],[-7.41857,42.77341],[-7.42135,42.77446],[-7.42181,42.77639],[-7.42261,42.77675],[-7.42325,42.77799],[-7.42402,42.77828],[-7.42353,42.77901],[-7.42319,42.78046],[-7.42267,42.78086],[-7.42098,42.78131],[-7.42203,42.78425],[-7.42256,42.78396],[-7.4241,42.78423],[-7.42562,42.78533],[-7.42588,42.78616],[-7.42722,42.78685],[-7.42776,42.78677],[-7.42926,42.78822],[-7.42988,42.78829],[-7.42922,42.78874],[-7.42905,42.79088],[-7.42863,42.79155],[-7.42689,42.79222],[-7.42619,42.79299],[-7.42634,42.79717],[-7.42479,42.79994],[-7.42448,42.80127],[-7.4234,42.80179],[-7.42183,42.80174],[-7.42098,42.80307],[-7.42074,42.80422],[-7.42115,42.80555],[-7.42079,42.80659],[-7.42326,42.80755],[-7.42676,42.8077],[-7.42881,42.80833],[-7.42979,42.81028],[-7.43043,42.81095],[-7.43094,42.81115],[-7.43259,42.81104],[-7.43389,42.81173],[-7.43508,42.81337],[-7.43516,42.81412],[-7.43749,42.81407],[-7.44037,42.81436],[-7.4422,42.81399],[-7.44407,42.81285],[-7.44547,42.81165],[-7.44471,42.80999],[-7.44522,42.80722],[-7.44692,42.80549],[-7.44788,42.80501],[-7.44809,42.80299],[-7.44848,42.8023],[-7.44889,42.80017],[-7.44935,42.79932],[-7.45358,42.79667],[-7.45393,42.79667],[-7.45516,42.79549],[-7.45502,42.7946],[-7.45317,42.79313],[-7.45209,42.79294],[-7.45157,42.79315],[-7.4501,42.79254],[-7.45118,42.79181],[-7.4509,42.79004],[-7.4502,42.78953],[-7.45019,42.78872],[-7.45109,42.78643],[-7.44896,42.78529],[-7.44872,42.78339],[-7.44611,42.78224],[-7.44587,42.78117],[-7.44466,42.78053],[-7.44438,42.7807],[-7.44386,42.78065]]],[[[-7.40682,42.78282],[-7.40099,42.77568],[-7.39709,42.77307],[-7.39516,42.77269],[-7.39252,42.77153],[-7.38711,42.77193],[-7.38071,42.7701],[-7.37849,42.77015],[-7.37587,42.77074],[-7.37404,42.77195],[-7.37281,42.77196],[-7.37006,42.77064],[-7.36652,42.77018],[-7.36384,42.76859],[-7.36286,42.76437],[-7.35966,42.7621],[-7.35697,42.76131],[-7.35109,42.7669],[-7.34767,42.76813],[-7.34624,42.76679],[-7.33818,42.76939],[-7.32906,42.77343],[-7.3281,42.77733],[-7.32827,42.78437],[-7.3275,42.79207],[-7.33325,42.7894],[-7.33634,42.78927],[-7.34182,42.79238],[-7.34444,42.79568],[-7.34792,42.79604],[-7.35277,42.79558],[-7.35348,42.795],[-7.35459,42.79211],[-7.3567,42.78984],[-7.35767,42.78754],[-7.36086,42.78466],[-7.36254,42.78368],[-7.36716,42.78355],[-7.37111,42.78409],[-7.3759,42.78369],[-7.3769,42.78621],[-7.37744,42.78858],[-7.37739,42.79012],[-7.38157,42.79031],[-7.38359,42.79079],[-7.38633,42.79202],[-7.38955,42.79193],[-7.3918,42.79276],[-7.39233,42.79372],[-7.39315,42.79394],[-7.39381,42.79507],[-7.39756,42.79627],[-7.39855,42.79706],[-7.39998,42.79763],[-7.40121,42.79696],[-7.40218,42.79749],[-7.40199,42.79787],[-7.40265,42.79834],[-7.40561,42.79549],[-7.40622,42.79466],[-7.40651,42.79374],[-7.40827,42.7919],[-7.4093,42.79151],[-7.40951,42.79042],[-7.40988,42.79005],[-7.40933,42.78959],[-7.41032,42.78878],[-7.40895,42.78844],[-7.40848,42.7881],[-7.40863,42.7874],[-7.40828,42.78689],[-7.40727,42.78629],[-7.40694,42.78556],[-7.40649,42.78529],[-7.40591,42.78441],[-7.40621,42.78333],[-7.40682,42.78282]]],[[[-7.43631,42.75294],[-7.43474,42.75332],[-7.43392,42.75506],[-7.4342,42.75576],[-7.43754,42.75913],[-7.43884,42.7598],[-7.44013,42.7591],[-7.44495,42.75793],[-7.44671,42.75598],[-7.44697,42.75538],[-7.44682,42.75433],[-7.44959,42.75325],[-7.45035,42.7535],[-7.45212,42.75499],[-7.45282,42.75596],[-7.45434,42.75676],[-7.45612,42.75599],[-7.45714,42.75646],[-7.45822,42.75746],[-7.45932,42.7576],[-7.46048,42.75706],[-7.46756,42.75525],[-7.47465,42.75036],[-7.47607,42.74999],[-7.47803,42.75081],[-7.47931,42.75217],[-7.47951,42.75314],[-7.48237,42.75439],[-7.48585,42.75454],[-7.48921,42.75408],[-7.49077,42.75313],[-7.49136,42.75201],[-7.49116,42.75072],[-7.49046,42.74895],[-7.49018,42.74549],[-7.4881,42.74201],[-7.48699,42.74128],[-7.48275,42.73971],[-7.482,42.73924],[-7.4783,42.73249],[-7.47827,42.73119],[-7.47763,42.72946],[-7.47707,42.72865],[-7.47712,42.72659],[-7.47476,42.72546],[-7.47321,42.72536],[-7.4718,42.72408],[-7.47038,42.72466],[-7.47028,42.72449],[-7.46921,42.7258],[-7.46913,42.72665],[-7.46834,42.72694],[-7.46828,42.72749],[-7.46739,42.72835],[-7.46626,42.72836],[-7.46522,42.72749],[-7.46431,42.72749],[-7.4641,42.72796],[-7.46248,42.72853],[-7.45912,42.72854],[-7.45777,42.72878],[-7.45716,42.72937],[-7.45615,42.73158],[-7.45649,42.73272],[-7.4576,42.73322],[-7.45829,42.73385],[-7.45818,42.73498],[-7.45722,42.73753],[-7.45748,42.73865],[-7.45724,42.74041],[-7.45628,42.74144],[-7.45318,42.74253],[-7.45149,42.74341],[-7.44826,42.74631],[-7.44552,42.7474],[-7.44316,42.74935],[-7.44231,42.74951],[-7.43931,42.74777],[-7.43856,42.74846],[-7.43885,42.74867],[-7.43899,42.74981],[-7.43758,42.75218],[-7.43631,42.75294]]]]}},{"type":"Feature","properties":{"COD_POSTAL":"27246"},"geometry":{"type":"Polygon","coordinates":[[[-7.31486,43.2481],[-7.31207,43.24955],[-7.31064,43.24985],[-7.31003,43.25234],[-7.31154,43.25459],[-7.31392,43.25299],[-7.3145,43.25198],[-7.31673,43.25218],[-7.32052,43.25329],[-7.3191,43.25454],[-7.31864,43.25542],[-7.3193,43.25671],[-7.32059,43.25774],[-7.32177,43.25961],[-7.3228,43.2595],[-7.32944,43.26007],[-7.32864,43.26266],[-7.32851,43.2651],[-7.32954,43.26669],[-7.32647,43.2688],[-7.32301,43.27026],[-7.31951,43.27208],[-7.31666,43.27299],[-7.31843,43.27469],[-7.32228,43.27653],[-7.32745,43.28477],[-7.32826,43.28656],[-7.33111,43.29005],[-7.33085,43.29206],[-7.33156,43.29374],[-7.33093,43.29634],[-7.33117,43.29847],[-7.33243,43.29739],[-7.33511,43.29382],[-7.34083,43.28965],[-7.34506,43.28868],[-7.35073,43.28695],[-7.35322,43.28696],[-7.35663,43.28925],[-7.36013,43.28881],[-7.3615,43.28802],[-7.36266,43.28478],[-7.36337,43.28015],[-7.36314,43.27921],[-7.35905,43.2714],[-7.35919,43.27112],[-7.36314,43.26956],[-7.37139,43.26653],[-7.36896,43.26133],[-7.36804,43.26063],[-7.36748,43.25975],[-7.36661,43.2593],[-7.36738,43.25811],[-7.36661,43.25733],[-7.36585,43.25429],[-7.36595,43.25348],[-7.36701,43.25195],[-7.36641,43.25052],[-7.37061,43.24792],[-7.37277,43.24543],[-7.37394,43.24466],[-7.37697,43.24361],[-7.3766,43.24222],[-7.37817,43.24094],[-7.37987,43.23781],[-7.37938,43.23714],[-7.37826,43.23721],[-7.37603,43.23629],[-7.37587,43.23565],[-7.3746,43.23386],[-7.37281,43.23191],[-7.3711,43.23219],[-7.36916,43.23165],[-7.36631,43.23155],[-7.3655,43.23106],[-7.36396,43.23067],[-7.36365,43.23042],[-7.36349,43.22955],[-7.36119,43.22896],[-7.35886,43.22532],[-7.35642,43.22228],[-7.35267,43.21856],[-7.3489,43.21428],[-7.34762,43.21328],[-7.34684,43.21183],[-7.34203,43.21198],[-7.33351,43.21172],[-7.32879,43.21268],[-7.32376,43.21309],[-7.32184,43.2128],[-7.31878,43.21288],[-7.31552,43.21225],[-7.31477,43.21198],[-7.31358,43.21111],[-7.3111,43.21038],[-7.31067,43.20995],[-7.30969,43.20679],[-7.30914,43.20558],[-7.30817,43.20427],[-7.30542,43.20581],[-7.30306,43.20919],[-7.30326,43.21109],[-7.30429,43.21187],[-7.30752,43.21242],[-7.30757,43.21272],[-7.3072,43.21304],[-7.30605,43.21339],[-7.30566,43.21395],[-7.30656,43.21463],[-7.30731,43.21677],[-7.30624,43.21722],[-7.30541,43.21668],[-7.3048,43.21658],[-7.30386,43.21694],[-7.30279,43.21897],[-7.30126,43.22084],[-7.30047,43.2227],[-7.29894,43.22412],[-7.29878,43.2247],[-7.29911,43.2288],[-7.29985,43.23178],[-7.29999,43.23353],[-7.30034,43.23458],[-7.30223,43.23388],[-7.30635,43.23291],[-7.30904,43.23271],[-7.31015,43.2329],[-7.31354,43.23684],[-7.31508,43.23701],[-7.31781,43.23662],[-7.32136,43.23478],[-7.32433,43.2338],[-7.32642,43.23685],[-7.32784,43.23988],[-7.32793,43.24317],[-7.32705,43.24342],[-7.32327,43.23925],[-7.32128,43.24003],[-7.32116,43.24079],[-7.32143,43.24167],[-7.32092,43.24186],[-7.3204,43.24159],[-7.31984,43.24242],[-7.32119,43.24262],[-7.32123,43.2449],[-7.3181,43.2467],[-7.31486,43.2481]]]}},{"type":"Feature","properties":{"COD_POSTAL":"27362"},"geometry":{"type":"Polygon","coordinates":[[[-7.53164,42.87573],[-7.53289,42.87611],[-7.53617,42.87603],[-7.53723,42.87444],[-7.538,42.87396],[-7.54258,42.87429],[-7.54695,42.87543],[-7.5519,42.87494],[-7.55335,42.87417],[-7.55437,42.8724],[-7.55555,42.86582],[-7.55686,42.86349],[-7.55812,42.86295],[-7.56239,42.8628],[-7.56393,42.86202],[-7.566,42.8621],[-7.56815,42.86165],[-7.57227,42.8604],[-7.57549,42.85807],[-7.57597,42.85704],[-7.57587,42.8549],[-7.57452,42.85173],[-7.57386,42.84946],[-7.57327,42.84376],[-7.57287,42.84307],[-7.57189,42.8423],[-7.56935,42.84099],[-7.56767,42.84047],[-7.56473,42.84028],[-7.56388,42.83988],[-7.56349,42.83908],[-7.56336,42.83616],[-7.56429,42.83344],[-7.55918,42.83226],[-7.54837,42.83164],[-7.54296,42.83594],[-7.53624,42.83906],[-7.53581,42.84061],[-7.53487,42.84205],[-7.53374,42.84232],[-7.53248,42.84237],[-7.53011,42.84146],[-7.52711,42.83969],[-7.52384,42.8386],[-7.52125,42.838],[-7.51683,42.83743],[-7.51588,42.83877],[-7.50929,42.84426],[-7.50848,42.84592],[-7.51012,42.84734],[-7.51213,42.85056],[-7.51135,42.85592],[-7.5152,42.85533],[-7.51985,42.85421],[-7.53315,42.84974],[-7.53721,42.84882],[-7.53629,42.85323],[-7.53647,42.85488],[-7.5379,42.85634],[-7.54074,42.8575],[-7.53737,42.86145],[-7.53518,42.8636],[-7.52573,42.87046],[-7.52835,42.87311],[-7.53115,42.87542],[-7.53164,42.87573]]]}},{"type":"Feature","properties":{"COD_POSTAL":"27715"},"geometry":{"type":"MultiPolygon","coordinates":[[[[-7.09632,43.55737],[-7.09759,43.55745],[-7.09737,43.557],[-7.09678,43.55716],[-7.09632,43.55737]]],[[[-7.11446,43.56211],[-7.11486,43.56217],[-7.11484,43.56187],[-7.11545,43.5619],[-7.1157,43.5614],[-7.11631,43.56114],[-7.1159,43.56058],[-7.11631,43.56041],[-7.11761,43.56076],[-7.11841,43.56001],[-7.11822,43.55917],[-7.11739,43.55875],[-7.11759,43.5585],[-7.11643,43.5574],[-7.11804,43.5576],[-7.11855,43.55716],[-7.11888,43.5551],[-7.11646,43.55342],[-7.11635,43.5531],[-7.11548,43.55309],[-7.11361,43.55377],[-7.11191,43.55379],[-7.11074,43.55356],[-7.11006,43.5518],[-7.10012,43.55138],[-7.09979,43.55246],[-7.09968,43.55492],[-7.0988,43.55576],[-7.09733,43.55604],[-7.09736,43.55689],[-7.09747,43.55674],[-7.09868,43.55726],[-7.10025,43.55862],[-7.10182,43.5586],[-7.10254,43.55902],[-7.10297,43.55885],[-7.10292,43.55866],[-7.10154,43.55759],[-7.10337,43.55808],[-7.1046,43.55752],[-7.10431,43.55833],[-7.10447,43.55855],[-7.10582,43.55906],[-7.10492,43.55922],[-7.10611,43.55981],[-7.10669,43.56055],[-7.10977,43.56135],[-7.11013,43.56164],[-7.11073,43.5614],[-7.11068,43.56065],[-7.11119,43.56095],[-7.112,43.56088],[-7.11379,43.56189],[-7.11422,43.56171],[-7.11442,43.56186],[-7.11446,43.56211]]]]}},{"type":"Feature","properties":{"COD_POSTAL":"27648"},"geometry":{"type":"Polygon","coordinates":[[[-7.15398,42.90356],[-7.16123,42.90804],[-7.17211,42.89863],[-7.17397,42.89962],[-7.17572,42.89753],[-7.17681,42.89684],[-7.18134,42.89542],[-7.18385,42.89381],[-7.18497,42.8936],[-7.18932,42.89394],[-7.19281,42.89339],[-7.19494,42.89256],[-7.19859,42.88961],[-7.20056,42.88906],[-7.20067,42.88879],[-7.19992,42.88756],[-7.19885,42.88668],[-7.19609,42.88507],[-7.19559,42.88451],[-7.19517,42.88356],[-7.19521,42.88152],[-7.19451,42.87939],[-7.19287,42.87704],[-7.18603,42.87826],[-7.17955,42.87843],[-7.17827,42.87821],[-7.17685,42.87755],[-7.17493,42.87608],[-7.17235,42.87538],[-7.16943,42.87573],[-7.16764,42.87649],[-7.16777,42.87583],[-7.16748,42.87473],[-7.16564,42.87241],[-7.16549,42.87156],[-7.16607,42.87058],[-7.16904,42.86866],[-7.17278,42.8669],[-7.17356,42.86609],[-7.17392,42.86529],[-7.17481,42.86447],[-7.1785,42.86196],[-7.18543,42.8593],[-7.18581,42.85868],[-7.18526,42.85598],[-7.18457,42.85423],[-7.1822,42.85294],[-7.18045,42.85249],[-7.17465,42.85274],[-7.16944,42.85507],[-7.1687,42.85608],[-7.16651,42.85812],[-7.16366,42.85915],[-7.1609,42.8598],[-7.15524,42.86036],[-7.15572,42.86722],[-7.15774,42.86789],[-7.15877,42.86977],[-7.15718,42.87374],[-7.15732,42.87556],[-7.16139,42.88028],[-7.15871,42.88218],[-7.15841,42.88214],[-7.15337,42.88795],[-7.15363,42.88871],[-7.15237,42.90154],[-7.15331,42.90276],[-7.15398,42.90356]]]}},{"type":"Feature","properties":{"COD_POSTAL":"27110"},"geometry":{"type":"Polygon","coordinates":[[[-7.11175,43.25816],[-7.11277,43.2582],[-7.11505,43.25938],[-7.11607,43.26025],[-7.1174,43.26094],[-7.11773,43.26169],[-7.11963,43.26291],[-7.12037,43.26294],[-7.12071,43.2633],[-7.12095,43.26559],[-7.12153,43.26506],[-7.1229,43.26515],[-7.12548,43.26686],[-7.12681,43.26709],[-7.12865,43.26898],[-7.12918,43.26382],[-7.1294,43.26269],[-7.13012,43.26102],[-7.13613,43.25563],[-7.13696,43.25649],[-7.13757,43.25787],[-7.14098,43.26049],[-7.14348,43.26073],[-7.14522,43.26151],[-7.14565,43.26274],[-7.14546,43.2636],[-7.15171,43.26484],[-7.15296,43.26429],[-7.15686,43.26384],[-7.15999,43.26472],[-7.16031,43.26141],[-7.16177,43.26037],[-7.16312,43.26006],[-7.16474,43.25821],[-7.16468,43.25712],[-7.16493,43.25662],[-7.16681,43.25468],[-7.1666,43.25363],[-7.16524,43.2527],[-7.16393,43.25121],[-7.16536,43.25098],[-7.16603,43.24621],[-7.16696,43.24518],[-7.16834,43.24522],[-7.17012,43.244],[-7.17257,43.24322],[-7.17075,43.24096],[-7.17216,43.23911],[-7.17379,43.23793],[-7.1731,43.23706],[-7.17117,43.23543],[-7.16955,43.22883],[-7.16764,43.22639],[-7.16698,43.22515],[-7.16632,43.22354],[-7.16509,43.21852],[-7.1617,43.20963],[-7.15749,43.20094],[-7.15594,43.19838],[-7.15523,43.19762],[-7.15227,43.19622],[-7.15138,43.19463],[-7.15066,43.19236],[-7.14893,43.18983],[-7.14796,43.19016],[-7.14249,43.19423],[-7.14085,43.19442],[-7.1383,43.1974],[-7.13591,43.19776],[-7.13255,43.19957],[-7.13313,43.20051],[-7.13205,43.20044],[-7.13209,43.20152],[-7.13112,43.20214],[-7.13008,43.20236],[-7.12925,43.20296],[-7.12721,43.20312],[-7.12675,43.20725],[-7.12722,43.20944],[-7.12537,43.20989],[-7.12281,43.20983],[-7.12208,43.21167],[-7.1232,43.21272],[-7.12199,43.21421],[-7.11893,43.2144],[-7.11574,43.2159],[-7.11414,43.21884],[-7.11069,43.22397],[-7.11048,43.22596],[-7.1096,43.22789],[-7.10871,43.23267],[-7.10874,43.23801],[-7.10876,43.23981],[-7.11057,43.24223],[-7.11081,43.24292],[-7.11043,43.24387],[-7.11022,43.2456],[-7.11104,43.24696],[-7.1108,43.24877],[-7.11167,43.25126],[-7.11175,43.25258],[-7.11085,43.25428],[-7.11175,43.25816]]]}},{"type":"Feature","properties":{"COD_POSTAL":"27699"},"geometry":{"type":"Polygon","coordinates":[[[-7.2557,42.84153],[-7.26002,42.84208],[-7.25698,42.83574],[-7.24956,42.82594],[-7.24801,42.82303],[-7.23512,42.8126],[-7.23071,42.80999],[-7.22055,42.82217],[-7.21938,42.82582],[-7.22126,42.83055],[-7.22248,42.83296],[-7.22615,42.83816],[-7.23014,42.83871],[-7.2325,42.83818],[-7.24837,42.84047],[-7.2557,42.84153]]]}},{"type":"Feature","properties":{"COD_POSTAL":"27785"},"geometry":{"type":"Polygon","coordinates":[[[-7.32793,43.58648],[-7.3314,43.58972],[-7.34208,43.59403],[-7.34209,43.59423],[-7.34488,43.59411],[-7.35631,43.58883],[-7.35887,43.58703],[-7.35947,43.58574],[-7.35731,43.58385],[-7.35434,43.57911],[-7.35179,43.57138],[-7.35163,43.57001],[-7.3526,43.56707],[-7.35435,43.56407],[-7.35975,43.55936],[-7.3621,43.5562],[-7.36488,43.55405],[-7.37523,43.55034],[-7.37182,43.54913],[-7.36765,43.5465],[-7.36476,43.54493],[-7.36367,43.54462],[-7.35653,43.53717],[-7.35611,43.5361],[-7.34882,43.52683],[-7.3477,43.52636],[-7.3453,43.52558],[-7.34203,43.52972],[-7.3416,43.52952],[-7.33581,43.53242],[-7.33302,43.53492],[-7.33073,43.53623],[-7.32865,43.53645],[-7.32676,43.53833],[-7.32498,43.54185],[-7.32505,43.54374],[-7.32634,43.54519],[-7.32942,43.55332],[-7.33395,43.55816],[-7.33464,43.56332],[-7.33339,43.56505],[-7.33243,43.56715],[-7.33197,43.56954],[-7.33159,43.57422],[-7.33079,43.57502],[-7.33061,43.57766],[-7.33064,43.5794],[-7.33326,43.58343],[-7.33278,43.58433],[-7.33204,43.58411],[-7.33071,43.58312],[-7.32929,43.58294],[-7.32742,43.5837],[-7.32575,43.58338],[-7.32681,43.58489],[-7.32793,43.58648]]]}},{"type":"Feature","properties":{"COD_POSTAL":"27576"},"geometry":{"type":"Polygon","coordinates":[[[-7.91263,42.78845],[-7.9137,42.79206],[-7.92352,42.78901],[-7.92987,42.78755],[-7.93484,42.78767],[-7.93829,42.78596],[-7.93989,42.78621],[-7.9417,42.78412],[-7.94497,42.78146],[-7.95029,42.77821],[-7.96768,42.77155],[-7.9654,42.76934],[-7.96128,42.76377],[-7.95892,42.76202],[-7.95608,42.75777],[-7.95245,42.75391],[-7.95149,42.75354],[-7.94824,42.75324],[-7.94277,42.74953],[-7.93945,42.74651],[-7.93655,42.75114],[-7.9322,42.75631],[-7.92679,42.75746],[-7.92551,42.75798],[-7.92517,42.75929],[-7.92595,42.76392],[-7.92808,42.76844],[-7.92983,42.77057],[-7.92556,42.77152],[-7.92306,42.77171],[-7.91824,42.77252],[-7.91487,42.77371],[-7.91038,42.78025],[-7.91166,42.7814],[-7.91138,42.78266],[-7.90968,42.7849],[-7.91094,42.78687],[-7.91223,42.78806],[-7.91263,42.78845]]]}},{"type":"Feature","properties":{"COD_POSTAL":"27792"},"geometry":{"type":"Polygon","coordinates":[[[-7.17688,43.56223],[-7.17622,43.56324],[-7.1763,43.56363],[-7.1772,43.56377],[-7.17811,43.56317],[-7.1784,43.56243],[-7.17875,43.56223],[-7.1802,43.56169],[-7.18114,43.56187],[-7.18121,43.56112],[-7.18221,43.56124],[-7.18264,43.56062],[-7.18289,43.56063],[-7.18378,43.56125],[-7.18452,43.56129],[-7.18404,43.56234],[-7.18412,43.56267],[-7.18525,43.56308],[-7.18587,43.56208],[-7.188,43.56177],[-7.18889,43.56098],[-7.19029,43.56098],[-7.19089,43.5606],[-7.1923,43.56056],[-7.19311,43.56117],[-7.19419,43.56141],[-7.19501,43.56104],[-7.19627,43.56151],[-7.19757,43.56121],[-7.19931,43.56176],[-7.20073,43.5616],[-7.20174,43.56194],[-7.2028,43.56175],[-7.20312,43.56108],[-7.20342,43.56104],[-7.20384,43.56175],[-7.20567,43.56262],[-7.20783,43.56269],[-7.20842,43.56302],[-7.21275,43.56276],[-7.21413,43.56356],[-7.2154,43.56354],[-7.21941,43.5582],[-7.22007,43.55607],[-7.22002,43.55522],[-7.22109,43.55427],[-7.22256,43.55397],[-7.22529,43.55468],[-7.22578,43.55232],[-7.22651,43.5506],[-7.22966,43.54616],[-7.22673,43.54506],[-7.22645,43.54147],[-7.23015,43.53928],[-7.23265,43.53494],[-7.23228,43.53223],[-7.22512,43.52773],[-7.22296,43.52548],[-7.21822,43.52526],[-7.21824,43.52878],[-7.21759,43.5318],[-7.2184,43.53418],[-7.21954,43.53571],[-7.22027,43.53764],[-7.21883,43.54099],[-7.21688,43.54172],[-7.21418,43.54365],[-7.21182,43.54354],[-7.205,43.5445],[-7.2035,43.54526],[-7.20188,43.54542],[-7.19766,43.55039],[-7.1923,43.5531],[-7.19112,43.5543],[-7.18917,43.55548],[-7.18762,43.55541],[-7.18148,43.55971],[-7.17636,43.56178],[-7.17683,43.56211],[-7.17688,43.56223]]]}},{"type":"Feature","properties":{"COD_POSTAL":"27231"},"geometry":{"type":"Polygon","coordinates":[[[-7.68182,43.00445],[-7.68447,43.00735],[-7.68926,43.00309],[-7.69382,43.00385],[-7.69701,43.00473],[-7.70338,43.00399],[-7.70811,43.00231],[-7.70851,43.00016],[-7.71165,42.99179],[-7.70305,42.99184],[-7.6997,42.99215],[-7.69404,42.99068],[-7.68709,42.98928],[-7.68036,42.98968],[-7.67945,42.98853],[-7.67791,42.9875],[-7.67598,42.98705],[-7.67544,42.98588],[-7.67448,42.98468],[-7.6719,42.9829],[-7.66905,42.98256],[-7.6672,42.98275],[-7.665,42.9823],[-7.66424,42.9824],[-7.66323,42.98199],[-7.6601,42.98151],[-7.65917,42.98153],[-7.65827,42.98196],[-7.65734,42.98291],[-7.65277,42.98373],[-7.64885,42.98627],[-7.64772,42.98792],[-7.64609,42.98845],[-7.64473,42.9879],[-7.64375,42.98832],[-7.64298,42.98803],[-7.641,42.98794],[-7.63937,42.98856],[-7.6391,42.98948],[-7.63726,42.98884],[-7.63568,42.98792],[-7.63346,42.98768],[-7.63247,42.98916],[-7.63036,42.99057],[-7.62442,42.99192],[-7.62257,42.9904],[-7.61918,42.98937],[-7.6142,42.98886],[-7.6094,42.98917],[-7.60383,42.99068],[-7.60199,42.99047],[-7.59796,42.9889],[-7.59293,42.98875],[-7.59262,42.98964],[-7.59419,42.99387],[-7.59518,42.99521],[-7.59608,42.99999],[-7.59629,43.00252],[-7.59811,43.00304],[-7.59997,43.00315],[-7.60131,43.00286],[-7.60214,43.00205],[-7.60252,43.00094],[-7.60366,43.00081],[-7.60466,42.99985],[-7.60594,42.99966],[-7.6067,42.99996],[-7.60663,43.00107],[-7.60869,43.00085],[-7.61014,43.0],[-7.61212,43.00062],[-7.61437,43.00218],[-7.61663,43.00265],[-7.61789,43.00325],[-7.61849,43.00268],[-7.61997,43.00206],[-7.62148,43.00032],[-7.62378,42.99919],[-7.62691,43.00041],[-7.62737,43.00126],[-7.63309,43.00048],[-7.63801,42.99665],[-7.64441,42.99456],[-7.64678,42.99493],[-7.64839,42.99648],[-7.64937,42.99794],[-7.6504,42.99883],[-7.65201,42.99946],[-7.65542,42.9977],[-7.65897,42.99971],[-7.66211,43.00105],[-7.66667,42.99955],[-7.6677,42.99982],[-7.66932,43.00068],[-7.67042,43.00091],[-7.67248,43.00103],[-7.6749,43.00083],[-7.67524,43.00131],[-7.67589,43.00156],[-7.6782,43.00139],[-7.67986,43.00291],[-7.68182,43.00445]]]}},{"type":"Feature","properties":{"COD_POSTAL":"27129"},"geometry":{"type":"Polygon","coordinates":[[[-7.33711,43.07583],[-7.34223,43.077],[-7.34658,43.07731],[-7.35578,43.07451],[-7.35902,43.07246],[-7.35988,43.07265],[-7.35501,43.06622],[-7.34897,43.05483],[-7.34691,43.05189],[-7.34335,43.05213],[-7.34178,43.05072],[-7.34013,43.05069],[-7.33828,43.05142],[-7.33164,43.05325],[-7.32945,43.05471],[-7.32837,43.05624],[-7.32793,43.06036],[-7.3282,43.06586],[-7.32895,43.06733],[-7.33522,43.07418],[-7.33711,43.07583]]]}},{"type":"Feature","properties":{"COD_POSTAL":"27339"},"geometry":{"type":"Polygon","coordinates":[[[-7.26681,42.57048],[-7.2662,42.57083],[-7.26426,42.57386],[-7.26362,42.57657],[-7.26381,42.58043],[-7.26485,42.58337],[-7.26764,42.58746],[-7.27426,42.59432],[-7.27934,42.5966],[-7.28035,42.59731],[-7.28115,42.60217],[-7.28838,42.59725],[-7.29128,42.58901],[-7.29698,42.58582],[-7.30308,42.58116],[-7.30533,42.57773],[-7.30513,42.57476],[-7.32697,42.5729],[-7.34271,42.57247],[-7.35434,42.57178],[-7.36379,42.57061],[-7.37688,42.56557],[-7.38381,42.56085],[-7.38459,42.55962],[-7.38454,42.5577],[-7.38373,42.55653],[-7.37446,42.55382],[-7.37222,42.552],[-7.37209,42.55116],[-7.37164,42.55033],[-7.36955,42.54901],[-7.36906,42.54656],[-7.36819,42.54588],[-7.36268,42.54534],[-7.35946,42.54592],[-7.35832,42.54592],[-7.35504,42.54705],[-7.35441,42.54816],[-7.35262,42.5493],[-7.34786,42.55138],[-7.33871,42.55486],[-7.33789,42.55538],[-7.33013,42.5579],[-7.3242,42.56175],[-7.31128,42.56522],[-7.30798,42.56678],[-7.30456,42.56991],[-7.29716,42.56812],[-7.29058,42.56901],[-7.2815,42.5685],[-7.27713,42.56586],[-7.27544,42.56408],[-7.27599,42.56545],[-7.27374,42.56475],[-7.27204,42.56612],[-7.26848,42.56795],[-7.2678,42.5701],[-7.26681,42.57048]]]}},{"type":"Feature","properties":{"COD_POSTAL":"27767"},"geometry":{"type":"Polygon","coordinates":[[[-7.17455,43.43046],[-7.17689,43.42998],[-7.17767,43.43039],[-7.18051,43.42964],[-7.18394,43.42933],[-7.1874,43.43165],[-7.1904,43.43067],[-7.1929,43.42881],[-7.19762,43.42169],[-7.19883,43.41935],[-7.19995,43.42049],[-7.20393,43.41983],[-7.20878,43.42112],[-7.21577,43.42221],[-7.2167,43.42328],[-7.21964,43.42381],[-7.22194,43.42336],[-7.23,43.4238],[-7.23248,43.42364],[-7.2382,43.42386],[-7.23697,43.41919],[-7.23527,43.41423],[-7.23533,43.41394],[-7.23851,43.41099],[-7.23881,43.40858],[-7.2403,43.40481],[-7.24073,43.39921],[-7.24119,43.39687],[-7.23813,43.39516],[-7.23169,43.39427],[-7.2311,43.39396],[-7.229,43.39207],[-7.22948,43.39035],[-7.22304,43.38784],[-7.21474,43.38581],[-7.21166,43.38687],[-7.20977,43.38695],[-7.20815,43.38756],[-7.19959,43.38788],[-7.19858,43.38809],[-7.19741,43.38789],[-7.19502,43.38819],[-7.19316,43.3892],[-7.19066,43.38995],[-7.18769,43.39163],[-7.18486,43.39433],[-7.18247,43.39558],[-7.18025,43.39622],[-7.17904,43.39765],[-7.17489,43.39931],[-7.17349,43.40044],[-7.17266,43.40179],[-7.17263,43.40292],[-7.17284,43.40346],[-7.17464,43.40513],[-7.17458,43.40539],[-7.17363,43.40568],[-7.17292,43.40531],[-7.1714,43.40374],[-7.17013,43.40308],[-7.16881,43.40325],[-7.16855,43.40359],[-7.16841,43.4048],[-7.16905,43.40886],[-7.17139,43.40901],[-7.17681,43.41464],[-7.17265,43.41819],[-7.17212,43.42105],[-7.16979,43.42216],[-7.17065,43.42277],[-7.17252,43.42321],[-7.17475,43.42465],[-7.17485,43.42495],[-7.17339,43.43003],[-7.17455,43.43046]]]}},{"type":"Feature","properties":{"COD_POSTAL":"27868"},"geometry":{"type":"Polygon","coordinates":[[[-7.67548,43.69155],[-7.6852,43.68751],[-7.69038,43.69028],[-7.69397,43.69006],[-7.69789,43.68875],[-7.70207,43.68932],[-7.70259,43.68636],[-7.70663,43.68656],[-7.70901,43.68502],[-7.71001,43.68503],[-7.71051,43.68533],[-7.71157,43.68663],[-7.71503,43.68726],[-7.71653,43.68815],[-7.71762,43.68815],[-7.71867,43.68785],[-7.7193,43.68739],[-7.71927,43.68665],[-7.71712,43.68505],[-7.7157,43.68249],[-7.71455,43.68154],[-7.71289,43.67942],[-7.71005,43.67982],[-7.70918,43.67974],[-7.70763,43.6786],[-7.70747,43.67764],[-7.70768,43.67657],[-7.7095,43.67459],[-7.70947,43.67422],[-7.70797,43.67356],[-7.70873,43.67178],[-7.7087,43.67073],[-7.70792,43.67061],[-7.707,43.67212],[-7.70625,43.67226],[-7.70484,43.67126],[-7.70352,43.66976],[-7.70163,43.66895],[-7.70102,43.66841],[-7.69964,43.6668],[-7.69711,43.6625],[-7.69611,43.6615],[-7.69308,43.65934],[-7.69253,43.65864],[-7.69156,43.65689],[-7.691,43.65405],[-7.69131,43.65367],[-7.69201,43.65339],[-7.69557,43.65352],[-7.69638,43.65338],[-7.69699,43.65293],[-7.69701,43.65257],[-7.69581,43.65227],[-7.69432,43.65153],[-7.69407,43.65017],[-7.69435,43.64863],[-7.69522,43.64776],[-7.69895,43.6466],[-7.70132,43.64404],[-7.70184,43.64374],[-7.70242,43.64375],[-7.70351,43.6443],[-7.70637,43.64714],[-7.70796,43.64505],[-7.70902,43.64429],[-7.70968,43.64423],[-7.71099,43.64512],[-7.71572,43.64617],[-7.71679,43.64599],[-7.71711,43.64549],[-7.71697,43.64509],[-7.71599,43.64463],[-7.71564,43.64392],[-7.71577,43.64316],[-7.71646,43.64192],[-7.71577,43.64034],[-7.7156,43.63917],[-7.71751,43.63867],[-7.71845,43.63804],[-7.71861,43.63736],[-7.71715,43.6365],[-7.71706,43.6359],[-7.71887,43.6349],[-7.71831,43.63337],[-7.71955,43.63179],[-7.72126,43.63008],[-7.72528,43.62763],[-7.72614,43.62642],[-7.72664,43.62431],[-7.72706,43.62409],[-7.72829,43.62429],[-7.73077,43.62574],[-7.73182,43.62568],[-7.73205,43.62532],[-7.73211,43.6242],[-7.73103,43.62176],[-7.7312,43.62127],[-7.73158,43.62104],[-7.73252,43.62105],[-7.73441,43.62206],[-7.73548,43.62214],[-7.73548,43.62129],[-7.73522,43.62083],[-7.73366,43.61958],[-7.73339,43.61897],[-7.73294,43.61637],[-7.73155,43.61519],[-7.72804,43.61339],[-7.72483,43.61304],[-7.72038,43.61202],[-7.71891,43.6121],[-7.71482,43.61972],[-7.71436,43.62019],[-7.70656,43.6177],[-7.70353,43.61774],[-7.69959,43.61732],[-7.69817,43.61758],[-7.69631,43.61755],[-7.6952,43.61715],[-7.69274,43.61569],[-7.69212,43.61489],[-7.6898,43.61482],[-7.68628,43.61233],[-7.67703,43.60982],[-7.67056,43.60951],[-7.66627,43.61078],[-7.66397,43.61082],[-7.66462,43.61416],[-7.66467,43.61521],[-7.66436,43.61653],[-7.66076,43.62571],[-7.66034,43.62985],[-7.6583,43.63433],[-7.65956,43.63962],[-7.6565,43.64174],[-7.65327,43.64691],[-7.65204,43.64835],[-7.64951,43.65049],[-7.64836,43.65608],[-7.64914,43.65871],[-7.6501,43.66058],[-7.65496,43.66739],[-7.65529,43.67095],[-7.65478,43.67275],[-7.65399,43.67409],[-7.65199,43.6756],[-7.65474,43.68087],[-7.65778,43.68194],[-7.66049,43.68404],[-7.66521,43.68517],[-7.67137,43.6912],[-7.67548,43.69155]]]}},{"type":"Feature","properties":{"COD_POSTAL":"27286"},"geometry":{"type":"Polygon","coordinates":[[[-7.34564,43.38153],[-7.3507,43.37959],[-7.35311,43.37916],[-7.3541,43.3783],[-7.35567,43.37562],[-7.35969,43.37022],[-7.3596,43.36945],[-7.35638,43.36527],[-7.35602,43.36409],[-7.35608,43.36274],[-7.35699,43.36065],[-7.35874,43.35792],[-7.36126,43.35555],[-7.36436,43.35184],[-7.36715,43.35267],[-7.36987,43.35283],[-7.3717,43.35416],[-7.37462,43.35483],[-7.37494,43.35282],[-7.37589,43.35148],[-7.37586,43.34976],[-7.3761,43.34869],[-7.37709,43.34774],[-7.38179,43.34625],[-7.3819,43.34494],[-7.38413,43.34303],[-7.38583,43.34058],[-7.38599,43.33727],[-7.38485,43.33338],[-7.38577,43.33132],[-7.38816,43.31731],[-7.39179,43.31704],[-7.39548,43.31753],[-7.39693,43.31805],[-7.39915,43.31944],[-7.40252,43.32292],[-7.40862,43.32023],[-7.40952,43.31868],[-7.41655,43.31665],[-7.42094,43.31477],[-7.42392,43.31507],[-7.42691,43.31487],[-7.433,43.31578],[-7.43659,43.31729],[-7.44064,43.31587],[-7.44266,43.31214],[-7.44279,43.30938],[-7.4443,43.30552],[-7.44629,43.30357],[-7.44909,43.29376],[-7.44954,43.28862],[-7.44814,43.26962],[-7.44339,43.26944],[-7.43787,43.27056],[-7.43321,43.2711],[-7.41328,43.26601],[-7.4154,43.27398],[-7.41501,43.27579],[-7.41394,43.27818],[-7.41185,43.27914],[-7.40735,43.2828],[-7.40502,43.28189],[-7.40116,43.27909],[-7.40207,43.2787],[-7.40334,43.27681],[-7.4028,43.2759],[-7.40312,43.27531],[-7.40283,43.27499],[-7.40189,43.27511],[-7.4026,43.27262],[-7.40177,43.27248],[-7.40155,43.27179],[-7.39936,43.27071],[-7.39572,43.26696],[-7.39448,43.26601],[-7.39381,43.26664],[-7.39163,43.26592],[-7.39042,43.26586],[-7.38701,43.2639],[-7.38584,43.2641],[-7.38503,43.26349],[-7.38294,43.26447],[-7.38131,43.26443],[-7.37891,43.26533],[-7.37536,43.26537],[-7.37423,43.26593],[-7.37328,43.26587],[-7.36314,43.26956],[-7.35919,43.27112],[-7.35905,43.2714],[-7.36314,43.27921],[-7.36337,43.28015],[-7.36266,43.28478],[-7.3615,43.28802],[-7.36397,43.29007],[-7.36137,43.30209],[-7.36149,43.30421],[-7.35929,43.30482],[-7.35792,43.30601],[-7.35783,43.30655],[-7.35533,43.30631],[-7.35429,43.30669],[-7.35311,43.30932],[-7.35198,43.30739],[-7.35106,43.30702],[-7.33577,43.30496],[-7.33458,43.30442],[-7.33348,43.30209],[-7.33341,43.30143],[-7.33127,43.29839],[-7.33084,43.29876],[-7.32452,43.30056],[-7.32226,43.30144],[-7.31796,43.30398],[-7.31561,43.30632],[-7.31401,43.30847],[-7.31342,43.30851],[-7.3113,43.30699],[-7.30887,43.30448],[-7.30719,43.30484],[-7.30724,43.30553],[-7.30574,43.30626],[-7.30477,43.30771],[-7.30543,43.30892],[-7.30546,43.30949],[-7.30474,43.31158],[-7.30517,43.3136],[-7.30483,43.31389],[-7.30396,43.3139],[-7.30299,43.31453],[-7.29964,43.31501],[-7.29594,43.31614],[-7.29466,43.31583],[-7.29382,43.31685],[-7.29142,43.31771],[-7.29128,43.31869],[-7.29157,43.32058],[-7.2916,43.32322],[-7.29428,43.32663],[-7.29707,43.33084],[-7.29638,43.3335],[-7.29643,43.33406],[-7.29895,43.33721],[-7.29709,43.34013],[-7.29698,43.34169],[-7.29728,43.34629],[-7.29765,43.34693],[-7.29736,43.34761],[-7.30055,43.35166],[-7.29966,43.35495],[-7.30048,43.35517],[-7.3001,43.3567],[-7.30213,43.35794],[-7.30318,43.35828],[-7.30514,43.35971],[-7.30521,43.36172],[-7.30624,43.36252],[-7.31063,43.36384],[-7.31292,43.36498],[-7.31278,43.36629],[-7.31474,43.36928],[-7.31631,43.37221],[-7.31735,43.37321],[-7.3183,43.37503],[-7.31877,43.37535],[-7.31929,43.3753],[-7.31976,43.3758],[-7.32073,43.37342],[-7.32424,43.36886],[-7.32697,43.37027],[-7.32943,43.37109],[-7.331,43.37089],[-7.33321,43.37171],[-7.3343,43.37154],[-7.33536,43.37263],[-7.33486,43.37316],[-7.33609,43.37326],[-7.335,43.37504],[-7.33476,43.37692],[-7.33508,43.37746],[-7.33608,43.37816],[-7.33597,43.37884],[-7.33634,43.37931],[-7.33638,43.37998],[-7.33681,43.38038],[-7.33765,43.38054],[-7.34213,43.37997],[-7.34304,43.38131],[-7.34521,43.38137],[-7.34564,43.38153]]]}},{"type":"Feature","properties":{"COD_POSTAL":"27663"},"geometry":{"type":"Polygon","coordinates":[[[-7.12245,42.9429],[-7.12366,42.94364],[-7.1269,42.94369],[-7.13161,42.94275],[-7.13521,42.94157],[-7.13947,42.94167],[-7.14435,42.94141],[-7.14272,42.93721],[-7.14209,42.93623],[-7.13802,42.92686],[-7.13576,42.92349],[-7.13464,42.92019],[-7.13527,42.91402],[-7.13494,42.91311],[-7.12915,42.90744],[-7.12849,42.90536],[-7.12993,42.90498],[-7.13307,42.90221],[-7.13546,42.89972],[-7.13861,42.89879],[-7.14123,42.89888],[-7.14409,42.90003],[-7.14779,42.90067],[-7.15295,42.90286],[-7.15331,42.90276],[-7.15237,42.90154],[-7.15332,42.89267],[-7.14938,42.89256],[-7.1472,42.89117],[-7.14568,42.88926],[-7.14282,42.88443],[-7.13994,42.88137],[-7.13736,42.88076],[-7.13491,42.88096],[-7.12965,42.87914],[-7.12723,42.87888],[-7.124,42.87729],[-7.12263,42.87592],[-7.12074,42.87301],[-7.11547,42.86779],[-7.1136,42.86671],[-7.11116,42.86718],[-7.09964,42.87047],[-7.09353,42.87178],[-7.08767,42.87078],[-7.08499,42.87057],[-7.08118,42.87072],[-7.07771,42.86995],[-7.07673,42.87345],[-7.07549,42.87516],[-7.07612,42.87608],[-7.07843,42.87809],[-7.0783,42.87923],[-7.07577,42.88139],[-7.07267,42.88225],[-7.07022,42.88381],[-7.07031,42.88442],[-7.0713,42.88544],[-7.07137,42.88695],[-7.07099,42.88769],[-7.06927,42.88909],[-7.06876,42.88994],[-7.07534,42.8946],[-7.07715,42.89526],[-7.08024,42.8958],[-7.08084,42.89741],[-7.08457,42.89866],[-7.08712,42.89982],[-7.09022,42.90301],[-7.09528,42.90453],[-7.0989,42.90444],[-7.09937,42.91259],[-7.10078,42.91735],[-7.10073,42.92005],[-7.10212,42.9239],[-7.10244,42.92832],[-7.09844,42.92977],[-7.09783,42.93042],[-7.09797,42.93186],[-7.09916,42.93443],[-7.09902,42.9355],[-7.09814,42.93745],[-7.09772,42.93919],[-7.09747,42.93931],[-7.0979,42.94048],[-7.099,42.9413],[-7.10091,42.94152],[-7.10275,42.94142],[-7.10748,42.94047],[-7.1099,42.94051],[-7.11608,42.94143],[-7.11922,42.94068],[-7.12181,42.94082],[-7.12246,42.94179],[-7.12245,42.9429]]]}},{"type":"Feature","properties":{"COD_POSTAL":"27211"},"geometry":{"type":"Polygon","coordinates":[[[-7.67695,42.89516],[-7.67883,42.89597],[-7.67891,42.90084],[-7.6809,42.90271],[-7.68564,42.89895],[-7.68916,42.89693],[-7.69795,42.8936],[-7.70248,42.89036],[-7.70599,42.88888],[-7.70764,42.88671],[-7.71422,42.8852],[-7.71207,42.8826],[-7.71507,42.87736],[-7.71956,42.87663],[-7.72991,42.8796],[-7.73497,42.87316],[-7.74093,42.86128],[-7.73942,42.85547],[-7.73894,42.85199],[-7.72918,42.85334],[-7.71701,42.85693],[-7.7174,42.86429],[-7.71535,42.86374],[-7.71055,42.86434],[-7.69906,42.86828],[-7.6935,42.87117],[-7.69189,42.87099],[-7.69067,42.87115],[-7.68994,42.8708],[-7.68959,42.87493],[-7.68568,42.87401],[-7.6855,42.87501],[-7.68457,42.87528],[-7.68309,42.87522],[-7.68111,42.87417],[-7.68027,42.87254],[-7.67909,42.87171],[-7.67831,42.87026],[-7.67566,42.86938],[-7.67536,42.86752],[-7.67286,42.86618],[-7.67046,42.86603],[-7.66717,42.86764],[-7.66657,42.86774],[-7.66507,42.8669],[-7.6627,42.86456],[-7.66044,42.86383],[-7.65868,42.86212],[-7.654,42.86312],[-7.65313,42.86276],[-7.65125,42.86284],[-7.65001,42.86338],[-7.64326,42.86256],[-7.64217,42.86207],[-7.63909,42.8575],[-7.63825,42.85663],[-7.63025,42.85422],[-7.62729,42.8529],[-7.62546,42.85315],[-7.62484,42.8539],[-7.62401,42.85429],[-7.62167,42.85408],[-7.62069,42.85445],[-7.62039,42.85628],[-7.6219,42.85747],[-7.62188,42.85875],[-7.62237,42.85911],[-7.62369,42.8585],[-7.62705,42.86109],[-7.62933,42.86149],[-7.62935,42.86308],[-7.63067,42.8626],[-7.63162,42.86252],[-7.63236,42.86276],[-7.63165,42.86349],[-7.63207,42.86559],[-7.63326,42.86612],[-7.635,42.86741],[-7.63623,42.86716],[-7.63668,42.86808],[-7.63635,42.87027],[-7.63658,42.8712],[-7.63772,42.87095],[-7.64221,42.87129],[-7.64269,42.87284],[-7.64267,42.87406],[-7.64372,42.87524],[-7.64414,42.87652],[-7.64629,42.87745],[-7.66235,42.87608],[-7.66799,42.87632],[-7.66763,42.88143],[-7.6681,42.88686],[-7.66882,42.89112],[-7.67695,42.89516]]]}},{"type":"Feature","properties":{"COD_POSTAL":"27157"},"geometry":{"type":"MultiPolygon","coordinates":[[[[-7.67502,43.11187],[-7.67166,43.11246],[-7.66587,43.1124],[-7.65656,43.11163],[-7.65719,43.11229],[-7.65763,43.1138],[-7.6576,43.11463],[-7.65678,43.11615],[-7.65672,43.1168],[-7.65713,43.11809],[-7.65681,43.11959],[-7.657,43.12021],[-7.66119,43.12456],[-7.66326,43.13014],[-7.66429,43.12936],[-7.66656,43.12874],[-7.67189,43.13031],[-7.67757,43.13108],[-7.68346,43.13095],[-7.68077,43.12828],[-7.68545,43.12661],[-7.69069,43.12361],[-7.69849,43.11524],[-7.70046,43.11221],[-7.69284,43.11289],[-7.69201,43.11247],[-7.69167,43.111],[-7.6917,43.1098],[-7.69004,43.11034],[-7.6867,43.11],[-7.6832,43.11022],[-7.68067,43.11111],[-7.67508,43.11186],[-7.67502,43.11187]]],[[[-7.66016,43.09315],[-7.66189,43.09199],[-7.6665,43.09309],[-7.66811,43.09286],[-7.67203,43.09461],[-7.67343,43.09617],[-7.67441,43.09635],[-7.67552,43.09733],[-7.67567,43.09851],[-7.67802,43.09872],[-7.67895,43.09946],[-7.67933,43.10013],[-7.68099,43.10142],[-7.68576,43.10245],[-7.6917,43.1098],[-7.70056,43.10545],[-7.70462,43.09843],[-7.70695,43.0953],[-7.70825,43.09428],[-7.71148,43.09028],[-7.713,43.08959],[-7.71485,43.08822],[-7.71589,43.08664],[-7.71233,43.07914],[-7.71184,43.07063],[-7.69899,43.05782],[-7.69612,43.05039],[-7.69658,43.04711],[-7.69364,43.04731],[-7.69255,43.04769],[-7.69141,43.04952],[-7.68933,43.051],[-7.68533,43.05108],[-7.68264,43.05282],[-7.68015,43.05317],[-7.67885,43.05414],[-7.67753,43.05563],[-7.67707,43.05766],[-7.67534,43.05783],[-7.67116,43.0599],[-7.67085,43.06067],[-7.67128,43.06167],[-7.67125,43.06255],[-7.67083,43.06343],[-7.67128,43.06458],[-7.67083,43.0655],[-7.66881,43.06565],[-7.66526,43.06721],[-7.66482,43.06762],[-7.66479,43.06843],[-7.66358,43.06927],[-7.66276,43.06939],[-7.66206,43.07012],[-7.65974,43.07323],[-7.65806,43.07686],[-7.65491,43.07962],[-7.65442,43.08058],[-7.65422,43.08268],[-7.65145,43.08734],[-7.65099,43.08897],[-7.65088,43.09511],[-7.65227,43.09595],[-7.65224,43.09481],[-7.653,43.09427],[-7.6538,43.09418],[-7.65491,43.0945],[-7.65608,43.09555],[-7.65665,43.09569],[-7.65926,43.09357],[-7.66016,43.09315]]]]}},{"type":"Feature","properties":{"COD_POSTAL":"27413"},"geometry":{"type":"Polygon","coordinates":[[[-7.40392,42.46514],[-7.40509,42.46235],[-7.40553,42.46182],[-7.40546,42.45943],[-7.40598,42.45848],[-7.40786,42.4571],[-7.41018,42.45575],[-7.41218,42.45492],[-7.41257,42.45454],[-7.41266,42.45403],[-7.41213,42.45316],[-7.41258,42.45053],[-7.41269,42.44734],[-7.41208,42.44706],[-7.41128,42.44609],[-7.41007,42.4459],[-7.40905,42.44512],[-7.40052,42.44768],[-7.39921,42.44863],[-7.39521,42.4505],[-7.38996,42.45133],[-7.38657,42.45293],[-7.38445,42.45362],[-7.37587,42.45326],[-7.36963,42.45386],[-7.37131,42.45817],[-7.37132,42.45863],[-7.36883,42.46272],[-7.37028,42.48076],[-7.37743,42.49168],[-7.37636,42.49601],[-7.37029,42.49503],[-7.37139,42.49937],[-7.37332,42.50345],[-7.37406,42.50679],[-7.37698,42.50865],[-7.3814,42.51365],[-7.38943,42.51788],[-7.39184,42.5194],[-7.4029,42.5213],[-7.40213,42.52529],[-7.40568,42.5328],[-7.40708,42.5345],[-7.40542,42.53561],[-7.40719,42.53544],[-7.41047,42.53577],[-7.41686,42.53733],[-7.41867,42.53575],[-7.42001,42.53239],[-7.42117,42.53155],[-7.42063,42.52845],[-7.4208,42.52824],[-7.41974,42.52592],[-7.41808,42.52385],[-7.41754,42.52338],[-7.41526,42.52243],[-7.41487,42.52184],[-7.41475,42.52108],[-7.41556,42.51957],[-7.41541,42.51879],[-7.41338,42.51831],[-7.41008,42.51636],[-7.40682,42.51487],[-7.40639,42.51439],[-7.4057,42.50838],[-7.40937,42.50352],[-7.41614,42.49959],[-7.41501,42.49621],[-7.41302,42.49355],[-7.41818,42.49352],[-7.42037,42.49406],[-7.42112,42.48572],[-7.41897,42.48159],[-7.41814,42.47002],[-7.41839,42.46965],[-7.41676,42.46628],[-7.40856,42.46479],[-7.40392,42.46514]]]}},{"type":"Feature","properties":{"COD_POSTAL":"27618"},"geometry":{"type":"Polygon","coordinates":[[[-7.42138,42.72005],[-7.4198,42.71953],[-7.41718,42.72006],[-7.4164,42.72155],[-7.41587,42.72412],[-7.41434,42.72583],[-7.41461,42.72712],[-7.41168,42.7283],[-7.41042,42.72929],[-7.41031,42.73025],[-7.40905,42.73302],[-7.40932,42.73331],[-7.40922,42.73395],[-7.40766,42.73483],[-7.40703,42.73595],[-7.4088,42.74034],[-7.40884,42.74299],[-7.40829,42.74376],[-7.40481,42.74344],[-7.39996,42.74369],[-7.39347,42.74566],[-7.39108,42.74932],[-7.3924,42.74982],[-7.3927,42.75517],[-7.38988,42.7555],[-7.38978,42.75633],[-7.39018,42.75673],[-7.39131,42.7572],[-7.39182,42.75771],[-7.39425,42.75741],[-7.3958,42.75814],[-7.39634,42.75803],[-7.39709,42.75716],[-7.39933,42.75559],[-7.40066,42.75495],[-7.4035,42.75473],[-7.40472,42.75508],[-7.40544,42.75608],[-7.4064,42.75582],[-7.40675,42.75634],[-7.40854,42.75698],[-7.40995,42.75679],[-7.41064,42.75748],[-7.41161,42.75749],[-7.41243,42.75697],[-7.41313,42.75697],[-7.41398,42.75795],[-7.41402,42.75846],[-7.41341,42.75906],[-7.41138,42.75991],[-7.41089,42.76042],[-7.41101,42.76077],[-7.41563,42.76267],[-7.41639,42.7633],[-7.41635,42.76354],[-7.41762,42.76387],[-7.41928,42.7638],[-7.42165,42.76316],[-7.42246,42.76244],[-7.42989,42.761],[-7.43125,42.76147],[-7.4356,42.76509],[-7.43681,42.76413],[-7.43658,42.76359],[-7.43829,42.76206],[-7.43849,42.76139],[-7.43907,42.76101],[-7.43889,42.75982],[-7.43754,42.75913],[-7.4342,42.75576],[-7.43392,42.75506],[-7.43474,42.75332],[-7.43631,42.75294],[-7.43768,42.75218],[-7.43899,42.74981],[-7.43885,42.74867],[-7.43856,42.74846],[-7.43931,42.74777],[-7.44231,42.74951],[-7.44316,42.74935],[-7.44552,42.7474],[-7.44826,42.74631],[-7.45149,42.74341],[-7.45318,42.74253],[-7.45628,42.74144],[-7.45724,42.74041],[-7.45748,42.73865],[-7.45722,42.73753],[-7.45818,42.73498],[-7.45829,42.73385],[-7.4576,42.73322],[-7.45649,42.73272],[-7.45615,42.73158],[-7.45313,42.733],[-7.45235,42.73397],[-7.45017,42.7346],[-7.4506,42.7352],[-7.45044,42.73559],[-7.44905,42.73619],[-7.44847,42.73451],[-7.44695,42.73213],[-7.44584,42.73197],[-7.4452,42.73162],[-7.44501,42.7312],[-7.44345,42.73003],[-7.44075,42.7299],[-7.4422,42.72801],[-7.44207,42.72613],[-7.44105,42.72587],[-7.4397,42.72488],[-7.43913,42.72383],[-7.43712,42.72448],[-7.43637,42.72526],[-7.43531,42.72574],[-7.43448,42.7254],[-7.43329,42.72551],[-7.43172,42.72468],[-7.43109,42.7237],[-7.43027,42.7231],[-7.42826,42.72295],[-7.42692,42.72225],[-7.42326,42.72103],[-7.42236,42.72027],[-7.42138,42.72005]]]}},{"type":"Feature","properties":{"COD_POSTAL":"27620"},"geometry":{"type":"Polygon","coordinates":[[[-7.32452,42.74085],[-7.32958,42.74103],[-7.33169,42.73982],[-7.33227,42.73778],[-7.33227,42.73503],[-7.33701,42.73211],[-7.33816,42.72966],[-7.33749,42.72543],[-7.33236,42.71699],[-7.32169,42.72091],[-7.3133,42.725],[-7.31146,42.72773],[-7.31199,42.73384],[-7.3128,42.73506],[-7.31932,42.73708],[-7.32161,42.73837],[-7.32305,42.7401],[-7.32452,42.74085]]]}},{"type":"Feature","properties":{"COD_POSTAL":"27720"},"geometry":{"type":"Polygon","coordinates":[[[-7.1703,43.38229],[-7.1707,43.38276],[-7.17249,43.38343],[-7.17561,43.38261],[-7.17672,43.38254],[-7.17714,43.38304],[-7.17696,43.38409],[-7.17545,43.38562],[-7.1754,43.38689],[-7.17611,43.38735],[-7.17822,43.3875],[-7.17936,43.38891],[-7.18105,43.38895],[-7.18219,43.38802],[-7.18801,43.38537],[-7.19196,43.38195],[-7.19287,43.38204],[-7.19356,43.38261],[-7.19467,43.38277],[-7.20817,43.37566],[-7.20895,43.37481],[-7.20933,43.37398],[-7.20754,43.37002],[-7.20748,43.36885],[-7.20997,43.36626],[-7.21281,43.36478],[-7.21516,43.36256],[-7.21464,43.36026],[-7.21412,43.35918],[-7.21418,43.35736],[-7.21604,43.35388],[-7.21551,43.34967],[-7.21164,43.34405],[-7.1988,43.34088],[-7.19543,43.33969],[-7.18879,43.34473],[-7.18494,43.3462],[-7.18244,43.34667],[-7.17932,43.34502],[-7.18637,43.3501],[-7.1906,43.35717],[-7.1863,43.36204],[-7.18648,43.36236],[-7.18506,43.36455],[-7.1847,43.36645],[-7.18458,43.3716],[-7.18358,43.3729],[-7.18042,43.37259],[-7.17618,43.37352],[-7.17452,43.37297],[-7.17343,43.37343],[-7.17314,43.37435],[-7.1739,43.37488],[-7.17607,43.37544],[-7.17548,43.37889],[-7.17436,43.37936],[-7.1721,43.37893],[-7.17029,43.38187],[-7.1703,43.38229]]]}},{"type":"Feature","properties":{"COD_POSTAL":"27342"},"geometry":{"type":"Polygon","coordinates":[[[-7.47076,42.71363],[-7.47172,42.71541],[-7.48026,42.71671],[-7.4931,42.71588],[-7.49422,42.71315],[-7.50846,42.70787],[-7.51232,42.70672],[-7.51119,42.70156],[-7.51076,42.69261],[-7.5098,42.69049],[-7.50575,42.68892],[-7.50191,42.68697],[-7.49909,42.6864],[-7.49629,42.68412],[-7.49099,42.68137],[-7.48804,42.68028],[-7.4845,42.67715],[-7.48172,42.67527],[-7.47627,42.67421],[-7.47012,42.6784],[-7.46865,42.68087],[-7.47037,42.68339],[-7.47477,42.68607],[-7.46561,42.68927],[-7.45925,42.69446],[-7.45815,42.70826],[-7.46563,42.70782],[-7.46655,42.70851],[-7.47076,42.71363]]]}},{"type":"Feature","properties":{"COD_POSTAL":"27206"},"geometry":{"type":"Polygon","coordinates":[[[-7.82902,42.8795],[-7.82609,42.881],[-7.82346,42.88173],[-7.82503,42.88252],[-7.82726,42.88312],[-7.83065,42.88756],[-7.83238,42.88798],[-7.83404,42.88941],[-7.83553,42.89142],[-7.83559,42.89493],[-7.83661,42.89862],[-7.83543,42.89925],[-7.83434,42.9011],[-7.83825,42.9079],[-7.83774,42.90857],[-7.83318,42.91007],[-7.83249,42.91004],[-7.82762,42.91185],[-7.82751,42.91173],[-7.82191,42.91359],[-7.81551,42.91172],[-7.81043,42.90785],[-7.80018,42.91339],[-7.79776,42.91675],[-7.79693,42.91987],[-7.79629,42.92021],[-7.79624,42.92079],[-7.79401,42.9208],[-7.79328,42.92054],[-7.79212,42.92111],[-7.79169,42.92076],[-7.78898,42.92062],[-7.7855,42.91992],[-7.78562,42.92548],[-7.78366,42.92952],[-7.78319,42.92993],[-7.78398,42.93085],[-7.7834,42.93177],[-7.78453,42.9325],[-7.78486,42.9345],[-7.78523,42.93516],[-7.78648,42.93576],[-7.78821,42.93577],[-7.78903,42.93638],[-7.78914,42.93704],[-7.7886,42.93825],[-7.78858,42.93885],[-7.79534,42.9369],[-7.80021,42.93053],[-7.80131,42.93061],[-7.80186,42.93119],[-7.80284,42.93161],[-7.80297,42.93191],[-7.8018,42.93253],[-7.80229,42.93314],[-7.80239,42.9339],[-7.80421,42.93431],[-7.80459,42.93463],[-7.8049,42.93564],[-7.80474,42.93695],[-7.80378,42.93768],[-7.80356,42.9506],[-7.79932,42.95681],[-7.80525,42.96195],[-7.81249,42.95521],[-7.82292,42.95218],[-7.82316,42.95279],[-7.8231,42.95395],[-7.82345,42.9546],[-7.82504,42.95549],[-7.82724,42.95611],[-7.82903,42.95627],[-7.83183,42.95024],[-7.83214,42.94558],[-7.83197,42.93259],[-7.83052,42.92877],[-7.83804,42.92686],[-7.84737,42.92485],[-7.85241,42.91644],[-7.8522,42.91182],[-7.85236,42.91077],[-7.85357,42.91118],[-7.85498,42.91054],[-7.85608,42.91038],[-7.85701,42.9094],[-7.85962,42.90888],[-7.8604,42.90664],[-7.86098,42.90223],[-7.86467,42.9026],[-7.8666,42.90208],[-7.86795,42.90138],[-7.87009,42.90099],[-7.87231,42.89893],[-7.87226,42.89714],[-7.87021,42.89654],[-7.86926,42.89555],[-7.86764,42.89482],[-7.86342,42.89522],[-7.85629,42.89532],[-7.85424,42.89471],[-7.84837,42.88917],[-7.84847,42.88711],[-7.84797,42.88458],[-7.84751,42.88351],[-7.84898,42.88274],[-7.85341,42.88271],[-7.86417,42.87983],[-7.85634,42.87728],[-7.85467,42.87698],[-7.85189,42.87698],[-7.84438,42.87476],[-7.83117,42.87885],[-7.82902,42.8795]]]}},{"type":"Feature","properties":{"COD_POSTAL":"27646"},"geometry":{"type":"Polygon","coordinates":[[[-7.14631,42.81358],[-7.14725,42.8122],[-7.15301,42.80678],[-7.15928,42.80638],[-7.16043,42.80449],[-7.15795,42.80207],[-7.16304,42.79974],[-7.17124,42.79907],[-7.17121,42.79777],[-7.172,42.79711],[-7.17528,42.79576],[-7.18254,42.79369],[-7.18498,42.79235],[-7.18769,42.79002],[-7.1906,42.79036],[-7.19229,42.79017],[-7.19559,42.7889],[-7.19911,42.7888],[-7.20242,42.78785],[-7.2014,42.78684],[-7.20019,42.78629],[-7.19943,42.78535],[-7.19736,42.78385],[-7.19492,42.7799],[-7.19189,42.77746],[-7.18888,42.77379],[-7.18769,42.77362],[-7.18683,42.77286],[-7.18517,42.7723],[-7.17622,42.77163],[-7.17333,42.77441],[-7.17148,42.77082],[-7.1693,42.77022],[-7.16581,42.76726],[-7.16602,42.76487],[-7.16622,42.76464],[-7.16513,42.76242],[-7.16521,42.76134],[-7.1639,42.76081],[-7.16043,42.76499],[-7.15327,42.76977],[-7.14526,42.77007],[-7.13582,42.77251],[-7.13226,42.77301],[-7.1288,42.77548],[-7.12807,42.77667],[-7.13077,42.78075],[-7.14028,42.77874],[-7.14111,42.779],[-7.14176,42.78112],[-7.14122,42.78376],[-7.1423,42.7857],[-7.14136,42.79164],[-7.14175,42.79325],[-7.14142,42.79616],[-7.139,42.80846],[-7.13928,42.81139],[-7.14088,42.81098],[-7.14389,42.81242],[-7.14631,42.81358]]]}},{"type":"Feature","properties":{"COD_POSTAL":"27594"},"geometry":{"type":"Polygon","coordinates":[[[-7.69226,42.62368],[-7.69194,42.62412],[-7.69044,42.62504],[-7.68923,42.62493],[-7.68909,42.62583],[-7.68966,42.62703],[-7.6895,42.62986],[-7.70104,42.62749],[-7.70441,42.62724],[-7.70855,42.62625],[-7.70843,42.62587],[-7.71132,42.61805],[-7.70863,42.6166],[-7.70166,42.61638],[-7.69518,42.61911],[-7.69039,42.62026],[-7.69226,42.62368]]]}},{"type":"Feature","properties":{"COD_POSTAL":"27297"},"geometry":{"type":"Polygon","coordinates":[[[-7.61006,43.03108],[-7.61196,43.03165],[-7.61429,43.03334],[-7.61508,43.03456],[-7.61545,43.03606],[-7.61738,43.03823],[-7.62516,43.03392],[-7.63062,43.03382],[-7.63686,43.03103],[-7.64564,43.02631],[-7.64362,43.02599],[-7.64219,43.02453],[-7.64057,43.02404],[-7.63654,43.02202],[-7.63278,43.0194],[-7.63249,43.01878],[-7.63313,43.01463],[-7.63295,43.01312],[-7.63343,43.01194],[-7.63459,43.01096],[-7.63229,43.01115],[-7.63149,43.01091],[-7.63165,43.00858],[-7.62774,43.00229],[-7.62691,43.00041],[-7.62378,42.99919],[-7.62148,43.00032],[-7.61997,43.00206],[-7.61849,43.00268],[-7.61789,43.00325],[-7.61663,43.00265],[-7.61437,43.00218],[-7.61212,43.00062],[-7.61014,43.0],[-7.60869,43.00085],[-7.60663,43.00107],[-7.6067,42.99996],[-7.60594,42.99966],[-7.60466,42.99985],[-7.60366,43.00081],[-7.60252,43.00094],[-7.60214,43.00205],[-7.60131,43.00286],[-7.59997,43.00315],[-7.59811,43.00304],[-7.59629,43.00252],[-7.59608,42.99999],[-7.59518,42.99521],[-7.59419,42.99387],[-7.59262,42.98964],[-7.59293,42.98875],[-7.59312,42.98674],[-7.5797,42.98868],[-7.57981,42.9885],[-7.57826,42.98788],[-7.57393,42.9877],[-7.57511,42.98905],[-7.57469,42.99124],[-7.57402,42.99209],[-7.56644,42.99348],[-7.5639,42.99494],[-7.56347,42.99633],[-7.56076,42.99618],[-7.56085,42.99954],[-7.5614,43.00134],[-7.56285,43.00196],[-7.569,43.00111],[-7.57315,43.00154],[-7.57506,43.00359],[-7.57881,43.00532],[-7.5814,43.00746],[-7.58209,43.01059],[-7.58258,43.01176],[-7.58346,43.0126],[-7.58455,43.01319],[-7.58957,43.01332],[-7.59186,43.01384],[-7.59341,43.0153],[-7.59443,43.01882],[-7.59453,43.02033],[-7.5943,43.02088],[-7.59314,43.02192],[-7.58862,43.02419],[-7.5878,43.0249],[-7.58775,43.02647],[-7.58854,43.02781],[-7.59001,43.02962],[-7.59216,43.03125],[-7.59427,43.0319],[-7.59698,43.03179],[-7.60586,43.03012],[-7.60738,43.03057],[-7.61006,43.03108]]]}},{"type":"Feature","properties":{"COD_POSTAL":"27742"},"geometry":{"type":"Polygon","coordinates":[[[-7.32844,43.43888],[-7.33027,43.44019],[-7.33173,43.44063],[-7.33664,43.43641],[-7.33776,43.43604],[-7.33921,43.43616],[-7.34052,43.4334],[-7.34043,43.43202],[-7.33034,43.43181],[-7.32859,43.42848],[-7.33182,43.42536],[-7.33845,43.42071],[-7.34273,43.4166],[-7.33864,43.41591],[-7.33894,43.41275],[-7.33692,43.41142],[-7.33605,43.41032],[-7.33475,43.40579],[-7.33375,43.40448],[-7.33092,43.40348],[-7.33631,43.39693],[-7.33947,43.3922],[-7.34029,43.39036],[-7.34304,43.38131],[-7.34267,43.38104],[-7.34228,43.38011],[-7.34187,43.37994],[-7.33765,43.38054],[-7.33681,43.38038],[-7.33638,43.37998],[-7.33634,43.37931],[-7.33597,43.37884],[-7.33608,43.37816],[-7.33508,43.37746],[-7.33476,43.37692],[-7.335,43.37504],[-7.33609,43.37326],[-7.33486,43.37316],[-7.33536,43.37263],[-7.3343,43.37154],[-7.33321,43.37171],[-7.331,43.37089],[-7.32943,43.37109],[-7.32697,43.37027],[-7.32424,43.36886],[-7.32073,43.37342],[-7.31976,43.3758],[-7.31699,43.37874],[-7.31523,43.37998],[-7.28967,43.39276],[-7.29003,43.39152],[-7.28942,43.39013],[-7.28982,43.38812],[-7.28871,43.38716],[-7.28968,43.38537],[-7.28952,43.38428],[-7.28641,43.38109],[-7.28422,43.38084],[-7.27861,43.3811],[-7.27746,43.38261],[-7.27773,43.38479],[-7.2767,43.38873],[-7.2769,43.39072],[-7.27791,43.39265],[-7.27645,43.39365],[-7.27564,43.3936],[-7.27172,43.39528],[-7.2692,43.39445],[-7.26953,43.39494],[-7.27112,43.39585],[-7.27663,43.39706],[-7.27721,43.39766],[-7.28026,43.40245],[-7.28188,43.40395],[-7.28329,43.40677],[-7.28442,43.40848],[-7.28593,43.41367],[-7.28759,43.41644],[-7.29054,43.41645],[-7.29142,43.41737],[-7.29191,43.41743],[-7.29462,43.41711],[-7.29642,43.41874],[-7.29742,43.41883],[-7.29937,43.41855],[-7.30164,43.41648],[-7.30267,43.41601],[-7.30514,43.41603],[-7.30855,43.41447],[-7.31168,43.415],[-7.31273,43.41624],[-7.31242,43.41718],[-7.31175,43.41797],[-7.31182,43.41918],[-7.31294,43.42083],[-7.31296,43.42145],[-7.31257,43.42232],[-7.31151,43.42345],[-7.30909,43.42738],[-7.30855,43.42788],[-7.3055,43.42949],[-7.30687,43.43119],[-7.30826,43.43203],[-7.31161,43.43321],[-7.31251,43.43394],[-7.31362,43.43534],[-7.31507,43.43615],[-7.31696,43.43678],[-7.32019,43.43718],[-7.32439,43.43852],[-7.32555,43.43838],[-7.32737,43.43858],[-7.32844,43.43888]]]}},{"type":"Feature","properties":{"COD_POSTAL":"27558"},"geometry":{"type":"Polygon","coordinates":[[[-7.79097,42.76794],[-7.7946,42.76771],[-7.79407,42.76433],[-7.80352,42.75754],[-7.79052,42.75073],[-7.7883,42.75075],[-7.78599,42.75039],[-7.78401,42.74968],[-7.78221,42.74865],[-7.77533,42.74632],[-7.77441,42.74524],[-7.77351,42.74326],[-7.77409,42.74136],[-7.77386,42.74001],[-7.77342,42.73943],[-7.77309,42.73828],[-7.77203,42.73703],[-7.77213,42.73642],[-7.77133,42.73571],[-7.7706,42.73579],[-7.77033,42.7365],[-7.76924,42.73664],[-7.7689,42.73642],[-7.76868,42.73536],[-7.76791,42.73482],[-7.76469,42.73371],[-7.76432,42.73275],[-7.76253,42.73202],[-7.75824,42.73223],[-7.75648,42.73201],[-7.74829,42.73337],[-7.74058,42.73664],[-7.74054,42.7384],[-7.74153,42.74335],[-7.74401,42.75104],[-7.74508,42.75567],[-7.74269,42.75829],[-7.74527,42.76032],[-7.75679,42.76026],[-7.76429,42.75887],[-7.76845,42.76606],[-7.76891,42.76795],[-7.78041,42.76635],[-7.78861,42.7681],[-7.79097,42.76794]]]}},{"type":"Feature","properties":{"COD_POSTAL":"27260"},"geometry":{"type":"Polygon","coordinates":[[[-7.49704,43.15184],[-7.49882,43.1536],[-7.50064,43.15929],[-7.50373,43.1582],[-7.50343,43.15795],[-7.51223,43.15503],[-7.52043,43.15667],[-7.52255,43.156],[-7.52533,43.15377],[-7.53196,43.15114],[-7.53494,43.15033],[-7.54014,43.14849],[-7.53957,43.14971],[-7.54381,43.14913],[-7.54256,43.14104],[-7.53742,43.13686],[-7.53624,43.13565],[-7.53333,43.13358],[-7.53119,43.13559],[-7.52864,43.1368],[-7.52712,43.13805],[-7.52596,43.13996],[-7.52643,43.141],[-7.52237,43.14301],[-7.52151,43.14243],[-7.51933,43.14173],[-7.51792,43.13993],[-7.51687,43.13928],[-7.51513,43.13893],[-7.51196,43.13934],[-7.50938,43.1384],[-7.50671,43.13666],[-7.50506,43.13597],[-7.50444,43.13434],[-7.50229,43.13325],[-7.5022,43.13301],[-7.4968,43.13358],[-7.49667,43.13337],[-7.49555,43.13441],[-7.49185,43.13504],[-7.49092,43.13563],[-7.49048,43.13662],[-7.49174,43.14158],[-7.49059,43.14129],[-7.49041,43.14169],[-7.49119,43.142],[-7.49014,43.14359],[-7.48869,43.14728],[-7.48705,43.14683],[-7.48633,43.14862],[-7.48952,43.14929],[-7.48917,43.14995],[-7.49167,43.15159],[-7.49654,43.15179],[-7.49704,43.15184]]]}},{"type":"Feature","properties":{"COD_POSTAL":"27208"},"geometry":{"type":"Polygon","coordinates":[[[-7.92151,42.92962],[-7.93859,42.92296],[-7.94332,42.91735],[-7.93551,42.90346],[-7.9224,42.90483],[-7.91792,42.90418],[-7.91469,42.90305],[-7.91334,42.90035],[-7.91248,42.90005],[-7.91238,42.8995],[-7.91092,42.89914],[-7.90973,42.89752],[-7.90952,42.89665],[-7.90763,42.89562],[-7.9042,42.89636],[-7.9028,42.89833],[-7.90165,42.89796],[-7.90073,42.89632],[-7.8998,42.89561],[-7.89883,42.8944],[-7.89819,42.89296],[-7.8987,42.8905],[-7.89788,42.88942],[-7.8938,42.88742],[-7.8937,42.88657],[-7.89505,42.88401],[-7.89856,42.88264],[-7.8937,42.88166],[-7.89174,42.88144],[-7.89078,42.88409],[-7.88936,42.8855],[-7.88702,42.88621],[-7.88326,42.8869],[-7.88095,42.88721],[-7.88035,42.88702],[-7.87704,42.89147],[-7.87493,42.89262],[-7.87391,42.89347],[-7.87277,42.89381],[-7.8723,42.89459],[-7.87226,42.89714],[-7.8761,42.8979],[-7.88178,42.90035],[-7.88259,42.90106],[-7.88309,42.90288],[-7.88264,42.90465],[-7.88326,42.90523],[-7.88677,42.90631],[-7.88977,42.90679],[-7.88951,42.90807],[-7.88624,42.91046],[-7.88554,42.91141],[-7.88462,42.91492],[-7.8835,42.91735],[-7.88553,42.91901],[-7.8871,42.91924],[-7.8897,42.91849],[-7.89032,42.91875],[-7.89212,42.92216],[-7.89306,42.92347],[-7.89674,42.92338],[-7.91281,42.92171],[-7.9148,42.92127],[-7.91585,42.92157],[-7.92151,42.92962]]]}},{"type":"Feature","properties":{"COD_POSTAL":"27777"},"geometry":{"type":"Polygon","coordinates":[[[-7.45435,43.55329],[-7.45709,43.55518],[-7.45754,43.55721],[-7.4579,43.55761],[-7.45813,43.5586],[-7.45877,43.55912],[-7.4599,43.55958],[-7.46383,43.55888],[-7.46615,43.55903],[-7.46695,43.55992],[-7.46684,43.56057],[-7.46515,43.56323],[-7.46546,43.56381],[-7.47482,43.56687],[-7.47546,43.56343],[-7.47673,43.56294],[-7.47649,43.56274],[-7.47669,43.56005],[-7.4785,43.55747],[-7.48125,43.55579],[-7.48255,43.55125],[-7.4793,43.54824],[-7.47644,43.54727],[-7.47513,43.54579],[-7.4793,43.54418],[-7.48718,43.54378],[-7.48946,43.54316],[-7.49171,43.54194],[-7.50416,43.53853],[-7.51226,43.53883],[-7.51667,43.5396],[-7.52139,43.54627],[-7.52338,43.54715],[-7.52347,43.54637],[-7.52415,43.54507],[-7.52261,43.54166],[-7.52388,43.54127],[-7.52591,43.53955],[-7.52894,43.53951],[-7.53062,43.53837],[-7.53092,43.53791],[-7.52948,43.5355],[-7.52949,43.53441],[-7.53193,43.53198],[-7.53311,43.5313],[-7.53482,43.5295],[-7.53652,43.52865],[-7.53783,43.52743],[-7.53842,43.52644],[-7.53869,43.52538],[-7.53863,43.5238],[-7.53982,43.52236],[-7.54275,43.52136],[-7.54404,43.52001],[-7.54681,43.51381],[-7.54768,43.5108],[-7.54898,43.50909],[-7.54939,43.50798],[-7.5509,43.49936],[-7.55385,43.49733],[-7.55633,43.49657],[-7.55918,43.49519],[-7.56327,43.4919],[-7.56381,43.49138],[-7.56514,43.489],[-7.56607,43.48839],[-7.56713,43.487],[-7.56785,43.48643],[-7.56794,43.48469],[-7.56995,43.48363],[-7.57189,43.48052],[-7.5722,43.47978],[-7.57194,43.47767],[-7.57056,43.4761],[-7.5709,43.47505],[-7.57089,43.47217],[-7.5692,43.46762],[-7.56926,43.46729],[-7.57126,43.46571],[-7.57224,43.46421],[-7.56858,43.46412],[-7.56511,43.46303],[-7.55935,43.46245],[-7.55683,43.46098],[-7.55378,43.46062],[-7.55271,43.46086],[-7.55102,43.46188],[-7.54497,43.46249],[-7.54462,43.46273],[-7.54392,43.46445],[-7.54363,43.46456],[-7.54184,43.46409],[-7.54144,43.46421],[-7.54062,43.46515],[-7.54024,43.46643],[-7.53985,43.46659],[-7.53908,43.46647],[-7.5384,43.4659],[-7.53398,43.46543],[-7.5263,43.46702],[-7.52104,43.46739],[-7.51493,43.46842],[-7.50991,43.47066],[-7.50508,43.47421],[-7.50115,43.4756],[-7.50081,43.47584],[-7.50072,43.47662],[-7.49839,43.47834],[-7.49675,43.47937],[-7.49526,43.47965],[-7.49564,43.48065],[-7.49511,43.48092],[-7.49434,43.48072],[-7.49339,43.48092],[-7.49133,43.48179],[-7.49044,43.48193],[-7.48849,43.48302],[-7.48679,43.48451],[-7.48612,43.48556],[-7.48687,43.48684],[-7.48639,43.48874],[-7.48704,43.49231],[-7.48719,43.49701],[-7.48663,43.49833],[-7.48694,43.5004],[-7.48609,43.50105],[-7.48563,43.50203],[-7.48437,43.50295],[-7.48427,43.50335],[-7.48604,43.50398],[-7.4864,43.5044],[-7.48677,43.50567],[-7.48633,43.50695],[-7.48132,43.50753],[-7.48001,43.50857],[-7.4728,43.50715],[-7.47101,43.50747],[-7.46859,43.50866],[-7.46231,43.51091],[-7.46073,43.51128],[-7.45659,43.5146],[-7.45225,43.51564],[-7.45189,43.51589],[-7.45188,43.51618],[-7.45293,43.5179],[-7.45316,43.52024],[-7.4539,43.52372],[-7.45485,43.52507],[-7.45172,43.52788],[-7.44828,43.5296],[-7.44518,43.5321],[-7.44341,43.53309],[-7.44073,43.5341],[-7.43973,43.53362],[-7.43862,43.53552],[-7.437,43.53726],[-7.43615,43.54007],[-7.4355,43.54101],[-7.43589,43.54178],[-7.43485,43.54209],[-7.43434,43.54374],[-7.43339,43.54466],[-7.43331,43.54538],[-7.43683,43.54367],[-7.43863,43.54337],[-7.44157,43.54389],[-7.4438,43.54513],[-7.44497,43.54616],[-7.44524,43.54685],[-7.44778,43.55007],[-7.44972,43.55125],[-7.45015,43.55179],[-7.45231,43.55236],[-7.45435,43.55329]]]}},{"type":"Feature","properties":{"COD_POSTAL":"27628"},"geometry":{"type":"Polygon","coordinates":[[[-7.35891,42.74687],[-7.35918,42.74454],[-7.35959,42.74413],[-7.35927,42.74394],[-7.35898,42.74314],[-7.35808,42.74234],[-7.35664,42.74156],[-7.35576,42.73949],[-7.35436,42.73981],[-7.35401,42.73876],[-7.35265,42.73842],[-7.35223,42.73761],[-7.35204,42.73579],[-7.35072,42.73536],[-7.34982,42.73591],[-7.3491,42.73592],[-7.34887,42.73533],[-7.34966,42.73019],[-7.34985,42.73008],[-7.34945,42.72911],[-7.34822,42.72799],[-7.34387,42.72577],[-7.34326,42.72446],[-7.34167,42.72371],[-7.33989,42.72411],[-7.33915,42.7247],[-7.33749,42.72543],[-7.33816,42.72966],[-7.33701,42.73211],[-7.33227,42.73503],[-7.33227,42.73778],[-7.33169,42.73982],[-7.32958,42.74103],[-7.32452,42.74085],[-7.32305,42.7401],[-7.31837,42.74515],[-7.32089,42.74852],[-7.32191,42.7525],[-7.32168,42.75428],[-7.32311,42.75673],[-7.32511,42.75804],[-7.33011,42.75944],[-7.33275,42.75894],[-7.33265,42.75985],[-7.33173,42.76088],[-7.33124,42.76105],[-7.33048,42.7626],[-7.33061,42.76443],[-7.32997,42.76496],[-7.32996,42.76546],[-7.32946,42.76643],[-7.32721,42.76781],[-7.32719,42.76811],[-7.3261,42.76904],[-7.32981,42.76971],[-7.33247,42.77192],[-7.33818,42.76939],[-7.34624,42.76679],[-7.34767,42.76813],[-7.35109,42.7669],[-7.35713,42.76114],[-7.36101,42.75804],[-7.35727,42.75786],[-7.3538,42.75697],[-7.35589,42.75554],[-7.3564,42.7545],[-7.35636,42.75332],[-7.35557,42.75311],[-7.35423,42.74896],[-7.35458,42.74738],[-7.35561,42.74702],[-7.3569,42.74735],[-7.35837,42.74855],[-7.35871,42.74857],[-7.35891,42.74687]]]}},{"type":"Feature","properties":{"COD_POSTAL":"27549"},"geometry":{"type":"Polygon","coordinates":[[[-7.62049,42.55787],[-7.62245,42.55982],[-7.60726,42.55978],[-7.61323,42.56912],[-7.61318,42.57132],[-7.60898,42.57827],[-7.60615,42.58474],[-7.60512,42.5882],[-7.60665,42.58622],[-7.60767,42.5853],[-7.61089,42.58405],[-7.61856,42.57796],[-7.62011,42.57861],[-7.62134,42.58571],[-7.62471,42.58913],[-7.6266,42.58987],[-7.6304,42.59037],[-7.63102,42.58907],[-7.63278,42.58669],[-7.63502,42.58449],[-7.63516,42.5836],[-7.63331,42.58007],[-7.63344,42.57693],[-7.63089,42.57439],[-7.63176,42.57026],[-7.63267,42.56829],[-7.63478,42.5658],[-7.63645,42.56528],[-7.64758,42.56359],[-7.6489,42.55908],[-7.64819,42.5568],[-7.64468,42.55295],[-7.64402,42.55019],[-7.63928,42.54878],[-7.63439,42.54822],[-7.63074,42.54926],[-7.6262,42.54958],[-7.62087,42.54894],[-7.6213,42.55104],[-7.6212,42.55261],[-7.6203,42.55533],[-7.62049,42.55787]]]}},{"type":"Feature","properties":{"COD_POSTAL":"27203"},"geometry":{"type":"Polygon","coordinates":[[[-7.91781,42.86583],[-7.91702,42.86628],[-7.91632,42.87341],[-7.9182,42.87367],[-7.92309,42.87631],[-7.92989,42.8756],[-7.9346,42.87355],[-7.93608,42.87137],[-7.93765,42.87259],[-7.93994,42.87335],[-7.94159,42.87446],[-7.944,42.87537],[-7.95028,42.87496],[-7.95799,42.87815],[-7.96449,42.88003],[-7.97789,42.87743],[-7.97822,42.87615],[-7.98001,42.87467],[-7.98071,42.87357],[-7.98214,42.87279],[-7.98322,42.87141],[-7.98343,42.87049],[-7.98478,42.87017],[-7.98584,42.86926],[-7.98721,42.86864],[-7.98755,42.86823],[-7.9878,42.86706],[-7.98767,42.86497],[-7.98945,42.86467],[-7.99003,42.86379],[-7.99029,42.86131],[-7.99156,42.8607],[-7.99355,42.85927],[-7.99367,42.85878],[-7.99321,42.85799],[-7.99191,42.85728],[-7.99187,42.85702],[-7.99246,42.8563],[-7.99277,42.85513],[-7.99549,42.85324],[-7.99549,42.85232],[-7.99483,42.85163],[-7.99509,42.85062],[-7.99635,42.85005],[-7.99888,42.84945],[-7.99973,42.8489],[-7.99901,42.8481],[-7.99708,42.84747],[-7.99717,42.84655],[-7.99684,42.84611],[-7.99617,42.84602],[-7.99359,42.84707],[-7.99263,42.84713],[-7.99168,42.84688],[-7.98764,42.84508],[-7.98608,42.84391],[-7.98479,42.84243],[-7.9831,42.84233],[-7.97975,42.84437],[-7.97941,42.84501],[-7.97919,42.84665],[-7.9783,42.84748],[-7.97501,42.84773],[-7.96999,42.84958],[-7.9686,42.84961],[-7.96747,42.84655],[-7.96684,42.8455],[-7.9655,42.84425],[-7.96501,42.84296],[-7.9644,42.84223],[-7.96355,42.84196],[-7.96225,42.84195],[-7.96103,42.84066],[-7.95641,42.83975],[-7.95701,42.83868],[-7.95716,42.83789],[-7.95709,42.83756],[-7.95647,42.83711],[-7.95526,42.83701],[-7.95488,42.83669],[-7.95646,42.83508],[-7.95614,42.83447],[-7.95503,42.83372],[-7.95489,42.83289],[-7.95128,42.83396],[-7.94927,42.83425],[-7.94464,42.83385],[-7.9378,42.83732],[-7.93174,42.83712],[-7.92326,42.83538],[-7.92047,42.83582],[-7.91892,42.83779],[-7.91641,42.83881],[-7.91453,42.83845],[-7.91271,42.83733],[-7.8995,42.84185],[-7.89463,42.8442],[-7.8944,42.84471],[-7.89851,42.8473],[-7.89933,42.84904],[-7.89921,42.8504],[-7.89853,42.85182],[-7.89494,42.85536],[-7.89457,42.85626],[-7.89448,42.86086],[-7.89572,42.86013],[-7.90274,42.85894],[-7.90545,42.85826],[-7.90681,42.85693],[-7.90773,42.85669],[-7.90961,42.85678],[-7.9106,42.85643],[-7.91116,42.85649],[-7.91182,42.85703],[-7.9131,42.85681],[-7.91459,42.85745],[-7.91483,42.85802],[-7.91455,42.85948],[-7.91477,42.86017],[-7.91922,42.862],[-7.92057,42.86169],[-7.92145,42.86194],[-7.92192,42.86234],[-7.92135,42.86335],[-7.92195,42.86375],[-7.92065,42.86398],[-7.91959,42.86448],[-7.91799,42.86586],[-7.91781,42.86583]]]}},{"type":"Feature","properties":{"COD_POSTAL":"27685"},"geometry":{"type":"Polygon","coordinates":[[[-7.22414,42.90011],[-7.22788,42.90283],[-7.24035,42.89638],[-7.24648,42.89089],[-7.2523,42.8889],[-7.25246,42.88858],[-7.25302,42.8884],[-7.24514,42.88297],[-7.23998,42.88062],[-7.23634,42.87808],[-7.23617,42.87819],[-7.23418,42.87239],[-7.23355,42.87209],[-7.23614,42.86966],[-7.22929,42.86993],[-7.22545,42.87141],[-7.223,42.87192],[-7.22147,42.87179],[-7.21796,42.87217],[-7.21634,42.87317],[-7.21539,42.87439],[-7.217,42.88408],[-7.21596,42.88792],[-7.21417,42.89171],[-7.21405,42.89643],[-7.21709,42.90001],[-7.21867,42.89986],[-7.22177,42.90118],[-7.22414,42.90011]]]}},{"type":"Feature","properties":{"COD_POSTAL":"27376"},"geometry":{"type":"Polygon","coordinates":[[[-7.54123,43.25753],[-7.54443,43.25866],[-7.54718,43.25979],[-7.54888,43.26081],[-7.55817,43.26445],[-7.56225,43.26765],[-7.5634,43.26752],[-7.56411,43.26685],[-7.56339,43.26333],[-7.56338,43.26221],[-7.56374,43.26065],[-7.56155,43.25944],[-7.55373,43.24983],[-7.55438,43.24735],[-7.54948,43.24139],[-7.55338,43.2385],[-7.55493,43.23668],[-7.55321,43.23709],[-7.55281,43.23707],[-7.55262,43.23669],[-7.5541,43.23603],[-7.55506,43.23589],[-7.55499,43.23525],[-7.55457,43.23463],[-7.55486,43.23428],[-7.55503,43.23336],[-7.55561,43.23284],[-7.55605,43.23275],[-7.55672,43.23302],[-7.55688,43.2325],[-7.55624,43.23127],[-7.5525,43.2282],[-7.54886,43.22566],[-7.54115,43.22215],[-7.5307,43.22375],[-7.52535,43.22099],[-7.51972,43.22065],[-7.51751,43.22078],[-7.51487,43.22166],[-7.51208,43.22296],[-7.51168,43.22223],[-7.51069,43.224],[-7.51064,43.22496],[-7.50902,43.22852],[-7.50778,43.22985],[-7.50552,43.23151],[-7.50167,43.23358],[-7.50325,43.23504],[-7.50432,43.23815],[-7.50621,43.2385],[-7.50499,43.24078],[-7.50627,43.24207],[-7.51761,43.24278],[-7.51903,43.24218],[-7.52151,43.24371],[-7.52164,43.24475],[-7.52297,43.24595],[-7.5279,43.24772],[-7.53171,43.2497],[-7.53506,43.25646],[-7.53668,43.25861],[-7.53779,43.25725],[-7.54018,43.25726],[-7.54123,43.25753]]]}},{"type":"Feature","properties":{"COD_POSTAL":"27712"},"geometry":{"type":"Polygon","coordinates":[[[-7.06496,43.49192],[-7.06937,43.49113],[-7.06954,43.49144],[-7.07094,43.49137],[-7.07195,43.49082],[-7.0728,43.49095],[-7.07445,43.49234],[-7.07514,43.4924],[-7.07564,43.49316],[-7.07466,43.49381],[-7.07416,43.49359],[-7.07306,43.49379],[-7.07242,43.49435],[-7.07319,43.49466],[-7.07514,43.49613],[-7.0765,43.49665],[-7.07745,43.4962],[-7.08008,43.49761],[-7.08021,43.49832],[-7.07906,43.49847],[-7.08227,43.50022],[-7.08518,43.50024],[-7.08685,43.49446],[-7.08774,43.49445],[-7.08868,43.49489],[-7.08887,43.49541],[-7.08859,43.49614],[-7.08978,43.49623],[-7.08995,43.49673],[-7.09325,43.49654],[-7.09435,43.49765],[-7.09443,43.49828],[-7.095,43.4988],[-7.0967,43.49863],[-7.09781,43.49896],[-7.10079,43.50053],[-7.10253,43.49786],[-7.10389,43.49671],[-7.10817,43.49788],[-7.10905,43.49743],[-7.10921,43.49686],[-7.1087,43.49542],[-7.10893,43.49449],[-7.10865,43.49316],[-7.10882,43.49257],[-7.10814,43.49192],[-7.10778,43.48798],[-7.10834,43.48632],[-7.10888,43.48579],[-7.11085,43.48566],[-7.11038,43.48532],[-7.11001,43.48434],[-7.10893,43.48008],[-7.10812,43.47928],[-7.1053,43.48034],[-7.10155,43.48088],[-7.0979,43.48106],[-7.09571,43.48003],[-7.09465,43.47885],[-7.08752,43.47893],[-7.08618,43.47844],[-7.0839,43.47878],[-7.08231,43.4784],[-7.07978,43.4793],[-7.07694,43.47638],[-7.07554,43.47605],[-7.07397,43.47531],[-7.07351,43.47446],[-7.07165,43.4741],[-7.06993,43.47266],[-7.06836,43.47065],[-7.06468,43.47159],[-7.06244,43.4738],[-7.06189,43.47405],[-7.06079,43.474],[-7.0577,43.47237],[-7.05597,43.47245],[-7.0537,43.47308],[-7.04827,43.47708],[-7.04762,43.47827],[-7.04774,43.47993],[-7.04859,43.48337],[-7.04878,43.48666],[-7.04856,43.4882],[-7.04798,43.48979],[-7.04609,43.49274],[-7.05463,43.49385],[-7.0554,43.4937],[-7.05715,43.49423],[-7.0615,43.49493],[-7.06272,43.49435],[-7.06358,43.49294],[-7.06467,43.49232],[-7.06496,43.49192]]]}},{"type":"Feature","properties":{"COD_POSTAL":"27670"},"geometry":{"type":"MultiPolygon","coordinates":[[[[-7.02164,42.71433],[-7.01925,42.71549],[-7.01963,42.71676],[-7.01354,42.72213],[-7.01089,42.72366],[-7.00598,42.72469],[-7.00446,42.72395],[-7.00242,42.72399],[-7.00037,42.72511],[-6.99941,42.72695],[-6.99557,42.72552],[-6.9942,42.7256],[-6.99228,42.72673],[-6.99019,42.72661],[-6.99287,42.73048],[-6.99767,42.73626],[-7.00996,42.73738],[-7.0112,42.73676],[-7.01234,42.73785],[-7.01386,42.7385],[-7.01421,42.73748],[-7.01543,42.73651],[-7.01646,42.73606],[-7.01763,42.73434],[-7.02057,42.73307],[-7.03198,42.72538],[-7.02164,42.71433]]],[[[-7.10431,42.74419],[-7.10392,42.74664],[-7.10535,42.74671],[-7.10636,42.74736],[-7.10831,42.74741],[-7.10919,42.74777],[-7.11208,42.74814],[-7.11179,42.74697],[-7.11437,42.74553],[-7.12291,42.73718],[-7.12528,42.73624],[-7.12241,42.73198],[-7.12488,42.732],[-7.12797,42.72877],[-7.12855,42.72716],[-7.1293,42.72614],[-7.13496,42.72132],[-7.13593,42.72081],[-7.13659,42.72118],[-7.1376,42.71822],[-7.13791,42.71819],[-7.13945,42.71701],[-7.14193,42.71443],[-7.14326,42.7137],[-7.14391,42.71272],[-7.14292,42.71019],[-7.14063,42.70648],[-7.13938,42.70254],[-7.14169,42.69926],[-7.14036,42.69753],[-7.13845,42.69589],[-7.13714,42.69519],[-7.13578,42.69378],[-7.12902,42.69063],[-7.12661,42.69445],[-7.12455,42.6957],[-7.11785,42.69643],[-7.11193,42.69895],[-7.11264,42.7031],[-7.10853,42.70875],[-7.10289,42.71204],[-7.10064,42.71491],[-7.09905,42.71599],[-7.10033,42.71663],[-7.09821,42.72006],[-7.09667,42.72012],[-7.09567,42.72202],[-7.09331,42.72258],[-7.09044,42.72141],[-7.09008,42.72051],[-7.08789,42.71911],[-7.08568,42.71709],[-7.07874,42.72047],[-7.07709,42.71997],[-7.07304,42.72298],[-7.07157,42.72662],[-7.07316,42.728],[-7.07329,42.72868],[-7.07429,42.7301],[-7.0765,42.73005],[-7.07899,42.72924],[-7.08309,42.72656],[-7.08419,42.72644],[-7.08962,42.73049],[-7.09192,42.73449],[-7.09267,42.73524],[-7.09428,42.73605],[-7.09549,42.73712],[-7.09531,42.73885],[-7.10149,42.74256],[-7.10431,42.74419]]]]}},{"type":"Feature","properties":{"COD_POSTAL":"27639"},"geometry":{"type":"Polygon","coordinates":[[[-7.22273,42.80111],[-7.22401,42.80152],[-7.22441,42.80192],[-7.22861,42.80742],[-7.22908,42.8066],[-7.23677,42.80245],[-7.24018,42.79982],[-7.24395,42.79812],[-7.24314,42.79516],[-7.23576,42.78982],[-7.23528,42.78694],[-7.23316,42.78083],[-7.23403,42.77908],[-7.24696,42.77367],[-7.24327,42.77042],[-7.24269,42.76632],[-7.2388,42.76072],[-7.23856,42.75965],[-7.23501,42.76182],[-7.23045,42.76229],[-7.22909,42.76473],[-7.22599,42.76785],[-7.22282,42.76891],[-7.21778,42.77528],[-7.21822,42.77619],[-7.20731,42.77783],[-7.20368,42.77892],[-7.19649,42.78233],[-7.19736,42.78385],[-7.19943,42.78535],[-7.20019,42.78629],[-7.20176,42.78713],[-7.20359,42.789],[-7.21022,42.79952],[-7.21262,42.80003],[-7.21476,42.8008],[-7.22213,42.80095],[-7.22273,42.80111]]]}},{"type":"Feature","properties":{"COD_POSTAL":"27659"},"geometry":{"type":"Polygon","coordinates":[[[-6.92897,42.90409],[-6.94347,42.90973],[-6.9648,42.91759],[-6.96541,42.91917],[-6.96802,42.92067],[-6.97014,42.92114],[-6.97298,42.92133],[-6.97798,42.92763],[-6.979,42.93015],[-6.98071,42.93205],[-6.98061,42.93234],[-6.98239,42.93307],[-6.98429,42.93605],[-6.98555,42.9372],[-6.9867,42.93908],[-6.98815,42.9437],[-6.98804,42.94441],[-6.98893,42.94561],[-6.99127,42.94754],[-6.99367,42.95027],[-6.99393,42.95386],[-6.99334,42.95581],[-6.99077,42.9575],[-6.99031,42.95884],[-6.98938,42.95882],[-6.98576,42.96301],[-6.98611,42.96449],[-6.9879,42.96366],[-6.98944,42.96369],[-6.99058,42.963],[-6.99661,42.96196],[-6.99818,42.96197],[-7.00097,42.96297],[-7.00311,42.96236],[-7.00502,42.96064],[-7.00878,42.95808],[-7.00916,42.95839],[-7.0121,42.95842],[-7.01335,42.9597],[-7.01459,42.96034],[-7.0184,42.965],[-7.02113,42.96243],[-7.02031,42.96111],[-7.02062,42.96028],[-7.02349,42.95946],[-7.02608,42.96027],[-7.02686,42.96104],[-7.02885,42.96187],[-7.02977,42.96323],[-7.0299,42.96405],[-7.0322,42.96526],[-7.03404,42.9668],[-7.03715,42.96766],[-7.03827,42.96973],[-7.04101,42.9712],[-7.04162,42.97233],[-7.04352,42.9727],[-7.04491,42.97334],[-7.04748,42.97311],[-7.0497,42.97241],[-7.05452,42.97141],[-7.05573,42.97089],[-7.06224,42.96949],[-7.06848,42.9699],[-7.07156,42.9546],[-7.07092,42.95364],[-7.07063,42.95267],[-7.07003,42.95207],[-7.07215,42.94904],[-7.07023,42.94508],[-7.06879,42.94287],[-7.0681,42.9376],[-7.06958,42.9347],[-7.06662,42.93312],[-7.06597,42.93244],[-7.06225,42.93162],[-7.0598,42.9314],[-7.05543,42.93208],[-7.05388,42.93396],[-7.05131,42.93573],[-7.04629,42.93804],[-7.04595,42.94029],[-7.04688,42.94137],[-7.04928,42.94203],[-7.04827,42.9426],[-7.0365,42.94459],[-7.03558,42.94455],[-7.03401,42.94365],[-7.03339,42.94365],[-7.03294,42.94303],[-7.03341,42.94229],[-7.03282,42.94118],[-7.03326,42.94076],[-7.03332,42.94011],[-7.03218,42.93815],[-7.03238,42.9379],[-7.03227,42.93728],[-7.03111,42.93526],[-7.0305,42.93503],[-7.03013,42.93453],[-7.02892,42.93456],[-7.02582,42.93223],[-7.02452,42.93188],[-7.02234,42.92945],[-7.01992,42.92845],[-7.0185,42.92699],[-7.01802,42.92598],[-7.01781,42.92409],[-7.01639,42.92286],[-7.01553,42.92242],[-7.01437,42.92225],[-7.01248,42.92098],[-7.01263,42.92028],[-7.01233,42.91927],[-7.00959,42.91763],[-7.00816,42.91629],[-7.00776,42.91405],[-7.00913,42.91132],[-7.0086,42.90965],[-7.00862,42.90734],[-7.00632,42.90665],[-7.00293,42.90724],[-7.00264,42.90747],[-6.99974,42.90654],[-6.99682,42.90825],[-6.99189,42.90647],[-6.99106,42.90304],[-6.99192,42.90143],[-6.99425,42.89919],[-6.99413,42.89345],[-6.99429,42.89216],[-6.9956,42.89091],[-7.00029,42.88997],[-7.00037,42.88882],[-7.00095,42.88837],[-7.00077,42.88364],[-6.99663,42.88238],[-6.99408,42.88245],[-6.99175,42.88168],[-6.98603,42.88479],[-6.97412,42.88196],[-6.97369,42.88157],[-6.97163,42.88082],[-6.97131,42.87948],[-6.96986,42.87883],[-6.9696,42.87683],[-6.96739,42.87499],[-6.96653,42.87367],[-6.96614,42.8726],[-6.96476,42.87146],[-6.96471,42.87073],[-6.96514,42.87015],[-6.96503,42.86932],[-6.96406,42.86854],[-6.96359,42.86764],[-6.96188,42.86705],[-6.96113,42.86655],[-6.95515,42.8646],[-6.95081,42.86266],[-6.9494,42.86327],[-6.94771,42.86287],[-6.94613,42.8647],[-6.94298,42.86081],[-6.92543,42.87412],[-6.92897,42.90409]]]}},{"type":"Feature","properties":{"COD_POSTAL":"27363"},"geometry":{"type":"MultiPolygon","coordinates":[[[[-7.44102,42.85877],[-7.44412,42.86017],[-7.44901,42.86287],[-7.44982,42.86312],[-7.45093,42.86215],[-7.45068,42.86092],[-7.44929,42.85924],[-7.44927,42.85798],[-7.45005,42.85573],[-7.45176,42.85345],[-7.45238,42.85109],[-7.45254,42.84864],[-7.45426,42.84429],[-7.44898,42.84223],[-7.44196,42.8408],[-7.44033,42.84296],[-7.44006,42.8448],[-7.44031,42.84591],[-7.44014,42.84706],[-7.43943,42.84882],[-7.43823,42.85067],[-7.43761,42.85209],[-7.43739,42.85232],[-7.43383,42.85284],[-7.43123,42.8563],[-7.4351,42.85991],[-7.43788,42.85877],[-7.43917,42.85915],[-7.44035,42.85873],[-7.44102,42.85877]]],[[[-7.48358,42.85244],[-7.48507,42.8546],[-7.48492,42.85713],[-7.48396,42.85849],[-7.48111,42.85932],[-7.48119,42.86045],[-7.48487,42.86024],[-7.48962,42.86079],[-7.49203,42.86141],[-7.4947,42.86399],[-7.4953,42.86402],[-7.49899,42.86207],[-7.50159,42.86157],[-7.50587,42.86219],[-7.50822,42.86172],[-7.50967,42.86171],[-7.51134,42.86219],[-7.51557,42.86254],[-7.51665,42.8632],[-7.51829,42.86572],[-7.51995,42.86752],[-7.52076,42.86933],[-7.52174,42.87025],[-7.52293,42.87031],[-7.52349,42.87],[-7.52458,42.86988],[-7.52573,42.87046],[-7.53518,42.8636],[-7.53737,42.86145],[-7.54074,42.8575],[-7.5379,42.85634],[-7.53647,42.85488],[-7.53629,42.85323],[-7.53721,42.84882],[-7.53315,42.84974],[-7.51985,42.85421],[-7.5152,42.85533],[-7.51135,42.85592],[-7.51213,42.85056],[-7.51012,42.84734],[-7.50848,42.84592],[-7.50929,42.84426],[-7.51588,42.83877],[-7.51683,42.83743],[-7.52125,42.838],[-7.52384,42.8386],[-7.52711,42.83969],[-7.53011,42.84146],[-7.53248,42.84237],[-7.53374,42.84232],[-7.53487,42.84205],[-7.53581,42.84061],[-7.53624,42.83906],[-7.54296,42.83594],[-7.54837,42.83164],[-7.55918,42.83226],[-7.56429,42.83344],[-7.56544,42.83164],[-7.56595,42.83116],[-7.56681,42.83099],[-7.57639,42.83288],[-7.57931,42.8341],[-7.58585,42.83498],[-7.58807,42.83622],[-7.58864,42.8364],[-7.58931,42.83626],[-7.58997,42.8348],[-7.5899,42.83253],[-7.59025,42.83133],[-7.59178,42.83004],[-7.59293,42.82837],[-7.59645,42.82461],[-7.59868,42.82296],[-7.60032,42.82104],[-7.60133,42.81932],[-7.60191,42.81787],[-7.60187,42.81111],[-7.60234,42.80805],[-7.603,42.80622],[-7.60372,42.80533],[-7.60563,42.80433],[-7.60925,42.80347],[-7.60914,42.8025],[-7.60878,42.80179],[-7.60256,42.80356],[-7.59165,42.79987],[-7.58824,42.80115],[-7.57909,42.79969],[-7.57672,42.79618],[-7.57463,42.79404],[-7.56813,42.795],[-7.5603,42.79844],[-7.55485,42.79975],[-7.55254,42.79846],[-7.54861,42.79801],[-7.54359,42.7954],[-7.53337,42.79538],[-7.51653,42.79827],[-7.50701,42.8005],[-7.50653,42.80141],[-7.50573,42.80181],[-7.50372,42.80194],[-7.50171,42.80407],[-7.50022,42.80496],[-7.49851,42.80726],[-7.49738,42.8093],[-7.49322,42.81298],[-7.4886,42.81647],[-7.49795,42.82039],[-7.49702,42.82502],[-7.50157,42.83231],[-7.50205,42.83358],[-7.50127,42.83516],[-7.49973,42.83633],[-7.49781,42.83734],[-7.49852,42.83831],[-7.49083,42.84287],[-7.49004,42.84276],[-7.48673,42.84061],[-7.48051,42.84122],[-7.47943,42.84232],[-7.48004,42.84296],[-7.4802,42.84389],[-7.48145,42.84552],[-7.48279,42.84808],[-7.48401,42.84807],[-7.48566,42.8477],[-7.48737,42.8487],[-7.48749,42.85062],[-7.48358,42.85244]]]]}},{"type":"Feature","properties":{"COD_POSTAL":"27680"},"geometry":{"type":"MultiPolygon","coordinates":[[[[-7.25431,42.88758],[-7.25349,42.88836],[-7.2529,42.88833],[-7.2523,42.8889],[-7.24648,42.89089],[-7.24035,42.89638],[-7.22788,42.90283],[-7.22851,42.90485],[-7.23041,42.90739],[-7.23088,42.90958],[-7.23209,42.90867],[-7.23477,42.90818],[-7.2358,42.9085],[-7.23656,42.90931],[-7.23795,42.90913],[-7.24006,42.90728],[-7.23962,42.90625],[-7.23851,42.90544],[-7.23798,42.90434],[-7.2398,42.90255],[-7.2431,42.90056],[-7.24451,42.90227],[-7.24558,42.90218],[-7.25034,42.90268],[-7.25546,42.90202],[-7.2536,42.89903],[-7.256,42.89907],[-7.25708,42.89883],[-7.26453,42.89331],[-7.26122,42.89226],[-7.26202,42.8897],[-7.2616,42.88945],[-7.26045,42.89],[-7.25933,42.89103],[-7.25451,42.88881],[-7.25501,42.88807],[-7.25431,42.88758]]],[[[-7.27463,42.90803],[-7.27321,42.90837],[-7.27362,42.91124],[-7.27607,42.91331],[-7.27717,42.91703],[-7.27226,42.91732],[-7.27053,42.91864],[-7.263,42.91988],[-7.25168,42.92493],[-7.25258,42.92881],[-7.25264,42.93168],[-7.2519,42.93526],[-7.25304,42.9387],[-7.25336,42.94089],[-7.25301,42.94301],[-7.25436,42.94551],[-7.2559,42.9462],[-7.26008,42.94554],[-7.26318,42.94381],[-7.26531,42.94333],[-7.26902,42.9432],[-7.27084,42.94286],[-7.2716,42.94319],[-7.27236,42.94409],[-7.2727,42.94493],[-7.27347,42.94524],[-7.27425,42.94467],[-7.27605,42.94508],[-7.28292,42.94497],[-7.28334,42.94445],[-7.28358,42.94271],[-7.28761,42.94114],[-7.29012,42.93913],[-7.2899,42.93859],[-7.2941,42.9389],[-7.29574,42.94006],[-7.30621,42.9396],[-7.31424,42.94248],[-7.32176,42.93035],[-7.33383,42.92351],[-7.34173,42.92288],[-7.34206,42.92088],[-7.34318,42.91999],[-7.3446,42.91969],[-7.34631,42.92059],[-7.34705,42.92246],[-7.34941,42.92227],[-7.35078,42.91784],[-7.34849,42.91331],[-7.3458,42.91085],[-7.34379,42.90787],[-7.34206,42.90618],[-7.34044,42.90623],[-7.33241,42.90452],[-7.32351,42.88568],[-7.32486,42.87938],[-7.31035,42.87551],[-7.30483,42.87458],[-7.29862,42.87553],[-7.29398,42.87243],[-7.29355,42.87268],[-7.29297,42.87457],[-7.2932,42.87577],[-7.29287,42.88088],[-7.29438,42.88455],[-7.30267,42.88886],[-7.2897,42.89416],[-7.27993,42.89644],[-7.28078,42.90716],[-7.2803,42.90765],[-7.27868,42.90821],[-7.27715,42.90837],[-7.27465,42.90803],[-7.27463,42.90803]]]]}},{"type":"Feature","properties":{"COD_POSTAL":"27679"},"geometry":{"type":"Polygon","coordinates":[[[-7.13855,42.85729],[-7.14133,42.85718],[-7.14411,42.85654],[-7.14649,42.85567],[-7.14738,42.85491],[-7.14805,42.85373],[-7.14858,42.85123],[-7.14778,42.85014],[-7.14781,42.84925],[-7.1492,42.84609],[-7.15019,42.84484],[-7.15229,42.84383],[-7.15608,42.84353],[-7.16098,42.84238],[-7.16088,42.84118],[-7.1616,42.84021],[-7.16197,42.83453],[-7.16187,42.83278],[-7.1612,42.83212],[-7.15617,42.83067],[-7.15309,42.83302],[-7.15142,42.83396],[-7.14953,42.83451],[-7.14739,42.83458],[-7.14288,42.83834],[-7.1385,42.84305],[-7.13692,42.84436],[-7.13643,42.84535],[-7.13661,42.84749],[-7.13571,42.84883],[-7.13289,42.84949],[-7.13137,42.8508],[-7.1292,42.85178],[-7.12819,42.85274],[-7.12813,42.85367],[-7.1275,42.85559],[-7.13233,42.85695],[-7.13556,42.85722],[-7.13855,42.85729]]]}},{"type":"Feature","properties":{"COD_POSTAL":"27651"},"geometry":{"type":"Polygon","coordinates":[[[-7.08957,42.98498],[-7.08465,42.98492],[-7.08143,42.98404],[-7.07811,42.98426],[-7.07502,42.98585],[-7.07339,42.98614],[-7.07195,42.98552],[-7.06927,42.98508],[-7.06707,42.98533],[-7.06688,42.98515],[-7.06685,42.98549],[-7.05839,42.98586],[-7.05556,42.98485],[-7.05248,42.98655],[-7.05067,42.98512],[-7.04596,42.98418],[-7.04295,42.98454],[-7.042,42.98504],[-7.03838,42.98251],[-7.0386,42.98192],[-7.03655,42.98083],[-7.02871,42.98121],[-7.02047,42.98231],[-7.01446,42.97916],[-7.01271,42.97767],[-7.00995,42.98979],[-7.0104,42.99069],[-7.01001,42.99512],[-7.00938,42.99787],[-7.00859,42.99869],[-7.00619,42.99931],[-7.00952,43.00347],[-7.01364,43.00303],[-7.0153,43.00441],[-7.01573,43.00671],[-7.01776,43.00808],[-7.01876,43.00802],[-7.02168,43.00847],[-7.02295,43.00925],[-7.02475,43.0111],[-7.02658,43.01202],[-7.02766,43.02739],[-7.03833,43.02284],[-7.04206,43.02249],[-7.04541,43.02115],[-7.04754,43.02096],[-7.05,43.0214],[-7.05198,43.02122],[-7.05643,43.02212],[-7.05848,43.02179],[-7.062,43.0217],[-7.06326,43.02095],[-7.06734,43.01972],[-7.06797,43.01908],[-7.06879,43.01633],[-7.07015,43.01424],[-7.07495,43.01272],[-7.07606,43.01205],[-7.07838,43.01005],[-7.07938,43.00977],[-7.08186,43.00495],[-7.08113,43.00299],[-7.07872,43.0004],[-7.07908,42.9988],[-7.09154,42.98808],[-7.09325,42.98495],[-7.08957,42.98498]]]}},{"type":"Feature","properties":{"COD_POSTAL":"27390"},"geometry":{"type":"Polygon","coordinates":[[[-7.20046,42.42921],[-7.2057,42.43019],[-7.20815,42.43039],[-7.21172,42.42913],[-7.22275,42.42607],[-7.22017,42.42131],[-7.22008,42.41954],[-7.22077,42.41829],[-7.22378,42.41607],[-7.22516,42.41436],[-7.22527,42.41367],[-7.22515,42.41308],[-7.22434,42.4118],[-7.22218,42.41065],[-7.21977,42.40823],[-7.21831,42.40612],[-7.21825,42.40469],[-7.21872,42.40223],[-7.21562,42.39865],[-7.21528,42.39701],[-7.21539,42.3956],[-7.21696,42.39383],[-7.21918,42.39359],[-7.21996,42.39267],[-7.21998,42.39226],[-7.2173,42.38993],[-7.2148,42.38648],[-7.21482,42.38605],[-7.21583,42.38524],[-7.21673,42.38492],[-7.22331,42.38359],[-7.22403,42.38327],[-7.22965,42.37661],[-7.22983,42.37603],[-7.22962,42.37517],[-7.22697,42.37173],[-7.22695,42.37085],[-7.22832,42.36598],[-7.22836,42.36401],[-7.22885,42.36327],[-7.23051,42.3621],[-7.2311,42.36093],[-7.23093,42.35914],[-7.22983,42.35648],[-7.22706,42.35325],[-7.22516,42.35056],[-7.22356,42.34771],[-7.22236,42.34483],[-7.21894,42.33941],[-7.21767,42.33694],[-7.21441,42.33345],[-7.20267,42.3257],[-7.20179,42.32919],[-7.19934,42.33198],[-7.19806,42.33296],[-7.1942,42.34256],[-7.19394,42.34462],[-7.19569,42.35038],[-7.19574,42.35257],[-7.19052,42.36404],[-7.18232,42.36563],[-7.18571,42.37137],[-7.18382,42.3739],[-7.18266,42.37488],[-7.18212,42.37605],[-7.18173,42.37633],[-7.17946,42.37677],[-7.17738,42.3763],[-7.17185,42.37923],[-7.16772,42.39251],[-7.16734,42.39343],[-7.16606,42.39319],[-7.16516,42.39592],[-7.1656,42.3983],[-7.16437,42.40192],[-7.16466,42.4026],[-7.1662,42.40445],[-7.16396,42.40659],[-7.16218,42.40957],[-7.15859,42.41105],[-7.15845,42.41324],[-7.15705,42.41384],[-7.1541,42.41606],[-7.14922,42.42051],[-7.14688,42.42183],[-7.14733,42.42267],[-7.1502,42.42333],[-7.15139,42.42543],[-7.15173,42.42717],[-7.16805,42.42855],[-7.17892,42.42913],[-7.18476,42.42705],[-7.18873,42.42707],[-7.19092,42.42746],[-7.19293,42.42744],[-7.19777,42.42845],[-7.20046,42.42921]]]}},{"type":"Feature","properties":{"COD_POSTAL":"27748"},"geometry":{"type":"Polygon","coordinates":[[[-7.35522,43.42319],[-7.35577,43.42057],[-7.35289,43.41768],[-7.35029,43.41218],[-7.35568,43.40906],[-7.365,43.4018],[-7.37056,43.39846],[-7.37152,43.39734],[-7.3714,43.39635],[-7.36794,43.39391],[-7.36738,43.39179],[-7.36756,43.39108],[-7.37751,43.38762],[-7.3777,43.38027],[-7.36915,43.38531],[-7.3675,43.38556],[-7.36633,43.38533],[-7.36367,43.3837],[-7.35655,43.38072],[-7.35603,43.38011],[-7.35359,43.37918],[-7.3507,43.37959],[-7.34586,43.38154],[-7.34451,43.38125],[-7.34304,43.38131],[-7.34029,43.39036],[-7.33947,43.3922],[-7.33631,43.39693],[-7.33092,43.40348],[-7.33375,43.40448],[-7.33475,43.40579],[-7.33605,43.41032],[-7.33692,43.41142],[-7.33894,43.41275],[-7.33864,43.41591],[-7.34273,43.4166],[-7.33845,43.42071],[-7.33182,43.42536],[-7.32859,43.42848],[-7.33034,43.43181],[-7.34043,43.43202],[-7.34052,43.4334],[-7.33921,43.43616],[-7.3415,43.43681],[-7.34472,43.43735],[-7.34938,43.4365],[-7.35511,43.4344],[-7.35516,43.43365],[-7.35468,43.43274],[-7.35581,43.43215],[-7.35575,43.43105],[-7.35708,43.4305],[-7.35757,43.42915],[-7.35724,43.42774],[-7.35585,43.42727],[-7.3546,43.4281],[-7.35468,43.42673],[-7.35434,43.42588],[-7.35442,43.42512],[-7.35417,43.42503],[-7.35417,43.42339],[-7.35493,43.42318],[-7.35522,43.42332],[-7.35522,43.42319]]]}},{"type":"Feature","properties":{"COD_POSTAL":"27350"},"geometry":{"type":"Polygon","coordinates":[[[-7.49816,42.6685],[-7.50815,42.66698],[-7.50505,42.6627],[-7.50628,42.66086],[-7.50575,42.65972],[-7.50653,42.65886],[-7.50543,42.65555],[-7.5024,42.65418],[-7.49353,42.6529],[-7.48775,42.6525],[-7.4851,42.6519],[-7.48392,42.65086],[-7.48496,42.6495],[-7.48543,42.64559],[-7.48567,42.6423],[-7.48517,42.64062],[-7.48512,42.63802],[-7.48082,42.63707],[-7.47856,42.64391],[-7.47781,42.64485],[-7.47486,42.64689],[-7.47213,42.65013],[-7.46932,42.65292],[-7.46533,42.65391],[-7.4639,42.65487],[-7.46243,42.65771],[-7.45411,42.66366],[-7.45213,42.66589],[-7.45444,42.66681],[-7.4595,42.66727],[-7.4638,42.66939],[-7.4658,42.67188],[-7.46845,42.67269],[-7.47408,42.6724],[-7.47626,42.67421],[-7.48172,42.67527],[-7.4845,42.67715],[-7.48804,42.68028],[-7.49099,42.68137],[-7.49369,42.67537],[-7.49355,42.67052],[-7.49588,42.6695],[-7.49816,42.6685]]]}},{"type":"Feature","properties":{"COD_POSTAL":"27661"},"geometry":{"type":"Polygon","coordinates":[[[-7.04941,42.93208],[-7.04994,42.93223],[-7.05143,42.93382],[-7.05224,42.93331],[-7.05289,42.93168],[-7.05317,42.93147],[-7.05357,42.93139],[-7.05479,42.93221],[-7.05543,42.93208],[-7.06532,42.92449],[-7.06235,42.91646],[-7.06312,42.91614],[-7.06492,42.91592],[-7.06569,42.91414],[-7.0664,42.91396],[-7.06938,42.91419],[-7.06997,42.91391],[-7.06999,42.91341],[-7.07185,42.91335],[-7.07887,42.91229],[-7.08088,42.91296],[-7.08148,42.9138],[-7.08137,42.91497],[-7.07846,42.91682],[-7.07767,42.91753],[-7.07738,42.91848],[-7.07866,42.92116],[-7.07781,42.92517],[-7.07826,42.92597],[-7.0793,42.92687],[-7.08019,42.92743],[-7.08307,42.92841],[-7.09218,42.93007],[-7.09844,42.92977],[-7.10244,42.92832],[-7.10212,42.9239],[-7.10073,42.92005],[-7.10078,42.91735],[-7.09937,42.91259],[-7.0989,42.90444],[-7.09528,42.90453],[-7.09022,42.90301],[-7.08712,42.89982],[-7.08457,42.89866],[-7.08084,42.89741],[-7.08024,42.8958],[-7.07715,42.89526],[-7.07534,42.8946],[-7.06876,42.88994],[-7.06927,42.88909],[-7.07099,42.88769],[-7.07137,42.88695],[-7.0713,42.88544],[-7.07031,42.88442],[-7.07022,42.88381],[-7.07267,42.88225],[-7.07576,42.88139],[-7.07368,42.87999],[-7.07257,42.87891],[-7.06997,42.8784],[-7.06425,42.87882],[-7.06257,42.87954],[-7.05178,42.88192],[-7.04908,42.88187],[-7.04474,42.88062],[-7.0423,42.88038],[-7.03999,42.88119],[-7.03908,42.88313],[-7.03653,42.88387],[-7.0333,42.88437],[-7.02336,42.88416],[-7.02507,42.88872],[-7.02864,42.89477],[-7.03149,42.8985],[-7.03585,42.90961],[-7.04379,42.92011],[-7.04945,42.92331],[-7.04676,42.92781],[-7.0474,42.93329],[-7.04812,42.93238],[-7.04891,42.93203],[-7.04941,42.93208]]]}},{"type":"Feature","properties":{"COD_POSTAL":"27654"},"geometry":{"type":"Polygon","coordinates":[[[-6.93885,43.01091],[-6.94064,43.01139],[-6.94195,43.017],[-6.94456,43.02211],[-6.9457,43.02585],[-6.94655,43.03245],[-6.9571,43.03678],[-6.95681,43.03564],[-6.95597,43.03493],[-6.95646,43.03409],[-6.95801,43.03331],[-6.95871,43.03083],[-6.95834,43.03046],[-6.95753,43.0304],[-6.95794,43.02911],[-6.95925,43.02838],[-6.96445,43.02657],[-6.96376,43.02566],[-6.96125,43.02355],[-6.9604,43.0222],[-6.96077,43.02128],[-6.9611,43.02107],[-6.96253,43.02035],[-6.96388,43.02004],[-6.96389,43.01938],[-6.96145,43.01809],[-6.96041,43.01697],[-6.95952,43.01534],[-6.95958,43.01447],[-6.95996,43.01385],[-6.96203,43.01248],[-6.96207,43.01199],[-6.9618,43.01154],[-6.96108,43.01118],[-6.96016,43.01007],[-6.95969,43.00799],[-6.96015,43.00701],[-6.96157,43.0066],[-6.96205,43.00634],[-6.96221,43.00591],[-6.96189,43.00533],[-6.96046,43.00514],[-6.95989,43.00439],[-6.95974,43.00322],[-6.96053,43.00174],[-6.96202,43.00085],[-6.96208,43.00057],[-6.9617,43.0002],[-6.95988,42.9998],[-6.95704,42.99821],[-6.95607,42.99614],[-6.95757,42.99546],[-6.95563,42.99356],[-6.9549,42.99198],[-6.95511,42.9912],[-6.95798,42.98756],[-6.95554,42.98774],[-6.95452,42.98741],[-6.95295,42.98753],[-6.95267,42.98716],[-6.95053,42.98689],[-6.95034,42.98646],[-6.94863,42.98615],[-6.94822,42.9867],[-6.94656,42.98645],[-6.94441,42.98678],[-6.94354,42.98605],[-6.94166,42.98583],[-6.93931,42.98594],[-6.93462,42.98668],[-6.9259,42.98663],[-6.92525,42.98574],[-6.92223,42.9844],[-6.92147,42.98267],[-6.92003,42.98275],[-6.91879,42.98432],[-6.91855,42.98544],[-6.91628,42.98708],[-6.91513,42.98841],[-6.91141,42.98955],[-6.91032,42.99014],[-6.91137,42.99201],[-6.91832,42.99828],[-6.9204,42.99942],[-6.92205,43.00138],[-6.92392,43.00225],[-6.92594,43.00223],[-6.92779,43.00371],[-6.92958,43.00397],[-6.92993,43.00453],[-6.93088,43.0046],[-6.93265,43.00669],[-6.93232,43.00818],[-6.93257,43.00884],[-6.93646,43.01063],[-6.93829,43.01061],[-6.93885,43.01091]]]}},{"type":"Feature","properties":{"COD_POSTAL":"27747"},"geometry":{"type":"Polygon","coordinates":[[[-7.38158,43.47629],[-7.38432,43.47705],[-7.38301,43.47475],[-7.38242,43.47297],[-7.38263,43.47029],[-7.38484,43.46601],[-7.38619,43.46443],[-7.38718,43.46176],[-7.38624,43.46146],[-7.37988,43.45539],[-7.3834,43.4541],[-7.39385,43.4514],[-7.39513,43.45074],[-7.39546,43.45093],[-7.39823,43.45013],[-7.3984,43.45141],[-7.40002,43.4524],[-7.40257,43.45258],[-7.41162,43.45077],[-7.41417,43.45088],[-7.42766,43.45547],[-7.43921,43.45585],[-7.44165,43.45662],[-7.44294,43.45814],[-7.44742,43.45984],[-7.44733,43.45885],[-7.4484,43.45758],[-7.44776,43.45273],[-7.44802,43.45082],[-7.44972,43.44587],[-7.4526,43.44041],[-7.4527,43.42725],[-7.45071,43.42263],[-7.44937,43.42052],[-7.44392,43.41938],[-7.4369,43.41932],[-7.43377,43.41862],[-7.42871,43.41699],[-7.42408,43.41285],[-7.42414,43.41184],[-7.42685,43.40927],[-7.42789,43.40889],[-7.43011,43.40873],[-7.43206,43.40556],[-7.43441,43.40408],[-7.4368,43.40116],[-7.43222,43.39974],[-7.43086,43.3976],[-7.43118,43.39628],[-7.43261,43.39344],[-7.43092,43.38904],[-7.42744,43.39131],[-7.42038,43.39334],[-7.41701,43.39375],[-7.41364,43.39367],[-7.40412,43.39234],[-7.40162,43.39291],[-7.39743,43.3996],[-7.39567,43.39995],[-7.39033,43.39986],[-7.38481,43.40535],[-7.38509,43.40729],[-7.38121,43.40809],[-7.37069,43.41499],[-7.3694,43.41716],[-7.36897,43.4212],[-7.36763,43.4262],[-7.36703,43.42632],[-7.36733,43.42683],[-7.36719,43.42723],[-7.36603,43.42739],[-7.36651,43.42741],[-7.36679,43.42836],[-7.368,43.4285],[-7.36829,43.42895],[-7.36886,43.42897],[-7.36879,43.42945],[-7.36511,43.43161],[-7.3621,43.433],[-7.36125,43.43374],[-7.36232,43.43481],[-7.35769,43.44041],[-7.35694,43.44102],[-7.35612,43.43998],[-7.35186,43.4437],[-7.34878,43.44748],[-7.34449,43.45051],[-7.34407,43.45134],[-7.34494,43.45598],[-7.34501,43.46655],[-7.34927,43.4674],[-7.34833,43.46821],[-7.3478,43.47143],[-7.34972,43.47368],[-7.35659,43.47303],[-7.3635,43.47447],[-7.37381,43.47193],[-7.37857,43.47406],[-7.38158,43.47629]]]}},{"type":"Feature","properties":{"COD_POSTAL":"27180"},"geometry":{"type":"Polygon","coordinates":[[[-7.54532,42.97471],[-7.55012,42.97758],[-7.5559,42.97534],[-7.56221,42.97498],[-7.57245,42.97614],[-7.5739,42.97661],[-7.57446,42.97604],[-7.57483,42.97346],[-7.57764,42.96559],[-7.57774,42.96129],[-7.57832,42.95855],[-7.58039,42.95268],[-7.58207,42.94946],[-7.58061,42.94866],[-7.57399,42.94829],[-7.57226,42.94864],[-7.57209,42.94919],[-7.5702,42.94931],[-7.56768,42.94895],[-7.56751,42.94848],[-7.56668,42.94812],[-7.56488,42.94837],[-7.56234,42.94824],[-7.56043,42.94712],[-7.55858,42.94674],[-7.55615,42.94552],[-7.55212,42.94587],[-7.55038,42.94468],[-7.55029,42.94353],[-7.54894,42.94297],[-7.54772,42.94188],[-7.54744,42.9404],[-7.54678,42.93947],[-7.54268,42.93829],[-7.53755,42.93845],[-7.53676,42.93906],[-7.5407,42.94233],[-7.54212,42.94385],[-7.54275,42.94518],[-7.54318,42.94554],[-7.54301,42.94575],[-7.54328,42.95015],[-7.54548,42.95206],[-7.54803,42.956],[-7.54814,42.95689],[-7.53614,42.96555],[-7.53976,42.96917],[-7.54532,42.97471]]]}},{"type":"Feature","properties":{"COD_POSTAL":"27241"},"geometry":{"type":"MultiPolygon","coordinates":[[[[-7.2586,43.26286],[-7.25859,43.26386],[-7.25901,43.26353],[-7.2586,43.26286]]],[[[-7.25661,43.25965],[-7.25673,43.26132],[-7.25652,43.26233],[-7.2586,43.26286],[-7.26065,43.25909],[-7.26112,43.25512],[-7.26488,43.24784],[-7.26464,43.24641],[-7.26057,43.23994],[-7.25337,43.23639],[-7.25197,43.23373],[-7.25024,43.22208],[-7.25005,43.21946],[-7.24842,43.21569],[-7.24682,43.21448],[-7.24576,43.21229],[-7.24074,43.21164],[-7.23945,43.21067],[-7.23835,43.2104],[-7.2365,43.21102],[-7.23426,43.21106],[-7.23211,43.2125],[-7.22964,43.21296],[-7.22858,43.21378],[-7.22627,43.21497],[-7.22588,43.21782],[-7.22548,43.21865],[-7.2252,43.22027],[-7.22428,43.22127],[-7.22596,43.22838],[-7.22579,43.22917],[-7.2254,43.2294],[-7.21835,43.22976],[-7.21508,43.23027],[-7.21267,43.23107],[-7.21145,43.23197],[-7.20945,43.23412],[-7.20743,43.23451],[-7.20486,43.2342],[-7.20215,43.2324],[-7.20082,43.23243],[-7.19985,43.23177],[-7.19798,43.23114],[-7.19794,43.23364],[-7.19753,43.23439],[-7.19802,43.23607],[-7.19779,43.2377],[-7.19854,43.23824],[-7.19922,43.23799],[-7.19948,43.23647],[-7.19981,43.23595],[-7.20049,43.23561],[-7.20176,43.23562],[-7.20253,43.23591],[-7.20298,43.23638],[-7.20303,43.23687],[-7.20194,43.24036],[-7.20076,43.24326],[-7.20084,43.24362],[-7.20203,43.24474],[-7.20264,43.24706],[-7.20113,43.24834],[-7.20076,43.24928],[-7.20181,43.25327],[-7.20373,43.25483],[-7.20458,43.25779],[-7.20561,43.25791],[-7.20752,43.25729],[-7.2097,43.25745],[-7.20986,43.25726],[-7.20828,43.25464],[-7.21225,43.25455],[-7.21252,43.25423],[-7.21318,43.25444],[-7.21445,43.25337],[-7.21585,43.25334],[-7.21844,43.25195],[-7.22038,43.252],[-7.22166,43.25276],[-7.22405,43.25208],[-7.22503,43.2528],[-7.22564,43.25259],[-7.22656,43.25277],[-7.22752,43.25365],[-7.22743,43.25397],[-7.22763,43.25418],[-7.22888,43.25414],[-7.22911,43.25467],[-7.22951,43.25489],[-7.23168,43.25458],[-7.23227,43.25429],[-7.2327,43.2539],[-7.23284,43.25307],[-7.23321,43.25285],[-7.2352,43.25284],[-7.23763,43.25197],[-7.23866,43.25193],[-7.23991,43.25247],[-7.24139,43.25273],[-7.24242,43.25251],[-7.2439,43.25262],[-7.24608,43.25201],[-7.2478,43.25188],[-7.2507,43.25251],[-7.25067,43.2538],[-7.25091,43.25477],[-7.25195,43.25514],[-7.25246,43.25691],[-7.25487,43.25891],[-7.25596,43.25944],[-7.25635,43.25897],[-7.25661,43.25965]]]]}},{"type":"Feature","properties":{"COD_POSTAL":"27830"},"geometry":{"type":"Polygon","coordinates":[[[-7.68482,43.32111],[-7.68324,43.32179],[-7.68345,43.32352],[-7.68403,43.32459],[-7.68389,43.32631],[-7.68417,43.32739],[-7.68586,43.32987],[-7.69014,43.33343],[-7.69122,43.33478],[-7.6915,43.3361],[-7.68748,43.33944],[-7.68919,43.34158],[-7.69174,43.34386],[-7.69787,43.35247],[-7.69988,43.35641],[-7.71045,43.36449],[-7.71135,43.3694],[-7.71139,43.37495],[-7.71903,43.37454],[-7.72298,43.37387],[-7.73073,43.37334],[-7.74501,43.37298],[-7.74618,43.37227],[-7.74863,43.37009],[-7.75045,43.36654],[-7.75109,43.36461],[-7.75206,43.36378],[-7.75392,43.35437],[-7.75387,43.35311],[-7.75325,43.35183],[-7.75027,43.34844],[-7.74725,43.34276],[-7.74629,43.34055],[-7.74613,43.33934],[-7.74663,43.33626],[-7.7464,43.33433],[-7.74563,43.33229],[-7.74097,43.32406],[-7.73945,43.31949],[-7.73781,43.31581],[-7.7368,43.31419],[-7.73487,43.31228],[-7.73317,43.31169],[-7.73073,43.31192],[-7.72956,43.31179],[-7.72841,43.31135],[-7.72628,43.31015],[-7.7256,43.30948],[-7.72487,43.30795],[-7.72326,43.30696],[-7.72338,43.30665],[-7.72298,43.30628],[-7.72288,43.30644],[-7.72284,43.30621],[-7.72185,43.30611],[-7.72095,43.30539],[-7.71854,43.30618],[-7.71421,43.31152],[-7.71277,43.31253],[-7.70927,43.31405],[-7.7089,43.31468],[-7.70771,43.31528],[-7.70453,43.31625],[-7.70383,43.31665],[-7.7032,43.31774],[-7.69725,43.32004],[-7.69511,43.3204],[-7.69111,43.32092],[-7.68644,43.32032],[-7.68482,43.32111]]]}},{"type":"Feature","properties":{"COD_POSTAL":"27227"},"geometry":{"type":"Polygon","coordinates":[[[-7.7929,43.01576],[-7.79312,43.0165],[-7.79292,43.01702],[-7.79328,43.02187],[-7.7944,43.02283],[-7.79693,43.02364],[-7.79997,43.02804],[-7.80156,43.02955],[-7.80297,43.03285],[-7.80388,43.0332],[-7.80614,43.03525],[-7.80779,43.03511],[-7.81002,43.03559],[-7.81229,43.03549],[-7.81331,43.03455],[-7.81421,43.03124],[-7.81569,43.02789],[-7.81802,43.02667],[-7.82112,43.02645],[-7.82766,43.025],[-7.8304,43.02464],[-7.83282,43.02472],[-7.83633,43.02549],[-7.84014,43.02451],[-7.84238,43.02523],[-7.8438,43.02321],[-7.85292,43.01993],[-7.8546,43.01865],[-7.85676,43.01435],[-7.86327,43.01034],[-7.8643,43.0106],[-7.86444,43.01142],[-7.87221,43.01234],[-7.87267,43.01211],[-7.8729,43.01165],[-7.87403,43.01112],[-7.8841,43.00963],[-7.88857,43.00797],[-7.88952,43.00702],[-7.88998,43.00527],[-7.89059,43.0048],[-7.89141,43.00298],[-7.89217,43.00234],[-7.89276,43.00043],[-7.89634,42.99717],[-7.90206,42.99703],[-7.9051,42.99662],[-7.90537,42.99559],[-7.90681,42.99531],[-7.91131,42.99674],[-7.90531,42.9854],[-7.90643,42.97649],[-7.89736,42.97495],[-7.88421,42.97372],[-7.88148,42.97563],[-7.87766,42.97336],[-7.86021,42.98011],[-7.85437,42.97988],[-7.85142,42.98006],[-7.84216,42.97811],[-7.83727,42.97901],[-7.83652,42.97978],[-7.83672,42.98141],[-7.83631,42.98244],[-7.83405,42.98417],[-7.82953,42.98865],[-7.82819,42.98884],[-7.82777,42.99012],[-7.81929,42.99639],[-7.81785,42.99965],[-7.81516,43.00375],[-7.8115,43.00632],[-7.80865,43.00961],[-7.80812,43.00954],[-7.80646,43.01017],[-7.79861,43.01216],[-7.79213,43.01437],[-7.7929,43.01576]]]}},{"type":"Feature","properties":{"COD_POSTAL":"27306"},"geometry":{"type":"Polygon","coordinates":[[[-7.82897,43.28465],[-7.82978,43.28527],[-7.83535,43.29196],[-7.83731,43.2946],[-7.83921,43.29844],[-7.83998,43.29937],[-7.84729,43.29904],[-7.85867,43.29642],[-7.85974,43.2954],[-7.86098,43.29466],[-7.87043,43.29055],[-7.87518,43.28764],[-7.87775,43.28309],[-7.87499,43.2764],[-7.87613,43.26991],[-7.87089,43.26189],[-7.87013,43.26105],[-7.86851,43.26143],[-7.86772,43.26133],[-7.86669,43.26083],[-7.86588,43.2601],[-7.86542,43.25886],[-7.86528,43.25727],[-7.86434,43.25574],[-7.86311,43.25445],[-7.85631,43.25198],[-7.85363,43.25182],[-7.85108,43.25247],[-7.84905,43.2532],[-7.84846,43.25405],[-7.84524,43.25548],[-7.84473,43.25818],[-7.84439,43.25885],[-7.84344,43.25961],[-7.84289,43.2604],[-7.84238,43.25897],[-7.84226,43.25785],[-7.84014,43.25504],[-7.83982,43.25413],[-7.83486,43.25154],[-7.83329,43.25035],[-7.83251,43.24661],[-7.83141,43.2445],[-7.82751,43.24087],[-7.82477,43.23929],[-7.82369,43.23899],[-7.82307,43.23927],[-7.8224,43.24056],[-7.82017,43.241],[-7.81812,43.24245],[-7.81614,43.24333],[-7.81354,43.24356],[-7.81149,43.24444],[-7.80809,43.24532],[-7.8,43.24572],[-7.79533,43.24508],[-7.7985,43.24607],[-7.79996,43.24711],[-7.79995,43.24809],[-7.80107,43.25151],[-7.80061,43.25226],[-7.80039,43.2536],[-7.80039,43.25648],[-7.80002,43.25742],[-7.7999,43.25919],[-7.80052,43.26456],[-7.80087,43.26576],[-7.80204,43.26333],[-7.80401,43.26444],[-7.80575,43.26497],[-7.80713,43.26621],[-7.80866,43.26858],[-7.81556,43.27453],[-7.82063,43.27732],[-7.82252,43.27903],[-7.82489,43.28179],[-7.8257,43.28215],[-7.82897,43.28465]]]}},{"type":"Feature","properties":{"COD_POSTAL":"27893"},"geometry":{"type":"Polygon","coordinates":[[[-7.33513,43.59574],[-7.32468,43.59616],[-7.31754,43.59762],[-7.3125,43.60073],[-7.30627,43.60714],[-7.30711,43.60769],[-7.30745,43.60904],[-7.30723,43.61023],[-7.3081,43.61052],[-7.30808,43.61073],[-7.30741,43.61091],[-7.30882,43.61219],[-7.30873,43.61249],[-7.30916,43.61312],[-7.30871,43.61364],[-7.3088,43.61394],[-7.30952,43.61458],[-7.30986,43.61582],[-7.31057,43.61668],[-7.31028,43.61697],[-7.31042,43.61719],[-7.31103,43.61739],[-7.31189,43.61713],[-7.31222,43.61795],[-7.31331,43.61805],[-7.31373,43.61863],[-7.31502,43.61891],[-7.31548,43.61954],[-7.31641,43.61954],[-7.31665,43.61978],[-7.31656,43.62007],[-7.31699,43.62033],[-7.31787,43.62034],[-7.31966,43.62124],[-7.32603,43.616],[-7.33046,43.61516],[-7.33532,43.60797],[-7.3393,43.60286],[-7.33973,43.59714],[-7.33561,43.59572],[-7.33513,43.59574]]]}},{"type":"Feature","properties":{"COD_POSTAL":"27229"},"geometry":{"type":"Polygon","coordinates":[[[-7.90603,43.05305],[-7.90365,43.05357],[-7.89911,43.05236],[-7.89759,43.05218],[-7.89617,43.05249],[-7.8963,43.0533],[-7.89552,43.05374],[-7.89483,43.05376],[-7.89213,43.05467],[-7.88796,43.05453],[-7.88643,43.05384],[-7.88594,43.05384],[-7.88419,43.05426],[-7.88259,43.05506],[-7.88133,43.05437],[-7.87823,43.052],[-7.87656,43.05176],[-7.87115,43.0536],[-7.86936,43.05336],[-7.86728,43.05422],[-7.85888,43.05182],[-7.85722,43.05161],[-7.85422,43.0505],[-7.8523,43.051],[-7.85173,43.0514],[-7.85066,43.05115],[-7.84994,43.05059],[-7.84859,43.05043],[-7.84717,43.04669],[-7.84176,43.04473],[-7.83563,43.04469],[-7.83161,43.04591],[-7.82714,43.04463],[-7.82477,43.04306],[-7.82077,43.04132],[-7.81957,43.04142],[-7.81848,43.04096],[-7.81755,43.04159],[-7.81612,43.0417],[-7.81376,43.04269],[-7.81194,43.04201],[-7.80733,43.0451],[-7.80808,43.04658],[-7.8078,43.04727],[-7.80834,43.04902],[-7.80679,43.0561],[-7.80667,43.06125],[-7.80323,43.06527],[-7.80458,43.07154],[-7.80617,43.07628],[-7.79959,43.07861],[-7.79746,43.08046],[-7.79662,43.08161],[-7.7963,43.08477],[-7.78936,43.08634],[-7.78887,43.08768],[-7.78858,43.09058],[-7.79469,43.09102],[-7.80108,43.09291],[-7.80168,43.09601],[-7.80631,43.10204],[-7.80733,43.10781],[-7.80642,43.10868],[-7.80614,43.1114],[-7.80451,43.11439],[-7.7959,43.11971],[-7.79293,43.12274],[-7.78766,43.12515],[-7.78881,43.12707],[-7.79017,43.12799],[-7.79171,43.13214],[-7.79256,43.13277],[-7.79411,43.13222],[-7.79711,43.13245],[-7.79811,43.1321],[-7.79969,43.13237],[-7.80071,43.13212],[-7.80234,43.13235],[-7.8034,43.13171],[-7.83074,43.12407],[-7.84046,43.12392],[-7.84027,43.12482],[-7.83914,43.12614],[-7.83979,43.12783],[-7.84008,43.13133],[-7.84103,43.13126],[-7.84114,43.13042],[-7.84171,43.13037],[-7.84336,43.13084],[-7.84381,43.13146],[-7.84605,43.1325],[-7.84726,43.13217],[-7.84936,43.13285],[-7.85055,43.13515],[-7.85156,43.134],[-7.85439,43.13198],[-7.85935,43.1302],[-7.8802,43.12719],[-7.88299,43.12134],[-7.88902,43.11244],[-7.88824,43.10901],[-7.89857,43.0997],[-7.91795,43.09228],[-7.9166,43.08834],[-7.92164,43.08241],[-7.92873,43.07692],[-7.9355,43.07321],[-7.9428,43.06758],[-7.93891,43.05908],[-7.93095,43.04878],[-7.92637,43.05198],[-7.92321,43.05263],[-7.9223,43.05302],[-7.92121,43.05294],[-7.92089,43.05249],[-7.91717,43.05155],[-7.91417,43.05325],[-7.91316,43.05348],[-7.91065,43.05308],[-7.90707,43.05287],[-7.90603,43.05305]]]}},{"type":"Feature","properties":{"COD_POSTAL":"27279"},"geometry":{"type":"MultiPolygon","coordinates":[[[[-7.32578,43.15818],[-7.33272,43.15811],[-7.3328,43.15892],[-7.3375,43.16055],[-7.34401,43.16453],[-7.34727,43.16061],[-7.34616,43.15867],[-7.34375,43.15747],[-7.34109,43.15441],[-7.35106,43.13997],[-7.34909,43.13977],[-7.34744,43.13746],[-7.34392,43.13693],[-7.33742,43.13697],[-7.33698,43.13726],[-7.33387,43.1378],[-7.32909,43.14001],[-7.31632,43.1411],[-7.31188,43.14699],[-7.31032,43.1511],[-7.31084,43.15324],[-7.31396,43.15678],[-7.31898,43.15711],[-7.32578,43.15818]]],[[[-7.37468,43.1032],[-7.37979,43.10143],[-7.38224,43.10159],[-7.38338,43.10101],[-7.38609,43.10996],[-7.38574,43.11327],[-7.38674,43.11508],[-7.38781,43.11599],[-7.38763,43.11701],[-7.38839,43.1177],[-7.38665,43.12243],[-7.38695,43.12311],[-7.38648,43.1233],[-7.38633,43.12596],[-7.38583,43.12776],[-7.38324,43.12824],[-7.37596,43.12756],[-7.37215,43.12911],[-7.37115,43.13102],[-7.37241,43.13493],[-7.37501,43.13929],[-7.38173,43.13879],[-7.38469,43.13935],[-7.38869,43.14145],[-7.40307,43.12805],[-7.40314,43.12403],[-7.40527,43.11888],[-7.40229,43.11345],[-7.40216,43.11084],[-7.40358,43.10297],[-7.40153,43.10092],[-7.40207,43.09871],[-7.40097,43.07539],[-7.3991,43.07642],[-7.39811,43.07661],[-7.39668,43.0758],[-7.38515,43.07691],[-7.35902,43.07246],[-7.36113,43.08738],[-7.36035,43.09063],[-7.35936,43.09115],[-7.35836,43.0927],[-7.35864,43.09372],[-7.35826,43.09415],[-7.35726,43.09444],[-7.35856,43.09573],[-7.35768,43.09636],[-7.35663,43.09785],[-7.35656,43.09927],[-7.35604,43.1006],[-7.35694,43.10638],[-7.35807,43.10653],[-7.3745,43.10316],[-7.37468,43.1032]]]]}},{"type":"Feature","properties":{"COD_POSTAL":"27416"},"geometry":{"type":"Polygon","coordinates":[[[-7.49279,42.476],[-7.49749,42.47948],[-7.49719,42.48136],[-7.49581,42.48267],[-7.49428,42.48334],[-7.4939,42.48605],[-7.49586,42.48947],[-7.49748,42.4934],[-7.49727,42.49843],[-7.49858,42.50028],[-7.50012,42.50148],[-7.50116,42.50363],[-7.50844,42.50185],[-7.51532,42.49785],[-7.5156,42.4971],[-7.52045,42.4961],[-7.52802,42.49371],[-7.52947,42.49271],[-7.53261,42.48838],[-7.53005,42.48827],[-7.52991,42.48556],[-7.52958,42.48485],[-7.52826,42.48345],[-7.52807,42.48285],[-7.52853,42.48049],[-7.52872,42.48021],[-7.52986,42.47975],[-7.52877,42.47848],[-7.52825,42.47687],[-7.52693,42.47579],[-7.52629,42.4745],[-7.5241,42.47328],[-7.522,42.47132],[-7.52203,42.47004],[-7.52233,42.46947],[-7.52143,42.46874],[-7.52205,42.46828],[-7.52433,42.4691],[-7.52676,42.46928],[-7.52389,42.46692],[-7.52307,42.46652],[-7.52182,42.46639],[-7.52107,42.46588],[-7.5161,42.46104],[-7.51623,42.4589],[-7.51573,42.45605],[-7.5166,42.45393],[-7.51409,42.45239],[-7.51267,42.45002],[-7.51016,42.44781],[-7.50764,42.4468],[-7.50651,42.44573],[-7.50386,42.44489],[-7.50536,42.44201],[-7.50582,42.44017],[-7.50199,42.43841],[-7.49895,42.4389],[-7.49793,42.43888],[-7.49673,42.43849],[-7.49567,42.43761],[-7.49551,42.43707],[-7.49557,42.43666],[-7.49702,42.4354],[-7.49592,42.43514],[-7.49314,42.43607],[-7.49044,42.43607],[-7.48606,42.43653],[-7.48249,42.43838],[-7.46466,42.43997],[-7.4532,42.43816],[-7.45586,42.43412],[-7.45767,42.42998],[-7.45815,42.42082],[-7.4481,42.41224],[-7.44752,42.40704],[-7.44693,42.40709],[-7.44544,42.40779],[-7.44407,42.40867],[-7.44205,42.4102],[-7.44063,42.41213],[-7.4391,42.41358],[-7.43535,42.4162],[-7.43724,42.4212],[-7.43782,42.42172],[-7.43668,42.424],[-7.4369,42.42642],[-7.43791,42.42712],[-7.44096,42.43044],[-7.44276,42.43196],[-7.44422,42.4325],[-7.44507,42.43319],[-7.44622,42.43372],[-7.44885,42.43579],[-7.44579,42.43746],[-7.44517,42.43889],[-7.44269,42.44063],[-7.45192,42.44816],[-7.45439,42.45167],[-7.45615,42.45639],[-7.45486,42.45945],[-7.45352,42.46027],[-7.45541,42.4614],[-7.45956,42.46205],[-7.46141,42.46033],[-7.47644,42.46414],[-7.48556,42.47229],[-7.49154,42.47618],[-7.4928,42.47569],[-7.49279,42.476]]]}},{"type":"Feature","properties":{"COD_POSTAL":"27500"},"geometry":{"type":"Polygon","coordinates":[[[-7.75539,42.61156],[-7.756,42.61221],[-7.75658,42.61383],[-7.75805,42.61565],[-7.76485,42.62077],[-7.77184,42.62227],[-7.77317,42.62195],[-7.77473,42.62106],[-7.77687,42.61916],[-7.77811,42.61747],[-7.77752,42.61426],[-7.77779,42.61302],[-7.78038,42.61013],[-7.78095,42.60913],[-7.78109,42.60804],[-7.78089,42.60741],[-7.77754,42.60606],[-7.775,42.60632],[-7.77389,42.60688],[-7.77237,42.60638],[-7.76945,42.60608],[-7.76829,42.60562],[-7.76338,42.60462],[-7.76209,42.60506],[-7.76107,42.60464],[-7.7599,42.60522],[-7.7592,42.60528],[-7.75821,42.60475],[-7.75603,42.6043],[-7.75523,42.60443],[-7.75268,42.60575],[-7.7513,42.60607],[-7.75087,42.60841],[-7.75016,42.60966],[-7.74705,42.61158],[-7.74982,42.61166],[-7.75379,42.61104],[-7.75491,42.61126],[-7.75539,42.61156]]]}},{"type":"Feature","properties":{"COD_POSTAL":"27359"},"geometry":{"type":"Polygon","coordinates":[[[-7.50575,42.65972],[-7.50628,42.66086],[-7.50505,42.6627],[-7.50815,42.66698],[-7.49816,42.6685],[-7.49355,42.67052],[-7.49369,42.67537],[-7.49099,42.68137],[-7.49629,42.68412],[-7.49909,42.6864],[-7.50191,42.68697],[-7.50575,42.68892],[-7.5098,42.69049],[-7.51362,42.68968],[-7.51964,42.68667],[-7.53842,42.68009],[-7.5411,42.6785],[-7.5474,42.67674],[-7.55776,42.67294],[-7.56074,42.66928],[-7.55915,42.66676],[-7.55609,42.66417],[-7.55456,42.66256],[-7.55305,42.66026],[-7.55159,42.65646],[-7.54331,42.65599],[-7.54305,42.65289],[-7.53385,42.64517],[-7.52405,42.63806],[-7.50982,42.63163],[-7.50426,42.63252],[-7.49619,42.63791],[-7.49297,42.63891],[-7.48951,42.63899],[-7.48512,42.63802],[-7.48517,42.64062],[-7.48567,42.6423],[-7.48543,42.64559],[-7.48496,42.6495],[-7.48392,42.65086],[-7.4851,42.6519],[-7.48775,42.6525],[-7.49353,42.6529],[-7.5024,42.65418],[-7.50543,42.65555],[-7.50653,42.65886],[-7.50575,42.65972]]]}},{"type":"Feature","properties":{"COD_POSTAL":"27796"},"geometry":{"type":"Polygon","coordinates":[[[-7.12763,43.55678],[-7.12975,43.55588],[-7.13246,43.5558],[-7.13429,43.55521],[-7.13727,43.55562],[-7.1392,43.55548],[-7.14291,43.55585],[-7.14461,43.5556],[-7.14723,43.55571],[-7.14754,43.55565],[-7.14781,43.55517],[-7.15023,43.55509],[-7.1535,43.55462],[-7.15656,43.55376],[-7.16211,43.55418],[-7.16371,43.55499],[-7.16426,43.55409],[-7.1653,43.5507],[-7.16408,43.54846],[-7.16393,43.54721],[-7.16223,43.54533],[-7.16231,43.5447],[-7.16313,43.54313],[-7.16607,43.53956],[-7.16781,43.53487],[-7.16781,43.53453],[-7.16673,43.53282],[-7.16663,43.5312],[-7.1648,43.5285],[-7.16568,43.52607],[-7.16675,43.52525],[-7.16916,43.52442],[-7.17326,43.52414],[-7.17737,43.52436],[-7.17786,43.52384],[-7.17165,43.52015],[-7.16916,43.5197],[-7.16512,43.52133],[-7.1574,43.51842],[-7.1538,43.51799],[-7.15392,43.51861],[-7.15304,43.52046],[-7.15204,43.52119],[-7.14935,43.52157],[-7.14583,43.52367],[-7.14365,43.52409],[-7.14176,43.52392],[-7.13864,43.52235],[-7.13357,43.52353],[-7.13133,43.52616],[-7.12906,43.52994],[-7.12776,43.53017],[-7.11929,43.52951],[-7.11766,43.52961],[-7.11499,43.53068],[-7.11733,43.53447],[-7.11589,43.53578],[-7.11531,43.53675],[-7.11459,43.53923],[-7.11477,43.541],[-7.11445,43.54167],[-7.11554,43.54387],[-7.11576,43.5465],[-7.11893,43.54912],[-7.11864,43.54969],[-7.11574,43.55202],[-7.11646,43.55342],[-7.11888,43.5551],[-7.11877,43.55445],[-7.11931,43.55495],[-7.12027,43.55528],[-7.12201,43.55496],[-7.12217,43.55448],[-7.12502,43.55416],[-7.12579,43.55548],[-7.12715,43.55667],[-7.12763,43.55678]]]}},{"type":"Feature","properties":{"COD_POSTAL":"27212"},"geometry":{"type":"Polygon","coordinates":[[[-7.75181,42.82772],[-7.74443,42.82835],[-7.7364,42.83021],[-7.72508,42.83338],[-7.72406,42.83311],[-7.72328,42.83252],[-7.7206,42.83326],[-7.71662,42.83311],[-7.71187,42.83409],[-7.7041,42.8345],[-7.70039,42.83598],[-7.69556,42.83704],[-7.69421,42.83843],[-7.69512,42.84047],[-7.70431,42.84773],[-7.70404,42.85165],[-7.70106,42.85513],[-7.70729,42.85779],[-7.71453,42.85965],[-7.7172,42.86062],[-7.71701,42.85693],[-7.72918,42.85334],[-7.73894,42.85199],[-7.74182,42.85135],[-7.74854,42.84426],[-7.75517,42.84578],[-7.75564,42.84245],[-7.75815,42.8393],[-7.75975,42.83347],[-7.76076,42.83113],[-7.75796,42.82844],[-7.75778,42.82799],[-7.75181,42.82772]]]}},{"type":"Feature","properties":{"COD_POSTAL":"27364"},"geometry":{"type":"Polygon","coordinates":[[[-7.45472,42.87489],[-7.45513,42.87515],[-7.45632,42.87524],[-7.45904,42.87502],[-7.46447,42.87514],[-7.46534,42.8745],[-7.4662,42.87289],[-7.46773,42.87131],[-7.46865,42.86985],[-7.47004,42.86902],[-7.47115,42.86868],[-7.47252,42.86896],[-7.47247,42.86123],[-7.46983,42.85997],[-7.46928,42.85708],[-7.46696,42.85283],[-7.46685,42.85124],[-7.46629,42.84986],[-7.4642,42.84863],[-7.46036,42.84579],[-7.45532,42.84394],[-7.45426,42.84429],[-7.45254,42.84864],[-7.45238,42.85109],[-7.45176,42.85345],[-7.45005,42.85573],[-7.44927,42.85798],[-7.44929,42.85924],[-7.45068,42.86092],[-7.45093,42.86215],[-7.44982,42.86312],[-7.45101,42.86372],[-7.45128,42.86435],[-7.45104,42.86494],[-7.45148,42.86634],[-7.45181,42.86696],[-7.45298,42.86782],[-7.4533,42.86846],[-7.45329,42.86929],[-7.45281,42.87033],[-7.4528,42.87168],[-7.45211,42.87249],[-7.45472,42.87489]]]}},{"type":"Feature","properties":{"COD_POSTAL":"27775"},"geometry":{"type":"MultiPolygon","coordinates":[[[[-7.41451,43.52457],[-7.41443,43.52906],[-7.41472,43.53045],[-7.41496,43.53923],[-7.41584,43.54036],[-7.42537,43.54483],[-7.42533,43.5427],[-7.42666,43.54154],[-7.42815,43.54092],[-7.43223,43.54071],[-7.43415,43.54129],[-7.43485,43.54209],[-7.43589,43.54178],[-7.4355,43.54101],[-7.43615,43.54007],[-7.43691,43.53756],[-7.43617,43.53649],[-7.43146,43.53219],[-7.43487,43.52981],[-7.43574,43.52724],[-7.43298,43.52741],[-7.43465,43.52373],[-7.43581,43.5219],[-7.43646,43.52162],[-7.43746,43.52035],[-7.43675,43.5199],[-7.43699,43.51953],[-7.43773,43.51936],[-7.43792,43.51767],[-7.43765,43.51615],[-7.43599,43.51597],[-7.43232,43.51636],[-7.42267,43.518],[-7.41738,43.51797],[-7.41513,43.51728],[-7.41261,43.52141],[-7.41384,43.52231],[-7.41447,43.52362],[-7.41451,43.52457]]],[[[-7.46164,43.4904],[-7.4629,43.49334],[-7.46625,43.49603],[-7.46612,43.50053],[-7.47045,43.50212],[-7.4728,43.50715],[-7.48001,43.50857],[-7.48132,43.50753],[-7.48633,43.50695],[-7.48677,43.50567],[-7.4864,43.5044],[-7.48604,43.50398],[-7.48427,43.50335],[-7.48437,43.50295],[-7.48563,43.50203],[-7.48609,43.50105],[-7.48694,43.5004],[-7.48663,43.49833],[-7.48719,43.49701],[-7.48704,43.49231],[-7.48639,43.48874],[-7.48687,43.48684],[-7.48612,43.48556],[-7.48679,43.48451],[-7.48849,43.48302],[-7.49044,43.48193],[-7.49133,43.48179],[-7.49339,43.48092],[-7.49434,43.48072],[-7.49511,43.48092],[-7.49564,43.48065],[-7.49526,43.47965],[-7.49675,43.47937],[-7.49839,43.47834],[-7.50072,43.47662],[-7.50081,43.47584],[-7.50115,43.4756],[-7.50508,43.47421],[-7.50991,43.47066],[-7.51422,43.46861],[-7.52104,43.46739],[-7.5263,43.46702],[-7.53398,43.46543],[-7.5384,43.4659],[-7.53672,43.46458],[-7.53685,43.46236],[-7.53652,43.46082],[-7.53739,43.4598],[-7.53743,43.45939],[-7.5358,43.45743],[-7.53297,43.45672],[-7.53198,43.45572],[-7.52936,43.45482],[-7.52305,43.45169],[-7.52104,43.45119],[-7.51851,43.45104],[-7.51122,43.45106],[-7.50719,43.45077],[-7.49689,43.45297],[-7.49145,43.45314],[-7.48108,43.45264],[-7.47617,43.45284],[-7.45688,43.45588],[-7.44916,43.45737],[-7.4484,43.45758],[-7.44733,43.45885],[-7.44731,43.46146],[-7.43962,43.46855],[-7.43008,43.47689],[-7.4278,43.47739],[-7.42349,43.48079],[-7.42173,43.48078],[-7.41714,43.48403],[-7.4177,43.48513],[-7.41622,43.48685],[-7.41689,43.49078],[-7.41877,43.49226],[-7.41991,43.4949],[-7.42089,43.50368],[-7.42268,43.50708],[-7.42672,43.50595],[-7.43098,43.50634],[-7.43582,43.50435],[-7.43974,43.49968],[-7.4478,43.49446],[-7.45003,43.49127],[-7.4536,43.48874],[-7.45637,43.48924],[-7.46086,43.48858],[-7.46164,43.4904]]]]}},{"type":"Feature","properties":{"COD_POSTAL":"27370"},"geometry":{"type":"Polygon","coordinates":[[[-7.60779,43.13719],[-7.61399,43.13904],[-7.62002,43.13738],[-7.62514,43.13505],[-7.63079,43.13131],[-7.63329,43.12775],[-7.6379,43.1257],[-7.6376,43.12495],[-7.63908,43.12211],[-7.63894,43.1211],[-7.63869,43.12053],[-7.63747,43.11926],[-7.63684,43.1179],[-7.63635,43.11516],[-7.63517,43.11235],[-7.63332,43.11289],[-7.62433,43.11393],[-7.62315,43.11234],[-7.62072,43.11076],[-7.61793,43.11369],[-7.61648,43.11462],[-7.61395,43.1155],[-7.61281,43.11624],[-7.6122,43.11743],[-7.61135,43.12155],[-7.61138,43.12443],[-7.60988,43.12945],[-7.60911,43.13087],[-7.60743,43.1326],[-7.60569,43.13657],[-7.60779,43.13719]]]}},{"type":"Feature","properties":{"COD_POSTAL":"27162"},"geometry":{"type":"Polygon","coordinates":[[[-7.36501,42.97854],[-7.37117,42.98757],[-7.38794,42.9897],[-7.40575,42.99255],[-7.41498,42.99941],[-7.42282,43.00085],[-7.42361,43.00059],[-7.42534,43.0006],[-7.4268,43.00016],[-7.42716,42.99982],[-7.42753,42.99883],[-7.42846,42.99872],[-7.43047,42.99759],[-7.43147,42.99744],[-7.43173,42.99723],[-7.43179,42.99671],[-7.43384,42.99564],[-7.43278,42.99537],[-7.43209,42.9939],[-7.43202,42.99091],[-7.43144,42.98706],[-7.43182,42.98515],[-7.43371,42.98142],[-7.43581,42.98113],[-7.43426,42.97965],[-7.43224,42.97875],[-7.43103,42.97944],[-7.43045,42.98033],[-7.42703,42.9778],[-7.42685,42.97556],[-7.43061,42.96975],[-7.43179,42.96694],[-7.43002,42.96729],[-7.42409,42.96742],[-7.41076,42.96566],[-7.40766,42.96602],[-7.40635,42.96648],[-7.40534,42.9676],[-7.40266,42.96823],[-7.39895,42.9682],[-7.39764,42.9685],[-7.3951,42.9678],[-7.3857,42.96748],[-7.38196,42.97041],[-7.38025,42.97107],[-7.37608,42.97387],[-7.37407,42.9742],[-7.37271,42.97507],[-7.36491,42.97846],[-7.36501,42.97854]]]}},{"type":"Feature","properties":{"COD_POSTAL":"27832"},"geometry":{"type":"Polygon","coordinates":[[[-7.77288,43.37716],[-7.77502,43.37745],[-7.77635,43.37704],[-7.77794,43.37722],[-7.77895,43.37701],[-7.78143,43.37603],[-7.78314,43.3745],[-7.7855,43.37385],[-7.78575,43.37352],[-7.78649,43.37332],[-7.78689,43.37279],[-7.78817,43.37368],[-7.78863,43.37531],[-7.79011,43.37612],[-7.79059,43.37559],[-7.79018,43.37432],[-7.79076,43.37299],[-7.79056,43.37197],[-7.78929,43.37118],[-7.79137,43.37097],[-7.79206,43.37129],[-7.79245,43.37091],[-7.79308,43.37076],[-7.79317,43.37229],[-7.79571,43.37239],[-7.79625,43.37146],[-7.79709,43.36779],[-7.79821,43.36486],[-7.79817,43.36246],[-7.79992,43.3621],[-7.79802,43.35998],[-7.79749,43.35752],[-7.79769,43.35623],[-7.79708,43.35374],[-7.79743,43.35046],[-7.79781,43.34996],[-7.79894,43.35007],[-7.79884,43.3514],[-7.80011,43.35149],[-7.80192,43.35105],[-7.80286,43.35032],[-7.80266,43.34995],[-7.80398,43.34879],[-7.80329,43.34825],[-7.80281,43.34732],[-7.80303,43.3457],[-7.80291,43.34347],[-7.80215,43.34152],[-7.80245,43.34052],[-7.80185,43.3398],[-7.80188,43.33839],[-7.80225,43.33753],[-7.80287,43.33686],[-7.80837,43.33275],[-7.80119,43.33026],[-7.79869,43.33059],[-7.79517,43.33172],[-7.79261,43.33189],[-7.78959,43.33156],[-7.78836,43.33115],[-7.78694,43.33123],[-7.78583,43.33201],[-7.78548,43.33257],[-7.7852,43.33403],[-7.78426,43.33422],[-7.78377,43.33475],[-7.78227,43.33537],[-7.78122,43.33536],[-7.77999,43.33656],[-7.77459,43.33861],[-7.76961,43.3397],[-7.76824,43.34047],[-7.76178,43.34304],[-7.75681,43.34666],[-7.7551,43.34865],[-7.75465,43.34851],[-7.75392,43.35056],[-7.7531,43.35167],[-7.75387,43.35311],[-7.75397,43.3538],[-7.75206,43.36378],[-7.75109,43.36461],[-7.74917,43.36927],[-7.74863,43.37009],[-7.74721,43.37141],[-7.74745,43.37284],[-7.74936,43.37308],[-7.75204,43.37375],[-7.75388,43.3745],[-7.75481,43.37455],[-7.75509,43.37413],[-7.75609,43.37373],[-7.75634,43.3734],[-7.75626,43.37247],[-7.75649,43.37199],[-7.75808,43.3719],[-7.76121,43.37092],[-7.7652,43.37077],[-7.76737,43.37036],[-7.76781,43.37258],[-7.76767,43.37376],[-7.76669,43.37556],[-7.76922,43.37591],[-7.77225,43.37713],[-7.77288,43.37716]]]}},{"type":"Feature","properties":{"COD_POSTAL":"27183"},"geometry":{"type":"Polygon","coordinates":[[[-7.62311,42.89619],[-7.63473,42.8999],[-7.63825,42.90135],[-7.64065,42.90095],[-7.64434,42.8991],[-7.64504,42.89555],[-7.6464,42.89339],[-7.64807,42.89265],[-7.65779,42.8905],[-7.6633,42.89043],[-7.66882,42.89112],[-7.6681,42.88686],[-7.66763,42.88143],[-7.66799,42.87632],[-7.66235,42.87608],[-7.64629,42.87745],[-7.64414,42.87652],[-7.64372,42.87524],[-7.64267,42.87406],[-7.64269,42.87284],[-7.64221,42.87129],[-7.63772,42.87095],[-7.63658,42.8712],[-7.63635,42.87027],[-7.63668,42.86808],[-7.63623,42.86716],[-7.635,42.86741],[-7.63326,42.86612],[-7.63207,42.86559],[-7.63165,42.86349],[-7.63236,42.86276],[-7.63162,42.86252],[-7.63067,42.8626],[-7.62935,42.86308],[-7.62933,42.86149],[-7.62705,42.86109],[-7.62369,42.8585],[-7.62237,42.85911],[-7.62188,42.85875],[-7.6219,42.85747],[-7.62039,42.85628],[-7.62069,42.85445],[-7.61995,42.85433],[-7.61915,42.85359],[-7.61888,42.85287],[-7.61821,42.85296],[-7.61758,42.85414],[-7.6158,42.85515],[-7.61567,42.85595],[-7.61532,42.8564],[-7.61257,42.85672],[-7.61171,42.8573],[-7.61036,42.85747],[-7.61013,42.85781],[-7.61047,42.85875],[-7.61017,42.85881],[-7.61065,42.85897],[-7.61158,42.86031],[-7.6119,42.86369],[-7.61059,42.86649],[-7.61015,42.86838],[-7.61021,42.86972],[-7.61117,42.87098],[-7.61113,42.87175],[-7.61146,42.87222],[-7.61331,42.87245],[-7.61373,42.87375],[-7.61472,42.87382],[-7.61537,42.87417],[-7.6152,42.87528],[-7.61385,42.87614],[-7.61317,42.87697],[-7.61269,42.87812],[-7.61142,42.87926],[-7.61408,42.88232],[-7.61663,42.88723],[-7.61768,42.89062],[-7.62311,42.89619]]]}},{"type":"Feature","properties":{"COD_POSTAL":"27880"},"geometry":{"type":"Polygon","coordinates":[[[-7.34331,43.64295],[-7.34255,43.64344],[-7.34163,43.64342],[-7.34145,43.64361],[-7.34148,43.64429],[-7.34094,43.64518],[-7.34111,43.64541],[-7.34187,43.64545],[-7.34213,43.64485],[-7.34245,43.64483],[-7.3422,43.64558],[-7.3426,43.64612],[-7.34401,43.64522],[-7.34416,43.64584],[-7.34493,43.64568],[-7.34492,43.64643],[-7.34526,43.64662],[-7.34632,43.64653],[-7.34625,43.64722],[-7.34728,43.6474],[-7.34702,43.648],[-7.34723,43.64816],[-7.34942,43.64836],[-7.34991,43.64901],[-7.35032,43.6514],[-7.35316,43.65365],[-7.35391,43.65451],[-7.35437,43.65563],[-7.35384,43.65604],[-7.35391,43.65633],[-7.35511,43.65644],[-7.3543,43.65741],[-7.35448,43.65765],[-7.35557,43.65785],[-7.3556,43.65896],[-7.35606,43.6596],[-7.35594,43.66018],[-7.35536,43.66003],[-7.35397,43.65903],[-7.35354,43.65889],[-7.35319,43.65918],[-7.35433,43.66007],[-7.3551,43.6611],[-7.35587,43.66153],[-7.35595,43.66169],[-7.35556,43.66194],[-7.35593,43.66234],[-7.35568,43.66267],[-7.35577,43.66295],[-7.35701,43.66367],[-7.35759,43.66487],[-7.35709,43.66634],[-7.35724,43.66703],[-7.35677,43.66707],[-7.3563,43.66756],[-7.35719,43.66842],[-7.35618,43.66901],[-7.35626,43.66973],[-7.35603,43.67022],[-7.3565,43.67125],[-7.35812,43.67196],[-7.35985,43.67155],[-7.35985,43.67204],[-7.36233,43.67257],[-7.36316,43.67261],[-7.36422,43.67218],[-7.36481,43.67306],[-7.36431,43.67354],[-7.36493,43.67456],[-7.36653,43.67523],[-7.36762,43.67643],[-7.36847,43.6767],[-7.36989,43.6767],[-7.37101,43.67641],[-7.37287,43.67651],[-7.37267,43.67585],[-7.37333,43.67562],[-7.37294,43.67513],[-7.37358,43.67483],[-7.37494,43.67477],[-7.376,43.67515],[-7.37637,43.67381],[-7.3789,43.67273],[-7.37945,43.67226],[-7.37891,43.67189],[-7.37897,43.67145],[-7.37929,43.6712],[-7.37881,43.67103],[-7.37913,43.67081],[-7.37936,43.67004],[-7.37851,43.66976],[-7.37862,43.66953],[-7.38041,43.66847],[-7.38425,43.66379],[-7.38388,43.65917],[-7.38437,43.65626],[-7.38425,43.65588],[-7.38337,43.65619],[-7.38198,43.6561],[-7.37835,43.65468],[-7.37661,43.65228],[-7.37544,43.64514],[-7.37515,43.64466],[-7.37182,43.64477],[-7.36506,43.64144],[-7.35995,43.641],[-7.3518,43.64074],[-7.34514,43.64191],[-7.34335,43.64244],[-7.34331,43.64295]]]}},{"type":"Feature","properties":{"COD_POSTAL":"27725"},"geometry":{"type":"Polygon","coordinates":[[[-7.1988,43.34088],[-7.21164,43.34405],[-7.21551,43.34967],[-7.21604,43.35388],[-7.21418,43.35736],[-7.21412,43.35918],[-7.21464,43.36026],[-7.21516,43.36256],[-7.2219,43.36517],[-7.22464,43.36556],[-7.22575,43.36515],[-7.22924,43.36214],[-7.23209,43.36043],[-7.23622,43.35968],[-7.24092,43.35922],[-7.24812,43.36286],[-7.24799,43.35978],[-7.24826,43.35798],[-7.24909,43.35557],[-7.24891,43.35345],[-7.24966,43.35245],[-7.2499,43.35124],[-7.24976,43.34973],[-7.24938,43.34913],[-7.24996,43.34783],[-7.25007,43.34695],[-7.24941,43.34545],[-7.2498,43.34378],[-7.24883,43.34213],[-7.25061,43.34153],[-7.25164,43.34071],[-7.25311,43.33872],[-7.25366,43.33713],[-7.25543,43.33477],[-7.25601,43.33347],[-7.25729,43.33222],[-7.2589,43.33114],[-7.2575,43.33009],[-7.25748,43.32972],[-7.25569,43.32873],[-7.25568,43.32842],[-7.25496,43.32805],[-7.25496,43.32767],[-7.25266,43.32618],[-7.25039,43.32963],[-7.24795,43.33071],[-7.24468,43.33078],[-7.24202,43.32862],[-7.24077,43.32563],[-7.23662,43.31792],[-7.23507,43.31609],[-7.23302,43.31479],[-7.22743,43.31481],[-7.21884,43.31644],[-7.21283,43.32011],[-7.2072,43.31883],[-7.19652,43.31783],[-7.19401,43.31617],[-7.19108,43.3156],[-7.19034,43.31582],[-7.18991,43.31731],[-7.18655,43.31981],[-7.1817,43.31784],[-7.17952,43.3187],[-7.18187,43.32025],[-7.18284,43.3215],[-7.1815,43.32178],[-7.18053,43.32238],[-7.18072,43.32328],[-7.18281,43.32322],[-7.18486,43.32222],[-7.18595,43.32285],[-7.18739,43.3231],[-7.19044,43.3228],[-7.19283,43.32286],[-7.19432,43.32426],[-7.19671,43.32426],[-7.19921,43.32467],[-7.20154,43.32655],[-7.2014,43.3277],[-7.19867,43.32753],[-7.19789,43.32799],[-7.19769,43.32854],[-7.19871,43.33077],[-7.1984,43.33224],[-7.19733,43.33332],[-7.19645,43.33593],[-7.19635,43.33737],[-7.19543,43.33969],[-7.1988,43.34088]]]}},{"type":"Feature","properties":{"COD_POSTAL":"27611"},"geometry":{"type":"Polygon","coordinates":[[[-7.51076,42.79972],[-7.51653,42.79827],[-7.53337,42.79538],[-7.54359,42.7954],[-7.54861,42.79801],[-7.55254,42.79846],[-7.55485,42.79975],[-7.5603,42.79844],[-7.56813,42.795],[-7.57463,42.79404],[-7.57672,42.79618],[-7.57909,42.79969],[-7.58824,42.80115],[-7.59165,42.79987],[-7.60256,42.80356],[-7.60878,42.80179],[-7.61023,42.79955],[-7.61231,42.79785],[-7.61282,42.79826],[-7.61585,42.79789],[-7.61814,42.79855],[-7.62155,42.79794],[-7.6226,42.79819],[-7.62368,42.79575],[-7.62493,42.79401],[-7.62642,42.79257],[-7.62972,42.79123],[-7.6348,42.79068],[-7.63847,42.79123],[-7.63957,42.79128],[-7.64029,42.79104],[-7.64242,42.78991],[-7.6457,42.78761],[-7.64678,42.78506],[-7.64673,42.784],[-7.64603,42.78322],[-7.64503,42.78282],[-7.64254,42.7827],[-7.63843,42.78361],[-7.63591,42.78377],[-7.63276,42.7836],[-7.63157,42.78279],[-7.63076,42.78186],[-7.63029,42.78046],[-7.63032,42.77906],[-7.63233,42.77577],[-7.63602,42.77366],[-7.6367,42.77254],[-7.63688,42.7684],[-7.63635,42.76638],[-7.63561,42.76476],[-7.63533,42.76279],[-7.63573,42.76128],[-7.63783,42.75791],[-7.63998,42.75701],[-7.64164,42.75695],[-7.64281,42.75777],[-7.64459,42.76057],[-7.64575,42.76189],[-7.6471,42.76278],[-7.64838,42.76304],[-7.65021,42.76275],[-7.65153,42.76194],[-7.65416,42.75904],[-7.65522,42.75733],[-7.6556,42.75363],[-7.65526,42.7515],[-7.65324,42.74611],[-7.65327,42.74475],[-7.6535,42.74342],[-7.65433,42.74177],[-7.6561,42.73934],[-7.65749,42.73805],[-7.65649,42.73569],[-7.65615,42.73339],[-7.65521,42.73201],[-7.6551,42.72996],[-7.65461,42.72943],[-7.65401,42.72921],[-7.65092,42.72897],[-7.64993,42.72848],[-7.64914,42.72867],[-7.64728,42.72977],[-7.64523,42.72942],[-7.64341,42.72869],[-7.64223,42.72875],[-7.64002,42.72814],[-7.63819,42.72862],[-7.635,42.71709],[-7.63415,42.71697],[-7.63131,42.71543],[-7.63026,42.71524],[-7.62888,42.71399],[-7.62642,42.71243],[-7.62422,42.7119],[-7.62379,42.71198],[-7.62349,42.7112],[-7.62322,42.71108],[-7.62138,42.71164],[-7.61969,42.70952],[-7.61858,42.70869],[-7.61913,42.70809],[-7.61891,42.70713],[-7.61809,42.70587],[-7.61683,42.70507],[-7.61641,42.70391],[-7.61179,42.70196],[-7.61065,42.69924],[-7.60089,42.69092],[-7.59772,42.68946],[-7.59053,42.68694],[-7.58265,42.68348],[-7.5714,42.67811],[-7.56998,42.67547],[-7.56739,42.66845],[-7.56074,42.66928],[-7.55776,42.67294],[-7.5474,42.67674],[-7.5411,42.6785],[-7.53842,42.68009],[-7.51964,42.68667],[-7.51362,42.68968],[-7.5098,42.69049],[-7.51076,42.69261],[-7.51119,42.70156],[-7.51232,42.70672],[-7.51956,42.71086],[-7.52702,42.7192],[-7.5373,42.72202],[-7.5441,42.72608],[-7.53536,42.73233],[-7.54484,42.73897],[-7.54227,42.746],[-7.54329,42.752],[-7.54148,42.75519],[-7.53438,42.75883],[-7.53092,42.76171],[-7.52855,42.7646],[-7.52648,42.76572],[-7.52799,42.76824],[-7.5309,42.76926],[-7.5315,42.76968],[-7.53216,42.77048],[-7.53266,42.77149],[-7.53254,42.77172],[-7.52886,42.77539],[-7.52377,42.77952],[-7.52285,42.78505],[-7.52198,42.78845],[-7.51935,42.7888],[-7.51372,42.78643],[-7.51286,42.78832],[-7.51008,42.79154],[-7.50701,42.8005],[-7.51076,42.79972]]]}},{"type":"Feature","properties":{"COD_POSTAL":"27125"},"geometry":{"type":"MultiPolygon","coordinates":[[[[-7.32494,43.0214],[-7.32895,43.02001],[-7.33166,43.02013],[-7.33827,43.0225],[-7.33896,43.01964],[-7.34104,43.01648],[-7.34061,43.01596],[-7.34289,43.01238],[-7.34097,43.01274],[-7.33519,43.01286],[-7.33359,43.01213],[-7.33037,43.01147],[-7.32552,43.00937],[-7.32289,43.00702],[-7.31231,43.00757],[-7.3093,43.00668],[-7.30705,43.00494],[-7.30085,43.00354],[-7.30046,43.00612],[-7.30287,43.01839],[-7.30742,43.0188],[-7.3122,43.0198],[-7.3183,43.02223],[-7.32303,43.02209],[-7.32494,43.0214]]],[[[-7.34816,42.999],[-7.35125,43.00044],[-7.35226,43.00123],[-7.35366,42.99993],[-7.35675,42.99369],[-7.35573,42.99059],[-7.3593,42.99163],[-7.36168,42.99265],[-7.36645,42.9935],[-7.38106,42.99933],[-7.38282,42.99819],[-7.38532,42.99571],[-7.38688,42.99364],[-7.38696,42.99119],[-7.388,42.99128],[-7.38873,42.98983],[-7.37117,42.98757],[-7.36501,42.97854],[-7.35808,42.97595],[-7.35774,42.97549],[-7.35776,42.97437],[-7.3589,42.97338],[-7.36069,42.97294],[-7.36126,42.97221],[-7.36242,42.97254],[-7.36424,42.97151],[-7.36532,42.97138],[-7.36516,42.9708],[-7.36559,42.97028],[-7.36541,42.96946],[-7.36554,42.96888],[-7.3568,42.96099],[-7.35496,42.95972],[-7.34934,42.9525],[-7.34033,42.95608],[-7.34065,42.96045],[-7.34043,42.96304],[-7.33645,42.96914],[-7.33451,42.97132],[-7.33294,42.97267],[-7.32475,42.97625],[-7.32513,42.97665],[-7.32501,42.9785],[-7.32788,42.98131],[-7.34041,42.98813],[-7.33945,42.98934],[-7.33746,42.99069],[-7.33716,42.99067],[-7.3365,42.99193],[-7.33666,42.99344],[-7.33608,42.99416],[-7.33621,42.9947],[-7.34024,42.99762],[-7.34155,42.99904],[-7.34338,42.99945],[-7.34454,42.99942],[-7.3466,42.99892],[-7.34816,42.999]]]]}},{"type":"Feature","properties":{"COD_POSTAL":"27612"},"geometry":{"type":"Polygon","coordinates":[[[-7.50943,42.76677],[-7.51069,42.7678],[-7.51105,42.7696],[-7.50823,42.76992],[-7.5069,42.77034],[-7.50605,42.76953],[-7.50626,42.76851],[-7.50297,42.76794],[-7.49919,42.76691],[-7.49684,42.76718],[-7.49372,42.7672],[-7.49339,42.76829],[-7.49223,42.76955],[-7.49007,42.7688],[-7.48955,42.76899],[-7.48619,42.76805],[-7.48501,42.76865],[-7.48376,42.77088],[-7.48219,42.77231],[-7.48167,42.77233],[-7.47966,42.7736],[-7.47791,42.77423],[-7.47774,42.77527],[-7.47729,42.77607],[-7.47643,42.77622],[-7.47614,42.77726],[-7.47386,42.77694],[-7.47338,42.77644],[-7.47086,42.77772],[-7.46798,42.77943],[-7.46754,42.7812],[-7.46657,42.7822],[-7.46481,42.7812],[-7.46366,42.78158],[-7.46235,42.78168],[-7.46094,42.78139],[-7.45937,42.78067],[-7.45855,42.78218],[-7.45704,42.78221],[-7.45471,42.78155],[-7.45065,42.78081],[-7.44953,42.78013],[-7.44533,42.78016],[-7.44508,42.78068],[-7.44587,42.78117],[-7.44611,42.78224],[-7.44872,42.78339],[-7.44896,42.78529],[-7.45109,42.78643],[-7.45019,42.78872],[-7.4502,42.78953],[-7.4509,42.79004],[-7.45118,42.79181],[-7.4501,42.79254],[-7.45157,42.79315],[-7.45209,42.79294],[-7.45317,42.79313],[-7.45502,42.7946],[-7.45516,42.79549],[-7.45393,42.79667],[-7.45358,42.79667],[-7.44935,42.79932],[-7.44896,42.80016],[-7.45026,42.79999],[-7.4528,42.80188],[-7.46348,42.80281],[-7.46474,42.80125],[-7.46676,42.80068],[-7.46755,42.80022],[-7.47146,42.79984],[-7.47274,42.80049],[-7.48073,42.8024],[-7.48255,42.80232],[-7.48837,42.80339],[-7.48926,42.80274],[-7.49003,42.80286],[-7.49272,42.80108],[-7.49399,42.80116],[-7.49661,42.80207],[-7.4978,42.80841],[-7.50022,42.80496],[-7.50171,42.80407],[-7.50372,42.80194],[-7.50573,42.80181],[-7.50672,42.80118],[-7.51008,42.79154],[-7.51286,42.78832],[-7.51372,42.78643],[-7.51935,42.7888],[-7.52198,42.78845],[-7.52285,42.78505],[-7.52377,42.77952],[-7.52886,42.77539],[-7.53266,42.77149],[-7.53216,42.77048],[-7.5309,42.76926],[-7.52799,42.76824],[-7.52648,42.76572],[-7.52855,42.7646],[-7.53092,42.76171],[-7.53438,42.75883],[-7.54148,42.75519],[-7.54329,42.752],[-7.54227,42.746],[-7.54484,42.73897],[-7.53536,42.73233],[-7.52103,42.74256],[-7.51888,42.74424],[-7.51834,42.74563],[-7.51699,42.74662],[-7.51414,42.74772],[-7.51359,42.74819],[-7.51248,42.75112],[-7.51331,42.75279],[-7.5129,42.75401],[-7.51289,42.75463],[-7.51337,42.75561],[-7.51328,42.75656],[-7.51209,42.75803],[-7.51204,42.75982],[-7.5116,42.76042],[-7.50955,42.76043],[-7.50915,42.76091],[-7.5092,42.76235],[-7.50829,42.76452],[-7.50943,42.76677]]]}},{"type":"Feature","properties":{"COD_POSTAL":"27513"},"geometry":{"type":"Polygon","coordinates":[[[-7.84282,42.58669],[-7.8368,42.58792],[-7.83482,42.58926],[-7.83556,42.59214],[-7.83578,42.59211],[-7.8367,42.59349],[-7.83886,42.59435],[-7.84217,42.59472],[-7.8503,42.59692],[-7.85247,42.59687],[-7.85713,42.59986],[-7.85611,42.6004],[-7.85732,42.60248],[-7.85729,42.6033],[-7.85469,42.60666],[-7.85358,42.60954],[-7.85472,42.61359],[-7.85683,42.61629],[-7.85694,42.61674],[-7.8577,42.6174],[-7.86084,42.6186],[-7.86132,42.61852],[-7.86202,42.61935],[-7.86322,42.61952],[-7.86828,42.62202],[-7.88022,42.62729],[-7.88785,42.62941],[-7.89241,42.6315],[-7.89255,42.62963],[-7.89648,42.62506],[-7.89783,42.62152],[-7.89896,42.61966],[-7.90101,42.61891],[-7.90232,42.6173],[-7.90239,42.61628],[-7.90209,42.61509],[-7.90305,42.61489],[-7.90377,42.61389],[-7.90394,42.61323],[-7.90358,42.61159],[-7.90463,42.61159],[-7.90512,42.61042],[-7.90402,42.60355],[-7.90139,42.60154],[-7.90116,42.59912],[-7.89942,42.59433],[-7.8993,42.59215],[-7.89792,42.59082],[-7.89908,42.5903],[-7.89975,42.58964],[-7.89937,42.58872],[-7.89981,42.58789],[-7.89964,42.58692],[-7.90009,42.58635],[-7.90045,42.5846],[-7.90147,42.58396],[-7.90597,42.58287],[-7.90813,42.5827],[-7.91177,42.58191],[-7.91571,42.58083],[-7.91044,42.57806],[-7.90805,42.57648],[-7.9056,42.57699],[-7.90378,42.57683],[-7.90204,42.57618],[-7.89989,42.57472],[-7.89679,42.57383],[-7.89585,42.5738],[-7.89412,42.57549],[-7.89186,42.57593],[-7.8887,42.5772],[-7.88484,42.57605],[-7.88249,42.57562],[-7.88008,42.5757],[-7.87872,42.57531],[-7.87666,42.57409],[-7.87561,42.57386],[-7.87233,42.572],[-7.87129,42.57247],[-7.86933,42.57181],[-7.86778,42.56951],[-7.86701,42.56979],[-7.86609,42.57065],[-7.86419,42.57134],[-7.86215,42.57339],[-7.86061,42.57417],[-7.85863,42.57454],[-7.85656,42.57605],[-7.85545,42.57607],[-7.85337,42.57716],[-7.84992,42.57769],[-7.84904,42.57869],[-7.84889,42.58249],[-7.84826,42.58352],[-7.84715,42.5846],[-7.8444,42.58551],[-7.84334,42.58623],[-7.84282,42.58669]]]}},{"type":"Feature","properties":{"COD_POSTAL":"27511"},"geometry":{"type":"Polygon","coordinates":[[[-7.86175,42.68163],[-7.8614,42.68241],[-7.86146,42.6833],[-7.86224,42.6844],[-7.86392,42.68567],[-7.86705,42.68642],[-7.87134,42.68795],[-7.87476,42.68957],[-7.88283,42.68729],[-7.88731,42.6864],[-7.88724,42.68577],[-7.88971,42.68371],[-7.8899,42.67998],[-7.89151,42.67976],[-7.89261,42.67766],[-7.89197,42.67178],[-7.8921,42.67048],[-7.88895,42.66565],[-7.88875,42.66366],[-7.88818,42.66293],[-7.88831,42.66228],[-7.88813,42.66167],[-7.88752,42.66088],[-7.888,42.65932],[-7.88971,42.6563],[-7.8889,42.6522],[-7.88955,42.6515],[-7.89177,42.64582],[-7.89183,42.64411],[-7.88688,42.64207],[-7.86719,42.63576],[-7.85832,42.64097],[-7.85502,42.64264],[-7.85335,42.64481],[-7.84808,42.6465],[-7.84582,42.64697],[-7.84356,42.64817],[-7.84054,42.64888],[-7.83895,42.6495],[-7.83568,42.64984],[-7.82802,42.65119],[-7.82521,42.65133],[-7.82659,42.65313],[-7.82584,42.65581],[-7.82822,42.66037],[-7.83409,42.66062],[-7.83457,42.66156],[-7.83663,42.66307],[-7.83738,42.66504],[-7.83757,42.66673],[-7.84103,42.66915],[-7.84125,42.67094],[-7.84371,42.67077],[-7.8453,42.67152],[-7.84625,42.67237],[-7.84728,42.67287],[-7.84889,42.67294],[-7.85023,42.67253],[-7.85061,42.67193],[-7.85168,42.67127],[-7.85348,42.67149],[-7.85477,42.6725],[-7.8561,42.67428],[-7.85642,42.67519],[-7.85577,42.676],[-7.85596,42.67791],[-7.85702,42.67956],[-7.85747,42.68131],[-7.85912,42.68145],[-7.86003,42.68085],[-7.86098,42.68139],[-7.86175,42.68163]]]}},{"type":"Feature","properties":{"COD_POSTAL":"27190"},"geometry":{"type":"Polygon","coordinates":[[[-7.48441,42.96118],[-7.48146,42.96188],[-7.48078,42.96181],[-7.48094,42.96279],[-7.48017,42.96268],[-7.47891,42.96349],[-7.47886,42.96437],[-7.47846,42.96509],[-7.47861,42.96662],[-7.47834,42.96677],[-7.4771,42.96632],[-7.4766,42.96641],[-7.47657,42.96759],[-7.47596,42.96861],[-7.47519,42.96864],[-7.47373,42.96722],[-7.47338,42.96712],[-7.47302,42.96715],[-7.47146,42.96828],[-7.46973,42.96826],[-7.4688,42.96878],[-7.46522,42.97252],[-7.46407,42.97265],[-7.46214,42.97331],[-7.46183,42.97361],[-7.4617,42.97462],[-7.46146,42.97484],[-7.45943,42.97568],[-7.4565,42.97606],[-7.45561,42.97665],[-7.46466,42.98212],[-7.46731,42.98503],[-7.47091,42.98775],[-7.47092,42.98859],[-7.47893,42.98794],[-7.47926,42.98582],[-7.47971,42.98558],[-7.47928,42.984],[-7.47834,42.98372],[-7.47594,42.97984],[-7.47638,42.97816],[-7.47734,42.97764],[-7.47844,42.97605],[-7.47824,42.97566],[-7.47596,42.97392],[-7.47653,42.97338],[-7.47785,42.97433],[-7.47927,42.97452],[-7.48355,42.97421],[-7.48659,42.97512],[-7.49139,42.97523],[-7.49172,42.97295],[-7.49307,42.9724],[-7.4941,42.97151],[-7.49455,42.96937],[-7.49303,42.96457],[-7.48893,42.96251],[-7.48464,42.96119],[-7.48441,42.96118]]]}},{"type":"Feature","properties":{"COD_POSTAL":"27276"},"geometry":{"type":"Polygon","coordinates":[[[-7.19677,43.12434],[-7.19641,43.12807],[-7.19797,43.13012],[-7.19884,43.13283],[-7.21819,43.13239],[-7.22045,43.13825],[-7.21983,43.13913],[-7.22264,43.14532],[-7.22703,43.14638],[-7.23174,43.14649],[-7.23321,43.14758],[-7.2315,43.15422],[-7.23444,43.1591],[-7.24172,43.15479],[-7.24407,43.15215],[-7.2504,43.14953],[-7.25742,43.14846],[-7.26039,43.14826],[-7.25829,43.14371],[-7.2559,43.14088],[-7.25332,43.13718],[-7.25985,43.12995],[-7.25924,43.12651],[-7.25989,43.12431],[-7.2663,43.11925],[-7.26963,43.11594],[-7.26695,43.11284],[-7.26483,43.10695],[-7.2635,43.10449],[-7.26009,43.10166],[-7.25338,43.09784],[-7.25028,43.09744],[-7.24904,43.0968],[-7.2434,43.09781],[-7.24122,43.09748],[-7.23272,43.09796],[-7.22628,43.10146],[-7.22336,43.10473],[-7.22068,43.10914],[-7.2208,43.11474],[-7.22041,43.11876],[-7.21922,43.12061],[-7.21675,43.12285],[-7.21203,43.12495],[-7.20396,43.12503],[-7.19681,43.1243],[-7.19677,43.12434]]]}},{"type":"Feature","properties":{"COD_POSTAL":"27207"},"geometry":{"type":"Polygon","coordinates":[[[-7.88025,42.84123],[-7.8795,42.84525],[-7.87988,42.84574],[-7.88022,42.84741],[-7.87857,42.85417],[-7.87875,42.85621],[-7.88085,42.85829],[-7.88145,42.86029],[-7.88718,42.85934],[-7.88963,42.85926],[-7.8945,42.8585],[-7.89457,42.85626],[-7.89494,42.85536],[-7.89853,42.85182],[-7.89921,42.8504],[-7.89933,42.84904],[-7.89851,42.8473],[-7.8944,42.84471],[-7.89463,42.8442],[-7.8995,42.84185],[-7.91271,42.83733],[-7.91453,42.83845],[-7.91641,42.83881],[-7.91892,42.83779],[-7.92047,42.83582],[-7.92326,42.83538],[-7.93174,42.83712],[-7.9378,42.83732],[-7.94464,42.83385],[-7.94927,42.83425],[-7.95128,42.83396],[-7.95489,42.83289],[-7.95616,42.83066],[-7.95555,42.83016],[-7.95496,42.83009],[-7.95105,42.83026],[-7.95026,42.82949],[-7.95017,42.8287],[-7.94939,42.82846],[-7.94887,42.82854],[-7.94698,42.82989],[-7.94645,42.82917],[-7.94689,42.828],[-7.94631,42.8273],[-7.94579,42.82716],[-7.94278,42.82719],[-7.93936,42.82622],[-7.93641,42.82691],[-7.93555,42.82686],[-7.9353,42.82671],[-7.93532,42.8264],[-7.93618,42.82553],[-7.93596,42.82526],[-7.93344,42.82493],[-7.93178,42.8254],[-7.93159,42.82527],[-7.93137,42.82295],[-7.93229,42.82199],[-7.93189,42.82144],[-7.93026,42.82035],[-7.92718,42.82056],[-7.92604,42.8204],[-7.92545,42.82062],[-7.92527,42.82132],[-7.92617,42.82253],[-7.92569,42.82295],[-7.92433,42.82281],[-7.92264,42.82202],[-7.92168,42.82068],[-7.92023,42.82073],[-7.91913,42.82024],[-7.91842,42.81953],[-7.91693,42.81942],[-7.9142,42.82003],[-7.91415,42.81767],[-7.91392,42.81725],[-7.91307,42.81717],[-7.91241,42.81667],[-7.91128,42.81684],[-7.90792,42.82038],[-7.90725,42.82057],[-7.89947,42.82077],[-7.89775,42.82159],[-7.89675,42.82172],[-7.89365,42.82043],[-7.89269,42.82081],[-7.89118,42.82092],[-7.88963,42.82239],[-7.88893,42.82258],[-7.88859,42.82242],[-7.88843,42.82201],[-7.88842,42.82074],[-7.88818,42.82049],[-7.88705,42.81987],[-7.88657,42.82016],[-7.88543,42.81993],[-7.88252,42.82102],[-7.88194,42.8227],[-7.87446,42.82247],[-7.87267,42.82209],[-7.8703,42.82257],[-7.87069,42.82423],[-7.87333,42.82857],[-7.87339,42.83002],[-7.87421,42.83164],[-7.87444,42.83299],[-7.87491,42.83339],[-7.88025,42.83481],[-7.88202,42.83683],[-7.88579,42.84002],[-7.88727,42.84283],[-7.88028,42.84113],[-7.88025,42.84123]]]}},{"type":"Feature","properties":{"COD_POSTAL":"27626"},"geometry":{"type":"Polygon","coordinates":[[[-7.25927,42.68294],[-7.26308,42.68389],[-7.27295,42.6911],[-7.27581,42.69186],[-7.27333,42.6901],[-7.274,42.68641],[-7.272,42.68442],[-7.27154,42.68264],[-7.27179,42.68034],[-7.27273,42.68011],[-7.27515,42.67645],[-7.27545,42.67331],[-7.27593,42.67162],[-7.27495,42.67047],[-7.27097,42.66921],[-7.27305,42.66682],[-7.27303,42.66604],[-7.27138,42.66132],[-7.26927,42.65703],[-7.27203,42.65083],[-7.27252,42.64906],[-7.27384,42.6459],[-7.27119,42.63572],[-7.27107,42.62869],[-7.2717,42.6279],[-7.27191,42.62654],[-7.27292,42.62565],[-7.27354,42.62444],[-7.27794,42.6217],[-7.28199,42.61993],[-7.28322,42.61995],[-7.28448,42.62082],[-7.28562,42.61971],[-7.28775,42.61877],[-7.28997,42.61696],[-7.29205,42.61327],[-7.28867,42.61144],[-7.28369,42.6102],[-7.28563,42.60811],[-7.28243,42.60846],[-7.28059,42.60719],[-7.27836,42.61073],[-7.2757,42.61018],[-7.27528,42.60964],[-7.27209,42.60738],[-7.26982,42.60714],[-7.26714,42.60507],[-7.26318,42.60339],[-7.25933,42.60486],[-7.25675,42.60631],[-7.2551,42.60833],[-7.25302,42.61167],[-7.25342,42.61407],[-7.24961,42.61703],[-7.24857,42.61949],[-7.24813,42.62299],[-7.24619,42.6248],[-7.24457,42.62715],[-7.24394,42.6283],[-7.2435,42.6305],[-7.24165,42.63281],[-7.24073,42.63447],[-7.23982,42.63697],[-7.23882,42.63748],[-7.23099,42.64701],[-7.23057,42.64867],[-7.23056,42.65109],[-7.23016,42.65202],[-7.22845,42.65454],[-7.22673,42.65624],[-7.22635,42.6578],[-7.22423,42.65868],[-7.22151,42.66271],[-7.21834,42.66676],[-7.21643,42.66829],[-7.20903,42.67058],[-7.20427,42.67287],[-7.19946,42.6743],[-7.1958,42.67507],[-7.1963,42.67763],[-7.19784,42.67889],[-7.20118,42.67979],[-7.21242,42.68535],[-7.21389,42.68634],[-7.215,42.68677],[-7.21561,42.68761],[-7.22861,42.6889],[-7.22922,42.68656],[-7.23163,42.68337],[-7.23607,42.68229],[-7.23737,42.6826],[-7.25927,42.68294]]]}},{"type":"Feature","properties":{"COD_POSTAL":"27560"},"geometry":{"type":"Polygon","coordinates":[[[-7.85212,42.78983],[-7.85085,42.78986],[-7.84855,42.78909],[-7.84773,42.78911],[-7.84685,42.78873],[-7.84567,42.78755],[-7.84324,42.78651],[-7.84159,42.78623],[-7.84194,42.78502],[-7.83974,42.7813],[-7.83962,42.78067],[-7.83879,42.78122],[-7.83722,42.78113],[-7.83607,42.78178],[-7.83371,42.78247],[-7.83232,42.78401],[-7.82841,42.78579],[-7.82789,42.7864],[-7.82615,42.79249],[-7.82636,42.79294],[-7.82807,42.79309],[-7.82812,42.79351],[-7.82651,42.7942],[-7.82591,42.79517],[-7.82831,42.79512],[-7.82834,42.79666],[-7.82711,42.80196],[-7.82651,42.80309],[-7.82705,42.80407],[-7.826,42.80836],[-7.82516,42.80963],[-7.82835,42.80924],[-7.83458,42.80924],[-7.83657,42.80815],[-7.84044,42.80789],[-7.84482,42.80307],[-7.84651,42.79922],[-7.8475,42.79583],[-7.8484,42.7949],[-7.85213,42.79241],[-7.85212,42.78983]]]}},{"type":"Feature","properties":{"COD_POSTAL":"27891"},"geometry":{"type":"Polygon","coordinates":[[[-7.38395,43.66017],[-7.38425,43.66379],[-7.38041,43.66847],[-7.37862,43.66953],[-7.37851,43.66976],[-7.37936,43.67004],[-7.37913,43.67081],[-7.37881,43.67103],[-7.37929,43.6712],[-7.37897,43.67145],[-7.37891,43.67189],[-7.37945,43.67226],[-7.3789,43.67273],[-7.37637,43.67381],[-7.376,43.67515],[-7.37616,43.6754],[-7.3765,43.6757],[-7.38,43.67622],[-7.38061,43.67689],[-7.38125,43.67703],[-7.38213,43.67686],[-7.38297,43.6775],[-7.38474,43.67784],[-7.38723,43.67883],[-7.38763,43.67886],[-7.38788,43.67855],[-7.38799,43.67911],[-7.3886,43.67939],[-7.38968,43.67888],[-7.39037,43.67925],[-7.39177,43.67914],[-7.39228,43.67986],[-7.39324,43.67981],[-7.39383,43.68048],[-7.3943,43.68025],[-7.39435,43.67961],[-7.39462,43.67952],[-7.39726,43.68103],[-7.39744,43.68153],[-7.39877,43.68172],[-7.39883,43.68256],[-7.40107,43.68421],[-7.40207,43.68386],[-7.40446,43.68195],[-7.40492,43.68228],[-7.40498,43.68275],[-7.40378,43.68326],[-7.40397,43.684],[-7.40384,43.68435],[-7.40423,43.68467],[-7.4044,43.6852],[-7.40513,43.68515],[-7.4047,43.68542],[-7.40481,43.68597],[-7.40376,43.68618],[-7.40345,43.68652],[-7.40423,43.68698],[-7.40488,43.68707],[-7.40653,43.68687],[-7.40616,43.68755],[-7.40693,43.6881],[-7.40721,43.68872],[-7.4067,43.68942],[-7.40688,43.68993],[-7.40776,43.68973],[-7.40853,43.68894],[-7.40872,43.68931],[-7.40924,43.68926],[-7.40981,43.68978],[-7.41156,43.68978],[-7.41261,43.69024],[-7.41317,43.69016],[-7.41424,43.69059],[-7.41484,43.69051],[-7.41528,43.69069],[-7.41523,43.69113],[-7.41572,43.69115],[-7.41553,43.69181],[-7.41578,43.69237],[-7.41636,43.69256],[-7.41819,43.6922],[-7.41871,43.69184],[-7.41857,43.69138],[-7.41916,43.69144],[-7.4199,43.69092],[-7.42192,43.69121],[-7.42167,43.69138],[-7.42617,43.68927],[-7.42615,43.68642],[-7.42875,43.68607],[-7.43786,43.68389],[-7.44259,43.67189],[-7.4368,43.67301],[-7.4225,43.6639],[-7.42671,43.66085],[-7.41749,43.65601],[-7.41533,43.65549],[-7.38957,43.65992],[-7.38392,43.65978],[-7.38395,43.66017]]]}},{"type":"Feature","properties":{"COD_POSTAL":"27722"},"geometry":{"type":"Polygon","coordinates":[[[-7.12467,43.33121],[-7.12566,43.33173],[-7.12631,43.3318],[-7.13075,43.33025],[-7.13121,43.33135],[-7.13498,43.32877],[-7.14654,43.32445],[-7.15588,43.31878],[-7.15747,43.31857],[-7.15913,43.31886],[-7.16022,43.31871],[-7.16122,43.31923],[-7.16476,43.31818],[-7.16574,43.31716],[-7.1658,43.31658],[-7.165,43.31546],[-7.16496,43.3149],[-7.16458,43.31458],[-7.16405,43.31468],[-7.16328,43.31639],[-7.16299,43.31545],[-7.15674,43.312],[-7.14722,43.3062],[-7.14607,43.30431],[-7.15256,43.28435],[-7.15192,43.28281],[-7.1556,43.26396],[-7.15296,43.26429],[-7.15171,43.26484],[-7.14546,43.2636],[-7.14565,43.26274],[-7.14522,43.26151],[-7.14348,43.26073],[-7.14098,43.26049],[-7.13757,43.25787],[-7.13696,43.25649],[-7.13613,43.25563],[-7.13012,43.26102],[-7.1294,43.26269],[-7.12918,43.26382],[-7.1286,43.26909],[-7.12393,43.27469],[-7.1228,43.27738],[-7.11814,43.28591],[-7.11911,43.2895],[-7.11688,43.29363],[-7.11801,43.2953],[-7.11527,43.29471],[-7.11432,43.29483],[-7.11171,43.29398],[-7.11052,43.29283],[-7.10973,43.2924],[-7.10862,43.29244],[-7.10786,43.29278],[-7.1066,43.29412],[-7.10548,43.29444],[-7.10454,43.29402],[-7.10397,43.29402],[-7.10254,43.29511],[-7.10085,43.29507],[-7.09905,43.29545],[-7.09642,43.29456],[-7.09636,43.29737],[-7.09371,43.2969],[-7.09282,43.29601],[-7.08953,43.29768],[-7.08662,43.3003],[-7.09109,43.29982],[-7.0975,43.30147],[-7.10093,43.30381],[-7.10497,43.31124],[-7.10723,43.31415],[-7.10969,43.31513],[-7.11159,43.31634],[-7.11254,43.31746],[-7.11418,43.32099],[-7.11476,43.32486],[-7.11523,43.32617],[-7.11571,43.32659],[-7.11878,43.32759],[-7.1223,43.32913],[-7.12315,43.32968],[-7.12415,43.33078],[-7.12467,43.33121]]]}},{"type":"Feature","properties":{"COD_POSTAL":"27280"},"geometry":{"type":"Polygon","coordinates":[[[-7.32443,43.18018],[-7.3273,43.18017],[-7.33242,43.18515],[-7.33778,43.19201],[-7.34466,43.19132],[-7.35459,43.19196],[-7.36071,43.19293],[-7.3606,43.19219],[-7.3627,43.18897],[-7.36275,43.186],[-7.36148,43.18459],[-7.36108,43.18366],[-7.36086,43.18076],[-7.3601,43.17862],[-7.35986,43.17616],[-7.35998,43.17567],[-7.36309,43.17287],[-7.36277,43.17237],[-7.36267,43.17123],[-7.36286,43.17024],[-7.36374,43.16936],[-7.36284,43.1687],[-7.3616,43.16673],[-7.35212,43.16424],[-7.34854,43.16246],[-7.34682,43.1613],[-7.34401,43.16453],[-7.3375,43.16055],[-7.3328,43.15892],[-7.33272,43.15811],[-7.32578,43.15818],[-7.31898,43.15711],[-7.31396,43.15678],[-7.31224,43.16313],[-7.31286,43.16425],[-7.31215,43.1656],[-7.31247,43.16727],[-7.32036,43.17823],[-7.32443,43.18018]]]}},{"type":"Feature","properties":{"COD_POSTAL":"27117"},"geometry":{"type":"Polygon","coordinates":[[[-7.07146,43.06758],[-7.08023,43.07069],[-7.08614,43.07413],[-7.09645,43.07884],[-7.10422,43.08127],[-7.10495,43.07885],[-7.10456,43.0762],[-7.10315,43.07407],[-7.10203,43.07133],[-7.09955,43.06783],[-7.09967,43.06553],[-7.10188,43.06451],[-7.11533,43.06066],[-7.11787,43.06048],[-7.12837,43.05813],[-7.12351,43.05465],[-7.11792,43.05406],[-7.11556,43.05149],[-7.11465,43.0496],[-7.11459,43.04676],[-7.11396,43.04538],[-7.11563,43.04498],[-7.11435,43.04358],[-7.11165,43.04213],[-7.11102,43.04276],[-7.10879,43.04092],[-7.10751,43.04141],[-7.10674,43.04086],[-7.10524,43.04089],[-7.10341,43.04183],[-7.10054,43.04202],[-7.09958,43.04146],[-7.09789,43.04148],[-7.09794,43.04274],[-7.09575,43.04262],[-7.0962,43.04175],[-7.09329,43.04147],[-7.09417,43.04241],[-7.0892,43.04283],[-7.09007,43.04094],[-7.09045,43.03934],[-7.09136,43.03787],[-7.09167,43.03775],[-7.09006,43.03552],[-7.09041,43.03517],[-7.09021,43.03291],[-7.09049,43.02898],[-7.09238,43.02516],[-7.09291,43.0211],[-7.09221,43.0175],[-7.08911,43.01183],[-7.08186,43.00494],[-7.07938,43.00977],[-7.07838,43.01005],[-7.07606,43.01205],[-7.07495,43.01272],[-7.07015,43.01424],[-7.06879,43.01633],[-7.06797,43.01908],[-7.06694,43.01994],[-7.06326,43.02095],[-7.06162,43.02176],[-7.05848,43.02179],[-7.05643,43.02212],[-7.05198,43.02122],[-7.05,43.0214],[-7.04679,43.02097],[-7.04491,43.0213],[-7.04164,43.02258],[-7.04234,43.02503],[-7.04632,43.02882],[-7.04484,43.03486],[-7.04584,43.03854],[-7.0449,43.04179],[-7.04546,43.04495],[-7.05378,43.05035],[-7.05474,43.05324],[-7.05424,43.05485],[-7.05418,43.05757],[-7.05508,43.0592],[-7.05765,43.06258],[-7.06191,43.06693],[-7.06407,43.06741],[-7.06731,43.0672],[-7.06836,43.06682],[-7.06999,43.06701],[-7.07146,43.06758]]]}},{"type":"Feature","properties":{"COD_POSTAL":"27592"},"geometry":{"type":"Polygon","coordinates":[[[-7.57362,42.52661],[-7.56964,42.53029],[-7.56726,42.53616],[-7.56957,42.54206],[-7.57722,42.54509],[-7.5823,42.54738],[-7.58269,42.54971],[-7.58448,42.55032],[-7.58545,42.55195],[-7.58551,42.55391],[-7.58923,42.55375],[-7.60073,42.54678],[-7.60436,42.54431],[-7.60547,42.54385],[-7.60464,42.54209],[-7.60452,42.54127],[-7.60508,42.53911],[-7.60455,42.53815],[-7.60462,42.5371],[-7.61409,42.53301],[-7.6145,42.53178],[-7.61391,42.52895],[-7.61119,42.5294],[-7.60881,42.52681],[-7.60215,42.5234],[-7.58868,42.5197],[-7.58784,42.5197],[-7.58594,42.52118],[-7.58202,42.52117],[-7.56988,42.52557],[-7.57362,42.52661]]]}},{"type":"Feature","properties":{"COD_POSTAL":"27466"},"geometry":{"type":"Polygon","coordinates":[[[-7.60303,42.4805],[-7.60332,42.48059],[-7.60363,42.47948],[-7.60458,42.479],[-7.60544,42.47794],[-7.60601,42.47599],[-7.60699,42.47537],[-7.60844,42.4751],[-7.60998,42.47553],[-7.61064,42.47541],[-7.61138,42.47472],[-7.61259,42.47437],[-7.61694,42.47439],[-7.61841,42.47391],[-7.62081,42.472],[-7.62283,42.469],[-7.62474,42.46749],[-7.62606,42.46587],[-7.62686,42.46544],[-7.62773,42.46427],[-7.62812,42.46296],[-7.63,42.45926],[-7.63012,42.45857],[-7.63004,42.45766],[-7.62855,42.45327],[-7.62873,42.45269],[-7.63041,42.45063],[-7.63279,42.44862],[-7.63295,42.44821],[-7.63253,42.44626],[-7.63208,42.44547],[-7.63235,42.44435],[-7.63274,42.44396],[-7.63642,42.44266],[-7.6372,42.44262],[-7.63924,42.44328],[-7.64021,42.44323],[-7.64218,42.44243],[-7.6442,42.44252],[-7.64503,42.44184],[-7.6463,42.43916],[-7.64668,42.43892],[-7.64723,42.43874],[-7.64841,42.43924],[-7.64974,42.43933],[-7.6512,42.4382],[-7.65377,42.43698],[-7.6586,42.43957],[-7.66012,42.43973],[-7.66136,42.4392],[-7.6617,42.43864],[-7.66151,42.43745],[-7.66166,42.43682],[-7.66263,42.43428],[-7.66291,42.43185],[-7.66285,42.43051],[-7.66204,42.42948],[-7.66154,42.42616],[-7.66214,42.42303],[-7.66077,42.4212],[-7.65946,42.4183],[-7.65791,42.41595],[-7.65693,42.41517],[-7.65632,42.41499],[-7.65493,42.41474],[-7.65265,42.41481],[-7.64992,42.41454],[-7.64744,42.41394],[-7.64224,42.41162],[-7.641,42.41008],[-7.63915,42.40899],[-7.63658,42.40839],[-7.63455,42.40822],[-7.63175,42.40723],[-7.6312,42.40863],[-7.62373,42.41608],[-7.61534,42.4255],[-7.60465,42.42728],[-7.60212,42.42809],[-7.60079,42.42883],[-7.59688,42.43559],[-7.5987,42.44306],[-7.60048,42.44694],[-7.60033,42.44777],[-7.59765,42.45009],[-7.59727,42.45069],[-7.59674,42.45264],[-7.59674,42.45443],[-7.59349,42.45559],[-7.59166,42.4566],[-7.59057,42.45852],[-7.58979,42.45935],[-7.58661,42.45971],[-7.58851,42.4608],[-7.59051,42.46562],[-7.59102,42.46593],[-7.59204,42.46726],[-7.59031,42.46879],[-7.58644,42.47139],[-7.58583,42.47213],[-7.59249,42.47453],[-7.597,42.47745],[-7.60303,42.4805]]]}},{"type":"Feature","properties":{"COD_POSTAL":"27870"},"geometry":{"type":"Polygon","coordinates":[[[-7.52793,43.69413],[-7.52908,43.69367],[-7.53322,43.69091],[-7.53627,43.69103],[-7.5389,43.69012],[-7.54097,43.68567],[-7.54326,43.68368],[-7.54361,43.68153],[-7.5396,43.68092],[-7.53757,43.67488],[-7.52361,43.67267],[-7.52171,43.67377],[-7.52335,43.67547],[-7.52276,43.67641],[-7.51636,43.67742],[-7.51286,43.67977],[-7.51011,43.68017],[-7.50763,43.68289],[-7.49285,43.68194],[-7.49298,43.68703],[-7.49741,43.69193],[-7.50021,43.69185],[-7.50404,43.68792],[-7.50671,43.68727],[-7.51332,43.68896],[-7.51712,43.69163],[-7.52035,43.69213],[-7.52283,43.69135],[-7.52616,43.69286],[-7.52642,43.69455],[-7.52793,43.69413]]]}},{"type":"Feature","properties":{"COD_POSTAL":"27374"},"geometry":{"type":"Polygon","coordinates":[[[-7.62109,43.09646],[-7.62055,43.09808],[-7.62098,43.09911],[-7.6224,43.10214],[-7.62419,43.10404],[-7.62504,43.10577],[-7.62475,43.10759],[-7.62384,43.10876],[-7.62261,43.10994],[-7.62072,43.11076],[-7.62315,43.11234],[-7.62433,43.11393],[-7.63332,43.11289],[-7.63517,43.11235],[-7.63769,43.1106],[-7.63784,43.11014],[-7.63748,43.1091],[-7.63869,43.10723],[-7.64073,43.10671],[-7.64372,43.10498],[-7.64576,43.10425],[-7.64643,43.10353],[-7.646,43.10271],[-7.6446,43.10131],[-7.64,43.09809],[-7.63862,43.09659],[-7.63447,43.09462],[-7.63289,43.09348],[-7.63101,43.09299],[-7.6298,43.09302],[-7.62616,43.09482],[-7.62452,43.09482],[-7.62335,43.09432],[-7.62148,43.09582],[-7.62109,43.09646]]]}},{"type":"Feature","properties":{"COD_POSTAL":"27368"},"geometry":{"type":"Polygon","coordinates":[[[-7.37105,42.84099],[-7.37232,42.84455],[-7.37388,42.84602],[-7.37725,42.84703],[-7.37043,42.85614],[-7.3696,42.85865],[-7.37556,42.86041],[-7.37844,42.8674],[-7.38635,42.86552],[-7.38776,42.8655],[-7.38848,42.86704],[-7.39024,42.86657],[-7.39589,42.86721],[-7.39996,42.86557],[-7.40256,42.86734],[-7.40536,42.86714],[-7.40971,42.86518],[-7.41159,42.86385],[-7.41561,42.86263],[-7.42269,42.86312],[-7.42735,42.86316],[-7.429,42.86244],[-7.42947,42.86172],[-7.42687,42.8589],[-7.42695,42.85537],[-7.42372,42.85094],[-7.42318,42.84962],[-7.42118,42.84917],[-7.41867,42.85055],[-7.41542,42.85137],[-7.40488,42.85012],[-7.40412,42.84788],[-7.4028,42.84587],[-7.4,42.84573],[-7.39588,42.84355],[-7.39042,42.83739],[-7.38843,42.83776],[-7.38635,42.83774],[-7.38589,42.83597],[-7.3847,42.83491],[-7.3826,42.83203],[-7.38236,42.83005],[-7.37767,42.83004],[-7.37373,42.83823],[-7.37105,42.84099]]]}},{"type":"Feature","properties":{"COD_POSTAL":"27824"},"geometry":{"type":"Polygon","coordinates":[[[-7.77943,43.32086],[-7.78079,43.32193],[-7.78389,43.32343],[-7.78779,43.3239],[-7.79196,43.3231],[-7.79694,43.32265],[-7.80325,43.32146],[-7.80594,43.32146],[-7.80966,43.32027],[-7.82006,43.31972],[-7.82102,43.31929],[-7.83131,43.31852],[-7.8308,43.31816],[-7.83114,43.31727],[-7.83212,43.31657],[-7.83269,43.31583],[-7.83224,43.31566],[-7.83257,43.31531],[-7.83223,43.31447],[-7.83234,43.31414],[-7.83153,43.31408],[-7.83195,43.31347],[-7.83528,43.31337],[-7.83626,43.31384],[-7.83663,43.31487],[-7.83724,43.31493],[-7.83722,43.31525],[-7.8415,43.31691],[-7.84212,43.31735],[-7.84284,43.3174],[-7.84265,43.31712],[-7.84432,43.31685],[-7.84475,43.31627],[-7.84524,43.31625],[-7.84528,43.31587],[-7.84633,43.31529],[-7.84782,43.31519],[-7.84189,43.30144],[-7.83921,43.29844],[-7.83731,43.2946],[-7.83405,43.29023],[-7.82978,43.28527],[-7.8257,43.28215],[-7.82388,43.2831],[-7.82459,43.28386],[-7.82266,43.28448],[-7.82218,43.28547],[-7.81727,43.28805],[-7.81374,43.28853],[-7.81132,43.28924],[-7.80541,43.29031],[-7.79591,43.29248],[-7.79427,43.29263],[-7.79091,43.29232],[-7.78278,43.28995],[-7.78068,43.28995],[-7.77477,43.2885],[-7.77222,43.28847],[-7.77026,43.28909],[-7.76934,43.28841],[-7.76812,43.28848],[-7.76311,43.29116],[-7.76168,43.29139],[-7.75773,43.29527],[-7.75827,43.29713],[-7.75929,43.29914],[-7.76194,43.30191],[-7.76322,43.30226],[-7.76345,43.30308],[-7.76528,43.30555],[-7.76629,43.30777],[-7.76791,43.30861],[-7.7684,43.30913],[-7.7695,43.31155],[-7.77259,43.31164],[-7.77341,43.31187],[-7.77428,43.3137],[-7.77893,43.31986],[-7.77943,43.32086]]]}},{"type":"Feature","properties":{"COD_POSTAL":"27727"},"geometry":{"type":"Polygon","coordinates":[[[-7.18182,43.39192],[-7.18221,43.39203],[-7.18249,43.39246],[-7.1824,43.39307],[-7.18025,43.39622],[-7.18247,43.39558],[-7.18486,43.39433],[-7.18769,43.39163],[-7.1889,43.39087],[-7.19066,43.38995],[-7.19316,43.3892],[-7.19502,43.38819],[-7.19741,43.38789],[-7.19858,43.38809],[-7.19959,43.38788],[-7.20815,43.38756],[-7.20977,43.38695],[-7.21166,43.38687],[-7.21474,43.38581],[-7.22304,43.38784],[-7.22788,43.38973],[-7.22821,43.38739],[-7.22648,43.38416],[-7.22519,43.38017],[-7.22135,43.37719],[-7.20912,43.37327],[-7.20933,43.37398],[-7.20895,43.37481],[-7.20817,43.37566],[-7.19467,43.38277],[-7.19356,43.38261],[-7.19287,43.38204],[-7.19196,43.38195],[-7.18801,43.38537],[-7.18219,43.38802],[-7.18105,43.38895],[-7.17936,43.38891],[-7.17857,43.38781],[-7.17864,43.38802],[-7.17706,43.38957],[-7.17688,43.39004],[-7.17704,43.39133],[-7.17804,43.39263],[-7.17998,43.39176],[-7.18147,43.39183],[-7.18182,43.39192]]]}},{"type":"Feature","properties":{"COD_POSTAL":"27187"},"geometry":{"type":"Polygon","coordinates":[[[-7.62167,42.85408],[-7.62401,42.85429],[-7.62484,42.8539],[-7.62546,42.85315],[-7.62625,42.85291],[-7.62798,42.85311],[-7.63025,42.85422],[-7.63825,42.85663],[-7.63909,42.8575],[-7.64217,42.86207],[-7.64412,42.86273],[-7.65001,42.86338],[-7.65125,42.86284],[-7.65313,42.86276],[-7.654,42.86312],[-7.65868,42.86212],[-7.65937,42.86278],[-7.664,42.86034],[-7.66741,42.85721],[-7.66963,42.85439],[-7.67046,42.85169],[-7.66972,42.84746],[-7.6608,42.8403],[-7.65005,42.83752],[-7.64524,42.83704],[-7.63566,42.83233],[-7.63291,42.82779],[-7.63035,42.82684],[-7.62992,42.82631],[-7.63018,42.82552],[-7.62107,42.8204],[-7.61589,42.82162],[-7.61373,42.82166],[-7.60654,42.82613],[-7.60867,42.82758],[-7.61108,42.82997],[-7.61085,42.83286],[-7.61229,42.83606],[-7.60983,42.84562],[-7.61294,42.8473],[-7.61705,42.84826],[-7.61715,42.85052],[-7.61746,42.85104],[-7.61861,42.85153],[-7.61915,42.85359],[-7.61995,42.85433],[-7.62069,42.85445],[-7.62167,42.85408]]]}},{"type":"Feature","properties":{"COD_POSTAL":"27113"},"geometry":{"type":"Polygon","coordinates":[[[-6.86578,43.18229],[-6.86738,43.18196],[-6.86938,43.18031],[-6.87046,43.17988],[-6.87171,43.17987],[-6.871,43.18137],[-6.87061,43.18286],[-6.86857,43.18562],[-6.86862,43.1886],[-6.86806,43.18945],[-6.86825,43.19002],[-6.87001,43.18848],[-6.87021,43.18788],[-6.87162,43.18838],[-6.87465,43.18688],[-6.87552,43.1848],[-6.87469,43.18205],[-6.87662,43.18046],[-6.87692,43.17855],[-6.87645,43.17658],[-6.87699,43.17477],[-6.88036,43.1702],[-6.88515,43.16804],[-6.88627,43.16678],[-6.88592,43.16491],[-6.88215,43.16052],[-6.88421,43.15847],[-6.88541,43.1568],[-6.89284,43.15495],[-6.89644,43.1553],[-6.90215,43.1551],[-6.90585,43.14977],[-6.9143,43.14695],[-6.91944,43.141],[-6.92474,43.14098],[-6.92689,43.14055],[-6.92944,43.14139],[-6.9296,43.14286],[-6.93095,43.14167],[-6.93186,43.14146],[-6.93294,43.14057],[-6.93732,43.13937],[-6.93825,43.1357],[-6.93864,43.13294],[-6.94156,43.13183],[-6.94558,43.13209],[-6.95099,43.1344],[-6.95583,43.13481],[-6.95736,43.13548],[-6.95765,43.13616],[-6.95782,43.1372],[-6.95711,43.13936],[-6.95745,43.14026],[-6.96106,43.1452],[-6.96509,43.14871],[-6.97347,43.14954],[-6.9775,43.16063],[-6.98077,43.16655],[-6.97634,43.17562],[-6.97405,43.17893],[-6.97239,43.18085],[-6.96606,43.18599],[-6.9649,43.18754],[-6.96447,43.19039],[-6.96498,43.19261],[-6.96584,43.19347],[-6.96586,43.19471],[-6.96631,43.19555],[-6.96854,43.19806],[-6.97051,43.20364],[-6.97102,43.20425],[-6.97173,43.20443],[-6.97439,43.20407],[-6.97576,43.20416],[-6.97672,43.20369],[-6.98092,43.20375],[-6.98063,43.20323],[-6.98637,43.20216],[-6.98903,43.20466],[-6.99275,43.20867],[-6.99673,43.20822],[-7.00144,43.20728],[-7.00429,43.21102],[-7.00458,43.21318],[-7.00618,43.21497],[-7.00637,43.21574],[-7.00697,43.21625],[-7.00643,43.21809],[-7.00704,43.21945],[-7.00882,43.22022],[-7.00958,43.22288],[-7.0142,43.22309],[-7.017,43.22204],[-7.01724,43.22161],[-7.01781,43.2158],[-7.01697,43.21534],[-7.01694,43.21487],[-7.0172,43.21452],[-7.02005,43.21324],[-7.02119,43.21209],[-7.01896,43.19559],[-7.01796,43.19155],[-7.02035,43.18826],[-7.02476,43.18412],[-7.02798,43.18162],[-7.03105,43.18152],[-7.03395,43.18203],[-7.03693,43.18457],[-7.038,43.19327],[-7.03577,43.2001],[-7.03489,43.20132],[-7.03425,43.2047],[-7.03609,43.20566],[-7.04106,43.20546],[-7.04722,43.20456],[-7.04935,43.20284],[-7.04924,43.20218],[-7.04971,43.201],[-7.05118,43.19936],[-7.05076,43.19882],[-7.05099,43.19828],[-7.04878,43.19585],[-7.0491,43.19507],[-7.04741,43.19286],[-7.0476,43.19041],[-7.04829,43.19059],[-7.04883,43.1888],[-7.04497,43.18374],[-7.04249,43.18144],[-7.04399,43.17624],[-7.05037,43.17286],[-7.05461,43.16929],[-7.05375,43.16868],[-7.05273,43.16995],[-7.05048,43.17028],[-7.04833,43.16975],[-7.04554,43.17055],[-7.04371,43.1694],[-7.04097,43.16863],[-7.03388,43.16875],[-7.03081,43.16798],[-7.02876,43.16873],[-7.01894,43.16818],[-7.01948,43.15756],[-7.02027,43.15708],[-7.02511,43.15639],[-7.02702,43.1554],[-7.03222,43.15617],[-7.03361,43.15461],[-7.03415,43.15044],[-7.03229,43.15074],[-7.02742,43.1502],[-7.02689,43.14954],[-7.02084,43.1485],[-7.02069,43.14803],[-7.01122,43.14487],[-7.00937,43.14272],[-7.00767,43.14167],[-7.00558,43.13863],[-7.0055,43.13674],[-7.00398,43.13153],[-7.00263,43.1306],[-7.00265,43.13029],[-6.9993,43.12979],[-6.99789,43.12421],[-6.99627,43.12225],[-6.99461,43.11232],[-6.99715,43.11137],[-7.00073,43.11084],[-7.00567,43.11056],[-7.00973,43.10928],[-7.01229,43.10722],[-7.0129,43.10624],[-7.01265,43.09889],[-7.01396,43.09731],[-7.01229,43.09463],[-7.01037,43.0932],[-7.01069,43.09117],[-7.01175,43.09006],[-7.01707,43.08758],[-7.01768,43.08679],[-7.01484,43.08531],[-7.01208,43.08506],[-7.01202,43.08477],[-7.00927,43.0841],[-7.00449,43.07962],[-7.00274,43.08016],[-7.00177,43.07884],[-7.00172,43.07784],[-7.00336,43.07546],[-6.9991,43.07492],[-6.99864,43.07438],[-6.99892,43.07292],[-6.99777,43.07284],[-6.99757,43.07241],[-6.99799,43.07081],[-6.99769,43.07044],[-6.99479,43.07101],[-6.99389,43.07071],[-6.99305,43.06998],[-6.99329,43.06931],[-6.99466,43.06867],[-6.99493,43.06766],[-6.98716,43.05672],[-6.97848,43.0595],[-6.97743,43.05922],[-6.97592,43.05968],[-6.97418,43.05981],[-6.97064,43.06147],[-6.96938,43.06091],[-6.96824,43.06209],[-6.96716,43.0621],[-6.96643,43.06179],[-6.96614,43.06135],[-6.96448,43.06093],[-6.96194,43.06096],[-6.95856,43.06206],[-6.95635,43.06335],[-6.95586,43.06387],[-6.95582,43.06451],[-6.95806,43.06669],[-6.9581,43.06734],[-6.95772,43.06794],[-6.95616,43.06848],[-6.95509,43.06856],[-6.95269,43.06758],[-6.95098,43.06786],[-6.95032,43.06853],[-6.95202,43.07104],[-6.95112,43.07193],[-6.95085,43.07265],[-6.95111,43.07383],[-6.95199,43.07546],[-6.95182,43.07619],[-6.95101,43.0768],[-6.9481,43.07763],[-6.94473,43.07729],[-6.94405,43.07767],[-6.9428,43.0792],[-6.94094,43.08],[-6.93989,43.08112],[-6.93949,43.08215],[-6.93947,43.08532],[-6.93921,43.08603],[-6.93814,43.08669],[-6.93721,43.08409],[-6.9342,43.08165],[-6.92337,43.08185],[-6.92024,43.07967],[-6.91853,43.07768],[-6.91811,43.07678],[-6.9156,43.07342],[-6.91299,43.0763],[-6.91108,43.07801],[-6.90102,43.08379],[-6.89926,43.08562],[-6.89908,43.08806],[-6.89399,43.0918],[-6.892,43.09134],[-6.8903,43.09051],[-6.87873,43.09083],[-6.87354,43.09165],[-6.87135,43.09121],[-6.86899,43.09485],[-6.86875,43.09565],[-6.8668,43.09729],[-6.86651,43.09885],[-6.86524,43.1011],[-6.86275,43.10293],[-6.85924,43.10442],[-6.85656,43.10628],[-6.85561,43.10853],[-6.85435,43.10853],[-6.85063,43.10934],[-6.83105,43.12093],[-6.83046,43.12248],[-6.8276,43.12319],[-6.82841,43.12408],[-6.82738,43.12528],[-6.8277,43.12764],[-6.82692,43.12979],[-6.82721,43.13069],[-6.82685,43.13133],[-6.82555,43.13221],[-6.8257,43.13341],[-6.825,43.13426],[-6.82392,43.13704],[-6.82485,43.13723],[-6.82442,43.13782],[-6.82467,43.14034],[-6.82155,43.14324],[-6.82329,43.1437],[-6.82634,43.14587],[-6.82681,43.14821],[-6.82951,43.15028],[-6.82979,43.15189],[-6.83062,43.15239],[-6.83155,43.15351],[-6.83225,43.15376],[-6.8345,43.15541],[-6.83675,43.15734],[-6.8368,43.15759],[-6.83607,43.1586],[-6.8367,43.15874],[-6.83751,43.16111],[-6.83746,43.1639],[-6.83891,43.16614],[-6.83919,43.16639],[-6.84433,43.16662],[-6.84705,43.16704],[-6.85592,43.17226],[-6.85725,43.17354],[-6.85885,43.17585],[-6.86182,43.18225],[-6.86578,43.18229]]]}},{"type":"Feature","properties":{"COD_POSTAL":"27230"},"geometry":{"type":"Polygon","coordinates":[[[-7.64609,43.02638],[-7.6518,43.02822],[-7.65686,43.02805],[-7.66019,43.02708],[-7.66154,43.02739],[-7.67187,43.02688],[-7.67958,43.02729],[-7.68081,43.02431],[-7.69747,43.02154],[-7.71161,43.01298],[-7.70792,43.00766],[-7.70765,43.00378],[-7.70811,43.00231],[-7.70338,43.00399],[-7.69701,43.00473],[-7.69382,43.00385],[-7.68926,43.00309],[-7.68447,43.00735],[-7.68182,43.00445],[-7.6782,43.00139],[-7.67589,43.00156],[-7.67524,43.00131],[-7.6749,43.00083],[-7.67248,43.00103],[-7.67042,43.00091],[-7.66932,43.00068],[-7.6677,42.99982],[-7.66667,42.99955],[-7.66211,43.00105],[-7.65897,42.99971],[-7.65542,42.9977],[-7.65201,42.99946],[-7.6504,42.99883],[-7.64937,42.99794],[-7.64839,42.99648],[-7.64678,42.99493],[-7.64441,42.99456],[-7.63801,42.99665],[-7.63309,43.00048],[-7.62737,43.00126],[-7.62774,43.00229],[-7.63165,43.00858],[-7.63149,43.01091],[-7.63229,43.01115],[-7.63459,43.01096],[-7.63343,43.01194],[-7.63295,43.01312],[-7.63313,43.01463],[-7.63249,43.01878],[-7.63278,43.0194],[-7.63654,43.02202],[-7.64057,43.02404],[-7.64219,43.02453],[-7.64362,43.02599],[-7.64564,43.02631],[-7.64609,43.02638]]]}},{"type":"Feature","properties":{"COD_POSTAL":"27245"},"geometry":{"type":"Polygon","coordinates":[[[-7.17832,43.23454],[-7.18131,43.23926],[-7.18438,43.23914],[-7.19166,43.23808],[-7.19802,43.23607],[-7.19753,43.23439],[-7.19794,43.23364],[-7.19798,43.23114],[-7.19985,43.23177],[-7.20082,43.23243],[-7.20215,43.2324],[-7.20486,43.2342],[-7.20743,43.23451],[-7.20945,43.23412],[-7.21145,43.23197],[-7.21267,43.23107],[-7.21508,43.23027],[-7.21835,43.22976],[-7.2254,43.2294],[-7.22579,43.22917],[-7.22596,43.22838],[-7.22428,43.22127],[-7.2252,43.22027],[-7.22548,43.21865],[-7.22588,43.21782],[-7.22627,43.21497],[-7.22858,43.21378],[-7.22964,43.21296],[-7.23211,43.2125],[-7.23426,43.21106],[-7.2365,43.21102],[-7.23835,43.2104],[-7.23945,43.21067],[-7.24074,43.21164],[-7.24679,43.21247],[-7.24919,43.21231],[-7.24888,43.20899],[-7.24733,43.20779],[-7.24576,43.20472],[-7.2454,43.20168],[-7.24467,43.19861],[-7.24187,43.19157],[-7.23661,43.19164],[-7.23419,43.19259],[-7.22983,43.19299],[-7.21763,43.1952],[-7.20545,43.19495],[-7.20146,43.19467],[-7.19281,43.19125],[-7.18274,43.19437],[-7.18125,43.1972],[-7.17665,43.2018],[-7.1747,43.20589],[-7.1741,43.21162],[-7.17246,43.21402],[-7.17096,43.21976],[-7.17357,43.22205],[-7.17621,43.22606],[-7.17654,43.23142],[-7.17832,43.23454]]]}},{"type":"Feature","properties":{"COD_POSTAL":"27333"},"geometry":{"type":"MultiPolygon","coordinates":[[[[-7.36701,42.62629],[-7.37023,42.62748],[-7.36878,42.62887],[-7.36809,42.63085],[-7.36884,42.63147],[-7.37234,42.63572],[-7.37129,42.63806],[-7.37199,42.64107],[-7.37364,42.64436],[-7.37735,42.64935],[-7.37702,42.65208],[-7.38254,42.65184],[-7.38665,42.65004],[-7.39175,42.64871],[-7.39505,42.64748],[-7.39645,42.64675],[-7.40037,42.64152],[-7.40081,42.63889],[-7.39895,42.63543],[-7.39424,42.63112],[-7.3844,42.62823],[-7.38376,42.62603],[-7.38452,42.62138],[-7.3822,42.62233],[-7.379,42.62532],[-7.3768,42.62611],[-7.36676,42.62618],[-7.36701,42.62629]]],[[[-7.43027,42.6078],[-7.43455,42.60867],[-7.43849,42.61062],[-7.44079,42.60928],[-7.4428,42.60874],[-7.44415,42.60803],[-7.45025,42.60698],[-7.44985,42.60607],[-7.45127,42.59994],[-7.45242,42.59788],[-7.45388,42.5967],[-7.45454,42.59543],[-7.45612,42.59435],[-7.45636,42.58913],[-7.45176,42.58557],[-7.44547,42.58531],[-7.43088,42.59056],[-7.42668,42.58754],[-7.42049,42.58556],[-7.41678,42.58309],[-7.41234,42.58169],[-7.41027,42.58369],[-7.40395,42.58799],[-7.40321,42.58826],[-7.4036,42.5884],[-7.40332,42.58841],[-7.40178,42.59067],[-7.40052,42.59425],[-7.40331,42.59482],[-7.40582,42.59564],[-7.40866,42.59707],[-7.40848,42.59802],[-7.407,42.59919],[-7.40559,42.59932],[-7.40396,42.60033],[-7.40378,42.6014],[-7.40438,42.60225],[-7.41312,42.60493],[-7.41621,42.609],[-7.41544,42.61058],[-7.41836,42.60921],[-7.42084,42.6088],[-7.42241,42.60881],[-7.42363,42.60833],[-7.42474,42.60851],[-7.42574,42.60781],[-7.42669,42.60843],[-7.42888,42.60774],[-7.43027,42.6078]]]]}},{"type":"Feature","properties":{"COD_POSTAL":"27305"},"geometry":{"type":"Polygon","coordinates":[[[-7.79271,43.23728],[-7.79499,43.23724],[-7.80033,43.23594],[-7.80337,43.23571],[-7.80547,43.23505],[-7.8073,43.23485],[-7.80865,43.23492],[-7.81311,43.23586],[-7.81445,43.23596],[-7.81549,43.23576],[-7.81667,43.23523],[-7.81877,43.23377],[-7.82073,43.23132],[-7.82151,43.23082],[-7.8217,43.23037],[-7.82054,43.22791],[-7.82055,43.22706],[-7.82077,43.22687],[-7.82194,43.22684],[-7.82457,43.22737],[-7.82677,43.22722],[-7.82793,43.2265],[-7.82947,43.22608],[-7.8307,43.22533],[-7.83205,43.22482],[-7.83335,43.2247],[-7.83487,43.2237],[-7.83727,43.22335],[-7.83865,43.22285],[-7.83913,43.22285],[-7.83974,43.22329],[-7.84152,43.22504],[-7.84543,43.22522],[-7.85223,43.22449],[-7.85478,43.2237],[-7.85573,43.22314],[-7.8564,43.22216],[-7.85794,43.2215],[-7.86059,43.22203],[-7.86138,43.22193],[-7.8618,43.22152],[-7.8627,43.21722],[-7.86187,43.21577],[-7.86194,43.21491],[-7.86224,43.21437],[-7.86695,43.21211],[-7.86775,43.21212],[-7.86887,43.21282],[-7.86816,43.21345],[-7.86843,43.21378],[-7.8687,43.21378],[-7.8688,43.21333],[-7.86938,43.21312],[-7.87141,43.21397],[-7.87238,43.214],[-7.87306,43.21378],[-7.87397,43.21288],[-7.87516,43.21217],[-7.87637,43.21192],[-7.87655,43.21088],[-7.87768,43.20996],[-7.87807,43.20934],[-7.87806,43.20839],[-7.8787,43.20739],[-7.87978,43.20663],[-7.88091,43.20631],[-7.88152,43.20575],[-7.88115,43.20384],[-7.88164,43.20336],[-7.88541,43.20225],[-7.88557,43.20159],[-7.88517,43.20085],[-7.88448,43.2001],[-7.88322,43.19944],[-7.88159,43.19909],[-7.87908,43.19918],[-7.87843,43.19887],[-7.87875,43.19823],[-7.87812,43.19808],[-7.87653,43.19848],[-7.87603,43.19835],[-7.87621,43.19741],[-7.87586,43.19693],[-7.87509,43.19669],[-7.87122,43.19643],[-7.86953,43.19708],[-7.86895,43.19708],[-7.86718,43.19652],[-7.86666,43.19602],[-7.86565,43.19329],[-7.86359,43.19114],[-7.86314,43.19007],[-7.86073,43.18814],[-7.86042,43.18665],[-7.85938,43.18383],[-7.8595,43.18302],[-7.86304,43.18192],[-7.86541,43.1806],[-7.86943,43.1768],[-7.87053,43.17616],[-7.87237,43.17576],[-7.8733,43.17417],[-7.87492,43.17348],[-7.87748,43.17141],[-7.87762,43.1709],[-7.87723,43.16994],[-7.87575,43.16826],[-7.8754,43.1663],[-7.87228,43.16436],[-7.87143,43.16211],[-7.87079,43.16144],[-7.87066,43.16072],[-7.87092,43.15982],[-7.87074,43.15942],[-7.86982,43.15851],[-7.86818,43.15765],[-7.86772,43.15717],[-7.86778,43.15684],[-7.86565,43.15616],[-7.8639,43.15466],[-7.85831,43.15338],[-7.85663,43.15319],[-7.85521,43.15345],[-7.85424,43.15387],[-7.85392,43.15449],[-7.85383,43.15553],[-7.85355,43.15586],[-7.85068,43.15599],[-7.84999,43.15693],[-7.84797,43.15858],[-7.84735,43.15936],[-7.84746,43.15987],[-7.84787,43.16034],[-7.85338,43.16164],[-7.85635,43.16269],[-7.85582,43.16445],[-7.85779,43.16826],[-7.85657,43.17077],[-7.85416,43.17399],[-7.85442,43.17509],[-7.85074,43.17607],[-7.84932,43.17586],[-7.84931,43.17629],[-7.84815,43.17622],[-7.84747,43.17649],[-7.84715,43.17605],[-7.84732,43.17577],[-7.8439,43.17526],[-7.84417,43.17577],[-7.84387,43.17595],[-7.84388,43.17634],[-7.84332,43.17658],[-7.84297,43.17559],[-7.8433,43.1752],[-7.83675,43.17624],[-7.83214,43.17641],[-7.82606,43.17433],[-7.82567,43.17332],[-7.82582,43.17277],[-7.82429,43.17242],[-7.82298,43.17227],[-7.81797,43.1731],[-7.8134,43.17222],[-7.81176,43.17282],[-7.81052,43.17467],[-7.80907,43.17571],[-7.80905,43.17613],[-7.8096,43.17701],[-7.81036,43.17764],[-7.80857,43.17782],[-7.80623,43.17674],[-7.80589,43.17598],[-7.80555,43.17602],[-7.80554,43.17638],[-7.80452,43.1759],[-7.79591,43.1736],[-7.78797,43.17238],[-7.78431,43.17207],[-7.78408,43.17445],[-7.78322,43.17753],[-7.78365,43.18055],[-7.78179,43.1862],[-7.77874,43.19158],[-7.77738,43.19765],[-7.77981,43.19806],[-7.78184,43.19792],[-7.78326,43.19719],[-7.78411,43.19745],[-7.78451,43.19829],[-7.78423,43.20008],[-7.7847,43.2011],[-7.78634,43.20237],[-7.78647,43.20404],[-7.78574,43.20688],[-7.785,43.20855],[-7.78512,43.2111],[-7.78562,43.21214],[-7.78641,43.21717],[-7.78625,43.21828],[-7.78546,43.21936],[-7.78372,43.22042],[-7.78088,43.22333],[-7.78064,43.22389],[-7.78091,43.22462],[-7.78326,43.22598],[-7.78305,43.22635],[-7.78531,43.23081],[-7.78648,43.23463],[-7.79233,43.23552],[-7.79271,43.23728]]]}},{"type":"Feature","properties":{"COD_POSTAL":"27369"},"geometry":{"type":"MultiPolygon","coordinates":[[[[-7.42691,42.85532],[-7.42777,42.85526],[-7.43224,42.85727],[-7.43123,42.8563],[-7.43383,42.85284],[-7.43739,42.85232],[-7.43943,42.84882],[-7.44014,42.84706],[-7.44031,42.84591],[-7.44006,42.8448],[-7.44033,42.84296],[-7.44196,42.8408],[-7.43877,42.83945],[-7.43336,42.83886],[-7.4252,42.83475],[-7.41951,42.83483],[-7.41172,42.83187],[-7.40782,42.8335],[-7.40416,42.83752],[-7.40045,42.83815],[-7.39238,42.83703],[-7.39042,42.83739],[-7.39588,42.84355],[-7.4,42.84573],[-7.4028,42.84587],[-7.40412,42.84788],[-7.40488,42.85012],[-7.41542,42.85137],[-7.41867,42.85055],[-7.42118,42.84917],[-7.42318,42.84962],[-7.42372,42.85094],[-7.42691,42.85532]]],[[[-7.46983,42.85997],[-7.47247,42.86123],[-7.47246,42.85815],[-7.48111,42.85932],[-7.48396,42.85849],[-7.48492,42.85713],[-7.48507,42.8546],[-7.48358,42.85244],[-7.48749,42.85062],[-7.48737,42.8487],[-7.48566,42.8477],[-7.48401,42.84807],[-7.48279,42.84808],[-7.48145,42.84552],[-7.4802,42.84389],[-7.48004,42.84296],[-7.47943,42.84232],[-7.48051,42.84122],[-7.48673,42.84061],[-7.49004,42.84276],[-7.49083,42.84287],[-7.49852,42.83831],[-7.49781,42.83734],[-7.49973,42.83633],[-7.50127,42.83516],[-7.50205,42.83358],[-7.50157,42.83231],[-7.49702,42.82502],[-7.49795,42.82039],[-7.4886,42.81647],[-7.48296,42.81975],[-7.47799,42.82339],[-7.47436,42.82643],[-7.47148,42.82537],[-7.47121,42.8257],[-7.47028,42.82606],[-7.46835,42.82806],[-7.46714,42.82862],[-7.46526,42.83013],[-7.46439,42.83187],[-7.46283,42.83305],[-7.46359,42.83345],[-7.46336,42.8344],[-7.45911,42.83493],[-7.45691,42.83971],[-7.45661,42.8414],[-7.45632,42.84181],[-7.45633,42.8429],[-7.45532,42.84394],[-7.46036,42.84579],[-7.4642,42.84863],[-7.46629,42.84986],[-7.46685,42.85124],[-7.46696,42.85283],[-7.46928,42.85708],[-7.46983,42.85997]]]]}},{"type":"Feature","properties":{"COD_POSTAL":"27438"},"geometry":{"type":"MultiPolygon","coordinates":[[[[-7.61633,42.50923],[-7.61145,42.50784],[-7.61005,42.50691],[-7.60777,42.50452],[-7.60644,42.50238],[-7.60121,42.49884],[-7.59148,42.50121],[-7.58861,42.50404],[-7.58872,42.50458],[-7.59239,42.50614],[-7.59428,42.50742],[-7.59633,42.50745],[-7.59728,42.50934],[-7.59788,42.51216],[-7.59778,42.51305],[-7.59008,42.51876],[-7.58948,42.51842],[-7.58784,42.5197],[-7.58868,42.5197],[-7.60215,42.5234],[-7.60526,42.52486],[-7.60881,42.52681],[-7.60924,42.52728],[-7.61881,42.51943],[-7.61915,42.5178],[-7.61624,42.51322],[-7.61633,42.50923]]],[[[-7.65059,42.55027],[-7.65437,42.55018],[-7.6621,42.54937],[-7.66226,42.54771],[-7.66195,42.5468],[-7.66247,42.54619],[-7.66484,42.54475],[-7.66406,42.54418],[-7.66174,42.54347],[-7.6584,42.54319],[-7.65424,42.54128],[-7.65228,42.53942],[-7.65206,42.53845],[-7.65274,42.53707],[-7.65194,42.53392],[-7.6492,42.53046],[-7.64627,42.52394],[-7.64476,42.52158],[-7.63482,42.51408],[-7.634,42.51302],[-7.62448,42.52562],[-7.6238,42.52614],[-7.6204,42.52728],[-7.61391,42.52895],[-7.6145,42.53178],[-7.61409,42.53301],[-7.60462,42.5371],[-7.60455,42.53815],[-7.60508,42.53911],[-7.60452,42.54127],[-7.60464,42.54209],[-7.60546,42.54385],[-7.60841,42.54339],[-7.61602,42.54295],[-7.61787,42.54487],[-7.61916,42.54719],[-7.62087,42.54894],[-7.6262,42.54958],[-7.63074,42.54926],[-7.63439,42.54822],[-7.63928,42.54878],[-7.64402,42.55019],[-7.64987,42.55026],[-7.65059,42.55027]]]]}},{"type":"Feature","properties":{"COD_POSTAL":"27518"},"geometry":{"type":"Polygon","coordinates":[[[-7.79516,42.66938],[-7.79634,42.66995],[-7.79875,42.66915],[-7.79951,42.66755],[-7.80296,42.66441],[-7.80394,42.6648],[-7.80629,42.66423],[-7.80825,42.66544],[-7.80948,42.66544],[-7.81173,42.66487],[-7.819,42.66171],[-7.82278,42.66119],[-7.82523,42.66026],[-7.82822,42.66037],[-7.82584,42.65581],[-7.82659,42.65313],[-7.82521,42.65133],[-7.82075,42.64864],[-7.81183,42.64487],[-7.81185,42.64193],[-7.80818,42.63158],[-7.80991,42.62644],[-7.81053,42.6257],[-7.81042,42.6246],[-7.81106,42.62432],[-7.8125,42.62296],[-7.8151,42.62],[-7.81835,42.61898],[-7.81395,42.61886],[-7.80968,42.61817],[-7.79393,42.61804],[-7.7915,42.6132],[-7.79403,42.60847],[-7.79614,42.60567],[-7.79349,42.60493],[-7.79306,42.60434],[-7.79367,42.60306],[-7.79211,42.60273],[-7.79141,42.60318],[-7.79103,42.60409],[-7.7902,42.60424],[-7.78794,42.60372],[-7.78652,42.60297],[-7.78309,42.60297],[-7.77847,42.60407],[-7.77716,42.60509],[-7.77754,42.60606],[-7.78089,42.60741],[-7.78109,42.60804],[-7.78095,42.60913],[-7.78038,42.61013],[-7.77779,42.61302],[-7.77752,42.61426],[-7.77811,42.61747],[-7.77687,42.61916],[-7.77473,42.62106],[-7.77317,42.62195],[-7.77184,42.62227],[-7.77102,42.62217],[-7.77181,42.62555],[-7.77161,42.62718],[-7.77212,42.63406],[-7.77758,42.63311],[-7.78162,42.63275],[-7.78685,42.63361],[-7.78528,42.63617],[-7.78552,42.64108],[-7.7872,42.64249],[-7.79007,42.64354],[-7.78557,42.6458],[-7.78431,42.64756],[-7.7819,42.64902],[-7.77961,42.65138],[-7.77885,42.65272],[-7.78047,42.65641],[-7.78284,42.65554],[-7.78309,42.65642],[-7.78394,42.65706],[-7.78595,42.65775],[-7.78729,42.65995],[-7.78925,42.65984],[-7.78969,42.66183],[-7.78945,42.66275],[-7.78878,42.66369],[-7.79061,42.66476],[-7.78933,42.66638],[-7.79433,42.6678],[-7.79481,42.66832],[-7.7947,42.66896],[-7.79516,42.66938]]]}},{"type":"Feature","properties":{"COD_POSTAL":"27320"},"geometry":{"type":"Polygon","coordinates":[[[-7.2199,42.54212],[-7.22273,42.5406],[-7.22568,42.53997],[-7.23071,42.54008],[-7.23128,42.53981],[-7.23257,42.53828],[-7.23379,42.53561],[-7.23411,42.53377],[-7.23391,42.53218],[-7.23451,42.52557],[-7.23962,42.52143],[-7.24573,42.51937],[-7.24637,42.51759],[-7.24647,42.51592],[-7.24807,42.51191],[-7.24994,42.51058],[-7.25082,42.5091],[-7.25129,42.5057],[-7.25419,42.49712],[-7.2538,42.49395],[-7.25271,42.49029],[-7.24906,42.48813],[-7.24761,42.48764],[-7.24517,42.4874],[-7.24284,42.48631],[-7.24147,42.48615],[-7.24093,42.48583],[-7.24119,42.48526],[-7.24042,42.48504],[-7.23984,42.48389],[-7.23993,42.48282],[-7.23835,42.48176],[-7.23863,42.48115],[-7.24199,42.48005],[-7.24547,42.47823],[-7.24596,42.47754],[-7.24802,42.47721],[-7.24921,42.47739],[-7.24998,42.47715],[-7.2504,42.47619],[-7.2514,42.47527],[-7.25217,42.47496],[-7.25481,42.47509],[-7.25646,42.47488],[-7.25712,42.47465],[-7.25802,42.4733],[-7.25954,42.47326],[-7.25936,42.47391],[-7.25948,42.47482],[-7.25886,42.47607],[-7.25764,42.47714],[-7.25738,42.47821],[-7.25695,42.47864],[-7.25788,42.48019],[-7.25837,42.48045],[-7.25878,42.48183],[-7.25906,42.48202],[-7.26145,42.4815],[-7.26488,42.48218],[-7.26606,42.48298],[-7.2691,42.48847],[-7.27044,42.49555],[-7.27229,42.49585],[-7.27469,42.49531],[-7.27536,42.49449],[-7.27623,42.48984],[-7.27745,42.48761],[-7.28303,42.48445],[-7.28619,42.48195],[-7.28681,42.48024],[-7.28606,42.47831],[-7.2835,42.47671],[-7.27922,42.47217],[-7.27416,42.47096],[-7.27205,42.4697],[-7.27039,42.46735],[-7.26935,42.46395],[-7.26754,42.4605],[-7.26706,42.45907],[-7.26652,42.45853],[-7.26322,42.45725],[-7.26053,42.45668],[-7.25708,42.45633],[-7.25373,42.45701],[-7.25085,42.45819],[-7.25099,42.45879],[-7.25042,42.45993],[-7.24921,42.46054],[-7.24599,42.46086],[-7.24552,42.46115],[-7.24122,42.46032],[-7.24013,42.46054],[-7.23881,42.4615],[-7.23673,42.46221],[-7.23495,42.46314],[-7.23248,42.46515],[-7.23138,42.467],[-7.22964,42.46822],[-7.22873,42.46852],[-7.2281,42.46925],[-7.22722,42.46974],[-7.22587,42.46981],[-7.22514,42.47008],[-7.22378,42.47118],[-7.2222,42.47181],[-7.22163,42.47174],[-7.21927,42.47294],[-7.20887,42.47527],[-7.20323,42.4782],[-7.20639,42.48004],[-7.21006,42.48147],[-7.21309,42.48335],[-7.21535,42.48558],[-7.21804,42.48771],[-7.22056,42.49069],[-7.22112,42.49227],[-7.21913,42.4935],[-7.21336,42.49574],[-7.21171,42.49697],[-7.2101,42.49905],[-7.20482,42.50248],[-7.20182,42.50319],[-7.19742,42.50328],[-7.19758,42.50557],[-7.19734,42.50877],[-7.18332,42.51644],[-7.18247,42.51766],[-7.18217,42.51899],[-7.19285,42.51954],[-7.19272,42.52412],[-7.19493,42.52751],[-7.19827,42.52865],[-7.20238,42.52846],[-7.20732,42.52935],[-7.20944,42.52941],[-7.21803,42.53568],[-7.21825,42.54],[-7.2199,42.54212]]]}},{"type":"Feature","properties":{"COD_POSTAL":"27346"},"geometry":{"type":"Polygon","coordinates":[[[-7.3133,42.725],[-7.32169,42.72091],[-7.33236,42.71699],[-7.33743,42.71841],[-7.34236,42.71768],[-7.34819,42.71514],[-7.34803,42.71258],[-7.34824,42.71135],[-7.35128,42.70635],[-7.35905,42.70092],[-7.36163,42.69987],[-7.36309,42.69956],[-7.37033,42.69958],[-7.37343,42.69902],[-7.38218,42.69838],[-7.38529,42.7],[-7.38966,42.70557],[-7.39312,42.71067],[-7.40073,42.70881],[-7.40246,42.7088],[-7.40378,42.70833],[-7.40425,42.70901],[-7.40599,42.7071],[-7.40909,42.70528],[-7.41097,42.70476],[-7.41122,42.70424],[-7.41246,42.70317],[-7.41427,42.70177],[-7.41523,42.7014],[-7.41407,42.70093],[-7.41034,42.70061],[-7.40643,42.69951],[-7.40191,42.69883],[-7.3971,42.697],[-7.39523,42.69507],[-7.39532,42.69361],[-7.39639,42.69121],[-7.39487,42.68687],[-7.39811,42.68708],[-7.4049,42.68558],[-7.41054,42.68203],[-7.4114,42.67957],[-7.40888,42.67739],[-7.40665,42.67595],[-7.40481,42.67278],[-7.40619,42.67226],[-7.39493,42.66392],[-7.39266,42.66138],[-7.38445,42.65837],[-7.37881,42.65856],[-7.37803,42.65613],[-7.37884,42.652],[-7.37702,42.65208],[-7.37706,42.65113],[-7.35389,42.65505],[-7.35117,42.65817],[-7.35175,42.66177],[-7.35043,42.66187],[-7.34997,42.66227],[-7.3425,42.66536],[-7.34085,42.66628],[-7.32699,42.67624],[-7.32538,42.6783],[-7.31474,42.67665],[-7.30651,42.67594],[-7.30228,42.67051],[-7.2936,42.66472],[-7.29301,42.66479],[-7.2926,42.6644],[-7.28715,42.66267],[-7.28126,42.66416],[-7.27428,42.66661],[-7.27305,42.66676],[-7.27097,42.66921],[-7.27495,42.67047],[-7.27593,42.67162],[-7.27545,42.67331],[-7.27515,42.67645],[-7.27273,42.68011],[-7.27179,42.68034],[-7.27154,42.68264],[-7.272,42.68442],[-7.274,42.68641],[-7.27333,42.6901],[-7.2776,42.6933],[-7.27731,42.69477],[-7.27623,42.69696],[-7.27724,42.69909],[-7.2775,42.70019],[-7.27309,42.70081],[-7.26889,42.70261],[-7.2718,42.70627],[-7.28284,42.71092],[-7.29006,42.71081],[-7.30049,42.71171],[-7.31043,42.71944],[-7.3133,42.725]]]}},{"type":"Feature","properties":{"COD_POSTAL":"27550"},"geometry":{"type":"Polygon","coordinates":[[[-7.73592,42.70739],[-7.73361,42.70794],[-7.72895,42.70789],[-7.72835,42.70979],[-7.72919,42.71103],[-7.73155,42.71325],[-7.73232,42.71442],[-7.73206,42.71651],[-7.73157,42.71817],[-7.733,42.72026],[-7.73424,42.7202],[-7.73676,42.71891],[-7.74595,42.71889],[-7.74786,42.71859],[-7.74881,42.71898],[-7.74943,42.71818],[-7.75583,42.71682],[-7.75716,42.71758],[-7.7611,42.7177],[-7.76145,42.71863],[-7.76141,42.71959],[-7.76086,42.7199],[-7.76092,42.72048],[-7.76051,42.72087],[-7.75936,42.72052],[-7.75859,42.72135],[-7.75864,42.72192],[-7.7598,42.72232],[-7.7605,42.72223],[-7.76167,42.72086],[-7.76216,42.72099],[-7.76231,42.72138],[-7.76465,42.72171],[-7.76539,42.72076],[-7.76533,42.72027],[-7.77314,42.72519],[-7.77508,42.72458],[-7.77547,42.72026],[-7.77484,42.71853],[-7.77069,42.71571],[-7.76983,42.71417],[-7.76836,42.71396],[-7.76549,42.71085],[-7.76543,42.70493],[-7.76419,42.70411],[-7.76344,42.70311],[-7.76235,42.70257],[-7.76006,42.70368],[-7.75872,42.70351],[-7.75378,42.70399],[-7.75237,42.70357],[-7.75093,42.70368],[-7.75061,42.7041],[-7.75108,42.70444],[-7.75092,42.70552],[-7.74984,42.70542],[-7.74794,42.70589],[-7.74725,42.70584],[-7.74539,42.70502],[-7.74589,42.70424],[-7.74467,42.70288],[-7.74392,42.70238],[-7.74214,42.70273],[-7.74127,42.70336],[-7.73897,42.70591],[-7.73592,42.70739]]]}},{"type":"Feature","properties":{"COD_POSTAL":"27469"},"geometry":{"type":"Polygon","coordinates":[[[-7.52182,42.46639],[-7.52308,42.46652],[-7.53251,42.4634],[-7.53507,42.46448],[-7.53814,42.46441],[-7.5464,42.46105],[-7.54966,42.46199],[-7.5531,42.46362],[-7.55663,42.46412],[-7.55857,42.46384],[-7.56087,42.46221],[-7.56439,42.4562],[-7.56492,42.45338],[-7.56599,42.45236],[-7.56653,42.45129],[-7.5677,42.44999],[-7.57022,42.44871],[-7.57047,42.44811],[-7.57062,42.44469],[-7.56925,42.44272],[-7.56305,42.44242],[-7.55903,42.44279],[-7.55786,42.44041],[-7.55645,42.4383],[-7.55197,42.43766],[-7.55035,42.43765],[-7.54778,42.43706],[-7.54556,42.43737],[-7.54297,42.43694],[-7.54018,42.43709],[-7.53446,42.43636],[-7.53354,42.43586],[-7.53207,42.43549],[-7.53023,42.43612],[-7.52928,42.43616],[-7.52542,42.43563],[-7.5248,42.43521],[-7.52236,42.43792],[-7.51815,42.44066],[-7.51755,42.44179],[-7.50651,42.44573],[-7.50764,42.4468],[-7.51016,42.44781],[-7.51267,42.45002],[-7.51409,42.45239],[-7.5166,42.45393],[-7.51573,42.45605],[-7.51623,42.4589],[-7.5161,42.46104],[-7.52107,42.46588],[-7.52182,42.46639]]]}},{"type":"Feature","properties":{"COD_POSTAL":"27233"},"geometry":{"type":"MultiPolygon","coordinates":[[[[-7.72527,42.94984],[-7.73034,42.9488],[-7.7328,42.94903],[-7.73991,42.95212],[-7.75186,42.95869],[-7.75725,42.95949],[-7.75801,42.9521],[-7.76348,42.94793],[-7.77186,42.94609],[-7.77448,42.9461],[-7.78259,42.94406],[-7.7888,42.94184],[-7.78933,42.94094],[-7.78858,42.93885],[-7.78915,42.93671],[-7.78903,42.93638],[-7.78821,42.93577],[-7.78648,42.93576],[-7.78523,42.93516],[-7.78486,42.9345],[-7.78453,42.9325],[-7.7834,42.93177],[-7.78396,42.93077],[-7.77652,42.9239],[-7.76824,42.92521],[-7.75867,42.92276],[-7.74457,42.91583],[-7.74133,42.91619],[-7.73491,42.91943],[-7.73383,42.92043],[-7.73399,42.92189],[-7.7377,42.9331],[-7.72765,42.93882],[-7.72319,42.94359],[-7.72199,42.94554],[-7.72256,42.94794],[-7.72527,42.94984]]],[[[-7.60214,42.97877],[-7.60248,42.97959],[-7.601,42.97988],[-7.59908,42.98171],[-7.5969,42.98242],[-7.59645,42.98347],[-7.59437,42.98507],[-7.59403,42.98576],[-7.59312,42.98674],[-7.59293,42.98875],[-7.59796,42.9889],[-7.60199,42.99047],[-7.60383,42.99068],[-7.6094,42.98917],[-7.6142,42.98886],[-7.61918,42.98937],[-7.62257,42.9904],[-7.62442,42.99192],[-7.63036,42.99057],[-7.63247,42.98916],[-7.63346,42.98768],[-7.63568,42.98792],[-7.63726,42.98884],[-7.6391,42.98948],[-7.63937,42.98856],[-7.641,42.98794],[-7.64298,42.98803],[-7.64375,42.98832],[-7.64473,42.9879],[-7.64609,42.98845],[-7.64772,42.98792],[-7.64885,42.98627],[-7.65277,42.98373],[-7.65734,42.98291],[-7.65827,42.98196],[-7.65917,42.98153],[-7.6601,42.98151],[-7.66323,42.98199],[-7.66424,42.9824],[-7.665,42.9823],[-7.6672,42.98275],[-7.66905,42.98256],[-7.6719,42.9829],[-7.67448,42.98468],[-7.67544,42.98588],[-7.67598,42.98705],[-7.67791,42.9875],[-7.67945,42.98853],[-7.68036,42.98968],[-7.68709,42.98928],[-7.69404,42.99068],[-7.6997,42.99215],[-7.70305,42.99184],[-7.71165,42.99179],[-7.71385,42.98593],[-7.71418,42.97251],[-7.72908,42.97097],[-7.73527,42.97301],[-7.73355,42.96232],[-7.73436,42.95769],[-7.72273,42.95344],[-7.7063,42.95218],[-7.7026,42.95212],[-7.70162,42.9614],[-7.70176,42.96225],[-7.701,42.96523],[-7.70204,42.96572],[-7.70312,42.96546],[-7.70675,42.96711],[-7.70844,42.96683],[-7.70988,42.96731],[-7.71199,42.96862],[-7.71336,42.97057],[-7.70872,42.97343],[-7.70283,42.97392],[-7.70057,42.97495],[-7.69448,42.97293],[-7.69329,42.97274],[-7.69063,42.97284],[-7.68943,42.97341],[-7.68836,42.97466],[-7.68775,42.97491],[-7.68607,42.9746],[-7.6853,42.97476],[-7.68411,42.97553],[-7.68266,42.97572],[-7.67946,42.97465],[-7.67752,42.97346],[-7.67617,42.97161],[-7.67041,42.96755],[-7.6707,42.96538],[-7.67154,42.96283],[-7.67645,42.96201],[-7.67705,42.95426],[-7.67033,42.95122],[-7.6483,42.95053],[-7.63862,42.95631],[-7.63732,42.95853],[-7.63015,42.96387],[-7.62382,42.96686],[-7.61097,42.97237],[-7.60765,42.97331],[-7.60616,42.97404],[-7.60417,42.97682],[-7.60214,42.97877]]]]}},{"type":"Feature","properties":{"COD_POSTAL":"27729"},"geometry":{"type":"Polygon","coordinates":[[[-7.18072,43.32328],[-7.1798,43.32662],[-7.17783,43.32809],[-7.17479,43.32933],[-7.1724,43.32966],[-7.16621,43.33192],[-7.16257,43.33417],[-7.16561,43.33596],[-7.17354,43.34128],[-7.17905,43.34375],[-7.17932,43.34502],[-7.18244,43.34667],[-7.18494,43.3462],[-7.18879,43.34473],[-7.19543,43.33969],[-7.19635,43.33737],[-7.19645,43.33593],[-7.19733,43.33332],[-7.1984,43.33224],[-7.19871,43.33077],[-7.19769,43.32854],[-7.19789,43.32799],[-7.19867,43.32753],[-7.2014,43.3277],[-7.20154,43.32655],[-7.19921,43.32467],[-7.19671,43.32426],[-7.19432,43.32426],[-7.19283,43.32286],[-7.19044,43.3228],[-7.18739,43.3231],[-7.18595,43.32285],[-7.18486,43.32222],[-7.18281,43.32322],[-7.18072,43.32328]]]}},{"type":"Feature","properties":{"COD_POSTAL":"27330"},"geometry":{"type":"Polygon","coordinates":[[[-7.39609,42.54875],[-7.39195,42.54942],[-7.37822,42.55314],[-7.37709,42.55446],[-7.38373,42.55653],[-7.38454,42.5577],[-7.38459,42.55962],[-7.38381,42.56085],[-7.37688,42.56557],[-7.37739,42.56565],[-7.38103,42.56839],[-7.38809,42.56925],[-7.39204,42.56932],[-7.39593,42.56854],[-7.40039,42.56638],[-7.40629,42.56154],[-7.40696,42.55931],[-7.40525,42.55595],[-7.40057,42.55212],[-7.39609,42.54875]]]}},{"type":"Feature","properties":{"COD_POSTAL":"27209"},"geometry":{"type":"Polygon","coordinates":[[[-7.83655,42.8623],[-7.8373,42.86529],[-7.83962,42.86666],[-7.84712,42.86813],[-7.85633,42.868],[-7.85921,42.86953],[-7.85995,42.869],[-7.86064,42.86804],[-7.8642,42.86839],[-7.86639,42.86796],[-7.86951,42.86784],[-7.87052,42.868],[-7.87107,42.86741],[-7.87234,42.86682],[-7.8743,42.86699],[-7.87481,42.86677],[-7.87521,42.86487],[-7.87491,42.86418],[-7.87276,42.86211],[-7.87107,42.85938],[-7.87131,42.85902],[-7.87875,42.85621],[-7.87857,42.85417],[-7.88022,42.84741],[-7.87988,42.84574],[-7.8795,42.84525],[-7.88028,42.84113],[-7.86545,42.83754],[-7.8532,42.83609],[-7.85188,42.8354],[-7.85091,42.83456],[-7.85015,42.83461],[-7.84831,42.83539],[-7.84503,42.83533],[-7.84321,42.83903],[-7.838,42.84562],[-7.84171,42.85207],[-7.83971,42.85659],[-7.83794,42.85984],[-7.8364,42.86207],[-7.83655,42.8623]]]}},{"type":"Feature","properties":{"COD_POSTAL":"27837"},"geometry":{"type":"Polygon","coordinates":[[[-7.62913,43.44688],[-7.62869,43.44645],[-7.62786,43.44627],[-7.6263,43.44632],[-7.62514,43.44594],[-7.61994,43.44556],[-7.61817,43.44503],[-7.60381,43.44644],[-7.602,43.44689],[-7.59722,43.44943],[-7.59269,43.45236],[-7.58935,43.4552],[-7.58766,43.45592],[-7.58619,43.45704],[-7.57224,43.46421],[-7.57126,43.46571],[-7.56926,43.46729],[-7.5692,43.46762],[-7.57089,43.47217],[-7.5709,43.47505],[-7.57056,43.4761],[-7.57194,43.47767],[-7.5722,43.47978],[-7.57189,43.48052],[-7.56995,43.48363],[-7.56794,43.48469],[-7.56785,43.48643],[-7.56713,43.487],[-7.56607,43.48839],[-7.56514,43.489],[-7.56381,43.49138],[-7.56327,43.4919],[-7.55918,43.49519],[-7.55633,43.49657],[-7.55385,43.49733],[-7.5509,43.49936],[-7.54939,43.50798],[-7.54898,43.50909],[-7.54768,43.5108],[-7.54681,43.51381],[-7.54404,43.52001],[-7.5462,43.52107],[-7.5559,43.52324],[-7.55894,43.52478],[-7.56136,43.52626],[-7.56241,43.5275],[-7.56493,43.52922],[-7.56495,43.53019],[-7.56747,43.53244],[-7.56865,43.53442],[-7.56971,43.53477],[-7.57099,43.53465],[-7.57244,43.53611],[-7.57423,43.53566],[-7.57861,43.53708],[-7.58191,43.53763],[-7.58332,43.53709],[-7.58411,43.53711],[-7.5856,43.53837],[-7.58717,43.53913],[-7.58829,43.54001],[-7.58948,43.5404],[-7.59106,43.54027],[-7.59163,43.53995],[-7.59233,43.53893],[-7.59278,43.53663],[-7.59687,43.53409],[-7.59695,43.53342],[-7.59618,43.53214],[-7.5961,43.53152],[-7.59977,43.52744],[-7.60143,43.52376],[-7.60232,43.52296],[-7.60557,43.52366],[-7.60945,43.52309],[-7.61307,43.52422],[-7.61947,43.52536],[-7.62092,43.52367],[-7.62073,43.52142],[-7.6236,43.51802],[-7.62297,43.51705],[-7.62686,43.51191],[-7.62962,43.5093],[-7.62714,43.50664],[-7.62604,43.50437],[-7.62586,43.50263],[-7.62656,43.50014],[-7.62639,43.49961],[-7.62766,43.49744],[-7.62944,43.49727],[-7.64348,43.48952],[-7.647,43.48772],[-7.64867,43.48721],[-7.65025,43.4852],[-7.65207,43.48524],[-7.65408,43.48598],[-7.65621,43.48621],[-7.65715,43.48668],[-7.65813,43.48662],[-7.65849,43.48627],[-7.66103,43.48656],[-7.66392,43.48525],[-7.66558,43.4854],[-7.66615,43.48568],[-7.66632,43.48649],[-7.6677,43.48807],[-7.66762,43.48863],[-7.66813,43.49088],[-7.66972,43.49016],[-7.67055,43.48924],[-7.67166,43.4888],[-7.6721,43.48788],[-7.67266,43.4875],[-7.67253,43.48665],[-7.67221,43.48626],[-7.67052,43.48611],[-7.66963,43.48465],[-7.66997,43.48416],[-7.66949,43.48308],[-7.6711,43.48227],[-7.67266,43.47968],[-7.67392,43.47954],[-7.67463,43.479],[-7.67483,43.47851],[-7.67558,43.47833],[-7.67613,43.4775],[-7.67581,43.47668],[-7.67647,43.47568],[-7.67675,43.47446],[-7.67655,43.47292],[-7.67587,43.47111],[-7.67588,43.4689],[-7.67777,43.46547],[-7.67915,43.46391],[-7.68239,43.46114],[-7.68393,43.46136],[-7.68537,43.46107],[-7.68697,43.45999],[-7.68706,43.45965],[-7.68808,43.45881],[-7.69154,43.45802],[-7.6916,43.45707],[-7.69409,43.4561],[-7.69422,43.45371],[-7.69397,43.45307],[-7.6945,43.45275],[-7.69207,43.45156],[-7.69045,43.45029],[-7.6872,43.4495],[-7.68768,43.44814],[-7.68533,43.44763],[-7.6861,43.44702],[-7.68492,43.44711],[-7.68436,43.44656],[-7.68448,43.4456],[-7.68333,43.44575],[-7.68291,43.44514],[-7.68048,43.44313],[-7.67968,43.44343],[-7.67827,43.44292],[-7.67429,43.4444],[-7.66989,43.4456],[-7.66562,43.44464],[-7.66335,43.44548],[-7.66011,43.44779],[-7.65878,43.44724],[-7.65579,43.44743],[-7.65351,43.44689],[-7.65308,43.44666],[-7.65258,43.44593],[-7.65291,43.44479],[-7.65244,43.4439],[-7.65122,43.44367],[-7.64997,43.44384],[-7.6494,43.44403],[-7.64931,43.4444],[-7.64995,43.44548],[-7.64956,43.44626],[-7.64874,43.44661],[-7.64736,43.44671],[-7.64692,43.4465],[-7.64667,43.44595],[-7.64552,43.44725],[-7.64427,43.44736],[-7.64345,43.44794],[-7.64346,43.4485],[-7.64237,43.45044],[-7.64215,43.45132],[-7.6389,43.45088],[-7.63741,43.45021],[-7.63713,43.4493],[-7.63583,43.44873],[-7.63524,43.44805],[-7.63431,43.44755],[-7.63316,43.44719],[-7.63077,43.44751],[-7.62913,43.44689],[-7.62913,43.44688]]]}}]}