{"type":"FeatureCollection","features":[{"type":"Feature","properties":{"COD_POSTAL":"40395"},"geometry":{"type":"Polygon","coordinates":[[[-3.96315,41.2016],[-3.96257,41.20266],[-3.96396,41.20432],[-3.96435,41.20374],[-3.96477,41.20376],[-3.96518,41.2042],[-3.96632,41.20412],[-3.9669,41.20364],[-3.96752,41.20394],[-3.96826,41.20392],[-3.96889,41.2037],[-3.96908,41.20308],[-3.97177,41.20408],[-3.97254,41.20314],[-3.97395,41.20397],[-3.97441,41.20379],[-3.97476,41.20403],[-3.97766,41.20394],[-3.9778,41.20472],[-3.97724,41.20509],[-3.97721,41.20555],[-3.97864,41.20541],[-3.9791,41.20581],[-3.97942,41.20471],[-3.98095,41.20463],[-3.98448,41.20793],[-3.98466,41.20861],[-3.98634,41.20937],[-3.98656,41.20976],[-3.98615,41.21072],[-3.98637,41.21093],[-3.98797,41.21154],[-3.98859,41.21249],[-3.99028,41.21225],[-3.99117,41.21277],[-3.99151,41.21465],[-3.99081,41.21521],[-3.98916,41.21488],[-3.98947,41.21545],[-3.98922,41.21608],[-3.98952,41.21668],[-3.98919,41.21742],[-3.98924,41.21795],[-3.98839,41.21899],[-3.9882,41.22043],[-3.98857,41.22096],[-3.98949,41.22108],[-3.99,41.22203],[-3.99155,41.22212],[-3.99282,41.22173],[-3.99306,41.22231],[-3.99291,41.22269],[-3.99113,41.22293],[-3.99069,41.2236],[-3.99095,41.22403],[-3.99139,41.22445],[-3.99334,41.22513],[-3.99364,41.22562],[-3.99901,41.22835],[-4.00138,41.22771],[-4.00241,41.22854],[-4.00351,41.22839],[-4.00414,41.22875],[-4.00447,41.22962],[-4.00539,41.22968],[-4.0058,41.22918],[-4.00659,41.22908],[-4.00681,41.22835],[-4.00719,41.22831],[-4.00779,41.22901],[-4.00876,41.22953],[-4.00893,41.22991],[-4.00907,41.23083],[-4.00794,41.23146],[-4.00789,41.23176],[-4.00874,41.23266],[-4.00969,41.23275],[-4.01164,41.23179],[-4.01271,41.23193],[-4.01417,41.23466],[-4.01447,41.23468],[-4.01528,41.23444],[-4.01577,41.2338],[-4.01554,41.23322],[-4.01496,41.23278],[-4.01538,41.23252],[-4.01752,41.23266],[-4.01771,41.23286],[-4.01666,41.2334],[-4.01926,41.23427],[-4.01935,41.23328],[-4.01983,41.23294],[-4.01965,41.23216],[-4.01993,41.23197],[-4.02067,41.23317],[-4.02263,41.23314],[-4.02204,41.23392],[-4.02229,41.23434],[-4.02578,41.23465],[-4.02671,41.23368],[-4.02692,41.2328],[-4.02587,41.23173],[-4.02634,41.23068],[-4.02878,41.2276],[-4.03044,41.22794],[-4.03091,41.22739],[-4.03099,41.22664],[-4.03067,41.22571],[-4.02968,41.22502],[-4.02789,41.22429],[-4.02543,41.22072],[-4.02348,41.2199],[-4.02269,41.21899],[-4.02271,41.21801],[-4.02347,41.21645],[-4.02309,41.21488],[-4.0236,41.2134],[-4.02324,41.2128],[-4.0217,41.21212],[-4.02127,41.2113],[-4.02049,41.21109],[-4.02039,41.21073],[-4.02091,41.20976],[-4.02067,41.20918],[-4.01648,41.20856],[-4.01609,41.20794],[-4.01615,41.20762],[-4.01794,41.20622],[-4.01837,41.20552],[-4.01857,41.20455],[-4.01561,41.20192],[-4.01707,41.19854],[-4.01654,41.19712],[-4.017,41.19612],[-4.01634,41.19501],[-4.01639,41.19452],[-4.01814,41.19217],[-4.01897,41.1921],[-4.0222,41.19104],[-4.02446,41.19083],[-4.0263,41.18661],[-4.02695,41.18699],[-4.0267,41.18111],[-4.0227,41.18245],[-4.01555,41.18011],[-4.01154,41.18173],[-4.01022,41.18024],[-4.0015,41.17772],[-3.9777,41.17399],[-3.97597,41.17506],[-3.97244,41.17782],[-3.96985,41.18021],[-3.96717,41.18522],[-3.96597,41.1868],[-3.96455,41.18795],[-3.96327,41.18859],[-3.96281,41.19273],[-3.96746,41.19307],[-3.96808,41.19349],[-3.96818,41.19378],[-3.96759,41.19475],[-3.96761,41.19627],[-3.96937,41.1972],[-3.96973,41.19839],[-3.9697,41.1992],[-3.96684,41.20187],[-3.96591,41.20201],[-3.96426,41.20092],[-3.96342,41.20091],[-3.96315,41.2016]]]}},{"type":"Feature","properties":{"COD_POSTAL":"40298"},"geometry":{"type":"Polygon","coordinates":[[[-4.22438,41.369],[-4.22148,41.36616],[-4.22495,41.36384],[-4.22581,41.35849],[-4.22443,41.35804],[-4.22377,41.35194],[-4.20999,41.34937],[-4.20762,41.35234],[-4.20419,41.35179],[-4.19801,41.34916],[-4.19371,41.34676],[-4.19189,41.34451],[-4.18988,41.34303],[-4.18563,41.3422],[-4.17858,41.34217],[-4.1737,41.34491],[-4.1693,41.34479],[-4.16852,41.34616],[-4.1684,41.34706],[-4.16747,41.34849],[-4.1671,41.34973],[-4.16721,41.35197],[-4.16633,41.35354],[-4.16619,41.35501],[-4.1663,41.35605],[-4.16856,41.3585],[-4.16713,41.36198],[-4.16612,41.36328],[-4.16605,41.36416],[-4.16444,41.36706],[-4.1637,41.37196],[-4.16298,41.37387],[-4.16222,41.37511],[-4.16277,41.38075],[-4.16432,41.38397],[-4.16911,41.38757],[-4.16927,41.39146],[-4.17048,41.39056],[-4.1733,41.39308],[-4.17237,41.39909],[-4.17635,41.3988],[-4.17792,41.39901],[-4.18148,41.4],[-4.18531,41.39879],[-4.18762,41.39903],[-4.19958,41.39672],[-4.20285,41.39695],[-4.20342,41.40093],[-4.20799,41.39877],[-4.21376,41.39722],[-4.2155,41.39712],[-4.2182,41.39415],[-4.22107,41.39418],[-4.22293,41.39186],[-4.22477,41.39027],[-4.22897,41.38274],[-4.2275,41.37987],[-4.22878,41.37265],[-4.22798,41.37108],[-4.22438,41.369]]]}},{"type":"Feature","properties":{"COD_POSTAL":"40556"},"geometry":{"type":"Polygon","coordinates":[[[-3.45917,41.43637],[-3.4587,41.43402],[-3.45778,41.43218],[-3.45387,41.43057],[-3.45223,41.43029],[-3.45116,41.42963],[-3.44588,41.42814],[-3.44182,41.42583],[-3.44111,41.42607],[-3.43139,41.43223],[-3.42473,41.4355],[-3.41922,41.43664],[-3.41839,41.43181],[-3.4134,41.43003],[-3.40454,41.42623],[-3.40157,41.42445],[-3.39434,41.43016],[-3.39288,41.43216],[-3.38909,41.43492],[-3.38821,41.43575],[-3.38695,41.43785],[-3.38105,41.44149],[-3.37946,41.44592],[-3.37992,41.45027],[-3.37919,41.45038],[-3.37796,41.45105],[-3.37476,41.45361],[-3.37334,41.455],[-3.37124,41.45835],[-3.36818,41.46117],[-3.36751,41.46242],[-3.36676,41.46244],[-3.36644,41.46367],[-3.36661,41.46594],[-3.3663,41.46684],[-3.36496,41.46755],[-3.36508,41.46776],[-3.36656,41.46734],[-3.36695,41.46688],[-3.36707,41.46576],[-3.36753,41.46507],[-3.37273,41.46525],[-3.37383,41.46509],[-3.37507,41.46433],[-3.37588,41.46424],[-3.37836,41.4644],[-3.3828,41.46517],[-3.3841,41.46566],[-3.38555,41.46661],[-3.38945,41.47004],[-3.3909,41.47104],[-3.39861,41.47369],[-3.40339,41.47598],[-3.40567,41.47653],[-3.41331,41.47612],[-3.42403,41.48273],[-3.42391,41.47895],[-3.42191,41.47281],[-3.42618,41.47026],[-3.42826,41.47011],[-3.43229,41.46322],[-3.44407,41.45416],[-3.4457,41.4521],[-3.44963,41.44937],[-3.45286,41.44598],[-3.45942,41.44183],[-3.45939,41.43935],[-3.45917,41.43637]]]}},{"type":"Feature","properties":{"COD_POSTAL":"40551"},"geometry":{"type":"Polygon","coordinates":[[[-3.55376,41.44487],[-3.55405,41.44633],[-3.55625,41.4466],[-3.56025,41.4477],[-3.56107,41.44779],[-3.56558,41.44701],[-3.5709,41.44731],[-3.57249,41.448],[-3.5735,41.44812],[-3.57744,41.44764],[-3.58245,41.44783],[-3.58125,41.44641],[-3.59092,41.44383],[-3.59332,41.44377],[-3.59391,41.44391],[-3.59546,41.44531],[-3.59612,41.44513],[-3.59708,41.44525],[-3.60375,41.4468],[-3.60806,41.44872],[-3.6147,41.44981],[-3.62457,41.45224],[-3.63536,41.45279],[-3.63613,41.45255],[-3.63652,41.4521],[-3.63659,41.45152],[-3.63616,41.45098],[-3.63406,41.45012],[-3.6323,41.44821],[-3.6317,41.44788],[-3.62754,41.44748],[-3.62172,41.44467],[-3.61569,41.44346],[-3.60802,41.44297],[-3.60583,41.44248],[-3.60064,41.44115],[-3.60015,41.4407],[-3.59683,41.43922],[-3.59148,41.43805],[-3.59032,41.43757],[-3.58484,41.43496],[-3.58388,41.43017],[-3.58165,41.42501],[-3.58132,41.42378],[-3.58085,41.4193],[-3.57814,41.41913],[-3.57373,41.41809],[-3.57148,41.41808],[-3.56955,41.41765],[-3.56712,41.41622],[-3.5666,41.41659],[-3.56109,41.41467],[-3.55439,41.41336],[-3.55045,41.41175],[-3.54843,41.41024],[-3.54551,41.41133],[-3.53461,41.41389],[-3.53089,41.41445],[-3.52352,41.41611],[-3.51682,41.41653],[-3.51425,41.41725],[-3.51255,41.41805],[-3.51213,41.41854],[-3.51265,41.4191],[-3.51183,41.42047],[-3.51214,41.42266],[-3.50997,41.4255],[-3.51137,41.42711],[-3.51226,41.42881],[-3.51208,41.42944],[-3.5125,41.43162],[-3.51176,41.43484],[-3.51169,41.43692],[-3.50952,41.43882],[-3.50718,41.43895],[-3.50771,41.44033],[-3.50696,41.44228],[-3.50674,41.44565],[-3.50688,41.44738],[-3.51229,41.44633],[-3.51296,41.44658],[-3.51391,41.44656],[-3.51605,41.44803],[-3.51725,41.44787],[-3.52224,41.4452],[-3.5233,41.44363],[-3.52539,41.4446],[-3.52582,41.44531],[-3.5442,41.44646],[-3.54157,41.44969],[-3.54058,41.45137],[-3.55376,41.44487]]]}},{"type":"Feature","properties":{"COD_POSTAL":"40491"},"geometry":{"type":"Polygon","coordinates":[[[-4.25927,41.04651],[-4.25914,41.04039],[-4.26172,41.03971],[-4.26106,41.03776],[-4.27502,41.03193],[-4.27285,41.0298],[-4.27126,41.0287],[-4.2733,41.02628],[-4.27756,41.02013],[-4.27395,41.01623],[-4.26986,41.0169],[-4.26957,41.01621],[-4.27143,41.01182],[-4.26894,41.01009],[-4.26796,41.01022],[-4.25334,41.01987],[-4.25102,41.01883],[-4.24851,41.01724],[-4.24837,41.01569],[-4.24693,41.01511],[-4.24382,41.01526],[-4.22517,41.02756],[-4.20977,41.03535],[-4.20403,41.03866],[-4.20328,41.03753],[-4.20118,41.04213],[-4.2043,41.04676],[-4.20667,41.04967],[-4.20525,41.05326],[-4.21052,41.05544],[-4.2146,41.05801],[-4.22846,41.05916],[-4.24098,41.05523],[-4.25029,41.05202],[-4.2561,41.04782],[-4.25605,41.04639],[-4.25643,41.0464],[-4.25927,41.04651]]]}},{"type":"Feature","properties":{"COD_POSTAL":"40150"},"geometry":{"type":"Polygon","coordinates":[[[-4.37191,40.76688],[-4.37422,40.76713],[-4.37456,40.76787],[-4.37429,40.7693],[-4.37463,40.76985],[-4.37595,40.77058],[-4.37682,40.77153],[-4.37699,40.77208],[-4.37669,40.7773],[-4.37718,40.77821],[-4.37805,40.77838],[-4.37831,40.77866],[-4.37798,40.77941],[-4.378,40.78029],[-4.37892,40.78144],[-4.37965,40.78372],[-4.37971,40.78544],[-4.38528,40.78912],[-4.38642,40.79023],[-4.38822,40.79265],[-4.3932,40.79829],[-4.39392,40.79947],[-4.39785,40.81343],[-4.39761,40.81531],[-4.39596,40.8181],[-4.39571,40.82095],[-4.39594,40.82205],[-4.39888,40.82155],[-4.40349,40.82309],[-4.40629,40.82724],[-4.41005,40.82991],[-4.41084,40.83107],[-4.41072,40.83211],[-4.40902,40.83709],[-4.40837,40.8381],[-4.40936,40.83984],[-4.4088,40.8416],[-4.40674,40.8458],[-4.40602,40.85023],[-4.40478,40.85295],[-4.4121,40.85838],[-4.41987,40.86119],[-4.42117,40.86139],[-4.42389,40.86269],[-4.42742,40.86287],[-4.43023,40.86161],[-4.43188,40.86029],[-4.43448,40.85657],[-4.43573,40.85281],[-4.43706,40.85026],[-4.43726,40.84732],[-4.43768,40.84577],[-4.43961,40.84225],[-4.44,40.83998],[-4.43912,40.8378],[-4.43629,40.83456],[-4.43737,40.83084],[-4.43611,40.82915],[-4.43711,40.82847],[-4.43907,40.82797],[-4.44765,40.82966],[-4.4489,40.82961],[-4.45,40.82919],[-4.45452,40.82624],[-4.45879,40.82144],[-4.46228,40.81806],[-4.46529,40.81317],[-4.46548,40.81253],[-4.46511,40.81015],[-4.46521,40.80878],[-4.46677,40.8065],[-4.46772,40.80393],[-4.46869,40.80251],[-4.47007,40.80114],[-4.47055,40.80014],[-4.47214,40.79986],[-4.47318,40.80005],[-4.47724,40.79684],[-4.47996,40.79526],[-4.48096,40.7937],[-4.48129,40.79274],[-4.48156,40.78837],[-4.48115,40.78665],[-4.48058,40.78616],[-4.47673,40.78448],[-4.47426,40.78391],[-4.47265,40.78278],[-4.4725,40.78207],[-4.47334,40.77944],[-4.47463,40.77686],[-4.47384,40.77465],[-4.47198,40.7724],[-4.46915,40.77033],[-4.46707,40.76913],[-4.46453,40.76613],[-4.46306,40.76337],[-4.46084,40.76062],[-4.45989,40.75882],[-4.45445,40.75453],[-4.4449,40.75157],[-4.44335,40.75073],[-4.44148,40.75026],[-4.43979,40.75017],[-4.43872,40.74977],[-4.43762,40.749],[-4.43556,40.74648],[-4.43113,40.74238],[-4.43052,40.73622],[-4.42901,40.73497],[-4.42869,40.73427],[-4.42857,40.73204],[-4.42689,40.72962],[-4.43022,40.72817],[-4.43061,40.72668],[-4.43057,40.72361],[-4.43231,40.72197],[-4.43275,40.71967],[-4.43233,40.71724],[-4.4333,40.71732],[-4.43566,40.71588],[-4.43522,40.71303],[-4.43386,40.70986],[-4.43468,40.70617],[-4.43414,40.70562],[-4.43228,40.70467],[-4.43191,40.70413],[-4.42343,40.67565],[-4.42211,40.67526],[-4.42159,40.66979],[-4.42081,40.66692],[-4.42098,40.66505],[-4.42079,40.66328],[-4.42002,40.66046],[-4.41925,40.65496],[-4.41919,40.64911],[-4.41984,40.6386],[-4.41962,40.63343],[-4.4146,40.63301],[-4.40856,40.63428],[-4.40513,40.63444],[-4.39793,40.63351],[-4.39397,40.63324],[-4.39244,40.63339],[-4.38956,40.63424],[-4.38859,40.63495],[-4.38824,40.63765],[-4.38921,40.64135],[-4.3894,40.64413],[-4.38916,40.64605],[-4.39067,40.65612],[-4.39058,40.6591],[-4.39169,40.66694],[-4.39132,40.66966],[-4.39195,40.67265],[-4.39254,40.67829],[-4.39085,40.71359],[-4.38793,40.71655],[-4.38754,40.71723],[-4.38733,40.71806],[-4.38738,40.71999],[-4.38707,40.72099],[-4.38625,40.72204],[-4.3855,40.72379],[-4.38495,40.72585],[-4.38499,40.73011],[-4.3845,40.7332],[-4.38544,40.73654],[-4.38531,40.73825],[-4.38345,40.73881],[-4.38316,40.73915],[-4.38209,40.74314],[-4.37874,40.7491],[-4.37792,40.75116],[-4.37745,40.75173],[-4.37643,40.75216],[-4.37424,40.75381],[-4.37389,40.75431],[-4.37303,40.75722],[-4.37216,40.75852],[-4.36975,40.76061],[-4.36877,40.76309],[-4.36996,40.76342],[-4.37141,40.76448],[-4.37177,40.76519],[-4.37168,40.76664],[-4.37191,40.76688]]]}},{"type":"Feature","properties":{"COD_POSTAL":"40470"},"geometry":{"type":"Polygon","coordinates":[[[-4.48208,41.21666],[-4.48291,41.21485],[-4.4831,41.21284],[-4.48348,41.21246],[-4.48267,41.20757],[-4.48294,41.20566],[-4.48149,41.20204],[-4.48194,41.20099],[-4.48363,41.20039],[-4.48546,41.19929],[-4.48525,41.19873],[-4.48168,41.19803],[-4.48022,41.19711],[-4.47924,41.19602],[-4.4738,41.19568],[-4.47396,41.19409],[-4.47325,41.19336],[-4.47068,41.19299],[-4.46795,41.19364],[-4.46665,41.19343],[-4.46604,41.1927],[-4.46727,41.18969],[-4.46733,41.1887],[-4.46636,41.1883],[-4.46332,41.1902],[-4.45854,41.18964],[-4.45624,41.19112],[-4.45516,41.1899],[-4.45458,41.18788],[-4.45315,41.18592],[-4.45189,41.18496],[-4.44792,41.18331],[-4.44515,41.18247],[-4.44363,41.18338],[-4.44135,41.18528],[-4.4402,41.18534],[-4.4364,41.18388],[-4.43601,41.18103],[-4.43695,41.17682],[-4.434,41.17669],[-4.43242,41.17546],[-4.43072,41.1746],[-4.42635,41.1729],[-4.42398,41.17141],[-4.42108,41.1688],[-4.41977,41.16793],[-4.41578,41.16691],[-4.41457,41.16763],[-4.41512,41.16827],[-4.41431,41.17192],[-4.40855,41.16848],[-4.40637,41.16692],[-4.40419,41.16626],[-4.40098,41.16424],[-4.39482,41.16683],[-4.39252,41.16803],[-4.3827,41.16946],[-4.37755,41.16965],[-4.37563,41.17015],[-4.37331,41.17122],[-4.37155,41.17291],[-4.36874,41.17379],[-4.36085,41.17997],[-4.35097,41.18828],[-4.34543,41.19487],[-4.34618,41.19544],[-4.34587,41.19661],[-4.34766,41.19775],[-4.35124,41.19903],[-4.35185,41.19986],[-4.35285,41.20048],[-4.35445,41.20087],[-4.35779,41.20095],[-4.3622,41.20379],[-4.36351,41.20327],[-4.36757,41.2028],[-4.37043,41.20449],[-4.37353,41.20354],[-4.37474,41.20358],[-4.37712,41.20678],[-4.37934,41.20759],[-4.3788,41.20984],[-4.38119,41.2128],[-4.3845,41.21371],[-4.3904,41.21583],[-4.3897,41.21836],[-4.38858,41.21961],[-4.38579,41.22177],[-4.38733,41.22258],[-4.39029,41.22265],[-4.39137,41.22338],[-4.39193,41.22426],[-4.39216,41.22583],[-4.3926,41.22668],[-4.39239,41.22766],[-4.39282,41.22862],[-4.39441,41.22805],[-4.39541,41.2283],[-4.3971,41.22815],[-4.39879,41.22655],[-4.39994,41.22632],[-4.40109,41.22651],[-4.40215,41.2274],[-4.40264,41.22863],[-4.40454,41.23028],[-4.4078,41.23049],[-4.41016,41.23179],[-4.4114,41.23182],[-4.41295,41.23101],[-4.41413,41.23095],[-4.4159,41.23146],[-4.41617,41.23211],[-4.41619,41.23388],[-4.41807,41.23622],[-4.42066,41.23807],[-4.4217,41.2393],[-4.42279,41.23971],[-4.42568,41.24004],[-4.42591,41.24079],[-4.42989,41.24293],[-4.43156,41.24427],[-4.43171,41.24596],[-4.43513,41.24578],[-4.4372,41.24601],[-4.44231,41.24781],[-4.44378,41.24881],[-4.44945,41.24754],[-4.45165,41.24761],[-4.45653,41.24659],[-4.45976,41.24665],[-4.46394,41.24257],[-4.46915,41.24118],[-4.4701,41.24047],[-4.47189,41.23744],[-4.47333,41.23289],[-4.47585,41.2322],[-4.47739,41.22971],[-4.48013,41.22655],[-4.48333,41.22177],[-4.48237,41.21784],[-4.48208,41.21666]]]}},{"type":"Feature","properties":{"COD_POSTAL":"40123"},"geometry":{"type":"Polygon","coordinates":[[[-4.38909,40.98728],[-4.38839,40.98724],[-4.37984,40.99079],[-4.37807,40.99115],[-4.37599,40.99292],[-4.37422,40.99213],[-4.36701,40.99382],[-4.35992,40.99419],[-4.35705,40.99252],[-4.33527,40.99792],[-4.33367,40.99686],[-4.32799,40.99762],[-4.32812,40.99858],[-4.32724,41.00311],[-4.32737,41.00657],[-4.3261,41.00895],[-4.32615,41.00946],[-4.32695,41.01117],[-4.33358,41.01506],[-4.33828,41.01424],[-4.34073,41.01608],[-4.34471,41.01537],[-4.34338,41.01731],[-4.34494,41.01837],[-4.34737,41.01833],[-4.36892,41.03089],[-4.36978,41.0294],[-4.37167,41.03293],[-4.3731,41.03355],[-4.37341,41.0409],[-4.38209,41.04366],[-4.38975,41.04396],[-4.402,41.04121],[-4.4019,41.03763],[-4.40346,41.03542],[-4.4022,41.02038],[-4.40139,41.01736],[-4.40537,41.01629],[-4.40466,41.01363],[-4.40527,41.00536],[-4.41058,41.00321],[-4.40535,41.00021],[-4.39577,40.99188],[-4.3888,40.98436],[-4.38909,40.98728]]]}},{"type":"Feature","properties":{"COD_POSTAL":"40516"},"geometry":{"type":"Polygon","coordinates":[[[-3.48358,41.38128],[-3.51265,41.37992],[-3.51943,41.36719],[-3.52572,41.36398],[-3.52755,41.36124],[-3.5294,41.35973],[-3.53274,41.35554],[-3.5355,41.35312],[-3.53745,41.35041],[-3.54035,41.34738],[-3.53882,41.34689],[-3.53939,41.34549],[-3.53754,41.34627],[-3.53583,41.34441],[-3.53433,41.34182],[-3.53319,41.33835],[-3.53021,41.33637],[-3.52905,41.33491],[-3.52743,41.33412],[-3.52665,41.33116],[-3.52555,41.33106],[-3.5198,41.32941],[-3.51823,41.32957],[-3.51777,41.32989],[-3.51676,41.32934],[-3.49421,41.34179],[-3.49093,41.36034],[-3.48358,41.38128]]]}},{"type":"Feature","properties":{"COD_POSTAL":"40554"},"geometry":{"type":"Polygon","coordinates":[[[-3.54642,41.58009],[-3.55295,41.58074],[-3.55806,41.57918],[-3.56,41.57893],[-3.56293,41.57743],[-3.56387,41.57827],[-3.56488,41.5786],[-3.56509,41.57933],[-3.56651,41.57996],[-3.57097,41.57743],[-3.57152,41.57681],[-3.57452,41.57247],[-3.5744,41.57189],[-3.5712,41.56869],[-3.57262,41.5654],[-3.57262,41.56341],[-3.57399,41.56287],[-3.57361,41.5581],[-3.57147,41.5572],[-3.57046,41.55704],[-3.56826,41.55512],[-3.56761,41.55291],[-3.56781,41.55188],[-3.57068,41.5473],[-3.5712,41.54659],[-3.57214,41.54592],[-3.57322,41.54449],[-3.57347,41.54381],[-3.57336,41.54174],[-3.57457,41.53943],[-3.56982,41.53535],[-3.57091,41.53476],[-3.57431,41.53627],[-3.57516,41.53617],[-3.57457,41.53397],[-3.57617,41.53465],[-3.57818,41.53491],[-3.57964,41.53571],[-3.58295,41.53624],[-3.58327,41.53731],[-3.58436,41.53656],[-3.58401,41.53408],[-3.58413,41.53328],[-3.58797,41.5335],[-3.59133,41.53054],[-3.59302,41.5295],[-3.59635,41.52551],[-3.60022,41.52159],[-3.60522,41.51769],[-3.60639,41.51607],[-3.60892,41.51376],[-3.60689,41.5103],[-3.60993,41.50608],[-3.59679,41.5053],[-3.58535,41.5058],[-3.57831,41.50558],[-3.57676,41.50606],[-3.57258,41.50653],[-3.5698,41.50758],[-3.56688,41.50781],[-3.56694,41.50656],[-3.56759,41.50507],[-3.568,41.50081],[-3.564,41.49682],[-3.56308,41.49449],[-3.56364,41.49354],[-3.56194,41.49119],[-3.55874,41.491],[-3.55927,41.49013],[-3.55866,41.48855],[-3.55743,41.4881],[-3.55539,41.48881],[-3.55067,41.48969],[-3.54842,41.4898],[-3.54416,41.48945],[-3.54406,41.4888],[-3.5455,41.48625],[-3.5445,41.48258],[-3.54222,41.4781],[-3.54149,41.47557],[-3.53834,41.47022],[-3.53907,41.46886],[-3.5426,41.46403],[-3.54252,41.46299],[-3.54008,41.45813],[-3.53932,41.45715],[-3.53926,41.45654],[-3.54079,41.4508],[-3.5442,41.44646],[-3.52582,41.44531],[-3.52539,41.4446],[-3.5233,41.44363],[-3.52224,41.4452],[-3.51725,41.44787],[-3.51683,41.45006],[-3.51887,41.45298],[-3.51926,41.45606],[-3.51717,41.46072],[-3.51683,41.46183],[-3.51693,41.46302],[-3.51419,41.46674],[-3.5048,41.47123],[-3.48851,41.48145],[-3.48624,41.4849],[-3.48093,41.49024],[-3.47466,41.49068],[-3.46939,41.49238],[-3.46826,41.49319],[-3.46737,41.49339],[-3.46549,41.4944],[-3.46035,41.49415],[-3.45265,41.48994],[-3.44527,41.48458],[-3.43927,41.48084],[-3.43849,41.47939],[-3.43568,41.47761],[-3.4334,41.47683],[-3.42839,41.47394],[-3.42799,41.47214],[-3.42618,41.47026],[-3.42191,41.47281],[-3.42391,41.47895],[-3.42386,41.48189],[-3.42657,41.49576],[-3.42647,41.49779],[-3.42523,41.49924],[-3.42478,41.50024],[-3.42483,41.50076],[-3.42276,41.50348],[-3.42173,41.50601],[-3.4208,41.50941],[-3.42046,41.5121],[-3.42066,41.5127],[-3.42141,41.51387],[-3.42368,41.51628],[-3.42562,41.51718],[-3.4323,41.51872],[-3.43316,41.51935],[-3.44084,41.52329],[-3.44667,41.52763],[-3.45043,41.53151],[-3.45181,41.53252],[-3.45152,41.53386],[-3.45601,41.53471],[-3.45806,41.53685],[-3.45991,41.53557],[-3.46045,41.5341],[-3.46435,41.52779],[-3.47968,41.52091],[-3.48345,41.52327],[-3.48513,41.52407],[-3.50194,41.52918],[-3.50766,41.5335],[-3.5181,41.53878],[-3.51918,41.53971],[-3.521,41.54237],[-3.52488,41.54511],[-3.52864,41.54612],[-3.53491,41.54866],[-3.53596,41.55077],[-3.53833,41.55202],[-3.53772,41.55268],[-3.5389,41.55382],[-3.53624,41.55727],[-3.53663,41.55949],[-3.53743,41.56143],[-3.53898,41.56415],[-3.54177,41.56837],[-3.54232,41.56963],[-3.54372,41.5713],[-3.54391,41.57208],[-3.54382,41.57297],[-3.54219,41.57702],[-3.54157,41.57761],[-3.54642,41.58009]]]}},{"type":"Feature","properties":{"COD_POSTAL":"40170"},"geometry":{"type":"Polygon","coordinates":[[[-3.95341,41.0183],[-3.95651,41.01393],[-3.95614,41.01103],[-3.93456,41.00404],[-3.93315,41.00309],[-3.93219,41.00205],[-3.93176,41.00023],[-3.93111,40.99888],[-3.91598,40.98839],[-3.9101,40.98406],[-3.90293,40.97931],[-3.89045,40.96906],[-3.88697,40.97115],[-3.88347,40.97123],[-3.88078,40.97279],[-3.88099,40.9741],[-3.88024,40.97466],[-3.88094,40.97589],[-3.88279,40.98342],[-3.8832,40.9879],[-3.88581,40.99531],[-3.88541,41.00016],[-3.88382,41.01207],[-3.88299,41.02293],[-3.8825,41.02366],[-3.88349,41.02466],[-3.88351,41.02593],[-3.88408,41.02772],[-3.88611,41.0314],[-3.89186,41.0314],[-3.89453,41.03239],[-3.89889,41.03711],[-3.90271,41.04321],[-3.9049,41.04551],[-3.90513,41.04889],[-3.91143,41.05272],[-3.91197,41.05327],[-3.91304,41.05911],[-3.9119,41.06365],[-3.91205,41.06911],[-3.91269,41.06913],[-3.91337,41.07116],[-3.91457,41.07195],[-3.91486,41.07092],[-3.91386,41.06967],[-3.91525,41.06932],[-3.91492,41.06868],[-3.91554,41.0686],[-3.91672,41.07032],[-3.91765,41.07034],[-3.91643,41.06806],[-3.91698,41.06782],[-3.91805,41.06927],[-3.91839,41.07045],[-3.92177,41.07078],[-3.92178,41.07165],[-3.92251,41.07195],[-3.92308,41.07254],[-3.92554,41.07179],[-3.92825,41.07194],[-3.93025,41.07239],[-3.93145,41.07172],[-3.93459,41.07122],[-3.93699,41.06921],[-3.93636,41.06901],[-3.93587,41.06828],[-3.93573,41.06786],[-3.93591,41.06755],[-3.93892,41.06623],[-3.9394,41.06507],[-3.9423,41.06373],[-3.94402,41.0633],[-3.94739,41.06522],[-3.94761,41.0626],[-3.94915,41.06233],[-3.94888,41.06051],[-3.94972,41.06001],[-3.951,41.06031],[-3.95175,41.06151],[-3.95251,41.06207],[-3.95369,41.06051],[-3.95251,41.05968],[-3.95309,41.05856],[-3.95363,41.05812],[-3.95566,41.05747],[-3.95832,41.0574],[-3.95963,41.05628],[-3.96145,41.05633],[-3.96268,41.05431],[-3.96438,41.05259],[-3.96493,41.05087],[-3.96759,41.04809],[-3.97171,41.04445],[-3.97215,41.04336],[-3.97018,41.04094],[-3.96997,41.04034],[-3.97036,41.03945],[-3.97024,41.03904],[-3.96929,41.0382],[-3.97016,41.03684],[-3.964,41.0333],[-3.96227,41.03208],[-3.95978,41.02981],[-3.95765,41.02701],[-3.95617,41.02392],[-3.9555,41.02078],[-3.95552,41.01999],[-3.95341,41.0183]]]}},{"type":"Feature","properties":{"COD_POSTAL":"40317"},"geometry":{"type":"Polygon","coordinates":[[[-3.74448,41.3285],[-3.7434,41.32768],[-3.7427,41.32872],[-3.73505,41.33206],[-3.72125,41.33631],[-3.71663,41.33725],[-3.70968,41.33984],[-3.70985,41.3495],[-3.7114,41.35786],[-3.7147,41.36514],[-3.72117,41.37002],[-3.72519,41.36863],[-3.73695,41.37076],[-3.74663,41.37309],[-3.74725,41.37312],[-3.74919,41.37205],[-3.75389,41.37893],[-3.75872,41.38678],[-3.76168,41.39046],[-3.7625,41.39215],[-3.76763,41.38956],[-3.76932,41.38419],[-3.78237,41.38087],[-3.79214,41.37893],[-3.79717,41.37836],[-3.80135,41.37817],[-3.79843,41.37184],[-3.79738,41.36701],[-3.80674,41.35867],[-3.80545,41.35068],[-3.8061,41.34852],[-3.80838,41.34778],[-3.8109,41.34851],[-3.83123,41.35241],[-3.84262,41.35751],[-3.84919,41.35556],[-3.85426,41.35453],[-3.85713,41.35558],[-3.87027,41.35376],[-3.87736,41.35406],[-3.88149,41.35083],[-3.88396,41.35008],[-3.88536,41.34891],[-3.88344,41.34765],[-3.88254,41.34585],[-3.88133,41.3442],[-3.87934,41.34255],[-3.8752,41.34198],[-3.87199,41.3412],[-3.86913,41.34013],[-3.86008,41.33522],[-3.85816,41.33349],[-3.84278,41.32637],[-3.84551,41.32574],[-3.84581,41.32606],[-3.84845,41.32575],[-3.85007,41.32647],[-3.85279,41.32582],[-3.8537,41.32618],[-3.85425,41.32747],[-3.85481,41.32746],[-3.85541,41.32451],[-3.85766,41.32369],[-3.86301,41.32281],[-3.86552,41.32179],[-3.86654,41.31971],[-3.87078,41.31733],[-3.87408,41.31607],[-3.87478,41.31437],[-3.87362,41.31383],[-3.87189,41.31554],[-3.87081,41.31603],[-3.86823,41.316],[-3.86804,41.31566],[-3.8683,41.31499],[-3.87027,41.31438],[-3.87104,41.31387],[-3.86843,41.31101],[-3.8706,41.30973],[-3.87096,41.309],[-3.8709,41.30863],[-3.87012,41.30811],[-3.86839,41.30799],[-3.86425,41.30929],[-3.86152,41.30786],[-3.86073,41.30718],[-3.86057,41.30335],[-3.86006,41.30125],[-3.86026,41.30002],[-3.86078,41.29908],[-3.8613,41.29864],[-3.8618,41.2986],[-3.86517,41.29887],[-3.86603,41.29866],[-3.86692,41.29786],[-3.86646,41.29693],[-3.86521,41.29637],[-3.86313,41.29615],[-3.85961,41.29741],[-3.85864,41.29739],[-3.85848,41.297],[-3.8592,41.29563],[-3.85805,41.29533],[-3.85425,41.29548],[-3.85162,41.29692],[-3.84983,41.29703],[-3.84851,41.29675],[-3.84759,41.29621],[-3.84687,41.29354],[-3.84615,41.29292],[-3.84406,41.29245],[-3.84211,41.29296],[-3.83945,41.29409],[-3.83197,41.29458],[-3.82988,41.29415],[-3.82972,41.29334],[-3.8319,41.29102],[-3.83165,41.29047],[-3.83085,41.2901],[-3.8303,41.28923],[-3.82646,41.28053],[-3.82986,41.27782],[-3.8336,41.27376],[-3.83492,41.27201],[-3.83676,41.27216],[-3.84028,41.2737],[-3.84488,41.27125],[-3.84626,41.27172],[-3.84802,41.27121],[-3.84704,41.26972],[-3.84857,41.26888],[-3.84938,41.26778],[-3.84908,41.26727],[-3.84789,41.2667],[-3.84791,41.26583],[-3.84762,41.2651],[-3.84684,41.26453],[-3.84656,41.26454],[-3.84507,41.26585],[-3.84445,41.26558],[-3.8443,41.2647],[-3.84387,41.26428],[-3.8418,41.26529],[-3.84061,41.2655],[-3.83962,41.2654],[-3.83927,41.26508],[-3.83853,41.26342],[-3.83792,41.26292],[-3.83428,41.26192],[-3.8341,41.26159],[-3.83435,41.25986],[-3.834,41.25934],[-3.83107,41.25862],[-3.82971,41.25953],[-3.82793,41.2586],[-3.8261,41.25884],[-3.82071,41.25772],[-3.8159,41.2581],[-3.814,41.25946],[-3.81269,41.25901],[-3.81217,41.25828],[-3.81083,41.25836],[-3.81019,41.25971],[-3.80919,41.25961],[-3.80901,41.2598],[-3.80908,41.26045],[-3.80808,41.26064],[-3.80428,41.26255],[-3.80339,41.26259],[-3.80186,41.26323],[-3.80066,41.26512],[-3.78528,41.26932],[-3.77798,41.27507],[-3.77591,41.27967],[-3.7719,41.28025],[-3.76942,41.28205],[-3.76618,41.28311],[-3.76177,41.29049],[-3.76181,41.29269],[-3.77175,41.29389],[-3.77285,41.29951],[-3.7578,41.31044],[-3.74969,41.3146],[-3.74567,41.32319],[-3.74509,41.32519],[-3.74448,41.3285]]]}},{"type":"Feature","properties":{"COD_POSTAL":"40183"},"geometry":{"type":"Polygon","coordinates":[[[-3.96705,41.14387],[-3.96451,41.14271],[-3.95647,41.1412],[-3.95613,41.14239],[-3.95627,41.14321],[-3.95708,41.14417],[-3.95887,41.14815],[-3.95564,41.15093],[-3.95342,41.15111],[-3.95286,41.15232],[-3.94711,41.15614],[-3.94533,41.15679],[-3.93986,41.15949],[-3.93396,41.15877],[-3.92757,41.16122],[-3.92679,41.16265],[-3.9261,41.16548],[-3.92533,41.16689],[-3.92226,41.17451],[-3.92139,41.1786],[-3.92212,41.18021],[-3.92122,41.1812],[-3.91788,41.1821],[-3.91995,41.18487],[-3.92007,41.18572],[-3.91987,41.18637],[-3.9206,41.18685],[-3.92076,41.18766],[-3.92406,41.18992],[-3.92485,41.19091],[-3.92711,41.19125],[-3.92774,41.19218],[-3.92888,41.19262],[-3.92987,41.1924],[-3.92891,41.19153],[-3.929,41.19121],[-3.92937,41.19112],[-3.93193,41.19176],[-3.93272,41.19157],[-3.93304,41.19106],[-3.93605,41.1917],[-3.93811,41.19143],[-3.93828,41.19179],[-3.93776,41.1932],[-3.93902,41.19399],[-3.93952,41.19427],[-3.94276,41.19449],[-3.94386,41.19488],[-3.94147,41.19665],[-3.94236,41.19759],[-3.94476,41.19814],[-3.94521,41.19725],[-3.94482,41.19537],[-3.94558,41.19483],[-3.9451,41.19387],[-3.94588,41.19367],[-3.94739,41.19435],[-3.94832,41.19597],[-3.94879,41.19613],[-3.95114,41.19542],[-3.9517,41.19549],[-3.95191,41.19606],[-3.95268,41.19634],[-3.95353,41.19587],[-3.95565,41.19765],[-3.96034,41.1998],[-3.96091,41.19929],[-3.962,41.19936],[-3.96267,41.19871],[-3.96323,41.1986],[-3.96383,41.19973],[-3.96432,41.1996],[-3.96426,41.20092],[-3.96591,41.20201],[-3.96684,41.20187],[-3.96794,41.201],[-3.9697,41.1992],[-3.96973,41.19839],[-3.96937,41.1972],[-3.96761,41.19627],[-3.96759,41.19475],[-3.96818,41.19378],[-3.96808,41.19349],[-3.96746,41.19307],[-3.96281,41.19273],[-3.96327,41.18859],[-3.96455,41.18795],[-3.96597,41.1868],[-3.96717,41.18522],[-3.96985,41.18021],[-3.97244,41.17782],[-3.97642,41.1748],[-3.97609,41.17434],[-3.97584,41.17224],[-3.97619,41.17002],[-3.9761,41.16693],[-3.97792,41.15707],[-3.97777,41.1547],[-3.97663,41.15393],[-3.97563,41.15244],[-3.97243,41.15212],[-3.96807,41.15063],[-3.96963,41.14659],[-3.969,41.14666],[-3.96705,41.14387]]]}},{"type":"Feature","properties":{"COD_POSTAL":"40490"},"geometry":{"type":"Polygon","coordinates":[[[-4.21231,40.99127],[-4.21272,40.99139],[-4.21329,40.99109],[-4.21373,40.99049],[-4.21426,40.99048],[-4.2165,40.99288],[-4.21545,40.99371],[-4.21492,40.99454],[-4.21538,40.99501],[-4.21546,40.99627],[-4.21434,40.99584],[-4.2117,40.99608],[-4.20925,40.99526],[-4.20871,40.99547],[-4.20726,40.99707],[-4.20136,41.00017],[-4.20037,41.0012],[-4.20135,41.00176],[-4.20041,41.00298],[-4.2025,41.00622],[-4.20211,41.00684],[-4.20256,41.00744],[-4.20256,41.00817],[-4.20223,41.00898],[-4.2016,41.00999],[-4.19775,41.0135],[-4.19815,41.01454],[-4.19783,41.01526],[-4.19419,41.01568],[-4.19121,41.01692],[-4.19194,41.01754],[-4.19262,41.01886],[-4.19432,41.01858],[-4.19497,41.02009],[-4.19727,41.0234],[-4.19844,41.02467],[-4.20121,41.03299],[-4.20279,41.03439],[-4.20328,41.03753],[-4.20403,41.03866],[-4.20977,41.03535],[-4.22517,41.02756],[-4.24382,41.01526],[-4.24693,41.01511],[-4.24268,41.00255],[-4.24021,40.98608],[-4.23984,40.98201],[-4.23718,40.98248],[-4.23439,40.98101],[-4.23383,40.98012],[-4.2291,40.97757],[-4.22776,40.97715],[-4.22608,40.97848],[-4.22142,40.97963],[-4.21958,40.98036],[-4.21774,40.97796],[-4.21471,40.97616],[-4.21323,40.97496],[-4.21057,40.97369],[-4.20873,40.97314],[-4.20724,40.97164],[-4.20663,40.97074],[-4.20605,40.96893],[-4.20578,40.96882],[-4.2055,40.96916],[-4.20578,40.97086],[-4.20539,40.97113],[-4.20442,40.97095],[-4.20171,40.9715],[-4.1986,40.97309],[-4.1981,40.97434],[-4.19644,40.97666],[-4.19454,40.97727],[-4.193,40.97889],[-4.1902,40.9792],[-4.18634,40.97671],[-4.18543,40.97712],[-4.18195,40.98002],[-4.18103,40.98011],[-4.1806,40.98133],[-4.17736,40.98249],[-4.17616,40.98438],[-4.18249,40.9876],[-4.18761,40.99137],[-4.18861,40.99251],[-4.19045,40.99589],[-4.19118,40.99673],[-4.19349,40.99871],[-4.19552,40.9996],[-4.19623,40.99905],[-4.19897,40.99777],[-4.20148,40.99613],[-4.20593,40.9949],[-4.20842,40.99369],[-4.20985,40.99232],[-4.21123,40.99165],[-4.21231,40.99127]]]}},{"type":"Feature","properties":{"COD_POSTAL":"40494"},"geometry":{"type":"Polygon","coordinates":[[[-4.33437,41.0802],[-4.33575,41.07933],[-4.33543,41.07881],[-4.33704,41.0786],[-4.33665,41.07612],[-4.3415,41.07177],[-4.34246,41.0716],[-4.34215,41.07087],[-4.34389,41.06772],[-4.34294,41.06474],[-4.34447,41.06419],[-4.34316,41.06213],[-4.33825,41.05615],[-4.33639,41.05517],[-4.3355,41.05524],[-4.33488,41.05484],[-4.31322,41.05147],[-4.31197,41.05026],[-4.3094,41.04872],[-4.30929,41.04671],[-4.30587,41.04936],[-4.29718,41.05501],[-4.29341,41.05835],[-4.28773,41.05329],[-4.28282,41.05416],[-4.28229,41.05394],[-4.27929,41.05625],[-4.27547,41.0557],[-4.27333,41.05625],[-4.27118,41.05613],[-4.26849,41.05354],[-4.26561,41.05594],[-4.26056,41.0589],[-4.26038,41.06097],[-4.25949,41.06333],[-4.25958,41.06357],[-4.26423,41.0639],[-4.26694,41.06526],[-4.27032,41.06551],[-4.27423,41.06642],[-4.27477,41.06753],[-4.27226,41.07036],[-4.27371,41.07044],[-4.27587,41.07588],[-4.27762,41.0768],[-4.27801,41.07738],[-4.27825,41.07857],[-4.27781,41.08026],[-4.27845,41.08156],[-4.28242,41.08482],[-4.28288,41.08535],[-4.28312,41.08629],[-4.28376,41.08729],[-4.28485,41.08819],[-4.28794,41.08992],[-4.28848,41.09076],[-4.28876,41.09201],[-4.28861,41.09524],[-4.2891,41.096],[-4.29105,41.09782],[-4.29191,41.09913],[-4.29459,41.10087],[-4.29846,41.10161],[-4.29899,41.10196],[-4.30058,41.10503],[-4.30115,41.10561],[-4.30089,41.10665],[-4.30145,41.10708],[-4.30582,41.10806],[-4.30659,41.10859],[-4.30772,41.10808],[-4.30977,41.1052],[-4.3106,41.10536],[-4.31439,41.10137],[-4.32093,41.10263],[-4.32559,41.10245],[-4.32873,41.1039],[-4.33135,41.10077],[-4.32615,41.09762],[-4.32547,41.09394],[-4.33059,41.0924],[-4.33156,41.09148],[-4.33105,41.09066],[-4.33099,41.08822],[-4.33242,41.08537],[-4.33261,41.08392],[-4.33231,41.08233],[-4.3324,41.08146],[-4.33256,41.08113],[-4.33318,41.08096],[-4.33437,41.0802]]]}},{"type":"Feature","properties":{"COD_POSTAL":"40241"},"geometry":{"type":"Polygon","coordinates":[[[-4.37566,41.25646],[-4.37626,41.25525],[-4.37665,41.25342],[-4.37132,41.25134],[-4.36895,41.25107],[-4.36744,41.2503],[-4.35651,41.24707],[-4.35203,41.24636],[-4.34269,41.24633],[-4.34093,41.24537],[-4.33806,41.24593],[-4.33771,41.24757],[-4.33775,41.25502],[-4.33833,41.25669],[-4.33956,41.26461],[-4.34186,41.26687],[-4.34214,41.26888],[-4.34748,41.2698],[-4.34762,41.27265],[-4.33631,41.29801],[-4.3393,41.30355],[-4.34143,41.30691],[-4.34757,41.30497],[-4.35815,41.30315],[-4.36436,41.28978],[-4.36705,41.29103],[-4.36847,41.28797],[-4.36521,41.28645],[-4.36767,41.28115],[-4.37123,41.28502],[-4.3727,41.26926],[-4.37153,41.2664],[-4.3713,41.26251],[-4.37359,41.26171],[-4.37566,41.25646]]]}},{"type":"Feature","properties":{"COD_POSTAL":"40444"},"geometry":{"type":"Polygon","coordinates":[[[-4.48797,41.02281],[-4.4886,41.02204],[-4.48711,41.02132],[-4.4884,41.02011],[-4.48851,41.01972],[-4.48511,41.01888],[-4.48224,41.02046],[-4.47807,41.0181],[-4.4737,41.02195],[-4.47292,41.02214],[-4.46385,41.02087],[-4.45518,41.02757],[-4.4493,41.03172],[-4.45373,41.03595],[-4.45449,41.03716],[-4.45348,41.04356],[-4.45244,41.04793],[-4.45481,41.0538],[-4.45501,41.05538],[-4.4568,41.05896],[-4.4551,41.06209],[-4.45272,41.06447],[-4.45817,41.06732],[-4.46101,41.06841],[-4.46386,41.07107],[-4.46805,41.07065],[-4.47301,41.07079],[-4.47608,41.0704],[-4.47997,41.07138],[-4.48265,41.07276],[-4.4839,41.07178],[-4.48457,41.07283],[-4.48535,41.0725],[-4.4872,41.07279],[-4.48561,41.0694],[-4.48579,41.06613],[-4.49289,41.06164],[-4.49374,41.05956],[-4.49473,41.05907],[-4.49723,41.05634],[-4.49772,41.05608],[-4.49911,41.05604],[-4.50158,41.05672],[-4.50691,41.04993],[-4.49943,41.04325],[-4.48846,41.02849],[-4.4891,41.02365],[-4.48797,41.02281]]]}},{"type":"Feature","properties":{"COD_POSTAL":"40594"},"geometry":{"type":"Polygon","coordinates":[[[-3.40454,41.42623],[-3.4134,41.43003],[-3.41839,41.43181],[-3.41922,41.43664],[-3.42473,41.4355],[-3.43139,41.43223],[-3.44111,41.42607],[-3.44182,41.42583],[-3.44483,41.42362],[-3.44728,41.42044],[-3.446,41.41655],[-3.44374,41.41463],[-3.44036,41.41117],[-3.4351,41.41094],[-3.43426,41.40722],[-3.42544,41.40277],[-3.39192,41.39953],[-3.40157,41.42445],[-3.40454,41.42623]]]}},{"type":"Feature","properties":{"COD_POSTAL":"40151"},"geometry":{"type":"Polygon","coordinates":[[[-4.36505,40.82417],[-4.36648,40.82328],[-4.3688,40.8225],[-4.36969,40.82284],[-4.37152,40.8223],[-4.3733,40.82229],[-4.37516,40.82272],[-4.3783,40.82267],[-4.37878,40.82286],[-4.379,40.82343],[-4.37944,40.82363],[-4.3823,40.8226],[-4.38279,40.82161],[-4.38359,40.82088],[-4.38474,40.82048],[-4.38625,40.82035],[-4.38699,40.82057],[-4.38929,40.82214],[-4.39108,40.82286],[-4.39371,40.82342],[-4.39509,40.8234],[-4.39582,40.8227],[-4.39594,40.82205],[-4.39571,40.82095],[-4.39596,40.8181],[-4.39761,40.81531],[-4.39782,40.81453],[-4.39785,40.81343],[-4.39392,40.79947],[-4.3932,40.79829],[-4.38822,40.79265],[-4.38642,40.79023],[-4.38528,40.78912],[-4.37971,40.78544],[-4.37965,40.78372],[-4.37892,40.78144],[-4.378,40.78029],[-4.37798,40.77941],[-4.37831,40.77866],[-4.37805,40.77838],[-4.37718,40.77821],[-4.37669,40.7773],[-4.37699,40.77208],[-4.37682,40.77153],[-4.37595,40.77058],[-4.37463,40.76985],[-4.37429,40.7693],[-4.37456,40.76787],[-4.37422,40.76713],[-4.37191,40.76688],[-4.37168,40.76664],[-4.37177,40.76519],[-4.37141,40.76448],[-4.36996,40.76342],[-4.36877,40.76309],[-4.36828,40.76687],[-4.36506,40.7717],[-4.3633,40.77303],[-4.36312,40.77387],[-4.36258,40.77464],[-4.36264,40.77561],[-4.36121,40.77983],[-4.3614,40.78431],[-4.36384,40.7963],[-4.36598,40.79885],[-4.36633,40.7996],[-4.36629,40.80142],[-4.36548,40.80262],[-4.36477,40.80521],[-4.36387,40.80677],[-4.36408,40.80845],[-4.36345,40.81137],[-4.36101,40.81422],[-4.35889,40.8152],[-4.35865,40.81715],[-4.35906,40.81873],[-4.35912,40.82234],[-4.36224,40.8279],[-4.36452,40.82639],[-4.36466,40.82467],[-4.36505,40.82417]]]}},{"type":"Feature","properties":{"COD_POSTAL":"40461"},"geometry":{"type":"Polygon","coordinates":[[[-4.52792,41.13254],[-4.53014,41.13417],[-4.53096,41.13394],[-4.53265,41.13402],[-4.53636,41.13589],[-4.54024,41.13446],[-4.54575,41.13431],[-4.55891,41.13041],[-4.56494,41.12745],[-4.56952,41.12593],[-4.57165,41.12476],[-4.57535,41.12218],[-4.57704,41.12136],[-4.57594,41.11951],[-4.57468,41.11541],[-4.5728,41.11167],[-4.57127,41.10932],[-4.5685,41.10797],[-4.56683,41.10606],[-4.55194,41.10013],[-4.54881,41.10105],[-4.5459,41.10237],[-4.53395,41.10289],[-4.53272,41.10339],[-4.53117,41.10457],[-4.52573,41.10527],[-4.52476,41.11368],[-4.52519,41.13111],[-4.52792,41.13254]]]}},{"type":"Feature","properties":{"COD_POSTAL":"40141"},"geometry":{"type":"Polygon","coordinates":[[[-4.29996,40.89257],[-4.2967,40.89389],[-4.29412,40.8939],[-4.29428,40.89347],[-4.29305,40.89331],[-4.29149,40.89414],[-4.29054,40.89378],[-4.28867,40.89362],[-4.28671,40.89382],[-4.28289,40.89474],[-4.28321,40.89219],[-4.28301,40.8915],[-4.28167,40.88987],[-4.28223,40.88966],[-4.28202,40.88866],[-4.28162,40.88772],[-4.28094,40.88698],[-4.27966,40.88665],[-4.27748,40.88961],[-4.27683,40.88932],[-4.27791,40.88737],[-4.27758,40.8871],[-4.27639,40.88876],[-4.27297,40.8874],[-4.27028,40.88886],[-4.26878,40.889],[-4.26748,40.89072],[-4.2665,40.88984],[-4.2644,40.88981],[-4.26463,40.8906],[-4.26347,40.89161],[-4.26199,40.89089],[-4.2615,40.89134],[-4.25831,40.89166],[-4.25572,40.89151],[-4.25135,40.89075],[-4.2501,40.89133],[-4.24886,40.89117],[-4.24958,40.89209],[-4.2472,40.89337],[-4.24704,40.89416],[-4.24665,40.89468],[-4.24536,40.89494],[-4.2459,40.89568],[-4.24396,40.89552],[-4.24386,40.89587],[-4.24512,40.89626],[-4.24523,40.89684],[-4.24406,40.89704],[-4.24408,40.89816],[-4.24218,40.89831],[-4.24157,40.89799],[-4.24089,40.89837],[-4.24122,40.90016],[-4.24007,40.90093],[-4.23964,40.90195],[-4.23738,40.90256],[-4.23572,40.90163],[-4.2332,40.90285],[-4.23264,40.90243],[-4.23046,40.90239],[-4.22965,40.90314],[-4.22434,40.90232],[-4.22235,40.90253],[-4.22297,40.90381],[-4.22837,40.90618],[-4.22821,40.90864],[-4.2286,40.90966],[-4.23309,40.91111],[-4.23632,40.91125],[-4.2379,40.91252],[-4.23622,40.91622],[-4.23587,40.91953],[-4.23528,40.92039],[-4.23827,40.92267],[-4.23822,40.92431],[-4.2385,40.92576],[-4.23769,40.92975],[-4.23858,40.93058],[-4.23985,40.93128],[-4.24468,40.93307],[-4.24509,40.93368],[-4.24575,40.93581],[-4.24577,40.93655],[-4.24524,40.93856],[-4.24819,40.9361],[-4.25075,40.9332],[-4.25278,40.93385],[-4.25382,40.93228],[-4.27041,40.9368],[-4.2742,40.93229],[-4.28092,40.93473],[-4.28058,40.93642],[-4.28254,40.93714],[-4.28508,40.93671],[-4.2886,40.94227],[-4.29912,40.93474],[-4.29857,40.93128],[-4.3004,40.93271],[-4.30832,40.92598],[-4.32565,40.93035],[-4.32525,40.92565],[-4.33153,40.93033],[-4.33283,40.92709],[-4.33243,40.92483],[-4.3327,40.92388],[-4.33358,40.92305],[-4.3355,40.92228],[-4.33392,40.91935],[-4.33205,40.92233],[-4.32517,40.92001],[-4.32374,40.91123],[-4.31847,40.91194],[-4.31601,40.90247],[-4.31753,40.90154],[-4.31547,40.90116],[-4.3114,40.90385],[-4.30668,40.90521],[-4.30366,40.9027],[-4.30268,40.90022],[-4.30241,40.89795],[-4.30095,40.89532],[-4.29996,40.89257]]]}},{"type":"Feature","properties":{"COD_POSTAL":"40122"},"geometry":{"type":"Polygon","coordinates":[[[-4.32527,41.01168],[-4.32504,41.01123],[-4.32125,41.01121],[-4.31046,41.01437],[-4.30936,41.01546],[-4.3097,41.01589],[-4.30891,41.01595],[-4.30399,41.0175],[-4.29653,41.02034],[-4.30426,41.02425],[-4.30563,41.02535],[-4.30875,41.02658],[-4.31057,41.03757],[-4.31026,41.04027],[-4.31048,41.04077],[-4.30929,41.04671],[-4.3094,41.04872],[-4.31197,41.05026],[-4.31322,41.05147],[-4.33488,41.05484],[-4.3355,41.05524],[-4.33639,41.05517],[-4.33825,41.05615],[-4.34316,41.06213],[-4.34447,41.06419],[-4.34392,41.0643],[-4.37251,41.06423],[-4.3839,41.06233],[-4.38888,41.05365],[-4.38975,41.04396],[-4.38209,41.04366],[-4.37341,41.0409],[-4.3731,41.03355],[-4.37167,41.03293],[-4.36978,41.0294],[-4.36892,41.03089],[-4.34737,41.01833],[-4.34494,41.01837],[-4.34338,41.01731],[-4.34471,41.01537],[-4.34073,41.01608],[-4.33828,41.01424],[-4.33358,41.01506],[-4.32695,41.01117],[-4.32527,41.01168]]]}},{"type":"Feature","properties":{"COD_POSTAL":"40315"},"geometry":{"type":"Polygon","coordinates":[[[-3.83263,41.38365],[-3.82693,41.38252],[-3.81537,41.38197],[-3.8082,41.38059],[-3.80657,41.37962],[-3.80166,41.37996],[-3.80135,41.37817],[-3.79717,41.37836],[-3.79214,41.37893],[-3.78237,41.38087],[-3.76932,41.38419],[-3.76763,41.38956],[-3.7663,41.39028],[-3.77499,41.39213],[-3.78105,41.40334],[-3.78041,41.4051],[-3.77698,41.40485],[-3.77353,41.40601],[-3.7714,41.40607],[-3.76526,41.40565],[-3.76296,41.4059],[-3.76053,41.40679],[-3.75955,41.40751],[-3.75912,41.40811],[-3.75907,41.4089],[-3.75938,41.4095],[-3.75983,41.40979],[-3.76246,41.4106],[-3.76736,41.41289],[-3.76969,41.41424],[-3.7702,41.41514],[-3.77241,41.4164],[-3.77419,41.41629],[-3.77449,41.4166],[-3.77486,41.41948],[-3.77514,41.41991],[-3.77719,41.42148],[-3.78063,41.42163],[-3.78254,41.42235],[-3.78542,41.42483],[-3.78807,41.42758],[-3.78994,41.43006],[-3.79341,41.43025],[-3.79865,41.42819],[-3.80156,41.42762],[-3.81117,41.42926],[-3.81419,41.43031],[-3.81597,41.43013],[-3.81934,41.42919],[-3.82175,41.42825],[-3.82512,41.42906],[-3.82681,41.42876],[-3.82747,41.42889],[-3.83171,41.43137],[-3.8361,41.43168],[-3.83942,41.43257],[-3.84197,41.43374],[-3.84294,41.43551],[-3.84484,41.43656],[-3.84583,41.43758],[-3.84744,41.43829],[-3.84868,41.43865],[-3.85426,41.43932],[-3.8675,41.44178],[-3.8713,41.4434],[-3.87525,41.44525],[-3.87367,41.45006],[-3.88064,41.4525],[-3.88551,41.45044],[-3.89388,41.44297],[-3.89205,41.4387],[-3.88619,41.41736],[-3.88749,41.41639],[-3.89085,41.41597],[-3.89122,41.41545],[-3.89209,41.41514],[-3.89232,41.414],[-3.89341,41.41308],[-3.89438,41.41366],[-3.90601,41.41022],[-3.90863,41.4081],[-3.90415,41.40487],[-3.90397,41.40419],[-3.90316,41.40417],[-3.89715,41.40027],[-3.89356,41.40226],[-3.89097,41.39907],[-3.88975,41.39716],[-3.89027,41.39613],[-3.88792,41.39496],[-3.88327,41.3914],[-3.87974,41.38836],[-3.87575,41.38571],[-3.87084,41.38566],[-3.86402,41.38262],[-3.86159,41.38119],[-3.85879,41.3801],[-3.85571,41.37746],[-3.85355,41.37654],[-3.8505,41.37762],[-3.84917,41.37685],[-3.84718,41.37614],[-3.8327,41.38128],[-3.83263,41.38365]]]}},{"type":"Feature","properties":{"COD_POSTAL":"40560"},"geometry":{"type":"Polygon","coordinates":[[[-3.63577,41.35387],[-3.64239,41.35841],[-3.64241,41.3568],[-3.64562,41.35146],[-3.65018,41.34745],[-3.65973,41.34445],[-3.66126,41.34377],[-3.66359,41.34374],[-3.66378,41.33995],[-3.65692,41.3342],[-3.64378,41.32597],[-3.64083,41.32474],[-3.63834,41.32429],[-3.6387,41.31655],[-3.63982,41.31533],[-3.63164,41.30886],[-3.62934,41.30651],[-3.62678,41.30521],[-3.62591,41.30522],[-3.62257,41.30348],[-3.62046,41.30357],[-3.61876,41.30318],[-3.6145,41.30432],[-3.6094,41.3043],[-3.60682,41.30499],[-3.6045,41.30466],[-3.59562,41.30125],[-3.59066,41.29762],[-3.58889,41.29777],[-3.58807,41.29695],[-3.58291,41.29579],[-3.58019,41.29659],[-3.57765,41.29517],[-3.57591,41.29362],[-3.57239,41.29162],[-3.56953,41.28898],[-3.56826,41.2889],[-3.56735,41.28682],[-3.56469,41.28677],[-3.56041,41.28424],[-3.55755,41.28218],[-3.55534,41.28214],[-3.55624,41.28372],[-3.55732,41.28455],[-3.55716,41.28574],[-3.55976,41.2882],[-3.55784,41.28947],[-3.55741,41.29033],[-3.55527,41.29292],[-3.55365,41.29378],[-3.55175,41.29428],[-3.55178,41.29688],[-3.55245,41.29835],[-3.55038,41.30031],[-3.55327,41.30144],[-3.55594,41.30545],[-3.5571,41.30766],[-3.55959,41.30975],[-3.56071,41.31172],[-3.563,41.31456],[-3.5641,41.31669],[-3.56471,41.3174],[-3.56518,41.31872],[-3.56796,41.31978],[-3.57015,41.32213],[-3.57203,41.33154],[-3.5746,41.3354],[-3.57576,41.33659],[-3.58574,41.34071],[-3.5879,41.34087],[-3.58935,41.34139],[-3.59025,41.34234],[-3.59111,41.34465],[-3.59203,41.34612],[-3.63577,41.35387]]]}},{"type":"Feature","properties":{"COD_POSTAL":"40146"},"geometry":{"type":"Polygon","coordinates":[[[-4.50871,40.84575],[-4.50784,40.84663],[-4.51009,40.84866],[-4.50858,40.84982],[-4.50854,40.85127],[-4.5075,40.8528],[-4.50728,40.85357],[-4.50685,40.85728],[-4.50613,40.85823],[-4.49937,40.86229],[-4.49457,40.86406],[-4.49183,40.86473],[-4.49056,40.86491],[-4.48936,40.86432],[-4.48815,40.86414],[-4.48383,40.86595],[-4.47967,40.86861],[-4.48018,40.87096],[-4.48139,40.87169],[-4.48214,40.8729],[-4.49395,40.88328],[-4.49598,40.88377],[-4.49814,40.88506],[-4.50266,40.88505],[-4.50918,40.88539],[-4.51645,40.86934],[-4.53359,40.86412],[-4.53358,40.86323],[-4.53157,40.85864],[-4.53308,40.85798],[-4.53377,40.85703],[-4.53593,40.85501],[-4.53748,40.85564],[-4.5385,40.85529],[-4.53974,40.85559],[-4.54017,40.85465],[-4.54199,40.85471],[-4.54676,40.85375],[-4.54829,40.85382],[-4.54889,40.85323],[-4.54986,40.85335],[-4.55059,40.85211],[-4.55199,40.85059],[-4.55364,40.84931],[-4.55788,40.84095],[-4.55892,40.83959],[-4.55662,40.83819],[-4.55671,40.83633],[-4.5553,40.83544],[-4.55469,40.83351],[-4.55297,40.83129],[-4.54999,40.82861],[-4.54743,40.82714],[-4.54639,40.82555],[-4.5417,40.82742],[-4.53464,40.82876],[-4.5339,40.8287],[-4.52862,40.82643],[-4.52462,40.82577],[-4.52098,40.82662],[-4.51799,40.82835],[-4.51624,40.82831],[-4.5144,40.82937],[-4.51443,40.82971],[-4.51183,40.83047],[-4.51167,40.83008],[-4.50882,40.83132],[-4.5084,40.83011],[-4.50797,40.82996],[-4.50707,40.82999],[-4.50659,40.83117],[-4.50326,40.83081],[-4.5016,40.8302],[-4.50081,40.83052],[-4.49944,40.83289],[-4.49869,40.83351],[-4.49789,40.8353],[-4.49851,40.83556],[-4.49865,40.83747],[-4.50217,40.84108],[-4.50471,40.84318],[-4.50834,40.84272],[-4.50903,40.8452],[-4.50871,40.84575]]]}},{"type":"Feature","properties":{"COD_POSTAL":"40533"},"geometry":{"type":"Polygon","coordinates":[[[-3.84219,41.52374],[-3.84139,41.51888],[-3.84023,41.51508],[-3.83821,41.50988],[-3.8352,41.50087],[-3.83515,41.50055],[-3.83581,41.49977],[-3.82883,41.49945],[-3.82366,41.49963],[-3.82119,41.49912],[-3.81924,41.49821],[-3.81196,41.49846],[-3.80886,41.49796],[-3.80395,41.49625],[-3.802,41.4935],[-3.80113,41.49264],[-3.79904,41.49186],[-3.79822,41.49193],[-3.79593,41.49153],[-3.79429,41.49096],[-3.79062,41.48777],[-3.78764,41.48586],[-3.78222,41.48641],[-3.77903,41.487],[-3.77758,41.4869],[-3.77545,41.48587],[-3.77278,41.48326],[-3.77025,41.48239],[-3.76983,41.48461],[-3.77044,41.49009],[-3.76854,41.49375],[-3.76969,41.49529],[-3.76984,41.49596],[-3.76961,41.49773],[-3.77024,41.4983],[-3.77086,41.49928],[-3.77083,41.49961],[-3.76883,41.50212],[-3.7684,41.50373],[-3.76768,41.50399],[-3.76704,41.50472],[-3.76701,41.50578],[-3.76748,41.50739],[-3.769,41.50942],[-3.76978,41.51108],[-3.77076,41.5166],[-3.76969,41.51795],[-3.77134,41.52082],[-3.77153,41.52235],[-3.77114,41.52275],[-3.77038,41.52544],[-3.76964,41.52679],[-3.76951,41.52784],[-3.76866,41.52892],[-3.76831,41.5311],[-3.76734,41.53321],[-3.76777,41.53503],[-3.766,41.53679],[-3.76619,41.53793],[-3.7687,41.53757],[-3.77216,41.53601],[-3.77367,41.5349],[-3.77508,41.53477],[-3.77851,41.53376],[-3.78092,41.53358],[-3.78249,41.53205],[-3.78325,41.52995],[-3.78276,41.52953],[-3.78409,41.52731],[-3.78575,41.52644],[-3.78733,41.52626],[-3.79072,41.52519],[-3.79247,41.52496],[-3.79621,41.52248],[-3.79911,41.52163],[-3.80379,41.52458],[-3.8131,41.52752],[-3.81767,41.52723],[-3.82175,41.52666],[-3.82995,41.52449],[-3.83897,41.52368],[-3.84138,41.52373],[-3.84219,41.52374]]]}},{"type":"Feature","properties":{"COD_POSTAL":"40144"},"geometry":{"type":"Polygon","coordinates":[[[-4.44671,40.88377],[-4.44642,40.88303],[-4.44633,40.88053],[-4.44545,40.88012],[-4.43964,40.87939],[-4.43735,40.88072],[-4.43678,40.88058],[-4.43742,40.87736],[-4.43729,40.87627],[-4.43697,40.87577],[-4.43446,40.8729],[-4.43253,40.87215],[-4.4295,40.87022],[-4.42674,40.86804],[-4.42488,40.86912],[-4.42236,40.86905],[-4.4199,40.8677],[-4.419,40.86693],[-4.41447,40.86454],[-4.41413,40.86639],[-4.4121,40.86895],[-4.41149,40.87049],[-4.40976,40.87288],[-4.40779,40.87648],[-4.40731,40.8786],[-4.40553,40.88214],[-4.40543,40.8881],[-4.40364,40.89178],[-4.40718,40.89456],[-4.40391,40.90004],[-4.40728,40.90717],[-4.40507,40.91199],[-4.40781,40.91467],[-4.41315,40.91908],[-4.41332,40.92095],[-4.41125,40.92174],[-4.42232,40.93193],[-4.47752,40.94483],[-4.47875,40.9435],[-4.4774,40.94224],[-4.47859,40.93956],[-4.47706,40.9391],[-4.47735,40.93556],[-4.4761,40.93174],[-4.47541,40.93154],[-4.47463,40.93029],[-4.47564,40.92885],[-4.47731,40.92499],[-4.47771,40.92309],[-4.47696,40.92248],[-4.47729,40.91994],[-4.47684,40.9193],[-4.47465,40.91799],[-4.47373,40.91663],[-4.47099,40.91541],[-4.4735,40.90526],[-4.47137,40.90383],[-4.47074,40.90416],[-4.46826,40.90283],[-4.46288,40.9012],[-4.46146,40.90025],[-4.461,40.89967],[-4.45966,40.89655],[-4.45934,40.89522],[-4.45971,40.89352],[-4.46065,40.89143],[-4.45945,40.88973],[-4.45704,40.89025],[-4.45222,40.88735],[-4.44714,40.88908],[-4.44652,40.88833],[-4.44714,40.88768],[-4.44766,40.88528],[-4.44671,40.88377]]]}},{"type":"Feature","properties":{"COD_POSTAL":"40311"},"geometry":{"type":"Polygon","coordinates":[[[-3.68415,41.25556],[-3.68131,41.25188],[-3.68038,41.25236],[-3.67611,41.24963],[-3.67705,41.24876],[-3.6769,41.24813],[-3.67525,41.24781],[-3.67312,41.24677],[-3.6735,41.24613],[-3.67286,41.24526],[-3.67171,41.24474],[-3.67033,41.24587],[-3.66743,41.24642],[-3.667,41.24638],[-3.66528,41.2451],[-3.65604,41.2478],[-3.65334,41.24555],[-3.64996,41.24731],[-3.64862,41.24875],[-3.64735,41.24333],[-3.62767,41.24694],[-3.62541,41.24667],[-3.62465,41.24574],[-3.62127,41.24295],[-3.62019,41.2411],[-3.61958,41.24092],[-3.61767,41.24073],[-3.60842,41.24222],[-3.60742,41.24072],[-3.60447,41.24188],[-3.60822,41.24484],[-3.61197,41.24545],[-3.61565,41.24939],[-3.61175,41.2507],[-3.60947,41.25278],[-3.6064,41.25327],[-3.60656,41.25393],[-3.60552,41.25449],[-3.6121,41.25887],[-3.61005,41.26327],[-3.61139,41.26354],[-3.61555,41.26716],[-3.61518,41.26795],[-3.62121,41.27435],[-3.6228,41.27499],[-3.63215,41.27612],[-3.63833,41.2775],[-3.64408,41.28029],[-3.65376,41.28339],[-3.65496,41.28346],[-3.6567,41.28317],[-3.65751,41.2826],[-3.65821,41.28188],[-3.65695,41.28078],[-3.6586,41.27955],[-3.65904,41.27853],[-3.66066,41.27784],[-3.66156,41.27887],[-3.66315,41.27794],[-3.66149,41.27593],[-3.66313,41.27663],[-3.66458,41.27495],[-3.66589,41.27559],[-3.66679,41.27384],[-3.6642,41.27195],[-3.66577,41.26969],[-3.66716,41.26834],[-3.66684,41.26768],[-3.6709,41.26843],[-3.67135,41.2697],[-3.6722,41.27023],[-3.67412,41.27014],[-3.67615,41.26933],[-3.67786,41.27006],[-3.68297,41.2695],[-3.6829,41.27028],[-3.6862,41.27118],[-3.68715,41.26851],[-3.68899,41.26646],[-3.68758,41.26385],[-3.68665,41.26061],[-3.68809,41.25918],[-3.68759,41.25871],[-3.68415,41.25556]]]}},{"type":"Feature","properties":{"COD_POSTAL":"40002"},"geometry":{"type":"Polygon","coordinates":[[[-4.11881,40.9457],[-4.11889,40.94547],[-4.11934,40.94635],[-4.11904,40.94702],[-4.12018,40.94569],[-4.12044,40.94612],[-4.12132,40.94614],[-4.12224,40.94544],[-4.12236,40.94556],[-4.12157,40.94611],[-4.12173,40.94666],[-4.12103,40.94682],[-4.12153,40.94676],[-4.12117,40.9473],[-4.12061,40.94718],[-4.12182,40.94771],[-4.12273,40.94881],[-4.12394,40.94909],[-4.12558,40.949],[-4.12359,40.94817],[-4.12404,40.94691],[-4.1255,40.94635],[-4.12566,40.94542],[-4.12672,40.94452],[-4.12437,40.9441],[-4.12353,40.94382],[-4.12306,40.9434],[-4.12113,40.94298],[-4.12031,40.94154],[-4.12008,40.94061],[-4.11964,40.94028],[-4.11914,40.9403],[-4.11736,40.93869],[-4.117,40.938],[-4.11698,40.93681],[-4.11666,40.93678],[-4.11677,40.93816],[-4.117,40.93855],[-4.11525,40.93854],[-4.1164,40.94022],[-4.11621,40.94032],[-4.11388,40.9374],[-4.11366,40.93746],[-4.11354,40.93688],[-4.1129,40.93625],[-4.11251,40.93623],[-4.11232,40.93634],[-4.1125,40.93661],[-4.11342,40.93747],[-4.11461,40.93929],[-4.11529,40.94061],[-4.1152,40.94111],[-4.11566,40.94105],[-4.11463,40.94108],[-4.11516,40.94123],[-4.11501,40.94212],[-4.11567,40.94285],[-4.11578,40.9436],[-4.11523,40.94377],[-4.11615,40.94398],[-4.11646,40.94352],[-4.11608,40.94343],[-4.11586,40.94284],[-4.11666,40.9427],[-4.11795,40.9446],[-4.11711,40.94401],[-4.1166,40.94459],[-4.11691,40.94524],[-4.11765,40.94587],[-4.11881,40.9457]]]}},{"type":"Feature","properties":{"COD_POSTAL":"40500"},"geometry":{"type":"Polygon","coordinates":[[[-3.42643,41.27199],[-3.42233,41.26803],[-3.41795,41.26315],[-3.41511,41.26047],[-3.41458,41.26012],[-3.41216,41.25972],[-3.41062,41.25994],[-3.41185,41.26117],[-3.41224,41.26299],[-3.41459,41.26558],[-3.41564,41.27211],[-3.41515,41.2732],[-3.41427,41.27422],[-3.41594,41.27717],[-3.4167,41.27966],[-3.41645,41.28129],[-3.41689,41.28385],[-3.41681,41.28496],[-3.41628,41.28613],[-3.41992,41.29202],[-3.42128,41.29287],[-3.42375,41.29394],[-3.42494,41.29763],[-3.42603,41.29952],[-3.42657,41.30339],[-3.42739,41.30569],[-3.42898,41.31619],[-3.43101,41.32145],[-3.43406,41.32224],[-3.43503,41.32314],[-3.43598,41.32485],[-3.43693,41.32565],[-3.43841,41.32664],[-3.44143,41.32772],[-3.4443,41.3295],[-3.44499,41.32637],[-3.44497,41.32442],[-3.44468,41.32349],[-3.44494,41.32273],[-3.44501,41.32063],[-3.44722,41.31819],[-3.44822,41.31588],[-3.4521,41.31623],[-3.45563,41.31608],[-3.45976,41.31789],[-3.46368,41.32206],[-3.4641,41.32272],[-3.46471,41.32521],[-3.46691,41.32257],[-3.46819,41.32173],[-3.46528,41.32088],[-3.46648,41.31935],[-3.46814,41.31546],[-3.46956,41.31496],[-3.47101,41.31509],[-3.47194,41.31472],[-3.47255,41.31477],[-3.47763,41.31603],[-3.48068,41.31726],[-3.48206,41.32189],[-3.48233,41.32224],[-3.48438,41.32298],[-3.48748,41.32363],[-3.48966,41.3244],[-3.49888,41.3262],[-3.50062,41.32634],[-3.50336,41.32702],[-3.50581,41.32808],[-3.50672,41.32791],[-3.51223,41.32808],[-3.51481,41.3284],[-3.51777,41.32989],[-3.51823,41.32957],[-3.5198,41.32941],[-3.52555,41.33106],[-3.52665,41.33116],[-3.52668,41.33062],[-3.52777,41.32897],[-3.52839,41.32905],[-3.52852,41.32732],[-3.52845,41.3259],[-3.52756,41.32343],[-3.52783,41.32025],[-3.52702,41.31633],[-3.52866,41.31581],[-3.52898,41.31577],[-3.53332,41.31902],[-3.53657,41.32068],[-3.539,41.32127],[-3.54024,41.32046],[-3.54337,41.32048],[-3.54371,41.32015],[-3.54555,41.3196],[-3.54938,41.31886],[-3.55475,41.32023],[-3.55692,41.32125],[-3.55893,41.32119],[-3.56095,41.32494],[-3.5644,41.32311],[-3.56609,41.32187],[-3.56758,41.31959],[-3.56518,41.31872],[-3.56471,41.3174],[-3.5641,41.31669],[-3.563,41.31456],[-3.56071,41.31172],[-3.55959,41.30975],[-3.5571,41.30766],[-3.55594,41.30545],[-3.55327,41.30144],[-3.55038,41.30031],[-3.55245,41.29835],[-3.55178,41.29688],[-3.55175,41.29428],[-3.55365,41.29378],[-3.55527,41.29292],[-3.55741,41.29033],[-3.55784,41.28947],[-3.55976,41.2882],[-3.55716,41.28574],[-3.55732,41.28455],[-3.55624,41.28372],[-3.55534,41.28214],[-3.55614,41.28047],[-3.55601,41.27725],[-3.55412,41.27435],[-3.55234,41.27251],[-3.5501,41.27083],[-3.54975,41.26718],[-3.54875,41.26683],[-3.54795,41.26579],[-3.54569,41.26505],[-3.54341,41.26169],[-3.54361,41.26116],[-3.54476,41.26031],[-3.54463,41.25927],[-3.54306,41.25892],[-3.54064,41.25476],[-3.53798,41.25253],[-3.53833,41.25092],[-3.53609,41.24749],[-3.53162,41.24177],[-3.52878,41.23878],[-3.5287,41.23768],[-3.52769,41.23569],[-3.52779,41.233],[-3.527,41.23296],[-3.52543,41.23239],[-3.51954,41.22975],[-3.51663,41.22804],[-3.51463,41.22661],[-3.50742,41.2204],[-3.5038,41.21883],[-3.50115,41.21845],[-3.49878,41.21744],[-3.49503,41.21658],[-3.489,41.21696],[-3.47954,41.21646],[-3.47636,41.21681],[-3.47449,41.21743],[-3.47235,41.21772],[-3.47074,41.21762],[-3.46983,41.21781],[-3.46501,41.21728],[-3.46408,41.21789],[-3.4622,41.21818],[-3.46076,41.21716],[-3.45964,41.21691],[-3.45837,41.21628],[-3.45465,41.21562],[-3.45381,41.21574],[-3.45377,41.21725],[-3.45434,41.21869],[-3.45782,41.22486],[-3.45966,41.22695],[-3.4594,41.23161],[-3.46038,41.23329],[-3.45958,41.23508],[-3.45953,41.23729],[-3.46174,41.2411],[-3.46353,41.24606],[-3.46344,41.24728],[-3.4629,41.24827],[-3.4612,41.25003],[-3.46405,41.25205],[-3.46531,41.25245],[-3.4657,41.25494],[-3.46617,41.25543],[-3.46641,41.25781],[-3.45806,41.25832],[-3.45312,41.26161],[-3.45229,41.26197],[-3.45108,41.26206],[-3.44827,41.26362],[-3.44776,41.26416],[-3.44774,41.26578],[-3.44693,41.26645],[-3.44299,41.26667],[-3.43659,41.26607],[-3.43428,41.26658],[-3.4328,41.26651],[-3.43083,41.26872],[-3.429,41.26985],[-3.42913,41.27122],[-3.42827,41.27158],[-3.42643,41.27199]]]}},{"type":"Feature","properties":{"COD_POSTAL":"40450"},"geometry":{"type":"Polygon","coordinates":[[[-4.52429,41.10489],[-4.51172,41.10222],[-4.50942,41.10203],[-4.50826,41.10317],[-4.50772,41.10299],[-4.50659,41.10091],[-4.50737,41.0983],[-4.50708,41.09537],[-4.50682,41.09481],[-4.50622,41.09404],[-4.5048,41.09371],[-4.50234,41.09257],[-4.50148,41.09312],[-4.49898,41.09392],[-4.49051,41.09619],[-4.48163,41.099],[-4.46591,41.10451],[-4.45109,41.11013],[-4.44952,41.11114],[-4.44085,41.11961],[-4.43937,41.1235],[-4.43612,41.13074],[-4.43519,41.13541],[-4.43393,41.13903],[-4.43358,41.14082],[-4.43172,41.1423],[-4.42425,41.14705],[-4.41714,41.15101],[-4.41615,41.15186],[-4.40954,41.15509],[-4.40724,41.15723],[-4.40615,41.15793],[-4.40485,41.15967],[-4.4075,41.16141],[-4.40877,41.16283],[-4.41158,41.16334],[-4.4145,41.16546],[-4.4148,41.16636],[-4.41578,41.16691],[-4.41977,41.16793],[-4.42108,41.1688],[-4.42398,41.17141],[-4.42635,41.1729],[-4.43072,41.1746],[-4.43242,41.17546],[-4.434,41.17669],[-4.43695,41.17682],[-4.43601,41.18103],[-4.4364,41.18388],[-4.4402,41.18534],[-4.44135,41.18528],[-4.44363,41.18338],[-4.44515,41.18247],[-4.44792,41.18331],[-4.45189,41.18496],[-4.45315,41.18592],[-4.45458,41.18788],[-4.45516,41.1899],[-4.45624,41.19112],[-4.45854,41.18964],[-4.46332,41.1902],[-4.46636,41.1883],[-4.46733,41.1887],[-4.46727,41.18969],[-4.46604,41.1927],[-4.46665,41.19343],[-4.46795,41.19364],[-4.47068,41.19299],[-4.47325,41.19336],[-4.47396,41.19409],[-4.4738,41.19568],[-4.47924,41.19602],[-4.48022,41.19711],[-4.48168,41.19803],[-4.48342,41.19846],[-4.48525,41.19873],[-4.48725,41.19865],[-4.48855,41.19826],[-4.49098,41.19586],[-4.48769,41.19193],[-4.48674,41.18982],[-4.4854,41.18829],[-4.48357,41.18695],[-4.48578,41.1837],[-4.48621,41.18253],[-4.4872,41.18115],[-4.49111,41.17899],[-4.49424,41.17523],[-4.49945,41.17438],[-4.50652,41.17197],[-4.51042,41.17142],[-4.51238,41.17071],[-4.51757,41.17025],[-4.51927,41.16335],[-4.51911,41.16232],[-4.51811,41.16045],[-4.51796,41.15549],[-4.52347,41.15533],[-4.52893,41.15455],[-4.53149,41.1539],[-4.53258,41.1548],[-4.53356,41.15481],[-4.53344,41.15269],[-4.53212,41.15379],[-4.53144,41.15206],[-4.52712,41.1461],[-4.52633,41.14331],[-4.52288,41.13956],[-4.51741,41.13539],[-4.51935,41.13275],[-4.52205,41.12982],[-4.52519,41.13111],[-4.52476,41.11368],[-4.52573,41.10527],[-4.52429,41.10489]]]}},{"type":"Feature","properties":{"COD_POSTAL":"40443"},"geometry":{"type":"Polygon","coordinates":[[[-4.39201,41.28711],[-4.3883,41.29039],[-4.39334,41.30273],[-4.39322,41.31916],[-4.39694,41.32394],[-4.41714,41.31984],[-4.42073,41.3118],[-4.43131,41.30999],[-4.43066,41.30712],[-4.43141,41.30544],[-4.44247,41.30311],[-4.44589,41.29605],[-4.39961,41.27968],[-4.39201,41.28711]]]}},{"type":"Feature","properties":{"COD_POSTAL":"40531"},"geometry":{"type":"Polygon","coordinates":[[[-3.64717,41.36524],[-3.64743,41.36752],[-3.64551,41.37163],[-3.65369,41.37758],[-3.66034,41.38208],[-3.66169,41.38275],[-3.66405,41.38672],[-3.67045,41.39639],[-3.67097,41.39755],[-3.67244,41.39777],[-3.67257,41.39853],[-3.67432,41.39991],[-3.67305,41.40677],[-3.67023,41.40878],[-3.66996,41.41624],[-3.67382,41.43014],[-3.68287,41.432],[-3.68798,41.43058],[-3.69016,41.43038],[-3.69323,41.43204],[-3.69666,41.43211],[-3.70141,41.43112],[-3.70772,41.42737],[-3.70752,41.4257],[-3.70768,41.42498],[-3.70881,41.42286],[-3.70887,41.42212],[-3.70788,41.42095],[-3.70351,41.41713],[-3.70272,41.4158],[-3.70133,41.41207],[-3.70316,41.41013],[-3.70393,41.40713],[-3.70453,41.40621],[-3.7081,41.3971],[-3.70838,41.39592],[-3.70828,41.39378],[-3.70887,41.38807],[-3.71763,41.37731],[-3.7199,41.3737],[-3.72112,41.37072],[-3.72117,41.37002],[-3.7147,41.36514],[-3.7114,41.35786],[-3.70985,41.3495],[-3.70968,41.33984],[-3.70695,41.3393],[-3.70112,41.33962],[-3.69851,41.34428],[-3.6971,41.34775],[-3.68782,41.34914],[-3.68743,41.34913],[-3.68525,41.34781],[-3.67927,41.34649],[-3.67548,41.34754],[-3.67032,41.34747],[-3.66737,41.34655],[-3.6658,41.34563],[-3.66359,41.34374],[-3.66126,41.34377],[-3.65973,41.34445],[-3.65091,41.34712],[-3.64967,41.3478],[-3.64562,41.35146],[-3.64241,41.3568],[-3.64239,41.35841],[-3.6462,41.36054],[-3.64682,41.36427],[-3.64717,41.36524]]]}},{"type":"Feature","properties":{"COD_POSTAL":"40355"},"geometry":{"type":"Polygon","coordinates":[[[-4.07955,41.44929],[-4.08008,41.4487],[-4.07933,41.44619],[-4.08092,41.44643],[-4.08331,41.446],[-4.08517,41.44382],[-4.08761,41.43894],[-4.09113,41.43471],[-4.09715,41.4285],[-4.09854,41.42674],[-4.09958,41.42496],[-4.10031,41.42173],[-4.10038,41.421],[-4.09997,41.41976],[-4.09698,41.41418],[-4.09648,41.41392],[-4.0926,41.41331],[-4.09169,41.41385],[-4.0909,41.41391],[-4.08947,41.41444],[-4.08874,41.41419],[-4.08663,41.41455],[-4.08512,41.41361],[-4.08362,41.41398],[-4.08254,41.41388],[-4.08142,41.41239],[-4.07872,41.4115],[-4.07587,41.40958],[-4.07425,41.4081],[-4.07332,41.40651],[-4.07137,41.40683],[-4.07092,41.4064],[-4.06734,41.40519],[-4.06382,41.40256],[-4.06021,41.40302],[-4.05443,41.40334],[-4.0532,41.40431],[-4.05304,41.40759],[-4.05165,41.4087],[-4.04818,41.40889],[-4.04363,41.40995],[-4.04009,41.41028],[-4.04036,41.4107],[-4.04277,41.41073],[-4.0429,41.41135],[-4.03826,41.41365],[-4.0389,41.41488],[-4.03875,41.41554],[-4.03591,41.41688],[-4.03487,41.41881],[-4.03111,41.4231],[-4.02902,41.42377],[-4.02679,41.42366],[-4.0216,41.42537],[-4.01984,41.42726],[-4.01879,41.42715],[-4.01723,41.42773],[-4.01428,41.42724],[-4.01862,41.43271],[-4.02322,41.4343],[-4.03156,41.43776],[-4.03579,41.44255],[-4.03656,41.44422],[-4.03672,41.44664],[-4.04127,41.4516],[-4.05202,41.45712],[-4.05223,41.45836],[-4.05387,41.45912],[-4.05471,41.4617],[-4.05646,41.46217],[-4.05753,41.46081],[-4.0621,41.45859],[-4.06421,41.4582],[-4.06559,41.45724],[-4.06841,41.45629],[-4.06962,41.45547],[-4.07045,41.45551],[-4.07321,41.45438],[-4.07727,41.45431],[-4.07933,41.4522],[-4.0792,41.44994],[-4.07955,41.44929]]]}},{"type":"Feature","properties":{"COD_POSTAL":"40232"},"geometry":{"type":"Polygon","coordinates":[[[-4.21376,41.39722],[-4.20799,41.39877],[-4.20342,41.40093],[-4.20242,41.4035],[-4.20296,41.40563],[-4.20303,41.4107],[-4.20116,41.41223],[-4.20559,41.41436],[-4.20613,41.41655],[-4.20707,41.4184],[-4.20518,41.42085],[-4.20301,41.43086],[-4.20502,41.43786],[-4.21445,41.45143],[-4.22784,41.45997],[-4.23629,41.45371],[-4.23631,41.43996],[-4.23944,41.43443],[-4.23664,41.42087],[-4.22967,41.41742],[-4.23078,41.41517],[-4.21887,41.40927],[-4.21554,41.4038],[-4.21698,41.39877],[-4.2155,41.39712],[-4.21376,41.39722]]]}},{"type":"Feature","properties":{"COD_POSTAL":"40218"},"geometry":{"type":"Polygon","coordinates":[[[-4.48604,41.29873],[-4.49029,41.30118],[-4.49341,41.30082],[-4.49449,41.30194],[-4.49563,41.30185],[-4.49618,41.3024],[-4.49733,41.30169],[-4.49817,41.30199],[-4.50006,41.30091],[-4.50009,41.29633],[-4.50773,41.29208],[-4.51696,41.28818],[-4.51843,41.2831],[-4.51853,41.28118],[-4.5085,41.28075],[-4.50549,41.27982],[-4.49458,41.27825],[-4.48771,41.27039],[-4.48347,41.27011],[-4.48149,41.26964],[-4.48076,41.26844],[-4.47965,41.26801],[-4.4781,41.27439],[-4.47673,41.27851],[-4.47328,41.28368],[-4.47289,41.28851],[-4.47146,41.29156],[-4.48168,41.29495],[-4.48264,41.29735],[-4.48588,41.29867],[-4.48604,41.29873]]]}},{"type":"Feature","properties":{"COD_POSTAL":"40446"},"geometry":{"type":"Polygon","coordinates":[[[-4.56682,40.94545],[-4.56411,40.94797],[-4.55987,40.95135],[-4.5585,40.95335],[-4.55702,40.95648],[-4.55452,40.95851],[-4.54402,40.96417],[-4.54146,40.96586],[-4.53602,40.96859],[-4.53456,40.96901],[-4.532,40.96901],[-4.53132,40.97061],[-4.53103,40.97269],[-4.53132,40.97548],[-4.53031,40.97673],[-4.52944,40.97686],[-4.52434,40.97597],[-4.52337,40.97546],[-4.52351,40.97412],[-4.51868,40.97387],[-4.51702,40.97413],[-4.51281,40.97342],[-4.51229,40.97502],[-4.50992,40.97881],[-4.50827,40.9799],[-4.50825,40.9803],[-4.50941,40.98228],[-4.50978,40.98395],[-4.50818,40.98674],[-4.50804,40.98988],[-4.50521,40.99348],[-4.50722,40.99499],[-4.50562,40.99742],[-4.50821,41.00125],[-4.5105,41.00558],[-4.50947,41.00713],[-4.51155,41.00723],[-4.51339,41.00842],[-4.51688,41.00995],[-4.51844,41.01109],[-4.52279,41.01192],[-4.52634,41.01358],[-4.52729,41.01383],[-4.53218,41.0128],[-4.53467,41.01328],[-4.53555,41.01323],[-4.5384,41.01482],[-4.54068,41.01574],[-4.54565,41.01702],[-4.54768,41.019],[-4.55022,41.02026],[-4.55124,41.02058],[-4.55241,41.02052],[-4.55367,41.01998],[-4.5552,41.02258],[-4.5572,41.02522],[-4.5582,41.02272],[-4.56276,41.01701],[-4.56593,41.01576],[-4.56902,41.01328],[-4.57725,41.00856],[-4.58307,41.00823],[-4.59829,41.006],[-4.61025,41.00475],[-4.61435,41.00313],[-4.61725,41.00365],[-4.61804,41.00017],[-4.61824,40.99745],[-4.61348,40.9883],[-4.61232,40.98655],[-4.61223,40.98282],[-4.60886,40.97365],[-4.60675,40.9708],[-4.59596,40.9658],[-4.59295,40.96591],[-4.58531,40.96308],[-4.57558,40.96065],[-4.57448,40.95982],[-4.57352,40.95851],[-4.57236,40.95587],[-4.57205,40.95578],[-4.56939,40.95666],[-4.56635,40.9562],[-4.56506,40.95238],[-4.56789,40.95083],[-4.56776,40.94543],[-4.56682,40.94545]]]}},{"type":"Feature","properties":{"COD_POSTAL":"40215"},"geometry":{"type":"Polygon","coordinates":[[[-4.31725,41.35427],[-4.30439,41.35586],[-4.30482,41.35935],[-4.33365,41.36027],[-4.34374,41.36512],[-4.34929,41.36302],[-4.37098,41.36519],[-4.37805,41.36332],[-4.38303,41.36321],[-4.38428,41.36438],[-4.38606,41.3619],[-4.38671,41.36154],[-4.38967,41.361],[-4.3911,41.36108],[-4.39486,41.36252],[-4.39703,41.36304],[-4.4,41.36293],[-4.40107,41.36255],[-4.40239,41.36282],[-4.40267,41.36208],[-4.40198,41.36193],[-4.39647,41.3588],[-4.39043,41.35049],[-4.39434,41.33357],[-4.39694,41.32394],[-4.39322,41.31916],[-4.38782,41.32113],[-4.37275,41.32418],[-4.3589,41.32472],[-4.35507,41.32929],[-4.33789,41.32669],[-4.33655,41.33134],[-4.33614,41.33358],[-4.33626,41.33527],[-4.33587,41.33613],[-4.33538,41.33974],[-4.33571,41.34424],[-4.33463,41.35092],[-4.33148,41.35203],[-4.33004,41.35223],[-4.32803,41.35211],[-4.3243,41.35149],[-4.32127,41.34961],[-4.31725,41.35427]],[[-4.36888,41.36217],[-4.36835,41.36114],[-4.36799,41.35754],[-4.36678,41.35077],[-4.37385,41.3457],[-4.3766,41.34645],[-4.37782,41.34831],[-4.38016,41.351],[-4.3809,41.35156],[-4.38194,41.35349],[-4.38598,41.35547],[-4.38639,41.35819],[-4.38149,41.36195],[-4.37894,41.36206],[-4.3772,41.36247],[-4.36888,41.36217]]]}},{"type":"Feature","properties":{"COD_POSTAL":"40152"},"geometry":{"type":"Polygon","coordinates":[[[-4.305,40.83613],[-4.30533,40.83672],[-4.30491,40.83716],[-4.30776,40.83887],[-4.30912,40.84067],[-4.31115,40.84128],[-4.31171,40.84019],[-4.31112,40.83941],[-4.31213,40.83849],[-4.31444,40.83793],[-4.31524,40.83896],[-4.31522,40.83948],[-4.31486,40.83994],[-4.31651,40.84053],[-4.31764,40.84138],[-4.3188,40.83956],[-4.31836,40.83888],[-4.31723,40.83888],[-4.31774,40.83685],[-4.31987,40.83728],[-4.32198,40.83495],[-4.32359,40.83511],[-4.32353,40.8338],[-4.32166,40.8332],[-4.32274,40.83182],[-4.32333,40.83061],[-4.32398,40.83002],[-4.32542,40.83049],[-4.32925,40.83115],[-4.3349,40.83068],[-4.33771,40.82923],[-4.3402,40.82836],[-4.33931,40.82682],[-4.34114,40.82597],[-4.34916,40.82351],[-4.35004,40.82347],[-4.35151,40.82399],[-4.35404,40.82614],[-4.3559,40.8273],[-4.35815,40.82777],[-4.36017,40.82777],[-4.36133,40.82849],[-4.36224,40.8279],[-4.35912,40.82234],[-4.35906,40.81873],[-4.35865,40.81715],[-4.35889,40.8152],[-4.36101,40.81422],[-4.36345,40.81137],[-4.36408,40.80845],[-4.36387,40.80677],[-4.36477,40.80521],[-4.36548,40.80262],[-4.36629,40.80142],[-4.36643,40.80055],[-4.36598,40.79885],[-4.36384,40.7963],[-4.3614,40.78431],[-4.36121,40.78101],[-4.36121,40.77983],[-4.36264,40.77561],[-4.36258,40.77464],[-4.36312,40.77387],[-4.3633,40.77303],[-4.36506,40.7717],[-4.35964,40.77117],[-4.35417,40.77197],[-4.35041,40.77179],[-4.34501,40.77337],[-4.34338,40.77459],[-4.33937,40.77549],[-4.33075,40.77842],[-4.32958,40.77868],[-4.32834,40.77859],[-4.3247,40.77943],[-4.32168,40.7797],[-4.319,40.77958],[-4.31614,40.78031],[-4.3136,40.78048],[-4.31309,40.78076],[-4.31222,40.7817],[-4.31187,40.78286],[-4.31063,40.78362],[-4.31134,40.78461],[-4.31163,40.78549],[-4.31173,40.78642],[-4.31129,40.78716],[-4.31035,40.78752],[-4.30857,40.78734],[-4.30858,40.79087],[-4.30716,40.79171],[-4.30593,40.79304],[-4.30528,40.79324],[-4.30301,40.79321],[-4.30233,40.79353],[-4.30004,40.79649],[-4.30266,40.79921],[-4.30391,40.80224],[-4.30382,40.80443],[-4.30535,40.80516],[-4.30709,40.80664],[-4.30696,40.80731],[-4.30487,40.80966],[-4.30389,40.81118],[-4.30318,40.81392],[-4.30544,40.81758],[-4.30763,40.81961],[-4.30823,40.82106],[-4.31003,40.82131],[-4.31058,40.82178],[-4.31123,40.82314],[-4.31175,40.82369],[-4.31374,40.82436],[-4.31397,40.82656],[-4.31382,40.82693],[-4.31266,40.82756],[-4.30836,40.82905],[-4.30804,40.83226],[-4.30776,40.83274],[-4.30416,40.83466],[-4.305,40.83613]]]}},{"type":"Feature","properties":{"COD_POSTAL":"40195"},"geometry":{"type":"Polygon","coordinates":[[[-4.06801,40.91088],[-4.06844,40.91146],[-4.06895,40.91166],[-4.07095,40.91139],[-4.07125,40.91225],[-4.07385,40.91209],[-4.07474,40.91365],[-4.07428,40.91388],[-4.0747,40.91491],[-4.07621,40.91702],[-4.07841,40.92209],[-4.08627,40.92694],[-4.08796,40.92454],[-4.09222,40.92223],[-4.09524,40.92141],[-4.10947,40.91896],[-4.1162,40.91811],[-4.12167,40.91784],[-4.12317,40.91833],[-4.12304,40.91962],[-4.12332,40.92142],[-4.12326,40.92508],[-4.12357,40.92929],[-4.12328,40.93124],[-4.12763,40.92833],[-4.13784,40.91665],[-4.14622,40.90582],[-4.14409,40.89599],[-4.14243,40.89677],[-4.13845,40.8951],[-4.13672,40.89404],[-4.1322,40.89053],[-4.13082,40.88827],[-4.13063,40.88757],[-4.12961,40.88629],[-4.13126,40.87732],[-4.13075,40.87723],[-4.13068,40.87578],[-4.12917,40.87438],[-4.12537,40.87294],[-4.12399,40.87202],[-4.12188,40.87129],[-4.12133,40.87084],[-4.12001,40.86943],[-4.11872,40.86746],[-4.11613,40.86254],[-4.11329,40.85791],[-4.11134,40.85574],[-4.10823,40.85352],[-4.10557,40.85233],[-4.10365,40.84983],[-4.09559,40.84394],[-4.09306,40.84182],[-4.09199,40.84646],[-4.08935,40.84681],[-4.0862,40.84926],[-4.0755,40.84731],[-4.07321,40.84874],[-4.06669,40.84994],[-4.06409,40.85064],[-4.06342,40.8512],[-4.06411,40.85149],[-4.06612,40.85128],[-4.06808,40.8519],[-4.07159,40.8521],[-4.07397,40.85371],[-4.07534,40.8543],[-4.07771,40.85483],[-4.08044,40.85501],[-4.0818,40.85839],[-4.08132,40.86504],[-4.08162,40.86712],[-4.08223,40.86915],[-4.08124,40.87309],[-4.0774,40.87421],[-4.06467,40.88178],[-4.06374,40.88282],[-4.06243,40.88551],[-4.06871,40.88914],[-4.07475,40.89467],[-4.07925,40.9],[-4.0763,40.9045],[-4.07283,40.90778],[-4.0679,40.91043],[-4.06801,40.91088]]]}},{"type":"Feature","properties":{"COD_POSTAL":"40004"},"geometry":{"type":"Polygon","coordinates":[[[-4.08337,40.93967],[-4.08482,40.93965],[-4.08732,40.94066],[-4.0885,40.94075],[-4.08863,40.9429],[-4.08904,40.94472],[-4.09121,40.94728],[-4.0927,40.94807],[-4.09358,40.94839],[-4.09444,40.9483],[-4.09561,40.9475],[-4.09654,40.94647],[-4.09686,40.94785],[-4.09733,40.94852],[-4.10167,40.94804],[-4.10217,40.94917],[-4.10597,40.95055],[-4.10748,40.95043],[-4.10663,40.94843],[-4.10769,40.94795],[-4.10835,40.94703],[-4.11054,40.94675],[-4.11183,40.94597],[-4.11031,40.9444],[-4.1105,40.94427],[-4.11173,40.94533],[-4.11349,40.94577],[-4.11345,40.9438],[-4.11384,40.94376],[-4.11442,40.94326],[-4.11446,40.94264],[-4.1141,40.94219],[-4.11092,40.9411],[-4.10953,40.93996],[-4.10921,40.94151],[-4.10888,40.9423],[-4.10847,40.94259],[-4.10546,40.94072],[-4.10378,40.94006],[-4.10438,40.93938],[-4.10023,40.93574],[-4.10744,40.93269],[-4.10725,40.93244],[-4.10493,40.933],[-4.10089,40.93494],[-4.09884,40.93629],[-4.09536,40.93323],[-4.08789,40.92859],[-4.0874,40.92728],[-4.08614,40.9269],[-4.07841,40.92209],[-4.0791,40.92367],[-4.07757,40.92466],[-4.07627,40.92623],[-4.07612,40.92751],[-4.07399,40.92933],[-4.07397,40.92996],[-4.07316,40.93017],[-4.07463,40.93262],[-4.07313,40.93373],[-4.07634,40.93446],[-4.07644,40.93582],[-4.07695,40.93614],[-4.07823,40.93563],[-4.0795,40.93805],[-4.07972,40.93814],[-4.08107,40.93751],[-4.08336,40.93826],[-4.08337,40.93967]]]}},{"type":"Feature","properties":{"COD_POSTAL":"40391"},"geometry":{"type":"Polygon","coordinates":[[[-4.17454,41.01659],[-4.17449,41.01544],[-4.17144,41.0114],[-4.17057,41.01073],[-4.1664,41.00826],[-4.1624,41.00732],[-4.15982,41.00947],[-4.15715,41.00939],[-4.15419,41.01056],[-4.15113,41.01083],[-4.14974,41.01287],[-4.1485,41.01284],[-4.14704,41.01347],[-4.1451,41.01393],[-4.14402,41.01553],[-4.14265,41.01636],[-4.1426,41.01796],[-4.14033,41.01965],[-4.13798,41.02194],[-4.13796,41.02278],[-4.13763,41.02352],[-4.1366,41.02443],[-4.13529,41.02438],[-4.1321,41.02531],[-4.13403,41.02537],[-4.13404,41.02726],[-4.13482,41.02859],[-4.1344,41.03147],[-4.13341,41.03247],[-4.13354,41.03369],[-4.13458,41.03376],[-4.13397,41.0364],[-4.13562,41.03701],[-4.13593,41.03813],[-4.13576,41.04161],[-4.13784,41.0448],[-4.13723,41.04657],[-4.13728,41.04791],[-4.14118,41.04679],[-4.14576,41.0451],[-4.14884,41.04347],[-4.15204,41.04241],[-4.15192,41.03986],[-4.15237,41.03912],[-4.15949,41.03036],[-4.15983,41.02525],[-4.16093,41.02525],[-4.16136,41.02565],[-4.16283,41.02607],[-4.1645,41.02607],[-4.16767,41.02593],[-4.17077,41.02511],[-4.17075,41.02253],[-4.17319,41.02029],[-4.17263,41.01832],[-4.17455,41.01687],[-4.17454,41.01659]]]}},{"type":"Feature","properties":{"COD_POSTAL":"40331"},"geometry":{"type":"Polygon","coordinates":[[[-3.90402,41.32803],[-3.90387,41.32768],[-3.90545,41.32596],[-3.90479,41.32465],[-3.89925,41.31906],[-3.89948,41.31788],[-3.899,41.31718],[-3.89332,41.31469],[-3.89193,41.31362],[-3.88815,41.31266],[-3.88655,41.31121],[-3.88229,41.3106],[-3.88036,41.31139],[-3.87954,41.31222],[-3.87856,41.3126],[-3.87774,41.31359],[-3.8759,41.31342],[-3.87362,41.31383],[-3.87478,41.31437],[-3.87408,41.31607],[-3.87078,41.31733],[-3.86755,41.31904],[-3.86654,41.31971],[-3.86552,41.32179],[-3.86301,41.32281],[-3.85766,41.32369],[-3.85541,41.32451],[-3.85481,41.32746],[-3.85425,41.32747],[-3.8537,41.32618],[-3.85279,41.32582],[-3.85007,41.32647],[-3.84845,41.32575],[-3.84581,41.32606],[-3.84551,41.32574],[-3.84278,41.32637],[-3.85816,41.33349],[-3.86008,41.33522],[-3.86913,41.34013],[-3.87199,41.3412],[-3.8752,41.34198],[-3.87934,41.34255],[-3.88133,41.3442],[-3.88254,41.34585],[-3.88344,41.34765],[-3.88536,41.34891],[-3.88396,41.35008],[-3.88149,41.35083],[-3.87736,41.35406],[-3.87027,41.35376],[-3.85713,41.35558],[-3.85426,41.35453],[-3.84919,41.35556],[-3.84262,41.35751],[-3.83123,41.35241],[-3.8109,41.34851],[-3.80838,41.34778],[-3.8061,41.34852],[-3.80545,41.35068],[-3.80674,41.35867],[-3.79738,41.36701],[-3.79843,41.37184],[-3.80135,41.37817],[-3.80166,41.37996],[-3.80657,41.37962],[-3.8082,41.38059],[-3.81537,41.38197],[-3.82693,41.38252],[-3.83263,41.38365],[-3.8327,41.38128],[-3.84718,41.37614],[-3.84917,41.37685],[-3.8505,41.37762],[-3.85355,41.37654],[-3.85571,41.37746],[-3.85879,41.3801],[-3.86159,41.38119],[-3.86402,41.38262],[-3.87084,41.38566],[-3.87575,41.38571],[-3.87974,41.38836],[-3.88327,41.3914],[-3.88792,41.39496],[-3.89027,41.39613],[-3.88975,41.39716],[-3.89276,41.39614],[-3.89417,41.39536],[-3.89664,41.39271],[-3.90129,41.38933],[-3.90205,41.38632],[-3.90442,41.38468],[-3.90776,41.37829],[-3.91283,41.37484],[-3.91718,41.36574],[-3.91934,41.36052],[-3.92496,41.35803],[-3.92764,41.35718],[-3.9367,41.35562],[-3.9407,41.35348],[-3.95044,41.35311],[-3.95529,41.35371],[-3.96276,41.35513],[-3.96837,41.35481],[-3.97409,41.35022],[-3.97834,41.34645],[-3.9814,41.34562],[-3.98507,41.33962],[-4.00365,41.33287],[-4.01043,41.31723],[-4.00246,41.31682],[-4.00345,41.31825],[-3.98573,41.31811],[-3.98553,41.31847],[-3.98376,41.31855],[-3.98327,41.32348],[-3.97041,41.32801],[-3.96557,41.33023],[-3.96747,41.33232],[-3.96417,41.33341],[-3.9612,41.33393],[-3.95179,41.33487],[-3.95103,41.33358],[-3.94919,41.33144],[-3.94834,41.33188],[-3.94338,41.33],[-3.94059,41.3293],[-3.93694,41.32937],[-3.9364,41.32964],[-3.93547,41.32927],[-3.93493,41.32961],[-3.93311,41.32835],[-3.93083,41.32753],[-3.92541,41.32633],[-3.92375,41.32629],[-3.9226,41.32591],[-3.92166,41.32627],[-3.91296,41.32307],[-3.91143,41.325],[-3.90567,41.32795],[-3.90402,41.32803]]]}},{"type":"Feature","properties":{"COD_POSTAL":"40134"},"geometry":{"type":"Polygon","coordinates":[[[-4.40949,40.92242],[-4.40787,40.92348],[-4.40803,40.92567],[-4.40927,40.92863],[-4.40977,40.92882],[-4.40986,40.92909],[-4.40954,40.92945],[-4.41034,40.9295],[-4.41048,40.92993],[-4.4114,40.93015],[-4.41167,40.93057],[-4.41078,40.93142],[-4.40883,40.93262],[-4.40519,40.93211],[-4.39947,40.93183],[-4.39943,40.93228],[-4.39786,40.93335],[-4.39721,40.93338],[-4.39718,40.9339],[-4.3951,40.93386],[-4.39472,40.93463],[-4.39355,40.93444],[-4.39394,40.93681],[-4.39327,40.93788],[-4.39182,40.93916],[-4.39072,40.9397],[-4.38868,40.94024],[-4.38786,40.93955],[-4.38613,40.9422],[-4.38646,40.94305],[-4.38591,40.94394],[-4.38737,40.94563],[-4.38384,40.94707],[-4.38321,40.94678],[-4.37376,40.95073],[-4.3705,40.95157],[-4.36942,40.95327],[-4.36909,40.95443],[-4.37408,40.95279],[-4.37458,40.9531],[-4.37542,40.95455],[-4.37811,40.95799],[-4.37904,40.96007],[-4.38417,40.9663],[-4.38529,40.96608],[-4.3855,40.96671],[-4.38778,40.96831],[-4.38831,40.96918],[-4.38957,40.96922],[-4.3935,40.96634],[-4.39847,40.96383],[-4.4005,40.96594],[-4.40576,40.96879],[-4.40772,40.96879],[-4.40784,40.96987],[-4.40882,40.96994],[-4.4091,40.97094],[-4.41001,40.97084],[-4.40984,40.9699],[-4.41124,40.96862],[-4.41354,40.96846],[-4.4177,40.9687],[-4.42232,40.96722],[-4.42384,40.96511],[-4.42677,40.96495],[-4.42664,40.96307],[-4.42775,40.96139],[-4.42763,40.95967],[-4.42928,40.95878],[-4.42868,40.95772],[-4.42866,40.9569],[-4.42918,40.95715],[-4.42979,40.95823],[-4.43098,40.95895],[-4.4363,40.95756],[-4.44009,40.9569],[-4.44475,40.95538],[-4.44661,40.95704],[-4.44873,40.95835],[-4.44988,40.95875],[-4.4511,40.95802],[-4.4527,40.95815],[-4.4532,40.9584],[-4.45504,40.95988],[-4.45396,40.9622],[-4.4558,40.96356],[-4.4579,40.96422],[-4.45924,40.96552],[-4.46245,40.96619],[-4.46414,40.96738],[-4.46376,40.96498],[-4.46532,40.96312],[-4.46869,40.9641],[-4.4693,40.96372],[-4.4704,40.9618],[-4.46863,40.96063],[-4.46775,40.95928],[-4.46865,40.95863],[-4.46831,40.95814],[-4.46976,40.95554],[-4.46934,40.95474],[-4.47022,40.95365],[-4.47127,40.95382],[-4.47217,40.95276],[-4.47157,40.95124],[-4.47234,40.95069],[-4.47252,40.94975],[-4.47549,40.94796],[-4.47711,40.94663],[-4.47752,40.94483],[-4.42232,40.93193],[-4.41125,40.92174],[-4.40949,40.92242]]]}},{"type":"Feature","properties":{"COD_POSTAL":"40466"},"geometry":{"type":"MultiPolygon","coordinates":[[[[-4.61285,41.09915],[-4.61073,41.09878],[-4.60211,41.10226],[-4.60085,41.10229],[-4.59638,41.1012],[-4.59363,41.1018],[-4.59183,41.10151],[-4.58602,41.10252],[-4.58137,41.10388],[-4.57957,41.10479],[-4.57798,41.10602],[-4.57564,41.10674],[-4.57127,41.10932],[-4.5728,41.11167],[-4.57468,41.11541],[-4.57594,41.11951],[-4.57759,41.1225],[-4.57897,41.12354],[-4.58082,41.12449],[-4.58329,41.12513],[-4.58604,41.1221],[-4.58767,41.12125],[-4.58919,41.12009],[-4.59229,41.11712],[-4.59475,41.11532],[-4.59641,41.11336],[-4.59776,41.11222],[-4.60211,41.11164],[-4.60669,41.11071],[-4.60846,41.11013],[-4.61999,41.11027],[-4.62091,41.10532],[-4.62227,41.10258],[-4.62426,41.1005],[-4.61285,41.09915]]],[[[-4.6505,41.05694],[-4.64914,41.05756],[-4.65004,41.05848],[-4.65028,41.06118],[-4.6422,41.06289],[-4.63511,41.06375],[-4.63022,41.06485],[-4.63088,41.06714],[-4.63224,41.07045],[-4.63299,41.07356],[-4.6319,41.07702],[-4.6343,41.07868],[-4.63706,41.07873],[-4.6383,41.07893],[-4.6391,41.07941],[-4.6386,41.07985],[-4.6373,41.07921],[-4.6364,41.07905],[-4.63467,41.07935],[-4.63176,41.07823],[-4.63094,41.08018],[-4.62868,41.08094],[-4.62699,41.0839],[-4.62591,41.08412],[-4.62672,41.08705],[-4.62706,41.09132],[-4.62611,41.09469],[-4.62897,41.0971],[-4.63068,41.09895],[-4.63382,41.0982],[-4.63962,41.10029],[-4.64312,41.09907],[-4.64625,41.1014],[-4.64807,41.10241],[-4.6504,41.1033],[-4.65117,41.10539],[-4.65286,41.10502],[-4.66005,41.11053],[-4.66363,41.11068],[-4.67186,41.10693],[-4.67545,41.10754],[-4.67962,41.10981],[-4.68092,41.10592],[-4.68187,41.10539],[-4.68162,41.10343],[-4.68237,41.10079],[-4.68623,41.09717],[-4.68553,41.09451],[-4.68571,41.09343],[-4.68932,41.09161],[-4.69034,41.09036],[-4.6923,41.08864],[-4.69554,41.08764],[-4.69661,41.08788],[-4.69903,41.08917],[-4.70044,41.08906],[-4.70203,41.08986],[-4.70476,41.09056],[-4.70715,41.08878],[-4.70906,41.08537],[-4.71241,41.08382],[-4.71347,41.08303],[-4.71464,41.07893],[-4.71504,41.07633],[-4.71471,41.07466],[-4.71498,41.07304],[-4.71651,41.07159],[-4.71425,41.06709],[-4.71319,41.06294],[-4.71272,41.0621],[-4.70778,41.05775],[-4.70604,41.05583],[-4.70541,41.05425],[-4.70322,41.05243],[-4.70205,41.05295],[-4.70024,41.05191],[-4.69926,41.05178],[-4.69564,41.05232],[-4.68802,41.05217],[-4.68123,41.05121],[-4.68011,41.05092],[-4.67344,41.04763],[-4.66775,41.04536],[-4.66564,41.04529],[-4.66353,41.04357],[-4.65959,41.04149],[-4.65974,41.0429],[-4.65947,41.04427],[-4.65967,41.04489],[-4.65405,41.04638],[-4.65301,41.04861],[-4.65131,41.04906],[-4.65067,41.04951],[-4.65027,41.05013],[-4.65089,41.0549],[-4.65009,41.05558],[-4.6505,41.05694]]]]}},{"type":"Feature","properties":{"COD_POSTAL":"40517"},"geometry":{"type":"Polygon","coordinates":[[[-3.53939,41.34549],[-3.53882,41.34689],[-3.54035,41.34738],[-3.53745,41.35041],[-3.5355,41.35312],[-3.53274,41.35554],[-3.5294,41.35973],[-3.52755,41.36124],[-3.52572,41.36398],[-3.53215,41.37062],[-3.53596,41.3753],[-3.53696,41.37691],[-3.53967,41.38003],[-3.541,41.38145],[-3.54483,41.3846],[-3.54777,41.38812],[-3.54862,41.38955],[-3.55145,41.38848],[-3.55165,41.38814],[-3.55137,41.38716],[-3.55092,41.38669],[-3.54649,41.38419],[-3.54841,41.37932],[-3.54934,41.37795],[-3.54992,41.37845],[-3.55173,41.37891],[-3.55581,41.38148],[-3.55671,41.38118],[-3.55742,41.38168],[-3.56978,41.37745],[-3.57554,41.37481],[-3.58118,41.36948],[-3.58117,41.3642],[-3.58966,41.35965],[-3.59215,41.35953],[-3.59384,41.35854],[-3.59193,41.35705],[-3.59121,41.35618],[-3.5912,41.35557],[-3.59279,41.35166],[-3.59339,41.34934],[-3.58992,41.34182],[-3.58863,41.34106],[-3.58574,41.34071],[-3.57576,41.33659],[-3.57356,41.33402],[-3.57203,41.33154],[-3.57015,41.32213],[-3.56758,41.31959],[-3.56609,41.32187],[-3.5644,41.32311],[-3.56095,41.32494],[-3.55893,41.32119],[-3.55692,41.32125],[-3.55475,41.32023],[-3.55179,41.31935],[-3.54938,41.31886],[-3.54555,41.3196],[-3.54371,41.32015],[-3.54337,41.32048],[-3.54024,41.32046],[-3.539,41.32127],[-3.53657,41.32068],[-3.53332,41.31902],[-3.52898,41.31577],[-3.52702,41.31633],[-3.52783,41.32025],[-3.52756,41.32343],[-3.52845,41.3259],[-3.52852,41.32732],[-3.52839,41.32905],[-3.52777,41.32897],[-3.52668,41.33062],[-3.52716,41.33348],[-3.52743,41.33412],[-3.52905,41.33491],[-3.53093,41.33696],[-3.53319,41.33835],[-3.53433,41.34182],[-3.53583,41.34441],[-3.53754,41.34627],[-3.53875,41.34586],[-3.53939,41.34549]]]}},{"type":"Feature","properties":{"COD_POSTAL":"40396"},"geometry":{"type":"Polygon","coordinates":[[[-4.01935,41.23328],[-4.01926,41.23427],[-4.01666,41.2334],[-4.01771,41.23286],[-4.01752,41.23266],[-4.01501,41.23261],[-4.01577,41.2338],[-4.01528,41.23444],[-4.01417,41.23466],[-4.01271,41.23193],[-4.01164,41.23179],[-4.00969,41.23275],[-4.00874,41.23266],[-4.00811,41.23211],[-4.00794,41.23146],[-4.00907,41.23083],[-4.00907,41.23048],[-4.00876,41.22953],[-4.00779,41.22901],[-4.00719,41.22831],[-4.00681,41.22835],[-4.00659,41.22908],[-4.0058,41.22918],[-4.00539,41.22968],[-4.00447,41.22962],[-4.00414,41.22875],[-4.00351,41.22839],[-4.00241,41.22854],[-4.00138,41.22771],[-3.99901,41.22835],[-3.99364,41.22562],[-3.99334,41.22513],[-3.99139,41.22445],[-3.99069,41.2236],[-3.99079,41.22318],[-3.99113,41.22293],[-3.99291,41.22269],[-3.99306,41.22231],[-3.99282,41.22173],[-3.99155,41.22212],[-3.99,41.22203],[-3.98949,41.22108],[-3.98857,41.22096],[-3.9882,41.22043],[-3.98839,41.21899],[-3.98924,41.21795],[-3.98919,41.21742],[-3.98952,41.21668],[-3.98922,41.21608],[-3.98947,41.21545],[-3.98916,41.21488],[-3.99081,41.21521],[-3.99151,41.21465],[-3.99117,41.21277],[-3.99028,41.21225],[-3.98859,41.21249],[-3.98797,41.21154],[-3.98637,41.21093],[-3.98615,41.21072],[-3.98656,41.20976],[-3.98634,41.20937],[-3.98466,41.20861],[-3.98448,41.20793],[-3.98072,41.20452],[-3.97942,41.20471],[-3.9791,41.20581],[-3.97864,41.20541],[-3.97721,41.20555],[-3.97724,41.20509],[-3.9778,41.20472],[-3.97766,41.20394],[-3.97476,41.20403],[-3.97441,41.20379],[-3.97395,41.20397],[-3.97254,41.20314],[-3.97177,41.20408],[-3.96908,41.20308],[-3.96889,41.2037],[-3.96826,41.20392],[-3.96752,41.20394],[-3.9669,41.20364],[-3.96632,41.20412],[-3.96518,41.2042],[-3.96477,41.20376],[-3.96435,41.20374],[-3.96396,41.20432],[-3.96257,41.20266],[-3.96342,41.20091],[-3.96426,41.20092],[-3.96432,41.1996],[-3.96383,41.19973],[-3.96323,41.1986],[-3.96267,41.19871],[-3.962,41.19936],[-3.96091,41.19929],[-3.95886,41.20156],[-3.95336,41.20406],[-3.95203,41.20599],[-3.95074,41.20682],[-3.9499,41.20811],[-3.94805,41.20897],[-3.9455,41.20815],[-3.94218,41.20764],[-3.94097,41.20472],[-3.9393,41.20315],[-3.93825,41.2008],[-3.9369,41.19993],[-3.93627,41.19982],[-3.9333,41.20063],[-3.9278,41.2062],[-3.92701,41.20737],[-3.92657,41.2087],[-3.91325,41.21878],[-3.9101,41.22139],[-3.90486,41.22637],[-3.90103,41.22472],[-3.89491,41.2225],[-3.88624,41.21828],[-3.88615,41.21862],[-3.88652,41.21988],[-3.88633,41.22092],[-3.88722,41.22183],[-3.88588,41.22537],[-3.88659,41.22653],[-3.88713,41.22697],[-3.88942,41.22793],[-3.89083,41.23003],[-3.89333,41.23052],[-3.89733,41.23239],[-3.9011,41.2373],[-3.90269,41.23782],[-3.90583,41.24038],[-3.91016,41.24341],[-3.91408,41.244],[-3.92105,41.24579],[-3.92187,41.2453],[-3.93021,41.24472],[-3.94173,41.24478],[-3.94327,41.24358],[-3.94653,41.24175],[-3.94994,41.24014],[-3.95094,41.23993],[-3.95275,41.23853],[-3.95823,41.23609],[-3.9609,41.23592],[-3.96454,41.23489],[-3.97167,41.23414],[-3.97469,41.23345],[-3.97562,41.23335],[-3.97841,41.23376],[-3.97865,41.23515],[-3.97783,41.23942],[-3.97941,41.24181],[-3.97904,41.24237],[-3.97979,41.24255],[-3.98215,41.24067],[-3.9826,41.24058],[-3.99236,41.25099],[-3.99322,41.25156],[-3.99489,41.25209],[-3.99468,41.2552],[-3.99492,41.25567],[-4.00849,41.2607],[-4.01117,41.26288],[-4.01087,41.26142],[-4.01118,41.26012],[-4.01356,41.25476],[-4.01334,41.25174],[-4.01363,41.24951],[-4.01389,41.24867],[-4.01646,41.24417],[-4.01719,41.23898],[-4.01624,41.23723],[-4.01727,41.23629],[-4.0226,41.23554],[-4.02493,41.23623],[-4.03547,41.23834],[-4.03648,41.23895],[-4.03756,41.24006],[-4.03875,41.24032],[-4.04074,41.24027],[-4.04172,41.23862],[-4.04111,41.23789],[-4.04041,41.23756],[-4.03916,41.23743],[-4.03822,41.23629],[-4.03694,41.23605],[-4.03587,41.23551],[-4.03417,41.23574],[-4.03233,41.23504],[-4.03158,41.23542],[-4.02983,41.23523],[-4.02928,41.23453],[-4.02827,41.23426],[-4.02713,41.23461],[-4.02578,41.23465],[-4.02229,41.23434],[-4.02204,41.23392],[-4.02263,41.23314],[-4.02067,41.23317],[-4.01993,41.23197],[-4.01965,41.23216],[-4.01983,41.23294],[-4.01935,41.23328]]]}},{"type":"Feature","properties":{"COD_POSTAL":"40213"},"geometry":{"type":"Polygon","coordinates":[[[-4.4023,41.39795],[-4.41325,41.40041],[-4.41349,41.41086],[-4.40482,41.41783],[-4.40997,41.42544],[-4.4314,41.4327],[-4.43252,41.43176],[-4.43188,41.43104],[-4.4343,41.43126],[-4.43484,41.43052],[-4.43058,41.42897],[-4.43061,41.42858],[-4.43118,41.42814],[-4.43323,41.4276],[-4.4344,41.42791],[-4.43635,41.42703],[-4.43777,41.42741],[-4.43876,41.42712],[-4.44077,41.42764],[-4.44313,41.42701],[-4.44264,41.42623],[-4.44339,41.42564],[-4.44602,41.42517],[-4.44819,41.42442],[-4.44943,41.4247],[-4.45025,41.42327],[-4.45119,41.42365],[-4.45302,41.42375],[-4.45296,41.42221],[-4.45347,41.4214],[-4.45457,41.42187],[-4.45556,41.4204],[-4.45715,41.42177],[-4.45874,41.42136],[-4.45938,41.42022],[-4.46366,41.41913],[-4.46255,41.41685],[-4.46342,41.41695],[-4.46594,41.41664],[-4.45074,41.39707],[-4.4541,41.38756],[-4.45819,41.38662],[-4.45681,41.38524],[-4.45601,41.3848],[-4.45293,41.3842],[-4.45215,41.38347],[-4.45156,41.38234],[-4.45295,41.38167],[-4.45174,41.38046],[-4.46108,41.37251],[-4.4624,41.37262],[-4.46727,41.37063],[-4.46552,41.37103],[-4.45983,41.36813],[-4.45726,41.36894],[-4.45468,41.36936],[-4.45056,41.3688],[-4.44818,41.3689],[-4.4427,41.36748],[-4.43635,41.36711],[-4.43554,41.36517],[-4.43477,41.36409],[-4.43331,41.36367],[-4.43116,41.36398],[-4.42634,41.36366],[-4.42537,41.36312],[-4.42413,41.36195],[-4.41998,41.36329],[-4.41918,41.36327],[-4.41736,41.36201],[-4.41448,41.36085],[-4.41346,41.36083],[-4.40657,41.36213],[-4.40267,41.36208],[-4.40239,41.36282],[-4.40107,41.36255],[-4.4,41.36293],[-4.39786,41.36307],[-4.39486,41.36252],[-4.3911,41.36108],[-4.38967,41.361],[-4.38671,41.36154],[-4.38606,41.3619],[-4.38217,41.36732],[-4.37812,41.36688],[-4.36833,41.36751],[-4.36869,41.37342],[-4.37041,41.37629],[-4.37133,41.37607],[-4.37232,41.37628],[-4.3732,41.37682],[-4.37381,41.37756],[-4.37695,41.37682],[-4.37907,41.37695],[-4.38352,41.37878],[-4.38157,41.3812],[-4.38134,41.38315],[-4.38444,41.38833],[-4.39042,41.39263],[-4.39044,41.39415],[-4.39182,41.39542],[-4.3928,41.39843],[-4.39403,41.39861],[-4.39297,41.39993],[-4.4023,41.39795]]]}},{"type":"Feature","properties":{"COD_POSTAL":"40136"},"geometry":{"type":"Polygon","coordinates":[[[-4.34419,41.10828],[-4.34882,41.10862],[-4.35282,41.10788],[-4.35433,41.10714],[-4.35604,41.10558],[-4.35752,41.10467],[-4.3612,41.10274],[-4.36333,41.09973],[-4.36466,41.09876],[-4.36714,41.09802],[-4.3702,41.09779],[-4.37414,41.09604],[-4.3768,41.09574],[-4.37954,41.0946],[-4.37967,41.09353],[-4.37901,41.0932],[-4.37856,41.09263],[-4.37683,41.08888],[-4.37544,41.08811],[-4.37286,41.08351],[-4.37311,41.08122],[-4.37476,41.07898],[-4.37429,41.07525],[-4.37808,41.0778],[-4.37939,41.07607],[-4.38072,41.07358],[-4.38196,41.07237],[-4.3839,41.0713],[-4.38949,41.07298],[-4.39162,41.07328],[-4.38968,41.06885],[-4.39447,41.06302],[-4.39821,41.06092],[-4.40978,41.05941],[-4.42012,41.06261],[-4.42092,41.06421],[-4.4217,41.06341],[-4.42379,41.0634],[-4.43331,41.0645],[-4.43682,41.06518],[-4.44,41.0654],[-4.44398,41.06472],[-4.45272,41.06447],[-4.4551,41.06209],[-4.4568,41.05896],[-4.45501,41.05538],[-4.45481,41.0538],[-4.45244,41.04793],[-4.45348,41.04356],[-4.45449,41.03716],[-4.45373,41.03595],[-4.4493,41.03172],[-4.45518,41.02757],[-4.46385,41.02087],[-4.47292,41.02214],[-4.4737,41.02195],[-4.47807,41.0181],[-4.48224,41.02046],[-4.48756,41.01777],[-4.49125,41.01549],[-4.49262,41.01501],[-4.49531,41.01456],[-4.50435,41.01118],[-4.50947,41.00713],[-4.5105,41.00558],[-4.50821,41.00125],[-4.50562,40.99742],[-4.50722,40.99499],[-4.50521,40.99348],[-4.49696,40.99048],[-4.49403,40.98506],[-4.48905,40.98515],[-4.4868,40.9837],[-4.48285,40.9837],[-4.47517,40.98065],[-4.47424,40.97767],[-4.46682,40.97456],[-4.46422,40.97196],[-4.46161,40.96593],[-4.45924,40.96552],[-4.4579,40.96422],[-4.4558,40.96356],[-4.45396,40.9622],[-4.45504,40.95988],[-4.4527,40.95815],[-4.4511,40.95802],[-4.44988,40.95875],[-4.44873,40.95835],[-4.44661,40.95704],[-4.44475,40.95538],[-4.44009,40.9569],[-4.4363,40.95756],[-4.43098,40.95895],[-4.42979,40.95823],[-4.42918,40.95715],[-4.42866,40.9569],[-4.42868,40.95772],[-4.42928,40.95878],[-4.42763,40.95967],[-4.42775,40.96139],[-4.42664,40.96307],[-4.42677,40.96495],[-4.42384,40.96511],[-4.42416,40.96767],[-4.43125,40.96936],[-4.43283,40.97535],[-4.43508,40.97475],[-4.43475,40.97828],[-4.44907,40.98948],[-4.45507,40.99872],[-4.4566,41.00439],[-4.45473,41.00719],[-4.4562,41.01453],[-4.43915,41.01238],[-4.42662,41.03734],[-4.41939,41.03971],[-4.41386,41.03711],[-4.40346,41.03542],[-4.4019,41.03763],[-4.402,41.04121],[-4.38975,41.04396],[-4.38888,41.05365],[-4.3839,41.06233],[-4.37251,41.06423],[-4.34392,41.0643],[-4.34294,41.06474],[-4.34389,41.06772],[-4.34215,41.07087],[-4.34246,41.0716],[-4.3415,41.07177],[-4.33665,41.07612],[-4.33704,41.0786],[-4.33543,41.07881],[-4.33575,41.07933],[-4.33318,41.08096],[-4.33256,41.08113],[-4.3324,41.08146],[-4.33231,41.08233],[-4.33261,41.08392],[-4.33242,41.08537],[-4.33099,41.08822],[-4.33105,41.09066],[-4.33156,41.09148],[-4.33059,41.0924],[-4.32547,41.09394],[-4.32615,41.09762],[-4.33247,41.10136],[-4.33347,41.10137],[-4.33665,41.10469],[-4.33709,41.10559],[-4.33621,41.10677],[-4.33644,41.10835],[-4.33937,41.10763],[-4.34101,41.10763],[-4.34268,41.10806],[-4.34419,41.10828]]]}},{"type":"Feature","properties":{"COD_POSTAL":"40193"},"geometry":{"type":"Polygon","coordinates":[[[-4.05021,40.9095],[-4.06034,40.91086],[-4.06262,40.90733],[-4.06417,40.90598],[-4.06502,40.90572],[-4.06597,40.90458],[-4.06606,40.90379],[-4.06463,40.90352],[-4.06396,40.90178],[-4.05758,40.90135],[-4.05421,40.90368],[-4.05272,40.90209],[-4.05054,40.90361],[-4.04925,40.90555],[-4.04708,40.90635],[-4.04792,40.90828],[-4.0473,40.90909],[-4.05021,40.9095]]]}},{"type":"Feature","properties":{"COD_POSTAL":"40163"},"geometry":{"type":"Polygon","coordinates":[[[-3.78304,41.10475],[-3.78174,41.10231],[-3.77956,41.09939],[-3.77704,41.09676],[-3.77231,41.09007],[-3.76978,41.08698],[-3.76866,41.0852],[-3.76845,41.08315],[-3.76554,41.07771],[-3.76333,41.07616],[-3.76315,41.07431],[-3.76231,41.07303],[-3.76226,41.07246],[-3.75492,41.06473],[-3.74593,41.05619],[-3.73928,41.05386],[-3.73044,41.06145],[-3.72562,41.0625],[-3.72038,41.0656],[-3.71998,41.06712],[-3.71598,41.07164],[-3.72007,41.07817],[-3.72273,41.08025],[-3.72585,41.08822],[-3.728,41.09138],[-3.72864,41.09268],[-3.73189,41.09501],[-3.73669,41.10229],[-3.74033,41.10524],[-3.74384,41.10735],[-3.74851,41.10832],[-3.75719,41.11265],[-3.75994,41.11465],[-3.76206,41.11663],[-3.76242,41.11895],[-3.76988,41.11721],[-3.77821,41.11449],[-3.78506,41.11018],[-3.78472,41.10818],[-3.78304,41.10475]]]}},{"type":"Feature","properties":{"COD_POSTAL":"40109"},"geometry":{"type":"Polygon","coordinates":[[[-4.03811,40.91035],[-4.04018,40.91003],[-4.04134,40.9096],[-4.04491,40.90727],[-4.04925,40.90555],[-4.05054,40.90361],[-4.05272,40.90209],[-4.05463,40.89916],[-4.05924,40.89019],[-4.06114,40.88816],[-4.06415,40.88219],[-4.0774,40.87421],[-4.08124,40.87309],[-4.08223,40.86915],[-4.08162,40.86712],[-4.08132,40.86504],[-4.0818,40.85839],[-4.08044,40.85501],[-4.07771,40.85483],[-4.07534,40.8543],[-4.07397,40.85371],[-4.07159,40.8521],[-4.06808,40.8519],[-4.06612,40.85128],[-4.06411,40.85149],[-4.06342,40.8512],[-4.06409,40.85064],[-4.06669,40.84994],[-4.07321,40.84874],[-4.0755,40.84731],[-4.0862,40.84926],[-4.08935,40.84681],[-4.09199,40.84646],[-4.09306,40.84182],[-4.09283,40.8391],[-4.09375,40.83752],[-4.09396,40.83175],[-4.09464,40.82841],[-4.09362,40.82564],[-4.09025,40.81962],[-4.09015,40.81768],[-4.09126,40.81392],[-4.0922,40.81297],[-4.09414,40.80998],[-4.09097,40.80795],[-4.0888,40.8071],[-4.08541,40.80613],[-4.08268,40.80569],[-4.08092,40.80468],[-4.07781,40.80218],[-4.07419,40.80074],[-4.07106,40.80003],[-4.07126,40.79797],[-4.07113,40.7963],[-4.07006,40.7938],[-4.06904,40.79321],[-4.06598,40.79319],[-4.05975,40.79217],[-4.05297,40.79054],[-4.04702,40.7903],[-4.04561,40.78911],[-4.04223,40.7838],[-4.03955,40.78418],[-4.03606,40.7835],[-4.03239,40.78159],[-4.02299,40.7815],[-4.02094,40.78114],[-4.01948,40.78128],[-4.01752,40.78224],[-4.01653,40.78238],[-4.01443,40.7832],[-4.00679,40.78801],[-4.00411,40.78835],[-4.00145,40.78845],[-3.98984,40.78552],[-3.9843,40.7859],[-3.97953,40.78449],[-3.97928,40.78549],[-3.97794,40.78779],[-3.97952,40.79201],[-3.97898,40.79711],[-3.97973,40.799],[-3.97966,40.79984],[-3.97932,40.80045],[-3.97609,40.80301],[-3.97541,40.8039],[-3.97547,40.80614],[-3.97493,40.80745],[-3.97262,40.80963],[-3.96885,40.81122],[-3.96782,40.81192],[-3.9649,40.81566],[-3.96467,40.81775],[-3.9621,40.8221],[-3.96222,40.82546],[-3.96346,40.82978],[-3.96413,40.83324],[-3.9654,40.83526],[-3.96533,40.83719],[-3.96489,40.83845],[-3.96302,40.84032],[-3.96232,40.84431],[-3.95941,40.84611],[-3.9572,40.84818],[-3.95505,40.85219],[-3.95249,40.85511],[-4.02179,40.89529],[-4.0306,40.90491],[-4.03811,40.91035]]]}},{"type":"Feature","properties":{"COD_POSTAL":"40211"},"geometry":{"type":"Polygon","coordinates":[[[-4.36719,41.37616],[-4.36737,41.38177],[-4.34841,41.39025],[-4.34888,41.40002],[-4.3553,41.41939],[-4.36205,41.42342],[-4.36549,41.42152],[-4.36713,41.42111],[-4.37665,41.42087],[-4.38415,41.41516],[-4.38932,41.41075],[-4.38956,41.40826],[-4.38774,41.40826],[-4.38425,41.40957],[-4.38345,41.40934],[-4.3836,41.40896],[-4.38816,41.40564],[-4.38697,41.40434],[-4.39079,41.40315],[-4.39045,41.4023],[-4.39286,41.40105],[-4.39297,41.39993],[-4.39403,41.39861],[-4.3928,41.39843],[-4.39182,41.39542],[-4.39044,41.39415],[-4.39042,41.39263],[-4.38444,41.38833],[-4.38134,41.38315],[-4.38157,41.3812],[-4.38352,41.37878],[-4.37907,41.37695],[-4.37695,41.37682],[-4.37381,41.37756],[-4.3732,41.37682],[-4.37232,41.37628],[-4.37133,41.37607],[-4.37041,41.37629],[-4.36956,41.37487],[-4.36719,41.37616]]]}},{"type":"Feature","properties":{"COD_POSTAL":"40001"},"geometry":{"type":"Polygon","coordinates":[[[-4.12122,40.95258],[-4.12182,40.95276],[-4.12351,40.95257],[-4.12373,40.95222],[-4.12413,40.95254],[-4.12482,40.95248],[-4.12485,40.95224],[-4.12443,40.95219],[-4.12416,40.95184],[-4.12463,40.9514],[-4.12501,40.95145],[-4.12448,40.95118],[-4.12487,40.95089],[-4.12455,40.95023],[-4.12509,40.94993],[-4.12518,40.94952],[-4.12446,40.94907],[-4.12273,40.94881],[-4.12182,40.94771],[-4.12053,40.94707],[-4.12117,40.9473],[-4.12153,40.94676],[-4.12103,40.94682],[-4.12173,40.94666],[-4.12157,40.94611],[-4.12236,40.94556],[-4.12224,40.94544],[-4.12132,40.94614],[-4.12044,40.94612],[-4.12018,40.94569],[-4.11904,40.94702],[-4.11934,40.94635],[-4.11889,40.94547],[-4.11881,40.9457],[-4.11748,40.9459],[-4.11642,40.94557],[-4.11576,40.94503],[-4.11392,40.94463],[-4.11439,40.94377],[-4.11345,40.9438],[-4.11349,40.94577],[-4.11173,40.94533],[-4.1105,40.94427],[-4.11031,40.9444],[-4.11183,40.94597],[-4.11199,40.94587],[-4.11381,40.94844],[-4.11454,40.94857],[-4.11736,40.94793],[-4.11736,40.94876],[-4.11597,40.95021],[-4.11623,40.95098],[-4.11807,40.95188],[-4.12079,40.95254],[-4.12122,40.95258]]]}},{"type":"Feature","properties":{"COD_POSTAL":"40190"},"geometry":{"type":"Polygon","coordinates":[[[-4.1312,40.99476],[-4.13113,40.99396],[-4.1296,40.98976],[-4.12954,40.98593],[-4.13268,40.98152],[-4.1312,40.98084],[-4.12613,40.98062],[-4.12308,40.98129],[-4.12003,40.98088],[-4.11719,40.97924],[-4.11429,40.9781],[-4.11183,40.98107],[-4.10995,40.98224],[-4.10858,40.98435],[-4.10488,40.98525],[-4.10475,40.98806],[-4.10326,40.99047],[-4.10377,40.99177],[-4.10169,40.99398],[-4.09816,40.99848],[-4.0971,41.00024],[-4.09642,41.0017],[-4.09634,41.0044],[-4.09587,41.00513],[-4.09725,41.00615],[-4.10049,41.00766],[-4.10198,41.00962],[-4.10544,41.01549],[-4.10606,41.02104],[-4.10664,41.02192],[-4.11215,41.01954],[-4.115,41.01569],[-4.11586,41.0152],[-4.11991,41.01746],[-4.12045,41.01791],[-4.12193,41.02008],[-4.1229,41.01849],[-4.12413,41.01753],[-4.12608,41.00704],[-4.12715,41.00525],[-4.12731,41.00364],[-4.12766,41.00314],[-4.12984,41.00171],[-4.13041,40.99911],[-4.13088,40.99821],[-4.13053,40.99727],[-4.1312,40.99476]]]}},{"type":"Feature","properties":{"COD_POSTAL":"40294"},"geometry":{"type":"MultiPolygon","coordinates":[[[[-4.23848,41.1845],[-4.23321,41.18573],[-4.23032,41.18139],[-4.22407,41.1811],[-4.21864,41.18123],[-4.21391,41.1822],[-4.2058,41.18334],[-4.20195,41.18873],[-4.19631,41.19199],[-4.19241,41.19203],[-4.18761,41.20073],[-4.1836,41.20563],[-4.18761,41.20612],[-4.19526,41.20632],[-4.20197,41.20684],[-4.20548,41.20656],[-4.2114,41.20778],[-4.22015,41.20823],[-4.23101,41.2022],[-4.23353,41.19464],[-4.23367,41.1926],[-4.23348,41.19181],[-4.234,41.19104],[-4.23597,41.19065],[-4.23716,41.1907],[-4.24231,41.18913],[-4.24652,41.19067],[-4.25683,41.18584],[-4.2553,41.18245],[-4.23848,41.1845]]],[[[-4.32534,41.18112],[-4.32353,41.18018],[-4.32006,41.17992],[-4.31858,41.1809],[-4.31791,41.18088],[-4.31635,41.17975],[-4.31521,41.17968],[-4.31338,41.17806],[-4.31177,41.17805],[-4.31049,41.17765],[-4.30936,41.17654],[-4.30964,41.17526],[-4.31013,41.17449],[-4.30932,41.17396],[-4.30797,41.17444],[-4.30546,41.17433],[-4.30379,41.17289],[-4.30257,41.17053],[-4.29872,41.17073],[-4.29912,41.16996],[-4.29952,41.16683],[-4.29952,41.16577],[-4.29918,41.16483],[-4.2972,41.16465],[-4.29631,41.16404],[-4.29318,41.16331],[-4.28931,41.16411],[-4.283,41.1644],[-4.28113,41.16804],[-4.28347,41.17124],[-4.28506,41.17535],[-4.28303,41.17606],[-4.28204,41.17679],[-4.27647,41.18192],[-4.28062,41.18317],[-4.2818,41.18391],[-4.29283,41.19467],[-4.29506,41.19647],[-4.2972,41.19699],[-4.29853,41.19696],[-4.3012,41.19635],[-4.30655,41.19801],[-4.31392,41.19842],[-4.31779,41.19634],[-4.31989,41.19396],[-4.32366,41.19184],[-4.32915,41.18959],[-4.32924,41.18875],[-4.3287,41.18833],[-4.32885,41.18669],[-4.32939,41.18564],[-4.32677,41.18382],[-4.32597,41.18196],[-4.32534,41.18112]]]]}},{"type":"Feature","properties":{"COD_POSTAL":"40430"},"geometry":{"type":"Polygon","coordinates":[[[-4.35357,41.1238],[-4.34848,41.12114],[-4.34503,41.11896],[-4.34225,41.11908],[-4.33883,41.11795],[-4.33604,41.11738],[-4.33853,41.11341],[-4.33849,41.11145],[-4.34098,41.10919],[-4.34101,41.10763],[-4.33937,41.10763],[-4.33644,41.10835],[-4.33621,41.10677],[-4.33709,41.10559],[-4.33579,41.10362],[-4.33347,41.10137],[-4.33247,41.10136],[-4.33135,41.10077],[-4.32873,41.1039],[-4.32559,41.10245],[-4.32093,41.10263],[-4.31439,41.10137],[-4.3106,41.10536],[-4.30977,41.1052],[-4.30772,41.10808],[-4.30659,41.10859],[-4.30711,41.1133],[-4.3089,41.11587],[-4.30949,41.11715],[-4.31101,41.11886],[-4.31129,41.11972],[-4.31096,41.12019],[-4.31059,41.12028],[-4.30809,41.12017],[-4.30694,41.12047],[-4.30678,41.12077],[-4.30718,41.12198],[-4.30875,41.12359],[-4.30997,41.1241],[-4.30707,41.12583],[-4.30685,41.1263],[-4.30736,41.1269],[-4.30806,41.12704],[-4.30872,41.12673],[-4.30957,41.12571],[-4.31016,41.12541],[-4.31107,41.12563],[-4.31159,41.12601],[-4.31177,41.12634],[-4.31089,41.12847],[-4.31166,41.13017],[-4.31202,41.13294],[-4.31186,41.13381],[-4.31232,41.13609],[-4.31281,41.13673],[-4.31438,41.13692],[-4.31462,41.13717],[-4.3141,41.13953],[-4.31421,41.13999],[-4.31502,41.14091],[-4.31674,41.14471],[-4.31919,41.14859],[-4.31821,41.14939],[-4.32173,41.15164],[-4.32732,41.16179],[-4.32986,41.16325],[-4.33119,41.16473],[-4.33053,41.16693],[-4.32761,41.17083],[-4.32851,41.1715],[-4.33357,41.17136],[-4.34683,41.17191],[-4.35387,41.17265],[-4.36085,41.17997],[-4.36874,41.17379],[-4.37155,41.17291],[-4.37266,41.17201],[-4.37331,41.17122],[-4.3739,41.1686],[-4.37492,41.16693],[-4.37639,41.16551],[-4.37969,41.16096],[-4.38485,41.15904],[-4.38516,41.15648],[-4.38381,41.1567],[-4.38335,41.15602],[-4.38193,41.15596],[-4.38059,41.15549],[-4.37479,41.15299],[-4.37296,41.15159],[-4.37022,41.14817],[-4.36016,41.13785],[-4.35969,41.13455],[-4.35914,41.13245],[-4.35818,41.13105],[-4.36024,41.12903],[-4.35901,41.12525],[-4.3557,41.12326],[-4.35357,41.1238]]]}},{"type":"Feature","properties":{"COD_POSTAL":"40200"},"geometry":{"type":"Polygon","coordinates":[[[-4.26744,41.45942],[-4.27013,41.46127],[-4.27415,41.4579],[-4.28327,41.45882],[-4.2842,41.45876],[-4.28547,41.45817],[-4.28781,41.45825],[-4.29018,41.45528],[-4.29099,41.45502],[-4.29415,41.45498],[-4.29678,41.456],[-4.30004,41.45772],[-4.30063,41.45772],[-4.30083,41.45742],[-4.30506,41.45692],[-4.30915,41.45556],[-4.3135,41.45511],[-4.31922,41.45332],[-4.31899,41.45131],[-4.32043,41.44843],[-4.32398,41.44679],[-4.3277,41.44575],[-4.32725,41.44514],[-4.32786,41.44479],[-4.33093,41.44528],[-4.33168,41.44498],[-4.33397,41.44654],[-4.33554,41.44816],[-4.33745,41.44897],[-4.3408,41.44908],[-4.34325,41.44815],[-4.34572,41.44856],[-4.34668,41.44808],[-4.34845,41.45051],[-4.34944,41.44997],[-4.3515,41.44964],[-4.35789,41.4492],[-4.36239,41.44993],[-4.36256,41.44865],[-4.36227,41.44746],[-4.36259,41.44715],[-4.36135,41.44466],[-4.36493,41.43888],[-4.36491,41.436],[-4.36199,41.43358],[-4.36213,41.4308],[-4.36114,41.42428],[-4.36205,41.42342],[-4.3553,41.41939],[-4.34888,41.40002],[-4.34841,41.39025],[-4.36737,41.38177],[-4.36719,41.37616],[-4.36956,41.37487],[-4.36869,41.37342],[-4.36833,41.36751],[-4.37812,41.36688],[-4.38217,41.36732],[-4.38428,41.36438],[-4.38303,41.36321],[-4.37805,41.36332],[-4.37098,41.36519],[-4.34929,41.36302],[-4.34374,41.36512],[-4.33365,41.36027],[-4.30482,41.35935],[-4.30439,41.35586],[-4.31725,41.35427],[-4.32127,41.34961],[-4.31964,41.34875],[-4.31613,41.34765],[-4.31487,41.34732],[-4.31286,41.34725],[-4.31109,41.34667],[-4.30559,41.34417],[-4.30442,41.34486],[-4.30183,41.34492],[-4.30015,41.34457],[-4.29528,41.34439],[-4.29509,41.34296],[-4.29303,41.34147],[-4.29146,41.33956],[-4.28795,41.33695],[-4.28627,41.33693],[-4.28042,41.3347],[-4.27878,41.33497],[-4.27711,41.33443],[-4.27512,41.33418],[-4.27339,41.33436],[-4.26425,41.33066],[-4.2587,41.32792],[-4.25477,41.3264],[-4.24966,41.32536],[-4.24579,41.3255],[-4.24426,41.32531],[-4.2411,41.32421],[-4.24005,41.32499],[-4.23618,41.32316],[-4.23629,41.32104],[-4.23526,41.32188],[-4.23504,41.321],[-4.2358,41.32085],[-4.23445,41.32011],[-4.23413,41.31905],[-4.23451,41.31826],[-4.23632,41.31879],[-4.23646,41.31812],[-4.23531,41.31754],[-4.23495,41.31688],[-4.23418,41.31745],[-4.23245,41.31616],[-4.23189,41.31376],[-4.23291,41.31315],[-4.23549,41.31412],[-4.24293,41.31458],[-4.24959,41.31388],[-4.25141,41.31044],[-4.25234,41.31097],[-4.25377,41.31114],[-4.25667,41.3101],[-4.25901,41.30783],[-4.25817,41.30577],[-4.25398,41.30193],[-4.25492,41.29965],[-4.25328,41.29886],[-4.25279,41.29828],[-4.25137,41.29536],[-4.24385,41.29265],[-4.24365,41.2912],[-4.23885,41.28847],[-4.24081,41.2858],[-4.24369,41.2849],[-4.24868,41.2892],[-4.24741,41.28601],[-4.24325,41.28154],[-4.24501,41.27829],[-4.24779,41.27627],[-4.25079,41.27615],[-4.2571,41.27082],[-4.25551,41.26197],[-4.24728,41.26026],[-4.24456,41.26015],[-4.23994,41.25781],[-4.23274,41.2568],[-4.23147,41.25605],[-4.22958,41.25708],[-4.22809,41.25845],[-4.22588,41.25937],[-4.22345,41.25998],[-4.22023,41.26136],[-4.21978,41.263],[-4.22046,41.26488],[-4.22034,41.26783],[-4.21973,41.27057],[-4.21632,41.27263],[-4.21243,41.2746],[-4.20118,41.27445],[-4.19549,41.27744],[-4.1933,41.27796],[-4.18761,41.27774],[-4.18233,41.2781],[-4.17793,41.27804],[-4.17595,41.27745],[-4.17457,41.2774],[-4.15469,41.27419],[-4.15001,41.27892],[-4.14662,41.28108],[-4.14584,41.28193],[-4.14756,41.28287],[-4.14781,41.28345],[-4.14734,41.28436],[-4.1476,41.28505],[-4.14903,41.28612],[-4.1525,41.29018],[-4.15528,41.2919],[-4.15565,41.29292],[-4.15509,41.29418],[-4.15534,41.29481],[-4.15691,41.29559],[-4.15787,41.29531],[-4.15856,41.29539],[-4.15963,41.29667],[-4.16108,41.29755],[-4.16122,41.29829],[-4.16103,41.29946],[-4.16312,41.30038],[-4.16418,41.30025],[-4.16736,41.29893],[-4.16916,41.29848],[-4.17014,41.29857],[-4.16993,41.30374],[-4.172,41.30631],[-4.17346,41.30715],[-4.1749,41.30727],[-4.17705,41.3056],[-4.17805,41.30558],[-4.18018,41.30705],[-4.18196,41.3078],[-4.18376,41.30822],[-4.18402,41.30874],[-4.18367,41.3103],[-4.18598,41.31185],[-4.18604,41.31221],[-4.18343,41.31379],[-4.17685,41.31689],[-4.16976,41.31876],[-4.1633,41.32033],[-4.15687,41.32157],[-4.15422,41.32245],[-4.14649,41.32244],[-4.15099,41.32426],[-4.15547,41.32473],[-4.15617,41.32515],[-4.15873,41.32796],[-4.16081,41.32982],[-4.16588,41.33065],[-4.16698,41.33102],[-4.17603,41.33533],[-4.17717,41.33716],[-4.17858,41.34217],[-4.18563,41.3422],[-4.18988,41.34303],[-4.19189,41.34451],[-4.19371,41.34676],[-4.19801,41.34916],[-4.20419,41.35179],[-4.20762,41.35234],[-4.20999,41.34937],[-4.22377,41.35194],[-4.22443,41.35804],[-4.22581,41.35849],[-4.23193,41.35783],[-4.23355,41.359],[-4.23737,41.37004],[-4.2456,41.38131],[-4.25348,41.38288],[-4.25455,41.38741],[-4.25673,41.3869],[-4.25927,41.39149],[-4.25606,41.39665],[-4.28636,41.39974],[-4.2884,41.40754],[-4.28487,41.41314],[-4.27031,41.41792],[-4.26158,41.41802],[-4.26332,41.42666],[-4.26255,41.43047],[-4.26543,41.43106],[-4.25347,41.44083],[-4.26086,41.44498],[-4.26203,41.44719],[-4.2611,41.45059],[-4.26369,41.45439],[-4.26438,41.4562],[-4.26503,41.45702],[-4.26662,41.45825],[-4.26744,41.45942]]]}},{"type":"Feature","properties":{"COD_POSTAL":"40292"},"geometry":{"type":"Polygon","coordinates":[[[-4.1649,41.16466],[-4.15672,41.1568],[-4.15281,41.15747],[-4.15015,41.15997],[-4.15194,41.16477],[-4.14942,41.17066],[-4.14483,41.1744],[-4.14519,41.17474],[-4.14395,41.17697],[-4.14097,41.18008],[-4.14046,41.18185],[-4.13863,41.18575],[-4.13847,41.18786],[-4.13891,41.1928],[-4.13831,41.19198],[-4.13566,41.18976],[-4.12982,41.18684],[-4.12528,41.19235],[-4.12163,41.1873],[-4.11849,41.19354],[-4.11753,41.19923],[-4.12875,41.20562],[-4.13366,41.20698],[-4.13871,41.20773],[-4.14052,41.20838],[-4.14369,41.20895],[-4.15364,41.20733],[-4.15421,41.20655],[-4.15967,41.20827],[-4.16756,41.20396],[-4.17921,41.204],[-4.1836,41.20563],[-4.18761,41.20073],[-4.19241,41.19203],[-4.19631,41.19199],[-4.20195,41.18873],[-4.2058,41.18334],[-4.21391,41.1822],[-4.21864,41.18123],[-4.22407,41.1811],[-4.23032,41.18139],[-4.23321,41.18573],[-4.23848,41.1845],[-4.2553,41.18245],[-4.2554,41.18198],[-4.24868,41.17914],[-4.24257,41.17954],[-4.24142,41.17927],[-4.24073,41.17869],[-4.23825,41.17803],[-4.23768,41.17742],[-4.23324,41.17967],[-4.23145,41.17989],[-4.22716,41.17967],[-4.22522,41.18002],[-4.22346,41.17982],[-4.21799,41.18026],[-4.21495,41.18112],[-4.21192,41.18236],[-4.20585,41.18245],[-4.20111,41.17753],[-4.20218,41.17305],[-4.1997,41.17194],[-4.19855,41.17112],[-4.19624,41.17074],[-4.19428,41.17073],[-4.1876,41.16736],[-4.18466,41.16685],[-4.18014,41.16527],[-4.1748,41.16992],[-4.17182,41.16929],[-4.17378,41.16529],[-4.17064,41.16339],[-4.1649,41.16466]]]}},{"type":"Feature","properties":{"COD_POSTAL":"40197"},"geometry":{"type":"Polygon","coordinates":[[[-4.05811,40.94988],[-4.05857,40.95084],[-4.05788,40.95257],[-4.05825,40.95419],[-4.05753,40.95451],[-4.05734,40.95494],[-4.05423,40.95665],[-4.05437,40.95795],[-4.05411,40.96262],[-4.0546,40.96348],[-4.05591,40.96467],[-4.05679,40.96728],[-4.058,40.9677],[-4.05939,40.96907],[-4.06027,40.96942],[-4.06154,40.96933],[-4.06219,40.96864],[-4.06207,40.96765],[-4.06115,40.96535],[-4.06284,40.96287],[-4.06329,40.96254],[-4.06815,40.96089],[-4.07097,40.96117],[-4.07338,40.96081],[-4.07602,40.96089],[-4.07626,40.95968],[-4.07781,40.95941],[-4.07801,40.95996],[-4.07918,40.96],[-4.0817,40.96162],[-4.08492,40.96149],[-4.08535,40.9613],[-4.08457,40.95875],[-4.08609,40.9585],[-4.08665,40.95756],[-4.08676,40.95646],[-4.08857,40.95542],[-4.09028,40.9554],[-4.0904,40.95459],[-4.0913,40.95432],[-4.09224,40.95468],[-4.09319,40.95406],[-4.09547,40.95519],[-4.09518,40.95547],[-4.09648,40.95678],[-4.09735,40.95682],[-4.09792,40.95657],[-4.09851,40.95558],[-4.09834,40.95482],[-4.10035,40.95574],[-4.10069,40.95476],[-4.10115,40.95435],[-4.10362,40.95339],[-4.10599,40.95056],[-4.10217,40.94917],[-4.10167,40.94804],[-4.09733,40.94852],[-4.09686,40.94785],[-4.09654,40.94647],[-4.09561,40.9475],[-4.09444,40.9483],[-4.09358,40.94839],[-4.0927,40.94807],[-4.09121,40.94728],[-4.08904,40.94472],[-4.08863,40.9429],[-4.0885,40.94075],[-4.08732,40.94066],[-4.08482,40.93965],[-4.08337,40.93967],[-4.08228,40.93996],[-4.07721,40.94293],[-4.07148,40.94479],[-4.07118,40.94518],[-4.07113,40.946],[-4.06913,40.94617],[-4.06707,40.94666],[-4.0637,40.94799],[-4.06147,40.94934],[-4.0581,40.94986],[-4.05811,40.94988]]]}},{"type":"Feature","properties":{"COD_POSTAL":"40397"},"geometry":{"type":"Polygon","coordinates":[[[-4.10202,41.08549],[-4.11198,41.09476],[-4.14335,41.07686],[-4.13998,41.07234],[-4.14117,41.07153],[-4.14159,41.07165],[-4.14185,41.07038],[-4.13994,41.06935],[-4.13854,41.06904],[-4.13956,41.06622],[-4.14164,41.06217],[-4.139,41.05962],[-4.1395,41.05914],[-4.13829,41.05788],[-4.13866,41.05427],[-4.13643,41.05143],[-4.13648,41.04957],[-4.1372,41.0493],[-4.13604,41.04896],[-4.13547,41.04936],[-4.13386,41.05335],[-4.13243,41.05428],[-4.12902,41.06297],[-4.12554,41.06336],[-4.11193,41.0787],[-4.10043,41.08161],[-4.10202,41.08549]]]}},{"type":"Feature","properties":{"COD_POSTAL":"40300"},"geometry":{"type":"Polygon","coordinates":[[[-3.76857,41.28165],[-3.7656,41.28077],[-3.76055,41.28024],[-3.75646,41.27807],[-3.75288,41.27891],[-3.74609,41.27751],[-3.74544,41.27767],[-3.74357,41.27755],[-3.74237,41.27822],[-3.73806,41.27785],[-3.73628,41.2787],[-3.73601,41.27934],[-3.73606,41.27989],[-3.73512,41.28144],[-3.7354,41.28249],[-3.7346,41.28473],[-3.73256,41.28807],[-3.7263,41.29051],[-3.72719,41.29278],[-3.71687,41.2968],[-3.71788,41.29941],[-3.71638,41.3],[-3.71461,41.29896],[-3.70601,41.30122],[-3.70432,41.30297],[-3.71129,41.30665],[-3.72016,41.30852],[-3.72388,41.31236],[-3.73056,41.3141],[-3.73263,41.31408],[-3.73715,41.31513],[-3.7376,41.31595],[-3.73853,41.31652],[-3.73926,41.31851],[-3.74005,41.31976],[-3.74567,41.32319],[-3.74969,41.3146],[-3.7578,41.31044],[-3.77285,41.29951],[-3.77175,41.29389],[-3.76181,41.29269],[-3.76177,41.29049],[-3.76618,41.28311],[-3.76942,41.28205],[-3.76857,41.28165]]]}},{"type":"Feature","properties":{"COD_POSTAL":"40313"},"geometry":{"type":"Polygon","coordinates":[[[-3.84559,41.49854],[-3.84574,41.49779],[-3.84668,41.49623],[-3.85212,41.48815],[-3.85278,41.48763],[-3.8534,41.48736],[-3.85524,41.48803],[-3.85645,41.48699],[-3.85828,41.48798],[-3.86506,41.49057],[-3.86685,41.48889],[-3.86715,41.48787],[-3.86596,41.48303],[-3.86601,41.48089],[-3.86636,41.47917],[-3.86832,41.47624],[-3.86537,41.47057],[-3.86437,41.4637],[-3.87015,41.45795],[-3.87393,41.45472],[-3.88064,41.4525],[-3.87367,41.45006],[-3.87525,41.44525],[-3.8675,41.44178],[-3.85426,41.43932],[-3.84868,41.43865],[-3.84744,41.43829],[-3.84583,41.43758],[-3.84484,41.43656],[-3.84294,41.43551],[-3.84197,41.43374],[-3.83942,41.43257],[-3.8361,41.43168],[-3.83171,41.43137],[-3.82814,41.42921],[-3.82681,41.42876],[-3.82512,41.42906],[-3.82175,41.42825],[-3.81934,41.42919],[-3.81597,41.43013],[-3.81419,41.43031],[-3.81117,41.42926],[-3.80156,41.42762],[-3.79865,41.42819],[-3.79341,41.43025],[-3.79292,41.43017],[-3.79242,41.43183],[-3.79381,41.4375],[-3.79575,41.44135],[-3.79908,41.44639],[-3.80154,41.45097],[-3.80376,41.45597],[-3.8062,41.45979],[-3.81606,41.47059],[-3.82482,41.48089],[-3.82388,41.48113],[-3.82824,41.49133],[-3.83049,41.4951],[-3.83415,41.49964],[-3.84801,41.50114],[-3.84709,41.50016],[-3.84559,41.49854]]]}},{"type":"Feature","properties":{"COD_POSTAL":"40153"},"geometry":{"type":"Polygon","coordinates":[[[-4.20511,40.90611],[-4.21824,40.91784],[-4.222,40.91157],[-4.22387,40.90694],[-4.22453,40.9046],[-4.22297,40.90381],[-4.22235,40.90253],[-4.22434,40.90232],[-4.22965,40.90314],[-4.23046,40.90239],[-4.23264,40.90243],[-4.2332,40.90285],[-4.23572,40.90163],[-4.23738,40.90256],[-4.23964,40.90195],[-4.24007,40.90093],[-4.24122,40.90016],[-4.24089,40.89837],[-4.24157,40.89799],[-4.24218,40.89831],[-4.24408,40.89816],[-4.24406,40.89704],[-4.24523,40.89684],[-4.24512,40.89626],[-4.24386,40.89587],[-4.24396,40.89552],[-4.2459,40.89568],[-4.24536,40.89494],[-4.24665,40.89468],[-4.24704,40.89416],[-4.2472,40.89337],[-4.24958,40.89209],[-4.24886,40.89117],[-4.2501,40.89133],[-4.25135,40.89075],[-4.25572,40.89151],[-4.25831,40.89166],[-4.2615,40.89134],[-4.26199,40.89089],[-4.26347,40.89161],[-4.26463,40.8906],[-4.2644,40.88981],[-4.2665,40.88984],[-4.26748,40.89072],[-4.26878,40.889],[-4.27028,40.88886],[-4.27297,40.8874],[-4.27216,40.88669],[-4.27186,40.88285],[-4.27068,40.8794],[-4.27167,40.879],[-4.27075,40.87756],[-4.27663,40.87969],[-4.27891,40.87827],[-4.27987,40.87967],[-4.2819,40.87975],[-4.28356,40.88215],[-4.28465,40.88182],[-4.28407,40.88002],[-4.28442,40.87994],[-4.28245,40.87764],[-4.28635,40.87655],[-4.28713,40.87577],[-4.28713,40.8751],[-4.289,40.87545],[-4.28883,40.87496],[-4.28998,40.87384],[-4.28871,40.87224],[-4.28957,40.87129],[-4.29254,40.87238],[-4.29494,40.87152],[-4.29614,40.8723],[-4.29698,40.87042],[-4.29866,40.87373],[-4.29965,40.87394],[-4.29797,40.87062],[-4.29878,40.87057],[-4.30062,40.87219],[-4.30176,40.87229],[-4.30226,40.8731],[-4.30433,40.8733],[-4.30477,40.87354],[-4.30527,40.8734],[-4.30159,40.86753],[-4.30278,40.86675],[-4.30133,40.86529],[-4.30025,40.86307],[-4.29257,40.85714],[-4.29171,40.85544],[-4.28977,40.85555],[-4.288,40.85276],[-4.29032,40.85249],[-4.29139,40.8518],[-4.29372,40.85222],[-4.29438,40.85196],[-4.29476,40.85367],[-4.29554,40.85393],[-4.29761,40.85275],[-4.30105,40.8548],[-4.30321,40.85456],[-4.3039,40.85273],[-4.30587,40.8534],[-4.30879,40.85259],[-4.30935,40.85174],[-4.31326,40.8521],[-4.31562,40.85063],[-4.32216,40.84908],[-4.32266,40.84808],[-4.32548,40.84769],[-4.32757,40.84855],[-4.32943,40.84573],[-4.33063,40.84569],[-4.33079,40.84601],[-4.33238,40.8459],[-4.33212,40.84503],[-4.33318,40.84426],[-4.3319,40.84292],[-4.33224,40.84243],[-4.33348,40.84294],[-4.3342,40.84264],[-4.33473,40.84206],[-4.33516,40.84226],[-4.33582,40.84216],[-4.33445,40.83812],[-4.33371,40.83784],[-4.33271,40.83642],[-4.33069,40.83831],[-4.32681,40.83922],[-4.32425,40.83862],[-4.32333,40.83749],[-4.32398,40.83675],[-4.32359,40.83511],[-4.32198,40.83495],[-4.31987,40.83728],[-4.31774,40.83685],[-4.31723,40.83888],[-4.31836,40.83888],[-4.3188,40.83956],[-4.31764,40.84138],[-4.31651,40.84053],[-4.31486,40.83994],[-4.31522,40.83948],[-4.31524,40.83896],[-4.31444,40.83793],[-4.31213,40.83849],[-4.31112,40.83941],[-4.31171,40.84019],[-4.31115,40.84128],[-4.30912,40.84067],[-4.30776,40.83887],[-4.30491,40.83716],[-4.30533,40.83671],[-4.30416,40.83466],[-4.30091,40.83665],[-4.29977,40.83574],[-4.29675,40.83696],[-4.29344,40.83892],[-4.28936,40.83624],[-4.28728,40.83623],[-4.28438,40.8372],[-4.28244,40.83621],[-4.28144,40.83596],[-4.27863,40.83774],[-4.27859,40.83833],[-4.27533,40.83949],[-4.26903,40.84109],[-4.26847,40.84138],[-4.2682,40.84194],[-4.26768,40.84185],[-4.26709,40.84301],[-4.26643,40.84303],[-4.26548,40.84199],[-4.26462,40.84155],[-4.2637,40.84237],[-4.26155,40.84242],[-4.2609,40.84354],[-4.26067,40.84317],[-4.25711,40.84308],[-4.25616,40.84053],[-4.255,40.84082],[-4.25309,40.84028],[-4.2524,40.84144],[-4.2504,40.84187],[-4.24946,40.84322],[-4.24899,40.84292],[-4.24826,40.84301],[-4.24765,40.84239],[-4.24435,40.84563],[-4.23875,40.84873],[-4.23846,40.84941],[-4.23791,40.85301],[-4.236,40.85621],[-4.23585,40.85828],[-4.22827,40.86156],[-4.22289,40.86204],[-4.22195,40.86256],[-4.21682,40.85956],[-4.21605,40.85876],[-4.2155,40.85856],[-4.21174,40.85572],[-4.20889,40.85433],[-4.20842,40.85336],[-4.20411,40.8525],[-4.20212,40.8525],[-4.1996,40.85291],[-4.19759,40.85206],[-4.19292,40.85214],[-4.19194,40.85327],[-4.19065,40.85737],[-4.19057,40.85968],[-4.19003,40.86059],[-4.19012,40.86153],[-4.19046,40.86222],[-4.18951,40.8621],[-4.18831,40.86442],[-4.20511,40.90611]]]}},{"type":"Feature","properties":{"COD_POSTAL":"40590"},"geometry":{"type":"Polygon","coordinates":[[[-3.61984,41.14317],[-3.61535,41.14624],[-3.6141,41.14736],[-3.6137,41.14905],[-3.61084,41.14966],[-3.60462,41.15226],[-3.6018,41.15446],[-3.60005,41.15538],[-3.59881,41.15434],[-3.59505,41.15418],[-3.59315,41.15443],[-3.5921,41.15431],[-3.59148,41.15454],[-3.59004,41.15829],[-3.58272,41.16142],[-3.5786,41.16026],[-3.56919,41.15951],[-3.55802,41.1644],[-3.55045,41.1657],[-3.5439,41.16584],[-3.5392,41.16501],[-3.53699,41.16521],[-3.536,41.16589],[-3.53041,41.16589],[-3.52838,41.1662],[-3.52711,41.16616],[-3.52414,41.16549],[-3.52091,41.16362],[-3.51908,41.16285],[-3.51675,41.16233],[-3.51588,41.16245],[-3.51781,41.16682],[-3.51909,41.16813],[-3.51959,41.16919],[-3.52007,41.17404],[-3.51985,41.17492],[-3.51906,41.17557],[-3.51887,41.176],[-3.51918,41.17787],[-3.51871,41.17913],[-3.52076,41.18334],[-3.52081,41.18574],[-3.52192,41.18744],[-3.52185,41.1884],[-3.52256,41.18901],[-3.5222,41.18983],[-3.52239,41.19066],[-3.52219,41.19207],[-3.52325,41.19281],[-3.52838,41.19824],[-3.52992,41.19904],[-3.52903,41.20026],[-3.52711,41.20005],[-3.52583,41.20104],[-3.52651,41.20232],[-3.52239,41.20504],[-3.52098,41.20991],[-3.52091,41.2097],[-3.52058,41.21009],[-3.51958,41.21346],[-3.52306,41.21416],[-3.52617,41.21396],[-3.52906,41.21485],[-3.53248,41.21412],[-3.5319,41.21349],[-3.53057,41.21399],[-3.52914,41.21366],[-3.52744,41.21114],[-3.52841,41.21045],[-3.52816,41.20975],[-3.52908,41.20789],[-3.52878,41.2059],[-3.53265,41.20352],[-3.53546,41.20241],[-3.53731,41.20476],[-3.53732,41.20616],[-3.54064,41.2068],[-3.54157,41.20678],[-3.54198,41.20596],[-3.54717,41.20402],[-3.55037,41.20316],[-3.55692,41.1998],[-3.55723,41.20035],[-3.55869,41.20133],[-3.56231,41.20335],[-3.56488,41.20422],[-3.56816,41.20585],[-3.57015,41.2063],[-3.57196,41.20724],[-3.57424,41.20755],[-3.57486,41.20817],[-3.57636,41.20897],[-3.57686,41.20785],[-3.58237,41.2053],[-3.589,41.2059],[-3.58976,41.20633],[-3.59124,41.2081],[-3.59391,41.20884],[-3.59697,41.20807],[-3.60116,41.20739],[-3.60246,41.20635],[-3.60524,41.20613],[-3.61076,41.20695],[-3.61392,41.20987],[-3.61773,41.21078],[-3.62033,41.21106],[-3.62253,41.2097],[-3.63633,41.20294],[-3.63781,41.20197],[-3.63822,41.20056],[-3.6414,41.19722],[-3.64697,41.19594],[-3.65392,41.19505],[-3.65412,41.19759],[-3.65588,41.19974],[-3.65512,41.20102],[-3.65828,41.20173],[-3.66542,41.20296],[-3.67139,41.20135],[-3.67295,41.19879],[-3.67517,41.19689],[-3.67775,41.19337],[-3.67651,41.18899],[-3.67465,41.18407],[-3.67203,41.18285],[-3.67407,41.17819],[-3.67752,41.17216],[-3.67561,41.17201],[-3.67467,41.17146],[-3.67428,41.1709],[-3.67405,41.1692],[-3.67348,41.16781],[-3.67371,41.16656],[-3.67455,41.16578],[-3.67478,41.16486],[-3.67462,41.16368],[-3.67344,41.16274],[-3.67321,41.16172],[-3.67176,41.16108],[-3.67058,41.15818],[-3.66966,41.15714],[-3.66911,41.1542],[-3.66875,41.1534],[-3.66481,41.14962],[-3.66332,41.14631],[-3.65949,41.14226],[-3.65634,41.14072],[-3.65545,41.13993],[-3.65457,41.13989],[-3.65381,41.13924],[-3.65247,41.13865],[-3.64878,41.1358],[-3.64731,41.13369],[-3.64525,41.13344],[-3.6391,41.13086],[-3.63687,41.12964],[-3.63563,41.12933],[-3.63421,41.12576],[-3.63349,41.12634],[-3.63392,41.13064],[-3.63399,41.13488],[-3.63278,41.13634],[-3.6289,41.13743],[-3.62699,41.13836],[-3.62501,41.14065],[-3.62228,41.14176],[-3.61984,41.14317]]]}},{"type":"Feature","properties":{"COD_POSTAL":"40171"},"geometry":{"type":"Polygon","coordinates":[[[-3.83334,41.10042],[-3.83718,41.10274],[-3.83941,41.10223],[-3.84276,41.10315],[-3.8471,41.0972],[-3.85197,41.093],[-3.85426,41.09411],[-3.86474,41.1016],[-3.86714,41.10011],[-3.86798,41.09767],[-3.88814,41.11328],[-3.88941,41.11227],[-3.89273,41.11033],[-3.89417,41.11013],[-3.89939,41.10518],[-3.9007,41.10298],[-3.90722,41.0986],[-3.90735,41.097],[-3.90876,41.09464],[-3.90882,41.09288],[-3.90949,41.0924],[-3.91008,41.09097],[-3.91092,41.08828],[-3.91117,41.08652],[-3.91227,41.08363],[-3.91211,41.08249],[-3.9107,41.08273],[-3.91084,41.08193],[-3.91149,41.08062],[-3.91289,41.07524],[-3.91457,41.07195],[-3.91337,41.07116],[-3.91269,41.06913],[-3.91205,41.06911],[-3.9119,41.06365],[-3.91304,41.05911],[-3.91197,41.05327],[-3.91143,41.05272],[-3.90513,41.04889],[-3.9049,41.04551],[-3.90271,41.04321],[-3.89889,41.03711],[-3.89453,41.03239],[-3.89186,41.0314],[-3.88611,41.0314],[-3.88408,41.02772],[-3.88351,41.02593],[-3.88349,41.02466],[-3.8825,41.02366],[-3.88299,41.02293],[-3.88382,41.01207],[-3.88541,41.00016],[-3.88581,40.99531],[-3.8832,40.9879],[-3.88279,40.98342],[-3.88094,40.97589],[-3.88024,40.97466],[-3.87938,40.97531],[-3.87451,40.97501],[-3.87253,40.97365],[-3.86945,40.97199],[-3.86825,40.97174],[-3.86712,40.97223],[-3.86386,40.97465],[-3.86241,40.97597],[-3.86117,40.97805],[-3.85984,40.97898],[-3.85749,40.97948],[-3.8544,40.97951],[-3.85245,40.97891],[-3.85081,40.97881],[-3.84736,40.97942],[-3.84705,40.98122],[-3.84321,40.98291],[-3.84383,40.98613],[-3.84625,40.99281],[-3.84989,40.99759],[-3.85277,41.00083],[-3.85488,41.01424],[-3.85752,41.02579],[-3.85511,41.04159],[-3.8525,41.04396],[-3.85103,41.04591],[-3.84922,41.05113],[-3.84836,41.0558],[-3.84756,41.0569],[-3.84831,41.05884],[-3.84846,41.06244],[-3.84907,41.0656],[-3.84961,41.06628],[-3.84472,41.06959],[-3.84254,41.07191],[-3.83858,41.07687],[-3.83618,41.07909],[-3.8324,41.08571],[-3.83121,41.08712],[-3.82818,41.09364],[-3.82667,41.09601],[-3.83214,41.09999],[-3.83334,41.10042]]]}},{"type":"Feature","properties":{"COD_POSTAL":"40175"},"geometry":{"type":"MultiPolygon","coordinates":[[[[-3.82673,41.15277],[-3.82423,41.15292],[-3.82361,41.15222],[-3.82145,41.15109],[-3.81882,41.15137],[-3.81699,41.15262],[-3.81335,41.15684],[-3.81315,41.15881],[-3.81882,41.15897],[-3.82874,41.15332],[-3.82734,41.153],[-3.82673,41.15277]]],[[[-3.82334,41.19158],[-3.82131,41.19327],[-3.81594,41.19194],[-3.81152,41.18886],[-3.80976,41.18612],[-3.80816,41.18473],[-3.80096,41.18274],[-3.79607,41.17992],[-3.79397,41.16952],[-3.78853,41.17057],[-3.78647,41.17355],[-3.7824,41.1753],[-3.78083,41.17462],[-3.78504,41.17993],[-3.78625,41.18289],[-3.78617,41.18878],[-3.78723,41.19288],[-3.78896,41.19746],[-3.79567,41.20308],[-3.79675,41.20349],[-3.80607,41.20172],[-3.80766,41.20283],[-3.80922,41.20313],[-3.80987,41.20304],[-3.81018,41.20182],[-3.81295,41.201],[-3.81387,41.19985],[-3.81431,41.19876],[-3.81498,41.19866],[-3.81533,41.19914],[-3.81634,41.19939],[-3.81736,41.1987],[-3.81919,41.19879],[-3.82052,41.19786],[-3.82184,41.19827],[-3.82271,41.20028],[-3.8252,41.201],[-3.8279,41.20047],[-3.82834,41.19998],[-3.83029,41.19886],[-3.83175,41.19833],[-3.8327,41.19248],[-3.82629,41.19306],[-3.82381,41.19149],[-3.82334,41.19158]]]]}},{"type":"Feature","properties":{"COD_POSTAL":"40392"},"geometry":{"type":"Polygon","coordinates":[[[-4.08785,41.08208],[-4.08855,41.08257],[-4.09528,41.08368],[-4.09533,41.08232],[-4.097,41.08248],[-4.11193,41.0787],[-4.12554,41.06336],[-4.12902,41.06297],[-4.13243,41.05428],[-4.13386,41.05335],[-4.13547,41.04936],[-4.13673,41.04861],[-4.13728,41.04791],[-4.13723,41.04657],[-4.13784,41.0448],[-4.13576,41.04161],[-4.13593,41.03813],[-4.13562,41.03701],[-4.13397,41.0364],[-4.13458,41.03376],[-4.13354,41.03369],[-4.13341,41.03247],[-4.1344,41.03147],[-4.13482,41.02859],[-4.13404,41.02726],[-4.13403,41.02537],[-4.1321,41.02531],[-4.12235,41.01967],[-4.12193,41.02008],[-4.12045,41.01791],[-4.11991,41.01746],[-4.11586,41.0152],[-4.115,41.01569],[-4.11215,41.01954],[-4.10664,41.02192],[-4.10606,41.02104],[-4.10536,41.02244],[-4.1035,41.02502],[-4.10233,41.02736],[-4.10193,41.0283],[-4.10199,41.03138],[-4.10073,41.03294],[-4.10019,41.03307],[-4.09468,41.03191],[-4.09044,41.03156],[-4.08543,41.03465],[-4.07841,41.03803],[-4.07793,41.03975],[-4.07587,41.04025],[-4.07391,41.04122],[-4.07471,41.04377],[-4.07395,41.04505],[-4.0735,41.04918],[-4.07571,41.05085],[-4.07738,41.05268],[-4.07706,41.0535],[-4.07726,41.05375],[-4.07499,41.05767],[-4.07459,41.05893],[-4.07726,41.06375],[-4.07667,41.06452],[-4.07855,41.06697],[-4.07906,41.06813],[-4.07717,41.07015],[-4.07912,41.07071],[-4.07935,41.07472],[-4.0801,41.07544],[-4.08051,41.07794],[-4.08261,41.07838],[-4.08273,41.0797],[-4.08332,41.07982],[-4.08703,41.08178],[-4.08785,41.08208]]]}},{"type":"Feature","properties":{"COD_POSTAL":"40513"},"geometry":{"type":"Polygon","coordinates":[[[-3.42981,41.32135],[-3.43028,41.31961],[-3.42898,41.31619],[-3.42347,41.32409],[-3.41891,41.32633],[-3.41618,41.32563],[-3.41275,41.32309],[-3.41009,41.32442],[-3.4078,41.32476],[-3.40518,41.32607],[-3.40206,41.32604],[-3.40149,41.32627],[-3.39789,41.33006],[-3.39507,41.33358],[-3.39437,41.33405],[-3.39264,41.33702],[-3.39017,41.34266],[-3.3927,41.34544],[-3.39246,41.34903],[-3.40176,41.36515],[-3.40534,41.37514],[-3.4169,41.37733],[-3.42483,41.38032],[-3.42757,41.38004],[-3.42821,41.37975],[-3.42843,41.37935],[-3.42823,41.378],[-3.42984,41.37739],[-3.43072,41.3758],[-3.43249,41.376],[-3.43411,41.37428],[-3.44288,41.37406],[-3.4433,41.37362],[-3.44525,41.37274],[-3.44901,41.36626],[-3.45051,41.3666],[-3.45238,41.36259],[-3.45553,41.35819],[-3.45504,41.3578],[-3.45367,41.35737],[-3.45132,41.35726],[-3.4502,41.35664],[-3.44744,41.35583],[-3.44603,41.35511],[-3.44305,41.35504],[-3.44197,41.35645],[-3.43749,41.35529],[-3.43808,41.35393],[-3.43873,41.35386],[-3.4404,41.35124],[-3.43896,41.35049],[-3.4384,41.35007],[-3.43826,41.34967],[-3.43787,41.34748],[-3.43833,41.34572],[-3.43822,41.34365],[-3.43862,41.34309],[-3.438,41.34201],[-3.43755,41.3392],[-3.43506,41.33682],[-3.43313,41.33551],[-3.43556,41.33027],[-3.43164,41.32365],[-3.42981,41.32135]]]}},{"type":"Feature","properties":{"COD_POSTAL":"40332"},"geometry":{"type":"Polygon","coordinates":[[[-3.90863,41.4081],[-3.90917,41.40879],[-3.91209,41.40898],[-3.92035,41.41103],[-3.93164,41.41333],[-3.9351,41.41595],[-3.93862,41.42431],[-3.93982,41.42411],[-3.94094,41.42431],[-3.94196,41.42392],[-3.94255,41.4244],[-3.94438,41.42442],[-3.94438,41.42459],[-3.94736,41.42338],[-3.95046,41.42251],[-3.95232,41.42115],[-3.95573,41.41801],[-3.95886,41.41798],[-3.95964,41.41939],[-3.96117,41.42058],[-3.96381,41.41824],[-3.96399,41.41443],[-3.96453,41.41422],[-3.96499,41.41462],[-3.96526,41.41209],[-3.96663,41.41007],[-3.97103,41.40904],[-3.96863,41.39267],[-3.96805,41.38363],[-3.96776,41.37306],[-3.96559,41.37338],[-3.95802,41.36807],[-3.95909,41.36608],[-3.9407,41.35348],[-3.9367,41.35562],[-3.92764,41.35718],[-3.92496,41.35803],[-3.91934,41.36052],[-3.91718,41.36574],[-3.91283,41.37484],[-3.90776,41.37829],[-3.90442,41.38468],[-3.90205,41.38632],[-3.90129,41.38933],[-3.89664,41.39271],[-3.89417,41.39536],[-3.89276,41.39614],[-3.88975,41.39716],[-3.89097,41.39907],[-3.89356,41.40226],[-3.89715,41.40027],[-3.90316,41.40417],[-3.90397,41.40419],[-3.90415,41.40487],[-3.90863,41.4081]]]}},{"type":"Feature","properties":{"COD_POSTAL":"40400"},"geometry":{"type":"Polygon","coordinates":[[[-4.09151,40.80842],[-4.09414,40.80998],[-4.09845,40.80868],[-4.10062,40.80755],[-4.10395,40.80425],[-4.1064,40.8038],[-4.11439,40.79868],[-4.11989,40.79366],[-4.12131,40.79264],[-4.12876,40.78944],[-4.13128,40.78943],[-4.13382,40.79008],[-4.13875,40.79033],[-4.14033,40.79008],[-4.14679,40.79123],[-4.14778,40.79027],[-4.15469,40.78856],[-4.15613,40.78881],[-4.15872,40.78843],[-4.16597,40.79017],[-4.16671,40.78926],[-4.16795,40.78893],[-4.16996,40.7873],[-4.17105,40.78674],[-4.1748,40.787],[-4.18144,40.78514],[-4.18613,40.78437],[-4.18853,40.78449],[-4.19026,40.7849],[-4.19691,40.78572],[-4.19828,40.77616],[-4.2014,40.77143],[-4.2028,40.76669],[-4.20667,40.76604],[-4.21001,40.76185],[-4.21151,40.75754],[-4.22335,40.75055],[-4.23831,40.76303],[-4.24272,40.76852],[-4.24534,40.77424],[-4.24616,40.77436],[-4.24679,40.77478],[-4.24787,40.77638],[-4.24929,40.77758],[-4.25442,40.77743],[-4.25881,40.77695],[-4.26168,40.77525],[-4.26295,40.77331],[-4.2648,40.77155],[-4.26502,40.77063],[-4.26595,40.76913],[-4.26882,40.76742],[-4.26958,40.76557],[-4.27046,40.76485],[-4.27526,40.76245],[-4.27648,40.76148],[-4.27853,40.76332],[-4.27948,40.76169],[-4.28137,40.75714],[-4.28294,40.755],[-4.28827,40.75055],[-4.29479,40.74584],[-4.29863,40.74371],[-4.30017,40.74316],[-4.304,40.74001],[-4.30562,40.73952],[-4.31005,40.73617],[-4.3127,40.735],[-4.31569,40.73223],[-4.32239,40.72766],[-4.32418,40.72694],[-4.33534,40.72412],[-4.33709,40.72343],[-4.33987,40.72181],[-4.3436,40.71847],[-4.34707,40.71477],[-4.34854,40.71379],[-4.34897,40.7133],[-4.34945,40.71169],[-4.35152,40.71021],[-4.35367,40.70922],[-4.35535,40.70782],[-4.35561,40.70698],[-4.3537,40.70366],[-4.35361,40.70266],[-4.35429,40.70083],[-4.35598,40.69122],[-4.35718,40.68615],[-4.35989,40.68212],[-4.35985,40.68124],[-4.35816,40.67785],[-4.35808,40.67664],[-4.35851,40.67412],[-4.35814,40.67283],[-4.35819,40.67115],[-4.35749,40.66996],[-4.35738,40.66694],[-4.35518,40.66057],[-4.35613,40.65884],[-4.35617,40.6565],[-4.35746,40.65364],[-4.35552,40.65233],[-4.35662,40.65081],[-4.35592,40.64809],[-4.35821,40.64558],[-4.36125,40.64307],[-4.3626,40.64122],[-4.36287,40.64001],[-4.3635,40.63877],[-4.36471,40.63749],[-4.36245,40.63801],[-4.35943,40.63821],[-4.35336,40.63712],[-4.34668,40.63716],[-4.34172,40.6368],[-4.33263,40.63713],[-4.33271,40.63761],[-4.33496,40.63948],[-4.33038,40.64362],[-4.32928,40.64505],[-4.32814,40.64726],[-4.31971,40.64751],[-4.32256,40.65067],[-4.32341,40.65224],[-4.32477,40.65772],[-4.32416,40.65842],[-4.32158,40.65962],[-4.31861,40.6617],[-4.31848,40.66434],[-4.31762,40.66589],[-4.31741,40.66693],[-4.31544,40.66725],[-4.30987,40.66983],[-4.3058,40.67103],[-4.29916,40.67458],[-4.29667,40.67574],[-4.2943,40.67653],[-4.29266,40.67826],[-4.2918,40.67995],[-4.29109,40.68043],[-4.28993,40.68061],[-4.28812,40.68317],[-4.2844,40.68222],[-4.28238,40.68119],[-4.27824,40.67823],[-4.27501,40.67652],[-4.27343,40.68127],[-4.27222,40.68207],[-4.26555,40.68505],[-4.2633,40.68569],[-4.26222,40.68586],[-4.25993,40.68567],[-4.25854,40.68594],[-4.2568,40.68665],[-4.2529,40.68953],[-4.25236,40.68939],[-4.25141,40.68836],[-4.24658,40.68981],[-4.24542,40.6899],[-4.24464,40.6896],[-4.24273,40.68983],[-4.2405,40.68967],[-4.2384,40.68816],[-4.23725,40.68801],[-4.23338,40.68869],[-4.23234,40.68831],[-4.22901,40.68874],[-4.22621,40.68945],[-4.21949,40.69173],[-4.2173,40.69197],[-4.21548,40.69297],[-4.20942,40.69374],[-4.20767,40.7149],[-4.20593,40.71664],[-4.2051,40.72056],[-4.20407,40.72384],[-4.20206,40.72796],[-4.17704,40.7286],[-4.17124,40.72969],[-4.09115,40.80811],[-4.09151,40.80842]]]}},{"type":"Feature","properties":{"COD_POSTAL":"40408"},"geometry":{"type":"Polygon","coordinates":[[[-4.35727,40.66775],[-4.3576,40.66901],[-4.35749,40.66996],[-4.35819,40.67115],[-4.35814,40.67283],[-4.35851,40.67412],[-4.35808,40.67664],[-4.35816,40.67785],[-4.35985,40.68124],[-4.35989,40.68212],[-4.35718,40.68615],[-4.35598,40.69122],[-4.35429,40.70083],[-4.35361,40.70266],[-4.3537,40.70366],[-4.35561,40.70698],[-4.35535,40.70782],[-4.35367,40.70922],[-4.35152,40.71021],[-4.34945,40.71169],[-4.34897,40.7133],[-4.34854,40.71379],[-4.34707,40.71477],[-4.3436,40.71847],[-4.33987,40.72181],[-4.33709,40.72343],[-4.33534,40.72412],[-4.32418,40.72694],[-4.32239,40.72766],[-4.31569,40.73223],[-4.3127,40.735],[-4.31005,40.73617],[-4.30562,40.73952],[-4.304,40.74001],[-4.30017,40.74316],[-4.29863,40.74371],[-4.29479,40.74584],[-4.28827,40.75055],[-4.28294,40.755],[-4.28137,40.75714],[-4.27948,40.76169],[-4.27853,40.76332],[-4.27929,40.76452],[-4.28264,40.7673],[-4.28372,40.76852],[-4.28483,40.76889],[-4.28638,40.76994],[-4.29048,40.77064],[-4.29224,40.7714],[-4.29359,40.77316],[-4.29359,40.77514],[-4.29387,40.77595],[-4.29529,40.77842],[-4.29677,40.77973],[-4.30453,40.78257],[-4.3091,40.78469],[-4.30857,40.78734],[-4.31035,40.78752],[-4.31129,40.78716],[-4.31173,40.78642],[-4.31163,40.78549],[-4.31134,40.78461],[-4.31063,40.78362],[-4.31187,40.78286],[-4.31222,40.7817],[-4.3136,40.78048],[-4.31614,40.78031],[-4.319,40.77958],[-4.32168,40.7797],[-4.3247,40.77943],[-4.32834,40.77859],[-4.32958,40.77868],[-4.33075,40.77842],[-4.33937,40.77549],[-4.34338,40.77459],[-4.34501,40.77337],[-4.35041,40.77179],[-4.35417,40.77197],[-4.35964,40.77117],[-4.36506,40.7717],[-4.36828,40.76687],[-4.36877,40.76309],[-4.36975,40.76061],[-4.37216,40.75852],[-4.37303,40.75722],[-4.37389,40.75431],[-4.37424,40.75381],[-4.37643,40.75216],[-4.37745,40.75173],[-4.37792,40.75116],[-4.37874,40.7491],[-4.38209,40.74314],[-4.38316,40.73915],[-4.38345,40.73881],[-4.38531,40.73825],[-4.38544,40.73654],[-4.3845,40.7332],[-4.38499,40.73011],[-4.38495,40.72585],[-4.3855,40.72379],[-4.38625,40.72204],[-4.38707,40.72099],[-4.38738,40.71999],[-4.38733,40.71806],[-4.38754,40.71723],[-4.38793,40.71655],[-4.39085,40.71359],[-4.39247,40.68089],[-4.39254,40.67829],[-4.39195,40.67265],[-4.39132,40.66966],[-4.39169,40.66694],[-4.39058,40.6591],[-4.39067,40.65612],[-4.38916,40.64605],[-4.3894,40.64413],[-4.38921,40.64135],[-4.38824,40.63765],[-4.38859,40.63495],[-4.38646,40.63608],[-4.38486,40.63639],[-4.38102,40.63603],[-4.37563,40.63628],[-4.36946,40.63614],[-4.36634,40.63685],[-4.36471,40.63749],[-4.3635,40.63877],[-4.36287,40.64001],[-4.3626,40.64122],[-4.36125,40.64307],[-4.35821,40.64558],[-4.35592,40.64809],[-4.35662,40.65081],[-4.35552,40.65233],[-4.35746,40.65364],[-4.35617,40.6565],[-4.35613,40.65884],[-4.35518,40.66057],[-4.35738,40.66694],[-4.35727,40.66775]]]}},{"type":"Feature","properties":{"COD_POSTAL":"40191"},"geometry":{"type":"Polygon","coordinates":[[[-4.10233,41.02736],[-4.1035,41.02502],[-4.10536,41.02244],[-4.10606,41.02104],[-4.10544,41.01549],[-4.10488,41.01425],[-4.10106,41.00821],[-4.10049,41.00766],[-4.09725,41.00615],[-4.09587,41.00513],[-4.09634,41.0044],[-4.09642,41.0017],[-4.0971,41.00024],[-4.09816,40.99848],[-4.10169,40.99398],[-4.10377,40.99177],[-4.10326,40.99047],[-4.10475,40.98806],[-4.10492,40.98721],[-4.10488,40.98525],[-4.10464,40.98403],[-4.10421,40.98346],[-4.09927,40.98198],[-4.09747,40.98203],[-4.09354,40.98023],[-4.09221,40.98009],[-4.08977,40.97938],[-4.08791,40.9797],[-4.08534,40.97891],[-4.085,40.97688],[-4.08172,40.97634],[-4.081,40.97666],[-4.07653,40.97651],[-4.07551,40.97744],[-4.07345,40.97724],[-4.072,40.97765],[-4.07036,40.97718],[-4.06845,40.9753],[-4.06724,40.97349],[-4.06541,40.97521],[-4.05832,40.97479],[-4.05629,40.97526],[-4.05109,40.97551],[-4.05026,40.97755],[-4.04994,40.97778],[-4.04757,40.97895],[-4.04354,40.97983],[-4.04284,40.9806],[-4.03703,40.98331],[-4.04039,40.98474],[-4.04159,40.98579],[-4.04251,40.99059],[-4.04349,40.99254],[-4.04373,40.99434],[-4.0448,40.99719],[-4.04582,40.99818],[-4.04587,40.99868],[-4.04707,41.00027],[-4.04707,41.00251],[-4.04731,41.00333],[-4.04808,41.00375],[-4.04765,41.00431],[-4.04718,41.00574],[-4.04407,41.00558],[-4.04183,41.00915],[-4.04673,41.01438],[-4.04907,41.01284],[-4.05122,41.0152],[-4.05576,41.01583],[-4.05857,41.01822],[-4.06053,41.01955],[-4.06562,41.02166],[-4.06772,41.02399],[-4.0719,41.02515],[-4.07697,41.02821],[-4.07845,41.03068],[-4.08212,41.03357],[-4.08367,41.03541],[-4.08789,41.03329],[-4.09044,41.03156],[-4.09468,41.03191],[-4.10019,41.03307],[-4.10073,41.03294],[-4.10199,41.03138],[-4.10193,41.0283],[-4.10233,41.02736]]]}},{"type":"Feature","properties":{"COD_POSTAL":"40512"},"geometry":{"type":"MultiPolygon","coordinates":[[[[-3.43101,41.32145],[-3.43028,41.31961],[-3.42981,41.32135],[-3.43164,41.32365],[-3.43556,41.33027],[-3.43313,41.33551],[-3.43506,41.33682],[-3.43755,41.3392],[-3.438,41.34201],[-3.43862,41.34309],[-3.43822,41.34365],[-3.43833,41.34572],[-3.43787,41.34748],[-3.43826,41.34967],[-3.4384,41.35007],[-3.43896,41.35049],[-3.4404,41.35124],[-3.44129,41.34925],[-3.44194,41.3492],[-3.44223,41.34822],[-3.44279,41.34812],[-3.44534,41.34499],[-3.44653,41.34392],[-3.44837,41.34075],[-3.44786,41.33961],[-3.44405,41.33425],[-3.44449,41.3303],[-3.4443,41.3295],[-3.44143,41.32772],[-3.43841,41.32664],[-3.43693,41.32565],[-3.43598,41.32485],[-3.43503,41.32314],[-3.43344,41.32195],[-3.43101,41.32145]]],[[[-3.28829,41.36023],[-3.30286,41.36319],[-3.32017,41.34851],[-3.31767,41.34477],[-3.32508,41.34749],[-3.33245,41.34788],[-3.33005,41.34401],[-3.33111,41.34378],[-3.33331,41.34227],[-3.33984,41.33897],[-3.33975,41.33639],[-3.34047,41.33663],[-3.34274,41.33359],[-3.34506,41.3296],[-3.35455,41.33359],[-3.3628,41.35165],[-3.36656,41.36198],[-3.36703,41.35963],[-3.36808,41.358],[-3.37007,41.35617],[-3.37689,41.35143],[-3.37843,41.34991],[-3.37868,41.34882],[-3.37856,41.34824],[-3.37956,41.34497],[-3.38497,41.34266],[-3.38641,41.34131],[-3.38438,41.33938],[-3.38461,41.33632],[-3.38758,41.33917],[-3.39017,41.34266],[-3.39349,41.33543],[-3.3688,41.31811],[-3.29152,41.32223],[-3.27564,41.29467],[-3.27655,41.29347],[-3.27619,41.29218],[-3.27526,41.29107],[-3.27743,41.2844],[-3.27719,41.28144],[-3.27648,41.27872],[-3.27639,41.27569],[-3.27576,41.27503],[-3.27548,41.27302],[-3.27344,41.26505],[-3.27427,41.26027],[-3.27309,41.26013],[-3.27273,41.25931],[-3.27151,41.26003],[-3.26924,41.25997],[-3.26606,41.25838],[-3.26348,41.25773],[-3.26077,41.25783],[-3.25924,41.25827],[-3.25426,41.25838],[-3.2489,41.26445],[-3.2479,41.26649],[-3.24613,41.26911],[-3.24436,41.27069],[-3.24266,41.27419],[-3.23788,41.27937],[-3.23779,41.28147],[-3.23987,41.28301],[-3.24007,41.28505],[-3.23788,41.2855],[-3.23813,41.28723],[-3.23893,41.28794],[-3.23124,41.29487],[-3.22623,41.29811],[-3.21507,41.29841],[-3.21261,41.30152],[-3.21049,41.30227],[-3.20735,41.30424],[-3.20693,41.30675],[-3.20866,41.30776],[-3.22023,41.31056],[-3.22112,41.31097],[-3.22486,41.31381],[-3.23686,41.31853],[-3.23612,41.32874],[-3.23629,41.33028],[-3.24813,41.3301],[-3.26933,41.34154],[-3.27213,41.35273],[-3.28109,41.35194],[-3.28829,41.36023]]]]}},{"type":"Feature","properties":{"COD_POSTAL":"40542"},"geometry":{"type":"Polygon","coordinates":[[[-3.61009,41.50561],[-3.60972,41.50645],[-3.60689,41.5103],[-3.60892,41.51376],[-3.60639,41.51607],[-3.60522,41.51769],[-3.60022,41.52159],[-3.59635,41.52551],[-3.59302,41.5295],[-3.59133,41.53054],[-3.58797,41.5335],[-3.58413,41.53328],[-3.58401,41.53408],[-3.58436,41.53656],[-3.58327,41.53731],[-3.58295,41.53624],[-3.57964,41.53571],[-3.57818,41.53491],[-3.57617,41.53465],[-3.57457,41.53397],[-3.57516,41.53617],[-3.57431,41.53627],[-3.57091,41.53476],[-3.56982,41.53535],[-3.57457,41.53943],[-3.57336,41.54174],[-3.57347,41.54381],[-3.57322,41.54449],[-3.57214,41.54592],[-3.5712,41.54659],[-3.57068,41.5473],[-3.56781,41.55188],[-3.56761,41.55291],[-3.56826,41.55512],[-3.57046,41.55704],[-3.57147,41.5572],[-3.57361,41.5581],[-3.57399,41.56287],[-3.57262,41.56341],[-3.57262,41.5654],[-3.60072,41.57048],[-3.6047,41.56558],[-3.6062,41.56614],[-3.6088,41.56612],[-3.61408,41.57452],[-3.61522,41.57591],[-3.61684,41.57716],[-3.61971,41.57545],[-3.62612,41.57001],[-3.63281,41.57104],[-3.64159,41.57198],[-3.64525,41.5721],[-3.65885,41.5659],[-3.66105,41.56608],[-3.66945,41.56068],[-3.67172,41.56043],[-3.67551,41.55445],[-3.68154,41.55193],[-3.68841,41.54188],[-3.68918,41.5406],[-3.68984,41.53842],[-3.69142,41.5354],[-3.69155,41.53454],[-3.69,41.53012],[-3.68995,41.5278],[-3.64631,41.49912],[-3.64833,41.49733],[-3.64701,41.49632],[-3.64571,41.49485],[-3.64412,41.49388],[-3.63676,41.49137],[-3.63956,41.49028],[-3.64231,41.49049],[-3.64641,41.48755],[-3.64768,41.48815],[-3.65014,41.4829],[-3.65319,41.48213],[-3.65611,41.48092],[-3.66429,41.47609],[-3.67056,41.47198],[-3.6749,41.47],[-3.67487,41.46946],[-3.67232,41.46846],[-3.66943,41.46865],[-3.66437,41.46601],[-3.66487,41.46216],[-3.66262,41.46069],[-3.66375,41.45824],[-3.66696,41.45582],[-3.66782,41.45224],[-3.65778,41.44673],[-3.65196,41.45019],[-3.64923,41.45135],[-3.64716,41.44904],[-3.64552,41.44939],[-3.64329,41.45108],[-3.64174,41.45112],[-3.63799,41.45047],[-3.63468,41.45045],[-3.63616,41.45098],[-3.63659,41.45152],[-3.63652,41.4521],[-3.63613,41.45255],[-3.63536,41.45279],[-3.63266,41.45251],[-3.62574,41.45242],[-3.6147,41.44981],[-3.60894,41.44894],[-3.60375,41.4468],[-3.59708,41.44525],[-3.59612,41.44513],[-3.59546,41.44531],[-3.59391,41.44391],[-3.59332,41.44377],[-3.59092,41.44383],[-3.58125,41.44641],[-3.58245,41.44783],[-3.5828,41.44786],[-3.58413,41.4489],[-3.58698,41.45369],[-3.58683,41.45626],[-3.58392,41.46073],[-3.58425,41.46178],[-3.58257,41.46396],[-3.58202,41.46613],[-3.58152,41.46719],[-3.58216,41.46785],[-3.58745,41.46722],[-3.58739,41.46886],[-3.58703,41.46969],[-3.58557,41.46938],[-3.58545,41.46982],[-3.58702,41.47117],[-3.59051,41.47142],[-3.59071,41.47231],[-3.58623,41.47219],[-3.5851,41.47157],[-3.58333,41.46997],[-3.58126,41.46943],[-3.58015,41.46946],[-3.57969,41.46978],[-3.57916,41.47155],[-3.57926,41.47263],[-3.58094,41.47523],[-3.58359,41.47746],[-3.58328,41.47885],[-3.58525,41.4774],[-3.59679,41.4808],[-3.5954,41.48693],[-3.59493,41.49719],[-3.59614,41.49838],[-3.60129,41.498],[-3.60586,41.50017],[-3.6072,41.50129],[-3.6088,41.50309],[-3.61006,41.50497],[-3.61009,41.50561]]]}},{"type":"Feature","properties":{"COD_POSTAL":"40330"},"geometry":{"type":"Polygon","coordinates":[[[-4.01283,41.30537],[-4.00528,41.30087],[-4.00432,41.30062],[-3.9996,41.30071],[-3.97178,41.29672],[-3.97116,41.2953],[-3.9703,41.29411],[-3.96893,41.29303],[-3.96179,41.29158],[-3.95344,41.28933],[-3.94901,41.28672],[-3.94345,41.28683],[-3.94299,41.28574],[-3.94121,41.28547],[-3.93496,41.28569],[-3.92885,41.28649],[-3.91864,41.28613],[-3.90281,41.29665],[-3.90195,41.29666],[-3.90088,41.29707],[-3.90098,41.29784],[-3.89772,41.29887],[-3.89599,41.3007],[-3.89602,41.30158],[-3.89527,41.30174],[-3.89474,41.30365],[-3.8935,41.30383],[-3.88884,41.30749],[-3.88586,41.30914],[-3.88229,41.3106],[-3.88655,41.31121],[-3.88815,41.31266],[-3.89193,41.31362],[-3.89332,41.31469],[-3.899,41.31718],[-3.89948,41.31788],[-3.89925,41.31906],[-3.90479,41.32465],[-3.90545,41.32596],[-3.90387,41.32768],[-3.90402,41.32803],[-3.90567,41.32795],[-3.90899,41.32641],[-3.91143,41.325],[-3.91296,41.32307],[-3.92166,41.32627],[-3.9226,41.32591],[-3.92375,41.32629],[-3.92541,41.32633],[-3.93083,41.32753],[-3.93311,41.32835],[-3.93493,41.32961],[-3.93547,41.32927],[-3.9364,41.32964],[-3.93694,41.32937],[-3.94059,41.3293],[-3.94338,41.33],[-3.94834,41.33188],[-3.94919,41.33144],[-3.95103,41.33358],[-3.95179,41.33487],[-3.9612,41.33393],[-3.96417,41.33341],[-3.96747,41.33232],[-3.96557,41.33023],[-3.97041,41.32801],[-3.98327,41.32348],[-3.98376,41.31855],[-3.98553,41.31847],[-3.98573,41.31811],[-4.00345,41.31825],[-4.00246,41.31682],[-4.01043,41.31723],[-4.01497,41.31685],[-4.01941,41.30879],[-4.01324,41.30564],[-4.01283,41.30537]]]}},{"type":"Feature","properties":{"COD_POSTAL":"40449"},"geometry":{"type":"Polygon","coordinates":[[[-4.41386,41.03711],[-4.41939,41.03971],[-4.42662,41.03734],[-4.43915,41.01238],[-4.4562,41.01453],[-4.45473,41.00719],[-4.4566,41.00439],[-4.45507,40.99872],[-4.44907,40.98948],[-4.43475,40.97828],[-4.43508,40.97475],[-4.43283,40.97535],[-4.43125,40.96936],[-4.42416,40.96767],[-4.42384,40.96511],[-4.42232,40.96722],[-4.4177,40.9687],[-4.41354,40.96846],[-4.41124,40.96862],[-4.40984,40.9699],[-4.41001,40.97084],[-4.4091,40.97094],[-4.40882,40.96994],[-4.40784,40.96987],[-4.40772,40.96879],[-4.40576,40.96879],[-4.4005,40.96594],[-4.39847,40.96383],[-4.3935,40.96634],[-4.38957,40.96922],[-4.38831,40.96918],[-4.38778,40.96831],[-4.3855,40.96671],[-4.38529,40.96608],[-4.38417,40.9663],[-4.38316,40.96682],[-4.38439,40.96878],[-4.38427,40.96979],[-4.38528,40.97197],[-4.38404,40.97253],[-4.38353,40.97872],[-4.38406,40.9789],[-4.38435,40.97991],[-4.38395,40.98001],[-4.38401,40.98038],[-4.38589,40.98143],[-4.38567,40.98176],[-4.3888,40.98436],[-4.39577,40.99188],[-4.40535,41.00021],[-4.41058,41.00321],[-4.40527,41.00536],[-4.40466,41.01363],[-4.40537,41.01629],[-4.40139,41.01736],[-4.4022,41.02038],[-4.40346,41.03542],[-4.41386,41.03711]]]}},{"type":"Feature","properties":{"COD_POSTAL":"40216"},"geometry":{"type":"MultiPolygon","coordinates":[[[[-4.38598,41.35547],[-4.38194,41.35349],[-4.3809,41.35156],[-4.38016,41.351],[-4.37782,41.34831],[-4.3766,41.34645],[-4.37385,41.3457],[-4.36678,41.35077],[-4.36799,41.35754],[-4.36835,41.36114],[-4.36888,41.36217],[-4.3772,41.36247],[-4.37894,41.36206],[-4.38149,41.36195],[-4.38639,41.35819],[-4.38611,41.35624],[-4.38598,41.35547]]],[[[-4.43131,41.30999],[-4.42073,41.3118],[-4.41714,41.31984],[-4.39694,41.32394],[-4.39434,41.33357],[-4.39043,41.35049],[-4.39647,41.3588],[-4.40198,41.36193],[-4.40267,41.36208],[-4.40657,41.36213],[-4.41346,41.36083],[-4.41448,41.36085],[-4.41736,41.36201],[-4.41918,41.36327],[-4.41998,41.36329],[-4.42413,41.36195],[-4.42537,41.36312],[-4.42634,41.36366],[-4.43116,41.36398],[-4.43331,41.36367],[-4.43477,41.36409],[-4.43554,41.36517],[-4.43635,41.36711],[-4.4427,41.36748],[-4.44818,41.3689],[-4.45056,41.3688],[-4.45468,41.36936],[-4.45726,41.36894],[-4.45983,41.36813],[-4.46552,41.37103],[-4.46727,41.37063],[-4.47098,41.37084],[-4.47225,41.37059],[-4.47437,41.36949],[-4.47717,41.36961],[-4.47915,41.36849],[-4.47994,41.36771],[-4.48448,41.36672],[-4.484,41.36566],[-4.4885,41.36536],[-4.49073,41.36501],[-4.49325,41.36405],[-4.4959,41.36393],[-4.49665,41.36137],[-4.49729,41.36013],[-4.49963,41.35856],[-4.50005,41.35763],[-4.499,41.35604],[-4.4991,41.35535],[-4.49976,41.35417],[-4.49944,41.35336],[-4.49699,41.35184],[-4.49638,41.3507],[-4.49669,41.34961],[-4.4982,41.34791],[-4.49943,41.34715],[-4.49981,41.35019],[-4.50447,41.3472],[-4.5023,41.34687],[-4.50224,41.3428],[-4.50052,41.3412],[-4.49878,41.33733],[-4.49744,41.33533],[-4.49391,41.32641],[-4.49108,41.32668],[-4.49022,41.32605],[-4.48907,41.32567],[-4.4871,41.32663],[-4.4861,41.32593],[-4.48228,41.32616],[-4.47882,41.32423],[-4.47818,41.32346],[-4.47389,41.32226],[-4.4745,41.32337],[-4.46403,41.32798],[-4.46391,41.32916],[-4.4622,41.33092],[-4.46095,41.33148],[-4.46044,41.33258],[-4.44433,41.32621],[-4.43494,41.31983],[-4.43701,41.31842],[-4.43957,41.3142],[-4.43131,41.30999]]]]}},{"type":"Feature","properties":{"COD_POSTAL":"40351"},"geometry":{"type":"Polygon","coordinates":[[[-4.08903,41.18035],[-4.08665,41.177],[-4.08319,41.17051],[-4.08082,41.16692],[-4.07876,41.16419],[-4.0767,41.1628],[-4.07419,41.16268],[-4.06805,41.15975],[-4.06586,41.16062],[-4.06389,41.16218],[-4.05891,41.16129],[-4.05639,41.16693],[-4.04677,41.1788],[-4.04544,41.18067],[-4.04485,41.18196],[-4.04375,41.18592],[-4.0437,41.18793],[-4.04404,41.19118],[-4.04391,41.19265],[-4.043,41.19483],[-4.04039,41.19938],[-4.04262,41.20474],[-4.04316,41.21185],[-4.04519,41.21639],[-4.04556,41.21797],[-4.0445,41.22516],[-4.03679,41.23466],[-4.03507,41.23551],[-4.03587,41.23551],[-4.03694,41.23605],[-4.03822,41.23629],[-4.03916,41.23743],[-4.04041,41.23756],[-4.04111,41.23789],[-4.04172,41.23862],[-4.04225,41.23733],[-4.04323,41.23594],[-4.04739,41.23137],[-4.04933,41.2286],[-4.05044,41.22766],[-4.05539,41.22465],[-4.06072,41.22077],[-4.06249,41.21913],[-4.06827,41.21256],[-4.07341,41.20846],[-4.08411,41.19662],[-4.09101,41.19104],[-4.09192,41.19],[-4.09042,41.18588],[-4.09009,41.18421],[-4.09003,41.18208],[-4.08903,41.18035]]]}},{"type":"Feature","properties":{"COD_POSTAL":"40393"},"geometry":{"type":"Polygon","coordinates":[[[-4.097,41.08248],[-4.09533,41.08232],[-4.09528,41.08368],[-4.08855,41.08257],[-4.08703,41.08178],[-4.08566,41.08306],[-4.08466,41.08351],[-4.08258,41.08554],[-4.08179,41.08741],[-4.08102,41.09099],[-4.08013,41.09275],[-4.07872,41.0931],[-4.07779,41.09299],[-4.07476,41.09629],[-4.06826,41.09949],[-4.06767,41.10172],[-4.06267,41.10283],[-4.06472,41.10512],[-4.06537,41.10621],[-4.06635,41.10919],[-4.06643,41.11143],[-4.06712,41.11285],[-4.07456,41.11264],[-4.07603,41.11271],[-4.07681,41.11306],[-4.07601,41.11333],[-4.07549,41.11405],[-4.07516,41.11478],[-4.07487,41.11693],[-4.07385,41.12011],[-4.07292,41.12102],[-4.07358,41.12325],[-4.07616,41.12595],[-4.07719,41.12729],[-4.0776,41.12834],[-4.08337,41.13213],[-4.08208,41.13399],[-4.0827,41.13731],[-4.08182,41.1382],[-4.08622,41.14313],[-4.0875,41.14307],[-4.09307,41.14047],[-4.10675,41.13649],[-4.11161,41.13455],[-4.11173,41.13276],[-4.11931,41.13401],[-4.12261,41.13374],[-4.1241,41.13324],[-4.1236,41.13185],[-4.12659,41.13048],[-4.12846,41.12749],[-4.12996,41.12605],[-4.13033,41.12499],[-4.13268,41.12377],[-4.1337,41.12297],[-4.13728,41.12156],[-4.13836,41.1206],[-4.13549,41.11915],[-4.13509,41.11695],[-4.13931,41.1128],[-4.14862,41.11119],[-4.15241,41.10139],[-4.15582,41.09969],[-4.15659,41.09911],[-4.15724,41.09807],[-4.15439,41.09577],[-4.15444,41.09455],[-4.15326,41.09446],[-4.15351,41.09263],[-4.15,41.0913],[-4.15046,41.09051],[-4.15139,41.08979],[-4.14667,41.08669],[-4.14523,41.08352],[-4.14577,41.08326],[-4.14523,41.08227],[-4.14391,41.08263],[-4.14462,41.07885],[-4.14335,41.07686],[-4.11198,41.09476],[-4.10202,41.08549],[-4.10043,41.08161],[-4.097,41.08248]]]}},{"type":"Feature","properties":{"COD_POSTAL":"40464"},"geometry":{"type":"Polygon","coordinates":[[[-4.62834,41.08153],[-4.62868,41.08094],[-4.63094,41.08018],[-4.63176,41.07823],[-4.63467,41.07935],[-4.6364,41.07905],[-4.6373,41.07921],[-4.6386,41.07985],[-4.6391,41.07941],[-4.6383,41.07893],[-4.63706,41.07873],[-4.6343,41.07868],[-4.6319,41.07702],[-4.63299,41.07356],[-4.63224,41.07045],[-4.63088,41.06714],[-4.63022,41.06485],[-4.63511,41.06375],[-4.6422,41.06289],[-4.65028,41.06118],[-4.65004,41.05848],[-4.64914,41.05756],[-4.6505,41.05694],[-4.65009,41.05558],[-4.65089,41.0549],[-4.65027,41.05013],[-4.65131,41.04906],[-4.65301,41.04861],[-4.65405,41.04638],[-4.65967,41.04489],[-4.65947,41.04427],[-4.65974,41.0429],[-4.65965,41.04037],[-4.65384,41.03543],[-4.65278,41.03424],[-4.65119,41.0334],[-4.64853,41.03233],[-4.64508,41.03131],[-4.63829,41.03131],[-4.63891,41.03006],[-4.63953,41.03005],[-4.62723,41.01655],[-4.62279,41.00938],[-4.62359,41.00692],[-4.62114,41.00622],[-4.61725,41.00365],[-4.61435,41.00313],[-4.61025,41.00475],[-4.59829,41.006],[-4.58307,41.00823],[-4.57725,41.00856],[-4.62834,41.08153]]]}},{"type":"Feature","properties":{"COD_POSTAL":"40180"},"geometry":{"type":"Polygon","coordinates":[[[-3.90648,40.96108],[-3.9051,40.95888],[-3.90421,40.95654],[-3.9023,40.95691],[-3.89899,40.95814],[-3.89771,40.95935],[-3.89512,40.96556],[-3.89045,40.96906],[-3.90293,40.97931],[-3.9101,40.98406],[-3.91598,40.98839],[-3.93111,40.99888],[-3.93176,41.00023],[-3.93219,41.00205],[-3.93315,41.00309],[-3.93456,41.00404],[-3.95614,41.01103],[-3.95651,41.01393],[-3.95341,41.0183],[-3.95552,41.01999],[-3.95575,41.02226],[-3.95676,41.02528],[-3.95858,41.02842],[-3.96227,41.03208],[-3.96781,41.03565],[-3.97016,41.03684],[-3.96929,41.0382],[-3.97024,41.03904],[-3.97036,41.03945],[-3.96997,41.04034],[-3.97018,41.04094],[-3.97215,41.04336],[-3.97171,41.04445],[-3.96759,41.04809],[-3.96493,41.05087],[-3.96438,41.05259],[-3.96268,41.05431],[-3.96145,41.05633],[-3.96283,41.05651],[-3.96498,41.05761],[-3.96699,41.05792],[-3.96737,41.05896],[-3.96968,41.05951],[-3.97163,41.06156],[-3.97229,41.06193],[-3.98056,41.06487],[-3.98201,41.06429],[-3.98723,41.06528],[-3.99046,41.06568],[-3.99366,41.0656],[-4.00175,41.06693],[-4.00285,41.06609],[-4.00911,41.05823],[-4.01366,41.05419],[-4.0166,41.05309],[-4.01731,41.05403],[-4.02224,41.05412],[-4.02277,41.05253],[-4.02437,41.05069],[-4.0304,41.04626],[-4.03148,41.04566],[-4.03879,41.04328],[-4.03993,41.04435],[-4.0435,41.04419],[-4.0445,41.04508],[-4.05394,41.04623],[-4.0553,41.04703],[-4.05878,41.05006],[-4.06346,41.05223],[-4.06745,41.05357],[-4.07194,41.05178],[-4.0735,41.05206],[-4.07706,41.0535],[-4.07738,41.05268],[-4.07685,41.05197],[-4.0735,41.04918],[-4.07395,41.04505],[-4.07471,41.04377],[-4.07391,41.04122],[-4.07587,41.04025],[-4.07793,41.03975],[-4.07841,41.03803],[-4.08367,41.03541],[-4.08212,41.03357],[-4.07845,41.03068],[-4.07697,41.02821],[-4.0719,41.02515],[-4.06772,41.02399],[-4.06562,41.02166],[-4.06053,41.01955],[-4.05857,41.01822],[-4.05576,41.01583],[-4.05122,41.0152],[-4.04907,41.01284],[-4.04673,41.01438],[-4.0437,41.01114],[-4.03925,41.01242],[-4.03515,41.01312],[-4.03133,41.01217],[-4.03085,41.0134],[-4.0273,41.01547],[-4.026,41.0151],[-4.02373,41.01622],[-4.01871,41.01708],[-4.01463,41.0161],[-4.00738,41.0135],[-4.00452,41.01307],[-4.00391,41.01489],[-4.00438,41.01601],[-4.00524,41.01592],[-4.00597,41.01689],[-4.00922,41.0178],[-4.00465,41.0227],[-4.00145,41.02047],[-4.00149,41.01926],[-4.00085,41.01736],[-4.00259,41.01674],[-4.00307,41.01358],[-3.9981,41.01266],[-3.99708,41.01226],[-3.98912,41.00573],[-3.98397,41.00219],[-3.98033,40.99931],[-3.97996,40.99877],[-3.97999,40.99836],[-3.98183,40.99362],[-3.97163,40.98785],[-3.96358,40.98366],[-3.95578,40.97871],[-3.95889,40.9743],[-3.9595,40.97304],[-3.9596,40.97181],[-3.96005,40.97072],[-3.96076,40.96979],[-3.95492,40.97106],[-3.95217,40.97135],[-3.94535,40.97074],[-3.94148,40.96986],[-3.934,40.9691],[-3.92838,40.96644],[-3.92626,40.96585],[-3.92357,40.96556],[-3.92013,40.96465],[-3.91899,40.96408],[-3.90698,40.96292],[-3.90636,40.96255],[-3.90634,40.96155],[-3.90648,40.96108]]]}},{"type":"Feature","properties":{"COD_POSTAL":"40529"},"geometry":{"type":"MultiPolygon","coordinates":[[[[-3.45126,41.34562],[-3.44653,41.34392],[-3.44534,41.34499],[-3.44279,41.34812],[-3.44223,41.34822],[-3.44194,41.3492],[-3.44129,41.34925],[-3.4408,41.35061],[-3.43873,41.35386],[-3.43808,41.35393],[-3.43749,41.35529],[-3.44197,41.35645],[-3.44305,41.35504],[-3.44603,41.35511],[-3.44894,41.35628],[-3.45059,41.35456],[-3.45073,41.35394],[-3.44954,41.3506],[-3.44988,41.34844],[-3.45054,41.34762],[-3.45051,41.34656],[-3.45126,41.34562]]],[[[-3.47429,41.39674],[-3.47446,41.39365],[-3.4749,41.39194],[-3.47694,41.38927],[-3.47754,41.38807],[-3.47787,41.38671],[-3.4763,41.38463],[-3.47114,41.38029],[-3.46857,41.37664],[-3.46598,41.37241],[-3.46632,41.37142],[-3.46503,41.36827],[-3.46385,41.36626],[-3.46269,41.36282],[-3.46122,41.36088],[-3.45951,41.35931],[-3.45553,41.35819],[-3.45238,41.36259],[-3.4506,41.3661],[-3.45051,41.3666],[-3.45287,41.36716],[-3.44729,41.382],[-3.44653,41.38241],[-3.44403,41.38195],[-3.43971,41.38777],[-3.43737,41.3901],[-3.43499,41.39173],[-3.43594,41.39693],[-3.43518,41.3972],[-3.43454,41.39851],[-3.43164,41.39897],[-3.42544,41.40277],[-3.43426,41.40722],[-3.4351,41.41094],[-3.44036,41.41117],[-3.44374,41.41463],[-3.446,41.41655],[-3.44728,41.42044],[-3.44483,41.42362],[-3.44182,41.42583],[-3.44588,41.42814],[-3.45116,41.42963],[-3.45223,41.43029],[-3.45387,41.43057],[-3.45799,41.43233],[-3.459,41.43519],[-3.45942,41.44183],[-3.46293,41.4406],[-3.46606,41.44036],[-3.46755,41.44048],[-3.47155,41.44502],[-3.47323,41.44726],[-3.47424,41.44883],[-3.47629,41.45376],[-3.48335,41.45906],[-3.4864,41.46008],[-3.48691,41.46074],[-3.48746,41.46082],[-3.48911,41.46323],[-3.48887,41.46664],[-3.48782,41.46847],[-3.48905,41.47069],[-3.48996,41.47466],[-3.48844,41.47811],[-3.48851,41.48145],[-3.5048,41.47123],[-3.51419,41.46674],[-3.51693,41.46302],[-3.51683,41.46183],[-3.51717,41.46072],[-3.51926,41.45606],[-3.51887,41.45298],[-3.51683,41.45006],[-3.51725,41.44787],[-3.51605,41.44803],[-3.51391,41.44656],[-3.51296,41.44658],[-3.51229,41.44633],[-3.50688,41.44738],[-3.50674,41.44565],[-3.50696,41.44228],[-3.50771,41.44033],[-3.50718,41.43895],[-3.50952,41.43882],[-3.51169,41.43692],[-3.51176,41.43484],[-3.5125,41.43162],[-3.51208,41.42944],[-3.51226,41.42881],[-3.51137,41.42711],[-3.50997,41.4255],[-3.51214,41.42266],[-3.51183,41.42047],[-3.51265,41.4191],[-3.51213,41.41854],[-3.51286,41.41781],[-3.50654,41.41681],[-3.50427,41.41697],[-3.50095,41.41572],[-3.49743,41.40993],[-3.49591,41.41002],[-3.49471,41.40951],[-3.49202,41.40925],[-3.49069,41.41005],[-3.48791,41.41055],[-3.48351,41.41025],[-3.47481,41.41057],[-3.47415,41.40684],[-3.47429,41.40503],[-3.4748,41.40399],[-3.47427,41.40398],[-3.47434,41.39783],[-3.47429,41.39674]]]]}},{"type":"Feature","properties":{"COD_POSTAL":"40510"},"geometry":{"type":"Polygon","coordinates":[[[-3.3688,41.31811],[-3.39349,41.33543],[-3.39437,41.33405],[-3.39507,41.33358],[-3.39789,41.33006],[-3.40099,41.32667],[-3.40206,41.32604],[-3.40518,41.32607],[-3.4078,41.32476],[-3.41009,41.32442],[-3.41275,41.32309],[-3.41618,41.32563],[-3.41891,41.32633],[-3.42347,41.32409],[-3.42898,41.31619],[-3.42739,41.30569],[-3.42657,41.30339],[-3.42603,41.29952],[-3.42494,41.29763],[-3.42375,41.29394],[-3.42128,41.29287],[-3.41992,41.29202],[-3.41628,41.28613],[-3.41681,41.28496],[-3.41689,41.28385],[-3.41645,41.28129],[-3.4167,41.27966],[-3.41594,41.27717],[-3.41427,41.27422],[-3.41515,41.2732],[-3.41496,41.27089],[-3.41297,41.26549],[-3.41181,41.26334],[-3.40978,41.26062],[-3.40931,41.26166],[-3.40618,41.2618],[-3.39933,41.25816],[-3.39742,41.25753],[-3.39423,41.25698],[-3.38484,41.25799],[-3.37843,41.2595],[-3.37284,41.25918],[-3.36939,41.26042],[-3.36341,41.25846],[-3.36087,41.25828],[-3.35935,41.25793],[-3.35734,41.25655],[-3.3555,41.25596],[-3.34569,41.256],[-3.3445,41.25513],[-3.34285,41.25472],[-3.34053,41.25374],[-3.33836,41.25389],[-3.33635,41.25303],[-3.33044,41.25554],[-3.33062,41.25687],[-3.32985,41.25796],[-3.32995,41.25879],[-3.3284,41.25918],[-3.32506,41.26133],[-3.32362,41.26174],[-3.32274,41.26182],[-3.32106,41.26064],[-3.31781,41.26053],[-3.31289,41.26168],[-3.31209,41.26167],[-3.3076,41.26044],[-3.30635,41.26057],[-3.30282,41.25773],[-3.29785,41.25696],[-3.29708,41.2571],[-3.2964,41.25768],[-3.29017,41.25793],[-3.28951,41.2594],[-3.2895,41.26069],[-3.289,41.26174],[-3.28914,41.26392],[-3.28787,41.26593],[-3.28726,41.26641],[-3.28363,41.26806],[-3.28248,41.26975],[-3.2814,41.27054],[-3.28121,41.27187],[-3.2791,41.27401],[-3.27576,41.27503],[-3.27639,41.27569],[-3.27648,41.27872],[-3.27719,41.28144],[-3.27743,41.2844],[-3.27526,41.29107],[-3.27619,41.29218],[-3.27655,41.29347],[-3.27564,41.29467],[-3.27585,41.29518],[-3.29152,41.32223],[-3.3688,41.31811]]]}},{"type":"Feature","properties":{"COD_POSTAL":"40520"},"geometry":{"type":"Polygon","coordinates":[[[-3.33191,41.46122],[-3.33428,41.46187],[-3.33525,41.4613],[-3.3351,41.46011],[-3.33948,41.45924],[-3.34073,41.45984],[-3.346,41.45848],[-3.34733,41.45806],[-3.34723,41.45747],[-3.34666,41.45685],[-3.34831,41.4565],[-3.35002,41.45723],[-3.35084,41.45916],[-3.35143,41.45934],[-3.35568,41.46221],[-3.35634,41.46298],[-3.35747,41.46246],[-3.36076,41.46331],[-3.36291,41.46215],[-3.3632,41.4632],[-3.36252,41.46524],[-3.36496,41.46755],[-3.3663,41.46684],[-3.36661,41.46594],[-3.36644,41.46367],[-3.36676,41.46244],[-3.36751,41.46242],[-3.36818,41.46117],[-3.37124,41.45835],[-3.37334,41.455],[-3.37476,41.45361],[-3.37796,41.45105],[-3.37919,41.45038],[-3.37992,41.45027],[-3.37946,41.44592],[-3.38105,41.44149],[-3.38695,41.43785],[-3.38821,41.43575],[-3.38909,41.43492],[-3.39288,41.43216],[-3.39434,41.43016],[-3.40157,41.42445],[-3.39192,41.39953],[-3.34964,41.39543],[-3.34717,41.397],[-3.34721,41.40454],[-3.34901,41.40659],[-3.34928,41.4072],[-3.34885,41.40868],[-3.34651,41.41386],[-3.34166,41.41702],[-3.34262,41.41906],[-3.34135,41.42332],[-3.34348,41.42699],[-3.34603,41.42902],[-3.34343,41.43674],[-3.34057,41.44379],[-3.3401,41.44446],[-3.34065,41.44699],[-3.34049,41.44911],[-3.33937,41.45229],[-3.33678,41.45518],[-3.33037,41.46072],[-3.33191,41.46122]]]}},{"type":"Feature","properties":{"COD_POSTAL":"40120"},"geometry":{"type":"Polygon","coordinates":[[[-4.24837,41.01569],[-4.24851,41.01724],[-4.25102,41.01883],[-4.25334,41.01987],[-4.26796,41.01022],[-4.26894,41.01009],[-4.27143,41.01182],[-4.26957,41.01621],[-4.26986,41.0169],[-4.27395,41.01623],[-4.27756,41.02013],[-4.27931,41.01931],[-4.28505,41.01401],[-4.28609,41.01454],[-4.28787,41.01327],[-4.29461,40.995],[-4.29536,40.99148],[-4.29749,40.97405],[-4.28882,40.97418],[-4.28248,40.97326],[-4.28087,40.97204],[-4.27669,40.97153],[-4.27597,40.96761],[-4.27197,40.96694],[-4.27147,40.96761],[-4.26919,40.96848],[-4.25608,40.96252],[-4.25463,40.96227],[-4.25171,40.96727],[-4.24919,40.96972],[-4.24364,40.97289],[-4.24206,40.97348],[-4.23983,40.97656],[-4.23991,40.97717],[-4.24142,40.97825],[-4.23995,40.98138],[-4.23991,40.98376],[-4.24268,41.00255],[-4.24693,41.01511],[-4.24837,41.01569]]]}},{"type":"Feature","properties":{"COD_POSTAL":"40340"},"geometry":{"type":"Polygon","coordinates":[[[-4.07957,41.27424],[-4.07812,41.27629],[-4.07844,41.27692],[-4.07937,41.27724],[-4.08094,41.27706],[-4.08311,41.27575],[-4.08467,41.27533],[-4.0874,41.27594],[-4.08829,41.27546],[-4.09079,41.27524],[-4.09172,41.27468],[-4.09397,41.2743],[-4.09794,41.27474],[-4.10017,41.27531],[-4.10114,41.27529],[-4.1049,41.27436],[-4.10578,41.27442],[-4.10679,41.27493],[-4.11006,41.27462],[-4.11199,41.27367],[-4.11412,41.27118],[-4.11522,41.27123],[-4.12041,41.2729],[-4.12354,41.27311],[-4.12435,41.27294],[-4.1257,41.27238],[-4.12826,41.27191],[-4.13356,41.26404],[-4.13543,41.26265],[-4.1365,41.2607],[-4.13735,41.26088],[-4.15373,41.25676],[-4.15427,41.25502],[-4.15093,41.25307],[-4.15026,41.24996],[-4.14741,41.2418],[-4.14521,41.23882],[-4.14511,41.23657],[-4.14912,41.23458],[-4.14863,41.2327],[-4.14591,41.23209],[-4.14631,41.23028],[-4.14618,41.22589],[-4.14659,41.22464],[-4.1478,41.22272],[-4.14897,41.21658],[-4.15155,41.21259],[-4.15272,41.21121],[-4.15277,41.21015],[-4.1539,41.20786],[-4.15364,41.20733],[-4.14369,41.20895],[-4.14052,41.20838],[-4.13871,41.20773],[-4.13366,41.20698],[-4.12875,41.20562],[-4.11753,41.19923],[-4.11828,41.19431],[-4.10573,41.19396],[-4.10652,41.19036],[-4.10465,41.18971],[-4.10038,41.19003],[-4.0956,41.18979],[-4.09192,41.19],[-4.09101,41.19104],[-4.08411,41.19662],[-4.07341,41.20846],[-4.06827,41.21256],[-4.06249,41.21913],[-4.06072,41.22077],[-4.05539,41.22465],[-4.05044,41.22766],[-4.04933,41.2286],[-4.04739,41.23137],[-4.04323,41.23594],[-4.04225,41.23733],[-4.04172,41.23862],[-4.04184,41.24107],[-4.04202,41.24131],[-4.04405,41.24156],[-4.04424,41.24194],[-4.0442,41.24236],[-4.04261,41.2448],[-4.04242,41.24626],[-4.04255,41.24701],[-4.04287,41.24763],[-4.04355,41.24791],[-4.04443,41.24732],[-4.045,41.24741],[-4.04501,41.24818],[-4.04537,41.24853],[-4.04525,41.24915],[-4.04617,41.25002],[-4.04785,41.2499],[-4.04819,41.25012],[-4.04831,41.25106],[-4.04932,41.25142],[-4.0493,41.25187],[-4.04817,41.25311],[-4.04809,41.2535],[-4.04881,41.25546],[-4.0497,41.25628],[-4.05026,41.25725],[-4.05109,41.25763],[-4.05175,41.25757],[-4.05338,41.25669],[-4.05456,41.25659],[-4.05628,41.25725],[-4.05656,41.25794],[-4.05795,41.25908],[-4.05836,41.25904],[-4.05929,41.25831],[-4.06059,41.25883],[-4.06301,41.25921],[-4.06349,41.25994],[-4.06318,41.26067],[-4.06333,41.26149],[-4.0643,41.26247],[-4.06615,41.2631],[-4.06719,41.26402],[-4.06882,41.26414],[-4.06952,41.26483],[-4.07112,41.26519],[-4.07277,41.26644],[-4.07471,41.26713],[-4.07489,41.26745],[-4.07471,41.2684],[-4.07322,41.27132],[-4.07327,41.2718],[-4.07382,41.27241],[-4.07519,41.27282],[-4.07738,41.27296],[-4.07821,41.27337],[-4.07921,41.27341],[-4.07966,41.27385],[-4.07957,41.27424]]]}},{"type":"Feature","properties":{"COD_POSTAL":"40467"},"geometry":{"type":"Polygon","coordinates":[[[-4.65638,41.13161],[-4.65688,41.13059],[-4.65721,41.12893],[-4.65608,41.12788],[-4.64612,41.12755],[-4.64421,41.12183],[-4.63968,41.1218],[-4.63671,41.12316],[-4.63552,41.1233],[-4.63108,41.12568],[-4.62818,41.12489],[-4.62408,41.12521],[-4.61536,41.1269],[-4.61672,41.12828],[-4.61089,41.13016],[-4.60304,41.13513],[-4.60012,41.13743],[-4.60092,41.13837],[-4.60417,41.14461],[-4.60546,41.146],[-4.60833,41.1502],[-4.61116,41.15191],[-4.6275,41.14805],[-4.63674,41.14347],[-4.6379,41.14304],[-4.64235,41.14248],[-4.64396,41.14087],[-4.64665,41.14104],[-4.65055,41.13959],[-4.65229,41.13919],[-4.65289,41.13892],[-4.65516,41.13659],[-4.65633,41.13393],[-4.65625,41.13267],[-4.65638,41.13161]]]}},{"type":"Feature","properties":{"COD_POSTAL":"40568"},"geometry":{"type":"Polygon","coordinates":[[[-3.59339,41.34934],[-3.59279,41.35166],[-3.5912,41.35557],[-3.59121,41.35618],[-3.59193,41.35705],[-3.59384,41.35854],[-3.60149,41.35844],[-3.60644,41.35902],[-3.61201,41.36117],[-3.61321,41.3619],[-3.6218,41.36561],[-3.62633,41.3672],[-3.6282,41.36763],[-3.63204,41.36376],[-3.63784,41.35868],[-3.64175,41.35811],[-3.64239,41.35841],[-3.63577,41.35387],[-3.59203,41.34612],[-3.59339,41.34934]]]}},{"type":"Feature","properties":{"COD_POSTAL":"40173"},"geometry":{"type":"Polygon","coordinates":[[[-3.83762,41.11626],[-3.81823,41.13609],[-3.80517,41.14511],[-3.80891,41.14535],[-3.80898,41.14792],[-3.81076,41.14954],[-3.81219,41.15014],[-3.81476,41.15023],[-3.81539,41.1507],[-3.81844,41.15135],[-3.82145,41.15109],[-3.82361,41.15222],[-3.82423,41.15292],[-3.82673,41.15277],[-3.82874,41.15332],[-3.82999,41.15336],[-3.83072,41.15422],[-3.83046,41.15485],[-3.83128,41.15543],[-3.83166,41.15628],[-3.83225,41.1568],[-3.83698,41.1539],[-3.83863,41.15231],[-3.87144,41.15386],[-3.87555,41.15114],[-3.88036,41.15037],[-3.89007,41.15098],[-3.89051,41.14912],[-3.89167,41.14754],[-3.89261,41.14653],[-3.89508,41.14523],[-3.89511,41.13957],[-3.89256,41.13828],[-3.89023,41.13584],[-3.8883,41.13441],[-3.88645,41.12972],[-3.88564,41.12853],[-3.8852,41.12829],[-3.88013,41.12753],[-3.87892,41.1246],[-3.87892,41.12412],[-3.87928,41.12373],[-3.88005,41.12332],[-3.88144,41.12188],[-3.88413,41.11978],[-3.88406,41.11766],[-3.88464,41.11627],[-3.88814,41.11328],[-3.86798,41.09767],[-3.86714,41.10011],[-3.86474,41.1016],[-3.85426,41.09411],[-3.85197,41.093],[-3.8471,41.0972],[-3.84276,41.10315],[-3.83941,41.10223],[-3.83718,41.10274],[-3.83334,41.10042],[-3.83221,41.10137],[-3.82603,41.1049],[-3.82551,41.10542],[-3.825,41.10711],[-3.82422,41.10858],[-3.82676,41.11269],[-3.82416,41.11515],[-3.82524,41.11565],[-3.82518,41.11588],[-3.82633,41.11617],[-3.82747,41.11775],[-3.83466,41.11657],[-3.83762,41.11626]]]}},{"type":"Feature","properties":{"COD_POSTAL":"40140"},"geometry":{"type":"Polygon","coordinates":[[[-4.22142,40.97963],[-4.22608,40.97848],[-4.22776,40.97715],[-4.2291,40.97757],[-4.23383,40.98012],[-4.23439,40.98101],[-4.23718,40.98248],[-4.23984,40.98201],[-4.24142,40.97825],[-4.23991,40.97717],[-4.23983,40.97656],[-4.24206,40.97348],[-4.24364,40.97289],[-4.24919,40.96972],[-4.25171,40.96727],[-4.25463,40.96227],[-4.25608,40.96252],[-4.25529,40.96113],[-4.25508,40.95889],[-4.24971,40.95531],[-4.24949,40.94988],[-4.245,40.94889],[-4.2447,40.94385],[-4.24498,40.94282],[-4.24498,40.93997],[-4.24577,40.93655],[-4.24509,40.93368],[-4.24468,40.93307],[-4.2441,40.93276],[-4.23985,40.93128],[-4.23858,40.93058],[-4.23769,40.92975],[-4.2385,40.92576],[-4.23822,40.92431],[-4.23827,40.92267],[-4.23528,40.92039],[-4.23587,40.91953],[-4.23622,40.91622],[-4.2379,40.91252],[-4.23632,40.91125],[-4.23309,40.91111],[-4.22892,40.90985],[-4.22824,40.90906],[-4.22837,40.90618],[-4.22453,40.9046],[-4.22387,40.90694],[-4.222,40.91157],[-4.21884,40.91706],[-4.21737,40.91896],[-4.21817,40.91908],[-4.22024,40.92151],[-4.21938,40.92191],[-4.21946,40.92245],[-4.21619,40.92333],[-4.20995,40.92427],[-4.20888,40.92294],[-4.20794,40.92303],[-4.20681,40.92263],[-4.20578,40.92291],[-4.20657,40.92321],[-4.20443,40.92967],[-4.20388,40.93012],[-4.20399,40.93155],[-4.20258,40.93269],[-4.20134,40.93273],[-4.19886,40.9361],[-4.19646,40.93758],[-4.18941,40.93924],[-4.18761,40.94026],[-4.18109,40.9455],[-4.17762,40.94515],[-4.17731,40.9464],[-4.18295,40.9499],[-4.18283,40.95112],[-4.18385,40.95279],[-4.18461,40.95298],[-4.18422,40.95436],[-4.18626,40.95529],[-4.18691,40.95631],[-4.18718,40.95737],[-4.18761,40.95718],[-4.18836,40.95624],[-4.18879,40.95624],[-4.1905,40.9575],[-4.18983,40.95891],[-4.19142,40.95915],[-4.19184,40.95996],[-4.19183,40.96044],[-4.19075,40.96251],[-4.19008,40.96277],[-4.18882,40.96156],[-4.18498,40.96454],[-4.18349,40.96711],[-4.18212,40.96859],[-4.18318,40.96906],[-4.18328,40.96931],[-4.18278,40.96982],[-4.1833,40.97021],[-4.18055,40.97342],[-4.17854,40.97416],[-4.17757,40.9748],[-4.17703,40.97648],[-4.17926,40.97956],[-4.18086,40.98056],[-4.18103,40.98011],[-4.18195,40.98002],[-4.18543,40.97712],[-4.18634,40.97671],[-4.1902,40.9792],[-4.193,40.97889],[-4.19454,40.97727],[-4.19644,40.97666],[-4.1981,40.97434],[-4.1986,40.97309],[-4.20171,40.9715],[-4.20442,40.97095],[-4.20539,40.97113],[-4.20578,40.97086],[-4.2055,40.96916],[-4.20578,40.96882],[-4.20605,40.96893],[-4.20663,40.97074],[-4.20724,40.97164],[-4.20873,40.97314],[-4.21057,40.97369],[-4.21323,40.97496],[-4.21471,40.97616],[-4.21774,40.97796],[-4.21958,40.98036],[-4.22142,40.97963]]]}},{"type":"Feature","properties":{"COD_POSTAL":"40468"},"geometry":{"type":"Polygon","coordinates":[[[-4.71529,41.13338],[-4.71332,41.13468],[-4.71167,41.13529],[-4.70916,41.13567],[-4.7065,41.13553],[-4.7038,41.1351],[-4.69966,41.13352],[-4.69638,41.13185],[-4.69281,41.13045],[-4.68641,41.12922],[-4.67972,41.1268],[-4.67365,41.12682],[-4.66555,41.12721],[-4.66076,41.12577],[-4.65937,41.12468],[-4.65507,41.12652],[-4.65721,41.12893],[-4.65688,41.13059],[-4.65638,41.13161],[-4.65633,41.13393],[-4.65516,41.13659],[-4.65289,41.13892],[-4.64665,41.14104],[-4.64396,41.14087],[-4.64235,41.14248],[-4.6379,41.14304],[-4.63397,41.1447],[-4.6275,41.14805],[-4.61116,41.15191],[-4.6173,41.15537],[-4.62252,41.16002],[-4.62775,41.1708],[-4.63419,41.16824],[-4.64151,41.16784],[-4.64369,41.1681],[-4.64691,41.16978],[-4.65271,41.17217],[-4.65513,41.17414],[-4.66591,41.18033],[-4.67375,41.18298],[-4.68056,41.18574],[-4.68301,41.18447],[-4.68444,41.18068],[-4.69285,41.17723],[-4.70234,41.17451],[-4.70533,41.17039],[-4.7068,41.16934],[-4.70895,41.16692],[-4.71593,41.16171],[-4.72134,41.15697],[-4.72239,41.15139],[-4.7221,41.14932],[-4.72037,41.14541],[-4.71965,41.14091],[-4.71995,41.13489],[-4.71672,41.13264],[-4.71529,41.13338]]]}},{"type":"Feature","properties":{"COD_POSTAL":"40130"},"geometry":{"type":"Polygon","coordinates":[[[-4.34271,40.90244],[-4.34275,40.89957],[-4.34173,40.8997],[-4.33766,40.90122],[-4.33402,40.90033],[-4.32672,40.90018],[-4.32634,40.89992],[-4.31753,40.90154],[-4.31601,40.90247],[-4.31847,40.91194],[-4.32374,40.91123],[-4.32517,40.92001],[-4.33205,40.92233],[-4.33392,40.91935],[-4.3355,40.92228],[-4.33358,40.92305],[-4.3327,40.92388],[-4.33243,40.92483],[-4.33283,40.92709],[-4.33153,40.93033],[-4.32525,40.92565],[-4.32565,40.93035],[-4.30832,40.92598],[-4.3004,40.93271],[-4.29857,40.93128],[-4.29912,40.93474],[-4.2886,40.94227],[-4.28508,40.93671],[-4.28254,40.93714],[-4.28058,40.93642],[-4.28092,40.93473],[-4.2742,40.93229],[-4.27041,40.9368],[-4.25382,40.93228],[-4.25278,40.93385],[-4.25075,40.9332],[-4.24819,40.9361],[-4.24524,40.93856],[-4.24498,40.93997],[-4.24498,40.94282],[-4.2447,40.94385],[-4.245,40.94889],[-4.24949,40.94988],[-4.24971,40.95531],[-4.25508,40.95889],[-4.25529,40.96113],[-4.25608,40.96252],[-4.26919,40.96848],[-4.27147,40.96761],[-4.27197,40.96694],[-4.27597,40.96761],[-4.27669,40.97153],[-4.28087,40.97204],[-4.28248,40.97326],[-4.28882,40.97418],[-4.29749,40.97405],[-4.29867,40.97309],[-4.30063,40.9735],[-4.30096,40.97224],[-4.30285,40.97042],[-4.30404,40.96999],[-4.30699,40.9711],[-4.30807,40.97053],[-4.30872,40.9705],[-4.30858,40.96359],[-4.30928,40.96335],[-4.31014,40.96393],[-4.31009,40.96247],[-4.31066,40.96199],[-4.31884,40.96293],[-4.32187,40.96829],[-4.32473,40.96824],[-4.32806,40.96894],[-4.33016,40.9691],[-4.33017,40.97253],[-4.32813,40.97571],[-4.32788,40.97935],[-4.33313,40.97906],[-4.33524,40.9775],[-4.33855,40.97308],[-4.34434,40.97082],[-4.34782,40.971],[-4.35948,40.96052],[-4.36464,40.95701],[-4.36909,40.95443],[-4.36942,40.95327],[-4.3705,40.95157],[-4.37376,40.95073],[-4.38321,40.94678],[-4.38384,40.94707],[-4.38737,40.94563],[-4.38591,40.94394],[-4.38646,40.94305],[-4.38613,40.9422],[-4.37511,40.91853],[-4.37338,40.91983],[-4.36728,40.91329],[-4.36786,40.9078],[-4.35948,40.90387],[-4.3433,40.9045],[-4.34302,40.90398],[-4.34333,40.90369],[-4.34271,40.90244]]]}},{"type":"Feature","properties":{"COD_POSTAL":"40310"},"geometry":{"type":"MultiPolygon","coordinates":[[[[-3.72874,41.2375],[-3.70544,41.2406],[-3.70368,41.24366],[-3.70286,41.24912],[-3.71402,41.25347],[-3.72064,41.25385],[-3.72839,41.24421],[-3.72846,41.24299],[-3.72874,41.2375]]],[[[-3.65775,41.20553],[-3.65751,41.20667],[-3.65665,41.20757],[-3.65502,41.20826],[-3.65365,41.20959],[-3.65363,41.21065],[-3.65516,41.21153],[-3.65593,41.21237],[-3.65873,41.2137],[-3.65955,41.21649],[-3.66206,41.2201],[-3.66392,41.22354],[-3.6682,41.22908],[-3.6711,41.23231],[-3.67288,41.23395],[-3.67357,41.23284],[-3.68122,41.22939],[-3.68421,41.22885],[-3.68768,41.22666],[-3.68965,41.22915],[-3.70311,41.22545],[-3.71147,41.22487],[-3.71333,41.22518],[-3.71607,41.22676],[-3.71871,41.22744],[-3.72387,41.22476],[-3.7235,41.22358],[-3.71719,41.22063],[-3.71499,41.21851],[-3.71412,41.21591],[-3.71229,41.21362],[-3.71022,41.20499],[-3.70597,41.20297],[-3.7025,41.19941],[-3.70048,41.19823],[-3.69895,41.19774],[-3.69472,41.19692],[-3.68862,41.19633],[-3.68562,41.19698],[-3.68409,41.19678],[-3.68246,41.19557],[-3.68083,41.19489],[-3.67886,41.1954],[-3.67775,41.19337],[-3.67517,41.19689],[-3.67295,41.19879],[-3.67139,41.20135],[-3.66542,41.20296],[-3.65512,41.20102],[-3.65436,41.2014],[-3.65419,41.20215],[-3.65654,41.20369],[-3.65765,41.20496],[-3.65775,41.20553]]]]}},{"type":"Feature","properties":{"COD_POSTAL":"40441"},"geometry":{"type":"Polygon","coordinates":[[[-4.35914,41.13245],[-4.35969,41.13455],[-4.36016,41.13785],[-4.37022,41.14817],[-4.37296,41.15159],[-4.3755,41.15336],[-4.38059,41.15549],[-4.38193,41.15596],[-4.38335,41.15602],[-4.38381,41.1567],[-4.38516,41.15648],[-4.38485,41.15904],[-4.37969,41.16096],[-4.37639,41.16551],[-4.37492,41.16693],[-4.3739,41.1686],[-4.37331,41.17122],[-4.37563,41.17015],[-4.37755,41.16965],[-4.3827,41.16946],[-4.39252,41.16803],[-4.39482,41.16683],[-4.40098,41.16424],[-4.40419,41.16626],[-4.40637,41.16692],[-4.40855,41.16848],[-4.41431,41.17192],[-4.41512,41.16827],[-4.41457,41.16763],[-4.41578,41.16691],[-4.4148,41.16636],[-4.4145,41.16546],[-4.41158,41.16334],[-4.40877,41.16283],[-4.4075,41.16141],[-4.40485,41.15967],[-4.40615,41.15793],[-4.40724,41.15723],[-4.40668,41.1543],[-4.40866,41.15082],[-4.40787,41.14615],[-4.40836,41.14543],[-4.40838,41.14127],[-4.40663,41.13864],[-4.40586,41.13661],[-4.40469,41.13448],[-4.40326,41.12999],[-4.40374,41.12962],[-4.40169,41.12959],[-4.39679,41.1274],[-4.39356,41.12819],[-4.38898,41.12782],[-4.38766,41.12676],[-4.37927,41.12368],[-4.37682,41.12294],[-4.37421,41.12267],[-4.37211,41.11994],[-4.36664,41.1105],[-4.36404,41.11084],[-4.3585,41.10915],[-4.35282,41.10788],[-4.34882,41.10862],[-4.34419,41.10828],[-4.34101,41.10763],[-4.34098,41.10919],[-4.33849,41.11145],[-4.33853,41.11341],[-4.33604,41.11738],[-4.33883,41.11795],[-4.34225,41.11908],[-4.34503,41.11896],[-4.34848,41.12114],[-4.35357,41.1238],[-4.3557,41.12326],[-4.35901,41.12525],[-4.36024,41.12903],[-4.35818,41.13105],[-4.35914,41.13245]]]}},{"type":"Feature","properties":{"COD_POSTAL":"40210"},"geometry":{"type":"Polygon","coordinates":[[[-4.26037,41.41199],[-4.26158,41.41802],[-4.27031,41.41792],[-4.28487,41.41314],[-4.2884,41.40754],[-4.28636,41.39974],[-4.25606,41.39665],[-4.25372,41.40042],[-4.25144,41.40077],[-4.24984,41.40542],[-4.26037,41.41199]]]}},{"type":"Feature","properties":{"COD_POSTAL":"40541"},"geometry":{"type":"Polygon","coordinates":[[[-3.64631,41.49912],[-3.68995,41.5278],[-3.69,41.53012],[-3.69155,41.53454],[-3.69937,41.53392],[-3.70692,41.53025],[-3.70689,41.52586],[-3.70832,41.52578],[-3.70973,41.52451],[-3.71543,41.52418],[-3.7175,41.52379],[-3.72313,41.52099],[-3.72753,41.51835],[-3.7283,41.51764],[-3.72794,41.51511],[-3.72676,41.51328],[-3.72621,41.51046],[-3.72499,41.50849],[-3.72489,41.50785],[-3.72501,41.50729],[-3.72819,41.50278],[-3.72808,41.50144],[-3.7277,41.50087],[-3.72852,41.49944],[-3.7285,41.49896],[-3.72779,41.4981],[-3.72656,41.49541],[-3.7269,41.49413],[-3.72675,41.49261],[-3.72736,41.49181],[-3.72764,41.48998],[-3.72737,41.48677],[-3.728,41.48618],[-3.72591,41.48466],[-3.72191,41.48107],[-3.71775,41.47874],[-3.71687,41.478],[-3.71504,41.47732],[-3.71428,41.47597],[-3.71364,41.47554],[-3.70302,41.47212],[-3.70218,41.47199],[-3.7015,41.47219],[-3.69949,41.47375],[-3.69823,41.47243],[-3.69629,41.47132],[-3.69521,41.47107],[-3.68815,41.47082],[-3.6863,41.47121],[-3.68042,41.47424],[-3.67758,41.47304],[-3.6749,41.47],[-3.67214,41.47116],[-3.65611,41.48092],[-3.65319,41.48213],[-3.65014,41.4829],[-3.64768,41.48815],[-3.64641,41.48755],[-3.64231,41.49049],[-3.63956,41.49028],[-3.63676,41.49137],[-3.64412,41.49388],[-3.64571,41.49485],[-3.64701,41.49632],[-3.64833,41.49733],[-3.64631,41.49912]]]}},{"type":"Feature","properties":{"COD_POSTAL":"40447"},"geometry":{"type":"Polygon","coordinates":[[[-4.50138,41.08698],[-4.49985,41.08348],[-4.49807,41.08029],[-4.49858,41.07849],[-4.49587,41.0778],[-4.49561,41.07791],[-4.49548,41.079],[-4.49425,41.07866],[-4.49321,41.07762],[-4.49173,41.0774],[-4.49014,41.07611],[-4.48939,41.07532],[-4.48874,41.07411],[-4.48774,41.07365],[-4.4872,41.07279],[-4.48535,41.0725],[-4.48457,41.07283],[-4.4839,41.07178],[-4.48265,41.07276],[-4.47997,41.07138],[-4.47608,41.0704],[-4.47301,41.07079],[-4.46805,41.07065],[-4.46386,41.07107],[-4.46101,41.06841],[-4.45817,41.06732],[-4.45272,41.06447],[-4.44398,41.06472],[-4.44,41.0654],[-4.43682,41.06518],[-4.43331,41.0645],[-4.42379,41.0634],[-4.4217,41.06341],[-4.42092,41.06421],[-4.42156,41.06493],[-4.42206,41.06641],[-4.42081,41.07159],[-4.41406,41.07668],[-4.41254,41.07813],[-4.40858,41.08044],[-4.40429,41.08052],[-4.40414,41.08462],[-4.40634,41.0881],[-4.40637,41.08883],[-4.40785,41.09306],[-4.40893,41.09821],[-4.40927,41.10342],[-4.41024,41.10628],[-4.4118,41.10819],[-4.42271,41.11461],[-4.42983,41.12307],[-4.43086,41.12466],[-4.43186,41.1252],[-4.43108,41.12679],[-4.43258,41.13369],[-4.43153,41.13542],[-4.43114,41.13702],[-4.43029,41.13716],[-4.4291,41.13884],[-4.43222,41.1409],[-4.43128,41.14198],[-4.43172,41.1423],[-4.43358,41.14082],[-4.43393,41.13903],[-4.43519,41.13541],[-4.43612,41.13074],[-4.43937,41.1235],[-4.44085,41.11961],[-4.44952,41.11114],[-4.45109,41.11013],[-4.45314,41.10922],[-4.48163,41.099],[-4.49051,41.09619],[-4.49439,41.09526],[-4.50148,41.09312],[-4.50234,41.09257],[-4.50162,41.08809],[-4.50138,41.08698]]]}},{"type":"Feature","properties":{"COD_POSTAL":"40410"},"geometry":{"type":"Polygon","coordinates":[[[-4.1686,40.71986],[-4.17098,40.72381],[-4.17124,40.72969],[-4.17704,40.7286],[-4.20206,40.72796],[-4.20407,40.72384],[-4.2051,40.72056],[-4.20593,40.71664],[-4.20767,40.7149],[-4.20942,40.69374],[-4.20768,40.69386],[-4.20637,40.69361],[-4.2026,40.69472],[-4.19988,40.69454],[-4.19885,40.69481],[-4.19418,40.69481],[-4.19321,40.69496],[-4.19029,40.69625],[-4.18762,40.69585],[-4.18657,40.69631],[-4.18423,40.69789],[-4.18331,40.69805],[-4.17947,40.69593],[-4.17895,40.69516],[-4.17745,40.69472],[-4.17769,40.69423],[-4.17706,40.69389],[-4.17227,40.69253],[-4.17211,40.69314],[-4.16691,40.69305],[-4.16467,40.69323],[-4.16028,40.68987],[-4.1571,40.69213],[-4.1547,40.69278],[-4.15253,40.69255],[-4.15068,40.69274],[-4.14623,40.69444],[-4.14438,40.69586],[-4.14493,40.69674],[-4.14519,40.69791],[-4.14466,40.69921],[-4.14273,40.7016],[-4.1421,40.7029],[-4.14152,40.70647],[-4.13982,40.71113],[-4.1411,40.71073],[-4.14155,40.70886],[-4.14393,40.70603],[-4.14644,40.70442],[-4.14715,40.70429],[-4.14882,40.70635],[-4.14946,40.70777],[-4.15062,40.70873],[-4.15146,40.70873],[-4.15184,40.7077],[-4.15268,40.70725],[-4.15654,40.70912],[-4.15763,40.71034],[-4.15828,40.71034],[-4.15963,40.70835],[-4.16059,40.70912],[-4.16098,40.71143],[-4.16246,40.71221],[-4.16464,40.71175],[-4.16576,40.71317],[-4.1686,40.71986]]]}},{"type":"Feature","properties":{"COD_POSTAL":"40133"},"geometry":{"type":"Polygon","coordinates":[[[-4.38406,40.9789],[-4.38353,40.97872],[-4.38404,40.97253],[-4.38528,40.97197],[-4.38427,40.96979],[-4.38439,40.96878],[-4.38316,40.96682],[-4.38417,40.9663],[-4.37904,40.96007],[-4.37811,40.95799],[-4.37542,40.95455],[-4.37458,40.9531],[-4.37408,40.95279],[-4.36909,40.95443],[-4.36464,40.95701],[-4.35948,40.96052],[-4.34782,40.971],[-4.34434,40.97082],[-4.33855,40.97308],[-4.33524,40.9775],[-4.33313,40.97906],[-4.32788,40.97935],[-4.32813,40.98071],[-4.329,40.98234],[-4.32926,40.98335],[-4.32936,40.98661],[-4.32873,40.98863],[-4.32887,40.98964],[-4.32723,40.99057],[-4.32931,40.99269],[-4.32789,40.99368],[-4.32549,40.99376],[-4.32799,40.99762],[-4.33367,40.99686],[-4.33527,40.99792],[-4.35705,40.99252],[-4.35992,40.99419],[-4.36701,40.99382],[-4.37422,40.99213],[-4.37599,40.99292],[-4.37807,40.99115],[-4.37984,40.99079],[-4.38839,40.98724],[-4.38909,40.98728],[-4.3888,40.98436],[-4.38567,40.98176],[-4.38589,40.98143],[-4.38401,40.98038],[-4.38395,40.98001],[-4.38435,40.97991],[-4.38406,40.9789]]]}},{"type":"Feature","properties":{"COD_POSTAL":"40220"},"geometry":{"type":"Polygon","coordinates":[[[-4.18102,41.39986],[-4.17635,41.3988],[-4.17237,41.39909],[-4.1733,41.39308],[-4.17048,41.39056],[-4.16927,41.39146],[-4.16462,41.39197],[-4.16426,41.39315],[-4.16456,41.3953],[-4.15997,41.39682],[-4.1558,41.39559],[-4.15552,41.39749],[-4.15451,41.39838],[-4.15202,41.39838],[-4.14961,41.40216],[-4.14708,41.40431],[-4.14603,41.40468],[-4.13981,41.40521],[-4.13708,41.40663],[-4.13441,41.40691],[-4.13222,41.40911],[-4.12907,41.41107],[-4.12756,41.41031],[-4.12731,41.40975],[-4.12623,41.40932],[-4.12508,41.40816],[-4.12364,41.40831],[-4.12103,41.40745],[-4.11928,41.40455],[-4.11807,41.40479],[-4.11646,41.40264],[-4.11259,41.40879],[-4.10618,41.41173],[-4.10167,41.41243],[-4.09951,41.41396],[-4.09698,41.41418],[-4.09997,41.41976],[-4.10038,41.421],[-4.10031,41.42173],[-4.09958,41.42496],[-4.09854,41.42674],[-4.09715,41.4285],[-4.09445,41.43127],[-4.10205,41.43324],[-4.10543,41.43267],[-4.10975,41.43389],[-4.11213,41.43653],[-4.11048,41.44125],[-4.11459,41.44266],[-4.12386,41.45154],[-4.12486,41.45427],[-4.12264,41.45739],[-4.1204,41.46119],[-4.12047,41.46709],[-4.12104,41.47038],[-4.12252,41.47523],[-4.12353,41.47765],[-4.1228,41.48037],[-4.12989,41.4791],[-4.13455,41.47778],[-4.1365,41.477],[-4.14175,41.47114],[-4.14249,41.46994],[-4.14491,41.47144],[-4.14802,41.47413],[-4.15222,41.47707],[-4.15523,41.48006],[-4.15832,41.4821],[-4.1641,41.47785],[-4.16802,41.47607],[-4.16942,41.47577],[-4.17834,41.47539],[-4.18312,41.47424],[-4.18178,41.47214],[-4.18472,41.46146],[-4.18439,41.45612],[-4.18221,41.44828],[-4.18276,41.43586],[-4.17731,41.4241],[-4.17873,41.41919],[-4.17818,41.41266],[-4.18123,41.4108],[-4.18148,41.4],[-4.18102,41.39986]]]}},{"type":"Feature","properties":{"COD_POSTAL":"40532"},"geometry":{"type":"Polygon","coordinates":[[[-3.71328,41.42721],[-3.71597,41.42695],[-3.71789,41.42859],[-3.72031,41.42983],[-3.72068,41.43038],[-3.72077,41.43134],[-3.71953,41.43369],[-3.72003,41.43399],[-3.72145,41.43391],[-3.72199,41.4341],[-3.72254,41.43443],[-3.72343,41.43574],[-3.72342,41.4364],[-3.72252,41.43878],[-3.72305,41.44157],[-3.72059,41.44227],[-3.71895,41.44328],[-3.71397,41.445],[-3.71322,41.44579],[-3.71876,41.44847],[-3.71942,41.44904],[-3.72066,41.45135],[-3.72122,41.45119],[-3.72259,41.45211],[-3.72475,41.45296],[-3.72582,41.45368],[-3.7291,41.45762],[-3.73948,41.45078],[-3.7421,41.45566],[-3.74414,41.46106],[-3.74704,41.46057],[-3.75004,41.46054],[-3.75772,41.46152],[-3.76374,41.46015],[-3.76975,41.46015],[-3.77022,41.46505],[-3.77117,41.46768],[-3.77115,41.46911],[-3.77164,41.47166],[-3.77054,41.4759],[-3.76988,41.47972],[-3.77025,41.48239],[-3.77278,41.48326],[-3.77545,41.48587],[-3.77681,41.48661],[-3.77903,41.487],[-3.78222,41.48641],[-3.78898,41.48567],[-3.79526,41.48447],[-3.79596,41.48449],[-3.8002,41.48587],[-3.81614,41.48368],[-3.82482,41.48089],[-3.81606,41.47059],[-3.8062,41.45979],[-3.80376,41.45597],[-3.80154,41.45097],[-3.79908,41.44639],[-3.79575,41.44135],[-3.79381,41.4375],[-3.79242,41.43183],[-3.79292,41.43017],[-3.78994,41.43006],[-3.78807,41.42758],[-3.78542,41.42483],[-3.78254,41.42235],[-3.78063,41.42163],[-3.77719,41.42148],[-3.77643,41.42101],[-3.77486,41.41948],[-3.77449,41.4166],[-3.77419,41.41629],[-3.77241,41.4164],[-3.7702,41.41514],[-3.76969,41.41424],[-3.76736,41.41289],[-3.76448,41.41144],[-3.75938,41.4095],[-3.75907,41.4089],[-3.75912,41.40811],[-3.75955,41.40751],[-3.76169,41.40626],[-3.76526,41.40565],[-3.7714,41.40607],[-3.77353,41.40601],[-3.77698,41.40485],[-3.78041,41.4051],[-3.78105,41.40334],[-3.77499,41.39213],[-3.7663,41.39028],[-3.7625,41.39215],[-3.76168,41.39046],[-3.75872,41.38678],[-3.75389,41.37893],[-3.74919,41.37205],[-3.74725,41.37312],[-3.74663,41.37309],[-3.73695,41.37076],[-3.72519,41.36863],[-3.72117,41.37002],[-3.72112,41.37072],[-3.7199,41.3737],[-3.71763,41.37731],[-3.70887,41.38807],[-3.70828,41.39378],[-3.70838,41.39592],[-3.7081,41.3971],[-3.70453,41.40621],[-3.70393,41.40713],[-3.70316,41.41013],[-3.70133,41.41207],[-3.70272,41.4158],[-3.70351,41.41713],[-3.70788,41.42095],[-3.70887,41.42212],[-3.70874,41.42303],[-3.70768,41.42498],[-3.70753,41.4266],[-3.70772,41.42737],[-3.70964,41.42728],[-3.71328,41.42721]]]}},{"type":"Feature","properties":{"COD_POSTAL":"40270"},"geometry":{"type":"Polygon","coordinates":[[[-4.30806,41.12704],[-4.30736,41.1269],[-4.30686,41.12604],[-4.30997,41.1241],[-4.30875,41.12359],[-4.30803,41.12295],[-4.30718,41.12198],[-4.30678,41.12077],[-4.30735,41.12025],[-4.31096,41.12019],[-4.31127,41.11939],[-4.30949,41.11715],[-4.3089,41.11587],[-4.30711,41.1133],[-4.30688,41.11258],[-4.30676,41.10936],[-4.30648,41.10834],[-4.30116,41.10692],[-4.30086,41.10631],[-4.30115,41.10561],[-4.30058,41.10503],[-4.29899,41.10196],[-4.29846,41.10161],[-4.29533,41.1011],[-4.29382,41.10054],[-4.29191,41.09913],[-4.29105,41.09782],[-4.2891,41.096],[-4.28861,41.09524],[-4.28706,41.09491],[-4.28361,41.09253],[-4.26635,41.09838],[-4.26349,41.10001],[-4.24534,41.10755],[-4.24142,41.10879],[-4.23057,41.11374],[-4.22409,41.12028],[-4.22436,41.12366],[-4.23048,41.15421],[-4.23114,41.15564],[-4.23259,41.15599],[-4.23176,41.15834],[-4.23072,41.15972],[-4.23122,41.16057],[-4.22945,41.16173],[-4.22877,41.16417],[-4.23201,41.16474],[-4.23287,41.16514],[-4.23343,41.16609],[-4.23311,41.16751],[-4.23476,41.17106],[-4.23236,41.17362],[-4.23346,41.17463],[-4.23612,41.17607],[-4.23825,41.17803],[-4.24073,41.17869],[-4.24142,41.17927],[-4.24371,41.1796],[-4.24868,41.17914],[-4.2554,41.18198],[-4.2553,41.18245],[-4.25683,41.18584],[-4.27294,41.1824],[-4.27647,41.18192],[-4.28204,41.17679],[-4.28303,41.17606],[-4.28506,41.17535],[-4.28347,41.17124],[-4.28113,41.16804],[-4.283,41.1644],[-4.28931,41.16411],[-4.29371,41.16333],[-4.29631,41.16404],[-4.2972,41.16465],[-4.29918,41.16483],[-4.29952,41.16577],[-4.29952,41.16683],[-4.29912,41.16996],[-4.29872,41.17073],[-4.30257,41.17053],[-4.30379,41.17289],[-4.30546,41.17433],[-4.30797,41.17444],[-4.30932,41.17396],[-4.31013,41.17449],[-4.30964,41.17526],[-4.30936,41.17654],[-4.31049,41.17765],[-4.31177,41.17805],[-4.31338,41.17806],[-4.31521,41.17968],[-4.31635,41.17975],[-4.31791,41.18088],[-4.31858,41.1809],[-4.32006,41.17992],[-4.32353,41.18018],[-4.32534,41.18112],[-4.32597,41.18196],[-4.32677,41.18382],[-4.32939,41.18564],[-4.32885,41.18669],[-4.3287,41.18833],[-4.32924,41.18875],[-4.32915,41.18959],[-4.32993,41.18999],[-4.33095,41.18976],[-4.33237,41.19161],[-4.33255,41.19274],[-4.33575,41.19394],[-4.33641,41.19479],[-4.33792,41.19505],[-4.33928,41.19478],[-4.34064,41.19329],[-4.34179,41.193],[-4.34286,41.19347],[-4.34331,41.19417],[-4.34543,41.19487],[-4.35097,41.18828],[-4.36085,41.17997],[-4.35387,41.17265],[-4.34683,41.17191],[-4.33357,41.17136],[-4.32851,41.1715],[-4.32761,41.17083],[-4.33053,41.16693],[-4.33119,41.16473],[-4.32986,41.16325],[-4.32732,41.16179],[-4.32173,41.15164],[-4.31821,41.14939],[-4.31919,41.14859],[-4.31674,41.14471],[-4.31502,41.14091],[-4.31421,41.13999],[-4.3141,41.13953],[-4.31462,41.13717],[-4.31438,41.13692],[-4.31281,41.13673],[-4.31232,41.13609],[-4.31186,41.13381],[-4.31202,41.13294],[-4.31166,41.13017],[-4.31089,41.12847],[-4.31177,41.12634],[-4.31159,41.12601],[-4.31107,41.12563],[-4.31016,41.12541],[-4.30957,41.12571],[-4.30872,41.12673],[-4.3081,41.12703],[-4.30806,41.12704]]]}},{"type":"Feature","properties":{"COD_POSTAL":"40280"},"geometry":{"type":"Polygon","coordinates":[[[-4.22169,41.22022],[-4.22158,41.22042],[-4.22393,41.22569],[-4.22338,41.2375],[-4.21772,41.24381],[-4.2201,41.24541],[-4.2218,41.24699],[-4.22428,41.25013],[-4.23049,41.2545],[-4.23147,41.25605],[-4.23411,41.25433],[-4.24041,41.25267],[-4.24049,41.25203],[-4.24203,41.25134],[-4.24514,41.24797],[-4.25295,41.245],[-4.25402,41.24431],[-4.2548,41.24269],[-4.25442,41.24179],[-4.25563,41.24059],[-4.26122,41.23981],[-4.26325,41.23749],[-4.2625,41.23499],[-4.26612,41.2317],[-4.26893,41.23134],[-4.27091,41.23041],[-4.27337,41.23074],[-4.27662,41.22983],[-4.27951,41.22978],[-4.28354,41.2288],[-4.28779,41.21052],[-4.29868,41.20032],[-4.29977,41.19954],[-4.30655,41.19801],[-4.3012,41.19635],[-4.29853,41.19696],[-4.2972,41.19699],[-4.29506,41.19647],[-4.29283,41.19467],[-4.2818,41.18391],[-4.28062,41.18317],[-4.27647,41.18192],[-4.27294,41.1824],[-4.25683,41.18584],[-4.24652,41.19067],[-4.24231,41.18913],[-4.23716,41.1907],[-4.23597,41.19065],[-4.234,41.19104],[-4.23348,41.19181],[-4.23367,41.1926],[-4.23353,41.19464],[-4.23101,41.2022],[-4.22015,41.20823],[-4.22209,41.21173],[-4.22346,41.21669],[-4.22169,41.22022]]]}},{"type":"Feature","properties":{"COD_POSTAL":"40493"},"geometry":{"type":"Polygon","coordinates":[[[-4.27519,41.03298],[-4.27502,41.03193],[-4.27381,41.03232],[-4.26106,41.03776],[-4.26172,41.03971],[-4.25914,41.04039],[-4.25927,41.04651],[-4.25605,41.04639],[-4.2561,41.04782],[-4.25029,41.05202],[-4.24098,41.05523],[-4.22846,41.05916],[-4.2146,41.05801],[-4.21052,41.05544],[-4.20525,41.05326],[-4.19742,41.06372],[-4.19477,41.06966],[-4.19999,41.08575],[-4.2061,41.08713],[-4.21969,41.08828],[-4.22452,41.08919],[-4.24031,41.08706],[-4.2402,41.08883],[-4.27421,41.08448],[-4.27509,41.08381],[-4.27362,41.08248],[-4.27438,41.08125],[-4.27696,41.08073],[-4.27781,41.08026],[-4.27825,41.07857],[-4.27801,41.07738],[-4.27762,41.0768],[-4.27587,41.07588],[-4.27371,41.07044],[-4.27226,41.07036],[-4.27477,41.06753],[-4.27423,41.06642],[-4.27032,41.06551],[-4.26694,41.06526],[-4.26423,41.0639],[-4.25996,41.06367],[-4.25949,41.06333],[-4.26038,41.06097],[-4.26056,41.0589],[-4.26561,41.05594],[-4.26849,41.05354],[-4.26161,41.0565],[-4.26128,41.05411],[-4.27841,41.0454],[-4.27425,41.03923],[-4.27713,41.03792],[-4.27578,41.03506],[-4.27519,41.03298]]]}},{"type":"Feature","properties":{"COD_POSTAL":"40445"},"geometry":{"type":"Polygon","coordinates":[[[-4.50936,41.05788],[-4.50998,41.056],[-4.51053,41.05167],[-4.511,41.05003],[-4.5123,41.04709],[-4.51316,41.04581],[-4.51707,41.04812],[-4.53213,41.04582],[-4.5391,41.04173],[-4.54219,41.03864],[-4.54867,41.03328],[-4.54955,41.03215],[-4.55116,41.031],[-4.55821,41.02717],[-4.5572,41.02522],[-4.5552,41.02258],[-4.55367,41.01998],[-4.55241,41.02052],[-4.55124,41.02058],[-4.55022,41.02026],[-4.54768,41.019],[-4.54565,41.01702],[-4.54068,41.01574],[-4.5384,41.01482],[-4.53555,41.01323],[-4.53467,41.01328],[-4.53218,41.0128],[-4.52729,41.01383],[-4.52634,41.01358],[-4.52279,41.01192],[-4.51844,41.01109],[-4.51688,41.00995],[-4.51339,41.00842],[-4.51155,41.00723],[-4.50947,41.00713],[-4.50435,41.01118],[-4.49531,41.01456],[-4.49262,41.01501],[-4.49125,41.01549],[-4.48756,41.01777],[-4.48511,41.01888],[-4.48851,41.01972],[-4.4884,41.02011],[-4.48711,41.02132],[-4.4886,41.02204],[-4.48797,41.02281],[-4.4891,41.02365],[-4.48846,41.02849],[-4.49943,41.04325],[-4.50691,41.04993],[-4.50158,41.05672],[-4.49911,41.05604],[-4.49772,41.05608],[-4.49723,41.05634],[-4.49473,41.05907],[-4.49374,41.05956],[-4.49289,41.06164],[-4.48579,41.06613],[-4.48561,41.0694],[-4.4872,41.07279],[-4.48774,41.07365],[-4.48874,41.07411],[-4.48939,41.07532],[-4.49014,41.07611],[-4.49173,41.0774],[-4.49321,41.07762],[-4.49425,41.07866],[-4.49495,41.07899],[-4.49562,41.07883],[-4.49561,41.07791],[-4.49587,41.0778],[-4.49858,41.07849],[-4.49966,41.0781],[-4.49959,41.07705],[-4.49929,41.07638],[-4.50002,41.07577],[-4.50297,41.07451],[-4.50271,41.07346],[-4.50372,41.07204],[-4.50419,41.07179],[-4.50574,41.07004],[-4.50801,41.06952],[-4.51025,41.06738],[-4.51086,41.06646],[-4.50882,41.06123],[-4.5089,41.06027],[-4.50936,41.05788]]]}},{"type":"Feature","properties":{"COD_POSTAL":"40390"},"geometry":{"type":"Polygon","coordinates":[[[-4.12374,41.02054],[-4.1321,41.02531],[-4.13529,41.02438],[-4.1366,41.02443],[-4.13787,41.02315],[-4.13798,41.02194],[-4.14033,41.01965],[-4.1426,41.01796],[-4.14265,41.01636],[-4.14402,41.01553],[-4.1451,41.01393],[-4.14704,41.01347],[-4.1485,41.01284],[-4.14974,41.01287],[-4.15113,41.01083],[-4.15419,41.01056],[-4.15715,41.00939],[-4.15982,41.00947],[-4.1624,41.00732],[-4.1664,41.00826],[-4.16771,41.00889],[-4.17144,41.0114],[-4.17449,41.01544],[-4.17597,41.01673],[-4.18178,41.01966],[-4.1843,41.01874],[-4.18618,41.01886],[-4.19342,41.01592],[-4.19783,41.01526],[-4.19815,41.01454],[-4.19775,41.0135],[-4.2016,41.00999],[-4.20256,41.00817],[-4.20256,41.00744],[-4.20211,41.00684],[-4.2025,41.00622],[-4.20041,41.00298],[-4.20135,41.00176],[-4.20037,41.0012],[-4.20136,41.00017],[-4.20726,40.99707],[-4.20871,40.99547],[-4.20925,40.99526],[-4.2117,40.99608],[-4.21434,40.99584],[-4.21546,40.99627],[-4.21538,40.99501],[-4.21492,40.99454],[-4.21545,40.99371],[-4.2165,40.99288],[-4.21396,40.99039],[-4.21272,40.99139],[-4.21231,40.99127],[-4.20985,40.99232],[-4.20842,40.99369],[-4.20593,40.9949],[-4.20148,40.99613],[-4.19897,40.99777],[-4.19623,40.99905],[-4.19552,40.9996],[-4.19349,40.99871],[-4.19045,40.99589],[-4.18861,40.99251],[-4.18761,40.99137],[-4.18249,40.9876],[-4.17616,40.98438],[-4.17736,40.98249],[-4.1806,40.98133],[-4.18086,40.98056],[-4.17892,40.97919],[-4.17703,40.97648],[-4.17711,40.97584],[-4.17757,40.9748],[-4.17854,40.97416],[-4.18055,40.97342],[-4.1833,40.97021],[-4.18278,40.96982],[-4.18328,40.96931],[-4.18318,40.96906],[-4.18212,40.96859],[-4.17985,40.97094],[-4.17546,40.96867],[-4.17216,40.96822],[-4.17057,40.96769],[-4.16967,40.96708],[-4.16639,40.96677],[-4.16126,40.96945],[-4.15921,40.96963],[-4.15489,40.97207],[-4.1548,40.9732],[-4.15392,40.97573],[-4.15152,40.97772],[-4.15217,40.97977],[-4.15168,40.98103],[-4.15238,40.98218],[-4.15284,40.9867],[-4.14645,40.98751],[-4.13986,40.985],[-4.13782,40.98512],[-4.13806,40.98561],[-4.13693,40.98636],[-4.13473,40.98624],[-4.13479,40.98723],[-4.13156,40.9881],[-4.13167,40.9885],[-4.12958,40.98905],[-4.12995,40.99096],[-4.13122,40.99441],[-4.13053,40.99727],[-4.13088,40.99821],[-4.13041,40.99911],[-4.12984,41.00171],[-4.12766,41.00314],[-4.12731,41.00364],[-4.12715,41.00525],[-4.12608,41.00704],[-4.12583,41.00809],[-4.12413,41.01753],[-4.12236,41.01912],[-4.12235,41.01967],[-4.12374,41.02054]]]}},{"type":"Feature","properties":{"COD_POSTAL":"40242"},"geometry":{"type":"Polygon","coordinates":[[[-4.34485,41.32775],[-4.35507,41.32929],[-4.3589,41.32472],[-4.37275,41.32418],[-4.38782,41.32113],[-4.39322,41.31916],[-4.39334,41.30273],[-4.3883,41.29039],[-4.39201,41.28711],[-4.39997,41.27933],[-4.39957,41.27792],[-4.39774,41.27657],[-4.39408,41.27556],[-4.38939,41.27298],[-4.38795,41.27146],[-4.38658,41.27061],[-4.3823,41.26885],[-4.37972,41.26739],[-4.37833,41.26484],[-4.37735,41.26372],[-4.37558,41.26231],[-4.37359,41.26171],[-4.3713,41.26251],[-4.37153,41.2664],[-4.3727,41.26926],[-4.37123,41.28502],[-4.36767,41.28115],[-4.36521,41.28645],[-4.36847,41.28797],[-4.36705,41.29103],[-4.36436,41.28978],[-4.35815,41.30315],[-4.34757,41.30497],[-4.34143,41.30691],[-4.33561,41.31245],[-4.33789,41.32669],[-4.34485,41.32775]]]}},{"type":"Feature","properties":{"COD_POSTAL":"40465"},"geometry":{"type":"Polygon","coordinates":[[[-4.66412,41.12046],[-4.66403,41.11526],[-4.66363,41.11068],[-4.66005,41.11053],[-4.65286,41.10502],[-4.65117,41.10539],[-4.6504,41.1033],[-4.64807,41.10241],[-4.64625,41.1014],[-4.64312,41.09907],[-4.63962,41.10029],[-4.63382,41.0982],[-4.63068,41.09895],[-4.62897,41.0971],[-4.62398,41.09965],[-4.62426,41.1005],[-4.62227,41.10258],[-4.62091,41.10532],[-4.61999,41.11027],[-4.60846,41.11013],[-4.60669,41.11071],[-4.60211,41.11164],[-4.59776,41.11222],[-4.59641,41.11336],[-4.59475,41.11532],[-4.59229,41.11712],[-4.58919,41.12009],[-4.58767,41.12125],[-4.58604,41.1221],[-4.58329,41.12513],[-4.58584,41.1272],[-4.58886,41.13016],[-4.59286,41.1327],[-4.59604,41.13536],[-4.60012,41.13743],[-4.60304,41.13513],[-4.61089,41.13016],[-4.61672,41.12828],[-4.61536,41.1269],[-4.62408,41.12521],[-4.62818,41.12489],[-4.63108,41.12568],[-4.63552,41.1233],[-4.63671,41.12316],[-4.63968,41.1218],[-4.64421,41.12183],[-4.64612,41.12755],[-4.65608,41.12788],[-4.65507,41.12652],[-4.65937,41.12468],[-4.66076,41.12577],[-4.66255,41.12616],[-4.66081,41.12369],[-4.66284,41.12209],[-4.66412,41.12046]]]}},{"type":"Feature","properties":{"COD_POSTAL":"40172"},"geometry":{"type":"Polygon","coordinates":[[[-3.83466,41.11657],[-3.82747,41.11775],[-3.82633,41.11617],[-3.82518,41.11588],[-3.82524,41.11565],[-3.82416,41.11515],[-3.82676,41.11269],[-3.82422,41.10858],[-3.81806,41.10725],[-3.81762,41.1066],[-3.81356,41.10336],[-3.81336,41.10049],[-3.81425,41.09735],[-3.81298,41.09628],[-3.80225,41.09508],[-3.7966,41.09329],[-3.79123,41.09649],[-3.78816,41.10106],[-3.78472,41.10818],[-3.78506,41.11018],[-3.77821,41.11449],[-3.76988,41.11721],[-3.76242,41.11895],[-3.75691,41.12943],[-3.75842,41.13893],[-3.75869,41.1423],[-3.77188,41.14502],[-3.77886,41.1487],[-3.78369,41.14795],[-3.78856,41.14763],[-3.79994,41.14478],[-3.80517,41.14511],[-3.81823,41.13609],[-3.83762,41.11626],[-3.83466,41.11657]]]}},{"type":"Feature","properties":{"COD_POSTAL":"40161"},"geometry":{"type":"Polygon","coordinates":[[[-3.83957,40.98381],[-3.83503,40.98426],[-3.83019,40.98641],[-3.82957,40.98886],[-3.82887,40.99043],[-3.82618,40.99269],[-3.82597,40.99314],[-3.82606,40.99461],[-3.82659,40.99588],[-3.82617,40.99767],[-3.82304,41.00137],[-3.82096,41.00301],[-3.81882,41.00614],[-3.81863,41.00683],[-3.81956,41.0164],[-3.81271,41.0356],[-3.81278,41.03664],[-3.80917,41.04104],[-3.80836,41.0467],[-3.80791,41.05271],[-3.81031,41.05934],[-3.81091,41.06339],[-3.81248,41.06734],[-3.81702,41.06873],[-3.81935,41.07325],[-3.82134,41.07803],[-3.82298,41.08038],[-3.8267,41.0835],[-3.83187,41.08628],[-3.8324,41.08571],[-3.83618,41.07909],[-3.83858,41.07687],[-3.84254,41.07191],[-3.84472,41.06959],[-3.84961,41.06628],[-3.84907,41.0656],[-3.84846,41.06244],[-3.84831,41.05884],[-3.84756,41.0569],[-3.84836,41.0558],[-3.84922,41.05113],[-3.85103,41.04591],[-3.8525,41.04396],[-3.85511,41.04159],[-3.85752,41.02579],[-3.85488,41.01424],[-3.85277,41.00083],[-3.84989,40.99759],[-3.84625,40.99281],[-3.84543,40.99094],[-3.84365,40.98546],[-3.84321,40.98291],[-3.84395,40.98253],[-3.83957,40.98381]]]}},{"type":"Feature","properties":{"COD_POSTAL":"40006"},"geometry":{"type":"Polygon","coordinates":[[[-4.11618,40.94028],[-4.1164,40.94022],[-4.11525,40.93854],[-4.117,40.93855],[-4.11677,40.93816],[-4.11637,40.93514],[-4.11718,40.93326],[-4.11775,40.93262],[-4.12093,40.93253],[-4.12253,40.93138],[-4.12328,40.93124],[-4.12357,40.92929],[-4.12326,40.92508],[-4.12332,40.92142],[-4.12304,40.91962],[-4.12317,40.91833],[-4.12167,40.91784],[-4.1162,40.91811],[-4.10947,40.91896],[-4.09524,40.92141],[-4.09222,40.92223],[-4.08796,40.92454],[-4.08627,40.92694],[-4.0874,40.92728],[-4.08789,40.92859],[-4.09536,40.93323],[-4.09884,40.93629],[-4.10089,40.93494],[-4.10493,40.933],[-4.10725,40.93244],[-4.10744,40.93269],[-4.10023,40.93574],[-4.10438,40.93938],[-4.10378,40.94006],[-4.10517,40.93942],[-4.10567,40.93891],[-4.10705,40.93652],[-4.1079,40.93447],[-4.10719,40.93338],[-4.1078,40.93289],[-4.10848,40.93343],[-4.1101,40.9362],[-4.11043,40.93593],[-4.11058,40.93615],[-4.11113,40.93706],[-4.11064,40.93703],[-4.11099,40.93753],[-4.11071,40.93805],[-4.11097,40.93812],[-4.11226,40.93989],[-4.11256,40.93979],[-4.11133,40.93776],[-4.11251,40.93623],[-4.1129,40.93625],[-4.11354,40.93688],[-4.11366,40.93746],[-4.11388,40.9374],[-4.11529,40.9392],[-4.11618,40.94028]]]}},{"type":"Feature","properties":{"COD_POSTAL":"40160"},"geometry":{"type":"Polygon","coordinates":[[[-3.90634,40.96155],[-3.90636,40.96255],[-3.90698,40.96292],[-3.91899,40.96408],[-3.92013,40.96465],[-3.92357,40.96556],[-3.92626,40.96585],[-3.92838,40.96644],[-3.934,40.9691],[-3.94148,40.96986],[-3.94535,40.97074],[-3.95217,40.97135],[-3.95492,40.97106],[-3.96076,40.96979],[-3.96005,40.97072],[-3.9596,40.97181],[-3.9595,40.97304],[-3.95889,40.9743],[-3.95578,40.97871],[-3.96358,40.98366],[-3.97163,40.98785],[-3.98183,40.99362],[-3.97999,40.99836],[-3.97996,40.99877],[-3.98033,40.99931],[-3.98397,41.00219],[-3.98912,41.00573],[-3.99708,41.01226],[-3.9981,41.01266],[-4.00307,41.01358],[-4.00259,41.01674],[-4.00085,41.01736],[-4.00149,41.01926],[-4.00145,41.02047],[-4.00465,41.0227],[-4.00922,41.0178],[-4.00597,41.01689],[-4.00524,41.01592],[-4.00438,41.01601],[-4.00391,41.01489],[-4.00452,41.01307],[-4.00738,41.0135],[-4.01463,41.0161],[-4.01871,41.01708],[-4.02373,41.01622],[-4.026,41.0151],[-4.0273,41.01547],[-4.03085,41.0134],[-4.03133,41.01217],[-4.03515,41.01312],[-4.03925,41.01242],[-4.0437,41.01114],[-4.04183,41.00915],[-4.04407,41.00558],[-4.04718,41.00574],[-4.04765,41.00431],[-4.04808,41.00375],[-4.04731,41.00333],[-4.04707,41.00251],[-4.04707,41.00027],[-4.04587,40.99868],[-4.04582,40.99818],[-4.0448,40.99719],[-4.04373,40.99434],[-4.04349,40.99254],[-4.04251,40.99059],[-4.04159,40.98579],[-4.04039,40.98474],[-4.03703,40.98331],[-4.04284,40.9806],[-4.04354,40.97983],[-4.04757,40.97895],[-4.04994,40.97778],[-4.05026,40.97755],[-4.05109,40.97551],[-4.04637,40.97542],[-4.0416,40.9747],[-4.03297,40.97185],[-4.02785,40.97081],[-4.02504,40.97065],[-4.02221,40.97016],[-4.01777,40.9692],[-4.01554,40.96821],[-4.01405,40.96818],[-4.01202,40.96891],[-4.00837,40.96799],[-4.0047,40.96737],[-3.98171,40.9604],[-3.97163,40.95705],[-3.95153,40.94986],[-3.94818,40.95016],[-3.93499,40.94778],[-3.91921,40.94653],[-3.92009,40.93773],[-3.91722,40.94315],[-3.91188,40.9447],[-3.91191,40.94576],[-3.91145,40.94671],[-3.91252,40.94918],[-3.90992,40.94976],[-3.90939,40.95188],[-3.90835,40.95296],[-3.90715,40.95515],[-3.90421,40.95654],[-3.9051,40.95888],[-3.90648,40.96108],[-3.90634,40.96155]]]}},{"type":"Feature","properties":{"COD_POSTAL":"40421"},"geometry":{"type":"Polygon","coordinates":[[[-4.2026,40.84871],[-4.20109,40.84568],[-4.20013,40.84543],[-4.19972,40.84466],[-4.19956,40.8435],[-4.19831,40.84265],[-4.19409,40.84127],[-4.18463,40.83655],[-4.18133,40.83349],[-4.17644,40.82957],[-4.17274,40.82525],[-4.1713,40.82213],[-4.16916,40.81872],[-4.16314,40.80445],[-4.15572,40.78882],[-4.15422,40.78864],[-4.14778,40.79027],[-4.14679,40.79123],[-4.14033,40.79008],[-4.13875,40.79033],[-4.13382,40.79008],[-4.13163,40.78961],[-4.13017,40.80022],[-4.13201,40.80481],[-4.13313,40.80601],[-4.13505,40.80705],[-4.13611,40.8079],[-4.13792,40.80982],[-4.14124,40.81433],[-4.14443,40.81786],[-4.1492,40.82116],[-4.15129,40.82302],[-4.15692,40.83127],[-4.15906,40.83357],[-4.16404,40.84178],[-4.16723,40.84642],[-4.17121,40.84895],[-4.17428,40.84998],[-4.17648,40.85126],[-4.17897,40.85187],[-4.1824,40.85152],[-4.1854,40.85042],[-4.18762,40.85028],[-4.18958,40.85072],[-4.19292,40.85214],[-4.19759,40.85206],[-4.1996,40.85291],[-4.20212,40.8525],[-4.20411,40.8525],[-4.20329,40.85022],[-4.2026,40.84871]]]}},{"type":"Feature","properties":{"COD_POSTAL":"40422"},"geometry":{"type":"Polygon","coordinates":[[[-4.16314,40.80445],[-4.16916,40.81872],[-4.1713,40.82213],[-4.17274,40.82525],[-4.17644,40.82957],[-4.18133,40.83349],[-4.18463,40.83655],[-4.19409,40.84127],[-4.19831,40.84265],[-4.19956,40.8435],[-4.19972,40.84466],[-4.20013,40.84543],[-4.20109,40.84568],[-4.20209,40.84742],[-4.20411,40.8525],[-4.20842,40.85336],[-4.20889,40.85433],[-4.21174,40.85572],[-4.2155,40.85856],[-4.21605,40.85876],[-4.21682,40.85956],[-4.22195,40.86256],[-4.22289,40.86204],[-4.22827,40.86156],[-4.23585,40.85828],[-4.236,40.85621],[-4.23791,40.85301],[-4.23846,40.84941],[-4.23875,40.84873],[-4.24435,40.84563],[-4.24765,40.84239],[-4.24693,40.83832],[-4.24549,40.8355],[-4.24409,40.83355],[-4.24222,40.82894],[-4.23964,40.82639],[-4.23785,40.82391],[-4.23543,40.82216],[-4.23447,40.821],[-4.23295,40.81976],[-4.23302,40.81928],[-4.23819,40.81439],[-4.23952,40.81257],[-4.2404,40.81248],[-4.24108,40.81143],[-4.24232,40.81033],[-4.24555,40.80814],[-4.2468,40.80654],[-4.24616,40.80396],[-4.24663,40.80197],[-4.24667,40.80038],[-4.24802,40.79941],[-4.2459,40.79635],[-4.24511,40.79423],[-4.24527,40.79354],[-4.24638,40.79221],[-4.24789,40.79207],[-4.24915,40.79164],[-4.24737,40.79009],[-4.24666,40.78822],[-4.24087,40.78936],[-4.23516,40.79147],[-4.23314,40.79153],[-4.23153,40.79078],[-4.2302,40.78961],[-4.22887,40.78753],[-4.22717,40.78617],[-4.22412,40.78533],[-4.22266,40.78516],[-4.21898,40.7861],[-4.21698,40.78627],[-4.21233,40.78604],[-4.21178,40.78671],[-4.20025,40.78686],[-4.19722,40.78577],[-4.19503,40.78536],[-4.18613,40.78437],[-4.18144,40.78514],[-4.1748,40.787],[-4.17105,40.78674],[-4.16996,40.7873],[-4.16795,40.78893],[-4.16671,40.78926],[-4.16597,40.79017],[-4.15872,40.78843],[-4.15572,40.78882],[-4.16314,40.80445]]]}},{"type":"Feature","properties":{"COD_POSTAL":"40235"},"geometry":{"type":"Polygon","coordinates":[[[-4.09709,41.4765],[-4.09519,41.47522],[-4.0932,41.47457],[-4.09169,41.47243],[-4.08077,41.46097],[-4.07075,41.45813],[-4.06841,41.45629],[-4.06559,41.45724],[-4.06421,41.4582],[-4.0621,41.45859],[-4.05753,41.46081],[-4.05646,41.46217],[-4.05471,41.4617],[-4.05387,41.45912],[-4.05223,41.45836],[-4.05202,41.45712],[-4.04127,41.4516],[-4.03744,41.45663],[-4.02825,41.46462],[-4.02524,41.46905],[-4.02274,41.47128],[-4.02165,41.47654],[-4.02415,41.47706],[-4.02352,41.48198],[-4.02404,41.48286],[-4.02674,41.48198],[-4.02793,41.481],[-4.03548,41.48164],[-4.03803,41.48156],[-4.03881,41.48182],[-4.04519,41.4867],[-4.04654,41.48747],[-4.05015,41.48854],[-4.05704,41.48871],[-4.06739,41.48761],[-4.06884,41.48856],[-4.07051,41.48905],[-4.07192,41.48912],[-4.07365,41.49271],[-4.07409,41.49429],[-4.07458,41.49497],[-4.07866,41.4954],[-4.0895,41.49183],[-4.09495,41.48964],[-4.10023,41.48686],[-4.09918,41.48068],[-4.09709,41.4765]]]}},{"type":"Feature","properties":{"COD_POSTAL":"40518"},"geometry":{"type":"Polygon","coordinates":[[[-3.51265,41.37992],[-3.48358,41.38128],[-3.49093,41.36034],[-3.49421,41.34179],[-3.51676,41.32934],[-3.51481,41.3284],[-3.51223,41.32808],[-3.50672,41.32791],[-3.50581,41.32808],[-3.50336,41.32702],[-3.50062,41.32634],[-3.49888,41.3262],[-3.48966,41.3244],[-3.48748,41.32363],[-3.48438,41.32298],[-3.48233,41.32224],[-3.48206,41.32189],[-3.48068,41.31726],[-3.47763,41.31603],[-3.47255,41.31477],[-3.47194,41.31472],[-3.47101,41.31509],[-3.46956,41.31496],[-3.46814,41.31546],[-3.46648,41.31935],[-3.46528,41.32088],[-3.46819,41.32173],[-3.46691,41.32257],[-3.46471,41.32521],[-3.4641,41.32272],[-3.46071,41.31878],[-3.45976,41.31789],[-3.45563,41.31608],[-3.4521,41.31623],[-3.44822,41.31588],[-3.44722,41.31819],[-3.44501,41.32063],[-3.44494,41.32273],[-3.44468,41.32349],[-3.44497,41.32442],[-3.44499,41.32637],[-3.4444,41.32855],[-3.44449,41.3303],[-3.44405,41.33425],[-3.44786,41.33961],[-3.44837,41.34075],[-3.44653,41.34392],[-3.45126,41.34562],[-3.45051,41.34656],[-3.45054,41.34762],[-3.44988,41.34844],[-3.44954,41.3506],[-3.45073,41.35394],[-3.45059,41.35456],[-3.44894,41.35628],[-3.45132,41.35726],[-3.45367,41.35737],[-3.45504,41.3578],[-3.45553,41.35819],[-3.45951,41.35931],[-3.46122,41.36088],[-3.46269,41.36282],[-3.46385,41.36626],[-3.46503,41.36827],[-3.46632,41.37142],[-3.46598,41.37241],[-3.46857,41.37664],[-3.47114,41.38029],[-3.4763,41.38463],[-3.47787,41.38671],[-3.47754,41.38807],[-3.47694,41.38927],[-3.4749,41.39194],[-3.47446,41.39365],[-3.47427,41.40398],[-3.4748,41.40399],[-3.47429,41.40503],[-3.47415,41.40684],[-3.47481,41.41057],[-3.48351,41.41025],[-3.48791,41.41055],[-3.49069,41.41005],[-3.49202,41.40925],[-3.49471,41.40951],[-3.49591,41.41002],[-3.49743,41.40993],[-3.50095,41.41572],[-3.50427,41.41697],[-3.50654,41.41681],[-3.51286,41.41781],[-3.51682,41.41653],[-3.52352,41.41611],[-3.53089,41.41445],[-3.53461,41.41389],[-3.54551,41.41133],[-3.54843,41.41024],[-3.54672,41.40841],[-3.5451,41.40575],[-3.54483,41.4046],[-3.5447,41.40023],[-3.54421,41.39674],[-3.54419,41.39542],[-3.54502,41.39054],[-3.54862,41.38955],[-3.54777,41.38812],[-3.54483,41.3846],[-3.541,41.38145],[-3.53967,41.38003],[-3.53696,41.37691],[-3.53596,41.3753],[-3.53215,41.37062],[-3.52572,41.36398],[-3.51943,41.36719],[-3.51265,41.37992]]]}},{"type":"Feature","properties":{"COD_POSTAL":"40350"},"geometry":{"type":"Polygon","coordinates":[[[-4.15497,41.15188],[-4.15221,41.14763],[-4.15061,41.14876],[-4.14857,41.14737],[-4.14872,41.14658],[-4.14656,41.14637],[-4.14489,41.14567],[-4.14112,41.14318],[-4.14023,41.14183],[-4.13868,41.14267],[-4.13151,41.13608],[-4.12555,41.13097],[-4.1236,41.13185],[-4.1241,41.13324],[-4.12261,41.13374],[-4.11931,41.13401],[-4.11173,41.13276],[-4.11161,41.13455],[-4.10675,41.13649],[-4.09307,41.14047],[-4.0875,41.14307],[-4.08622,41.14313],[-4.08482,41.14167],[-4.07419,41.15082],[-4.07499,41.15211],[-4.07941,41.15605],[-4.07621,41.16132],[-4.07419,41.16268],[-4.0767,41.1628],[-4.07876,41.16419],[-4.08319,41.17051],[-4.08665,41.177],[-4.09003,41.18208],[-4.09009,41.18421],[-4.09042,41.18588],[-4.09192,41.19],[-4.0956,41.18979],[-4.10038,41.19003],[-4.10465,41.18971],[-4.10652,41.19036],[-4.10573,41.19396],[-4.11828,41.19431],[-4.12163,41.1873],[-4.12528,41.19235],[-4.12982,41.18684],[-4.13566,41.18976],[-4.13831,41.19198],[-4.13891,41.1928],[-4.13847,41.18786],[-4.13863,41.18575],[-4.14046,41.18185],[-4.14097,41.18008],[-4.14395,41.17697],[-4.14519,41.17474],[-4.14483,41.1744],[-4.14942,41.17066],[-4.15194,41.16477],[-4.15015,41.15997],[-4.15281,41.15747],[-4.15672,41.1568],[-4.15511,41.15387],[-4.15098,41.15443],[-4.15056,41.15147],[-4.15458,41.15184],[-4.15497,41.15188]]]}},{"type":"Feature","properties":{"COD_POSTAL":"40233"},"geometry":{"type":"Polygon","coordinates":[[[-4.18123,41.4108],[-4.17818,41.41266],[-4.17873,41.41919],[-4.17731,41.4241],[-4.18276,41.43586],[-4.18221,41.44828],[-4.18439,41.45612],[-4.18472,41.46146],[-4.18178,41.47214],[-4.18312,41.47424],[-4.19746,41.4711],[-4.19726,41.47061],[-4.20063,41.46951],[-4.20194,41.46884],[-4.22784,41.45997],[-4.21445,41.45143],[-4.20502,41.43786],[-4.20301,41.43086],[-4.20518,41.42085],[-4.20707,41.4184],[-4.20613,41.41655],[-4.20559,41.41436],[-4.20116,41.41223],[-4.20303,41.4107],[-4.20296,41.40563],[-4.20242,41.4035],[-4.20342,41.40093],[-4.20285,41.39695],[-4.19958,41.39672],[-4.18762,41.39903],[-4.18531,41.39879],[-4.18148,41.4],[-4.18123,41.4108]]]}},{"type":"Feature","properties":{"COD_POSTAL":"40194"},"geometry":{"type":"Polygon","coordinates":[[[-4.06502,40.90572],[-4.06417,40.90598],[-4.06262,40.90733],[-4.06034,40.91086],[-4.0473,40.90909],[-4.04792,40.90828],[-4.04708,40.90635],[-4.04491,40.90727],[-4.04134,40.9096],[-4.03722,40.91065],[-4.03563,40.91189],[-4.03248,40.91589],[-4.03136,40.91518],[-4.03067,40.9134],[-4.02931,40.91322],[-4.02855,40.91389],[-4.02749,40.91406],[-4.02696,40.91338],[-4.02131,40.91328],[-4.01928,40.91417],[-4.01514,40.91516],[-4.01011,40.9169],[-4.00835,40.91655],[-4.00809,40.91588],[-4.00716,40.91651],[-4.00628,40.91798],[-4.00204,40.92196],[-3.99995,40.92195],[-3.99553,40.92275],[-3.99473,40.92215],[-3.99036,40.92227],[-3.98964,40.92139],[-3.98723,40.92127],[-3.9848,40.92045],[-3.98239,40.92046],[-3.97994,40.92126],[-3.97837,40.9215],[-3.97505,40.91862],[-3.97164,40.91885],[-3.97253,40.91647],[-3.97485,40.91445],[-3.97713,40.91127],[-3.9785,40.90692],[-3.98015,40.90373],[-3.98474,40.90086],[-3.98496,40.89924],[-3.98399,40.89912],[-3.98412,40.89842],[-3.97685,40.90045],[-3.97532,40.89971],[-3.97273,40.90107],[-3.97118,40.90055],[-3.96928,40.89881],[-3.96757,40.89878],[-3.96661,40.90008],[-3.96431,40.90086],[-3.96273,40.90257],[-3.96145,40.90356],[-3.95873,40.90379],[-3.95391,40.90347],[-3.94886,40.90415],[-3.94561,40.90356],[-3.94285,40.90909],[-3.9421,40.91164],[-3.94114,40.91262],[-3.93763,40.91521],[-3.93731,40.91593],[-3.93663,40.92092],[-3.93783,40.92644],[-3.93373,40.92723],[-3.9298,40.92705],[-3.92737,40.92765],[-3.92175,40.92995],[-3.92017,40.93703],[-3.91921,40.94653],[-3.93499,40.94778],[-3.94818,40.95016],[-3.95153,40.94986],[-3.97163,40.95705],[-3.98171,40.9604],[-4.0047,40.96737],[-4.00837,40.96799],[-4.01202,40.96891],[-4.01405,40.96818],[-4.01554,40.96821],[-4.01777,40.9692],[-4.02504,40.97065],[-4.03056,40.97126],[-4.03297,40.97185],[-4.0416,40.9747],[-4.04637,40.97542],[-4.05036,40.97557],[-4.05629,40.97526],[-4.05832,40.97479],[-4.06541,40.97521],[-4.06774,40.97287],[-4.06807,40.97202],[-4.06797,40.97132],[-4.06771,40.97095],[-4.06244,40.9692],[-4.06098,40.96941],[-4.05973,40.96928],[-4.058,40.9677],[-4.05679,40.96728],[-4.05591,40.96467],[-4.0546,40.96348],[-4.05411,40.96262],[-4.05437,40.95795],[-4.05423,40.95665],[-4.05734,40.95494],[-4.05753,40.95451],[-4.05825,40.95419],[-4.05788,40.95257],[-4.05857,40.95084],[-4.0581,40.94986],[-4.06147,40.94934],[-4.0637,40.94799],[-4.06707,40.94666],[-4.06913,40.94617],[-4.07113,40.946],[-4.07118,40.94518],[-4.07148,40.94479],[-4.07721,40.94293],[-4.07893,40.94209],[-4.08183,40.94019],[-4.08337,40.93967],[-4.08336,40.93826],[-4.08107,40.93751],[-4.07972,40.93814],[-4.0795,40.93805],[-4.07823,40.93563],[-4.07695,40.93614],[-4.07644,40.93582],[-4.07634,40.93446],[-4.07313,40.93373],[-4.07463,40.93262],[-4.07316,40.93017],[-4.07397,40.92996],[-4.07399,40.92933],[-4.07612,40.92751],[-4.07627,40.92623],[-4.07757,40.92466],[-4.0791,40.92367],[-4.07621,40.91702],[-4.0747,40.91491],[-4.07428,40.91388],[-4.07474,40.91365],[-4.07385,40.91209],[-4.07125,40.91225],[-4.07095,40.91139],[-4.06895,40.91166],[-4.06844,40.91146],[-4.0679,40.91043],[-4.07283,40.90778],[-4.0763,40.9045],[-4.07925,40.9],[-4.07475,40.89467],[-4.06871,40.88914],[-4.06243,40.88551],[-4.06114,40.88816],[-4.05924,40.89019],[-4.05463,40.89916],[-4.05272,40.90209],[-4.05421,40.90368],[-4.05758,40.90135],[-4.06396,40.90178],[-4.06463,40.90352],[-4.06606,40.90379],[-4.06597,40.90459],[-4.06502,40.90572]]]}},{"type":"Feature","properties":{"COD_POSTAL":"40318"},"geometry":{"type":"Polygon","coordinates":[[[-3.71125,41.1709],[-3.70796,41.17388],[-3.70704,41.17745],[-3.70527,41.17883],[-3.70615,41.18294],[-3.70377,41.18549],[-3.70236,41.18754],[-3.70104,41.18966],[-3.70112,41.19083],[-3.69639,41.19174],[-3.69425,41.19349],[-3.6939,41.19499],[-3.6949,41.19588],[-3.69472,41.19692],[-3.69895,41.19774],[-3.70161,41.19879],[-3.70312,41.19993],[-3.70597,41.20297],[-3.71022,41.20499],[-3.71229,41.21362],[-3.71412,41.21591],[-3.71499,41.21851],[-3.71719,41.22063],[-3.7235,41.22358],[-3.72441,41.22697],[-3.7276,41.22928],[-3.72874,41.2375],[-3.72839,41.24421],[-3.72064,41.25385],[-3.72419,41.26234],[-3.7245,41.26959],[-3.72519,41.27166],[-3.72419,41.27565],[-3.72414,41.277],[-3.72628,41.27864],[-3.73001,41.28022],[-3.73256,41.28807],[-3.7346,41.28473],[-3.7354,41.28249],[-3.73512,41.28144],[-3.73606,41.27989],[-3.73601,41.27934],[-3.73628,41.2787],[-3.73738,41.27811],[-3.73882,41.27781],[-3.74237,41.27822],[-3.74357,41.27755],[-3.74544,41.27767],[-3.74609,41.27751],[-3.75288,41.27891],[-3.75358,41.27475],[-3.7526,41.27122],[-3.76032,41.26305],[-3.76296,41.25956],[-3.76779,41.24884],[-3.78026,41.23269],[-3.78203,41.22905],[-3.78553,41.2164],[-3.77822,41.21573],[-3.76831,41.21679],[-3.75425,41.20801],[-3.75013,41.20792],[-3.75112,41.20552],[-3.75325,41.20384],[-3.75469,41.1988],[-3.75335,41.1971],[-3.74955,41.19584],[-3.74158,41.18682],[-3.74382,41.17704],[-3.73623,41.17443],[-3.73508,41.17014],[-3.73562,41.16881],[-3.71125,41.1709]]]}},{"type":"Feature","properties":{"COD_POSTAL":"40238"},"geometry":{"type":"MultiPolygon","coordinates":[[[[-3.93458,41.46639],[-3.93398,41.4916],[-3.93559,41.49041],[-3.93881,41.48873],[-3.94157,41.48765],[-3.94865,41.48609],[-3.9509,41.48604],[-3.95342,41.48687],[-3.95513,41.48635],[-3.95611,41.4868],[-3.95657,41.48775],[-3.96034,41.48591],[-3.96075,41.48523],[-3.96137,41.48491],[-3.9618,41.48521],[-3.96283,41.48509],[-3.96293,41.48433],[-3.96385,41.48397],[-3.96259,41.48211],[-3.96176,41.48008],[-3.9612,41.47679],[-3.96138,41.47522],[-3.96187,41.47475],[-3.96819,41.47235],[-3.97081,41.4716],[-3.97241,41.46993],[-3.97162,41.46852],[-3.97032,41.46746],[-3.96788,41.46467],[-3.9665,41.46228],[-3.96622,41.46089],[-3.96546,41.45979],[-3.96398,41.45853],[-3.96201,41.45763],[-3.95903,41.45552],[-3.95796,41.45506],[-3.95181,41.45359],[-3.94878,41.45264],[-3.9448,41.45079],[-3.94322,41.44945],[-3.94207,41.45104],[-3.9419,41.45345],[-3.94089,41.45901],[-3.94068,41.46187],[-3.94088,41.46435],[-3.93698,41.46751],[-3.93458,41.46639]]],[[[-3.87171,41.47901],[-3.87102,41.48024],[-3.86636,41.47917],[-3.86601,41.48089],[-3.86596,41.48303],[-3.86715,41.48787],[-3.86685,41.48889],[-3.86506,41.49057],[-3.85828,41.48798],[-3.85645,41.48699],[-3.85524,41.48803],[-3.8534,41.48736],[-3.85278,41.48763],[-3.85212,41.48815],[-3.84574,41.49779],[-3.84559,41.49854],[-3.84801,41.50114],[-3.84228,41.50062],[-3.84336,41.50171],[-3.84414,41.50374],[-3.84486,41.50463],[-3.84726,41.50728],[-3.85275,41.51256],[-3.85642,41.51856],[-3.85897,41.52182],[-3.86177,41.52652],[-3.8637,41.52897],[-3.86795,41.53248],[-3.87008,41.53348],[-3.87216,41.53356],[-3.87513,41.53475],[-3.87832,41.53425],[-3.88286,41.53403],[-3.88578,41.53231],[-3.8852,41.52993],[-3.88752,41.52707],[-3.89399,41.52851],[-3.89424,41.529],[-3.89547,41.52915],[-3.89682,41.52626],[-3.89679,41.52477],[-3.89811,41.52319],[-3.89382,41.5173],[-3.8953,41.51717],[-3.89536,41.51673],[-3.90262,41.51371],[-3.89967,41.51274],[-3.89275,41.51262],[-3.89174,41.51135],[-3.89069,41.50919],[-3.89075,41.50671],[-3.8971,41.50413],[-3.90159,41.50331],[-3.90231,41.50097],[-3.89882,41.49713],[-3.8967,41.49331],[-3.87171,41.47901]]]]}},{"type":"Feature","properties":{"COD_POSTAL":"40320"},"geometry":{"type":"Polygon","coordinates":[[[-3.90257,41.25569],[-3.90293,41.25551],[-3.90415,41.25962],[-3.90676,41.26212],[-3.907,41.26825],[-3.90685,41.27063],[-3.9083,41.27566],[-3.91104,41.27978],[-3.91864,41.28613],[-3.92885,41.28649],[-3.93496,41.28569],[-3.94121,41.28547],[-3.94299,41.28574],[-3.94345,41.28683],[-3.94901,41.28672],[-3.95344,41.28933],[-3.96179,41.29158],[-3.96893,41.29303],[-3.9703,41.29411],[-3.97116,41.2953],[-3.97178,41.29672],[-3.9996,41.30071],[-4.00432,41.30062],[-4.00528,41.30087],[-4.01324,41.30564],[-4.01941,41.30879],[-4.03144,41.29596],[-4.03446,41.29756],[-4.03669,41.29276],[-4.03758,41.29165],[-4.03534,41.29132],[-4.03306,41.29224],[-4.03256,41.29137],[-4.03263,41.29107],[-4.03489,41.28875],[-4.03481,41.28858],[-4.0334,41.28854],[-4.03286,41.28822],[-4.03285,41.28687],[-4.03324,41.28681],[-4.03368,41.28725],[-4.0346,41.28736],[-4.0347,41.28713],[-4.03419,41.28642],[-4.03441,41.28602],[-4.0341,41.28561],[-4.03327,41.28602],[-4.03266,41.28583],[-4.03152,41.28464],[-4.03016,41.28184],[-4.03071,41.28107],[-4.03152,41.28062],[-4.03366,41.28073],[-4.0342,41.28061],[-4.03492,41.28001],[-4.03409,41.27854],[-4.03404,41.27802],[-4.03459,41.27711],[-4.03618,41.27588],[-4.03621,41.27532],[-4.03531,41.27454],[-4.0342,41.27418],[-4.03133,41.27482],[-4.03036,41.27465],[-4.02716,41.2758],[-4.02473,41.27407],[-4.02372,41.27399],[-4.01946,41.27463],[-4.01835,41.27414],[-4.0166,41.27258],[-4.01347,41.27193],[-4.01226,41.27061],[-4.01121,41.26514],[-4.01146,41.26349],[-4.01117,41.26288],[-4.00849,41.2607],[-3.99492,41.25567],[-3.99468,41.2552],[-3.99489,41.25209],[-3.99322,41.25156],[-3.99236,41.25099],[-3.9826,41.24058],[-3.98215,41.24067],[-3.97979,41.24255],[-3.97904,41.24237],[-3.97941,41.24181],[-3.97783,41.23942],[-3.97865,41.23515],[-3.97841,41.23376],[-3.97562,41.23335],[-3.97469,41.23345],[-3.97167,41.23414],[-3.96454,41.23489],[-3.9609,41.23592],[-3.95823,41.23609],[-3.95275,41.23853],[-3.95094,41.23993],[-3.94994,41.24014],[-3.94653,41.24175],[-3.94327,41.24358],[-3.94173,41.24478],[-3.93021,41.24472],[-3.92187,41.2453],[-3.92105,41.24579],[-3.91408,41.244],[-3.91016,41.24341],[-3.90346,41.24802],[-3.90361,41.25101],[-3.90215,41.25591],[-3.90257,41.25569]]]}},{"type":"Feature","properties":{"COD_POSTAL":"40480"},"geometry":{"type":"Polygon","coordinates":[[[-4.54551,41.19067],[-4.54341,41.19003],[-4.5392,41.18937],[-4.53754,41.18987],[-4.53701,41.18922],[-4.53708,41.18855],[-4.53782,41.18697],[-4.53774,41.18608],[-4.53718,41.18528],[-4.53747,41.18417],[-4.5387,41.18314],[-4.54001,41.18269],[-4.54045,41.18198],[-4.5404,41.18091],[-4.53902,41.1771],[-4.53921,41.17513],[-4.53863,41.17429],[-4.53722,41.17371],[-4.53803,41.1719],[-4.5378,41.17135],[-4.53705,41.17064],[-4.53673,41.16975],[-4.53784,41.16865],[-4.5382,41.16786],[-4.53744,41.16733],[-4.53576,41.16682],[-4.53463,41.16579],[-4.53365,41.16412],[-4.53207,41.16328],[-4.52973,41.16256],[-4.52362,41.1617],[-4.51985,41.16569],[-4.51844,41.1668],[-4.51757,41.17025],[-4.51238,41.17071],[-4.51042,41.17142],[-4.50652,41.17197],[-4.49945,41.17438],[-4.49424,41.17523],[-4.49111,41.17899],[-4.4872,41.18115],[-4.48621,41.18253],[-4.48578,41.1837],[-4.48357,41.18695],[-4.4854,41.18829],[-4.48674,41.18982],[-4.48769,41.19193],[-4.49098,41.19586],[-4.48855,41.19826],[-4.48725,41.19865],[-4.48525,41.19873],[-4.48546,41.19929],[-4.48363,41.20039],[-4.48194,41.20099],[-4.48149,41.20204],[-4.48294,41.20566],[-4.48267,41.20757],[-4.48348,41.21246],[-4.4831,41.21284],[-4.48291,41.21485],[-4.48208,41.21666],[-4.48333,41.22177],[-4.48013,41.22655],[-4.47739,41.22971],[-4.47585,41.2322],[-4.47333,41.23289],[-4.47189,41.23744],[-4.4701,41.24047],[-4.46915,41.24118],[-4.46394,41.24257],[-4.45976,41.24665],[-4.45653,41.24659],[-4.45165,41.24761],[-4.44945,41.24754],[-4.44378,41.24881],[-4.44829,41.25156],[-4.45131,41.25381],[-4.46383,41.25926],[-4.46832,41.26228],[-4.47241,41.26462],[-4.48076,41.26844],[-4.48149,41.26964],[-4.48347,41.27011],[-4.48771,41.27039],[-4.49458,41.27825],[-4.50549,41.27982],[-4.5085,41.28075],[-4.51853,41.28118],[-4.51946,41.28087],[-4.52619,41.28006],[-4.52932,41.28032],[-4.53033,41.28013],[-4.53101,41.28044],[-4.54253,41.27692],[-4.54618,41.27547],[-4.5492,41.27357],[-4.55174,41.2716],[-4.5547,41.27135],[-4.55939,41.26923],[-4.56029,41.26929],[-4.56026,41.26839],[-4.56104,41.26733],[-4.56194,41.26672],[-4.56214,41.26561],[-4.56126,41.26298],[-4.55956,41.26173],[-4.55546,41.26018],[-4.55352,41.25895],[-4.55121,41.25715],[-4.55063,41.25588],[-4.55099,41.25396],[-4.55046,41.25016],[-4.54942,41.24811],[-4.54944,41.24622],[-4.54996,41.2435],[-4.55136,41.24394],[-4.5523,41.242],[-4.55078,41.23944],[-4.54924,41.23805],[-4.55353,41.23581],[-4.55761,41.23464],[-4.5475,41.21411],[-4.54715,41.19074],[-4.54551,41.19067]]]}},{"type":"Feature","properties":{"COD_POSTAL":"40514"},"geometry":{"type":"Polygon","coordinates":[[[-3.42544,41.40277],[-3.43164,41.39897],[-3.43454,41.39851],[-3.43518,41.3972],[-3.43594,41.39693],[-3.43499,41.39173],[-3.43737,41.3901],[-3.43971,41.38777],[-3.44403,41.38195],[-3.44653,41.38241],[-3.44729,41.382],[-3.45287,41.36716],[-3.44901,41.36626],[-3.44525,41.37274],[-3.4433,41.37362],[-3.44288,41.37406],[-3.43411,41.37428],[-3.43249,41.376],[-3.43072,41.3758],[-3.42984,41.37739],[-3.42823,41.378],[-3.42843,41.37935],[-3.42821,41.37975],[-3.42757,41.38004],[-3.42483,41.38032],[-3.4169,41.37733],[-3.40534,41.37514],[-3.40176,41.36515],[-3.39246,41.34903],[-3.3927,41.34544],[-3.39037,41.343],[-3.38758,41.33917],[-3.38461,41.33632],[-3.38438,41.33938],[-3.38641,41.34131],[-3.38497,41.34266],[-3.37956,41.34497],[-3.37856,41.34824],[-3.37868,41.34882],[-3.37843,41.34991],[-3.37689,41.35143],[-3.37007,41.35617],[-3.36808,41.358],[-3.36703,41.35963],[-3.36656,41.36198],[-3.3628,41.35165],[-3.35455,41.33359],[-3.34506,41.3296],[-3.34274,41.33359],[-3.34047,41.33663],[-3.33975,41.33639],[-3.33984,41.33897],[-3.33331,41.34227],[-3.33111,41.34378],[-3.33005,41.34401],[-3.33245,41.34788],[-3.32508,41.34749],[-3.31767,41.34477],[-3.32017,41.34851],[-3.30286,41.36319],[-3.30597,41.36832],[-3.32922,41.37627],[-3.3353,41.3824],[-3.34124,41.39154],[-3.34786,41.39363],[-3.35053,41.39487],[-3.34964,41.39543],[-3.39192,41.39953],[-3.42544,41.40277]]]}},{"type":"Feature","properties":{"COD_POSTAL":"40515"},"geometry":{"type":"Polygon","coordinates":[[[-3.41093,41.2599],[-3.41216,41.25972],[-3.41458,41.26012],[-3.41511,41.26047],[-3.41795,41.26315],[-3.42233,41.26803],[-3.42643,41.27199],[-3.42913,41.27122],[-3.429,41.26985],[-3.43083,41.26872],[-3.4328,41.26651],[-3.43428,41.26658],[-3.43659,41.26607],[-3.44299,41.26667],[-3.44693,41.26645],[-3.44774,41.26578],[-3.44776,41.26416],[-3.44827,41.26362],[-3.45108,41.26206],[-3.45229,41.26197],[-3.45312,41.26161],[-3.45806,41.25832],[-3.46641,41.25781],[-3.46617,41.25543],[-3.4657,41.25494],[-3.46531,41.25245],[-3.46405,41.25205],[-3.4612,41.25003],[-3.4629,41.24827],[-3.46344,41.24728],[-3.46353,41.24606],[-3.46174,41.2411],[-3.45953,41.23729],[-3.45958,41.23508],[-3.46038,41.23329],[-3.4594,41.23161],[-3.45966,41.22695],[-3.45782,41.22486],[-3.45409,41.21819],[-3.45377,41.21725],[-3.45372,41.21468],[-3.45222,41.21753],[-3.45028,41.21595],[-3.44948,41.2146],[-3.44935,41.21394],[-3.44996,41.21006],[-3.45097,41.20738],[-3.4512,41.20705],[-3.45198,41.20689],[-3.45458,41.20664],[-3.45494,41.20534],[-3.45495,41.20383],[-3.45397,41.20195],[-3.45316,41.20303],[-3.44987,41.20565],[-3.44897,41.20672],[-3.44783,41.20989],[-3.44415,41.21534],[-3.44063,41.21514],[-3.43392,41.21564],[-3.43319,41.21554],[-3.43234,41.21495],[-3.42514,41.21422],[-3.42312,41.21536],[-3.42006,41.21644],[-3.41946,41.21645],[-3.41689,41.21578],[-3.41448,41.21479],[-3.41048,41.2123],[-3.40921,41.21182],[-3.40793,41.21197],[-3.4033,41.21355],[-3.40249,41.21362],[-3.40338,41.21573],[-3.40426,41.21877],[-3.40424,41.22118],[-3.40243,41.22401],[-3.40268,41.22739],[-3.40334,41.22895],[-3.40529,41.23118],[-3.40631,41.2336],[-3.40631,41.23417],[-3.40376,41.23819],[-3.40289,41.23869],[-3.40177,41.23872],[-3.40012,41.23992],[-3.39799,41.24325],[-3.39933,41.24781],[-3.40023,41.24928],[-3.40036,41.24995],[-3.39948,41.25313],[-3.3995,41.25454],[-3.40069,41.25539],[-3.40364,41.25837],[-3.40574,41.25959],[-3.40751,41.26014],[-3.41062,41.25994],[-3.41093,41.2599]]]}},{"type":"Feature","properties":{"COD_POSTAL":"40260"},"geometry":{"type":"Polygon","coordinates":[[[-4.22015,41.20823],[-4.2114,41.20778],[-4.20548,41.20656],[-4.20197,41.20684],[-4.18415,41.20583],[-4.17921,41.204],[-4.16756,41.20396],[-4.15967,41.20827],[-4.15421,41.20655],[-4.15364,41.20733],[-4.1539,41.20786],[-4.15277,41.21015],[-4.15272,41.21121],[-4.15155,41.21259],[-4.14897,41.21658],[-4.1478,41.22272],[-4.14659,41.22464],[-4.14618,41.22589],[-4.14631,41.23028],[-4.14591,41.23209],[-4.14863,41.2327],[-4.14912,41.23458],[-4.14511,41.23657],[-4.14521,41.23882],[-4.14741,41.2418],[-4.15026,41.24996],[-4.15093,41.25307],[-4.15427,41.25502],[-4.16282,41.25712],[-4.16438,41.25668],[-4.17099,41.25349],[-4.1821,41.25069],[-4.19612,41.24992],[-4.2099,41.24989],[-4.21772,41.24381],[-4.22338,41.2375],[-4.22393,41.22569],[-4.22158,41.22042],[-4.22346,41.21669],[-4.22209,41.21173],[-4.22015,41.20823]]]}},{"type":"Feature","properties":{"COD_POSTAL":"40192"},"geometry":{"type":"Polygon","coordinates":[[[-4.07569,41.0612],[-4.07459,41.05893],[-4.07499,41.05767],[-4.07726,41.05375],[-4.07706,41.0535],[-4.0735,41.05206],[-4.07194,41.05178],[-4.06745,41.05357],[-4.06346,41.05223],[-4.05878,41.05006],[-4.0553,41.04703],[-4.05394,41.04623],[-4.0445,41.04508],[-4.0435,41.04419],[-4.03993,41.04435],[-4.03879,41.04328],[-4.03148,41.04566],[-4.0304,41.04626],[-4.02437,41.05069],[-4.02277,41.05253],[-4.02224,41.05412],[-4.01731,41.05403],[-4.0166,41.05309],[-4.01366,41.05419],[-4.00911,41.05823],[-4.00285,41.06609],[-4.00426,41.07025],[-4.00455,41.07201],[-4.00451,41.07308],[-4.00391,41.07473],[-4.00469,41.07715],[-4.0049,41.07864],[-4.00345,41.07959],[-4.00344,41.08005],[-4.00411,41.08147],[-4.00577,41.08227],[-4.00636,41.08359],[-4.00754,41.08482],[-4.00719,41.08547],[-4.0096,41.0863],[-4.00841,41.09008],[-4.0085,41.09693],[-4.00643,41.0995],[-4.005,41.10172],[-4.00403,41.10375],[-4.00374,41.10488],[-4.0037,41.10734],[-4.00389,41.10979],[-4.00602,41.1154],[-4.00685,41.12015],[-4.00869,41.12252],[-4.00874,41.12314],[-4.00945,41.12472],[-4.01006,41.12779],[-4.01122,41.13115],[-4.01139,41.13199],[-4.01115,41.13299],[-4.01725,41.13492],[-4.01806,41.13482],[-4.01876,41.13524],[-4.01985,41.13523],[-4.01975,41.1362],[-4.06472,41.10512],[-4.06267,41.10283],[-4.06767,41.10172],[-4.06826,41.09949],[-4.07476,41.09629],[-4.07779,41.09299],[-4.07872,41.0931],[-4.08013,41.09275],[-4.08102,41.09099],[-4.08179,41.08741],[-4.08258,41.08554],[-4.08466,41.08351],[-4.08566,41.08306],[-4.08703,41.08178],[-4.08332,41.07982],[-4.08273,41.0797],[-4.08261,41.07838],[-4.08051,41.07794],[-4.0801,41.07544],[-4.07935,41.07472],[-4.07912,41.07071],[-4.07717,41.07015],[-4.07906,41.06813],[-4.07855,41.06697],[-4.07667,41.06452],[-4.07726,41.06375],[-4.07569,41.0612]]]}},{"type":"Feature","properties":{"COD_POSTAL":"40217"},"geometry":{"type":"MultiPolygon","coordinates":[[[[-4.47169,41.28201],[-4.47188,41.28635],[-4.47155,41.28844],[-4.47089,41.28954],[-4.47041,41.29106],[-4.47146,41.29156],[-4.47289,41.28851],[-4.47328,41.28368],[-4.47673,41.27851],[-4.4781,41.27439],[-4.47965,41.26801],[-4.47241,41.26462],[-4.47227,41.26753],[-4.47172,41.26907],[-4.47052,41.27106],[-4.4707,41.2721],[-4.47166,41.27339],[-4.47133,41.27576],[-4.47214,41.27833],[-4.47192,41.27909],[-4.46986,41.28023],[-4.47169,41.28201]]],[[[-4.43131,41.30999],[-4.43957,41.3142],[-4.43701,41.31842],[-4.43494,41.31983],[-4.44433,41.32621],[-4.46044,41.33258],[-4.46095,41.33148],[-4.4622,41.33092],[-4.46391,41.32916],[-4.46403,41.32798],[-4.4745,41.32337],[-4.47247,41.31974],[-4.4714,41.31938],[-4.47055,41.31846],[-4.47025,41.31751],[-4.47059,41.31665],[-4.46907,41.30962],[-4.46899,41.30649],[-4.46815,41.30567],[-4.46779,41.29589],[-4.4655,41.29553],[-4.4629,41.29356],[-4.46236,41.29246],[-4.46059,41.29145],[-4.4602,41.29099],[-4.45849,41.29029],[-4.45594,41.28832],[-4.45453,41.28767],[-4.45057,41.28823],[-4.44988,41.28888],[-4.44943,41.28989],[-4.44868,41.29028],[-4.44247,41.30311],[-4.43141,41.30544],[-4.43066,41.30712],[-4.43131,41.30999]]]]}},{"type":"Feature","properties":{"COD_POSTAL":"40100"},"geometry":{"type":"Polygon","coordinates":[[[-3.94886,40.90415],[-3.95391,40.90347],[-3.95873,40.90379],[-3.96145,40.90356],[-3.96273,40.90257],[-3.96431,40.90086],[-3.96661,40.90008],[-3.96757,40.89878],[-3.96928,40.89881],[-3.97118,40.90055],[-3.97273,40.90107],[-3.97532,40.89971],[-3.97685,40.90045],[-3.98412,40.89842],[-3.98399,40.89912],[-3.98496,40.89924],[-3.98474,40.90086],[-3.98015,40.90373],[-3.9785,40.90692],[-3.97713,40.91127],[-3.97485,40.91445],[-3.97253,40.91647],[-3.97164,40.91885],[-3.97505,40.91862],[-3.97837,40.9215],[-3.97994,40.92126],[-3.98239,40.92046],[-3.9848,40.92045],[-3.98723,40.92127],[-3.98964,40.92139],[-3.99036,40.92227],[-3.99473,40.92215],[-3.99553,40.92275],[-3.99995,40.92195],[-4.00204,40.92196],[-4.00628,40.91798],[-4.00716,40.91651],[-4.00809,40.91588],[-4.00835,40.91655],[-4.01011,40.9169],[-4.01514,40.91516],[-4.01928,40.91417],[-4.02131,40.91328],[-4.02696,40.91338],[-4.02749,40.91406],[-4.02855,40.91389],[-4.02931,40.91322],[-4.03067,40.9134],[-4.03136,40.91518],[-4.03248,40.91589],[-4.03563,40.91189],[-4.03722,40.91065],[-4.03811,40.91035],[-4.0306,40.90491],[-4.02179,40.89529],[-3.95249,40.85511],[-3.95193,40.85626],[-3.95132,40.85862],[-3.95027,40.86001],[-3.94862,40.86125],[-3.94756,40.86272],[-3.94663,40.86475],[-3.94648,40.86575],[-3.94667,40.86936],[-3.94753,40.87128],[-3.94763,40.87334],[-3.94393,40.87848],[-3.94342,40.88017],[-3.94272,40.88548],[-3.94329,40.88865],[-3.9474,40.88879],[-3.94801,40.88908],[-3.95098,40.89135],[-3.95253,40.89308],[-3.95269,40.89386],[-3.95102,40.89684],[-3.94926,40.8993],[-3.94719,40.901],[-3.94561,40.90356],[-3.94886,40.90415]]]}},{"type":"Feature","properties":{"COD_POSTAL":"40357"},"geometry":{"type":"MultiPolygon","coordinates":[[[[-3.9407,41.35348],[-3.95909,41.36608],[-3.96144,41.36575],[-3.97061,41.36723],[-3.97271,41.35975],[-3.97923,41.35985],[-3.98275,41.35996],[-3.99703,41.36233],[-4.00055,41.36237],[-4.0025,41.36264],[-4.005,41.36148],[-4.01068,41.36116],[-4.01423,41.36177],[-4.01552,41.36301],[-4.01701,41.3638],[-4.02031,41.36493],[-4.02116,41.3679],[-4.03241,41.35624],[-4.04157,41.34793],[-4.0567,41.33357],[-4.05794,41.33191],[-4.06543,41.31962],[-4.0521,41.30963],[-4.04714,41.30756],[-4.04476,41.30592],[-4.04323,41.30476],[-4.03895,41.30025],[-4.03144,41.29596],[-4.01941,41.30879],[-4.01497,41.31685],[-4.01043,41.31723],[-4.00365,41.33287],[-3.98507,41.33962],[-3.9814,41.34562],[-3.97834,41.34645],[-3.97409,41.35022],[-3.96837,41.35481],[-3.96276,41.35513],[-3.95529,41.35371],[-3.95044,41.35311],[-3.94232,41.3535],[-3.9407,41.35348]]],[[[-3.95886,41.41798],[-3.95573,41.41801],[-3.95232,41.42115],[-3.95046,41.42251],[-3.94736,41.42338],[-3.94438,41.42459],[-3.93867,41.42618],[-3.93697,41.43159],[-3.9352,41.43463],[-3.93519,41.438],[-3.93483,41.44035],[-3.93735,41.44382],[-3.94134,41.44434],[-3.94339,41.44503],[-3.945,41.44716],[-3.94322,41.44945],[-3.9448,41.45079],[-3.94878,41.45264],[-3.95181,41.45359],[-3.95796,41.45506],[-3.95903,41.45552],[-3.96201,41.45763],[-3.96398,41.45853],[-3.96546,41.45979],[-3.96622,41.46089],[-3.9665,41.46228],[-3.96788,41.46467],[-3.97032,41.46746],[-3.97162,41.46852],[-3.97241,41.46993],[-3.9784,41.46913],[-3.98049,41.47076],[-3.98139,41.47179],[-3.98402,41.47172],[-3.98619,41.47095],[-3.98641,41.47021],[-3.98694,41.46957],[-3.98831,41.46889],[-3.9875,41.46647],[-3.98681,41.46167],[-3.98775,41.45825],[-3.98735,41.45517],[-3.98905,41.44989],[-3.99143,41.44659],[-3.99159,41.4456],[-3.99259,41.44409],[-3.99272,41.44171],[-3.99499,41.43946],[-3.99478,41.43748],[-3.99489,41.4349],[-3.99673,41.43422],[-3.9969,41.43249],[-3.99637,41.42931],[-3.99344,41.42875],[-3.98881,41.42588],[-3.9873,41.42541],[-3.98513,41.42504],[-3.97925,41.42528],[-3.97594,41.42243],[-3.97508,41.4213],[-3.97392,41.42059],[-3.96961,41.42241],[-3.96878,41.42203],[-3.96787,41.42326],[-3.96726,41.42316],[-3.96691,41.42272],[-3.96555,41.42321],[-3.96456,41.42313],[-3.96396,41.42267],[-3.96092,41.42275],[-3.95979,41.42235],[-3.95895,41.42158],[-3.95888,41.42086],[-3.95943,41.42018],[-3.95964,41.41939],[-3.95916,41.4185],[-3.95886,41.41798]]]]}},{"type":"Feature","properties":{"COD_POSTAL":"40496"},"geometry":{"type":"Polygon","coordinates":[[[-4.55761,41.23464],[-4.55353,41.23581],[-4.54924,41.23805],[-4.55078,41.23944],[-4.5523,41.242],[-4.55136,41.24394],[-4.54996,41.2435],[-4.54944,41.24622],[-4.54942,41.24811],[-4.55046,41.25016],[-4.55099,41.25396],[-4.55063,41.25588],[-4.55121,41.25715],[-4.55546,41.26018],[-4.55956,41.26173],[-4.56126,41.26298],[-4.56214,41.26561],[-4.56194,41.26672],[-4.56104,41.26733],[-4.56026,41.26839],[-4.56029,41.26929],[-4.56122,41.27047],[-4.56383,41.27143],[-4.56466,41.27251],[-4.56574,41.2733],[-4.57106,41.27423],[-4.57388,41.2752],[-4.57488,41.27382],[-4.57639,41.27324],[-4.58099,41.27208],[-4.58551,41.27033],[-4.58788,41.2705],[-4.59377,41.26735],[-4.59867,41.26417],[-4.59978,41.26119],[-4.60088,41.25937],[-4.60201,41.25789],[-4.60401,41.2559],[-4.6033,41.25405],[-4.60721,41.25046],[-4.60897,41.24741],[-4.61517,41.24137],[-4.61698,41.24037],[-4.62393,41.23434],[-4.62911,41.23288],[-4.63114,41.23171],[-4.63217,41.23027],[-4.6331,41.22952],[-4.63726,41.22735],[-4.63988,41.22632],[-4.64265,41.22578],[-4.64782,41.22411],[-4.65086,41.22142],[-4.64919,41.21984],[-4.65015,41.21884],[-4.64846,41.21693],[-4.6487,41.21444],[-4.64851,41.21329],[-4.64645,41.20914],[-4.6465,41.20831],[-4.64725,41.20644],[-4.6498,41.20229],[-4.64962,41.20084],[-4.65063,41.2001],[-4.64538,41.19726],[-4.6443,41.1957],[-4.64266,41.194],[-4.64043,41.19368],[-4.63836,41.1899],[-4.63635,41.19061],[-4.63448,41.18721],[-4.63193,41.18483],[-4.62726,41.18835],[-4.62181,41.19065],[-4.61533,41.19441],[-4.61487,41.19504],[-4.61182,41.19672],[-4.60962,41.19733],[-4.60679,41.19589],[-4.60609,41.19608],[-4.60496,41.19503],[-4.60454,41.19369],[-4.60215,41.19016],[-4.59949,41.18767],[-4.59819,41.18758],[-4.59805,41.18702],[-4.59831,41.18663],[-4.59766,41.18586],[-4.59835,41.18535],[-4.59595,41.18013],[-4.59185,41.1747],[-4.58663,41.17627],[-4.58207,41.17702],[-4.57985,41.17789],[-4.57831,41.17936],[-4.57051,41.18293],[-4.56656,41.18298],[-4.56325,41.18342],[-4.55808,41.18601],[-4.55177,41.19015],[-4.54969,41.19113],[-4.54888,41.19081],[-4.54715,41.19074],[-4.5475,41.21411],[-4.55761,41.23464]]]}},{"type":"Feature","properties":{"COD_POSTAL":"40358"},"geometry":{"type":"Polygon","coordinates":[[[-4.04547,41.40943],[-4.04818,41.40889],[-4.05165,41.4087],[-4.05304,41.40759],[-4.0532,41.40431],[-4.05443,41.40334],[-4.06021,41.40302],[-4.06382,41.40256],[-4.06491,41.39863],[-4.0651,41.39631],[-4.06622,41.39428],[-4.06636,41.39294],[-4.06614,41.39068],[-4.06425,41.38375],[-4.05555,41.3846],[-4.05088,41.38372],[-4.04579,41.38486],[-4.03813,41.38954],[-4.03131,41.39168],[-4.02865,41.39356],[-4.02594,41.39408],[-4.02464,41.39511],[-4.02099,41.39676],[-4.01035,41.40076],[-4.00976,41.40355],[-4.01108,41.409],[-4.01287,41.40946],[-4.0188,41.41255],[-4.01543,41.4227],[-4.0134,41.42598],[-4.01428,41.42724],[-4.01723,41.42773],[-4.01879,41.42715],[-4.01984,41.42726],[-4.0216,41.42537],[-4.02679,41.42366],[-4.02902,41.42377],[-4.03111,41.4231],[-4.03487,41.41881],[-4.03591,41.41688],[-4.03875,41.41554],[-4.0389,41.41488],[-4.03826,41.41365],[-4.0429,41.41135],[-4.04277,41.41073],[-4.04036,41.4107],[-4.04009,41.41028],[-4.04363,41.40995],[-4.04547,41.40943]]]}},{"type":"Feature","properties":{"COD_POSTAL":"40591"},"geometry":{"type":"Polygon","coordinates":[[[-3.61392,41.20987],[-3.61114,41.20712],[-3.60744,41.20644],[-3.60524,41.20613],[-3.60246,41.20635],[-3.60116,41.20739],[-3.59697,41.20807],[-3.59391,41.20884],[-3.59124,41.2081],[-3.58976,41.20633],[-3.589,41.2059],[-3.58237,41.2053],[-3.57686,41.20785],[-3.57636,41.20897],[-3.57486,41.20817],[-3.57424,41.20755],[-3.57196,41.20724],[-3.57015,41.2063],[-3.56816,41.20585],[-3.56488,41.20422],[-3.56231,41.20335],[-3.55869,41.20133],[-3.55723,41.20035],[-3.55692,41.1998],[-3.55037,41.20316],[-3.54717,41.20402],[-3.54198,41.20596],[-3.54157,41.20678],[-3.54064,41.2068],[-3.53732,41.20616],[-3.53731,41.20476],[-3.53546,41.20241],[-3.53265,41.20352],[-3.52878,41.2059],[-3.52908,41.20789],[-3.52816,41.20975],[-3.52841,41.21045],[-3.52744,41.21114],[-3.52914,41.21366],[-3.53057,41.21399],[-3.5319,41.21349],[-3.53328,41.21492],[-3.53414,41.21525],[-3.53469,41.21594],[-3.54662,41.2186],[-3.54876,41.21939],[-3.55161,41.21839],[-3.55565,41.21853],[-3.55913,41.21993],[-3.56245,41.22036],[-3.5666,41.22197],[-3.57532,41.22309],[-3.57678,41.22556],[-3.59282,41.2404],[-3.60085,41.24379],[-3.60447,41.24188],[-3.60742,41.24072],[-3.60842,41.24222],[-3.61767,41.24073],[-3.62232,41.23522],[-3.62249,41.23423],[-3.62313,41.2334],[-3.62439,41.23079],[-3.62449,41.23029],[-3.62406,41.22972],[-3.62557,41.22457],[-3.62597,41.22231],[-3.62591,41.21985],[-3.62524,41.21884],[-3.6216,41.21626],[-3.62062,41.21436],[-3.6203,41.21259],[-3.62033,41.21106],[-3.61773,41.21078],[-3.61392,41.20987]]]}},{"type":"Feature","properties":{"COD_POSTAL":"40492"},"geometry":{"type":"Polygon","coordinates":[[[-4.26128,41.05411],[-4.26161,41.0565],[-4.26849,41.05354],[-4.27118,41.05613],[-4.27333,41.05625],[-4.27547,41.0557],[-4.27929,41.05625],[-4.28229,41.05394],[-4.28282,41.05416],[-4.28773,41.05329],[-4.29341,41.05835],[-4.29718,41.05501],[-4.30587,41.04936],[-4.30929,41.04671],[-4.31048,41.04077],[-4.31026,41.04027],[-4.31057,41.03757],[-4.30875,41.02658],[-4.30563,41.02535],[-4.30426,41.02425],[-4.29653,41.02034],[-4.29246,41.01787],[-4.29144,41.01569],[-4.28941,41.01497],[-4.28787,41.01327],[-4.28609,41.01454],[-4.28505,41.01401],[-4.27931,41.01931],[-4.27756,41.02013],[-4.2733,41.02628],[-4.27126,41.0287],[-4.27285,41.0298],[-4.27502,41.03193],[-4.27578,41.03506],[-4.27713,41.03792],[-4.27425,41.03923],[-4.27841,41.0454],[-4.26128,41.05411]]]}},{"type":"Feature","properties":{"COD_POSTAL":"40552"},"geometry":{"type":"Polygon","coordinates":[[[-3.57937,41.47285],[-3.57916,41.47155],[-3.5794,41.47049],[-3.57969,41.46978],[-3.58015,41.46946],[-3.58126,41.46943],[-3.58333,41.46997],[-3.5851,41.47157],[-3.58623,41.47219],[-3.59071,41.47231],[-3.59051,41.47142],[-3.58702,41.47117],[-3.58545,41.46982],[-3.58557,41.46938],[-3.58703,41.46969],[-3.58739,41.46886],[-3.58745,41.46722],[-3.58216,41.46785],[-3.58152,41.46719],[-3.58202,41.46613],[-3.58257,41.46396],[-3.58425,41.46178],[-3.58392,41.46073],[-3.58683,41.45626],[-3.58698,41.45369],[-3.58666,41.45286],[-3.58413,41.4489],[-3.5828,41.44786],[-3.57744,41.44764],[-3.5735,41.44812],[-3.57249,41.448],[-3.5709,41.44731],[-3.56558,41.44701],[-3.56107,41.44779],[-3.55625,41.4466],[-3.55405,41.44633],[-3.55376,41.44487],[-3.54058,41.45137],[-3.53975,41.45471],[-3.57937,41.47285]]]}},{"type":"Feature","properties":{"COD_POSTAL":"40442"},"geometry":{"type":"Polygon","coordinates":[[[-4.44589,41.29605],[-4.44868,41.29028],[-4.44943,41.28989],[-4.44988,41.28888],[-4.45057,41.28823],[-4.45282,41.28779],[-4.45453,41.28767],[-4.45594,41.28832],[-4.45849,41.29029],[-4.4602,41.29099],[-4.46059,41.29145],[-4.46236,41.29246],[-4.4629,41.29356],[-4.4655,41.29553],[-4.46779,41.29589],[-4.46993,41.29398],[-4.47146,41.29156],[-4.47041,41.29106],[-4.47089,41.28954],[-4.47155,41.28844],[-4.47188,41.28635],[-4.47169,41.28201],[-4.46986,41.28023],[-4.47192,41.27909],[-4.47214,41.27833],[-4.47133,41.27576],[-4.47166,41.27339],[-4.4707,41.2721],[-4.47052,41.27106],[-4.47172,41.26907],[-4.47227,41.26753],[-4.47241,41.26462],[-4.46832,41.26228],[-4.46383,41.25926],[-4.45131,41.25381],[-4.44829,41.25156],[-4.44231,41.24781],[-4.4372,41.24601],[-4.43513,41.24578],[-4.43171,41.24596],[-4.43156,41.24427],[-4.42989,41.24293],[-4.42591,41.24079],[-4.42568,41.24004],[-4.42279,41.23971],[-4.4217,41.2393],[-4.42066,41.23807],[-4.41807,41.23622],[-4.41619,41.23388],[-4.41617,41.23211],[-4.4159,41.23146],[-4.41413,41.23095],[-4.41295,41.23101],[-4.4114,41.23182],[-4.41016,41.23179],[-4.4078,41.23049],[-4.40454,41.23028],[-4.40326,41.22905],[-4.40186,41.23056],[-4.39676,41.23486],[-4.3955,41.23651],[-4.39526,41.23864],[-4.39539,41.24027],[-4.39666,41.24185],[-4.39649,41.24267],[-4.39347,41.2471],[-4.39289,41.24959],[-4.39202,41.25149],[-4.39087,41.25317],[-4.38954,41.25463],[-4.3874,41.25607],[-4.38454,41.25591],[-4.38222,41.25674],[-4.37902,41.25678],[-4.37626,41.25525],[-4.37359,41.26171],[-4.37558,41.26231],[-4.37735,41.26372],[-4.37833,41.26484],[-4.37972,41.26739],[-4.3823,41.26885],[-4.38658,41.27061],[-4.38795,41.27146],[-4.38939,41.27298],[-4.39408,41.27556],[-4.39774,41.27657],[-4.39957,41.27792],[-4.39997,41.27933],[-4.39961,41.27968],[-4.44589,41.29605]]]}},{"type":"Feature","properties":{"COD_POSTAL":"40121"},"geometry":{"type":"Polygon","coordinates":[[[-4.32688,40.99581],[-4.32549,40.99376],[-4.32789,40.99368],[-4.32931,40.99269],[-4.32723,40.99057],[-4.32887,40.98964],[-4.32873,40.98863],[-4.3293,40.9871],[-4.32926,40.98335],[-4.329,40.98234],[-4.32813,40.98071],[-4.32788,40.97935],[-4.32813,40.97571],[-4.33017,40.97253],[-4.33016,40.9691],[-4.32806,40.96894],[-4.32473,40.96824],[-4.32187,40.96829],[-4.31884,40.96293],[-4.31066,40.96199],[-4.31009,40.96247],[-4.31014,40.96393],[-4.30928,40.96335],[-4.30858,40.96359],[-4.30872,40.9705],[-4.30807,40.97053],[-4.30699,40.9711],[-4.30404,40.96999],[-4.30285,40.97042],[-4.30096,40.97224],[-4.30063,40.9735],[-4.29867,40.97309],[-4.29749,40.97405],[-4.29536,40.99148],[-4.29461,40.995],[-4.28787,41.01327],[-4.28941,41.01497],[-4.29144,41.01569],[-4.29246,41.01787],[-4.29653,41.02034],[-4.30399,41.0175],[-4.30891,41.01595],[-4.3097,41.01589],[-4.30936,41.01546],[-4.31046,41.01437],[-4.32125,41.01121],[-4.32504,41.01123],[-4.32527,41.01168],[-4.32695,41.01117],[-4.3261,41.00895],[-4.32737,41.00657],[-4.32724,41.00311],[-4.32812,40.99858],[-4.32799,40.99762],[-4.32688,40.99581]]]}},{"type":"Feature","properties":{"COD_POSTAL":"40419"},"geometry":{"type":"Polygon","coordinates":[[[-4.16246,40.71221],[-4.16098,40.71143],[-4.16059,40.70912],[-4.15963,40.70835],[-4.15828,40.71034],[-4.15763,40.71034],[-4.15654,40.70912],[-4.15268,40.70725],[-4.15184,40.7077],[-4.15146,40.70873],[-4.15062,40.70873],[-4.14946,40.70777],[-4.14882,40.70635],[-4.14715,40.70429],[-4.14644,40.70442],[-4.14393,40.70603],[-4.14155,40.70886],[-4.1411,40.71073],[-4.13982,40.71113],[-4.13909,40.71267],[-4.13655,40.71648],[-4.13612,40.71762],[-4.13485,40.71876],[-4.13227,40.72044],[-4.13052,40.72308],[-4.12887,40.72404],[-4.12573,40.72439],[-4.12598,40.72712],[-4.12554,40.72902],[-4.1242,40.73115],[-4.12211,40.73295],[-4.12078,40.73567],[-4.11928,40.73631],[-4.11065,40.74391],[-4.10411,40.74699],[-4.09696,40.74766],[-4.09422,40.75499],[-4.09432,40.7568],[-4.09409,40.75728],[-4.09399,40.75896],[-4.09437,40.76116],[-4.09664,40.76416],[-4.09625,40.76519],[-4.0949,40.76649],[-4.09439,40.76672],[-4.09339,40.76806],[-4.08792,40.77106],[-4.08059,40.77689],[-4.07969,40.77838],[-4.07954,40.78012],[-4.07894,40.78144],[-4.07663,40.78888],[-4.07554,40.78922],[-4.07389,40.79026],[-4.0722,40.79231],[-4.0701,40.79387],[-4.07113,40.7963],[-4.07126,40.79797],[-4.07106,40.80003],[-4.07419,40.80074],[-4.07781,40.80218],[-4.08092,40.80468],[-4.08268,40.80569],[-4.08541,40.80613],[-4.0888,40.8071],[-4.09115,40.80811],[-4.17124,40.72969],[-4.17098,40.72381],[-4.1686,40.71986],[-4.16576,40.71317],[-4.16464,40.71175],[-4.16246,40.71221]]]}},{"type":"Feature","properties":{"COD_POSTAL":"40352"},"geometry":{"type":"Polygon","coordinates":[[[-4.0433,41.2414],[-4.04202,41.24131],[-4.04184,41.24107],[-4.04172,41.23862],[-4.04074,41.24027],[-4.0381,41.24025],[-4.03756,41.24006],[-4.03648,41.23895],[-4.03547,41.23834],[-4.02493,41.23623],[-4.0226,41.23554],[-4.01727,41.23629],[-4.01624,41.23723],[-4.01719,41.23898],[-4.01646,41.24417],[-4.01389,41.24867],[-4.01337,41.2508],[-4.01356,41.25476],[-4.01118,41.26012],[-4.01087,41.26142],[-4.01146,41.26349],[-4.01121,41.26514],[-4.01226,41.27061],[-4.01347,41.27193],[-4.0166,41.27258],[-4.01835,41.27414],[-4.01946,41.27463],[-4.02432,41.27398],[-4.0252,41.27433],[-4.02716,41.2758],[-4.03036,41.27465],[-4.03133,41.27482],[-4.0342,41.27418],[-4.03531,41.27454],[-4.03621,41.27532],[-4.03618,41.27588],[-4.03459,41.27711],[-4.03404,41.27802],[-4.03409,41.27854],[-4.03492,41.28001],[-4.0342,41.28061],[-4.03366,41.28073],[-4.03152,41.28062],[-4.03071,41.28107],[-4.03016,41.28184],[-4.03152,41.28464],[-4.03266,41.28583],[-4.03327,41.28602],[-4.0341,41.28561],[-4.03441,41.28602],[-4.03419,41.28642],[-4.0347,41.28713],[-4.0346,41.28736],[-4.03368,41.28725],[-4.03324,41.28681],[-4.03285,41.28687],[-4.03286,41.28822],[-4.0334,41.28854],[-4.03481,41.28858],[-4.03489,41.28875],[-4.03263,41.29107],[-4.03256,41.29137],[-4.03306,41.29224],[-4.03534,41.29132],[-4.03758,41.29165],[-4.03669,41.29276],[-4.03446,41.29756],[-4.03895,41.30025],[-4.04323,41.30476],[-4.04476,41.30592],[-4.04714,41.30756],[-4.0521,41.30963],[-4.06867,41.32203],[-4.07057,41.31981],[-4.071,41.31838],[-4.07815,41.3072],[-4.07852,41.30589],[-4.08314,41.3007],[-4.09312,41.30928],[-4.09828,41.31071],[-4.10043,41.31168],[-4.10406,41.31557],[-4.10776,41.31809],[-4.10655,41.32012],[-4.11869,41.32291],[-4.11955,41.32328],[-4.12059,41.32436],[-4.12191,41.32423],[-4.12521,41.32559],[-4.12567,41.3256],[-4.12746,41.32464],[-4.13011,41.32521],[-4.13275,41.32264],[-4.1381,41.32165],[-4.14369,41.32238],[-4.15422,41.32245],[-4.15687,41.32157],[-4.1633,41.32033],[-4.17685,41.31689],[-4.18343,41.31379],[-4.18604,41.31221],[-4.18598,41.31185],[-4.18367,41.3103],[-4.18402,41.30874],[-4.18376,41.30822],[-4.18196,41.3078],[-4.18018,41.30705],[-4.17805,41.30558],[-4.17705,41.3056],[-4.1749,41.30727],[-4.17346,41.30715],[-4.172,41.30631],[-4.16993,41.30374],[-4.17014,41.29857],[-4.16916,41.29848],[-4.16736,41.29893],[-4.16418,41.30025],[-4.16312,41.30038],[-4.16103,41.29946],[-4.16122,41.29829],[-4.16108,41.29755],[-4.15963,41.29667],[-4.15856,41.29539],[-4.15787,41.29531],[-4.15691,41.29559],[-4.15534,41.29481],[-4.15509,41.29418],[-4.15565,41.29292],[-4.15528,41.2919],[-4.1525,41.29018],[-4.14903,41.28612],[-4.1476,41.28505],[-4.14734,41.28436],[-4.14781,41.28345],[-4.14756,41.28287],[-4.14584,41.28193],[-4.14662,41.28108],[-4.15001,41.27892],[-4.15469,41.27419],[-4.15461,41.274],[-4.14637,41.27051],[-4.1445,41.2694],[-4.14151,41.26809],[-4.13956,41.26818],[-4.13909,41.26801],[-4.13728,41.26531],[-4.13715,41.26416],[-4.13652,41.26378],[-4.13604,41.26294],[-4.13543,41.26265],[-4.13356,41.26404],[-4.12826,41.27191],[-4.1257,41.27238],[-4.12435,41.27294],[-4.12354,41.27311],[-4.12041,41.2729],[-4.11522,41.27123],[-4.11412,41.27118],[-4.11242,41.27324],[-4.1114,41.27412],[-4.10923,41.27476],[-4.10679,41.27493],[-4.10578,41.27442],[-4.1049,41.27436],[-4.10114,41.27529],[-4.10017,41.27531],[-4.09794,41.27474],[-4.09397,41.2743],[-4.09172,41.27468],[-4.09079,41.27524],[-4.08829,41.27546],[-4.0874,41.27594],[-4.08467,41.27533],[-4.08311,41.27575],[-4.08094,41.27706],[-4.07885,41.27714],[-4.07844,41.27692],[-4.07812,41.27629],[-4.07957,41.27424],[-4.07966,41.27385],[-4.07921,41.27341],[-4.07821,41.27337],[-4.07738,41.27296],[-4.07519,41.27282],[-4.07382,41.27241],[-4.07327,41.2718],[-4.07338,41.27071],[-4.07471,41.2684],[-4.07489,41.26745],[-4.07439,41.26689],[-4.07277,41.26644],[-4.07188,41.26562],[-4.07112,41.26519],[-4.06952,41.26483],[-4.06882,41.26414],[-4.06719,41.26402],[-4.06615,41.2631],[-4.0643,41.26247],[-4.06333,41.26149],[-4.06318,41.26067],[-4.06349,41.25994],[-4.06301,41.25921],[-4.06059,41.25883],[-4.05929,41.25831],[-4.05836,41.25904],[-4.05795,41.25908],[-4.05656,41.25794],[-4.05628,41.25725],[-4.05456,41.25659],[-4.05338,41.25669],[-4.05175,41.25757],[-4.05109,41.25763],[-4.05026,41.25725],[-4.0497,41.25628],[-4.04881,41.25546],[-4.04809,41.2535],[-4.04817,41.25311],[-4.0493,41.25187],[-4.04932,41.25142],[-4.04831,41.25106],[-4.04819,41.25012],[-4.04785,41.2499],[-4.04617,41.25002],[-4.04525,41.24915],[-4.04537,41.24853],[-4.04501,41.24818],[-4.045,41.24741],[-4.04443,41.24732],[-4.04355,41.24791],[-4.04287,41.24763],[-4.04255,41.24701],[-4.04242,41.24626],[-4.04261,41.2448],[-4.0442,41.24236],[-4.04405,41.24156],[-4.0433,41.2414]]]}},{"type":"Feature","properties":{"COD_POSTAL":"40162"},"geometry":{"type":"Polygon","coordinates":[[[-3.76696,41.01902],[-3.76689,41.01951],[-3.75902,41.0271],[-3.7559,41.02785],[-3.75301,41.03182],[-3.74841,41.03664],[-3.74766,41.03807],[-3.74571,41.04066],[-3.74399,41.04369],[-3.74336,41.04537],[-3.73927,41.04977],[-3.73991,41.05155],[-3.73928,41.05386],[-3.74593,41.05619],[-3.75492,41.06473],[-3.76226,41.07246],[-3.76231,41.07303],[-3.76315,41.07431],[-3.76333,41.07616],[-3.76554,41.07771],[-3.76845,41.08315],[-3.76866,41.0852],[-3.76978,41.08698],[-3.77231,41.09007],[-3.77704,41.09676],[-3.77956,41.09939],[-3.78174,41.10231],[-3.78472,41.10818],[-3.78816,41.10106],[-3.79123,41.09649],[-3.7966,41.09329],[-3.80225,41.09508],[-3.81298,41.09628],[-3.81425,41.09735],[-3.81336,41.10049],[-3.81356,41.10336],[-3.81762,41.1066],[-3.81806,41.10725],[-3.82422,41.10858],[-3.825,41.10711],[-3.82551,41.10542],[-3.82603,41.1049],[-3.83221,41.10137],[-3.83334,41.10042],[-3.83214,41.09999],[-3.82667,41.09601],[-3.82818,41.09364],[-3.83121,41.08712],[-3.83187,41.08628],[-3.8267,41.0835],[-3.82298,41.08038],[-3.82134,41.07803],[-3.81935,41.07325],[-3.81702,41.06873],[-3.81248,41.06734],[-3.81091,41.06339],[-3.81031,41.05934],[-3.80791,41.05271],[-3.80836,41.0467],[-3.80917,41.04104],[-3.81278,41.03664],[-3.81271,41.0356],[-3.81956,41.0164],[-3.81863,41.00683],[-3.81882,41.00614],[-3.82096,41.00301],[-3.82304,41.00137],[-3.82617,40.99767],[-3.82659,40.99588],[-3.82606,40.99461],[-3.82597,40.99314],[-3.82618,40.99269],[-3.82887,40.99043],[-3.82957,40.98886],[-3.83019,40.98641],[-3.8297,40.98665],[-3.82585,40.98597],[-3.82122,40.98479],[-3.81933,40.98586],[-3.81498,40.98629],[-3.80928,40.98799],[-3.80533,40.991],[-3.80305,40.99237],[-3.79961,40.99359],[-3.79911,40.99348],[-3.79689,40.99456],[-3.78455,40.99896],[-3.78185,41.0002],[-3.77196,41.01127],[-3.76965,41.01429],[-3.76744,41.01588],[-3.76706,41.01834],[-3.76696,41.01902]]]}},{"type":"Feature","properties":{"COD_POSTAL":"40460"},"geometry":{"type":"Polygon","coordinates":[[[-4.60962,41.19733],[-4.61182,41.19672],[-4.61487,41.19504],[-4.61533,41.19441],[-4.62181,41.19065],[-4.62726,41.18835],[-4.63193,41.18483],[-4.63204,41.18273],[-4.62842,41.17669],[-4.62775,41.1708],[-4.62252,41.16002],[-4.6173,41.15537],[-4.60833,41.1502],[-4.60546,41.146],[-4.60417,41.14461],[-4.60092,41.13837],[-4.60012,41.13743],[-4.59604,41.13536],[-4.59286,41.1327],[-4.58886,41.13016],[-4.58584,41.1272],[-4.58329,41.12513],[-4.58082,41.12449],[-4.57897,41.12354],[-4.57759,41.1225],[-4.57691,41.12142],[-4.57535,41.12218],[-4.57165,41.12476],[-4.56952,41.12593],[-4.56494,41.12745],[-4.55891,41.13041],[-4.54575,41.13431],[-4.54024,41.13446],[-4.53636,41.13589],[-4.53265,41.13402],[-4.53096,41.13394],[-4.53014,41.13417],[-4.52792,41.13254],[-4.52519,41.13111],[-4.52205,41.12982],[-4.51935,41.13275],[-4.51741,41.13539],[-4.52288,41.13956],[-4.52633,41.14331],[-4.52712,41.1461],[-4.53144,41.15206],[-4.53212,41.15379],[-4.53344,41.15269],[-4.53356,41.15481],[-4.53258,41.1548],[-4.53149,41.1539],[-4.52893,41.15455],[-4.52347,41.15533],[-4.51796,41.15549],[-4.51811,41.16045],[-4.51911,41.16232],[-4.51927,41.16335],[-4.51844,41.1668],[-4.51985,41.16569],[-4.52362,41.1617],[-4.52973,41.16256],[-4.53207,41.16328],[-4.53365,41.16412],[-4.53463,41.16579],[-4.53576,41.16682],[-4.53744,41.16733],[-4.5382,41.16786],[-4.53784,41.16865],[-4.53673,41.16975],[-4.53705,41.17064],[-4.5378,41.17135],[-4.53803,41.1719],[-4.53722,41.17371],[-4.53863,41.17429],[-4.53921,41.17513],[-4.53902,41.1771],[-4.5404,41.18091],[-4.54045,41.18198],[-4.54001,41.18269],[-4.5387,41.18314],[-4.53747,41.18417],[-4.53718,41.18528],[-4.53774,41.18608],[-4.53782,41.18697],[-4.53708,41.18855],[-4.53701,41.18922],[-4.53754,41.18987],[-4.5392,41.18937],[-4.54341,41.19003],[-4.54551,41.19067],[-4.54888,41.19081],[-4.54969,41.19113],[-4.55177,41.19015],[-4.55808,41.18601],[-4.56325,41.18342],[-4.56656,41.18298],[-4.57051,41.18293],[-4.57831,41.17936],[-4.57985,41.17789],[-4.58207,41.17702],[-4.58663,41.17627],[-4.59185,41.1747],[-4.59595,41.18013],[-4.59835,41.18535],[-4.59766,41.18586],[-4.59831,41.18663],[-4.59805,41.18702],[-4.59819,41.18758],[-4.59949,41.18767],[-4.60215,41.19016],[-4.60454,41.19369],[-4.60496,41.19503],[-4.60609,41.19608],[-4.60679,41.19589],[-4.60822,41.19676],[-4.60962,41.19733]]]}},{"type":"Feature","properties":{"COD_POSTAL":"40234"},"geometry":{"type":"Polygon","coordinates":[[[-4.12133,41.44894],[-4.11459,41.44266],[-4.11048,41.44125],[-4.11213,41.43653],[-4.10975,41.43389],[-4.10543,41.43267],[-4.10205,41.43324],[-4.09445,41.43127],[-4.09113,41.43471],[-4.08761,41.43894],[-4.08517,41.44382],[-4.08331,41.446],[-4.08092,41.44643],[-4.07933,41.44619],[-4.08008,41.4487],[-4.0792,41.44994],[-4.07933,41.4522],[-4.07727,41.45431],[-4.07321,41.45438],[-4.07045,41.45551],[-4.06962,41.45547],[-4.06841,41.45629],[-4.07075,41.45813],[-4.08077,41.46097],[-4.09169,41.47243],[-4.0932,41.47457],[-4.09519,41.47522],[-4.09709,41.4765],[-4.09918,41.48068],[-4.10023,41.48686],[-4.1087,41.48327],[-4.1228,41.48037],[-4.12353,41.47765],[-4.12252,41.47523],[-4.12104,41.47038],[-4.12047,41.46709],[-4.1204,41.46119],[-4.12264,41.45739],[-4.12486,41.45427],[-4.12386,41.45154],[-4.12133,41.44894]]]}},{"type":"Feature","properties":{"COD_POSTAL":"40389"},"geometry":{"type":"Polygon","coordinates":[[[-3.82971,41.25953],[-3.83107,41.25862],[-3.834,41.25934],[-3.83435,41.25986],[-3.8341,41.26159],[-3.83428,41.26192],[-3.83792,41.26292],[-3.83853,41.26342],[-3.83927,41.26508],[-3.84004,41.2655],[-3.8418,41.26529],[-3.84387,41.26428],[-3.8443,41.2647],[-3.84427,41.26514],[-3.84469,41.26581],[-3.84539,41.26573],[-3.84656,41.26454],[-3.84684,41.26453],[-3.84745,41.26485],[-3.84791,41.26583],[-3.84928,41.26307],[-3.85004,41.26314],[-3.85072,41.26404],[-3.85102,41.26401],[-3.85159,41.26296],[-3.85245,41.26249],[-3.85293,41.26032],[-3.8563,41.25824],[-3.85795,41.25128],[-3.86138,41.24614],[-3.86396,41.24001],[-3.88077,41.23224],[-3.88609,41.23183],[-3.89083,41.23003],[-3.88942,41.22793],[-3.88713,41.22697],[-3.88659,41.22653],[-3.88588,41.22537],[-3.88722,41.22183],[-3.88633,41.22092],[-3.88652,41.21988],[-3.88624,41.21828],[-3.88167,41.21543],[-3.88077,41.21433],[-3.88011,41.21256],[-3.87839,41.21195],[-3.87205,41.21076],[-3.86992,41.21117],[-3.86766,41.21242],[-3.86468,41.21286],[-3.86064,41.21258],[-3.85789,41.21201],[-3.85742,41.20792],[-3.85697,41.20728],[-3.83925,41.20032],[-3.8279,41.20047],[-3.8252,41.201],[-3.82271,41.20028],[-3.82184,41.19827],[-3.82052,41.19786],[-3.81919,41.19879],[-3.81736,41.1987],[-3.81634,41.19939],[-3.81533,41.19914],[-3.81498,41.19866],[-3.81431,41.19876],[-3.81387,41.19985],[-3.81295,41.201],[-3.81018,41.20182],[-3.80987,41.20304],[-3.80922,41.20313],[-3.80766,41.20283],[-3.80607,41.20172],[-3.79675,41.20349],[-3.79579,41.20817],[-3.79537,41.20887],[-3.79346,41.21084],[-3.78836,41.21412],[-3.78553,41.2164],[-3.78203,41.22905],[-3.78026,41.23269],[-3.76779,41.24884],[-3.76296,41.25956],[-3.76032,41.26305],[-3.7526,41.27122],[-3.75358,41.27475],[-3.75288,41.27891],[-3.75646,41.27807],[-3.76055,41.28024],[-3.7656,41.28077],[-3.76699,41.28107],[-3.76942,41.28205],[-3.7719,41.28025],[-3.77591,41.27967],[-3.77798,41.27507],[-3.78528,41.26932],[-3.80066,41.26512],[-3.80186,41.26323],[-3.80339,41.26259],[-3.80428,41.26255],[-3.80808,41.26064],[-3.80908,41.26045],[-3.80901,41.2598],[-3.80919,41.25961],[-3.81019,41.25971],[-3.81083,41.25836],[-3.81217,41.25828],[-3.81269,41.25901],[-3.814,41.25946],[-3.8159,41.2581],[-3.82071,41.25772],[-3.8261,41.25884],[-3.82793,41.2586],[-3.82971,41.25953]]]}},{"type":"Feature","properties":{"COD_POSTAL":"40230"},"geometry":{"type":"Polygon","coordinates":[[[-4.22966,41.40006],[-4.23581,41.40612],[-4.24356,41.40741],[-4.24958,41.40619],[-4.25144,41.40077],[-4.25372,41.40042],[-4.25927,41.39149],[-4.25673,41.3869],[-4.25455,41.38741],[-4.25348,41.38288],[-4.2456,41.38131],[-4.23737,41.37004],[-4.23355,41.359],[-4.23193,41.35783],[-4.22581,41.35849],[-4.22495,41.36384],[-4.22148,41.36616],[-4.22438,41.369],[-4.22798,41.37108],[-4.22878,41.37265],[-4.2275,41.37987],[-4.22897,41.38274],[-4.22477,41.39027],[-4.22293,41.39186],[-4.22107,41.39418],[-4.22966,41.40006]]]}},{"type":"Feature","properties":{"COD_POSTAL":"40297"},"geometry":{"type":"Polygon","coordinates":[[[-4.3231,41.3509],[-4.3243,41.35149],[-4.33004,41.35223],[-4.33148,41.35203],[-4.33463,41.35092],[-4.33571,41.34424],[-4.33538,41.33974],[-4.33587,41.33613],[-4.33626,41.33527],[-4.33614,41.33358],[-4.33655,41.33134],[-4.33791,41.32689],[-4.33561,41.31245],[-4.31248,41.30871],[-4.30941,41.30636],[-4.30754,41.30548],[-4.30409,41.30325],[-4.30212,41.3025],[-4.29808,41.30187],[-4.29624,41.30114],[-4.28918,41.30146],[-4.28523,41.30112],[-4.28234,41.30053],[-4.27976,41.30075],[-4.27784,41.30058],[-4.27211,41.30122],[-4.26538,41.30332],[-4.26203,41.30498],[-4.25817,41.30577],[-4.25901,41.30783],[-4.25667,41.3101],[-4.25377,41.31114],[-4.25234,41.31097],[-4.25141,41.31044],[-4.24959,41.31388],[-4.24293,41.31458],[-4.23549,41.31412],[-4.23291,41.31315],[-4.23189,41.31376],[-4.23245,41.31616],[-4.23418,41.31745],[-4.23495,41.31688],[-4.23531,41.31754],[-4.23646,41.31812],[-4.23632,41.31879],[-4.23451,41.31826],[-4.23413,41.31905],[-4.23445,41.32011],[-4.2358,41.32085],[-4.23504,41.321],[-4.23526,41.32188],[-4.23629,41.32104],[-4.23618,41.32316],[-4.24005,41.32499],[-4.2411,41.32421],[-4.24426,41.32531],[-4.24579,41.3255],[-4.24966,41.32536],[-4.25477,41.3264],[-4.2587,41.32792],[-4.26425,41.33066],[-4.27339,41.33436],[-4.27512,41.33418],[-4.27711,41.33443],[-4.27878,41.33497],[-4.28042,41.3347],[-4.28627,41.33693],[-4.28795,41.33695],[-4.29146,41.33956],[-4.29303,41.34147],[-4.29509,41.34296],[-4.29528,41.34439],[-4.30015,41.34457],[-4.30183,41.34492],[-4.30442,41.34486],[-4.30559,41.34417],[-4.31109,41.34667],[-4.31286,41.34725],[-4.31487,41.34732],[-4.31613,41.34765],[-4.31964,41.34875],[-4.32127,41.34961],[-4.3231,41.3509]]]}},{"type":"Feature","properties":{"COD_POSTAL":"40360"},"geometry":{"type":"Polygon","coordinates":[[[-4.14523,41.08227],[-4.14577,41.08326],[-4.14523,41.08352],[-4.14667,41.08669],[-4.15139,41.08979],[-4.15046,41.09051],[-4.15,41.0913],[-4.15351,41.09263],[-4.15326,41.09446],[-4.15444,41.09455],[-4.15439,41.09577],[-4.15724,41.09807],[-4.15659,41.09911],[-4.16359,41.10119],[-4.16492,41.09943],[-4.17508,41.09644],[-4.17784,41.09862],[-4.18291,41.09522],[-4.18069,41.09425],[-4.18761,41.08666],[-4.18985,41.08454],[-4.19999,41.08575],[-4.19477,41.06966],[-4.19742,41.06372],[-4.20525,41.05326],[-4.20667,41.04967],[-4.2043,41.04676],[-4.20118,41.04213],[-4.19884,41.04545],[-4.19721,41.0468],[-4.19384,41.04618],[-4.19249,41.04724],[-4.19117,41.04643],[-4.18666,41.04556],[-4.18392,41.04536],[-4.17482,41.04561],[-4.17103,41.04247],[-4.1666,41.04387],[-4.16672,41.04484],[-4.15936,41.04495],[-4.15204,41.04241],[-4.14884,41.04347],[-4.14576,41.0451],[-4.14118,41.04679],[-4.13728,41.04791],[-4.13673,41.04861],[-4.13604,41.04896],[-4.1372,41.0493],[-4.13648,41.04957],[-4.13643,41.05143],[-4.13866,41.05427],[-4.13829,41.05788],[-4.1395,41.05914],[-4.139,41.05962],[-4.14164,41.06217],[-4.13956,41.06622],[-4.13854,41.06904],[-4.13994,41.06935],[-4.14185,41.07038],[-4.14159,41.07165],[-4.14117,41.07153],[-4.13998,41.07234],[-4.14279,41.07597],[-4.14462,41.07885],[-4.14391,41.08263],[-4.14523,41.08227]]]}},{"type":"Feature","properties":{"COD_POSTAL":"40184"},"geometry":{"type":"Polygon","coordinates":[[[-3.83863,41.15231],[-3.83698,41.1539],[-3.83225,41.1568],[-3.8341,41.15892],[-3.83248,41.16297],[-3.83292,41.16523],[-3.83387,41.16688],[-3.83536,41.16841],[-3.8368,41.17116],[-3.83764,41.17215],[-3.83795,41.17652],[-3.83593,41.17797],[-3.83681,41.18175],[-3.83685,41.18484],[-3.8329,41.19007],[-3.83292,41.19179],[-3.83175,41.19833],[-3.83029,41.19886],[-3.82834,41.19998],[-3.8279,41.20047],[-3.83925,41.20032],[-3.85697,41.20728],[-3.85742,41.20792],[-3.85789,41.21201],[-3.86064,41.21258],[-3.86468,41.21286],[-3.86766,41.21242],[-3.86992,41.21117],[-3.87205,41.21076],[-3.87919,41.21218],[-3.88011,41.21256],[-3.88077,41.21433],[-3.88167,41.21543],[-3.88624,41.21828],[-3.89491,41.2225],[-3.90103,41.22472],[-3.90486,41.22637],[-3.9101,41.22139],[-3.91325,41.21878],[-3.92657,41.2087],[-3.92701,41.20737],[-3.9278,41.2062],[-3.9333,41.20063],[-3.93627,41.19982],[-3.9369,41.19993],[-3.93825,41.2008],[-3.9393,41.20315],[-3.94097,41.20472],[-3.94218,41.20764],[-3.9455,41.20815],[-3.94805,41.20897],[-3.9499,41.20811],[-3.95074,41.20682],[-3.95203,41.20599],[-3.95336,41.20406],[-3.95886,41.20156],[-3.96024,41.20022],[-3.96034,41.1998],[-3.95565,41.19765],[-3.95353,41.19587],[-3.95268,41.19634],[-3.95191,41.19606],[-3.9517,41.19549],[-3.95114,41.19542],[-3.94879,41.19613],[-3.94832,41.19597],[-3.94779,41.19476],[-3.94631,41.19373],[-3.9451,41.19387],[-3.94558,41.19483],[-3.94482,41.19537],[-3.94521,41.19725],[-3.94476,41.19814],[-3.94236,41.19759],[-3.94147,41.19665],[-3.94386,41.19488],[-3.94276,41.19449],[-3.93952,41.19427],[-3.93902,41.19399],[-3.93776,41.1932],[-3.93828,41.19179],[-3.93811,41.19143],[-3.93605,41.1917],[-3.93304,41.19106],[-3.93272,41.19157],[-3.93193,41.19176],[-3.92937,41.19112],[-3.929,41.19121],[-3.92891,41.19153],[-3.92987,41.1924],[-3.92888,41.19262],[-3.92774,41.19218],[-3.92711,41.19125],[-3.92485,41.19091],[-3.92406,41.18992],[-3.92076,41.18766],[-3.9206,41.18685],[-3.91987,41.18637],[-3.92007,41.18572],[-3.91995,41.18487],[-3.91788,41.1821],[-3.91474,41.18077],[-3.91313,41.17913],[-3.91321,41.17785],[-3.91361,41.17726],[-3.91234,41.17656],[-3.91139,41.17667],[-3.9079,41.17582],[-3.90685,41.1763],[-3.90575,41.17718],[-3.9037,41.17999],[-3.90092,41.18263],[-3.89931,41.18382],[-3.8969,41.18453],[-3.89467,41.18575],[-3.89389,41.18653],[-3.89205,41.1893],[-3.8908,41.19057],[-3.88208,41.19116],[-3.87952,41.18881],[-3.87872,41.18775],[-3.87767,41.18507],[-3.87412,41.18336],[-3.87232,41.18279],[-3.8674,41.17931],[-3.86762,41.17682],[-3.87192,41.1741],[-3.86921,41.17122],[-3.86487,41.16773],[-3.86553,41.16439],[-3.86489,41.16095],[-3.86719,41.15725],[-3.86938,41.1553],[-3.87144,41.15386],[-3.83863,41.15231]]]}},{"type":"Feature","properties":{"COD_POSTAL":"40423"},"geometry":{"type":"Polygon","coordinates":[[[-4.24912,40.79165],[-4.24789,40.79207],[-4.24638,40.79221],[-4.24527,40.79354],[-4.24511,40.79423],[-4.2459,40.79635],[-4.24802,40.79941],[-4.24667,40.80038],[-4.24663,40.80197],[-4.24616,40.80396],[-4.2468,40.80654],[-4.24555,40.80814],[-4.24232,40.81033],[-4.24108,40.81143],[-4.2404,40.81248],[-4.23952,40.81257],[-4.23819,40.81439],[-4.23302,40.81928],[-4.23295,40.81976],[-4.23447,40.821],[-4.23543,40.82216],[-4.23785,40.82391],[-4.23964,40.82639],[-4.24222,40.82894],[-4.24409,40.83355],[-4.24549,40.8355],[-4.24693,40.83832],[-4.24765,40.84239],[-4.24826,40.84301],[-4.24899,40.84292],[-4.24946,40.84322],[-4.2504,40.84187],[-4.2524,40.84144],[-4.25309,40.84028],[-4.255,40.84082],[-4.25616,40.84053],[-4.25711,40.84308],[-4.26067,40.84317],[-4.2609,40.84354],[-4.26155,40.84242],[-4.2637,40.84237],[-4.26462,40.84155],[-4.26548,40.84199],[-4.26643,40.84303],[-4.26709,40.84301],[-4.26768,40.84185],[-4.2682,40.84194],[-4.26847,40.84138],[-4.26903,40.84109],[-4.27533,40.83949],[-4.27859,40.83833],[-4.27863,40.83774],[-4.28144,40.83596],[-4.28244,40.83621],[-4.28438,40.8372],[-4.28728,40.83623],[-4.28936,40.83624],[-4.29344,40.83892],[-4.29675,40.83696],[-4.29977,40.83574],[-4.30091,40.83665],[-4.30597,40.83359],[-4.30688,40.8333],[-4.30776,40.83274],[-4.30804,40.83226],[-4.30836,40.82905],[-4.31266,40.82756],[-4.31382,40.82693],[-4.31397,40.82656],[-4.31374,40.82436],[-4.31175,40.82369],[-4.31123,40.82314],[-4.31058,40.82178],[-4.31003,40.82131],[-4.30823,40.82106],[-4.30763,40.81961],[-4.30544,40.81758],[-4.30318,40.81392],[-4.30389,40.81118],[-4.30487,40.80966],[-4.30696,40.80731],[-4.30709,40.80664],[-4.30535,40.80516],[-4.30382,40.80443],[-4.30391,40.80224],[-4.30266,40.79921],[-4.30004,40.79649],[-4.30233,40.79353],[-4.30301,40.79321],[-4.30528,40.79324],[-4.30593,40.79304],[-4.30716,40.79171],[-4.30858,40.79087],[-4.30844,40.78869],[-4.3091,40.78469],[-4.30453,40.78257],[-4.29827,40.78037],[-4.29581,40.77905],[-4.29387,40.77595],[-4.29359,40.77514],[-4.29359,40.77316],[-4.29224,40.7714],[-4.29048,40.77064],[-4.28638,40.76994],[-4.28483,40.76889],[-4.28372,40.76852],[-4.28264,40.7673],[-4.27929,40.76452],[-4.27853,40.76332],[-4.27648,40.76148],[-4.27526,40.76245],[-4.27046,40.76485],[-4.26958,40.76557],[-4.26882,40.76742],[-4.26595,40.76913],[-4.26502,40.77063],[-4.2648,40.77155],[-4.26295,40.77331],[-4.26168,40.77525],[-4.25881,40.77695],[-4.25671,40.77724],[-4.25877,40.7805],[-4.25555,40.78132],[-4.25384,40.78256],[-4.25405,40.78502],[-4.25343,40.7868],[-4.2535,40.79043],[-4.25233,40.79132],[-4.25042,40.79173],[-4.24912,40.79165]]]}},{"type":"Feature","properties":{"COD_POSTAL":"40592"},"geometry":{"type":"Polygon","coordinates":[[[-3.54341,41.26169],[-3.54569,41.26505],[-3.54795,41.26579],[-3.54875,41.26683],[-3.54975,41.26718],[-3.55367,41.26238],[-3.55506,41.26035],[-3.55657,41.26048],[-3.56176,41.25232],[-3.5657,41.25499],[-3.56819,41.25586],[-3.57244,41.25638],[-3.57581,41.25628],[-3.57645,41.25579],[-3.57781,41.25531],[-3.57958,41.25503],[-3.5941,41.25773],[-3.60107,41.25612],[-3.60552,41.25449],[-3.60656,41.25393],[-3.6064,41.25327],[-3.60947,41.25278],[-3.61175,41.2507],[-3.61565,41.24939],[-3.61197,41.24545],[-3.60822,41.24484],[-3.60447,41.24188],[-3.60085,41.24379],[-3.59282,41.2404],[-3.57678,41.22556],[-3.57532,41.22309],[-3.5666,41.22197],[-3.56245,41.22036],[-3.55913,41.21993],[-3.55565,41.21853],[-3.55161,41.21839],[-3.54876,41.21939],[-3.54662,41.2186],[-3.53469,41.21594],[-3.53414,41.21525],[-3.53328,41.21492],[-3.53248,41.21412],[-3.52906,41.21485],[-3.52617,41.21396],[-3.52306,41.21416],[-3.51958,41.21346],[-3.52058,41.21009],[-3.52091,41.2097],[-3.52098,41.20991],[-3.52239,41.20504],[-3.52651,41.20232],[-3.52583,41.20104],[-3.52711,41.20005],[-3.52903,41.20026],[-3.52992,41.19904],[-3.52838,41.19824],[-3.52325,41.19281],[-3.52219,41.19207],[-3.52239,41.19066],[-3.5222,41.18983],[-3.52256,41.18901],[-3.52185,41.1884],[-3.52192,41.18744],[-3.52081,41.18574],[-3.52076,41.18334],[-3.51871,41.17913],[-3.51918,41.17787],[-3.51887,41.176],[-3.51906,41.17557],[-3.51985,41.17492],[-3.52007,41.17404],[-3.51959,41.16919],[-3.51909,41.16813],[-3.51781,41.16682],[-3.51588,41.16245],[-3.51382,41.16324],[-3.51232,41.16608],[-3.51099,41.16681],[-3.50955,41.1686],[-3.50731,41.16875],[-3.50464,41.17241],[-3.50359,41.17559],[-3.50209,41.17767],[-3.50067,41.1791],[-3.49903,41.17909],[-3.49369,41.17751],[-3.49022,41.17965],[-3.48698,41.18099],[-3.48437,41.18105],[-3.4817,41.18035],[-3.4794,41.18162],[-3.47887,41.18113],[-3.47459,41.18372],[-3.47302,41.18292],[-3.47017,41.18387],[-3.46691,41.18326],[-3.46881,41.18624],[-3.46657,41.1888],[-3.46337,41.19055],[-3.46189,41.19062],[-3.46028,41.19104],[-3.45676,41.19791],[-3.45397,41.20195],[-3.45495,41.20383],[-3.45494,41.20534],[-3.45458,41.20664],[-3.45198,41.20689],[-3.4512,41.20705],[-3.45097,41.20738],[-3.44996,41.21006],[-3.44935,41.21394],[-3.4498,41.21531],[-3.45028,41.21595],[-3.45222,41.21753],[-3.45372,41.21468],[-3.45381,41.21574],[-3.45465,41.21562],[-3.45837,41.21628],[-3.45964,41.21691],[-3.46076,41.21716],[-3.4622,41.21818],[-3.46408,41.21789],[-3.46501,41.21728],[-3.46983,41.21781],[-3.47074,41.21762],[-3.47235,41.21772],[-3.47449,41.21743],[-3.47636,41.21681],[-3.47954,41.21646],[-3.489,41.21696],[-3.49503,41.21658],[-3.49878,41.21744],[-3.50115,41.21845],[-3.5038,41.21883],[-3.50742,41.2204],[-3.51463,41.22661],[-3.51663,41.22804],[-3.51954,41.22975],[-3.52543,41.23239],[-3.527,41.23296],[-3.52779,41.233],[-3.52769,41.23569],[-3.5287,41.23768],[-3.52878,41.23878],[-3.53162,41.24177],[-3.53609,41.24749],[-3.53833,41.25092],[-3.53798,41.25253],[-3.54064,41.25476],[-3.54306,41.25892],[-3.54463,41.25927],[-3.54476,41.26031],[-3.54361,41.26116],[-3.54341,41.26169]]]}},{"type":"Feature","properties":{"COD_POSTAL":"40462"},"geometry":{"type":"Polygon","coordinates":[[[-4.56,41.05634],[-4.55831,41.05593],[-4.56124,41.05419],[-4.56118,41.05346],[-4.5653,41.04724],[-4.56813,41.04188],[-4.56807,41.0398],[-4.56791,41.0391],[-4.56665,41.03823],[-4.56182,41.03097],[-4.56157,41.02995],[-4.56085,41.02899],[-4.55989,41.02809],[-4.55821,41.02717],[-4.55116,41.031],[-4.54955,41.03215],[-4.54867,41.03328],[-4.54219,41.03864],[-4.5391,41.04173],[-4.53213,41.04582],[-4.51707,41.04812],[-4.51316,41.04581],[-4.5123,41.04709],[-4.511,41.05003],[-4.51053,41.05167],[-4.50998,41.056],[-4.5089,41.06027],[-4.50882,41.06123],[-4.51086,41.06646],[-4.51025,41.06738],[-4.50801,41.06952],[-4.50574,41.07004],[-4.50419,41.07179],[-4.50372,41.07204],[-4.50271,41.07346],[-4.50297,41.07451],[-4.50002,41.07577],[-4.49929,41.07638],[-4.49959,41.07705],[-4.49966,41.0781],[-4.49858,41.07849],[-4.49807,41.08029],[-4.50106,41.08606],[-4.50162,41.08809],[-4.50234,41.09257],[-4.5048,41.09371],[-4.50622,41.09404],[-4.50708,41.09537],[-4.50737,41.0983],[-4.50659,41.10091],[-4.50745,41.10279],[-4.50826,41.10317],[-4.50942,41.10203],[-4.51172,41.10222],[-4.52573,41.10527],[-4.53117,41.10457],[-4.53272,41.10339],[-4.53395,41.10289],[-4.5459,41.10237],[-4.54881,41.10105],[-4.55194,41.10013],[-4.56683,41.10606],[-4.56893,41.10373],[-4.57016,41.10112],[-4.56583,41.09394],[-4.56794,41.09301],[-4.56791,41.0906],[-4.56748,41.08918],[-4.56759,41.08235],[-4.56952,41.08048],[-4.57133,41.07699],[-4.56781,41.06852],[-4.56416,41.0637],[-4.55863,41.06379],[-4.56026,41.05715],[-4.56,41.05634]]]}},{"type":"Feature","properties":{"COD_POSTAL":"40182"},"geometry":{"type":"Polygon","coordinates":[[[-3.9716,41.14756],[-3.9752,41.14889],[-3.97738,41.14719],[-3.98154,41.14294],[-3.98195,41.13955],[-3.98134,41.13913],[-3.98205,41.13834],[-3.98021,41.13612],[-3.98043,41.13549],[-3.97902,41.13513],[-3.97676,41.13568],[-3.97678,41.13512],[-3.97815,41.13488],[-3.98056,41.13386],[-3.98425,41.13115],[-3.98499,41.1316],[-3.98267,41.1332],[-3.98368,41.13459],[-3.99336,41.1294],[-3.99288,41.12397],[-3.99246,41.12123],[-3.99208,41.12018],[-3.99147,41.11924],[-3.98445,41.11236],[-3.98352,41.11198],[-3.97715,41.10711],[-3.97354,41.10504],[-3.96711,41.10246],[-3.96401,41.1008],[-3.96284,41.09886],[-3.95451,41.0999],[-3.95255,41.09912],[-3.94987,41.09961],[-3.94875,41.09935],[-3.94669,41.10086],[-3.94361,41.10043],[-3.93981,41.10317],[-3.93773,41.10567],[-3.94134,41.10894],[-3.94072,41.11018],[-3.94278,41.11098],[-3.94212,41.1117],[-3.94256,41.11223],[-3.94696,41.11242],[-3.9474,41.11503],[-3.94564,41.1173],[-3.94505,41.11773],[-3.94198,41.11884],[-3.94243,41.12505],[-3.94159,41.12833],[-3.93931,41.13058],[-3.93779,41.13351],[-3.93734,41.13349],[-3.93706,41.13388],[-3.93636,41.13593],[-3.93834,41.1368],[-3.93862,41.13793],[-3.94175,41.13668],[-3.94276,41.13667],[-3.94532,41.13528],[-3.94601,41.13568],[-3.94553,41.1362],[-3.94602,41.13712],[-3.94795,41.13761],[-3.94882,41.13695],[-3.95101,41.13938],[-3.95627,41.14321],[-3.95613,41.14239],[-3.95647,41.1412],[-3.96451,41.14271],[-3.96705,41.14387],[-3.969,41.14666],[-3.96963,41.14659],[-3.9716,41.14756]]]}},{"type":"Feature","properties":{"COD_POSTAL":"40174"},"geometry":{"type":"Polygon","coordinates":[[[-3.83371,41.15831],[-3.83166,41.15628],[-3.83128,41.15543],[-3.83046,41.15485],[-3.83072,41.15422],[-3.83059,41.15387],[-3.82999,41.15336],[-3.82874,41.15332],[-3.81882,41.15897],[-3.82174,41.15973],[-3.8198,41.16169],[-3.81134,41.16574],[-3.80822,41.16693],[-3.8052,41.16769],[-3.80299,41.16945],[-3.79397,41.16952],[-3.79607,41.17992],[-3.80096,41.18274],[-3.80816,41.18473],[-3.80976,41.18612],[-3.81152,41.18886],[-3.81594,41.19194],[-3.82131,41.19327],[-3.82284,41.19181],[-3.82381,41.19149],[-3.82629,41.19306],[-3.8327,41.19248],[-3.83292,41.19179],[-3.8329,41.19007],[-3.83328,41.18936],[-3.83685,41.18484],[-3.83681,41.18175],[-3.83593,41.17797],[-3.83795,41.17652],[-3.83764,41.17215],[-3.8368,41.17116],[-3.83536,41.16841],[-3.83387,41.16688],[-3.83292,41.16523],[-3.83248,41.16297],[-3.8341,41.15892],[-3.83371,41.15831]]]}},{"type":"Feature","properties":{"COD_POSTAL":"40495"},"geometry":{"type":"Polygon","coordinates":[[[-4.3768,41.09574],[-4.37414,41.09604],[-4.3702,41.09779],[-4.36714,41.09802],[-4.36466,41.09876],[-4.36333,41.09973],[-4.3612,41.10274],[-4.35752,41.10467],[-4.35604,41.10558],[-4.35433,41.10714],[-4.35282,41.10788],[-4.3585,41.10915],[-4.36404,41.11084],[-4.36664,41.1105],[-4.37211,41.11994],[-4.37421,41.12267],[-4.37682,41.12294],[-4.37927,41.12368],[-4.38766,41.12676],[-4.38898,41.12782],[-4.39356,41.12819],[-4.39679,41.1274],[-4.40169,41.12959],[-4.40374,41.12962],[-4.40326,41.12999],[-4.40469,41.13448],[-4.40586,41.13661],[-4.40663,41.13864],[-4.40838,41.14127],[-4.40836,41.14543],[-4.40787,41.14615],[-4.40866,41.15082],[-4.40668,41.1543],[-4.40724,41.15723],[-4.40954,41.15509],[-4.41615,41.15186],[-4.41714,41.15101],[-4.42425,41.14705],[-4.43172,41.1423],[-4.43128,41.14198],[-4.43222,41.1409],[-4.4291,41.13884],[-4.43029,41.13716],[-4.43114,41.13702],[-4.43153,41.13542],[-4.43258,41.13369],[-4.43108,41.12679],[-4.43186,41.1252],[-4.43086,41.12466],[-4.42983,41.12307],[-4.42271,41.11461],[-4.4118,41.10819],[-4.41024,41.10628],[-4.40927,41.10342],[-4.40893,41.09821],[-4.40785,41.09306],[-4.40637,41.08883],[-4.40634,41.0881],[-4.40414,41.08462],[-4.40429,41.08052],[-4.39968,41.07622],[-4.39455,41.07417],[-4.39321,41.0734],[-4.38949,41.07298],[-4.3839,41.0713],[-4.38196,41.07237],[-4.38072,41.07358],[-4.37939,41.07607],[-4.37808,41.0778],[-4.37429,41.07525],[-4.37476,41.07898],[-4.37311,41.08122],[-4.37286,41.08351],[-4.37544,41.08811],[-4.37683,41.08888],[-4.37856,41.09263],[-4.37901,41.0932],[-4.37967,41.09353],[-4.37954,41.0946],[-4.37759,41.09543],[-4.3768,41.09574]]]}},{"type":"Feature","properties":{"COD_POSTAL":"40181"},"geometry":{"type":"Polygon","coordinates":[[[-3.99513,41.12968],[-3.99923,41.13251],[-4.01004,41.13161],[-4.01115,41.13299],[-4.01139,41.13199],[-4.00869,41.12252],[-4.00685,41.12015],[-4.00602,41.1154],[-4.00389,41.10979],[-4.00374,41.10488],[-4.00403,41.10375],[-4.005,41.10172],[-4.00643,41.0995],[-4.0085,41.09693],[-4.00841,41.09008],[-4.0096,41.0863],[-4.00719,41.08547],[-4.00754,41.08482],[-4.00636,41.08359],[-4.00577,41.08227],[-4.00411,41.08147],[-4.00344,41.08005],[-4.00345,41.07959],[-4.0049,41.07864],[-4.00469,41.07715],[-4.00391,41.07473],[-4.00451,41.07308],[-4.00455,41.07201],[-4.00426,41.07025],[-4.00285,41.06609],[-4.00175,41.06693],[-3.99366,41.0656],[-3.99046,41.06568],[-3.98723,41.06528],[-3.98201,41.06429],[-3.98056,41.06487],[-3.97229,41.06193],[-3.97163,41.06156],[-3.96968,41.05951],[-3.96737,41.05896],[-3.96699,41.05792],[-3.96498,41.05761],[-3.96283,41.05651],[-3.96033,41.05625],[-3.95963,41.05628],[-3.95832,41.0574],[-3.95566,41.05747],[-3.95363,41.05812],[-3.95309,41.05856],[-3.95251,41.05968],[-3.95369,41.06051],[-3.95251,41.06207],[-3.95175,41.06151],[-3.951,41.06031],[-3.94972,41.06001],[-3.94888,41.06051],[-3.94915,41.06233],[-3.94761,41.0626],[-3.94739,41.06522],[-3.94402,41.0633],[-3.9423,41.06373],[-3.9394,41.06507],[-3.93892,41.06623],[-3.93591,41.06755],[-3.93573,41.06786],[-3.93587,41.06828],[-3.93636,41.06901],[-3.93699,41.06921],[-3.93459,41.07122],[-3.93145,41.07172],[-3.93025,41.07239],[-3.92825,41.07194],[-3.92554,41.07179],[-3.92308,41.07254],[-3.92251,41.07195],[-3.92178,41.07165],[-3.92177,41.07078],[-3.91839,41.07045],[-3.91805,41.06927],[-3.91698,41.06782],[-3.91643,41.06806],[-3.91765,41.07034],[-3.91672,41.07032],[-3.91554,41.0686],[-3.91492,41.06868],[-3.91525,41.06932],[-3.91386,41.06967],[-3.91486,41.07092],[-3.91488,41.07139],[-3.91289,41.07524],[-3.91149,41.08062],[-3.9107,41.08273],[-3.91352,41.08242],[-3.91658,41.08175],[-3.91892,41.08205],[-3.92055,41.08201],[-3.92347,41.08139],[-3.92535,41.08229],[-3.92751,41.08418],[-3.92997,41.08544],[-3.93197,41.08807],[-3.93362,41.08658],[-3.93932,41.0885],[-3.94235,41.08921],[-3.94406,41.09084],[-3.94402,41.09186],[-3.94362,41.0929],[-3.94454,41.0939],[-3.9455,41.09772],[-3.94805,41.09719],[-3.94868,41.09751],[-3.94884,41.09822],[-3.94798,41.09876],[-3.94875,41.09935],[-3.94987,41.09961],[-3.95255,41.09912],[-3.95451,41.0999],[-3.96284,41.09886],[-3.96401,41.1008],[-3.96711,41.10246],[-3.97354,41.10504],[-3.97816,41.10783],[-3.98352,41.11198],[-3.98445,41.11236],[-3.99105,41.11882],[-3.99208,41.12018],[-3.99246,41.12123],[-3.99336,41.1294],[-3.99513,41.12968]]]}},{"type":"Feature","properties":{"COD_POSTAL":"40145"},"geometry":{"type":"Polygon","coordinates":[[[-4.47683,40.80333],[-4.47644,40.80282],[-4.47466,40.80201],[-4.47402,40.80144],[-4.47318,40.80005],[-4.47214,40.79986],[-4.47055,40.80014],[-4.47007,40.80114],[-4.46869,40.80251],[-4.46772,40.80393],[-4.46677,40.8065],[-4.46521,40.80878],[-4.46511,40.81015],[-4.46548,40.81253],[-4.46529,40.81317],[-4.46228,40.81806],[-4.45879,40.82144],[-4.45452,40.82624],[-4.45,40.82919],[-4.4489,40.82961],[-4.44765,40.82966],[-4.43907,40.82797],[-4.43711,40.82847],[-4.43611,40.82915],[-4.43737,40.83084],[-4.43629,40.83456],[-4.43912,40.8378],[-4.43955,40.83857],[-4.44,40.83998],[-4.43994,40.84113],[-4.43899,40.84351],[-4.43768,40.84577],[-4.43726,40.84732],[-4.43706,40.85026],[-4.4361,40.85193],[-4.43508,40.85519],[-4.43379,40.85777],[-4.43134,40.8608],[-4.42888,40.86236],[-4.42742,40.86287],[-4.42389,40.86269],[-4.42117,40.86139],[-4.41987,40.86119],[-4.41571,40.85964],[-4.41506,40.86357],[-4.41447,40.86454],[-4.419,40.86693],[-4.4199,40.8677],[-4.42236,40.86905],[-4.42488,40.86912],[-4.42674,40.86804],[-4.4295,40.87022],[-4.43253,40.87215],[-4.43446,40.8729],[-4.43729,40.87627],[-4.43742,40.87736],[-4.43678,40.88058],[-4.43735,40.88072],[-4.43964,40.87939],[-4.44545,40.88012],[-4.44633,40.88053],[-4.44642,40.88303],[-4.44766,40.88528],[-4.44714,40.88768],[-4.44652,40.88833],[-4.44714,40.88908],[-4.45222,40.88735],[-4.45704,40.89025],[-4.45945,40.88973],[-4.46065,40.89143],[-4.45971,40.89352],[-4.45934,40.89522],[-4.45966,40.89655],[-4.461,40.89967],[-4.46146,40.90025],[-4.46288,40.9012],[-4.46826,40.90283],[-4.47074,40.90416],[-4.47137,40.90383],[-4.4735,40.90526],[-4.47099,40.91541],[-4.47373,40.91663],[-4.47465,40.91799],[-4.47684,40.9193],[-4.47729,40.91994],[-4.47696,40.92248],[-4.47771,40.92309],[-4.47731,40.92499],[-4.47564,40.92885],[-4.47463,40.93029],[-4.47541,40.93154],[-4.4761,40.93174],[-4.47735,40.93556],[-4.47883,40.93554],[-4.48039,40.93512],[-4.48223,40.93617],[-4.4862,40.93687],[-4.48712,40.93592],[-4.48936,40.93577],[-4.48949,40.93506],[-4.49286,40.93665],[-4.49293,40.93751],[-4.49396,40.93782],[-4.49475,40.93708],[-4.4961,40.93803],[-4.49742,40.93738],[-4.49823,40.93514],[-4.49846,40.93541],[-4.49845,40.93692],[-4.4994,40.937],[-4.50218,40.93546],[-4.50147,40.93751],[-4.50359,40.93823],[-4.50892,40.9365],[-4.50945,40.93574],[-4.50948,40.93455],[-4.51185,40.93364],[-4.51285,40.93516],[-4.5151,40.93461],[-4.51546,40.93328],[-4.51999,40.93178],[-4.52098,40.93355],[-4.52212,40.93466],[-4.52305,40.9372],[-4.52461,40.93649],[-4.52987,40.93857],[-4.53093,40.9395],[-4.53375,40.94046],[-4.53776,40.94103],[-4.53927,40.94153],[-4.54091,40.94161],[-4.54411,40.94241],[-4.54476,40.94285],[-4.54712,40.94369],[-4.55093,40.94354],[-4.55243,40.94255],[-4.55439,40.94025],[-4.55628,40.94036],[-4.5571,40.94012],[-4.55836,40.94015],[-4.55947,40.93877],[-4.55915,40.93639],[-4.55871,40.93519],[-4.55928,40.9132],[-4.55864,40.91216],[-4.55733,40.91088],[-4.55448,40.90994],[-4.55316,40.909],[-4.55362,40.90821],[-4.55245,40.90746],[-4.5564,40.90328],[-4.55636,40.90251],[-4.55518,40.90123],[-4.55508,40.90012],[-4.55555,40.89793],[-4.55517,40.89497],[-4.55531,40.89364],[-4.55617,40.89131],[-4.55763,40.88974],[-4.55905,40.88762],[-4.55957,40.88585],[-4.55828,40.885],[-4.5572,40.88479],[-4.55669,40.88422],[-4.55192,40.88211],[-4.55089,40.87952],[-4.54755,40.87848],[-4.54424,40.87645],[-4.54315,40.87661],[-4.54317,40.87592],[-4.54085,40.87488],[-4.53859,40.87497],[-4.53531,40.87237],[-4.53484,40.8697],[-4.53513,40.86867],[-4.53501,40.86789],[-4.5356,40.86546],[-4.53503,40.86456],[-4.53359,40.86412],[-4.51645,40.86934],[-4.50918,40.88539],[-4.50266,40.88505],[-4.49814,40.88506],[-4.49598,40.88377],[-4.49395,40.88328],[-4.48214,40.8729],[-4.48139,40.87169],[-4.48018,40.87096],[-4.47967,40.86861],[-4.48383,40.86595],[-4.48815,40.86414],[-4.48936,40.86432],[-4.49056,40.86491],[-4.49457,40.86406],[-4.49937,40.86229],[-4.50613,40.85823],[-4.50685,40.85728],[-4.50728,40.85357],[-4.5075,40.8528],[-4.50854,40.85127],[-4.50858,40.84982],[-4.51009,40.84866],[-4.50784,40.84663],[-4.50903,40.8452],[-4.50834,40.84272],[-4.50471,40.84318],[-4.50217,40.84108],[-4.49865,40.83747],[-4.49851,40.83556],[-4.49789,40.8353],[-4.49869,40.83351],[-4.49754,40.83374],[-4.49377,40.83352],[-4.49354,40.83321],[-4.49356,40.83209],[-4.49322,40.83047],[-4.4911,40.82709],[-4.49029,40.82514],[-4.48683,40.8202],[-4.48663,40.8195],[-4.48661,40.81557],[-4.48611,40.81434],[-4.48303,40.81138],[-4.47689,40.80758],[-4.47709,40.80552],[-4.47683,40.805],[-4.47683,40.80333]]]}},{"type":"Feature","properties":{"COD_POSTAL":"40555"},"geometry":{"type":"Polygon","coordinates":[[[-3.48691,41.46074],[-3.4864,41.46008],[-3.48335,41.45906],[-3.47629,41.45376],[-3.47424,41.44883],[-3.47323,41.44726],[-3.47155,41.44502],[-3.46755,41.44048],[-3.46606,41.44036],[-3.46293,41.4406],[-3.45942,41.44183],[-3.45286,41.44598],[-3.44963,41.44937],[-3.4457,41.4521],[-3.44407,41.45416],[-3.43229,41.46322],[-3.42826,41.47011],[-3.42618,41.47026],[-3.42799,41.47214],[-3.42839,41.47394],[-3.4334,41.47683],[-3.43568,41.47761],[-3.43849,41.47939],[-3.43927,41.48084],[-3.44527,41.48458],[-3.45265,41.48994],[-3.46035,41.49415],[-3.46549,41.4944],[-3.46737,41.49339],[-3.46826,41.49319],[-3.46939,41.49238],[-3.47466,41.49068],[-3.48093,41.49024],[-3.48702,41.48398],[-3.48851,41.48145],[-3.48844,41.47811],[-3.48996,41.47466],[-3.48905,41.47069],[-3.48782,41.46847],[-3.48887,41.46664],[-3.48911,41.46323],[-3.48746,41.46082],[-3.48691,41.46074]]]}},{"type":"Feature","properties":{"COD_POSTAL":"40212"},"geometry":{"type":"Polygon","coordinates":[[[-4.40729,41.44135],[-4.40748,41.44185],[-4.41062,41.44165],[-4.41143,41.44094],[-4.41262,41.44119],[-4.41534,41.44045],[-4.41779,41.43887],[-4.4189,41.43983],[-4.42292,41.43448],[-4.4256,41.43279],[-4.42779,41.43348],[-4.43015,41.43388],[-4.43139,41.43338],[-4.4314,41.4327],[-4.40997,41.42544],[-4.40482,41.41783],[-4.41349,41.41086],[-4.41325,41.40041],[-4.4023,41.39795],[-4.39297,41.39993],[-4.39286,41.40105],[-4.39045,41.4023],[-4.39079,41.40315],[-4.38697,41.40434],[-4.38816,41.40564],[-4.3836,41.40896],[-4.38345,41.40934],[-4.38425,41.40957],[-4.38774,41.40826],[-4.38956,41.40826],[-4.38932,41.41075],[-4.38415,41.41516],[-4.37665,41.42087],[-4.36713,41.42111],[-4.36549,41.42152],[-4.36245,41.42303],[-4.36114,41.42428],[-4.36213,41.4308],[-4.36199,41.43358],[-4.36727,41.43765],[-4.3679,41.43922],[-4.369,41.43964],[-4.37071,41.43892],[-4.3729,41.4387],[-4.37444,41.43964],[-4.37432,41.44027],[-4.3763,41.44108],[-4.37681,41.44173],[-4.37914,41.44157],[-4.37994,41.44086],[-4.37987,41.4399],[-4.38107,41.43844],[-4.38245,41.43822],[-4.38315,41.43912],[-4.38424,41.43962],[-4.38545,41.43908],[-4.38604,41.43972],[-4.38858,41.44049],[-4.38855,41.43905],[-4.39093,41.43782],[-4.39379,41.43785],[-4.39402,41.43969],[-4.40156,41.44115],[-4.40729,41.44135]]]}},{"type":"Feature","properties":{"COD_POSTAL":"40550"},"geometry":{"type":"Polygon","coordinates":[[[-3.5666,41.41659],[-3.56712,41.41622],[-3.56955,41.41765],[-3.57148,41.41808],[-3.57317,41.41801],[-3.57814,41.41913],[-3.58085,41.4193],[-3.58132,41.42378],[-3.58165,41.42501],[-3.58388,41.43017],[-3.58484,41.43496],[-3.59148,41.43805],[-3.59683,41.43922],[-3.60015,41.4407],[-3.60064,41.44115],[-3.60802,41.44297],[-3.61569,41.44346],[-3.62172,41.44467],[-3.62754,41.44748],[-3.6317,41.44788],[-3.6323,41.44821],[-3.63406,41.45012],[-3.63468,41.45045],[-3.63799,41.45047],[-3.64174,41.45112],[-3.64329,41.45108],[-3.64552,41.44939],[-3.64716,41.44904],[-3.64821,41.44754],[-3.65092,41.44747],[-3.65086,41.44373],[-3.64934,41.44108],[-3.65262,41.44055],[-3.65756,41.43925],[-3.65772,41.43907],[-3.6574,41.43747],[-3.65788,41.43694],[-3.65845,41.43706],[-3.659,41.43891],[-3.66157,41.43832],[-3.66408,41.43624],[-3.66614,41.43119],[-3.66643,41.42994],[-3.66628,41.42843],[-3.66587,41.42783],[-3.66306,41.42652],[-3.6666,41.42294],[-3.66175,41.42059],[-3.65567,41.41802],[-3.65236,41.41763],[-3.64756,41.4175],[-3.64515,41.41686],[-3.63769,41.41364],[-3.63113,41.4123],[-3.62986,41.4119],[-3.62831,41.411],[-3.62012,41.41058],[-3.61538,41.40889],[-3.61153,41.40797],[-3.60687,41.40593],[-3.60172,41.40602],[-3.60007,41.40635],[-3.59675,41.40785],[-3.59541,41.40801],[-3.59464,41.40662],[-3.59387,41.40602],[-3.58351,41.40036],[-3.5817,41.3991],[-3.57961,41.39682],[-3.57909,41.39554],[-3.57847,41.39094],[-3.57788,41.38343],[-3.577,41.38109],[-3.57506,41.37838],[-3.57307,41.3782],[-3.57147,41.37753],[-3.57077,41.37696],[-3.56625,41.3788],[-3.55742,41.38168],[-3.55671,41.38118],[-3.55581,41.38148],[-3.55173,41.37891],[-3.54992,41.37845],[-3.54934,41.37795],[-3.54841,41.37932],[-3.54649,41.38419],[-3.55092,41.38669],[-3.55137,41.38716],[-3.55165,41.38814],[-3.55145,41.38848],[-3.55052,41.3889],[-3.54502,41.39054],[-3.54419,41.39542],[-3.5447,41.40023],[-3.54483,41.4046],[-3.5451,41.40575],[-3.54672,41.40841],[-3.54843,41.41024],[-3.55045,41.41175],[-3.55439,41.41336],[-3.55843,41.414],[-3.56523,41.41597],[-3.5666,41.41659]]]}},{"type":"Feature","properties":{"COD_POSTAL":"40314"},"geometry":{"type":"Polygon","coordinates":[[[-3.86636,41.47917],[-3.87102,41.48024],[-3.87171,41.47901],[-3.8967,41.49331],[-3.8998,41.49209],[-3.90407,41.48995],[-3.90752,41.48919],[-3.9109,41.48809],[-3.91281,41.48843],[-3.91522,41.4898],[-3.9168,41.48998],[-3.9209,41.4888],[-3.9295,41.4892],[-3.93067,41.4898],[-3.93106,41.49051],[-3.9323,41.49128],[-3.93372,41.49179],[-3.93398,41.4916],[-3.93458,41.46639],[-3.93698,41.46751],[-3.94088,41.46435],[-3.94068,41.46187],[-3.94089,41.45901],[-3.9419,41.45345],[-3.94207,41.45104],[-3.945,41.44716],[-3.94339,41.44503],[-3.94134,41.44434],[-3.93735,41.44382],[-3.93483,41.44035],[-3.93519,41.438],[-3.9352,41.43463],[-3.93697,41.43159],[-3.93867,41.42618],[-3.94438,41.42459],[-3.94438,41.42442],[-3.94255,41.4244],[-3.94196,41.42392],[-3.94094,41.42431],[-3.93982,41.42411],[-3.93862,41.42431],[-3.9351,41.41595],[-3.93164,41.41333],[-3.92035,41.41103],[-3.91209,41.40898],[-3.90917,41.40879],[-3.90863,41.4081],[-3.90601,41.41022],[-3.89438,41.41366],[-3.89341,41.41308],[-3.89232,41.414],[-3.89209,41.41514],[-3.89122,41.41545],[-3.89085,41.41597],[-3.88749,41.41639],[-3.88619,41.41736],[-3.89205,41.4387],[-3.89388,41.44297],[-3.88551,41.45044],[-3.88064,41.4525],[-3.87393,41.45472],[-3.87015,41.45795],[-3.86437,41.4637],[-3.86537,41.47057],[-3.86832,41.47624],[-3.867,41.47821],[-3.86636,41.47917]]]}},{"type":"Feature","properties":{"COD_POSTAL":"40231"},"geometry":{"type":"Polygon","coordinates":[[[-4.26037,41.41199],[-4.24984,41.40542],[-4.24958,41.40619],[-4.24356,41.40741],[-4.23581,41.40612],[-4.22966,41.40006],[-4.22107,41.39418],[-4.2182,41.39415],[-4.2155,41.39712],[-4.21698,41.39877],[-4.21554,41.4038],[-4.21887,41.40927],[-4.23078,41.41517],[-4.22967,41.41742],[-4.23664,41.42087],[-4.23944,41.43443],[-4.23631,41.43996],[-4.23629,41.45371],[-4.23349,41.45574],[-4.2355,41.45706],[-4.24132,41.45925],[-4.24392,41.46143],[-4.24571,41.46204],[-4.24721,41.46226],[-4.24824,41.46209],[-4.25838,41.45738],[-4.25992,41.45645],[-4.26099,41.45502],[-4.2611,41.45059],[-4.26203,41.44719],[-4.26086,41.44498],[-4.25347,41.44083],[-4.26543,41.43106],[-4.26255,41.43047],[-4.26332,41.42666],[-4.26158,41.41802],[-4.26037,41.41199]]]}},{"type":"Feature","properties":{"COD_POSTAL":"40290"},"geometry":{"type":"Polygon","coordinates":[[[-4.17103,41.04247],[-4.17482,41.04561],[-4.18392,41.04536],[-4.18666,41.04556],[-4.19117,41.04643],[-4.19249,41.04724],[-4.19384,41.04618],[-4.19721,41.0468],[-4.19884,41.04545],[-4.20118,41.04213],[-4.20328,41.03753],[-4.20279,41.03439],[-4.20121,41.03299],[-4.19844,41.02467],[-4.19727,41.0234],[-4.19497,41.02009],[-4.19432,41.01858],[-4.19262,41.01886],[-4.19194,41.01754],[-4.19121,41.01692],[-4.18618,41.01886],[-4.1843,41.01874],[-4.18178,41.01966],[-4.17853,41.01788],[-4.17679,41.01721],[-4.17449,41.01544],[-4.17455,41.01687],[-4.17263,41.01832],[-4.17319,41.02029],[-4.17075,41.02253],[-4.17077,41.02511],[-4.16767,41.02593],[-4.1645,41.02607],[-4.16283,41.02607],[-4.16136,41.02565],[-4.16093,41.02525],[-4.15983,41.02525],[-4.15949,41.03036],[-4.15237,41.03912],[-4.15192,41.03986],[-4.15204,41.04241],[-4.15936,41.04495],[-4.16672,41.04484],[-4.1666,41.04387],[-4.17103,41.04247]]]}},{"type":"Feature","properties":{"COD_POSTAL":"40530"},"geometry":{"type":"Polygon","coordinates":[[[-3.66239,41.28393],[-3.65821,41.28188],[-3.6567,41.28317],[-3.65496,41.28346],[-3.65376,41.28339],[-3.64408,41.28029],[-3.63789,41.27743],[-3.63735,41.28027],[-3.63869,41.28322],[-3.6376,41.28562],[-3.63782,41.28991],[-3.63625,41.29243],[-3.63457,41.29446],[-3.63307,41.29551],[-3.62982,41.29665],[-3.62679,41.29722],[-3.62411,41.29863],[-3.62274,41.29903],[-3.62244,41.29934],[-3.62215,41.30041],[-3.62257,41.30348],[-3.62591,41.30522],[-3.62678,41.30521],[-3.62934,41.30651],[-3.63164,41.30886],[-3.63982,41.31533],[-3.6387,41.31655],[-3.63834,41.32429],[-3.64083,41.32474],[-3.64378,41.32597],[-3.65692,41.3342],[-3.66378,41.33995],[-3.66359,41.34374],[-3.6658,41.34563],[-3.66737,41.34655],[-3.67032,41.34747],[-3.67162,41.34758],[-3.67634,41.34744],[-3.67927,41.34649],[-3.68525,41.34781],[-3.68743,41.34913],[-3.6971,41.34775],[-3.69851,41.34428],[-3.70112,41.33962],[-3.70695,41.3393],[-3.70968,41.33984],[-3.71663,41.33725],[-3.72125,41.33631],[-3.73505,41.33206],[-3.7427,41.32872],[-3.7434,41.32768],[-3.74448,41.3285],[-3.74567,41.32319],[-3.74005,41.31976],[-3.73926,41.31851],[-3.73853,41.31652],[-3.7376,41.31595],[-3.73715,41.31513],[-3.73263,41.31408],[-3.73056,41.3141],[-3.72388,41.31236],[-3.72016,41.30852],[-3.71129,41.30665],[-3.70432,41.30297],[-3.69423,41.30419],[-3.6883,41.30531],[-3.68304,41.30567],[-3.68055,41.30053],[-3.67898,41.29986],[-3.67812,41.29684],[-3.67471,41.29517],[-3.67412,41.29415],[-3.67379,41.29284],[-3.66963,41.29016],[-3.6655,41.28952],[-3.66524,41.28628],[-3.66579,41.28576],[-3.66239,41.28393]]]}},{"type":"Feature","properties":{"COD_POSTAL":"40312"},"geometry":{"type":"Polygon","coordinates":[[[-3.65765,41.20496],[-3.65654,41.20369],[-3.65419,41.20215],[-3.65416,41.20162],[-3.65512,41.20102],[-3.65588,41.19974],[-3.65412,41.19759],[-3.65392,41.19505],[-3.64992,41.19542],[-3.6414,41.19722],[-3.63822,41.20056],[-3.63781,41.20197],[-3.63633,41.20294],[-3.62253,41.2097],[-3.62033,41.21106],[-3.6203,41.21259],[-3.62088,41.21508],[-3.6216,41.21626],[-3.62551,41.21914],[-3.62591,41.21985],[-3.62597,41.22231],[-3.62523,41.22596],[-3.62406,41.22972],[-3.62449,41.23029],[-3.62439,41.23079],[-3.62313,41.2334],[-3.62249,41.23423],[-3.62232,41.23522],[-3.61767,41.24073],[-3.62019,41.2411],[-3.62127,41.24295],[-3.62465,41.24574],[-3.62541,41.24667],[-3.62767,41.24694],[-3.64735,41.24333],[-3.64862,41.24875],[-3.64996,41.24731],[-3.65334,41.24555],[-3.65604,41.2478],[-3.66528,41.2451],[-3.667,41.24638],[-3.66743,41.24642],[-3.67033,41.24587],[-3.67171,41.24474],[-3.67286,41.24526],[-3.6735,41.24613],[-3.67312,41.24677],[-3.67525,41.24781],[-3.6769,41.24813],[-3.67705,41.24876],[-3.67611,41.24963],[-3.68038,41.25236],[-3.68131,41.25188],[-3.68415,41.25556],[-3.68809,41.25918],[-3.68665,41.26061],[-3.68758,41.26385],[-3.68899,41.26646],[-3.68715,41.26851],[-3.6862,41.27118],[-3.6829,41.27028],[-3.68297,41.2695],[-3.67786,41.27006],[-3.67615,41.26933],[-3.67412,41.27014],[-3.6722,41.27023],[-3.67135,41.2697],[-3.6709,41.26843],[-3.66684,41.26768],[-3.66716,41.26834],[-3.66577,41.26969],[-3.6642,41.27195],[-3.66679,41.27384],[-3.66589,41.27559],[-3.66458,41.27495],[-3.66313,41.27663],[-3.66149,41.27593],[-3.66315,41.27794],[-3.66156,41.27887],[-3.66066,41.27784],[-3.65904,41.27853],[-3.6586,41.27955],[-3.65695,41.28078],[-3.65821,41.28188],[-3.66579,41.28576],[-3.66524,41.28628],[-3.6655,41.28952],[-3.66963,41.29016],[-3.67379,41.29284],[-3.67412,41.29415],[-3.67471,41.29517],[-3.67812,41.29684],[-3.67898,41.29986],[-3.68055,41.30053],[-3.68304,41.30567],[-3.6883,41.30531],[-3.69423,41.30419],[-3.70432,41.30297],[-3.70601,41.30122],[-3.71461,41.29896],[-3.71638,41.3],[-3.71788,41.29941],[-3.71687,41.2968],[-3.72719,41.29278],[-3.7263,41.29051],[-3.73256,41.28807],[-3.73001,41.28022],[-3.72628,41.27864],[-3.72414,41.277],[-3.72419,41.27565],[-3.72519,41.27166],[-3.7245,41.26959],[-3.72419,41.26234],[-3.72064,41.25385],[-3.71402,41.25347],[-3.70286,41.24912],[-3.70368,41.24366],[-3.70544,41.2406],[-3.72874,41.2375],[-3.7276,41.22928],[-3.72441,41.22697],[-3.72387,41.22476],[-3.71871,41.22744],[-3.71607,41.22676],[-3.71333,41.22518],[-3.71147,41.22487],[-3.70311,41.22545],[-3.68965,41.22915],[-3.68768,41.22666],[-3.68421,41.22885],[-3.68122,41.22939],[-3.67357,41.23284],[-3.67288,41.23395],[-3.6711,41.23231],[-3.6682,41.22908],[-3.66392,41.22354],[-3.66206,41.2201],[-3.65955,41.21649],[-3.65873,41.2137],[-3.65593,41.21237],[-3.65516,41.21153],[-3.65363,41.21065],[-3.65365,41.20959],[-3.65502,41.20826],[-3.65665,41.20757],[-3.65751,41.20667],[-3.65775,41.20553],[-3.65765,41.20496]]]}},{"type":"Feature","properties":{"COD_POSTAL":"40003"},"geometry":{"type":"Polygon","coordinates":[[[-4.10531,40.96313],[-4.10737,40.96492],[-4.11215,40.96123],[-4.11347,40.96152],[-4.11365,40.96343],[-4.11576,40.96434],[-4.11574,40.96161],[-4.11648,40.9611],[-4.11784,40.96118],[-4.11886,40.96032],[-4.12042,40.95987],[-4.12341,40.95828],[-4.12712,40.95777],[-4.13053,40.95683],[-4.13219,40.95725],[-4.13323,40.95821],[-4.13347,40.95752],[-4.13581,40.95678],[-4.13679,40.95532],[-4.13594,40.9552],[-4.13681,40.95304],[-4.13933,40.95093],[-4.13895,40.95065],[-4.14158,40.94969],[-4.14291,40.94968],[-4.14451,40.94909],[-4.14829,40.94869],[-4.14837,40.94797],[-4.15157,40.94715],[-4.15287,40.94534],[-4.15171,40.94332],[-4.15037,40.94364],[-4.14556,40.94359],[-4.14392,40.94178],[-4.14163,40.94079],[-4.14241,40.93976],[-4.14114,40.93836],[-4.14019,40.93897],[-4.13993,40.93956],[-4.13919,40.93992],[-4.13761,40.94249],[-4.1369,40.94304],[-4.13663,40.94359],[-4.133,40.94451],[-4.12672,40.94452],[-4.12602,40.945],[-4.12566,40.94542],[-4.1255,40.94635],[-4.12404,40.94691],[-4.12359,40.94817],[-4.12563,40.94889],[-4.12446,40.94907],[-4.12522,40.94965],[-4.12455,40.95023],[-4.12487,40.95089],[-4.12448,40.95118],[-4.12501,40.95145],[-4.12463,40.9514],[-4.12416,40.95184],[-4.12443,40.95219],[-4.12485,40.95224],[-4.12482,40.95248],[-4.12413,40.95254],[-4.12373,40.95222],[-4.12351,40.95257],[-4.12182,40.95276],[-4.11698,40.9515],[-4.11623,40.95098],[-4.11597,40.95021],[-4.11736,40.94876],[-4.11736,40.94793],[-4.11454,40.94857],[-4.11381,40.94844],[-4.11199,40.94587],[-4.11054,40.94675],[-4.10835,40.94703],[-4.10769,40.94795],[-4.10663,40.94843],[-4.10748,40.95043],[-4.10597,40.95055],[-4.10362,40.95339],[-4.10115,40.95435],[-4.10069,40.95476],[-4.10035,40.95574],[-4.09834,40.95482],[-4.09851,40.95558],[-4.09792,40.95657],[-4.09735,40.95682],[-4.10197,40.96032],[-4.10354,40.9602],[-4.10635,40.95957],[-4.10592,40.961],[-4.10531,40.96151],[-4.10531,40.96262],[-4.10531,40.96313]]]}},{"type":"Feature","properties":{"COD_POSTAL":"40214"},"geometry":{"type":"Polygon","coordinates":[[[-4.49249,41.37419],[-4.484,41.3668],[-4.47994,41.36771],[-4.47915,41.36849],[-4.47717,41.36961],[-4.47437,41.36949],[-4.47225,41.37059],[-4.47098,41.37084],[-4.46727,41.37063],[-4.4624,41.37262],[-4.46108,41.37251],[-4.45174,41.38046],[-4.45295,41.38167],[-4.45156,41.38234],[-4.45215,41.38347],[-4.45293,41.3842],[-4.45601,41.3848],[-4.45681,41.38524],[-4.45819,41.38662],[-4.4541,41.38756],[-4.45074,41.39707],[-4.46594,41.41664],[-4.46631,41.41631],[-4.46582,41.41444],[-4.46617,41.41401],[-4.46699,41.41379],[-4.46816,41.41308],[-4.46908,41.4136],[-4.4724,41.41318],[-4.47337,41.41344],[-4.47424,41.41287],[-4.47442,41.41194],[-4.47619,41.412],[-4.47724,41.41163],[-4.47833,41.41226],[-4.48277,41.41198],[-4.48348,41.41115],[-4.48472,41.41037],[-4.48367,41.40911],[-4.48497,41.40875],[-4.48633,41.40879],[-4.48989,41.41025],[-4.49244,41.40975],[-4.49532,41.41001],[-4.49515,41.4115],[-4.49606,41.41217],[-4.49802,41.41202],[-4.49878,41.41266],[-4.49921,41.41348],[-4.50004,41.41393],[-4.50139,41.41313],[-4.50082,41.41245],[-4.5018,41.41086],[-4.50396,41.41042],[-4.50608,41.41088],[-4.50819,41.40994],[-4.51269,41.40999],[-4.51496,41.40966],[-4.5165,41.40852],[-4.51433,41.40598],[-4.51596,41.40141],[-4.51528,41.39409],[-4.49249,41.37419]]]}},{"type":"Feature","properties":{"COD_POSTAL":"40370"},"geometry":{"type":"Polygon","coordinates":[[[-4.02713,41.23461],[-4.02762,41.23431],[-4.02899,41.23436],[-4.02983,41.23523],[-4.03158,41.23542],[-4.03233,41.23504],[-4.03417,41.23574],[-4.03679,41.23466],[-4.0445,41.22516],[-4.04556,41.21797],[-4.04519,41.21639],[-4.04316,41.21185],[-4.04262,41.20474],[-4.04039,41.19938],[-4.043,41.19483],[-4.04391,41.19265],[-4.04404,41.19118],[-4.0437,41.18793],[-4.04375,41.18592],[-4.04485,41.18196],[-4.04544,41.18067],[-4.04889,41.17608],[-4.05639,41.16693],[-4.05891,41.16129],[-4.04805,41.15959],[-4.04744,41.15824],[-4.04484,41.15514],[-4.04493,41.15423],[-4.04137,41.15283],[-4.04023,41.15095],[-4.0389,41.15083],[-4.03765,41.15024],[-4.03581,41.14774],[-4.03228,41.14381],[-4.0307,41.14342],[-4.03019,41.14274],[-4.0283,41.14134],[-4.02629,41.13876],[-4.02424,41.13723],[-4.0226,41.13563],[-4.01947,41.13878],[-4.01985,41.13523],[-4.01876,41.13524],[-4.01806,41.13482],[-4.01725,41.13492],[-4.01115,41.13299],[-4.01004,41.13161],[-3.99923,41.13251],[-3.99513,41.12968],[-3.99336,41.1294],[-3.98368,41.13459],[-3.98267,41.1332],[-3.98499,41.1316],[-3.98425,41.13115],[-3.98056,41.13386],[-3.97815,41.13488],[-3.97678,41.13512],[-3.97676,41.13568],[-3.97902,41.13513],[-3.98043,41.13549],[-3.98021,41.13612],[-3.98205,41.13834],[-3.98134,41.13913],[-3.98195,41.13955],[-3.98154,41.14294],[-3.97738,41.14719],[-3.9752,41.14889],[-3.96963,41.14659],[-3.96807,41.15063],[-3.97243,41.15212],[-3.97563,41.15244],[-3.97663,41.15393],[-3.97777,41.1547],[-3.97792,41.15707],[-3.9761,41.16693],[-3.97619,41.17002],[-3.97584,41.17224],[-3.97609,41.17434],[-3.97642,41.1748],[-3.9777,41.17399],[-3.97851,41.17399],[-4.0015,41.17772],[-4.01022,41.18024],[-4.01154,41.18173],[-4.01555,41.18011],[-4.0227,41.18245],[-4.0267,41.18111],[-4.02695,41.18699],[-4.0263,41.18661],[-4.02446,41.19083],[-4.0222,41.19104],[-4.01897,41.1921],[-4.01814,41.19217],[-4.01665,41.19405],[-4.01634,41.19501],[-4.017,41.19612],[-4.01654,41.19712],[-4.01707,41.19854],[-4.01561,41.20159],[-4.01561,41.20192],[-4.01857,41.20455],[-4.01837,41.20552],[-4.01794,41.20622],[-4.01615,41.20762],[-4.01616,41.20833],[-4.01648,41.20856],[-4.02067,41.20918],[-4.02091,41.20976],[-4.02039,41.21073],[-4.02049,41.21109],[-4.02127,41.2113],[-4.0217,41.21212],[-4.02324,41.2128],[-4.0236,41.2134],[-4.02309,41.21488],[-4.02347,41.21645],[-4.02271,41.21801],[-4.02269,41.21899],[-4.02348,41.2199],[-4.02543,41.22072],[-4.02789,41.22429],[-4.03021,41.22534],[-4.03067,41.22571],[-4.03099,41.22664],[-4.03091,41.22739],[-4.03044,41.22794],[-4.02878,41.2276],[-4.02634,41.23068],[-4.02587,41.23173],[-4.02692,41.2328],[-4.02671,41.23368],[-4.02578,41.23465],[-4.02713,41.23461]]]}},{"type":"Feature","properties":{"COD_POSTAL":"40005"},"geometry":{"type":"Polygon","coordinates":[[[-4.11439,40.94377],[-4.11392,40.94463],[-4.11498,40.94475],[-4.11642,40.94557],[-4.11765,40.94587],[-4.11691,40.94524],[-4.1166,40.94459],[-4.11711,40.94401],[-4.11795,40.9446],[-4.11666,40.9427],[-4.11586,40.94284],[-4.11608,40.94343],[-4.11646,40.94352],[-4.11615,40.94398],[-4.11523,40.94377],[-4.11578,40.9436],[-4.11567,40.94285],[-4.11501,40.94212],[-4.11516,40.94123],[-4.11463,40.94108],[-4.11566,40.94105],[-4.1152,40.94111],[-4.11529,40.94061],[-4.11342,40.93747],[-4.1124,40.93647],[-4.11133,40.93776],[-4.11256,40.93979],[-4.11226,40.93989],[-4.11097,40.93812],[-4.11071,40.93805],[-4.11099,40.93753],[-4.11064,40.93703],[-4.11113,40.93706],[-4.11058,40.93615],[-4.11043,40.93593],[-4.1101,40.9362],[-4.10848,40.93343],[-4.10763,40.93294],[-4.10719,40.93338],[-4.1079,40.93447],[-4.10705,40.93652],[-4.10567,40.93891],[-4.10517,40.93942],[-4.10378,40.94006],[-4.10546,40.94072],[-4.10867,40.9426],[-4.10947,40.94073],[-4.10953,40.93996],[-4.11092,40.9411],[-4.1141,40.94219],[-4.11446,40.94264],[-4.11442,40.94326],[-4.11384,40.94376],[-4.11439,40.94377]]]}},{"type":"Feature","properties":{"COD_POSTAL":"40463"},"geometry":{"type":"Polygon","coordinates":[[[-4.56902,41.01328],[-4.56593,41.01576],[-4.56276,41.01701],[-4.5582,41.02272],[-4.5572,41.02522],[-4.55821,41.02717],[-4.55989,41.02809],[-4.56085,41.02899],[-4.56157,41.02995],[-4.56182,41.03097],[-4.56665,41.03823],[-4.56791,41.0391],[-4.56807,41.0398],[-4.56813,41.04188],[-4.5653,41.04724],[-4.56118,41.05346],[-4.56124,41.05419],[-4.55831,41.05593],[-4.56,41.05634],[-4.56026,41.05715],[-4.55863,41.06379],[-4.56416,41.0637],[-4.56781,41.06852],[-4.57133,41.07699],[-4.56952,41.08048],[-4.56759,41.08235],[-4.56748,41.08918],[-4.56791,41.0906],[-4.56794,41.09301],[-4.56583,41.09394],[-4.57016,41.10112],[-4.56893,41.10373],[-4.56683,41.10606],[-4.5685,41.10797],[-4.57127,41.10932],[-4.57564,41.10674],[-4.57798,41.10602],[-4.57957,41.10479],[-4.58137,41.10388],[-4.58602,41.10252],[-4.59183,41.10151],[-4.59363,41.1018],[-4.59638,41.1012],[-4.60085,41.10229],[-4.60211,41.10226],[-4.61073,41.09878],[-4.62426,41.1005],[-4.62398,41.09965],[-4.62897,41.0971],[-4.62611,41.09469],[-4.62706,41.09132],[-4.62672,41.08705],[-4.62591,41.08412],[-4.62699,41.0839],[-4.62834,41.08153],[-4.57725,41.00856],[-4.56902,41.01328]]]}},{"type":"Feature","properties":{"COD_POSTAL":"40142"},"geometry":{"type":"Polygon","coordinates":[[[-4.33271,40.83642],[-4.33371,40.83784],[-4.33445,40.83812],[-4.33582,40.84216],[-4.33516,40.84226],[-4.33473,40.84206],[-4.3342,40.84264],[-4.33348,40.84294],[-4.33224,40.84243],[-4.3319,40.84292],[-4.33318,40.84426],[-4.33212,40.84503],[-4.33238,40.8459],[-4.33079,40.84601],[-4.33063,40.84569],[-4.32943,40.84573],[-4.32757,40.84855],[-4.32548,40.84769],[-4.32266,40.84808],[-4.32216,40.84908],[-4.31562,40.85063],[-4.31326,40.8521],[-4.30935,40.85174],[-4.30879,40.85259],[-4.30587,40.8534],[-4.3039,40.85273],[-4.30321,40.85456],[-4.30105,40.8548],[-4.29761,40.85275],[-4.29554,40.85393],[-4.29476,40.85367],[-4.29438,40.85196],[-4.29372,40.85222],[-4.29139,40.8518],[-4.29032,40.85249],[-4.288,40.85276],[-4.28977,40.85555],[-4.29171,40.85544],[-4.29257,40.85714],[-4.30025,40.86307],[-4.30133,40.86529],[-4.30278,40.86675],[-4.30159,40.86753],[-4.30527,40.8734],[-4.30477,40.87354],[-4.30433,40.8733],[-4.30226,40.8731],[-4.30176,40.87229],[-4.30062,40.87219],[-4.29878,40.87057],[-4.29797,40.87062],[-4.29965,40.87394],[-4.29866,40.87373],[-4.29698,40.87042],[-4.29614,40.8723],[-4.29494,40.87152],[-4.29254,40.87238],[-4.28957,40.87129],[-4.28871,40.87224],[-4.28998,40.87384],[-4.28883,40.87496],[-4.289,40.87545],[-4.28713,40.8751],[-4.28713,40.87577],[-4.28635,40.87655],[-4.28245,40.87764],[-4.28442,40.87994],[-4.28407,40.88002],[-4.28465,40.88182],[-4.28356,40.88215],[-4.2819,40.87975],[-4.27987,40.87967],[-4.27891,40.87827],[-4.27663,40.87969],[-4.27075,40.87756],[-4.27167,40.879],[-4.27068,40.8794],[-4.27186,40.88285],[-4.27216,40.88669],[-4.27297,40.8874],[-4.27639,40.88876],[-4.27758,40.8871],[-4.27791,40.88737],[-4.27683,40.88932],[-4.27748,40.88961],[-4.27966,40.88665],[-4.28094,40.88698],[-4.28162,40.88772],[-4.28202,40.88866],[-4.28223,40.88966],[-4.28167,40.88987],[-4.28301,40.8915],[-4.28321,40.89219],[-4.28289,40.89474],[-4.28671,40.89382],[-4.28867,40.89362],[-4.29054,40.89378],[-4.29149,40.89414],[-4.29305,40.89331],[-4.29428,40.89347],[-4.29412,40.8939],[-4.2967,40.89389],[-4.29996,40.89257],[-4.30095,40.89532],[-4.30241,40.89795],[-4.30268,40.90022],[-4.30366,40.9027],[-4.30668,40.90521],[-4.3114,40.90385],[-4.31547,40.90116],[-4.31753,40.90154],[-4.32634,40.89992],[-4.32672,40.90018],[-4.33402,40.90033],[-4.33766,40.90122],[-4.34173,40.8997],[-4.34275,40.89957],[-4.34271,40.90244],[-4.34333,40.90369],[-4.34302,40.90398],[-4.3433,40.9045],[-4.35948,40.90387],[-4.36786,40.9078],[-4.36728,40.91329],[-4.37338,40.91983],[-4.37511,40.91853],[-4.38613,40.9422],[-4.38786,40.93955],[-4.38868,40.94024],[-4.39072,40.9397],[-4.39182,40.93916],[-4.39327,40.93788],[-4.39394,40.93681],[-4.39355,40.93444],[-4.39472,40.93463],[-4.3951,40.93386],[-4.39718,40.9339],[-4.39721,40.93338],[-4.39786,40.93335],[-4.39943,40.93228],[-4.39947,40.93183],[-4.40519,40.93211],[-4.40883,40.93262],[-4.41078,40.93142],[-4.41167,40.93057],[-4.4114,40.93015],[-4.41048,40.92993],[-4.41034,40.9295],[-4.40954,40.92945],[-4.40986,40.92909],[-4.40977,40.92882],[-4.40927,40.92863],[-4.40813,40.92604],[-4.40787,40.92348],[-4.40949,40.92242],[-4.41332,40.92095],[-4.41315,40.91908],[-4.40781,40.91467],[-4.40507,40.91199],[-4.40728,40.90717],[-4.40391,40.90004],[-4.40718,40.89456],[-4.40364,40.89178],[-4.40543,40.8881],[-4.40553,40.88214],[-4.40731,40.8786],[-4.40779,40.87648],[-4.40935,40.87359],[-4.41149,40.87049],[-4.4121,40.86895],[-4.41413,40.86639],[-4.41447,40.86454],[-4.41506,40.86357],[-4.41571,40.85964],[-4.4121,40.85838],[-4.40478,40.85295],[-4.40602,40.85023],[-4.40674,40.8458],[-4.4088,40.8416],[-4.40936,40.83984],[-4.40837,40.8381],[-4.40902,40.83709],[-4.41072,40.83211],[-4.41084,40.83107],[-4.41052,40.83039],[-4.40629,40.82724],[-4.40349,40.82309],[-4.39888,40.82155],[-4.39594,40.82205],[-4.39582,40.8227],[-4.39509,40.8234],[-4.39371,40.82342],[-4.39108,40.82286],[-4.38929,40.82214],[-4.38699,40.82057],[-4.38625,40.82035],[-4.38474,40.82048],[-4.38359,40.82088],[-4.38279,40.82161],[-4.3823,40.8226],[-4.37944,40.82363],[-4.379,40.82343],[-4.37878,40.82286],[-4.3783,40.82267],[-4.37516,40.82272],[-4.3733,40.82229],[-4.37152,40.8223],[-4.36969,40.82284],[-4.3688,40.8225],[-4.36648,40.82328],[-4.36505,40.82417],[-4.36466,40.82467],[-4.36452,40.82639],[-4.36133,40.82849],[-4.36017,40.82777],[-4.35815,40.82777],[-4.3559,40.8273],[-4.35404,40.82614],[-4.35151,40.82399],[-4.35004,40.82347],[-4.34916,40.82351],[-4.34114,40.82597],[-4.33931,40.82682],[-4.3402,40.82836],[-4.33771,40.82923],[-4.3349,40.83068],[-4.32925,40.83115],[-4.32542,40.83049],[-4.32398,40.83002],[-4.32333,40.83061],[-4.32274,40.83182],[-4.32166,40.8332],[-4.32353,40.8338],[-4.32398,40.83675],[-4.32333,40.83749],[-4.32425,40.83862],[-4.32681,40.83922],[-4.33069,40.83831],[-4.33271,40.83642]]]}},{"type":"Feature","properties":{"COD_POSTAL":"40135"},"geometry":{"type":"Polygon","coordinates":[[[-4.46422,40.97196],[-4.46682,40.97456],[-4.47424,40.97767],[-4.47517,40.98065],[-4.48285,40.9837],[-4.4868,40.9837],[-4.48905,40.98515],[-4.49403,40.98506],[-4.49696,40.99048],[-4.50521,40.99348],[-4.50804,40.98988],[-4.50818,40.98674],[-4.50978,40.98395],[-4.50941,40.98228],[-4.50825,40.9803],[-4.50827,40.9799],[-4.50992,40.97881],[-4.51229,40.97502],[-4.51281,40.97342],[-4.51702,40.97413],[-4.51868,40.97387],[-4.52351,40.97412],[-4.52337,40.97546],[-4.52434,40.97597],[-4.52944,40.97686],[-4.53031,40.97673],[-4.53132,40.97548],[-4.53103,40.97269],[-4.53132,40.97061],[-4.532,40.96901],[-4.53456,40.96901],[-4.53602,40.96859],[-4.54146,40.96586],[-4.54402,40.96417],[-4.55452,40.95851],[-4.55702,40.95648],[-4.5585,40.95335],[-4.55987,40.95135],[-4.56411,40.94797],[-4.56682,40.94545],[-4.56189,40.9405],[-4.55836,40.94015],[-4.5571,40.94012],[-4.55628,40.94036],[-4.55439,40.94025],[-4.55243,40.94255],[-4.55093,40.94354],[-4.54712,40.94369],[-4.54476,40.94285],[-4.54411,40.94241],[-4.54091,40.94161],[-4.53927,40.94153],[-4.53776,40.94103],[-4.53375,40.94046],[-4.53093,40.9395],[-4.52987,40.93857],[-4.52461,40.93649],[-4.52305,40.9372],[-4.52212,40.93466],[-4.52098,40.93355],[-4.51999,40.93178],[-4.51546,40.93328],[-4.5151,40.93461],[-4.51285,40.93516],[-4.51185,40.93364],[-4.50948,40.93455],[-4.50945,40.93574],[-4.50892,40.9365],[-4.50359,40.93823],[-4.50147,40.93751],[-4.50218,40.93546],[-4.4994,40.937],[-4.49845,40.93692],[-4.49846,40.93541],[-4.49823,40.93514],[-4.49742,40.93738],[-4.4961,40.93803],[-4.49475,40.93708],[-4.49396,40.93782],[-4.49293,40.93751],[-4.49286,40.93665],[-4.48949,40.93506],[-4.48936,40.93577],[-4.48712,40.93592],[-4.4862,40.93687],[-4.48223,40.93617],[-4.48039,40.93512],[-4.47883,40.93554],[-4.47735,40.93556],[-4.47706,40.9391],[-4.47859,40.93956],[-4.4774,40.94224],[-4.47875,40.9435],[-4.47752,40.94483],[-4.47711,40.94663],[-4.47549,40.94796],[-4.47252,40.94975],[-4.47234,40.95069],[-4.47157,40.95124],[-4.47217,40.95276],[-4.47127,40.95382],[-4.47022,40.95365],[-4.46934,40.95474],[-4.46976,40.95554],[-4.46831,40.95814],[-4.46865,40.95863],[-4.46775,40.95928],[-4.46863,40.96063],[-4.4704,40.9618],[-4.4693,40.96372],[-4.46869,40.9641],[-4.46532,40.96312],[-4.46376,40.96498],[-4.46414,40.96738],[-4.46245,40.96619],[-4.46161,40.96593],[-4.46422,40.97196]]]}},{"type":"Feature","properties":{"COD_POSTAL":"40354"},"geometry":{"type":"Polygon","coordinates":[[[-4.08891,41.35246],[-4.08945,41.35582],[-4.08473,41.35787],[-4.0818,41.36032],[-4.07932,41.35907],[-4.07741,41.35787],[-4.07642,41.35642],[-4.07593,41.35298],[-4.07775,41.34804],[-4.08003,41.34752],[-4.08172,41.34671],[-4.07131,41.34361],[-4.06872,41.342],[-4.06827,41.34132],[-4.06605,41.33947],[-4.06496,41.33893],[-4.06429,41.33764],[-4.06172,41.33489],[-4.05829,41.3346],[-4.06284,41.33893],[-4.06637,41.34625],[-4.0702,41.34953],[-4.0722,41.35261],[-4.07441,41.35458],[-4.07704,41.35782],[-4.07781,41.35929],[-4.07945,41.36088],[-4.07914,41.36213],[-4.07981,41.36379],[-4.0792,41.36608],[-4.07581,41.37143],[-4.06734,41.37674],[-4.06752,41.3779],[-4.06503,41.37903],[-4.06402,41.38176],[-4.06425,41.38375],[-4.06614,41.39068],[-4.06636,41.39294],[-4.06622,41.39428],[-4.0651,41.39631],[-4.06491,41.39863],[-4.06382,41.40256],[-4.06734,41.40519],[-4.07092,41.4064],[-4.07137,41.40683],[-4.07332,41.40651],[-4.07425,41.4081],[-4.07587,41.40958],[-4.07872,41.4115],[-4.08142,41.41239],[-4.08254,41.41388],[-4.08362,41.41398],[-4.08512,41.41361],[-4.08663,41.41455],[-4.08874,41.41419],[-4.08947,41.41444],[-4.0909,41.41391],[-4.09169,41.41385],[-4.0926,41.41331],[-4.09648,41.41392],[-4.09698,41.41418],[-4.09951,41.41396],[-4.10167,41.41243],[-4.10618,41.41173],[-4.11259,41.40879],[-4.11646,41.40264],[-4.11807,41.40479],[-4.11928,41.40455],[-4.12103,41.40745],[-4.12364,41.40831],[-4.12508,41.40816],[-4.12623,41.40932],[-4.12731,41.40975],[-4.12756,41.41031],[-4.12907,41.41107],[-4.13222,41.40911],[-4.13441,41.40691],[-4.13708,41.40663],[-4.13981,41.40521],[-4.14603,41.40468],[-4.14708,41.40431],[-4.14961,41.40216],[-4.15202,41.39838],[-4.15451,41.39838],[-4.15552,41.39749],[-4.1558,41.39559],[-4.15997,41.39682],[-4.16456,41.3953],[-4.16426,41.39315],[-4.16462,41.39197],[-4.16927,41.39146],[-4.16911,41.38757],[-4.16432,41.38397],[-4.16277,41.38075],[-4.16222,41.37511],[-4.16298,41.37387],[-4.1637,41.37196],[-4.16444,41.36706],[-4.1627,41.37004],[-4.16071,41.36946],[-4.15557,41.37119],[-4.15425,41.36902],[-4.15206,41.36713],[-4.14447,41.36365],[-4.13589,41.36026],[-4.13192,41.36009],[-4.1276,41.35858],[-4.12348,41.3567],[-4.11428,41.35566],[-4.1092,41.35472],[-4.10054,41.35381],[-4.09701,41.35299],[-4.09332,41.35258],[-4.08891,41.35246]]]}},{"type":"Feature","properties":{"COD_POSTAL":"40250"},"geometry":{"type":"Polygon","coordinates":[[[-4.18466,41.16685],[-4.1876,41.16736],[-4.19428,41.17073],[-4.19624,41.17074],[-4.19855,41.17112],[-4.1997,41.17194],[-4.20218,41.17305],[-4.20111,41.17753],[-4.20585,41.18245],[-4.21192,41.18236],[-4.21495,41.18112],[-4.21799,41.18026],[-4.22346,41.17982],[-4.22522,41.18002],[-4.22716,41.17967],[-4.23145,41.17989],[-4.23324,41.17967],[-4.23768,41.17742],[-4.23612,41.17607],[-4.23346,41.17463],[-4.23236,41.17362],[-4.23476,41.17106],[-4.23311,41.16751],[-4.23343,41.16609],[-4.23321,41.16561],[-4.23287,41.16514],[-4.23201,41.16474],[-4.22877,41.16417],[-4.22945,41.16173],[-4.23122,41.16057],[-4.23072,41.15972],[-4.23176,41.15834],[-4.23259,41.15599],[-4.23114,41.15564],[-4.23048,41.15421],[-4.22436,41.12366],[-4.22409,41.12028],[-4.21602,41.11673],[-4.21341,41.10941],[-4.21349,41.11143],[-4.21308,41.1151],[-4.19777,41.12022],[-4.19603,41.12068],[-4.19583,41.11846],[-4.17769,41.1211],[-4.17947,41.11834],[-4.17083,41.11642],[-4.17025,41.11475],[-4.1702,41.10833],[-4.16312,41.10963],[-4.16292,41.11837],[-4.15542,41.11918],[-4.15206,41.12399],[-4.14954,41.12378],[-4.14535,41.1228],[-4.14018,41.12005],[-4.13836,41.1206],[-4.13728,41.12156],[-4.1337,41.12297],[-4.13268,41.12377],[-4.13033,41.12499],[-4.12996,41.12605],[-4.12846,41.12749],[-4.12659,41.13048],[-4.12555,41.13097],[-4.13151,41.13608],[-4.13868,41.14267],[-4.14023,41.14183],[-4.14112,41.14318],[-4.14489,41.14567],[-4.14656,41.14637],[-4.14872,41.14658],[-4.14857,41.14737],[-4.15061,41.14876],[-4.15221,41.14763],[-4.15497,41.15188],[-4.15056,41.15147],[-4.15098,41.15443],[-4.15511,41.15387],[-4.15672,41.1568],[-4.1649,41.16466],[-4.17064,41.16339],[-4.17378,41.16529],[-4.17182,41.16929],[-4.1748,41.16992],[-4.18014,41.16527],[-4.18472,41.16682],[-4.18466,41.16685]]]}},{"type":"Feature","properties":{"COD_POSTAL":"40540"},"geometry":{"type":"Polygon","coordinates":[[[-3.67086,41.41949],[-3.66996,41.41624],[-3.67023,41.40878],[-3.67305,41.40677],[-3.67432,41.39991],[-3.67257,41.39853],[-3.67244,41.39777],[-3.67097,41.39755],[-3.67045,41.39639],[-3.66405,41.38672],[-3.66169,41.38275],[-3.66034,41.38208],[-3.65369,41.37758],[-3.64551,41.37163],[-3.64022,41.37641],[-3.63842,41.37854],[-3.63759,41.38055],[-3.61738,41.38907],[-3.61637,41.38918],[-3.61523,41.38967],[-3.61804,41.39472],[-3.61897,41.39824],[-3.61126,41.40151],[-3.61219,41.40227],[-3.61274,41.40818],[-3.62012,41.41058],[-3.62831,41.411],[-3.62986,41.4119],[-3.63113,41.4123],[-3.63769,41.41364],[-3.64515,41.41686],[-3.64756,41.4175],[-3.65236,41.41763],[-3.65567,41.41802],[-3.66175,41.42059],[-3.6666,41.42294],[-3.66306,41.42652],[-3.66587,41.42783],[-3.66646,41.42914],[-3.66614,41.43119],[-3.66408,41.43624],[-3.66157,41.43832],[-3.659,41.43891],[-3.65845,41.43706],[-3.65788,41.43694],[-3.6574,41.43747],[-3.65772,41.43907],[-3.65756,41.43925],[-3.65262,41.44055],[-3.64934,41.44108],[-3.65086,41.44373],[-3.65092,41.44747],[-3.64821,41.44754],[-3.64716,41.44904],[-3.64923,41.45135],[-3.65196,41.45019],[-3.65778,41.44673],[-3.66782,41.45224],[-3.66696,41.45582],[-3.66375,41.45824],[-3.66262,41.46069],[-3.66487,41.46216],[-3.66437,41.46601],[-3.66943,41.46865],[-3.67232,41.46846],[-3.67487,41.46946],[-3.6749,41.47],[-3.67758,41.47304],[-3.68042,41.47424],[-3.6863,41.47121],[-3.68815,41.47082],[-3.69521,41.47107],[-3.69629,41.47132],[-3.69823,41.47243],[-3.69949,41.47375],[-3.70081,41.47255],[-3.70218,41.47199],[-3.70745,41.47346],[-3.70927,41.47425],[-3.71364,41.47554],[-3.71428,41.47597],[-3.71504,41.47732],[-3.71687,41.478],[-3.71775,41.47874],[-3.72191,41.48107],[-3.72591,41.48466],[-3.728,41.48618],[-3.72905,41.48393],[-3.72891,41.48366],[-3.72728,41.48195],[-3.72451,41.48004],[-3.72372,41.4792],[-3.72634,41.47585],[-3.73224,41.47043],[-3.73241,41.46989],[-3.73224,41.46724],[-3.73082,41.46191],[-3.72945,41.45807],[-3.72582,41.45368],[-3.72475,41.45296],[-3.72259,41.45211],[-3.72122,41.45119],[-3.72066,41.45135],[-3.71942,41.44904],[-3.71876,41.44847],[-3.71322,41.44579],[-3.71397,41.445],[-3.71895,41.44328],[-3.72059,41.44227],[-3.72305,41.44157],[-3.72252,41.43878],[-3.72342,41.4364],[-3.72343,41.43574],[-3.72254,41.43443],[-3.72199,41.4341],[-3.72145,41.43391],[-3.72003,41.43399],[-3.71953,41.43369],[-3.72077,41.43134],[-3.72068,41.43038],[-3.72031,41.42983],[-3.71789,41.42859],[-3.71597,41.42695],[-3.70772,41.42737],[-3.70141,41.43112],[-3.69666,41.43211],[-3.69323,41.43204],[-3.69016,41.43038],[-3.68798,41.43058],[-3.68287,41.432],[-3.67382,41.43014],[-3.67086,41.41949]]]}},{"type":"Feature","properties":{"COD_POSTAL":"40293"},"geometry":{"type":"Polygon","coordinates":[[[-4.15669,41.27438],[-4.16869,41.2765],[-4.17595,41.27745],[-4.17793,41.27804],[-4.18233,41.2781],[-4.18761,41.27774],[-4.1933,41.27796],[-4.19549,41.27744],[-4.20118,41.27445],[-4.21243,41.2746],[-4.21632,41.27263],[-4.21973,41.27057],[-4.22034,41.26783],[-4.22046,41.26488],[-4.21978,41.263],[-4.22023,41.26136],[-4.22345,41.25998],[-4.22588,41.25937],[-4.22809,41.25845],[-4.22958,41.25708],[-4.23147,41.25605],[-4.23049,41.2545],[-4.22428,41.25013],[-4.2218,41.24699],[-4.2201,41.24541],[-4.21772,41.24381],[-4.2099,41.24989],[-4.19612,41.24992],[-4.1821,41.25069],[-4.17099,41.25349],[-4.16438,41.25668],[-4.16282,41.25712],[-4.15427,41.25502],[-4.15373,41.25676],[-4.13735,41.26088],[-4.1365,41.2607],[-4.13543,41.26265],[-4.13604,41.26294],[-4.13652,41.26378],[-4.13715,41.26416],[-4.13728,41.26531],[-4.13909,41.26801],[-4.13956,41.26818],[-4.14151,41.26809],[-4.1445,41.2694],[-4.14637,41.27051],[-4.1529,41.27313],[-4.15469,41.27419],[-4.15669,41.27438]]]}},{"type":"Feature","properties":{"COD_POSTAL":"40237"},"geometry":{"type":"Polygon","coordinates":[[[-3.8876,41.53633],[-3.89829,41.5345],[-3.90133,41.53435],[-3.90432,41.53479],[-3.90809,41.53378],[-3.91156,41.53378],[-3.91154,41.53418],[-3.91079,41.53498],[-3.91089,41.5353],[-3.913,41.5365],[-3.91311,41.5395],[-3.91391,41.54102],[-3.91563,41.54003],[-3.91632,41.53938],[-3.91803,41.53735],[-3.91894,41.53555],[-3.92093,41.53519],[-3.92264,41.53523],[-3.9244,41.53588],[-3.92607,41.53411],[-3.92788,41.53303],[-3.92721,41.53218],[-3.92936,41.53164],[-3.9306,41.53055],[-3.93092,41.52992],[-3.93067,41.52829],[-3.93323,41.52796],[-3.9349,41.52675],[-3.93627,41.52619],[-3.93715,41.52485],[-3.93917,41.52365],[-3.93903,41.52343],[-3.93762,41.52332],[-3.93873,41.52164],[-3.938,41.52003],[-3.93986,41.51983],[-3.94071,41.52087],[-3.94151,41.52116],[-3.94252,41.52078],[-3.94518,41.51891],[-3.94709,41.5186],[-3.94747,41.51909],[-3.94749,41.51958],[-3.94686,41.52224],[-3.94691,41.52296],[-3.94716,41.52316],[-3.94877,41.52306],[-3.95029,41.52203],[-3.95133,41.52169],[-3.95649,41.52162],[-3.95687,41.52222],[-3.95924,41.52404],[-3.95977,41.52503],[-3.96047,41.52457],[-3.96035,41.52223],[-3.96058,41.51759],[-3.97154,41.52436],[-3.99371,41.53097],[-3.99434,41.53083],[-3.99468,41.52417],[-3.99579,41.52115],[-3.99912,41.51669],[-4.0005,41.51566],[-4.00853,41.51115],[-4.0083,41.5071],[-4.00753,41.50259],[-4.00773,41.50138],[-4.00701,41.50026],[-4.00597,41.49985],[-4.00555,41.49855],[-4.00523,41.49629],[-4.00543,41.49554],[-4.00602,41.49495],[-4.00427,41.49428],[-4.00186,41.49232],[-3.99941,41.49202],[-3.99884,41.49161],[-3.99785,41.48911],[-3.99877,41.48739],[-3.99748,41.48771],[-3.99639,41.48831],[-3.9937,41.48651],[-3.99454,41.48452],[-3.99478,41.48332],[-3.99484,41.48245],[-3.99418,41.4816],[-3.99403,41.48094],[-3.9942,41.47835],[-3.99462,41.4769],[-3.99461,41.47498],[-3.99332,41.47428],[-3.99031,41.47173],[-3.98907,41.4711],[-3.98771,41.47077],[-3.98619,41.47095],[-3.98402,41.47172],[-3.98139,41.47179],[-3.98049,41.47076],[-3.9784,41.46913],[-3.97241,41.46993],[-3.97081,41.4716],[-3.96819,41.47235],[-3.96187,41.47475],[-3.96138,41.47522],[-3.9612,41.47679],[-3.96176,41.48008],[-3.96259,41.48211],[-3.96385,41.48397],[-3.96293,41.48433],[-3.96283,41.48509],[-3.9618,41.48521],[-3.96137,41.48491],[-3.96075,41.48523],[-3.96034,41.48591],[-3.95657,41.48775],[-3.95611,41.4868],[-3.95513,41.48635],[-3.95342,41.48687],[-3.9509,41.48604],[-3.94865,41.48609],[-3.94157,41.48765],[-3.93881,41.48873],[-3.93559,41.49041],[-3.93372,41.49179],[-3.9323,41.49128],[-3.93106,41.49051],[-3.93067,41.4898],[-3.9295,41.4892],[-3.92696,41.48895],[-3.9209,41.4888],[-3.9168,41.48998],[-3.91522,41.4898],[-3.91281,41.48843],[-3.9109,41.48809],[-3.90752,41.48919],[-3.90407,41.48995],[-3.8998,41.49209],[-3.8967,41.49331],[-3.89882,41.49713],[-3.90231,41.50097],[-3.90159,41.50331],[-3.8971,41.50413],[-3.89075,41.50671],[-3.89069,41.50919],[-3.89174,41.51135],[-3.89275,41.51262],[-3.89967,41.51274],[-3.90262,41.51371],[-3.89536,41.51673],[-3.8953,41.51717],[-3.89382,41.5173],[-3.89811,41.52319],[-3.89679,41.52477],[-3.89682,41.52626],[-3.89547,41.52915],[-3.89424,41.529],[-3.89399,41.52851],[-3.88752,41.52707],[-3.8852,41.52993],[-3.88578,41.53231],[-3.88603,41.53471],[-3.88643,41.53609],[-3.88685,41.53646],[-3.8876,41.53633]]]}},{"type":"Feature","properties":{"COD_POSTAL":"40291"},"geometry":{"type":"Polygon","coordinates":[[[-4.2061,41.08713],[-4.19999,41.08575],[-4.18985,41.08454],[-4.18761,41.08666],[-4.18069,41.09425],[-4.18291,41.09522],[-4.17784,41.09862],[-4.17508,41.09644],[-4.16492,41.09943],[-4.16359,41.10119],[-4.15659,41.09911],[-4.15241,41.10139],[-4.14862,41.11119],[-4.13931,41.1128],[-4.13509,41.11695],[-4.13549,41.11915],[-4.13836,41.1206],[-4.14018,41.12005],[-4.14535,41.1228],[-4.14954,41.12378],[-4.15206,41.12399],[-4.15542,41.11918],[-4.16292,41.11837],[-4.16312,41.10963],[-4.1702,41.10833],[-4.17025,41.11475],[-4.17083,41.11642],[-4.17947,41.11834],[-4.17769,41.1211],[-4.19583,41.11846],[-4.19603,41.12068],[-4.19777,41.12022],[-4.21308,41.1151],[-4.21349,41.11143],[-4.21341,41.10941],[-4.21602,41.11673],[-4.22409,41.12028],[-4.23057,41.11374],[-4.24142,41.10879],[-4.24534,41.10755],[-4.26349,41.10001],[-4.26635,41.09838],[-4.28361,41.09253],[-4.28706,41.09491],[-4.28861,41.09524],[-4.28876,41.09201],[-4.28848,41.09076],[-4.28794,41.08992],[-4.28485,41.08819],[-4.28376,41.08729],[-4.28312,41.08629],[-4.28288,41.08535],[-4.27845,41.08156],[-4.27781,41.08026],[-4.27696,41.08073],[-4.27438,41.08125],[-4.27362,41.08248],[-4.27509,41.08381],[-4.27421,41.08448],[-4.2402,41.08883],[-4.24031,41.08706],[-4.22452,41.08919],[-4.21969,41.08828],[-4.20805,41.08725],[-4.2061,41.08713]]]}},{"type":"Feature","properties":{"COD_POSTAL":"40569"},"geometry":{"type":"Polygon","coordinates":[[[-3.64717,41.36524],[-3.6462,41.36054],[-3.64175,41.35811],[-3.63784,41.35868],[-3.63204,41.36376],[-3.6282,41.36763],[-3.62633,41.3672],[-3.6218,41.36561],[-3.61321,41.3619],[-3.61201,41.36117],[-3.60644,41.35902],[-3.60149,41.35844],[-3.59384,41.35854],[-3.59215,41.35953],[-3.58966,41.35965],[-3.58117,41.3642],[-3.58118,41.36948],[-3.57554,41.37481],[-3.58195,41.37673],[-3.58277,41.37774],[-3.58595,41.37764],[-3.58673,41.37784],[-3.58774,41.37626],[-3.58816,41.3744],[-3.59072,41.37435],[-3.59303,41.37602],[-3.59351,41.37695],[-3.59389,41.37936],[-3.59796,41.38226],[-3.60188,41.38558],[-3.60249,41.38594],[-3.60724,41.38556],[-3.60895,41.38567],[-3.61042,41.38652],[-3.61356,41.38721],[-3.61523,41.38967],[-3.61637,41.38918],[-3.61738,41.38907],[-3.63759,41.38055],[-3.63842,41.37854],[-3.64022,41.37641],[-3.64551,41.37163],[-3.64743,41.36752],[-3.64734,41.36584],[-3.64717,41.36524]]]}},{"type":"Feature","properties":{"COD_POSTAL":"40196"},"geometry":{"type":"Polygon","coordinates":[[[-4.11576,40.96434],[-4.11365,40.96343],[-4.11347,40.96152],[-4.11215,40.96123],[-4.10737,40.96492],[-4.10531,40.96313],[-4.10531,40.96151],[-4.10592,40.961],[-4.10635,40.95957],[-4.10354,40.9602],[-4.10197,40.96032],[-4.09735,40.95682],[-4.09648,40.95678],[-4.09518,40.95547],[-4.09547,40.95519],[-4.09319,40.95406],[-4.09224,40.95468],[-4.0913,40.95432],[-4.0904,40.95459],[-4.09028,40.9554],[-4.08857,40.95542],[-4.08676,40.95646],[-4.08639,40.95819],[-4.08609,40.9585],[-4.08457,40.95875],[-4.08535,40.9613],[-4.08492,40.96149],[-4.0817,40.96162],[-4.07918,40.96],[-4.07801,40.95996],[-4.07781,40.95941],[-4.07626,40.95968],[-4.07602,40.96089],[-4.07338,40.96081],[-4.07097,40.96117],[-4.06815,40.96089],[-4.06329,40.96254],[-4.06284,40.96287],[-4.06115,40.96535],[-4.06228,40.96839],[-4.06154,40.96933],[-4.06244,40.9692],[-4.0635,40.96947],[-4.06771,40.97095],[-4.06811,40.97167],[-4.06807,40.97202],[-4.06724,40.97349],[-4.06845,40.9753],[-4.07036,40.97718],[-4.072,40.97765],[-4.07345,40.97724],[-4.07551,40.97744],[-4.07653,40.97651],[-4.081,40.97666],[-4.08172,40.97634],[-4.085,40.97688],[-4.08534,40.97891],[-4.08791,40.9797],[-4.08977,40.97938],[-4.09221,40.98009],[-4.09354,40.98023],[-4.09747,40.98203],[-4.09927,40.98198],[-4.10379,40.98329],[-4.10421,40.98346],[-4.10464,40.98403],[-4.10488,40.98525],[-4.10858,40.98435],[-4.10995,40.98224],[-4.11183,40.98107],[-4.11429,40.9781],[-4.11719,40.97924],[-4.12003,40.98088],[-4.12308,40.98129],[-4.12613,40.98062],[-4.1312,40.98084],[-4.13268,40.98152],[-4.12954,40.98593],[-4.12958,40.98905],[-4.13167,40.9885],[-4.13156,40.9881],[-4.13479,40.98723],[-4.13473,40.98624],[-4.13693,40.98636],[-4.13806,40.98561],[-4.13782,40.98512],[-4.13986,40.985],[-4.14645,40.98751],[-4.15284,40.9867],[-4.15238,40.98218],[-4.15168,40.98103],[-4.15217,40.97977],[-4.15152,40.97772],[-4.15392,40.97573],[-4.1548,40.9732],[-4.15489,40.97207],[-4.15921,40.96963],[-4.16126,40.96945],[-4.16639,40.96677],[-4.16913,40.96703],[-4.15841,40.95391],[-4.14371,40.94938],[-4.14291,40.94968],[-4.14158,40.94969],[-4.13895,40.95065],[-4.13933,40.95093],[-4.13681,40.95304],[-4.13594,40.9552],[-4.13679,40.95532],[-4.13581,40.95678],[-4.13347,40.95752],[-4.13323,40.95821],[-4.13219,40.95725],[-4.13053,40.95683],[-4.12712,40.95777],[-4.12341,40.95828],[-4.12042,40.95987],[-4.11886,40.96032],[-4.11784,40.96118],[-4.11648,40.9611],[-4.11574,40.96161],[-4.11576,40.96434]]]}},{"type":"Feature","properties":{"COD_POSTAL":"40295"},"geometry":{"type":"Polygon","coordinates":[[[-4.32637,41.19063],[-4.32366,41.19184],[-4.31989,41.19396],[-4.31779,41.19634],[-4.31392,41.19842],[-4.30655,41.19801],[-4.29977,41.19954],[-4.29868,41.20032],[-4.28779,41.21052],[-4.28354,41.2288],[-4.32107,41.23846],[-4.32521,41.2384],[-4.33334,41.23981],[-4.33702,41.24207],[-4.34093,41.24537],[-4.34269,41.24633],[-4.35203,41.24636],[-4.35651,41.24707],[-4.36744,41.2503],[-4.36895,41.25107],[-4.37132,41.25134],[-4.37665,41.25342],[-4.37626,41.25525],[-4.37902,41.25678],[-4.38222,41.25674],[-4.38454,41.25591],[-4.3874,41.25607],[-4.38954,41.25463],[-4.39202,41.25149],[-4.39289,41.24959],[-4.39347,41.2471],[-4.39649,41.24267],[-4.39666,41.24185],[-4.39539,41.24027],[-4.39526,41.23864],[-4.3955,41.23651],[-4.39676,41.23486],[-4.40186,41.23056],[-4.40326,41.22905],[-4.40264,41.22863],[-4.40215,41.2274],[-4.40109,41.22651],[-4.39994,41.22632],[-4.39879,41.22655],[-4.3971,41.22815],[-4.39541,41.2283],[-4.39441,41.22805],[-4.39282,41.22862],[-4.39239,41.22766],[-4.3926,41.22668],[-4.39216,41.22583],[-4.39193,41.22426],[-4.39137,41.22338],[-4.39029,41.22265],[-4.38733,41.22258],[-4.38579,41.22177],[-4.38858,41.21961],[-4.3897,41.21836],[-4.3904,41.21583],[-4.3845,41.21371],[-4.38119,41.2128],[-4.3788,41.20984],[-4.37934,41.20759],[-4.37712,41.20678],[-4.37474,41.20358],[-4.37353,41.20354],[-4.37043,41.20449],[-4.36757,41.2028],[-4.36351,41.20327],[-4.3622,41.20379],[-4.35779,41.20095],[-4.35445,41.20087],[-4.35285,41.20048],[-4.35185,41.19986],[-4.35124,41.19903],[-4.34766,41.19775],[-4.34587,41.19661],[-4.34618,41.19544],[-4.34449,41.19441],[-4.34331,41.19417],[-4.34286,41.19347],[-4.34179,41.193],[-4.34064,41.19329],[-4.33928,41.19478],[-4.33792,41.19505],[-4.33641,41.19479],[-4.33575,41.19394],[-4.33255,41.19274],[-4.33237,41.19161],[-4.33095,41.18976],[-4.32993,41.18999],[-4.32915,41.18959],[-4.32637,41.19063]]]}},{"type":"Feature","properties":{"COD_POSTAL":"40469"},"geometry":{"type":"Polygon","coordinates":[[[-4.72456,41.12266],[-4.72219,41.11856],[-4.72145,41.1165],[-4.71833,41.11292],[-4.71644,41.11131],[-4.71512,41.11064],[-4.71606,41.10424],[-4.71003,41.09927],[-4.71092,41.09744],[-4.71279,41.09467],[-4.71334,41.09167],[-4.71789,41.09],[-4.71715,41.08919],[-4.71587,41.0893],[-4.71177,41.08872],[-4.70735,41.08948],[-4.70715,41.08878],[-4.70476,41.09056],[-4.70203,41.08986],[-4.70044,41.08906],[-4.69903,41.08917],[-4.69661,41.08788],[-4.69554,41.08764],[-4.6923,41.08864],[-4.69034,41.09036],[-4.68932,41.09161],[-4.68571,41.09343],[-4.68553,41.09451],[-4.68623,41.09717],[-4.68237,41.10079],[-4.68162,41.10343],[-4.68187,41.10539],[-4.68092,41.10592],[-4.67962,41.10981],[-4.67545,41.10754],[-4.67186,41.10693],[-4.66363,41.11068],[-4.66403,41.11526],[-4.66412,41.12046],[-4.66284,41.12209],[-4.66081,41.12369],[-4.66255,41.12616],[-4.66555,41.12721],[-4.67365,41.12682],[-4.67972,41.1268],[-4.68641,41.12922],[-4.69281,41.13045],[-4.69638,41.13185],[-4.69966,41.13352],[-4.7038,41.1351],[-4.70916,41.13567],[-4.71167,41.13529],[-4.71332,41.13468],[-4.71672,41.13264],[-4.71943,41.13034],[-4.72381,41.12856],[-4.72462,41.1257],[-4.72446,41.12499],[-4.72465,41.12343],[-4.72456,41.12266]]]}},{"type":"Feature","properties":{"COD_POSTAL":"40553"},"geometry":{"type":"Polygon","coordinates":[[[-3.53926,41.45654],[-3.53932,41.45715],[-3.54008,41.45813],[-3.54269,41.46353],[-3.5426,41.46403],[-3.53907,41.46886],[-3.53834,41.47022],[-3.54149,41.47557],[-3.54222,41.4781],[-3.5445,41.48258],[-3.5455,41.48625],[-3.54406,41.4888],[-3.54416,41.48945],[-3.54842,41.4898],[-3.55067,41.48969],[-3.55539,41.48881],[-3.55743,41.4881],[-3.55866,41.48855],[-3.55927,41.49013],[-3.55874,41.491],[-3.56194,41.49119],[-3.56364,41.49354],[-3.56308,41.49449],[-3.564,41.49682],[-3.568,41.50081],[-3.56759,41.50507],[-3.56694,41.50656],[-3.56688,41.50781],[-3.5698,41.50758],[-3.57258,41.50653],[-3.57676,41.50606],[-3.57831,41.50558],[-3.58535,41.5058],[-3.59679,41.5053],[-3.60993,41.50608],[-3.61006,41.50497],[-3.6088,41.50309],[-3.6072,41.50129],[-3.60586,41.50017],[-3.60129,41.498],[-3.59614,41.49838],[-3.59493,41.49719],[-3.5954,41.48693],[-3.59679,41.4808],[-3.58525,41.4774],[-3.58328,41.47885],[-3.58359,41.47746],[-3.58094,41.47523],[-3.57937,41.47285],[-3.53975,41.45471],[-3.53926,41.45654]]]}},{"type":"Feature","properties":{"COD_POSTAL":"40240"},"geometry":{"type":"Polygon","coordinates":[[[-4.34272,41.26898],[-4.34214,41.26888],[-4.34186,41.26687],[-4.33956,41.26461],[-4.33934,41.26237],[-4.33169,41.26021],[-4.29799,41.27826],[-4.28547,41.27613],[-4.28519,41.27213],[-4.2571,41.27082],[-4.25079,41.27615],[-4.24779,41.27627],[-4.24501,41.27829],[-4.24325,41.28154],[-4.24741,41.28601],[-4.24868,41.2892],[-4.24369,41.2849],[-4.24081,41.2858],[-4.23885,41.28847],[-4.24365,41.2912],[-4.24385,41.29265],[-4.25137,41.29536],[-4.25279,41.29828],[-4.25328,41.29886],[-4.25492,41.29965],[-4.25398,41.30193],[-4.25817,41.30577],[-4.26203,41.30498],[-4.26538,41.30332],[-4.27211,41.30122],[-4.27784,41.30058],[-4.27976,41.30075],[-4.28234,41.30053],[-4.28523,41.30112],[-4.28918,41.30146],[-4.29624,41.30114],[-4.29808,41.30187],[-4.30212,41.3025],[-4.30409,41.30325],[-4.30754,41.30548],[-4.30941,41.30636],[-4.31248,41.30871],[-4.33561,41.31245],[-4.34143,41.30691],[-4.3393,41.30355],[-4.33631,41.29801],[-4.34762,41.27265],[-4.34748,41.2698],[-4.34272,41.26898]]]}},{"type":"Feature","properties":{"COD_POSTAL":"40176"},"geometry":{"type":"Polygon","coordinates":[[[-3.73562,41.16881],[-3.73508,41.17014],[-3.73623,41.17443],[-3.74382,41.17704],[-3.74158,41.18682],[-3.74955,41.19584],[-3.75335,41.1971],[-3.75469,41.1988],[-3.75325,41.20384],[-3.75112,41.20552],[-3.75013,41.20792],[-3.75425,41.20801],[-3.76831,41.21679],[-3.77822,41.21573],[-3.78553,41.2164],[-3.78836,41.21412],[-3.79346,41.21084],[-3.79537,41.20887],[-3.79579,41.20817],[-3.79675,41.20349],[-3.79567,41.20308],[-3.78896,41.19746],[-3.78723,41.19288],[-3.78617,41.18878],[-3.78625,41.18289],[-3.78504,41.17993],[-3.78083,41.17462],[-3.7824,41.1753],[-3.78647,41.17355],[-3.78853,41.17057],[-3.79454,41.16945],[-3.80299,41.16945],[-3.8052,41.16769],[-3.80822,41.16693],[-3.81134,41.16574],[-3.8198,41.16169],[-3.82174,41.15973],[-3.81817,41.15887],[-3.81315,41.15881],[-3.81335,41.15684],[-3.81699,41.15262],[-3.81882,41.15137],[-3.81539,41.1507],[-3.81476,41.15023],[-3.81219,41.15014],[-3.81076,41.14954],[-3.80898,41.14792],[-3.80891,41.14535],[-3.79994,41.14478],[-3.78856,41.14763],[-3.78369,41.14795],[-3.77886,41.1487],[-3.77188,41.14502],[-3.75869,41.1423],[-3.75843,41.13931],[-3.75497,41.14127],[-3.74231,41.1446],[-3.73032,41.15014],[-3.72232,41.153],[-3.72362,41.15421],[-3.72582,41.15739],[-3.72548,41.15876],[-3.72627,41.16093],[-3.72736,41.16255],[-3.73523,41.16861],[-3.73562,41.16881]]]}},{"type":"Feature","properties":{"COD_POSTAL":"40154"},"geometry":{"type":"Polygon","coordinates":[[[-4.16967,40.96708],[-4.17057,40.96769],[-4.17216,40.96822],[-4.17546,40.96867],[-4.17985,40.97094],[-4.18349,40.96711],[-4.18498,40.96454],[-4.18882,40.96156],[-4.19008,40.96277],[-4.19039,40.96275],[-4.19075,40.96251],[-4.19183,40.96044],[-4.1917,40.95945],[-4.19142,40.95915],[-4.18983,40.95891],[-4.1905,40.9575],[-4.18879,40.95624],[-4.18836,40.95624],[-4.18761,40.95718],[-4.18718,40.95737],[-4.18691,40.95631],[-4.18626,40.95529],[-4.18422,40.95436],[-4.18461,40.95298],[-4.18385,40.95279],[-4.18283,40.95112],[-4.18295,40.9499],[-4.17731,40.9464],[-4.17762,40.94515],[-4.18109,40.9455],[-4.18761,40.94026],[-4.18941,40.93924],[-4.19646,40.93758],[-4.19886,40.9361],[-4.20134,40.93273],[-4.20258,40.93269],[-4.20399,40.93155],[-4.20388,40.93012],[-4.20443,40.92967],[-4.20657,40.92321],[-4.20578,40.92291],[-4.20681,40.92263],[-4.20794,40.92303],[-4.20888,40.92294],[-4.20995,40.92427],[-4.21619,40.92333],[-4.21946,40.92245],[-4.21938,40.92191],[-4.22024,40.92151],[-4.21817,40.91908],[-4.21737,40.91896],[-4.21824,40.91784],[-4.20511,40.90611],[-4.18831,40.86442],[-4.18711,40.86518],[-4.18551,40.8651],[-4.18072,40.8661],[-4.17755,40.86745],[-4.17899,40.87006],[-4.17608,40.87146],[-4.17228,40.8752],[-4.17408,40.87839],[-4.17141,40.88036],[-4.16708,40.87969],[-4.16547,40.88069],[-4.16514,40.88293],[-4.16586,40.88599],[-4.16541,40.88827],[-4.16204,40.89015],[-4.16107,40.8914],[-4.15631,40.89242],[-4.14726,40.89484],[-4.14409,40.89599],[-4.14622,40.90582],[-4.13784,40.91665],[-4.12763,40.92833],[-4.12328,40.93124],[-4.12253,40.93138],[-4.12093,40.93253],[-4.11775,40.93262],[-4.11718,40.93326],[-4.11637,40.93514],[-4.11643,40.93619],[-4.11666,40.93678],[-4.11698,40.93681],[-4.117,40.938],[-4.11736,40.93869],[-4.11914,40.9403],[-4.11964,40.94028],[-4.12008,40.94061],[-4.12104,40.9429],[-4.1216,40.94322],[-4.12306,40.9434],[-4.12353,40.94382],[-4.12503,40.94426],[-4.12672,40.94452],[-4.133,40.94451],[-4.13663,40.94359],[-4.1369,40.94304],[-4.13761,40.94249],[-4.13919,40.93992],[-4.13993,40.93956],[-4.14019,40.93897],[-4.14114,40.93836],[-4.14241,40.93976],[-4.14163,40.94079],[-4.14392,40.94178],[-4.14556,40.94359],[-4.15037,40.94364],[-4.15171,40.94332],[-4.15287,40.94534],[-4.15157,40.94715],[-4.14837,40.94797],[-4.14829,40.94869],[-4.14451,40.94909],[-4.14371,40.94938],[-4.15841,40.95391],[-4.16913,40.96703],[-4.16967,40.96708]]]}},{"type":"Feature","properties":{"COD_POSTAL":"40219"},"geometry":{"type":"Polygon","coordinates":[[[-4.57388,41.2752],[-4.57106,41.27423],[-4.56574,41.2733],[-4.56466,41.27251],[-4.56383,41.27143],[-4.56122,41.27047],[-4.56029,41.26929],[-4.55939,41.26923],[-4.5547,41.27135],[-4.55174,41.2716],[-4.5492,41.27357],[-4.54618,41.27547],[-4.54253,41.27692],[-4.53101,41.28044],[-4.53033,41.28013],[-4.52932,41.28032],[-4.52619,41.28006],[-4.51946,41.28087],[-4.51853,41.28118],[-4.51843,41.2831],[-4.51696,41.28818],[-4.50773,41.29208],[-4.50009,41.29633],[-4.5001,41.30226],[-4.50538,41.31129],[-4.51124,41.31306],[-4.52428,41.32009],[-4.52863,41.3211],[-4.53402,41.31929],[-4.53882,41.31339],[-4.54358,41.31237],[-4.5484,41.30881],[-4.5515,41.30754],[-4.5575,41.30265],[-4.55954,41.30217],[-4.56232,41.30319],[-4.56332,41.30276],[-4.56526,41.30279],[-4.57016,41.30543],[-4.57414,41.30665],[-4.57678,41.30823],[-4.58669,41.31709],[-4.58786,41.31714],[-4.59085,41.31864],[-4.59413,41.31892],[-4.59685,41.32059],[-4.59784,41.31843],[-4.59977,41.31638],[-4.60066,41.31604],[-4.60259,41.31436],[-4.60515,41.31314],[-4.60326,41.3102],[-4.60182,41.30936],[-4.60206,41.30874],[-4.60096,41.3076],[-4.60223,41.30545],[-4.60243,41.30415],[-4.60198,41.30265],[-4.59577,41.29893],[-4.59396,41.29721],[-4.59314,41.29566],[-4.59206,41.29505],[-4.5902,41.29195],[-4.58522,41.29051],[-4.58054,41.28822],[-4.57653,41.28487],[-4.57562,41.28374],[-4.57529,41.27967],[-4.57662,41.27703],[-4.57612,41.2763],[-4.57388,41.2752]]]}},{"type":"Feature","properties":{"COD_POSTAL":"40356"},"geometry":{"type":"Polygon","coordinates":[[[-4.03656,41.44422],[-4.03579,41.44255],[-4.03156,41.43776],[-4.02322,41.4343],[-4.01862,41.43271],[-4.01428,41.42724],[-4.01278,41.42807],[-4.00904,41.43216],[-3.99919,41.43453],[-3.99489,41.4349],[-3.99478,41.43748],[-3.99499,41.43946],[-3.99272,41.44171],[-3.99259,41.44409],[-3.99159,41.4456],[-3.99143,41.44659],[-3.98905,41.44989],[-3.98735,41.45517],[-3.98775,41.45825],[-3.98681,41.46167],[-3.9875,41.46647],[-3.98831,41.46889],[-3.98739,41.46941],[-3.99575,41.46939],[-3.99777,41.47018],[-3.999,41.4697],[-4.00461,41.46926],[-4.00658,41.46879],[-4.00813,41.46895],[-4.00946,41.46946],[-4.01158,41.4696],[-4.0129,41.46945],[-4.01597,41.46978],[-4.01693,41.46902],[-4.01814,41.46883],[-4.02006,41.46929],[-4.02342,41.46951],[-4.02444,41.46909],[-4.02524,41.46905],[-4.02825,41.46462],[-4.03744,41.45663],[-4.04127,41.4516],[-4.03672,41.44664],[-4.03656,41.44422]]]}},{"type":"Feature","properties":{"COD_POSTAL":"40394"},"geometry":{"type":"Polygon","coordinates":[[[-4.01947,41.13878],[-4.0226,41.13563],[-4.02424,41.13723],[-4.02629,41.13876],[-4.0283,41.14134],[-4.03019,41.14274],[-4.0307,41.14342],[-4.03228,41.14381],[-4.03581,41.14774],[-4.03765,41.15024],[-4.0389,41.15083],[-4.04023,41.15095],[-4.04137,41.15283],[-4.04493,41.15423],[-4.04484,41.15514],[-4.04744,41.15824],[-4.04805,41.15959],[-4.06389,41.16218],[-4.06586,41.16062],[-4.06805,41.15975],[-4.07419,41.16268],[-4.07621,41.16132],[-4.07941,41.15605],[-4.07499,41.15211],[-4.07419,41.15082],[-4.08482,41.14167],[-4.08182,41.1382],[-4.0827,41.13731],[-4.08208,41.13399],[-4.08337,41.13213],[-4.0776,41.12834],[-4.07719,41.12729],[-4.07616,41.12595],[-4.07358,41.12325],[-4.07292,41.12102],[-4.07385,41.12011],[-4.07487,41.11693],[-4.07516,41.11478],[-4.07549,41.11405],[-4.07601,41.11333],[-4.07681,41.11306],[-4.07603,41.11271],[-4.07456,41.11264],[-4.06712,41.11285],[-4.06643,41.11143],[-4.06635,41.10919],[-4.06537,41.10621],[-4.06472,41.10512],[-4.01975,41.1362],[-4.01947,41.13878]]]}},{"type":"Feature","properties":{"COD_POSTAL":"40353"},"geometry":{"type":"Polygon","coordinates":[[[-4.09701,41.35299],[-4.10054,41.35381],[-4.1092,41.35472],[-4.11428,41.35566],[-4.12348,41.3567],[-4.1276,41.35858],[-4.13192,41.36009],[-4.13589,41.36026],[-4.14447,41.36365],[-4.15206,41.36713],[-4.15425,41.36902],[-4.15557,41.37119],[-4.16071,41.36946],[-4.1627,41.37004],[-4.16605,41.36416],[-4.16612,41.36328],[-4.16713,41.36198],[-4.16856,41.3585],[-4.1663,41.35605],[-4.16619,41.35501],[-4.16633,41.35354],[-4.16721,41.35197],[-4.1671,41.34973],[-4.16747,41.34849],[-4.1684,41.34706],[-4.16852,41.34616],[-4.1693,41.34479],[-4.1737,41.34491],[-4.17858,41.34217],[-4.17717,41.33716],[-4.17603,41.33533],[-4.16698,41.33102],[-4.16588,41.33065],[-4.16081,41.32982],[-4.15873,41.32796],[-4.15617,41.32515],[-4.15547,41.32473],[-4.15099,41.32426],[-4.14649,41.32244],[-4.14369,41.32238],[-4.1381,41.32165],[-4.13275,41.32264],[-4.13011,41.32521],[-4.12746,41.32464],[-4.12567,41.3256],[-4.12521,41.32559],[-4.12191,41.32423],[-4.12059,41.32436],[-4.11955,41.32328],[-4.11869,41.32291],[-4.10655,41.32012],[-4.10776,41.31809],[-4.10406,41.31557],[-4.10043,41.31168],[-4.09828,41.31071],[-4.09312,41.30928],[-4.08314,41.3007],[-4.07852,41.30589],[-4.07815,41.3072],[-4.071,41.31838],[-4.07057,41.31981],[-4.06867,41.32203],[-4.06443,41.32609],[-4.06017,41.33063],[-4.0591,41.33205],[-4.05829,41.3346],[-4.06172,41.33489],[-4.06429,41.33764],[-4.06496,41.33893],[-4.06605,41.33947],[-4.06827,41.34132],[-4.06872,41.342],[-4.07131,41.34361],[-4.08172,41.34671],[-4.08003,41.34752],[-4.07775,41.34804],[-4.07593,41.35298],[-4.07642,41.35642],[-4.07741,41.35787],[-4.07932,41.35907],[-4.0818,41.36032],[-4.08473,41.35787],[-4.08945,41.35582],[-4.08891,41.35246],[-4.09332,41.35258],[-4.09701,41.35299]]]}},{"type":"Feature","properties":{"COD_POSTAL":"40420"},"geometry":{"type":"Polygon","coordinates":[[[-4.19003,40.86059],[-4.19057,40.85968],[-4.19065,40.85737],[-4.19194,40.85327],[-4.19292,40.85214],[-4.18958,40.85072],[-4.18762,40.85028],[-4.1854,40.85042],[-4.1824,40.85152],[-4.17897,40.85187],[-4.17648,40.85126],[-4.17428,40.84998],[-4.17121,40.84895],[-4.16723,40.84642],[-4.16404,40.84178],[-4.15906,40.83357],[-4.15692,40.83127],[-4.15129,40.82302],[-4.1492,40.82116],[-4.14443,40.81786],[-4.14124,40.81433],[-4.13792,40.80982],[-4.13611,40.8079],[-4.1324,40.80537],[-4.13017,40.80022],[-4.13163,40.78961],[-4.13128,40.78943],[-4.12876,40.78944],[-4.12131,40.79264],[-4.11989,40.79366],[-4.11439,40.79868],[-4.10879,40.80237],[-4.10592,40.80401],[-4.10395,40.80425],[-4.10062,40.80755],[-4.09845,40.80868],[-4.09414,40.80998],[-4.0922,40.81297],[-4.09126,40.81392],[-4.09015,40.81768],[-4.09025,40.81962],[-4.09362,40.82564],[-4.09464,40.82841],[-4.09396,40.83175],[-4.09375,40.83752],[-4.09283,40.8391],[-4.09306,40.84182],[-4.09559,40.84394],[-4.10365,40.84983],[-4.10557,40.85233],[-4.10823,40.85352],[-4.11134,40.85574],[-4.11329,40.85791],[-4.11613,40.86254],[-4.11872,40.86746],[-4.12001,40.86943],[-4.12133,40.87084],[-4.12188,40.87129],[-4.12399,40.87202],[-4.12537,40.87294],[-4.12917,40.87438],[-4.13068,40.87578],[-4.13075,40.87723],[-4.13126,40.87732],[-4.12961,40.88629],[-4.13063,40.88757],[-4.13082,40.88827],[-4.1322,40.89053],[-4.13672,40.89404],[-4.13845,40.8951],[-4.14243,40.89677],[-4.14726,40.89484],[-4.15631,40.89242],[-4.16107,40.8914],[-4.16204,40.89015],[-4.16541,40.88827],[-4.16586,40.88599],[-4.16514,40.88293],[-4.16547,40.88069],[-4.16708,40.87969],[-4.17141,40.88036],[-4.17408,40.87839],[-4.17228,40.8752],[-4.17608,40.87146],[-4.17899,40.87006],[-4.17755,40.86745],[-4.17841,40.86693],[-4.18175,40.86585],[-4.18551,40.8651],[-4.18711,40.86518],[-4.18831,40.86443],[-4.18951,40.8621],[-4.19046,40.86222],[-4.19012,40.86153],[-4.19003,40.86059]]]}},{"type":"Feature","properties":{"COD_POSTAL":"40185"},"geometry":{"type":"Polygon","coordinates":[[[-3.88013,41.12753],[-3.8852,41.12829],[-3.88564,41.12853],[-3.88645,41.12972],[-3.8883,41.13441],[-3.89023,41.13584],[-3.89256,41.13828],[-3.89511,41.13957],[-3.89508,41.14523],[-3.89261,41.14653],[-3.89167,41.14754],[-3.89051,41.14912],[-3.89007,41.15098],[-3.88036,41.15037],[-3.87555,41.15114],[-3.86938,41.1553],[-3.86719,41.15725],[-3.86489,41.16095],[-3.86553,41.16439],[-3.86518,41.16681],[-3.86485,41.16718],[-3.86487,41.16773],[-3.86921,41.17122],[-3.87192,41.1741],[-3.86762,41.17682],[-3.8674,41.17931],[-3.87232,41.18279],[-3.87412,41.18336],[-3.87767,41.18507],[-3.87872,41.18775],[-3.87952,41.18881],[-3.88208,41.19116],[-3.8908,41.19057],[-3.89205,41.1893],[-3.89389,41.18653],[-3.89467,41.18575],[-3.8969,41.18453],[-3.89931,41.18382],[-3.90092,41.18263],[-3.9037,41.17999],[-3.90575,41.17718],[-3.90685,41.1763],[-3.9079,41.17582],[-3.91139,41.17667],[-3.91234,41.17656],[-3.91361,41.17726],[-3.91321,41.17785],[-3.91302,41.17874],[-3.9141,41.18023],[-3.91474,41.18077],[-3.91788,41.1821],[-3.92122,41.1812],[-3.92212,41.18021],[-3.92139,41.1786],[-3.92226,41.17451],[-3.92533,41.16689],[-3.9261,41.16548],[-3.92679,41.16265],[-3.92757,41.16122],[-3.93396,41.15877],[-3.93986,41.15949],[-3.94533,41.15679],[-3.94711,41.15614],[-3.95286,41.15232],[-3.95342,41.15111],[-3.95564,41.15093],[-3.95887,41.14815],[-3.95708,41.14417],[-3.95627,41.14321],[-3.95101,41.13938],[-3.94882,41.13695],[-3.94795,41.13761],[-3.94602,41.13712],[-3.94553,41.1362],[-3.94601,41.13568],[-3.94532,41.13528],[-3.94276,41.13667],[-3.94175,41.13668],[-3.93862,41.13793],[-3.93834,41.1368],[-3.93636,41.13593],[-3.93706,41.13388],[-3.93734,41.13349],[-3.93779,41.13351],[-3.93931,41.13058],[-3.94159,41.12833],[-3.94243,41.12505],[-3.94198,41.11884],[-3.94505,41.11773],[-3.94564,41.1173],[-3.9474,41.11503],[-3.94696,41.11242],[-3.94256,41.11223],[-3.94212,41.1117],[-3.94278,41.11098],[-3.94072,41.11018],[-3.94134,41.10894],[-3.93773,41.10567],[-3.93981,41.10317],[-3.94361,41.10043],[-3.94669,41.10086],[-3.94782,41.10015],[-3.94875,41.09935],[-3.94798,41.09876],[-3.94884,41.09822],[-3.94868,41.09751],[-3.94805,41.09719],[-3.9455,41.09772],[-3.94454,41.0939],[-3.94362,41.0929],[-3.94402,41.09186],[-3.94406,41.09084],[-3.94235,41.08921],[-3.93932,41.0885],[-3.93362,41.08658],[-3.93197,41.08807],[-3.92997,41.08544],[-3.92751,41.08418],[-3.92535,41.08229],[-3.92347,41.08139],[-3.92055,41.08201],[-3.91892,41.08205],[-3.91658,41.08175],[-3.91352,41.08242],[-3.91211,41.08249],[-3.91227,41.08363],[-3.91213,41.08438],[-3.91117,41.08652],[-3.91092,41.08828],[-3.91008,41.09097],[-3.90949,41.0924],[-3.90882,41.09288],[-3.90876,41.09464],[-3.90735,41.097],[-3.90722,41.0986],[-3.9007,41.10298],[-3.89939,41.10518],[-3.89417,41.11013],[-3.89273,41.11033],[-3.88941,41.11227],[-3.88527,41.11555],[-3.88419,41.117],[-3.884,41.11861],[-3.88413,41.11978],[-3.87892,41.12412],[-3.87979,41.12688],[-3.88013,41.12753]]]}},{"type":"Feature","properties":{"COD_POSTAL":"40593"},"geometry":{"type":"Polygon","coordinates":[[[-3.63789,41.27743],[-3.63215,41.27612],[-3.6228,41.27499],[-3.62121,41.27435],[-3.61518,41.26795],[-3.61555,41.26716],[-3.61139,41.26354],[-3.61005,41.26327],[-3.6121,41.25887],[-3.60552,41.25449],[-3.60107,41.25612],[-3.5941,41.25773],[-3.57958,41.25503],[-3.57781,41.25531],[-3.57645,41.25579],[-3.57581,41.25628],[-3.57244,41.25638],[-3.56819,41.25586],[-3.5657,41.25499],[-3.56176,41.25232],[-3.55657,41.26048],[-3.55506,41.26035],[-3.55367,41.26238],[-3.54975,41.26718],[-3.5501,41.27083],[-3.55234,41.27251],[-3.55412,41.27435],[-3.55601,41.27725],[-3.55614,41.28047],[-3.55534,41.28214],[-3.55755,41.28218],[-3.56041,41.28424],[-3.56469,41.28677],[-3.56735,41.28682],[-3.56826,41.2889],[-3.56953,41.28898],[-3.57239,41.29162],[-3.57591,41.29362],[-3.57765,41.29517],[-3.58019,41.29659],[-3.58291,41.29579],[-3.58807,41.29695],[-3.58889,41.29777],[-3.59066,41.29762],[-3.59562,41.30125],[-3.6045,41.30466],[-3.60682,41.30499],[-3.6094,41.3043],[-3.6145,41.30432],[-3.61876,41.30318],[-3.62046,41.30357],[-3.62257,41.30348],[-3.62215,41.30041],[-3.62244,41.29934],[-3.62274,41.29903],[-3.62411,41.29863],[-3.62679,41.29722],[-3.62982,41.29665],[-3.63307,41.29551],[-3.63457,41.29446],[-3.63625,41.29243],[-3.63782,41.28991],[-3.6376,41.28562],[-3.63869,41.28322],[-3.63735,41.28027],[-3.63789,41.27743]]]}},{"type":"Feature","properties":{"COD_POSTAL":"40380"},"geometry":{"type":"Polygon","coordinates":[[[-3.91016,41.24341],[-3.90583,41.24038],[-3.90269,41.23782],[-3.9011,41.2373],[-3.89733,41.23239],[-3.89333,41.23052],[-3.89083,41.23003],[-3.88609,41.23183],[-3.88077,41.23224],[-3.86396,41.24001],[-3.86138,41.24614],[-3.85795,41.25128],[-3.8563,41.25824],[-3.85293,41.26032],[-3.85245,41.26249],[-3.85159,41.26296],[-3.85102,41.26401],[-3.85072,41.26404],[-3.85004,41.26314],[-3.84928,41.26307],[-3.84902,41.26327],[-3.84785,41.26633],[-3.84803,41.26687],[-3.84908,41.26727],[-3.84938,41.26778],[-3.84857,41.26888],[-3.84718,41.26957],[-3.847,41.26989],[-3.84802,41.27121],[-3.84626,41.27172],[-3.84488,41.27125],[-3.84028,41.2737],[-3.83676,41.27216],[-3.83492,41.27201],[-3.8336,41.27376],[-3.82986,41.27782],[-3.82646,41.28053],[-3.8303,41.28923],[-3.83085,41.2901],[-3.83165,41.29047],[-3.8319,41.29102],[-3.82972,41.29334],[-3.82973,41.29392],[-3.83116,41.29454],[-3.83197,41.29458],[-3.83945,41.29409],[-3.84211,41.29296],[-3.84406,41.29245],[-3.84615,41.29292],[-3.84687,41.29354],[-3.84759,41.29621],[-3.84851,41.29675],[-3.84983,41.29703],[-3.85162,41.29692],[-3.85425,41.29548],[-3.85805,41.29533],[-3.8592,41.29563],[-3.85848,41.297],[-3.85864,41.29739],[-3.85961,41.29741],[-3.86313,41.29615],[-3.86521,41.29637],[-3.86646,41.29693],[-3.86692,41.29786],[-3.86603,41.29866],[-3.86517,41.29887],[-3.8618,41.2986],[-3.86101,41.2988],[-3.86026,41.30002],[-3.86006,41.30125],[-3.86057,41.30335],[-3.86079,41.30563],[-3.86063,41.30683],[-3.86073,41.30718],[-3.86152,41.30786],[-3.86425,41.30929],[-3.86839,41.30799],[-3.87012,41.30811],[-3.8709,41.30863],[-3.87096,41.309],[-3.8706,41.30973],[-3.86843,41.31101],[-3.87104,41.31387],[-3.87027,41.31438],[-3.8683,41.31499],[-3.86804,41.31566],[-3.86823,41.316],[-3.87081,41.31603],[-3.87189,41.31554],[-3.87362,41.31383],[-3.87407,41.31369],[-3.8759,41.31342],[-3.87774,41.31359],[-3.87856,41.3126],[-3.87954,41.31222],[-3.88036,41.31139],[-3.88586,41.30914],[-3.88884,41.30749],[-3.8935,41.30383],[-3.89474,41.30365],[-3.89527,41.30174],[-3.89602,41.30158],[-3.89599,41.3007],[-3.89772,41.29887],[-3.90098,41.29784],[-3.90088,41.29707],[-3.90195,41.29666],[-3.90281,41.29665],[-3.91864,41.28613],[-3.91104,41.27978],[-3.9083,41.27566],[-3.90774,41.27415],[-3.90685,41.27063],[-3.907,41.26825],[-3.90676,41.26212],[-3.90415,41.25962],[-3.90293,41.25551],[-3.90215,41.25591],[-3.90361,41.25101],[-3.90346,41.24802],[-3.9057,41.24648],[-3.91016,41.24341]]]}},{"type":"Feature","properties":{"COD_POSTAL":"40440"},"geometry":{"type":"Polygon","coordinates":[[[-4.39321,41.0734],[-4.39455,41.07417],[-4.39968,41.07622],[-4.40429,41.08052],[-4.40858,41.08044],[-4.41254,41.07813],[-4.41406,41.07668],[-4.42081,41.07159],[-4.42206,41.06641],[-4.42156,41.06493],[-4.42092,41.06421],[-4.42012,41.06261],[-4.40978,41.05941],[-4.39821,41.06092],[-4.39447,41.06302],[-4.38968,41.06885],[-4.39162,41.07328],[-4.39321,41.0734]]]}},{"type":"Feature","properties":{"COD_POSTAL":"40165"},"geometry":{"type":"Polygon","coordinates":[[[-3.73562,41.16881],[-3.73355,41.1672],[-3.7329,41.16697],[-3.72736,41.16255],[-3.72627,41.16093],[-3.72548,41.15876],[-3.72582,41.15739],[-3.72362,41.15421],[-3.71904,41.14938],[-3.71347,41.14557],[-3.70986,41.14181],[-3.70758,41.13765],[-3.70717,41.1365],[-3.70741,41.13539],[-3.70723,41.13281],[-3.70285,41.1287],[-3.70176,41.12643],[-3.70179,41.12395],[-3.69903,41.12149],[-3.69505,41.11909],[-3.6947,41.11869],[-3.69369,41.11576],[-3.6931,41.11482],[-3.69169,41.11335],[-3.68921,41.11163],[-3.68879,41.11042],[-3.68872,41.10887],[-3.68914,41.10706],[-3.68974,41.1059],[-3.69017,41.10341],[-3.6912,41.10279],[-3.69231,41.10041],[-3.69182,41.09919],[-3.69173,41.09812],[-3.6901,41.09463],[-3.68873,41.09363],[-3.68714,41.09183],[-3.68671,41.09099],[-3.68658,41.08989],[-3.68798,41.08593],[-3.68743,41.08494],[-3.68496,41.085],[-3.6821,41.08436],[-3.67954,41.08423],[-3.67787,41.08562],[-3.67606,41.0867],[-3.67217,41.092],[-3.66754,41.09523],[-3.66672,41.09611],[-3.66382,41.09781],[-3.65571,41.10468],[-3.6523,41.10647],[-3.65106,41.10776],[-3.65069,41.11057],[-3.64874,41.11476],[-3.64674,41.11705],[-3.64629,41.11839],[-3.64637,41.12002],[-3.64502,41.12129],[-3.64316,41.12063],[-3.64095,41.12133],[-3.63576,41.12416],[-3.63417,41.1257],[-3.63563,41.12933],[-3.63687,41.12964],[-3.6391,41.13086],[-3.64525,41.13344],[-3.64731,41.13369],[-3.64878,41.1358],[-3.65247,41.13865],[-3.65381,41.13924],[-3.65457,41.13989],[-3.65545,41.13993],[-3.65634,41.14072],[-3.65949,41.14226],[-3.66332,41.14631],[-3.66481,41.14962],[-3.66875,41.1534],[-3.66911,41.1542],[-3.66966,41.15714],[-3.67058,41.15818],[-3.67176,41.16108],[-3.67321,41.16172],[-3.67344,41.16274],[-3.67443,41.16343],[-3.67474,41.16401],[-3.67455,41.16578],[-3.67371,41.16656],[-3.67348,41.16781],[-3.67405,41.1692],[-3.67428,41.1709],[-3.67467,41.17146],[-3.67561,41.17201],[-3.67752,41.17216],[-3.67407,41.17819],[-3.67203,41.18285],[-3.67465,41.18407],[-3.67651,41.18899],[-3.67775,41.19337],[-3.67886,41.1954],[-3.68083,41.19489],[-3.68246,41.19557],[-3.68409,41.19678],[-3.68562,41.19698],[-3.68862,41.19633],[-3.69472,41.19692],[-3.6949,41.19588],[-3.6939,41.19499],[-3.69425,41.19349],[-3.69639,41.19174],[-3.70112,41.19083],[-3.70104,41.18966],[-3.70236,41.18754],[-3.70377,41.18549],[-3.70615,41.18294],[-3.70527,41.17883],[-3.70704,41.17745],[-3.70796,41.17388],[-3.71125,41.1709],[-3.73562,41.16881]]]}},{"type":"Feature","properties":{"COD_POSTAL":"40239"},"geometry":{"type":"Polygon","coordinates":[[[-3.92078,41.56638],[-3.92453,41.56772],[-3.9311,41.5692],[-3.93317,41.56938],[-3.94224,41.56914],[-3.9462,41.57112],[-3.95305,41.57344],[-3.96049,41.57798],[-3.96272,41.58153],[-3.96383,41.58608],[-3.96817,41.58462],[-3.96879,41.58516],[-3.97028,41.58491],[-3.97293,41.58362],[-3.97798,41.58369],[-3.97995,41.58419],[-3.98067,41.58337],[-3.98044,41.58201],[-3.98089,41.57841],[-3.98071,41.57453],[-3.98173,41.57431],[-3.98298,41.57198],[-3.98546,41.56495],[-3.98874,41.56185],[-3.99008,41.55953],[-3.99112,41.5584],[-3.99386,41.55601],[-3.99436,41.55331],[-3.99305,41.54626],[-3.99315,41.54385],[-3.99368,41.54184],[-3.99366,41.53945],[-3.99325,41.53834],[-3.99309,41.537],[-3.99368,41.53374],[-3.99371,41.53097],[-3.97154,41.52436],[-3.96058,41.51759],[-3.96035,41.52223],[-3.96047,41.52457],[-3.95977,41.52503],[-3.95924,41.52404],[-3.95687,41.52222],[-3.95649,41.52162],[-3.95133,41.52169],[-3.95029,41.52203],[-3.94877,41.52306],[-3.94716,41.52316],[-3.94691,41.52296],[-3.94686,41.52224],[-3.94749,41.51958],[-3.94747,41.51909],[-3.94709,41.5186],[-3.94518,41.51891],[-3.94252,41.52078],[-3.94151,41.52116],[-3.94071,41.52087],[-3.93986,41.51983],[-3.938,41.52003],[-3.93873,41.52164],[-3.93762,41.52332],[-3.93903,41.52343],[-3.93917,41.52365],[-3.93715,41.52485],[-3.93627,41.52619],[-3.9349,41.52675],[-3.93323,41.52796],[-3.93067,41.52829],[-3.93092,41.52992],[-3.9306,41.53055],[-3.92936,41.53164],[-3.92721,41.53218],[-3.92788,41.53303],[-3.92607,41.53411],[-3.9244,41.53588],[-3.92264,41.53523],[-3.92093,41.53519],[-3.91894,41.53555],[-3.91803,41.53735],[-3.91632,41.53938],[-3.91563,41.54003],[-3.91391,41.54102],[-3.91311,41.5395],[-3.913,41.5365],[-3.91089,41.5353],[-3.91079,41.53498],[-3.91154,41.53418],[-3.91156,41.53378],[-3.90809,41.53378],[-3.90432,41.53479],[-3.90133,41.53435],[-3.89829,41.5345],[-3.88685,41.53646],[-3.88836,41.53781],[-3.88897,41.53896],[-3.88942,41.54121],[-3.8919,41.54457],[-3.89237,41.54563],[-3.89275,41.54809],[-3.89264,41.54909],[-3.89403,41.5518],[-3.90556,41.55697],[-3.9145,41.56345],[-3.92078,41.56638]]]}},{"type":"Feature","properties":{"COD_POSTAL":"40567"},"geometry":{"type":"Polygon","coordinates":[[[-3.61804,41.39472],[-3.61454,41.38847],[-3.61356,41.38721],[-3.61042,41.38652],[-3.60895,41.38567],[-3.60821,41.38557],[-3.60249,41.38594],[-3.59516,41.38009],[-3.59389,41.37936],[-3.59351,41.37695],[-3.59303,41.37602],[-3.59072,41.37435],[-3.58816,41.3744],[-3.58774,41.37626],[-3.58673,41.37784],[-3.58595,41.37764],[-3.58277,41.37774],[-3.58195,41.37673],[-3.57554,41.37481],[-3.57077,41.37696],[-3.57147,41.37753],[-3.57307,41.3782],[-3.57506,41.37838],[-3.577,41.38109],[-3.57763,41.38244],[-3.57909,41.39554],[-3.57961,41.39682],[-3.5817,41.3991],[-3.58351,41.40036],[-3.59387,41.40602],[-3.59464,41.40662],[-3.59541,41.40801],[-3.59675,41.40785],[-3.60007,41.40635],[-3.60172,41.40602],[-3.60606,41.40586],[-3.60784,41.4063],[-3.61153,41.40797],[-3.61274,41.40818],[-3.61219,41.40227],[-3.61126,41.40151],[-3.61897,41.39824],[-3.61889,41.39758],[-3.61804,41.39472]]]}},{"type":"Feature","properties":{"COD_POSTAL":"40359"},"geometry":{"type":"Polygon","coordinates":[[[-4.06601,41.31996],[-4.06543,41.31962],[-4.05794,41.33191],[-4.0567,41.33357],[-4.04157,41.34793],[-4.03241,41.35624],[-4.02116,41.3679],[-4.02031,41.36493],[-4.01701,41.3638],[-4.01552,41.36301],[-4.01423,41.36177],[-4.01068,41.36116],[-4.005,41.36148],[-4.0025,41.36264],[-4.00055,41.36237],[-3.99703,41.36233],[-3.98275,41.35996],[-3.97923,41.35985],[-3.97271,41.35975],[-3.97061,41.36723],[-3.96144,41.36575],[-3.95909,41.36608],[-3.95802,41.36807],[-3.96559,41.37338],[-3.96776,41.37306],[-3.96805,41.38363],[-3.96863,41.39267],[-3.97103,41.40904],[-3.96663,41.41007],[-3.96526,41.41209],[-3.96499,41.41462],[-3.96453,41.41422],[-3.96399,41.41443],[-3.96381,41.41824],[-3.96117,41.42058],[-3.95964,41.41939],[-3.95943,41.42018],[-3.95888,41.42086],[-3.95919,41.42188],[-3.95979,41.42235],[-3.96092,41.42275],[-3.96396,41.42267],[-3.96456,41.42313],[-3.96555,41.42321],[-3.96691,41.42272],[-3.96726,41.42316],[-3.96787,41.42326],[-3.96878,41.42203],[-3.96961,41.42241],[-3.97392,41.42059],[-3.97508,41.4213],[-3.97594,41.42243],[-3.97925,41.42528],[-3.98513,41.42504],[-3.98881,41.42588],[-3.99344,41.42875],[-3.99637,41.42931],[-3.9969,41.43249],[-3.99673,41.43422],[-3.99489,41.4349],[-3.99919,41.43453],[-4.00904,41.43216],[-4.01278,41.42807],[-4.01428,41.42724],[-4.0134,41.42598],[-4.01543,41.4227],[-4.0188,41.41255],[-4.01287,41.40946],[-4.01108,41.409],[-4.00976,41.40355],[-4.01035,41.40076],[-4.02099,41.39676],[-4.02464,41.39511],[-4.02594,41.39408],[-4.02865,41.39356],[-4.03131,41.39168],[-4.03813,41.38954],[-4.04579,41.38486],[-4.05088,41.38372],[-4.05555,41.3846],[-4.06425,41.38375],[-4.06402,41.38176],[-4.06503,41.37903],[-4.06752,41.3779],[-4.06734,41.37674],[-4.07581,41.37143],[-4.0792,41.36608],[-4.07981,41.36379],[-4.07914,41.36213],[-4.07945,41.36088],[-4.07781,41.35929],[-4.07704,41.35782],[-4.07441,41.35458],[-4.0722,41.35261],[-4.0702,41.34953],[-4.06637,41.34625],[-4.06284,41.33893],[-4.05829,41.3346],[-4.0591,41.33205],[-4.06017,41.33063],[-4.06443,41.32609],[-4.06867,41.32203],[-4.06601,41.31996]]]}},{"type":"Feature","properties":{"COD_POSTAL":"40236"},"geometry":{"type":"Polygon","coordinates":[[[-4.00783,41.50468],[-4.0083,41.5071],[-4.00853,41.51115],[-3.9999,41.5161],[-4.00069,41.51634],[-4.00186,41.51629],[-4.00293,41.51591],[-4.00549,41.51571],[-4.00599,41.51692],[-4.00664,41.51716],[-4.00917,41.51593],[-4.01034,41.51581],[-4.01141,41.51638],[-4.01144,41.51756],[-4.01377,41.51823],[-4.01591,41.51824],[-4.01832,41.5187],[-4.0274,41.5178],[-4.03093,41.51543],[-4.03455,41.51122],[-4.03643,41.50995],[-4.04268,41.50976],[-4.04581,41.50904],[-4.04855,41.50788],[-4.05166,41.50316],[-4.05341,41.50175],[-4.05647,41.5006],[-4.05666,41.50026],[-4.05635,41.49996],[-4.05803,41.49732],[-4.06528,41.49475],[-4.07458,41.49497],[-4.07409,41.49429],[-4.07365,41.49271],[-4.07192,41.48912],[-4.07051,41.48905],[-4.06884,41.48856],[-4.06739,41.48761],[-4.05704,41.48871],[-4.05015,41.48854],[-4.04654,41.48747],[-4.04519,41.4867],[-4.03881,41.48182],[-4.03803,41.48156],[-4.03548,41.48164],[-4.02793,41.481],[-4.02674,41.48198],[-4.02404,41.48286],[-4.02352,41.48198],[-4.02415,41.47706],[-4.02165,41.47654],[-4.02274,41.47128],[-4.02524,41.46905],[-4.02444,41.46909],[-4.02342,41.46951],[-4.02006,41.46929],[-4.01814,41.46883],[-4.01693,41.46902],[-4.01597,41.46978],[-4.0129,41.46945],[-4.01158,41.4696],[-4.00946,41.46946],[-4.00813,41.46895],[-4.00658,41.46879],[-4.00461,41.46926],[-3.999,41.4697],[-3.99777,41.47018],[-3.99575,41.46939],[-3.99417,41.4695],[-3.99182,41.46927],[-3.98694,41.46957],[-3.98641,41.47021],[-3.98619,41.47095],[-3.98771,41.47077],[-3.98907,41.4711],[-3.99031,41.47173],[-3.99332,41.47428],[-3.99461,41.47498],[-3.99462,41.4769],[-3.9942,41.47835],[-3.99403,41.48094],[-3.99418,41.4816],[-3.99484,41.48245],[-3.99478,41.48332],[-3.99454,41.48452],[-3.9937,41.48651],[-3.99639,41.48831],[-3.99748,41.48771],[-3.99877,41.48739],[-3.99785,41.48911],[-3.99884,41.49161],[-3.99941,41.49202],[-4.00186,41.49232],[-4.00427,41.49428],[-4.00602,41.49495],[-4.00543,41.49554],[-4.00523,41.49629],[-4.00555,41.49855],[-4.00597,41.49985],[-4.00701,41.50026],[-4.00773,41.50138],[-4.00753,41.50259],[-4.00783,41.50468]]]}},{"type":"Feature","properties":{"COD_POSTAL":"40164"},"geometry":{"type":"Polygon","coordinates":[[[-3.68759,41.08522],[-3.68798,41.08593],[-3.68658,41.08989],[-3.68671,41.09099],[-3.68714,41.09183],[-3.68873,41.09363],[-3.6901,41.09463],[-3.69173,41.09812],[-3.69182,41.09919],[-3.69231,41.10041],[-3.6912,41.10279],[-3.69017,41.10341],[-3.68974,41.1059],[-3.68914,41.10706],[-3.68872,41.10887],[-3.68879,41.11042],[-3.68921,41.11163],[-3.69169,41.11335],[-3.6931,41.11482],[-3.69369,41.11576],[-3.6947,41.11869],[-3.69505,41.11909],[-3.69903,41.12149],[-3.70179,41.12395],[-3.70176,41.12643],[-3.70285,41.1287],[-3.70723,41.13281],[-3.70741,41.13539],[-3.70717,41.1365],[-3.70758,41.13765],[-3.70986,41.14181],[-3.71347,41.14557],[-3.71904,41.14938],[-3.72232,41.153],[-3.73032,41.15014],[-3.74231,41.1446],[-3.75497,41.14127],[-3.75843,41.13931],[-3.75691,41.12943],[-3.76242,41.11895],[-3.76206,41.11663],[-3.75994,41.11465],[-3.75603,41.11195],[-3.74851,41.10832],[-3.74384,41.10735],[-3.74033,41.10524],[-3.73669,41.10229],[-3.73189,41.09501],[-3.72864,41.09268],[-3.728,41.09138],[-3.72585,41.08822],[-3.72273,41.08025],[-3.72007,41.07817],[-3.71598,41.07164],[-3.71399,41.07321],[-3.71145,41.07449],[-3.70713,41.07602],[-3.70521,41.07764],[-3.69768,41.08188],[-3.6899,41.08446],[-3.68743,41.08494],[-3.68759,41.08522]]]}},{"type":"Feature","properties":{"COD_POSTAL":"40424"},"geometry":{"type":"Polygon","coordinates":[[[-4.19691,40.78572],[-4.20025,40.78686],[-4.21178,40.78671],[-4.21233,40.78604],[-4.21698,40.78627],[-4.21898,40.7861],[-4.22292,40.78518],[-4.22558,40.78563],[-4.22717,40.78617],[-4.22887,40.78753],[-4.2302,40.78961],[-4.23153,40.79078],[-4.23314,40.79153],[-4.23516,40.79147],[-4.24087,40.78936],[-4.24666,40.78822],[-4.24737,40.79009],[-4.24784,40.79065],[-4.24912,40.79165],[-4.25042,40.79173],[-4.25233,40.79132],[-4.2535,40.79043],[-4.25343,40.7868],[-4.25405,40.78502],[-4.25384,40.78256],[-4.25555,40.78132],[-4.25877,40.7805],[-4.25671,40.77724],[-4.24929,40.77758],[-4.24787,40.77638],[-4.24679,40.77478],[-4.24616,40.77436],[-4.24534,40.77424],[-4.24272,40.76852],[-4.23831,40.76303],[-4.22335,40.75055],[-4.21151,40.75754],[-4.21001,40.76185],[-4.20667,40.76604],[-4.2028,40.76669],[-4.2014,40.77143],[-4.19828,40.77616],[-4.19691,40.78572]]]}},{"type":"Feature","properties":{"COD_POSTAL":"40296"},"geometry":{"type":"Polygon","coordinates":[[[-4.33334,41.23981],[-4.32521,41.2384],[-4.32107,41.23846],[-4.28354,41.2288],[-4.27951,41.22978],[-4.27662,41.22983],[-4.27337,41.23074],[-4.27091,41.23041],[-4.26893,41.23134],[-4.26612,41.2317],[-4.2625,41.23499],[-4.26325,41.23749],[-4.26122,41.23981],[-4.25563,41.24059],[-4.25442,41.24179],[-4.2548,41.24269],[-4.25402,41.24431],[-4.25295,41.245],[-4.24514,41.24797],[-4.24203,41.25134],[-4.24049,41.25203],[-4.24041,41.25267],[-4.23411,41.25433],[-4.23147,41.25605],[-4.23274,41.2568],[-4.23994,41.25781],[-4.24456,41.26015],[-4.24728,41.26026],[-4.25551,41.26197],[-4.2571,41.27082],[-4.28519,41.27213],[-4.28547,41.27613],[-4.29799,41.27826],[-4.33169,41.26021],[-4.33934,41.26237],[-4.33833,41.25669],[-4.33775,41.25502],[-4.33771,41.24757],[-4.33806,41.24593],[-4.34093,41.24537],[-4.33702,41.24207],[-4.33334,41.23981]]]}}]}