{"type":"FeatureCollection","features":[{"type":"Feature","properties":{"COD_POSTAL":"41009"},"geometry":{"type":"Polygon","coordinates":[[[-5.97512,37.41781],[-5.9763,37.41991],[-5.97621,37.42051],[-5.97797,37.42365],[-5.97852,37.42381],[-5.97844,37.42305],[-5.97705,37.42075],[-5.97791,37.42009],[-5.98008,37.42037],[-5.98042,37.42021],[-5.98232,37.4211],[-5.98325,37.42107],[-5.98488,37.41851],[-5.98315,37.41343],[-5.9834,37.41324],[-5.98764,37.41317],[-5.98788,37.41388],[-5.98819,37.41394],[-5.98897,37.41358],[-5.98904,37.41278],[-5.99281,37.40765],[-5.9956,37.40449],[-5.99584,37.4039],[-5.98932,37.40284],[-5.98785,37.40285],[-5.98613,37.40183],[-5.98551,37.40056],[-5.98351,37.39963],[-5.98329,37.39979],[-5.98286,37.39935],[-5.98095,37.40349],[-5.98115,37.4039],[-5.97854,37.40838],[-5.97834,37.40935],[-5.97683,37.41216],[-5.97492,37.41167],[-5.97495,37.41187],[-5.97665,37.41237],[-5.97625,37.4133],[-5.9769,37.41458],[-5.97631,37.41475],[-5.97641,37.41503],[-5.97701,37.41486],[-5.97713,37.41519],[-5.97498,37.41582],[-5.97459,37.41634],[-5.97423,37.41644],[-5.97512,37.41781]]]}},{"type":"Feature","properties":{"COD_POSTAL":"41731"},"geometry":{"type":"Polygon","coordinates":[[[-5.9661,37.00775],[-6.03225,37.01802],[-6.00055,36.97916],[-5.99832,36.97733],[-5.99691,36.97565],[-5.99514,36.97328],[-5.99258,36.96745],[-5.98907,36.9625],[-5.9861,36.95862],[-5.9801,36.95267],[-5.9661,37.00775]]]}},{"type":"Feature","properties":{"COD_POSTAL":"41809"},"geometry":{"type":"Polygon","coordinates":[[[-6.17328,37.41732],[-6.17222,37.41635],[-6.17264,37.41585],[-6.1723,37.41538],[-6.1711,37.41532],[-6.1697,37.41582],[-6.16948,37.41571],[-6.16946,37.41527],[-6.16783,37.41449],[-6.16567,37.41527],[-6.16526,37.41618],[-6.16581,37.41711],[-6.16574,37.41748],[-6.16437,37.41898],[-6.16395,37.41985],[-6.16343,37.42254],[-6.16179,37.4219],[-6.1605,37.42401],[-6.16057,37.42471],[-6.16087,37.4251],[-6.16205,37.42589],[-6.16139,37.42639],[-6.16135,37.42675],[-6.16187,37.4284],[-6.1617,37.43132],[-6.162,37.43302],[-6.16311,37.43431],[-6.16316,37.43553],[-6.16412,37.43799],[-6.16397,37.43962],[-6.1654,37.44404],[-6.16772,37.44729],[-6.16852,37.44916],[-6.17033,37.44961],[-6.17175,37.45082],[-6.17336,37.46045],[-6.17502,37.46308],[-6.17733,37.46561],[-6.17883,37.46501],[-6.18211,37.4647],[-6.18454,37.46517],[-6.187,37.46605],[-6.18728,37.46585],[-6.18758,37.4648],[-6.18725,37.46338],[-6.18719,37.46202],[-6.18741,37.46114],[-6.19021,37.45821],[-6.19137,37.45616],[-6.19387,37.45417],[-6.19477,37.45412],[-6.19532,37.45324],[-6.19697,37.45299],[-6.19764,37.45261],[-6.19811,37.45151],[-6.19621,37.44749],[-6.19345,37.44356],[-6.19382,37.43986],[-6.19349,37.43932],[-6.19338,37.43766],[-6.19108,37.4355],[-6.18843,37.43218],[-6.1891,37.43095],[-6.18905,37.43064],[-6.18767,37.42756],[-6.18638,37.42628],[-6.18516,37.42461],[-6.18541,37.42307],[-6.18518,37.42225],[-6.17991,37.42149],[-6.17965,37.42129],[-6.17967,37.42083],[-6.17824,37.42165],[-6.17765,37.42167],[-6.17689,37.42083],[-6.17588,37.4202],[-6.17514,37.41888],[-6.17301,37.41807],[-6.17328,37.41732]]]}},{"type":"Feature","properties":{"COD_POSTAL":"41703"},"geometry":{"type":"Polygon","coordinates":[[[-5.94787,37.32147],[-5.95632,37.33579],[-5.95717,37.33487],[-5.95825,37.33132],[-5.95932,37.32868],[-5.96069,37.32666],[-5.96358,37.32463],[-5.96433,37.32275],[-5.96501,37.31948],[-5.96903,37.313],[-5.97598,37.31459],[-5.97908,37.31502],[-5.98281,37.31603],[-5.99948,37.31933],[-6.00309,37.3203],[-6.00368,37.31946],[-6.00499,37.31854],[-6.014,37.31485],[-6.01792,37.31265],[-6.02224,37.30859],[-6.02462,37.30518],[-6.0257,37.30406],[-6.02848,37.3018],[-6.03009,37.30087],[-6.03175,37.30033],[-6.03603,37.29957],[-6.04026,37.29765],[-6.04027,37.29788],[-6.04046,37.29784],[-6.04142,37.29719],[-6.04013,37.29597],[-6.03658,37.29387],[-6.02374,37.2834],[-6.02024,37.28085],[-6.01502,37.27644],[-6.01231,37.27322],[-6.01105,37.27055],[-6.01062,37.27073],[-6.00917,37.2702],[-6.00612,37.26999],[-6.00459,37.26959],[-6.00375,37.26911],[-6.00339,37.26938],[-5.99809,37.26319],[-5.99745,37.26283],[-5.99673,37.2611],[-5.99328,37.25715],[-5.9915,37.25579],[-5.98981,37.25318],[-5.98939,37.25053],[-5.98899,37.24947],[-5.97392,37.24474],[-5.92956,37.20606],[-5.92858,37.20709],[-5.92584,37.20793],[-5.92334,37.20909],[-5.92263,37.21027],[-5.92139,37.21574],[-5.92133,37.21646],[-5.92596,37.22638],[-5.92785,37.23391],[-5.92215,37.25493],[-5.92243,37.25928],[-5.92317,37.26328],[-5.93083,37.27224],[-5.93361,37.27666],[-5.93538,37.27878],[-5.93524,37.27924],[-5.93418,37.28011],[-5.93643,37.28311],[-5.93688,37.2862],[-5.93597,37.28931],[-5.93316,37.28978],[-5.93257,37.29033],[-5.93268,37.29071],[-5.93287,37.29053],[-5.93514,37.29078],[-5.9387,37.29138],[-5.94053,37.29238],[-5.94532,37.29692],[-5.93937,37.30663],[-5.94092,37.30933],[-5.94787,37.32147]]]}},{"type":"Feature","properties":{"COD_POSTAL":"41600"},"geometry":{"type":"Polygon","coordinates":[[[-5.54549,37.27198],[-5.54971,37.26874],[-5.55607,37.27088],[-5.56668,37.27503],[-5.57939,37.28105],[-5.58457,37.27664],[-5.59283,37.27433],[-5.59916,37.27212],[-5.60032,37.27199],[-5.60212,37.27122],[-5.606,37.27138],[-5.60701,37.27119],[-5.60772,37.27027],[-5.60902,37.27055],[-5.60992,37.26994],[-5.61058,37.27029],[-5.6119,37.2695],[-5.61707,37.26758],[-5.62134,37.26551],[-5.62263,37.26471],[-5.62494,37.26245],[-5.6271,37.261],[-5.63634,37.25856],[-5.63881,37.25834],[-5.64212,37.25727],[-5.64264,37.25693],[-5.65022,37.24821],[-5.65215,37.24326],[-5.65312,37.2365],[-5.65313,37.23498],[-5.65457,37.2326],[-5.6556,37.23012],[-5.6562,37.22735],[-5.65636,37.22627],[-5.65619,37.22468],[-5.65774,37.21701],[-5.65703,37.2156],[-5.65843,37.21448],[-5.65861,37.2119],[-5.65757,37.20992],[-5.6567,37.20645],[-5.65575,37.2045],[-5.65532,37.20091],[-5.65337,37.19852],[-5.652,37.19455],[-5.65085,37.19225],[-5.64902,37.18546],[-5.64654,37.18147],[-5.64596,37.17827],[-5.64408,37.17447],[-5.64179,37.16812],[-5.64016,37.16595],[-5.63906,37.16353],[-5.63606,37.15568],[-5.62713,37.14008],[-5.62292,37.13454],[-5.61599,37.12333],[-5.61428,37.11979],[-5.6129,37.11536],[-5.61239,37.11156],[-5.61239,37.10868],[-5.61214,37.10803],[-5.61111,37.10651],[-5.60597,37.10049],[-5.60456,37.09814],[-5.60418,37.09682],[-5.6044,37.0909],[-5.60411,37.07924],[-5.60335,37.07446],[-5.6043,37.06812],[-5.60057,37.06814],[-5.59952,37.06866],[-5.59888,37.06798],[-5.59787,37.06789],[-5.59684,37.06709],[-5.59499,37.06783],[-5.59638,37.07016],[-5.59513,37.07082],[-5.59373,37.07122],[-5.59031,37.07327],[-5.58369,37.07655],[-5.58,37.07872],[-5.57412,37.08036],[-5.56776,37.0813],[-5.56871,37.08382],[-5.56976,37.08548],[-5.57036,37.08702],[-5.56852,37.0885],[-5.56785,37.09031],[-5.56796,37.09105],[-5.56934,37.09273],[-5.5711,37.0937],[-5.57166,37.09505],[-5.57139,37.09589],[-5.57004,37.09647],[-5.56869,37.09748],[-5.56821,37.09806],[-5.56779,37.09935],[-5.56813,37.10144],[-5.56966,37.10472],[-5.57003,37.10626],[-5.5695,37.1135],[-5.57152,37.11952],[-5.57241,37.12122],[-5.57271,37.12277],[-5.57268,37.12453],[-5.57233,37.12627],[-5.5708,37.1297],[-5.57637,37.13063],[-5.58254,37.13252],[-5.58096,37.14004],[-5.57876,37.1395],[-5.57401,37.14033],[-5.57329,37.14069],[-5.57469,37.1422],[-5.57505,37.14299],[-5.57579,37.14619],[-5.57536,37.14927],[-5.57575,37.15038],[-5.57728,37.1526],[-5.57755,37.15346],[-5.57441,37.15545],[-5.57062,37.15871],[-5.56561,37.16219],[-5.56432,37.16204],[-5.56204,37.16343],[-5.55391,37.16677],[-5.5493,37.16934],[-5.54541,37.17263],[-5.54474,37.17532],[-5.53917,37.17689],[-5.53577,37.17715],[-5.53696,37.17921],[-5.53567,37.18001],[-5.53692,37.18501],[-5.53436,37.18599],[-5.53178,37.18773],[-5.52911,37.18862],[-5.52605,37.1891],[-5.52201,37.18896],[-5.52065,37.18828],[-5.51904,37.18905],[-5.51762,37.18941],[-5.51274,37.1898],[-5.51109,37.18964],[-5.50935,37.19006],[-5.50882,37.18999],[-5.50599,37.18805],[-5.50484,37.18801],[-5.49979,37.18872],[-5.4954,37.18884],[-5.49469,37.18984],[-5.49451,37.19099],[-5.49288,37.19499],[-5.49274,37.19591],[-5.49298,37.19874],[-5.49362,37.1996],[-5.49281,37.202],[-5.49184,37.20078],[-5.48992,37.19986],[-5.4857,37.19971],[-5.48388,37.19912],[-5.47853,37.19854],[-5.48087,37.20371],[-5.48016,37.20444],[-5.48,37.20507],[-5.48257,37.20766],[-5.48117,37.20861],[-5.47963,37.20953],[-5.4781,37.21004],[-5.47259,37.21059],[-5.46966,37.21056],[-5.46254,37.21111],[-5.4613,37.21338],[-5.46009,37.21473],[-5.45756,37.21609],[-5.45528,37.21657],[-5.44963,37.21986],[-5.44392,37.22169],[-5.44074,37.22427],[-5.43883,37.22429],[-5.43586,37.22322],[-5.43554,37.22325],[-5.43419,37.22438],[-5.43326,37.22425],[-5.43198,37.22764],[-5.43197,37.22879],[-5.43129,37.23005],[-5.43213,37.23002],[-5.43274,37.22931],[-5.43337,37.22938],[-5.43665,37.23165],[-5.43938,37.23287],[-5.4472,37.23367],[-5.4498,37.23549],[-5.45181,37.23625],[-5.45706,37.23721],[-5.46029,37.23842],[-5.46451,37.24058],[-5.46827,37.24211],[-5.47212,37.24284],[-5.47721,37.24486],[-5.49227,37.24797],[-5.49569,37.24814],[-5.49968,37.24873],[-5.50864,37.25092],[-5.52057,37.25697],[-5.52872,37.25937],[-5.53546,37.26187],[-5.53558,37.26352],[-5.53704,37.26665],[-5.53847,37.26644],[-5.54155,37.26798],[-5.54155,37.26925],[-5.54423,37.27107],[-5.54549,37.27198]]]}},{"type":"Feature","properties":{"COD_POSTAL":"41570"},"geometry":{"type":"Polygon","coordinates":[[[-4.71435,37.35313],[-4.71599,37.35481],[-4.71676,37.35649],[-4.71689,37.35815],[-4.71721,37.35839],[-4.71867,37.3585],[-4.72083,37.35778],[-4.72208,37.35701],[-4.72377,37.35542],[-4.72491,37.35342],[-4.72536,37.35176],[-4.72331,37.3508],[-4.72147,37.34936],[-4.72161,37.34805],[-4.72261,37.34643],[-4.72588,37.3448],[-4.73145,37.34414],[-4.73245,37.3436],[-4.73295,37.34278],[-4.73292,37.34252],[-4.73242,37.34231],[-4.73055,37.34197],[-4.72681,37.342],[-4.72607,37.34183],[-4.72593,37.34156],[-4.72596,37.33955],[-4.72632,37.33824],[-4.72786,37.33728],[-4.72898,37.33546],[-4.73009,37.33531],[-4.72877,37.33382],[-4.72889,37.33351],[-4.72753,37.33073],[-4.72796,37.32964],[-4.7289,37.32887],[-4.72932,37.32808],[-4.72921,37.32652],[-4.72727,37.32404],[-4.72028,37.3198],[-4.72241,37.31802],[-4.72496,37.31352],[-4.72068,37.31117],[-4.72014,37.31101],[-4.71894,37.31119],[-4.71794,37.31073],[-4.7173,37.30963],[-4.71955,37.30866],[-4.71575,37.30718],[-4.71486,37.30634],[-4.71421,37.30524],[-4.7131,37.30487],[-4.71587,37.30088],[-4.71544,37.30061],[-4.6988,37.29797],[-4.67939,37.29064],[-4.67723,37.29049],[-4.67634,37.29056],[-4.67606,37.29133],[-4.6777,37.29367],[-4.67795,37.29553],[-4.67853,37.29706],[-4.67826,37.29818],[-4.67752,37.29968],[-4.67665,37.30083],[-4.67592,37.3015],[-4.67482,37.30174],[-4.6744,37.30153],[-4.6721,37.29863],[-4.67118,37.29793],[-4.66425,37.29426],[-4.6625,37.2937],[-4.66158,37.29367],[-4.66092,37.29392],[-4.66062,37.2949],[-4.66104,37.29546],[-4.66414,37.29658],[-4.66555,37.29799],[-4.66586,37.29868],[-4.66577,37.29927],[-4.66434,37.30079],[-4.66164,37.30279],[-4.65999,37.30301],[-4.6587,37.3038],[-4.65847,37.30429],[-4.65901,37.30508],[-4.66496,37.30854],[-4.67171,37.31042],[-4.67286,37.31036],[-4.67417,37.30986],[-4.67665,37.30848],[-4.67871,37.3084],[-4.67932,37.30882],[-4.68023,37.30998],[-4.68407,37.31536],[-4.68386,37.31604],[-4.68039,37.31679],[-4.67988,37.31715],[-4.67964,37.31767],[-4.67942,37.31869],[-4.6795,37.31956],[-4.68082,37.32151],[-4.68184,37.32228],[-4.68217,37.32283],[-4.68197,37.32323],[-4.68148,37.32338],[-4.68085,37.32329],[-4.6779,37.32165],[-4.67495,37.32114],[-4.67051,37.31905],[-4.66955,37.319],[-4.66883,37.31925],[-4.66844,37.31981],[-4.66807,37.32058],[-4.66787,37.32253],[-4.66806,37.3236],[-4.66894,37.32505],[-4.67109,37.32653],[-4.67675,37.32875],[-4.67854,37.32921],[-4.67936,37.32955],[-4.67958,37.32999],[-4.67956,37.33054],[-4.67842,37.33135],[-4.67407,37.33073],[-4.67316,37.33082],[-4.67154,37.3315],[-4.67091,37.33223],[-4.67074,37.33284],[-4.67078,37.33392],[-4.67118,37.33449],[-4.67191,37.33499],[-4.67325,37.33539],[-4.67857,37.33668],[-4.67932,37.33656],[-4.68035,37.336],[-4.68104,37.33473],[-4.68149,37.33295],[-4.68109,37.33165],[-4.68119,37.33102],[-4.68153,37.33062],[-4.68213,37.33026],[-4.68413,37.32988],[-4.68566,37.33027],[-4.68675,37.3312],[-4.68677,37.33184],[-4.68568,37.33558],[-4.68436,37.33778],[-4.68436,37.33828],[-4.68674,37.34114],[-4.68767,37.34152],[-4.69112,37.3414],[-4.69241,37.34177],[-4.69397,37.34306],[-4.69437,37.34372],[-4.69468,37.34545],[-4.6969,37.34639],[-4.70052,37.34623],[-4.70352,37.34532],[-4.704,37.34609],[-4.70327,37.34968],[-4.70356,37.35051],[-4.70393,37.35079],[-4.7046,37.35102],[-4.70709,37.35091],[-4.71325,37.35257],[-4.71435,37.35313]]]}},{"type":"Feature","properties":{"COD_POSTAL":"41520"},"geometry":{"type":"Polygon","coordinates":[[[-5.72231,37.3768],[-5.72136,37.37575],[-5.71939,37.37438],[-5.71695,37.37293],[-5.71138,37.36883],[-5.70396,37.36408],[-5.70048,37.36244],[-5.6956,37.36065],[-5.68908,37.36156],[-5.68704,37.36425],[-5.68311,37.36874],[-5.67942,37.37061],[-5.67821,37.37001],[-5.67746,37.37011],[-5.66833,37.37684],[-5.67183,37.38006],[-5.67575,37.38308],[-5.69024,37.39329],[-5.70099,37.40221],[-5.70214,37.40122],[-5.70726,37.40237],[-5.70906,37.40411],[-5.71458,37.40861],[-5.7201,37.41068],[-5.72582,37.40825],[-5.72971,37.407],[-5.73878,37.40242],[-5.74556,37.40073],[-5.74691,37.40019],[-5.75306,37.3969],[-5.75509,37.39615],[-5.75413,37.39514],[-5.75166,37.39428],[-5.74993,37.39464],[-5.74859,37.39261],[-5.74682,37.39216],[-5.74463,37.39061],[-5.74129,37.38902],[-5.73755,37.38742],[-5.73378,37.38621],[-5.72778,37.38184],[-5.72373,37.37759],[-5.72235,37.37682],[-5.72231,37.3768]]]}},{"type":"Feature","properties":{"COD_POSTAL":"41011"},"geometry":{"type":"MultiPolygon","coordinates":[[[[-6.014,37.31485],[-6.01494,37.31511],[-6.01824,37.31753],[-6.02196,37.31672],[-6.02362,37.31514],[-6.02909,37.31096],[-6.03175,37.30945],[-6.03292,37.3021],[-6.03289,37.3005],[-6.0327,37.3002],[-6.03009,37.30087],[-6.02687,37.30294],[-6.02462,37.30518],[-6.02224,37.30859],[-6.01859,37.31209],[-6.01738,37.313],[-6.01457,37.3145],[-6.014,37.31485]]],[[[-5.99327,37.37553],[-5.99572,37.38106],[-5.99711,37.38034],[-5.99735,37.38063],[-5.99843,37.38039],[-5.9985,37.37985],[-6.00366,37.37723],[-6.00374,37.37699],[-6.00569,37.37643],[-6.00722,37.37529],[-6.01253,37.37332],[-6.01316,37.37273],[-6.01373,37.37166],[-6.01428,37.37154],[-6.01566,37.3723],[-6.01982,37.37177],[-6.0195,37.37099],[-6.02141,37.36905],[-6.02204,37.36735],[-6.02241,37.36213],[-6.02203,37.35829],[-6.02251,37.3545],[-6.02225,37.35161],[-6.02262,37.34828],[-6.02266,37.34481],[-6.02244,37.34137],[-6.02142,37.33716],[-6.01638,37.33341],[-6.01306,37.33009],[-6.00549,37.32509],[-6.00372,37.32288],[-6.0031,37.32123],[-6.00309,37.3203],[-5.99948,37.31933],[-5.9923,37.31787],[-5.99138,37.32284],[-5.9927,37.33217],[-5.99457,37.33424],[-5.99339,37.34816],[-5.99299,37.35573],[-5.9925,37.36927],[-5.99296,37.3748],[-5.99327,37.37553]]]]}},{"type":"Feature","properties":{"COD_POSTAL":"41640"},"geometry":{"type":"Polygon","coordinates":[[[-5.17304,37.39247],[-5.17794,37.39161],[-5.18134,37.39217],[-5.18425,37.39058],[-5.18538,37.39033],[-5.18768,37.39031],[-5.19033,37.39071],[-5.19255,37.39066],[-5.20799,37.38749],[-5.2084,37.38722],[-5.20792,37.38453],[-5.20782,37.37647],[-5.20761,37.37548],[-5.20702,37.37471],[-5.20597,37.374],[-5.2024,37.3725],[-5.20109,37.37088],[-5.19922,37.36934],[-5.19748,37.36841],[-5.19636,37.36808],[-5.19629,37.3637],[-5.19572,37.36293],[-5.1947,37.36247],[-5.19509,37.36162],[-5.19773,37.36011],[-5.18691,37.3456],[-5.19706,37.3426],[-5.19894,37.34193],[-5.20148,37.34064],[-5.20205,37.34197],[-5.20309,37.34176],[-5.2031,37.34248],[-5.20352,37.34355],[-5.20422,37.34352],[-5.20477,37.34323],[-5.20489,37.34291],[-5.20447,37.34238],[-5.20485,37.34216],[-5.21108,37.33949],[-5.21444,37.34507],[-5.21661,37.34414],[-5.21874,37.34503],[-5.21999,37.34473],[-5.22217,37.34372],[-5.22641,37.34436],[-5.22836,37.34642],[-5.22963,37.3464],[-5.23248,37.34612],[-5.23326,37.34403],[-5.23381,37.34574],[-5.23466,37.34722],[-5.24036,37.35323],[-5.24229,37.3542],[-5.24251,37.35538],[-5.24307,37.35566],[-5.24255,37.35635],[-5.24957,37.35537],[-5.25271,37.35534],[-5.25625,37.35593],[-5.25747,37.3479],[-5.25765,37.34451],[-5.26031,37.32672],[-5.26307,37.32015],[-5.26802,37.31248],[-5.26982,37.309],[-5.2735,37.30404],[-5.2751,37.30049],[-5.27496,37.29524],[-5.27521,37.2935],[-5.27479,37.29247],[-5.27305,37.29086],[-5.26692,37.2841],[-5.26222,37.27621],[-5.26081,37.27238],[-5.26123,37.27066],[-5.26108,37.26986],[-5.26033,37.26909],[-5.26169,37.265],[-5.26046,37.26411],[-5.25973,37.26228],[-5.25788,37.26047],[-5.25761,37.25869],[-5.25773,37.25721],[-5.25753,37.25677],[-5.25585,37.25619],[-5.25524,37.25516],[-5.25169,37.25244],[-5.25046,37.25053],[-5.25043,37.2495],[-5.25131,37.24794],[-5.2516,37.24641],[-5.2526,37.24517],[-5.25205,37.24268],[-5.2518,37.24208],[-5.24745,37.23837],[-5.24315,37.23172],[-5.24377,37.22849],[-5.24347,37.22634],[-5.24287,37.22493],[-5.24228,37.22423],[-5.2402,37.22285],[-5.23895,37.22096],[-5.2373,37.21732],[-5.23635,37.21678],[-5.23446,37.21659],[-5.23422,37.21527],[-5.23382,37.21457],[-5.2327,37.21401],[-5.23091,37.21368],[-5.23039,37.21344],[-5.2291,37.21203],[-5.22734,37.21177],[-5.22569,37.21051],[-5.22204,37.2088],[-5.2201,37.20825],[-5.21735,37.20625],[-5.21491,37.20365],[-5.21495,37.20291],[-5.2158,37.20137],[-5.21553,37.1994],[-5.21273,37.19466],[-5.21244,37.19276],[-5.2119,37.19133],[-5.21172,37.18721],[-5.2121,37.18473],[-5.21319,37.18317],[-5.21328,37.18136],[-5.2124,37.18066],[-5.2119,37.17962],[-5.21093,37.17869],[-5.21046,37.17774],[-5.20895,37.17685],[-5.2087,37.17595],[-5.20793,37.1748],[-5.20784,37.17396],[-5.20698,37.17283],[-5.20556,37.16782],[-5.20618,37.1662],[-5.20631,37.16495],[-5.20612,37.1646],[-5.20318,37.16267],[-5.20298,37.16224],[-5.20222,37.16198],[-5.20132,37.16048],[-5.20062,37.16014],[-5.20041,37.15954],[-5.2005,37.15879],[-5.20006,37.15801],[-5.19928,37.15758],[-5.19849,37.15467],[-5.19876,37.15381],[-5.20106,37.15135],[-5.20222,37.14933],[-5.20247,37.1478],[-5.20246,37.14438],[-5.20429,37.14356],[-5.20752,37.14256],[-5.2096,37.1422],[-5.2107,37.14163],[-5.21221,37.1404],[-5.21273,37.13961],[-5.21281,37.13764],[-5.21304,37.13712],[-5.21615,37.13531],[-5.21699,37.13446],[-5.217,37.13396],[-5.21573,37.13221],[-5.21538,37.12994],[-5.21466,37.1289],[-5.21419,37.12749],[-5.21616,37.12415],[-5.21637,37.12341],[-5.21631,37.12185],[-5.21604,37.12144],[-5.21552,37.12153],[-5.21381,37.12274],[-5.21234,37.12255],[-5.21209,37.12163],[-5.21228,37.11965],[-5.21023,37.11889],[-5.20946,37.11885],[-5.20784,37.11968],[-5.20785,37.12119],[-5.20728,37.12243],[-5.20633,37.12286],[-5.20566,37.12251],[-5.20536,37.12129],[-5.20395,37.11958],[-5.20144,37.11893],[-5.20056,37.11834],[-5.20037,37.11693],[-5.1987,37.11432],[-5.19922,37.11345],[-5.20153,37.11226],[-5.20374,37.11179],[-5.20389,37.11091],[-5.20369,37.10928],[-5.20429,37.10624],[-5.20398,37.10535],[-5.20333,37.10473],[-5.2029,37.10468],[-5.20104,37.10629],[-5.19949,37.10678],[-5.19873,37.10677],[-5.1983,37.10591],[-5.19765,37.10542],[-5.19552,37.10531],[-5.19488,37.10508],[-5.19471,37.10477],[-5.19488,37.1042],[-5.19615,37.10386],[-5.1957,37.1033],[-5.19385,37.10266],[-5.19247,37.10333],[-5.19195,37.10313],[-5.19172,37.1021],[-5.19102,37.10083],[-5.18813,37.09983],[-5.18769,37.09837],[-5.18481,37.09866],[-5.18419,37.09853],[-5.18252,37.09897],[-5.17949,37.09911],[-5.17655,37.09834],[-5.17458,37.09657],[-5.17333,37.09615],[-5.17247,37.09644],[-5.17048,37.09773],[-5.169,37.09743],[-5.1685,37.0968],[-5.16842,37.09609],[-5.16984,37.09439],[-5.16941,37.09342],[-5.16799,37.09162],[-5.16748,37.09031],[-5.16675,37.08936],[-5.16662,37.0886],[-5.16714,37.08683],[-5.16715,37.08505],[-5.16745,37.08429],[-5.16864,37.08355],[-5.16997,37.0832],[-5.171,37.08263],[-5.17062,37.08171],[-5.17008,37.08156],[-5.16409,37.08336],[-5.16233,37.08324],[-5.16019,37.08263],[-5.15602,37.08246],[-5.15542,37.08295],[-5.15492,37.08455],[-5.15425,37.0856],[-5.15419,37.08736],[-5.154,37.0877],[-5.15286,37.08834],[-5.15171,37.08867],[-5.14719,37.08897],[-5.14405,37.0901],[-5.13873,37.0908],[-5.13848,37.09195],[-5.13461,37.0947],[-5.13474,37.09568],[-5.13454,37.09695],[-5.13482,37.09776],[-5.13453,37.09927],[-5.13428,37.0996],[-5.13235,37.10057],[-5.13211,37.10127],[-5.13224,37.1026],[-5.1299,37.10341],[-5.12554,37.1038],[-5.12388,37.10483],[-5.12158,37.10556],[-5.1211,37.10669],[-5.12095,37.1093],[-5.12008,37.11137],[-5.11999,37.11348],[-5.11623,37.11422],[-5.11606,37.11498],[-5.11622,37.11602],[-5.11507,37.11663],[-5.11276,37.11731],[-5.11107,37.1175],[-5.1097,37.11754],[-5.10639,37.117],[-5.10609,37.11397],[-5.10534,37.11151],[-5.10339,37.11172],[-5.0989,37.11276],[-5.09481,37.11206],[-5.09319,37.11258],[-5.09181,37.11246],[-5.09032,37.11514],[-5.09047,37.11699],[-5.08992,37.11802],[-5.0911,37.12082],[-5.09104,37.12348],[-5.0907,37.12384],[-5.08772,37.12345],[-5.08676,37.12417],[-5.0855,37.12325],[-5.08532,37.12276],[-5.08227,37.12364],[-5.07989,37.12492],[-5.07954,37.1256],[-5.0794,37.12684],[-5.07875,37.1278],[-5.07535,37.13111],[-5.0741,37.13177],[-5.07393,37.13346],[-5.07333,37.13452],[-5.07176,37.13465],[-5.06917,37.13321],[-5.06298,37.13655],[-5.05855,37.13842],[-5.0588,37.13887],[-5.06106,37.13975],[-5.06115,37.13997],[-5.06057,37.14089],[-5.06088,37.142],[-5.06065,37.14299],[-5.05997,37.14359],[-5.0585,37.14396],[-5.05871,37.14526],[-5.05978,37.14667],[-5.06027,37.14899],[-5.05932,37.14893],[-5.05713,37.14809],[-5.05557,37.14843],[-5.05315,37.14849],[-5.05358,37.14714],[-5.05307,37.14493],[-5.05337,37.14308],[-5.04907,37.14531],[-5.04755,37.14536],[-5.04583,37.14441],[-5.04503,37.14428],[-5.04286,37.14655],[-5.04339,37.14706],[-5.04474,37.14755],[-5.0451,37.14801],[-5.04528,37.14891],[-5.04459,37.15],[-5.0429,37.15085],[-5.04017,37.14914],[-5.03937,37.14909],[-5.03801,37.14968],[-5.03688,37.15081],[-5.03556,37.15143],[-5.03492,37.15234],[-5.03382,37.15247],[-5.03277,37.15308],[-5.03191,37.15491],[-5.03107,37.15553],[-5.03021,37.15708],[-5.03241,37.15953],[-5.02984,37.16238],[-5.02869,37.16204],[-5.02741,37.16041],[-5.02627,37.15995],[-5.02013,37.16078],[-5.01849,37.16056],[-5.01728,37.16312],[-5.01671,37.16384],[-5.01247,37.16607],[-5.01296,37.16654],[-5.01393,37.16686],[-5.01756,37.17214],[-5.01633,37.17287],[-5.01511,37.17398],[-5.01543,37.17451],[-5.01533,37.17508],[-5.01159,37.17537],[-5.01097,37.17517],[-5.01057,37.17463],[-5.01086,37.1728],[-5.00993,37.17173],[-5.00577,37.169],[-5.00429,37.16931],[-5.00272,37.16932],[-5.00108,37.16712],[-4.99962,37.1673],[-4.99779,37.16818],[-4.99315,37.1693],[-4.99104,37.16959],[-4.99018,37.16995],[-4.98884,37.16985],[-4.98786,37.17038],[-4.98675,37.16974],[-4.98602,37.16987],[-4.98575,37.17062],[-4.98627,37.17205],[-4.98489,37.17451],[-4.98502,37.17628],[-4.98483,37.17682],[-4.98271,37.17639],[-4.97855,37.17663],[-4.97793,37.17689],[-4.97752,37.17763],[-4.97669,37.17827],[-4.97463,37.17876],[-4.97203,37.17903],[-4.97141,37.17945],[-4.96962,37.1795],[-4.96901,37.17987],[-4.96786,37.17998],[-4.96645,37.18047],[-4.96586,37.1811],[-4.96695,37.18482],[-4.96924,37.19051],[-4.96968,37.19078],[-4.97122,37.19348],[-4.97852,37.20759],[-4.98049,37.21078],[-4.98304,37.21763],[-4.98557,37.22276],[-4.9901,37.23004],[-4.99388,37.23779],[-4.99489,37.2387],[-4.99729,37.24207],[-4.9981,37.24273],[-5.0058,37.24663],[-5.0061,37.24839],[-5.00664,37.24976],[-5.00659,37.25205],[-5.00785,37.25401],[-5.00763,37.25592],[-5.00677,37.25821],[-5.0076,37.25883],[-5.00748,37.26011],[-5.00816,37.26063],[-5.00809,37.26093],[-5.00735,37.26199],[-5.00555,37.26233],[-5.00551,37.26257],[-5.00628,37.26325],[-5.00615,37.26388],[-5.00636,37.26451],[-5.00525,37.26497],[-5.00424,37.26619],[-5.00392,37.26725],[-5.00265,37.26765],[-5.00263,37.26914],[-5.00394,37.26961],[-5.00411,37.27014],[-5.00369,37.27129],[-5.00228,37.27319],[-5.0024,37.27472],[-5.00282,37.27624],[-5.00196,37.27661],[-5.00166,37.27699],[-5.00185,37.27733],[-5.00407,37.27852],[-5.00397,37.28033],[-5.00532,37.28104],[-5.00536,37.28143],[-5.00455,37.28184],[-5.00314,37.28144],[-5.00242,37.2824],[-5.00229,37.28476],[-5.00167,37.28519],[-4.99959,37.28528],[-4.99943,37.28608],[-4.99966,37.2865],[-4.99963,37.28721],[-4.99842,37.28868],[-4.99774,37.29065],[-4.99794,37.29253],[-4.99598,37.29435],[-4.99586,37.2949],[-4.9965,37.29637],[-4.99888,37.29946],[-4.99884,37.29969],[-4.99794,37.29992],[-4.99771,37.30064],[-5.00044,37.30193],[-5.00097,37.30249],[-5.00105,37.30319],[-5.00056,37.30428],[-4.99961,37.30553],[-4.99868,37.30773],[-4.99829,37.30805],[-4.9976,37.30784],[-4.99719,37.30858],[-4.99677,37.31063],[-4.99493,37.31237],[-4.9946,37.31357],[-4.99612,37.31605],[-4.99608,37.31686],[-4.99549,37.31802],[-4.99565,37.31894],[-4.9937,37.31959],[-4.99325,37.32095],[-4.992,37.32299],[-4.99012,37.32309],[-4.98981,37.32432],[-4.99012,37.32541],[-4.98983,37.32664],[-4.99459,37.32767],[-4.99488,37.32716],[-4.99542,37.3269],[-4.9951,37.3259],[-4.99581,37.32574],[-4.99762,37.32614],[-5.00177,37.32761],[-5.00104,37.32847],[-5.00012,37.33059],[-5.00251,37.33077],[-5.00225,37.33352],[-5.00253,37.33405],[-5.00587,37.3338],[-5.00601,37.33447],[-5.00732,37.33445],[-5.00753,37.33794],[-5.00843,37.33792],[-5.00841,37.33427],[-5.01096,37.33408],[-5.01069,37.33231],[-5.00928,37.32858],[-5.01085,37.32739],[-5.01132,37.32652],[-5.01219,37.3261],[-5.01242,37.32533],[-5.01287,37.32486],[-5.01334,37.32396],[-5.01319,37.32201],[-5.01436,37.31962],[-5.0146,37.31861],[-5.01737,37.31666],[-5.01807,37.31585],[-5.01846,37.31462],[-5.01985,37.31337],[-5.02231,37.31182],[-5.02751,37.31193],[-5.03379,37.32769],[-5.03511,37.32779],[-5.03579,37.32853],[-5.0358,37.33245],[-5.03551,37.33352],[-5.03341,37.33712],[-5.03329,37.33818],[-5.03477,37.34058],[-5.03573,37.3429],[-5.03784,37.3451],[-5.03773,37.34671],[-5.03539,37.34855],[-5.03493,37.34977],[-5.03279,37.35103],[-5.03139,37.35292],[-5.028,37.35647],[-5.02655,37.35854],[-5.02681,37.36039],[-5.02663,37.36442],[-5.02759,37.36532],[-5.02818,37.36833],[-5.02887,37.37018],[-5.0308,37.37058],[-5.03353,37.37075],[-5.04875,37.37085],[-5.05865,37.37202],[-5.08171,37.37807],[-5.08531,37.37861],[-5.09407,37.38117],[-5.10117,37.38255],[-5.11441,37.38385],[-5.11901,37.38405],[-5.12334,37.3833],[-5.12943,37.38299],[-5.13457,37.38245],[-5.15043,37.38304],[-5.15386,37.38506],[-5.16295,37.38732],[-5.16754,37.38764],[-5.16867,37.38907],[-5.17076,37.39028],[-5.17222,37.39165],[-5.17304,37.39247]]]}},{"type":"Feature","properties":{"COD_POSTAL":"41563"},"geometry":{"type":"Polygon","coordinates":[[[-5.0218,37.5075],[-5.04889,37.49138],[-5.07211,37.48807],[-5.09333,37.49339],[-5.09822,37.47967],[-5.10504,37.46674],[-5.10468,37.45561],[-5.10863,37.44915],[-5.10827,37.43335],[-5.11222,37.42114],[-5.11186,37.41431],[-5.11725,37.40139],[-5.11915,37.38403],[-5.11441,37.38385],[-5.10117,37.38255],[-5.09675,37.38178],[-5.08531,37.37861],[-5.08171,37.37807],[-5.05865,37.37202],[-5.05151,37.37102],[-5.0321,37.37069],[-5.02174,37.36897],[-5.01248,37.36875],[-5.00175,37.36814],[-5.00079,37.36848],[-4.99213,37.36827],[-4.98898,37.36964],[-4.96992,37.37566],[-4.97081,37.37672],[-4.967,37.37784],[-4.96599,37.37682],[-4.95824,37.37983],[-4.94624,37.38394],[-4.9366,37.38705],[-4.93597,37.38679],[-4.93223,37.39114],[-4.92852,37.39497],[-4.92535,37.39768],[-4.92156,37.40021],[-4.91367,37.40759],[-4.9084,37.41062],[-4.90622,37.41114],[-4.90209,37.4139],[-4.89712,37.41753],[-4.89133,37.42368],[-4.8869,37.42587],[-4.88666,37.42828],[-4.88482,37.43389],[-4.88474,37.43798],[-4.88249,37.44008],[-4.88229,37.44265],[-4.88287,37.44483],[-4.88266,37.44525],[-4.8821,37.44559],[-4.87949,37.44605],[-4.87872,37.4464],[-4.87514,37.45014],[-4.87534,37.45045],[-4.8763,37.45083],[-4.88009,37.45154],[-4.88221,37.4528],[-4.8843,37.45469],[-4.8866,37.45882],[-4.88849,37.46084],[-4.88916,37.46121],[-4.89066,37.46122],[-4.89371,37.45946],[-4.89431,37.45947],[-4.89937,37.46456],[-4.90236,37.46597],[-4.90409,37.46741],[-4.90507,37.4694],[-4.90578,37.47297],[-4.90652,37.47414],[-4.90863,37.47618],[-4.90926,37.47832],[-4.91001,37.47917],[-4.91018,37.47978],[-4.90985,37.4808],[-4.90682,37.48382],[-4.90514,37.48637],[-4.90363,37.4873],[-4.90375,37.48837],[-4.90447,37.48949],[-4.90528,37.48996],[-4.90849,37.4881],[-4.9097,37.48887],[-4.91017,37.48893],[-4.91088,37.48826],[-4.91183,37.4857],[-4.91344,37.48349],[-4.91394,37.48315],[-4.91438,37.48316],[-4.9152,37.48416],[-4.91538,37.4855],[-4.91436,37.48754],[-4.91518,37.48832],[-4.91553,37.48912],[-4.91616,37.49132],[-4.91615,37.49268],[-4.91517,37.49398],[-4.91338,37.49524],[-4.91292,37.49532],[-4.91062,37.4946],[-4.90777,37.49497],[-4.90587,37.49933],[-4.90602,37.49984],[-4.90723,37.50058],[-4.90797,37.50195],[-4.90847,37.50194],[-4.91039,37.49962],[-4.91131,37.49922],[-4.91347,37.49911],[-4.91689,37.49991],[-4.92003,37.49978],[-4.92461,37.50038],[-4.92505,37.50084],[-4.92542,37.50203],[-4.92621,37.50283],[-4.92761,37.50376],[-4.93018,37.50474],[-4.93111,37.50559],[-4.93127,37.50602],[-4.93114,37.50885],[-4.93046,37.51038],[-4.92769,37.5121],[-4.92758,37.51245],[-4.9307,37.51356],[-4.93132,37.51334],[-4.93212,37.51169],[-4.93324,37.51103],[-4.93404,37.5111],[-4.93501,37.51201],[-4.93521,37.5135],[-4.93492,37.5141],[-4.9338,37.51504],[-4.93352,37.51744],[-4.93355,37.51867],[-4.93394,37.51985],[-4.93471,37.52019],[-4.94574,37.51206],[-5.01231,37.52707],[-5.0218,37.5075]]]}},{"type":"Feature","properties":{"COD_POSTAL":"41660"},"geometry":{"type":"Polygon","coordinates":[[[-5.16941,37.09342],[-5.16979,37.0946],[-5.16842,37.09609],[-5.16868,37.0971],[-5.16947,37.09764],[-5.17088,37.09759],[-5.17247,37.09644],[-5.17333,37.09615],[-5.17458,37.09657],[-5.17655,37.09834],[-5.17949,37.09911],[-5.18252,37.09897],[-5.18419,37.09853],[-5.18481,37.09866],[-5.18769,37.09837],[-5.18813,37.09983],[-5.19102,37.10083],[-5.19172,37.1021],[-5.19195,37.10313],[-5.19247,37.10333],[-5.19385,37.10266],[-5.1957,37.1033],[-5.19615,37.10386],[-5.19488,37.1042],[-5.19471,37.10477],[-5.19488,37.10508],[-5.19552,37.10531],[-5.19765,37.10542],[-5.1983,37.10591],[-5.19873,37.10677],[-5.19949,37.10678],[-5.20104,37.10629],[-5.2029,37.10468],[-5.20367,37.10495],[-5.20429,37.10624],[-5.20369,37.10928],[-5.20389,37.11091],[-5.20374,37.11179],[-5.20153,37.11226],[-5.19922,37.11345],[-5.1987,37.11432],[-5.20037,37.11693],[-5.20056,37.11834],[-5.20144,37.11893],[-5.20395,37.11958],[-5.20536,37.12129],[-5.20591,37.12275],[-5.20666,37.12281],[-5.20728,37.12243],[-5.20785,37.12119],[-5.20784,37.11968],[-5.20946,37.11885],[-5.21023,37.11889],[-5.21228,37.11965],[-5.21209,37.12163],[-5.21234,37.12255],[-5.21325,37.12277],[-5.2144,37.1225],[-5.21513,37.12173],[-5.21604,37.12144],[-5.21528,37.11872],[-5.21564,37.11795],[-5.21699,37.11664],[-5.21724,37.11594],[-5.217,37.11506],[-5.21581,37.11464],[-5.21543,37.11427],[-5.21472,37.11271],[-5.2159,37.10776],[-5.2157,37.10706],[-5.21612,37.10515],[-5.21537,37.10353],[-5.21453,37.10246],[-5.21507,37.10193],[-5.21543,37.10087],[-5.21656,37.09995],[-5.21684,37.09891],[-5.21772,37.09751],[-5.21971,37.0951],[-5.22012,37.09269],[-5.22063,37.09129],[-5.21933,37.08507],[-5.21962,37.08319],[-5.21864,37.08055],[-5.21836,37.07841],[-5.21742,37.07587],[-5.2171,37.07363],[-5.21614,37.07067],[-5.21731,37.0702],[-5.21872,37.06666],[-5.22215,37.06227],[-5.22404,37.06074],[-5.22184,37.0605],[-5.21956,37.05963],[-5.21641,37.05935],[-5.21585,37.05907],[-5.21451,37.05769],[-5.21076,37.05629],[-5.20927,37.05624],[-5.20495,37.05468],[-5.20273,37.0546],[-5.20098,37.05425],[-5.19648,37.05242],[-5.19113,37.05061],[-5.1877,37.04916],[-5.1868,37.04846],[-5.18429,37.04847],[-5.18299,37.0478],[-5.1816,37.04658],[-5.18065,37.04466],[-5.17988,37.04373],[-5.17461,37.04091],[-5.17082,37.04008],[-5.16804,37.03756],[-5.16636,37.03698],[-5.16512,37.03577],[-5.16393,37.03566],[-5.16073,37.03296],[-5.15687,37.03191],[-5.15456,37.03026],[-5.15183,37.03274],[-5.14552,37.03706],[-5.14399,37.0384],[-5.14207,37.03804],[-5.14135,37.03834],[-5.14086,37.03891],[-5.13996,37.04122],[-5.14104,37.04242],[-5.14188,37.04289],[-5.14233,37.04381],[-5.14405,37.04492],[-5.14433,37.0464],[-5.14573,37.04886],[-5.14524,37.05203],[-5.14502,37.05269],[-5.14087,37.05258],[-5.13784,37.05364],[-5.1393,37.05577],[-5.14057,37.05887],[-5.14327,37.0587],[-5.14513,37.05792],[-5.14507,37.05871],[-5.14355,37.06068],[-5.14381,37.06152],[-5.14441,37.062],[-5.14554,37.06189],[-5.14652,37.06107],[-5.14718,37.06085],[-5.15427,37.06073],[-5.15527,37.06165],[-5.1562,37.06322],[-5.15454,37.06509],[-5.1541,37.06597],[-5.15407,37.06686],[-5.15435,37.06809],[-5.15497,37.0693],[-5.15493,37.06986],[-5.15467,37.07008],[-5.15279,37.07034],[-5.15259,37.07094],[-5.15269,37.07242],[-5.15249,37.07263],[-5.15178,37.07261],[-5.14977,37.07121],[-5.14914,37.07142],[-5.14954,37.07281],[-5.15129,37.074],[-5.15277,37.07441],[-5.1532,37.07499],[-5.153,37.07533],[-5.15153,37.07563],[-5.15131,37.07591],[-5.15178,37.07637],[-5.15438,37.07693],[-5.15593,37.07763],[-5.15804,37.07699],[-5.157,37.07825],[-5.15697,37.07867],[-5.15736,37.07932],[-5.15903,37.07959],[-5.16071,37.07916],[-5.16119,37.07871],[-5.16139,37.07719],[-5.16242,37.07472],[-5.16342,37.07322],[-5.16523,37.07165],[-5.16541,37.07052],[-5.16647,37.0701],[-5.16789,37.07],[-5.169,37.07056],[-5.16836,37.07217],[-5.17384,37.07391],[-5.17498,37.07473],[-5.17517,37.07565],[-5.17544,37.0758],[-5.17684,37.07576],[-5.17653,37.0771],[-5.17508,37.07789],[-5.17398,37.07801],[-5.17258,37.0778],[-5.1718,37.07801],[-5.17168,37.07853],[-5.17218,37.07909],[-5.17512,37.0796],[-5.1779,37.07919],[-5.18127,37.07928],[-5.18421,37.07843],[-5.18358,37.08125],[-5.18369,37.08408],[-5.18157,37.08523],[-5.17985,37.08727],[-5.1775,37.08878],[-5.17719,37.09003],[-5.17615,37.09055],[-5.17595,37.09138],[-5.17453,37.09106],[-5.17115,37.09118],[-5.1701,37.09267],[-5.16917,37.09308],[-5.16941,37.09342]]]}},{"type":"Feature","properties":{"COD_POSTAL":"41730"},"geometry":{"type":"Polygon","coordinates":[[[-5.97581,37.06277],[-5.998,37.0681],[-6.00716,37.07052],[-6.01164,37.072],[-6.0298,37.07445],[-6.03122,37.07526],[-6.03494,37.07867],[-6.03778,37.07865],[-6.04138,37.06434],[-6.04408,37.05744],[-6.04534,37.05569],[-6.04734,37.05456],[-6.05006,37.05418],[-6.05339,37.05414],[-6.05364,37.04558],[-6.05351,37.04492],[-6.05139,37.04272],[-6.0424,37.03222],[-6.03225,37.01802],[-5.9661,37.00775],[-5.9801,36.95267],[-5.97712,36.95007],[-5.97518,36.94779],[-5.97496,36.9471],[-5.97543,36.94606],[-5.97044,36.94457],[-5.96868,36.94251],[-5.96635,36.94157],[-5.96504,36.94129],[-5.96211,36.94139],[-5.96054,36.94014],[-5.95974,36.93987],[-5.95854,36.93898],[-5.95715,36.9385],[-5.9553,36.93822],[-5.95341,36.93748],[-5.9509,36.93604],[-5.94948,36.93379],[-5.94562,36.93117],[-5.9447,36.93091],[-5.94047,36.93151],[-5.93936,36.93144],[-5.93615,36.92948],[-5.93456,36.92733],[-5.93144,36.92635],[-5.92958,36.92535],[-5.92883,36.92442],[-5.92794,36.92406],[-5.92731,36.92335],[-5.92372,36.923],[-5.92326,36.92263],[-5.92312,36.92102],[-5.92251,36.91971],[-5.92335,36.91707],[-5.92295,36.91604],[-5.92304,36.91532],[-5.92219,36.91501],[-5.92162,36.91426],[-5.92091,36.91535],[-5.91987,36.91521],[-5.91783,36.91574],[-5.91571,36.9141],[-5.91194,36.90652],[-5.91328,36.90594],[-5.90889,36.90476],[-5.90425,36.90575],[-5.8921,36.90389],[-5.88606,36.89973],[-5.88256,36.89776],[-5.88016,36.897],[-5.87614,36.89651],[-5.8696,36.8937],[-5.86672,36.89518],[-5.86681,36.89572],[-5.86654,36.89601],[-5.86222,36.89832],[-5.85991,36.89997],[-5.85371,36.90635],[-5.85162,36.90916],[-5.85064,36.91095],[-5.84551,36.91521],[-5.83726,36.91438],[-5.83552,36.91501],[-5.83179,36.91565],[-5.8322,36.91891],[-5.83556,36.92248],[-5.83672,36.92332],[-5.83691,36.92421],[-5.83765,36.92452],[-5.83903,36.92419],[-5.83959,36.92497],[-5.83963,36.92532],[-5.83891,36.92653],[-5.8373,36.92753],[-5.8354,36.92934],[-5.83474,36.93109],[-5.83472,36.93185],[-5.8341,36.93348],[-5.83484,36.93466],[-5.83487,36.93757],[-5.83402,36.93845],[-5.82959,36.93963],[-5.82818,36.93964],[-5.82401,36.94247],[-5.82075,36.94387],[-5.81634,36.94632],[-5.81382,36.9475],[-5.80902,36.94888],[-5.80777,36.95196],[-5.80963,36.95416],[-5.81191,36.95587],[-5.81255,36.95672],[-5.81465,36.96146],[-5.81583,36.96355],[-5.81533,36.96649],[-5.8155,36.96748],[-5.81705,36.96889],[-5.81893,36.97212],[-5.82229,36.97481],[-5.82337,36.97633],[-5.82532,36.97726],[-5.82626,36.97818],[-5.82649,36.97965],[-5.82569,36.98131],[-5.8272,36.98227],[-5.82737,36.98269],[-5.82736,36.98559],[-5.83044,36.98715],[-5.8322,36.98688],[-5.83639,36.98746],[-5.8399,36.98901],[-5.84216,36.99148],[-5.84311,36.99175],[-5.84411,36.99169],[-5.84454,36.9922],[-5.84529,36.99222],[-5.84573,36.99292],[-5.84676,36.99381],[-5.84751,36.995],[-5.84795,36.997],[-5.85244,37.00125],[-5.85826,37.00929],[-5.86052,37.01365],[-5.86246,37.01662],[-5.86685,37.02111],[-5.86958,37.02579],[-5.87343,37.02848],[-5.87944,37.03103],[-5.88024,37.0316],[-5.8844,37.03346],[-5.88622,37.03359],[-5.89002,37.03294],[-5.89197,37.03427],[-5.89469,37.03487],[-5.89562,37.03537],[-5.89655,37.03646],[-5.89833,37.03701],[-5.90049,37.03826],[-5.90538,37.04271],[-5.91031,37.04322],[-5.91205,37.04428],[-5.92076,37.04322],[-5.92194,37.04541],[-5.92142,37.04806],[-5.93119,37.05178],[-5.94673,37.05689],[-5.95074,37.05796],[-5.95956,37.05949],[-5.97158,37.06195],[-5.97581,37.06277]]]}},{"type":"Feature","properties":{"COD_POSTAL":"41310"},"geometry":{"type":"Polygon","coordinates":[[[-5.87331,37.52878],[-5.87262,37.52874],[-5.87155,37.5281],[-5.86882,37.52777],[-5.86304,37.53369],[-5.85851,37.53881],[-5.85723,37.54088],[-5.85432,37.54393],[-5.85286,37.54644],[-5.85148,37.54811],[-5.85004,37.54934],[-5.84792,37.55059],[-5.8409,37.55395],[-5.83411,37.55758],[-5.83533,37.55905],[-5.83984,37.56253],[-5.8411,37.56386],[-5.84569,37.57013],[-5.84722,37.57114],[-5.84854,37.57162],[-5.85275,37.57622],[-5.85647,37.57943],[-5.85787,37.57961],[-5.86097,37.57747],[-5.8622,37.57741],[-5.86612,37.57351],[-5.8669,37.57386],[-5.86851,37.57396],[-5.86857,37.57286],[-5.86815,37.57054],[-5.8683,37.56896],[-5.87028,37.56714],[-5.87147,37.56639],[-5.87816,37.56367],[-5.88346,37.56294],[-5.88713,37.56164],[-5.88942,37.56155],[-5.89101,37.56243],[-5.89157,37.56349],[-5.89197,37.56796],[-5.89279,37.56949],[-5.89412,37.57105],[-5.89563,37.57175],[-5.89909,37.57197],[-5.90105,37.57115],[-5.90314,37.56956],[-5.90462,37.568],[-5.90576,37.56616],[-5.90624,37.56447],[-5.90571,37.56026],[-5.90365,37.55433],[-5.90051,37.54903],[-5.90444,37.54843],[-5.90647,37.5514],[-5.91039,37.55522],[-5.91529,37.55272],[-5.91702,37.55265],[-5.92013,37.55336],[-5.92001,37.55272],[-5.92308,37.55257],[-5.92428,37.55109],[-5.92459,37.54875],[-5.92346,37.54557],[-5.92267,37.54408],[-5.92045,37.54171],[-5.91862,37.54046],[-5.91475,37.53973],[-5.91261,37.53909],[-5.90976,37.53803],[-5.90853,37.53733],[-5.90759,37.538],[-5.90554,37.53877],[-5.89448,37.54058],[-5.89215,37.54146],[-5.88969,37.54347],[-5.88807,37.54339],[-5.88654,37.54372],[-5.88577,37.54264],[-5.88664,37.54173],[-5.88669,37.5413],[-5.88652,37.54105],[-5.88534,37.54101],[-5.88527,37.54068],[-5.88523,37.53961],[-5.88498,37.53922],[-5.8856,37.53864],[-5.88544,37.53824],[-5.8848,37.53775],[-5.88366,37.5375],[-5.88248,37.53571],[-5.88037,37.53553],[-5.87948,37.5357],[-5.87835,37.53504],[-5.87724,37.53533],[-5.87621,37.53523],[-5.87493,37.53489],[-5.87379,37.53388],[-5.87357,37.53333],[-5.87504,37.53122],[-5.87417,37.53033],[-5.87413,37.52957],[-5.87352,37.52919],[-5.87331,37.52878]]]}},{"type":"Feature","properties":{"COD_POSTAL":"41927"},"geometry":{"type":"Polygon","coordinates":[[[-6.04242,37.35844],[-6.04423,37.35889],[-6.04706,37.35877],[-6.04938,37.35904],[-6.05497,37.35859],[-6.05608,37.35788],[-6.06079,37.35604],[-6.06406,37.35358],[-6.06649,37.35389],[-6.06789,37.35367],[-6.06992,37.35176],[-6.07169,37.35096],[-6.07397,37.34942],[-6.08001,37.34815],[-6.08307,37.34895],[-6.08399,37.34893],[-6.08754,37.34649],[-6.09142,37.34496],[-6.0924,37.34434],[-6.09199,37.34321],[-6.09234,37.34088],[-6.09203,37.33814],[-6.09305,37.33678],[-6.09321,37.33602],[-6.09258,37.33442],[-6.09282,37.33393],[-6.09232,37.33271],[-6.09342,37.33054],[-6.09311,37.32919],[-6.09352,37.3277],[-6.09498,37.32703],[-6.09841,37.3261],[-6.10494,37.32695],[-6.10573,37.3266],[-6.10748,37.32737],[-6.10955,37.32687],[-6.11136,37.32682],[-6.11204,37.32759],[-6.11241,37.32749],[-6.11307,37.32601],[-6.11468,37.32559],[-6.11578,37.32767],[-6.11708,37.3268],[-6.1183,37.32768],[-6.12416,37.32649],[-6.12551,37.3264],[-6.1263,37.32664],[-6.13114,37.32584],[-6.13074,37.32318],[-6.13172,37.32315],[-6.13215,37.31986],[-6.1246,37.32325],[-6.12161,37.32404],[-6.11974,37.32316],[-6.11871,37.32305],[-6.11569,37.32406],[-6.11564,37.3248],[-6.11175,37.32273],[-6.10481,37.32091],[-6.09967,37.32114],[-6.09634,37.32099],[-6.09564,37.32103],[-6.09427,37.32156],[-6.09003,37.32161],[-6.08982,37.3169],[-6.08682,37.31683],[-6.08452,37.31938],[-6.08541,37.32021],[-6.08586,37.32013],[-6.08606,37.32078],[-6.08283,37.32225],[-6.08103,37.32069],[-6.08039,37.32246],[-6.0798,37.32273],[-6.07713,37.3231],[-6.07228,37.32458],[-6.07145,37.32463],[-6.06994,37.32566],[-6.06751,37.32678],[-6.06726,37.32732],[-6.0641,37.32799],[-6.06167,37.32806],[-6.05946,37.3291],[-6.05848,37.32803],[-6.05656,37.32851],[-6.05617,37.32678],[-6.055,37.32603],[-6.05432,37.32638],[-6.05275,37.32809],[-6.05019,37.33195],[-6.04983,37.33215],[-6.04814,37.33222],[-6.04716,37.33201],[-6.04691,37.33173],[-6.04667,37.33034],[-6.04592,37.32979],[-6.0448,37.33008],[-6.0418,37.33184],[-6.04084,37.33066],[-6.04014,37.33095],[-6.03895,37.3297],[-6.03865,37.32897],[-6.03801,37.32876],[-6.03698,37.32758],[-6.03538,37.32744],[-6.03473,37.32902],[-6.0334,37.33534],[-6.03361,37.33801],[-6.03397,37.33921],[-6.03477,37.34059],[-6.03199,37.34236],[-6.03072,37.34259],[-6.0325,37.34313],[-6.03293,37.34374],[-6.03319,37.34534],[-6.03226,37.34711],[-6.03319,37.34889],[-6.03309,37.34992],[-6.03344,37.35217],[-6.03324,37.3546],[-6.03345,37.35505],[-6.0369,37.35721],[-6.04151,37.35831],[-6.04242,37.35844]]]}},{"type":"Feature","properties":{"COD_POSTAL":"41018"},"geometry":{"type":"Polygon","coordinates":[[[-5.97816,37.39173],[-5.98243,37.38796],[-5.98423,37.38435],[-5.98404,37.3819],[-5.98345,37.38048],[-5.98365,37.37956],[-5.97848,37.37829],[-5.97779,37.37804],[-5.97707,37.37733],[-5.97469,37.37679],[-5.9745,37.37703],[-5.97487,37.37718],[-5.97472,37.37822],[-5.97413,37.38],[-5.97382,37.37994],[-5.97353,37.38081],[-5.97384,37.38086],[-5.97309,37.38306],[-5.97233,37.38731],[-5.97257,37.38814],[-5.97291,37.38815],[-5.97523,37.39],[-5.97461,37.39048],[-5.97568,37.39099],[-5.97816,37.39173]]]}},{"type":"Feature","properties":{"COD_POSTAL":"41010"},"geometry":{"type":"Polygon","coordinates":[[[-6.00598,37.39054],[-6.01432,37.39001],[-6.0148,37.38965],[-6.02025,37.38938],[-6.02482,37.39013],[-6.02495,37.3881],[-6.02453,37.3853],[-6.02298,37.38169],[-6.02206,37.38065],[-6.02184,37.37995],[-6.02181,37.37894],[-6.02218,37.37764],[-6.02154,37.37639],[-6.0224,37.37539],[-6.02232,37.37508],[-6.02172,37.37479],[-6.02199,37.37414],[-6.02156,37.37384],[-6.02125,37.37287],[-6.02044,37.37245],[-6.01982,37.37177],[-6.01566,37.3723],[-6.01428,37.37154],[-6.01373,37.37166],[-6.01316,37.37273],[-6.01253,37.37332],[-6.00722,37.37529],[-6.00569,37.37643],[-6.00374,37.37699],[-6.00366,37.37723],[-5.9985,37.37985],[-5.99843,37.38039],[-5.99735,37.38063],[-5.99711,37.38034],[-5.99572,37.38106],[-5.99878,37.38404],[-6.00203,37.38649],[-6.00125,37.3871],[-6.00237,37.38802],[-6.00313,37.38774],[-6.00366,37.38894],[-6.00516,37.38926],[-6.00582,37.39046],[-6.00598,37.39054]]]}},{"type":"Feature","properties":{"COD_POSTAL":"41702"},"geometry":{"type":"Polygon","coordinates":[[[-5.92133,37.21654],[-5.92114,37.21751],[-5.92026,37.21856],[-5.91808,37.22022],[-5.91604,37.22116],[-5.91417,37.22153],[-5.91171,37.22282],[-5.91004,37.22429],[-5.90931,37.22578],[-5.90726,37.22647],[-5.90527,37.22563],[-5.90443,37.22566],[-5.90324,37.22654],[-5.90287,37.22755],[-5.90208,37.2278],[-5.90138,37.22839],[-5.90071,37.22988],[-5.90061,37.2328],[-5.89967,37.23708],[-5.89786,37.24245],[-5.89653,37.24536],[-5.8956,37.24966],[-5.89559,37.25172],[-5.89636,37.25366],[-5.89782,37.25592],[-5.89444,37.25997],[-5.89339,37.26005],[-5.89259,37.26065],[-5.8933,37.26114],[-5.8947,37.26318],[-5.89366,37.26494],[-5.89361,37.26685],[-5.89195,37.26786],[-5.88707,37.27198],[-5.88332,37.27622],[-5.8834,37.27708],[-5.88466,37.27817],[-5.89103,37.2819],[-5.89452,37.28477],[-5.89484,37.28522],[-5.89552,37.28813],[-5.89665,37.28972],[-5.89783,37.29091],[-5.90079,37.2925],[-5.9009,37.29353],[-5.90156,37.29464],[-5.90301,37.29601],[-5.906,37.29817],[-5.90593,37.29882],[-5.90686,37.29906],[-5.90813,37.29914],[-5.91118,37.29576],[-5.9145,37.2928],[-5.91685,37.29185],[-5.91752,37.29129],[-5.91592,37.29022],[-5.91532,37.28915],[-5.92067,37.2857],[-5.91121,37.27881],[-5.91514,37.28016],[-5.91318,37.27952],[-5.91328,37.27938],[-5.9149,37.27987],[-5.91626,37.28053],[-5.91737,37.2798],[-5.91639,37.27902],[-5.91747,37.27963],[-5.91677,37.27899],[-5.91775,37.27789],[-5.92002,37.27926],[-5.92293,37.27993],[-5.92556,37.28163],[-5.92597,37.28113],[-5.9275,37.28203],[-5.924,37.2798],[-5.92428,37.27941],[-5.92351,37.27896],[-5.92526,37.27987],[-5.9257,37.27927],[-5.92481,37.27869],[-5.92599,37.27736],[-5.92643,37.27759],[-5.92712,37.27682],[-5.92806,37.27677],[-5.92838,37.27587],[-5.9285,37.2779],[-5.92872,37.27434],[-5.93155,37.27342],[-5.93083,37.27224],[-5.92317,37.26328],[-5.92243,37.25928],[-5.92215,37.25493],[-5.92785,37.23391],[-5.92596,37.22638],[-5.92133,37.21646],[-5.92133,37.21654]]]}},{"type":"Feature","properties":{"COD_POSTAL":"41015"},"geometry":{"type":"Polygon","coordinates":[[[-5.9434,37.45192],[-5.95008,37.45296],[-5.96465,37.45146],[-5.97001,37.45045],[-5.97698,37.45019],[-5.97998,37.44968],[-5.9852,37.44983],[-5.98713,37.44922],[-5.98982,37.44766],[-5.99201,37.44737],[-5.99374,37.44738],[-5.99862,37.44846],[-6.00049,37.44834],[-6.004,37.44654],[-6.00862,37.44299],[-6.01985,37.44438],[-6.02233,37.44596],[-6.02365,37.44615],[-6.02498,37.44574],[-6.02662,37.44471],[-6.02774,37.4428],[-6.02874,37.44263],[-6.02834,37.44026],[-6.02826,37.43765],[-6.02791,37.43697],[-6.02505,37.43375],[-6.02404,37.43167],[-6.02394,37.42972],[-6.02335,37.42795],[-6.02325,37.42556],[-6.02276,37.42341],[-6.022,37.42169],[-6.01954,37.41989],[-6.01722,37.4195],[-6.01525,37.41982],[-6.01382,37.42026],[-6.01262,37.42129],[-6.01202,37.42339],[-6.01201,37.42485],[-6.01314,37.43294],[-6.01369,37.43481],[-6.01407,37.43964],[-6.01372,37.441],[-6.01295,37.44205],[-6.01156,37.44298],[-6.01082,37.44296],[-6.00981,37.442],[-6.00909,37.43731],[-6.00785,37.4346],[-6.00527,37.43172],[-6.00354,37.43044],[-6.00083,37.429],[-5.99234,37.4254],[-5.99088,37.42437],[-5.99525,37.42252],[-5.99576,37.42188],[-5.99601,37.42013],[-5.99645,37.42014],[-5.99681,37.41928],[-5.99908,37.41921],[-5.99991,37.41626],[-5.99939,37.41337],[-5.99297,37.41293],[-5.98916,37.41312],[-5.98897,37.41358],[-5.98819,37.41394],[-5.98788,37.41388],[-5.98764,37.41317],[-5.9834,37.41324],[-5.98315,37.41343],[-5.98488,37.41851],[-5.98325,37.42107],[-5.98232,37.4211],[-5.98042,37.42021],[-5.98008,37.42037],[-5.97791,37.42009],[-5.97705,37.42075],[-5.97844,37.42305],[-5.97852,37.42381],[-5.97797,37.42365],[-5.97621,37.42051],[-5.9763,37.41991],[-5.97512,37.41781],[-5.97423,37.41644],[-5.97358,37.416],[-5.9738,37.41546],[-5.97335,37.41441],[-5.97215,37.41197],[-5.97115,37.41081],[-5.97043,37.40892],[-5.96706,37.41161],[-5.96673,37.41145],[-5.96309,37.41377],[-5.95894,37.41524],[-5.95656,37.41566],[-5.95602,37.41602],[-5.95489,37.41737],[-5.95451,37.42019],[-5.95792,37.42413],[-5.95796,37.42446],[-5.96111,37.42566],[-5.96336,37.42751],[-5.96443,37.43014],[-5.96512,37.43316],[-5.96642,37.43471],[-5.96712,37.43512],[-5.96877,37.43555],[-5.96847,37.43709],[-5.95652,37.44627],[-5.94196,37.44368],[-5.93585,37.44487],[-5.93485,37.44643],[-5.93499,37.44956],[-5.94275,37.45181],[-5.9434,37.45192]]]}},{"type":"Feature","properties":{"COD_POSTAL":"41388"},"geometry":{"type":"Polygon","coordinates":[[[-5.6035,38.00881],[-5.60319,38.01335],[-5.60272,38.01441],[-5.6073,38.01705],[-5.61519,38.02074],[-5.62068,38.01914],[-5.62958,38.01432],[-5.63307,38.01076],[-5.63588,38.00897],[-5.6494,38.0089],[-5.65892,38.01162],[-5.66025,38.00959],[-5.66479,38.00806],[-5.66526,38.00768],[-5.66597,38.00625],[-5.66596,38.00534],[-5.66523,38.00326],[-5.66567,38.00099],[-5.66546,37.9995],[-5.66566,37.99782],[-5.6664,37.9967],[-5.6685,37.99475],[-5.67023,37.99461],[-5.67067,37.99433],[-5.67055,37.99071],[-5.67009,37.98871],[-5.67252,37.9848],[-5.67289,37.98354],[-5.67291,37.98219],[-5.67228,37.97948],[-5.67177,37.9787],[-5.66926,37.97719],[-5.66679,37.97624],[-5.66617,37.97575],[-5.66583,37.97442],[-5.66583,37.97213],[-5.66417,37.96998],[-5.66254,37.96577],[-5.66081,37.9631],[-5.66075,37.96222],[-5.66124,37.96167],[-5.66252,37.96108],[-5.66279,37.96038],[-5.66268,37.95985],[-5.66331,37.95917],[-5.66829,37.95772],[-5.67087,37.95656],[-5.6758,37.95659],[-5.67836,37.95689],[-5.6792,37.95675],[-5.68002,37.95579],[-5.67966,37.95186],[-5.67502,37.95401],[-5.67436,37.95408],[-5.66292,37.94918],[-5.60345,38.00749],[-5.6035,38.00881]]]}},{"type":"Feature","properties":{"COD_POSTAL":"41318"},"geometry":{"type":"Polygon","coordinates":[[[-5.92492,37.59047],[-5.92362,37.5859],[-5.92206,37.58225],[-5.92038,37.57966],[-5.91871,37.57815],[-5.91472,37.58037],[-5.91141,37.58162],[-5.9105,37.58006],[-5.90977,37.57965],[-5.90679,37.58153],[-5.90422,37.58355],[-5.90226,37.58397],[-5.90129,37.58445],[-5.89955,37.58612],[-5.89726,37.5812],[-5.89227,37.57334],[-5.89521,37.57165],[-5.8936,37.57058],[-5.89197,37.56796],[-5.89142,37.56308],[-5.89036,37.56191],[-5.88844,37.56145],[-5.88713,37.56164],[-5.88346,37.56294],[-5.87816,37.56367],[-5.87281,37.56572],[-5.87028,37.56714],[-5.8683,37.56896],[-5.86815,37.57054],[-5.86857,37.57286],[-5.86851,37.57396],[-5.86738,37.57716],[-5.86582,37.58013],[-5.86377,37.58232],[-5.85875,37.58513],[-5.85433,37.58854],[-5.8532,37.5896],[-5.85143,37.59205],[-5.85215,37.59258],[-5.85434,37.59642],[-5.85611,37.59873],[-5.85989,37.60602],[-5.86388,37.61226],[-5.8647,37.61574],[-5.86537,37.6156],[-5.86785,37.61883],[-5.86986,37.62376],[-5.87122,37.62826],[-5.87206,37.62943],[-5.87224,37.63077],[-5.87359,37.63173],[-5.87409,37.63246],[-5.87443,37.6342],[-5.88243,37.64505],[-5.89528,37.64165],[-5.8995,37.64006],[-5.90268,37.63955],[-5.90432,37.63872],[-5.92087,37.63722],[-5.9256,37.63651],[-5.9265,37.63596],[-5.92649,37.63445],[-5.92708,37.63128],[-5.92906,37.62489],[-5.92929,37.62217],[-5.93056,37.61642],[-5.93043,37.6139],[-5.93116,37.61258],[-5.9312,37.61072],[-5.93062,37.60933],[-5.93031,37.60629],[-5.92998,37.60563],[-5.92893,37.6051],[-5.9284,37.60433],[-5.92768,37.6003],[-5.92764,37.59789],[-5.92624,37.59416],[-5.92602,37.5919],[-5.92503,37.59087],[-5.92492,37.59047]]]}},{"type":"Feature","properties":{"COD_POSTAL":"41370"},"geometry":{"type":"Polygon","coordinates":[[[-5.87358,38.0365],[-5.87589,38.03849],[-5.87727,38.03861],[-5.8793,38.03687],[-5.8804,38.03559],[-5.88188,38.03457],[-5.88285,38.03427],[-5.88432,38.03501],[-5.88482,38.03502],[-5.88483,38.03341],[-5.88566,38.03235],[-5.88701,38.03142],[-5.89017,38.03214],[-5.89232,38.03453],[-5.89316,38.03463],[-5.89509,38.03429],[-5.89641,38.03349],[-5.89824,38.03184],[-5.89837,38.03154],[-5.89749,38.03087],[-5.89731,38.03047],[-5.89744,38.03004],[-5.89864,38.0288],[-5.89876,38.02767],[-5.90003,38.02679],[-5.90013,38.02579],[-5.89961,38.02526],[-5.89794,38.02518],[-5.89769,38.02471],[-5.89946,38.02382],[-5.9011,38.02377],[-5.90156,38.02403],[-5.90222,38.02497],[-5.90242,38.0257],[-5.90203,38.02646],[-5.90209,38.02724],[-5.90371,38.02748],[-5.90457,38.02793],[-5.9047,38.02869],[-5.9044,38.02941],[-5.90409,38.03166],[-5.90621,38.03388],[-5.9083,38.0345],[-5.91282,38.03488],[-5.91322,38.03477],[-5.91366,38.03371],[-5.91477,38.03331],[-5.91684,38.03511],[-5.91785,38.03543],[-5.91879,38.03499],[-5.91922,38.03332],[-5.92009,38.03213],[-5.92324,38.02946],[-5.92485,38.02758],[-5.92664,38.02716],[-5.92966,38.02709],[-5.9315,38.02655],[-5.9349,38.02478],[-5.93646,38.02442],[-5.93966,38.01978],[-5.94057,38.01489],[-5.94123,38.01392],[-5.94406,38.01192],[-5.9446,38.01131],[-5.94505,38.00997],[-5.94512,38.00696],[-5.94622,38.00512],[-5.94674,38.00376],[-5.95106,37.99817],[-5.95291,37.99655],[-5.95438,37.99425],[-5.95463,37.99348],[-5.95458,37.99237],[-5.95383,37.98977],[-5.95424,37.98754],[-5.95478,37.98614],[-5.95551,37.98473],[-5.96065,37.97854],[-5.96021,37.97723],[-5.95947,37.97632],[-5.95912,37.9753],[-5.95902,37.97387],[-5.96012,37.96984],[-5.95975,37.96859],[-5.95882,37.96754],[-5.95686,37.96653],[-5.94985,37.96468],[-5.94816,37.96455],[-5.94483,37.96318],[-5.94183,37.9633],[-5.93882,37.96163],[-5.93908,37.9611],[-5.9419,37.95939],[-5.94405,37.95748],[-5.94517,37.95577],[-5.94488,37.95489],[-5.94407,37.95374],[-5.94207,37.95141],[-5.94064,37.9465],[-5.94151,37.94292],[-5.94091,37.93925],[-5.94147,37.93776],[-5.94175,37.93496],[-5.9416,37.93237],[-5.94254,37.92966],[-5.94246,37.92812],[-5.9418,37.92731],[-5.94011,37.92628],[-5.93708,37.92475],[-5.93436,37.92371],[-5.93405,37.9234],[-5.93254,37.91798],[-5.93265,37.91548],[-5.93298,37.91507],[-5.93432,37.91456],[-5.93546,37.91456],[-5.93654,37.91488],[-5.93821,37.9163],[-5.93944,37.91699],[-5.94229,37.91692],[-5.943,37.91649],[-5.94315,37.9159],[-5.94244,37.91323],[-5.94265,37.91225],[-5.94408,37.91184],[-5.94729,37.91165],[-5.94905,37.91126],[-5.95033,37.91071],[-5.95237,37.90921],[-5.95323,37.90806],[-5.95468,37.90689],[-5.95658,37.90231],[-5.95501,37.89613],[-5.95437,37.89237],[-5.95456,37.89204],[-5.95884,37.89185],[-5.96009,37.89156],[-5.96142,37.89082],[-5.96235,37.88983],[-5.96229,37.88912],[-5.96061,37.88683],[-5.96035,37.88562],[-5.96098,37.88325],[-5.96281,37.87956],[-5.96288,37.87893],[-5.96266,37.87867],[-5.95988,37.87829],[-5.9586,37.87779],[-5.95711,37.87589],[-5.95608,37.87542],[-5.95492,37.87429],[-5.95363,37.87364],[-5.94529,37.87092],[-5.94225,37.871],[-5.94045,37.87037],[-5.93854,37.86914],[-5.93915,37.86692],[-5.93894,37.86643],[-5.93781,37.86598],[-5.9334,37.86514],[-5.93027,37.86313],[-5.92833,37.86157],[-5.92944,37.86059],[-5.93254,37.85855],[-5.9334,37.8573],[-5.93623,37.85521],[-5.93835,37.85282],[-5.9425,37.8491],[-5.9429,37.84841],[-5.93752,37.84669],[-5.93578,37.84582],[-5.93507,37.84488],[-5.9344,37.84215],[-5.93324,37.84051],[-5.9319,37.84042],[-5.92975,37.84085],[-5.92762,37.84002],[-5.92577,37.8397],[-5.92494,37.83921],[-5.92427,37.838],[-5.92401,37.83504],[-5.92305,37.83231],[-5.92264,37.82897],[-5.92228,37.8282],[-5.91962,37.82564],[-5.91858,37.82394],[-5.91661,37.82513],[-5.91554,37.82551],[-5.91342,37.82594],[-5.91182,37.82573],[-5.91046,37.8253],[-5.90936,37.82459],[-5.90902,37.82379],[-5.90917,37.8218],[-5.90879,37.82104],[-5.9054,37.82034],[-5.9056,37.82339],[-5.90544,37.82396],[-5.90432,37.82413],[-5.90203,37.82393],[-5.90125,37.82399],[-5.90092,37.82428],[-5.90142,37.82691],[-5.90083,37.828],[-5.89521,37.83155],[-5.89379,37.83058],[-5.89021,37.83249],[-5.88761,37.83421],[-5.88758,37.83761],[-5.88803,37.84117],[-5.88766,37.84172],[-5.88312,37.84337],[-5.88023,37.83991],[-5.87626,37.84164],[-5.87881,37.84415],[-5.87874,37.84551],[-5.87742,37.84536],[-5.87707,37.84571],[-5.87533,37.84897],[-5.87763,37.85259],[-5.87496,37.85279],[-5.86852,37.85782],[-5.8693,37.85846],[-5.86972,37.85907],[-5.86978,37.85961],[-5.86959,37.86072],[-5.86813,37.86165],[-5.86813,37.86192],[-5.86915,37.86282],[-5.86983,37.86421],[-5.8691,37.86595],[-5.86825,37.866],[-5.86733,37.86688],[-5.86592,37.86699],[-5.8646,37.86813],[-5.86324,37.86857],[-5.86238,37.86664],[-5.86121,37.86662],[-5.86105,37.86707],[-5.86147,37.86792],[-5.8613,37.86899],[-5.86243,37.87005],[-5.86272,37.87071],[-5.86204,37.87118],[-5.85982,37.87158],[-5.8581,37.87097],[-5.85675,37.87219],[-5.8562,37.87331],[-5.85691,37.87392],[-5.85616,37.87579],[-5.85433,37.8749],[-5.85201,37.87423],[-5.85072,37.87442],[-5.84894,37.87507],[-5.84823,37.87343],[-5.84676,37.87241],[-5.84499,37.8705],[-5.84219,37.86863],[-5.83899,37.86704],[-5.83784,37.86575],[-5.83719,37.86568],[-5.83304,37.86684],[-5.83091,37.86702],[-5.82825,37.87117],[-5.82583,37.87318],[-5.82458,37.87459],[-5.82034,37.88078],[-5.81941,37.88186],[-5.81742,37.88288],[-5.81571,37.88272],[-5.81357,37.88113],[-5.81049,37.87979],[-5.80542,37.88003],[-5.803,37.87952],[-5.80209,37.87963],[-5.79913,37.88181],[-5.79619,37.88294],[-5.79475,37.88311],[-5.79489,37.88159],[-5.7943,37.88091],[-5.79087,37.88003],[-5.79022,37.8803],[-5.7895,37.88132],[-5.78801,37.88229],[-5.78457,37.88247],[-5.78187,37.88309],[-5.78006,37.88312],[-5.77871,37.8825],[-5.77848,37.88184],[-5.77965,37.87921],[-5.77943,37.87868],[-5.7779,37.87822],[-5.77457,37.87613],[-5.77131,37.87538],[-5.76992,37.87427],[-5.76901,37.87242],[-5.76848,37.87185],[-5.76608,37.87133],[-5.76266,37.86898],[-5.76109,37.86808],[-5.75793,37.86694],[-5.75565,37.86529],[-5.75177,37.86573],[-5.74909,37.86538],[-5.7469,37.86634],[-5.74465,37.86638],[-5.7427,37.86571],[-5.74192,37.8649],[-5.74175,37.86436],[-5.74219,37.86263],[-5.74177,37.86171],[-5.74114,37.86158],[-5.74107,37.86113],[-5.74036,37.86041],[-5.73992,37.8604],[-5.73928,37.86139],[-5.73877,37.86112],[-5.73762,37.85965],[-5.73567,37.86101],[-5.73198,37.86156],[-5.7308,37.8622],[-5.72959,37.8638],[-5.72758,37.8645],[-5.72723,37.86525],[-5.72733,37.86585],[-5.72808,37.86717],[-5.73037,37.86966],[-5.73078,37.87235],[-5.73063,37.87535],[-5.72877,37.87896],[-5.72918,37.88097],[-5.7275,37.88461],[-5.72733,37.88559],[-5.72832,37.88707],[-5.72901,37.88748],[-5.73448,37.88842],[-5.7359,37.89037],[-5.73742,37.89139],[-5.73797,37.89206],[-5.73753,37.89353],[-5.73627,37.89548],[-5.73601,37.89673],[-5.73525,37.89723],[-5.73364,37.89773],[-5.73191,37.89931],[-5.72977,37.90082],[-5.72743,37.90102],[-5.72615,37.90039],[-5.72496,37.9008],[-5.72435,37.90126],[-5.72383,37.90224],[-5.72422,37.90562],[-5.72282,37.909],[-5.72087,37.91029],[-5.71977,37.91147],[-5.718,37.91252],[-5.71683,37.91381],[-5.71562,37.9161],[-5.71511,37.91824],[-5.7148,37.92197],[-5.71576,37.92417],[-5.71566,37.92502],[-5.71419,37.92659],[-5.71174,37.92753],[-5.70845,37.93129],[-5.70679,37.93201],[-5.70437,37.93228],[-5.69836,37.93463],[-5.69701,37.93469],[-5.69551,37.93421],[-5.6919,37.93643],[-5.68848,37.93792],[-5.6854,37.93891],[-5.68423,37.93908],[-5.67948,37.93894],[-5.67809,37.93853],[-5.67677,37.93751],[-5.67618,37.93777],[-5.67558,37.93926],[-5.67565,37.94092],[-5.67619,37.94183],[-5.67731,37.94277],[-5.67744,37.94757],[-5.6778,37.94806],[-5.68011,37.9496],[-5.68033,37.95046],[-5.67966,37.95186],[-5.68442,37.9545],[-5.69272,37.96131],[-5.69552,37.96396],[-5.69719,37.96517],[-5.70091,37.96723],[-5.71062,37.97197],[-5.7143,37.9734],[-5.72223,37.97741],[-5.72423,37.97786],[-5.72876,37.97801],[-5.733,37.97999],[-5.73646,37.98165],[-5.74951,37.98922],[-5.75459,37.99168],[-5.75965,37.99545],[-5.76348,37.99631],[-5.76746,37.99805],[-5.7686,37.99798],[-5.77361,37.99941],[-5.77449,37.99928],[-5.77541,37.99839],[-5.77695,37.99802],[-5.77859,37.99922],[-5.78193,37.99949],[-5.78253,38.00016],[-5.78247,38.00182],[-5.78313,38.00278],[-5.78396,38.00342],[-5.78602,38.00276],[-5.78748,38.0034],[-5.78792,38.00389],[-5.78822,38.00482],[-5.78831,38.00799],[-5.78866,38.00846],[-5.79237,38.0097],[-5.79668,38.01042],[-5.79798,38.0118],[-5.7994,38.01285],[-5.80039,38.01289],[-5.8013,38.01403],[-5.80204,38.01446],[-5.80363,38.01484],[-5.80416,38.01528],[-5.80406,38.0169],[-5.80438,38.01742],[-5.80616,38.01945],[-5.80769,38.0203],[-5.80838,38.02188],[-5.80892,38.02225],[-5.81663,38.02405],[-5.81992,38.02428],[-5.82635,38.0269],[-5.83091,38.02909],[-5.83197,38.0293],[-5.83429,38.03084],[-5.84249,38.03197],[-5.85432,38.03545],[-5.85587,38.0367],[-5.85676,38.03692],[-5.85764,38.03675],[-5.85968,38.03531],[-5.862,38.03455],[-5.86845,38.03636],[-5.87309,38.03639],[-5.87358,38.0365]]]}},{"type":"Feature","properties":{"COD_POSTAL":"41092"},"geometry":{"type":"Polygon","coordinates":[[[-5.99781,37.42017],[-6.00001,37.41979],[-6.00283,37.41784],[-6.00517,37.41675],[-6.00678,37.41632],[-6.01231,37.41578],[-6.01311,37.41467],[-6.0124,37.41407],[-6.01375,37.41018],[-6.01504,37.40764],[-6.01563,37.40526],[-6.01544,37.40275],[-6.01568,37.40079],[-6.01809,37.39983],[-6.0192,37.39695],[-6.021,37.39577],[-6.02382,37.39337],[-6.02471,37.39222],[-6.02482,37.39013],[-6.02025,37.38938],[-6.0148,37.38965],[-6.01432,37.39001],[-6.00528,37.3905],[-6.00516,37.39299],[-6.00413,37.3931],[-6.00378,37.39445],[-6.00059,37.39892],[-5.99632,37.40325],[-5.9956,37.40449],[-5.99281,37.40765],[-5.98904,37.41278],[-5.98916,37.41312],[-5.99297,37.41293],[-5.99939,37.41337],[-5.99991,37.41626],[-5.99908,37.41921],[-5.99681,37.41928],[-5.99645,37.42014],[-5.99781,37.42017]]]}},{"type":"Feature","properties":{"COD_POSTAL":"41710"},"geometry":{"type":"Polygon","coordinates":[[[-5.77518,37.25031],[-5.77694,37.25125],[-5.77748,37.25191],[-5.77877,37.25207],[-5.78259,37.25393],[-5.78248,37.25322],[-5.78301,37.25093],[-5.7866,37.24843],[-5.7871,37.24701],[-5.78806,37.24569],[-5.79132,37.24488],[-5.79184,37.24369],[-5.79303,37.24273],[-5.7945,37.24218],[-5.79735,37.24033],[-5.80224,37.23875],[-5.80315,37.23815],[-5.80348,37.23764],[-5.80843,37.23755],[-5.81064,37.23593],[-5.81221,37.23527],[-5.81276,37.23459],[-5.81379,37.23409],[-5.81588,37.23379],[-5.82211,37.23419],[-5.82242,37.23416],[-5.82359,37.23308],[-5.82531,37.23531],[-5.82699,37.23683],[-5.83084,37.23546],[-5.83106,37.23605],[-5.83158,37.23566],[-5.83328,37.23508],[-5.8328,37.23641],[-5.83353,37.2363],[-5.83369,37.23811],[-5.83449,37.23834],[-5.83535,37.23798],[-5.83653,37.23819],[-5.83732,37.23692],[-5.83783,37.23506],[-5.83885,37.23507],[-5.83908,37.23525],[-5.83876,37.23724],[-5.83947,37.23975],[-5.84079,37.24109],[-5.84001,37.2428],[-5.84236,37.24408],[-5.84758,37.24027],[-5.84816,37.23946],[-5.84724,37.2385],[-5.84751,37.23667],[-5.84607,37.23521],[-5.84525,37.23496],[-5.84496,37.23453],[-5.84583,37.23335],[-5.84619,37.23198],[-5.84605,37.2299],[-5.84776,37.22733],[-5.85045,37.22588],[-5.8526,37.22499],[-5.8533,37.22488],[-5.85433,37.22522],[-5.85539,37.2251],[-5.86138,37.22386],[-5.86313,37.2237],[-5.86597,37.22395],[-5.87061,37.22294],[-5.87196,37.22326],[-5.87657,37.22272],[-5.8822,37.21929],[-5.88328,37.21885],[-5.8849,37.21886],[-5.88619,37.21846],[-5.88753,37.21688],[-5.88953,37.21672],[-5.89397,37.21442],[-5.89754,37.2136],[-5.89856,37.21302],[-5.90066,37.21039],[-5.90242,37.20934],[-5.90331,37.20977],[-5.90596,37.2095],[-5.90571,37.21242],[-5.90634,37.21343],[-5.90811,37.21427],[-5.90841,37.21338],[-5.90808,37.2126],[-5.90846,37.21012],[-5.90816,37.20868],[-5.90727,37.20747],[-5.90575,37.20628],[-5.90401,37.2035],[-5.89851,37.20092],[-5.89208,37.19736],[-5.89039,37.19497],[-5.884,37.19281],[-5.88295,37.19282],[-5.88053,37.19163],[-5.87863,37.1897],[-5.87819,37.1881],[-5.87839,37.18686],[-5.87748,37.18396],[-5.87701,37.18117],[-5.8772,37.17943],[-5.87775,37.17787],[-5.87765,37.17624],[-5.87723,37.1748],[-5.87606,37.17232],[-5.87446,37.16975],[-5.85992,37.15518],[-5.85726,37.15289],[-5.85434,37.15093],[-5.84704,37.14392],[-5.84382,37.14227],[-5.84272,37.1414],[-5.84221,37.14057],[-5.84236,37.13961],[-5.84465,37.1354],[-5.84747,37.13103],[-5.84874,37.12985],[-5.8526,37.12717],[-5.85732,37.12303],[-5.8615,37.11854],[-5.86009,37.11575],[-5.86083,37.11543],[-5.86039,37.11519],[-5.85297,37.09786],[-5.84699,37.07835],[-5.8528,37.06379],[-5.87131,37.04839],[-5.8755,37.02941],[-5.87343,37.02848],[-5.86958,37.02579],[-5.86685,37.02111],[-5.86246,37.01662],[-5.86167,37.01552],[-5.85826,37.00929],[-5.85314,37.00208],[-5.84795,36.997],[-5.84751,36.995],[-5.84676,36.99381],[-5.84573,36.99292],[-5.84529,36.99222],[-5.84454,36.9922],[-5.84411,36.99169],[-5.84311,36.99175],[-5.84216,36.99148],[-5.8399,36.98901],[-5.83639,36.98746],[-5.8322,36.98688],[-5.83044,36.98715],[-5.82736,36.98559],[-5.82737,36.98269],[-5.8272,36.98227],[-5.82569,36.98131],[-5.82649,36.97965],[-5.82626,36.97818],[-5.82532,36.97726],[-5.82337,36.97633],[-5.82229,36.97481],[-5.81893,36.97212],[-5.81705,36.96889],[-5.8155,36.96748],[-5.81533,36.96649],[-5.81583,36.96355],[-5.81465,36.96146],[-5.81255,36.95672],[-5.81191,36.95587],[-5.80963,36.95416],[-5.80777,36.95196],[-5.80902,36.94888],[-5.81382,36.9475],[-5.81634,36.94632],[-5.82075,36.94387],[-5.82401,36.94247],[-5.82818,36.93964],[-5.82959,36.93963],[-5.83402,36.93845],[-5.83487,36.93757],[-5.83499,36.9371],[-5.83484,36.93466],[-5.8341,36.93348],[-5.8354,36.92934],[-5.8373,36.92753],[-5.83891,36.92653],[-5.83963,36.92532],[-5.83959,36.92497],[-5.83903,36.92419],[-5.83765,36.92452],[-5.83691,36.92421],[-5.83672,36.92332],[-5.83556,36.92248],[-5.8322,36.91891],[-5.83179,36.91565],[-5.82889,36.91579],[-5.82805,36.91606],[-5.82343,36.91847],[-5.82041,36.91932],[-5.81331,36.92256],[-5.80639,36.92515],[-5.80394,36.92552],[-5.80162,36.92486],[-5.79822,36.92435],[-5.79366,36.92564],[-5.78695,36.92585],[-5.78345,36.92478],[-5.77411,36.92425],[-5.77237,36.92456],[-5.77001,36.92567],[-5.763,36.92572],[-5.76034,36.92489],[-5.75913,36.92473],[-5.75688,36.9249],[-5.7547,36.92454],[-5.75119,36.92349],[-5.74778,36.92293],[-5.74402,36.92294],[-5.74195,36.92195],[-5.74037,36.92069],[-5.73878,36.92022],[-5.73631,36.91822],[-5.73293,36.91975],[-5.7304,36.92046],[-5.7293,36.92117],[-5.72713,36.9215],[-5.72586,36.92153],[-5.71701,36.91952],[-5.71578,36.92039],[-5.71377,36.92039],[-5.70874,36.9225],[-5.70584,36.9246],[-5.70449,36.92527],[-5.7032,36.9256],[-5.70277,36.92797],[-5.69618,36.93528],[-5.69598,36.93788],[-5.69368,36.94577],[-5.6937,36.94909],[-5.69445,36.95034],[-5.69556,36.95314],[-5.69461,36.95678],[-5.6902,36.96091],[-5.68682,36.9625],[-5.6858,36.96226],[-5.68181,36.96555],[-5.67938,36.96844],[-5.67714,36.96997],[-5.67455,36.97048],[-5.67315,36.97118],[-5.67141,36.97261],[-5.66852,36.97566],[-5.66757,36.97599],[-5.66612,36.97574],[-5.6584,36.96717],[-5.65292,36.96],[-5.64966,36.95432],[-5.64691,36.95398],[-5.64537,36.95353],[-5.64173,36.95194],[-5.63882,36.95168],[-5.63283,36.9506],[-5.6306,36.95168],[-5.62614,36.95444],[-5.62535,36.95218],[-5.62293,36.94941],[-5.61925,36.9417],[-5.61854,36.94049],[-5.61809,36.94016],[-5.6173,36.94033],[-5.61549,36.94225],[-5.61486,36.94255],[-5.61221,36.94204],[-5.61263,36.94156],[-5.6124,36.94123],[-5.61025,36.94142],[-5.60868,36.94357],[-5.60735,36.9447],[-5.60729,36.94507],[-5.60779,36.94606],[-5.60691,36.94781],[-5.60707,36.94972],[-5.60628,36.95079],[-5.60589,36.95085],[-5.60194,36.94909],[-5.60115,36.94833],[-5.59965,36.94799],[-5.59823,36.94658],[-5.59492,36.94467],[-5.59404,36.94457],[-5.59318,36.9448],[-5.58998,36.94652],[-5.58815,36.94689],[-5.59142,36.95219],[-5.5941,36.95738],[-5.59496,36.9603],[-5.59605,36.96065],[-5.59695,36.96461],[-5.6008,36.96523],[-5.60177,36.96566],[-5.61124,36.97196],[-5.61357,36.97487],[-5.61374,36.97585],[-5.61242,36.9815],[-5.60852,36.98431],[-5.61231,36.9871],[-5.61481,36.98937],[-5.61877,36.99095],[-5.62012,36.99208],[-5.62462,36.99717],[-5.62788,37.00016],[-5.62941,37.00102],[-5.63071,37.00214],[-5.63606,37.00852],[-5.63813,37.0118],[-5.64035,37.01447],[-5.64377,37.01789],[-5.64685,37.02036],[-5.64919,37.0232],[-5.65679,37.03006],[-5.66439,37.03474],[-5.66547,37.0356],[-5.66806,37.03914],[-5.67117,37.04042],[-5.67313,37.04055],[-5.67392,37.04082],[-5.67448,37.04131],[-5.67578,37.04411],[-5.67657,37.04525],[-5.67892,37.04754],[-5.67806,37.05026],[-5.67884,37.05114],[-5.67836,37.05256],[-5.67837,37.05335],[-5.67791,37.05364],[-5.67729,37.05549],[-5.67764,37.0565],[-5.67825,37.06158],[-5.6791,37.06288],[-5.67925,37.06371],[-5.67918,37.06594],[-5.6779,37.06998],[-5.67831,37.07128],[-5.67852,37.07962],[-5.67701,37.08003],[-5.67537,37.08116],[-5.67168,37.0855],[-5.67136,37.0863],[-5.67119,37.0879],[-5.67196,37.09044],[-5.67157,37.09164],[-5.66969,37.09344],[-5.66368,37.10446],[-5.66189,37.1046],[-5.65995,37.1037],[-5.65834,37.1036],[-5.65512,37.11198],[-5.65365,37.11273],[-5.65102,37.11221],[-5.64728,37.11194],[-5.64348,37.11136],[-5.64079,37.11062],[-5.637,37.11121],[-5.63403,37.11138],[-5.62519,37.11079],[-5.61858,37.10977],[-5.61653,37.109],[-5.61239,37.10868],[-5.61239,37.11156],[-5.61268,37.11422],[-5.61384,37.11858],[-5.61541,37.12226],[-5.61811,37.12686],[-5.61852,37.12747],[-5.62553,37.12938],[-5.63392,37.13252],[-5.63732,37.13334],[-5.64222,37.13404],[-5.6526,37.13495],[-5.6547,37.13558],[-5.65627,37.1366],[-5.65746,37.13829],[-5.65783,37.1393],[-5.66782,37.1446],[-5.66948,37.14588],[-5.67278,37.14774],[-5.67382,37.14863],[-5.67914,37.14638],[-5.68266,37.14672],[-5.68488,37.1472],[-5.68793,37.14682],[-5.68917,37.14654],[-5.69241,37.14466],[-5.69361,37.14421],[-5.6975,37.14374],[-5.69929,37.14427],[-5.70504,37.14477],[-5.70896,37.14364],[-5.71047,37.14244],[-5.71199,37.14076],[-5.71513,37.14064],[-5.7159,37.1404],[-5.71699,37.13959],[-5.71849,37.13935],[-5.71946,37.13878],[-5.7214,37.13824],[-5.72594,37.1413],[-5.72863,37.14249],[-5.73155,37.14415],[-5.73894,37.1498],[-5.74218,37.15168],[-5.74906,37.15669],[-5.75452,37.16013],[-5.75142,37.16106],[-5.74983,37.16044],[-5.74882,37.16149],[-5.74897,37.16278],[-5.7455,37.16616],[-5.74613,37.16738],[-5.74471,37.1674],[-5.74364,37.16776],[-5.74264,37.16869],[-5.74137,37.16932],[-5.73881,37.16832],[-5.73862,37.16755],[-5.73622,37.16755],[-5.73349,37.16912],[-5.73116,37.17091],[-5.73077,37.17033],[-5.72975,37.17083],[-5.72934,37.17148],[-5.72826,37.17159],[-5.72821,37.17182],[-5.72757,37.17201],[-5.72674,37.17146],[-5.72615,37.17137],[-5.72599,37.17148],[-5.72636,37.17384],[-5.72584,37.17413],[-5.72497,37.17324],[-5.72437,37.17368],[-5.72263,37.1736],[-5.72141,37.17403],[-5.71336,37.1777],[-5.7076,37.17993],[-5.70193,37.1826],[-5.69421,37.18564],[-5.69207,37.18668],[-5.69229,37.18793],[-5.69278,37.18859],[-5.69691,37.19103],[-5.70059,37.19185],[-5.70314,37.19206],[-5.70611,37.19347],[-5.70863,37.19425],[-5.71333,37.19449],[-5.71717,37.1972],[-5.72244,37.20004],[-5.7252,37.20267],[-5.72718,37.20398],[-5.72761,37.20463],[-5.72771,37.20535],[-5.72609,37.2106],[-5.72546,37.21219],[-5.72302,37.21657],[-5.72078,37.22154],[-5.72038,37.22335],[-5.72075,37.2251],[-5.7221,37.22713],[-5.73086,37.23407],[-5.73473,37.23667],[-5.73804,37.2369],[-5.75459,37.23178],[-5.75569,37.23382],[-5.76107,37.24181],[-5.75913,37.24726],[-5.75927,37.2481],[-5.76072,37.25037],[-5.76142,37.25074],[-5.76297,37.25083],[-5.76353,37.24996],[-5.76466,37.24977],[-5.76546,37.25038],[-5.76666,37.24978],[-5.76762,37.25044],[-5.769,37.24999],[-5.76994,37.25041],[-5.77096,37.24957],[-5.77188,37.24981],[-5.77338,37.2495],[-5.77471,37.2501],[-5.77518,37.25031]],[[-5.80534,37.08109],[-5.80342,37.08238],[-5.80136,37.08497],[-5.80136,37.08708],[-5.799,37.08885],[-5.79649,37.09014],[-5.79443,37.09344],[-5.79221,37.09191],[-5.7903,37.08991],[-5.7903,37.08897],[-5.78691,37.08579],[-5.78573,37.08379],[-5.78411,37.08391],[-5.7847,37.08226],[-5.78602,37.08179],[-5.7844,37.07544],[-5.78322,37.0752],[-5.77659,37.07779],[-5.7673,37.06956],[-5.76302,37.06756],[-5.76155,37.06521],[-5.75963,37.06485],[-5.75948,37.06368],[-5.75875,37.06191],[-5.75373,37.06321],[-5.74857,37.06415],[-5.74607,37.05897],[-5.75079,37.0565],[-5.74975,37.05415],[-5.75211,37.05509],[-5.75636,37.05969],[-5.7583,37.06097],[-5.7617,37.06073],[-5.7617,37.05932],[-5.75993,37.05779],[-5.75993,37.05579],[-5.75683,37.05473],[-5.7583,37.05403],[-5.76052,37.05415],[-5.76317,37.05556],[-5.76361,37.05556],[-5.76243,37.05426],[-5.76435,37.05356],[-5.76405,37.05144],[-5.76317,37.05109],[-5.75683,37.05144],[-5.75698,37.05038],[-5.75167,37.04803],[-5.74769,37.05062],[-5.74784,37.05273],[-5.74739,37.05403],[-5.74533,37.05697],[-5.74533,37.05768],[-5.74312,37.05873],[-5.744,37.0605],[-5.74135,37.05968],[-5.74047,37.05909],[-5.744,37.05638],[-5.74386,37.05462],[-5.74518,37.05403],[-5.74577,37.05238],[-5.74504,37.0512],[-5.74474,37.05015],[-5.74533,37.04909],[-5.74946,37.04614],[-5.75182,37.04332],[-5.75418,37.04273],[-5.7555,37.03861],[-5.75727,37.03779],[-5.75727,37.03591],[-5.75801,37.03438],[-5.76509,37.03379],[-5.76332,37.02484],[-5.76479,37.02508],[-5.76863,37.02378],[-5.77069,37.02496],[-5.77423,37.03343],[-5.77423,37.03402],[-5.77526,37.03367],[-5.77644,37.03226],[-5.78868,37.02943],[-5.78882,37.02778],[-5.78248,37.01637],[-5.78307,37.01542],[-5.78396,37.01613],[-5.7844,37.01801],[-5.78927,37.02025],[-5.79059,37.01931],[-5.7959,37.02225],[-5.80548,37.02319],[-5.80799,37.0252],[-5.81079,37.0259],[-5.81433,37.0279],[-5.81684,37.0279],[-5.81772,37.02861],[-5.81934,37.0292],[-5.82038,37.02814],[-5.82126,37.02896],[-5.822,37.03226],[-5.82421,37.03532],[-5.82362,37.03614],[-5.82477,37.04107],[-5.82911,37.03845],[-5.83279,37.03778],[-5.83814,37.03722],[-5.83909,37.04746],[-5.83897,37.05543],[-5.8398,37.06131],[-5.81819,37.06308],[-5.81345,37.06509],[-5.81138,37.06532],[-5.81138,37.06673],[-5.81934,37.0685],[-5.8336,37.07639],[-5.82802,37.07896],[-5.82789,37.07873],[-5.82214,37.08026],[-5.82067,37.07791],[-5.81669,37.0765],[-5.81669,37.07826],[-5.81639,37.07862],[-5.81389,37.07497],[-5.81005,37.0765],[-5.8102,37.0785],[-5.80696,37.08038],[-5.80534,37.08109]]]}},{"type":"Feature","properties":{"COD_POSTAL":"41808"},"geometry":{"type":"Polygon","coordinates":[[[-6.15041,37.40787],[-6.15194,37.40772],[-6.1529,37.40664],[-6.155,37.40506],[-6.15787,37.40344],[-6.16035,37.40331],[-6.16241,37.40375],[-6.16607,37.40395],[-6.16834,37.40377],[-6.16834,37.40253],[-6.16981,37.39732],[-6.17009,37.39475],[-6.17049,37.39339],[-6.16729,37.39315],[-6.16303,37.39363],[-6.16153,37.39354],[-6.15885,37.39302],[-6.15681,37.39232],[-6.15287,37.3924],[-6.15053,37.39124],[-6.14784,37.39096],[-6.1471,37.39032],[-6.14692,37.39074],[-6.14646,37.3909],[-6.14628,37.39154],[-6.14352,37.39147],[-6.13602,37.39304],[-6.13419,37.39299],[-6.13486,37.3947],[-6.1349,37.39616],[-6.1358,37.39623],[-6.13621,37.39663],[-6.13587,37.39716],[-6.13531,37.39724],[-6.13451,37.39852],[-6.13389,37.39897],[-6.13327,37.39923],[-6.132,37.39918],[-6.13237,37.39996],[-6.13202,37.4012],[-6.13279,37.40327],[-6.13292,37.40492],[-6.13484,37.40509],[-6.13521,37.40563],[-6.13932,37.40673],[-6.14042,37.40744],[-6.14201,37.40801],[-6.14332,37.40814],[-6.14357,37.40881],[-6.14381,37.40887],[-6.14467,37.4086],[-6.14538,37.40893],[-6.14567,37.40848],[-6.14699,37.40865],[-6.14962,37.40811],[-6.15041,37.40787]]]}},{"type":"Feature","properties":{"COD_POSTAL":"41630"},"geometry":{"type":"Polygon","coordinates":[[[-5.20739,37.37511],[-5.20782,37.37647],[-5.20792,37.38453],[-5.2084,37.38722],[-5.21533,37.38315],[-5.23804,37.37645],[-5.24188,37.37514],[-5.24497,37.37454],[-5.24794,37.37461],[-5.25247,37.36512],[-5.25625,37.35593],[-5.25271,37.35534],[-5.24957,37.35537],[-5.24255,37.35635],[-5.24307,37.35566],[-5.24251,37.35538],[-5.24229,37.3542],[-5.24036,37.35323],[-5.23466,37.34722],[-5.23381,37.34574],[-5.23326,37.34403],[-5.23248,37.34612],[-5.22963,37.3464],[-5.22836,37.34642],[-5.22641,37.34436],[-5.22217,37.34372],[-5.21999,37.34473],[-5.21874,37.34503],[-5.21661,37.34414],[-5.21444,37.34507],[-5.21108,37.33949],[-5.20485,37.34216],[-5.20447,37.34238],[-5.20489,37.34291],[-5.20477,37.34323],[-5.20422,37.34352],[-5.20352,37.34355],[-5.2031,37.34248],[-5.20309,37.34176],[-5.20205,37.34197],[-5.20148,37.34064],[-5.19894,37.34193],[-5.19706,37.3426],[-5.18691,37.3456],[-5.19773,37.36011],[-5.19509,37.36162],[-5.1947,37.36247],[-5.19572,37.36293],[-5.19629,37.3637],[-5.19636,37.36808],[-5.19748,37.36841],[-5.19922,37.36934],[-5.20109,37.37088],[-5.2024,37.3725],[-5.20597,37.374],[-5.20702,37.37471],[-5.20739,37.37511]]]}},{"type":"Feature","properties":{"COD_POSTAL":"41540"},"geometry":{"type":"Polygon","coordinates":[[[-5.32155,37.22582],[-5.32514,37.22467],[-5.32994,37.22262],[-5.33494,37.21937],[-5.33792,37.21775],[-5.3415,37.21544],[-5.34457,37.21302],[-5.34618,37.21156],[-5.34716,37.2101],[-5.34997,37.21],[-5.35218,37.20955],[-5.35203,37.20723],[-5.35127,37.20576],[-5.3526,37.20376],[-5.35174,37.20295],[-5.35114,37.20145],[-5.35168,37.19898],[-5.35101,37.19721],[-5.35098,37.19623],[-5.35259,37.19334],[-5.35437,37.19152],[-5.35836,37.19023],[-5.35901,37.1898],[-5.35813,37.18515],[-5.35812,37.18348],[-5.36065,37.18164],[-5.36121,37.18091],[-5.36019,37.17823],[-5.36039,37.1759],[-5.36023,37.17457],[-5.36082,37.17235],[-5.36073,37.17113],[-5.36133,37.16801],[-5.36101,37.1649],[-5.35996,37.16322],[-5.35815,37.16118],[-5.35789,37.16003],[-5.35732,37.15932],[-5.35556,37.15139],[-5.3545,37.14997],[-5.353,37.14872],[-5.35039,37.14458],[-5.3477,37.14197],[-5.34144,37.1387],[-5.33772,37.13626],[-5.33633,37.13581],[-5.33389,37.13443],[-5.33107,37.13353],[-5.32872,37.13228],[-5.32783,37.13143],[-5.32,37.12691],[-5.31805,37.12474],[-5.3163,37.1235],[-5.31465,37.12161],[-5.31235,37.11794],[-5.30848,37.11079],[-5.30423,37.10222],[-5.30254,37.10012],[-5.2988,37.09657],[-5.29364,37.09409],[-5.29242,37.09388],[-5.28905,37.09267],[-5.28682,37.09234],[-5.28326,37.09065],[-5.28152,37.09013],[-5.27893,37.08789],[-5.27681,37.08759],[-5.2752,37.08658],[-5.27281,37.08592],[-5.27065,37.0844],[-5.2688,37.08235],[-5.26689,37.08107],[-5.26647,37.07841],[-5.26301,37.07679],[-5.25674,37.07255],[-5.252,37.07006],[-5.24868,37.06796],[-5.24743,37.06736],[-5.24538,37.0671],[-5.24304,37.0657],[-5.23779,37.06346],[-5.23333,37.0627],[-5.23165,37.06177],[-5.22975,37.06151],[-5.22694,37.06065],[-5.22437,37.06053],[-5.22215,37.06227],[-5.21872,37.06666],[-5.21731,37.0702],[-5.21614,37.07067],[-5.2171,37.07363],[-5.21742,37.07587],[-5.21836,37.07841],[-5.21864,37.08055],[-5.21962,37.08319],[-5.21933,37.08507],[-5.22064,37.09073],[-5.21971,37.0951],[-5.21772,37.09751],[-5.21684,37.09891],[-5.21656,37.09995],[-5.21543,37.10087],[-5.21507,37.10193],[-5.21453,37.10246],[-5.21537,37.10353],[-5.21612,37.10515],[-5.2157,37.10706],[-5.2159,37.10776],[-5.21472,37.11271],[-5.21543,37.11427],[-5.21581,37.11464],[-5.217,37.11506],[-5.21724,37.11594],[-5.21699,37.11664],[-5.21537,37.11834],[-5.21526,37.11915],[-5.21631,37.12185],[-5.21637,37.12341],[-5.21616,37.12415],[-5.21419,37.12749],[-5.21466,37.1289],[-5.21538,37.12994],[-5.21573,37.13221],[-5.217,37.13396],[-5.21699,37.13446],[-5.21615,37.13531],[-5.21304,37.13712],[-5.21281,37.13764],[-5.21273,37.13961],[-5.21221,37.1404],[-5.2107,37.14163],[-5.2096,37.1422],[-5.20752,37.14256],[-5.20429,37.14356],[-5.20246,37.14438],[-5.20247,37.1478],[-5.20222,37.14933],[-5.20106,37.15135],[-5.19876,37.15381],[-5.19849,37.15467],[-5.19928,37.15758],[-5.20006,37.15801],[-5.2005,37.15879],[-5.20041,37.15954],[-5.20062,37.16014],[-5.20132,37.16048],[-5.20222,37.16198],[-5.20298,37.16224],[-5.20318,37.16267],[-5.20612,37.1646],[-5.20631,37.16495],[-5.20618,37.1662],[-5.20556,37.16782],[-5.20698,37.17283],[-5.20784,37.17396],[-5.20793,37.1748],[-5.2087,37.17595],[-5.20895,37.17685],[-5.21046,37.17774],[-5.21093,37.17869],[-5.2119,37.17962],[-5.2124,37.18066],[-5.21328,37.18136],[-5.21319,37.18317],[-5.2121,37.18473],[-5.21172,37.18721],[-5.2119,37.19133],[-5.21244,37.19276],[-5.21273,37.19466],[-5.21553,37.1994],[-5.2158,37.20137],[-5.21495,37.20291],[-5.2151,37.20402],[-5.21735,37.20625],[-5.2201,37.20825],[-5.22204,37.2088],[-5.22569,37.21051],[-5.22734,37.21177],[-5.2291,37.21203],[-5.23039,37.21344],[-5.23091,37.21368],[-5.23339,37.21429],[-5.23404,37.21485],[-5.23446,37.21659],[-5.23635,37.21678],[-5.23762,37.21769],[-5.23895,37.22096],[-5.2402,37.22285],[-5.24228,37.22423],[-5.2432,37.22548],[-5.24377,37.22849],[-5.24315,37.23172],[-5.24745,37.23837],[-5.2518,37.24208],[-5.25205,37.24268],[-5.2526,37.24517],[-5.2516,37.24641],[-5.25131,37.24794],[-5.25043,37.2495],[-5.25046,37.25053],[-5.25169,37.25244],[-5.25524,37.25516],[-5.25585,37.25619],[-5.25753,37.25677],[-5.25773,37.25721],[-5.25761,37.25869],[-5.25788,37.26047],[-5.25814,37.26093],[-5.25929,37.26167],[-5.25973,37.26228],[-5.26016,37.26368],[-5.26141,37.26496],[-5.26169,37.265],[-5.26852,37.25875],[-5.27736,37.25279],[-5.27922,37.25084],[-5.28192,37.2472],[-5.28745,37.24052],[-5.29198,37.23785],[-5.3028,37.23281],[-5.31451,37.22821],[-5.32155,37.22582]]]}},{"type":"Feature","properties":{"COD_POSTAL":"41599"},"geometry":{"type":"MultiPolygon","coordinates":[[[[-4.77298,37.26435],[-4.77478,37.26633],[-4.77602,37.26681],[-4.77865,37.26722],[-4.78128,37.26911],[-4.78141,37.26783],[-4.78192,37.26633],[-4.77217,37.25028],[-4.74456,37.21423],[-4.73193,37.18554],[-4.72316,37.1905],[-4.71355,37.19551],[-4.70861,37.1977],[-4.71209,37.20022],[-4.71363,37.2017],[-4.71209,37.20238],[-4.71248,37.20278],[-4.71363,37.20314],[-4.71362,37.20347],[-4.71133,37.20496],[-4.71109,37.20645],[-4.71127,37.20687],[-4.71824,37.20717],[-4.71973,37.2076],[-4.72073,37.20823],[-4.72134,37.20894],[-4.7216,37.21056],[-4.723,37.2102],[-4.72259,37.21171],[-4.7235,37.21214],[-4.72395,37.21172],[-4.72591,37.21155],[-4.7268,37.21109],[-4.72721,37.21111],[-4.72703,37.21299],[-4.72727,37.21373],[-4.73038,37.2197],[-4.73231,37.22615],[-4.73142,37.22721],[-4.73032,37.22942],[-4.72919,37.23094],[-4.72069,37.23803],[-4.71795,37.23989],[-4.72719,37.24141],[-4.7303,37.24217],[-4.73402,37.24383],[-4.73575,37.24483],[-4.73409,37.2492],[-4.73343,37.25003],[-4.73602,37.25083],[-4.74102,37.25308],[-4.74573,37.25412],[-4.74999,37.25784],[-4.75306,37.25916],[-4.75705,37.26145],[-4.75881,37.26163],[-4.76158,37.26269],[-4.76343,37.2631],[-4.76996,37.26328],[-4.77181,37.26434],[-4.77282,37.26426],[-4.77298,37.26435]]],[[[-4.67939,37.29064],[-4.6988,37.29797],[-4.71544,37.30061],[-4.7175,37.29728],[-4.72114,37.29474],[-4.72222,37.29023],[-4.71928,37.2873],[-4.7135,37.2837],[-4.71412,37.28261],[-4.71661,37.28033],[-4.7167,37.27996],[-4.71649,37.27969],[-4.71552,37.27932],[-4.71851,37.2718],[-4.72012,37.27167],[-4.72205,37.26822],[-4.72132,37.26821],[-4.72065,37.26616],[-4.72143,37.26515],[-4.7216,37.26132],[-4.72004,37.26023],[-4.71852,37.25747],[-4.71648,37.25477],[-4.71403,37.25284],[-4.71257,37.25393],[-4.70928,37.25512],[-4.70811,37.25532],[-4.70745,37.25498],[-4.69883,37.25681],[-4.69721,37.25618],[-4.69305,37.25325],[-4.69141,37.25302],[-4.69145,37.25242],[-4.69103,37.25185],[-4.68451,37.25226],[-4.68457,37.2529],[-4.68531,37.25289],[-4.68511,37.25424],[-4.68267,37.25441],[-4.68259,37.25634],[-4.67949,37.25641],[-4.67788,37.25705],[-4.6772,37.25779],[-4.67654,37.25808],[-4.67547,37.25784],[-4.67272,37.25537],[-4.67248,37.25493],[-4.67261,37.2544],[-4.67176,37.25397],[-4.67077,37.25286],[-4.67003,37.25258],[-4.66958,37.25307],[-4.66959,37.25348],[-4.67007,37.25403],[-4.66969,37.25552],[-4.66943,37.25569],[-4.66767,37.25533],[-4.66576,37.25369],[-4.6654,37.25365],[-4.66348,37.25522],[-4.6629,37.25696],[-4.66205,37.25768],[-4.65876,37.25774],[-4.65335,37.25583],[-4.65378,37.25649],[-4.6542,37.25908],[-4.6552,37.26214],[-4.65483,37.26567],[-4.65496,37.2686],[-4.65421,37.26983],[-4.654,37.27185],[-4.65431,37.27247],[-4.65571,37.27386],[-4.65693,37.27621],[-4.65782,37.27701],[-4.65895,37.27901],[-4.66132,37.28096],[-4.66212,37.28374],[-4.66577,37.28704],[-4.66631,37.28727],[-4.66678,37.28727],[-4.66839,37.28576],[-4.66884,37.28574],[-4.67158,37.28697],[-4.67526,37.2872],[-4.68017,37.28904],[-4.68109,37.29005],[-4.68094,37.2904],[-4.68047,37.29059],[-4.67939,37.29064]]]]}},{"type":"Feature","properties":{"COD_POSTAL":"41439"},"geometry":{"type":"Polygon","coordinates":[[[-5.17408,37.58342],[-5.17331,37.59267],[-5.17334,37.5952],[-5.17455,37.59821],[-5.1815,37.60684],[-5.18121,37.60907],[-5.18132,37.61052],[-5.18286,37.61411],[-5.18338,37.61436],[-5.1839,37.61415],[-5.18766,37.61157],[-5.18894,37.61161],[-5.191,37.61209],[-5.19241,37.61209],[-5.1958,37.60801],[-5.19891,37.6058],[-5.20132,37.60505],[-5.20492,37.60345],[-5.20752,37.60278],[-5.20986,37.60142],[-5.21117,37.60326],[-5.21232,37.60369],[-5.21481,37.60544],[-5.21651,37.60571],[-5.22119,37.60751],[-5.2315,37.60988],[-5.23514,37.614],[-5.23584,37.61758],[-5.23669,37.61976],[-5.23812,37.62121],[-5.2425,37.62454],[-5.24061,37.62793],[-5.2454,37.63536],[-5.24616,37.6418],[-5.25364,37.63605],[-5.26204,37.63175],[-5.26776,37.62935],[-5.27452,37.62528],[-5.26376,37.62404],[-5.25586,37.62508],[-5.25311,37.62511],[-5.2525,37.62195],[-5.25066,37.61635],[-5.24964,37.61208],[-5.24935,37.60987],[-5.24817,37.60577],[-5.2469,37.60538],[-5.24463,37.60551],[-5.24404,37.60499],[-5.24366,37.60096],[-5.24414,37.59322],[-5.2567,37.59416],[-5.25881,37.59368],[-5.2632,37.59372],[-5.26235,37.5902],[-5.26026,37.58675],[-5.25929,37.58388],[-5.25875,37.58143],[-5.2574,37.57906],[-5.25546,37.57386],[-5.24615,37.57377],[-5.24605,37.57308],[-5.2415,37.57281],[-5.24144,37.57129],[-5.23857,37.57165],[-5.23239,37.5713],[-5.23211,37.58121],[-5.23148,37.58661],[-5.22377,37.58608],[-5.21845,37.58737],[-5.2159,37.58713],[-5.21545,37.58735],[-5.21316,37.58723],[-5.21116,37.5876],[-5.20645,37.58635],[-5.20235,37.58592],[-5.19998,37.58498],[-5.1983,37.58471],[-5.19342,37.58273],[-5.19351,37.58184],[-5.18293,37.58041],[-5.18251,37.58111],[-5.18226,37.58093],[-5.18163,37.58187],[-5.17683,37.57866],[-5.17458,37.57745],[-5.17408,37.58342]]]}},{"type":"Feature","properties":{"COD_POSTAL":"41300"},"geometry":{"type":"Polygon","coordinates":[[[-5.99604,37.47512],[-5.99533,37.47452],[-5.99324,37.47346],[-5.98495,37.47153],[-5.98413,37.47106],[-5.98358,37.46923],[-5.98406,37.46776],[-5.98564,37.46537],[-5.98675,37.46422],[-5.98802,37.46354],[-5.99227,37.46268],[-5.99635,37.46315],[-5.99786,37.46306],[-6.00113,37.46168],[-6.00241,37.4609],[-6.00379,37.45963],[-6.00558,37.45742],[-6.00642,37.45527],[-6.00703,37.45273],[-6.00963,37.44784],[-6.01019,37.44322],[-6.00862,37.44299],[-6.004,37.44654],[-6.00049,37.44834],[-5.99862,37.44846],[-5.99374,37.44738],[-5.99201,37.44737],[-5.98982,37.44766],[-5.98713,37.44922],[-5.9852,37.44983],[-5.97998,37.44968],[-5.97698,37.45019],[-5.97001,37.45045],[-5.96465,37.45146],[-5.95008,37.45296],[-5.94275,37.45181],[-5.93616,37.44975],[-5.92992,37.4486],[-5.92638,37.44869],[-5.91813,37.448],[-5.91675,37.44757],[-5.9149,37.44648],[-5.90696,37.44438],[-5.90484,37.44313],[-5.90404,37.44211],[-5.89831,37.43689],[-5.89102,37.43117],[-5.88768,37.42804],[-5.88308,37.42143],[-5.87612,37.41503],[-5.87539,37.41391],[-5.87362,37.40971],[-5.87205,37.40703],[-5.86831,37.40367],[-5.86504,37.40171],[-5.85903,37.40005],[-5.85306,37.39981],[-5.85203,37.39863],[-5.8506,37.39777],[-5.84035,37.39543],[-5.83915,37.39547],[-5.83511,37.39656],[-5.83069,37.39707],[-5.82702,37.39696],[-5.82455,37.39795],[-5.82314,37.39764],[-5.81952,37.39812],[-5.81951,37.40358],[-5.81851,37.41901],[-5.8176,37.42339],[-5.81823,37.42542],[-5.81924,37.42743],[-5.82161,37.43563],[-5.82386,37.44197],[-5.82625,37.45456],[-5.87958,37.44671],[-5.88342,37.44079],[-5.90699,37.45425],[-5.90421,37.4613],[-5.89913,37.46469],[-5.89721,37.46537],[-5.88524,37.47124],[-5.88761,37.47812],[-5.88626,37.48795],[-5.88874,37.4972],[-5.88953,37.50149],[-5.88908,37.50477],[-5.90635,37.50985],[-5.92001,37.49777],[-5.93954,37.49743],[-5.94372,37.4963],[-5.9472,37.49067],[-5.95231,37.48407],[-5.95929,37.48548],[-5.96695,37.48606],[-5.97201,37.4814],[-5.97437,37.48095],[-5.97978,37.47885],[-5.9871,37.47849],[-5.99604,37.47512]]]}},{"type":"Feature","properties":{"COD_POSTAL":"41210"},"geometry":{"type":"Polygon","coordinates":[[[-6.09331,37.71858],[-6.09449,37.72049],[-6.09457,37.7218],[-6.09597,37.72264],[-6.09723,37.72276],[-6.09888,37.72135],[-6.10093,37.71698],[-6.10263,37.71487],[-6.10463,37.71333],[-6.10724,37.71287],[-6.10994,37.71361],[-6.1126,37.71608],[-6.11596,37.71692],[-6.1199,37.7172],[-6.12151,37.71717],[-6.12261,37.71688],[-6.12326,37.71658],[-6.12324,37.7161],[-6.12238,37.71467],[-6.12241,37.71424],[-6.12265,37.71391],[-6.12375,37.71375],[-6.12665,37.71448],[-6.1282,37.71586],[-6.12915,37.71599],[-6.12995,37.71663],[-6.13213,37.71754],[-6.13444,37.71819],[-6.13856,37.71813],[-6.14285,37.71903],[-6.14475,37.71972],[-6.14535,37.71913],[-6.1458,37.71906],[-6.14754,37.71972],[-6.15019,37.71975],[-6.15138,37.7193],[-6.15618,37.71654],[-6.15768,37.7152],[-6.16151,37.71261],[-6.1648,37.71149],[-6.16628,37.71059],[-6.17204,37.70991],[-6.1761,37.70872],[-6.17835,37.70894],[-6.18046,37.7096],[-6.18597,37.7093],[-6.18735,37.70803],[-6.18705,37.70671],[-6.1866,37.70615],[-6.18705,37.7049],[-6.18589,37.70359],[-6.18557,37.7006],[-6.18507,37.69899],[-6.18356,37.69756],[-6.1825,37.69713],[-6.18098,37.69689],[-6.18144,37.69392],[-6.18088,37.69201],[-6.18224,37.68773],[-6.18188,37.6862],[-6.14218,37.67591],[-6.06634,37.57815],[-6.10261,37.52985],[-6.10097,37.52843],[-6.09931,37.52503],[-6.09875,37.52462],[-6.097,37.52421],[-6.09618,37.52374],[-6.09568,37.52304],[-6.095,37.52102],[-6.0932,37.52069],[-6.09165,37.51891],[-6.09155,37.51804],[-6.0935,37.51666],[-6.09388,37.51612],[-6.0939,37.51559],[-6.09271,37.51239],[-6.09205,37.5122],[-6.09049,37.51244],[-6.08995,37.51224],[-6.08969,37.51184],[-6.09005,37.51071],[-6.09115,37.50926],[-6.09115,37.50889],[-6.08972,37.50785],[-6.0866,37.50642],[-6.08634,37.50557],[-6.08696,37.5043],[-6.08669,37.50347],[-6.08634,37.50321],[-6.08437,37.50279],[-6.08209,37.50105],[-6.082,37.50015],[-6.08129,37.49926],[-6.08118,37.49852],[-6.08174,37.49786],[-6.08153,37.49729],[-6.08072,37.49664],[-6.07926,37.49582],[-6.07823,37.49561],[-6.07728,37.49492],[-6.07641,37.4928],[-6.07549,37.49247],[-6.018,37.54547],[-6.01794,37.54661],[-6.01766,37.54707],[-6.01511,37.54953],[-6.01321,37.55255],[-6.0104,37.55778],[-6.01041,37.55837],[-6.01239,37.56103],[-6.01247,37.56201],[-6.00982,37.56767],[-6.00761,37.57125],[-6.00795,37.57241],[-6.00963,37.57519],[-6.01267,37.57813],[-6.01536,37.58177],[-6.01593,37.58338],[-6.01565,37.58495],[-6.01603,37.58646],[-6.01638,37.58739],[-6.01736,37.58857],[-6.01763,37.5897],[-6.01892,37.59062],[-6.01936,37.59154],[-6.02115,37.59291],[-6.02248,37.59634],[-6.02566,37.60059],[-6.02905,37.61361],[-6.02918,37.61474],[-6.02992,37.61622],[-6.03137,37.62115],[-6.03443,37.6275],[-6.03599,37.62927],[-6.04109,37.6336],[-6.04853,37.63566],[-6.05198,37.63611],[-6.05356,37.63684],[-6.05478,37.63794],[-6.05614,37.63969],[-6.05823,37.64351],[-6.05834,37.64454],[-6.05769,37.64673],[-6.05406,37.64991],[-6.05256,37.65193],[-6.05074,37.65295],[-6.04953,37.65302],[-6.04819,37.65347],[-6.04498,37.65566],[-6.04303,37.65512],[-6.04273,37.65564],[-6.04236,37.658],[-6.04111,37.66053],[-6.04051,37.66092],[-6.03825,37.66116],[-6.0379,37.66171],[-6.03887,37.66364],[-6.03796,37.6656],[-6.0379,37.66634],[-6.03933,37.67035],[-6.03896,37.67121],[-6.03671,37.67357],[-6.03697,37.67519],[-6.03742,37.6763],[-6.03792,37.67691],[-6.03923,37.67722],[-6.04496,37.67426],[-6.04617,37.674],[-6.04686,37.67412],[-6.04808,37.67507],[-6.0486,37.67645],[-6.04856,37.67819],[-6.04706,37.68215],[-6.04765,37.68626],[-6.04679,37.6879],[-6.04498,37.69001],[-6.04897,37.69407],[-6.05049,37.69711],[-6.05156,37.69725],[-6.05442,37.69647],[-6.05486,37.69653],[-6.05597,37.69933],[-6.05686,37.70061],[-6.06062,37.70113],[-6.06083,37.70147],[-6.06069,37.70359],[-6.0615,37.70547],[-6.06112,37.70758],[-6.06129,37.70874],[-6.06271,37.70981],[-6.06394,37.71021],[-6.06542,37.71029],[-6.0667,37.71022],[-6.06884,37.70952],[-6.07225,37.70931],[-6.07583,37.71002],[-6.07863,37.71021],[-6.08157,37.71333],[-6.08261,37.7153],[-6.08317,37.71588],[-6.08571,37.71731],[-6.08565,37.71764],[-6.08349,37.71963],[-6.08336,37.72004],[-6.08375,37.72199],[-6.08417,37.72231],[-6.085,37.72211],[-6.0888,37.7197],[-6.09092,37.71911],[-6.09202,37.71811],[-6.09288,37.71825],[-6.09331,37.71858]]]}},{"type":"Feature","properties":{"COD_POSTAL":"41400"},"geometry":{"type":"Polygon","coordinates":[[[-5.1865,37.52259],[-5.19499,37.52277],[-5.23062,37.52598],[-5.23326,37.526],[-5.24538,37.52323],[-5.24505,37.51812],[-5.25459,37.51798],[-5.25534,37.51803],[-5.25532,37.51846],[-5.25415,37.52011],[-5.25395,37.52215],[-5.25658,37.52276],[-5.25818,37.52372],[-5.26079,37.52594],[-5.264,37.52705],[-5.26615,37.52733],[-5.2876,37.52761],[-5.28848,37.52685],[-5.28954,37.52523],[-5.29049,37.52479],[-5.29073,37.52317],[-5.29129,37.52247],[-5.29157,37.52164],[-5.29009,37.51898],[-5.2892,37.51854],[-5.28759,37.51838],[-5.28745,37.51814],[-5.28717,37.51711],[-5.28737,37.51402],[-5.28633,37.51212],[-5.2858,37.50956],[-5.28654,37.50859],[-5.28784,37.50784],[-5.28999,37.50564],[-5.29057,37.50368],[-5.28985,37.50207],[-5.29294,37.49841],[-5.29313,37.49514],[-5.2929,37.4948],[-5.29131,37.49406],[-5.29097,37.49354],[-5.29071,37.4929],[-5.29057,37.49092],[-5.29196,37.48609],[-5.29624,37.47567],[-5.2971,37.47133],[-5.29701,37.47068],[-5.29636,37.4694],[-5.29596,37.46739],[-5.29575,37.46241],[-5.29512,37.46076],[-5.29388,37.45857],[-5.2961,37.45559],[-5.29581,37.45395],[-5.29648,37.45186],[-5.29486,37.44996],[-5.29459,37.44885],[-5.29468,37.44675],[-5.29526,37.44441],[-5.29633,37.44238],[-5.29013,37.43037],[-5.28663,37.42523],[-5.28188,37.41919],[-5.27643,37.41282],[-5.26764,37.40066],[-5.24794,37.37461],[-5.24497,37.37454],[-5.24188,37.37514],[-5.23804,37.37645],[-5.21533,37.38315],[-5.20799,37.38749],[-5.19255,37.39066],[-5.19033,37.39071],[-5.18768,37.39031],[-5.18538,37.39033],[-5.18425,37.39058],[-5.18187,37.39191],[-5.18094,37.3922],[-5.17794,37.39161],[-5.17304,37.39247],[-5.17076,37.39028],[-5.16867,37.38907],[-5.16754,37.38764],[-5.16295,37.38732],[-5.15386,37.38506],[-5.15043,37.38304],[-5.13457,37.38245],[-5.12943,37.38299],[-5.12334,37.3833],[-5.11915,37.38403],[-5.11725,37.40139],[-5.11186,37.41431],[-5.11222,37.42114],[-5.10827,37.43335],[-5.10863,37.44915],[-5.10468,37.45561],[-5.10504,37.46674],[-5.09822,37.47967],[-5.09333,37.49339],[-5.07211,37.48807],[-5.04889,37.49138],[-5.0218,37.5075],[-5.01231,37.52707],[-5.01553,37.52849],[-5.02285,37.53113],[-5.02958,37.53201],[-5.03454,37.53324],[-5.0514,37.5408],[-5.0735,37.55885],[-5.07634,37.55827],[-5.08324,37.55771],[-5.09166,37.55206],[-5.09359,37.55242],[-5.09779,37.55225],[-5.10799,37.54768],[-5.12425,37.53772],[-5.11865,37.53723],[-5.10201,37.52765],[-5.10524,37.52667],[-5.11551,37.52532],[-5.14916,37.52215],[-5.16057,37.51612],[-5.17084,37.51627],[-5.17084,37.52177],[-5.1865,37.52259]]]}},{"type":"Feature","properties":{"COD_POSTAL":"41510"},"geometry":{"type":"Polygon","coordinates":[[[-5.7716,37.30739],[-5.76477,37.30635],[-5.75828,37.30476],[-5.74906,37.3045],[-5.74592,37.304],[-5.74109,37.30245],[-5.73982,37.30173],[-5.73711,37.29957],[-5.73368,37.29813],[-5.72922,37.30076],[-5.72292,37.30492],[-5.71881,37.30623],[-5.71528,37.30709],[-5.71084,37.30677],[-5.70511,37.30683],[-5.70347,37.3066],[-5.70289,37.30932],[-5.69946,37.3214],[-5.69674,37.32525],[-5.69553,37.32751],[-5.68864,37.33079],[-5.68951,37.3334],[-5.67813,37.34433],[-5.67384,37.3469],[-5.67655,37.34846],[-5.67935,37.35055],[-5.68321,37.35261],[-5.69142,37.3599],[-5.68908,37.36156],[-5.6956,37.36065],[-5.70265,37.36337],[-5.71138,37.36883],[-5.71695,37.37293],[-5.72136,37.37575],[-5.72231,37.3768],[-5.72373,37.37759],[-5.72778,37.38184],[-5.73378,37.38621],[-5.73755,37.38742],[-5.74129,37.38902],[-5.74463,37.39061],[-5.74682,37.39216],[-5.74859,37.39261],[-5.74993,37.39464],[-5.75166,37.39428],[-5.75413,37.39514],[-5.75509,37.39615],[-5.76814,37.39591],[-5.77472,37.39606],[-5.79274,37.38799],[-5.7966,37.38797],[-5.79978,37.38825],[-5.80287,37.38814],[-5.80499,37.38772],[-5.80992,37.38609],[-5.80858,37.38368],[-5.8054,37.37951],[-5.79593,37.36957],[-5.79187,37.36579],[-5.78557,37.36124],[-5.78266,37.3567],[-5.78108,37.35513],[-5.78013,37.35452],[-5.77879,37.35294],[-5.77725,37.35049],[-5.77577,37.34739],[-5.77491,37.34632],[-5.76873,37.34108],[-5.76675,37.33717],[-5.76611,37.3354],[-5.76577,37.3335],[-5.76578,37.33259],[-5.76679,37.33087],[-5.76682,37.32981],[-5.76638,37.32923],[-5.76472,37.32862],[-5.76444,37.32776],[-5.76482,37.32716],[-5.76618,37.32602],[-5.76593,37.3234],[-5.7664,37.32241],[-5.76986,37.32027],[-5.77077,37.3194],[-5.77438,37.3142],[-5.77448,37.31316],[-5.77537,37.31085],[-5.77495,37.30814],[-5.77369,37.30792],[-5.7716,37.30739]]]}},{"type":"Feature","properties":{"COD_POSTAL":"41870"},"geometry":{"type":"Polygon","coordinates":[[[-6.26305,37.5701],[-6.26262,37.57368],[-6.26365,37.57496],[-6.26379,37.57567],[-6.26323,37.57664],[-6.26207,37.57721],[-6.26195,37.57761],[-6.26265,37.57859],[-6.26456,37.57858],[-6.26506,37.5791],[-6.26488,37.57965],[-6.26263,37.58045],[-6.26225,37.58097],[-6.26257,37.58164],[-6.26337,37.58215],[-6.26367,37.58295],[-6.26352,37.58417],[-6.26295,37.5849],[-6.26354,37.58536],[-6.26488,37.58538],[-6.26489,37.58639],[-6.26518,37.58701],[-6.26631,37.5877],[-6.26708,37.5887],[-6.26698,37.5894],[-6.26634,37.58961],[-6.26537,37.58857],[-6.26504,37.5885],[-6.26391,37.58923],[-6.26442,37.59023],[-6.26428,37.59064],[-6.26335,37.59106],[-6.26207,37.5909],[-6.26138,37.59232],[-6.2616,37.59336],[-6.26146,37.59501],[-6.26176,37.59604],[-6.26162,37.59635],[-6.26016,37.59703],[-6.25907,37.59842],[-6.25668,37.59915],[-6.25599,37.59947],[-6.2558,37.59982],[-6.25584,37.60032],[-6.25674,37.60189],[-6.2545,37.61181],[-6.25606,37.62353],[-6.25722,37.62812],[-6.26583,37.6222],[-6.27185,37.61869],[-6.28119,37.61764],[-6.28795,37.6165],[-6.30434,37.61682],[-6.30578,37.61633],[-6.31483,37.61588],[-6.31947,37.61748],[-6.32487,37.61827],[-6.33675,37.61807],[-6.34288,37.61754],[-6.34446,37.61785],[-6.34626,37.61734],[-6.34804,37.61799],[-6.3511,37.61741],[-6.35162,37.61767],[-6.35886,37.61862],[-6.37016,37.61671],[-6.3788,37.61585],[-6.38554,37.61361],[-6.38897,37.61285],[-6.39235,37.61156],[-6.39512,37.61101],[-6.39601,37.60887],[-6.39588,37.60767],[-6.3943,37.60476],[-6.39426,37.60413],[-6.39596,37.60354],[-6.39643,37.60297],[-6.39643,37.60179],[-6.3978,37.60144],[-6.39779,37.60112],[-6.39721,37.60064],[-6.39726,37.60022],[-6.39876,37.6003],[-6.40043,37.60103],[-6.40209,37.59908],[-6.40198,37.59865],[-6.40151,37.59838],[-6.39965,37.5985],[-6.39921,37.59833],[-6.39889,37.59648],[-6.39827,37.59567],[-6.39853,37.59529],[-6.40021,37.59468],[-6.39978,37.59436],[-6.3982,37.59401],[-6.39872,37.59245],[-6.39953,37.59167],[-6.39939,37.59113],[-6.39881,37.5908],[-6.39664,37.59041],[-6.39626,37.58983],[-6.39605,37.58878],[-6.39355,37.58832],[-6.39309,37.58769],[-6.39338,37.58566],[-6.39368,37.58543],[-6.39492,37.58553],[-6.39553,37.58511],[-6.3956,37.58445],[-6.39503,37.58326],[-6.39527,37.58284],[-6.39618,37.58291],[-6.39674,37.58383],[-6.39762,37.58433],[-6.39802,37.58433],[-6.39908,37.58354],[-6.40002,37.58406],[-6.40158,37.58185],[-6.40243,37.57994],[-6.40126,37.5787],[-6.40133,37.57552],[-6.39301,37.55711],[-6.3924,37.55405],[-6.39089,37.55343],[-6.38908,37.55145],[-6.38728,37.55159],[-6.38558,37.55092],[-6.38429,37.55105],[-6.38364,37.55026],[-6.38202,37.54995],[-6.38149,37.54895],[-6.38099,37.54872],[-6.37982,37.5488],[-6.37908,37.54851],[-6.37859,37.54738],[-6.37698,37.5472],[-6.37628,37.54668],[-6.37534,37.5464],[-6.37462,37.54552],[-6.37333,37.54468],[-6.37289,37.54409],[-6.37141,37.5401],[-6.37006,37.53935],[-6.36937,37.53821],[-6.36821,37.53775],[-6.36738,37.5362],[-6.36648,37.53576],[-6.3664,37.53453],[-6.36714,37.53309],[-6.3673,37.53137],[-6.36928,37.53047],[-6.36978,37.52964],[-6.36973,37.52856],[-6.36859,37.52846],[-6.36851,37.52822],[-6.36885,37.52759],[-6.36853,37.52663],[-6.36858,37.52596],[-6.36815,37.5253],[-6.36831,37.5246],[-6.36784,37.52389],[-6.3672,37.52188],[-6.36724,37.51828],[-6.36692,37.51787],[-6.36593,37.51776],[-6.36566,37.51657],[-6.36449,37.51545],[-6.36312,37.51491],[-6.36216,37.51354],[-6.36205,37.51328],[-6.36235,37.5124],[-6.36199,37.51092],[-6.36101,37.509],[-6.35959,37.50693],[-6.35898,37.50652],[-6.35808,37.50471],[-6.35832,37.50424],[-6.35905,37.50413],[-6.35987,37.50503],[-6.36048,37.50441],[-6.35915,37.50288],[-6.35897,37.50184],[-6.35822,37.50104],[-6.35809,37.4999],[-6.35668,37.50085],[-6.35611,37.50062],[-6.3556,37.49996],[-6.35632,37.49779],[-6.35618,37.49617],[-6.35393,37.49591],[-6.35034,37.49444],[-6.34665,37.49342],[-6.34441,37.49125],[-6.34355,37.48916],[-6.34073,37.48788],[-6.33835,37.48534],[-6.33831,37.485],[-6.33933,37.48306],[-6.33928,37.48267],[-6.33606,37.47856],[-6.33498,37.47616],[-6.33484,37.47492],[-6.33409,37.47308],[-6.33402,37.47216],[-6.33348,37.47174],[-6.33257,37.47026],[-6.33244,37.46904],[-6.33317,37.46755],[-6.33261,37.46621],[-6.33277,37.4649],[-6.32969,37.46203],[-6.32876,37.46062],[-6.3287,37.4601],[-6.32751,37.45957],[-6.32653,37.45829],[-6.32527,37.4579],[-6.32491,37.45752],[-6.32515,37.45624],[-6.325,37.4554],[-6.3227,37.45467],[-6.32219,37.45417],[-6.31715,37.45639],[-6.31458,37.45694],[-6.30718,37.4579],[-6.30297,37.45985],[-6.29283,37.46266],[-6.2909,37.46287],[-6.29075,37.46311],[-6.27736,37.46398],[-6.27236,37.46529],[-6.26789,37.46661],[-6.25857,37.47018],[-6.25892,37.47158],[-6.24615,37.46932],[-6.24127,37.46794],[-6.23819,37.47373],[-6.2376,37.47365],[-6.22876,37.48319],[-6.2283,37.49268],[-6.22596,37.50009],[-6.22558,37.50213],[-6.22464,37.50369],[-6.22571,37.50608],[-6.22556,37.50711],[-6.22691,37.50877],[-6.22701,37.50945],[-6.22678,37.50995],[-6.22577,37.51031],[-6.22402,37.50952],[-6.2232,37.50981],[-6.22349,37.51205],[-6.22216,37.51834],[-6.22155,37.51971],[-6.22239,37.52189],[-6.22244,37.52384],[-6.22362,37.52619],[-6.224,37.52889],[-6.22625,37.5321],[-6.22815,37.53337],[-6.22856,37.53389],[-6.22953,37.53618],[-6.22911,37.53751],[-6.22931,37.53812],[-6.23098,37.53887],[-6.23235,37.54018],[-6.23314,37.54223],[-6.23222,37.5439],[-6.23384,37.54537],[-6.23379,37.54696],[-6.23439,37.54702],[-6.23665,37.54617],[-6.23764,37.54638],[-6.23827,37.54746],[-6.23995,37.5487],[-6.2412,37.5509],[-6.24143,37.55106],[-6.24264,37.5508],[-6.24324,37.55119],[-6.24375,37.5519],[-6.24556,37.55639],[-6.24595,37.55646],[-6.24846,37.55524],[-6.24904,37.55526],[-6.24991,37.55733],[-6.25045,37.55784],[-6.25345,37.55844],[-6.25403,37.55875],[-6.2547,37.55981],[-6.25508,37.56252],[-6.25552,37.56302],[-6.25622,37.56301],[-6.25746,37.56239],[-6.25853,37.56227],[-6.2594,37.5617],[-6.25941,37.56105],[-6.26017,37.56085],[-6.26046,37.561],[-6.26133,37.5632],[-6.26104,37.56465],[-6.26051,37.56574],[-6.26093,37.56607],[-6.26191,37.56578],[-6.26244,37.56593],[-6.26315,37.56755],[-6.26287,37.56883],[-6.26305,37.5701]]]}},{"type":"Feature","properties":{"COD_POSTAL":"41530"},"geometry":{"type":"Polygon","coordinates":[[[-5.38018,37.02484],[-5.37938,37.0248],[-5.37829,37.02369],[-5.37676,37.02286],[-5.37419,37.02207],[-5.37305,37.0229],[-5.37288,37.0233],[-5.37032,37.02477],[-5.3687,37.02506],[-5.36516,37.02662],[-5.3634,37.02711],[-5.3617,37.02493],[-5.36135,37.02373],[-5.36182,37.02039],[-5.36404,37.01824],[-5.36414,37.01787],[-5.36402,37.01546],[-5.36331,37.01441],[-5.36183,37.01345],[-5.36,37.01331],[-5.35943,37.01249],[-5.35876,37.01059],[-5.3577,37.00964],[-5.35708,37.00917],[-5.35518,37.00864],[-5.3524,37.00695],[-5.3513,37.0072],[-5.34956,37.00848],[-5.34767,37.00781],[-5.34641,37.00607],[-5.34479,37.00628],[-5.34265,37.00618],[-5.34151,37.00578],[-5.33965,37.00456],[-5.33941,37.0052],[-5.33952,37.00621],[-5.339,37.00691],[-5.33794,37.01105],[-5.33665,37.01251],[-5.33277,37.01557],[-5.33088,37.01614],[-5.32959,37.01823],[-5.32823,37.01862],[-5.32494,37.02024],[-5.32227,37.0228],[-5.32101,37.02276],[-5.31922,37.02542],[-5.31842,37.02573],[-5.31768,37.02644],[-5.31515,37.02803],[-5.31447,37.02924],[-5.31133,37.03126],[-5.31003,37.03266],[-5.30671,37.03434],[-5.30211,37.03736],[-5.29903,37.03889],[-5.29794,37.03969],[-5.2954,37.04281],[-5.2931,37.04417],[-5.29163,37.04669],[-5.28894,37.04677],[-5.28465,37.04646],[-5.28237,37.04695],[-5.28181,37.04666],[-5.27978,37.04693],[-5.27481,37.04595],[-5.27269,37.04633],[-5.26846,37.04789],[-5.26593,37.04927],[-5.26068,37.05155],[-5.24884,37.05186],[-5.24231,37.05243],[-5.23839,37.05336],[-5.23792,37.05335],[-5.2372,37.05288],[-5.23251,37.0556],[-5.23176,37.05725],[-5.2309,37.058],[-5.22842,37.05911],[-5.22458,37.06016],[-5.22437,37.06053],[-5.22694,37.06065],[-5.22975,37.06151],[-5.23165,37.06177],[-5.23333,37.0627],[-5.23779,37.06346],[-5.24304,37.0657],[-5.24538,37.0671],[-5.24743,37.06736],[-5.24868,37.06796],[-5.252,37.07006],[-5.25674,37.07255],[-5.26301,37.07679],[-5.26647,37.07841],[-5.26689,37.08107],[-5.2688,37.08235],[-5.27065,37.0844],[-5.27281,37.08592],[-5.2752,37.08658],[-5.27681,37.08759],[-5.27893,37.08789],[-5.28152,37.09013],[-5.28326,37.09065],[-5.28682,37.09234],[-5.28905,37.09267],[-5.29242,37.09388],[-5.29364,37.09409],[-5.2988,37.09657],[-5.30254,37.10012],[-5.30423,37.10222],[-5.30848,37.11079],[-5.31235,37.11794],[-5.31465,37.12161],[-5.3163,37.1235],[-5.31805,37.12474],[-5.32,37.12691],[-5.32783,37.13143],[-5.32872,37.13228],[-5.33107,37.13353],[-5.33389,37.13443],[-5.33633,37.13581],[-5.33772,37.13626],[-5.34144,37.1387],[-5.3477,37.14197],[-5.35039,37.14458],[-5.353,37.14872],[-5.3545,37.14997],[-5.35556,37.15139],[-5.35732,37.15932],[-5.35789,37.16003],[-5.35815,37.16118],[-5.36079,37.16441],[-5.36133,37.16801],[-5.36073,37.17113],[-5.36082,37.17235],[-5.36023,37.17457],[-5.36039,37.1759],[-5.36019,37.17823],[-5.36121,37.18091],[-5.36065,37.18164],[-5.35829,37.18326],[-5.35799,37.18415],[-5.35901,37.1898],[-5.35836,37.19023],[-5.35437,37.19152],[-5.35259,37.19334],[-5.35098,37.19623],[-5.35101,37.19721],[-5.35168,37.19898],[-5.35114,37.20145],[-5.35174,37.20295],[-5.3526,37.20376],[-5.35127,37.20576],[-5.35203,37.20723],[-5.35218,37.20955],[-5.35294,37.20919],[-5.3551,37.2098],[-5.36835,37.21596],[-5.3783,37.21959],[-5.3809,37.22196],[-5.38537,37.22468],[-5.38753,37.2268],[-5.38941,37.22722],[-5.3915,37.22884],[-5.39441,37.22889],[-5.39716,37.23018],[-5.39865,37.23038],[-5.40162,37.23375],[-5.40241,37.23421],[-5.4043,37.23455],[-5.40596,37.23523],[-5.40776,37.23523],[-5.41424,37.23361],[-5.41752,37.23213],[-5.42065,37.23336],[-5.42159,37.23321],[-5.42233,37.23279],[-5.42608,37.23317],[-5.42974,37.23475],[-5.42919,37.2328],[-5.42945,37.23231],[-5.43116,37.23114],[-5.43151,37.2294],[-5.43197,37.22879],[-5.43198,37.22764],[-5.43326,37.22425],[-5.43419,37.22438],[-5.43554,37.22325],[-5.43586,37.22322],[-5.43883,37.22429],[-5.44074,37.22427],[-5.44392,37.22169],[-5.44963,37.21986],[-5.45528,37.21657],[-5.45756,37.21609],[-5.46009,37.21473],[-5.4613,37.21338],[-5.46254,37.21111],[-5.46966,37.21056],[-5.47259,37.21059],[-5.4781,37.21004],[-5.47963,37.20953],[-5.48257,37.20766],[-5.48,37.20507],[-5.48016,37.20444],[-5.48087,37.20371],[-5.47853,37.19854],[-5.48388,37.19912],[-5.4857,37.19971],[-5.48992,37.19986],[-5.49184,37.20078],[-5.49281,37.202],[-5.49362,37.1996],[-5.49298,37.19874],[-5.49274,37.19591],[-5.49288,37.19499],[-5.49451,37.19099],[-5.49469,37.18984],[-5.4954,37.18884],[-5.49979,37.18872],[-5.50484,37.18801],[-5.50599,37.18805],[-5.50882,37.18999],[-5.50935,37.19006],[-5.51109,37.18964],[-5.51274,37.1898],[-5.51762,37.18941],[-5.51904,37.18905],[-5.52065,37.18828],[-5.52201,37.18896],[-5.52605,37.1891],[-5.52911,37.18862],[-5.53178,37.18773],[-5.53436,37.18599],[-5.53692,37.18501],[-5.53567,37.18001],[-5.53696,37.17921],[-5.53577,37.17715],[-5.53917,37.17689],[-5.54474,37.17532],[-5.54541,37.17263],[-5.5493,37.16934],[-5.55391,37.16677],[-5.56204,37.16343],[-5.56432,37.16204],[-5.56561,37.16219],[-5.57062,37.15871],[-5.57441,37.15545],[-5.57755,37.15346],[-5.57728,37.1526],[-5.57575,37.15038],[-5.57536,37.14927],[-5.57579,37.14619],[-5.57505,37.14299],[-5.57469,37.1422],[-5.57329,37.14069],[-5.57401,37.14033],[-5.57876,37.1395],[-5.58096,37.14004],[-5.58254,37.13252],[-5.57637,37.13063],[-5.5708,37.1297],[-5.57233,37.12627],[-5.57268,37.12453],[-5.57271,37.12277],[-5.57241,37.12122],[-5.57152,37.11952],[-5.5695,37.1135],[-5.57003,37.10626],[-5.56966,37.10472],[-5.56813,37.10144],[-5.56779,37.09935],[-5.56821,37.09806],[-5.56869,37.09748],[-5.57004,37.09647],[-5.57139,37.09589],[-5.57166,37.09505],[-5.5711,37.0937],[-5.56934,37.09273],[-5.56796,37.09105],[-5.56785,37.09031],[-5.56852,37.0885],[-5.57036,37.08702],[-5.56976,37.08548],[-5.56871,37.08382],[-5.56776,37.0813],[-5.57412,37.08036],[-5.58,37.07872],[-5.58369,37.07655],[-5.59132,37.0726],[-5.58377,37.0734],[-5.56666,37.07456],[-5.56561,37.07325],[-5.56222,37.06686],[-5.5599,37.06615],[-5.56109,37.06343],[-5.55799,37.06297],[-5.55049,37.06057],[-5.54553,37.05975],[-5.53597,37.05606],[-5.53439,37.05568],[-5.53202,37.05552],[-5.53155,37.05534],[-5.52893,37.05263],[-5.51742,37.04671],[-5.51585,37.04494],[-5.51099,37.0336],[-5.50439,37.03643],[-5.50011,37.03909],[-5.49688,37.0397],[-5.49141,37.03957],[-5.48875,37.03984],[-5.48334,37.0407],[-5.48013,37.0415],[-5.47848,37.0416],[-5.47311,37.04294],[-5.46724,37.04172],[-5.46485,37.04076],[-5.46269,37.04123],[-5.45898,37.04238],[-5.44791,37.05022],[-5.44491,37.04954],[-5.44187,37.0495],[-5.43956,37.05101],[-5.43551,37.05223],[-5.43336,37.05239],[-5.43132,37.05039],[-5.43069,37.04815],[-5.42874,37.04617],[-5.42774,37.04457],[-5.42678,37.04026],[-5.42704,37.03744],[-5.42434,37.03242],[-5.42295,37.02795],[-5.42143,37.02446],[-5.42079,37.01672],[-5.42009,37.01356],[-5.42108,37.01115],[-5.42047,37.01127],[-5.41872,37.0134],[-5.41708,37.01381],[-5.41609,37.01492],[-5.41509,37.01529],[-5.41451,37.01485],[-5.41411,37.01403],[-5.41301,37.01402],[-5.40875,37.01557],[-5.40845,37.01689],[-5.40746,37.01708],[-5.40661,37.01613],[-5.40494,37.01545],[-5.40185,37.01334],[-5.40126,37.01245],[-5.40103,37.01158],[-5.39997,37.01156],[-5.39961,37.01218],[-5.39797,37.01293],[-5.39762,37.01528],[-5.3965,37.01781],[-5.39631,37.01879],[-5.39743,37.01959],[-5.39853,37.02152],[-5.40035,37.02286],[-5.4036,37.02395],[-5.4047,37.02391],[-5.40496,37.02461],[-5.40449,37.025],[-5.40421,37.02629],[-5.40298,37.02737],[-5.40233,37.02703],[-5.40242,37.02789],[-5.40365,37.03091],[-5.40355,37.03185],[-5.40397,37.03363],[-5.4044,37.03433],[-5.4044,37.03569],[-5.40485,37.03635],[-5.40355,37.03747],[-5.4015,37.04038],[-5.40035,37.04115],[-5.3989,37.04154],[-5.39704,37.0406],[-5.39653,37.03964],[-5.3962,37.036],[-5.39471,37.03463],[-5.39383,37.03429],[-5.39207,37.03301],[-5.38952,37.03221],[-5.38748,37.03207],[-5.38537,37.03151],[-5.38511,37.03063],[-5.38544,37.02959],[-5.38483,37.02929],[-5.38456,37.0287],[-5.38374,37.02814],[-5.38289,37.02688],[-5.38126,37.02566],[-5.38118,37.02516],[-5.38066,37.02477],[-5.38018,37.02484]]]}},{"type":"Feature","properties":{"COD_POSTAL":"41806"},"geometry":{"type":"MultiPolygon","coordinates":[[[[-6.20521,37.29147],[-6.20559,37.29032],[-6.20705,37.28833],[-6.21067,37.28624],[-6.21097,37.2854],[-6.21095,37.28447],[-6.20875,37.27932],[-6.20799,37.27815],[-6.20691,37.27763],[-6.20601,37.27675],[-6.20609,37.27584],[-6.20265,37.27372],[-6.20203,37.27283],[-6.20106,37.27274],[-6.20014,37.27225],[-6.198,37.27283],[-6.19638,37.27458],[-6.19381,37.27532],[-6.19264,37.27605],[-6.19219,37.277],[-6.19195,37.27847],[-6.18963,37.28194],[-6.18921,37.28333],[-6.18926,37.28411],[-6.18991,37.28749],[-6.19121,37.28843],[-6.19135,37.28896],[-6.19106,37.29086],[-6.19461,37.29262],[-6.19594,37.29371],[-6.19904,37.29359],[-6.2002,37.29446],[-6.20023,37.29557],[-6.20248,37.29508],[-6.20333,37.29355],[-6.20531,37.29255],[-6.20518,37.29202],[-6.20521,37.29147]]],[[[-6.18128,37.3542],[-6.18086,37.35307],[-6.18161,37.35162],[-6.18242,37.35115],[-6.1825,37.35019],[-6.18064,37.34709],[-6.17778,37.34651],[-6.17609,37.34705],[-6.17464,37.34791],[-6.17023,37.34966],[-6.16707,37.35201],[-6.16629,37.35223],[-6.16465,37.3521],[-6.16239,37.35236],[-6.16051,37.35309],[-6.15759,37.353],[-6.15666,37.35337],[-6.15495,37.35477],[-6.15475,37.35524],[-6.15504,37.35663],[-6.15416,37.3575],[-6.1534,37.35887],[-6.15372,37.35941],[-6.15373,37.35994],[-6.15577,37.36145],[-6.15622,37.36218],[-6.15664,37.36205],[-6.15766,37.36397],[-6.1584,37.3644],[-6.15792,37.3649],[-6.15707,37.36522],[-6.15648,37.36368],[-6.15466,37.36373],[-6.15453,37.36316],[-6.15528,37.36291],[-6.15513,37.36217],[-6.15412,37.36227],[-6.15463,37.36202],[-6.15435,37.36176],[-6.15374,37.36209],[-6.15155,37.36358],[-6.15311,37.3663],[-6.15309,37.36649],[-6.15277,37.36633],[-6.15218,37.36822],[-6.1517,37.36862],[-6.15294,37.36978],[-6.1529,37.37054],[-6.15268,37.37055],[-6.15302,37.37131],[-6.15436,37.37098],[-6.15485,37.37199],[-6.15413,37.37244],[-6.15412,37.37271],[-6.15506,37.37351],[-6.15491,37.37381],[-6.15512,37.37631],[-6.1566,37.37656],[-6.15643,37.37779],[-6.15671,37.37821],[-6.15729,37.37847],[-6.15777,37.37906],[-6.15881,37.3788],[-6.15967,37.37889],[-6.16038,37.3796],[-6.16158,37.37925],[-6.16201,37.37933],[-6.1631,37.38041],[-6.16449,37.38087],[-6.17095,37.38053],[-6.17163,37.38112],[-6.17217,37.38417],[-6.17308,37.38437],[-6.17538,37.38417],[-6.17643,37.38327],[-6.17719,37.38323],[-6.17801,37.38217],[-6.17816,37.38116],[-6.18016,37.37927],[-6.18248,37.37783],[-6.18487,37.3775],[-6.18592,37.37763],[-6.18621,37.37717],[-6.18605,37.3765],[-6.1862,37.37369],[-6.1873,37.37231],[-6.18799,37.37183],[-6.18897,37.36989],[-6.19058,37.36888],[-6.19152,37.36666],[-6.19,37.36476],[-6.18896,37.36423],[-6.18799,37.36331],[-6.18731,37.36337],[-6.18646,37.36294],[-6.18524,37.36331],[-6.18397,37.36125],[-6.18248,37.35758],[-6.18406,37.35509],[-6.18308,37.35411],[-6.18277,37.35411],[-6.18128,37.3542]]]]}},{"type":"Feature","properties":{"COD_POSTAL":"41566"},"geometry":{"type":"Polygon","coordinates":[[[-4.85435,37.21104],[-4.85538,37.21441],[-4.85457,37.21534],[-4.85549,37.2185],[-4.85878,37.224],[-4.85078,37.22337],[-4.84667,37.22417],[-4.84284,37.22461],[-4.83935,37.22544],[-4.84089,37.22753],[-4.84151,37.22802],[-4.84209,37.22819],[-4.84372,37.22803],[-4.84449,37.2292],[-4.84629,37.2286],[-4.84644,37.22915],[-4.84739,37.2293],[-4.84643,37.23001],[-4.84872,37.23409],[-4.85184,37.23326],[-4.85416,37.23412],[-4.8539,37.23589],[-4.85412,37.23656],[-4.85697,37.2406],[-4.85894,37.24587],[-4.86026,37.24713],[-4.85986,37.24782],[-4.85984,37.24853],[-4.85822,37.24896],[-4.85892,37.25148],[-4.86392,37.25089],[-4.86326,37.24712],[-4.86482,37.24707],[-4.86711,37.24633],[-4.86815,37.24944],[-4.87664,37.24845],[-4.88659,37.24912],[-4.88548,37.24802],[-4.8848,37.24606],[-4.88535,37.24609],[-4.88586,37.24661],[-4.88686,37.24677],[-4.88905,37.24599],[-4.8943,37.24763],[-4.89666,37.2492],[-4.89689,37.24913],[-4.89631,37.24773],[-4.89661,37.24752],[-4.89687,37.24799],[-4.89847,37.24768],[-4.89846,37.24716],[-4.89722,37.24711],[-4.89689,37.24586],[-4.89849,37.24586],[-4.89829,37.24411],[-4.89959,37.24369],[-4.89948,37.24258],[-4.89814,37.23973],[-4.89972,37.23912],[-4.90115,37.23906],[-4.90249,37.23806],[-4.9022,37.23773],[-4.9029,37.23726],[-4.90252,37.2367],[-4.90614,37.23503],[-4.90588,37.23456],[-4.90945,37.23354],[-4.91051,37.23353],[-4.91586,37.23239],[-4.9222,37.23307],[-4.92223,37.23191],[-4.92176,37.23199],[-4.92201,37.23088],[-4.92478,37.23207],[-4.92544,37.23214],[-4.9272,37.23098],[-4.92795,37.2289],[-4.92984,37.22752],[-4.93077,37.22651],[-4.93141,37.22386],[-4.93298,37.22032],[-4.93168,37.21739],[-4.93154,37.21383],[-4.93249,37.21096],[-4.93202,37.20958],[-4.9304,37.20646],[-4.929,37.20623],[-4.92832,37.20663],[-4.92759,37.20604],[-4.92695,37.20608],[-4.924,37.20716],[-4.92318,37.20498],[-4.92429,37.20331],[-4.92622,37.20219],[-4.92411,37.19581],[-4.92399,37.19339],[-4.92941,37.193],[-4.93041,37.19205],[-4.93346,37.19527],[-4.93582,37.19643],[-4.93757,37.19463],[-4.93509,37.19343],[-4.93757,37.1909],[-4.93808,37.19078],[-4.93875,37.19164],[-4.94095,37.18968],[-4.93958,37.18704],[-4.93701,37.18402],[-4.93786,37.18201],[-4.94178,37.17705],[-4.94376,37.17669],[-4.94423,37.17747],[-4.94696,37.17808],[-4.94996,37.17797],[-4.95636,37.18362],[-4.9583,37.18283],[-4.95985,37.18113],[-4.95771,37.17756],[-4.95731,37.17417],[-4.96173,37.17369],[-4.96645,37.18047],[-4.96786,37.17998],[-4.96901,37.17987],[-4.96962,37.1795],[-4.97141,37.17945],[-4.97203,37.17903],[-4.97463,37.17876],[-4.97161,37.17612],[-4.97132,37.17408],[-4.96597,37.17323],[-4.96039,37.17058],[-4.96007,37.1694],[-4.95786,37.16569],[-4.95698,37.16365],[-4.95631,37.16291],[-4.95363,37.16102],[-4.94598,37.15738],[-4.94266,37.15759],[-4.94232,37.161],[-4.94166,37.16403],[-4.94161,37.16643],[-4.94113,37.16728],[-4.93979,37.16776],[-4.93977,37.17017],[-4.9402,37.17187],[-4.9396,37.1757],[-4.93753,37.17506],[-4.93576,37.1751],[-4.93459,37.17407],[-4.93336,37.17376],[-4.9328,37.17436],[-4.93131,37.17308],[-4.92932,37.17297],[-4.92636,37.17091],[-4.92516,37.17066],[-4.92398,37.17284],[-4.92222,37.17423],[-4.92193,37.17501],[-4.91882,37.17384],[-4.91698,37.17502],[-4.91394,37.1752],[-4.90946,37.17443],[-4.90757,37.17487],[-4.90713,37.17906],[-4.90511,37.18186],[-4.90427,37.18045],[-4.9042,37.17865],[-4.90318,37.17766],[-4.90438,37.17705],[-4.90403,37.17522],[-4.9034,37.17457],[-4.90211,37.17383],[-4.90032,37.17167],[-4.89815,37.1707],[-4.89611,37.16733],[-4.89601,37.16435],[-4.89627,37.16368],[-4.9003,37.15971],[-4.89762,37.15603],[-4.89066,37.15505],[-4.8893,37.1552],[-4.88689,37.15762],[-4.88424,37.15908],[-4.88176,37.16237],[-4.88045,37.16327],[-4.87926,37.16251],[-4.87713,37.15946],[-4.8755,37.15819],[-4.87361,37.15917],[-4.87024,37.16173],[-4.86496,37.16675],[-4.8567,37.17357],[-4.85779,37.1753],[-4.86018,37.17557],[-4.85759,37.17736],[-4.85589,37.17821],[-4.8568,37.18156],[-4.85683,37.18405],[-4.85907,37.1841],[-4.85855,37.18789],[-4.8589,37.19071],[-4.85815,37.19132],[-4.85537,37.1926],[-4.85531,37.19335],[-4.8537,37.19369],[-4.85356,37.19663],[-4.85386,37.19859],[-4.85768,37.19946],[-4.85824,37.19981],[-4.86015,37.20514],[-4.86086,37.20857],[-4.8589,37.20849],[-4.85335,37.20894],[-4.85435,37.21104]]]}},{"type":"Feature","properties":{"COD_POSTAL":"41770"},"geometry":{"type":"Polygon","coordinates":[[[-5.59757,37.06771],[-5.59888,37.06798],[-5.59952,37.06866],[-5.60057,37.06814],[-5.6043,37.06812],[-5.60601,37.06222],[-5.60668,37.05815],[-5.60973,37.04448],[-5.60945,37.04229],[-5.60962,37.03965],[-5.60926,37.03722],[-5.60844,37.0344],[-5.60716,37.03075],[-5.60587,37.03103],[-5.60556,37.03086],[-5.60511,37.02903],[-5.60488,37.02622],[-5.60558,37.01855],[-5.60545,37.01723],[-5.60239,37.0101],[-5.60039,37.00758],[-5.59691,37.00221],[-5.59247,36.99754],[-5.5888,36.99159],[-5.58745,36.98805],[-5.58553,36.9841],[-5.58244,36.97967],[-5.58233,36.97614],[-5.58066,36.96942],[-5.5802,36.96861],[-5.57642,36.96348],[-5.57333,36.95834],[-5.57045,36.95461],[-5.56766,36.94936],[-5.56043,36.94033],[-5.55724,36.93478],[-5.55321,36.92888],[-5.55085,36.92312],[-5.54841,36.92465],[-5.54699,36.92588],[-5.5466,36.92694],[-5.54669,36.92845],[-5.54612,36.93018],[-5.54518,36.93043],[-5.54324,36.9304],[-5.5378,36.92986],[-5.53577,36.92998],[-5.53496,36.93028],[-5.53428,36.93093],[-5.53319,36.93247],[-5.53313,36.93382],[-5.53345,36.9349],[-5.53329,36.93544],[-5.53275,36.93585],[-5.52955,36.93627],[-5.52479,36.93733],[-5.52328,36.93954],[-5.52173,36.94326],[-5.52069,36.94413],[-5.5204,36.94483],[-5.521,36.94681],[-5.52096,36.94754],[-5.52061,36.94805],[-5.51939,36.94914],[-5.51528,36.95022],[-5.51472,36.95204],[-5.51454,36.95561],[-5.51389,36.95654],[-5.51153,36.95795],[-5.50898,36.95853],[-5.50529,36.95868],[-5.50234,36.95832],[-5.50164,36.96041],[-5.50157,36.96195],[-5.49941,36.96473],[-5.49888,36.96587],[-5.49717,36.96687],[-5.49645,36.96787],[-5.4953,36.96814],[-5.49343,36.97092],[-5.48981,36.97289],[-5.48692,36.97217],[-5.48256,36.97214],[-5.48143,36.97237],[-5.47235,36.98077],[-5.47025,36.98306],[-5.46973,36.98395],[-5.46987,36.98608],[-5.46914,36.98762],[-5.46917,36.98802],[-5.47024,36.98914],[-5.47024,36.99164],[-5.47339,36.99562],[-5.47436,36.99608],[-5.47758,36.99894],[-5.4794,37.00011],[-5.48131,37.00083],[-5.48364,37.00256],[-5.48384,37.0037],[-5.48509,37.00473],[-5.48738,37.00606],[-5.48723,37.00732],[-5.48958,37.00874],[-5.4903,37.00886],[-5.49085,37.00952],[-5.49208,37.00959],[-5.4953,37.01147],[-5.49563,37.01319],[-5.49769,37.01578],[-5.49933,37.0175],[-5.50051,37.01816],[-5.50246,37.02053],[-5.50354,37.02132],[-5.50581,37.02552],[-5.50892,37.03044],[-5.51049,37.03252],[-5.51585,37.04494],[-5.51742,37.04671],[-5.52893,37.05263],[-5.53155,37.05534],[-5.53202,37.05552],[-5.53439,37.05568],[-5.53597,37.05606],[-5.54553,37.05975],[-5.55049,37.06057],[-5.55799,37.06297],[-5.56109,37.06343],[-5.5599,37.06615],[-5.56222,37.06686],[-5.56561,37.07325],[-5.56666,37.07456],[-5.58377,37.0734],[-5.59132,37.0726],[-5.59373,37.07122],[-5.59513,37.07082],[-5.59638,37.07016],[-5.59499,37.06783],[-5.59684,37.06709],[-5.59757,37.06771]]]}},{"type":"Feature","properties":{"COD_POSTAL":"41908"},"geometry":{"type":"Polygon","coordinates":[[[-6.06125,37.39993],[-6.05638,37.40053],[-6.05284,37.39979],[-6.05072,37.39979],[-6.0488,37.40069],[-6.04795,37.40325],[-6.04815,37.40385],[-6.04796,37.40423],[-6.04628,37.40546],[-6.04566,37.40629],[-6.04559,37.40728],[-6.04599,37.40853],[-6.04594,37.40915],[-6.04432,37.41022],[-6.04325,37.41147],[-6.04321,37.41188],[-6.04377,37.41305],[-6.04352,37.41549],[-6.04441,37.41569],[-6.0454,37.41547],[-6.04746,37.41437],[-6.04862,37.4141],[-6.05177,37.41485],[-6.05324,37.41371],[-6.05599,37.41346],[-6.05762,37.41252],[-6.06045,37.40935],[-6.06196,37.40699],[-6.06227,37.39967],[-6.06182,37.39978],[-6.06125,37.39993]]]}},{"type":"Feature","properties":{"COD_POSTAL":"41830"},"geometry":{"type":"Polygon","coordinates":[[[-6.25715,37.39488],[-6.25986,37.39523],[-6.26881,37.39713],[-6.27134,37.39792],[-6.27329,37.39795],[-6.27868,37.39936],[-6.28261,37.39965],[-6.28775,37.39919],[-6.29383,37.39775],[-6.29785,37.39651],[-6.30173,37.39626],[-6.30717,37.39553],[-6.31129,37.39443],[-6.31004,37.39246],[-6.31002,37.3915],[-6.31181,37.3882],[-6.31305,37.38645],[-6.31434,37.38337],[-6.31466,37.38195],[-6.31424,37.38094],[-6.31433,37.38047],[-6.31485,37.37995],[-6.31637,37.37915],[-6.31812,37.37718],[-6.31912,37.37733],[-6.31943,37.37672],[-6.3193,37.37601],[-6.31825,37.37403],[-6.31489,37.37175],[-6.31317,37.36997],[-6.3143,37.36924],[-6.31288,37.36744],[-6.31372,37.36668],[-6.31126,37.36486],[-6.31243,37.36362],[-6.31248,37.36286],[-6.31165,37.36151],[-6.31145,37.36039],[-6.3124,37.35898],[-6.31317,37.35902],[-6.31318,37.35861],[-6.31369,37.35838],[-6.31302,37.35775],[-6.31404,37.35729],[-6.31412,37.35686],[-6.31599,37.3562],[-6.321,37.35263],[-6.32386,37.34766],[-6.3249,37.34837],[-6.32544,37.34965],[-6.32625,37.34987],[-6.32682,37.35129],[-6.32869,37.35209],[-6.32946,37.35299],[-6.32956,37.35356],[-6.33047,37.35448],[-6.33036,37.35503],[-6.33056,37.35542],[-6.33212,37.35509],[-6.3341,37.35537],[-6.33472,37.35608],[-6.33688,37.35689],[-6.33823,37.35799],[-6.34047,37.35766],[-6.34088,37.35793],[-6.34102,37.35928],[-6.34288,37.3615],[-6.34346,37.36362],[-6.34366,37.36389],[-6.34499,37.36417],[-6.34532,37.36526],[-6.34604,37.36573],[-6.3491,37.36246],[-6.35121,37.36145],[-6.35847,37.35716],[-6.36194,37.35575],[-6.36528,37.35294],[-6.36843,37.34949],[-6.36733,37.34741],[-6.36609,37.34666],[-6.36524,37.34521],[-6.36282,37.34359],[-6.36199,37.34242],[-6.3611,37.34046],[-6.36033,37.33936],[-6.35977,37.33691],[-6.3591,37.33546],[-6.35631,37.33129],[-6.35162,37.32926],[-6.34749,37.32699],[-6.34421,37.3261],[-6.34156,37.32915],[-6.34173,37.32605],[-6.34149,37.32551],[-6.34014,37.32454],[-6.33777,37.32354],[-6.33726,37.32315],[-6.33669,37.32209],[-6.33169,37.32377],[-6.32862,37.32409],[-6.32659,37.32484],[-6.32333,37.32631],[-6.31955,37.32874],[-6.31089,37.32866],[-6.31119,37.32989],[-6.31115,37.33191],[-6.31219,37.33429],[-6.31128,37.33461],[-6.31018,37.33449],[-6.30927,37.33318],[-6.30724,37.33186],[-6.30704,37.33125],[-6.30743,37.33046],[-6.30675,37.33028],[-6.30595,37.33068],[-6.30533,37.3302],[-6.30517,37.3293],[-6.30671,37.32885],[-6.30592,37.32838],[-6.30508,37.32706],[-6.30425,37.32698],[-6.30409,37.32654],[-6.30354,37.32615],[-6.30344,37.32586],[-6.3038,37.32494],[-6.30358,37.32475],[-6.30312,37.32468],[-6.30234,37.32518],[-6.30142,37.32478],[-6.30169,37.3238],[-6.30225,37.32327],[-6.30224,37.32215],[-6.30152,37.32122],[-6.3007,37.32079],[-6.29933,37.32125],[-6.29791,37.32072],[-6.29702,37.32072],[-6.29777,37.32453],[-6.29804,37.3276],[-6.2971,37.33006],[-6.29715,37.33484],[-6.29616,37.33685],[-6.29345,37.33921],[-6.29224,37.33913],[-6.28774,37.34026],[-6.27883,37.34156],[-6.27349,37.34165],[-6.2734,37.34059],[-6.2723,37.33943],[-6.271,37.3371],[-6.27061,37.33525],[-6.26814,37.33551],[-6.2646,37.33546],[-6.26337,37.33573],[-6.26454,37.33981],[-6.26238,37.3397],[-6.2605,37.34011],[-6.25954,37.33823],[-6.25953,37.33758],[-6.26,37.3367],[-6.26013,37.33477],[-6.25941,37.3343],[-6.25696,37.33348],[-6.25592,37.3312],[-6.25092,37.33535],[-6.24872,37.33682],[-6.23593,37.33396],[-6.23579,37.33222],[-6.23641,37.3309],[-6.23582,37.33084],[-6.23528,37.33142],[-6.23452,37.33238],[-6.23385,37.33379],[-6.23202,37.33304],[-6.23189,37.33234],[-6.22899,37.33069],[-6.22744,37.33077],[-6.22585,37.33343],[-6.22567,37.33524],[-6.23029,37.33467],[-6.23009,37.33537],[-6.22792,37.33597],[-6.22556,37.33768],[-6.22568,37.33986],[-6.23474,37.34376],[-6.24619,37.34952],[-6.24648,37.35143],[-6.24475,37.35947],[-6.24324,37.36338],[-6.24336,37.36487],[-6.24427,37.36827],[-6.24419,37.37644],[-6.24248,37.37804],[-6.2415,37.37977],[-6.24329,37.38215],[-6.24448,37.38248],[-6.24618,37.38341],[-6.24779,37.38365],[-6.2482,37.38403],[-6.24869,37.38688],[-6.24853,37.38932],[-6.25022,37.39088],[-6.24987,37.39278],[-6.25003,37.39295],[-6.25135,37.39366],[-6.25208,37.39455],[-6.25596,37.3948],[-6.25715,37.39488]]]}},{"type":"Feature","properties":{"COD_POSTAL":"41650"},"geometry":{"type":"Polygon","coordinates":[[[-5.05049,37.09376],[-5.05008,37.09516],[-5.04882,37.0972],[-5.04469,37.09872],[-5.04374,37.09938],[-5.04262,37.1012],[-5.04204,37.10291],[-5.04014,37.10582],[-5.04057,37.10608],[-5.04214,37.10626],[-5.04254,37.10592],[-5.04251,37.10514],[-5.04281,37.10462],[-5.04796,37.10384],[-5.05023,37.10237],[-5.05177,37.10235],[-5.05216,37.10257],[-5.05222,37.10303],[-5.04881,37.10434],[-5.04625,37.10587],[-5.04419,37.10626],[-5.04201,37.10759],[-5.041,37.10874],[-5.03967,37.10967],[-5.03888,37.11089],[-5.0373,37.11149],[-5.03708,37.11174],[-5.03712,37.1123],[-5.03934,37.11223],[-5.03988,37.11249],[-5.04042,37.11588],[-5.04205,37.11432],[-5.04377,37.11342],[-5.04738,37.1132],[-5.04846,37.11281],[-5.04965,37.11327],[-5.05175,37.11304],[-5.05516,37.11331],[-5.05637,37.11255],[-5.0569,37.11182],[-5.05766,37.11158],[-5.05909,37.11445],[-5.0605,37.11559],[-5.06121,37.11654],[-5.06178,37.11914],[-5.06723,37.11748],[-5.06832,37.11751],[-5.06852,37.11807],[-5.06793,37.12042],[-5.06802,37.12107],[-5.06923,37.12203],[-5.0716,37.1229],[-5.07155,37.12403],[-5.07096,37.12365],[-5.07081,37.12439],[-5.07011,37.12565],[-5.07021,37.127],[-5.06971,37.12804],[-5.06917,37.13321],[-5.07176,37.13465],[-5.07273,37.13472],[-5.07359,37.13426],[-5.07393,37.13346],[-5.0741,37.13177],[-5.07535,37.13111],[-5.07922,37.12724],[-5.07954,37.1256],[-5.08019,37.12466],[-5.08227,37.12364],[-5.08532,37.12276],[-5.0855,37.12325],[-5.08676,37.12417],[-5.08772,37.12345],[-5.0907,37.12384],[-5.09104,37.12348],[-5.0911,37.12082],[-5.08992,37.11802],[-5.09047,37.11699],[-5.09032,37.11514],[-5.09181,37.11246],[-5.09319,37.11258],[-5.09481,37.11206],[-5.0989,37.11276],[-5.10339,37.11172],[-5.10534,37.11151],[-5.10609,37.11397],[-5.10639,37.117],[-5.1097,37.11754],[-5.11107,37.1175],[-5.11276,37.11731],[-5.11507,37.11663],[-5.11622,37.11602],[-5.11606,37.11498],[-5.11623,37.11422],[-5.11999,37.11348],[-5.12008,37.11137],[-5.12095,37.1093],[-5.1211,37.10669],[-5.12158,37.10556],[-5.12388,37.10483],[-5.12554,37.1038],[-5.1299,37.10341],[-5.13224,37.1026],[-5.13211,37.10127],[-5.13235,37.10057],[-5.13428,37.0996],[-5.13453,37.09927],[-5.13482,37.09776],[-5.13454,37.09695],[-5.13474,37.09568],[-5.13461,37.0947],[-5.13848,37.09195],[-5.13873,37.0908],[-5.14405,37.0901],[-5.14719,37.08897],[-5.15171,37.08867],[-5.15286,37.08834],[-5.154,37.0877],[-5.15419,37.08736],[-5.15425,37.0856],[-5.15492,37.08455],[-5.15542,37.08295],[-5.15602,37.08246],[-5.16019,37.08263],[-5.16233,37.08324],[-5.16409,37.08336],[-5.17008,37.08156],[-5.17062,37.08171],[-5.171,37.08263],[-5.16778,37.08395],[-5.16715,37.08505],[-5.16714,37.08683],[-5.16662,37.08894],[-5.16799,37.09162],[-5.16917,37.09308],[-5.1701,37.09267],[-5.17115,37.09118],[-5.17453,37.09106],[-5.17575,37.09148],[-5.17615,37.09055],[-5.17719,37.09003],[-5.1775,37.08878],[-5.17985,37.08727],[-5.18157,37.08523],[-5.18369,37.08408],[-5.18358,37.08125],[-5.18421,37.07843],[-5.18127,37.07928],[-5.1779,37.07919],[-5.17512,37.0796],[-5.17218,37.07909],[-5.17168,37.07853],[-5.1718,37.07801],[-5.17258,37.0778],[-5.17398,37.07801],[-5.17508,37.07789],[-5.17653,37.0771],[-5.17684,37.07576],[-5.17544,37.0758],[-5.17517,37.07565],[-5.17498,37.07473],[-5.17384,37.07391],[-5.16836,37.07217],[-5.169,37.07056],[-5.16789,37.07],[-5.16647,37.0701],[-5.16541,37.07052],[-5.16523,37.07165],[-5.16342,37.07322],[-5.16242,37.07472],[-5.16139,37.07719],[-5.16103,37.07896],[-5.15903,37.07959],[-5.15736,37.07932],[-5.15697,37.07867],[-5.15729,37.07774],[-5.15804,37.07699],[-5.15701,37.07716],[-5.1562,37.07759],[-5.15553,37.07758],[-5.15438,37.07693],[-5.15151,37.07618],[-5.14287,37.07706],[-5.12064,37.07412],[-5.11411,37.06985],[-5.10805,37.0616],[-5.0926,37.06028],[-5.08618,37.06473],[-5.08606,37.06805],[-5.08749,37.07023],[-5.08737,37.07583],[-5.08761,37.07829],[-5.08024,37.08284],[-5.0505,37.09364],[-5.05049,37.09376]]]}},{"type":"Feature","properties":{"COD_POSTAL":"41569"},"geometry":{"type":"Polygon","coordinates":[[[-4.95824,37.37983],[-4.96599,37.37682],[-4.967,37.37784],[-4.97081,37.37672],[-4.96992,37.37566],[-4.98898,37.36964],[-4.988,37.36875],[-4.98593,37.36773],[-4.98475,37.36507],[-4.98397,37.36396],[-4.9836,37.36219],[-4.98223,37.36176],[-4.98212,37.36154],[-4.98261,37.35917],[-4.98124,37.3586],[-4.98094,37.35823],[-4.97974,37.35487],[-4.98022,37.35393],[-4.98296,37.3526],[-4.98195,37.35152],[-4.98167,37.35106],[-4.98173,37.35065],[-4.98339,37.34915],[-4.9842,37.34734],[-4.98105,37.34848],[-4.97944,37.34878],[-4.97596,37.34776],[-4.97332,37.34757],[-4.97058,37.34678],[-4.96511,37.34676],[-4.95948,37.34462],[-4.95735,37.34457],[-4.95449,37.34484],[-4.95231,37.34608],[-4.94981,37.34676],[-4.94412,37.3472],[-4.93888,37.34891],[-4.93802,37.3547],[-4.93267,37.35649],[-4.93644,37.36202],[-4.93774,37.36269],[-4.93345,37.36711],[-4.93299,37.3675],[-4.93097,37.36722],[-4.92751,37.37009],[-4.92573,37.3699],[-4.92439,37.37073],[-4.91656,37.36963],[-4.9105,37.36932],[-4.90543,37.36871],[-4.90415,37.37098],[-4.90213,37.37217],[-4.90154,37.37299],[-4.90282,37.37895],[-4.90265,37.37965],[-4.90082,37.38234],[-4.9005,37.38395],[-4.90127,37.38583],[-4.90423,37.38687],[-4.90456,37.38717],[-4.90471,37.38791],[-4.90454,37.38934],[-4.90192,37.39233],[-4.90445,37.39738],[-4.9072,37.40047],[-4.90778,37.40183],[-4.90942,37.40289],[-4.91132,37.40532],[-4.91237,37.40843],[-4.91499,37.40647],[-4.92156,37.40021],[-4.92535,37.39768],[-4.92852,37.39497],[-4.93223,37.39114],[-4.93597,37.38679],[-4.9366,37.38705],[-4.95668,37.38033],[-4.95824,37.37983]]]}},{"type":"Feature","properties":{"COD_POSTAL":"41320"},"geometry":{"type":"Polygon","coordinates":[[[-5.77913,37.66465],[-5.77744,37.66899],[-5.78047,37.67324],[-5.78397,37.67672],[-5.78635,37.67949],[-5.7919,37.68757],[-5.80856,37.68733],[-5.81538,37.68684],[-5.83171,37.68465],[-5.83626,37.6846],[-5.8365,37.68439],[-5.83602,37.6839],[-5.83321,37.68201],[-5.83316,37.68149],[-5.83576,37.67911],[-5.83855,37.67742],[-5.8422,37.67444],[-5.84511,37.67377],[-5.852,37.67394],[-5.85433,37.67337],[-5.85692,37.67215],[-5.85718,37.67186],[-5.85753,37.67011],[-5.85857,37.66903],[-5.86319,37.66818],[-5.86459,37.6674],[-5.86681,37.6654],[-5.87117,37.6643],[-5.8747,37.66182],[-5.87726,37.66091],[-5.88057,37.65742],[-5.88297,37.65632],[-5.88326,37.65535],[-5.88251,37.65436],[-5.88128,37.65141],[-5.88179,37.64612],[-5.88243,37.64505],[-5.87443,37.6342],[-5.87409,37.63246],[-5.87359,37.63173],[-5.87224,37.63077],[-5.87206,37.62943],[-5.87122,37.62826],[-5.86986,37.62376],[-5.86785,37.61883],[-5.86537,37.6156],[-5.8647,37.61574],[-5.86388,37.61226],[-5.85989,37.60602],[-5.85611,37.59873],[-5.85434,37.59642],[-5.85215,37.59258],[-5.85143,37.59205],[-5.8532,37.5896],[-5.85433,37.58854],[-5.85875,37.58513],[-5.86428,37.58188],[-5.8662,37.57949],[-5.86738,37.57716],[-5.86851,37.57396],[-5.8669,37.57386],[-5.86612,37.57351],[-5.8622,37.57741],[-5.86097,37.57747],[-5.85787,37.57961],[-5.85647,37.57943],[-5.85275,37.57622],[-5.84854,37.57162],[-5.84722,37.57114],[-5.84569,37.57013],[-5.8411,37.56386],[-5.83984,37.56253],[-5.83533,37.55905],[-5.83411,37.55758],[-5.82111,37.56334],[-5.8197,37.56407],[-5.81895,37.56477],[-5.81117,37.56681],[-5.81024,37.56638],[-5.80597,37.56685],[-5.80346,37.56686],[-5.80125,37.56659],[-5.78935,37.5706],[-5.77864,37.57304],[-5.75357,37.58298],[-5.75032,37.58499],[-5.75153,37.58942],[-5.74972,37.59004],[-5.7512,37.59273],[-5.75539,37.60504],[-5.75228,37.61146],[-5.75058,37.61621],[-5.75196,37.61692],[-5.75679,37.61853],[-5.76146,37.62052],[-5.7658,37.62178],[-5.77724,37.62026],[-5.77987,37.62341],[-5.78213,37.63351],[-5.7834,37.63769],[-5.78511,37.64069],[-5.786,37.64563],[-5.78531,37.64965],[-5.78452,37.65172],[-5.77763,37.65746],[-5.77839,37.66093],[-5.77956,37.66237],[-5.77903,37.66405],[-5.77913,37.66465]]]}},{"type":"Feature","properties":{"COD_POSTAL":"41701"},"geometry":{"type":"Polygon","coordinates":[[[-5.9229,37.29268],[-5.92417,37.29272],[-5.92489,37.29674],[-5.92504,37.29644],[-5.92462,37.29373],[-5.9257,37.29361],[-5.92725,37.29261],[-5.92776,37.29255],[-5.92865,37.2933],[-5.92979,37.29233],[-5.93022,37.2923],[-5.93236,37.29007],[-5.93257,37.29033],[-5.93316,37.28978],[-5.93597,37.28931],[-5.93688,37.2862],[-5.93666,37.28572],[-5.93676,37.28453],[-5.93643,37.28311],[-5.93418,37.28011],[-5.93524,37.27924],[-5.93538,37.27878],[-5.93361,37.27666],[-5.93155,37.27342],[-5.92872,37.27434],[-5.9285,37.2779],[-5.92838,37.27587],[-5.92806,37.27677],[-5.92712,37.27682],[-5.92643,37.27759],[-5.92599,37.27736],[-5.92481,37.27869],[-5.9257,37.27927],[-5.92526,37.27987],[-5.92351,37.27896],[-5.92428,37.27941],[-5.924,37.2798],[-5.9275,37.28203],[-5.92597,37.28113],[-5.92556,37.28163],[-5.92293,37.27993],[-5.92002,37.27926],[-5.91775,37.27789],[-5.91677,37.27899],[-5.91747,37.27963],[-5.91639,37.27902],[-5.91737,37.2798],[-5.91626,37.28053],[-5.9149,37.27987],[-5.91328,37.27938],[-5.91318,37.27952],[-5.91514,37.28016],[-5.91115,37.27887],[-5.92067,37.2857],[-5.91532,37.28915],[-5.91592,37.29022],[-5.91752,37.29129],[-5.91685,37.29185],[-5.91766,37.29124],[-5.91599,37.29013],[-5.91645,37.28924],[-5.92238,37.29264],[-5.9229,37.29268]]]}},{"type":"Feature","properties":{"COD_POSTAL":"41950"},"geometry":{"type":"Polygon","coordinates":[[[-6.06179,37.39321],[-6.06216,37.39305],[-6.06272,37.39198],[-6.06445,37.39098],[-6.0642,37.39018],[-6.06451,37.38986],[-6.06409,37.38895],[-6.06418,37.38558],[-6.06339,37.38264],[-6.06408,37.38087],[-6.06307,37.37877],[-6.06305,37.37611],[-6.06113,37.37719],[-6.05918,37.3774],[-6.05717,37.37847],[-6.05649,37.3789],[-6.05654,37.37989],[-6.05454,37.38064],[-6.05267,37.38167],[-6.04525,37.38192],[-6.04524,37.38286],[-6.04588,37.385],[-6.04569,37.38734],[-6.04535,37.38779],[-6.04407,37.388],[-6.04355,37.38835],[-6.04346,37.38899],[-6.0439,37.38948],[-6.04503,37.39004],[-6.04874,37.39052],[-6.05179,37.39165],[-6.05464,37.39194],[-6.0571,37.3928],[-6.06077,37.39317],[-6.06179,37.39321]]]}},{"type":"Feature","properties":{"COD_POSTAL":"41820"},"geometry":{"type":"Polygon","coordinates":[[[-6.33911,37.37396],[-6.33976,37.37267],[-6.342,37.3711],[-6.34588,37.36954],[-6.34732,37.36934],[-6.34953,37.36813],[-6.34802,37.36668],[-6.34674,37.36654],[-6.3464,37.36582],[-6.34532,37.36526],[-6.34499,37.36417],[-6.34366,37.36389],[-6.34288,37.3615],[-6.34102,37.35928],[-6.34088,37.35793],[-6.34047,37.35766],[-6.33823,37.35799],[-6.33688,37.35689],[-6.33472,37.35608],[-6.3341,37.35537],[-6.33212,37.35509],[-6.33056,37.35542],[-6.33036,37.35503],[-6.33047,37.35448],[-6.32956,37.35356],[-6.32946,37.35299],[-6.32869,37.35209],[-6.32682,37.35129],[-6.32625,37.34987],[-6.32544,37.34965],[-6.3249,37.34837],[-6.32386,37.34766],[-6.321,37.35263],[-6.31599,37.3562],[-6.31412,37.35686],[-6.31404,37.35729],[-6.31302,37.35775],[-6.31369,37.35838],[-6.31318,37.35861],[-6.31317,37.35902],[-6.3124,37.35898],[-6.31145,37.36039],[-6.31165,37.36151],[-6.31248,37.36286],[-6.31243,37.36362],[-6.31126,37.36486],[-6.31372,37.36668],[-6.31288,37.36744],[-6.3143,37.36924],[-6.31317,37.36997],[-6.31489,37.37175],[-6.31825,37.37403],[-6.31892,37.37518],[-6.32877,37.375],[-6.33674,37.3744],[-6.33905,37.37459],[-6.33909,37.37413],[-6.33911,37.37396]]]}},{"type":"Feature","properties":{"COD_POSTAL":"41390"},"geometry":{"type":"Polygon","coordinates":[[[-5.70602,38.16884],[-5.70579,38.16938],[-5.70512,38.16916],[-5.70443,38.16772],[-5.70389,38.16729],[-5.702,38.16723],[-5.69987,38.16903],[-5.69801,38.1695],[-5.69722,38.16995],[-5.69623,38.17122],[-5.69574,38.17135],[-5.69501,38.17109],[-5.69388,38.1682],[-5.69308,38.16797],[-5.69159,38.16688],[-5.68614,38.16157],[-5.68566,38.15902],[-5.68424,38.15706],[-5.68397,38.15999],[-5.68435,38.16157],[-5.68671,38.16497],[-5.68716,38.16646],[-5.68766,38.16688],[-5.68815,38.16981],[-5.68884,38.17122],[-5.68808,38.17412],[-5.68828,38.1759],[-5.68749,38.17962],[-5.68861,38.18188],[-5.69277,38.18126],[-5.69609,38.18003],[-5.69787,38.17967],[-5.69844,38.17999],[-5.69895,38.18092],[-5.69906,38.18197],[-5.69879,38.18271],[-5.69821,38.18295],[-5.69556,38.18296],[-5.69456,38.18351],[-5.69401,38.18445],[-5.69401,38.18565],[-5.69473,38.18652],[-5.69558,38.18673],[-5.69626,38.18658],[-5.69802,38.185],[-5.69962,38.18549],[-5.70102,38.18638],[-5.70287,38.18623],[-5.70505,38.18506],[-5.70593,38.18514],[-5.70683,38.18567],[-5.70735,38.18661],[-5.70752,38.18819],[-5.70788,38.1883],[-5.70931,38.18785],[-5.71273,38.1859],[-5.7135,38.18585],[-5.71423,38.18625],[-5.71466,38.187],[-5.71473,38.18895],[-5.71512,38.18929],[-5.72323,38.19244],[-5.72384,38.19302],[-5.72508,38.19578],[-5.72703,38.19704],[-5.72816,38.19742],[-5.73011,38.19586],[-5.73148,38.19518],[-5.73258,38.19495],[-5.73632,38.19516],[-5.74082,38.19434],[-5.74201,38.19384],[-5.74444,38.19014],[-5.74538,38.18956],[-5.74646,38.18959],[-5.74863,38.19035],[-5.74947,38.19002],[-5.74992,38.18946],[-5.74961,38.18783],[-5.75264,38.18507],[-5.75427,38.18425],[-5.75621,38.18519],[-5.75673,38.18526],[-5.75736,38.1847],[-5.75752,38.18388],[-5.757,38.18332],[-5.75573,38.18287],[-5.75536,38.18251],[-5.75534,38.1819],[-5.75625,38.18107],[-5.75728,38.18056],[-5.75822,38.18042],[-5.75916,38.18073],[-5.76113,38.18281],[-5.76498,38.18287],[-5.76836,38.18338],[-5.77103,38.18321],[-5.77212,38.18336],[-5.77527,38.18521],[-5.77866,38.18558],[-5.7791,38.18496],[-5.78001,38.1848],[-5.7817,38.18588],[-5.78299,38.18509],[-5.78367,38.18344],[-5.78415,38.18285],[-5.78636,38.18117],[-5.78816,38.18063],[-5.79116,38.17786],[-5.79179,38.17754],[-5.79435,38.17712],[-5.79943,38.17458],[-5.80034,38.1746],[-5.80204,38.1774],[-5.80265,38.17805],[-5.80372,38.17825],[-5.80661,38.17721],[-5.80808,38.17475],[-5.80872,38.17407],[-5.80975,38.17366],[-5.81063,38.17361],[-5.81138,38.17393],[-5.81193,38.17481],[-5.81183,38.1757],[-5.81078,38.17763],[-5.81075,38.17795],[-5.81124,38.17819],[-5.81457,38.17642],[-5.81539,38.17628],[-5.81649,38.17733],[-5.81714,38.1777],[-5.81756,38.17763],[-5.81823,38.17549],[-5.81979,38.17464],[-5.82051,38.17473],[-5.82232,38.17571],[-5.82277,38.17548],[-5.82324,38.17371],[-5.82424,38.17223],[-5.82248,38.17113],[-5.82228,38.17061],[-5.82243,38.1702],[-5.82309,38.16986],[-5.824,38.16993],[-5.82727,38.171],[-5.83051,38.17137],[-5.83244,38.17189],[-5.83671,38.17366],[-5.83786,38.17443],[-5.84078,38.17413],[-5.84435,38.17318],[-5.84655,38.17136],[-5.8473,38.17188],[-5.84827,38.17201],[-5.85152,38.17191],[-5.85404,38.1709],[-5.85558,38.16883],[-5.85578,38.16793],[-5.85523,38.16675],[-5.85513,38.16571],[-5.85552,38.16417],[-5.85543,38.16319],[-5.85624,38.16166],[-5.86157,38.16063],[-5.86269,38.16018],[-5.86441,38.16067],[-5.86605,38.16067],[-5.86862,38.16003],[-5.86961,38.15953],[-5.87242,38.1591],[-5.87468,38.15834],[-5.87501,38.15802],[-5.87526,38.15713],[-5.87692,38.15618],[-5.87751,38.15542],[-5.87741,38.15379],[-5.87778,38.15276],[-5.87775,38.15151],[-5.87701,38.14956],[-5.87684,38.14835],[-5.87786,38.14772],[-5.87868,38.14632],[-5.87827,38.1451],[-5.87845,38.14435],[-5.87792,38.14323],[-5.8778,38.14191],[-5.87781,38.13997],[-5.87818,38.13876],[-5.87696,38.13787],[-5.87783,38.13613],[-5.87959,38.13427],[-5.88066,38.13228],[-5.88639,38.13238],[-5.88829,38.13187],[-5.89171,38.13146],[-5.8953,38.13053],[-5.89745,38.1293],[-5.89839,38.12823],[-5.90007,38.12768],[-5.90733,38.12397],[-5.9103,38.12315],[-5.91252,38.12297],[-5.91292,38.12269],[-5.91333,38.12153],[-5.91428,38.12096],[-5.91449,38.12027],[-5.91409,38.11884],[-5.9141,38.11773],[-5.91518,38.11711],[-5.91562,38.11652],[-5.91733,38.11527],[-5.91792,38.11513],[-5.91821,38.11447],[-5.9187,38.11416],[-5.9185,38.11359],[-5.91872,38.11233],[-5.92038,38.11119],[-5.92127,38.11026],[-5.92283,38.10733],[-5.92477,38.10685],[-5.92638,38.10501],[-5.92661,38.10283],[-5.92697,38.10186],[-5.92699,38.09994],[-5.92745,38.09913],[-5.92759,38.0976],[-5.92786,38.0971],[-5.92893,38.09676],[-5.92919,38.09638],[-5.92906,38.09406],[-5.92853,38.09343],[-5.92791,38.09191],[-5.92787,38.09115],[-5.92814,38.09051],[-5.92934,38.08961],[-5.9293,38.08921],[-5.92834,38.08772],[-5.92318,38.08612],[-5.92075,38.08484],[-5.91836,38.08254],[-5.91593,38.08114],[-5.91539,38.08042],[-5.91394,38.0802],[-5.9129,38.07835],[-5.91081,38.0782],[-5.90981,38.07523],[-5.90978,38.07432],[-5.90925,38.07364],[-5.90917,38.07316],[-5.9097,38.07187],[-5.90884,38.06911],[-5.90804,38.06825],[-5.90863,38.06631],[-5.90985,38.06399],[-5.90976,38.06331],[-5.90901,38.06307],[-5.90917,38.06246],[-5.91083,38.06284],[-5.91168,38.06276],[-5.91206,38.06238],[-5.91313,38.05963],[-5.91463,38.05953],[-5.91791,38.05643],[-5.91806,38.05614],[-5.91766,38.05409],[-5.91778,38.05332],[-5.91871,38.0506],[-5.91928,38.0498],[-5.92031,38.04974],[-5.92188,38.05069],[-5.92442,38.04999],[-5.92751,38.05042],[-5.92919,38.04979],[-5.93094,38.04787],[-5.93398,38.04715],[-5.93422,38.04687],[-5.93404,38.0455],[-5.93429,38.04445],[-5.936,38.04261],[-5.93698,38.04048],[-5.93668,38.0387],[-5.93562,38.03721],[-5.93592,38.03616],[-5.93468,38.03506],[-5.93291,38.03232],[-5.93269,38.0315],[-5.93276,38.03077],[-5.93353,38.02977],[-5.9349,38.02925],[-5.93692,38.02794],[-5.93711,38.02755],[-5.93702,38.02595],[-5.93646,38.02442],[-5.9349,38.02478],[-5.9315,38.02655],[-5.92966,38.02709],[-5.92664,38.02716],[-5.92485,38.02758],[-5.92324,38.02946],[-5.92009,38.03213],[-5.91922,38.03332],[-5.91879,38.03499],[-5.91785,38.03543],[-5.91684,38.03511],[-5.91477,38.03331],[-5.91366,38.03371],[-5.91322,38.03477],[-5.91282,38.03488],[-5.9083,38.0345],[-5.90621,38.03388],[-5.90409,38.03166],[-5.9044,38.02941],[-5.9047,38.02869],[-5.90457,38.02793],[-5.90371,38.02748],[-5.90209,38.02724],[-5.90203,38.02646],[-5.90242,38.0257],[-5.90178,38.02429],[-5.9011,38.02377],[-5.89977,38.02377],[-5.89845,38.02416],[-5.89769,38.02471],[-5.89794,38.02518],[-5.89961,38.02526],[-5.90013,38.02579],[-5.90003,38.02679],[-5.89876,38.02767],[-5.89864,38.0288],[-5.89744,38.03004],[-5.89731,38.03047],[-5.89749,38.03087],[-5.89837,38.03154],[-5.89824,38.03184],[-5.89641,38.03349],[-5.89438,38.03451],[-5.89232,38.03453],[-5.89017,38.03214],[-5.88701,38.03142],[-5.88566,38.03235],[-5.88483,38.03341],[-5.88482,38.03502],[-5.88432,38.03501],[-5.88285,38.03427],[-5.88188,38.03457],[-5.8804,38.03559],[-5.8793,38.03687],[-5.87727,38.03861],[-5.87685,38.03872],[-5.87565,38.03833],[-5.87358,38.0365],[-5.86845,38.03636],[-5.862,38.03455],[-5.85968,38.03531],[-5.85764,38.03675],[-5.85676,38.03692],[-5.85587,38.0367],[-5.85432,38.03545],[-5.84249,38.03197],[-5.83429,38.03084],[-5.83197,38.0293],[-5.83091,38.02909],[-5.82635,38.0269],[-5.81992,38.02428],[-5.81663,38.02405],[-5.80892,38.02225],[-5.80838,38.02188],[-5.80769,38.0203],[-5.80616,38.01945],[-5.80438,38.01742],[-5.80406,38.0169],[-5.80416,38.01528],[-5.80363,38.01484],[-5.80204,38.01446],[-5.8013,38.01403],[-5.80039,38.01289],[-5.7994,38.01285],[-5.79798,38.0118],[-5.79668,38.01042],[-5.79237,38.0097],[-5.78866,38.00846],[-5.78831,38.00799],[-5.78822,38.00482],[-5.78792,38.00389],[-5.78748,38.0034],[-5.78602,38.00276],[-5.78396,38.00342],[-5.78313,38.00278],[-5.78247,38.00182],[-5.78253,38.00016],[-5.78193,37.99949],[-5.77859,37.99922],[-5.77695,37.99802],[-5.77541,37.99839],[-5.77449,37.99928],[-5.77404,37.99942],[-5.77189,37.99904],[-5.76821,37.99793],[-5.76699,37.99836],[-5.76664,37.99955],[-5.76693,38.00011],[-5.76683,38.00083],[-5.76568,38.00129],[-5.76344,38.00092],[-5.76225,37.99996],[-5.76094,37.99946],[-5.76025,37.99883],[-5.75993,37.99905],[-5.75982,37.9995],[-5.76006,38.00199],[-5.75983,38.003],[-5.7594,38.00354],[-5.75875,38.00393],[-5.75537,38.00448],[-5.75359,38.00429],[-5.75287,38.00491],[-5.75234,38.00661],[-5.75239,38.00748],[-5.75557,38.00786],[-5.75629,38.00838],[-5.75647,38.00951],[-5.75625,38.01029],[-5.75775,38.01198],[-5.75807,38.01312],[-5.756,38.01605],[-5.75018,38.0182],[-5.74929,38.01881],[-5.74847,38.02061],[-5.74846,38.02163],[-5.75009,38.02224],[-5.75079,38.02299],[-5.75099,38.02373],[-5.75042,38.02472],[-5.74908,38.02497],[-5.7483,38.02649],[-5.74637,38.02738],[-5.74401,38.02805],[-5.74212,38.02751],[-5.74198,38.02819],[-5.7423,38.02964],[-5.74206,38.03359],[-5.74248,38.03501],[-5.74379,38.03731],[-5.74258,38.0392],[-5.74162,38.04133],[-5.74176,38.04432],[-5.74115,38.04623],[-5.74127,38.04832],[-5.74096,38.04929],[-5.74114,38.05056],[-5.73819,38.05595],[-5.7384,38.05746],[-5.73819,38.05851],[-5.73714,38.06029],[-5.73627,38.06099],[-5.73604,38.06189],[-5.73625,38.06397],[-5.73604,38.06479],[-5.73456,38.06653],[-5.73372,38.07097],[-5.73075,38.07531],[-5.73061,38.07582],[-5.7308,38.07738],[-5.73225,38.07988],[-5.73375,38.08363],[-5.73489,38.08555],[-5.73492,38.0902],[-5.73511,38.09152],[-5.73604,38.09364],[-5.73605,38.09452],[-5.73561,38.09583],[-5.73407,38.0982],[-5.73483,38.10496],[-5.7341,38.10948],[-5.73453,38.11069],[-5.73507,38.11447],[-5.73553,38.11575],[-5.73769,38.1183],[-5.73827,38.11935],[-5.73848,38.12019],[-5.7384,38.12312],[-5.74074,38.12654],[-5.74034,38.1274],[-5.73959,38.12818],[-5.74015,38.13008],[-5.73882,38.13282],[-5.736,38.13535],[-5.73314,38.13592],[-5.7308,38.13711],[-5.72828,38.13641],[-5.72455,38.13664],[-5.72359,38.1363],[-5.72213,38.13668],[-5.71978,38.1366],[-5.71785,38.13584],[-5.71541,38.13383],[-5.71479,38.13421],[-5.71384,38.13626],[-5.71248,38.13822],[-5.71096,38.1402],[-5.70897,38.14224],[-5.7069,38.14235],[-5.70441,38.14336],[-5.70126,38.14534],[-5.69526,38.14971],[-5.69471,38.15035],[-5.69494,38.15139],[-5.69659,38.15283],[-5.69826,38.15527],[-5.69989,38.15643],[-5.7033,38.16134],[-5.70556,38.16362],[-5.70571,38.16447],[-5.70492,38.1654],[-5.70487,38.16584],[-5.70609,38.16807],[-5.70602,38.16884]]]}},{"type":"Feature","properties":{"COD_POSTAL":"41880"},"geometry":{"type":"Polygon","coordinates":[[[-6.13462,37.78898],[-6.13556,37.78923],[-6.13633,37.78854],[-6.13786,37.78825],[-6.13993,37.78834],[-6.14166,37.78729],[-6.143,37.78731],[-6.14354,37.78803],[-6.14385,37.79081],[-6.14445,37.79138],[-6.1452,37.79164],[-6.14541,37.79231],[-6.14711,37.79371],[-6.14802,37.79386],[-6.14942,37.79337],[-6.15,37.79339],[-6.15063,37.79358],[-6.15179,37.79457],[-6.15298,37.79493],[-6.15392,37.79469],[-6.15576,37.7924],[-6.15608,37.79122],[-6.15725,37.79066],[-6.15909,37.79066],[-6.16038,37.79254],[-6.16197,37.79333],[-6.16255,37.79408],[-6.16311,37.79423],[-6.16636,37.79278],[-6.16742,37.79279],[-6.16743,37.79343],[-6.16682,37.79444],[-6.16717,37.79532],[-6.16776,37.79579],[-6.16843,37.79608],[-6.17231,37.79573],[-6.17285,37.79591],[-6.17287,37.79661],[-6.17171,37.79755],[-6.17168,37.7981],[-6.17198,37.7985],[-6.173,37.79862],[-6.17641,37.79796],[-6.17787,37.79846],[-6.17815,37.79901],[-6.17829,37.80048],[-6.18081,37.80324],[-6.18098,37.80437],[-6.1814,37.8052],[-6.18321,37.80642],[-6.18403,37.80919],[-6.18506,37.80973],[-6.18766,37.80988],[-6.18989,37.80894],[-6.19206,37.80854],[-6.19343,37.80859],[-6.19534,37.80743],[-6.19874,37.80653],[-6.19927,37.80616],[-6.2024,37.80553],[-6.20449,37.80237],[-6.20757,37.80099],[-6.20839,37.80023],[-6.20855,37.79974],[-6.20828,37.79902],[-6.20731,37.79831],[-6.21216,37.79588],[-6.21281,37.795],[-6.21414,37.79404],[-6.21463,37.79227],[-6.21553,37.79124],[-6.21402,37.78956],[-6.21229,37.78623],[-6.2104,37.77967],[-6.20992,37.77717],[-6.20876,37.77378],[-6.20757,37.77133],[-6.20891,37.7694],[-6.2057,37.76603],[-6.21989,37.75447],[-6.22065,37.74961],[-6.22041,37.74852],[-6.21887,37.74655],[-6.21665,37.74455],[-6.217,37.74374],[-6.21901,37.74318],[-6.22202,37.74148],[-6.22229,37.74117],[-6.22179,37.73996],[-6.22223,37.73965],[-6.2249,37.73985],[-6.22632,37.73911],[-6.22694,37.73903],[-6.22712,37.73984],[-6.22669,37.74123],[-6.22706,37.74153],[-6.2283,37.74115],[-6.22919,37.74114],[-6.23038,37.74026],[-6.23094,37.73927],[-6.23248,37.73848],[-6.2338,37.73895],[-6.23481,37.73856],[-6.23108,37.73453],[-6.22563,37.72755],[-6.22115,37.72425],[-6.21991,37.72364],[-6.21781,37.72309],[-6.21567,37.72151],[-6.21317,37.71655],[-6.21246,37.71391],[-6.21164,37.71196],[-6.2091,37.70727],[-6.20818,37.70281],[-6.20277,37.69284],[-6.20268,37.69155],[-6.20377,37.68783],[-6.20352,37.68672],[-6.20252,37.68598],[-6.20004,37.68573],[-6.19846,37.68629],[-6.19721,37.68716],[-6.19585,37.68858],[-6.1949,37.68914],[-6.1932,37.6894],[-6.19209,37.68864],[-6.19168,37.68682],[-6.19253,37.68383],[-6.19251,37.68268],[-6.19214,37.68187],[-6.1896,37.67995],[-6.18932,37.67895],[-6.1898,37.6782],[-6.19111,37.6774],[-6.19678,37.67538],[-6.19754,37.67458],[-6.19777,37.67395],[-6.19754,37.67313],[-6.19677,37.67235],[-6.19518,37.67198],[-6.19166,37.67255],[-6.19027,37.67249],[-6.18767,37.67078],[-6.18462,37.67186],[-6.1805,37.67284],[-6.17892,37.6714],[-6.17894,37.6742],[-6.18008,37.67802],[-6.1801,37.68217],[-6.18112,37.6841],[-6.18218,37.68701],[-6.18224,37.68773],[-6.18088,37.69201],[-6.18144,37.69392],[-6.18098,37.69689],[-6.1825,37.69713],[-6.18356,37.69756],[-6.18507,37.69899],[-6.18539,37.69973],[-6.18589,37.70359],[-6.18705,37.7049],[-6.1866,37.70615],[-6.18705,37.70671],[-6.18735,37.70803],[-6.18597,37.7093],[-6.18046,37.7096],[-6.17835,37.70894],[-6.1761,37.70872],[-6.17204,37.70991],[-6.16628,37.71059],[-6.1648,37.71149],[-6.16151,37.71261],[-6.15768,37.7152],[-6.15618,37.71654],[-6.15138,37.7193],[-6.15019,37.71975],[-6.14754,37.71972],[-6.1458,37.71906],[-6.14535,37.71913],[-6.14475,37.71972],[-6.14285,37.71903],[-6.13856,37.71813],[-6.13444,37.71819],[-6.13213,37.71754],[-6.12995,37.71663],[-6.12915,37.71599],[-6.1282,37.71586],[-6.12665,37.71448],[-6.12375,37.71375],[-6.12265,37.71391],[-6.12241,37.71424],[-6.12238,37.71467],[-6.12304,37.71548],[-6.12326,37.71658],[-6.12475,37.71661],[-6.12645,37.7171],[-6.12673,37.71741],[-6.12612,37.71914],[-6.12265,37.72067],[-6.12113,37.72269],[-6.12105,37.72418],[-6.12137,37.72467],[-6.12414,37.72634],[-6.12442,37.72685],[-6.12468,37.72852],[-6.12357,37.73123],[-6.12578,37.73248],[-6.12802,37.73255],[-6.12848,37.73195],[-6.12879,37.7296],[-6.12935,37.72853],[-6.12992,37.72803],[-6.13081,37.72779],[-6.13146,37.72786],[-6.13212,37.72827],[-6.13383,37.73067],[-6.1358,37.73244],[-6.13618,37.73323],[-6.13717,37.7375],[-6.13752,37.74189],[-6.13821,37.74377],[-6.13788,37.74705],[-6.1399,37.7481],[-6.14067,37.74925],[-6.14082,37.7501],[-6.1407,37.7508],[-6.14028,37.75128],[-6.13751,37.75287],[-6.13498,37.75353],[-6.13138,37.75391],[-6.13131,37.75698],[-6.12936,37.75957],[-6.12942,37.76076],[-6.13239,37.76163],[-6.13487,37.76272],[-6.13567,37.76445],[-6.1356,37.76576],[-6.13361,37.76791],[-6.13296,37.76957],[-6.13293,37.77009],[-6.13384,37.7718],[-6.13434,37.77534],[-6.13532,37.77695],[-6.13664,37.78039],[-6.13599,37.78197],[-6.13364,37.7845],[-6.13356,37.78521],[-6.13412,37.78663],[-6.13402,37.78783],[-6.13462,37.78898]]]}},{"type":"Feature","properties":{"COD_POSTAL":"41749"},"geometry":{"type":"Polygon","coordinates":[[[-5.94142,36.85194],[-5.94297,36.85234],[-5.94541,36.85369],[-5.94561,36.85497],[-5.94538,36.85724],[-5.94838,36.85935],[-5.94987,36.85969],[-5.95245,36.86089],[-5.95644,36.86019],[-5.96057,36.86041],[-5.96511,36.86007],[-5.96599,36.86057],[-5.97034,36.86553],[-5.97126,36.86625],[-5.97332,36.8672],[-5.97723,36.86735],[-5.97745,36.86693],[-5.97799,36.86695],[-5.98089,36.86779],[-5.98982,36.87411],[-5.99244,36.87538],[-5.99446,36.87559],[-5.99613,36.87615],[-5.99779,36.87782],[-6.00207,36.88132],[-6.00485,36.88244],[-6.01019,36.88574],[-6.02136,36.88831],[-6.02522,36.8907],[-6.02565,36.89071],[-6.02668,36.89017],[-6.02982,36.88711],[-6.03203,36.88455],[-6.03357,36.88391],[-6.03204,36.87835],[-6.03147,36.87745],[-6.03034,36.87642],[-6.0328,36.87651],[-6.03942,36.87611],[-6.04278,36.87647],[-6.04519,36.87432],[-6.04864,36.87332],[-6.05047,36.8724],[-6.05114,36.87235],[-6.05115,36.87164],[-6.05217,36.8711],[-6.05254,36.87166],[-6.05258,36.87262],[-6.05293,36.87277],[-6.05752,36.87148],[-6.06015,36.86934],[-6.06411,36.86705],[-6.06616,36.86435],[-6.07149,36.86329],[-6.07543,36.86189],[-6.07608,36.86202],[-6.07639,36.86182],[-6.07961,36.85703],[-6.08054,36.85523],[-6.07964,36.85508],[-6.07851,36.85428],[-6.07657,36.85352],[-6.05059,36.85344],[-6.04279,36.85096],[-6.03909,36.85019],[-6.03638,36.84933],[-6.0336,36.84884],[-6.02751,36.84844],[-6.02125,36.84747],[-6.00405,36.84684],[-5.9902,36.84549],[-5.98101,36.84566],[-5.97768,36.8455],[-5.97501,36.8449],[-5.97312,36.84419],[-5.97075,36.84604],[-5.96608,36.84891],[-5.961,36.85127],[-5.95285,36.85313],[-5.95021,36.85265],[-5.94134,36.85192],[-5.94142,36.85194]]]}},{"type":"Feature","properties":{"COD_POSTAL":"41002"},"geometry":{"type":"Polygon","coordinates":[[[-5.9897,37.40304],[-5.99584,37.4039],[-6.00059,37.39892],[-6.00378,37.39445],[-6.00413,37.3931],[-6.00146,37.39332],[-5.99624,37.39265],[-5.99475,37.39276],[-5.99466,37.39346],[-5.99387,37.3936],[-5.99436,37.39444],[-5.99461,37.39445],[-5.99421,37.39597],[-5.99319,37.3971],[-5.99145,37.39813],[-5.99154,37.39884],[-5.99121,37.39907],[-5.99158,37.39925],[-5.99165,37.39966],[-5.99094,37.39975],[-5.99079,37.4004],[-5.99008,37.40048],[-5.99016,37.40104],[-5.98908,37.40193],[-5.98932,37.40284],[-5.9897,37.40304]]]}},{"type":"Feature","properties":{"COD_POSTAL":"41550"},"geometry":{"type":"Polygon","coordinates":[[[-5.00679,37.25798],[-5.00763,37.25592],[-5.00785,37.25401],[-5.00659,37.25205],[-5.00664,37.24976],[-5.0061,37.24839],[-5.00596,37.24686],[-4.9981,37.24273],[-4.99729,37.24207],[-4.99489,37.2387],[-4.99388,37.23779],[-4.99179,37.23321],[-4.9901,37.23004],[-4.98964,37.22955],[-4.98838,37.22927],[-4.98681,37.22946],[-4.98417,37.22936],[-4.98353,37.22975],[-4.98324,37.23052],[-4.98228,37.23056],[-4.9821,37.23088],[-4.98178,37.2309],[-4.98067,37.22788],[-4.98032,37.22932],[-4.97637,37.23102],[-4.97591,37.23305],[-4.97044,37.23761],[-4.96788,37.24082],[-4.96504,37.24301],[-4.96018,37.2431],[-4.95089,37.24039],[-4.9502,37.24104],[-4.95017,37.24446],[-4.94963,37.2459],[-4.9511,37.25339],[-4.95055,37.25411],[-4.95085,37.25922],[-4.95115,37.26034],[-4.95319,37.26434],[-4.95438,37.26783],[-4.9563,37.26623],[-4.95926,37.26473],[-4.96446,37.26299],[-4.97918,37.2588],[-4.98647,37.25736],[-4.9866,37.26039],[-4.98605,37.26578],[-4.99516,37.26488],[-5.00118,37.26531],[-4.99956,37.26236],[-4.99898,37.26075],[-5.00503,37.2625],[-5.00551,37.26257],[-5.00572,37.2622],[-5.00714,37.26209],[-5.00816,37.26063],[-5.00748,37.26011],[-5.0076,37.25883],[-5.00677,37.25821],[-5.00679,37.25798]]]}},{"type":"Feature","properties":{"COD_POSTAL":"41004"},"geometry":{"type":"Polygon","coordinates":[[[-5.99383,37.38501],[-5.9936,37.38264],[-5.99294,37.38206],[-5.99374,37.38027],[-5.98514,37.378],[-5.98465,37.37733],[-5.98532,37.37611],[-5.98277,37.37573],[-5.9821,37.37603],[-5.98044,37.37581],[-5.97937,37.37593],[-5.97958,37.37695],[-5.97898,37.37838],[-5.98365,37.37956],[-5.98345,37.38048],[-5.98404,37.3819],[-5.98427,37.38322],[-5.98423,37.38435],[-5.9839,37.38469],[-5.98603,37.38543],[-5.98621,37.3858],[-5.98664,37.38596],[-5.9859,37.38659],[-5.98584,37.38675],[-5.98629,37.38692],[-5.9858,37.38778],[-5.98655,37.38798],[-5.98696,37.38823],[-5.98675,37.38846],[-5.98802,37.389],[-5.98831,37.38988],[-5.98908,37.3898],[-5.98892,37.39037],[-5.98935,37.39056],[-5.98915,37.39088],[-5.99005,37.39136],[-5.99,37.39224],[-5.99121,37.3921],[-5.99234,37.39219],[-5.99261,37.39231],[-5.99259,37.39265],[-5.99532,37.39266],[-5.99531,37.39112],[-5.99459,37.39102],[-5.99476,37.38991],[-5.99448,37.38914],[-5.99426,37.38917],[-5.99442,37.38824],[-5.99386,37.38506],[-5.99383,37.38501]]]}},{"type":"Feature","properties":{"COD_POSTAL":"41900"},"geometry":{"type":"Polygon","coordinates":[[[-6.01798,37.41539],[-6.02083,37.41787],[-6.02301,37.41933],[-6.02848,37.42241],[-6.03014,37.42405],[-6.03495,37.42312],[-6.03432,37.42123],[-6.03749,37.41982],[-6.03901,37.41943],[-6.04169,37.41658],[-6.04352,37.41549],[-6.04377,37.41305],[-6.04321,37.41188],[-6.04325,37.41147],[-6.04432,37.41022],[-6.04594,37.40915],[-6.04599,37.40853],[-6.04559,37.40728],[-6.04566,37.40629],[-6.04628,37.40546],[-6.04796,37.40423],[-6.04815,37.40385],[-6.04795,37.40325],[-6.0488,37.40069],[-6.05072,37.39979],[-6.05284,37.39979],[-6.05638,37.40053],[-6.06227,37.39967],[-6.06295,37.3974],[-6.0628,37.3968],[-6.06185,37.39576],[-6.06077,37.39317],[-6.0571,37.3928],[-6.05464,37.39194],[-6.05224,37.39175],[-6.04958,37.39075],[-6.04733,37.39025],[-6.04408,37.39647],[-6.03876,37.3945],[-6.03421,37.39331],[-6.03363,37.39038],[-6.03445,37.38799],[-6.03435,37.38435],[-6.03493,37.38277],[-6.03659,37.38144],[-6.03622,37.38088],[-6.03471,37.38056],[-6.03382,37.37786],[-6.03315,37.37788],[-6.03272,37.37772],[-6.03241,37.37724],[-6.03103,37.3769],[-6.02986,37.37792],[-6.02563,37.38032],[-6.02239,37.38109],[-6.02298,37.38169],[-6.02464,37.38568],[-6.02495,37.3881],[-6.02481,37.3919],[-6.02442,37.39265],[-6.02319,37.39396],[-6.0192,37.39695],[-6.01809,37.39983],[-6.01568,37.40079],[-6.01544,37.40275],[-6.01563,37.40526],[-6.01504,37.40764],[-6.01375,37.41018],[-6.01269,37.41322],[-6.01405,37.41374],[-6.01461,37.41304],[-6.01581,37.4138],[-6.01798,37.41539]]]}},{"type":"Feature","properties":{"COD_POSTAL":"41568"},"geometry":{"type":"Polygon","coordinates":[[[-5.03329,37.33818],[-5.03341,37.33712],[-5.03551,37.33352],[-5.0358,37.33245],[-5.03579,37.32853],[-5.03511,37.32779],[-5.03379,37.32769],[-5.02751,37.31193],[-5.02231,37.31182],[-5.01985,37.31337],[-5.01846,37.31462],[-5.01807,37.31585],[-5.01737,37.31666],[-5.0146,37.31861],[-5.01436,37.31962],[-5.01319,37.32201],[-5.01334,37.32396],[-5.01287,37.32486],[-5.01242,37.32533],[-5.01219,37.3261],[-5.01132,37.32652],[-5.01085,37.32739],[-5.00928,37.32858],[-5.01069,37.33231],[-5.01096,37.33408],[-5.00841,37.33427],[-5.00843,37.33792],[-5.00753,37.33794],[-5.00732,37.33445],[-5.00601,37.33447],[-5.00587,37.3338],[-5.00253,37.33405],[-5.00225,37.33352],[-5.00251,37.33077],[-5.00012,37.33059],[-5.00104,37.32847],[-5.00177,37.32761],[-4.99762,37.32614],[-4.99581,37.32574],[-4.9951,37.3259],[-4.99542,37.3269],[-4.99488,37.32716],[-4.99459,37.32767],[-4.98983,37.32664],[-4.9892,37.32853],[-4.99,37.32989],[-4.98927,37.33081],[-4.99017,37.33189],[-4.99041,37.33446],[-4.98929,37.33614],[-4.98867,37.338],[-4.98762,37.33821],[-4.98799,37.3398],[-4.98692,37.34459],[-4.98659,37.34511],[-4.98468,37.34642],[-4.98339,37.34915],[-4.98173,37.35065],[-4.98167,37.35106],[-4.98195,37.35152],[-4.98296,37.3526],[-4.98022,37.35393],[-4.97974,37.35487],[-4.98094,37.35823],[-4.98124,37.3586],[-4.98261,37.35917],[-4.98212,37.36154],[-4.98223,37.36176],[-4.9836,37.36219],[-4.98397,37.36396],[-4.98475,37.36507],[-4.98593,37.36773],[-4.988,37.36875],[-4.98898,37.36964],[-4.99213,37.36827],[-5.00079,37.36848],[-5.00175,37.36814],[-5.01248,37.36875],[-5.02174,37.36897],[-5.02887,37.37018],[-5.02818,37.36833],[-5.02759,37.36532],[-5.02663,37.36442],[-5.02681,37.36039],[-5.02655,37.35854],[-5.028,37.35647],[-5.03139,37.35292],[-5.03279,37.35103],[-5.03493,37.34977],[-5.03539,37.34855],[-5.03773,37.34671],[-5.03784,37.3451],[-5.03573,37.3429],[-5.03477,37.34058],[-5.03349,37.33868],[-5.03329,37.33818]]]}},{"type":"Feature","properties":{"COD_POSTAL":"41219"},"geometry":{"type":"Polygon","coordinates":[[[-6.18188,37.6862],[-6.18112,37.6841],[-6.1801,37.68217],[-6.18008,37.67802],[-6.17894,37.6742],[-6.17892,37.6714],[-6.17775,37.67117],[-6.17476,37.67202],[-6.17366,37.67197],[-6.17181,37.6714],[-6.16846,37.66964],[-6.16812,37.66841],[-6.16726,37.66677],[-6.16551,37.66467],[-6.16501,37.66352],[-6.16293,37.66093],[-6.16281,37.66033],[-6.1633,37.65863],[-6.1633,37.65737],[-6.16289,37.65641],[-6.16189,37.65531],[-6.16163,37.65309],[-6.15931,37.65064],[-6.15788,37.65085],[-6.15721,37.65068],[-6.15605,37.64805],[-6.15497,37.64691],[-6.15359,37.64595],[-6.15305,37.64386],[-6.15154,37.64174],[-6.14966,37.63985],[-6.14688,37.63547],[-6.14628,37.63486],[-6.1448,37.63415],[-6.14302,37.63375],[-6.14187,37.63125],[-6.14073,37.62985],[-6.13935,37.62877],[-6.13509,37.62721],[-6.13491,37.62691],[-6.13456,37.62395],[-6.13339,37.62179],[-6.13281,37.61905],[-6.13203,37.61695],[-6.13002,37.61353],[-6.12886,37.6125],[-6.1282,37.61065],[-6.12883,37.60647],[-6.13058,37.60355],[-6.13131,37.60181],[-6.13138,37.60089],[-6.13108,37.59951],[-6.13125,37.59845],[-6.13064,37.59508],[-6.13086,37.59351],[-6.1316,37.5929],[-6.13185,37.59227],[-6.13124,37.58712],[-6.13128,37.58481],[-6.13047,37.583],[-6.13065,37.581],[-6.13031,37.57849],[-6.13104,37.57667],[-6.13009,37.5744],[-6.12932,37.57322],[-6.12944,37.5723],[-6.12807,37.57115],[-6.127,37.57102],[-6.12654,37.57123],[-6.12629,37.57109],[-6.12614,37.57031],[-6.12536,37.57011],[-6.12444,37.57071],[-6.12405,37.57031],[-6.12375,37.57044],[-6.12361,37.57098],[-6.12315,37.5712],[-6.12275,37.57009],[-6.12169,37.56959],[-6.12159,37.56873],[-6.12043,37.56787],[-6.12054,37.56719],[-6.11906,37.56699],[-6.11969,37.56521],[-6.12004,37.56464],[-6.12113,37.56402],[-6.12093,37.56323],[-6.12175,37.56277],[-6.1219,37.56236],[-6.1213,37.56171],[-6.12029,37.56137],[-6.11946,37.5607],[-6.11967,37.55922],[-6.11949,37.55883],[-6.11851,37.55807],[-6.11841,37.5577],[-6.1194,37.55636],[-6.11935,37.55564],[-6.1169,37.55422],[-6.11666,37.55329],[-6.11631,37.55288],[-6.11542,37.55291],[-6.11414,37.5537],[-6.11343,37.55362],[-6.11302,37.5532],[-6.11268,37.55209],[-6.11296,37.55174],[-6.11399,37.55171],[-6.1144,37.55145],[-6.11476,37.54948],[-6.11462,37.549],[-6.11325,37.547],[-6.10882,37.54415],[-6.10864,37.54232],[-6.10711,37.54125],[-6.10633,37.54004],[-6.10622,37.53915],[-6.10663,37.538],[-6.10645,37.53733],[-6.10471,37.53585],[-6.10364,37.53199],[-6.10261,37.52985],[-6.06634,37.57815],[-6.14218,37.67591],[-6.18188,37.6862]]]}},{"type":"Feature","properties":{"COD_POSTAL":"41012"},"geometry":{"type":"Polygon","coordinates":[[[-5.97116,37.33867],[-5.97602,37.34712],[-5.97666,37.35027],[-5.97729,37.35165],[-5.98696,37.36788],[-5.98782,37.36928],[-5.98827,37.36929],[-5.98925,37.37098],[-5.99057,37.37071],[-5.98942,37.37113],[-5.99111,37.37419],[-5.99099,37.37586],[-5.99155,37.37606],[-5.99327,37.37553],[-5.99296,37.3748],[-5.9925,37.36927],[-5.99339,37.34816],[-5.99457,37.33424],[-5.9927,37.33217],[-5.99138,37.32284],[-5.9923,37.31787],[-5.98306,37.31607],[-5.98322,37.31899],[-5.98565,37.32745],[-5.98565,37.3337],[-5.98393,37.33854],[-5.98261,37.34009],[-5.97953,37.34088],[-5.9723,37.33907],[-5.97108,37.33847],[-5.97116,37.33867]]]}},{"type":"Feature","properties":{"COD_POSTAL":"41240"},"geometry":{"type":"Polygon","coordinates":[[[-5.9559,37.90767],[-5.95665,37.90793],[-5.95903,37.90776],[-5.96401,37.90955],[-5.96705,37.90931],[-5.96834,37.90957],[-5.9742,37.91153],[-5.97576,37.91296],[-5.97963,37.91524],[-5.9833,37.9157],[-5.98555,37.91634],[-5.99047,37.91593],[-5.99137,37.91609],[-5.99313,37.91657],[-5.99489,37.91827],[-5.99818,37.91936],[-6.00665,37.92112],[-6.02424,37.91955],[-6.02757,37.91866],[-6.03456,37.91832],[-6.03896,37.91612],[-6.0442,37.91649],[-6.04991,37.91825],[-6.05434,37.91886],[-6.0602,37.92065],[-6.06235,37.92067],[-6.06402,37.91998],[-6.06536,37.92082],[-6.06632,37.92107],[-6.06939,37.92116],[-6.07691,37.91917],[-6.08161,37.91951],[-6.0836,37.91884],[-6.08729,37.91855],[-6.08795,37.91873],[-6.09044,37.91858],[-6.09634,37.91891],[-6.10276,37.91697],[-6.1048,37.91585],[-6.10687,37.91355],[-6.11218,37.91148],[-6.11507,37.90831],[-6.12318,37.90432],[-6.12406,37.90317],[-6.1251,37.90334],[-6.12539,37.9022],[-6.12539,37.90091],[-6.13631,37.89573],[-6.13873,37.89167],[-6.14047,37.88743],[-6.14151,37.88634],[-6.14142,37.88499],[-6.14445,37.88464],[-6.14598,37.88385],[-6.14845,37.88118],[-6.14913,37.87998],[-6.15,37.87745],[-6.15084,37.87648],[-6.15174,37.87601],[-6.15876,37.87374],[-6.15968,37.87286],[-6.16047,37.8711],[-6.16064,37.87006],[-6.16064,37.86795],[-6.16023,37.86589],[-6.16048,37.86549],[-6.16369,37.86328],[-6.16429,37.86201],[-6.16439,37.86047],[-6.16389,37.85842],[-6.16309,37.8573],[-6.15955,37.85435],[-6.15731,37.85363],[-6.15412,37.85336],[-6.15173,37.85376],[-6.15005,37.85448],[-6.14637,37.85682],[-6.14496,37.85689],[-6.14395,37.85665],[-6.14255,37.85606],[-6.14216,37.85567],[-6.14181,37.8549],[-6.14201,37.85283],[-6.14031,37.85009],[-6.13944,37.848],[-6.13843,37.84433],[-6.13783,37.84386],[-6.13521,37.84289],[-6.13458,37.8417],[-6.13464,37.84072],[-6.13526,37.83873],[-6.13471,37.83615],[-6.13542,37.83493],[-6.12987,37.83268],[-6.12959,37.83234],[-6.12908,37.82875],[-6.12853,37.82768],[-6.12694,37.82581],[-6.12621,37.8241],[-6.12626,37.82318],[-6.12695,37.82135],[-6.12595,37.81855],[-6.12567,37.81812],[-6.12234,37.81738],[-6.12166,37.81659],[-6.12175,37.81557],[-6.12452,37.81262],[-6.12713,37.81146],[-6.12648,37.81049],[-6.12616,37.80811],[-6.1243,37.80476],[-6.12482,37.80318],[-6.12468,37.80089],[-6.12484,37.80027],[-6.12643,37.79717],[-6.12763,37.79609],[-6.12907,37.7958],[-6.13339,37.7958],[-6.13685,37.79615],[-6.1382,37.79546],[-6.13793,37.79413],[-6.13501,37.79154],[-6.13368,37.78961],[-6.13375,37.78843],[-6.13416,37.78704],[-6.13356,37.78521],[-6.13364,37.7845],[-6.13599,37.78197],[-6.13664,37.78039],[-6.13532,37.77695],[-6.13434,37.77534],[-6.13384,37.7718],[-6.13293,37.77009],[-6.13152,37.77023],[-6.12937,37.76976],[-6.12618,37.77024],[-6.12505,37.77063],[-6.1238,37.77189],[-6.11088,37.77411],[-6.10966,37.77385],[-6.10794,37.77397],[-6.10648,37.77338],[-6.10299,37.77256],[-6.10231,37.77265],[-6.09846,37.77421],[-6.09376,37.77486],[-6.09018,37.77629],[-6.08736,37.7768],[-6.08603,37.77752],[-6.08496,37.77771],[-6.08312,37.77879],[-6.07534,37.78228],[-6.07497,37.78267],[-6.07451,37.78425],[-6.07423,37.78469],[-6.07375,37.78489],[-6.07085,37.78541],[-6.06962,37.78416],[-6.06821,37.7835],[-6.06691,37.78331],[-6.06642,37.78403],[-6.06634,37.78516],[-6.06544,37.78601],[-6.06536,37.78708],[-6.06505,37.78737],[-6.06322,37.78779],[-6.06235,37.78767],[-6.0603,37.78591],[-6.05919,37.78582],[-6.05745,37.78612],[-6.05538,37.78558],[-6.05429,37.78556],[-6.05304,37.78617],[-6.05222,37.78587],[-6.05035,37.78638],[-6.04843,37.78643],[-6.04619,37.78598],[-6.04527,37.78499],[-6.0447,37.78471],[-6.04329,37.78459],[-6.04229,37.78411],[-6.04162,37.78414],[-6.04081,37.78505],[-6.04045,37.78508],[-6.03739,37.78405],[-6.04047,37.78299],[-6.04055,37.78276],[-6.03811,37.78191],[-6.03251,37.78167],[-6.03177,37.78096],[-6.03156,37.7793],[-6.03125,37.77906],[-6.02822,37.77931],[-6.027,37.77986],[-6.0252,37.77961],[-6.0242,37.78095],[-6.02437,37.7819],[-6.02406,37.78313],[-6.02512,37.78428],[-6.02395,37.786],[-6.02335,37.78781],[-6.02342,37.78861],[-6.02585,37.79239],[-6.02594,37.79311],[-6.02565,37.79393],[-6.02449,37.79588],[-6.02343,37.79611],[-6.02196,37.79608],[-6.02153,37.79643],[-6.02073,37.79812],[-6.02048,37.79825],[-6.01681,37.79691],[-6.01583,37.79722],[-6.01407,37.79835],[-6.013,37.79819],[-6.01119,37.79731],[-6.01028,37.79726],[-6.00678,37.79806],[-6.00632,37.79836],[-6.00591,37.79945],[-6.00311,37.79886],[-6.00248,37.79897],[-6.00079,37.79978],[-6.00208,37.80116],[-6.00209,37.80166],[-6.00186,37.8018],[-5.99893,37.80104],[-5.99865,37.79825],[-5.99745,37.79704],[-5.99631,37.79676],[-5.99383,37.7968],[-5.99108,37.79508],[-5.99107,37.79281],[-5.9906,37.79261],[-5.98971,37.79289],[-5.98862,37.79449],[-5.98789,37.79515],[-5.98658,37.79566],[-5.98279,37.79446],[-5.98171,37.79434],[-5.97978,37.79439],[-5.97781,37.79521],[-5.97585,37.79515],[-5.97525,37.79473],[-5.97484,37.79367],[-5.97424,37.79343],[-5.97363,37.7935],[-5.97166,37.79419],[-5.96791,37.79609],[-5.9675,37.79643],[-5.96807,37.79772],[-5.96659,37.7983],[-5.96506,37.79824],[-5.96402,37.79737],[-5.96103,37.79608],[-5.95652,37.79485],[-5.95552,37.79529],[-5.95438,37.79661],[-5.95345,37.79679],[-5.95137,37.7958],[-5.9505,37.79485],[-5.94566,37.79518],[-5.94349,37.79366],[-5.93899,37.79228],[-5.93849,37.79086],[-5.93775,37.78977],[-5.93621,37.78835],[-5.93209,37.78779],[-5.93176,37.78728],[-5.9318,37.78625],[-5.93265,37.78304],[-5.93223,37.78253],[-5.93081,37.78229],[-5.92596,37.78292],[-5.92426,37.78411],[-5.92072,37.78504],[-5.92015,37.78559],[-5.91892,37.78821],[-5.91586,37.78919],[-5.91358,37.79038],[-5.91124,37.79103],[-5.90966,37.79411],[-5.90729,37.79693],[-5.90847,37.8035],[-5.90871,37.80425],[-5.90927,37.80471],[-5.91291,37.80694],[-5.91586,37.80781],[-5.92036,37.80868],[-5.92104,37.80892],[-5.92215,37.81],[-5.92372,37.8142],[-5.92397,37.81522],[-5.92387,37.81582],[-5.91907,37.82232],[-5.91858,37.82394],[-5.91962,37.82564],[-5.92228,37.8282],[-5.92264,37.82897],[-5.92305,37.83231],[-5.92401,37.83504],[-5.92427,37.838],[-5.92456,37.83872],[-5.92577,37.8397],[-5.92762,37.84002],[-5.92975,37.84085],[-5.9319,37.84042],[-5.93324,37.84051],[-5.9344,37.84215],[-5.93507,37.84488],[-5.93578,37.84582],[-5.93752,37.84669],[-5.94296,37.84858],[-5.93835,37.85282],[-5.93623,37.85521],[-5.9334,37.8573],[-5.93254,37.85855],[-5.92944,37.86059],[-5.92833,37.86157],[-5.93027,37.86313],[-5.9334,37.86514],[-5.93781,37.86598],[-5.93894,37.86643],[-5.93915,37.86692],[-5.93854,37.86914],[-5.94045,37.87037],[-5.94225,37.871],[-5.94529,37.87092],[-5.95363,37.87364],[-5.95492,37.87429],[-5.95608,37.87542],[-5.95711,37.87589],[-5.9586,37.87779],[-5.95988,37.87829],[-5.9623,37.87849],[-5.96288,37.87893],[-5.96253,37.88025],[-5.96072,37.88392],[-5.96035,37.88562],[-5.96061,37.88683],[-5.96229,37.88912],[-5.96235,37.88983],[-5.96142,37.89082],[-5.96009,37.89156],[-5.95884,37.89185],[-5.95456,37.89204],[-5.95437,37.89237],[-5.95501,37.89613],[-5.9566,37.90182],[-5.95614,37.90373],[-5.95468,37.90689],[-5.95435,37.90702],[-5.9559,37.90767]]]}},{"type":"Feature","properties":{"COD_POSTAL":"41120"},"geometry":{"type":"MultiPolygon","coordinates":[[[[-6.10536,37.3401],[-6.10547,37.34044],[-6.10608,37.34024],[-6.10651,37.34106],[-6.10594,37.34184],[-6.10602,37.34213],[-6.10641,37.34223],[-6.11408,37.34209],[-6.11531,37.34109],[-6.11875,37.34031],[-6.12007,37.3404],[-6.1203,37.3387],[-6.11915,37.33461],[-6.1176,37.3339],[-6.11759,37.3312],[-6.11806,37.32956],[-6.11577,37.32948],[-6.11541,37.32997],[-6.11391,37.32898],[-6.11415,37.32842],[-6.11323,37.32796],[-6.11217,37.32856],[-6.10957,37.32891],[-6.10616,37.32806],[-6.1055,37.32956],[-6.10382,37.32971],[-6.10296,37.32951],[-6.10262,37.33055],[-6.10724,37.33168],[-6.10775,37.33237],[-6.10955,37.33239],[-6.11051,37.33311],[-6.11034,37.33375],[-6.11006,37.3338],[-6.1072,37.33299],[-6.10757,37.33344],[-6.10719,37.33393],[-6.10473,37.33295],[-6.10421,37.33343],[-6.10425,37.33441],[-6.10551,37.33745],[-6.10571,37.33888],[-6.10551,37.33979],[-6.10536,37.3401]]],[[[-6.00309,37.3203],[-6.0031,37.32123],[-6.00372,37.32288],[-6.00549,37.32509],[-6.01306,37.33009],[-6.01638,37.33341],[-6.02142,37.33716],[-6.02244,37.34137],[-6.02266,37.34481],[-6.02242,37.35035],[-6.02321,37.35009],[-6.02667,37.35023],[-6.02836,37.35001],[-6.02947,37.34931],[-6.03114,37.34873],[-6.03202,37.3488],[-6.03306,37.34852],[-6.03225,37.34685],[-6.03319,37.34534],[-6.03293,37.34374],[-6.0325,37.34313],[-6.03072,37.34259],[-6.03199,37.34236],[-6.03477,37.34059],[-6.03397,37.33921],[-6.03361,37.33801],[-6.0334,37.33534],[-6.03473,37.32902],[-6.03538,37.32744],[-6.03514,37.32619],[-6.03669,37.32556],[-6.03704,37.3225],[-6.03574,37.32144],[-6.03355,37.31883],[-6.0328,37.3182],[-6.0321,37.31836],[-6.03038,37.31631],[-6.02747,37.31402],[-6.02727,37.31373],[-6.02731,37.31233],[-6.02362,37.31514],[-6.02196,37.31672],[-6.01824,37.31753],[-6.01494,37.31511],[-6.014,37.31485],[-6.00499,37.31854],[-6.00341,37.31976],[-6.00309,37.3203]]]]}},{"type":"Feature","properties":{"COD_POSTAL":"41928"},"geometry":{"type":"Polygon","coordinates":[[[-6.0798,37.32273],[-6.08039,37.32246],[-6.08103,37.32069],[-6.08283,37.32225],[-6.08606,37.32078],[-6.08586,37.32013],[-6.08541,37.32021],[-6.08452,37.31938],[-6.08546,37.31825],[-6.08682,37.31683],[-6.08982,37.3169],[-6.08981,37.31657],[-6.08919,37.31594],[-6.08898,37.31466],[-6.08759,37.31132],[-6.08663,37.31022],[-6.0863,37.30889],[-6.08543,37.30753],[-6.0849,37.30613],[-6.08295,37.30345],[-6.08152,37.30269],[-6.08133,37.30174],[-6.0807,37.30024],[-6.0797,37.29868],[-6.07957,37.29796],[-6.0792,37.29745],[-6.07786,37.29651],[-6.07506,37.29905],[-6.07365,37.30097],[-6.07222,37.30814],[-6.07097,37.30801],[-6.06152,37.30543],[-6.05861,37.30519],[-6.05369,37.30411],[-6.05229,37.30417],[-6.05205,37.30477],[-6.0514,37.30443],[-6.05145,37.30387],[-6.0498,37.30412],[-6.04084,37.29973],[-6.0396,37.29803],[-6.04027,37.29788],[-6.04026,37.29765],[-6.03603,37.29957],[-6.0327,37.3002],[-6.03289,37.3005],[-6.03292,37.3021],[-6.03175,37.30945],[-6.03007,37.31033],[-6.02731,37.31233],[-6.02727,37.31373],[-6.02747,37.31402],[-6.03038,37.31631],[-6.0321,37.31836],[-6.0328,37.3182],[-6.03355,37.31883],[-6.03574,37.32144],[-6.03704,37.3225],[-6.03669,37.32556],[-6.03514,37.32619],[-6.03538,37.32744],[-6.03698,37.32758],[-6.03801,37.32876],[-6.03865,37.32897],[-6.03895,37.3297],[-6.04014,37.33095],[-6.04084,37.33066],[-6.0418,37.33184],[-6.0448,37.33008],[-6.04592,37.32979],[-6.04667,37.33034],[-6.04691,37.33173],[-6.04716,37.33201],[-6.04814,37.33222],[-6.04983,37.33215],[-6.05019,37.33195],[-6.05275,37.32809],[-6.05432,37.32638],[-6.055,37.32603],[-6.05617,37.32678],[-6.05656,37.32851],[-6.05848,37.32803],[-6.05946,37.3291],[-6.06167,37.32806],[-6.0641,37.32799],[-6.06726,37.32732],[-6.06751,37.32678],[-6.06994,37.32566],[-6.07145,37.32463],[-6.07228,37.32458],[-6.07823,37.32294],[-6.0798,37.32273]]]}},{"type":"Feature","properties":{"COD_POSTAL":"41429"},"geometry":{"type":"Polygon","coordinates":[[[-5.35706,37.59372],[-5.35733,37.59505],[-5.35703,37.59658],[-5.35841,37.59806],[-5.35733,37.59962],[-5.35805,37.60072],[-5.35786,37.60246],[-5.35868,37.60333],[-5.359,37.6043],[-5.35993,37.60545],[-5.3623,37.60628],[-5.36369,37.60593],[-5.36428,37.60655],[-5.36538,37.60646],[-5.36682,37.60693],[-5.36853,37.60682],[-5.36924,37.60787],[-5.37009,37.60812],[-5.37079,37.60885],[-5.37227,37.60963],[-5.37342,37.60917],[-5.37482,37.60938],[-5.3756,37.61014],[-5.37717,37.60993],[-5.37777,37.61039],[-5.37826,37.61013],[-5.379,37.61065],[-5.3812,37.61091],[-5.38152,37.61178],[-5.38092,37.61313],[-5.38203,37.61455],[-5.38273,37.61469],[-5.38439,37.61437],[-5.38622,37.61674],[-5.38675,37.6171],[-5.3881,37.61718],[-5.38817,37.6183],[-5.38879,37.61876],[-5.38934,37.61997],[-5.38962,37.62018],[-5.39074,37.62012],[-5.39186,37.62064],[-5.39193,37.62104],[-5.39151,37.62211],[-5.39177,37.62386],[-5.39575,37.62217],[-5.40433,37.61786],[-5.41188,37.61317],[-5.42707,37.59865],[-5.43258,37.59721],[-5.43638,37.59573],[-5.44217,37.59427],[-5.4552,37.59177],[-5.45807,37.59011],[-5.46013,37.58924],[-5.46653,37.58835],[-5.47383,37.58608],[-5.48337,37.5844],[-5.48869,37.58291],[-5.49089,37.58278],[-5.49168,37.58314],[-5.49322,37.5826],[-5.49395,37.58298],[-5.49492,37.58312],[-5.49622,37.58273],[-5.4959,37.58134],[-5.49109,37.57282],[-5.48689,37.5675],[-5.48534,37.56477],[-5.48412,37.56128],[-5.48231,37.55372],[-5.48158,37.55327],[-5.47748,37.55194],[-5.47677,37.55119],[-5.47445,37.54485],[-5.47397,37.54201],[-5.4723,37.53804],[-5.4712,37.53605],[-5.47025,37.53314],[-5.4692,37.53101],[-5.46853,37.52695],[-5.46772,37.52457],[-5.46657,37.52289],[-5.46449,37.51842],[-5.46298,37.51576],[-5.45709,37.5001],[-5.45679,37.49968],[-5.4561,37.4996],[-5.45435,37.49996],[-5.454,37.50068],[-5.45268,37.50164],[-5.44391,37.50462],[-5.44,37.5055],[-5.43555,37.50705],[-5.43105,37.50738],[-5.42895,37.50719],[-5.42414,37.50814],[-5.39892,37.50986],[-5.39597,37.50889],[-5.38306,37.50587],[-5.37987,37.50543],[-5.37922,37.50552],[-5.37812,37.50617],[-5.35576,37.51012],[-5.34474,37.5109],[-5.33505,37.51331],[-5.33505,37.52247],[-5.33385,37.52787],[-5.33383,37.53087],[-5.33469,37.53385],[-5.33561,37.53517],[-5.33616,37.53806],[-5.33721,37.54141],[-5.33855,37.54248],[-5.34048,37.55061],[-5.34061,37.55771],[-5.34128,37.56092],[-5.34095,37.56288],[-5.34102,37.56642],[-5.3427,37.56921],[-5.34486,37.57145],[-5.34612,37.57396],[-5.34826,37.58205],[-5.34757,37.58518],[-5.35186,37.58429],[-5.35399,37.58423],[-5.35745,37.58457],[-5.35815,37.58514],[-5.35827,37.58619],[-5.35677,37.58854],[-5.35712,37.5901],[-5.35681,37.59326],[-5.35706,37.59372]]]}},{"type":"Feature","properties":{"COD_POSTAL":"41565"},"geometry":{"type":"Polygon","coordinates":[[[-4.87781,37.26198],[-4.87686,37.26428],[-4.87869,37.27068],[-4.88512,37.27265],[-4.88889,37.27507],[-4.89704,37.27828],[-4.8983,37.27963],[-4.91278,37.27617],[-4.9104,37.27547],[-4.9121,37.27264],[-4.9169,37.26794],[-4.91894,37.26792],[-4.92084,37.26694],[-4.92361,37.26326],[-4.92427,37.26122],[-4.92826,37.26304],[-4.92885,37.26216],[-4.93369,37.26466],[-4.93453,37.26376],[-4.93584,37.26363],[-4.93807,37.26431],[-4.9401,37.26515],[-4.94223,37.26644],[-4.94743,37.26899],[-4.94964,37.27094],[-4.95438,37.26783],[-4.95319,37.26434],[-4.95115,37.26034],[-4.95085,37.25922],[-4.95055,37.25411],[-4.9511,37.25339],[-4.94963,37.2459],[-4.95017,37.24446],[-4.9502,37.24104],[-4.95049,37.2407],[-4.95089,37.24039],[-4.96018,37.2431],[-4.96504,37.24301],[-4.96788,37.24082],[-4.97044,37.23761],[-4.97591,37.23305],[-4.97637,37.23102],[-4.98032,37.22932],[-4.98067,37.22788],[-4.98178,37.2309],[-4.9821,37.23088],[-4.98228,37.23056],[-4.98324,37.23052],[-4.98353,37.22975],[-4.98417,37.22936],[-4.98681,37.22946],[-4.98838,37.22927],[-4.98964,37.22955],[-4.98557,37.22276],[-4.98304,37.21763],[-4.98049,37.21078],[-4.97852,37.20759],[-4.97122,37.19348],[-4.96968,37.19078],[-4.96924,37.19051],[-4.96695,37.18482],[-4.96586,37.1811],[-4.96645,37.18047],[-4.96173,37.17369],[-4.95731,37.17417],[-4.95771,37.17756],[-4.95985,37.18113],[-4.9583,37.18283],[-4.95636,37.18362],[-4.94996,37.17797],[-4.94696,37.17808],[-4.94423,37.17747],[-4.94376,37.17669],[-4.94178,37.17705],[-4.93786,37.18201],[-4.93701,37.18402],[-4.93958,37.18704],[-4.94095,37.18968],[-4.93875,37.19164],[-4.93808,37.19078],[-4.93757,37.1909],[-4.93509,37.19343],[-4.93757,37.19463],[-4.93582,37.19643],[-4.93346,37.19527],[-4.93041,37.19205],[-4.92941,37.193],[-4.92399,37.19339],[-4.92411,37.19581],[-4.92622,37.20219],[-4.92429,37.20331],[-4.92318,37.20498],[-4.924,37.20716],[-4.92695,37.20608],[-4.92759,37.20604],[-4.92832,37.20663],[-4.929,37.20623],[-4.9304,37.20646],[-4.93202,37.20958],[-4.93249,37.21096],[-4.93154,37.21383],[-4.93168,37.21739],[-4.93298,37.22032],[-4.93141,37.22386],[-4.93077,37.22651],[-4.92984,37.22752],[-4.92795,37.2289],[-4.9272,37.23098],[-4.92544,37.23214],[-4.92478,37.23207],[-4.92201,37.23088],[-4.92176,37.23199],[-4.92223,37.23191],[-4.9222,37.23307],[-4.91586,37.23239],[-4.91051,37.23353],[-4.90945,37.23354],[-4.90588,37.23456],[-4.90614,37.23503],[-4.90252,37.2367],[-4.9029,37.23726],[-4.9022,37.23773],[-4.90249,37.23806],[-4.90115,37.23906],[-4.89972,37.23912],[-4.89814,37.23973],[-4.89948,37.24258],[-4.89959,37.24369],[-4.89829,37.24411],[-4.89849,37.24586],[-4.89689,37.24586],[-4.89722,37.24711],[-4.89846,37.24716],[-4.89847,37.24768],[-4.89687,37.24799],[-4.89661,37.24752],[-4.89631,37.24773],[-4.89689,37.24913],[-4.89666,37.2492],[-4.8943,37.24763],[-4.88905,37.24599],[-4.88686,37.24677],[-4.88586,37.24661],[-4.88535,37.24609],[-4.8848,37.24606],[-4.88548,37.24802],[-4.88659,37.24912],[-4.87664,37.24845],[-4.86815,37.24944],[-4.86711,37.24633],[-4.86482,37.24707],[-4.86326,37.24712],[-4.86392,37.25089],[-4.85892,37.25148],[-4.86584,37.25267],[-4.86788,37.25457],[-4.87294,37.25505],[-4.87319,37.25604],[-4.87776,37.25949],[-4.87792,37.26155],[-4.87781,37.26198]]]}},{"type":"Feature","properties":{"COD_POSTAL":"41889"},"geometry":{"type":"Polygon","coordinates":[[[-6.18817,37.67103],[-6.19027,37.67249],[-6.19166,37.67255],[-6.19547,37.67199],[-6.19677,37.67235],[-6.19754,37.67313],[-6.19775,37.67422],[-6.19678,37.67538],[-6.19111,37.6774],[-6.1898,37.6782],[-6.18932,37.67895],[-6.1896,37.67995],[-6.19214,37.68187],[-6.19251,37.68268],[-6.19253,37.68383],[-6.19168,37.68682],[-6.19209,37.68864],[-6.1932,37.6894],[-6.1949,37.68914],[-6.19585,37.68858],[-6.19721,37.68716],[-6.19846,37.68629],[-6.20004,37.68573],[-6.20252,37.68598],[-6.20352,37.68672],[-6.20377,37.68783],[-6.20268,37.69155],[-6.20277,37.69284],[-6.20818,37.70281],[-6.2091,37.70727],[-6.21164,37.71196],[-6.21246,37.71391],[-6.21317,37.71655],[-6.21567,37.72151],[-6.21781,37.72309],[-6.21991,37.72364],[-6.22115,37.72425],[-6.22474,37.72681],[-6.22615,37.72813],[-6.2296,37.73257],[-6.27401,37.69527],[-6.25764,37.64519],[-6.2598,37.62634],[-6.25686,37.6283],[-6.25502,37.62885],[-6.24909,37.62982],[-6.24141,37.63345],[-6.23273,37.63634],[-6.23006,37.63886],[-6.2159,37.64977],[-6.20999,37.6526],[-6.20154,37.65765],[-6.19979,37.65901],[-6.19879,37.66013],[-6.19554,37.66256],[-6.19132,37.66934],[-6.19083,37.6698],[-6.18767,37.67078],[-6.18817,37.67103]]]}},{"type":"Feature","properties":{"COD_POSTAL":"41810"},"geometry":{"type":"Polygon","coordinates":[[[-6.31297,37.39697],[-6.31424,37.39867],[-6.31491,37.39916],[-6.3201,37.40202],[-6.32081,37.40264],[-6.32573,37.40796],[-6.33074,37.41548],[-6.33413,37.41522],[-6.34161,37.41389],[-6.3438,37.41394],[-6.34991,37.4127],[-6.35626,37.41217],[-6.35859,37.40897],[-6.36192,37.4014],[-6.35427,37.39732],[-6.35539,37.39041],[-6.35653,37.38636],[-6.35564,37.38587],[-6.36007,37.37838],[-6.36161,37.37733],[-6.36208,37.37588],[-6.361,37.37536],[-6.35856,37.3749],[-6.35797,37.37403],[-6.35661,37.37364],[-6.35537,37.37392],[-6.3552,37.37344],[-6.35539,37.37267],[-6.35614,37.37263],[-6.35607,37.37209],[-6.35514,37.37079],[-6.35344,37.37013],[-6.3525,37.36915],[-6.35113,37.36948],[-6.35066,37.36938],[-6.34953,37.36813],[-6.34732,37.36934],[-6.34588,37.36954],[-6.34407,37.37018],[-6.3405,37.37201],[-6.33932,37.37337],[-6.33905,37.37459],[-6.33674,37.3744],[-6.32877,37.375],[-6.31892,37.37518],[-6.3193,37.37601],[-6.31936,37.37717],[-6.31912,37.37733],[-6.31812,37.37718],[-6.31637,37.37915],[-6.31485,37.37995],[-6.31433,37.38047],[-6.31424,37.38094],[-6.31466,37.38195],[-6.31434,37.38337],[-6.31305,37.38645],[-6.31181,37.3882],[-6.31002,37.3915],[-6.31004,37.39246],[-6.31129,37.39443],[-6.31297,37.39697]]]}},{"type":"Feature","properties":{"COD_POSTAL":"41989"},"geometry":{"type":"Polygon","coordinates":[[[-5.99324,37.47346],[-5.99533,37.47452],[-5.99604,37.47512],[-5.99963,37.47969],[-6.00246,37.48151],[-6.00383,37.48308],[-6.01017,37.48232],[-6.01353,37.47821],[-6.00419,37.47181],[-5.99852,37.47195],[-5.99324,37.47346]]]}},{"type":"Feature","properties":{"COD_POSTAL":"41330"},"geometry":{"type":"Polygon","coordinates":[[[-5.74872,37.5904],[-5.7402,37.59088],[-5.73028,37.58967],[-5.72711,37.59],[-5.71285,37.58963],[-5.70563,37.5916],[-5.70578,37.59709],[-5.70469,37.59761],[-5.70768,37.6007],[-5.70928,37.59973],[-5.71248,37.60081],[-5.71396,37.60295],[-5.72698,37.59713],[-5.75381,37.60039],[-5.7512,37.59273],[-5.74972,37.59004],[-5.74872,37.5904]]]}},{"type":"Feature","properties":{"COD_POSTAL":"41339"},"geometry":{"type":"Polygon","coordinates":[[[-5.67465,37.56617],[-5.64468,37.56517],[-5.63951,37.58243],[-5.65007,37.58741],[-5.65055,37.58656],[-5.6514,37.58599],[-5.65926,37.58479],[-5.66173,37.58357],[-5.66468,37.58294],[-5.66753,37.58328],[-5.67063,37.58441],[-5.67156,37.585],[-5.67432,37.58511],[-5.67487,37.5828],[-5.67633,37.57995],[-5.67891,37.5803],[-5.68292,37.57756],[-5.68483,37.57684],[-5.68529,37.57603],[-5.67465,37.56617]]]}},{"type":"Feature","properties":{"COD_POSTAL":"41719"},"geometry":{"type":"Polygon","coordinates":[[[-5.82477,37.04107],[-5.82362,37.03614],[-5.82421,37.03532],[-5.822,37.03226],[-5.82126,37.02896],[-5.82038,37.02814],[-5.81934,37.0292],[-5.81772,37.02861],[-5.81684,37.0279],[-5.81433,37.0279],[-5.81079,37.0259],[-5.80799,37.0252],[-5.80548,37.02319],[-5.7959,37.02225],[-5.79059,37.01931],[-5.78927,37.02025],[-5.7844,37.01801],[-5.78396,37.01613],[-5.78307,37.01542],[-5.78248,37.01637],[-5.78882,37.02778],[-5.78868,37.02943],[-5.77644,37.03226],[-5.77526,37.03367],[-5.77423,37.03402],[-5.77423,37.03343],[-5.77069,37.02496],[-5.76863,37.02378],[-5.76479,37.02508],[-5.76332,37.02484],[-5.76509,37.03379],[-5.75801,37.03438],[-5.75727,37.03591],[-5.75727,37.03779],[-5.7555,37.03861],[-5.75418,37.04273],[-5.75182,37.04332],[-5.74946,37.04614],[-5.74533,37.04909],[-5.74474,37.05015],[-5.74504,37.0512],[-5.74577,37.05238],[-5.74518,37.05403],[-5.74386,37.05462],[-5.744,37.05638],[-5.74047,37.05909],[-5.74135,37.05968],[-5.744,37.0605],[-5.74312,37.05873],[-5.74533,37.05768],[-5.74533,37.05697],[-5.74739,37.05403],[-5.74784,37.05273],[-5.74769,37.05062],[-5.75167,37.04803],[-5.75698,37.05038],[-5.75683,37.05144],[-5.76317,37.05109],[-5.76405,37.05144],[-5.76435,37.05356],[-5.76243,37.05426],[-5.76361,37.05556],[-5.76317,37.05556],[-5.76052,37.05415],[-5.7583,37.05403],[-5.75683,37.05473],[-5.75993,37.05579],[-5.75993,37.05779],[-5.7617,37.05932],[-5.7617,37.06073],[-5.7583,37.06097],[-5.75636,37.05969],[-5.75211,37.05509],[-5.74975,37.05415],[-5.75079,37.0565],[-5.74607,37.05897],[-5.74857,37.06415],[-5.75373,37.06321],[-5.75875,37.06191],[-5.75948,37.06368],[-5.75963,37.06485],[-5.76155,37.06521],[-5.76302,37.06756],[-5.7673,37.06956],[-5.77659,37.07779],[-5.78322,37.0752],[-5.7844,37.07544],[-5.78602,37.08179],[-5.7847,37.08226],[-5.78411,37.08391],[-5.78573,37.08379],[-5.78691,37.08579],[-5.7903,37.08897],[-5.7903,37.08991],[-5.79221,37.09191],[-5.79443,37.09344],[-5.79649,37.09014],[-5.799,37.08885],[-5.80136,37.08708],[-5.80136,37.08497],[-5.80342,37.08238],[-5.80534,37.08109],[-5.8102,37.0785],[-5.81005,37.0765],[-5.81389,37.07497],[-5.81639,37.07862],[-5.81669,37.07826],[-5.81669,37.0765],[-5.82067,37.07791],[-5.82214,37.08026],[-5.82789,37.07873],[-5.82802,37.07896],[-5.8336,37.07639],[-5.81934,37.0685],[-5.81138,37.06673],[-5.81138,37.06532],[-5.81345,37.06509],[-5.81819,37.06308],[-5.8398,37.06131],[-5.83897,37.05543],[-5.83909,37.04746],[-5.83814,37.03722],[-5.83279,37.03778],[-5.82911,37.03845],[-5.82477,37.04107]]]}},{"type":"Feature","properties":{"COD_POSTAL":"41807"},"geometry":{"type":"MultiPolygon","coordinates":[[[[-6.13978,37.36397],[-6.13968,37.36353],[-6.13895,37.36301],[-6.13697,37.36294],[-6.13372,37.36225],[-6.13267,37.36229],[-6.13052,37.36057],[-6.12994,37.36076],[-6.12967,37.36123],[-6.12963,37.36225],[-6.12911,37.36306],[-6.13054,37.36391],[-6.13136,37.36508],[-6.13241,37.36561],[-6.13457,37.36585],[-6.13982,37.36536],[-6.13978,37.36397]]],[[[-6.13982,37.36536],[-6.13892,37.36722],[-6.13813,37.36801],[-6.13423,37.3691],[-6.1342,37.36984],[-6.13092,37.37413],[-6.12944,37.37668],[-6.12866,37.37647],[-6.12714,37.37552],[-6.12561,37.37539],[-6.12517,37.37514],[-6.12486,37.37275],[-6.1252,37.36852],[-6.12292,37.36819],[-6.12153,37.36751],[-6.12167,37.36665],[-6.12276,37.36409],[-6.12206,37.3639],[-6.12184,37.3636],[-6.12199,37.36282],[-6.12167,37.3626],[-6.11878,37.36273],[-6.11678,37.36247],[-6.11617,37.36276],[-6.11589,37.36381],[-6.11557,37.36415],[-6.11091,37.36433],[-6.11044,37.36452],[-6.11016,37.36514],[-6.10595,37.36517],[-6.10261,37.36641],[-6.09945,37.36648],[-6.09622,37.36693],[-6.09606,37.36762],[-6.09733,37.36851],[-6.09736,37.37024],[-6.09804,37.37065],[-6.09851,37.37128],[-6.09858,37.37235],[-6.0992,37.37362],[-6.10031,37.37406],[-6.09958,37.37462],[-6.10017,37.37525],[-6.09666,37.37693],[-6.09169,37.37804],[-6.09098,37.37791],[-6.08966,37.37702],[-6.08511,37.37613],[-6.08369,37.37556],[-6.08326,37.37563],[-6.08277,37.37942],[-6.08344,37.37973],[-6.08773,37.38018],[-6.08804,37.38055],[-6.08802,37.38096],[-6.08696,37.38275],[-6.08652,37.3851],[-6.08665,37.38661],[-6.08727,37.3889],[-6.08591,37.3918],[-6.08654,37.39191],[-6.08683,37.39229],[-6.08521,37.39379],[-6.08838,37.39448],[-6.08843,37.39574],[-6.08904,37.39756],[-6.08906,37.39973],[-6.09418,37.39976],[-6.09733,37.40076],[-6.10177,37.40121],[-6.10306,37.40161],[-6.10639,37.40135],[-6.10773,37.40152],[-6.10935,37.40124],[-6.11057,37.39946],[-6.11123,37.39898],[-6.1144,37.39704],[-6.11797,37.39531],[-6.11865,37.39452],[-6.11936,37.39492],[-6.1197,37.39641],[-6.12002,37.39658],[-6.12153,37.39648],[-6.12389,37.39785],[-6.12553,37.39804],[-6.12876,37.39767],[-6.12825,37.39855],[-6.1268,37.39961],[-6.12673,37.40177],[-6.12516,37.40488],[-6.1211,37.40538],[-6.12029,37.40599],[-6.1206,37.40657],[-6.12142,37.4071],[-6.12138,37.41169],[-6.12299,37.41267],[-6.12311,37.41381],[-6.12372,37.41512],[-6.12431,37.41535],[-6.1294,37.41477],[-6.13179,37.41533],[-6.13246,37.41503],[-6.13368,37.41322],[-6.13401,37.41209],[-6.13552,37.41181],[-6.1365,37.41084],[-6.13736,37.41068],[-6.13905,37.41096],[-6.1425,37.40971],[-6.14347,37.40959],[-6.14483,37.40992],[-6.14538,37.40893],[-6.14467,37.4086],[-6.14357,37.40881],[-6.14332,37.40814],[-6.14201,37.40801],[-6.14042,37.40744],[-6.13932,37.40673],[-6.13521,37.40563],[-6.13484,37.40509],[-6.13319,37.40504],[-6.13276,37.4047],[-6.13279,37.40327],[-6.13202,37.4012],[-6.13237,37.39996],[-6.132,37.39918],[-6.13327,37.39923],[-6.13389,37.39897],[-6.13451,37.39852],[-6.13531,37.39724],[-6.13587,37.39716],[-6.13621,37.39663],[-6.1358,37.39623],[-6.1349,37.39616],[-6.13486,37.3947],[-6.13419,37.39299],[-6.13602,37.39304],[-6.14352,37.39147],[-6.14628,37.39154],[-6.14646,37.3909],[-6.14692,37.39074],[-6.1471,37.39032],[-6.14784,37.39096],[-6.15053,37.39124],[-6.15287,37.3924],[-6.15681,37.39232],[-6.15885,37.39302],[-6.16153,37.39354],[-6.16303,37.39363],[-6.16729,37.39315],[-6.17127,37.3933],[-6.17122,37.39236],[-6.17209,37.39151],[-6.17152,37.39078],[-6.17146,37.39029],[-6.17259,37.38689],[-6.1731,37.38437],[-6.1723,37.38425],[-6.172,37.38385],[-6.17172,37.3814],[-6.17144,37.38083],[-6.17076,37.38053],[-6.16497,37.38094],[-6.1631,37.38041],[-6.16201,37.37933],[-6.16158,37.37925],[-6.16038,37.3796],[-6.15967,37.37889],[-6.15881,37.3788],[-6.15777,37.37906],[-6.15643,37.37779],[-6.1566,37.37656],[-6.15512,37.37631],[-6.15491,37.37381],[-6.15506,37.37351],[-6.15412,37.37266],[-6.14881,37.37371],[-6.14736,37.3746],[-6.14787,37.37158],[-6.1493,37.37164],[-6.14895,37.37086],[-6.15184,37.36899],[-6.14804,37.36939],[-6.14692,37.36876],[-6.14642,37.36818],[-6.14608,37.36821],[-6.14448,37.36918],[-6.14261,37.37085],[-6.14195,37.37012],[-6.14028,37.36678],[-6.13982,37.36536]]]]}},{"type":"Feature","properties":{"COD_POSTAL":"41410"},"geometry":{"type":"Polygon","coordinates":[[[-5.59247,37.60734],[-5.59499,37.6125],[-5.59872,37.61608],[-5.59975,37.61812],[-5.60197,37.62071],[-5.60455,37.6208],[-5.60633,37.62053],[-5.61196,37.61799],[-5.61373,37.61539],[-5.615,37.61421],[-5.61556,37.61318],[-5.61707,37.61203],[-5.61734,37.61126],[-5.61844,37.61036],[-5.62107,37.60748],[-5.62296,37.60668],[-5.62512,37.60669],[-5.62937,37.60756],[-5.63588,37.60941],[-5.63835,37.61044],[-5.64385,37.61336],[-5.64845,37.61338],[-5.65346,37.61142],[-5.65444,37.6108],[-5.65784,37.60751],[-5.65894,37.60554],[-5.65922,37.60434],[-5.65876,37.59972],[-5.6573,37.59781],[-5.65206,37.59395],[-5.65074,37.59259],[-5.64953,37.58988],[-5.64946,37.58917],[-5.65007,37.58741],[-5.63951,37.58243],[-5.64468,37.56517],[-5.67465,37.56617],[-5.68529,37.57603],[-5.68573,37.57524],[-5.69181,37.57669],[-5.69411,37.57757],[-5.7041,37.57664],[-5.70518,37.57772],[-5.71521,37.57732],[-5.71947,37.57629],[-5.72261,37.57599],[-5.7265,37.57452],[-5.73107,37.57189],[-5.74187,37.57056],[-5.75165,37.56883],[-5.75375,37.56817],[-5.75641,37.56804],[-5.75829,37.56885],[-5.76268,37.56784],[-5.7639,37.56825],[-5.76907,37.56698],[-5.77164,37.56406],[-5.77345,37.56601],[-5.77864,37.57304],[-5.78935,37.5706],[-5.80125,37.56659],[-5.80346,37.56686],[-5.80597,37.56685],[-5.81024,37.56638],[-5.81117,37.56681],[-5.81895,37.56477],[-5.8197,37.56407],[-5.82111,37.56334],[-5.83411,37.55758],[-5.8409,37.55395],[-5.84792,37.55059],[-5.85004,37.54934],[-5.85148,37.54811],[-5.85286,37.54644],[-5.85432,37.54393],[-5.85723,37.54088],[-5.85851,37.53881],[-5.86304,37.53369],[-5.86882,37.52777],[-5.86793,37.52656],[-5.86627,37.52633],[-5.86235,37.52252],[-5.86128,37.52206],[-5.86049,37.52106],[-5.85936,37.52043],[-5.85799,37.51634],[-5.85794,37.51427],[-5.85754,37.5131],[-5.85622,37.51155],[-5.85207,37.50895],[-5.85106,37.50759],[-5.84751,37.50565],[-5.84371,37.5023],[-5.84195,37.50028],[-5.84058,37.49913],[-5.8401,37.49823],[-5.84005,37.49658],[-5.83855,37.48798],[-5.83682,37.48479],[-5.83536,37.47994],[-5.83353,37.47579],[-5.82914,37.46674],[-5.82681,37.45752],[-5.82386,37.44197],[-5.82161,37.43563],[-5.81924,37.42743],[-5.81823,37.42542],[-5.8176,37.42339],[-5.81851,37.41901],[-5.81951,37.40358],[-5.81964,37.3995],[-5.81916,37.39601],[-5.81928,37.39036],[-5.81892,37.38587],[-5.81696,37.38576],[-5.80992,37.38609],[-5.80499,37.38772],[-5.80287,37.38814],[-5.79978,37.38825],[-5.7966,37.38797],[-5.79274,37.38799],[-5.77472,37.39606],[-5.76814,37.39591],[-5.75509,37.39615],[-5.75306,37.3969],[-5.74691,37.40019],[-5.74556,37.40073],[-5.73878,37.40242],[-5.72971,37.407],[-5.72582,37.40825],[-5.7201,37.41068],[-5.71458,37.40861],[-5.70906,37.40411],[-5.70726,37.40237],[-5.70214,37.40122],[-5.70099,37.40221],[-5.69024,37.39329],[-5.67575,37.38308],[-5.67183,37.38006],[-5.66833,37.37684],[-5.67746,37.37011],[-5.67821,37.37001],[-5.67942,37.37061],[-5.68311,37.36874],[-5.68704,37.36425],[-5.68908,37.36156],[-5.69142,37.3599],[-5.68321,37.35261],[-5.67935,37.35055],[-5.67655,37.34846],[-5.67384,37.3469],[-5.67813,37.34433],[-5.68951,37.3334],[-5.68864,37.33079],[-5.69553,37.32751],[-5.69674,37.32525],[-5.69946,37.3214],[-5.70289,37.30932],[-5.70347,37.3066],[-5.70511,37.30683],[-5.71084,37.30677],[-5.71528,37.30709],[-5.71881,37.30623],[-5.72292,37.30492],[-5.72922,37.30076],[-5.73368,37.29813],[-5.72821,37.29205],[-5.72406,37.28787],[-5.72015,37.28414],[-5.71566,37.28062],[-5.70636,37.27562],[-5.69559,37.27312],[-5.69372,37.27237],[-5.689,37.26802],[-5.68741,37.26705],[-5.68179,37.26523],[-5.67406,37.26389],[-5.67283,37.26343],[-5.6654,37.25905],[-5.66012,37.25333],[-5.65852,37.25193],[-5.65052,37.24741],[-5.65022,37.24821],[-5.6495,37.24907],[-5.64264,37.25693],[-5.64212,37.25727],[-5.63881,37.25834],[-5.63634,37.25856],[-5.6271,37.261],[-5.62494,37.26245],[-5.62263,37.26471],[-5.62134,37.26551],[-5.61707,37.26758],[-5.6119,37.2695],[-5.61058,37.27029],[-5.60992,37.26994],[-5.60902,37.27055],[-5.60772,37.27027],[-5.60701,37.27119],[-5.606,37.27138],[-5.60212,37.27122],[-5.60032,37.27199],[-5.59916,37.27212],[-5.59283,37.27433],[-5.58457,37.27664],[-5.57939,37.28105],[-5.57507,37.28839],[-5.57276,37.29066],[-5.57004,37.2942],[-5.56865,37.29641],[-5.56786,37.29841],[-5.56386,37.30543],[-5.56383,37.3068],[-5.566,37.31438],[-5.56571,37.32178],[-5.54849,37.33317],[-5.54798,37.3338],[-5.54199,37.33782],[-5.53043,37.3464],[-5.52231,37.35113],[-5.5216,37.35181],[-5.52101,37.35289],[-5.52006,37.3564],[-5.51989,37.36298],[-5.51961,37.36513],[-5.51807,37.36964],[-5.51613,37.37396],[-5.51254,37.38044],[-5.50831,37.38894],[-5.50771,37.38959],[-5.50345,37.39191],[-5.49958,37.39365],[-5.49184,37.39557],[-5.47607,37.40051],[-5.47001,37.39923],[-5.46615,37.39591],[-5.46413,37.39379],[-5.46325,37.3943],[-5.46223,37.39428],[-5.45252,37.39328],[-5.44935,37.39504],[-5.44759,37.39568],[-5.42191,37.40243],[-5.41444,37.40629],[-5.41006,37.40798],[-5.4005,37.4125],[-5.39787,37.4134],[-5.39909,37.42035],[-5.39991,37.42295],[-5.40253,37.4259],[-5.40659,37.42928],[-5.40746,37.43032],[-5.40812,37.43146],[-5.40844,37.43272],[-5.41008,37.43507],[-5.41128,37.43589],[-5.41215,37.43698],[-5.41167,37.43777],[-5.41212,37.43998],[-5.41169,37.44274],[-5.41189,37.44523],[-5.41103,37.44703],[-5.41117,37.44814],[-5.41029,37.45297],[-5.41014,37.45549],[-5.41163,37.45716],[-5.41347,37.46722],[-5.41634,37.47413],[-5.41866,37.47903],[-5.41898,37.48006],[-5.4192,37.48258],[-5.42837,37.48741],[-5.43731,37.48744],[-5.44055,37.48766],[-5.46588,37.48368],[-5.46593,37.48717],[-5.46247,37.49729],[-5.45698,37.49988],[-5.46298,37.51576],[-5.46815,37.52567],[-5.4692,37.53101],[-5.47025,37.53314],[-5.4712,37.53605],[-5.4723,37.53804],[-5.47397,37.54201],[-5.47445,37.54485],[-5.47677,37.55119],[-5.47748,37.55194],[-5.48158,37.55327],[-5.48231,37.55372],[-5.48412,37.56128],[-5.48534,37.56477],[-5.48689,37.5675],[-5.49109,37.57282],[-5.4959,37.58134],[-5.49622,37.58273],[-5.49714,37.58266],[-5.49788,37.58196],[-5.4984,37.58185],[-5.4984,37.58257],[-5.49887,37.58295],[-5.4997,37.58283],[-5.50013,37.58315],[-5.50101,37.58281],[-5.50155,37.58317],[-5.50211,37.58321],[-5.50249,37.58304],[-5.50253,37.58234],[-5.50303,37.58199],[-5.50411,37.58202],[-5.50558,37.58271],[-5.50673,37.58212],[-5.50754,37.58213],[-5.50815,37.58165],[-5.50886,37.58169],[-5.50934,37.5836],[-5.51029,37.58448],[-5.51216,37.58474],[-5.51253,37.58498],[-5.51279,37.58573],[-5.51392,37.58511],[-5.51463,37.58505],[-5.515,37.58525],[-5.516,37.58736],[-5.51755,37.58736],[-5.51954,37.58894],[-5.52007,37.589],[-5.5213,37.58852],[-5.52541,37.59138],[-5.52841,37.59254],[-5.53108,37.59406],[-5.53372,37.59464],[-5.53534,37.59569],[-5.53736,37.59595],[-5.54197,37.59582],[-5.54685,37.59799],[-5.54992,37.59857],[-5.55174,37.59946],[-5.5547,37.59954],[-5.55585,37.60004],[-5.56541,37.59957],[-5.57108,37.60136],[-5.57416,37.60291],[-5.57539,37.60328],[-5.57886,37.60555],[-5.57981,37.60587],[-5.58176,37.60599],[-5.58406,37.60571],[-5.59213,37.60666],[-5.59247,37.60734]]]}},{"type":"Feature","properties":{"COD_POSTAL":"41470"},"geometry":{"type":"Polygon","coordinates":[[[-5.30929,37.7705],[-5.30975,37.77359],[-5.31003,37.77423],[-5.31043,37.77441],[-5.3137,37.7741],[-5.3155,37.77442],[-5.31719,37.77482],[-5.31858,37.77544],[-5.32062,37.77695],[-5.32134,37.77682],[-5.32221,37.77628],[-5.3229,37.77635],[-5.32939,37.77826],[-5.32968,37.77866],[-5.32945,37.78192],[-5.33558,37.77978],[-5.34135,37.77698],[-5.34376,37.77519],[-5.35097,37.77374],[-5.35382,37.77135],[-5.3568,37.76925],[-5.35787,37.76874],[-5.3642,37.76817],[-5.36746,37.7693],[-5.37798,37.76894],[-5.38007,37.76848],[-5.38752,37.7658],[-5.39041,37.76663],[-5.39297,37.76664],[-5.39417,37.76594],[-5.39637,37.76545],[-5.40162,37.76077],[-5.40635,37.75749],[-5.42436,37.7521],[-5.42437,37.74959],[-5.42382,37.74866],[-5.42402,37.74696],[-5.4255,37.74468],[-5.42727,37.74419],[-5.42783,37.7438],[-5.42876,37.7423],[-5.42902,37.74142],[-5.42966,37.74064],[-5.42968,37.74025],[-5.42927,37.73899],[-5.42876,37.73842],[-5.42909,37.73742],[-5.42874,37.73615],[-5.42565,37.7308],[-5.4253,37.72947],[-5.42447,37.72897],[-5.42327,37.72737],[-5.4217,37.72335],[-5.42132,37.72178],[-5.42162,37.71985],[-5.4199,37.71753],[-5.41973,37.7168],[-5.41951,37.71456],[-5.42272,37.70921],[-5.42323,37.70654],[-5.42312,37.70445],[-5.42219,37.70268],[-5.42283,37.70041],[-5.42129,37.69884],[-5.41988,37.69793],[-5.41951,37.69576],[-5.41855,37.6938],[-5.41868,37.69208],[-5.4205,37.69093],[-5.42092,37.69042],[-5.42163,37.68858],[-5.42155,37.68822],[-5.42122,37.68797],[-5.42064,37.68808],[-5.41997,37.68779],[-5.4189,37.68774],[-5.41757,37.68667],[-5.41519,37.68586],[-5.41363,37.68442],[-5.41191,37.68351],[-5.41047,37.68676],[-5.4094,37.68835],[-5.40804,37.69003],[-5.40549,37.69199],[-5.40369,37.69302],[-5.40107,37.69382],[-5.40003,37.69387],[-5.39635,37.69322],[-5.39412,37.69348],[-5.39342,37.69388],[-5.38993,37.69751],[-5.38825,37.6978],[-5.38681,37.69731],[-5.3859,37.69672],[-5.38434,37.69509],[-5.38364,37.69339],[-5.38322,37.68869],[-5.38343,37.68672],[-5.38462,37.68301],[-5.38454,37.68206],[-5.38415,37.68132],[-5.38341,37.68051],[-5.38009,37.6785],[-5.37873,37.67786],[-5.37634,37.67756],[-5.37513,37.67792],[-5.37432,37.6785],[-5.3722,37.68104],[-5.37038,37.68441],[-5.36965,37.6874],[-5.36816,37.6912],[-5.36387,37.69619],[-5.36277,37.69716],[-5.36047,37.69872],[-5.35252,37.70247],[-5.34484,37.70534],[-5.33863,37.7063],[-5.33686,37.70567],[-5.33585,37.70439],[-5.33348,37.70007],[-5.33308,37.69662],[-5.33275,37.69565],[-5.33152,37.69432],[-5.3271,37.69162],[-5.3257,37.69175],[-5.32289,37.6946],[-5.32158,37.69667],[-5.32028,37.70068],[-5.319,37.70151],[-5.3146,37.70159],[-5.31417,37.70138],[-5.31289,37.69926],[-5.31202,37.69844],[-5.31114,37.69803],[-5.30938,37.69806],[-5.30843,37.69859],[-5.3076,37.69924],[-5.30707,37.70016],[-5.30679,37.70114],[-5.30672,37.70352],[-5.30714,37.7042],[-5.30911,37.70515],[-5.31081,37.70794],[-5.31093,37.70912],[-5.30925,37.71093],[-5.30887,37.71166],[-5.30943,37.7131],[-5.30941,37.71384],[-5.3088,37.71573],[-5.30429,37.72108],[-5.30409,37.72178],[-5.30566,37.72442],[-5.30621,37.72631],[-5.30621,37.72722],[-5.30481,37.73046],[-5.30489,37.73095],[-5.30704,37.73403],[-5.30813,37.73864],[-5.3099,37.74422],[-5.31025,37.74676],[-5.31174,37.74941],[-5.31289,37.75288],[-5.31356,37.75358],[-5.31536,37.75422],[-5.316,37.75468],[-5.31826,37.75721],[-5.31867,37.75824],[-5.31848,37.75928],[-5.31802,37.75956],[-5.31604,37.7598],[-5.31588,37.76046],[-5.31604,37.76261],[-5.31576,37.76388],[-5.31513,37.7649],[-5.3143,37.76568],[-5.31366,37.76586],[-5.31119,37.76578],[-5.30991,37.76672],[-5.30926,37.76841],[-5.30926,37.76983],[-5.30929,37.7705]]]}},{"type":"Feature","properties":{"COD_POSTAL":"41590"},"geometry":{"type":"Polygon","coordinates":[[[-4.78192,37.26633],[-4.78452,37.2602],[-4.78582,37.25636],[-4.78623,37.25287],[-4.78757,37.24741],[-4.7878,37.24566],[-4.78808,37.24102],[-4.78778,37.23753],[-4.78821,37.23516],[-4.78661,37.23255],[-4.78634,37.22745],[-4.79416,37.22819],[-4.80006,37.22915],[-4.80991,37.22787],[-4.81414,37.22843],[-4.82049,37.22847],[-4.82462,37.22935],[-4.82932,37.22832],[-4.82749,37.22663],[-4.82391,37.22231],[-4.82357,37.22155],[-4.82423,37.22047],[-4.82538,37.21941],[-4.82602,37.21818],[-4.82972,37.21722],[-4.82877,37.21538],[-4.82835,37.21378],[-4.82779,37.20985],[-4.83095,37.21005],[-4.83261,37.21047],[-4.83942,37.21282],[-4.83979,37.2125],[-4.8407,37.21034],[-4.84151,37.20958],[-4.84249,37.2091],[-4.84335,37.20896],[-4.84956,37.20952],[-4.85435,37.20877],[-4.86086,37.20857],[-4.86015,37.20514],[-4.85824,37.19981],[-4.85768,37.19946],[-4.85386,37.19859],[-4.85011,37.1986],[-4.84706,37.19884],[-4.84622,37.19922],[-4.84444,37.20084],[-4.84228,37.20141],[-4.83678,37.2007],[-4.83139,37.20053],[-4.82888,37.20022],[-4.82591,37.20071],[-4.81941,37.19771],[-4.81922,37.1975],[-4.81928,37.19645],[-4.82232,37.19575],[-4.82179,37.19447],[-4.82133,37.19396],[-4.82069,37.19416],[-4.81934,37.19205],[-4.82185,37.19099],[-4.82413,37.18904],[-4.82742,37.18695],[-4.82431,37.18343],[-4.8223,37.17986],[-4.81945,37.17946],[-4.8146,37.18057],[-4.81318,37.17864],[-4.81396,37.17841],[-4.81346,37.17741],[-4.81168,37.1751],[-4.80747,37.17171],[-4.8064,37.17115],[-4.8041,37.17346],[-4.79922,37.17231],[-4.79982,37.16894],[-4.80052,37.16676],[-4.80121,37.161],[-4.80112,37.15996],[-4.79917,37.15835],[-4.79626,37.15454],[-4.79419,37.15349],[-4.79263,37.15385],[-4.79173,37.15459],[-4.79114,37.16013],[-4.78864,37.15888],[-4.78694,37.15742],[-4.78567,37.1568],[-4.7853,37.15721],[-4.78143,37.15931],[-4.78079,37.16037],[-4.78038,37.16229],[-4.77957,37.1642],[-4.77984,37.16668],[-4.77742,37.16641],[-4.77544,37.16809],[-4.77274,37.1693],[-4.77128,37.16965],[-4.76329,37.17058],[-4.76165,37.17098],[-4.7601,37.17339],[-4.76029,37.17708],[-4.76001,37.17726],[-4.75602,37.17801],[-4.75258,37.17908],[-4.75062,37.18],[-4.74923,37.18098],[-4.74462,37.18128],[-4.74029,37.18298],[-4.73368,37.18467],[-4.73193,37.18554],[-4.74456,37.21423],[-4.77217,37.25028],[-4.78192,37.26633]]]}},{"type":"Feature","properties":{"COD_POSTAL":"41450"},"geometry":{"type":"Polygon","coordinates":[[[-5.51385,37.98094],[-5.52099,37.98034],[-5.5338,37.9805],[-5.53616,37.98012],[-5.54632,37.98002],[-5.54939,37.97893],[-5.55488,37.98069],[-5.55797,37.98126],[-5.57638,37.98121],[-5.58707,37.97338],[-5.59794,37.96632],[-5.60397,37.9618],[-5.60863,37.95772],[-5.61584,37.95076],[-5.61868,37.94944],[-5.62303,37.94844],[-5.62828,37.94614],[-5.63194,37.94513],[-5.6527,37.94309],[-5.6586,37.94718],[-5.67267,37.95347],[-5.67436,37.95408],[-5.67502,37.95401],[-5.67966,37.95186],[-5.68033,37.95046],[-5.68011,37.9496],[-5.6778,37.94806],[-5.67744,37.94757],[-5.67731,37.94277],[-5.67619,37.94183],[-5.67565,37.94092],[-5.67558,37.93926],[-5.67618,37.93777],[-5.67677,37.93751],[-5.67809,37.93853],[-5.67948,37.93894],[-5.68423,37.93908],[-5.6854,37.93891],[-5.68848,37.93792],[-5.6919,37.93643],[-5.69551,37.93421],[-5.69701,37.93469],[-5.69836,37.93463],[-5.70437,37.93228],[-5.70679,37.93201],[-5.70845,37.93129],[-5.71174,37.92753],[-5.71419,37.92659],[-5.71566,37.92502],[-5.71576,37.92417],[-5.7148,37.92197],[-5.71511,37.91824],[-5.71562,37.9161],[-5.71683,37.91381],[-5.718,37.91252],[-5.71977,37.91147],[-5.72087,37.91029],[-5.72282,37.909],[-5.72422,37.90562],[-5.72383,37.90224],[-5.72435,37.90126],[-5.72496,37.9008],[-5.72615,37.90039],[-5.72743,37.90102],[-5.72977,37.90082],[-5.73191,37.89931],[-5.73364,37.89773],[-5.73525,37.89723],[-5.73601,37.89673],[-5.73627,37.89548],[-5.73753,37.89353],[-5.73797,37.89206],[-5.73742,37.89139],[-5.7359,37.89037],[-5.73448,37.88842],[-5.72901,37.88748],[-5.72832,37.88707],[-5.72733,37.88559],[-5.7275,37.88461],[-5.72918,37.88097],[-5.72877,37.87896],[-5.73063,37.87535],[-5.73078,37.87235],[-5.73037,37.86966],[-5.72808,37.86717],[-5.72723,37.86525],[-5.72758,37.8645],[-5.72959,37.8638],[-5.73019,37.86298],[-5.724,37.86203],[-5.71932,37.85769],[-5.71128,37.85416],[-5.71218,37.85306],[-5.71112,37.85129],[-5.71063,37.84991],[-5.70755,37.84861],[-5.70598,37.84757],[-5.70572,37.84731],[-5.70573,37.84678],[-5.70611,37.84573],[-5.70555,37.84504],[-5.7049,37.84472],[-5.70345,37.84466],[-5.70197,37.84291],[-5.69932,37.84153],[-5.69857,37.83996],[-5.69929,37.83814],[-5.69921,37.83725],[-5.69748,37.83579],[-5.69767,37.83466],[-5.69698,37.83353],[-5.69677,37.83246],[-5.69353,37.83139],[-5.69247,37.83063],[-5.68837,37.83086],[-5.68766,37.83065],[-5.68647,37.82908],[-5.68617,37.82824],[-5.68524,37.82729],[-5.68519,37.82663],[-5.68589,37.82499],[-5.6857,37.82427],[-5.68505,37.82409],[-5.6833,37.82446],[-5.68187,37.82534],[-5.68017,37.82737],[-5.67945,37.82758],[-5.67868,37.82732],[-5.67749,37.82771],[-5.67283,37.82538],[-5.6722,37.82456],[-5.67221,37.82396],[-5.67358,37.82167],[-5.67312,37.81951],[-5.67327,37.81909],[-5.67451,37.81774],[-5.67527,37.81545],[-5.67667,37.81372],[-5.67683,37.81204],[-5.67717,37.81124],[-5.6785,37.81052],[-5.68138,37.8099],[-5.68271,37.80898],[-5.6839,37.80739],[-5.68423,37.80488],[-5.68555,37.80395],[-5.68566,37.80362],[-5.68511,37.80129],[-5.68588,37.79957],[-5.68573,37.79886],[-5.685,37.79839],[-5.68345,37.79819],[-5.67997,37.79572],[-5.67928,37.79434],[-5.67898,37.7929],[-5.67941,37.7912],[-5.681,37.78907],[-5.68042,37.78746],[-5.68135,37.78577],[-5.6823,37.78515],[-5.68418,37.7851],[-5.68514,37.78478],[-5.68588,37.78421],[-5.68652,37.78292],[-5.68661,37.78201],[-5.68454,37.78051],[-5.68434,37.77981],[-5.68478,37.7789],[-5.68643,37.77721],[-5.68649,37.77658],[-5.68348,37.77287],[-5.6832,37.77185],[-5.6834,37.77092],[-5.6854,37.76812],[-5.68572,37.7667],[-5.68529,37.76579],[-5.68493,37.76557],[-5.68217,37.76497],[-5.68117,37.76447],[-5.67915,37.7623],[-5.67895,37.76106],[-5.68018,37.75796],[-5.68021,37.75661],[-5.68003,37.75567],[-5.67864,37.75367],[-5.67844,37.75223],[-5.6791,37.75134],[-5.68156,37.75025],[-5.68522,37.75047],[-5.68675,37.74982],[-5.68731,37.74894],[-5.68744,37.74818],[-5.68717,37.74662],[-5.68658,37.74505],[-5.68666,37.74433],[-5.68946,37.74205],[-5.6908,37.73925],[-5.69164,37.73838],[-5.69312,37.73756],[-5.69441,37.73752],[-5.70245,37.73861],[-5.70327,37.73837],[-5.70357,37.738],[-5.704,37.73665],[-5.70045,37.73379],[-5.6998,37.73257],[-5.70228,37.72761],[-5.70177,37.72579],[-5.69785,37.72344],[-5.6975,37.72291],[-5.69762,37.72256],[-5.70011,37.72084],[-5.70041,37.71651],[-5.7011,37.71391],[-5.6998,37.71347],[-5.6975,37.71538],[-5.69695,37.71563],[-5.69638,37.71557],[-5.69563,37.71504],[-5.69252,37.7117],[-5.69234,37.7108],[-5.69305,37.70873],[-5.69704,37.70473],[-5.69727,37.70399],[-5.68955,37.70375],[-5.68403,37.70474],[-5.67803,37.70443],[-5.67614,37.70405],[-5.67259,37.7059],[-5.66994,37.70692],[-5.66759,37.7098],[-5.66364,37.71129],[-5.65665,37.71268],[-5.64845,37.71754],[-5.64198,37.71905],[-5.6378,37.72133],[-5.62905,37.72011],[-5.62577,37.72085],[-5.6158,37.71967],[-5.61327,37.72043],[-5.6105,37.72228],[-5.60674,37.72563],[-5.60278,37.72846],[-5.60075,37.7306],[-5.59643,37.73363],[-5.59262,37.73362],[-5.58963,37.73313],[-5.58756,37.73347],[-5.58214,37.73499],[-5.58127,37.73513],[-5.57961,37.73491],[-5.57409,37.73574],[-5.56959,37.73694],[-5.56665,37.73731],[-5.56148,37.7385],[-5.55951,37.73975],[-5.55633,37.74035],[-5.55092,37.74364],[-5.54402,37.74629],[-5.53172,37.74878],[-5.52099,37.7502],[-5.5173,37.75122],[-5.51448,37.75073],[-5.51166,37.75124],[-5.51142,37.7554],[-5.51169,37.756],[-5.51138,37.76001],[-5.51154,37.7607],[-5.51294,37.76208],[-5.51389,37.76404],[-5.5135,37.76525],[-5.51153,37.76651],[-5.51134,37.76687],[-5.51187,37.76786],[-5.51184,37.76897],[-5.51089,37.77948],[-5.51225,37.78303],[-5.51423,37.78687],[-5.51471,37.78824],[-5.51469,37.78993],[-5.51272,37.8002],[-5.51248,37.80098],[-5.51026,37.80348],[-5.50854,37.80803],[-5.50346,37.81789],[-5.49781,37.82464],[-5.49808,37.82755],[-5.49687,37.83111],[-5.49487,37.83405],[-5.49542,37.83488],[-5.49529,37.83515],[-5.49312,37.83615],[-5.49061,37.83642],[-5.48943,37.84289],[-5.48859,37.84536],[-5.48714,37.84722],[-5.48515,37.84891],[-5.48562,37.85121],[-5.48614,37.85229],[-5.48223,37.85383],[-5.47667,37.85472],[-5.44292,37.86481],[-5.44171,37.86523],[-5.43885,37.867],[-5.43507,37.86828],[-5.43345,37.86929],[-5.43197,37.86945],[-5.42923,37.86837],[-5.42824,37.8685],[-5.42822,37.87038],[-5.42893,37.87465],[-5.42926,37.87552],[-5.4298,37.87589],[-5.4313,37.8761],[-5.43232,37.87696],[-5.43315,37.87816],[-5.43474,37.87859],[-5.43472,37.87892],[-5.43371,37.87965],[-5.43302,37.87976],[-5.43179,37.87874],[-5.43145,37.87878],[-5.42976,37.88111],[-5.4299,37.88177],[-5.4306,37.88254],[-5.43185,37.88353],[-5.43402,37.88382],[-5.43497,37.88517],[-5.4356,37.88498],[-5.43624,37.88391],[-5.43656,37.88395],[-5.4381,37.88575],[-5.43858,37.88602],[-5.44003,37.88531],[-5.44111,37.88529],[-5.44186,37.8865],[-5.44529,37.8902],[-5.44668,37.89032],[-5.44699,37.89057],[-5.44708,37.89091],[-5.44551,37.89446],[-5.44634,37.89545],[-5.44787,37.89633],[-5.451,37.89503],[-5.4518,37.89547],[-5.45242,37.89694],[-5.4528,37.89712],[-5.45331,37.89706],[-5.45501,37.8957],[-5.45533,37.89569],[-5.45568,37.89606],[-5.45621,37.89745],[-5.45728,37.89814],[-5.4578,37.89911],[-5.45918,37.89953],[-5.4598,37.90179],[-5.46177,37.90391],[-5.46147,37.90524],[-5.46159,37.90678],[-5.46313,37.90918],[-5.46415,37.90963],[-5.46837,37.90956],[-5.47267,37.91299],[-5.47461,37.91278],[-5.47657,37.91163],[-5.47733,37.91187],[-5.47722,37.9138],[-5.47754,37.91476],[-5.47852,37.91603],[-5.47912,37.91777],[-5.47976,37.91865],[-5.48134,37.91945],[-5.48601,37.92037],[-5.4893,37.92181],[-5.48982,37.92343],[-5.48951,37.92567],[-5.49039,37.92741],[-5.49123,37.92821],[-5.49255,37.92924],[-5.49556,37.9308],[-5.49902,37.933],[-5.50226,37.93322],[-5.50401,37.9337],[-5.50382,37.93643],[-5.50416,37.93801],[-5.50462,37.93888],[-5.5038,37.93941],[-5.50361,37.93984],[-5.50372,37.94044],[-5.5043,37.94157],[-5.50593,37.94277],[-5.50599,37.94336],[-5.50573,37.94401],[-5.50633,37.94461],[-5.50819,37.9482],[-5.51058,37.94951],[-5.5129,37.94972],[-5.51511,37.95111],[-5.51712,37.95178],[-5.51846,37.95312],[-5.51829,37.9536],[-5.51652,37.95538],[-5.51641,37.95583],[-5.51675,37.9578],[-5.51742,37.95807],[-5.51904,37.95792],[-5.51995,37.95901],[-5.5214,37.95955],[-5.5223,37.9603],[-5.52233,37.9606],[-5.52131,37.96239],[-5.51888,37.96375],[-5.51851,37.9641],[-5.51816,37.96505],[-5.51688,37.96648],[-5.51587,37.96702],[-5.51551,37.96748],[-5.51525,37.96808],[-5.51514,37.96973],[-5.51578,37.97115],[-5.51714,37.97261],[-5.51711,37.9749],[-5.51652,37.9758],[-5.5147,37.97679],[-5.51473,37.9791],[-5.51329,37.98101],[-5.51385,37.98094]]]}},{"type":"Feature","properties":{"COD_POSTAL":"41960"},"geometry":{"type":"Polygon","coordinates":[[[-6.08689,37.38344],[-6.08713,37.38236],[-6.08802,37.38096],[-6.08795,37.38024],[-6.08344,37.37973],[-6.08277,37.37942],[-6.08326,37.37563],[-6.08281,37.37622],[-6.0822,37.37644],[-6.07872,37.37666],[-6.07751,37.37724],[-6.07607,37.37909],[-6.07403,37.3805],[-6.06403,37.38472],[-6.06409,37.38895],[-6.06451,37.38986],[-6.06569,37.3902],[-6.07069,37.39369],[-6.07519,37.39517],[-6.07619,37.39463],[-6.07636,37.39431],[-6.07624,37.39375],[-6.0778,37.39344],[-6.08119,37.39314],[-6.08391,37.39334],[-6.08521,37.39379],[-6.08683,37.39229],[-6.08654,37.39191],[-6.08591,37.3918],[-6.0859,37.39152],[-6.08689,37.39005],[-6.08727,37.3889],[-6.08653,37.38582],[-6.08688,37.3835],[-6.08689,37.38344]]]}},{"type":"Feature","properties":{"COD_POSTAL":"41805"},"geometry":{"type":"Polygon","coordinates":[[[-6.19998,37.36271],[-6.20532,37.36331],[-6.20832,37.36002],[-6.21169,37.35922],[-6.21719,37.35957],[-6.21814,37.36076],[-6.21998,37.36145],[-6.22448,37.36156],[-6.22459,37.36273],[-6.22398,37.36631],[-6.2256,37.36675],[-6.22826,37.36693],[-6.22781,37.36925],[-6.22848,37.37209],[-6.22916,37.37283],[-6.23046,37.37527],[-6.23112,37.37545],[-6.23286,37.37497],[-6.23316,37.37511],[-6.23404,37.37631],[-6.23521,37.37725],[-6.23542,37.37776],[-6.23694,37.37857],[-6.23755,37.37993],[-6.23798,37.38027],[-6.24156,37.38203],[-6.24256,37.38226],[-6.24329,37.38215],[-6.2415,37.37977],[-6.24248,37.37804],[-6.24419,37.37644],[-6.24427,37.36827],[-6.24336,37.36487],[-6.24324,37.36338],[-6.24475,37.35947],[-6.24648,37.35143],[-6.24619,37.34952],[-6.23474,37.34376],[-6.22568,37.33986],[-6.22556,37.33768],[-6.22792,37.33597],[-6.23009,37.33537],[-6.23029,37.33467],[-6.22567,37.33524],[-6.22585,37.33343],[-6.22744,37.33077],[-6.22899,37.33069],[-6.23189,37.33234],[-6.23202,37.33304],[-6.23385,37.33379],[-6.23452,37.33238],[-6.23528,37.33142],[-6.23582,37.33084],[-6.23641,37.3309],[-6.23579,37.33222],[-6.23593,37.33396],[-6.24872,37.33682],[-6.25092,37.33535],[-6.25592,37.3312],[-6.25593,37.32993],[-6.25509,37.32909],[-6.25327,37.32874],[-6.25231,37.32774],[-6.2462,37.32746],[-6.246,37.32702],[-6.24544,37.32698],[-6.24565,37.32436],[-6.24272,37.32364],[-6.24045,37.32123],[-6.24058,37.31937],[-6.23967,37.31928],[-6.23782,37.31971],[-6.23612,37.32095],[-6.22979,37.31819],[-6.22552,37.32056],[-6.22435,37.31978],[-6.22048,37.32043],[-6.22005,37.31932],[-6.22039,37.31848],[-6.2223,37.31759],[-6.2205,37.31629],[-6.21637,37.31393],[-6.21624,37.31203],[-6.21581,37.31117],[-6.21265,37.31105],[-6.21113,37.31054],[-6.21165,37.30898],[-6.21229,37.30886],[-6.2126,37.3082],[-6.21456,37.30763],[-6.21455,37.30672],[-6.21269,37.30278],[-6.20914,37.29885],[-6.20507,37.29267],[-6.20333,37.29355],[-6.20248,37.29508],[-6.20052,37.29551],[-6.20032,37.29767],[-6.19924,37.29952],[-6.1992,37.30183],[-6.19368,37.30188],[-6.19361,37.30329],[-6.19385,37.30511],[-6.19194,37.30558],[-6.19189,37.30618],[-6.1908,37.30631],[-6.18767,37.30858],[-6.18724,37.30937],[-6.18489,37.31124],[-6.1839,37.31429],[-6.18363,37.31586],[-6.18326,37.31914],[-6.18327,37.32129],[-6.18361,37.32196],[-6.18615,37.32313],[-6.18689,37.32371],[-6.18746,37.3246],[-6.18639,37.32594],[-6.18648,37.32638],[-6.18463,37.32675],[-6.18554,37.3306],[-6.18432,37.33096],[-6.18391,37.33187],[-6.18508,37.33412],[-6.18353,37.33537],[-6.18187,37.3357],[-6.18067,37.33642],[-6.17866,37.33679],[-6.17678,37.33752],[-6.17625,37.33808],[-6.17735,37.34073],[-6.18009,37.34446],[-6.18101,37.34699],[-6.18191,37.3483],[-6.18351,37.34861],[-6.18454,37.34938],[-6.18472,37.35003],[-6.18561,37.35055],[-6.1861,37.35114],[-6.18636,37.353],[-6.18594,37.35349],[-6.18278,37.35413],[-6.18308,37.35411],[-6.18402,37.35514],[-6.18671,37.35526],[-6.1873,37.35605],[-6.18908,37.35653],[-6.18975,37.35748],[-6.19085,37.36073],[-6.19251,37.36273],[-6.19304,37.36294],[-6.197,37.36297],[-6.19938,37.36275],[-6.19998,37.36271]]]}},{"type":"Feature","properties":{"COD_POSTAL":"41111"},"geometry":{"type":"Polygon","coordinates":[[[-6.1156,37.29925],[-6.11484,37.29866],[-6.1146,37.29818],[-6.11326,37.29461],[-6.11071,37.29299],[-6.10986,37.2918],[-6.10949,37.29072],[-6.10766,37.28906],[-6.10736,37.28893],[-6.10414,37.28935],[-6.10048,37.28862],[-6.09796,37.28874],[-6.08601,37.28562],[-6.08532,37.28697],[-6.08258,37.29018],[-6.08161,37.29178],[-6.07786,37.29651],[-6.0792,37.29745],[-6.07957,37.29796],[-6.0797,37.29868],[-6.0807,37.30024],[-6.08133,37.30174],[-6.08152,37.30269],[-6.08295,37.30345],[-6.0849,37.30613],[-6.08543,37.30753],[-6.0863,37.30889],[-6.08663,37.31022],[-6.08759,37.31132],[-6.08898,37.31466],[-6.08919,37.31594],[-6.08981,37.31657],[-6.09003,37.32161],[-6.09427,37.32156],[-6.09564,37.32103],[-6.09634,37.32099],[-6.09967,37.32114],[-6.10481,37.32091],[-6.11175,37.32273],[-6.11564,37.3248],[-6.11569,37.32406],[-6.11871,37.32305],[-6.11974,37.32316],[-6.12161,37.32404],[-6.1246,37.32325],[-6.13215,37.31986],[-6.13288,37.31832],[-6.13574,37.31566],[-6.13597,37.31025],[-6.13581,37.30817],[-6.13542,37.30655],[-6.13643,37.30385],[-6.13786,37.30193],[-6.13989,37.30003],[-6.14119,37.2992],[-6.14195,37.29768],[-6.14496,37.29576],[-6.14503,37.2939],[-6.14561,37.29324],[-6.14756,37.29199],[-6.1479,37.29127],[-6.14612,37.29113],[-6.14124,37.2917],[-6.13879,37.29721],[-6.13804,37.29819],[-6.13678,37.29921],[-6.1337,37.30054],[-6.13269,37.30197],[-6.13128,37.30309],[-6.13006,37.30326],[-6.12652,37.30292],[-6.12326,37.30332],[-6.12207,37.30323],[-6.11994,37.30211],[-6.1181,37.30051],[-6.11665,37.29975],[-6.1156,37.29925]]]}},{"type":"Feature","properties":{"COD_POSTAL":"41130"},"geometry":{"type":"Polygon","coordinates":[[[-6.11665,37.29975],[-6.1181,37.30051],[-6.11994,37.30211],[-6.12207,37.30323],[-6.12326,37.30332],[-6.12652,37.30292],[-6.13072,37.30324],[-6.13196,37.30272],[-6.1337,37.30054],[-6.13678,37.29921],[-6.13804,37.29819],[-6.13879,37.29721],[-6.14148,37.29127],[-6.14253,37.28729],[-6.14188,37.28407],[-6.13923,37.27982],[-6.13855,37.27562],[-6.13893,37.274],[-6.13956,37.27285],[-6.1394,37.27168],[-6.13955,37.27059],[-6.14053,37.26746],[-6.14001,37.26433],[-6.14025,37.26115],[-6.14082,37.25971],[-6.14153,37.25907],[-6.14462,37.25809],[-6.14924,37.258],[-6.15045,37.25754],[-6.1517,37.25669],[-6.15292,37.25638],[-6.15393,37.25674],[-6.15516,37.2578],[-6.15634,37.25829],[-6.15896,37.25832],[-6.16162,37.2597],[-6.16438,37.26008],[-6.1662,37.25947],[-6.16864,37.25697],[-6.17274,37.25451],[-6.17408,37.25432],[-6.17396,37.25478],[-6.17673,37.25525],[-6.17784,37.25586],[-6.17965,37.25639],[-6.18171,37.2529],[-6.18577,37.24782],[-6.18584,37.24602],[-6.18535,37.24246],[-6.18608,37.23969],[-6.18831,37.23763],[-6.18886,37.23622],[-6.19024,37.23469],[-6.19037,37.23332],[-6.19131,37.23153],[-6.19167,37.2292],[-6.19225,37.22837],[-6.19228,37.2271],[-6.19263,37.22675],[-6.19281,37.22571],[-6.1934,37.22466],[-6.19259,37.222],[-6.19257,37.22016],[-6.19335,37.21519],[-6.19317,37.21395],[-6.19407,37.2113],[-6.19506,37.20684],[-6.19506,37.20412],[-6.19583,37.20329],[-6.19559,37.20203],[-6.19428,37.20102],[-6.19421,37.20038],[-6.19454,37.1992],[-6.19488,37.19542],[-6.19557,37.19376],[-6.19499,37.19291],[-6.19594,37.19221],[-6.1964,37.19129],[-6.19629,37.19058],[-6.1956,37.19143],[-6.19488,37.1918],[-6.19247,37.19206],[-6.19071,37.19196],[-6.19028,37.19166],[-6.18917,37.18995],[-6.18839,37.18947],[-6.18712,37.18901],[-6.17885,37.18741],[-6.17837,37.18704],[-6.17744,37.18515],[-6.17691,37.18351],[-6.17646,37.18082],[-6.17604,37.1802],[-6.17255,37.17986],[-6.16674,37.17882],[-6.16432,37.17809],[-6.1613,37.17698],[-6.15462,37.17351],[-6.15239,37.17264],[-6.15182,37.17265],[-6.1466,37.17548],[-6.14316,37.17669],[-6.14204,37.17615],[-6.14095,37.17504],[-6.13802,37.17468],[-6.13743,37.17498],[-6.13226,37.18114],[-6.12288,37.19401],[-6.1154,37.20145],[-6.11477,37.20118],[-6.11441,37.20187],[-6.1101,37.19972],[-6.10804,37.19838],[-6.10631,37.19249],[-6.10599,37.18859],[-6.10864,37.18289],[-6.10912,37.18128],[-6.10943,37.18007],[-6.10937,37.17659],[-6.10956,37.17615],[-6.1114,37.17527],[-6.11408,37.17291],[-6.11562,37.17111],[-6.13171,37.15555],[-6.1378,37.15008],[-6.14305,37.1445],[-6.14834,37.13939],[-6.15063,37.13748],[-6.15847,37.12927],[-6.16236,37.13066],[-6.16254,37.12936],[-6.16245,37.12743],[-6.16158,37.12527],[-6.16161,37.12468],[-6.15942,37.12092],[-6.15495,37.11459],[-6.1517,37.11092],[-6.15143,37.11029],[-6.1524,37.10973],[-6.15149,37.10816],[-6.14926,37.10554],[-6.14658,37.10136],[-6.1472,37.10026],[-6.14686,37.09941],[-6.14183,37.09436],[-6.13201,37.08662],[-6.12942,37.08416],[-6.12699,37.08245],[-6.12153,37.07341],[-6.12092,37.0717],[-6.12149,37.07069],[-6.12234,37.06979],[-6.1278,37.06462],[-6.13186,37.06114],[-6.1392,37.05545],[-6.14588,37.05094],[-6.15042,37.0491],[-6.1533,37.04253],[-6.15455,37.03883],[-6.15496,37.03848],[-6.15722,37.03811],[-6.16641,37.03758],[-6.17689,37.03803],[-6.1925,37.03787],[-6.20228,37.03847],[-6.20593,37.03334],[-6.21316,37.02547],[-6.21472,37.02413],[-6.21682,37.02281],[-6.2199,37.02164],[-6.22148,37.02144],[-6.22285,37.02146],[-6.2254,37.02206],[-6.228,37.02374],[-6.23016,37.02619],[-6.23321,37.03214],[-6.2345,37.03345],[-6.23509,37.03373],[-6.23778,37.03422],[-6.2413,37.03405],[-6.24283,37.03375],[-6.2466,37.03228],[-6.24823,37.0312],[-6.24991,37.02963],[-6.25324,37.02548],[-6.25803,37.01802],[-6.25952,37.01415],[-6.25968,37.01171],[-6.25875,37.00855],[-6.25779,37.00683],[-6.25468,37.00247],[-6.25329,36.99902],[-6.25308,36.99669],[-6.2535,36.99542],[-6.2542,36.9944],[-6.25542,36.99348],[-6.25832,36.99211],[-6.26149,36.99154],[-6.26366,36.99176],[-6.27439,36.99403],[-6.27634,36.994],[-6.27838,36.99363],[-6.2803,36.99294],[-6.28374,36.99109],[-6.28624,36.98903],[-6.2881,36.98696],[-6.28934,36.98438],[-6.28962,36.98284],[-6.28992,36.96874],[-6.28973,36.96551],[-6.28918,36.96281],[-6.28768,36.96021],[-6.28689,36.95979],[-6.28514,36.95806],[-6.27773,36.95436],[-6.27135,36.9497],[-6.26985,36.94781],[-6.26864,36.94559],[-6.2684,36.94432],[-6.26834,36.94003],[-6.26973,36.93223],[-6.27383,36.91966],[-6.27517,36.91628],[-6.27829,36.91085],[-6.27672,36.91052],[-6.27383,36.90892],[-6.27255,36.90787],[-6.26494,36.89954],[-6.2608,36.89645],[-6.25844,36.89526],[-6.2538,36.89391],[-6.24837,36.89365],[-6.24302,36.89442],[-6.24021,36.89506],[-6.22961,36.8986],[-6.22147,36.90282],[-6.21152,36.90864],[-6.20853,36.91081],[-6.20157,36.91674],[-6.19926,36.9199],[-6.19526,36.92657],[-6.1895,36.93722],[-6.18285,36.95418],[-6.17797,36.96827],[-6.17417,36.97697],[-6.17183,36.98358],[-6.1649,37.0001],[-6.16177,37.00839],[-6.15942,37.01309],[-6.15671,37.01944],[-6.15462,37.02225],[-6.15204,37.02484],[-6.14733,37.02773],[-6.14211,37.03014],[-6.12426,37.03516],[-6.12184,37.03613],[-6.11814,37.038],[-6.10793,37.04459],[-6.10516,37.04688],[-6.10256,37.04948],[-6.09512,37.05859],[-6.0897,37.0663],[-6.08547,37.07386],[-6.08463,37.0751],[-6.08358,37.07582],[-6.0811,37.07625],[-6.07855,37.07579],[-6.07659,37.07455],[-6.07447,37.0722],[-6.07338,37.06892],[-6.07513,37.0624],[-6.07515,37.06167],[-6.07502,37.06099],[-6.07428,37.0601],[-6.07197,37.05883],[-6.06733,37.05737],[-6.05877,37.05514],[-6.0534,37.05414],[-6.05006,37.05418],[-6.04734,37.05456],[-6.04534,37.05569],[-6.04408,37.05744],[-6.04267,37.06064],[-6.04138,37.06434],[-6.03779,37.07816],[-6.03575,37.08921],[-6.03576,37.09003],[-6.03663,37.09335],[-6.03794,37.09643],[-6.04169,37.10341],[-6.04253,37.10554],[-6.04268,37.1062],[-6.04224,37.1084],[-6.04193,37.10905],[-6.04092,37.10988],[-6.03344,37.11364],[-6.02911,37.11647],[-6.0278,37.11773],[-6.02696,37.11912],[-6.0266,37.12039],[-6.02662,37.12265],[-6.02746,37.12432],[-6.02794,37.12483],[-6.02941,37.12614],[-6.0312,37.12725],[-6.03388,37.12812],[-6.03843,37.12894],[-6.04323,37.12927],[-6.04676,37.1305],[-6.04862,37.13178],[-6.04887,37.13268],[-6.04858,37.13324],[-6.04418,37.13727],[-6.04222,37.13836],[-6.04038,37.14],[-6.03909,37.14151],[-6.03792,37.14357],[-6.03773,37.14613],[-6.03839,37.14827],[-6.03946,37.15009],[-6.04056,37.15096],[-6.04255,37.15173],[-6.04527,37.1517],[-6.05153,37.15078],[-6.0553,37.15089],[-6.05794,37.15129],[-6.06002,37.15266],[-6.06117,37.15405],[-6.06179,37.15539],[-6.06196,37.1572],[-6.0612,37.15862],[-6.05959,37.16009],[-6.05705,37.16183],[-6.05307,37.16365],[-6.04627,37.16603],[-6.03913,37.1671],[-6.03209,37.16743],[-6.02976,37.16829],[-6.02833,37.16932],[-6.02752,37.17066],[-6.02685,37.17316],[-6.02698,37.17499],[-6.02797,37.17693],[-6.03161,37.18063],[-6.03353,37.18217],[-6.03414,37.18161],[-6.03506,37.18541],[-6.03735,37.1923],[-6.03798,37.19368],[-6.0395,37.19552],[-6.04128,37.19627],[-6.04275,37.19645],[-6.04813,37.19489],[-6.05089,37.19448],[-6.05215,37.19461],[-6.05367,37.19519],[-6.05474,37.1958],[-6.05536,37.19652],[-6.05572,37.19733],[-6.05561,37.19836],[-6.05208,37.20641],[-6.05088,37.21268],[-6.05156,37.21524],[-6.05268,37.21637],[-6.05343,37.21673],[-6.05525,37.2169],[-6.05675,37.21672],[-6.05808,37.21604],[-6.05931,37.21477],[-6.06101,37.21202],[-6.06352,37.20619],[-6.06442,37.20552],[-6.06787,37.20459],[-6.06943,37.20453],[-6.06946,37.20536],[-6.072,37.20559],[-6.07417,37.20551],[-6.07575,37.20579],[-6.07645,37.20674],[-6.07703,37.21041],[-6.07696,37.21179],[-6.07652,37.21265],[-6.07316,37.21601],[-6.06999,37.21838],[-6.07004,37.21959],[-6.06795,37.2209],[-6.062,37.22331],[-6.05798,37.22522],[-6.05607,37.2273],[-6.0559,37.22852],[-6.05622,37.23071],[-6.06075,37.24279],[-6.06218,37.25084],[-6.06154,37.25335],[-6.06173,37.25454],[-6.06145,37.25664],[-6.06083,37.25864],[-6.06034,37.25917],[-6.05961,37.26095],[-6.0592,37.26298],[-6.0579,37.26575],[-6.05722,37.26647],[-6.05634,37.26812],[-6.05443,37.27259],[-6.06228,37.27492],[-6.06863,37.27631],[-6.07994,37.28019],[-6.08602,37.28562],[-6.08824,37.28635],[-6.09859,37.28884],[-6.10048,37.28862],[-6.10414,37.28935],[-6.10736,37.28893],[-6.10766,37.28906],[-6.10949,37.29072],[-6.10986,37.2918],[-6.11071,37.29299],[-6.11326,37.29461],[-6.11484,37.29866],[-6.11665,37.29975]]]}},{"type":"Feature","properties":{"COD_POSTAL":"41610"},"geometry":{"type":"Polygon","coordinates":[[[-5.53847,37.26644],[-5.53704,37.26665],[-5.53558,37.26352],[-5.53546,37.26187],[-5.52872,37.25937],[-5.52057,37.25697],[-5.50864,37.25092],[-5.49968,37.24873],[-5.49569,37.24814],[-5.49227,37.24797],[-5.47721,37.24486],[-5.47212,37.24284],[-5.46827,37.24211],[-5.46451,37.24058],[-5.46029,37.23842],[-5.45706,37.23721],[-5.45181,37.23625],[-5.4498,37.23549],[-5.4472,37.23367],[-5.44088,37.23308],[-5.43868,37.23263],[-5.43471,37.23046],[-5.43376,37.2296],[-5.43274,37.22931],[-5.43213,37.23002],[-5.43129,37.23005],[-5.43116,37.23114],[-5.42945,37.23231],[-5.42919,37.2328],[-5.4302,37.23614],[-5.43043,37.23631],[-5.43696,37.23768],[-5.43951,37.23775],[-5.44443,37.23718],[-5.44669,37.23718],[-5.44729,37.2378],[-5.44791,37.23919],[-5.44589,37.24096],[-5.44658,37.24158],[-5.43874,37.24267],[-5.43923,37.24106],[-5.43858,37.23993],[-5.43552,37.23951],[-5.43471,37.24054],[-5.43413,37.24029],[-5.43375,37.24109],[-5.43244,37.24196],[-5.43053,37.24174],[-5.42977,37.24233],[-5.42807,37.24303],[-5.42684,37.24413],[-5.42379,37.24896],[-5.42341,37.25014],[-5.42322,37.25321],[-5.42154,37.26458],[-5.42164,37.26734],[-5.42281,37.27145],[-5.42171,37.27682],[-5.42311,37.27878],[-5.42668,37.28208],[-5.42855,37.28263],[-5.42867,37.28556],[-5.42943,37.28657],[-5.43364,37.28907],[-5.43744,37.29078],[-5.44507,37.30174],[-5.4513,37.30742],[-5.45278,37.30944],[-5.45521,37.31029],[-5.46058,37.31127],[-5.46143,37.31298],[-5.46428,37.31245],[-5.46472,37.31467],[-5.46648,37.31819],[-5.46696,37.32009],[-5.46829,37.32207],[-5.46896,37.32394],[-5.4694,37.32641],[-5.48,37.32652],[-5.48423,37.32763],[-5.48591,37.33064],[-5.48667,37.33312],[-5.48455,37.33345],[-5.47805,37.33929],[-5.4859,37.33956],[-5.48639,37.34353],[-5.48657,37.34382],[-5.48881,37.34466],[-5.49555,37.34562],[-5.50406,37.34643],[-5.50042,37.34985],[-5.49873,37.35234],[-5.49881,37.35275],[-5.50177,37.35416],[-5.50305,37.3543],[-5.50476,37.35403],[-5.50816,37.35312],[-5.52015,37.35709],[-5.52006,37.3564],[-5.52101,37.35289],[-5.5216,37.35181],[-5.52231,37.35113],[-5.53043,37.3464],[-5.54199,37.33782],[-5.54798,37.3338],[-5.54849,37.33317],[-5.56571,37.32178],[-5.566,37.31438],[-5.56383,37.3068],[-5.56386,37.30543],[-5.56786,37.29841],[-5.56865,37.29641],[-5.57004,37.2942],[-5.57276,37.29066],[-5.57507,37.28839],[-5.57939,37.28105],[-5.56668,37.27503],[-5.55607,37.27088],[-5.54971,37.26874],[-5.54549,37.27198],[-5.54155,37.26925],[-5.54155,37.26798],[-5.54043,37.26758],[-5.53847,37.26644]]]}},{"type":"Feature","properties":{"COD_POSTAL":"41003"},"geometry":{"type":"Polygon","coordinates":[[[-5.98551,37.40056],[-5.98613,37.40183],[-5.98693,37.40235],[-5.98785,37.40285],[-5.98932,37.40284],[-5.98908,37.40193],[-5.99016,37.40104],[-5.99008,37.40048],[-5.99079,37.4004],[-5.99094,37.39975],[-5.99165,37.39966],[-5.99158,37.39925],[-5.99121,37.39907],[-5.99154,37.39884],[-5.99145,37.39813],[-5.99319,37.3971],[-5.99368,37.3967],[-5.99362,37.39642],[-5.9941,37.39617],[-5.99461,37.39445],[-5.99436,37.39444],[-5.99387,37.3936],[-5.99481,37.39327],[-5.99473,37.39264],[-5.99259,37.39265],[-5.99261,37.39231],[-5.99234,37.39219],[-5.99,37.39224],[-5.99005,37.39136],[-5.98915,37.39088],[-5.98935,37.39056],[-5.98892,37.39037],[-5.98908,37.3898],[-5.98831,37.38988],[-5.98802,37.389],[-5.98675,37.38846],[-5.98696,37.38823],[-5.98655,37.38798],[-5.9858,37.38778],[-5.98629,37.38692],[-5.98584,37.38675],[-5.9859,37.38659],[-5.98664,37.38596],[-5.98621,37.3858],[-5.98603,37.38543],[-5.9839,37.38469],[-5.98243,37.38796],[-5.97816,37.39173],[-5.97856,37.39218],[-5.98031,37.39294],[-5.97896,37.3942],[-5.97959,37.39471],[-5.98001,37.39466],[-5.98257,37.39564],[-5.9814,37.39767],[-5.98159,37.39851],[-5.98321,37.39952],[-5.98329,37.39979],[-5.98351,37.39963],[-5.98433,37.40001],[-5.98551,37.40056]]]}},{"type":"Feature","properties":{"COD_POSTAL":"41110"},"geometry":{"type":"Polygon","coordinates":[[[-6.14028,37.36678],[-6.14195,37.37012],[-6.14261,37.37085],[-6.14448,37.36918],[-6.14608,37.36821],[-6.14642,37.36818],[-6.14692,37.36876],[-6.14804,37.36939],[-6.15184,37.36899],[-6.14895,37.37086],[-6.1493,37.37164],[-6.14787,37.37158],[-6.14736,37.3746],[-6.14881,37.37371],[-6.15412,37.37266],[-6.15413,37.37244],[-6.15485,37.37199],[-6.15436,37.37098],[-6.15302,37.37131],[-6.15268,37.37055],[-6.1529,37.37054],[-6.15294,37.36978],[-6.1517,37.36862],[-6.15218,37.36822],[-6.15277,37.36633],[-6.15309,37.36649],[-6.15311,37.3663],[-6.15155,37.36358],[-6.15435,37.36176],[-6.15463,37.36202],[-6.15412,37.36227],[-6.15513,37.36217],[-6.15528,37.36255],[-6.15528,37.36291],[-6.15453,37.36316],[-6.15466,37.36373],[-6.15648,37.36368],[-6.15707,37.36522],[-6.15792,37.3649],[-6.1584,37.3644],[-6.15766,37.36397],[-6.15664,37.36205],[-6.15622,37.36218],[-6.15577,37.36145],[-6.15373,37.35994],[-6.15372,37.35941],[-6.1534,37.35887],[-6.15416,37.3575],[-6.15504,37.35663],[-6.15479,37.35503],[-6.15666,37.35337],[-6.15825,37.35294],[-6.16051,37.35309],[-6.16239,37.35236],[-6.16465,37.3521],[-6.16629,37.35223],[-6.16707,37.35201],[-6.17023,37.34966],[-6.17464,37.34791],[-6.17609,37.34705],[-6.17778,37.34651],[-6.18064,37.34709],[-6.1825,37.35019],[-6.18242,37.35115],[-6.18161,37.35162],[-6.18086,37.35307],[-6.18128,37.3542],[-6.18505,37.35382],[-6.18594,37.35349],[-6.18636,37.353],[-6.18625,37.35165],[-6.18561,37.35055],[-6.18472,37.35003],[-6.18454,37.34938],[-6.18351,37.34861],[-6.18191,37.3483],[-6.18115,37.34721],[-6.18009,37.34446],[-6.17785,37.34162],[-6.17625,37.33808],[-6.17678,37.33752],[-6.17866,37.33679],[-6.18067,37.33642],[-6.18187,37.3357],[-6.18353,37.33537],[-6.18508,37.33412],[-6.18391,37.33187],[-6.18432,37.33096],[-6.18554,37.3306],[-6.18463,37.32675],[-6.18648,37.32638],[-6.18639,37.32594],[-6.18746,37.3246],[-6.18689,37.32371],[-6.18615,37.32313],[-6.18361,37.32196],[-6.18327,37.32129],[-6.18326,37.31914],[-6.18363,37.31586],[-6.1839,37.31429],[-6.18489,37.31124],[-6.18724,37.30937],[-6.18767,37.30858],[-6.1908,37.30631],[-6.19189,37.30618],[-6.19194,37.30558],[-6.19385,37.30511],[-6.19361,37.30329],[-6.19368,37.30188],[-6.1992,37.30183],[-6.19924,37.29952],[-6.20052,37.29692],[-6.20052,37.29551],[-6.20023,37.29557],[-6.2002,37.29446],[-6.19904,37.29359],[-6.19594,37.29371],[-6.19461,37.29262],[-6.19106,37.29086],[-6.19135,37.28896],[-6.19121,37.28843],[-6.18991,37.28749],[-6.18921,37.28333],[-6.18963,37.28194],[-6.19195,37.27847],[-6.19219,37.277],[-6.19264,37.27605],[-6.19381,37.27532],[-6.19638,37.27458],[-6.198,37.27283],[-6.19741,37.27183],[-6.195,37.27125],[-6.19292,37.26766],[-6.18937,37.26516],[-6.18881,37.26415],[-6.18767,37.2634],[-6.1872,37.2635],[-6.18127,37.25943],[-6.18084,37.2588],[-6.18089,37.25754],[-6.18031,37.25725],[-6.17964,37.25639],[-6.17784,37.25586],[-6.17673,37.25525],[-6.17396,37.25478],[-6.17408,37.25432],[-6.17192,37.25483],[-6.16864,37.25697],[-6.1662,37.25947],[-6.16438,37.26008],[-6.16162,37.2597],[-6.15896,37.25832],[-6.15634,37.25829],[-6.15516,37.2578],[-6.15393,37.25674],[-6.15292,37.25638],[-6.1517,37.25669],[-6.15045,37.25754],[-6.14924,37.258],[-6.14531,37.258],[-6.14254,37.2586],[-6.14153,37.25907],[-6.14082,37.25971],[-6.14025,37.26115],[-6.14,37.26388],[-6.14053,37.26746],[-6.13955,37.27059],[-6.1394,37.27168],[-6.13956,37.27285],[-6.13893,37.274],[-6.13855,37.27562],[-6.13923,37.27982],[-6.14188,37.28407],[-6.14245,37.28617],[-6.14245,37.28786],[-6.14124,37.2917],[-6.14612,37.29113],[-6.14727,37.29113],[-6.14793,37.29143],[-6.14756,37.29199],[-6.14561,37.29324],[-6.14503,37.2939],[-6.14496,37.29576],[-6.14195,37.29768],[-6.14119,37.2992],[-6.13989,37.30003],[-6.13786,37.30193],[-6.13643,37.30385],[-6.13542,37.30655],[-6.13581,37.30817],[-6.13597,37.31025],[-6.13574,37.31566],[-6.13338,37.31775],[-6.13222,37.31951],[-6.13172,37.32315],[-6.13074,37.32318],[-6.13114,37.32584],[-6.1263,37.32664],[-6.12551,37.3264],[-6.12416,37.32649],[-6.1183,37.32768],[-6.11708,37.3268],[-6.11578,37.32767],[-6.11468,37.32559],[-6.11307,37.32601],[-6.11241,37.32749],[-6.11204,37.32759],[-6.11136,37.32682],[-6.10955,37.32687],[-6.10748,37.32737],[-6.10573,37.3266],[-6.10494,37.32695],[-6.09841,37.3261],[-6.09577,37.3267],[-6.09352,37.3277],[-6.09319,37.32856],[-6.09314,37.32978],[-6.09342,37.33054],[-6.09232,37.33271],[-6.09282,37.33393],[-6.09258,37.33442],[-6.09321,37.33602],[-6.09305,37.33678],[-6.09203,37.33814],[-6.09234,37.34088],[-6.09199,37.34321],[-6.09248,37.34493],[-6.09297,37.34543],[-6.09241,37.34607],[-6.09336,37.34636],[-6.09321,37.34759],[-6.09433,37.34847],[-6.09483,37.3497],[-6.09454,37.35027],[-6.09492,37.35058],[-6.09505,37.35162],[-6.09493,37.35193],[-6.09444,37.35219],[-6.09458,37.35263],[-6.09435,37.35559],[-6.09458,37.35613],[-6.09788,37.35654],[-6.09891,37.35705],[-6.10049,37.35728],[-6.10501,37.35734],[-6.11791,37.35474],[-6.11942,37.3551],[-6.11972,37.35547],[-6.11956,37.35663],[-6.11796,37.35726],[-6.11716,37.35929],[-6.118,37.36192],[-6.11842,37.36269],[-6.12122,37.36251],[-6.12199,37.36282],[-6.12184,37.3636],[-6.12206,37.3639],[-6.12276,37.36409],[-6.12275,37.36432],[-6.12167,37.36665],[-6.12153,37.36751],[-6.12292,37.36819],[-6.1252,37.36852],[-6.12486,37.37275],[-6.12517,37.37514],[-6.12561,37.37539],[-6.12714,37.37552],[-6.12918,37.37667],[-6.12944,37.37668],[-6.13092,37.37413],[-6.1342,37.36984],[-6.13423,37.3691],[-6.13813,37.36801],[-6.13892,37.36722],[-6.13982,37.36536],[-6.14028,37.36678]],[[-6.13982,37.36536],[-6.13457,37.36585],[-6.13241,37.36561],[-6.13136,37.36508],[-6.13054,37.36391],[-6.12911,37.36306],[-6.12963,37.36225],[-6.12967,37.36123],[-6.12994,37.36076],[-6.13052,37.36057],[-6.13267,37.36229],[-6.13372,37.36225],[-6.13697,37.36294],[-6.13895,37.36301],[-6.13968,37.36353],[-6.13978,37.36397],[-6.13982,37.36536]],[[-6.11806,37.32956],[-6.11759,37.3312],[-6.1176,37.3339],[-6.11915,37.33461],[-6.1203,37.3387],[-6.12007,37.3404],[-6.11875,37.34031],[-6.11531,37.34109],[-6.11408,37.34209],[-6.11162,37.34227],[-6.10602,37.34213],[-6.10606,37.34157],[-6.10651,37.34106],[-6.10608,37.34024],[-6.10547,37.34044],[-6.10536,37.3401],[-6.10571,37.33888],[-6.10551,37.33745],[-6.10425,37.33441],[-6.10421,37.33343],[-6.10473,37.33295],[-6.10719,37.33393],[-6.10757,37.33344],[-6.1072,37.33299],[-6.11006,37.3338],[-6.11034,37.33375],[-6.11051,37.33311],[-6.10955,37.33239],[-6.10775,37.33237],[-6.10724,37.33168],[-6.10262,37.33055],[-6.10296,37.32951],[-6.10382,37.32971],[-6.1055,37.32956],[-6.10616,37.32806],[-6.10957,37.32891],[-6.11217,37.32856],[-6.11323,37.32796],[-6.11415,37.32842],[-6.11391,37.32898],[-6.11541,37.32997],[-6.11577,37.32948],[-6.11653,37.32947],[-6.11806,37.32956]]]}},{"type":"Feature","properties":{"COD_POSTAL":"41230"},"geometry":{"type":"Polygon","coordinates":[[[-6.02496,37.78458],[-6.02502,37.78396],[-6.02406,37.78313],[-6.02437,37.7819],[-6.0242,37.78095],[-6.02493,37.77982],[-6.02559,37.77956],[-6.027,37.77986],[-6.02822,37.77931],[-6.03125,37.77906],[-6.03156,37.7793],[-6.03177,37.78096],[-6.03251,37.78167],[-6.03811,37.78191],[-6.04055,37.78276],[-6.04047,37.78299],[-6.03739,37.78405],[-6.04045,37.78508],[-6.04081,37.78505],[-6.04162,37.78414],[-6.04229,37.78411],[-6.04329,37.78459],[-6.0447,37.78471],[-6.04527,37.78499],[-6.04619,37.78598],[-6.04843,37.78643],[-6.05035,37.78638],[-6.05222,37.78587],[-6.05304,37.78617],[-6.05429,37.78556],[-6.05538,37.78558],[-6.05745,37.78612],[-6.05919,37.78582],[-6.0603,37.78591],[-6.06235,37.78767],[-6.06322,37.78779],[-6.06505,37.78737],[-6.06536,37.78708],[-6.06544,37.78601],[-6.06634,37.78516],[-6.06642,37.78403],[-6.06691,37.78331],[-6.06821,37.7835],[-6.06962,37.78416],[-6.07085,37.78541],[-6.07375,37.78489],[-6.07423,37.78469],[-6.07451,37.78425],[-6.07497,37.78267],[-6.07534,37.78228],[-6.08312,37.77879],[-6.08496,37.77771],[-6.08603,37.77752],[-6.08736,37.7768],[-6.09018,37.77629],[-6.09376,37.77486],[-6.09846,37.77421],[-6.10231,37.77265],[-6.10299,37.77256],[-6.10648,37.77338],[-6.10794,37.77397],[-6.10966,37.77385],[-6.11088,37.77411],[-6.1238,37.77189],[-6.12505,37.77063],[-6.12869,37.76978],[-6.1326,37.77025],[-6.13293,37.77009],[-6.13317,37.76869],[-6.13361,37.76791],[-6.13524,37.76631],[-6.13576,37.7652],[-6.13545,37.76365],[-6.13487,37.76272],[-6.13239,37.76163],[-6.12942,37.76076],[-6.12947,37.75921],[-6.1306,37.75812],[-6.13131,37.75698],[-6.13128,37.75415],[-6.1317,37.75375],[-6.13498,37.75353],[-6.13751,37.75287],[-6.14028,37.75128],[-6.1407,37.7508],[-6.14082,37.7501],[-6.14067,37.74925],[-6.1399,37.7481],[-6.13788,37.74705],[-6.13821,37.74377],[-6.13752,37.74189],[-6.13717,37.7375],[-6.13618,37.73323],[-6.1358,37.73244],[-6.13383,37.73067],[-6.13212,37.72827],[-6.13146,37.72786],[-6.13081,37.72779],[-6.12992,37.72803],[-6.12935,37.72853],[-6.12879,37.7296],[-6.12848,37.73195],[-6.12802,37.73255],[-6.12578,37.73248],[-6.12357,37.73123],[-6.12468,37.72852],[-6.12442,37.72685],[-6.12414,37.72634],[-6.12137,37.72467],[-6.12105,37.72418],[-6.12113,37.72269],[-6.12265,37.72067],[-6.12612,37.71914],[-6.12669,37.71787],[-6.12673,37.71741],[-6.12645,37.7171],[-6.12475,37.71661],[-6.12326,37.71658],[-6.12151,37.71717],[-6.1199,37.7172],[-6.11453,37.71666],[-6.1126,37.71608],[-6.10994,37.71361],[-6.10815,37.71302],[-6.10645,37.7129],[-6.10463,37.71333],[-6.10164,37.71589],[-6.10027,37.71822],[-6.09888,37.72135],[-6.09723,37.72276],[-6.09597,37.72264],[-6.09484,37.72209],[-6.09457,37.7218],[-6.09449,37.72049],[-6.09414,37.71974],[-6.09331,37.71858],[-6.09249,37.71808],[-6.09152,37.71838],[-6.09092,37.71911],[-6.0888,37.7197],[-6.085,37.72211],[-6.08417,37.72231],[-6.08375,37.72199],[-6.08336,37.72004],[-6.08349,37.71963],[-6.08565,37.71764],[-6.08571,37.71731],[-6.08317,37.71588],[-6.08261,37.7153],[-6.08157,37.71333],[-6.08001,37.71188],[-6.07913,37.71053],[-6.07863,37.71021],[-6.07583,37.71002],[-6.07225,37.70931],[-6.06884,37.70952],[-6.0667,37.71022],[-6.06542,37.71029],[-6.06394,37.71021],[-6.06271,37.70981],[-6.06129,37.70874],[-6.06112,37.70758],[-6.0615,37.70547],[-6.06069,37.70359],[-6.06083,37.70147],[-6.06062,37.70113],[-6.05686,37.70061],[-6.05597,37.69933],[-6.05486,37.69653],[-6.05442,37.69647],[-6.05156,37.69725],[-6.05093,37.69727],[-6.0502,37.69681],[-6.04897,37.69407],[-6.04498,37.69001],[-6.04679,37.6879],[-6.04765,37.68626],[-6.04706,37.68215],[-6.04856,37.67819],[-6.0486,37.67645],[-6.04808,37.67507],[-6.04686,37.67412],[-6.04617,37.674],[-6.04496,37.67426],[-6.03996,37.67698],[-6.03885,37.67727],[-6.03792,37.67691],[-6.03697,37.67519],[-6.03671,37.67357],[-6.03896,37.67121],[-6.03933,37.67035],[-6.0379,37.66634],[-6.03796,37.6656],[-6.03887,37.66364],[-6.0379,37.66171],[-6.03825,37.66116],[-6.04051,37.66092],[-6.04111,37.66053],[-6.04236,37.658],[-6.04273,37.65564],[-6.04303,37.65512],[-6.04498,37.65566],[-6.04819,37.65347],[-6.04953,37.65302],[-6.05074,37.65295],[-6.05256,37.65193],[-6.05406,37.64991],[-6.05769,37.64673],[-6.05834,37.64454],[-6.05823,37.64351],[-6.05614,37.63969],[-6.05478,37.63794],[-6.05356,37.63684],[-6.05198,37.63611],[-6.04853,37.63566],[-6.04109,37.6336],[-6.03599,37.62927],[-6.03443,37.6275],[-6.03366,37.62624],[-6.03137,37.62115],[-6.03061,37.61848],[-6.01577,37.6156],[-6.01084,37.61611],[-6.00754,37.61694],[-6.00403,37.61893],[-6.00251,37.61953],[-6.00192,37.62048],[-5.99879,37.62263],[-5.99439,37.62425],[-5.99194,37.62561],[-5.9887,37.62792],[-5.98575,37.62886],[-5.98474,37.6295],[-5.97727,37.63041],[-5.97575,37.63106],[-5.96852,37.63254],[-5.96505,37.63249],[-5.96158,37.6333],[-5.95991,37.63331],[-5.95268,37.63575],[-5.9504,37.63603],[-5.94709,37.63588],[-5.94424,37.63639],[-5.94014,37.63639],[-5.93345,37.63876],[-5.93171,37.63882],[-5.93099,37.63861],[-5.9265,37.63596],[-5.9256,37.63651],[-5.92087,37.63722],[-5.90432,37.63872],[-5.90268,37.63955],[-5.8995,37.64006],[-5.89528,37.64165],[-5.88243,37.64505],[-5.88179,37.64612],[-5.88128,37.65141],[-5.88152,37.65237],[-5.88251,37.65436],[-5.88326,37.65535],[-5.88325,37.65575],[-5.88269,37.65656],[-5.88057,37.65742],[-5.87726,37.66091],[-5.8747,37.66182],[-5.87117,37.6643],[-5.86681,37.6654],[-5.86459,37.6674],[-5.86319,37.66818],[-5.85857,37.66903],[-5.85753,37.67011],[-5.85718,37.67186],[-5.85692,37.67215],[-5.85433,37.67337],[-5.852,37.67394],[-5.84511,37.67377],[-5.8422,37.67444],[-5.83855,37.67742],[-5.83576,37.67911],[-5.83316,37.68149],[-5.83312,37.68181],[-5.83349,37.68228],[-5.83827,37.68549],[-5.84136,37.6886],[-5.84321,37.68997],[-5.84842,37.69224],[-5.85285,37.6934],[-5.85568,37.69479],[-5.86362,37.6974],[-5.86404,37.69782],[-5.86342,37.70338],[-5.86357,37.70448],[-5.86469,37.70624],[-5.86683,37.70743],[-5.86996,37.70817],[-5.87612,37.71193],[-5.87748,37.71302],[-5.88029,37.7163],[-5.88111,37.71696],[-5.88247,37.71738],[-5.88479,37.71947],[-5.88514,37.71999],[-5.88487,37.72232],[-5.88413,37.72413],[-5.87874,37.72731],[-5.87846,37.72774],[-5.87826,37.73034],[-5.87852,37.73965],[-5.87768,37.74519],[-5.878,37.74601],[-5.88053,37.74887],[-5.88206,37.74947],[-5.88542,37.74992],[-5.88592,37.75011],[-5.88608,37.75054],[-5.88705,37.75482],[-5.8858,37.75628],[-5.88524,37.75785],[-5.88327,37.76121],[-5.88363,37.76149],[-5.88694,37.7615],[-5.88764,37.76253],[-5.8903,37.76442],[-5.89125,37.76662],[-5.89192,37.77028],[-5.89325,37.77282],[-5.89352,37.77492],[-5.89491,37.778],[-5.8963,37.78217],[-5.89658,37.78242],[-5.89833,37.78285],[-5.90675,37.78394],[-5.91064,37.78918],[-5.91124,37.79103],[-5.91358,37.79038],[-5.91586,37.78919],[-5.91892,37.78821],[-5.92015,37.78559],[-5.92072,37.78504],[-5.92426,37.78411],[-5.92596,37.78292],[-5.93081,37.78229],[-5.93223,37.78253],[-5.93265,37.78304],[-5.9318,37.78625],[-5.93176,37.78728],[-5.93209,37.78779],[-5.93621,37.78835],[-5.93775,37.78977],[-5.93849,37.79086],[-5.93899,37.79228],[-5.94349,37.79366],[-5.94566,37.79518],[-5.9505,37.79485],[-5.95137,37.7958],[-5.95345,37.79679],[-5.95438,37.79661],[-5.95552,37.79529],[-5.95652,37.79485],[-5.96103,37.79608],[-5.96402,37.79737],[-5.96506,37.79824],[-5.96659,37.7983],[-5.96807,37.79772],[-5.9675,37.79643],[-5.96791,37.79609],[-5.97166,37.79419],[-5.97363,37.7935],[-5.97424,37.79343],[-5.97484,37.79367],[-5.97525,37.79473],[-5.97585,37.79515],[-5.97781,37.79521],[-5.97978,37.79439],[-5.98171,37.79434],[-5.98279,37.79446],[-5.98658,37.79566],[-5.98789,37.79515],[-5.98862,37.79449],[-5.98971,37.79289],[-5.9906,37.79261],[-5.99107,37.79281],[-5.99108,37.79508],[-5.99383,37.7968],[-5.99631,37.79676],[-5.99745,37.79704],[-5.99865,37.79825],[-5.99893,37.80104],[-6.00186,37.8018],[-6.00209,37.80166],[-6.00208,37.80116],[-6.00079,37.79978],[-6.00248,37.79897],[-6.00311,37.79886],[-6.00591,37.79945],[-6.00632,37.79836],[-6.00678,37.79806],[-6.01028,37.79726],[-6.01119,37.79731],[-6.013,37.79819],[-6.01407,37.79835],[-6.01583,37.79722],[-6.01681,37.79691],[-6.02048,37.79825],[-6.02073,37.79812],[-6.02153,37.79643],[-6.02196,37.79608],[-6.02343,37.79611],[-6.02449,37.79588],[-6.02594,37.79311],[-6.02585,37.79239],[-6.02342,37.78861],[-6.02354,37.78703],[-6.02449,37.78518],[-6.02496,37.78458]]]}},{"type":"Feature","properties":{"COD_POSTAL":"41319"},"geometry":{"type":"Polygon","coordinates":[[[-5.92001,37.55272],[-5.92013,37.55336],[-5.91702,37.55265],[-5.91529,37.55272],[-5.91039,37.55522],[-5.90647,37.5514],[-5.90444,37.54843],[-5.90051,37.54903],[-5.90306,37.55316],[-5.90403,37.55538],[-5.90586,37.56093],[-5.90618,37.56508],[-5.90545,37.5668],[-5.90395,37.56885],[-5.90105,37.57115],[-5.89909,37.57197],[-5.89521,37.57165],[-5.89227,37.57334],[-5.89726,37.5812],[-5.89955,37.58612],[-5.90129,37.58445],[-5.90226,37.58397],[-5.90422,37.58355],[-5.90679,37.58153],[-5.90977,37.57965],[-5.9105,37.58006],[-5.91141,37.58162],[-5.91472,37.58037],[-5.91793,37.57847],[-5.92644,37.57481],[-5.92944,37.57275],[-5.93171,37.57212],[-5.93345,37.57203],[-5.93548,37.57124],[-5.93812,37.57107],[-5.93862,37.57076],[-5.92268,37.55268],[-5.92001,37.55272]]]}},{"type":"Feature","properties":{"COD_POSTAL":"41479"},"geometry":{"type":"Polygon","coordinates":[[[-5.40952,37.86585],[-5.41462,37.86456],[-5.41902,37.86512],[-5.42059,37.86723],[-5.42356,37.86934],[-5.42521,37.86951],[-5.42923,37.86837],[-5.43197,37.86945],[-5.43267,37.86943],[-5.43427,37.86893],[-5.43507,37.86828],[-5.43885,37.867],[-5.44171,37.86523],[-5.44292,37.86481],[-5.47667,37.85472],[-5.48223,37.85383],[-5.48614,37.85229],[-5.48562,37.85121],[-5.48515,37.84891],[-5.48714,37.84722],[-5.48859,37.84536],[-5.48943,37.84289],[-5.49061,37.83642],[-5.49312,37.83615],[-5.49529,37.83515],[-5.49542,37.83488],[-5.49487,37.83405],[-5.49687,37.83111],[-5.49808,37.82755],[-5.49781,37.82464],[-5.50346,37.81789],[-5.50854,37.80803],[-5.51026,37.80348],[-5.51248,37.80098],[-5.51272,37.8002],[-5.51469,37.78993],[-5.51471,37.78824],[-5.51423,37.78687],[-5.51225,37.78303],[-5.51089,37.77948],[-5.51184,37.76897],[-5.51187,37.76786],[-5.51134,37.76687],[-5.51153,37.76651],[-5.5135,37.76525],[-5.51389,37.76404],[-5.51294,37.76208],[-5.51154,37.7607],[-5.51138,37.76001],[-5.51169,37.756],[-5.51142,37.7554],[-5.51166,37.75124],[-5.50778,37.75134],[-5.49993,37.75303],[-5.49213,37.75421],[-5.48597,37.75389],[-5.47832,37.7519],[-5.47255,37.75543],[-5.46513,37.75704],[-5.45763,37.75719],[-5.44021,37.75321],[-5.43568,37.75187],[-5.43272,37.75164],[-5.42792,37.75169],[-5.42436,37.7521],[-5.40635,37.75749],[-5.40162,37.76077],[-5.39637,37.76545],[-5.39417,37.76594],[-5.39297,37.76664],[-5.39041,37.76663],[-5.38752,37.7658],[-5.38007,37.76848],[-5.37798,37.76894],[-5.36746,37.7693],[-5.3642,37.76817],[-5.35787,37.76874],[-5.3568,37.76925],[-5.35382,37.77135],[-5.35097,37.77374],[-5.34376,37.77519],[-5.34135,37.77698],[-5.33558,37.77978],[-5.32945,37.78192],[-5.32971,37.78398],[-5.33008,37.78494],[-5.33093,37.7857],[-5.33385,37.78662],[-5.33536,37.78737],[-5.34335,37.78945],[-5.34433,37.7901],[-5.3453,37.79241],[-5.34594,37.7928],[-5.34947,37.79382],[-5.35004,37.79471],[-5.34907,37.79841],[-5.34897,37.7996],[-5.34809,37.80073],[-5.34839,37.80188],[-5.34733,37.80526],[-5.34828,37.80844],[-5.34764,37.81228],[-5.34747,37.81278],[-5.34594,37.81455],[-5.34588,37.81623],[-5.34445,37.81752],[-5.34219,37.82135],[-5.34184,37.82301],[-5.34227,37.82445],[-5.34467,37.82659],[-5.34495,37.8272],[-5.34493,37.82786],[-5.34401,37.8292],[-5.34219,37.83071],[-5.34012,37.83121],[-5.33941,37.83151],[-5.33911,37.83198],[-5.33932,37.83301],[-5.33977,37.83353],[-5.34267,37.83453],[-5.34509,37.83626],[-5.34532,37.83708],[-5.34443,37.83923],[-5.34451,37.83987],[-5.34525,37.84015],[-5.34699,37.83982],[-5.34786,37.8402],[-5.34927,37.84153],[-5.35046,37.84227],[-5.3505,37.84337],[-5.35187,37.8434],[-5.3544,37.84299],[-5.35991,37.84416],[-5.36268,37.84714],[-5.36412,37.84822],[-5.36845,37.85013],[-5.36988,37.85051],[-5.37396,37.85083],[-5.37857,37.85253],[-5.37985,37.85251],[-5.38176,37.8516],[-5.38362,37.85302],[-5.38398,37.85462],[-5.38652,37.85608],[-5.38905,37.85836],[-5.3913,37.85915],[-5.39598,37.86183],[-5.39935,37.86341],[-5.40004,37.86356],[-5.40136,37.8634],[-5.40354,37.8625],[-5.40502,37.86236],[-5.40832,37.86501],[-5.40846,37.8661],[-5.40952,37.86585]]]}},{"type":"Feature","properties":{"COD_POSTAL":"41001"},"geometry":{"type":"Polygon","coordinates":[[[-5.99634,37.39271],[-6.00146,37.39332],[-6.00516,37.39299],[-6.00528,37.3905],[-6.00582,37.39046],[-6.00516,37.38926],[-6.00366,37.38894],[-6.00313,37.38774],[-6.00237,37.38802],[-6.00125,37.3871],[-6.00203,37.38649],[-5.99878,37.38404],[-5.99572,37.38106],[-5.99376,37.38211],[-5.99352,37.38292],[-5.99442,37.38824],[-5.99426,37.38917],[-5.99448,37.38914],[-5.99476,37.38991],[-5.99459,37.39102],[-5.99531,37.39112],[-5.99532,37.39266],[-5.99624,37.39265],[-5.99634,37.39271]]]}},{"type":"Feature","properties":{"COD_POSTAL":"41720"},"geometry":{"type":"MultiPolygon","coordinates":[[[[-5.86039,37.11519],[-5.86083,37.11543],[-5.8683,37.11448],[-5.87636,37.11278],[-5.88729,37.11006],[-5.8859,37.10788],[-5.89508,37.10562],[-5.878,37.07255],[-5.87131,37.04839],[-5.8528,37.06379],[-5.84699,37.07835],[-5.85297,37.09786],[-5.86039,37.11519]]],[[[-5.8606,37.1196],[-5.85732,37.12303],[-5.8526,37.12717],[-5.84874,37.12985],[-5.84747,37.13103],[-5.84465,37.1354],[-5.84236,37.13961],[-5.84217,37.14015],[-5.84237,37.14099],[-5.84382,37.14227],[-5.84704,37.14392],[-5.85434,37.15093],[-5.85726,37.15289],[-5.85992,37.15518],[-5.87446,37.16975],[-5.87606,37.17232],[-5.87723,37.1748],[-5.87765,37.17624],[-5.87775,37.17787],[-5.8772,37.17943],[-5.87701,37.18117],[-5.87748,37.18396],[-5.87839,37.18686],[-5.87819,37.1881],[-5.87863,37.1897],[-5.88053,37.19163],[-5.88295,37.19282],[-5.884,37.19281],[-5.89039,37.19497],[-5.89208,37.19736],[-5.89851,37.20092],[-5.90401,37.2035],[-5.90575,37.20628],[-5.90727,37.20747],[-5.90816,37.20868],[-5.90846,37.21012],[-5.90808,37.2126],[-5.90841,37.21338],[-5.91164,37.21274],[-5.91613,37.21239],[-5.92213,37.21264],[-5.92263,37.21027],[-5.92334,37.20909],[-5.92584,37.20793],[-5.92858,37.20709],[-5.93009,37.20568],[-5.93214,37.20565],[-5.93527,37.20417],[-5.93634,37.20428],[-5.93789,37.20328],[-5.93878,37.20299],[-5.9396,37.20168],[-5.94185,37.20118],[-5.94193,37.20065],[-5.94361,37.19928],[-5.94613,37.19925],[-5.94689,37.19861],[-5.9472,37.19789],[-5.94832,37.19755],[-5.94918,37.19671],[-5.95117,37.19732],[-5.95212,37.19717],[-5.95297,37.19769],[-5.95473,37.19452],[-5.95566,37.19371],[-5.96503,37.18975],[-5.97664,37.17764],[-5.94314,37.16773],[-5.94073,37.15725],[-5.92677,37.15062],[-5.90798,37.14698],[-5.90261,37.14719],[-5.88784,37.13713],[-5.8606,37.1196]]]]}},{"type":"Feature","properties":{"COD_POSTAL":"41800"},"geometry":{"type":"Polygon","coordinates":[[[-6.21632,37.52827],[-6.21728,37.532],[-6.21882,37.53416],[-6.22068,37.53746],[-6.2215,37.5404],[-6.2237,37.54323],[-6.22475,37.54417],[-6.22509,37.54586],[-6.22752,37.54977],[-6.2276,37.55099],[-6.22835,37.55291],[-6.23007,37.55316],[-6.23045,37.554],[-6.23133,37.55459],[-6.23264,37.556],[-6.2336,37.55635],[-6.23391,37.55696],[-6.23398,37.55805],[-6.23499,37.55969],[-6.23459,37.56101],[-6.23274,37.56206],[-6.23224,37.56278],[-6.23308,37.56434],[-6.232,37.56694],[-6.23263,37.56756],[-6.23203,37.5692],[-6.23132,37.57037],[-6.23042,37.57103],[-6.22993,37.57195],[-6.22892,37.57272],[-6.22856,37.57338],[-6.22939,37.57695],[-6.22904,37.5771],[-6.22939,37.57822],[-6.22905,37.57965],[-6.22916,37.58022],[-6.22997,37.58145],[-6.22951,37.58319],[-6.22901,37.58371],[-6.22917,37.58522],[-6.22842,37.58656],[-6.22839,37.58716],[-6.23017,37.58921],[-6.23112,37.59071],[-6.23239,37.59418],[-6.23225,37.59746],[-6.23192,37.59861],[-6.23218,37.60173],[-6.23378,37.60445],[-6.2351,37.60615],[-6.23752,37.60802],[-6.23851,37.60846],[-6.2394,37.6093],[-6.23966,37.61018],[-6.24161,37.61129],[-6.24319,37.61535],[-6.2433,37.61748],[-6.2454,37.6198],[-6.2471,37.62241],[-6.25051,37.6251],[-6.2552,37.62753],[-6.25722,37.62812],[-6.25606,37.62353],[-6.2545,37.61181],[-6.25674,37.60189],[-6.25584,37.60032],[-6.2558,37.59982],[-6.25599,37.59947],[-6.25668,37.59915],[-6.25907,37.59842],[-6.26016,37.59703],[-6.26162,37.59635],[-6.26176,37.59604],[-6.26146,37.59501],[-6.2616,37.59336],[-6.26138,37.59232],[-6.26207,37.5909],[-6.26335,37.59106],[-6.26428,37.59064],[-6.26442,37.59023],[-6.26391,37.58923],[-6.26504,37.5885],[-6.26537,37.58857],[-6.26634,37.58961],[-6.26698,37.5894],[-6.26708,37.5887],[-6.26631,37.5877],[-6.26518,37.58701],[-6.26489,37.58639],[-6.26488,37.58538],[-6.26354,37.58536],[-6.26295,37.5849],[-6.26352,37.58417],[-6.26367,37.58295],[-6.26337,37.58215],[-6.26257,37.58164],[-6.26225,37.58097],[-6.26263,37.58045],[-6.26488,37.57965],[-6.26506,37.5791],[-6.26456,37.57858],[-6.26265,37.57859],[-6.26195,37.57761],[-6.26207,37.57721],[-6.26323,37.57664],[-6.26379,37.57567],[-6.26365,37.57496],[-6.26262,37.57368],[-6.26305,37.5701],[-6.26287,37.56883],[-6.26315,37.56755],[-6.26285,37.56653],[-6.26224,37.56579],[-6.26093,37.56607],[-6.26051,37.56574],[-6.26104,37.56465],[-6.26133,37.5632],[-6.26046,37.561],[-6.26017,37.56085],[-6.25941,37.56105],[-6.2594,37.5617],[-6.25853,37.56227],[-6.25746,37.56239],[-6.25622,37.56301],[-6.25552,37.56302],[-6.25508,37.56252],[-6.2547,37.55981],[-6.25403,37.55875],[-6.25345,37.55844],[-6.25045,37.55784],[-6.24991,37.55733],[-6.24904,37.55526],[-6.24846,37.55524],[-6.24595,37.55646],[-6.24556,37.55639],[-6.24375,37.5519],[-6.24324,37.55119],[-6.24264,37.5508],[-6.24143,37.55106],[-6.2412,37.5509],[-6.23995,37.5487],[-6.23827,37.54746],[-6.23764,37.54638],[-6.23665,37.54617],[-6.23439,37.54702],[-6.23379,37.54696],[-6.23384,37.54537],[-6.23222,37.5439],[-6.23314,37.54223],[-6.23235,37.54018],[-6.23098,37.53887],[-6.22931,37.53812],[-6.22911,37.53751],[-6.22953,37.53618],[-6.22856,37.53389],[-6.22815,37.53337],[-6.22625,37.5321],[-6.224,37.52889],[-6.22362,37.52619],[-6.22244,37.52384],[-6.22239,37.52189],[-6.22155,37.51971],[-6.22216,37.51834],[-6.22349,37.51205],[-6.2232,37.50981],[-6.22402,37.50952],[-6.22577,37.51031],[-6.22678,37.50995],[-6.22701,37.50945],[-6.22691,37.50877],[-6.22556,37.50711],[-6.22571,37.50608],[-6.22464,37.50369],[-6.22558,37.50213],[-6.22596,37.50009],[-6.2283,37.49268],[-6.22876,37.48319],[-6.2376,37.47365],[-6.23819,37.47373],[-6.24127,37.46794],[-6.24615,37.46932],[-6.25892,37.47158],[-6.25857,37.47018],[-6.26789,37.46661],[-6.27236,37.46529],[-6.27736,37.46398],[-6.29075,37.46311],[-6.2909,37.46287],[-6.29283,37.46266],[-6.30297,37.45985],[-6.30718,37.4579],[-6.31458,37.45694],[-6.31715,37.45639],[-6.32219,37.45417],[-6.32162,37.45314],[-6.32164,37.45238],[-6.32125,37.45137],[-6.32026,37.45103],[-6.31864,37.45094],[-6.31812,37.4505],[-6.31757,37.44938],[-6.31517,37.44824],[-6.31432,37.44665],[-6.31234,37.44601],[-6.31193,37.44566],[-6.3117,37.44516],[-6.31185,37.44378],[-6.31161,37.44218],[-6.31135,37.44167],[-6.3092,37.44023],[-6.30895,37.43982],[-6.30939,37.43872],[-6.30934,37.43795],[-6.30663,37.43507],[-6.30591,37.43188],[-6.30629,37.4305],[-6.30612,37.42955],[-6.30655,37.42785],[-6.30572,37.42689],[-6.30561,37.42582],[-6.30579,37.4255],[-6.30632,37.4253],[-6.30753,37.42554],[-6.30818,37.42481],[-6.31027,37.42361],[-6.31191,37.42235],[-6.31223,37.42181],[-6.31263,37.41872],[-6.31446,37.41869],[-6.31618,37.41931],[-6.31872,37.41953],[-6.32043,37.41927],[-6.32133,37.42048],[-6.32285,37.41938],[-6.32506,37.419],[-6.32568,37.41737],[-6.32699,37.41616],[-6.32776,37.41627],[-6.32761,37.41701],[-6.32793,37.41701],[-6.32996,37.41568],[-6.33074,37.41548],[-6.32573,37.40796],[-6.3201,37.40202],[-6.31424,37.39867],[-6.31129,37.39443],[-6.30717,37.39553],[-6.30173,37.39626],[-6.29785,37.39651],[-6.29383,37.39775],[-6.28775,37.39919],[-6.28261,37.39965],[-6.27868,37.39936],[-6.27329,37.39795],[-6.27134,37.39792],[-6.26881,37.39713],[-6.25986,37.39523],[-6.25208,37.39455],[-6.25135,37.39366],[-6.24987,37.39278],[-6.25022,37.39088],[-6.24853,37.38932],[-6.24869,37.38688],[-6.24801,37.38379],[-6.24618,37.38341],[-6.24448,37.38248],[-6.24329,37.38215],[-6.24256,37.38226],[-6.24156,37.38203],[-6.23798,37.38027],[-6.23755,37.37993],[-6.23694,37.37857],[-6.23542,37.37776],[-6.23521,37.37725],[-6.23404,37.37631],[-6.23316,37.37511],[-6.23286,37.37497],[-6.23112,37.37545],[-6.23046,37.37527],[-6.22916,37.37283],[-6.22848,37.37209],[-6.22781,37.36925],[-6.22826,37.36693],[-6.2256,37.36675],[-6.22398,37.36631],[-6.22459,37.36273],[-6.22448,37.36156],[-6.21998,37.36145],[-6.21814,37.36076],[-6.21719,37.35957],[-6.21169,37.35922],[-6.20832,37.36002],[-6.20532,37.36331],[-6.19998,37.36271],[-6.197,37.36297],[-6.19304,37.36294],[-6.19178,37.36205],[-6.19085,37.36073],[-6.18975,37.35748],[-6.18908,37.35653],[-6.1873,37.35605],[-6.18671,37.35526],[-6.18402,37.35514],[-6.18248,37.35758],[-6.18397,37.36125],[-6.18524,37.36331],[-6.18646,37.36294],[-6.18731,37.36337],[-6.18799,37.36331],[-6.18896,37.36423],[-6.19,37.36476],[-6.19152,37.36666],[-6.19058,37.36888],[-6.18897,37.36989],[-6.18799,37.37183],[-6.1873,37.37231],[-6.1862,37.37369],[-6.18605,37.3765],[-6.18621,37.37717],[-6.18592,37.37763],[-6.18487,37.3775],[-6.18248,37.37783],[-6.18016,37.37927],[-6.17816,37.38116],[-6.17801,37.38217],[-6.17719,37.38323],[-6.17643,37.38327],[-6.17538,37.38417],[-6.1731,37.38437],[-6.17259,37.38689],[-6.17146,37.39029],[-6.17152,37.39078],[-6.17209,37.39151],[-6.17122,37.39236],[-6.17127,37.3933],[-6.17049,37.39339],[-6.17009,37.39475],[-6.16981,37.39732],[-6.16834,37.40253],[-6.16854,37.40458],[-6.16764,37.40474],[-6.16798,37.40622],[-6.16922,37.40636],[-6.16974,37.40687],[-6.17064,37.41009],[-6.17122,37.41066],[-6.17355,37.41149],[-6.17373,37.41199],[-6.17261,37.41326],[-6.17312,37.41406],[-6.17304,37.41431],[-6.17265,37.4146],[-6.17121,37.41444],[-6.17034,37.41469],[-6.16946,37.41527],[-6.16948,37.41571],[-6.17001,37.41583],[-6.1711,37.41532],[-6.1723,37.41538],[-6.17264,37.41585],[-6.17222,37.41635],[-6.17328,37.41732],[-6.17301,37.41807],[-6.17514,37.41888],[-6.17588,37.4202],[-6.17689,37.42083],[-6.17765,37.42167],[-6.17824,37.42165],[-6.17967,37.42083],[-6.17965,37.42129],[-6.17991,37.42149],[-6.18506,37.4221],[-6.18541,37.42307],[-6.18516,37.42461],[-6.18638,37.42628],[-6.18767,37.42756],[-6.18905,37.43064],[-6.1891,37.43095],[-6.18843,37.43218],[-6.19108,37.4355],[-6.19338,37.43766],[-6.19349,37.43932],[-6.19382,37.43986],[-6.19539,37.43971],[-6.19667,37.43781],[-6.19852,37.43334],[-6.19951,37.43357],[-6.20125,37.43216],[-6.20998,37.43534],[-6.21484,37.43814],[-6.2155,37.44068],[-6.21783,37.44458],[-6.21957,37.44978],[-6.21891,37.45368],[-6.21642,37.46276],[-6.21263,37.46591],[-6.21317,37.46786],[-6.20905,37.47173],[-6.20592,37.48014],[-6.20358,37.48496],[-6.19887,37.49577],[-6.19786,37.49688],[-6.19874,37.49921],[-6.20124,37.50331],[-6.20205,37.50551],[-6.20286,37.5091],[-6.20555,37.51328],[-6.2076,37.5187],[-6.2109,37.52235],[-6.21475,37.52539],[-6.21564,37.52498],[-6.21704,37.52512],[-6.21741,37.52578],[-6.21649,37.52789],[-6.21632,37.52827]]]}},{"type":"Feature","properties":{"COD_POSTAL":"41740"},"geometry":{"type":"Polygon","coordinates":[[[-6.0534,37.05414],[-6.06102,37.05565],[-6.06733,37.05737],[-6.07197,37.05883],[-6.07428,37.0601],[-6.07502,37.06099],[-6.07513,37.0624],[-6.07338,37.06892],[-6.07447,37.0722],[-6.07659,37.07455],[-6.07855,37.07579],[-6.0811,37.07625],[-6.08358,37.07582],[-6.08463,37.0751],[-6.08547,37.07386],[-6.0897,37.0663],[-6.09512,37.05859],[-6.10256,37.04948],[-6.10516,37.04688],[-6.10793,37.04459],[-6.11814,37.038],[-6.12184,37.03613],[-6.12426,37.03516],[-6.14211,37.03014],[-6.14733,37.02773],[-6.15095,37.02559],[-6.15301,37.02403],[-6.15671,37.01944],[-6.15942,37.01309],[-6.16177,37.00839],[-6.1649,37.0001],[-6.17183,36.98358],[-6.17417,36.97697],[-6.17797,36.96827],[-6.18285,36.95418],[-6.18848,36.93951],[-6.19358,36.92948],[-6.19822,36.92157],[-6.20171,36.91658],[-6.20853,36.91081],[-6.21152,36.90864],[-6.21796,36.90478],[-6.22961,36.8986],[-6.231,36.89811],[-6.22995,36.89642],[-6.22919,36.89595],[-6.22338,36.89558],[-6.20869,36.89343],[-6.20282,36.89299],[-6.19213,36.89286],[-6.18928,36.8935],[-6.18716,36.89359],[-6.18598,36.89312],[-6.18456,36.89195],[-6.18368,36.89153],[-6.18108,36.89088],[-6.17717,36.89049],[-6.17279,36.88967],[-6.17131,36.8891],[-6.16979,36.88803],[-6.16652,36.88726],[-6.16017,36.88647],[-6.15615,36.88565],[-6.15347,36.88412],[-6.14665,36.87857],[-6.1432,36.87623],[-6.13742,36.87305],[-6.1305,36.86979],[-6.12199,36.86379],[-6.11795,36.86247],[-6.10524,36.85743],[-6.09537,36.85632],[-6.08529,36.85447],[-6.08054,36.85523],[-6.07961,36.85703],[-6.07639,36.86182],[-6.07608,36.86202],[-6.07543,36.86189],[-6.07149,36.86329],[-6.06616,36.86435],[-6.06411,36.86705],[-6.06015,36.86934],[-6.05752,36.87148],[-6.05293,36.87277],[-6.05258,36.87262],[-6.05254,36.87166],[-6.05217,36.8711],[-6.05115,36.87164],[-6.05114,36.87235],[-6.05047,36.8724],[-6.04864,36.87332],[-6.04519,36.87432],[-6.04278,36.87647],[-6.03942,36.87611],[-6.0328,36.87651],[-6.03034,36.87642],[-6.03147,36.87745],[-6.03204,36.87835],[-6.03357,36.88391],[-6.03203,36.88455],[-6.02982,36.88711],[-6.02668,36.89017],[-6.02565,36.89071],[-6.02522,36.8907],[-6.02136,36.88831],[-6.01019,36.88574],[-6.00485,36.88244],[-6.00207,36.88132],[-5.99779,36.87782],[-5.99613,36.87615],[-5.99446,36.87559],[-5.99244,36.87538],[-5.98982,36.87411],[-5.98089,36.86779],[-5.97799,36.86695],[-5.97745,36.86693],[-5.97723,36.86735],[-5.97332,36.8672],[-5.97126,36.86625],[-5.97034,36.86553],[-5.96599,36.86057],[-5.96511,36.86007],[-5.96057,36.86041],[-5.95644,36.86019],[-5.95245,36.86089],[-5.94987,36.85969],[-5.94838,36.85935],[-5.94538,36.85724],[-5.94561,36.85497],[-5.94541,36.85369],[-5.94297,36.85234],[-5.94134,36.85192],[-5.92535,36.85307],[-5.91416,36.85014],[-5.90488,36.84689],[-5.89951,36.84528],[-5.89186,36.84241],[-5.89105,36.84219],[-5.88879,36.8433],[-5.89035,36.84437],[-5.88883,36.84677],[-5.89356,36.85127],[-5.89358,36.85158],[-5.89073,36.85818],[-5.87652,36.89471],[-5.87208,36.89378],[-5.87033,36.89355],[-5.8696,36.8937],[-5.87614,36.89651],[-5.88016,36.897],[-5.88256,36.89776],[-5.88606,36.89973],[-5.8921,36.90389],[-5.90425,36.90575],[-5.90889,36.90476],[-5.91328,36.90594],[-5.91194,36.90652],[-5.91571,36.9141],[-5.91783,36.91574],[-5.91987,36.91521],[-5.92091,36.91535],[-5.92162,36.91426],[-5.92219,36.91501],[-5.92304,36.91532],[-5.92295,36.91604],[-5.92335,36.91707],[-5.92251,36.91971],[-5.92312,36.92102],[-5.92326,36.92263],[-5.92372,36.923],[-5.92731,36.92335],[-5.92794,36.92406],[-5.92883,36.92442],[-5.92958,36.92535],[-5.93144,36.92635],[-5.93456,36.92733],[-5.93615,36.92948],[-5.93936,36.93144],[-5.94047,36.93151],[-5.9447,36.93091],[-5.94562,36.93117],[-5.94948,36.93379],[-5.9509,36.93604],[-5.95341,36.93748],[-5.9553,36.93822],[-5.95715,36.9385],[-5.95854,36.93898],[-5.95974,36.93987],[-5.96054,36.94014],[-5.96211,36.94139],[-5.96504,36.94129],[-5.96635,36.94157],[-5.96868,36.94251],[-5.97044,36.94457],[-5.97543,36.94606],[-5.975,36.94736],[-5.97595,36.94874],[-5.97712,36.95007],[-5.98199,36.95434],[-5.9861,36.95862],[-5.98907,36.9625],[-5.99258,36.96745],[-5.99514,36.97328],[-5.99691,36.97565],[-5.99832,36.97733],[-6.00055,36.97916],[-6.01424,36.99617],[-6.01768,37.00006],[-6.01836,37.0012],[-6.02366,37.0077],[-6.02774,37.0123],[-6.0336,37.01981],[-6.0424,37.03222],[-6.05139,37.04272],[-6.05351,37.04492],[-6.05364,37.05037],[-6.05339,37.05414],[-6.0534,37.05414]]]}},{"type":"Feature","properties":{"COD_POSTAL":"41940"},"geometry":{"type":"Polygon","coordinates":[[[-6.04525,37.38192],[-6.05267,37.38167],[-6.05454,37.38064],[-6.05654,37.37989],[-6.05649,37.3789],[-6.05717,37.37847],[-6.05918,37.3774],[-6.06153,37.37703],[-6.06331,37.37589],[-6.06266,37.37478],[-6.06258,37.37417],[-6.06344,37.37338],[-6.0634,37.37304],[-6.06164,37.37086],[-6.06227,37.37017],[-6.06231,37.36976],[-6.06054,37.36736],[-6.05901,37.36403],[-6.05908,37.36242],[-6.05981,37.36131],[-6.06036,37.35932],[-6.05694,37.35996],[-6.05608,37.35788],[-6.05401,37.35922],[-6.04851,37.36019],[-6.04734,37.36087],[-6.04656,37.36097],[-6.04422,37.36414],[-6.04279,37.36458],[-6.03916,37.36719],[-6.03666,37.3676],[-6.03598,37.36809],[-6.03548,37.36919],[-6.03433,37.37037],[-6.03468,37.37085],[-6.03503,37.37292],[-6.0335,37.37279],[-6.02722,37.37475],[-6.02464,37.37658],[-6.02308,37.37814],[-6.02225,37.3794],[-6.02179,37.37944],[-6.02206,37.38065],[-6.02239,37.38109],[-6.02498,37.38057],[-6.02738,37.37945],[-6.03122,37.37683],[-6.03241,37.37724],[-6.03272,37.37772],[-6.03382,37.37786],[-6.03471,37.38056],[-6.03622,37.38088],[-6.03659,37.38144],[-6.03852,37.38076],[-6.04526,37.38212],[-6.04525,37.38192]]]}},{"type":"Feature","properties":{"COD_POSTAL":"41890"},"geometry":{"type":"Polygon","coordinates":[[[-6.31828,37.72222],[-6.36402,37.73146],[-6.353,37.75533],[-6.3602,37.75491],[-6.37608,37.75009],[-6.39003,37.74769],[-6.3973,37.74513],[-6.40293,37.74253],[-6.38647,37.71018],[-6.33733,37.70578],[-6.33949,37.68779],[-6.37245,37.66129],[-6.3729,37.65681],[-6.37234,37.65596],[-6.37258,37.65402],[-6.37174,37.65248],[-6.37042,37.65153],[-6.36996,37.65001],[-6.37216,37.64704],[-6.37208,37.64619],[-6.37078,37.6449],[-6.36944,37.64489],[-6.36717,37.64374],[-6.36609,37.64339],[-6.36479,37.64333],[-6.36266,37.64256],[-6.36232,37.64224],[-6.36097,37.63922],[-6.35981,37.63548],[-6.35935,37.63526],[-6.35668,37.63594],[-6.35568,37.63538],[-6.35539,37.63485],[-6.35534,37.63391],[-6.3567,37.63235],[-6.35674,37.63203],[-6.35588,37.63105],[-6.35512,37.62922],[-6.35449,37.62835],[-6.35407,37.62694],[-6.35308,37.62696],[-6.3521,37.6274],[-6.35117,37.62735],[-6.35086,37.62716],[-6.3503,37.62597],[-6.34989,37.62594],[-6.34922,37.62681],[-6.34684,37.62864],[-6.34614,37.62871],[-6.34545,37.62807],[-6.34651,37.62665],[-6.34677,37.6253],[-6.34608,37.62345],[-6.34475,37.62308],[-6.34412,37.62378],[-6.34413,37.62431],[-6.34496,37.62545],[-6.34492,37.62597],[-6.34388,37.6269],[-6.34338,37.62703],[-6.34259,37.62684],[-6.34217,37.62544],[-6.34008,37.62195],[-6.34019,37.6206],[-6.34071,37.61927],[-6.34231,37.61832],[-6.34267,37.61761],[-6.33675,37.61807],[-6.32487,37.61827],[-6.31947,37.61748],[-6.31483,37.61588],[-6.30578,37.61633],[-6.30434,37.61682],[-6.28795,37.6165],[-6.28119,37.61764],[-6.27185,37.61869],[-6.26583,37.6222],[-6.2598,37.62634],[-6.25764,37.64519],[-6.27401,37.69527],[-6.28835,37.69199],[-6.31223,37.71962],[-6.31828,37.72222]]]}},{"type":"Feature","properties":{"COD_POSTAL":"41564"},"geometry":{"type":"Polygon","coordinates":[[[-4.83259,37.26289],[-4.83182,37.26058],[-4.83401,37.25889],[-4.83242,37.25699],[-4.83113,37.25635],[-4.83162,37.25008],[-4.83204,37.23918],[-4.83227,37.23753],[-4.83419,37.23346],[-4.83263,37.2331],[-4.82871,37.23644],[-4.82544,37.23779],[-4.82394,37.23877],[-4.81887,37.2409],[-4.81697,37.24199],[-4.81474,37.24456],[-4.81411,37.24496],[-4.81356,37.24587],[-4.81251,37.24907],[-4.8121,37.24956],[-4.80751,37.25269],[-4.80114,37.2563],[-4.80126,37.25981],[-4.80028,37.26246],[-4.80022,37.2633],[-4.80073,37.26904],[-4.79875,37.26912],[-4.79974,37.27167],[-4.80321,37.2769],[-4.79528,37.27986],[-4.79218,37.28169],[-4.79104,37.28721],[-4.79004,37.28932],[-4.7906,37.28969],[-4.79527,37.28805],[-4.79734,37.28772],[-4.80304,37.29049],[-4.80233,37.29155],[-4.80395,37.29117],[-4.8059,37.29145],[-4.8102,37.29307],[-4.81555,37.29574],[-4.81956,37.29656],[-4.82208,37.29677],[-4.82469,37.29655],[-4.82543,37.2946],[-4.8258,37.29442],[-4.82791,37.29453],[-4.83069,37.29394],[-4.8308,37.29139],[-4.83558,37.29146],[-4.83659,37.29756],[-4.83767,37.29838],[-4.8386,37.2985],[-4.83934,37.29827],[-4.84013,37.29757],[-4.84107,37.29508],[-4.84117,37.29342],[-4.84082,37.29112],[-4.83979,37.29081],[-4.83942,37.29046],[-4.83943,37.28727],[-4.83889,37.28602],[-4.83744,37.2841],[-4.83615,37.28387],[-4.83579,37.28339],[-4.83752,37.28226],[-4.83783,37.28173],[-4.83835,37.27938],[-4.83994,37.27625],[-4.8375,37.27553],[-4.83781,37.27432],[-4.8384,37.27451],[-4.83871,37.27276],[-4.83976,37.27298],[-4.84004,37.26904],[-4.83914,37.26881],[-4.83908,37.26665],[-4.83781,37.266],[-4.83702,37.26496],[-4.83283,37.26479],[-4.83245,37.26459],[-4.83263,37.26381],[-4.83208,37.26332],[-4.83259,37.26289]]]}},{"type":"Feature","properties":{"COD_POSTAL":"41897"},"geometry":{"type":"Polygon","coordinates":[[[-6.47837,37.63835],[-6.49296,37.68935],[-6.49319,37.68869],[-6.49484,37.68816],[-6.49881,37.68887],[-6.50077,37.68897],[-6.50142,37.6887],[-6.5005,37.68723],[-6.50003,37.6852],[-6.49838,37.68342],[-6.49813,37.68233],[-6.49885,37.68051],[-6.50012,37.67893],[-6.50092,37.67715],[-6.50099,37.67537],[-6.50053,37.67036],[-6.50134,37.66796],[-6.50234,37.66675],[-6.50375,37.666],[-6.50444,37.66609],[-6.50558,37.66675],[-6.50612,37.66755],[-6.50725,37.66821],[-6.50887,37.66819],[-6.51046,37.66674],[-6.51183,37.66466],[-6.51294,37.66447],[-6.51453,37.66526],[-6.51596,37.66535],[-6.51624,37.66525],[-6.51649,37.66394],[-6.51685,37.66349],[-6.51767,37.66279],[-6.51931,37.66214],[-6.51966,37.66224],[-6.52102,37.66392],[-6.52192,37.66453],[-6.52536,37.66423],[-6.52565,37.66323],[-6.52758,37.66171],[-6.52793,37.65968],[-6.52944,37.65807],[-6.53007,37.65758],[-6.53124,37.65725],[-6.5326,37.65726],[-6.53325,37.65703],[-6.53371,37.65479],[-6.53609,37.65098],[-6.53537,37.64818],[-6.53407,37.64744],[-6.53365,37.64687],[-6.53361,37.64537],[-6.53447,37.64339],[-6.5356,37.64284],[-6.53667,37.64081],[-6.53638,37.6403],[-6.53594,37.64011],[-6.53369,37.6398],[-6.53242,37.63927],[-6.5299,37.63738],[-6.52964,37.63683],[-6.52967,37.63606],[-6.53004,37.63491],[-6.53114,37.63368],[-6.53184,37.63335],[-6.53342,37.63319],[-6.53374,37.63245],[-6.53341,37.63149],[-6.53337,37.63026],[-6.53396,37.62922],[-6.53756,37.62698],[-6.53851,37.62666],[-6.53836,37.62564],[-6.53792,37.62504],[-6.53707,37.62453],[-6.53636,37.62345],[-6.5365,37.62312],[-6.53723,37.62283],[-6.53747,37.62246],[-6.53698,37.62096],[-6.53658,37.62082],[-6.53521,37.62149],[-6.53496,37.62138],[-6.53476,37.62066],[-6.53256,37.62026],[-6.53226,37.62007],[-6.53235,37.61988],[-6.53305,37.61946],[-6.53316,37.61911],[-6.53301,37.61878],[-6.53231,37.61855],[-6.53032,37.61914],[-6.53039,37.61825],[-6.52998,37.61801],[-6.52921,37.618],[-6.52901,37.61777],[-6.52921,37.61622],[-6.52828,37.61576],[-6.52705,37.61627],[-6.52676,37.61682],[-6.52679,37.61759],[-6.52641,37.61814],[-6.52493,37.61849],[-6.52391,37.61803],[-6.52239,37.61888],[-6.52203,37.61958],[-6.5228,37.62136],[-6.52262,37.62186],[-6.52229,37.62188],[-6.52101,37.62081],[-6.52051,37.62083],[-6.51952,37.62132],[-6.51885,37.623],[-6.51819,37.62317],[-6.51711,37.62245],[-6.51647,37.6225],[-6.5156,37.62348],[-6.51589,37.6249],[-6.51499,37.62526],[-6.51368,37.62515],[-6.51283,37.62477],[-6.51325,37.62371],[-6.51125,37.62252],[-6.51014,37.62415],[-6.50901,37.62475],[-6.50859,37.62467],[-6.5078,37.62384],[-6.5086,37.62199],[-6.50863,37.62127],[-6.50821,37.62105],[-6.50724,37.62161],[-6.50578,37.62315],[-6.5048,37.62278],[-6.50442,37.62303],[-6.50436,37.6241],[-6.50401,37.62442],[-6.50358,37.62422],[-6.50283,37.62275],[-6.50161,37.62239],[-6.50108,37.6216],[-6.50061,37.62156],[-6.49914,37.62266],[-6.49864,37.62271],[-6.49789,37.62145],[-6.49796,37.62101],[-6.49836,37.62071],[-6.50042,37.62048],[-6.50106,37.62003],[-6.50101,37.6197],[-6.49988,37.61832],[-6.49889,37.61871],[-6.49803,37.61948],[-6.49748,37.61947],[-6.4971,37.61897],[-6.49716,37.6177],[-6.49655,37.61708],[-6.4961,37.6173],[-6.496,37.61827],[-6.49218,37.61947],[-6.49004,37.62102],[-6.48933,37.62046],[-6.48943,37.61866],[-6.4891,37.61786],[-6.48867,37.61763],[-6.48755,37.6178],[-6.48685,37.61749],[-6.48538,37.61618],[-6.48479,37.61605],[-6.48389,37.61815],[-6.48438,37.61924],[-6.48442,37.62004],[-6.48349,37.62072],[-6.48141,37.62106],[-6.48119,37.6209],[-6.48122,37.61974],[-6.47657,37.61934],[-6.47623,37.62013],[-6.47549,37.6208],[-6.47837,37.63835]]]}},{"type":"Feature","properties":{"COD_POSTAL":"41409"},"geometry":{"type":"MultiPolygon","coordinates":[[[[-5.24389,37.59758],[-5.24366,37.60096],[-5.24404,37.60499],[-5.24463,37.60551],[-5.2469,37.60538],[-5.24817,37.60577],[-5.24935,37.60987],[-5.24964,37.61208],[-5.25066,37.61635],[-5.2525,37.62195],[-5.25311,37.62511],[-5.25586,37.62508],[-5.26376,37.62404],[-5.27452,37.62528],[-5.27672,37.62459],[-5.28055,37.62451],[-5.28531,37.62388],[-5.29738,37.62329],[-5.29977,37.62289],[-5.30422,37.62159],[-5.30633,37.62131],[-5.30907,37.62021],[-5.31153,37.61972],[-5.31302,37.61865],[-5.31609,37.61759],[-5.32349,37.61406],[-5.32302,37.6128],[-5.32292,37.61149],[-5.32019,37.61206],[-5.31955,37.61203],[-5.31718,37.6111],[-5.31565,37.61156],[-5.31524,37.61109],[-5.31496,37.60987],[-5.31344,37.60957],[-5.31281,37.60861],[-5.31186,37.60896],[-5.31072,37.60838],[-5.31041,37.60726],[-5.31044,37.60564],[-5.30981,37.60472],[-5.31014,37.60356],[-5.31088,37.60262],[-5.31079,37.60166],[-5.30902,37.6006],[-5.30816,37.59973],[-5.30729,37.59853],[-5.30718,37.59751],[-5.30571,37.59663],[-5.30503,37.59593],[-5.30236,37.59528],[-5.30063,37.59345],[-5.2994,37.59325],[-5.29768,37.59361],[-5.29681,37.59349],[-5.29455,37.58935],[-5.29263,37.58754],[-5.29161,37.58621],[-5.28913,37.58522],[-5.2878,37.58438],[-5.28702,37.58223],[-5.28829,37.58098],[-5.28837,37.57497],[-5.28761,37.57404],[-5.28431,37.57204],[-5.28219,37.57144],[-5.28188,37.5699],[-5.28224,37.56935],[-5.28216,37.56898],[-5.28111,37.56773],[-5.28106,37.56712],[-5.28151,37.56542],[-5.28084,37.56459],[-5.28085,37.56426],[-5.28167,37.56361],[-5.28014,37.56278],[-5.27996,37.56242],[-5.2801,37.56182],[-5.28072,37.561],[-5.28118,37.55926],[-5.28219,37.55802],[-5.28164,37.55518],[-5.2804,37.55367],[-5.27906,37.5526],[-5.27902,37.55225],[-5.27922,37.55193],[-5.28174,37.55068],[-5.28346,37.55068],[-5.2841,37.55015],[-5.28535,37.54856],[-5.28546,37.5481],[-5.28506,37.54508],[-5.28521,37.54456],[-5.28548,37.54425],[-5.28806,37.54351],[-5.28814,37.5432],[-5.28773,37.54271],[-5.28845,37.54115],[-5.28844,37.54028],[-5.28511,37.5371],[-5.2675,37.53702],[-5.24866,37.53747],[-5.24798,37.53965],[-5.24856,37.54143],[-5.24884,37.54601],[-5.24871,37.54916],[-5.24904,37.55191],[-5.24854,37.55536],[-5.24903,37.55734],[-5.24841,37.55858],[-5.24853,37.55983],[-5.24807,37.56249],[-5.24805,37.56491],[-5.25105,37.568],[-5.25523,37.57331],[-5.2574,37.57906],[-5.25875,37.58143],[-5.25929,37.58388],[-5.26026,37.58675],[-5.26235,37.5902],[-5.2632,37.59372],[-5.25881,37.59368],[-5.2567,37.59416],[-5.24414,37.59322],[-5.24387,37.59695],[-5.24389,37.59758]]],[[[-5.08693,37.64567],[-5.08806,37.66568],[-5.08938,37.66684],[-5.09116,37.66792],[-5.09344,37.66895],[-5.09788,37.67029],[-5.09345,37.67499],[-5.09386,37.67624],[-5.09478,37.6776],[-5.0979,37.68072],[-5.09997,37.68369],[-5.10062,37.68843],[-5.10122,37.69003],[-5.10751,37.69968],[-5.10861,37.70067],[-5.11045,37.70172],[-5.11273,37.70258],[-5.11542,37.70181],[-5.12488,37.70012],[-5.12971,37.69875],[-5.12668,37.69635],[-5.12095,37.69447],[-5.11701,37.69249],[-5.11623,37.69188],[-5.11349,37.68873],[-5.11299,37.68695],[-5.11232,37.68106],[-5.11266,37.67767],[-5.11006,37.6741],[-5.11117,37.67076],[-5.10919,37.6657],[-5.10808,37.66355],[-5.10792,37.66258],[-5.11286,37.66451],[-5.11926,37.66766],[-5.12156,37.6676],[-5.12426,37.66682],[-5.12582,37.66586],[-5.1305,37.66782],[-5.13406,37.66849],[-5.13575,37.66857],[-5.13732,37.66814],[-5.15005,37.66092],[-5.15441,37.66678],[-5.15567,37.66763],[-5.16012,37.67177],[-5.16209,37.67303],[-5.17677,37.68058],[-5.1798,37.67892],[-5.18369,37.67775],[-5.1995,37.67022],[-5.20054,37.66967],[-5.20125,37.66852],[-5.20421,37.66675],[-5.21194,37.66347],[-5.21912,37.65911],[-5.22511,37.65454],[-5.23429,37.65078],[-5.23536,37.65014],[-5.24015,37.64683],[-5.24616,37.6418],[-5.2454,37.63536],[-5.24061,37.62793],[-5.2425,37.62454],[-5.23812,37.62121],[-5.23669,37.61976],[-5.23584,37.61758],[-5.23514,37.614],[-5.2315,37.60988],[-5.22119,37.60751],[-5.21651,37.60571],[-5.21481,37.60544],[-5.21232,37.60369],[-5.21117,37.60326],[-5.20986,37.60142],[-5.20752,37.60278],[-5.20492,37.60345],[-5.20132,37.60505],[-5.19891,37.6058],[-5.1958,37.60801],[-5.19241,37.61209],[-5.191,37.61209],[-5.18894,37.61161],[-5.18766,37.61157],[-5.18338,37.61436],[-5.18286,37.61411],[-5.18248,37.61349],[-5.18132,37.61052],[-5.18121,37.60907],[-5.1815,37.60684],[-5.17455,37.59821],[-5.17334,37.5952],[-5.17325,37.59421],[-5.17696,37.54923],[-5.18041,37.54881],[-5.18401,37.5479],[-5.18862,37.54726],[-5.19142,37.54581],[-5.19148,37.54453],[-5.18968,37.54059],[-5.18405,37.53302],[-5.1857,37.53302],[-5.18612,37.5327],[-5.1865,37.52259],[-5.17084,37.52177],[-5.17084,37.51627],[-5.16057,37.51612],[-5.14916,37.52215],[-5.11551,37.52532],[-5.10524,37.52667],[-5.10201,37.52765],[-5.11865,37.53723],[-5.12425,37.53772],[-5.10799,37.54768],[-5.09779,37.55225],[-5.09359,37.55242],[-5.09166,37.55206],[-5.08324,37.55771],[-5.07634,37.55827],[-5.0735,37.55885],[-5.0514,37.5408],[-5.03454,37.53324],[-5.02958,37.53201],[-5.02285,37.53113],[-5.01553,37.52849],[-5.01231,37.52707],[-4.94574,37.51206],[-4.93492,37.52021],[-4.93828,37.52041],[-4.93993,37.52015],[-4.94213,37.52074],[-4.94441,37.5202],[-4.94766,37.52074],[-4.9483,37.5211],[-4.94893,37.52195],[-4.94747,37.52178],[-4.94632,37.52237],[-4.94411,37.52408],[-4.94406,37.5251],[-4.94352,37.52593],[-4.9427,37.52618],[-4.94183,37.52712],[-4.94007,37.52769],[-4.93984,37.52913],[-4.94033,37.52992],[-4.94118,37.53065],[-4.94078,37.53142],[-4.94117,37.53241],[-4.94116,37.53332],[-4.94167,37.53386],[-4.94135,37.53502],[-4.9407,37.53576],[-4.94088,37.53654],[-4.93982,37.53729],[-4.93961,37.53782],[-4.93925,37.53806],[-4.93852,37.53821],[-4.93684,37.53945],[-4.93578,37.53955],[-4.9349,37.5407],[-4.9343,37.54099],[-4.93397,37.54186],[-4.93397,37.54267],[-4.93292,37.54286],[-4.93263,37.54322],[-4.93332,37.54401],[-4.93218,37.54532],[-4.93203,37.54591],[-4.93199,37.54624],[-4.93285,37.54719],[-4.93456,37.54748],[-4.9351,37.5487],[-4.93589,37.54962],[-4.93604,37.5506],[-4.93574,37.55144],[-4.93246,37.55364],[-4.93263,37.55531],[-4.93339,37.55587],[-4.9334,37.55615],[-4.93306,37.55665],[-4.9325,37.55694],[-4.93304,37.55806],[-4.93086,37.55955],[-4.93227,37.56072],[-4.93236,37.56102],[-4.93146,37.56204],[-4.9315,37.56304],[-4.93284,37.56356],[-4.93207,37.56465],[-4.93379,37.56529],[-4.93484,37.56637],[-4.93693,37.56711],[-4.93678,37.56755],[-4.93579,37.56777],[-4.93554,37.56828],[-4.93738,37.56983],[-4.93765,37.57184],[-4.93713,37.57207],[-4.93505,37.57204],[-4.93407,37.57231],[-4.9333,37.57297],[-4.93243,37.57294],[-4.93229,37.57387],[-4.93022,37.57585],[-4.93127,37.57818],[-4.93499,37.58302],[-4.93452,37.58448],[-4.93475,37.58582],[-4.93519,37.58675],[-4.93505,37.58749],[-4.93456,37.5879],[-4.93033,37.58983],[-4.93212,37.59341],[-4.93321,37.5976],[-4.93489,37.59984],[-4.93424,37.60001],[-4.93428,37.6035],[-4.9347,37.60717],[-4.9346,37.60857],[-4.9322,37.61499],[-4.93171,37.61733],[-4.93685,37.61999],[-4.94015,37.62124],[-4.94073,37.62064],[-4.94175,37.61854],[-4.94376,37.61693],[-4.94786,37.61513],[-4.95231,37.61444],[-4.95495,37.61438],[-4.95674,37.61371],[-4.95775,37.61288],[-4.95752,37.61203],[-4.95697,37.61139],[-4.95976,37.60934],[-4.96453,37.61078],[-4.96531,37.61088],[-4.96566,37.6107],[-4.97051,37.60375],[-4.97363,37.59974],[-4.97428,37.60016],[-4.97475,37.60189],[-4.9747,37.60344],[-4.97213,37.60615],[-4.9712,37.60792],[-4.96819,37.61237],[-4.96591,37.61158],[-4.96523,37.61167],[-4.95816,37.62164],[-4.95556,37.64228],[-4.95485,37.64564],[-4.95431,37.65084],[-4.95377,37.65244],[-4.95484,37.6532],[-4.95622,37.65463],[-4.95756,37.65705],[-4.95886,37.65865],[-4.96206,37.66058],[-4.9649,37.66329],[-4.96778,37.66684],[-4.97154,37.67238],[-4.97304,37.67288],[-4.97593,37.67437],[-4.97742,37.67379],[-4.98129,37.67679],[-4.98269,37.67629],[-4.98453,37.67895],[-4.98607,37.68509],[-4.98667,37.68526],[-4.98719,37.68693],[-4.98695,37.68932],[-4.98853,37.69114],[-4.98999,37.69149],[-4.99063,37.69209],[-4.98879,37.69351],[-4.9917,37.69686],[-4.99233,37.69652],[-4.99698,37.69954],[-4.99837,37.70253],[-4.99982,37.70659],[-5.01603,37.70959],[-5.01577,37.71068],[-5.01688,37.71101],[-5.03324,37.71497],[-5.03865,37.71665],[-5.04664,37.71823],[-5.04775,37.71819],[-5.05071,37.71697],[-5.0506,37.71569],[-5.05641,37.71321],[-5.06956,37.70901],[-5.07258,37.7077],[-5.07413,37.70435],[-5.07439,37.70094],[-5.07993,37.70101],[-5.08533,37.69861],[-5.08676,37.69767],[-5.08693,37.69716],[-5.08674,37.69572],[-5.08905,37.69466],[-5.08717,37.69078],[-5.08583,37.68857],[-5.08715,37.68805],[-5.08656,37.68673],[-5.08978,37.68431],[-5.09073,37.68292],[-5.09153,37.68089],[-5.09151,37.67995],[-5.09076,37.67728],[-5.09019,37.67641],[-5.08657,37.67321],[-5.08663,37.67209],[-5.08411,37.67181],[-5.0838,37.67086],[-5.08315,37.6701],[-5.08115,37.67034],[-5.07984,37.67115],[-5.07689,37.66927],[-5.07567,37.6679],[-5.07563,37.66763],[-5.0763,37.66684],[-5.07686,37.66666],[-5.07721,37.66577],[-5.0768,37.66466],[-5.07625,37.66404],[-5.074,37.66249],[-5.07218,37.66347],[-5.07126,37.66228],[-5.06982,37.66162],[-5.06906,37.65965],[-5.06988,37.65935],[-5.07173,37.65678],[-5.06608,37.65259],[-5.06393,37.64847],[-5.06491,37.64385],[-5.06086,37.64286],[-5.05818,37.64268],[-5.0573,37.64221],[-5.05379,37.64237],[-5.05174,37.63924],[-5.0488,37.6372],[-5.04865,37.63387],[-5.04723,37.6322],[-5.04679,37.63194],[-5.0457,37.63208],[-5.04299,37.63379],[-5.04143,37.6345],[-5.03999,37.63559],[-5.03425,37.63852],[-5.03352,37.642],[-5.03119,37.64152],[-5.02912,37.6371],[-5.02855,37.63646],[-5.0265,37.63516],[-5.02826,37.63399],[-5.02834,37.63319],[-5.03003,37.63221],[-5.02947,37.62893],[-5.02972,37.62728],[-5.03086,37.6263],[-5.03344,37.6248],[-5.03371,37.6244],[-5.03386,37.62164],[-5.03362,37.62073],[-5.03231,37.61858],[-5.03126,37.61735],[-5.03103,37.61604],[-5.02974,37.61364],[-5.02833,37.60408],[-5.02724,37.6007],[-5.02635,37.60006],[-5.02551,37.59845],[-5.02491,37.59529],[-5.02414,37.59464],[-5.01726,37.59358],[-5.01733,37.59313],[-5.01815,37.59211],[-5.01879,37.59229],[-5.01879,37.59312],[-5.02458,37.59367],[-5.02527,37.59396],[-5.0266,37.59542],[-5.0284,37.60014],[-5.02946,37.60185],[-5.03023,37.60384],[-5.03081,37.607],[-5.03101,37.6106],[-5.037,37.61003],[-5.04515,37.6084],[-5.04791,37.60814],[-5.04342,37.6168],[-5.04163,37.62221],[-5.0401,37.62564],[-5.04041,37.62619],[-5.04529,37.62988],[-5.04739,37.63076],[-5.0538,37.63278],[-5.06215,37.63597],[-5.06959,37.63824],[-5.07799,37.64131],[-5.08195,37.64247],[-5.08497,37.64379],[-5.08697,37.64313],[-5.08816,37.64355],[-5.08935,37.64472],[-5.08806,37.64539],[-5.08693,37.64567]]]]}},{"type":"Feature","properties":{"COD_POSTAL":"41658"},"geometry":{"type":"Polygon","coordinates":[[[-4.9734,37.10171],[-4.97364,37.10128],[-4.97188,37.09914],[-4.97135,37.09798],[-4.96785,37.09711],[-4.96708,37.0961],[-4.96586,37.0927],[-4.96502,37.09119],[-4.96739,37.09026],[-4.96734,37.08979],[-4.9669,37.08974],[-4.96059,37.09095],[-4.95871,37.09077],[-4.95685,37.09137],[-4.95454,37.09142],[-4.95315,37.09262],[-4.94758,37.09601],[-4.944,37.09769],[-4.93698,37.10028],[-4.93573,37.1005],[-4.93175,37.09986],[-4.93074,37.09992],[-4.92701,37.1035],[-4.92262,37.10323],[-4.92141,37.1043],[-4.92196,37.10688],[-4.91715,37.10796],[-4.91696,37.11101],[-4.91408,37.11264],[-4.90837,37.11465],[-4.90704,37.12271],[-4.90646,37.12489],[-4.90628,37.12872],[-4.90579,37.13187],[-4.90512,37.13356],[-4.904,37.1347],[-4.90308,37.13648],[-4.90284,37.1376],[-4.90331,37.13879],[-4.90402,37.13938],[-4.90705,37.14077],[-4.90896,37.14224],[-4.91202,37.14408],[-4.91521,37.14541],[-4.91856,37.1464],[-4.92096,37.14758],[-4.92468,37.14856],[-4.92712,37.15015],[-4.92948,37.15228],[-4.93371,37.15457],[-4.93656,37.15657],[-4.94266,37.15759],[-4.94598,37.15738],[-4.95363,37.16102],[-4.95492,37.1618],[-4.95698,37.16365],[-4.95786,37.16569],[-4.96007,37.1694],[-4.96039,37.17058],[-4.96597,37.17323],[-4.97132,37.17408],[-4.97161,37.17612],[-4.97463,37.17876],[-4.97709,37.17808],[-4.97793,37.17689],[-4.97855,37.17663],[-4.98271,37.17639],[-4.98483,37.17682],[-4.98502,37.17628],[-4.98489,37.17451],[-4.98627,37.17205],[-4.98575,37.17062],[-4.98602,37.16987],[-4.98675,37.16974],[-4.98786,37.17038],[-4.98884,37.16985],[-4.99018,37.16995],[-4.99104,37.16959],[-4.99779,37.16818],[-4.99962,37.1673],[-4.9984,37.16572],[-4.99649,37.1644],[-4.99607,37.16344],[-4.99545,37.16304],[-4.99312,37.1623],[-4.99246,37.16037],[-4.99281,37.15936],[-4.99326,37.15884],[-4.99479,37.15992],[-4.99639,37.15952],[-4.99889,37.16082],[-4.99941,37.16086],[-4.99929,37.16014],[-4.9999,37.15801],[-4.99985,37.1572],[-5.00039,37.15611],[-5.00198,37.15456],[-5.00242,37.15447],[-5.00448,37.15493],[-5.00526,37.15342],[-5.00386,37.15259],[-5.00342,37.15107],[-5.00288,37.15013],[-5.0043,37.14971],[-5.00749,37.14971],[-5.00778,37.14963],[-5.00781,37.14932],[-5.00739,37.14858],[-5.00459,37.14749],[-5.00324,37.14644],[-5.00295,37.14585],[-5.00269,37.14376],[-4.99883,37.14075],[-4.99517,37.13984],[-4.99225,37.13941],[-4.98929,37.14032],[-4.98748,37.13955],[-4.98696,37.13905],[-4.98877,37.13782],[-4.98937,37.13522],[-4.9882,37.13459],[-4.98504,37.13402],[-4.98533,37.13313],[-4.98876,37.13241],[-4.98865,37.13099],[-4.98619,37.13034],[-4.9794,37.12723],[-4.97892,37.12508],[-4.9807,37.11976],[-4.9808,37.1179],[-4.98211,37.11057],[-4.9818,37.10901],[-4.98075,37.10774],[-4.98033,37.10656],[-4.97911,37.10597],[-4.97873,37.10534],[-4.97732,37.10498],[-4.97655,37.10439],[-4.97421,37.10362],[-4.97302,37.10291],[-4.97265,37.10246],[-4.9733,37.1018],[-4.9734,37.10171]]]}},{"type":"Feature","properties":{"COD_POSTAL":"41020"},"geometry":{"type":"Polygon","coordinates":[[[-5.92992,37.4486],[-5.93499,37.44956],[-5.93485,37.44643],[-5.93585,37.44487],[-5.94196,37.44368],[-5.95652,37.44627],[-5.96847,37.43709],[-5.96877,37.43555],[-5.96712,37.43512],[-5.96578,37.43405],[-5.96512,37.43316],[-5.96443,37.43014],[-5.96336,37.42751],[-5.96111,37.42566],[-5.95796,37.42446],[-5.9525,37.42433],[-5.95011,37.42461],[-5.94855,37.42426],[-5.94796,37.4239],[-5.94514,37.41939],[-5.94261,37.41627],[-5.93932,37.41433],[-5.93853,37.41423],[-5.93769,37.41348],[-5.93716,37.41218],[-5.94327,37.40977],[-5.94909,37.40846],[-5.94861,37.40739],[-5.94848,37.40603],[-5.94665,37.40166],[-5.9452,37.39971],[-5.9449,37.39883],[-5.94492,37.39726],[-5.94125,37.38816],[-5.94077,37.38649],[-5.91654,37.38587],[-5.91107,37.38899],[-5.90748,37.39034],[-5.86831,37.40367],[-5.87247,37.4076],[-5.87362,37.40971],[-5.87539,37.41391],[-5.87612,37.41503],[-5.88308,37.42143],[-5.88768,37.42804],[-5.89102,37.43117],[-5.89831,37.43689],[-5.90404,37.44211],[-5.90484,37.44313],[-5.90696,37.44438],[-5.9149,37.44648],[-5.91675,37.44757],[-5.91813,37.448],[-5.92638,37.44869],[-5.92992,37.4486]],[[-5.92894,37.40667],[-5.93387,37.40841],[-5.93092,37.41379],[-5.92288,37.41337],[-5.91471,37.41058],[-5.91309,37.40904],[-5.91658,37.40854],[-5.92486,37.40543],[-5.92574,37.40541],[-5.92843,37.40453],[-5.92873,37.40502],[-5.9297,37.40532],[-5.92931,37.40598],[-5.92714,37.40531],[-5.92669,37.40601],[-5.92706,37.40613],[-5.92733,37.40568],[-5.92909,37.4064],[-5.92894,37.40667]]]}},{"type":"Feature","properties":{"COD_POSTAL":"41500"},"geometry":{"type":"Polygon","coordinates":[[[-5.81928,37.39036],[-5.82435,37.39],[-5.83391,37.38878],[-5.8396,37.38747],[-5.84223,37.38711],[-5.8475,37.38808],[-5.85307,37.38764],[-5.85758,37.38789],[-5.86476,37.38733],[-5.87267,37.3878],[-5.88679,37.38728],[-5.88998,37.38606],[-5.89528,37.38294],[-5.89854,37.38036],[-5.90148,37.37907],[-5.90427,37.3772],[-5.9065,37.3771],[-5.90876,37.37758],[-5.91048,37.37582],[-5.91172,37.37527],[-5.92349,37.37318],[-5.92633,37.37159],[-5.92989,37.37053],[-5.93072,37.36998],[-5.9363,37.36878],[-5.94297,37.3681],[-5.94834,37.36595],[-5.94842,37.36553],[-5.94823,37.36539],[-5.94049,37.3642],[-5.93986,37.36379],[-5.93859,37.36208],[-5.92772,37.35481],[-5.92224,37.34704],[-5.91938,37.344],[-5.91565,37.34024],[-5.91309,37.33841],[-5.9118,37.33687],[-5.90982,37.33558],[-5.90523,37.331],[-5.90481,37.3295],[-5.90382,37.3286],[-5.90476,37.32578],[-5.90604,37.32394],[-5.90799,37.31991],[-5.91165,37.3151],[-5.91317,37.31286],[-5.91395,37.31118],[-5.91578,37.3086],[-5.91867,37.30828],[-5.91913,37.30734],[-5.91797,37.30568],[-5.91665,37.30291],[-5.91619,37.30139],[-5.91256,37.29992],[-5.90593,37.29882],[-5.906,37.29817],[-5.90301,37.29601],[-5.90156,37.29464],[-5.9009,37.29353],[-5.90079,37.2925],[-5.89783,37.29091],[-5.89665,37.28972],[-5.89552,37.28813],[-5.89484,37.28522],[-5.89452,37.28477],[-5.89103,37.2819],[-5.88533,37.27862],[-5.88324,37.2768],[-5.88332,37.27622],[-5.88707,37.27198],[-5.89195,37.26786],[-5.89361,37.26685],[-5.89366,37.26494],[-5.8947,37.26318],[-5.8933,37.26114],[-5.89259,37.26065],[-5.89339,37.26005],[-5.89444,37.25997],[-5.89782,37.25592],[-5.89636,37.25366],[-5.89559,37.25172],[-5.8956,37.24966],[-5.89653,37.24536],[-5.89786,37.24245],[-5.89967,37.23708],[-5.90061,37.2328],[-5.90071,37.22988],[-5.90138,37.22839],[-5.90305,37.22738],[-5.90324,37.22654],[-5.90404,37.2258],[-5.90527,37.22563],[-5.90726,37.22647],[-5.90806,37.22635],[-5.90931,37.22578],[-5.91004,37.22429],[-5.91171,37.22282],[-5.91417,37.22153],[-5.91604,37.22116],[-5.91808,37.22022],[-5.92062,37.21827],[-5.92114,37.21751],[-5.92154,37.21479],[-5.92213,37.21264],[-5.91836,37.21235],[-5.91164,37.21274],[-5.90841,37.21338],[-5.90811,37.21427],[-5.90634,37.21343],[-5.90571,37.21242],[-5.90596,37.2095],[-5.90331,37.20977],[-5.90242,37.20934],[-5.90066,37.21039],[-5.89856,37.21302],[-5.89754,37.2136],[-5.89397,37.21442],[-5.88953,37.21672],[-5.88753,37.21688],[-5.88619,37.21846],[-5.8849,37.21886],[-5.88328,37.21885],[-5.8822,37.21929],[-5.87657,37.22272],[-5.87196,37.22326],[-5.87061,37.22294],[-5.86597,37.22395],[-5.86241,37.22374],[-5.85433,37.22522],[-5.8533,37.22488],[-5.8526,37.22499],[-5.84821,37.22697],[-5.84739,37.22779],[-5.84605,37.2299],[-5.84619,37.23198],[-5.84583,37.23335],[-5.84496,37.23453],[-5.84525,37.23496],[-5.84607,37.23521],[-5.84751,37.23667],[-5.84724,37.2385],[-5.84816,37.23946],[-5.84758,37.24027],[-5.84236,37.24408],[-5.84001,37.2428],[-5.84079,37.24109],[-5.83947,37.23975],[-5.83876,37.23724],[-5.83908,37.23525],[-5.83885,37.23507],[-5.83783,37.23506],[-5.83732,37.23692],[-5.83653,37.23819],[-5.83535,37.23798],[-5.83449,37.23834],[-5.83369,37.23811],[-5.83353,37.2363],[-5.8328,37.23641],[-5.83328,37.23508],[-5.83158,37.23566],[-5.83106,37.23605],[-5.83084,37.23546],[-5.82699,37.23683],[-5.82531,37.23531],[-5.82359,37.23308],[-5.82242,37.23416],[-5.82211,37.23419],[-5.81689,37.23374],[-5.81379,37.23409],[-5.81276,37.23459],[-5.81177,37.23557],[-5.81064,37.23593],[-5.80843,37.23755],[-5.80348,37.23764],[-5.80315,37.23815],[-5.80224,37.23875],[-5.79735,37.24033],[-5.7945,37.24218],[-5.79303,37.24273],[-5.79211,37.24341],[-5.79132,37.24488],[-5.78806,37.24569],[-5.7871,37.24701],[-5.7866,37.24843],[-5.78301,37.25093],[-5.78248,37.25322],[-5.78259,37.25393],[-5.77877,37.25207],[-5.77748,37.25191],[-5.77694,37.25125],[-5.77338,37.2495],[-5.77188,37.24981],[-5.77096,37.24957],[-5.76994,37.25041],[-5.769,37.24999],[-5.76762,37.25044],[-5.76666,37.24978],[-5.76546,37.25038],[-5.76466,37.24977],[-5.76353,37.24996],[-5.76297,37.25083],[-5.76142,37.25074],[-5.76072,37.25037],[-5.75927,37.2481],[-5.75913,37.24726],[-5.76107,37.24181],[-5.75569,37.23382],[-5.75459,37.23178],[-5.73878,37.23673],[-5.73765,37.23692],[-5.73537,37.2368],[-5.73429,37.23648],[-5.73086,37.23407],[-5.72297,37.2279],[-5.72134,37.22618],[-5.72075,37.2251],[-5.72038,37.22335],[-5.72049,37.22265],[-5.72078,37.22154],[-5.72302,37.21657],[-5.72546,37.21219],[-5.72609,37.2106],[-5.72741,37.20681],[-5.72771,37.20535],[-5.72761,37.20463],[-5.72718,37.20398],[-5.7252,37.20267],[-5.72244,37.20004],[-5.71717,37.1972],[-5.71333,37.19449],[-5.70863,37.19425],[-5.70611,37.19347],[-5.70314,37.19206],[-5.70059,37.19185],[-5.69691,37.19103],[-5.69278,37.18859],[-5.69229,37.18793],[-5.68833,37.18889],[-5.68437,37.18936],[-5.67072,37.18802],[-5.66807,37.18807],[-5.66233,37.18724],[-5.65652,37.18736],[-5.65382,37.18789],[-5.65261,37.1879],[-5.64955,37.18682],[-5.64992,37.18935],[-5.65311,37.19791],[-5.65337,37.19852],[-5.65532,37.20091],[-5.65575,37.2045],[-5.6567,37.20645],[-5.65757,37.20992],[-5.65861,37.2119],[-5.65843,37.21448],[-5.65703,37.2156],[-5.65774,37.21701],[-5.65619,37.22468],[-5.65636,37.22627],[-5.6556,37.23012],[-5.65457,37.2326],[-5.65313,37.23498],[-5.65312,37.2365],[-5.65215,37.24326],[-5.65052,37.24741],[-5.65852,37.25193],[-5.66012,37.25333],[-5.6654,37.25905],[-5.67283,37.26343],[-5.67406,37.26389],[-5.68179,37.26523],[-5.68741,37.26705],[-5.689,37.26802],[-5.69372,37.27237],[-5.69559,37.27312],[-5.70636,37.27562],[-5.71566,37.28062],[-5.72015,37.28414],[-5.72406,37.28787],[-5.72821,37.29205],[-5.7331,37.29767],[-5.73368,37.29813],[-5.73711,37.29957],[-5.73982,37.30173],[-5.74109,37.30245],[-5.74592,37.304],[-5.74766,37.30432],[-5.7529,37.3047],[-5.75828,37.30476],[-5.76477,37.30635],[-5.7716,37.30739],[-5.77495,37.30814],[-5.77537,37.31085],[-5.77448,37.31316],[-5.77438,37.3142],[-5.77077,37.3194],[-5.76986,37.32027],[-5.7664,37.32241],[-5.76593,37.3234],[-5.76618,37.32602],[-5.76482,37.32716],[-5.76444,37.32776],[-5.76472,37.32862],[-5.76638,37.32923],[-5.76682,37.32981],[-5.76679,37.33087],[-5.76578,37.33259],[-5.76577,37.3335],[-5.76611,37.3354],[-5.76811,37.34009],[-5.76926,37.34156],[-5.77231,37.34393],[-5.77491,37.34632],[-5.77577,37.34739],[-5.77725,37.35049],[-5.77879,37.35294],[-5.78013,37.35452],[-5.78108,37.35513],[-5.78266,37.3567],[-5.78557,37.36124],[-5.79187,37.36579],[-5.79593,37.36957],[-5.8054,37.37951],[-5.80858,37.38368],[-5.80992,37.38609],[-5.81696,37.38576],[-5.81892,37.38587],[-5.81907,37.3889],[-5.81928,37.39036]]]}},{"type":"Feature","properties":{"COD_POSTAL":"41620"},"geometry":{"type":"Polygon","coordinates":[[[-5.29963,37.4425],[-5.30019,37.44273],[-5.31182,37.44035],[-5.32106,37.43895],[-5.32497,37.4381],[-5.33284,37.43587],[-5.37123,37.42368],[-5.38356,37.41934],[-5.38787,37.41865],[-5.39128,37.41659],[-5.39787,37.4134],[-5.4005,37.4125],[-5.41006,37.40798],[-5.41444,37.40629],[-5.42191,37.40243],[-5.44759,37.39568],[-5.44935,37.39504],[-5.45252,37.39328],[-5.46223,37.39428],[-5.46325,37.3943],[-5.46413,37.39379],[-5.46615,37.39591],[-5.47001,37.39923],[-5.47607,37.40051],[-5.49184,37.39557],[-5.49958,37.39365],[-5.50345,37.39191],[-5.50771,37.38959],[-5.50831,37.38894],[-5.51254,37.38044],[-5.51714,37.37201],[-5.51807,37.36964],[-5.51961,37.36513],[-5.52015,37.35709],[-5.50816,37.35312],[-5.50476,37.35403],[-5.50305,37.3543],[-5.50177,37.35416],[-5.49881,37.35275],[-5.49873,37.35234],[-5.50042,37.34985],[-5.50406,37.34643],[-5.49555,37.34562],[-5.48881,37.34466],[-5.48657,37.34382],[-5.48639,37.34353],[-5.4859,37.33956],[-5.47805,37.33929],[-5.48455,37.33345],[-5.48667,37.33312],[-5.48591,37.33064],[-5.48423,37.32763],[-5.48,37.32652],[-5.4694,37.32641],[-5.46896,37.32394],[-5.46829,37.32207],[-5.46696,37.32009],[-5.46648,37.31819],[-5.46472,37.31467],[-5.46428,37.31245],[-5.46143,37.31298],[-5.46058,37.31127],[-5.45521,37.31029],[-5.45278,37.30944],[-5.4513,37.30742],[-5.44507,37.30174],[-5.43744,37.29078],[-5.43364,37.28907],[-5.42943,37.28657],[-5.42867,37.28556],[-5.42855,37.28263],[-5.42668,37.28208],[-5.42461,37.28028],[-5.42182,37.27722],[-5.42173,37.27646],[-5.42235,37.27433],[-5.42281,37.27145],[-5.42164,37.26734],[-5.42154,37.26458],[-5.42322,37.25321],[-5.42341,37.25014],[-5.42379,37.24896],[-5.42488,37.24718],[-5.42719,37.24364],[-5.43053,37.24174],[-5.43244,37.24196],[-5.43375,37.24109],[-5.43413,37.24029],[-5.43471,37.24054],[-5.43552,37.23951],[-5.43858,37.23993],[-5.43923,37.24106],[-5.43874,37.24267],[-5.44658,37.24158],[-5.44589,37.24096],[-5.44791,37.23919],[-5.44686,37.23729],[-5.44443,37.23718],[-5.43951,37.23775],[-5.43636,37.23761],[-5.43402,37.23694],[-5.43043,37.23631],[-5.42974,37.23475],[-5.42608,37.23317],[-5.42233,37.23279],[-5.42159,37.23321],[-5.42065,37.23336],[-5.41752,37.23213],[-5.41424,37.23361],[-5.40776,37.23523],[-5.40596,37.23523],[-5.4043,37.23455],[-5.40241,37.23421],[-5.40162,37.23375],[-5.39865,37.23038],[-5.39716,37.23018],[-5.39441,37.22889],[-5.3915,37.22884],[-5.38941,37.22722],[-5.38753,37.2268],[-5.38537,37.22468],[-5.3809,37.22196],[-5.3783,37.21959],[-5.36835,37.21596],[-5.3551,37.2098],[-5.35294,37.20919],[-5.35173,37.2097],[-5.34997,37.21],[-5.34716,37.2101],[-5.34618,37.21156],[-5.3415,37.21544],[-5.32994,37.22262],[-5.32514,37.22467],[-5.31451,37.22821],[-5.3028,37.23281],[-5.29548,37.23611],[-5.28812,37.2401],[-5.28674,37.24116],[-5.27922,37.25084],[-5.27736,37.25279],[-5.26852,37.25875],[-5.26169,37.265],[-5.26033,37.26909],[-5.26108,37.26986],[-5.26123,37.27066],[-5.26081,37.27238],[-5.26222,37.27621],[-5.26459,37.28042],[-5.26753,37.2849],[-5.27506,37.29282],[-5.27521,37.2935],[-5.27496,37.29636],[-5.2752,37.30001],[-5.2735,37.30404],[-5.26982,37.309],[-5.26802,37.31248],[-5.26307,37.32015],[-5.26031,37.32672],[-5.25765,37.34451],[-5.25747,37.3479],[-5.25649,37.35508],[-5.25391,37.36186],[-5.24794,37.37461],[-5.26764,37.40066],[-5.27643,37.41282],[-5.28188,37.41919],[-5.28663,37.42523],[-5.29013,37.43037],[-5.29633,37.44238],[-5.29873,37.44236],[-5.29963,37.4425]]]}},{"type":"Feature","properties":{"COD_POSTAL":"41140"},"geometry":{"type":"Polygon","coordinates":[[[-6.1613,37.17698],[-6.16663,37.1788],[-6.17255,37.17986],[-6.17604,37.1802],[-6.17646,37.18082],[-6.17691,37.18351],[-6.17744,37.18515],[-6.17837,37.18704],[-6.17885,37.18741],[-6.18712,37.18901],[-6.18839,37.18947],[-6.18917,37.18995],[-6.19028,37.19166],[-6.19071,37.19196],[-6.19376,37.192],[-6.1956,37.19143],[-6.19612,37.19078],[-6.19555,37.18972],[-6.19432,37.18938],[-6.19406,37.18901],[-6.19396,37.18777],[-6.19808,37.18286],[-6.19973,37.17883],[-6.19941,37.17508],[-6.1977,37.17208],[-6.19603,37.17076],[-6.19406,37.1674],[-6.19433,37.16675],[-6.19441,37.16427],[-6.19428,37.15335],[-6.19462,37.15162],[-6.19504,37.1509],[-6.19708,37.14961],[-6.2105,37.14487],[-6.21879,37.14098],[-6.22615,37.13512],[-6.22992,37.12968],[-6.2363,37.11513],[-6.23722,37.11352],[-6.23832,37.11223],[-6.24056,37.11057],[-6.24216,37.11007],[-6.24457,37.10959],[-6.25293,37.10864],[-6.25536,37.10668],[-6.25769,37.10307],[-6.25795,37.10024],[-6.25549,37.09782],[-6.25072,37.09617],[-6.24034,37.0948],[-6.23348,37.09162],[-6.23068,37.08985],[-6.2287,37.08746],[-6.22643,37.08312],[-6.22598,37.08158],[-6.22502,37.07133],[-6.22339,37.06894],[-6.21903,37.06735],[-6.20749,37.06459],[-6.20432,37.06308],[-6.20181,37.06102],[-6.20076,37.05984],[-6.19995,37.05791],[-6.19929,37.0523],[-6.19913,37.04799],[-6.1993,37.04639],[-6.2005,37.04189],[-6.20127,37.03993],[-6.20228,37.03847],[-6.1925,37.03787],[-6.17689,37.03803],[-6.16641,37.03758],[-6.15722,37.03811],[-6.15496,37.03848],[-6.15455,37.03883],[-6.1533,37.04253],[-6.15042,37.0491],[-6.14588,37.05094],[-6.1392,37.05545],[-6.13186,37.06114],[-6.1278,37.06462],[-6.12234,37.06979],[-6.12149,37.07069],[-6.12092,37.0717],[-6.12153,37.07341],[-6.12699,37.08245],[-6.12942,37.08416],[-6.13201,37.08662],[-6.14183,37.09436],[-6.14686,37.09941],[-6.1472,37.10026],[-6.14658,37.10136],[-6.14926,37.10554],[-6.15149,37.10816],[-6.1524,37.10973],[-6.15143,37.11029],[-6.1517,37.11092],[-6.15495,37.11459],[-6.15942,37.12092],[-6.16161,37.12468],[-6.16158,37.12527],[-6.16217,37.12638],[-6.1626,37.12846],[-6.16236,37.13066],[-6.15847,37.12927],[-6.15063,37.13748],[-6.14834,37.13939],[-6.14305,37.1445],[-6.13723,37.15061],[-6.14281,37.15577],[-6.16001,37.16597],[-6.16541,37.16997],[-6.16321,37.17297],[-6.16008,37.17631],[-6.1613,37.17698]]]}},{"type":"Feature","properties":{"COD_POSTAL":"41440"},"geometry":{"type":"Polygon","coordinates":[[[-5.42876,37.73842],[-5.42927,37.73899],[-5.42968,37.74025],[-5.42876,37.7423],[-5.42783,37.7438],[-5.42519,37.74496],[-5.42402,37.74696],[-5.42382,37.74866],[-5.42437,37.74959],[-5.42436,37.7521],[-5.42792,37.75169],[-5.43442,37.75168],[-5.45686,37.75706],[-5.46513,37.75704],[-5.47313,37.75522],[-5.47621,37.75304],[-5.47832,37.7519],[-5.48597,37.75389],[-5.49319,37.75419],[-5.49993,37.75303],[-5.50778,37.75134],[-5.51081,37.75135],[-5.51448,37.75073],[-5.5173,37.75122],[-5.52099,37.7502],[-5.53172,37.74878],[-5.54402,37.74629],[-5.55092,37.74364],[-5.55633,37.74035],[-5.55951,37.73975],[-5.56076,37.73885],[-5.56245,37.73818],[-5.56959,37.73694],[-5.57577,37.73541],[-5.57961,37.73491],[-5.58127,37.73513],[-5.58214,37.73499],[-5.58756,37.73347],[-5.58963,37.73313],[-5.59262,37.73362],[-5.59643,37.73363],[-5.60075,37.7306],[-5.60278,37.72846],[-5.60674,37.72563],[-5.6105,37.72228],[-5.61268,37.72072],[-5.6158,37.71967],[-5.61437,37.71424],[-5.61678,37.70435],[-5.61495,37.70045],[-5.61611,37.69936],[-5.61678,37.69642],[-5.61774,37.69363],[-5.61775,37.69202],[-5.61813,37.69062],[-5.61897,37.68969],[-5.61993,37.68611],[-5.62168,37.68343],[-5.61977,37.67914],[-5.61835,37.67672],[-5.61759,37.67624],[-5.61713,37.67554],[-5.61731,37.67199],[-5.6162,37.67036],[-5.61464,37.66865],[-5.61425,37.66759],[-5.61257,37.66522],[-5.61086,37.66082],[-5.61053,37.6584],[-5.6107,37.65684],[-5.61054,37.65512],[-5.6111,37.65439],[-5.61043,37.65064],[-5.611,37.64755],[-5.61332,37.64086],[-5.61336,37.63728],[-5.61279,37.63525],[-5.60427,37.62525],[-5.60197,37.62071],[-5.59975,37.61812],[-5.59872,37.61608],[-5.59499,37.6125],[-5.59213,37.60666],[-5.58406,37.60571],[-5.58176,37.60599],[-5.57981,37.60587],[-5.57886,37.60555],[-5.57539,37.60328],[-5.57416,37.60291],[-5.57108,37.60136],[-5.56541,37.59957],[-5.55585,37.60004],[-5.5547,37.59954],[-5.55174,37.59946],[-5.54992,37.59857],[-5.54685,37.59799],[-5.54197,37.59582],[-5.53736,37.59595],[-5.53534,37.59569],[-5.53372,37.59464],[-5.53108,37.59406],[-5.52841,37.59254],[-5.52541,37.59138],[-5.5213,37.58852],[-5.52007,37.589],[-5.51954,37.58894],[-5.51755,37.58736],[-5.516,37.58736],[-5.515,37.58525],[-5.51463,37.58505],[-5.51392,37.58511],[-5.51279,37.58573],[-5.51253,37.58498],[-5.51216,37.58474],[-5.51029,37.58448],[-5.50934,37.5836],[-5.50904,37.5821],[-5.50886,37.58169],[-5.50854,37.58162],[-5.50815,37.58165],[-5.50754,37.58213],[-5.50673,37.58212],[-5.50558,37.58271],[-5.50411,37.58202],[-5.50303,37.58199],[-5.50253,37.58234],[-5.50249,37.58304],[-5.50211,37.58321],[-5.50155,37.58317],[-5.50101,37.58281],[-5.50013,37.58315],[-5.4997,37.58283],[-5.49887,37.58295],[-5.4984,37.58257],[-5.4984,37.58185],[-5.49788,37.58196],[-5.49714,37.58266],[-5.49492,37.58312],[-5.49395,37.58298],[-5.49322,37.5826],[-5.49199,37.58312],[-5.49089,37.58278],[-5.48748,37.58315],[-5.48337,37.5844],[-5.47383,37.58608],[-5.46653,37.58835],[-5.46013,37.58924],[-5.45807,37.59011],[-5.4552,37.59177],[-5.44217,37.59427],[-5.43638,37.59573],[-5.43258,37.59721],[-5.42707,37.59865],[-5.41188,37.61317],[-5.40433,37.61786],[-5.39575,37.62217],[-5.39177,37.62386],[-5.39194,37.62422],[-5.39304,37.62472],[-5.3942,37.62583],[-5.39592,37.62595],[-5.39646,37.6272],[-5.39812,37.62742],[-5.39846,37.62807],[-5.39855,37.62908],[-5.39915,37.62925],[-5.4,37.63063],[-5.40116,37.63108],[-5.40127,37.63132],[-5.40076,37.63287],[-5.40087,37.63338],[-5.40179,37.63413],[-5.40148,37.63608],[-5.40166,37.6365],[-5.40355,37.6368],[-5.40541,37.6384],[-5.40794,37.63859],[-5.40879,37.63956],[-5.40877,37.63991],[-5.40854,37.64017],[-5.40703,37.64029],[-5.40682,37.64069],[-5.40696,37.64121],[-5.40725,37.64145],[-5.40907,37.64126],[-5.41006,37.6406],[-5.41132,37.64103],[-5.41151,37.64138],[-5.41035,37.64348],[-5.40974,37.64401],[-5.40987,37.6451],[-5.41045,37.64526],[-5.41265,37.64413],[-5.41302,37.6442],[-5.41339,37.64437],[-5.41439,37.64607],[-5.4136,37.6476],[-5.40775,37.64729],[-5.40555,37.64745],[-5.40254,37.64823],[-5.39954,37.64945],[-5.39663,37.65098],[-5.39539,37.65237],[-5.3939,37.65459],[-5.3936,37.65602],[-5.39403,37.65715],[-5.39627,37.65949],[-5.39612,37.66113],[-5.39631,37.6616],[-5.39722,37.6624],[-5.39953,37.66253],[-5.40181,37.66147],[-5.40412,37.65918],[-5.4047,37.65887],[-5.40696,37.65865],[-5.40963,37.65998],[-5.41101,37.66155],[-5.41249,37.66396],[-5.41301,37.66599],[-5.41279,37.66685],[-5.41182,37.66765],[-5.41152,37.66901],[-5.41362,37.67186],[-5.4142,37.67446],[-5.4133,37.67906],[-5.41191,37.68351],[-5.41363,37.68442],[-5.41519,37.68586],[-5.41757,37.68667],[-5.4189,37.68774],[-5.41997,37.68779],[-5.42064,37.68808],[-5.42122,37.68797],[-5.42155,37.68822],[-5.42163,37.68858],[-5.42092,37.69042],[-5.4205,37.69093],[-5.41868,37.69208],[-5.41855,37.6938],[-5.41951,37.69576],[-5.41988,37.69793],[-5.42129,37.69884],[-5.42283,37.70041],[-5.42219,37.70268],[-5.42312,37.70445],[-5.42323,37.70654],[-5.42272,37.70921],[-5.41951,37.71456],[-5.41973,37.7168],[-5.4199,37.71753],[-5.42162,37.71985],[-5.42132,37.72178],[-5.4217,37.72335],[-5.42327,37.72737],[-5.42447,37.72897],[-5.4253,37.72947],[-5.42565,37.7308],[-5.42874,37.73615],[-5.42909,37.73742],[-5.42874,37.7381],[-5.42876,37.73842]]]}},{"type":"Feature","properties":{"COD_POSTAL":"41670"},"geometry":{"type":"Polygon","coordinates":[[[-5.29369,37.01036],[-5.28588,37.00064],[-5.28101,36.99662],[-5.27914,36.99445],[-5.27703,36.9933],[-5.27403,36.99057],[-5.27215,36.98527],[-5.27089,36.98352],[-5.27025,36.98152],[-5.26883,36.98071],[-5.26832,36.98006],[-5.26828,36.97843],[-5.26517,36.97738],[-5.26239,36.97578],[-5.26201,36.97507],[-5.26232,36.97401],[-5.26219,36.97307],[-5.26035,36.97143],[-5.25923,36.96986],[-5.25704,36.96541],[-5.25674,36.96404],[-5.25314,36.9609],[-5.25203,36.96038],[-5.25026,36.95739],[-5.24091,36.94856],[-5.23988,36.9465],[-5.23722,36.94323],[-5.23528,36.94136],[-5.23453,36.94105],[-5.23159,36.9409],[-5.22953,36.94172],[-5.22665,36.94169],[-5.2259,36.94184],[-5.22522,36.9423],[-5.22276,36.94465],[-5.22266,36.94486],[-5.22309,36.94565],[-5.22299,36.94611],[-5.22098,36.94889],[-5.22005,36.9507],[-5.21577,36.95185],[-5.21454,36.95358],[-5.21341,36.95575],[-5.21062,36.95813],[-5.2073,36.96178],[-5.20604,36.96264],[-5.20428,36.96272],[-5.20317,36.96419],[-5.20251,36.96446],[-5.20169,36.96449],[-5.20014,36.96404],[-5.19796,36.96459],[-5.19693,36.96461],[-5.19583,36.96485],[-5.19364,36.96589],[-5.19166,36.96641],[-5.19101,36.96701],[-5.19088,36.96842],[-5.18981,36.96973],[-5.18122,36.97191],[-5.17852,36.97361],[-5.17745,36.97497],[-5.17322,36.97786],[-5.17088,36.9784],[-5.16805,36.97985],[-5.16264,36.98142],[-5.15987,36.98536],[-5.15971,36.98665],[-5.15844,36.98878],[-5.1584,36.98932],[-5.15975,36.98868],[-5.16251,36.98897],[-5.16535,36.99067],[-5.16838,36.99627],[-5.16903,36.99681],[-5.17257,36.9985],[-5.17905,37.00009],[-5.18142,37.00094],[-5.18177,37.00139],[-5.18284,37.00698],[-5.1877,37.00977],[-5.18862,37.01001],[-5.1877,37.01093],[-5.18664,37.01145],[-5.1848,37.01341],[-5.18386,37.01498],[-5.1825,37.01594],[-5.18216,37.0166],[-5.18103,37.01655],[-5.17918,37.016],[-5.17779,37.01945],[-5.17821,37.02124],[-5.18041,37.02644],[-5.18136,37.02934],[-5.18113,37.03013],[-5.17916,37.03317],[-5.17895,37.03502],[-5.17763,37.03604],[-5.17764,37.03733],[-5.17865,37.04013],[-5.17774,37.04259],[-5.17988,37.04373],[-5.18065,37.04466],[-5.1816,37.04658],[-5.18299,37.0478],[-5.18429,37.04847],[-5.1868,37.04846],[-5.1877,37.04916],[-5.19113,37.05061],[-5.19648,37.05242],[-5.19957,37.0538],[-5.20195,37.05448],[-5.20495,37.05468],[-5.20927,37.05624],[-5.21076,37.05629],[-5.21451,37.05769],[-5.21585,37.05907],[-5.21641,37.05935],[-5.21956,37.05963],[-5.22262,37.06067],[-5.22404,37.06074],[-5.22458,37.06016],[-5.22842,37.05911],[-5.2309,37.058],[-5.23176,37.05725],[-5.23251,37.0556],[-5.2372,37.05288],[-5.23792,37.05335],[-5.23839,37.05336],[-5.24231,37.05243],[-5.24884,37.05186],[-5.26068,37.05155],[-5.26593,37.04927],[-5.26846,37.04789],[-5.27269,37.04633],[-5.27481,37.04595],[-5.27978,37.04693],[-5.28181,37.04666],[-5.28237,37.04695],[-5.28465,37.04646],[-5.28894,37.04677],[-5.29163,37.04669],[-5.2931,37.04417],[-5.2954,37.04281],[-5.29794,37.03969],[-5.29903,37.03889],[-5.30211,37.03736],[-5.30183,37.03355],[-5.30255,37.03096],[-5.30257,37.03002],[-5.30158,37.02335],[-5.30203,37.01923],[-5.30164,37.01648],[-5.30019,37.01475],[-5.30022,37.01374],[-5.29541,37.01138],[-5.29369,37.01036]]]}},{"type":"Feature","properties":{"COD_POSTAL":"41209"},"geometry":{"type":"Polygon","coordinates":[[[-5.94419,37.51409],[-5.92925,37.5185],[-5.92716,37.51954],[-5.9232,37.5232],[-5.91883,37.52575],[-5.91831,37.5263],[-5.91729,37.52851],[-5.91613,37.53031],[-5.90923,37.53632],[-5.90853,37.53733],[-5.90976,37.53803],[-5.91261,37.53909],[-5.91475,37.53973],[-5.91862,37.54046],[-5.91981,37.54117],[-5.92179,37.54296],[-5.92281,37.54426],[-5.92346,37.54557],[-5.92459,37.54875],[-5.92428,37.55109],[-5.92341,37.5523],[-5.92268,37.55268],[-5.93862,37.57076],[-5.94069,37.56928],[-5.94153,37.56807],[-5.94197,37.56661],[-5.94185,37.56371],[-5.94366,37.56077],[-5.94442,37.56148],[-5.94582,37.56223],[-5.94925,37.56227],[-5.95088,37.56527],[-5.95135,37.56548],[-5.95169,37.56524],[-5.95188,37.56397],[-5.95169,37.56328],[-5.95105,37.56277],[-5.95158,37.56222],[-5.95192,37.56115],[-5.95231,37.56114],[-5.95241,37.56152],[-5.95303,37.56207],[-5.95569,37.56125],[-5.95931,37.55819],[-5.96385,37.55651],[-5.96443,37.55703],[-5.9684,37.56437],[-5.96932,37.56539],[-5.97184,37.56971],[-5.97647,37.56914],[-5.97961,37.56907],[-5.98183,37.5737],[-5.98822,37.58459],[-5.98937,37.58603],[-5.99195,37.58747],[-5.99277,37.5884],[-5.99352,37.59179],[-5.99341,37.59475],[-5.99415,37.59802],[-5.99414,37.60027],[-5.99563,37.60265],[-5.99576,37.60682],[-5.99695,37.60895],[-5.99732,37.61072],[-5.99721,37.6125],[-6.00025,37.6182],[-6.00098,37.61909],[-6.00221,37.61979],[-6.00754,37.61694],[-6.01084,37.61611],[-6.01577,37.6156],[-6.03061,37.61848],[-6.02992,37.61622],[-6.02918,37.61474],[-6.02905,37.61361],[-6.02566,37.60059],[-6.02248,37.59634],[-6.02115,37.59291],[-6.01936,37.59154],[-6.01892,37.59062],[-6.01763,37.5897],[-6.01736,37.58857],[-6.01638,37.58739],[-6.01603,37.58646],[-6.01565,37.58495],[-6.01593,37.58338],[-6.01536,37.58177],[-6.01267,37.57813],[-6.00963,37.57519],[-6.00795,37.57241],[-6.00761,37.57125],[-6.00982,37.56767],[-6.01247,37.56201],[-6.01239,37.56103],[-6.01041,37.55837],[-6.0104,37.55778],[-6.01321,37.55255],[-6.01511,37.54953],[-6.01794,37.54661],[-6.01767,37.54045],[-6.01694,37.53329],[-6.01706,37.52874],[-6.016,37.5246],[-6.01655,37.52382],[-6.01715,37.52345],[-6.01892,37.52354],[-6.02033,37.52294],[-6.02124,37.52303],[-6.02193,37.52231],[-6.02155,37.5205],[-6.02189,37.51947],[-6.02123,37.5183],[-6.02124,37.51562],[-6.01989,37.51206],[-5.96961,37.54151],[-5.94446,37.51402],[-5.94419,37.51409]]]}},{"type":"Feature","properties":{"COD_POSTAL":"41580"},"geometry":{"type":"Polygon","coordinates":[[[-4.75632,37.33286],[-4.7572,37.3335],[-4.7588,37.3341],[-4.7596,37.33534],[-4.76043,37.33614],[-4.76259,37.33678],[-4.76336,37.3376],[-4.76406,37.33783],[-4.76745,37.33773],[-4.77246,37.33659],[-4.77472,37.33482],[-4.77525,37.33343],[-4.77565,37.33304],[-4.77739,37.33398],[-4.77751,37.33537],[-4.78008,37.33541],[-4.78149,37.33178],[-4.78222,37.3285],[-4.78123,37.32692],[-4.78225,37.32588],[-4.78298,37.321],[-4.78573,37.32036],[-4.78861,37.32083],[-4.79175,37.32197],[-4.79318,37.32014],[-4.793,37.31949],[-4.79354,37.31848],[-4.79302,37.31698],[-4.79397,37.3151],[-4.79798,37.3156],[-4.80005,37.3151],[-4.80184,37.31322],[-4.80171,37.31226],[-4.8013,37.31153],[-4.80133,37.30828],[-4.7992,37.30413],[-4.7989,37.29975],[-4.79906,37.29822],[-4.79979,37.296],[-4.80097,37.29494],[-4.8014,37.29333],[-4.80304,37.29049],[-4.79734,37.28772],[-4.79527,37.28805],[-4.7906,37.28969],[-4.79004,37.28932],[-4.79104,37.28721],[-4.79137,37.28499],[-4.79206,37.28275],[-4.79219,37.28169],[-4.79186,37.27881],[-4.79365,37.27734],[-4.79404,37.27582],[-4.79532,37.27312],[-4.79103,37.27247],[-4.78797,37.27172],[-4.78208,37.26944],[-4.78073,37.26885],[-4.77865,37.26722],[-4.77602,37.26681],[-4.77478,37.26633],[-4.77298,37.26435],[-4.77181,37.26434],[-4.76996,37.26328],[-4.76343,37.2631],[-4.76158,37.26269],[-4.75881,37.26163],[-4.75705,37.26145],[-4.75306,37.25916],[-4.74999,37.25784],[-4.74573,37.25412],[-4.74102,37.25308],[-4.73602,37.25083],[-4.73343,37.25003],[-4.73177,37.25132],[-4.73004,37.25346],[-4.71969,37.2597],[-4.72051,37.26064],[-4.7216,37.26132],[-4.72143,37.26515],[-4.72065,37.26616],[-4.72132,37.26821],[-4.72205,37.26822],[-4.72012,37.27167],[-4.71851,37.2718],[-4.71552,37.27932],[-4.71649,37.27969],[-4.7167,37.27996],[-4.71661,37.28033],[-4.71412,37.28261],[-4.7135,37.2837],[-4.71928,37.2873],[-4.72222,37.29023],[-4.72114,37.29474],[-4.7175,37.29728],[-4.71544,37.30061],[-4.71587,37.30088],[-4.7131,37.30487],[-4.71421,37.30524],[-4.71486,37.30634],[-4.71575,37.30718],[-4.71955,37.30866],[-4.7173,37.30963],[-4.71794,37.31073],[-4.71894,37.31119],[-4.72014,37.31101],[-4.72068,37.31117],[-4.72496,37.31352],[-4.72241,37.31802],[-4.72028,37.3198],[-4.72727,37.32404],[-4.72866,37.32558],[-4.72921,37.32652],[-4.72932,37.32808],[-4.7289,37.32887],[-4.72796,37.32964],[-4.72753,37.33073],[-4.72889,37.33351],[-4.72877,37.33382],[-4.73009,37.33531],[-4.73181,37.33436],[-4.73511,37.33406],[-4.73589,37.3337],[-4.73785,37.33351],[-4.74423,37.33165],[-4.74578,37.33147],[-4.74641,37.33108],[-4.7486,37.33182],[-4.74873,37.33091],[-4.75039,37.33146],[-4.75152,37.33153],[-4.75274,37.33312],[-4.75475,37.33265],[-4.75612,37.33282],[-4.75632,37.33286]]]}},{"type":"Feature","properties":{"COD_POSTAL":"41220"},"geometry":{"type":"Polygon","coordinates":[[[-5.9282,37.63702],[-5.93099,37.63861],[-5.93171,37.63882],[-5.93345,37.63876],[-5.94014,37.63639],[-5.94424,37.63639],[-5.94709,37.63588],[-5.9504,37.63603],[-5.95268,37.63575],[-5.95991,37.63331],[-5.96158,37.6333],[-5.96505,37.63249],[-5.96852,37.63254],[-5.97575,37.63106],[-5.97727,37.63041],[-5.98474,37.6295],[-5.98575,37.62886],[-5.9887,37.62792],[-5.99194,37.62561],[-5.99439,37.62425],[-5.99879,37.62263],[-6.00192,37.62048],[-6.00221,37.61979],[-6.00061,37.61873],[-5.99721,37.6125],[-5.99732,37.61072],[-5.99695,37.60895],[-5.99576,37.60682],[-5.99563,37.60265],[-5.99414,37.60027],[-5.99415,37.59802],[-5.99341,37.59475],[-5.99352,37.59179],[-5.99315,37.58952],[-5.9927,37.58826],[-5.99195,37.58747],[-5.98937,37.58603],[-5.98822,37.58459],[-5.98183,37.5737],[-5.97961,37.56907],[-5.97647,37.56914],[-5.97184,37.56971],[-5.96932,37.56539],[-5.9684,37.56437],[-5.96443,37.55703],[-5.96385,37.55651],[-5.95931,37.55819],[-5.95569,37.56125],[-5.95303,37.56207],[-5.95241,37.56152],[-5.95231,37.56114],[-5.95192,37.56115],[-5.95158,37.56222],[-5.95105,37.56277],[-5.95169,37.56328],[-5.95188,37.56397],[-5.95169,37.56524],[-5.95135,37.56548],[-5.95088,37.56527],[-5.94925,37.56227],[-5.94582,37.56223],[-5.94442,37.56148],[-5.94366,37.56077],[-5.94185,37.56371],[-5.94183,37.56741],[-5.94069,37.56928],[-5.93984,37.57],[-5.93812,37.57107],[-5.93548,37.57124],[-5.93345,37.57203],[-5.93171,37.57212],[-5.92944,37.57275],[-5.92644,37.57481],[-5.91871,37.57815],[-5.92038,37.57966],[-5.92206,37.58225],[-5.92362,37.5859],[-5.92503,37.59087],[-5.92602,37.5919],[-5.92624,37.59416],[-5.92764,37.59789],[-5.92768,37.6003],[-5.9284,37.60433],[-5.92893,37.6051],[-5.92998,37.60563],[-5.93031,37.60629],[-5.93062,37.60933],[-5.9312,37.61072],[-5.93116,37.61258],[-5.93043,37.6139],[-5.93056,37.61642],[-5.92929,37.62217],[-5.92906,37.62489],[-5.92708,37.63128],[-5.92649,37.63445],[-5.9265,37.63596],[-5.9282,37.63702]]]}},{"type":"Feature","properties":{"COD_POSTAL":"41007"},"geometry":{"type":"Polygon","coordinates":[[[-5.95011,37.42461],[-5.9525,37.42433],[-5.95796,37.42446],[-5.95792,37.42413],[-5.95451,37.42019],[-5.95561,37.41355],[-5.96374,37.40061],[-5.97568,37.39099],[-5.97461,37.39048],[-5.97523,37.39],[-5.97291,37.38815],[-5.97257,37.38814],[-5.97233,37.38729],[-5.96265,37.38746],[-5.95966,37.38739],[-5.95941,37.38699],[-5.95896,37.38697],[-5.95843,37.38741],[-5.94077,37.38649],[-5.94125,37.38816],[-5.94492,37.39726],[-5.9449,37.39883],[-5.9452,37.39971],[-5.94665,37.40166],[-5.94848,37.40603],[-5.94861,37.40739],[-5.94909,37.40846],[-5.94327,37.40977],[-5.93716,37.41218],[-5.93769,37.41348],[-5.93853,37.41423],[-5.93932,37.41433],[-5.94261,37.41627],[-5.94514,37.41939],[-5.94796,37.4239],[-5.94933,37.42454],[-5.95011,37.42461]]]}},{"type":"Feature","properties":{"COD_POSTAL":"41704"},"geometry":{"type":"Polygon","coordinates":[[[-5.90604,37.32394],[-5.90476,37.32578],[-5.90389,37.32868],[-5.91897,37.32269],[-5.92625,37.32442],[-5.9307,37.32001],[-5.93489,37.31954],[-5.94274,37.32272],[-5.94787,37.32147],[-5.93937,37.30663],[-5.94532,37.29692],[-5.94053,37.29238],[-5.9387,37.29138],[-5.93514,37.29078],[-5.93287,37.29053],[-5.93268,37.29071],[-5.93236,37.29007],[-5.93022,37.2923],[-5.92979,37.29233],[-5.92865,37.2933],[-5.92776,37.29255],[-5.92725,37.29261],[-5.9257,37.29361],[-5.92462,37.29373],[-5.92504,37.29644],[-5.92489,37.29674],[-5.92417,37.29272],[-5.92238,37.29264],[-5.91645,37.28924],[-5.91599,37.29013],[-5.91766,37.29124],[-5.91704,37.29186],[-5.9145,37.2928],[-5.91118,37.29576],[-5.90813,37.29914],[-5.91256,37.29992],[-5.91619,37.30139],[-5.91665,37.30291],[-5.91797,37.30568],[-5.91913,37.30734],[-5.91867,37.30828],[-5.91578,37.3086],[-5.91395,37.31118],[-5.91317,37.31286],[-5.91165,37.3151],[-5.90883,37.31862],[-5.90651,37.32291],[-5.90604,37.32394]]]}},{"type":"Feature","properties":{"COD_POSTAL":"41728"},"geometry":{"type":"Polygon","coordinates":[[[-5.95301,37.10833],[-5.95732,37.11312],[-5.96557,37.1212],[-5.94634,37.13159],[-5.98139,37.17375],[-5.97544,37.17873],[-5.96503,37.18975],[-5.95566,37.19371],[-5.95473,37.19452],[-5.95297,37.19769],[-5.95212,37.19717],[-5.95117,37.19732],[-5.94918,37.19671],[-5.94832,37.19755],[-5.9472,37.19789],[-5.94689,37.19861],[-5.94613,37.19925],[-5.94361,37.19928],[-5.94193,37.20065],[-5.94185,37.20118],[-5.9396,37.20168],[-5.93878,37.20299],[-5.93789,37.20328],[-5.93634,37.20428],[-5.93527,37.20417],[-5.9325,37.20556],[-5.93009,37.20568],[-5.92956,37.20606],[-5.97392,37.24474],[-5.98899,37.24947],[-5.98719,37.24426],[-5.98721,37.24299],[-5.98952,37.23996],[-5.99213,37.23479],[-5.9928,37.23324],[-5.99298,37.23107],[-5.99417,37.22959],[-5.99604,37.22636],[-5.99904,37.22303],[-6.00052,37.21812],[-6.00137,37.21726],[-6.00443,37.21539],[-6.00933,37.20987],[-6.01151,37.20313],[-6.01699,37.19696],[-6.01879,37.19544],[-6.01973,37.19388],[-6.03062,37.18489],[-6.03353,37.18217],[-6.0305,37.17959],[-6.02797,37.17693],[-6.02718,37.17557],[-6.02685,37.17316],[-6.02752,37.17066],[-6.02833,37.16932],[-6.02976,37.16829],[-6.03209,37.16743],[-6.03913,37.1671],[-6.04627,37.16603],[-6.05307,37.16365],[-6.05705,37.16183],[-6.05959,37.16009],[-6.06171,37.15791],[-6.06202,37.15633],[-6.06153,37.15474],[-6.0607,37.1534],[-6.05942,37.15215],[-6.05794,37.15129],[-6.0553,37.15089],[-6.05153,37.15078],[-6.04527,37.1517],[-6.04255,37.15173],[-6.04056,37.15096],[-6.03946,37.15009],[-6.03839,37.14827],[-6.03773,37.14613],[-6.03792,37.14357],[-6.03909,37.14151],[-6.04038,37.14],[-6.04222,37.13836],[-6.04418,37.13727],[-6.04858,37.13324],[-6.04887,37.13268],[-6.04862,37.13178],[-6.04676,37.1305],[-6.04323,37.12927],[-6.03843,37.12894],[-6.03388,37.12812],[-6.0312,37.12725],[-6.02941,37.12614],[-6.02794,37.12483],[-6.02746,37.12432],[-6.02662,37.12265],[-6.0266,37.12039],[-6.02696,37.11912],[-6.0278,37.11773],[-6.02911,37.11647],[-6.03344,37.11364],[-6.04092,37.10988],[-6.04193,37.10905],[-6.04224,37.1084],[-6.04268,37.1062],[-6.04253,37.10554],[-6.04169,37.10341],[-6.03794,37.09643],[-6.03663,37.09335],[-6.03576,37.09003],[-6.03615,37.08659],[-6.03778,37.07865],[-6.03494,37.07867],[-6.03122,37.07526],[-6.0298,37.07445],[-6.01164,37.072],[-6.00716,37.07052],[-5.998,37.0681],[-5.97761,37.06312],[-5.97158,37.06195],[-5.95301,37.10833]]]}},{"type":"Feature","properties":{"COD_POSTAL":"41449"},"geometry":{"type":"Polygon","coordinates":[[[-5.61729,37.67251],[-5.61713,37.67554],[-5.61759,37.67624],[-5.61835,37.67672],[-5.61977,37.67914],[-5.62168,37.68343],[-5.61993,37.68611],[-5.61897,37.68969],[-5.61813,37.69062],[-5.61775,37.69202],[-5.61774,37.69363],[-5.61678,37.69642],[-5.61611,37.69936],[-5.61897,37.69935],[-5.62093,37.69783],[-5.62311,37.69479],[-5.62681,37.69102],[-5.62997,37.68832],[-5.63343,37.68614],[-5.63656,37.68025],[-5.63853,37.67765],[-5.63935,37.67696],[-5.64939,37.67333],[-5.65478,37.67081],[-5.65776,37.67005],[-5.66238,37.66686],[-5.66406,37.66544],[-5.6667,37.66463],[-5.67149,37.66096],[-5.67502,37.65575],[-5.67612,37.6526],[-5.6761,37.64906],[-5.68185,37.6392],[-5.68414,37.63449],[-5.68829,37.62741],[-5.68862,37.62603],[-5.68791,37.62325],[-5.68173,37.62263],[-5.67881,37.62136],[-5.67452,37.61685],[-5.67391,37.61466],[-5.6765,37.61216],[-5.67834,37.61172],[-5.67982,37.61004],[-5.68238,37.60856],[-5.68326,37.60733],[-5.68478,37.6038],[-5.68546,37.59895],[-5.68515,37.59728],[-5.68467,37.59648],[-5.6839,37.59573],[-5.67821,37.59195],[-5.67518,37.58949],[-5.67345,37.58674],[-5.67063,37.58441],[-5.66753,37.58328],[-5.66468,37.58294],[-5.66173,37.58357],[-5.65926,37.58479],[-5.65176,37.58589],[-5.65055,37.58656],[-5.64946,37.58917],[-5.64979,37.59078],[-5.65074,37.59259],[-5.65206,37.59395],[-5.6573,37.59781],[-5.65876,37.59972],[-5.65893,37.60062],[-5.65921,37.60467],[-5.65859,37.60626],[-5.65784,37.60751],[-5.65672,37.60865],[-5.65444,37.6108],[-5.65346,37.61142],[-5.64845,37.61338],[-5.64385,37.61336],[-5.63835,37.61044],[-5.63588,37.60941],[-5.62937,37.60756],[-5.62512,37.60669],[-5.62296,37.60668],[-5.62107,37.60748],[-5.61844,37.61036],[-5.61734,37.61126],[-5.61707,37.61203],[-5.61556,37.61318],[-5.615,37.61421],[-5.61373,37.61539],[-5.61196,37.61799],[-5.60633,37.62053],[-5.60455,37.6208],[-5.60197,37.62071],[-5.60427,37.62525],[-5.60897,37.63092],[-5.61217,37.63439],[-5.61314,37.6361],[-5.61345,37.63854],[-5.61332,37.64086],[-5.611,37.64755],[-5.61043,37.65064],[-5.6111,37.65439],[-5.61054,37.65512],[-5.6107,37.65684],[-5.61053,37.6584],[-5.61086,37.66082],[-5.61257,37.66522],[-5.61425,37.66759],[-5.61464,37.66865],[-5.6162,37.67036],[-5.61731,37.67199],[-5.61729,37.67251]]]}},{"type":"Feature","properties":{"COD_POSTAL":"41850"},"geometry":{"type":"Polygon","coordinates":[[[-6.34512,37.21614],[-6.34539,37.21523],[-6.34723,37.21293],[-6.34724,37.21138],[-6.34814,37.20895],[-6.35044,37.20782],[-6.35085,37.20741],[-6.34984,37.20305],[-6.35188,37.2003],[-6.35274,37.19993],[-6.35333,37.19921],[-6.35322,37.19874],[-6.35238,37.19847],[-6.35203,37.19795],[-6.353,37.1972],[-6.35321,37.19672],[-6.35259,37.19514],[-6.35282,37.19439],[-6.3523,37.19344],[-6.35257,37.19263],[-6.35185,37.1911],[-6.35243,37.18973],[-6.35106,37.18708],[-6.35073,37.18504],[-6.35056,37.18056],[-6.34837,37.17788],[-6.34675,37.17643],[-6.34059,37.17219],[-6.33612,37.16962],[-6.33351,37.17109],[-6.32648,37.1742],[-6.30498,37.18705],[-6.28541,37.22428],[-6.28209,37.22929],[-6.28061,37.23314],[-6.28047,37.23671],[-6.27996,37.23782],[-6.27941,37.24095],[-6.27774,37.24177],[-6.27383,37.24107],[-6.27089,37.24147],[-6.27113,37.24219],[-6.27277,37.2446],[-6.27278,37.24507],[-6.27242,37.24647],[-6.27204,37.24685],[-6.26853,37.24736],[-6.26866,37.24886],[-6.26945,37.24958],[-6.26951,37.24995],[-6.26927,37.2512],[-6.26864,37.25259],[-6.26977,37.25387],[-6.26978,37.25518],[-6.26961,37.25554],[-6.2673,37.25682],[-6.26612,37.25708],[-6.26493,37.25775],[-6.26184,37.26144],[-6.26177,37.26237],[-6.26376,37.26331],[-6.26392,37.26368],[-6.26369,37.26453],[-6.2663,37.26644],[-6.26653,37.26695],[-6.26841,37.26839],[-6.27281,37.2655],[-6.27645,37.26596],[-6.27709,37.26567],[-6.27832,37.26426],[-6.28038,37.26423],[-6.28251,37.26355],[-6.28553,37.26118],[-6.29291,37.26649],[-6.29559,37.26487],[-6.30098,37.26291],[-6.30318,37.2629],[-6.30827,37.26421],[-6.31272,37.26467],[-6.31504,37.2645],[-6.31759,37.26466],[-6.31976,37.26411],[-6.32206,37.26455],[-6.32712,37.2644],[-6.32893,37.26469],[-6.33062,37.26458],[-6.33162,37.26423],[-6.33143,37.26489],[-6.33079,37.26564],[-6.33157,37.26742],[-6.33179,37.26914],[-6.3325,37.26947],[-6.33364,37.27111],[-6.33438,37.27284],[-6.33573,37.27424],[-6.33708,37.27474],[-6.33922,37.27382],[-6.34213,37.27208],[-6.34331,37.27112],[-6.34893,37.26612],[-6.34973,37.26517],[-6.35122,37.26189],[-6.35313,37.25875],[-6.35433,37.2555],[-6.35403,37.2537],[-6.3529,37.25148],[-6.35124,37.24961],[-6.35331,37.2468],[-6.3543,37.24388],[-6.35549,37.24185],[-6.35643,37.24101],[-6.35935,37.23936],[-6.35985,37.2381],[-6.35931,37.23659],[-6.35742,37.23398],[-6.35541,37.2326],[-6.3547,37.23105],[-6.35415,37.23067],[-6.34913,37.22377],[-6.34908,37.22286],[-6.34706,37.22107],[-6.34686,37.22024],[-6.34524,37.2182],[-6.34512,37.21614]]]}},{"type":"Feature","properties":{"COD_POSTAL":"41360"},"geometry":{"type":"Polygon","coordinates":[[[-5.74145,37.8616],[-5.74205,37.86207],[-5.74219,37.86263],[-5.74175,37.86436],[-5.74192,37.8649],[-5.7427,37.86571],[-5.74465,37.86638],[-5.74603,37.86649],[-5.7469,37.86634],[-5.74909,37.86538],[-5.75177,37.86573],[-5.75565,37.86529],[-5.75793,37.86694],[-5.76109,37.86808],[-5.76266,37.86898],[-5.76608,37.87133],[-5.76848,37.87185],[-5.76901,37.87242],[-5.76992,37.87427],[-5.77131,37.87538],[-5.77457,37.87613],[-5.7779,37.87822],[-5.77943,37.87868],[-5.77965,37.87921],[-5.77848,37.88184],[-5.77871,37.8825],[-5.78006,37.88312],[-5.78187,37.88309],[-5.78457,37.88247],[-5.78801,37.88229],[-5.7895,37.88132],[-5.79022,37.8803],[-5.79087,37.88003],[-5.7943,37.88091],[-5.79489,37.88159],[-5.79475,37.88311],[-5.79619,37.88294],[-5.79913,37.88181],[-5.80209,37.87963],[-5.803,37.87952],[-5.80542,37.88003],[-5.81049,37.87979],[-5.81357,37.88113],[-5.81571,37.88272],[-5.81742,37.88288],[-5.81941,37.88186],[-5.82034,37.88078],[-5.82458,37.87459],[-5.82583,37.87318],[-5.82825,37.87117],[-5.83091,37.86702],[-5.83304,37.86684],[-5.83719,37.86568],[-5.83784,37.86575],[-5.83899,37.86704],[-5.84219,37.86863],[-5.84499,37.8705],[-5.84676,37.87241],[-5.84823,37.87343],[-5.84894,37.87507],[-5.85072,37.87442],[-5.85201,37.87423],[-5.85433,37.8749],[-5.85616,37.87579],[-5.85691,37.87392],[-5.8562,37.87331],[-5.85675,37.87219],[-5.8581,37.87097],[-5.85982,37.87158],[-5.86204,37.87118],[-5.86272,37.87071],[-5.86243,37.87005],[-5.8613,37.86899],[-5.86147,37.86792],[-5.86105,37.86707],[-5.86121,37.86662],[-5.86238,37.86664],[-5.86324,37.86857],[-5.8646,37.86813],[-5.86592,37.86699],[-5.86733,37.86688],[-5.86825,37.866],[-5.8691,37.86595],[-5.86983,37.86421],[-5.86915,37.86282],[-5.86813,37.86192],[-5.86813,37.86165],[-5.86959,37.86072],[-5.86978,37.85961],[-5.86972,37.85907],[-5.8693,37.85846],[-5.86852,37.85782],[-5.87496,37.85279],[-5.87763,37.85259],[-5.87533,37.84897],[-5.87707,37.84571],[-5.87742,37.84536],[-5.87874,37.84551],[-5.87881,37.84415],[-5.87626,37.84164],[-5.88023,37.83991],[-5.88312,37.84337],[-5.88766,37.84172],[-5.88803,37.84117],[-5.88758,37.83761],[-5.88761,37.83421],[-5.89021,37.83249],[-5.89379,37.83058],[-5.89521,37.83155],[-5.90083,37.828],[-5.90142,37.82691],[-5.90092,37.82428],[-5.90125,37.82399],[-5.90203,37.82393],[-5.90432,37.82413],[-5.90544,37.82396],[-5.9056,37.82339],[-5.9054,37.82034],[-5.90879,37.82104],[-5.90917,37.8218],[-5.90902,37.82379],[-5.90936,37.82459],[-5.91046,37.8253],[-5.91182,37.82573],[-5.91342,37.82594],[-5.91554,37.82551],[-5.91661,37.82513],[-5.91858,37.82394],[-5.91907,37.82232],[-5.92387,37.81582],[-5.92397,37.81522],[-5.92372,37.8142],[-5.92215,37.81],[-5.92104,37.80892],[-5.92036,37.80868],[-5.91586,37.80781],[-5.91291,37.80694],[-5.90871,37.80425],[-5.90729,37.79693],[-5.90966,37.79411],[-5.91105,37.79166],[-5.91124,37.79103],[-5.91064,37.78918],[-5.90675,37.78394],[-5.89833,37.78285],[-5.89658,37.78242],[-5.8963,37.78217],[-5.89491,37.778],[-5.89352,37.77492],[-5.89325,37.77282],[-5.89192,37.77028],[-5.89125,37.76662],[-5.8903,37.76442],[-5.88764,37.76253],[-5.88694,37.7615],[-5.88363,37.76149],[-5.88327,37.76121],[-5.88524,37.75785],[-5.8858,37.75628],[-5.88705,37.75482],[-5.88592,37.75011],[-5.88103,37.74915],[-5.87954,37.74784],[-5.87779,37.74557],[-5.8778,37.74352],[-5.87852,37.73965],[-5.87826,37.73034],[-5.87846,37.72774],[-5.87874,37.72731],[-5.88413,37.72413],[-5.88487,37.72232],[-5.88514,37.71999],[-5.88313,37.71786],[-5.88247,37.71738],[-5.88111,37.71696],[-5.88029,37.7163],[-5.87748,37.71302],[-5.87612,37.71193],[-5.86996,37.70817],[-5.86683,37.70743],[-5.86469,37.70624],[-5.86357,37.70448],[-5.86342,37.70338],[-5.86404,37.69782],[-5.86362,37.6974],[-5.85568,37.69479],[-5.85285,37.6934],[-5.84842,37.69224],[-5.84321,37.68997],[-5.84136,37.6886],[-5.83827,37.68549],[-5.8365,37.68439],[-5.83626,37.6846],[-5.83171,37.68465],[-5.81538,37.68684],[-5.80856,37.68733],[-5.7919,37.68757],[-5.79728,37.70274],[-5.7927,37.70451],[-5.77932,37.71284],[-5.77777,37.71401],[-5.77435,37.7156],[-5.75881,37.72679],[-5.74525,37.73043],[-5.73617,37.73247],[-5.73291,37.73254],[-5.72265,37.73344],[-5.70466,37.73629],[-5.70388,37.73649],[-5.70357,37.738],[-5.70327,37.73837],[-5.70245,37.73861],[-5.69556,37.73756],[-5.69312,37.73756],[-5.69105,37.73889],[-5.68946,37.74205],[-5.68666,37.74433],[-5.68658,37.74505],[-5.68717,37.74662],[-5.68744,37.74818],[-5.68731,37.74894],[-5.68675,37.74982],[-5.68522,37.75047],[-5.68156,37.75025],[-5.67977,37.75094],[-5.67868,37.75178],[-5.67839,37.75291],[-5.67864,37.75367],[-5.68003,37.75567],[-5.68021,37.75661],[-5.68018,37.75796],[-5.67895,37.76106],[-5.67915,37.7623],[-5.68117,37.76447],[-5.68217,37.76497],[-5.68493,37.76557],[-5.68564,37.76638],[-5.6854,37.76812],[-5.6834,37.77092],[-5.6832,37.77185],[-5.68348,37.77287],[-5.68649,37.77658],[-5.68643,37.77721],[-5.68478,37.7789],[-5.68435,37.78022],[-5.68661,37.78201],[-5.68631,37.78343],[-5.68588,37.78421],[-5.68514,37.78478],[-5.68418,37.7851],[-5.6823,37.78515],[-5.68135,37.78577],[-5.68042,37.78746],[-5.681,37.78907],[-5.67941,37.7912],[-5.67898,37.7929],[-5.67928,37.79434],[-5.67997,37.79572],[-5.68345,37.79819],[-5.685,37.79839],[-5.68573,37.79886],[-5.68588,37.79957],[-5.68511,37.80129],[-5.68566,37.80362],[-5.68555,37.80395],[-5.68423,37.80488],[-5.6839,37.80739],[-5.68271,37.80898],[-5.68138,37.8099],[-5.6785,37.81052],[-5.67717,37.81124],[-5.67683,37.81204],[-5.67667,37.81372],[-5.67527,37.81545],[-5.67451,37.81774],[-5.67312,37.81951],[-5.67358,37.82167],[-5.67221,37.82396],[-5.67243,37.82499],[-5.67517,37.82669],[-5.67749,37.82771],[-5.67868,37.82732],[-5.67945,37.82758],[-5.68017,37.82737],[-5.68187,37.82534],[-5.6833,37.82446],[-5.68505,37.82409],[-5.6857,37.82427],[-5.68589,37.82499],[-5.68519,37.82663],[-5.68524,37.82729],[-5.68617,37.82824],[-5.68647,37.82908],[-5.68766,37.83065],[-5.68837,37.83086],[-5.69247,37.83063],[-5.69353,37.83139],[-5.69677,37.83246],[-5.69698,37.83353],[-5.69767,37.83466],[-5.69748,37.83579],[-5.69921,37.83725],[-5.69929,37.83814],[-5.69857,37.83996],[-5.69932,37.84153],[-5.70197,37.84291],[-5.70345,37.84466],[-5.7049,37.84472],[-5.70555,37.84504],[-5.70611,37.84573],[-5.70573,37.84678],[-5.70572,37.84731],[-5.70598,37.84757],[-5.70755,37.84861],[-5.71063,37.84991],[-5.71112,37.85129],[-5.71218,37.85306],[-5.71128,37.85416],[-5.71932,37.85769],[-5.72379,37.86193],[-5.73019,37.86298],[-5.7308,37.8622],[-5.73198,37.86156],[-5.73567,37.86101],[-5.73762,37.85965],[-5.73877,37.86112],[-5.73938,37.86141],[-5.73992,37.8604],[-5.74036,37.86041],[-5.74107,37.86113],[-5.74114,37.86158],[-5.74145,37.8616]]]}},{"type":"Feature","properties":{"COD_POSTAL":"41006"},"geometry":{"type":"Polygon","coordinates":[[[-5.95954,37.38603],[-5.96077,37.37723],[-5.96429,37.37356],[-5.96503,37.37324],[-5.96877,37.37023],[-5.96276,37.36507],[-5.96187,37.36452],[-5.95847,37.36138],[-5.95421,37.35915],[-5.94544,37.365],[-5.94823,37.36539],[-5.94842,37.36573],[-5.94808,37.36613],[-5.94297,37.3681],[-5.9363,37.36878],[-5.93072,37.36998],[-5.92962,37.37062],[-5.92691,37.37133],[-5.92479,37.37252],[-5.92974,37.37508],[-5.9384,37.38147],[-5.94179,37.38295],[-5.94147,37.38384],[-5.94266,37.38407],[-5.9426,37.38423],[-5.94141,37.38399],[-5.94077,37.38649],[-5.95843,37.38741],[-5.95896,37.38697],[-5.95944,37.38703],[-5.95954,37.38603]]]}},{"type":"Feature","properties":{"COD_POSTAL":"41898"},"geometry":{"type":"Polygon","coordinates":[[[-6.3729,37.65681],[-6.37245,37.66129],[-6.33949,37.68779],[-6.33733,37.70578],[-6.38647,37.71018],[-6.40293,37.74253],[-6.40935,37.74039],[-6.41564,37.73694],[-6.42348,37.73407],[-6.43088,37.72747],[-6.44999,37.7189],[-6.451,37.71908],[-6.45152,37.71993],[-6.45286,37.72011],[-6.45429,37.72134],[-6.45645,37.7204],[-6.45733,37.72066],[-6.45817,37.72175],[-6.45896,37.72173],[-6.46043,37.72106],[-6.46208,37.72105],[-6.46724,37.7227],[-6.46809,37.72374],[-6.4698,37.7246],[-6.47378,37.72533],[-6.47569,37.72493],[-6.47855,37.72318],[-6.47997,37.72302],[-6.48105,37.72251],[-6.48123,37.72194],[-6.48053,37.72119],[-6.48059,37.72075],[-6.48304,37.72082],[-6.48369,37.72014],[-6.48077,37.71581],[-6.4798,37.7153],[-6.47781,37.71527],[-6.47652,37.71499],[-6.47567,37.71449],[-6.47411,37.71223],[-6.47339,37.70974],[-6.47344,37.70909],[-6.47431,37.70871],[-6.47498,37.70896],[-6.47651,37.71201],[-6.47751,37.71219],[-6.47867,37.71178],[-6.47942,37.71101],[-6.47948,37.70909],[-6.4799,37.70683],[-6.47954,37.70605],[-6.4795,37.70534],[-6.4814,37.70299],[-6.48484,37.70114],[-6.4842,37.69963],[-6.48508,37.69711],[-6.48547,37.69682],[-6.48579,37.69688],[-6.48695,37.69815],[-6.48865,37.69821],[-6.48985,37.69691],[-6.49119,37.69653],[-6.49129,37.69601],[-6.49066,37.69513],[-6.49078,37.69484],[-6.49193,37.6939],[-6.49406,37.69129],[-6.49296,37.68935],[-6.47837,37.63835],[-6.47549,37.6208],[-6.47482,37.6212],[-6.47403,37.62233],[-6.47349,37.62245],[-6.47298,37.6211],[-6.47198,37.62014],[-6.46996,37.62125],[-6.46918,37.62068],[-6.46848,37.62057],[-6.46734,37.62121],[-6.46692,37.62089],[-6.46732,37.62004],[-6.46625,37.61979],[-6.46528,37.62031],[-6.46525,37.62111],[-6.46497,37.62148],[-6.46349,37.62127],[-6.46278,37.62159],[-6.4613,37.62104],[-6.4603,37.62207],[-6.45904,37.62224],[-6.45746,37.62297],[-6.45643,37.62311],[-6.45589,37.62288],[-6.45537,37.62155],[-6.45427,37.62069],[-6.45293,37.62093],[-6.4511,37.62064],[-6.44997,37.62123],[-6.44935,37.6205],[-6.44644,37.62089],[-6.44585,37.62155],[-6.44556,37.62244],[-6.44383,37.62335],[-6.44056,37.62279],[-6.43868,37.62134],[-6.4368,37.62236],[-6.43533,37.62259],[-6.435,37.62157],[-6.43119,37.62029],[-6.42782,37.62123],[-6.42572,37.62104],[-6.42462,37.62177],[-6.42406,37.62185],[-6.42145,37.62108],[-6.42152,37.62036],[-6.42131,37.62025],[-6.41844,37.6199],[-6.41737,37.61928],[-6.41584,37.61921],[-6.41418,37.61963],[-6.41328,37.61949],[-6.41189,37.61776],[-6.41077,37.61738],[-6.4103,37.61641],[-6.41031,37.61551],[-6.40964,37.61457],[-6.40875,37.61419],[-6.40761,37.61418],[-6.40634,37.61378],[-6.40472,37.61377],[-6.40405,37.61402],[-6.40357,37.61387],[-6.40266,37.61304],[-6.401,37.61254],[-6.39933,37.61273],[-6.39885,37.61254],[-6.39796,37.6115],[-6.3975,37.6105],[-6.39704,37.61051],[-6.3958,37.61142],[-6.39526,37.61119],[-6.39522,37.6106],[-6.39563,37.60979],[-6.39512,37.61101],[-6.39235,37.61156],[-6.38897,37.61285],[-6.38554,37.61361],[-6.3788,37.61585],[-6.37016,37.61671],[-6.35886,37.61862],[-6.35162,37.61767],[-6.3511,37.61741],[-6.34804,37.61799],[-6.34626,37.61734],[-6.34446,37.61785],[-6.34267,37.61761],[-6.34231,37.61832],[-6.34071,37.61927],[-6.34019,37.6206],[-6.34008,37.62195],[-6.34217,37.62544],[-6.34259,37.62684],[-6.34338,37.62703],[-6.34388,37.6269],[-6.34492,37.62597],[-6.34496,37.62545],[-6.34413,37.62431],[-6.34412,37.62378],[-6.34475,37.62308],[-6.34608,37.62345],[-6.34677,37.6253],[-6.34651,37.62665],[-6.34545,37.62807],[-6.34614,37.62871],[-6.34684,37.62864],[-6.34922,37.62681],[-6.34989,37.62594],[-6.3503,37.62597],[-6.35086,37.62716],[-6.35117,37.62735],[-6.3521,37.6274],[-6.35308,37.62696],[-6.35407,37.62694],[-6.35449,37.62835],[-6.35512,37.62922],[-6.35588,37.63105],[-6.35674,37.63203],[-6.3567,37.63235],[-6.35534,37.63391],[-6.35539,37.63485],[-6.35568,37.63538],[-6.35668,37.63594],[-6.35935,37.63526],[-6.35981,37.63548],[-6.36097,37.63922],[-6.36232,37.64224],[-6.36266,37.64256],[-6.36479,37.64333],[-6.36609,37.64339],[-6.36717,37.64374],[-6.36944,37.64489],[-6.37078,37.6449],[-6.37208,37.64619],[-6.37216,37.64704],[-6.36996,37.65001],[-6.37042,37.65153],[-6.37174,37.65248],[-6.37249,37.65365],[-6.3726,37.65478],[-6.37234,37.65596],[-6.37252,37.65643],[-6.3729,37.65681]]]}},{"type":"Feature","properties":{"COD_POSTAL":"41661"},"geometry":{"type":"Polygon","coordinates":[[[-5.17897,37.03367],[-5.18113,37.03013],[-5.18136,37.02934],[-5.17779,37.01983],[-5.17888,37.01656],[-5.17933,37.0159],[-5.18103,37.01655],[-5.18216,37.0166],[-5.1825,37.01594],[-5.18386,37.01498],[-5.1848,37.01341],[-5.18664,37.01145],[-5.1877,37.01093],[-5.18862,37.01001],[-5.1877,37.00977],[-5.18284,37.00698],[-5.18177,37.00139],[-5.18142,37.00094],[-5.17905,37.00009],[-5.17257,36.9985],[-5.16903,36.99681],[-5.16838,36.99627],[-5.16535,36.99067],[-5.16205,36.98887],[-5.15937,36.98877],[-5.14888,36.9963],[-5.14486,37.00013],[-5.14372,37.00163],[-5.14238,37.00386],[-5.14242,37.00543],[-5.14212,37.00605],[-5.13252,37.01172],[-5.13222,37.01409],[-5.13021,37.01572],[-5.12965,37.01757],[-5.12814,37.01892],[-5.12604,37.02318],[-5.12419,37.02385],[-5.12369,37.02647],[-5.12284,37.02769],[-5.12318,37.02812],[-5.12304,37.02938],[-5.12335,37.03015],[-5.1241,37.03099],[-5.12567,37.03214],[-5.126,37.03274],[-5.12599,37.03299],[-5.12485,37.03403],[-5.12545,37.03544],[-5.12522,37.03637],[-5.12538,37.03734],[-5.12653,37.03779],[-5.12684,37.03817],[-5.12719,37.03989],[-5.1278,37.04077],[-5.12943,37.04134],[-5.13325,37.04096],[-5.13393,37.04048],[-5.13473,37.03897],[-5.13619,37.03865],[-5.13716,37.03906],[-5.13747,37.04079],[-5.13772,37.04105],[-5.13908,37.0415],[-5.13964,37.04138],[-5.13996,37.04122],[-5.14086,37.03891],[-5.14135,37.03834],[-5.14207,37.03804],[-5.14399,37.0384],[-5.14552,37.03706],[-5.15183,37.03274],[-5.15456,37.03026],[-5.15687,37.03191],[-5.16073,37.03296],[-5.16393,37.03566],[-5.16512,37.03577],[-5.16636,37.03698],[-5.16804,37.03756],[-5.17082,37.04008],[-5.17461,37.04091],[-5.17774,37.04259],[-5.17865,37.04013],[-5.17764,37.03733],[-5.17763,37.03604],[-5.17895,37.03502],[-5.17889,37.03438],[-5.17897,37.03367]]]}},{"type":"Feature","properties":{"COD_POSTAL":"41780"},"geometry":{"type":"Polygon","coordinates":[[[-5.44108,36.94103],[-5.43895,36.93529],[-5.43567,36.93594],[-5.43316,36.93566],[-5.42952,36.93754],[-5.42369,36.93902],[-5.41892,36.93878],[-5.41285,36.94066],[-5.41662,36.9443],[-5.4168,36.94535],[-5.41664,36.94619],[-5.41588,36.94771],[-5.41416,36.95024],[-5.41317,36.9512],[-5.41352,36.95351],[-5.41336,36.95402],[-5.41156,36.95605],[-5.40924,36.95769],[-5.40322,36.96107],[-5.40097,36.96273],[-5.39889,36.96549],[-5.39631,36.96743],[-5.39569,36.96922],[-5.39239,36.97328],[-5.39091,36.97406],[-5.38714,36.97685],[-5.38272,36.97908],[-5.38055,36.97973],[-5.37593,36.98],[-5.37507,36.98154],[-5.3741,36.98177],[-5.37409,36.98233],[-5.37314,36.98178],[-5.36893,36.98397],[-5.36704,36.98463],[-5.3653,36.98566],[-5.36447,36.98566],[-5.36187,36.98494],[-5.36098,36.98501],[-5.36067,36.98534],[-5.36111,36.98668],[-5.36041,36.98733],[-5.36048,36.98769],[-5.36002,36.98867],[-5.3605,36.99036],[-5.35968,36.99249],[-5.35937,36.99272],[-5.35697,36.99289],[-5.35636,36.99407],[-5.35596,36.99432],[-5.35535,36.99425],[-5.35456,36.99362],[-5.35324,36.99432],[-5.3522,36.99409],[-5.35188,36.99551],[-5.34951,36.99699],[-5.3471,36.9969],[-5.34535,36.99739],[-5.34501,36.99778],[-5.34501,36.99856],[-5.34456,36.9995],[-5.34308,37.00092],[-5.34143,37.00179],[-5.33965,37.00456],[-5.34151,37.00578],[-5.34265,37.00618],[-5.34479,37.00628],[-5.34641,37.00607],[-5.34767,37.00781],[-5.34956,37.00848],[-5.3513,37.0072],[-5.3524,37.00695],[-5.35518,37.00864],[-5.35708,37.00917],[-5.3577,37.00964],[-5.35876,37.01059],[-5.35943,37.01249],[-5.36,37.01331],[-5.36183,37.01345],[-5.36331,37.01441],[-5.36402,37.01546],[-5.36414,37.01787],[-5.36404,37.01824],[-5.36182,37.02039],[-5.36135,37.02373],[-5.3617,37.02493],[-5.3634,37.02711],[-5.36516,37.02662],[-5.3687,37.02506],[-5.37032,37.02477],[-5.37288,37.0233],[-5.37305,37.0229],[-5.37419,37.02207],[-5.37627,37.02263],[-5.37829,37.02369],[-5.37938,37.0248],[-5.38096,37.02486],[-5.38126,37.02566],[-5.38289,37.02688],[-5.38374,37.02814],[-5.38456,37.0287],[-5.38483,37.02929],[-5.38544,37.02959],[-5.38511,37.03063],[-5.38537,37.03151],[-5.38748,37.03207],[-5.38952,37.03221],[-5.39207,37.03301],[-5.39383,37.03429],[-5.39471,37.03463],[-5.3962,37.036],[-5.39653,37.03964],[-5.39704,37.0406],[-5.3989,37.04154],[-5.40035,37.04115],[-5.4015,37.04038],[-5.40355,37.03747],[-5.40485,37.03635],[-5.4044,37.03569],[-5.4044,37.03433],[-5.40397,37.03363],[-5.40355,37.03185],[-5.40365,37.03091],[-5.40242,37.02789],[-5.40233,37.02703],[-5.40298,37.02737],[-5.40421,37.02629],[-5.40449,37.025],[-5.40496,37.02461],[-5.4047,37.02391],[-5.4036,37.02395],[-5.40035,37.02286],[-5.39853,37.02152],[-5.39743,37.01959],[-5.39631,37.01879],[-5.3965,37.01781],[-5.39762,37.01528],[-5.39797,37.01293],[-5.39961,37.01218],[-5.39997,37.01156],[-5.40103,37.01158],[-5.40126,37.01245],[-5.40185,37.01334],[-5.40494,37.01545],[-5.40661,37.01613],[-5.40746,37.01708],[-5.40845,37.01689],[-5.40875,37.01557],[-5.41301,37.01402],[-5.41411,37.01403],[-5.41451,37.01485],[-5.41509,37.01529],[-5.41609,37.01492],[-5.41708,37.01381],[-5.41872,37.0134],[-5.4193,37.01287],[-5.42047,37.01127],[-5.42108,37.01115],[-5.42577,37.00606],[-5.4271,37.00246],[-5.427,36.99963],[-5.42937,36.99795],[-5.43524,36.99112],[-5.43581,36.99102],[-5.43691,36.99139],[-5.44247,36.98986],[-5.4431,36.98845],[-5.44293,36.98729],[-5.44489,36.98559],[-5.44855,36.98436],[-5.44987,36.98264],[-5.45294,36.98241],[-5.45343,36.9819],[-5.45336,36.98068],[-5.45362,36.98028],[-5.45499,36.97939],[-5.45646,36.97792],[-5.45725,36.97793],[-5.45873,36.97864],[-5.45958,36.97851],[-5.46004,36.97798],[-5.45995,36.97646],[-5.46028,36.97514],[-5.4578,36.97453],[-5.45717,36.97414],[-5.45699,36.97069],[-5.45545,36.96627],[-5.45501,36.96245],[-5.45456,36.9612],[-5.45179,36.95944],[-5.4464,36.95719],[-5.44592,36.95667],[-5.44607,36.95585],[-5.4478,36.95455],[-5.44795,36.95419],[-5.44739,36.95288],[-5.44612,36.95234],[-5.44543,36.94968],[-5.44634,36.94682],[-5.44627,36.94644],[-5.44498,36.94549],[-5.44145,36.94418],[-5.44126,36.94396],[-5.44135,36.9421],[-5.44108,36.94103]]]}},{"type":"Feature","properties":{"COD_POSTAL":"41567"},"geometry":{"type":"Polygon","coordinates":[[[-4.87004,37.40827],[-4.87046,37.40926],[-4.87021,37.40982],[-4.86854,37.41133],[-4.86793,37.41229],[-4.86758,37.41428],[-4.86815,37.4153],[-4.87159,37.41946],[-4.87583,37.42181],[-4.87684,37.42218],[-4.87768,37.4222],[-4.87824,37.42199],[-4.87882,37.42097],[-4.87865,37.42041],[-4.87666,37.4187],[-4.87688,37.4184],[-4.87825,37.41855],[-4.87952,37.41899],[-4.88241,37.42082],[-4.88295,37.42152],[-4.88283,37.42298],[-4.88236,37.42358],[-4.88182,37.42383],[-4.88017,37.42378],[-4.87979,37.42399],[-4.87964,37.42444],[-4.88049,37.4267],[-4.88097,37.42715],[-4.8823,37.42731],[-4.88395,37.42691],[-4.88579,37.4257],[-4.8869,37.42587],[-4.89133,37.42368],[-4.89712,37.41753],[-4.90209,37.4139],[-4.90622,37.41114],[-4.9084,37.41062],[-4.91237,37.40843],[-4.91132,37.40532],[-4.90942,37.40289],[-4.90778,37.40183],[-4.9072,37.40047],[-4.90445,37.39738],[-4.90192,37.39233],[-4.90454,37.38934],[-4.90471,37.38791],[-4.90456,37.38717],[-4.90423,37.38687],[-4.90127,37.38583],[-4.9005,37.38395],[-4.90082,37.38234],[-4.90265,37.37965],[-4.90282,37.37895],[-4.90279,37.37815],[-4.90148,37.3733],[-4.90213,37.37217],[-4.90415,37.37098],[-4.90476,37.37017],[-4.90543,37.36871],[-4.90546,37.36806],[-4.90509,37.36696],[-4.90289,37.36543],[-4.90054,37.36295],[-4.89464,37.36217],[-4.88943,37.3628],[-4.88904,37.36107],[-4.89013,37.36071],[-4.88816,37.35177],[-4.89022,37.35152],[-4.88167,37.34633],[-4.87603,37.34258],[-4.8684,37.33897],[-4.86417,37.33774],[-4.85874,37.33476],[-4.85586,37.33395],[-4.85215,37.33251],[-4.84783,37.33161],[-4.84421,37.33053],[-4.84331,37.33053],[-4.84121,37.33165],[-4.8419,37.33299],[-4.84096,37.33341],[-4.84074,37.33384],[-4.83737,37.33605],[-4.83576,37.33748],[-4.83311,37.34219],[-4.83044,37.34446],[-4.83018,37.34562],[-4.82896,37.34758],[-4.82552,37.35111],[-4.82333,37.35272],[-4.82269,37.35225],[-4.82103,37.34988],[-4.81929,37.34916],[-4.81829,37.34942],[-4.8183,37.34986],[-4.8202,37.35165],[-4.82028,37.3522],[-4.82013,37.3528],[-4.81967,37.35319],[-4.81727,37.35468],[-4.82213,37.35819],[-4.82346,37.36182],[-4.82354,37.36378],[-4.82289,37.36559],[-4.82361,37.36876],[-4.81994,37.37001],[-4.81473,37.37261],[-4.81452,37.37343],[-4.81507,37.37606],[-4.81469,37.37753],[-4.81519,37.37793],[-4.81693,37.37766],[-4.82031,37.37846],[-4.82442,37.37853],[-4.82602,37.37908],[-4.82508,37.38051],[-4.8252,37.38335],[-4.8276,37.38228],[-4.82805,37.38231],[-4.82874,37.38328],[-4.83053,37.38453],[-4.83115,37.38629],[-4.83073,37.38985],[-4.83097,37.3904],[-4.83233,37.39158],[-4.83541,37.39508],[-4.8378,37.39835],[-4.84052,37.39976],[-4.84382,37.39959],[-4.84395,37.3999],[-4.84368,37.40098],[-4.84321,37.40177],[-4.84135,37.40339],[-4.84089,37.40402],[-4.84101,37.40424],[-4.84224,37.40497],[-4.84375,37.40368],[-4.84432,37.40347],[-4.84521,37.40358],[-4.84583,37.40443],[-4.84676,37.40781],[-4.84749,37.40913],[-4.84981,37.41066],[-4.85087,37.41039],[-4.8514,37.41064],[-4.85031,37.41458],[-4.85036,37.41515],[-4.85086,37.41583],[-4.85147,37.41586],[-4.85309,37.41477],[-4.85433,37.41498],[-4.85456,37.41481],[-4.85505,37.41283],[-4.85471,37.41155],[-4.85533,37.41037],[-4.8559,37.41002],[-4.86209,37.40833],[-4.86469,37.40843],[-4.86704,37.40764],[-4.86946,37.40789],[-4.87004,37.40827]]]}},{"type":"Feature","properties":{"COD_POSTAL":"41657"},"geometry":{"type":"Polygon","coordinates":[[[-5.00108,37.16712],[-5.00272,37.16932],[-5.00429,37.16931],[-5.00577,37.169],[-5.00993,37.17173],[-5.01086,37.1728],[-5.01057,37.17463],[-5.01097,37.17517],[-5.01159,37.17537],[-5.01533,37.17508],[-5.01543,37.17451],[-5.01511,37.17398],[-5.01633,37.17287],[-5.01756,37.17214],[-5.01393,37.16686],[-5.01254,37.16625],[-5.01256,37.16588],[-5.01671,37.16384],[-5.01728,37.16312],[-5.01849,37.16056],[-5.02013,37.16078],[-5.02627,37.15995],[-5.02741,37.16041],[-5.02869,37.16204],[-5.02984,37.16238],[-5.03241,37.15953],[-5.03021,37.15708],[-5.03107,37.15553],[-5.03191,37.15491],[-5.03277,37.15308],[-5.03382,37.15247],[-5.03492,37.15234],[-5.03556,37.15143],[-5.03688,37.15081],[-5.03801,37.14968],[-5.03937,37.14909],[-5.04017,37.14914],[-5.0429,37.15085],[-5.04459,37.15],[-5.04528,37.14891],[-5.0451,37.14801],[-5.04474,37.14755],[-5.04339,37.14706],[-5.04286,37.14655],[-5.04503,37.14428],[-5.04583,37.14441],[-5.04755,37.14536],[-5.04907,37.14531],[-5.05337,37.14308],[-5.05307,37.14493],[-5.05358,37.14714],[-5.05315,37.14849],[-5.05557,37.14843],[-5.05713,37.14809],[-5.05932,37.14893],[-5.06027,37.14899],[-5.05978,37.14667],[-5.05871,37.14526],[-5.0585,37.14396],[-5.05997,37.14359],[-5.06065,37.14299],[-5.06088,37.142],[-5.06057,37.14089],[-5.06115,37.13997],[-5.06106,37.13975],[-5.0588,37.13887],[-5.05855,37.13842],[-5.06298,37.13655],[-5.06917,37.13321],[-5.06971,37.12804],[-5.07021,37.127],[-5.07011,37.12565],[-5.07081,37.12439],[-5.07096,37.12365],[-5.07155,37.12403],[-5.0716,37.1229],[-5.07132,37.12267],[-5.06923,37.12203],[-5.06802,37.12107],[-5.06793,37.12042],[-5.06852,37.11807],[-5.06832,37.11751],[-5.06723,37.11748],[-5.06178,37.11914],[-5.06121,37.11654],[-5.0605,37.11559],[-5.05909,37.11445],[-5.05766,37.11158],[-5.0569,37.11182],[-5.05637,37.11255],[-5.05516,37.11331],[-5.05175,37.11304],[-5.04965,37.11327],[-5.04846,37.11281],[-5.04738,37.1132],[-5.04377,37.11342],[-5.04205,37.11432],[-5.04042,37.11588],[-5.03988,37.11249],[-5.03934,37.11223],[-5.03736,37.11238],[-5.03701,37.11209],[-5.0373,37.11149],[-5.03888,37.11089],[-5.03967,37.10967],[-5.041,37.10874],[-5.04201,37.10759],[-5.04419,37.10626],[-5.04625,37.10587],[-5.04881,37.10434],[-5.05222,37.10303],[-5.05216,37.10257],[-5.05177,37.10235],[-5.05023,37.10237],[-5.04796,37.10384],[-5.04281,37.10462],[-5.04251,37.10514],[-5.04254,37.10592],[-5.04214,37.10626],[-5.04057,37.10608],[-5.04014,37.10582],[-5.04204,37.10291],[-5.04262,37.1012],[-5.04374,37.09938],[-5.04469,37.09872],[-5.04882,37.0972],[-5.04954,37.09625],[-5.05039,37.09423],[-5.05051,37.09314],[-5.05009,37.09206],[-5.04917,37.09103],[-5.05017,37.08971],[-5.05029,37.08904],[-5.04957,37.08586],[-5.0497,37.0848],[-5.04984,37.08447],[-5.05046,37.08411],[-5.0524,37.08382],[-5.05279,37.08308],[-5.05016,37.08255],[-5.04945,37.08272],[-5.04853,37.08335],[-5.04246,37.08371],[-5.04089,37.08466],[-5.0395,37.08399],[-5.03913,37.08403],[-5.03727,37.08448],[-5.03649,37.08491],[-5.0349,37.08494],[-5.03386,37.08431],[-5.03301,37.08418],[-5.03078,37.08564],[-5.02987,37.0856],[-5.02717,37.08628],[-5.02594,37.08613],[-5.02376,37.08762],[-5.02223,37.08764],[-5.0206,37.08829],[-5.02038,37.08813],[-5.02106,37.0877],[-5.02162,37.08695],[-5.0235,37.08604],[-5.02589,37.08227],[-5.02579,37.08089],[-5.02599,37.08008],[-5.02533,37.07921],[-5.02596,37.07769],[-5.02583,37.07667],[-5.02603,37.0757],[-5.02564,37.07518],[-5.02589,37.07378],[-5.02781,37.07044],[-5.02736,37.06899],[-5.02732,37.06753],[-5.02843,37.06672],[-5.02949,37.06638],[-5.03175,37.06504],[-5.03305,37.06395],[-5.03465,37.06184],[-5.0342,37.06091],[-5.03229,37.05844],[-5.02937,37.05723],[-5.0277,37.0543],[-5.02591,37.05184],[-5.01219,37.05524],[-5.00959,37.05474],[-5.00632,37.05678],[-5.00016,37.05929],[-4.99485,37.06179],[-4.99312,37.06213],[-4.98829,37.06458],[-4.98478,37.06683],[-4.98303,37.06758],[-4.98211,37.06846],[-4.97971,37.06947],[-4.97883,37.07046],[-4.97842,37.07301],[-4.97571,37.07358],[-4.97347,37.07456],[-4.97229,37.07535],[-4.97026,37.07805],[-4.9662,37.08057],[-4.96372,37.08249],[-4.96119,37.08535],[-4.95907,37.08664],[-4.95757,37.08856],[-4.95454,37.09142],[-4.95685,37.09137],[-4.95871,37.09077],[-4.96059,37.09095],[-4.96734,37.08979],[-4.96739,37.09026],[-4.96502,37.09119],[-4.96586,37.0927],[-4.96752,37.09685],[-4.96785,37.09711],[-4.97135,37.09798],[-4.97188,37.09914],[-4.97364,37.10128],[-4.97265,37.10246],[-4.97302,37.10291],[-4.97421,37.10362],[-4.97655,37.10439],[-4.97732,37.10498],[-4.97873,37.10534],[-4.97911,37.10597],[-4.98033,37.10656],[-4.98075,37.10774],[-4.9818,37.10901],[-4.98211,37.11057],[-4.9808,37.1179],[-4.9807,37.11976],[-4.97892,37.12508],[-4.9794,37.12723],[-4.98619,37.13034],[-4.98865,37.13099],[-4.98876,37.13241],[-4.98533,37.13313],[-4.98504,37.13402],[-4.9882,37.13459],[-4.98937,37.13522],[-4.98877,37.13782],[-4.98696,37.13905],[-4.98748,37.13955],[-4.98929,37.14032],[-4.99225,37.13941],[-4.99517,37.13984],[-4.99883,37.14075],[-5.00269,37.14376],[-5.00305,37.14619],[-5.00401,37.14715],[-5.00755,37.14875],[-5.00778,37.14963],[-5.0043,37.14971],[-5.00288,37.15013],[-5.00342,37.15107],[-5.00386,37.15259],[-5.00526,37.15342],[-5.00448,37.15493],[-5.00242,37.15447],[-5.00198,37.15456],[-5.00039,37.15611],[-4.99985,37.1572],[-4.9999,37.15801],[-4.99929,37.16014],[-4.99941,37.16086],[-4.99889,37.16082],[-4.99639,37.15952],[-4.99479,37.15992],[-4.99326,37.15884],[-4.99248,37.16012],[-4.99312,37.1623],[-4.99545,37.16304],[-4.99607,37.16344],[-4.99649,37.1644],[-4.9984,37.16572],[-4.99962,37.1673],[-5.00108,37.16712]]]}},{"type":"Feature","properties":{"COD_POSTAL":"41430"},"geometry":{"type":"Polygon","coordinates":[[[-5.17458,37.57745],[-5.17683,37.57866],[-5.18163,37.58187],[-5.18226,37.58093],[-5.18251,37.58111],[-5.18293,37.58041],[-5.19351,37.58184],[-5.19342,37.58273],[-5.1983,37.58471],[-5.19998,37.58498],[-5.20235,37.58592],[-5.20645,37.58635],[-5.21007,37.58744],[-5.21172,37.58757],[-5.21246,37.5873],[-5.21545,37.58735],[-5.2159,37.58713],[-5.21845,37.58737],[-5.22377,37.58608],[-5.23148,37.58661],[-5.23211,37.58121],[-5.23239,37.5713],[-5.23857,37.57165],[-5.24144,37.57129],[-5.2415,37.57281],[-5.24605,37.57308],[-5.24615,37.57377],[-5.25546,37.57386],[-5.25497,37.57289],[-5.25105,37.568],[-5.24805,37.56491],[-5.24807,37.56249],[-5.24853,37.55983],[-5.24841,37.55858],[-5.24903,37.55734],[-5.24854,37.55536],[-5.24904,37.55191],[-5.24871,37.54916],[-5.24884,37.54601],[-5.24856,37.54143],[-5.24798,37.53965],[-5.24866,37.53747],[-5.2675,37.53702],[-5.28511,37.5371],[-5.28844,37.54028],[-5.28845,37.54115],[-5.28773,37.54271],[-5.28814,37.5432],[-5.28806,37.54351],[-5.28548,37.54425],[-5.28521,37.54456],[-5.28506,37.54508],[-5.28546,37.5481],[-5.28535,37.54856],[-5.2841,37.55015],[-5.28346,37.55068],[-5.28174,37.55068],[-5.27922,37.55193],[-5.27902,37.55225],[-5.27906,37.5526],[-5.2804,37.55367],[-5.28164,37.55518],[-5.28219,37.55802],[-5.28118,37.55926],[-5.28072,37.561],[-5.2801,37.56182],[-5.27996,37.56242],[-5.28014,37.56278],[-5.28167,37.56361],[-5.28085,37.56426],[-5.28084,37.56459],[-5.28151,37.56542],[-5.28106,37.56712],[-5.28111,37.56773],[-5.28216,37.56898],[-5.28224,37.56935],[-5.28188,37.5699],[-5.28219,37.57144],[-5.28431,37.57204],[-5.28761,37.57404],[-5.28837,37.57497],[-5.28829,37.58098],[-5.28702,37.58223],[-5.2878,37.58438],[-5.28913,37.58522],[-5.29161,37.58621],[-5.29263,37.58754],[-5.29455,37.58935],[-5.29681,37.59349],[-5.29768,37.59361],[-5.2994,37.59325],[-5.30063,37.59345],[-5.30236,37.59528],[-5.30503,37.59593],[-5.30571,37.59663],[-5.30718,37.59751],[-5.30729,37.59853],[-5.30816,37.59973],[-5.30902,37.6006],[-5.31079,37.60166],[-5.31088,37.60262],[-5.31014,37.60356],[-5.30981,37.60472],[-5.31044,37.60564],[-5.31041,37.60726],[-5.31072,37.60838],[-5.31186,37.60896],[-5.31281,37.60861],[-5.31344,37.60957],[-5.31496,37.60987],[-5.31524,37.61109],[-5.31565,37.61156],[-5.31718,37.6111],[-5.31955,37.61203],[-5.32019,37.61206],[-5.32292,37.61149],[-5.32833,37.60625],[-5.33107,37.60463],[-5.33665,37.59776],[-5.34127,37.59529],[-5.3435,37.59369],[-5.34393,37.59316],[-5.34414,37.59208],[-5.34332,37.59134],[-5.34314,37.5909],[-5.34445,37.58862],[-5.34377,37.58741],[-5.34503,37.58631],[-5.34757,37.58518],[-5.34827,37.58259],[-5.34664,37.57567],[-5.34557,37.57271],[-5.34486,37.57145],[-5.34177,37.56795],[-5.34102,37.56642],[-5.34095,37.56288],[-5.34128,37.56092],[-5.34061,37.55771],[-5.34048,37.55061],[-5.33855,37.54248],[-5.33721,37.54141],[-5.33616,37.53806],[-5.33561,37.53517],[-5.33469,37.53385],[-5.33421,37.53263],[-5.33373,37.52944],[-5.33385,37.52787],[-5.33505,37.52247],[-5.33505,37.51331],[-5.34378,37.51108],[-5.34596,37.51082],[-5.33041,37.50171],[-5.2931,37.49731],[-5.2928,37.49879],[-5.29065,37.50092],[-5.28985,37.50207],[-5.29057,37.50368],[-5.28999,37.50564],[-5.28784,37.50784],[-5.28654,37.50859],[-5.2858,37.50956],[-5.28633,37.51212],[-5.28737,37.51402],[-5.28717,37.51711],[-5.28745,37.51814],[-5.28759,37.51838],[-5.2892,37.51854],[-5.29009,37.51898],[-5.29157,37.52164],[-5.29129,37.52247],[-5.29073,37.52317],[-5.29049,37.52479],[-5.28954,37.52523],[-5.28848,37.52685],[-5.2876,37.52761],[-5.26615,37.52733],[-5.26286,37.52679],[-5.26079,37.52594],[-5.25718,37.52306],[-5.25395,37.52215],[-5.25415,37.52011],[-5.25532,37.51846],[-5.25534,37.51803],[-5.25459,37.51798],[-5.24505,37.51812],[-5.24538,37.52323],[-5.23326,37.526],[-5.23062,37.52598],[-5.19499,37.52277],[-5.1865,37.52259],[-5.18612,37.5327],[-5.1857,37.53302],[-5.18405,37.53302],[-5.18982,37.54082],[-5.19138,37.54417],[-5.19142,37.54581],[-5.1881,37.54741],[-5.18464,37.54779],[-5.18041,37.54881],[-5.17696,37.54923],[-5.17464,37.57676],[-5.17458,37.57745]]]}},{"type":"Feature","properties":{"COD_POSTAL":"41019"},"geometry":{"type":"Polygon","coordinates":[[[-5.91658,37.40854],[-5.91309,37.40904],[-5.91471,37.41058],[-5.92288,37.41337],[-5.93092,37.41379],[-5.93387,37.40841],[-5.92894,37.40667],[-5.92909,37.4064],[-5.92733,37.40568],[-5.92706,37.40613],[-5.92669,37.40601],[-5.92714,37.40531],[-5.92931,37.40598],[-5.9297,37.40532],[-5.92873,37.40502],[-5.92843,37.40453],[-5.92574,37.40541],[-5.92486,37.40543],[-5.9211,37.40684],[-5.91658,37.40854]]]}},{"type":"Feature","properties":{"COD_POSTAL":"41350"},"geometry":{"type":"Polygon","coordinates":[[[-5.69996,37.73315],[-5.70187,37.73506],[-5.70388,37.73649],[-5.72265,37.73344],[-5.73291,37.73254],[-5.73617,37.73247],[-5.74525,37.73043],[-5.75881,37.72679],[-5.77435,37.7156],[-5.77777,37.71401],[-5.73085,37.65836],[-5.73364,37.6562],[-5.73409,37.65155],[-5.72974,37.6481],[-5.72113,37.64683],[-5.71172,37.63568],[-5.67247,37.65971],[-5.67149,37.66096],[-5.6667,37.66463],[-5.66406,37.66544],[-5.66238,37.66686],[-5.65776,37.67005],[-5.65478,37.67081],[-5.64939,37.67333],[-5.63968,37.67673],[-5.63853,37.67765],[-5.63656,37.68025],[-5.63343,37.68614],[-5.62997,37.68832],[-5.62681,37.69102],[-5.62311,37.69479],[-5.62093,37.69783],[-5.61897,37.69935],[-5.61611,37.69936],[-5.61495,37.70045],[-5.61678,37.70435],[-5.61437,37.71424],[-5.6158,37.71967],[-5.62577,37.72085],[-5.62905,37.72011],[-5.6378,37.72133],[-5.64198,37.71905],[-5.64845,37.71754],[-5.65665,37.71268],[-5.66364,37.71129],[-5.66759,37.7098],[-5.66994,37.70692],[-5.67259,37.7059],[-5.67614,37.70405],[-5.67803,37.70443],[-5.68403,37.70474],[-5.68955,37.70375],[-5.69727,37.70399],[-5.69704,37.70473],[-5.69305,37.70873],[-5.69234,37.7108],[-5.69276,37.71209],[-5.69638,37.71557],[-5.69695,37.71563],[-5.6975,37.71538],[-5.6998,37.71347],[-5.7011,37.71391],[-5.70041,37.71651],[-5.70011,37.72084],[-5.69762,37.72256],[-5.6975,37.72291],[-5.69785,37.72344],[-5.70177,37.72579],[-5.70228,37.72761],[-5.6998,37.73257],[-5.69996,37.73315]]]}},{"type":"Feature","properties":{"COD_POSTAL":"41980"},"geometry":{"type":"Polygon","coordinates":[[[-6.01017,37.48232],[-6.00383,37.48308],[-6.00496,37.48566],[-6.00501,37.48716],[-6.0044,37.48968],[-6.00344,37.49118],[-6.00527,37.49184],[-6.00941,37.49688],[-6.0112,37.49811],[-6.01189,37.49901],[-6.01415,37.50103],[-6.01758,37.50517],[-6.02113,37.51512],[-6.02123,37.5183],[-6.02189,37.51947],[-6.02191,37.51774],[-6.02245,37.51612],[-6.02194,37.51449],[-6.02334,37.51233],[-6.02296,37.51034],[-6.02326,37.50994],[-6.0259,37.50888],[-6.02608,37.50843],[-6.02587,37.50615],[-6.02668,37.50454],[-6.02654,37.50359],[-6.02588,37.50207],[-6.02463,37.50008],[-6.02466,37.49915],[-6.02571,37.49838],[-6.03135,37.49643],[-6.03187,37.49587],[-6.03163,37.4955],[-6.03046,37.49493],[-6.02953,37.49121],[-6.02683,37.49102],[-6.0256,37.48858],[-6.0268,37.48803],[-6.02784,37.48705],[-6.02794,37.48618],[-6.02956,37.48461],[-6.02972,37.48362],[-6.02849,37.48205],[-6.02457,37.48022],[-6.02425,37.47965],[-6.02448,37.47899],[-6.02539,37.47808],[-6.02779,37.477],[-6.02858,37.47524],[-6.03016,37.47527],[-6.03067,37.47451],[-6.03304,37.47669],[-6.03403,37.47674],[-6.03485,37.47616],[-6.03491,37.47534],[-6.03441,37.47388],[-6.03411,37.47121],[-6.03455,37.46884],[-6.03541,37.46704],[-6.0377,37.46426],[-6.03971,37.46115],[-6.0403,37.45871],[-6.04033,37.45658],[-6.04071,37.45469],[-6.04063,37.45375],[-6.03963,37.45248],[-6.03773,37.45108],[-6.03746,37.451],[-6.03625,37.45234],[-6.03413,37.45238],[-6.0334,37.45216],[-6.03328,37.45173],[-6.03433,37.4509],[-6.03466,37.45002],[-6.03458,37.44975],[-6.03269,37.44929],[-6.03109,37.44951],[-6.03101,37.45147],[-6.03054,37.45332],[-6.02757,37.45404],[-6.02649,37.45398],[-6.02575,37.45356],[-6.02547,37.45305],[-6.0255,37.4502],[-6.02555,37.44887],[-6.02591,37.44753],[-6.02841,37.44585],[-6.0289,37.44519],[-6.02914,37.44381],[-6.02874,37.44263],[-6.02774,37.4428],[-6.02662,37.44471],[-6.02498,37.44574],[-6.02324,37.44617],[-6.02233,37.44596],[-6.01985,37.44438],[-6.01019,37.44322],[-6.00963,37.44784],[-6.00703,37.45273],[-6.00642,37.45527],[-6.00558,37.45742],[-6.00379,37.45963],[-6.00241,37.4609],[-6.00113,37.46168],[-5.99786,37.46306],[-5.99635,37.46315],[-5.99227,37.46268],[-5.98802,37.46354],[-5.98675,37.46422],[-5.98564,37.46537],[-5.98486,37.46635],[-5.98368,37.4687],[-5.98362,37.46977],[-5.98391,37.47067],[-5.98413,37.47106],[-5.98495,37.47153],[-5.99324,37.47346],[-5.99852,37.47195],[-6.00419,37.47181],[-6.01353,37.47821],[-6.01017,37.48232]],[[-6.02404,37.44861],[-6.02357,37.44668],[-6.02478,37.44649],[-6.02513,37.44847],[-6.02404,37.44861]]]}},{"type":"Feature","properties":{"COD_POSTAL":"41013"},"geometry":{"type":"Polygon","coordinates":[[[-5.98465,37.37733],[-5.98514,37.378],[-5.99374,37.38027],[-5.99294,37.38206],[-5.9936,37.38264],[-5.99376,37.38211],[-5.99572,37.38106],[-5.99327,37.37553],[-5.99155,37.37606],[-5.99099,37.37586],[-5.99111,37.37419],[-5.98942,37.37113],[-5.99057,37.37071],[-5.98925,37.37098],[-5.98827,37.36929],[-5.98782,37.36928],[-5.97729,37.35165],[-5.97666,37.35027],[-5.97602,37.34712],[-5.97184,37.34009],[-5.9697,37.33499],[-5.96797,37.33475],[-5.9657,37.33507],[-5.95433,37.33786],[-5.95047,37.34351],[-5.94928,37.34563],[-5.94352,37.35238],[-5.94034,37.35725],[-5.93859,37.36208],[-5.93986,37.36379],[-5.94121,37.36443],[-5.94544,37.365],[-5.95421,37.35915],[-5.95847,37.36138],[-5.96187,37.36452],[-5.96768,37.36929],[-5.97518,37.37594],[-5.97469,37.37679],[-5.97707,37.37733],[-5.97779,37.37804],[-5.97898,37.37838],[-5.97958,37.37695],[-5.97937,37.37593],[-5.98044,37.37581],[-5.9821,37.37603],[-5.98277,37.37573],[-5.98532,37.37611],[-5.98465,37.37733]]]}},{"type":"Feature","properties":{"COD_POSTAL":"41250"},"geometry":{"type":"Polygon","coordinates":[[[-5.95509,37.9965],[-5.95583,37.99842],[-5.96092,37.99975],[-5.96355,37.99903],[-5.96585,37.99959],[-5.96909,38.00001],[-5.97753,37.99977],[-5.9793,37.99944],[-5.98096,37.99846],[-5.98193,37.9982],[-5.98649,37.99792],[-5.98929,37.999],[-5.99046,37.99899],[-5.9935,37.99955],[-5.99469,37.99805],[-6.00431,37.99225],[-6.00628,37.99141],[-6.01305,37.9934],[-6.0171,37.99112],[-6.02423,37.99328],[-6.02805,37.99513],[-6.02842,37.99598],[-6.03075,37.99759],[-6.03349,37.99759],[-6.03433,37.99735],[-6.03601,37.99595],[-6.03789,37.99515],[-6.03952,37.99533],[-6.04059,37.99491],[-6.0416,37.99515],[-6.04395,37.99669],[-6.04474,37.99696],[-6.04647,37.99732],[-6.04785,37.99729],[-6.0526,37.99664],[-6.05387,37.99544],[-6.05508,37.99292],[-6.0564,37.99176],[-6.05828,37.99135],[-6.06061,37.99186],[-6.06112,37.99124],[-6.06212,37.99144],[-6.06515,37.98864],[-6.06897,37.98814],[-6.07817,37.98463],[-6.08227,37.98572],[-6.08546,37.98556],[-6.08822,37.98513],[-6.09046,37.98452],[-6.09477,37.98161],[-6.10517,37.98274],[-6.11195,37.98194],[-6.11433,37.982],[-6.11563,37.98177],[-6.11904,37.98048],[-6.12191,37.97878],[-6.12421,37.97714],[-6.12501,37.97612],[-6.126,37.9754],[-6.12866,37.97407],[-6.1301,37.97306],[-6.13119,37.97315],[-6.13389,37.97219],[-6.13618,37.97216],[-6.13733,37.97181],[-6.13888,37.96947],[-6.14032,37.96833],[-6.14173,37.96637],[-6.14238,37.96582],[-6.14368,37.96538],[-6.14662,37.96645],[-6.14841,37.96652],[-6.14899,37.96632],[-6.14936,37.9657],[-6.14857,37.96392],[-6.14878,37.96201],[-6.14988,37.96048],[-6.15079,37.95965],[-6.15317,37.9583],[-6.15381,37.95765],[-6.15454,37.95754],[-6.15663,37.95787],[-6.16042,37.95667],[-6.163,37.95666],[-6.16475,37.95571],[-6.16553,37.95567],[-6.16689,37.95603],[-6.16782,37.95582],[-6.16861,37.95439],[-6.16787,37.95264],[-6.16794,37.95194],[-6.16874,37.95141],[-6.17041,37.95101],[-6.1734,37.94861],[-6.1768,37.94672],[-6.17916,37.94405],[-6.18035,37.9407],[-6.18227,37.93851],[-6.18159,37.93582],[-6.1822,37.93482],[-6.18407,37.92899],[-6.18394,37.92761],[-6.1824,37.92507],[-6.18163,37.92447],[-6.18103,37.92279],[-6.17979,37.92139],[-6.17651,37.91879],[-6.17499,37.91509],[-6.17251,37.91295],[-6.17203,37.91193],[-6.17078,37.91103],[-6.16997,37.90981],[-6.1692,37.9094],[-6.16727,37.90898],[-6.16659,37.90916],[-6.16645,37.90959],[-6.16684,37.91091],[-6.16679,37.91142],[-6.16502,37.91434],[-6.16445,37.9172],[-6.16375,37.91797],[-6.16228,37.91827],[-6.16135,37.91816],[-6.1569,37.91659],[-6.1531,37.91883],[-6.15223,37.91918],[-6.15097,37.91919],[-6.15064,37.91894],[-6.15064,37.91851],[-6.15147,37.91634],[-6.15111,37.91588],[-6.15048,37.91581],[-6.14833,37.91713],[-6.1465,37.92029],[-6.14521,37.9205],[-6.14423,37.92003],[-6.1435,37.919],[-6.1428,37.91767],[-6.14212,37.91538],[-6.14025,37.91309],[-6.13932,37.91087],[-6.13835,37.90925],[-6.13656,37.9084],[-6.13429,37.9083],[-6.13243,37.90879],[-6.13112,37.90863],[-6.13053,37.90825],[-6.12936,37.9068],[-6.12524,37.90507],[-6.1249,37.90442],[-6.1251,37.90334],[-6.12406,37.90317],[-6.12318,37.90432],[-6.11507,37.90831],[-6.11218,37.91148],[-6.10687,37.91355],[-6.1048,37.91585],[-6.10276,37.91697],[-6.09634,37.91891],[-6.09044,37.91858],[-6.08795,37.91873],[-6.08729,37.91855],[-6.0836,37.91884],[-6.08161,37.91951],[-6.07691,37.91917],[-6.06939,37.92116],[-6.06632,37.92107],[-6.06536,37.92082],[-6.06402,37.91998],[-6.06235,37.92067],[-6.0602,37.92065],[-6.05434,37.91886],[-6.04991,37.91825],[-6.0442,37.91649],[-6.03896,37.91612],[-6.03456,37.91832],[-6.02757,37.91866],[-6.02424,37.91955],[-6.00665,37.92112],[-5.99818,37.91936],[-5.99489,37.91827],[-5.99313,37.91657],[-5.99137,37.91609],[-5.99047,37.91593],[-5.98555,37.91634],[-5.9833,37.9157],[-5.97963,37.91524],[-5.97576,37.91296],[-5.9742,37.91153],[-5.96834,37.90957],[-5.96705,37.90931],[-5.96401,37.90955],[-5.95903,37.90776],[-5.95665,37.90793],[-5.95435,37.90702],[-5.95237,37.90921],[-5.94961,37.91106],[-5.94729,37.91165],[-5.94408,37.91184],[-5.94265,37.91225],[-5.94244,37.91323],[-5.94315,37.9159],[-5.943,37.91649],[-5.94229,37.91692],[-5.94005,37.91709],[-5.93909,37.91688],[-5.93654,37.91488],[-5.93487,37.91452],[-5.93298,37.91507],[-5.93257,37.91572],[-5.93249,37.91661],[-5.93275,37.91925],[-5.93367,37.92151],[-5.93405,37.9234],[-5.93436,37.92371],[-5.93708,37.92475],[-5.94011,37.92628],[-5.9418,37.92731],[-5.94246,37.92812],[-5.94254,37.92966],[-5.9416,37.93237],[-5.94175,37.93496],[-5.94147,37.93776],[-5.94091,37.93925],[-5.94151,37.94292],[-5.94064,37.9465],[-5.94207,37.95141],[-5.94407,37.95374],[-5.94488,37.95489],[-5.94517,37.95577],[-5.94405,37.95748],[-5.9419,37.95939],[-5.93908,37.9611],[-5.93882,37.96163],[-5.94183,37.9633],[-5.94483,37.96318],[-5.94816,37.96455],[-5.94985,37.96468],[-5.95686,37.96653],[-5.95882,37.96754],[-5.95975,37.96859],[-5.96009,37.96946],[-5.95997,37.97092],[-5.95902,37.97387],[-5.95912,37.9753],[-5.95947,37.97632],[-5.96021,37.97723],[-5.96065,37.97854],[-5.95551,37.98473],[-5.95478,37.98614],[-5.95424,37.98754],[-5.95383,37.98977],[-5.95458,37.99237],[-5.95463,37.99348],[-5.95369,37.99535],[-5.95509,37.9965]]]}},{"type":"Feature","properties":{"COD_POSTAL":"41380"},"geometry":{"type":"Polygon","coordinates":[[[-5.58831,38.132],[-5.60547,38.13394],[-5.60709,38.13436],[-5.61357,38.13511],[-5.62076,38.13679],[-5.62732,38.13754],[-5.62937,38.13748],[-5.63151,38.13862],[-5.6325,38.13856],[-5.63343,38.13812],[-5.63965,38.13341],[-5.64315,38.13039],[-5.64426,38.12928],[-5.64596,38.12517],[-5.66051,38.11353],[-5.66703,38.10908],[-5.66777,38.10732],[-5.66936,38.10176],[-5.68097,38.09315],[-5.68459,38.09095],[-5.69363,38.08374],[-5.70195,38.08203],[-5.70745,38.08194],[-5.71043,38.08105],[-5.71203,38.08226],[-5.71607,38.0832],[-5.71957,38.08507],[-5.72925,38.08668],[-5.7329,38.08752],[-5.7349,38.08626],[-5.73453,38.08471],[-5.73375,38.08363],[-5.73225,38.07988],[-5.7308,38.07738],[-5.73061,38.07582],[-5.73075,38.07531],[-5.73372,38.07097],[-5.73456,38.06653],[-5.73604,38.06479],[-5.73625,38.06397],[-5.73604,38.06189],[-5.73627,38.06099],[-5.73714,38.06029],[-5.73819,38.05851],[-5.7384,38.05746],[-5.73819,38.05595],[-5.74114,38.05056],[-5.74096,38.04929],[-5.74127,38.04832],[-5.74115,38.04623],[-5.74176,38.04432],[-5.74162,38.04133],[-5.74258,38.0392],[-5.74379,38.03731],[-5.74248,38.03501],[-5.74206,38.03359],[-5.7423,38.02964],[-5.74198,38.02819],[-5.74212,38.02751],[-5.74401,38.02805],[-5.74637,38.02738],[-5.7483,38.02649],[-5.74908,38.02497],[-5.75042,38.02472],[-5.75099,38.02373],[-5.75079,38.02299],[-5.75009,38.02224],[-5.74846,38.02163],[-5.74847,38.02061],[-5.74929,38.01881],[-5.75018,38.0182],[-5.756,38.01605],[-5.75807,38.01312],[-5.75775,38.01198],[-5.75625,38.01029],[-5.75647,38.00951],[-5.75629,38.00838],[-5.75557,38.00786],[-5.75239,38.00748],[-5.75234,38.00661],[-5.75287,38.00491],[-5.75359,38.00429],[-5.75537,38.00448],[-5.75875,38.00393],[-5.7594,38.00354],[-5.75983,38.003],[-5.76006,38.00199],[-5.75982,37.9995],[-5.75993,37.99905],[-5.76025,37.99883],[-5.76094,37.99946],[-5.76225,37.99996],[-5.76344,38.00092],[-5.76568,38.00129],[-5.76683,38.00083],[-5.76693,38.00011],[-5.76664,37.99955],[-5.76677,37.99873],[-5.76746,37.99805],[-5.76348,37.99631],[-5.75965,37.99545],[-5.75459,37.99168],[-5.74951,37.98922],[-5.73646,37.98165],[-5.72876,37.97801],[-5.72423,37.97786],[-5.72223,37.97741],[-5.7143,37.9734],[-5.71062,37.97197],[-5.70377,37.96874],[-5.69719,37.96517],[-5.68442,37.9545],[-5.67966,37.95186],[-5.68002,37.95579],[-5.6792,37.95675],[-5.67836,37.95689],[-5.6758,37.95659],[-5.67087,37.95656],[-5.66829,37.95772],[-5.66331,37.95917],[-5.66268,37.95985],[-5.66279,37.96038],[-5.66252,37.96108],[-5.66124,37.96167],[-5.66075,37.96222],[-5.66081,37.9631],[-5.66254,37.96577],[-5.66417,37.96998],[-5.66583,37.97213],[-5.66583,37.97442],[-5.66617,37.97575],[-5.66679,37.97624],[-5.66926,37.97719],[-5.67177,37.9787],[-5.67228,37.97948],[-5.67291,37.98219],[-5.67289,37.98354],[-5.67252,37.9848],[-5.67009,37.98871],[-5.67055,37.99071],[-5.67067,37.99433],[-5.67023,37.99461],[-5.6685,37.99475],[-5.6664,37.9967],[-5.66566,37.99782],[-5.66546,37.9995],[-5.66567,38.00099],[-5.66523,38.00326],[-5.66596,38.00534],[-5.66597,38.00625],[-5.66526,38.00768],[-5.66479,38.00806],[-5.66025,38.00959],[-5.65892,38.01162],[-5.6494,38.0089],[-5.63588,38.00897],[-5.63307,38.01076],[-5.62958,38.01432],[-5.62068,38.01914],[-5.61519,38.02074],[-5.6073,38.01705],[-5.60272,38.01441],[-5.60319,38.01335],[-5.60345,38.00749],[-5.60127,38.00186],[-5.6002,37.9976],[-5.59998,37.98989],[-5.59963,37.98835],[-5.59977,37.98719],[-5.59954,37.98665],[-5.59271,37.98686],[-5.58922,37.98672],[-5.58521,37.98509],[-5.57825,37.98282],[-5.57638,37.98121],[-5.55797,37.98126],[-5.55488,37.98069],[-5.54939,37.97893],[-5.54632,37.98002],[-5.53616,37.98012],[-5.5338,37.9805],[-5.52099,37.98034],[-5.5127,37.98107],[-5.51031,37.98187],[-5.50785,37.98372],[-5.50372,37.98633],[-5.49903,37.99067],[-5.49646,37.99389],[-5.49585,37.99502],[-5.49431,37.99985],[-5.49371,38.00012],[-5.49314,38.0011],[-5.49112,38.00676],[-5.49053,38.00951],[-5.49194,38.01235],[-5.49204,38.01355],[-5.49019,38.01981],[-5.49051,38.02303],[-5.48904,38.02806],[-5.48936,38.0312],[-5.49024,38.03411],[-5.49306,38.03698],[-5.494,38.03858],[-5.49459,38.04097],[-5.49555,38.04239],[-5.50552,38.04867],[-5.51043,38.05321],[-5.5129,38.05885],[-5.51358,38.05973],[-5.51727,38.06309],[-5.5196,38.06435],[-5.52282,38.06512],[-5.52371,38.06593],[-5.52561,38.06861],[-5.52484,38.07058],[-5.52477,38.07186],[-5.52521,38.07328],[-5.52578,38.07412],[-5.52754,38.07548],[-5.53208,38.07591],[-5.5326,38.07714],[-5.53368,38.07785],[-5.5354,38.07978],[-5.53753,38.08063],[-5.53958,38.08215],[-5.53867,38.08584],[-5.53858,38.08713],[-5.53884,38.08835],[-5.53812,38.09147],[-5.53878,38.09381],[-5.53991,38.09422],[-5.54202,38.0957],[-5.54632,38.09943],[-5.54927,38.10081],[-5.55084,38.10123],[-5.55122,38.1027],[-5.55596,38.10625],[-5.55735,38.10796],[-5.56174,38.10843],[-5.56374,38.10956],[-5.56719,38.11101],[-5.57628,38.1135],[-5.58079,38.1149],[-5.58168,38.11547],[-5.5805,38.11921],[-5.58119,38.12129],[-5.5809,38.1233],[-5.58098,38.128],[-5.58131,38.12902],[-5.5833,38.13014],[-5.58479,38.13171],[-5.58831,38.132]]]}},{"type":"Feature","properties":{"COD_POSTAL":"41017"},"geometry":{"type":"Polygon","coordinates":[[[-5.88996,37.38666],[-5.89603,37.38572],[-5.8987,37.38554],[-5.89902,37.38889],[-5.90445,37.38864],[-5.90442,37.3868],[-5.90193,37.38726],[-5.90197,37.38808],[-5.9039,37.38802],[-5.90389,37.38827],[-5.8998,37.38847],[-5.89946,37.38512],[-5.90111,37.3851],[-5.90149,37.38722],[-5.90168,37.38719],[-5.90132,37.3851],[-5.9021,37.38509],[-5.90355,37.38186],[-5.90028,37.38073],[-5.89746,37.38346],[-5.89568,37.38262],[-5.88939,37.38633],[-5.88996,37.38666]]]}},{"type":"Feature","properties":{"COD_POSTAL":"41218"},"geometry":{"type":"Polygon","coordinates":[[[-6.07453,37.49304],[-6.07326,37.49249],[-6.07279,37.49174],[-6.07176,37.49118],[-6.07056,37.49124],[-6.06862,37.49268],[-6.0676,37.49296],[-6.065,37.49438],[-6.06368,37.49539],[-6.06307,37.49649],[-6.06205,37.4976],[-6.06123,37.49799],[-6.06059,37.49866],[-6.05896,37.49902],[-6.05426,37.49575],[-6.05342,37.49576],[-6.05145,37.49502],[-6.04924,37.49483],[-6.0484,37.4939],[-6.04469,37.49263],[-6.04242,37.49075],[-6.04084,37.49009],[-6.0382,37.49023],[-6.03653,37.48982],[-6.03569,37.48987],[-6.03235,37.49111],[-6.02995,37.49255],[-6.03046,37.49493],[-6.03184,37.49567],[-6.0317,37.49615],[-6.02571,37.49838],[-6.02466,37.49915],[-6.02463,37.50008],[-6.02588,37.50207],[-6.02654,37.50359],[-6.02668,37.50454],[-6.02587,37.50615],[-6.02608,37.50843],[-6.0259,37.50888],[-6.02326,37.50994],[-6.02296,37.51034],[-6.02334,37.51233],[-6.02194,37.51449],[-6.02245,37.51612],[-6.02191,37.51774],[-6.02199,37.51875],[-6.02155,37.5205],[-6.0219,37.52203],[-6.0218,37.52266],[-6.02124,37.52303],[-6.02033,37.52294],[-6.01892,37.52354],[-6.01715,37.52345],[-6.01655,37.52382],[-6.016,37.5246],[-6.01706,37.52874],[-6.01694,37.53329],[-6.018,37.54547],[-6.07489,37.4929],[-6.07453,37.49304]]]}},{"type":"Feature","properties":{"COD_POSTAL":"41089"},"geometry":{"type":"Polygon","coordinates":[[[-5.94644,37.32187],[-5.94274,37.32272],[-5.93489,37.31954],[-5.9307,37.32001],[-5.92625,37.32442],[-5.91897,37.32269],[-5.90389,37.32868],[-5.90481,37.3295],[-5.90523,37.331],[-5.9081,37.33398],[-5.90982,37.33558],[-5.9118,37.33687],[-5.91309,37.33841],[-5.91565,37.34024],[-5.92224,37.34704],[-5.92772,37.35481],[-5.93859,37.36208],[-5.94034,37.35725],[-5.94162,37.35514],[-5.94352,37.35238],[-5.94928,37.34563],[-5.95047,37.34351],[-5.95516,37.33674],[-5.95632,37.33579],[-5.94787,37.32147],[-5.94644,37.32187]]]}},{"type":"Feature","properties":{"COD_POSTAL":"41150"},"geometry":{"type":"Polygon","coordinates":[[[-6.1371,37.15074],[-6.13171,37.15555],[-6.11562,37.17111],[-6.11408,37.17291],[-6.1114,37.17527],[-6.10956,37.17615],[-6.10937,37.17659],[-6.10943,37.18007],[-6.10912,37.18128],[-6.10864,37.18289],[-6.10599,37.18859],[-6.10631,37.19249],[-6.10804,37.19838],[-6.1101,37.19972],[-6.11441,37.20187],[-6.11477,37.20118],[-6.1154,37.20145],[-6.12288,37.19401],[-6.13226,37.18114],[-6.13743,37.17498],[-6.13802,37.17468],[-6.14095,37.17504],[-6.14204,37.17615],[-6.14316,37.17669],[-6.1466,37.17548],[-6.15103,37.17298],[-6.15239,37.17264],[-6.1567,37.1745],[-6.16008,37.17631],[-6.16321,37.17297],[-6.16541,37.16997],[-6.16001,37.16597],[-6.14281,37.15577],[-6.13723,37.15061],[-6.1371,37.15074]]]}},{"type":"Feature","properties":{"COD_POSTAL":"41014"},"geometry":{"type":"Polygon","coordinates":[[[-5.97061,37.33731],[-5.97108,37.33847],[-5.9723,37.33907],[-5.97953,37.34088],[-5.98261,37.34009],[-5.98393,37.33854],[-5.98565,37.3337],[-5.98565,37.32745],[-5.98322,37.31899],[-5.98306,37.31607],[-5.97908,37.31502],[-5.97598,37.31459],[-5.96903,37.313],[-5.96501,37.31948],[-5.96433,37.32275],[-5.96358,37.32463],[-5.96069,37.32666],[-5.95932,37.32868],[-5.95825,37.33132],[-5.95717,37.33487],[-5.95516,37.33674],[-5.95433,37.33786],[-5.9657,37.33507],[-5.96797,37.33475],[-5.9697,37.33499],[-5.97061,37.33731]]]}},{"type":"Feature","properties":{"COD_POSTAL":"41970"},"geometry":{"type":"Polygon","coordinates":[[[-6.02413,37.42769],[-6.02705,37.42593],[-6.02797,37.42493],[-6.02848,37.42531],[-6.03085,37.42866],[-6.03431,37.43506],[-6.03625,37.44155],[-6.03697,37.44207],[-6.03863,37.4424],[-6.0391,37.44316],[-6.03969,37.4498],[-6.0401,37.45139],[-6.03981,37.45199],[-6.04017,37.4525],[-6.04638,37.45295],[-6.05003,37.45185],[-6.05451,37.45125],[-6.05508,37.45164],[-6.05728,37.45215],[-6.05971,37.45168],[-6.06047,37.4518],[-6.06089,37.4522],[-6.061,37.45309],[-6.0617,37.45369],[-6.06318,37.45411],[-6.0625,37.45236],[-6.06205,37.44834],[-6.0583,37.44202],[-6.0573,37.43946],[-6.05722,37.43667],[-6.05663,37.43431],[-6.05555,37.43286],[-6.05405,37.43221],[-6.05129,37.43186],[-6.04826,37.43076],[-6.04692,37.43121],[-6.04379,37.43004],[-6.04136,37.43016],[-6.03967,37.42976],[-6.03772,37.42965],[-6.03555,37.42819],[-6.03325,37.42836],[-6.02996,37.42379],[-6.02848,37.42241],[-6.02083,37.41787],[-6.01974,37.41674],[-6.01461,37.41304],[-6.01405,37.41374],[-6.01269,37.41322],[-6.0124,37.41407],[-6.01311,37.41467],[-6.01231,37.41578],[-6.00678,37.41632],[-6.00517,37.41675],[-6.00283,37.41784],[-6.00001,37.41979],[-5.99781,37.42017],[-5.99601,37.42013],[-5.99576,37.42188],[-5.99525,37.42252],[-5.99088,37.42437],[-5.99234,37.4254],[-6.00083,37.429],[-6.00354,37.43044],[-6.00527,37.43172],[-6.00785,37.4346],[-6.00909,37.43731],[-6.00981,37.442],[-6.01033,37.44269],[-6.01133,37.44304],[-6.01236,37.44259],[-6.01342,37.4415],[-6.01407,37.43964],[-6.01369,37.43481],[-6.01314,37.43294],[-6.01201,37.42485],[-6.01202,37.42339],[-6.01262,37.42129],[-6.01382,37.42026],[-6.01639,37.41956],[-6.01799,37.41958],[-6.0201,37.42014],[-6.02156,37.42125],[-6.02236,37.42223],[-6.02325,37.42556],[-6.02335,37.42795],[-6.02413,37.42769]]]}},{"type":"Feature","properties":{"COD_POSTAL":"41849"},"geometry":{"type":"Polygon","coordinates":[[[-6.28732,37.30335],[-6.2851,37.30137],[-6.28464,37.3003],[-6.28469,37.29817],[-6.28395,37.29756],[-6.28333,37.29599],[-6.28352,37.29232],[-6.2828,37.2905],[-6.28286,37.28911],[-6.2821,37.28828],[-6.2821,37.28629],[-6.28063,37.28313],[-6.28027,37.28275],[-6.27895,37.2824],[-6.27808,37.28175],[-6.27653,37.28127],[-6.27651,37.2808],[-6.2761,37.2804],[-6.27631,37.28],[-6.27587,37.27938],[-6.27585,37.27893],[-6.27412,37.27632],[-6.27606,37.27605],[-6.27498,37.2736],[-6.27649,37.2732],[-6.27758,37.2726],[-6.28088,37.26922],[-6.28329,37.26773],[-6.28578,37.2676],[-6.28781,37.26702],[-6.29291,37.26649],[-6.28553,37.26118],[-6.28251,37.26355],[-6.28038,37.26423],[-6.27832,37.26426],[-6.27709,37.26567],[-6.27645,37.26596],[-6.27281,37.2655],[-6.26841,37.26839],[-6.26653,37.26695],[-6.2663,37.26644],[-6.26369,37.26453],[-6.26392,37.26368],[-6.26376,37.26331],[-6.26177,37.26237],[-6.26184,37.26144],[-6.26493,37.25775],[-6.26612,37.25708],[-6.2673,37.25682],[-6.26961,37.25554],[-6.26978,37.25518],[-6.26977,37.25387],[-6.26864,37.25259],[-6.26927,37.2512],[-6.26951,37.24995],[-6.26945,37.24958],[-6.26866,37.24886],[-6.26853,37.24736],[-6.27204,37.24685],[-6.27242,37.24647],[-6.27278,37.24507],[-6.27277,37.2446],[-6.27113,37.24219],[-6.27089,37.24147],[-6.27383,37.24107],[-6.27774,37.24177],[-6.27941,37.24095],[-6.27996,37.23782],[-6.28047,37.23671],[-6.28061,37.23314],[-6.28209,37.22929],[-6.28541,37.22428],[-6.30498,37.18705],[-6.32648,37.1742],[-6.33351,37.17109],[-6.33612,37.16962],[-6.34811,37.15308],[-6.3495,37.15187],[-6.35294,37.15037],[-6.35276,37.1489],[-6.3529,37.14736],[-6.3558,37.14388],[-6.35899,37.14113],[-6.3593,37.14061],[-6.35967,37.13843],[-6.35706,37.13573],[-6.35553,37.13451],[-6.35154,37.1323],[-6.34866,37.13237],[-6.34809,37.13101],[-6.34723,37.12989],[-6.34583,37.12866],[-6.34318,37.12801],[-6.34235,37.126],[-6.34225,37.12353],[-6.34329,37.12114],[-6.34418,37.12046],[-6.34524,37.12031],[-6.3465,37.12036],[-6.34888,37.12115],[-6.34997,37.12104],[-6.35364,37.11819],[-6.36009,37.11729],[-6.36016,37.11545],[-6.35694,37.11323],[-6.35642,37.1126],[-6.35605,37.11169],[-6.35631,37.11064],[-6.35728,37.10991],[-6.36541,37.10612],[-6.3684,37.10426],[-6.37136,37.10216],[-6.37663,37.09759],[-6.38057,37.093],[-6.38436,37.08638],[-6.38555,37.08372],[-6.38615,37.08039],[-6.38639,37.07443],[-6.38593,37.07198],[-6.3851,37.06987],[-6.38328,37.0628],[-6.38078,37.05957],[-6.38045,37.05852],[-6.38021,37.05032],[-6.37991,37.04834],[-6.3787,37.04442],[-6.37707,37.04002],[-6.37366,37.03277],[-6.36948,37.02516],[-6.36444,37.01703],[-6.35925,37.00618],[-6.35719,37.00137],[-6.35571,36.99624],[-6.35394,36.98849],[-6.35428,36.98524],[-6.3551,36.98328],[-6.35852,36.97832],[-6.36009,36.97509],[-6.36118,36.9719],[-6.36152,36.96933],[-6.36135,36.96706],[-6.35991,36.96247],[-6.35972,36.95972],[-6.3599,36.95851],[-6.36381,36.9458],[-6.36447,36.94462],[-6.36664,36.94213],[-6.37317,36.93659],[-6.37549,36.93515],[-6.3765,36.93483],[-6.37889,36.93471],[-6.37105,36.92678],[-6.36987,36.92585],[-6.36429,36.92245],[-6.36251,36.92159],[-6.35873,36.92049],[-6.35685,36.91904],[-6.35012,36.91275],[-6.34562,36.90752],[-6.34238,36.90583],[-6.33643,36.90409],[-6.33466,36.90324],[-6.33369,36.90258],[-6.33291,36.90166],[-6.33101,36.8988],[-6.32119,36.901],[-6.29408,36.90573],[-6.28844,36.90736],[-6.27829,36.91085],[-6.27517,36.91628],[-6.27383,36.91966],[-6.26973,36.93223],[-6.26834,36.94003],[-6.2684,36.94432],[-6.26864,36.94559],[-6.26985,36.94781],[-6.27135,36.9497],[-6.27773,36.95436],[-6.28514,36.95806],[-6.28689,36.95979],[-6.28768,36.96021],[-6.28918,36.96281],[-6.28973,36.96551],[-6.28992,36.96874],[-6.28962,36.98284],[-6.28934,36.98438],[-6.2881,36.98696],[-6.28624,36.98903],[-6.28374,36.99109],[-6.2803,36.99294],[-6.27838,36.99363],[-6.27634,36.994],[-6.27439,36.99403],[-6.26366,36.99176],[-6.26149,36.99154],[-6.25832,36.99211],[-6.25542,36.99348],[-6.2542,36.9944],[-6.2535,36.99542],[-6.25308,36.99669],[-6.25329,36.99902],[-6.25468,37.00247],[-6.25779,37.00683],[-6.25875,37.00855],[-6.25932,37.00997],[-6.25971,37.01302],[-6.25899,37.01586],[-6.25803,37.01802],[-6.25585,37.02169],[-6.25171,37.02752],[-6.24823,37.0312],[-6.2466,37.03228],[-6.24464,37.03314],[-6.2413,37.03405],[-6.23778,37.03422],[-6.23509,37.03373],[-6.2345,37.03345],[-6.23321,37.03214],[-6.23016,37.02619],[-6.22934,37.02512],[-6.228,37.02374],[-6.2266,37.02271],[-6.2254,37.02206],[-6.22285,37.02146],[-6.2199,37.02164],[-6.21841,37.02209],[-6.21472,37.02413],[-6.21316,37.02547],[-6.20593,37.03334],[-6.20127,37.03993],[-6.2005,37.04189],[-6.1993,37.04639],[-6.19911,37.04988],[-6.19929,37.0523],[-6.19995,37.05791],[-6.20076,37.05984],[-6.20181,37.06102],[-6.20432,37.06308],[-6.20749,37.06459],[-6.21903,37.06735],[-6.22339,37.06894],[-6.22502,37.07133],[-6.22598,37.08158],[-6.22643,37.08312],[-6.2287,37.08746],[-6.23068,37.08985],[-6.23348,37.09162],[-6.24034,37.0948],[-6.25072,37.09617],[-6.25549,37.09782],[-6.25795,37.10024],[-6.25769,37.10307],[-6.25536,37.10668],[-6.25293,37.10864],[-6.24457,37.10959],[-6.24216,37.11007],[-6.24056,37.11057],[-6.23832,37.11223],[-6.23722,37.11352],[-6.2363,37.11513],[-6.22992,37.12968],[-6.22615,37.13512],[-6.21879,37.14098],[-6.2105,37.14487],[-6.19708,37.14961],[-6.19504,37.1509],[-6.19462,37.15162],[-6.19428,37.15335],[-6.19441,37.16427],[-6.19433,37.16675],[-6.19406,37.1674],[-6.19603,37.17076],[-6.1977,37.17208],[-6.19941,37.17508],[-6.19973,37.17883],[-6.19808,37.18286],[-6.19396,37.18777],[-6.19406,37.18901],[-6.19432,37.18938],[-6.19555,37.18972],[-6.19612,37.19078],[-6.19629,37.19058],[-6.1964,37.19129],[-6.19594,37.19221],[-6.19499,37.19291],[-6.19557,37.19376],[-6.19488,37.19542],[-6.19454,37.1992],[-6.19421,37.20038],[-6.19428,37.20102],[-6.19559,37.20203],[-6.19583,37.20329],[-6.19506,37.20412],[-6.19506,37.20684],[-6.19407,37.2113],[-6.19317,37.21395],[-6.19335,37.21519],[-6.19257,37.22016],[-6.19259,37.222],[-6.1934,37.22466],[-6.19281,37.22571],[-6.19263,37.22675],[-6.19228,37.2271],[-6.19225,37.22837],[-6.19167,37.2292],[-6.19131,37.23153],[-6.19037,37.23332],[-6.19024,37.23469],[-6.18886,37.23622],[-6.18831,37.23763],[-6.18608,37.23969],[-6.18535,37.24246],[-6.18584,37.24602],[-6.18577,37.24782],[-6.18171,37.2529],[-6.17964,37.25639],[-6.17971,37.25669],[-6.18089,37.25754],[-6.18084,37.2588],[-6.18127,37.25943],[-6.1872,37.2635],[-6.18767,37.2634],[-6.18881,37.26415],[-6.18937,37.26516],[-6.19292,37.26766],[-6.195,37.27125],[-6.19741,37.27183],[-6.198,37.27283],[-6.20014,37.27225],[-6.20106,37.27274],[-6.20203,37.27283],[-6.20265,37.27372],[-6.20609,37.27584],[-6.20601,37.27675],[-6.20691,37.27763],[-6.20799,37.27815],[-6.20875,37.27932],[-6.21095,37.28447],[-6.21097,37.2854],[-6.21067,37.28624],[-6.20813,37.28763],[-6.20655,37.28884],[-6.2053,37.29102],[-6.20531,37.29255],[-6.20507,37.29267],[-6.20914,37.29885],[-6.21269,37.30278],[-6.21455,37.30672],[-6.21456,37.30763],[-6.2126,37.3082],[-6.21229,37.30886],[-6.21165,37.30898],[-6.21113,37.31054],[-6.21265,37.31105],[-6.21581,37.31117],[-6.21624,37.31203],[-6.21637,37.31393],[-6.2205,37.31629],[-6.2223,37.31759],[-6.22039,37.31848],[-6.22005,37.31932],[-6.22048,37.32043],[-6.22435,37.31978],[-6.22552,37.32056],[-6.22979,37.31819],[-6.23612,37.32095],[-6.23782,37.31971],[-6.23967,37.31928],[-6.24058,37.31937],[-6.24045,37.32123],[-6.24272,37.32364],[-6.24565,37.32436],[-6.24544,37.32698],[-6.246,37.32702],[-6.2462,37.32746],[-6.25231,37.32774],[-6.26793,37.31944],[-6.27299,37.31868],[-6.27386,37.31808],[-6.27458,37.31803],[-6.27705,37.31864],[-6.28101,37.31821],[-6.28158,37.31873],[-6.28537,37.31834],[-6.28908,37.31994],[-6.2907,37.31904],[-6.28973,37.31815],[-6.28977,37.31778],[-6.29032,37.31662],[-6.29153,37.31555],[-6.29136,37.31336],[-6.29208,37.31226],[-6.29179,37.31148],[-6.29059,37.31063],[-6.29039,37.30969],[-6.29065,37.30928],[-6.28999,37.30828],[-6.28899,37.30757],[-6.28913,37.30522],[-6.28766,37.30366],[-6.28732,37.30335]]]}},{"type":"Feature","properties":{"COD_POSTAL":"41100"},"geometry":{"type":"Polygon","coordinates":[[[-6.06451,37.22225],[-6.06795,37.2209],[-6.07004,37.21959],[-6.06999,37.21838],[-6.07316,37.21601],[-6.07652,37.21265],[-6.07696,37.21179],[-6.07703,37.21041],[-6.07645,37.20674],[-6.07604,37.20602],[-6.07532,37.20561],[-6.06946,37.20536],[-6.06943,37.20453],[-6.06787,37.20459],[-6.06442,37.20552],[-6.06352,37.20619],[-6.06101,37.21202],[-6.05857,37.21561],[-6.05736,37.21652],[-6.05604,37.21682],[-6.05437,37.21691],[-6.05268,37.21637],[-6.05156,37.21524],[-6.05117,37.21423],[-6.05088,37.21268],[-6.05105,37.21149],[-6.05177,37.20734],[-6.05561,37.19836],[-6.05565,37.19706],[-6.05495,37.19599],[-6.05425,37.19547],[-6.05215,37.19461],[-6.05121,37.1945],[-6.04813,37.19489],[-6.04275,37.19645],[-6.04128,37.19627],[-6.0395,37.19552],[-6.03798,37.19368],[-6.03735,37.1923],[-6.03506,37.18541],[-6.03414,37.18161],[-6.03062,37.18489],[-6.01973,37.19388],[-6.01879,37.19544],[-6.01699,37.19696],[-6.01151,37.20313],[-6.00933,37.20987],[-6.00443,37.21539],[-6.00137,37.21726],[-6.00052,37.21812],[-5.99904,37.22303],[-5.99604,37.22636],[-5.99417,37.22959],[-5.99298,37.23107],[-5.9928,37.23324],[-5.99213,37.23479],[-5.98952,37.23996],[-5.98721,37.24299],[-5.98711,37.24397],[-5.98939,37.25053],[-5.98993,37.25349],[-5.9915,37.25579],[-5.99328,37.25715],[-5.99673,37.2611],[-5.99745,37.26283],[-5.99809,37.26319],[-6.00339,37.26938],[-6.00375,37.26911],[-6.00459,37.26959],[-6.00612,37.26999],[-6.00917,37.2702],[-6.01062,37.27073],[-6.01105,37.27055],[-6.01231,37.27322],[-6.01502,37.27644],[-6.02024,37.28085],[-6.02374,37.2834],[-6.03658,37.29387],[-6.04013,37.29597],[-6.04142,37.29719],[-6.04071,37.29773],[-6.0396,37.29803],[-6.04084,37.29973],[-6.0498,37.30412],[-6.05145,37.30387],[-6.0514,37.30443],[-6.05205,37.30477],[-6.05229,37.30417],[-6.05369,37.30411],[-6.05861,37.30519],[-6.06156,37.30544],[-6.07097,37.30801],[-6.07222,37.30814],[-6.07342,37.30248],[-6.07335,37.30172],[-6.07418,37.3001],[-6.07634,37.2978],[-6.07826,37.29616],[-6.08258,37.29018],[-6.08532,37.28697],[-6.08601,37.28562],[-6.08754,37.28612],[-6.08602,37.28562],[-6.07994,37.28019],[-6.06863,37.27631],[-6.06228,37.27492],[-6.05443,37.27259],[-6.05634,37.26812],[-6.05722,37.26647],[-6.0579,37.26575],[-6.0592,37.26298],[-6.05961,37.26095],[-6.06034,37.25917],[-6.06083,37.25864],[-6.06145,37.25664],[-6.06173,37.25454],[-6.06154,37.25335],[-6.06218,37.25084],[-6.06075,37.24279],[-6.05622,37.23071],[-6.0559,37.22852],[-6.05607,37.2273],[-6.05798,37.22522],[-6.062,37.22331],[-6.06451,37.22225]]]}},{"type":"Feature","properties":{"COD_POSTAL":"41016"},"geometry":{"type":"Polygon","coordinates":[[[-5.86123,37.40055],[-5.86504,37.40171],[-5.86831,37.40367],[-5.90748,37.39034],[-5.91107,37.38899],[-5.91654,37.38587],[-5.94077,37.38649],[-5.94141,37.38399],[-5.9426,37.38423],[-5.94266,37.38407],[-5.94147,37.38384],[-5.94179,37.38295],[-5.9384,37.38147],[-5.92974,37.37508],[-5.92479,37.37252],[-5.92349,37.37318],[-5.91172,37.37527],[-5.91048,37.37582],[-5.90876,37.37758],[-5.9065,37.3771],[-5.90427,37.3772],[-5.90148,37.37907],[-5.89854,37.38036],[-5.89568,37.38262],[-5.89746,37.38346],[-5.90028,37.38073],[-5.90355,37.38186],[-5.9021,37.38509],[-5.90132,37.3851],[-5.90168,37.38719],[-5.90149,37.38722],[-5.90111,37.3851],[-5.89946,37.38512],[-5.8998,37.38847],[-5.90389,37.38827],[-5.9039,37.38802],[-5.90197,37.38808],[-5.90193,37.38726],[-5.90442,37.3868],[-5.90445,37.38864],[-5.89902,37.38889],[-5.8987,37.38554],[-5.89603,37.38572],[-5.88996,37.38666],[-5.88939,37.38633],[-5.88757,37.38708],[-5.88599,37.38739],[-5.87396,37.38779],[-5.86476,37.38733],[-5.85758,37.38789],[-5.85307,37.38764],[-5.8475,37.38808],[-5.84223,37.38711],[-5.8396,37.38747],[-5.83391,37.38878],[-5.82435,37.39],[-5.81928,37.39036],[-5.81916,37.39601],[-5.81952,37.39812],[-5.82314,37.39764],[-5.82455,37.39795],[-5.82702,37.39696],[-5.83069,37.39707],[-5.83511,37.39656],[-5.83915,37.39547],[-5.84035,37.39543],[-5.8506,37.39777],[-5.85203,37.39863],[-5.85306,37.39981],[-5.85975,37.40017],[-5.86123,37.40055]]]}},{"type":"Feature","properties":{"COD_POSTAL":"41359"},"geometry":{"type":"Polygon","coordinates":[[[-5.77777,37.71401],[-5.77932,37.71284],[-5.7927,37.70451],[-5.79728,37.70274],[-5.7919,37.68757],[-5.78635,37.67949],[-5.78397,37.67672],[-5.78047,37.67324],[-5.77744,37.66899],[-5.7791,37.66508],[-5.77903,37.66405],[-5.77956,37.66237],[-5.77839,37.66093],[-5.77763,37.65746],[-5.78452,37.65172],[-5.78531,37.64965],[-5.78595,37.64663],[-5.78594,37.64484],[-5.78511,37.64069],[-5.78311,37.63694],[-5.78065,37.62748],[-5.77987,37.62341],[-5.77724,37.62026],[-5.7658,37.62178],[-5.76146,37.62052],[-5.75679,37.61853],[-5.75196,37.61692],[-5.75058,37.61621],[-5.74582,37.61586],[-5.74149,37.61646],[-5.73855,37.61827],[-5.73564,37.62361],[-5.73417,37.6282],[-5.73121,37.63075],[-5.72785,37.63153],[-5.71729,37.63098],[-5.71515,37.62935],[-5.71124,37.62318],[-5.71309,37.62156],[-5.71315,37.61781],[-5.71524,37.60745],[-5.71407,37.60311],[-5.71248,37.60081],[-5.70928,37.59973],[-5.70768,37.6007],[-5.70469,37.59761],[-5.70578,37.59709],[-5.70563,37.5916],[-5.71285,37.58963],[-5.72711,37.59],[-5.73028,37.58967],[-5.7402,37.59088],[-5.74872,37.5904],[-5.75153,37.58942],[-5.75032,37.58499],[-5.75227,37.58372],[-5.75357,37.58298],[-5.76008,37.58026],[-5.76409,37.5789],[-5.77864,37.57304],[-5.77345,37.56601],[-5.77164,37.56406],[-5.76907,37.56698],[-5.7639,37.56825],[-5.76268,37.56784],[-5.75829,37.56885],[-5.75641,37.56804],[-5.75375,37.56817],[-5.75165,37.56883],[-5.74187,37.57056],[-5.73107,37.57189],[-5.7265,37.57452],[-5.72261,37.57599],[-5.71947,37.57629],[-5.71521,37.57732],[-5.70518,37.57772],[-5.7041,37.57664],[-5.69411,37.57757],[-5.69181,37.57669],[-5.68573,37.57524],[-5.68483,37.57684],[-5.68292,37.57756],[-5.67891,37.5803],[-5.67633,37.57995],[-5.67487,37.5828],[-5.67432,37.58511],[-5.67155,37.585],[-5.67345,37.58674],[-5.67518,37.58949],[-5.67821,37.59195],[-5.6839,37.59573],[-5.68467,37.59648],[-5.68515,37.59728],[-5.68546,37.59895],[-5.68478,37.6038],[-5.68326,37.60733],[-5.68238,37.60856],[-5.67982,37.61004],[-5.67834,37.61172],[-5.6765,37.61216],[-5.67391,37.61466],[-5.67452,37.61685],[-5.67881,37.62136],[-5.68173,37.62263],[-5.68791,37.62325],[-5.68862,37.62603],[-5.68829,37.62741],[-5.68414,37.63449],[-5.68185,37.6392],[-5.6761,37.64906],[-5.67612,37.6526],[-5.67542,37.65488],[-5.67247,37.65971],[-5.71172,37.63568],[-5.72113,37.64683],[-5.72974,37.6481],[-5.73409,37.65155],[-5.73364,37.6562],[-5.73085,37.65836],[-5.77777,37.71401]]]}},{"type":"Feature","properties":{"COD_POSTAL":"41804"},"geometry":{"type":"Polygon","coordinates":[[[-6.16202,37.42186],[-6.16343,37.42254],[-6.16395,37.41985],[-6.16437,37.41898],[-6.16574,37.41748],[-6.16581,37.41711],[-6.16526,37.41618],[-6.16602,37.41499],[-6.16783,37.41449],[-6.16946,37.41527],[-6.1709,37.4145],[-6.17265,37.4146],[-6.17304,37.41431],[-6.17312,37.41406],[-6.17261,37.41326],[-6.17373,37.41177],[-6.17326,37.41132],[-6.17122,37.41066],[-6.17032,37.40942],[-6.17009,37.40769],[-6.16974,37.40687],[-6.16922,37.40636],[-6.16798,37.40622],[-6.16764,37.40474],[-6.16854,37.40458],[-6.16834,37.40377],[-6.16607,37.40395],[-6.16241,37.40375],[-6.16035,37.40331],[-6.15787,37.40344],[-6.155,37.40506],[-6.1529,37.40664],[-6.15194,37.40772],[-6.14699,37.40865],[-6.14567,37.40848],[-6.14397,37.41194],[-6.14409,37.41391],[-6.14464,37.4157],[-6.14167,37.41629],[-6.14099,37.41676],[-6.13983,37.41997],[-6.1387,37.42166],[-6.13685,37.42361],[-6.13577,37.42547],[-6.13617,37.42909],[-6.13725,37.43146],[-6.13916,37.43299],[-6.14113,37.43546],[-6.14152,37.43615],[-6.14152,37.43665],[-6.13717,37.44457],[-6.13694,37.44647],[-6.13563,37.44776],[-6.13486,37.44806],[-6.13278,37.44967],[-6.13205,37.45259],[-6.13117,37.45378],[-6.1304,37.45597],[-6.12787,37.45914],[-6.12692,37.45981],[-6.12387,37.46502],[-6.12257,37.47049],[-6.12192,37.47572],[-6.12205,37.47777],[-6.1227,37.4787],[-6.1248,37.47951],[-6.12974,37.47973],[-6.13321,37.4809],[-6.13708,37.48171],[-6.14303,37.48149],[-6.15189,37.48326],[-6.15324,37.48369],[-6.15691,37.48572],[-6.15881,37.48601],[-6.15943,37.48637],[-6.16291,37.48978],[-6.16496,37.49128],[-6.17318,37.49546],[-6.17515,37.49602],[-6.17443,37.50008],[-6.17404,37.50051],[-6.17963,37.50058],[-6.18471,37.50104],[-6.19337,37.50104],[-6.19525,37.50079],[-6.19581,37.50007],[-6.19579,37.49954],[-6.19654,37.49766],[-6.19786,37.49688],[-6.19887,37.49577],[-6.20358,37.48496],[-6.20592,37.48014],[-6.20905,37.47173],[-6.21317,37.46786],[-6.21263,37.46591],[-6.21642,37.46276],[-6.21891,37.45368],[-6.21957,37.44978],[-6.21783,37.44458],[-6.2155,37.44068],[-6.21484,37.43814],[-6.20998,37.43534],[-6.20125,37.43216],[-6.19951,37.43357],[-6.19852,37.43334],[-6.19667,37.43781],[-6.19539,37.43971],[-6.19382,37.43986],[-6.19345,37.44356],[-6.19621,37.44749],[-6.19728,37.44943],[-6.19811,37.45151],[-6.19764,37.45261],[-6.19697,37.45299],[-6.19532,37.45324],[-6.19477,37.45412],[-6.19387,37.45417],[-6.19137,37.45616],[-6.19021,37.45821],[-6.18741,37.46114],[-6.18719,37.46202],[-6.18725,37.46338],[-6.18758,37.4648],[-6.18728,37.46585],[-6.187,37.46605],[-6.18454,37.46517],[-6.18211,37.4647],[-6.17883,37.46501],[-6.17733,37.46561],[-6.17502,37.46308],[-6.17336,37.46045],[-6.17175,37.45082],[-6.17033,37.44961],[-6.16852,37.44916],[-6.16772,37.44729],[-6.1654,37.44404],[-6.16448,37.44161],[-6.16394,37.43936],[-6.16412,37.43799],[-6.16316,37.43553],[-6.16311,37.43431],[-6.162,37.43302],[-6.16181,37.43232],[-6.16187,37.4284],[-6.16135,37.42675],[-6.16139,37.42639],[-6.16205,37.42589],[-6.16087,37.4251],[-6.16047,37.42436],[-6.16074,37.42348],[-6.16192,37.42188],[-6.16202,37.42186]]]}},{"type":"Feature","properties":{"COD_POSTAL":"41005"},"geometry":{"type":"Polygon","coordinates":[[[-5.96265,37.38746],[-5.97233,37.38729],[-5.97309,37.38306],[-5.97384,37.38086],[-5.97353,37.38081],[-5.97382,37.37994],[-5.97413,37.38],[-5.97487,37.37718],[-5.9745,37.37703],[-5.97518,37.37594],[-5.96877,37.37023],[-5.96503,37.37324],[-5.96429,37.37356],[-5.96077,37.37723],[-5.95954,37.38603],[-5.95944,37.38703],[-5.95966,37.38739],[-5.96265,37.38746]]]}},{"type":"Feature","properties":{"COD_POSTAL":"41560"},"geometry":{"type":"MultiPolygon","coordinates":[[[[-4.86946,37.40789],[-4.86704,37.40764],[-4.86469,37.40843],[-4.86209,37.40833],[-4.8559,37.41002],[-4.85533,37.41037],[-4.85471,37.41155],[-4.85505,37.41283],[-4.85456,37.41481],[-4.85433,37.41498],[-4.85309,37.41477],[-4.85115,37.41595],[-4.85056,37.41559],[-4.85031,37.41458],[-4.85088,37.41199],[-4.85145,37.41085],[-4.85087,37.41039],[-4.84981,37.41066],[-4.84805,37.41209],[-4.84568,37.41333],[-4.84328,37.41402],[-4.84207,37.41504],[-4.84119,37.41605],[-4.84091,37.41674],[-4.84134,37.41766],[-4.84124,37.41793],[-4.83955,37.41949],[-4.83764,37.42324],[-4.83897,37.42494],[-4.84011,37.42761],[-4.84033,37.43176],[-4.84019,37.43486],[-4.84095,37.43635],[-4.84359,37.43727],[-4.84949,37.43825],[-4.85433,37.43939],[-4.85718,37.43835],[-4.85978,37.43785],[-4.88474,37.43798],[-4.88482,37.43389],[-4.88666,37.42828],[-4.8869,37.42587],[-4.88579,37.4257],[-4.88395,37.42691],[-4.8823,37.42731],[-4.88097,37.42715],[-4.88011,37.42602],[-4.87964,37.42444],[-4.87979,37.42399],[-4.88017,37.42378],[-4.88182,37.42383],[-4.88236,37.42358],[-4.88283,37.42298],[-4.88295,37.42152],[-4.88241,37.42082],[-4.87952,37.41899],[-4.87825,37.41855],[-4.87688,37.4184],[-4.87666,37.4187],[-4.87865,37.42041],[-4.87882,37.42097],[-4.87824,37.42199],[-4.87684,37.42218],[-4.87231,37.41998],[-4.87062,37.41848],[-4.86758,37.41428],[-4.86793,37.41229],[-4.86854,37.41133],[-4.87021,37.40982],[-4.87046,37.40926],[-4.87004,37.40827],[-4.86946,37.40789]]],[[[-4.90543,37.36871],[-4.9105,37.36932],[-4.91656,37.36963],[-4.92439,37.37073],[-4.92573,37.3699],[-4.92751,37.37009],[-4.93097,37.36722],[-4.93299,37.3675],[-4.93774,37.36269],[-4.93644,37.36202],[-4.93267,37.35649],[-4.93802,37.3547],[-4.93888,37.34891],[-4.94284,37.34754],[-4.94412,37.3472],[-4.94981,37.34676],[-4.95231,37.34608],[-4.95449,37.34484],[-4.95883,37.34454],[-4.96511,37.34676],[-4.97058,37.34678],[-4.97332,37.34757],[-4.97596,37.34776],[-4.97944,37.34878],[-4.98105,37.34848],[-4.9842,37.34734],[-4.98468,37.34642],[-4.98659,37.34511],[-4.98724,37.34366],[-4.98799,37.3398],[-4.98762,37.33821],[-4.98867,37.338],[-4.98929,37.33614],[-4.99041,37.33446],[-4.99017,37.33189],[-4.98927,37.33081],[-4.99002,37.32971],[-4.9892,37.32853],[-4.99006,37.32606],[-4.98987,37.32375],[-4.99012,37.32309],[-4.99182,37.32305],[-4.9922,37.32283],[-4.99325,37.32095],[-4.9937,37.31959],[-4.99565,37.31894],[-4.99549,37.31802],[-4.99608,37.31686],[-4.99612,37.31605],[-4.9946,37.31357],[-4.99493,37.31237],[-4.99677,37.31063],[-4.99719,37.30858],[-4.9976,37.30784],[-4.99829,37.30805],[-4.99868,37.30773],[-4.99961,37.30553],[-5.00056,37.30428],[-5.00105,37.30319],[-5.00097,37.30249],[-5.00044,37.30193],[-4.99771,37.30064],[-4.99794,37.29992],[-4.99884,37.29969],[-4.99888,37.29946],[-4.9965,37.29637],[-4.99586,37.2949],[-4.99598,37.29435],[-4.99794,37.29253],[-4.99774,37.29065],[-4.99842,37.28868],[-4.99963,37.28721],[-4.99966,37.2865],[-4.99943,37.28608],[-4.99959,37.28528],[-5.00167,37.28519],[-5.00229,37.28476],[-5.00242,37.2824],[-5.00314,37.28144],[-5.00455,37.28184],[-5.00536,37.28143],[-5.00532,37.28104],[-5.00397,37.28033],[-5.00407,37.27852],[-5.00185,37.27733],[-5.00166,37.27699],[-5.00196,37.27661],[-5.00282,37.27624],[-5.0024,37.27472],[-5.00228,37.27319],[-5.00369,37.27129],[-5.00411,37.27014],[-5.00394,37.26961],[-5.00263,37.26914],[-5.00259,37.26782],[-5.00392,37.26725],[-5.00424,37.26619],[-5.00525,37.26497],[-5.00636,37.26451],[-5.00615,37.26388],[-5.00628,37.26325],[-5.00551,37.26257],[-4.99898,37.26075],[-4.99956,37.26236],[-5.00118,37.26531],[-4.99516,37.26488],[-4.98605,37.26578],[-4.9866,37.26039],[-4.98647,37.25736],[-4.97918,37.2588],[-4.97489,37.25994],[-4.96753,37.26201],[-4.95926,37.26473],[-4.9563,37.26623],[-4.95481,37.26759],[-4.94964,37.27094],[-4.94743,37.26899],[-4.94223,37.26644],[-4.9401,37.26515],[-4.93807,37.26431],[-4.93584,37.26363],[-4.93453,37.26376],[-4.93369,37.26466],[-4.92885,37.26216],[-4.92826,37.26304],[-4.92427,37.26122],[-4.92361,37.26326],[-4.92084,37.26694],[-4.91894,37.26792],[-4.9169,37.26794],[-4.9121,37.27264],[-4.9104,37.27547],[-4.91278,37.27617],[-4.8983,37.27963],[-4.89704,37.27828],[-4.88889,37.27507],[-4.88512,37.27265],[-4.87869,37.27068],[-4.87686,37.26428],[-4.87792,37.26155],[-4.87776,37.25949],[-4.87319,37.25604],[-4.87294,37.25505],[-4.86788,37.25457],[-4.86584,37.25267],[-4.85892,37.25148],[-4.85822,37.24896],[-4.85984,37.24853],[-4.85986,37.24782],[-4.86026,37.24713],[-4.85894,37.24587],[-4.85697,37.2406],[-4.85412,37.23656],[-4.8539,37.23589],[-4.85416,37.23412],[-4.85184,37.23326],[-4.84872,37.23409],[-4.84643,37.23001],[-4.84739,37.2293],[-4.84644,37.22915],[-4.84629,37.2286],[-4.84449,37.2292],[-4.84372,37.22803],[-4.84209,37.22819],[-4.84151,37.22802],[-4.84089,37.22753],[-4.83935,37.22544],[-4.84284,37.22461],[-4.84667,37.22417],[-4.85078,37.22337],[-4.85878,37.224],[-4.85549,37.2185],[-4.85457,37.21534],[-4.85538,37.21441],[-4.85435,37.21104],[-4.85335,37.20894],[-4.84956,37.20952],[-4.84335,37.20896],[-4.84249,37.2091],[-4.84151,37.20958],[-4.8407,37.21034],[-4.83979,37.2125],[-4.83942,37.21282],[-4.83261,37.21047],[-4.83095,37.21005],[-4.82779,37.20985],[-4.82835,37.21378],[-4.82877,37.21538],[-4.82972,37.21722],[-4.82602,37.21818],[-4.82538,37.21941],[-4.82423,37.22047],[-4.82357,37.22155],[-4.82391,37.22231],[-4.82749,37.22663],[-4.82932,37.22832],[-4.82462,37.22935],[-4.82049,37.22847],[-4.81414,37.22843],[-4.80991,37.22787],[-4.80006,37.22915],[-4.79416,37.22819],[-4.78634,37.22745],[-4.78661,37.23255],[-4.78821,37.23516],[-4.78778,37.23753],[-4.78808,37.24102],[-4.7878,37.24566],[-4.78757,37.24741],[-4.78623,37.25287],[-4.78582,37.25636],[-4.78452,37.2602],[-4.78192,37.26633],[-4.78141,37.26783],[-4.78128,37.26911],[-4.78797,37.27172],[-4.79103,37.27247],[-4.79532,37.27312],[-4.79404,37.27582],[-4.79365,37.27734],[-4.79186,37.27881],[-4.79219,37.28169],[-4.79528,37.27986],[-4.80321,37.2769],[-4.79974,37.27167],[-4.79875,37.26912],[-4.80073,37.26904],[-4.80022,37.2633],[-4.80028,37.26246],[-4.80126,37.25981],[-4.80114,37.2563],[-4.80751,37.25269],[-4.8121,37.24956],[-4.81251,37.24907],[-4.81356,37.24587],[-4.81411,37.24496],[-4.81474,37.24456],[-4.81697,37.24199],[-4.81887,37.2409],[-4.82394,37.23877],[-4.82544,37.23779],[-4.82871,37.23644],[-4.83263,37.2331],[-4.83419,37.23346],[-4.83227,37.23753],[-4.83204,37.23918],[-4.83162,37.25008],[-4.83113,37.25635],[-4.83242,37.25699],[-4.83401,37.25889],[-4.83182,37.26058],[-4.83259,37.26289],[-4.83208,37.26332],[-4.83263,37.26381],[-4.83245,37.26459],[-4.83355,37.26485],[-4.83609,37.26477],[-4.83702,37.26496],[-4.83781,37.266],[-4.83908,37.26665],[-4.83914,37.26881],[-4.84004,37.26904],[-4.83976,37.27298],[-4.83871,37.27276],[-4.8384,37.27451],[-4.83781,37.27432],[-4.8375,37.27553],[-4.83994,37.27625],[-4.83835,37.27938],[-4.83783,37.28173],[-4.83752,37.28226],[-4.83579,37.28339],[-4.83615,37.28387],[-4.83744,37.2841],[-4.83928,37.28668],[-4.83942,37.29046],[-4.83979,37.29081],[-4.84082,37.29112],[-4.84117,37.29342],[-4.84078,37.29627],[-4.84013,37.29757],[-4.83934,37.29827],[-4.8386,37.2985],[-4.83767,37.29838],[-4.83659,37.29756],[-4.83558,37.29146],[-4.8308,37.29139],[-4.83069,37.29394],[-4.82791,37.29453],[-4.8258,37.29442],[-4.82543,37.2946],[-4.82469,37.29655],[-4.82208,37.29677],[-4.81956,37.29656],[-4.81555,37.29574],[-4.8102,37.29307],[-4.8059,37.29145],[-4.80395,37.29117],[-4.80233,37.29155],[-4.8014,37.29333],[-4.80097,37.29494],[-4.79979,37.296],[-4.79906,37.29822],[-4.7989,37.29975],[-4.7992,37.30413],[-4.80133,37.30828],[-4.8013,37.31153],[-4.80171,37.31226],[-4.80184,37.31322],[-4.80005,37.3151],[-4.79798,37.3156],[-4.79397,37.3151],[-4.79302,37.31698],[-4.79354,37.31848],[-4.793,37.31949],[-4.79318,37.32014],[-4.79175,37.32197],[-4.78861,37.32083],[-4.78573,37.32036],[-4.78298,37.321],[-4.78225,37.32588],[-4.78123,37.32692],[-4.78329,37.33002],[-4.78654,37.33244],[-4.7879,37.33457],[-4.7893,37.33606],[-4.79136,37.33737],[-4.79993,37.34449],[-4.80137,37.34514],[-4.80362,37.34689],[-4.80922,37.35033],[-4.81727,37.35468],[-4.82013,37.3528],[-4.8202,37.35165],[-4.8183,37.34986],[-4.81829,37.34942],[-4.81875,37.34919],[-4.81929,37.34916],[-4.82103,37.34988],[-4.82269,37.35225],[-4.82333,37.35272],[-4.82552,37.35111],[-4.82896,37.34758],[-4.83018,37.34562],[-4.83044,37.34446],[-4.83311,37.34219],[-4.83576,37.33748],[-4.83637,37.33679],[-4.84074,37.33384],[-4.84096,37.33341],[-4.8419,37.33299],[-4.84121,37.33165],[-4.84368,37.33047],[-4.85215,37.33251],[-4.85586,37.33395],[-4.85874,37.33476],[-4.86417,37.33774],[-4.8684,37.33897],[-4.87603,37.34258],[-4.88167,37.34633],[-4.89022,37.35152],[-4.88816,37.35177],[-4.89013,37.36071],[-4.88904,37.36107],[-4.88943,37.3628],[-4.89464,37.36217],[-4.90054,37.36295],[-4.90289,37.36543],[-4.90509,37.36696],[-4.90546,37.36806],[-4.90543,37.36871]]]]}},{"type":"Feature","properties":{"COD_POSTAL":"41420"},"geometry":{"type":"Polygon","coordinates":[[[-5.33041,37.50171],[-5.34596,37.51082],[-5.35576,37.51012],[-5.37812,37.50617],[-5.37922,37.50552],[-5.37987,37.50543],[-5.38306,37.50587],[-5.39597,37.50889],[-5.39892,37.50986],[-5.42414,37.50814],[-5.42895,37.50719],[-5.43105,37.50738],[-5.43555,37.50705],[-5.44,37.5055],[-5.44391,37.50462],[-5.45268,37.50164],[-5.454,37.50068],[-5.45435,37.49996],[-5.4561,37.4996],[-5.45698,37.49988],[-5.46247,37.49729],[-5.46593,37.48717],[-5.46588,37.48368],[-5.44055,37.48766],[-5.43731,37.48744],[-5.42837,37.48741],[-5.4192,37.48258],[-5.41898,37.48006],[-5.41866,37.47903],[-5.41634,37.47413],[-5.41347,37.46722],[-5.41163,37.45716],[-5.41014,37.45549],[-5.41029,37.45297],[-5.41117,37.44814],[-5.41103,37.44703],[-5.41189,37.44523],[-5.41169,37.44274],[-5.41212,37.43998],[-5.41167,37.43777],[-5.41215,37.43698],[-5.41128,37.43589],[-5.41008,37.43507],[-5.40844,37.43272],[-5.40812,37.43146],[-5.40746,37.43032],[-5.40659,37.42928],[-5.40253,37.4259],[-5.39991,37.42295],[-5.39909,37.42035],[-5.39787,37.4134],[-5.39128,37.41659],[-5.38787,37.41865],[-5.38356,37.41934],[-5.37123,37.42368],[-5.33284,37.43587],[-5.32295,37.43857],[-5.31182,37.44035],[-5.30019,37.44273],[-5.29873,37.44236],[-5.29633,37.44238],[-5.29526,37.44441],[-5.29468,37.44675],[-5.29459,37.44885],[-5.29486,37.44996],[-5.29648,37.45186],[-5.29581,37.45395],[-5.2961,37.45559],[-5.29388,37.45857],[-5.29512,37.46076],[-5.29575,37.46241],[-5.29596,37.46739],[-5.29636,37.4694],[-5.29701,37.47068],[-5.2971,37.47133],[-5.29624,37.47567],[-5.29196,37.48609],[-5.29057,37.49092],[-5.29071,37.4929],[-5.29097,37.49354],[-5.29131,37.49406],[-5.2929,37.4948],[-5.29313,37.49514],[-5.2931,37.49731],[-5.33041,37.50171]]]}},{"type":"Feature","properties":{"COD_POSTAL":"41840"},"geometry":{"type":"Polygon","coordinates":[[[-6.2889,37.3048],[-6.28921,37.30558],[-6.28899,37.30757],[-6.28999,37.30828],[-6.29065,37.30928],[-6.29039,37.30969],[-6.29059,37.31063],[-6.29179,37.31148],[-6.29208,37.31226],[-6.29136,37.31336],[-6.29153,37.31555],[-6.29032,37.31662],[-6.28977,37.31778],[-6.28973,37.31815],[-6.2907,37.31904],[-6.28908,37.31994],[-6.28537,37.31834],[-6.28158,37.31873],[-6.28101,37.31821],[-6.27705,37.31864],[-6.27458,37.31803],[-6.27386,37.31808],[-6.27299,37.31868],[-6.26793,37.31944],[-6.25231,37.32774],[-6.25327,37.32874],[-6.25509,37.32909],[-6.25593,37.32993],[-6.25592,37.3312],[-6.25696,37.33348],[-6.25941,37.3343],[-6.26013,37.33477],[-6.26,37.3367],[-6.25953,37.33758],[-6.25954,37.33823],[-6.2605,37.34011],[-6.26238,37.3397],[-6.26454,37.33981],[-6.26337,37.33573],[-6.2646,37.33546],[-6.26814,37.33551],[-6.27061,37.33525],[-6.271,37.3371],[-6.2723,37.33943],[-6.2734,37.34059],[-6.27349,37.34165],[-6.27883,37.34156],[-6.28242,37.34113],[-6.28774,37.34026],[-6.29224,37.33913],[-6.29345,37.33921],[-6.29616,37.33685],[-6.29715,37.33484],[-6.2971,37.33006],[-6.29804,37.3276],[-6.29777,37.32453],[-6.29702,37.32072],[-6.2974,37.32064],[-6.29933,37.32125],[-6.3007,37.32079],[-6.30189,37.32159],[-6.30224,37.32215],[-6.30225,37.32327],[-6.30169,37.3238],[-6.30142,37.32478],[-6.30234,37.32518],[-6.30312,37.32468],[-6.3038,37.32494],[-6.30344,37.32586],[-6.30354,37.32615],[-6.30409,37.32654],[-6.30425,37.32698],[-6.30508,37.32706],[-6.30592,37.32838],[-6.30671,37.32885],[-6.30517,37.3293],[-6.30533,37.3302],[-6.30595,37.33068],[-6.30675,37.33028],[-6.30743,37.33046],[-6.30704,37.33125],[-6.30724,37.33186],[-6.30927,37.33318],[-6.31018,37.33449],[-6.31128,37.33461],[-6.31219,37.33429],[-6.31115,37.33191],[-6.31119,37.32989],[-6.31089,37.32866],[-6.31955,37.32874],[-6.32333,37.32631],[-6.32659,37.32484],[-6.32862,37.32409],[-6.33169,37.32377],[-6.33669,37.32209],[-6.33726,37.32315],[-6.33777,37.32354],[-6.34014,37.32454],[-6.34149,37.32551],[-6.34173,37.32605],[-6.34156,37.32915],[-6.34421,37.3261],[-6.34749,37.32699],[-6.35162,37.32926],[-6.35631,37.33129],[-6.3591,37.33546],[-6.35977,37.33691],[-6.36033,37.33936],[-6.3611,37.34046],[-6.36199,37.34242],[-6.36282,37.34359],[-6.36524,37.34521],[-6.36609,37.34666],[-6.36733,37.34741],[-6.36843,37.34949],[-6.37395,37.34873],[-6.37822,37.34608],[-6.38056,37.34294],[-6.3825,37.34081],[-6.38416,37.33944],[-6.38457,37.33749],[-6.38402,37.33668],[-6.3834,37.33673],[-6.38215,37.33607],[-6.38161,37.33542],[-6.38173,37.33486],[-6.38156,37.33461],[-6.38061,37.33439],[-6.37973,37.3328],[-6.37727,37.33193],[-6.37658,37.33061],[-6.37552,37.33056],[-6.37491,37.33029],[-6.37372,37.33044],[-6.37333,37.32922],[-6.37224,37.32906],[-6.37146,37.32746],[-6.37042,37.32752],[-6.37025,37.32715],[-6.3692,37.32714],[-6.36794,37.32622],[-6.36712,37.32607],[-6.36568,37.32445],[-6.36332,37.32389],[-6.36179,37.32262],[-6.36136,37.32182],[-6.35963,37.32162],[-6.35853,37.31996],[-6.35797,37.31957],[-6.35659,37.31916],[-6.3556,37.31844],[-6.35374,37.31763],[-6.3531,37.31703],[-6.35153,37.31691],[-6.35089,37.3162],[-6.34966,37.3157],[-6.34858,37.31575],[-6.34761,37.31545],[-6.34484,37.31349],[-6.34399,37.31313],[-6.34357,37.31271],[-6.34327,37.31181],[-6.34247,37.31077],[-6.34155,37.30886],[-6.33992,37.30762],[-6.33938,37.30632],[-6.33838,37.30527],[-6.3378,37.30413],[-6.33575,37.30243],[-6.33564,37.30135],[-6.333,37.2991],[-6.33312,37.29854],[-6.3346,37.2967],[-6.33473,37.29609],[-6.33427,37.29557],[-6.33443,37.29463],[-6.33499,37.29422],[-6.3365,37.28945],[-6.33744,37.28853],[-6.33845,37.2882],[-6.33868,37.28775],[-6.33863,37.28586],[-6.33903,37.28483],[-6.33995,37.2841],[-6.34006,37.28304],[-6.3403,37.28271],[-6.34282,37.28115],[-6.34241,37.27967],[-6.34183,37.27943],[-6.34163,37.27909],[-6.34167,37.27797],[-6.34107,37.27803],[-6.33922,37.27668],[-6.33835,37.27666],[-6.33786,37.27629],[-6.33743,37.27514],[-6.33708,37.27474],[-6.33548,37.27405],[-6.33438,37.27284],[-6.33364,37.27111],[-6.3325,37.26947],[-6.33179,37.26914],[-6.33157,37.26742],[-6.33079,37.26564],[-6.33143,37.26489],[-6.33162,37.26423],[-6.33062,37.26458],[-6.32893,37.26469],[-6.32712,37.2644],[-6.32206,37.26455],[-6.31976,37.26411],[-6.31759,37.26466],[-6.31504,37.2645],[-6.31272,37.26467],[-6.30827,37.26421],[-6.30318,37.2629],[-6.30098,37.26291],[-6.29559,37.26487],[-6.29291,37.26649],[-6.28781,37.26702],[-6.28578,37.2676],[-6.28329,37.26773],[-6.28088,37.26922],[-6.27758,37.2726],[-6.27649,37.2732],[-6.27498,37.2736],[-6.27606,37.27605],[-6.27412,37.27632],[-6.27585,37.27893],[-6.27587,37.27938],[-6.27631,37.28],[-6.2761,37.2804],[-6.27651,37.2808],[-6.27653,37.28127],[-6.27808,37.28175],[-6.27895,37.2824],[-6.28027,37.28275],[-6.28063,37.28313],[-6.2821,37.28629],[-6.2821,37.28828],[-6.28286,37.28911],[-6.2828,37.2905],[-6.28352,37.29232],[-6.28333,37.29599],[-6.28395,37.29756],[-6.28469,37.29817],[-6.28464,37.3003],[-6.2851,37.30137],[-6.28768,37.30368],[-6.2889,37.3048]]]}},{"type":"Feature","properties":{"COD_POSTAL":"41860"},"geometry":{"type":"Polygon","coordinates":[[[-6.21741,37.52578],[-6.21704,37.52512],[-6.21564,37.52498],[-6.21475,37.52539],[-6.2109,37.52235],[-6.2076,37.5187],[-6.20555,37.51328],[-6.20286,37.5091],[-6.20205,37.50551],[-6.20124,37.50331],[-6.19874,37.49921],[-6.19786,37.49688],[-6.19654,37.49766],[-6.19553,37.50057],[-6.19436,37.50098],[-6.18471,37.50104],[-6.17963,37.50058],[-6.17404,37.50051],[-6.17443,37.50008],[-6.17515,37.49602],[-6.17318,37.49546],[-6.16496,37.49128],[-6.16291,37.48978],[-6.15943,37.48637],[-6.15881,37.48601],[-6.15691,37.48572],[-6.15324,37.48369],[-6.15189,37.48326],[-6.14537,37.48185],[-6.14157,37.48144],[-6.13708,37.48171],[-6.13321,37.4809],[-6.12974,37.47973],[-6.1248,37.47951],[-6.11845,37.47712],[-6.11503,37.47756],[-6.1133,37.47741],[-6.11342,37.47526],[-6.11309,37.47435],[-6.11268,37.47402],[-6.10812,37.47709],[-6.10977,37.4818],[-6.11003,37.48397],[-6.10831,37.48699],[-6.10563,37.49045],[-6.09896,37.4968],[-6.09461,37.49895],[-6.09126,37.5001],[-6.08634,37.50321],[-6.08669,37.50347],[-6.08696,37.5043],[-6.08634,37.50557],[-6.0866,37.50642],[-6.09028,37.50816],[-6.09122,37.50907],[-6.08969,37.51145],[-6.0898,37.51208],[-6.09049,37.51244],[-6.09238,37.51222],[-6.09292,37.5126],[-6.0939,37.51559],[-6.09388,37.51612],[-6.0935,37.51666],[-6.09155,37.51804],[-6.09165,37.51891],[-6.0932,37.52069],[-6.095,37.52102],[-6.09568,37.52304],[-6.09618,37.52374],[-6.097,37.52421],[-6.09875,37.52462],[-6.09931,37.52503],[-6.10097,37.52843],[-6.10308,37.53051],[-6.10471,37.53585],[-6.10645,37.53733],[-6.1066,37.53772],[-6.10622,37.53915],[-6.10633,37.54004],[-6.10711,37.54125],[-6.10864,37.54232],[-6.10882,37.54415],[-6.11278,37.54661],[-6.11442,37.54856],[-6.11476,37.54948],[-6.11452,37.55121],[-6.11399,37.55171],[-6.11276,37.55191],[-6.11269,37.55236],[-6.11302,37.5532],[-6.11343,37.55362],[-6.11414,37.5537],[-6.11542,37.55291],[-6.11631,37.55288],[-6.11666,37.55329],[-6.1169,37.55422],[-6.11935,37.55564],[-6.1194,37.55636],[-6.11841,37.5577],[-6.11851,37.55807],[-6.11949,37.55883],[-6.11967,37.55922],[-6.11946,37.5607],[-6.12029,37.56137],[-6.1213,37.56171],[-6.1219,37.56236],[-6.12175,37.56277],[-6.12093,37.56323],[-6.12113,37.56402],[-6.12004,37.56464],[-6.11969,37.56521],[-6.11906,37.56699],[-6.12054,37.56719],[-6.12043,37.56787],[-6.12159,37.56873],[-6.12169,37.56959],[-6.12275,37.57009],[-6.12315,37.5712],[-6.12345,37.57115],[-6.12375,37.57044],[-6.12405,37.57031],[-6.12444,37.57071],[-6.12536,37.57011],[-6.12571,37.57012],[-6.12624,37.57046],[-6.12629,37.57109],[-6.12807,37.57115],[-6.12944,37.5723],[-6.12932,37.57322],[-6.13009,37.5744],[-6.13104,37.57667],[-6.13031,37.57849],[-6.13065,37.581],[-6.13047,37.583],[-6.13123,37.58452],[-6.13124,37.58712],[-6.13202,37.58716],[-6.13236,37.58936],[-6.13337,37.59188],[-6.13474,37.59288],[-6.13727,37.59601],[-6.13908,37.5955],[-6.14337,37.59515],[-6.14701,37.59615],[-6.15018,37.59962],[-6.15066,37.6007],[-6.15239,37.60196],[-6.15292,37.60323],[-6.15344,37.60371],[-6.15755,37.60579],[-6.15889,37.60688],[-6.16128,37.60738],[-6.16599,37.60951],[-6.1677,37.60873],[-6.16997,37.60921],[-6.17064,37.60914],[-6.17187,37.60818],[-6.17285,37.60803],[-6.1758,37.60653],[-6.17662,37.60426],[-6.17742,37.60374],[-6.1794,37.60338],[-6.17955,37.60197],[-6.18214,37.60195],[-6.18481,37.60342],[-6.1884,37.6036],[-6.19134,37.6045],[-6.19452,37.60583],[-6.20015,37.60723],[-6.2025,37.60807],[-6.2052,37.60975],[-6.2055,37.61168],[-6.20615,37.61159],[-6.20639,37.61027],[-6.21063,37.61096],[-6.21679,37.61334],[-6.2179,37.61566],[-6.21815,37.61532],[-6.21897,37.6165],[-6.22129,37.61826],[-6.22239,37.62017],[-6.22602,37.62261],[-6.22693,37.62464],[-6.22875,37.63172],[-6.23001,37.63388],[-6.23273,37.63634],[-6.24141,37.63345],[-6.24909,37.62982],[-6.25502,37.62885],[-6.25722,37.62812],[-6.2552,37.62753],[-6.25051,37.6251],[-6.2471,37.62241],[-6.2454,37.6198],[-6.2433,37.61748],[-6.24319,37.61535],[-6.24161,37.61129],[-6.23966,37.61018],[-6.2394,37.6093],[-6.23851,37.60846],[-6.23752,37.60802],[-6.2351,37.60615],[-6.23378,37.60445],[-6.23218,37.60173],[-6.23192,37.59861],[-6.23225,37.59746],[-6.23239,37.59418],[-6.23112,37.59071],[-6.23017,37.58921],[-6.22839,37.58716],[-6.22842,37.58656],[-6.22917,37.58522],[-6.22901,37.58371],[-6.22951,37.58319],[-6.22997,37.58145],[-6.22916,37.58022],[-6.22905,37.57965],[-6.22939,37.57822],[-6.22904,37.5771],[-6.22939,37.57695],[-6.22856,37.57338],[-6.22892,37.57272],[-6.22993,37.57195],[-6.23042,37.57103],[-6.23132,37.57037],[-6.23203,37.5692],[-6.23263,37.56756],[-6.232,37.56694],[-6.23308,37.56434],[-6.23224,37.56278],[-6.23274,37.56206],[-6.23459,37.56101],[-6.23499,37.55969],[-6.23398,37.55805],[-6.23391,37.55696],[-6.2336,37.55635],[-6.23264,37.556],[-6.23133,37.55459],[-6.23045,37.554],[-6.23007,37.55316],[-6.22835,37.55291],[-6.2276,37.55099],[-6.22752,37.54977],[-6.22509,37.54586],[-6.22475,37.54417],[-6.2237,37.54323],[-6.2215,37.5404],[-6.22068,37.53746],[-6.21882,37.53416],[-6.21728,37.532],[-6.21632,37.52827],[-6.21649,37.52789],[-6.21741,37.52578]]]}},{"type":"Feature","properties":{"COD_POSTAL":"41910"},"geometry":{"type":"Polygon","coordinates":[[[-6.03493,37.38277],[-6.03435,37.38435],[-6.03445,37.38799],[-6.03363,37.39038],[-6.03421,37.39331],[-6.03876,37.3945],[-6.04408,37.39647],[-6.04733,37.39025],[-6.04503,37.39004],[-6.0439,37.38948],[-6.04346,37.38899],[-6.04355,37.38835],[-6.04385,37.38812],[-6.04563,37.38758],[-6.04588,37.385],[-6.04524,37.38286],[-6.04526,37.38212],[-6.03852,37.38076],[-6.03659,37.38144],[-6.03493,37.38277]]]}},{"type":"Feature","properties":{"COD_POSTAL":"41760"},"geometry":{"type":"Polygon","coordinates":[[[-5.60414,37.08012],[-5.6044,37.0909],[-5.60415,37.09588],[-5.60435,37.09754],[-5.60508,37.09919],[-5.60597,37.10049],[-5.61111,37.10651],[-5.61239,37.10868],[-5.61653,37.109],[-5.61858,37.10977],[-5.62519,37.11079],[-5.63403,37.11138],[-5.637,37.11121],[-5.64079,37.11062],[-5.64348,37.11136],[-5.64728,37.11194],[-5.65102,37.11221],[-5.65365,37.11273],[-5.6542,37.11261],[-5.65512,37.11198],[-5.6556,37.11104],[-5.65795,37.10423],[-5.65834,37.1036],[-5.65995,37.1037],[-5.66189,37.1046],[-5.66368,37.10446],[-5.66969,37.09344],[-5.67157,37.09164],[-5.67196,37.09044],[-5.67119,37.0879],[-5.67136,37.0863],[-5.67168,37.0855],[-5.67537,37.08116],[-5.67701,37.08003],[-5.67852,37.07962],[-5.67831,37.07128],[-5.6779,37.06998],[-5.67918,37.06594],[-5.67925,37.06371],[-5.6791,37.06288],[-5.67825,37.06158],[-5.67764,37.0565],[-5.67729,37.05549],[-5.67791,37.05364],[-5.67837,37.05335],[-5.67836,37.05256],[-5.67884,37.05114],[-5.67806,37.05026],[-5.67892,37.04754],[-5.67657,37.04525],[-5.67578,37.04411],[-5.67448,37.04131],[-5.67392,37.04082],[-5.67313,37.04055],[-5.67117,37.04042],[-5.66806,37.03914],[-5.66547,37.0356],[-5.66439,37.03474],[-5.65679,37.03006],[-5.64919,37.0232],[-5.64685,37.02036],[-5.64377,37.01789],[-5.64035,37.01447],[-5.63813,37.0118],[-5.63606,37.00852],[-5.63071,37.00214],[-5.62941,37.00102],[-5.62788,37.00016],[-5.62462,36.99717],[-5.62012,36.99208],[-5.61877,36.99095],[-5.61481,36.98937],[-5.61231,36.9871],[-5.60852,36.98431],[-5.61242,36.9815],[-5.61374,36.97585],[-5.61357,36.97487],[-5.61124,36.97196],[-5.60177,36.96566],[-5.6008,36.96523],[-5.59695,36.96461],[-5.59605,36.96065],[-5.59496,36.9603],[-5.5941,36.95738],[-5.59142,36.95219],[-5.5886,36.94737],[-5.58815,36.94689],[-5.58711,36.94701],[-5.58677,36.94441],[-5.58691,36.93628],[-5.58639,36.93313],[-5.58635,36.93011],[-5.58568,36.92283],[-5.58585,36.92146],[-5.58457,36.91759],[-5.5834,36.91509],[-5.57925,36.9127],[-5.57586,36.91116],[-5.56966,36.90896],[-5.56404,36.90763],[-5.54732,36.89894],[-5.53901,36.89539],[-5.53382,36.89345],[-5.53624,36.89885],[-5.539,36.90403],[-5.53909,36.90607],[-5.53936,36.90699],[-5.54237,36.91072],[-5.54729,36.91849],[-5.55106,36.92328],[-5.55321,36.92888],[-5.55724,36.93478],[-5.56043,36.94033],[-5.56766,36.94936],[-5.57045,36.95461],[-5.57333,36.95834],[-5.57642,36.96348],[-5.5802,36.96861],[-5.58066,36.96942],[-5.58233,36.97614],[-5.58244,36.97967],[-5.58553,36.9841],[-5.58745,36.98805],[-5.5888,36.99159],[-5.59247,36.99754],[-5.59691,37.00221],[-5.60039,37.00758],[-5.60239,37.0101],[-5.60545,37.01723],[-5.60558,37.01855],[-5.60488,37.02622],[-5.60511,37.02903],[-5.60556,37.03086],[-5.60587,37.03103],[-5.60716,37.03075],[-5.60844,37.0344],[-5.60926,37.03722],[-5.60962,37.03965],[-5.60945,37.04229],[-5.60973,37.04448],[-5.60668,37.05815],[-5.60601,37.06222],[-5.6043,37.06812],[-5.6037,37.07129],[-5.60335,37.07446],[-5.60411,37.07924],[-5.60414,37.08012]]]}},{"type":"Feature","properties":{"COD_POSTAL":"41899"},"geometry":{"type":"Polygon","coordinates":[[[-6.31223,37.71962],[-6.28835,37.69199],[-6.27401,37.69527],[-6.2296,37.73257],[-6.23236,37.73603],[-6.23501,37.73888],[-6.23513,37.73934],[-6.23489,37.74052],[-6.23333,37.74226],[-6.233,37.74294],[-6.23306,37.74331],[-6.23384,37.74399],[-6.23516,37.74439],[-6.23632,37.7443],[-6.23902,37.74277],[-6.24352,37.74091],[-6.2466,37.74077],[-6.25167,37.74236],[-6.25242,37.74278],[-6.255,37.74518],[-6.25528,37.74587],[-6.25514,37.74654],[-6.25389,37.74754],[-6.2506,37.74787],[-6.2474,37.74689],[-6.24548,37.74674],[-6.24479,37.74715],[-6.24467,37.74775],[-6.2464,37.75163],[-6.24745,37.75554],[-6.24745,37.7575],[-6.24883,37.75954],[-6.25085,37.76093],[-6.25178,37.76283],[-6.25232,37.76314],[-6.25431,37.76275],[-6.25575,37.76162],[-6.25784,37.76063],[-6.25879,37.76057],[-6.26038,37.76137],[-6.2632,37.76103],[-6.26618,37.7614],[-6.26701,37.76097],[-6.26808,37.75992],[-6.27121,37.75877],[-6.27849,37.75841],[-6.29025,37.76063],[-6.29278,37.7601],[-6.2964,37.76098],[-6.30321,37.76166],[-6.31102,37.76487],[-6.31989,37.76395],[-6.3249,37.76136],[-6.32925,37.75981],[-6.33967,37.75889],[-6.3488,37.75744],[-6.353,37.75533],[-6.36402,37.73146],[-6.31828,37.72222],[-6.31223,37.71962]]]}},{"type":"Feature","properties":{"COD_POSTAL":"41200"},"geometry":{"type":"Polygon","coordinates":[[[-5.96961,37.54151],[-6.01989,37.51206],[-6.01758,37.50517],[-6.01415,37.50103],[-6.01189,37.49901],[-6.0112,37.49811],[-6.00941,37.49688],[-6.00527,37.49184],[-6.00344,37.49118],[-5.99813,37.49509],[-5.98518,37.50639],[-5.98418,37.50305],[-5.97915,37.503],[-5.97956,37.50209],[-5.97753,37.5019],[-5.97794,37.49834],[-5.97778,37.49245],[-5.97642,37.48998],[-5.97355,37.48886],[-5.96911,37.48768],[-5.96208,37.48739],[-5.95756,37.48649],[-5.95601,37.48655],[-5.95451,37.48703],[-5.95166,37.48975],[-5.95051,37.4921],[-5.95075,37.49294],[-5.95176,37.49405],[-5.95723,37.4934],[-5.95911,37.49382],[-5.9602,37.49433],[-5.96171,37.49547],[-5.96243,37.49633],[-5.96293,37.49771],[-5.96279,37.49884],[-5.96241,37.49948],[-5.95952,37.49818],[-5.95421,37.49805],[-5.95051,37.49881],[-5.94731,37.49911],[-5.94586,37.50011],[-5.94305,37.5041],[-5.94324,37.50484],[-5.94461,37.50633],[-5.94727,37.51015],[-5.94779,37.51111],[-5.94807,37.5133],[-5.94797,37.51398],[-5.94591,37.51372],[-5.94446,37.51402],[-5.96961,37.54151]]]}},{"type":"Feature","properties":{"COD_POSTAL":"41750"},"geometry":{"type":"Polygon","coordinates":[[[-5.72641,37.17135],[-5.72757,37.17201],[-5.72821,37.17182],[-5.72826,37.17159],[-5.72934,37.17148],[-5.72975,37.17083],[-5.73077,37.17033],[-5.73116,37.17091],[-5.73349,37.16912],[-5.73622,37.16755],[-5.73862,37.16755],[-5.73881,37.16832],[-5.74137,37.16932],[-5.74264,37.16869],[-5.74364,37.16776],[-5.74471,37.1674],[-5.74613,37.16738],[-5.7455,37.16616],[-5.74897,37.16278],[-5.74882,37.16149],[-5.74983,37.16044],[-5.75142,37.16106],[-5.75452,37.16013],[-5.74906,37.15669],[-5.74218,37.15168],[-5.73894,37.1498],[-5.73155,37.14415],[-5.72863,37.14249],[-5.72594,37.1413],[-5.7214,37.13824],[-5.71946,37.13878],[-5.71849,37.13935],[-5.71699,37.13959],[-5.7159,37.1404],[-5.71513,37.14064],[-5.71199,37.14076],[-5.71047,37.14244],[-5.70896,37.14364],[-5.70504,37.14477],[-5.69929,37.14427],[-5.6975,37.14374],[-5.69361,37.14421],[-5.69241,37.14466],[-5.68917,37.14654],[-5.68793,37.14682],[-5.68488,37.1472],[-5.68266,37.14672],[-5.67914,37.14638],[-5.67382,37.14863],[-5.67278,37.14774],[-5.66948,37.14588],[-5.66782,37.1446],[-5.65783,37.1393],[-5.65746,37.13829],[-5.65627,37.1366],[-5.6547,37.13558],[-5.6526,37.13495],[-5.64222,37.13404],[-5.63732,37.13334],[-5.63392,37.13252],[-5.62553,37.12938],[-5.61852,37.12747],[-5.62292,37.13454],[-5.62713,37.14008],[-5.62934,37.14418],[-5.63459,37.15289],[-5.63606,37.15568],[-5.63789,37.16067],[-5.64016,37.16595],[-5.64179,37.16812],[-5.64408,37.17447],[-5.64596,37.17827],[-5.64654,37.18147],[-5.64828,37.18407],[-5.64955,37.18682],[-5.65039,37.18721],[-5.65261,37.1879],[-5.65382,37.18789],[-5.65652,37.18736],[-5.66233,37.18724],[-5.66807,37.18807],[-5.67072,37.18802],[-5.68437,37.18936],[-5.68833,37.18889],[-5.69229,37.18793],[-5.69207,37.18668],[-5.69421,37.18564],[-5.70193,37.1826],[-5.7076,37.17993],[-5.71336,37.1777],[-5.72141,37.17403],[-5.72263,37.1736],[-5.72437,37.17368],[-5.72497,37.17324],[-5.72584,37.17413],[-5.72636,37.17384],[-5.72599,37.17148],[-5.72615,37.17137],[-5.72641,37.17135]]]}},{"type":"Feature","properties":{"COD_POSTAL":"41930"},"geometry":{"type":"Polygon","coordinates":[[[-6.07607,37.37909],[-6.07783,37.37699],[-6.07948,37.37655],[-6.0822,37.37644],[-6.08281,37.37622],[-6.08326,37.37563],[-6.08369,37.37556],[-6.08511,37.37613],[-6.08966,37.37702],[-6.09098,37.37791],[-6.09169,37.37804],[-6.09666,37.37693],[-6.10017,37.37525],[-6.09958,37.37462],[-6.10031,37.37406],[-6.0992,37.37362],[-6.09858,37.37235],[-6.09851,37.37128],[-6.09804,37.37065],[-6.09736,37.37024],[-6.09733,37.36851],[-6.09606,37.36762],[-6.09622,37.36693],[-6.09945,37.36648],[-6.10261,37.36641],[-6.10595,37.36517],[-6.11016,37.36514],[-6.11044,37.36452],[-6.11091,37.36433],[-6.11557,37.36415],[-6.11633,37.36258],[-6.11842,37.36269],[-6.11716,37.35929],[-6.11796,37.35726],[-6.11956,37.35663],[-6.11972,37.35547],[-6.11942,37.3551],[-6.11791,37.35474],[-6.10501,37.35734],[-6.10049,37.35728],[-6.09891,37.35705],[-6.09788,37.35654],[-6.09599,37.3562],[-6.09477,37.35623],[-6.09435,37.35559],[-6.09458,37.35263],[-6.09444,37.35219],[-6.09493,37.35193],[-6.09505,37.35162],[-6.09492,37.35058],[-6.09454,37.35027],[-6.09483,37.3497],[-6.09433,37.34847],[-6.09321,37.34759],[-6.09336,37.34636],[-6.09241,37.34607],[-6.09297,37.34543],[-6.09248,37.34493],[-6.0924,37.34434],[-6.09142,37.34496],[-6.08754,37.34649],[-6.08399,37.34893],[-6.08307,37.34895],[-6.08001,37.34815],[-6.07397,37.34942],[-6.07169,37.35096],[-6.06992,37.35176],[-6.06789,37.35367],[-6.06649,37.35389],[-6.06406,37.35358],[-6.06079,37.35604],[-6.05608,37.35788],[-6.05694,37.35996],[-6.06036,37.35932],[-6.05981,37.36131],[-6.05908,37.36242],[-6.05901,37.36403],[-6.06054,37.36736],[-6.06231,37.36976],[-6.06227,37.37017],[-6.0617,37.37068],[-6.06175,37.37114],[-6.0634,37.37304],[-6.06344,37.37338],[-6.06258,37.37417],[-6.06258,37.37447],[-6.06331,37.37589],[-6.06305,37.37611],[-6.06307,37.37877],[-6.06408,37.38087],[-6.06339,37.38264],[-6.06403,37.38472],[-6.07255,37.3812],[-6.07556,37.37957],[-6.07607,37.37909]]]}},{"type":"Feature","properties":{"COD_POSTAL":"41888"},"geometry":{"type":"Polygon","coordinates":[[[-6.17902,37.6715],[-6.1805,37.67284],[-6.18462,37.67186],[-6.19083,37.6698],[-6.19132,37.66934],[-6.19554,37.66256],[-6.19879,37.66013],[-6.19979,37.65901],[-6.20154,37.65765],[-6.20999,37.6526],[-6.2159,37.64977],[-6.23006,37.63886],[-6.23273,37.63634],[-6.23001,37.63388],[-6.22875,37.63172],[-6.22693,37.62464],[-6.22602,37.62261],[-6.22239,37.62017],[-6.22129,37.61826],[-6.21897,37.6165],[-6.21815,37.61532],[-6.2179,37.61566],[-6.21679,37.61334],[-6.21063,37.61096],[-6.20639,37.61027],[-6.20615,37.61159],[-6.2055,37.61168],[-6.2052,37.60975],[-6.2025,37.60807],[-6.20015,37.60723],[-6.19452,37.60583],[-6.19134,37.6045],[-6.1884,37.6036],[-6.18481,37.60342],[-6.18214,37.60195],[-6.17955,37.60197],[-6.1794,37.60338],[-6.17742,37.60374],[-6.17662,37.60426],[-6.1758,37.60653],[-6.17285,37.60803],[-6.17187,37.60818],[-6.17045,37.60919],[-6.1677,37.60873],[-6.16599,37.60951],[-6.16128,37.60738],[-6.15889,37.60688],[-6.15755,37.60579],[-6.15309,37.60345],[-6.15239,37.60196],[-6.15066,37.6007],[-6.15018,37.59962],[-6.14701,37.59615],[-6.14337,37.59515],[-6.13908,37.5955],[-6.13727,37.59601],[-6.13474,37.59288],[-6.13337,37.59188],[-6.13236,37.58936],[-6.13202,37.58716],[-6.13124,37.58712],[-6.13185,37.59227],[-6.1316,37.5929],[-6.13086,37.59351],[-6.13064,37.59508],[-6.13125,37.59845],[-6.13108,37.59951],[-6.13138,37.60089],[-6.13131,37.60181],[-6.13058,37.60355],[-6.12883,37.60647],[-6.1282,37.61065],[-6.12886,37.6125],[-6.13002,37.61353],[-6.13203,37.61695],[-6.13281,37.61905],[-6.13339,37.62179],[-6.13456,37.62395],[-6.13491,37.62691],[-6.13509,37.62721],[-6.13935,37.62877],[-6.14073,37.62985],[-6.14187,37.63125],[-6.14302,37.63375],[-6.1448,37.63415],[-6.14628,37.63486],[-6.14688,37.63547],[-6.14966,37.63985],[-6.15154,37.64174],[-6.15305,37.64386],[-6.15359,37.64595],[-6.15497,37.64691],[-6.15605,37.64805],[-6.15721,37.65068],[-6.15788,37.65085],[-6.15931,37.65064],[-6.16163,37.65309],[-6.16189,37.65531],[-6.16289,37.65641],[-6.1633,37.65737],[-6.1633,37.65863],[-6.16281,37.66033],[-6.16293,37.66093],[-6.16501,37.66352],[-6.16551,37.66467],[-6.16726,37.66677],[-6.16812,37.66841],[-6.16846,37.66964],[-6.17181,37.6714],[-6.17366,37.67197],[-6.17476,37.67202],[-6.17775,37.67117],[-6.17892,37.6714],[-6.17902,37.6715]]]}},{"type":"Feature","properties":{"COD_POSTAL":"41460"},"geometry":{"type":"Polygon","coordinates":[[[-5.47631,37.98263],[-5.47655,37.98322],[-5.47747,37.98421],[-5.47906,37.98485],[-5.47934,37.98523],[-5.47967,37.98731],[-5.48116,37.98817],[-5.48153,37.98949],[-5.48187,37.98979],[-5.48292,37.99016],[-5.48527,37.99035],[-5.48601,37.99122],[-5.48706,37.9934],[-5.48736,37.99361],[-5.48844,37.99345],[-5.48981,37.9928],[-5.49066,37.99304],[-5.49351,37.99623],[-5.49425,37.99883],[-5.49371,38.00012],[-5.49431,37.99985],[-5.49585,37.99502],[-5.49793,37.99187],[-5.49903,37.99067],[-5.50372,37.98633],[-5.50785,37.98372],[-5.51031,37.98187],[-5.51115,37.98146],[-5.51329,37.98101],[-5.51473,37.9791],[-5.5147,37.97679],[-5.51688,37.97542],[-5.51711,37.9749],[-5.51714,37.97261],[-5.51541,37.97054],[-5.51514,37.96973],[-5.51525,37.96808],[-5.51587,37.96702],[-5.51653,37.96682],[-5.51816,37.96505],[-5.51851,37.9641],[-5.52131,37.96239],[-5.52233,37.9606],[-5.5223,37.9603],[-5.5214,37.95955],[-5.51995,37.95901],[-5.51904,37.95792],[-5.51742,37.95807],[-5.51675,37.9578],[-5.51641,37.95583],[-5.51652,37.95538],[-5.51829,37.9536],[-5.51846,37.95312],[-5.51712,37.95178],[-5.51511,37.95111],[-5.5129,37.94972],[-5.51058,37.94951],[-5.50819,37.9482],[-5.50633,37.94461],[-5.50573,37.94401],[-5.50599,37.94336],[-5.50593,37.94277],[-5.5043,37.94157],[-5.50372,37.94044],[-5.50361,37.93984],[-5.5038,37.93941],[-5.50462,37.93888],[-5.50416,37.93801],[-5.50382,37.93643],[-5.50401,37.9337],[-5.50226,37.93322],[-5.49902,37.933],[-5.49556,37.9308],[-5.49255,37.92924],[-5.49123,37.92821],[-5.49039,37.92741],[-5.48951,37.92567],[-5.48982,37.92343],[-5.4893,37.92181],[-5.48601,37.92037],[-5.48134,37.91945],[-5.47976,37.91865],[-5.47912,37.91777],[-5.47852,37.91603],[-5.47754,37.91476],[-5.47722,37.9138],[-5.47733,37.91187],[-5.47657,37.91163],[-5.47461,37.91278],[-5.47267,37.91299],[-5.46837,37.90956],[-5.46415,37.90963],[-5.46313,37.90918],[-5.46159,37.90678],[-5.46147,37.90524],[-5.46177,37.90391],[-5.4598,37.90179],[-5.45918,37.89953],[-5.4578,37.89911],[-5.45728,37.89814],[-5.45621,37.89745],[-5.45568,37.89606],[-5.45533,37.89569],[-5.45501,37.8957],[-5.45331,37.89706],[-5.4528,37.89712],[-5.45242,37.89694],[-5.4518,37.89547],[-5.451,37.89503],[-5.44837,37.89622],[-5.44736,37.89618],[-5.44578,37.89493],[-5.44551,37.89446],[-5.44708,37.89091],[-5.44699,37.89057],[-5.44668,37.89032],[-5.44529,37.8902],[-5.44186,37.8865],[-5.44111,37.88529],[-5.44003,37.88531],[-5.43858,37.88602],[-5.4381,37.88575],[-5.43656,37.88395],[-5.43624,37.88391],[-5.4356,37.88498],[-5.43497,37.88517],[-5.43402,37.88382],[-5.43185,37.88353],[-5.4306,37.88254],[-5.4299,37.88177],[-5.42976,37.88111],[-5.43145,37.87878],[-5.43179,37.87874],[-5.43302,37.87976],[-5.43371,37.87965],[-5.43472,37.87892],[-5.43474,37.87859],[-5.43315,37.87816],[-5.43232,37.87696],[-5.4313,37.8761],[-5.4298,37.87589],[-5.42926,37.87552],[-5.42893,37.87465],[-5.42822,37.87038],[-5.42824,37.8685],[-5.42521,37.86951],[-5.42356,37.86934],[-5.42059,37.86723],[-5.41902,37.86512],[-5.41462,37.86456],[-5.40846,37.8661],[-5.40847,37.86664],[-5.40793,37.86761],[-5.40819,37.86863],[-5.40857,37.86913],[-5.41011,37.86985],[-5.41043,37.87027],[-5.4106,37.87118],[-5.41091,37.87135],[-5.41164,37.87155],[-5.41247,37.87126],[-5.41297,37.86997],[-5.41378,37.86943],[-5.41471,37.86946],[-5.41494,37.86983],[-5.41376,37.87455],[-5.41378,37.87522],[-5.41463,37.87692],[-5.41568,37.87697],[-5.41636,37.87657],[-5.41682,37.87667],[-5.41755,37.87753],[-5.41735,37.87787],[-5.41577,37.8785],[-5.41533,37.87905],[-5.41536,37.8794],[-5.41688,37.8813],[-5.41611,37.88324],[-5.41611,37.88429],[-5.41642,37.88521],[-5.41723,37.88677],[-5.41792,37.8875],[-5.42011,37.88848],[-5.42183,37.88861],[-5.42206,37.88888],[-5.42092,37.89046],[-5.42097,37.893],[-5.4208,37.8933],[-5.41731,37.89689],[-5.41511,37.89762],[-5.41417,37.89847],[-5.41371,37.90144],[-5.41415,37.90298],[-5.41352,37.90485],[-5.41416,37.90617],[-5.41472,37.9066],[-5.41627,37.90664],[-5.41673,37.90705],[-5.41657,37.90823],[-5.41734,37.91114],[-5.41635,37.91264],[-5.41797,37.91655],[-5.41838,37.9169],[-5.41924,37.91712],[-5.42022,37.91801],[-5.42133,37.918],[-5.42198,37.91818],[-5.42208,37.91843],[-5.41977,37.91957],[-5.41724,37.92119],[-5.41692,37.92226],[-5.4172,37.92284],[-5.41979,37.92446],[-5.42016,37.92492],[-5.4202,37.92546],[-5.41879,37.92688],[-5.4174,37.92729],[-5.41651,37.92836],[-5.41663,37.92861],[-5.41717,37.9286],[-5.42079,37.92783],[-5.4216,37.92826],[-5.42261,37.92709],[-5.42335,37.92673],[-5.42391,37.92676],[-5.42427,37.92725],[-5.42318,37.92952],[-5.42336,37.93019],[-5.42323,37.93072],[-5.42261,37.93081],[-5.42228,37.93047],[-5.422,37.9294],[-5.42107,37.92925],[-5.41978,37.93106],[-5.41877,37.93171],[-5.41905,37.93296],[-5.41801,37.93384],[-5.41796,37.93416],[-5.41921,37.93471],[-5.4192,37.93556],[-5.41852,37.93658],[-5.41704,37.93729],[-5.41528,37.93856],[-5.41438,37.94156],[-5.41561,37.94367],[-5.41647,37.94422],[-5.41767,37.94457],[-5.41903,37.94546],[-5.4207,37.94783],[-5.42046,37.94845],[-5.42063,37.94883],[-5.42267,37.94894],[-5.42425,37.94978],[-5.42656,37.95023],[-5.4278,37.95125],[-5.42864,37.95234],[-5.42992,37.9528],[-5.43089,37.95353],[-5.43216,37.95388],[-5.43417,37.95515],[-5.43591,37.95689],[-5.43567,37.95799],[-5.43629,37.95846],[-5.43744,37.95888],[-5.4391,37.95897],[-5.44047,37.95932],[-5.44215,37.96004],[-5.44356,37.96017],[-5.44497,37.96116],[-5.44726,37.96145],[-5.44758,37.96202],[-5.44758,37.96311],[-5.44783,37.96335],[-5.44978,37.96356],[-5.45163,37.96516],[-5.45193,37.96687],[-5.45226,37.96718],[-5.4542,37.96662],[-5.45514,37.96669],[-5.45705,37.96731],[-5.45791,37.96903],[-5.46059,37.96881],[-5.46188,37.96956],[-5.46415,37.96983],[-5.46518,37.97049],[-5.46625,37.97039],[-5.46708,37.971],[-5.46828,37.97051],[-5.46894,37.97072],[-5.46932,37.97101],[-5.46971,37.97205],[-5.46971,37.97355],[-5.47002,37.9745],[-5.4703,37.97467],[-5.47142,37.97451],[-5.47191,37.97484],[-5.47241,37.97564],[-5.47405,37.97519],[-5.47465,37.97572],[-5.47644,37.98],[-5.47631,37.98258],[-5.47631,37.98263]]]}},{"type":"Feature","properties":{"COD_POSTAL":"41389"},"geometry":{"type":"Polygon","coordinates":[[[-5.6586,37.94718],[-5.6527,37.94309],[-5.63194,37.94513],[-5.62828,37.94614],[-5.62303,37.94844],[-5.61991,37.94906],[-5.61685,37.95015],[-5.61482,37.95158],[-5.60693,37.95928],[-5.60142,37.96376],[-5.59386,37.96908],[-5.58707,37.97338],[-5.57638,37.98121],[-5.57825,37.98282],[-5.58521,37.98509],[-5.58922,37.98672],[-5.59271,37.98686],[-5.59954,37.98665],[-5.59977,37.98719],[-5.59963,37.98835],[-5.59998,37.98989],[-5.6002,37.9976],[-5.60127,38.00186],[-5.60345,38.00749],[-5.66292,37.94918],[-5.6586,37.94718]]]}},{"type":"Feature","properties":{"COD_POSTAL":"41727"},"geometry":{"type":"Polygon","coordinates":[[[-5.89508,37.10562],[-5.8859,37.10788],[-5.88729,37.11006],[-5.87636,37.11278],[-5.8683,37.11448],[-5.86103,37.11535],[-5.86009,37.11575],[-5.8615,37.11854],[-5.8606,37.1196],[-5.88784,37.13713],[-5.90261,37.14719],[-5.90798,37.14698],[-5.92677,37.15062],[-5.94073,37.15725],[-5.94314,37.16773],[-5.97664,37.17764],[-5.98139,37.17375],[-5.94634,37.13159],[-5.96557,37.1212],[-5.95732,37.11312],[-5.95301,37.10833],[-5.97158,37.06195],[-5.95956,37.05949],[-5.95074,37.05796],[-5.94673,37.05689],[-5.93119,37.05178],[-5.92142,37.04806],[-5.92194,37.04541],[-5.92076,37.04322],[-5.91205,37.04428],[-5.91031,37.04322],[-5.90538,37.04271],[-5.90049,37.03826],[-5.89833,37.03701],[-5.89655,37.03646],[-5.89562,37.03537],[-5.89469,37.03487],[-5.89197,37.03427],[-5.89002,37.03294],[-5.88622,37.03359],[-5.8844,37.03346],[-5.88024,37.0316],[-5.87944,37.03103],[-5.8755,37.02941],[-5.87131,37.04839],[-5.878,37.07255],[-5.89508,37.10562]]]}},{"type":"Feature","properties":{"COD_POSTAL":"41920"},"geometry":{"type":"Polygon","coordinates":[[[-6.02044,37.37245],[-6.02125,37.37287],[-6.02156,37.37384],[-6.02199,37.37414],[-6.02172,37.37479],[-6.02232,37.37508],[-6.0224,37.37539],[-6.02154,37.37639],[-6.02218,37.37764],[-6.02179,37.37944],[-6.02225,37.3794],[-6.02308,37.37814],[-6.02464,37.37658],[-6.02722,37.37475],[-6.0335,37.37279],[-6.03503,37.37292],[-6.03468,37.37085],[-6.03433,37.37037],[-6.03548,37.36919],[-6.03598,37.36809],[-6.03666,37.3676],[-6.03916,37.36719],[-6.04279,37.36458],[-6.04422,37.36414],[-6.04656,37.36097],[-6.04734,37.36087],[-6.04851,37.36019],[-6.05306,37.35953],[-6.05467,37.35894],[-6.05497,37.35859],[-6.05114,37.35904],[-6.04706,37.35877],[-6.04423,37.35889],[-6.0369,37.35721],[-6.03394,37.35545],[-6.03324,37.3546],[-6.03344,37.35217],[-6.03306,37.34852],[-6.03202,37.3488],[-6.03114,37.34873],[-6.02947,37.34931],[-6.02836,37.35001],[-6.02667,37.35023],[-6.02321,37.35009],[-6.02242,37.35035],[-6.02225,37.35161],[-6.02251,37.3545],[-6.02203,37.35829],[-6.02241,37.36213],[-6.02204,37.36735],[-6.02141,37.36905],[-6.0195,37.37099],[-6.01982,37.37177],[-6.02044,37.37245]]]}},{"type":"Feature","properties":{"COD_POSTAL":"41907"},"geometry":{"type":"Polygon","coordinates":[[[-6.09766,37.41116],[-6.09875,37.4096],[-6.10022,37.40647],[-6.10179,37.40461],[-6.1066,37.40142],[-6.10306,37.40161],[-6.10177,37.40121],[-6.09733,37.40076],[-6.09418,37.39976],[-6.08939,37.39985],[-6.08894,37.39952],[-6.08904,37.39756],[-6.08856,37.39626],[-6.08823,37.39434],[-6.08633,37.39417],[-6.08391,37.39334],[-6.08097,37.39315],[-6.07624,37.39375],[-6.07636,37.39431],[-6.07619,37.39463],[-6.07519,37.39517],[-6.07069,37.39369],[-6.06569,37.3902],[-6.06451,37.38986],[-6.0642,37.39018],[-6.06445,37.39098],[-6.06423,37.39123],[-6.06272,37.39198],[-6.06199,37.39316],[-6.06077,37.39317],[-6.06166,37.3954],[-6.0628,37.3968],[-6.06295,37.3974],[-6.06213,37.40018],[-6.0621,37.40643],[-6.06147,37.40794],[-6.05832,37.4119],[-6.05599,37.41346],[-6.05324,37.41371],[-6.05198,37.4148],[-6.04862,37.4141],[-6.04746,37.41437],[-6.0454,37.41547],[-6.04441,37.41569],[-6.04352,37.41549],[-6.04169,37.41658],[-6.03901,37.41943],[-6.03749,37.41982],[-6.03432,37.42123],[-6.03495,37.42312],[-6.03014,37.42405],[-6.03325,37.42836],[-6.03555,37.42819],[-6.03772,37.42965],[-6.03967,37.42976],[-6.04136,37.43016],[-6.04379,37.43004],[-6.04692,37.43121],[-6.04826,37.43076],[-6.05129,37.43186],[-6.05405,37.43221],[-6.05555,37.43286],[-6.05663,37.43431],[-6.05722,37.43667],[-6.0573,37.43946],[-6.0583,37.44202],[-6.06205,37.44834],[-6.0625,37.45236],[-6.06308,37.45356],[-6.06346,37.4566],[-6.07124,37.45685],[-6.08721,37.45617],[-6.09121,37.45721],[-6.09273,37.45539],[-6.09447,37.45275],[-6.09627,37.45087],[-6.09158,37.4452],[-6.09237,37.44443],[-6.0931,37.44308],[-6.09434,37.44211],[-6.09459,37.44155],[-6.09352,37.43723],[-6.09118,37.43345],[-6.09141,37.43288],[-6.09226,37.43217],[-6.09235,37.43171],[-6.09201,37.42879],[-6.09145,37.42813],[-6.0912,37.42687],[-6.09156,37.42645],[-6.09347,37.42596],[-6.09392,37.423],[-6.09372,37.42179],[-6.09443,37.42049],[-6.09471,37.41677],[-6.09554,37.41442],[-6.0968,37.41227],[-6.09766,37.41116]]]}},{"type":"Feature","properties":{"COD_POSTAL":"41659"},"geometry":{"type":"Polygon","coordinates":[[[-5.15137,37.07609],[-5.15153,37.07563],[-5.153,37.07533],[-5.1532,37.07499],[-5.15277,37.07441],[-5.15129,37.074],[-5.14954,37.07281],[-5.14914,37.07142],[-5.14977,37.07121],[-5.15178,37.07261],[-5.15249,37.07263],[-5.15269,37.07242],[-5.15259,37.07094],[-5.15279,37.07034],[-5.15467,37.07008],[-5.15493,37.06986],[-5.15497,37.0693],[-5.15435,37.06809],[-5.15407,37.06686],[-5.1541,37.06597],[-5.15454,37.06509],[-5.1562,37.06322],[-5.15527,37.06165],[-5.15427,37.06073],[-5.14718,37.06085],[-5.14652,37.06107],[-5.14554,37.06189],[-5.14441,37.062],[-5.14381,37.06152],[-5.14355,37.06068],[-5.14507,37.05871],[-5.14513,37.05792],[-5.14327,37.0587],[-5.14057,37.05887],[-5.1393,37.05577],[-5.13784,37.05364],[-5.14087,37.05258],[-5.14502,37.05269],[-5.14573,37.04886],[-5.14433,37.0464],[-5.14405,37.04492],[-5.14233,37.04381],[-5.14188,37.04289],[-5.14104,37.04242],[-5.13996,37.04122],[-5.13908,37.0415],[-5.13772,37.04105],[-5.13747,37.04079],[-5.13732,37.03932],[-5.13669,37.03874],[-5.13563,37.0387],[-5.13473,37.03897],[-5.13393,37.04048],[-5.13325,37.04096],[-5.12943,37.04134],[-5.1278,37.04077],[-5.12719,37.03989],[-5.12684,37.03817],[-5.12653,37.03779],[-5.12538,37.03734],[-5.12522,37.03637],[-5.12545,37.03544],[-5.12485,37.03403],[-5.12599,37.03299],[-5.126,37.03274],[-5.12567,37.03214],[-5.1241,37.03099],[-5.12335,37.03015],[-5.12304,37.02938],[-5.12306,37.02786],[-5.12224,37.02777],[-5.12075,37.02847],[-5.11994,37.02849],[-5.11898,37.02765],[-5.11827,37.02529],[-5.11753,37.02436],[-5.11684,37.02412],[-5.11461,37.02465],[-5.11349,37.02452],[-5.11347,37.02292],[-5.11376,37.02166],[-5.11324,37.02046],[-5.11223,37.01911],[-5.11065,37.02058],[-5.10808,37.0211],[-5.10749,37.02245],[-5.10673,37.02347],[-5.10537,37.0239],[-5.10417,37.02399],[-5.10366,37.02449],[-5.10338,37.02523],[-5.10265,37.02564],[-5.09807,37.02556],[-5.0954,37.0262],[-5.09402,37.02695],[-5.09218,37.02701],[-5.09015,37.02842],[-5.08812,37.02888],[-5.08497,37.03035],[-5.08331,37.03147],[-5.07811,37.03062],[-5.07629,37.03015],[-5.07461,37.02938],[-5.07392,37.02966],[-5.07268,37.03171],[-5.06848,37.03258],[-5.06388,37.03254],[-5.06201,37.03209],[-5.05968,37.03192],[-5.05812,37.03202],[-5.05529,37.03271],[-5.05443,37.03253],[-5.05382,37.03202],[-5.05309,37.0306],[-5.04848,37.0381],[-5.04679,37.03995],[-5.04314,37.04235],[-5.03951,37.04405],[-5.03825,37.046],[-5.03358,37.04893],[-5.03299,37.049],[-5.03206,37.0485],[-5.02911,37.04509],[-5.02796,37.04407],[-5.02408,37.04598],[-5.02726,37.04903],[-5.02766,37.04988],[-5.02763,37.05052],[-5.02671,37.05168],[-5.02591,37.05184],[-5.0277,37.0543],[-5.02937,37.05723],[-5.03229,37.05844],[-5.0342,37.06091],[-5.03465,37.06184],[-5.03305,37.06395],[-5.03175,37.06504],[-5.02949,37.06638],[-5.02843,37.06672],[-5.02732,37.06753],[-5.02736,37.06899],[-5.02781,37.07044],[-5.02589,37.07378],[-5.02564,37.07518],[-5.02603,37.0757],[-5.02583,37.07667],[-5.02596,37.07769],[-5.02533,37.07921],[-5.02599,37.08008],[-5.02579,37.08089],[-5.02589,37.08227],[-5.0235,37.08604],[-5.02162,37.08695],[-5.02106,37.0877],[-5.02038,37.08813],[-5.0206,37.08829],[-5.02223,37.08764],[-5.02376,37.08762],[-5.02594,37.08613],[-5.02717,37.08628],[-5.02987,37.0856],[-5.03078,37.08564],[-5.03301,37.08418],[-5.03386,37.08431],[-5.0349,37.08494],[-5.03649,37.08491],[-5.03727,37.08448],[-5.0395,37.08399],[-5.04089,37.08466],[-5.04246,37.08371],[-5.04853,37.08335],[-5.04945,37.08272],[-5.05016,37.08255],[-5.05172,37.08273],[-5.05279,37.08308],[-5.05258,37.08363],[-5.05165,37.08406],[-5.05046,37.08411],[-5.04984,37.08447],[-5.04957,37.08586],[-5.05029,37.08904],[-5.05017,37.08971],[-5.04917,37.09103],[-5.05039,37.09258],[-5.0505,37.09364],[-5.08024,37.08284],[-5.08761,37.07829],[-5.08737,37.07583],[-5.08749,37.07023],[-5.08606,37.06805],[-5.08618,37.06473],[-5.0926,37.06028],[-5.10805,37.0616],[-5.11411,37.06985],[-5.12064,37.07412],[-5.14287,37.07706],[-5.15151,37.07618],[-5.15137,37.07609]]]}},{"type":"Feature","properties":{"COD_POSTAL":"41909"},"geometry":{"type":"MultiPolygon","coordinates":[[[[-6.02478,37.44649],[-6.02357,37.44668],[-6.02404,37.44861],[-6.02513,37.44847],[-6.02478,37.44649]]],[[[-6.11268,37.47402],[-6.11309,37.47435],[-6.11342,37.47526],[-6.1133,37.47741],[-6.11503,37.47756],[-6.11845,37.47712],[-6.1224,37.47847],[-6.12189,37.47726],[-6.12192,37.47572],[-6.12257,37.47049],[-6.12387,37.46502],[-6.12692,37.45981],[-6.12787,37.45914],[-6.1304,37.45597],[-6.13117,37.45378],[-6.13205,37.45259],[-6.13278,37.44967],[-6.13486,37.44806],[-6.13563,37.44776],[-6.13694,37.44647],[-6.13717,37.44457],[-6.14152,37.43665],[-6.14152,37.43615],[-6.14113,37.43546],[-6.13916,37.43299],[-6.13725,37.43146],[-6.13617,37.42909],[-6.13577,37.42547],[-6.13685,37.42361],[-6.1387,37.42166],[-6.13983,37.41997],[-6.14099,37.41676],[-6.14167,37.41629],[-6.14464,37.4157],[-6.14409,37.41391],[-6.14395,37.41249],[-6.14407,37.4116],[-6.14483,37.40992],[-6.14347,37.40959],[-6.1425,37.40971],[-6.13905,37.41096],[-6.13736,37.41068],[-6.1365,37.41084],[-6.13552,37.41181],[-6.13401,37.41209],[-6.13368,37.41322],[-6.13214,37.41528],[-6.13116,37.41527],[-6.1294,37.41477],[-6.12431,37.41535],[-6.12372,37.41512],[-6.12311,37.41381],[-6.12299,37.41267],[-6.12138,37.41169],[-6.12142,37.4071],[-6.1206,37.40657],[-6.12029,37.40599],[-6.1211,37.40538],[-6.12516,37.40488],[-6.12673,37.40177],[-6.1268,37.39961],[-6.12825,37.39855],[-6.12876,37.39767],[-6.12553,37.39804],[-6.12389,37.39785],[-6.12153,37.39648],[-6.12002,37.39658],[-6.1197,37.39641],[-6.11936,37.39492],[-6.11865,37.39452],[-6.11797,37.39531],[-6.1144,37.39704],[-6.11123,37.39898],[-6.11057,37.39946],[-6.10935,37.40124],[-6.10773,37.40152],[-6.1066,37.40142],[-6.10472,37.40256],[-6.10179,37.40461],[-6.10022,37.40647],[-6.09875,37.4096],[-6.09668,37.41243],[-6.09528,37.41508],[-6.09471,37.41677],[-6.09443,37.42049],[-6.09372,37.42179],[-6.09392,37.423],[-6.09347,37.42596],[-6.09156,37.42645],[-6.0912,37.42687],[-6.09145,37.42813],[-6.09201,37.42879],[-6.09235,37.43171],[-6.09226,37.43217],[-6.09141,37.43288],[-6.09118,37.43345],[-6.09352,37.43723],[-6.09459,37.44155],[-6.09434,37.44211],[-6.0931,37.44308],[-6.09237,37.44443],[-6.09158,37.4452],[-6.09627,37.45087],[-6.09447,37.45275],[-6.09273,37.45539],[-6.09121,37.45721],[-6.08721,37.45617],[-6.07124,37.45685],[-6.06346,37.4566],[-6.06318,37.45411],[-6.0617,37.45369],[-6.061,37.45309],[-6.06089,37.4522],[-6.06006,37.45166],[-6.05728,37.45215],[-6.05508,37.45164],[-6.05451,37.45125],[-6.05003,37.45185],[-6.04638,37.45295],[-6.04017,37.4525],[-6.03981,37.45199],[-6.0401,37.45139],[-6.03969,37.4498],[-6.0391,37.44316],[-6.03863,37.4424],[-6.03697,37.44207],[-6.03625,37.44155],[-6.03431,37.43506],[-6.03085,37.42866],[-6.02959,37.42679],[-6.02797,37.42493],[-6.02705,37.42593],[-6.02599,37.42665],[-6.02335,37.42795],[-6.02394,37.42972],[-6.02384,37.43074],[-6.02434,37.43237],[-6.02505,37.43375],[-6.02791,37.43697],[-6.02826,37.43765],[-6.02834,37.44026],[-6.02914,37.44381],[-6.02907,37.44485],[-6.02841,37.44585],[-6.02591,37.44753],[-6.02555,37.44887],[-6.0255,37.4502],[-6.02547,37.45305],[-6.02575,37.45356],[-6.02649,37.45398],[-6.02757,37.45404],[-6.03054,37.45332],[-6.03101,37.45147],[-6.03109,37.44951],[-6.03269,37.44929],[-6.03458,37.44975],[-6.03466,37.45002],[-6.03433,37.4509],[-6.03328,37.45173],[-6.0334,37.45216],[-6.03413,37.45238],[-6.03625,37.45234],[-6.03746,37.451],[-6.03963,37.45248],[-6.04073,37.45408],[-6.04033,37.45658],[-6.0403,37.45871],[-6.03971,37.46115],[-6.0377,37.46426],[-6.03541,37.46704],[-6.03455,37.46884],[-6.03411,37.47121],[-6.03441,37.47388],[-6.03491,37.47534],[-6.03485,37.47616],[-6.03403,37.47674],[-6.03304,37.47669],[-6.03067,37.47451],[-6.03016,37.47527],[-6.02858,37.47524],[-6.02779,37.477],[-6.02539,37.47808],[-6.02448,37.47899],[-6.02425,37.47965],[-6.02457,37.48022],[-6.02849,37.48205],[-6.02928,37.48284],[-6.02978,37.48387],[-6.02932,37.48494],[-6.02794,37.48618],[-6.02784,37.48705],[-6.0268,37.48803],[-6.0256,37.48858],[-6.02683,37.49102],[-6.02953,37.49121],[-6.02995,37.49255],[-6.03235,37.49111],[-6.03569,37.48987],[-6.03653,37.48982],[-6.0382,37.49023],[-6.04084,37.49009],[-6.04242,37.49075],[-6.04469,37.49263],[-6.0484,37.4939],[-6.04924,37.49483],[-6.05145,37.49502],[-6.05342,37.49576],[-6.05426,37.49575],[-6.05896,37.49902],[-6.06059,37.49866],[-6.06123,37.49799],[-6.06205,37.4976],[-6.06307,37.49649],[-6.06368,37.49539],[-6.06581,37.49388],[-6.06862,37.49268],[-6.07056,37.49124],[-6.07176,37.49118],[-6.07279,37.49174],[-6.07326,37.49249],[-6.07421,37.49303],[-6.07489,37.4929],[-6.07528,37.49249],[-6.07625,37.4926],[-6.07728,37.49492],[-6.07823,37.49561],[-6.07926,37.49582],[-6.08072,37.49664],[-6.08153,37.49729],[-6.08174,37.49786],[-6.08118,37.49852],[-6.08129,37.49926],[-6.082,37.50015],[-6.08209,37.50105],[-6.08437,37.50279],[-6.08634,37.50321],[-6.09126,37.5001],[-6.09461,37.49895],[-6.09896,37.4968],[-6.10563,37.49045],[-6.10831,37.48699],[-6.11003,37.48397],[-6.10977,37.4818],[-6.10812,37.47709],[-6.11265,37.47404],[-6.11268,37.47402]]]]}},{"type":"Feature","properties":{"COD_POSTAL":"41309"},"geometry":{"type":"Polygon","coordinates":[[[-5.88676,37.54374],[-5.88807,37.54339],[-5.88969,37.54347],[-5.89215,37.54146],[-5.89448,37.54058],[-5.90554,37.53877],[-5.90829,37.53761],[-5.90923,37.53632],[-5.91613,37.53031],[-5.91729,37.52851],[-5.91831,37.5263],[-5.91883,37.52575],[-5.9232,37.5232],[-5.92716,37.51954],[-5.92856,37.51877],[-5.94531,37.51379],[-5.94797,37.51398],[-5.94804,37.51216],[-5.94779,37.51111],[-5.94461,37.50633],[-5.94324,37.50484],[-5.94305,37.5041],[-5.94586,37.50011],[-5.94731,37.49911],[-5.95051,37.49881],[-5.95421,37.49805],[-5.95952,37.49818],[-5.96241,37.49948],[-5.96279,37.49884],[-5.96293,37.49771],[-5.96243,37.49633],[-5.96171,37.49547],[-5.9602,37.49433],[-5.95911,37.49382],[-5.95723,37.4934],[-5.95176,37.49405],[-5.95075,37.49294],[-5.95051,37.4921],[-5.95166,37.48975],[-5.95383,37.48757],[-5.95488,37.48684],[-5.95756,37.48649],[-5.96208,37.48739],[-5.96911,37.48768],[-5.97355,37.48886],[-5.97642,37.48998],[-5.97778,37.49245],[-5.97794,37.49834],[-5.97753,37.5019],[-5.97956,37.50209],[-5.97915,37.503],[-5.98418,37.50305],[-5.98518,37.50639],[-5.99813,37.49509],[-6.0037,37.49093],[-6.0044,37.48968],[-6.00501,37.48716],[-6.00496,37.48566],[-6.00441,37.48417],[-6.00333,37.48237],[-6.00246,37.48151],[-5.99963,37.47969],[-5.99604,37.47512],[-5.9871,37.47849],[-5.97978,37.47885],[-5.97437,37.48095],[-5.97201,37.4814],[-5.96695,37.48606],[-5.95929,37.48548],[-5.95231,37.48407],[-5.9472,37.49067],[-5.94372,37.4963],[-5.93954,37.49743],[-5.92001,37.49777],[-5.90635,37.50985],[-5.88908,37.50477],[-5.88953,37.50149],[-5.88874,37.4972],[-5.88626,37.48795],[-5.88761,37.47812],[-5.88524,37.47124],[-5.89721,37.46537],[-5.89913,37.46469],[-5.90421,37.4613],[-5.90699,37.45425],[-5.88342,37.44079],[-5.87958,37.44671],[-5.82625,37.45456],[-5.8276,37.46094],[-5.82914,37.46674],[-5.83353,37.47579],[-5.83536,37.47994],[-5.83682,37.48479],[-5.83855,37.48798],[-5.84005,37.49658],[-5.84,37.49782],[-5.84031,37.49876],[-5.84371,37.5023],[-5.84751,37.50565],[-5.85106,37.50759],[-5.85207,37.50895],[-5.85588,37.51127],[-5.857,37.51235],[-5.85754,37.5131],[-5.85794,37.51427],[-5.85799,37.51634],[-5.85951,37.52057],[-5.86049,37.52106],[-5.86128,37.52206],[-5.86235,37.52252],[-5.86627,37.52633],[-5.86793,37.52656],[-5.86882,37.52777],[-5.87155,37.5281],[-5.87262,37.52874],[-5.87331,37.52878],[-5.87352,37.52919],[-5.87413,37.52957],[-5.87417,37.53033],[-5.87504,37.53122],[-5.8735,37.5335],[-5.87493,37.53489],[-5.87724,37.53533],[-5.87835,37.53504],[-5.87948,37.5357],[-5.88225,37.53557],[-5.88366,37.5375],[-5.88511,37.53789],[-5.8856,37.53864],[-5.88498,37.53922],[-5.88523,37.53961],[-5.88534,37.54101],[-5.88652,37.54105],[-5.88669,37.5413],[-5.88664,37.54173],[-5.88577,37.54264],[-5.88654,37.54372],[-5.88676,37.54374]]]}},{"type":"Feature","properties":{"COD_POSTAL":"41008"},"geometry":{"type":"Polygon","coordinates":[[[-5.96776,37.39747],[-5.96374,37.40061],[-5.95561,37.41355],[-5.95489,37.41737],[-5.95656,37.41566],[-5.95894,37.41524],[-5.96309,37.41377],[-5.96673,37.41145],[-5.96706,37.41161],[-5.97043,37.40892],[-5.97115,37.41081],[-5.97215,37.41197],[-5.97335,37.41441],[-5.9738,37.41546],[-5.97358,37.416],[-5.97374,37.41624],[-5.97459,37.41634],[-5.97498,37.41582],[-5.97713,37.41519],[-5.97701,37.41486],[-5.97641,37.41503],[-5.97631,37.41475],[-5.9769,37.41458],[-5.97625,37.4133],[-5.97665,37.41237],[-5.97495,37.41187],[-5.97492,37.41167],[-5.97683,37.41216],[-5.97834,37.40935],[-5.97854,37.40838],[-5.98115,37.4039],[-5.98095,37.40349],[-5.98286,37.39935],[-5.98159,37.39851],[-5.9814,37.39767],[-5.98257,37.39564],[-5.98001,37.39466],[-5.97959,37.39471],[-5.97896,37.3942],[-5.98031,37.39294],[-5.97856,37.39218],[-5.97816,37.39173],[-5.97568,37.39099],[-5.96776,37.39747]]]}},{"type":"Feature","properties":{"COD_POSTAL":"41340"},"geometry":{"type":"Polygon","coordinates":[[[-5.71407,37.60311],[-5.71524,37.60745],[-5.71315,37.61781],[-5.71309,37.62156],[-5.71124,37.62318],[-5.71515,37.62935],[-5.71729,37.63098],[-5.72785,37.63153],[-5.73121,37.63075],[-5.73417,37.6282],[-5.73564,37.62361],[-5.73855,37.61827],[-5.74149,37.61646],[-5.74582,37.61586],[-5.75058,37.61621],[-5.75228,37.61146],[-5.75539,37.60504],[-5.75381,37.60039],[-5.72698,37.59713],[-5.71396,37.60295],[-5.71407,37.60311]]]}}]}