{"type":"FeatureCollection","features":[{"type":"Feature","properties":{"COD_POSTAL":"49440"},"geometry":{"type":"Polygon","coordinates":[[[-5.4026,41.17003],[-5.40181,41.16914],[-5.40026,41.16862],[-5.39802,41.16669],[-5.39733,41.16412],[-5.39658,41.16304],[-5.39998,41.15961],[-5.40103,41.15199],[-5.40185,41.14921],[-5.40155,41.1478],[-5.39973,41.1464],[-5.40019,41.14543],[-5.39662,41.1451],[-5.39281,41.14266],[-5.39109,41.14211],[-5.38877,41.13792],[-5.38696,41.13585],[-5.38544,41.13646],[-5.38377,41.13433],[-5.38156,41.13479],[-5.37567,41.13694],[-5.37307,41.13725],[-5.37115,41.13776],[-5.37075,41.13831],[-5.36401,41.13929],[-5.36201,41.1389],[-5.35964,41.13977],[-5.35957,41.14035],[-5.35778,41.14103],[-5.35699,41.14082],[-5.35739,41.14598],[-5.35154,41.14908],[-5.35336,41.15076],[-5.34292,41.15607],[-5.33283,41.16259],[-5.33534,41.16692],[-5.33746,41.17246],[-5.33135,41.17854],[-5.33251,41.17827],[-5.33186,41.17889],[-5.32781,41.1816],[-5.32964,41.18435],[-5.33461,41.18706],[-5.33664,41.18782],[-5.33745,41.18727],[-5.33858,41.18838],[-5.33617,41.18999],[-5.33701,41.19164],[-5.3403,41.19411],[-5.34257,41.19709],[-5.34135,41.20559],[-5.34282,41.20782],[-5.34818,41.20604],[-5.36108,41.19969],[-5.37044,41.19746],[-5.39131,41.20409],[-5.39391,41.20049],[-5.40049,41.19403],[-5.40201,41.19169],[-5.40759,41.18559],[-5.40686,41.18331],[-5.40516,41.18105],[-5.40451,41.17897],[-5.40298,41.17654],[-5.40425,41.17578],[-5.40375,41.17557],[-5.40301,41.17471],[-5.40343,41.17448],[-5.4026,41.17003]]]}},{"type":"Feature","properties":{"COD_POSTAL":"49760"},"geometry":{"type":"Polygon","coordinates":[[[-5.6369,41.89448],[-5.63557,41.89572],[-5.63598,41.89597],[-5.6353,41.89669],[-5.63987,41.89827],[-5.64427,41.90132],[-5.64532,41.90229],[-5.64296,41.90328],[-5.64479,41.90453],[-5.64418,41.905],[-5.64446,41.90533],[-5.64435,41.90593],[-5.64368,41.90705],[-5.64126,41.90968],[-5.64096,41.91089],[-5.6398,41.91187],[-5.63746,41.91119],[-5.63593,41.9102],[-5.63283,41.90896],[-5.62944,41.90809],[-5.62752,41.90797],[-5.62881,41.91218],[-5.62554,41.91238],[-5.61584,41.91964],[-5.61384,41.92089],[-5.61221,41.9198],[-5.61168,41.92027],[-5.61054,41.92231],[-5.60951,41.92246],[-5.60964,41.92481],[-5.60885,41.92532],[-5.61031,41.92969],[-5.61012,41.93122],[-5.60895,41.93377],[-5.61187,41.93478],[-5.61483,41.9365],[-5.61817,41.93799],[-5.63139,41.94663],[-5.64009,41.95317],[-5.64262,41.95604],[-5.64351,41.95801],[-5.64687,41.96021],[-5.64844,41.96189],[-5.64924,41.96238],[-5.65041,41.96257],[-5.65331,41.96253],[-5.65499,41.96117],[-5.65922,41.96018],[-5.66102,41.95778],[-5.66197,41.95573],[-5.6636,41.95591],[-5.66395,41.95162],[-5.66639,41.94975],[-5.66981,41.94858],[-5.67021,41.94792],[-5.6709,41.94819],[-5.67383,41.94709],[-5.6782,41.94018],[-5.68458,41.93805],[-5.68916,41.93683],[-5.69082,41.93521],[-5.69476,41.93439],[-5.6956,41.93379],[-5.69987,41.93236],[-5.70018,41.93134],[-5.70167,41.9293],[-5.70227,41.92782],[-5.70175,41.92641],[-5.70124,41.92288],[-5.70091,41.92207],[-5.70113,41.9201],[-5.70217,41.91966],[-5.7058,41.91895],[-5.70664,41.91678],[-5.70762,41.91204],[-5.70649,41.90521],[-5.70693,41.9039],[-5.70622,41.90205],[-5.70883,41.90122],[-5.71149,41.89995],[-5.71217,41.89919],[-5.7122,41.89863],[-5.71179,41.8978],[-5.70808,41.89409],[-5.70751,41.89436],[-5.70537,41.89315],[-5.70283,41.89227],[-5.69937,41.89215],[-5.69343,41.88793],[-5.69015,41.88613],[-5.68114,41.88507],[-5.67776,41.88353],[-5.675,41.88302],[-5.66488,41.87811],[-5.66005,41.8775],[-5.65809,41.87762],[-5.65125,41.87525],[-5.65066,41.87588],[-5.64845,41.87273],[-5.64746,41.87189],[-5.64811,41.87833],[-5.64893,41.88145],[-5.64883,41.88469],[-5.65014,41.89033],[-5.65186,41.89494],[-5.65444,41.89935],[-5.65411,41.89943],[-5.65096,41.89666],[-5.65024,41.89698],[-5.6481,41.89435],[-5.64734,41.89381],[-5.6407,41.88984],[-5.63925,41.89086],[-5.64017,41.89144],[-5.63774,41.8937],[-5.63699,41.8935],[-5.63639,41.89412],[-5.6369,41.89448]]]}},{"type":"Feature","properties":{"COD_POSTAL":"49012"},"geometry":{"type":"Polygon","coordinates":[[[-5.73621,41.51042],[-5.73649,41.51055],[-5.73622,41.51074],[-5.73695,41.51136],[-5.73837,41.51008],[-5.7386,41.51017],[-5.7394,41.50956],[-5.74032,41.50951],[-5.74136,41.50842],[-5.74108,41.50819],[-5.74161,41.50754],[-5.74081,41.50721],[-5.73944,41.50861],[-5.73878,41.50821],[-5.73604,41.51022],[-5.73621,41.51042]]]}},{"type":"Feature","properties":{"COD_POSTAL":"49707"},"geometry":{"type":"Polygon","coordinates":[[[-5.64273,41.35021],[-5.6462,41.35465],[-5.65259,41.36403],[-5.66171,41.36837],[-5.66498,41.36718],[-5.66978,41.3704],[-5.66976,41.36896],[-5.67038,41.36798],[-5.67651,41.36622],[-5.67917,41.3651],[-5.68565,41.36341],[-5.68769,41.35638],[-5.69111,41.35111],[-5.69105,41.34929],[-5.69152,41.34579],[-5.69222,41.33565],[-5.69197,41.33346],[-5.68897,41.32258],[-5.68503,41.31287],[-5.68029,41.31476],[-5.67166,41.32243],[-5.67066,41.32301],[-5.66807,41.32358],[-5.66213,41.32605],[-5.66082,41.32536],[-5.66018,41.3258],[-5.65991,41.32645],[-5.65537,41.33167],[-5.65378,41.33214],[-5.65155,41.33392],[-5.65129,41.33578],[-5.64944,41.33703],[-5.64937,41.33824],[-5.64882,41.33976],[-5.64668,41.34283],[-5.64462,41.3452],[-5.64425,41.34763],[-5.64254,41.34998],[-5.64273,41.35021]]]}},{"type":"Feature","properties":{"COD_POSTAL":"49317"},"geometry":{"type":"Polygon","coordinates":[[[-6.37571,42.03495],[-6.37206,42.03684],[-6.37006,42.03863],[-6.3678,42.03952],[-6.36594,42.0398],[-6.36281,42.03979],[-6.35939,42.03903],[-6.35733,42.03909],[-6.35657,42.03888],[-6.35577,42.0402],[-6.35575,42.04099],[-6.35541,42.0411],[-6.35026,42.03819],[-6.34179,42.06319],[-6.37998,42.08474],[-6.37799,42.0787],[-6.37775,42.07538],[-6.38181,42.06988],[-6.38133,42.06758],[-6.38454,42.06713],[-6.38474,42.0676],[-6.38681,42.06783],[-6.38843,42.06877],[-6.38968,42.07069],[-6.3932,42.07392],[-6.39706,42.07618],[-6.40033,42.07718],[-6.40469,42.07792],[-6.41547,42.07743],[-6.41905,42.07756],[-6.42259,42.07822],[-6.43316,42.07706],[-6.43227,42.07421],[-6.42816,42.06611],[-6.42765,42.06343],[-6.43128,42.05602],[-6.43339,42.05336],[-6.42633,42.0442],[-6.40251,42.0428],[-6.39941,42.04381],[-6.39903,42.04341],[-6.39593,42.04237],[-6.39494,42.04245],[-6.39014,42.04132],[-6.39541,42.02067],[-6.40017,42.00077],[-6.40113,41.99436],[-6.39964,41.9946],[-6.39807,41.99444],[-6.39706,41.994],[-6.39445,41.99374],[-6.39315,41.99409],[-6.39193,41.99475],[-6.38852,41.99529],[-6.38761,41.99456],[-6.38803,41.99301],[-6.38766,41.99275],[-6.38532,41.99246],[-6.3841,41.99255],[-6.38367,41.99274],[-6.38224,41.99619],[-6.38136,41.99651],[-6.38048,41.99619],[-6.37876,41.99405],[-6.37798,41.9925],[-6.37547,41.98935],[-6.37466,41.98902],[-6.37259,41.98958],[-6.36981,41.98929],[-6.3699,41.99223],[-6.36902,41.99289],[-6.36862,41.99577],[-6.36759,41.99891],[-6.3675,42.00022],[-6.36593,42.0068],[-6.36452,42.01086],[-6.36135,42.013],[-6.35718,42.01489],[-6.35934,42.01833],[-6.36671,42.02255],[-6.36755,42.0261],[-6.36729,42.02682],[-6.36757,42.02921],[-6.36797,42.02987],[-6.3693,42.03026],[-6.37133,42.03142],[-6.37312,42.03267],[-6.37488,42.03436],[-6.37559,42.03444],[-6.37571,42.03495]]]}},{"type":"Feature","properties":{"COD_POSTAL":"49333"},"geometry":{"type":"Polygon","coordinates":[[[-5.93613,41.90887],[-5.9329,41.9107],[-5.93047,41.9136],[-5.92681,41.91563],[-5.92309,41.91959],[-5.91329,41.92427],[-5.91471,41.92735],[-5.91986,41.94236],[-5.92308,41.9533],[-5.92214,41.95493],[-5.92569,41.95393],[-5.92951,41.95693],[-5.93462,41.96144],[-5.93699,41.96122],[-5.93936,41.95684],[-5.94887,41.94787],[-5.96597,41.94363],[-5.96651,41.94382],[-5.96781,41.9456],[-5.96873,41.94811],[-5.96958,41.94967],[-5.96996,41.94991],[-5.9987,41.9481],[-6.00517,41.94252],[-6.00949,41.93976],[-6.01203,41.93768],[-6.01555,41.93611],[-6.01795,41.9347],[-6.01607,41.93147],[-6.01066,41.93029],[-6.00664,41.93132],[-6.00588,41.93194],[-6.00255,41.93321],[-5.99914,41.93168],[-5.99555,41.92769],[-5.99315,41.92443],[-5.99234,41.92276],[-5.99206,41.92199],[-5.99217,41.92011],[-5.9912,41.91732],[-5.99155,41.91623],[-5.9915,41.91447],[-5.99205,41.9081],[-5.99281,41.90528],[-5.988,41.90285],[-5.98735,41.8991],[-5.96247,41.89603],[-5.95834,41.89396],[-5.95731,41.89541],[-5.95621,41.89569],[-5.95242,41.89817],[-5.946,41.89794],[-5.94543,41.89769],[-5.94371,41.89781],[-5.93613,41.90886],[-5.93613,41.90887]]]}},{"type":"Feature","properties":{"COD_POSTAL":"49871"},"geometry":{"type":"Polygon","coordinates":[[[-5.3494,41.60092],[-5.3599,41.60513],[-5.36149,41.60473],[-5.36268,41.60474],[-5.36626,41.60381],[-5.36873,41.60419],[-5.37277,41.60243],[-5.37385,41.60216],[-5.37574,41.60283],[-5.37805,41.60305],[-5.38233,41.6026],[-5.38712,41.6043],[-5.38931,41.60379],[-5.38955,41.60351],[-5.38982,41.60206],[-5.38891,41.60179],[-5.38944,41.6002],[-5.3906,41.60007],[-5.3936,41.59759],[-5.39333,41.59637],[-5.39623,41.59381],[-5.39653,41.59316],[-5.39624,41.5926],[-5.39929,41.59109],[-5.40022,41.5909],[-5.40369,41.58805],[-5.40645,41.58664],[-5.40765,41.58559],[-5.40842,41.58521],[-5.40909,41.58527],[-5.41124,41.58334],[-5.41224,41.58353],[-5.41634,41.58045],[-5.41603,41.57975],[-5.42175,41.57729],[-5.42223,41.57678],[-5.42291,41.57731],[-5.42644,41.57507],[-5.42778,41.57523],[-5.42828,41.57464],[-5.42902,41.57495],[-5.4332,41.57301],[-5.43509,41.57137],[-5.43774,41.56869],[-5.43846,41.56652],[-5.4381,41.56579],[-5.43862,41.56517],[-5.43918,41.56377],[-5.4395,41.56384],[-5.43944,41.56259],[-5.4398,41.56234],[-5.43974,41.56191],[-5.44039,41.56178],[-5.4406,41.55583],[-5.44081,41.55548],[-5.44212,41.55494],[-5.4428,41.55405],[-5.4427,41.55283],[-5.44363,41.55263],[-5.44388,41.55222],[-5.44415,41.54961],[-5.44206,41.54983],[-5.43935,41.54942],[-5.43806,41.54898],[-5.43591,41.54918],[-5.43463,41.54878],[-5.43246,41.54868],[-5.42814,41.54783],[-5.42685,41.54729],[-5.42121,41.54888],[-5.42035,41.54938],[-5.41569,41.55346],[-5.41336,41.55473],[-5.41038,41.55393],[-5.40929,41.55483],[-5.40414,41.55766],[-5.40099,41.56],[-5.39776,41.56306],[-5.3955,41.56395],[-5.39407,41.56413],[-5.38276,41.56398],[-5.37961,41.56742],[-5.37427,41.56797],[-5.37138,41.56682],[-5.36366,41.56771],[-5.36321,41.56793],[-5.36307,41.56813],[-5.36356,41.56931],[-5.36306,41.57342],[-5.36073,41.57684],[-5.35986,41.57886],[-5.36027,41.58172],[-5.35913,41.58485],[-5.35686,41.58916],[-5.353,41.59355],[-5.34697,41.60105],[-5.3494,41.60092]]]}},{"type":"Feature","properties":{"COD_POSTAL":"49327"},"geometry":{"type":"Polygon","coordinates":[[[-6.1797,42.04504],[-6.12811,42.06869],[-6.10143,42.0822],[-6.09855,42.08464],[-6.09498,42.08845],[-6.09619,42.09306],[-6.09902,42.09829],[-6.10373,42.10461],[-6.11673,42.11384],[-6.11894,42.11659],[-6.12179,42.12083],[-6.12526,42.12212],[-6.12708,42.12344],[-6.13462,42.12769],[-6.13685,42.12923],[-6.13762,42.13072],[-6.13853,42.13147],[-6.13952,42.13752],[-6.13963,42.14028],[-6.13986,42.14053],[-6.1397,42.14107],[-6.14038,42.14316],[-6.14048,42.14418],[-6.14029,42.14527],[-6.14056,42.1459],[-6.14009,42.14808],[-6.14129,42.15047],[-6.14132,42.15146],[-6.14193,42.1524],[-6.14245,42.15587],[-6.14341,42.15882],[-6.15405,42.16132],[-6.16021,42.16577],[-6.17039,42.15818],[-6.18019,42.15553],[-6.18767,42.15403],[-6.2124,42.14808],[-6.21024,42.14405],[-6.20201,42.13309],[-6.20702,42.12317],[-6.2099,42.12273],[-6.21314,42.12125],[-6.21484,42.11983],[-6.21378,42.11218],[-6.22189,42.09704],[-6.23353,42.09107],[-6.23224,42.08347],[-6.2312,42.07931],[-6.22825,42.07218],[-6.22903,42.06787],[-6.22842,42.0559],[-6.23008,42.05448],[-6.22189,42.04703],[-6.21839,42.04685],[-6.2151,42.04618],[-6.21334,42.04464],[-6.20941,42.04277],[-6.19896,42.0387],[-6.19159,42.04137],[-6.18193,42.04445],[-6.1797,42.04504]]]}},{"type":"Feature","properties":{"COD_POSTAL":"49032"},"geometry":{"type":"Polygon","coordinates":[[[-5.75049,41.51661],[-5.75072,41.51612],[-5.75299,41.51592],[-5.75327,41.51533],[-5.75357,41.51592],[-5.75383,41.51576],[-5.7519,41.51087],[-5.75204,41.51232],[-5.75289,41.51474],[-5.75269,41.51484],[-5.75196,41.51285],[-5.75083,41.51295],[-5.7516,41.51275],[-5.75186,41.512],[-5.75096,41.50918],[-5.74892,41.5087],[-5.7485,41.51115],[-5.75127,41.51159],[-5.75156,41.51226],[-5.75112,41.51263],[-5.75049,41.51266],[-5.75053,41.51297],[-5.75089,41.51305],[-5.75048,41.51415],[-5.75011,41.51498],[-5.74887,41.51546],[-5.74903,41.51629],[-5.75049,41.51661]]]}},{"type":"Feature","properties":{"COD_POSTAL":"49152"},"geometry":{"type":"Polygon","coordinates":[[[-5.53805,41.4528],[-5.53902,41.45417],[-5.53836,41.45651],[-5.53492,41.46266],[-5.53639,41.46295],[-5.53921,41.46253],[-5.54002,41.46229],[-5.54069,41.46131],[-5.54183,41.46047],[-5.5449,41.45915],[-5.55239,41.45818],[-5.55601,41.45615],[-5.56596,41.45444],[-5.57194,41.45268],[-5.57935,41.45],[-5.57822,41.44654],[-5.59786,41.42913],[-5.61145,41.41516],[-5.61027,41.4139],[-5.60884,41.41095],[-5.60826,41.40853],[-5.6086,41.4074],[-5.60774,41.4075],[-5.60683,41.40642],[-5.60527,41.40626],[-5.60339,41.40449],[-5.59923,41.39911],[-5.59833,41.39843],[-5.59682,41.39818],[-5.5961,41.39831],[-5.59314,41.39735],[-5.5904,41.39602],[-5.58863,41.394],[-5.58697,41.39372],[-5.58549,41.39301],[-5.5839,41.39264],[-5.58165,41.3914],[-5.58038,41.39112],[-5.57753,41.39086],[-5.57572,41.39128],[-5.5731,41.39122],[-5.57081,41.39195],[-5.56871,41.39818],[-5.56498,41.40295],[-5.5652,41.40468],[-5.56392,41.40924],[-5.56407,41.4098],[-5.56357,41.41186],[-5.56145,41.4165],[-5.56262,41.4184],[-5.55634,41.42338],[-5.5551,41.42327],[-5.55371,41.42415],[-5.55525,41.42831],[-5.54773,41.43517],[-5.54697,41.43469],[-5.54363,41.43349],[-5.54165,41.43239],[-5.54021,41.43216],[-5.53487,41.43009],[-5.53455,41.43016],[-5.53364,41.43132],[-5.5329,41.43148],[-5.53296,41.43272],[-5.53217,41.43251],[-5.52927,41.43292],[-5.53022,41.43409],[-5.53377,41.43693],[-5.53227,41.43957],[-5.5352,41.44108],[-5.53602,41.44585],[-5.53786,41.44731],[-5.53523,41.44924],[-5.53465,41.45041],[-5.53475,41.45161],[-5.538,41.45084],[-5.53792,41.45218],[-5.53805,41.4528]]]}},{"type":"Feature","properties":{"COD_POSTAL":"49510"},"geometry":{"type":"Polygon","coordinates":[[[-6.10491,41.64254],[-6.10837,41.644],[-6.11536,41.64769],[-6.12273,41.65236],[-6.12711,41.65313],[-6.13867,41.64947],[-6.14499,41.64894],[-6.15404,41.65034],[-6.15886,41.65045],[-6.15994,41.65069],[-6.16243,41.64095],[-6.16083,41.6225],[-6.15059,41.60813],[-6.14879,41.60842],[-6.1479,41.60908],[-6.14068,41.61069],[-6.13656,41.61102],[-6.1322,41.61211],[-6.129,41.61371],[-6.12627,41.61328],[-6.11852,41.61561],[-6.11111,41.6332],[-6.10434,41.64219],[-6.10491,41.64254]]]}},{"type":"Feature","properties":{"COD_POSTAL":"49129"},"geometry":{"type":"Polygon","coordinates":[[[-5.44968,41.80119],[-5.44624,41.80148],[-5.4456,41.80217],[-5.44403,41.8032],[-5.44454,41.80766],[-5.44095,41.81287],[-5.44151,41.81459],[-5.43892,41.81771],[-5.43967,41.81909],[-5.43828,41.82296],[-5.43772,41.82538],[-5.44285,41.82812],[-5.44486,41.82854],[-5.44702,41.82981],[-5.44929,41.83062],[-5.45167,41.83352],[-5.45574,41.83469],[-5.45722,41.83701],[-5.45752,41.83838],[-5.45967,41.83788],[-5.46176,41.83662],[-5.46365,41.83417],[-5.46442,41.83435],[-5.46619,41.83211],[-5.46907,41.83313],[-5.47116,41.83305],[-5.47189,41.83347],[-5.47289,41.83474],[-5.47441,41.83613],[-5.47836,41.83655],[-5.48111,41.83625],[-5.48303,41.83651],[-5.4903,41.83393],[-5.49245,41.83171],[-5.49569,41.83159],[-5.49799,41.82987],[-5.50055,41.82841],[-5.50163,41.82703],[-5.50856,41.82862],[-5.5094,41.82818],[-5.5108,41.82844],[-5.51392,41.82824],[-5.51547,41.8285],[-5.5183,41.82946],[-5.51933,41.83086],[-5.52256,41.83054],[-5.52379,41.82919],[-5.53007,41.82618],[-5.53377,41.82513],[-5.5364,41.82465],[-5.54501,41.81936],[-5.54588,41.81777],[-5.54607,41.8168],[-5.54565,41.81427],[-5.54613,41.80911],[-5.54926,41.8045],[-5.55602,41.79863],[-5.53471,41.79581],[-5.51671,41.79426],[-5.48653,41.78551],[-5.45942,41.76845],[-5.45956,41.77074],[-5.45855,41.77157],[-5.45723,41.77149],[-5.45491,41.77268],[-5.45367,41.7737],[-5.45295,41.77333],[-5.45266,41.77552],[-5.45208,41.77687],[-5.45292,41.7793],[-5.45228,41.78165],[-5.45421,41.78458],[-5.4564,41.7838],[-5.46008,41.78537],[-5.46118,41.78515],[-5.46255,41.78727],[-5.46142,41.78781],[-5.46146,41.78873],[-5.45682,41.7908],[-5.45527,41.79051],[-5.45402,41.79195],[-5.4529,41.79244],[-5.45198,41.79352],[-5.45343,41.79467],[-5.45184,41.79586],[-5.4517,41.79643],[-5.45263,41.79704],[-5.45311,41.79878],[-5.45028,41.80001],[-5.44968,41.80119]]]}},{"type":"Feature","properties":{"COD_POSTAL":"49592"},"geometry":{"type":"Polygon","coordinates":[[[-6.22086,41.83747],[-6.21894,41.85552],[-6.21474,41.86885],[-6.2182,41.8767],[-6.21894,41.87887],[-6.22011,41.87914],[-6.22918,41.88285],[-6.23496,41.88618],[-6.23738,41.88729],[-6.24011,41.88819],[-6.24367,41.88999],[-6.25337,41.89317],[-6.25429,41.89277],[-6.25608,41.89099],[-6.25657,41.89082],[-6.27067,41.8916],[-6.27429,41.8927],[-6.27457,41.89246],[-6.27461,41.89184],[-6.27707,41.88983],[-6.28243,41.88826],[-6.27641,41.88512],[-6.27202,41.88314],[-6.27047,41.8821],[-6.2685,41.88015],[-6.26807,41.87952],[-6.26812,41.87896],[-6.27022,41.87663],[-6.27221,41.87338],[-6.27269,41.86908],[-6.27251,41.86532],[-6.27476,41.85856],[-6.27619,41.85531],[-6.27782,41.84908],[-6.27753,41.84722],[-6.27698,41.8463],[-6.27832,41.84432],[-6.27921,41.83905],[-6.28039,41.83597],[-6.2822,41.83346],[-6.28429,41.82937],[-6.2902,41.83173],[-6.29398,41.83041],[-6.2974,41.82455],[-6.29742,41.82412],[-6.2963,41.82175],[-6.29634,41.82055],[-6.29714,41.81818],[-6.29873,41.81616],[-6.30629,41.80811],[-6.30589,41.80692],[-6.30228,41.80289],[-6.29945,41.80037],[-6.29926,41.79848],[-6.29779,41.79702],[-6.2949,41.79214],[-6.29912,41.78953],[-6.29662,41.78851],[-6.29445,41.789],[-6.27957,41.78111],[-6.27782,41.78045],[-6.2695,41.77608],[-6.26473,41.77775],[-6.25424,41.77314],[-6.24787,41.76975],[-6.24115,41.76577],[-6.23598,41.76982],[-6.22053,41.76794],[-6.2197,41.76775],[-6.21805,41.76654],[-6.21533,41.76598],[-6.21456,41.76602],[-6.21182,41.76759],[-6.20985,41.76807],[-6.20526,41.76866],[-6.20018,41.76849],[-6.19832,41.77466],[-6.18936,41.78401],[-6.1929,41.78691],[-6.19675,41.78618],[-6.20087,41.78776],[-6.20267,41.7879],[-6.20359,41.78889],[-6.20472,41.78916],[-6.20554,41.78976],[-6.20649,41.79003],[-6.20758,41.79101],[-6.20783,41.79168],[-6.21024,41.79266],[-6.21183,41.79445],[-6.21407,41.7962],[-6.21579,41.7959],[-6.21712,41.79627],[-6.21736,41.79785],[-6.21621,41.80001],[-6.21622,41.80098],[-6.21329,41.80201],[-6.21081,41.8048],[-6.21026,41.80501],[-6.20943,41.80669],[-6.20805,41.8077],[-6.2063,41.81051],[-6.2049,41.81214],[-6.205,41.81468],[-6.20475,41.81545],[-6.20252,41.8177],[-6.20209,41.81857],[-6.20312,41.82036],[-6.21259,41.82979],[-6.21572,41.83422],[-6.22032,41.83698],[-6.22086,41.83747]]]}},{"type":"Feature","properties":{"COD_POSTAL":"49127"},"geometry":{"type":"Polygon","coordinates":[[[-5.54337,41.67967],[-5.54301,41.67916],[-5.54357,41.67877],[-5.54247,41.67751],[-5.54195,41.67438],[-5.54018,41.67354],[-5.53854,41.67119],[-5.53854,41.67018],[-5.53686,41.66792],[-5.53154,41.6676],[-5.53137,41.6709],[-5.52956,41.67222],[-5.52526,41.67755],[-5.52102,41.67727],[-5.51887,41.6775],[-5.51549,41.67894],[-5.51442,41.67998],[-5.51108,41.68103],[-5.50804,41.68095],[-5.50081,41.68463],[-5.50825,41.695],[-5.51334,41.70086],[-5.51547,41.70682],[-5.51339,41.70687],[-5.51159,41.70736],[-5.51015,41.70816],[-5.51147,41.70906],[-5.5101,41.71033],[-5.50962,41.71272],[-5.50814,41.71271],[-5.50755,41.71461],[-5.50751,41.71554],[-5.50776,41.7163],[-5.50691,41.71677],[-5.50224,41.71631],[-5.50297,41.71776],[-5.5073,41.7243],[-5.50819,41.7261],[-5.50695,41.72893],[-5.50548,41.73461],[-5.50429,41.736],[-5.50458,41.7382],[-5.50571,41.73891],[-5.50985,41.73993],[-5.51203,41.74199],[-5.51473,41.7428],[-5.5168,41.74435],[-5.51674,41.74595],[-5.51823,41.74684],[-5.51978,41.74819],[-5.52103,41.74944],[-5.52287,41.75203],[-5.52645,41.75551],[-5.5336,41.75906],[-5.54201,41.76396],[-5.55174,41.7685],[-5.55277,41.76922],[-5.55413,41.76978],[-5.55642,41.77008],[-5.55936,41.77198],[-5.56145,41.77252],[-5.56292,41.77316],[-5.56396,41.77393],[-5.56728,41.77474],[-5.56752,41.77087],[-5.57122,41.76823],[-5.57409,41.76563],[-5.57718,41.76327],[-5.58371,41.75731],[-5.58681,41.75384],[-5.58822,41.75316],[-5.59346,41.75163],[-5.5952,41.75136],[-5.5964,41.74979],[-5.59665,41.74824],[-5.59617,41.74433],[-5.59888,41.7392],[-5.60261,41.73118],[-5.60138,41.72937],[-5.59893,41.72688],[-5.59787,41.72412],[-5.59405,41.72023],[-5.59162,41.7171],[-5.58914,41.71099],[-5.60723,41.70711],[-5.60767,41.70197],[-5.60317,41.7016],[-5.60061,41.70271],[-5.59346,41.70173],[-5.59172,41.70061],[-5.59113,41.7009],[-5.5906,41.70031],[-5.5893,41.6997],[-5.58726,41.69967],[-5.58598,41.69822],[-5.58437,41.69863],[-5.58278,41.69654],[-5.58179,41.69652],[-5.58064,41.69496],[-5.57914,41.69547],[-5.57848,41.69477],[-5.57744,41.69519],[-5.5754,41.69264],[-5.57206,41.69567],[-5.5708,41.69405],[-5.56844,41.69601],[-5.56652,41.69526],[-5.56518,41.69564],[-5.5624,41.69571],[-5.55989,41.69438],[-5.5546,41.69313],[-5.55255,41.69294],[-5.55225,41.69093],[-5.55137,41.69069],[-5.55152,41.68993],[-5.55242,41.6896],[-5.5514,41.68649],[-5.54946,41.68497],[-5.54546,41.68302],[-5.5434,41.6816],[-5.5437,41.68055],[-5.54337,41.67967]]]}},{"type":"Feature","properties":{"COD_POSTAL":"49742"},"geometry":{"type":"Polygon","coordinates":[[[-5.74037,41.74326],[-5.74172,41.74751],[-5.7446,41.75473],[-5.74379,41.75694],[-5.74812,41.76016],[-5.74375,41.76378],[-5.7444,41.7667],[-5.74228,41.77042],[-5.73931,41.77323],[-5.73987,41.77877],[-5.74335,41.78273],[-5.75364,41.78665],[-5.75692,41.78937],[-5.76705,41.78862],[-5.76958,41.78816],[-5.7709,41.78825],[-5.77664,41.78689],[-5.78307,41.78596],[-5.78553,41.78595],[-5.78684,41.78563],[-5.79063,41.78367],[-5.8,41.78026],[-5.80237,41.77979],[-5.80376,41.77832],[-5.80493,41.77622],[-5.80516,41.77458],[-5.80487,41.77361],[-5.80527,41.77276],[-5.8037,41.7713],[-5.79781,41.76925],[-5.79337,41.76807],[-5.78904,41.76779],[-5.77849,41.76421],[-5.77846,41.76071],[-5.77634,41.76076],[-5.77513,41.75589],[-5.77592,41.75563],[-5.77579,41.75465],[-5.77671,41.75331],[-5.77722,41.74981],[-5.77678,41.74891],[-5.7738,41.74774],[-5.77148,41.74913],[-5.76801,41.7473],[-5.7663,41.74898],[-5.7653,41.74729],[-5.76039,41.74563],[-5.76089,41.74335],[-5.75807,41.74328],[-5.75488,41.74483],[-5.75122,41.7431],[-5.74777,41.74231],[-5.74187,41.73942],[-5.74037,41.74326]]]}},{"type":"Feature","properties":{"COD_POSTAL":"49782"},"geometry":{"type":"Polygon","coordinates":[[[-5.67851,42.05323],[-5.67793,42.05586],[-5.67732,42.06088],[-5.67514,42.06488],[-5.67574,42.0689],[-5.6752,42.07082],[-5.67356,42.07395],[-5.67306,42.07559],[-5.67567,42.08066],[-5.67771,42.08344],[-5.67795,42.0846],[-5.67974,42.08703],[-5.68485,42.08581],[-5.68903,42.08562],[-5.69417,42.08473],[-5.69766,42.08384],[-5.69994,42.08434],[-5.70781,42.0821],[-5.71218,42.07993],[-5.71572,42.07871],[-5.72994,42.0772],[-5.73897,42.07427],[-5.74032,42.07628],[-5.74123,42.07838],[-5.74461,42.07668],[-5.74275,42.07133],[-5.70733,42.06089],[-5.67937,42.04991],[-5.67851,42.05323]]]}},{"type":"Feature","properties":{"COD_POSTAL":"49741"},"geometry":{"type":"Polygon","coordinates":[[[-5.69648,41.79898],[-5.69473,41.8025],[-5.69494,41.80674],[-5.69529,41.80852],[-5.69709,41.8133],[-5.69858,41.81497],[-5.70162,41.82449],[-5.70194,41.82609],[-5.70779,41.82634],[-5.70271,41.82924],[-5.7006,41.83118],[-5.6959,41.83356],[-5.6916,41.83509],[-5.68987,41.83617],[-5.69237,41.83563],[-5.69393,41.83556],[-5.70361,41.836],[-5.7078,41.83503],[-5.71235,41.83505],[-5.715,41.83411],[-5.72263,41.83242],[-5.7255,41.83151],[-5.70398,41.79416],[-5.69894,41.7947],[-5.69648,41.79898]]]}},{"type":"Feature","properties":{"COD_POSTAL":"49154"},"geometry":{"type":"Polygon","coordinates":[[[-5.4842,41.371],[-5.48474,41.37346],[-5.48526,41.37397],[-5.48766,41.37579],[-5.49312,41.37864],[-5.49503,41.38023],[-5.49632,41.38198],[-5.49943,41.38499],[-5.50084,41.38572],[-5.50371,41.38662],[-5.50379,41.38514],[-5.50606,41.3819],[-5.50837,41.37953],[-5.51091,41.37776],[-5.50951,41.37756],[-5.50799,41.37693],[-5.50476,41.37704],[-5.50131,41.37507],[-5.50077,41.37455],[-5.50011,41.37244],[-5.49939,41.36874],[-5.49702,41.35476],[-5.49713,41.34106],[-5.49184,41.33912],[-5.49452,41.31075],[-5.4865,41.30686],[-5.47661,41.30357],[-5.47346,41.30336],[-5.4655,41.30009],[-5.46207,41.29965],[-5.46473,41.30346],[-5.4642,41.30546],[-5.46089,41.30857],[-5.46309,41.3086],[-5.47438,41.31041],[-5.46674,41.31822],[-5.46506,41.31696],[-5.45613,41.32056],[-5.45085,41.32199],[-5.45001,41.32315],[-5.45027,41.32326],[-5.44968,41.32412],[-5.45027,41.32554],[-5.45863,41.32756],[-5.45888,41.32862],[-5.45808,41.32932],[-5.45792,41.33093],[-5.45654,41.33031],[-5.45296,41.3341],[-5.45251,41.33282],[-5.44975,41.33468],[-5.44522,41.33704],[-5.44373,41.34542],[-5.43879,41.35364],[-5.42471,41.36042],[-5.45753,41.36255],[-5.46535,41.36598],[-5.47017,41.36764],[-5.48274,41.36],[-5.48471,41.36083],[-5.48612,41.3606],[-5.48774,41.36156],[-5.48891,41.36328],[-5.48406,41.36778],[-5.48461,41.36861],[-5.48392,41.36974],[-5.4842,41.371]]]}},{"type":"Feature","properties":{"COD_POSTAL":"49835"},"geometry":{"type":"Polygon","coordinates":[[[-5.39838,41.61746],[-5.40022,41.61569],[-5.40578,41.61218],[-5.40987,41.61404],[-5.41174,41.61427],[-5.41357,41.61491],[-5.41777,41.61811],[-5.42739,41.61192],[-5.42973,41.6129],[-5.42998,41.61158],[-5.43065,41.61123],[-5.43832,41.61216],[-5.4395,41.61269],[-5.4409,41.61151],[-5.44678,41.6155],[-5.4488,41.61569],[-5.45508,41.61706],[-5.45597,41.6175],[-5.45637,41.61823],[-5.45584,41.62127],[-5.45625,41.62233],[-5.4565,41.62258],[-5.45909,41.62331],[-5.45955,41.62245],[-5.45988,41.62066],[-5.46066,41.61995],[-5.46628,41.61729],[-5.47469,41.61249],[-5.47593,41.61273],[-5.47873,41.60921],[-5.48964,41.60085],[-5.49163,41.59892],[-5.49052,41.59848],[-5.48695,41.59817],[-5.48505,41.59725],[-5.48216,41.5948],[-5.48266,41.59457],[-5.48214,41.59401],[-5.48311,41.59316],[-5.48308,41.59256],[-5.48222,41.59222],[-5.48153,41.59272],[-5.47965,41.59121],[-5.47724,41.59022],[-5.47644,41.58951],[-5.47593,41.58828],[-5.47551,41.58796],[-5.47456,41.58768],[-5.47319,41.58819],[-5.47237,41.58778],[-5.47228,41.58744],[-5.47509,41.58706],[-5.47575,41.58619],[-5.47724,41.58635],[-5.47813,41.58482],[-5.47659,41.58417],[-5.47553,41.58409],[-5.4763,41.58204],[-5.47459,41.58146],[-5.47541,41.58022],[-5.47563,41.57852],[-5.47499,41.57723],[-5.47497,41.57637],[-5.47388,41.5762],[-5.47413,41.57589],[-5.47344,41.57538],[-5.47475,41.57474],[-5.47479,41.57399],[-5.47449,41.57339],[-5.47329,41.57259],[-5.47891,41.56987],[-5.48097,41.56833],[-5.48348,41.56697],[-5.48166,41.56603],[-5.47454,41.56144],[-5.46886,41.55627],[-5.46176,41.55097],[-5.45958,41.54964],[-5.45598,41.5488],[-5.45114,41.54578],[-5.4445,41.5493],[-5.44415,41.54961],[-5.44388,41.55222],[-5.44363,41.55263],[-5.4427,41.55283],[-5.4428,41.55405],[-5.44212,41.55494],[-5.44081,41.55548],[-5.4406,41.55583],[-5.44039,41.56178],[-5.43974,41.56191],[-5.4398,41.56234],[-5.43944,41.56259],[-5.4395,41.56384],[-5.43918,41.56377],[-5.43862,41.56517],[-5.4381,41.56579],[-5.43846,41.56652],[-5.43774,41.56869],[-5.43509,41.57137],[-5.4332,41.57301],[-5.42902,41.57495],[-5.42828,41.57464],[-5.42778,41.57523],[-5.42644,41.57507],[-5.42291,41.57731],[-5.42223,41.57678],[-5.42175,41.57729],[-5.41603,41.57975],[-5.41634,41.58045],[-5.41224,41.58353],[-5.41124,41.58334],[-5.40909,41.58527],[-5.40842,41.58521],[-5.40765,41.58559],[-5.40645,41.58664],[-5.40369,41.58805],[-5.40022,41.5909],[-5.39929,41.59109],[-5.39624,41.5926],[-5.39653,41.59316],[-5.39623,41.59381],[-5.39333,41.59637],[-5.3936,41.59759],[-5.3906,41.60007],[-5.38944,41.6002],[-5.38891,41.60179],[-5.38982,41.60206],[-5.38955,41.60351],[-5.38931,41.60379],[-5.38712,41.6043],[-5.39173,41.60632],[-5.39398,41.60781],[-5.39948,41.60953],[-5.39973,41.61011],[-5.39991,41.61269],[-5.39753,41.61713],[-5.39741,41.61773],[-5.39803,41.61771],[-5.39838,41.61746]]]}},{"type":"Feature","properties":{"COD_POSTAL":"49622"},"geometry":{"type":"Polygon","coordinates":[[[-5.79377,42.02923],[-5.79215,42.03182],[-5.79144,42.0325],[-5.78905,42.0339],[-5.78684,42.03483],[-5.78534,42.0366],[-5.78543,42.03728],[-5.78963,42.03773],[-5.79939,42.04009],[-5.80114,42.04027],[-5.80696,42.04005],[-5.81778,42.04236],[-5.81998,42.04322],[-5.82149,42.044],[-5.82323,42.04542],[-5.82558,42.04636],[-5.83153,42.05038],[-5.8336,42.05284],[-5.83545,42.05398],[-5.83801,42.05659],[-5.84587,42.06263],[-5.84873,42.06342],[-5.85115,42.06498],[-5.85246,42.06553],[-5.85867,42.06997],[-5.86101,42.07062],[-5.86461,42.07081],[-5.86597,42.07025],[-5.86683,42.07023],[-5.87487,42.07175],[-5.87762,42.07314],[-5.88048,42.07356],[-5.89079,42.07724],[-5.89641,42.07985],[-5.89889,42.08163],[-5.90034,42.08232],[-5.90336,42.08346],[-5.90405,42.08393],[-5.90593,42.08427],[-5.90791,42.08511],[-5.91528,42.08867],[-5.91535,42.0898],[-5.91587,42.09105],[-5.91775,42.09163],[-5.92078,42.09307],[-5.9234,42.0951],[-5.92809,42.09239],[-5.92927,42.08547],[-5.93871,42.08043],[-5.95004,42.06672],[-5.95438,42.06064],[-5.95198,42.05724],[-5.95107,42.05789],[-5.94815,42.05725],[-5.94664,42.0584],[-5.94519,42.05795],[-5.94179,42.05771],[-5.93748,42.05806],[-5.93351,42.05997],[-5.93111,42.05955],[-5.92958,42.06183],[-5.9203,42.06625],[-5.91664,42.06654],[-5.9154,42.06695],[-5.91479,42.06686],[-5.90792,42.07248],[-5.90914,42.06277],[-5.91246,42.04809],[-5.91593,42.02931],[-5.91717,42.01555],[-5.90734,42.01635],[-5.88754,42.01514],[-5.88687,42.01482],[-5.88519,42.0122],[-5.88316,42.01201],[-5.88091,42.01058],[-5.88077,42.0115],[-5.87269,42.01013],[-5.86711,42.00981],[-5.86567,42.01095],[-5.85883,42.00943],[-5.85834,42.00482],[-5.86364,42.00436],[-5.87368,42.00494],[-5.87001,42.00424],[-5.86834,42.00444],[-5.86144,42.0024],[-5.85829,42.0026],[-5.85693,42.00225],[-5.85609,42.00237],[-5.85523,42.00181],[-5.85434,42.00177],[-5.85152,42.0023],[-5.84583,42.00113],[-5.83663,41.99649],[-5.83607,41.99594],[-5.82325,42.00283],[-5.81226,42.01391],[-5.80404,42.0185],[-5.8017,42.02118],[-5.79581,42.02525],[-5.79377,42.02923]]]}},{"type":"Feature","properties":{"COD_POSTAL":"49518"},"geometry":{"type":"Polygon","coordinates":[[[-6.52862,41.67522],[-6.52769,41.67502],[-6.5258,41.67295],[-6.51913,41.66882],[-6.5182,41.66677],[-6.51503,41.66453],[-6.51348,41.66252],[-6.5121,41.66124],[-6.50347,41.65835],[-6.50141,41.65794],[-6.49942,41.65723],[-6.49773,41.65721],[-6.49568,41.65786],[-6.49308,41.65695],[-6.4889,41.6574],[-6.48388,41.65909],[-6.47998,41.66066],[-6.47465,41.66399],[-6.4725,41.66504],[-6.46833,41.66664],[-6.45773,41.66684],[-6.45599,41.66933],[-6.4525,41.67537],[-6.45229,41.6811],[-6.45085,41.68163],[-6.44959,41.68326],[-6.44837,41.68392],[-6.44449,41.68483],[-6.44296,41.68486],[-6.4398,41.68418],[-6.43646,41.68079],[-6.43419,41.68223],[-6.4252,41.67915],[-6.41963,41.67988],[-6.41583,41.67857],[-6.41107,41.67839],[-6.40987,41.68035],[-6.40872,41.68045],[-6.40727,41.68105],[-6.40601,41.68107],[-6.40295,41.67954],[-6.39556,41.67709],[-6.39122,41.67697],[-6.37836,41.67441],[-6.38018,41.68583],[-6.40724,41.71939],[-6.40747,41.71892],[-6.41361,41.71551],[-6.41694,41.71244],[-6.42569,41.70341],[-6.43274,41.70023],[-6.43396,41.699],[-6.47274,41.71631],[-6.46995,41.71251],[-6.47326,41.71001],[-6.47538,41.70922],[-6.47803,41.70686],[-6.47894,41.70638],[-6.48141,41.70613],[-6.48297,41.70646],[-6.49064,41.70686],[-6.49373,41.70625],[-6.49579,41.70482],[-6.49683,41.70332],[-6.49721,41.70197],[-6.49944,41.69957],[-6.50311,41.69356],[-6.50753,41.6878],[-6.52862,41.67522]]]}},{"type":"Feature","properties":{"COD_POSTAL":"49320"},"geometry":{"type":"MultiPolygon","coordinates":[[[[-6.59418,42.10167],[-6.58655,42.10577],[-6.58842,42.10735],[-6.58939,42.11053],[-6.58349,42.10971],[-6.58036,42.11317],[-6.59503,42.12389],[-6.59601,42.122],[-6.59826,42.12073],[-6.60378,42.12027],[-6.60697,42.11745],[-6.59418,42.10167]]],[[[-6.54982,42.02618],[-6.55274,42.0286],[-6.56508,42.06588],[-6.56534,42.06381],[-6.56759,42.06451],[-6.56733,42.06329],[-6.58278,42.0656],[-6.58299,42.0653],[-6.58451,42.06788],[-6.59088,42.07235],[-6.6006,42.07272],[-6.60496,42.06835],[-6.6062,42.06428],[-6.60811,42.06084],[-6.61007,42.05875],[-6.61302,42.05728],[-6.61411,42.05501],[-6.61233,42.04922],[-6.60852,42.03974],[-6.60783,42.04075],[-6.60345,42.03697],[-6.60345,42.03375],[-6.60277,42.03178],[-6.60198,42.03072],[-6.60108,42.03022],[-6.59827,42.03061],[-6.59487,42.03282],[-6.59419,42.03288],[-6.59323,42.03255],[-6.59087,42.03119],[-6.58579,42.03169],[-6.58377,42.03332],[-6.58281,42.03777],[-6.58126,42.03914],[-6.57967,42.03971],[-6.57896,42.0397],[-6.57661,42.03871],[-6.57186,42.03395],[-6.57165,42.03317],[-6.56867,42.029],[-6.5672,42.02759],[-6.56434,42.02657],[-6.56051,42.02602],[-6.55887,42.02427],[-6.55786,42.02384],[-6.55624,42.02391],[-6.5537,42.02484],[-6.5526,42.02489],[-6.55154,42.02397],[-6.55335,42.02259],[-6.55359,42.02194],[-6.5534,42.02158],[-6.55216,42.02102],[-6.54976,42.0208],[-6.54982,42.02618]]]]}},{"type":"Feature","properties":{"COD_POSTAL":"49326"},"geometry":{"type":"Polygon","coordinates":[[[-6.20873,42.0425],[-6.21334,42.04464],[-6.2151,42.04618],[-6.21839,42.04685],[-6.22189,42.04703],[-6.23008,42.05448],[-6.23183,42.05335],[-6.23557,42.05018],[-6.23829,42.04447],[-6.2397,42.04074],[-6.24198,42.04084],[-6.24544,42.04053],[-6.24893,42.04088],[-6.25262,42.01024],[-6.26402,41.99211],[-6.26101,41.99083],[-6.2565,41.9897],[-6.24984,41.98744],[-6.24855,41.98749],[-6.24471,41.98855],[-6.24296,41.98848],[-6.24111,41.98762],[-6.23748,41.98459],[-6.23394,41.98303],[-6.23285,41.98281],[-6.22913,41.98234],[-6.2267,41.98266],[-6.2262,41.98335],[-6.22532,41.98571],[-6.2247,41.98637],[-6.22067,41.9865],[-6.21951,41.98605],[-6.21854,41.98525],[-6.21646,41.98259],[-6.21285,41.9815],[-6.21195,41.98146],[-6.21157,41.98186],[-6.21087,41.98409],[-6.21004,41.98481],[-6.20891,41.98499],[-6.20683,41.98409],[-6.20567,41.98213],[-6.20343,41.98124],[-6.19688,41.99334],[-6.19845,41.99406],[-6.19933,41.99403],[-6.19895,42.00178],[-6.19532,42.00466],[-6.1977,42.00841],[-6.20181,42.01282],[-6.20519,42.01386],[-6.20911,42.02039],[-6.20679,42.02204],[-6.20482,42.02768],[-6.2012,42.03619],[-6.19896,42.0387],[-6.20873,42.0425]]]}},{"type":"Feature","properties":{"COD_POSTAL":"49022"},"geometry":{"type":"Polygon","coordinates":[[[-5.64793,41.50727],[-5.64143,41.51028],[-5.6399,41.51336],[-5.63839,41.51291],[-5.63743,41.51538],[-5.63565,41.51556],[-5.63555,41.51654],[-5.6365,41.51662],[-5.63622,41.51857],[-5.63534,41.52066],[-5.63862,41.52133],[-5.63869,41.522],[-5.64431,41.52196],[-5.64667,41.52159],[-5.64994,41.52149],[-5.64999,41.52198],[-5.65362,41.52247],[-5.65361,41.52323],[-5.65547,41.52348],[-5.65566,41.52603],[-5.65655,41.52681],[-5.65961,41.53103],[-5.66016,41.53223],[-5.66255,41.53564],[-5.66268,41.53747],[-5.66463,41.54159],[-5.6651,41.54366],[-5.66386,41.54485],[-5.66403,41.54656],[-5.66259,41.55072],[-5.66259,41.5521],[-5.66357,41.55283],[-5.66607,41.55213],[-5.67103,41.55204],[-5.67131,41.55104],[-5.67658,41.54883],[-5.67961,41.54613],[-5.68235,41.54324],[-5.68329,41.54272],[-5.68447,41.54116],[-5.68997,41.54257],[-5.72404,41.51977],[-5.72546,41.52082],[-5.72774,41.51995],[-5.72944,41.51866],[-5.73099,41.51442],[-5.73035,41.51376],[-5.72949,41.51429],[-5.72938,41.51416],[-5.73041,41.51331],[-5.73032,41.51317],[-5.73,41.51335],[-5.72974,41.51302],[-5.72955,41.51312],[-5.72984,41.51345],[-5.72921,41.51382],[-5.72835,41.51328],[-5.72855,41.51216],[-5.72743,41.51271],[-5.72803,41.51188],[-5.72902,41.50721],[-5.72937,41.50669],[-5.72987,41.50658],[-5.73042,41.50716],[-5.73264,41.50589],[-5.73159,41.50389],[-5.73499,41.50326],[-5.73468,41.50169],[-5.72907,41.50262],[-5.71963,41.51231],[-5.71428,41.51477],[-5.70265,41.50851],[-5.69499,41.50516],[-5.69343,41.50427],[-5.68971,41.50287],[-5.68474,41.5034],[-5.68324,41.50394],[-5.6816,41.50524],[-5.68066,41.50666],[-5.68056,41.50829],[-5.6814,41.50951],[-5.6877,41.51394],[-5.6885,41.51567],[-5.68874,41.51733],[-5.68862,41.51811],[-5.68805,41.51913],[-5.68622,41.52119],[-5.68188,41.52136],[-5.67666,41.52197],[-5.67226,41.52311],[-5.67102,41.52308],[-5.6682,41.52197],[-5.66248,41.51914],[-5.65931,41.51726],[-5.65159,41.51369],[-5.64903,41.51157],[-5.64871,41.50845],[-5.64922,41.50668],[-5.64793,41.50727]]]}},{"type":"Feature","properties":{"COD_POSTAL":"49007"},"geometry":{"type":"Polygon","coordinates":[[[-5.74306,41.51162],[-5.74315,41.51177],[-5.74437,41.51121],[-5.74471,41.51149],[-5.74632,41.51154],[-5.7472,41.51072],[-5.74724,41.50966],[-5.74766,41.50878],[-5.74637,41.50819],[-5.74589,41.50827],[-5.74381,41.50784],[-5.74422,41.50815],[-5.74398,41.50856],[-5.74323,41.50826],[-5.74295,41.50872],[-5.74319,41.51144],[-5.74306,41.51162]]]}},{"type":"Feature","properties":{"COD_POSTAL":"49714"},"geometry":{"type":"Polygon","coordinates":[[[-5.6087,41.34727],[-5.61024,41.35008],[-5.61336,41.35311],[-5.61581,41.35487],[-5.61898,41.35585],[-5.62089,41.3573],[-5.62328,41.35866],[-5.62531,41.3595],[-5.62862,41.35673],[-5.63214,41.35464],[-5.6391,41.35233],[-5.64254,41.34998],[-5.64425,41.34763],[-5.64462,41.3452],[-5.64668,41.34283],[-5.64882,41.33976],[-5.64937,41.33824],[-5.64944,41.33703],[-5.65129,41.33578],[-5.65155,41.33392],[-5.65378,41.33214],[-5.65537,41.33167],[-5.65991,41.32645],[-5.66018,41.3258],[-5.66082,41.32536],[-5.65862,41.32171],[-5.65697,41.32056],[-5.65509,41.31968],[-5.65427,41.31848],[-5.65207,41.31764],[-5.64387,41.31315],[-5.64335,41.31249],[-5.64295,41.31163],[-5.64305,41.30882],[-5.64435,41.30699],[-5.64497,41.30557],[-5.64487,41.30459],[-5.64391,41.30448],[-5.64074,41.30249],[-5.63804,41.30137],[-5.6376,41.29983],[-5.63671,41.29979],[-5.63608,41.29929],[-5.6348,41.29746],[-5.63375,41.29745],[-5.63035,41.29878],[-5.62671,41.29971],[-5.62461,41.30137],[-5.62274,41.30333],[-5.62113,41.30547],[-5.62091,41.3062],[-5.61909,41.30805],[-5.61748,41.31042],[-5.61399,41.31353],[-5.61368,41.31453],[-5.61266,41.31587],[-5.61227,41.31689],[-5.60804,41.3215],[-5.60538,41.32371],[-5.60337,41.32692],[-5.60254,41.33177],[-5.6005,41.33498],[-5.60051,41.33646],[-5.5994,41.33769],[-5.59865,41.33987],[-5.59983,41.34018],[-5.60141,41.34116],[-5.6047,41.34214],[-5.60631,41.34294],[-5.60865,41.34642],[-5.60917,41.34682],[-5.60855,41.34684],[-5.6087,41.34727]]]}},{"type":"Feature","properties":{"COD_POSTAL":"49319"},"geometry":{"type":"Polygon","coordinates":[[[-6.3056,42.09912],[-6.31525,42.10692],[-6.32207,42.10898],[-6.33856,42.10594],[-6.34569,42.11535],[-6.37462,42.11667],[-6.37457,42.1133],[-6.37552,42.11125],[-6.37532,42.10959],[-6.37613,42.10858],[-6.36857,42.09539],[-6.37077,42.09484],[-6.37797,42.09122],[-6.38067,42.08787],[-6.37998,42.08474],[-6.34179,42.06319],[-6.35026,42.03819],[-6.34828,42.03706],[-6.34018,42.03646],[-6.33605,42.03459],[-6.327,42.03242],[-6.31731,42.02937],[-6.30033,42.02901],[-6.29232,42.03646],[-6.28924,42.04335],[-6.28838,42.04649],[-6.29706,42.05153],[-6.29859,42.05642],[-6.29961,42.05768],[-6.30084,42.06057],[-6.30036,42.06099],[-6.2998,42.06413],[-6.29831,42.06994],[-6.29953,42.07788],[-6.30134,42.08347],[-6.30288,42.0897],[-6.3056,42.09912]]]}},{"type":"Feature","properties":{"COD_POSTAL":"49716"},"geometry":{"type":"Polygon","coordinates":[[[-5.59438,41.28055],[-5.59478,41.27893],[-5.59392,41.2749],[-5.59389,41.27336],[-5.56219,41.2854],[-5.5494,41.29154],[-5.55107,41.29468],[-5.54676,41.2983],[-5.54396,41.29968],[-5.5381,41.30133],[-5.53438,41.3036],[-5.53329,41.30467],[-5.54519,41.30966],[-5.55371,41.31282],[-5.57228,41.3191],[-5.57969,41.32142],[-5.58256,41.32201],[-5.58516,41.32296],[-5.58812,41.32311],[-5.59062,41.32363],[-5.60337,41.32692],[-5.60538,41.32371],[-5.60804,41.3215],[-5.61227,41.31689],[-5.61266,41.31587],[-5.61368,41.31453],[-5.61399,41.31353],[-5.61748,41.31042],[-5.61909,41.30805],[-5.62091,41.3062],[-5.62113,41.30547],[-5.62274,41.30333],[-5.62461,41.30137],[-5.62671,41.29971],[-5.62018,41.2964],[-5.61685,41.29667],[-5.61518,41.29637],[-5.61398,41.29643],[-5.60881,41.29875],[-5.60409,41.29344],[-5.59999,41.29224],[-5.59952,41.29132],[-5.59915,41.28961],[-5.59908,41.28751],[-5.59843,41.28652],[-5.59841,41.28526],[-5.59438,41.28055]]]}},{"type":"Feature","properties":{"COD_POSTAL":"49164"},"geometry":{"type":"Polygon","coordinates":[[[-6.02427,41.59285],[-6.0086,41.62039],[-6.01159,41.62202],[-6.02428,41.62749],[-6.02653,41.62894],[-6.0307,41.62929],[-6.03254,41.63033],[-6.03293,41.63074],[-6.03286,41.63189],[-6.03314,41.63247],[-6.03424,41.63309],[-6.03612,41.63495],[-6.03788,41.63562],[-6.04085,41.63588],[-6.04156,41.6366],[-6.04549,41.63918],[-6.05445,41.64278],[-6.05707,41.64429],[-6.06069,41.6443],[-6.06139,41.64178],[-6.06557,41.63887],[-6.06536,41.63657],[-6.06489,41.63538],[-6.0632,41.63312],[-6.065,41.63092],[-6.06516,41.6269],[-6.06485,41.62427],[-6.06405,41.62301],[-6.06169,41.62081],[-6.06092,41.61946],[-6.06044,41.61797],[-6.06073,41.61555],[-6.06042,41.61386],[-6.06065,41.61288],[-6.06304,41.6089],[-6.06365,41.60745],[-6.0627,41.60492],[-6.06291,41.60349],[-6.06401,41.60202],[-6.06507,41.59981],[-6.07433,41.59687],[-6.07947,41.59603],[-6.084,41.59495],[-6.08582,41.59481],[-6.08535,41.59321],[-6.08466,41.59191],[-6.08363,41.58693],[-6.0826,41.58557],[-6.07978,41.58289],[-6.07869,41.58135],[-6.07604,41.57864],[-6.07523,41.57725],[-6.07361,41.57559],[-6.07288,41.575],[-6.0703,41.57386],[-6.06689,41.57127],[-6.06245,41.56925],[-6.05608,41.56758],[-6.05525,41.56692],[-6.05093,41.56543],[-6.04929,41.56455],[-6.04466,41.56124],[-6.04036,41.55907],[-6.03715,41.55641],[-6.03471,41.55544],[-6.03198,41.55481],[-6.02497,41.55605],[-6.0241,41.55541],[-6.02312,41.55672],[-6.01534,41.55997],[-6.01338,41.56282],[-6.00875,41.56508],[-6.00305,41.56606],[-5.99862,41.57197],[-5.99892,41.57403],[-6.00482,41.57669],[-6.00416,41.57968],[-6.00285,41.5823],[-6.00381,41.58599],[-6.00524,41.5855],[-6.00693,41.58557],[-6.00988,41.58835],[-6.01138,41.58847],[-6.01283,41.58938],[-6.01397,41.58923],[-6.01689,41.58955],[-6.01835,41.59056],[-6.01959,41.59287],[-6.02427,41.59285]]]}},{"type":"Feature","properties":{"COD_POSTAL":"49200"},"geometry":{"type":"Polygon","coordinates":[[[-6.12051,41.3957],[-6.12145,41.39711],[-6.13648,41.386],[-6.14119,41.38069],[-6.14917,41.37642],[-6.1652,41.36534],[-6.16531,41.36475],[-6.16388,41.36293],[-6.16312,41.36136],[-6.16004,41.3601],[-6.15705,41.35774],[-6.14727,41.35414],[-6.14594,41.35405],[-6.14008,41.34779],[-6.13918,41.3473],[-6.13674,41.34452],[-6.13318,41.3438],[-6.13277,41.34307],[-6.13292,41.34146],[-6.13271,41.33908],[-6.13103,41.33545],[-6.12862,41.33351],[-6.12784,41.33251],[-6.12469,41.33072],[-6.1147,41.33192],[-6.09175,41.32998],[-6.07851,41.33155],[-6.07783,41.33136],[-6.07799,41.35695],[-6.0709,41.36423],[-6.07343,41.3699],[-6.0743,41.37775],[-6.08726,41.3859],[-6.10858,41.39238],[-6.11575,41.39522],[-6.11628,41.39481],[-6.11722,41.3951],[-6.12122,41.39521],[-6.12051,41.3957]]]}},{"type":"Feature","properties":{"COD_POSTAL":"49131"},"geometry":{"type":"Polygon","coordinates":[[[-5.35433,41.91006],[-5.35465,41.91245],[-5.35556,41.91409],[-5.3566,41.91539],[-5.35933,41.91787],[-5.36267,41.92184],[-5.3685,41.92048],[-5.36963,41.92134],[-5.37118,41.9209],[-5.3729,41.92321],[-5.37466,41.92491],[-5.37527,41.92644],[-5.37685,41.92732],[-5.37758,41.92902],[-5.37882,41.93026],[-5.37994,41.92995],[-5.38187,41.93172],[-5.38611,41.93041],[-5.38841,41.93081],[-5.385,41.93579],[-5.38703,41.9363],[-5.38681,41.93742],[-5.38754,41.93998],[-5.38894,41.94241],[-5.38607,41.9441],[-5.38663,41.9471],[-5.38506,41.94868],[-5.38724,41.95422],[-5.38841,41.95441],[-5.39149,41.95549],[-5.39291,41.95503],[-5.39101,41.95149],[-5.39113,41.95086],[-5.39168,41.95021],[-5.39121,41.94893],[-5.3912,41.94757],[-5.38991,41.9437],[-5.39188,41.94354],[-5.3952,41.9424],[-5.39943,41.94288],[-5.40169,41.9439],[-5.40319,41.94535],[-5.40476,41.94059],[-5.404,41.93895],[-5.40683,41.9352],[-5.40213,41.93483],[-5.40086,41.93424],[-5.39802,41.93513],[-5.39736,41.93456],[-5.39663,41.93246],[-5.39293,41.93028],[-5.39354,41.92788],[-5.39202,41.92703],[-5.3908,41.92696],[-5.39046,41.92407],[-5.39064,41.92324],[-5.39299,41.92213],[-5.39363,41.91791],[-5.39292,41.91759],[-5.39257,41.91611],[-5.39164,41.91451],[-5.38909,41.91168],[-5.38642,41.90748],[-5.38767,41.9053],[-5.38786,41.90328],[-5.38871,41.90271],[-5.38916,41.8997],[-5.39195,41.89799],[-5.38981,41.89674],[-5.38719,41.89595],[-5.38621,41.89538],[-5.38541,41.88973],[-5.3845,41.88799],[-5.38184,41.88483],[-5.38043,41.88222],[-5.37882,41.88144],[-5.37838,41.88033],[-5.37762,41.87961],[-5.37133,41.87489],[-5.3696,41.87485],[-5.36903,41.87284],[-5.36843,41.87471],[-5.36655,41.87648],[-5.36571,41.8777],[-5.36342,41.88234],[-5.35667,41.88277],[-5.35428,41.88193],[-5.35157,41.88233],[-5.35052,41.88296],[-5.34529,41.88354],[-5.34274,41.88412],[-5.34083,41.88415],[-5.33337,41.88386],[-5.33117,41.88307],[-5.32833,41.88358],[-5.32707,41.88294],[-5.32602,41.88333],[-5.32261,41.88357],[-5.32036,41.88425],[-5.31944,41.88425],[-5.31612,41.8835],[-5.31609,41.8825],[-5.31148,41.88268],[-5.31162,41.88856],[-5.31106,41.89159],[-5.31045,41.89336],[-5.3076,41.89893],[-5.30657,41.90034],[-5.30135,41.90471],[-5.30052,41.90705],[-5.30355,41.90725],[-5.30961,41.906],[-5.31259,41.90577],[-5.31306,41.90627],[-5.31427,41.90671],[-5.31656,41.90674],[-5.31692,41.90794],[-5.31733,41.90836],[-5.32046,41.90932],[-5.32171,41.90863],[-5.32342,41.90873],[-5.32464,41.90814],[-5.32769,41.9076],[-5.33324,41.90852],[-5.33477,41.90796],[-5.3384,41.90804],[-5.34179,41.90763],[-5.34629,41.90767],[-5.34858,41.90494],[-5.3505,41.90451],[-5.3502,41.90545],[-5.35151,41.90626],[-5.35251,41.90582],[-5.35451,41.90661],[-5.3552,41.90785],[-5.35431,41.91],[-5.35433,41.91006]]]}},{"type":"Feature","properties":{"COD_POSTAL":"49334"},"geometry":{"type":"Polygon","coordinates":[[[-6.03921,41.87652],[-6.01903,41.86921],[-6.01085,41.87057],[-5.98747,41.87536],[-5.97799,41.87659],[-5.97574,41.87598],[-5.97474,41.87613],[-5.95987,41.88138],[-5.95962,41.88305],[-5.96191,41.88844],[-5.962,41.89062],[-5.96141,41.89159],[-5.95834,41.89396],[-5.96247,41.89603],[-5.98735,41.8991],[-5.988,41.90285],[-5.99281,41.90528],[-5.99205,41.9081],[-5.9915,41.91447],[-5.99155,41.91623],[-5.9912,41.91732],[-5.99217,41.92011],[-5.99206,41.92199],[-5.99234,41.92276],[-5.99315,41.92443],[-5.99555,41.92769],[-5.99914,41.93168],[-6.00255,41.93321],[-6.00588,41.93194],[-6.00664,41.93132],[-6.01066,41.93029],[-6.01607,41.93147],[-6.01715,41.93109],[-6.02018,41.92805],[-6.02475,41.92528],[-6.02708,41.92321],[-6.02903,41.92245],[-6.03262,41.92153],[-6.03405,41.92022],[-6.03591,41.92024],[-6.04967,41.90221],[-6.04229,41.898],[-6.04171,41.89238],[-6.04387,41.88347],[-6.04505,41.87485],[-6.03921,41.87652]]]}},{"type":"Feature","properties":{"COD_POSTAL":"49392"},"geometry":{"type":"Polygon","coordinates":[[[-6.64387,42.04181],[-6.64794,42.04472],[-6.65283,42.05278],[-6.65606,42.04958],[-6.66027,42.04767],[-6.67017,42.05041],[-6.68401,42.04838],[-6.69175,42.04379],[-6.6954,42.04096],[-6.7099,42.03337],[-6.71352,42.02924],[-6.71995,42.02533],[-6.7202,42.02319],[-6.72016,42.01885],[-6.72581,42.01473],[-6.72932,42.01351],[-6.72993,42.01278],[-6.73128,42.01242],[-6.73176,42.01161],[-6.73274,42.01129],[-6.73332,42.00996],[-6.73497,42.0082],[-6.73472,42.00708],[-6.73513,42.00515],[-6.7345,42.00452],[-6.73738,42.00343],[-6.74016,42.00123],[-6.74496,41.99815],[-6.748,41.99801],[-6.75085,41.99635],[-6.75453,41.99373],[-6.76214,41.98691],[-6.7687,41.9839],[-6.76702,41.97454],[-6.76282,41.96644],[-6.75904,41.96079],[-6.7584,41.95804],[-6.75062,41.94339],[-6.74358,41.94095],[-6.73021,41.93838],[-6.72641,41.93705],[-6.72461,41.93697],[-6.72152,41.93852],[-6.71837,41.93787],[-6.71559,41.93876],[-6.71455,41.93864],[-6.71463,41.93755],[-6.69927,41.93333],[-6.69318,41.93388],[-6.67337,41.93699],[-6.65864,41.9387],[-6.63863,41.96874],[-6.64729,41.989],[-6.66324,41.99325],[-6.66459,41.99767],[-6.66481,42.00022],[-6.66634,42.00527],[-6.66011,42.01339],[-6.65449,42.01875],[-6.64805,42.03352],[-6.64388,42.04181],[-6.64387,42.04181]]]}},{"type":"Feature","properties":{"COD_POSTAL":"49530"},"geometry":{"type":"Polygon","coordinates":[[[-5.62047,41.56178],[-5.62099,41.56203],[-5.62153,41.56164],[-5.62276,41.56246],[-5.62322,41.56233],[-5.62385,41.56173],[-5.62465,41.56288],[-5.62427,41.56345],[-5.62458,41.5648],[-5.62574,41.56557],[-5.62602,41.56603],[-5.62803,41.5648],[-5.63242,41.56917],[-5.63414,41.56908],[-5.63436,41.57031],[-5.63654,41.57076],[-5.64012,41.56978],[-5.64238,41.56848],[-5.64838,41.5668],[-5.64781,41.56582],[-5.6486,41.56525],[-5.64803,41.56457],[-5.64979,41.56309],[-5.65124,41.56221],[-5.65048,41.56161],[-5.65205,41.56006],[-5.65333,41.56061],[-5.65478,41.55979],[-5.65656,41.56065],[-5.65785,41.5607],[-5.65843,41.56149],[-5.65978,41.56087],[-5.65834,41.56021],[-5.65911,41.55887],[-5.65956,41.55652],[-5.66187,41.55526],[-5.66357,41.55283],[-5.66259,41.5521],[-5.66259,41.55072],[-5.66403,41.54656],[-5.66386,41.54485],[-5.6651,41.54366],[-5.66463,41.54159],[-5.66268,41.53747],[-5.66255,41.53564],[-5.66016,41.53223],[-5.65961,41.53103],[-5.65655,41.52681],[-5.65566,41.52603],[-5.65547,41.52348],[-5.65361,41.52323],[-5.65362,41.52247],[-5.64999,41.52198],[-5.64994,41.52149],[-5.64667,41.52159],[-5.64431,41.52196],[-5.63869,41.522],[-5.63862,41.52133],[-5.63534,41.52066],[-5.63622,41.51857],[-5.6365,41.51662],[-5.63555,41.51654],[-5.63565,41.51556],[-5.63743,41.51538],[-5.63839,41.51291],[-5.6399,41.51336],[-5.64143,41.51028],[-5.64922,41.50668],[-5.64943,41.50537],[-5.64873,41.50373],[-5.64211,41.50077],[-5.63874,41.49983],[-5.63817,41.4994],[-5.63702,41.49938],[-5.63574,41.49973],[-5.6338,41.50148],[-5.63293,41.50168],[-5.62737,41.49985],[-5.62562,41.49883],[-5.62491,41.4979],[-5.62168,41.49606],[-5.61855,41.49499],[-5.61251,41.49383],[-5.60778,41.49401],[-5.60619,41.49429],[-5.60406,41.49565],[-5.60274,41.49827],[-5.60138,41.49962],[-5.60039,41.50021],[-5.59498,41.50222],[-5.59104,41.50288],[-5.58878,41.5037],[-5.58712,41.50478],[-5.5861,41.50644],[-5.58443,41.50822],[-5.58209,41.51134],[-5.58261,41.51188],[-5.58357,41.51367],[-5.58447,41.51669],[-5.58486,41.51901],[-5.58698,41.52593],[-5.58905,41.52903],[-5.58787,41.5289],[-5.58774,41.53136],[-5.58678,41.5324],[-5.58661,41.5333],[-5.58697,41.53501],[-5.58742,41.53582],[-5.58744,41.53632],[-5.58696,41.53739],[-5.58728,41.5399],[-5.58892,41.54276],[-5.58806,41.54566],[-5.58843,41.54603],[-5.58773,41.54618],[-5.58848,41.54729],[-5.58123,41.55146],[-5.57343,41.5547],[-5.56886,41.55243],[-5.56742,41.55199],[-5.56425,41.5537],[-5.56283,41.55596],[-5.56122,41.55766],[-5.55797,41.55977],[-5.55337,41.5639],[-5.55118,41.56447],[-5.54897,41.56557],[-5.54728,41.56679],[-5.54473,41.56759],[-5.54368,41.56825],[-5.54163,41.56879],[-5.54127,41.56951],[-5.54269,41.5706],[-5.54445,41.5715],[-5.54661,41.57182],[-5.54841,41.57134],[-5.54954,41.57172],[-5.55287,41.56933],[-5.55385,41.56965],[-5.55892,41.56768],[-5.56004,41.5668],[-5.56415,41.56493],[-5.56571,41.56342],[-5.57126,41.5619],[-5.57323,41.56168],[-5.57588,41.56024],[-5.57701,41.56036],[-5.57815,41.55999],[-5.58154,41.5611],[-5.58336,41.56224],[-5.5912,41.56134],[-5.59239,41.56199],[-5.60118,41.55599],[-5.60399,41.55524],[-5.60452,41.55527],[-5.60471,41.5555],[-5.60463,41.55673],[-5.60547,41.55709],[-5.60582,41.55665],[-5.60639,41.55652],[-5.60681,41.55566],[-5.60736,41.55515],[-5.60787,41.55541],[-5.60807,41.55611],[-5.60904,41.557],[-5.61387,41.55861],[-5.61462,41.55902],[-5.61451,41.55969],[-5.61917,41.56064],[-5.62059,41.5613],[-5.62047,41.56178]]]}},{"type":"Feature","properties":{"COD_POSTAL":"49580"},"geometry":{"type":"Polygon","coordinates":[[[-6.95943,42.0802],[-6.98914,42.11688],[-6.98915,42.11647],[-6.98976,42.11577],[-6.99096,42.1151],[-6.99025,42.11355],[-6.98888,42.11195],[-6.98962,42.11006],[-6.98924,42.10794],[-6.98968,42.10743],[-6.99185,42.10666],[-6.99233,42.10534],[-6.99225,42.10467],[-6.99171,42.10375],[-6.99003,42.10254],[-6.99034,42.10113],[-6.99143,42.09949],[-6.99181,42.09919],[-6.99292,42.09896],[-6.99418,42.09932],[-6.9946,42.09967],[-6.99488,42.10139],[-6.99511,42.1016],[-6.99717,42.10129],[-6.99879,42.10023],[-7.0027,42.09667],[-7.00279,42.09396],[-7.00243,42.09151],[-7.00176,42.0907],[-7.00045,42.09006],[-7.00039,42.08971],[-7.00073,42.08919],[-7.00226,42.08867],[-7.00308,42.08798],[-7.00307,42.08713],[-7.00229,42.08531],[-7.00227,42.08491],[-7.00269,42.08417],[-7.004,42.08379],[-7.00636,42.08384],[-7.01248,42.0851],[-7.01392,42.08443],[-7.01643,42.0815],[-7.01772,42.0811],[-7.01879,42.08153],[-7.02004,42.08313],[-7.03324,42.07458],[-7.03358,42.07424],[-7.03385,42.07324],[-7.03404,42.07155],[-7.03166,42.06421],[-7.03101,42.0633],[-7.02591,42.06272],[-7.02206,42.06087],[-7.02107,42.06014],[-7.01767,42.05608],[-7.01615,42.05477],[-7.01267,42.05271],[-7.00778,42.05156],[-7.00573,42.05142],[-6.99985,42.05168],[-6.99469,42.05144],[-6.97983,42.05361],[-6.97746,42.05452],[-6.97479,42.05516],[-6.9744,42.05603],[-6.97446,42.05779],[-6.97257,42.07544],[-6.96489,42.07774],[-6.96159,42.07826],[-6.95943,42.0802]]]}},{"type":"Feature","properties":{"COD_POSTAL":"49830"},"geometry":{"type":"Polygon","coordinates":[[[-5.47129,41.68941],[-5.46954,41.69063],[-5.46923,41.68987],[-5.46545,41.6897],[-5.46431,41.6909],[-5.45128,41.68782],[-5.45055,41.68843],[-5.44846,41.68644],[-5.44398,41.68482],[-5.43942,41.68284],[-5.43191,41.68234],[-5.42662,41.68149],[-5.42157,41.68192],[-5.4172,41.68259],[-5.41519,41.6822],[-5.41263,41.68348],[-5.41073,41.68398],[-5.40557,41.6848],[-5.40109,41.68584],[-5.40064,41.68645],[-5.3991,41.68757],[-5.39503,41.68975],[-5.38993,41.6938],[-5.38706,41.69629],[-5.38496,41.69865],[-5.38251,41.70277],[-5.38255,41.7074],[-5.38147,41.70893],[-5.37832,41.71137],[-5.37798,41.71229],[-5.37841,41.71382],[-5.37661,41.71651],[-5.37662,41.71753],[-5.37615,41.71869],[-5.3752,41.71979],[-5.376,41.72396],[-5.37604,41.72632],[-5.37556,41.72804],[-5.37711,41.72893],[-5.37802,41.73326],[-5.38076,41.73666],[-5.38153,41.73855],[-5.38361,41.74027],[-5.38438,41.74137],[-5.3887,41.7495],[-5.39069,41.75257],[-5.39074,41.75751],[-5.39378,41.75865],[-5.40276,41.75919],[-5.40547,41.76025],[-5.41181,41.75998],[-5.41888,41.7593],[-5.41971,41.75991],[-5.42101,41.76019],[-5.42824,41.75948],[-5.43046,41.76014],[-5.43465,41.75894],[-5.43675,41.7594],[-5.44185,41.75931],[-5.44642,41.76023],[-5.44759,41.76067],[-5.45183,41.75588],[-5.45163,41.75309],[-5.45355,41.75136],[-5.45839,41.74768],[-5.46165,41.74645],[-5.46363,41.74367],[-5.46572,41.74186],[-5.46661,41.74002],[-5.4684,41.73905],[-5.46994,41.73628],[-5.47068,41.73584],[-5.47171,41.73569],[-5.47294,41.73487],[-5.47414,41.73351],[-5.47475,41.73229],[-5.47713,41.73036],[-5.47877,41.72783],[-5.48198,41.72425],[-5.48298,41.72393],[-5.48361,41.72262],[-5.4856,41.72174],[-5.48644,41.72081],[-5.48711,41.71889],[-5.49014,41.71885],[-5.49654,41.71968],[-5.50297,41.71776],[-5.50224,41.71631],[-5.50691,41.71677],[-5.50776,41.7163],[-5.50751,41.71554],[-5.50755,41.71461],[-5.50814,41.71271],[-5.50962,41.71272],[-5.5101,41.71033],[-5.51147,41.70906],[-5.51015,41.70816],[-5.51159,41.70736],[-5.51339,41.70687],[-5.51547,41.70682],[-5.51334,41.70086],[-5.50825,41.695],[-5.50553,41.69134],[-5.49926,41.69181],[-5.49878,41.69109],[-5.49622,41.69115],[-5.49401,41.69127],[-5.49357,41.6919],[-5.49038,41.69196],[-5.48416,41.68946],[-5.48343,41.69028],[-5.48099,41.68898],[-5.47769,41.69197],[-5.47667,41.69176],[-5.47664,41.69064],[-5.47421,41.69033],[-5.47129,41.68941]]]}},{"type":"Feature","properties":{"COD_POSTAL":"49590"},"geometry":{"type":"MultiPolygon","coordinates":[[[[-5.58874,41.52856],[-5.58698,41.52593],[-5.58486,41.51901],[-5.58447,41.51669],[-5.58357,41.51367],[-5.58261,41.51188],[-5.58209,41.51134],[-5.58125,41.51227],[-5.57924,41.51574],[-5.57595,41.51922],[-5.57121,41.51748],[-5.56323,41.52575],[-5.56354,41.52646],[-5.5537,41.52658],[-5.55359,41.52914],[-5.55244,41.53193],[-5.55027,41.53892],[-5.54995,41.54199],[-5.54867,41.54273],[-5.54788,41.54375],[-5.54662,41.54707],[-5.54494,41.55319],[-5.54418,41.55424],[-5.54324,41.55465],[-5.542,41.55603],[-5.54084,41.56068],[-5.53771,41.56748],[-5.53802,41.56812],[-5.54127,41.56951],[-5.54163,41.56879],[-5.54368,41.56825],[-5.54473,41.56759],[-5.54728,41.56679],[-5.54897,41.56557],[-5.55118,41.56447],[-5.55337,41.5639],[-5.55797,41.55977],[-5.56122,41.55766],[-5.56283,41.55596],[-5.56425,41.5537],[-5.56742,41.55199],[-5.56886,41.55243],[-5.57343,41.5547],[-5.58123,41.55146],[-5.58848,41.54729],[-5.58773,41.54618],[-5.58843,41.54603],[-5.58806,41.54566],[-5.58892,41.54276],[-5.58728,41.5399],[-5.58696,41.53739],[-5.58744,41.53632],[-5.58742,41.53582],[-5.58697,41.53501],[-5.58661,41.5333],[-5.58678,41.5324],[-5.58774,41.53136],[-5.58787,41.5289],[-5.58905,41.52903],[-5.58874,41.52856]]],[[[-5.50064,41.60229],[-5.5024,41.60237],[-5.50495,41.60026],[-5.50953,41.59785],[-5.51219,41.5971],[-5.5149,41.5959],[-5.51587,41.59429],[-5.51746,41.59367],[-5.51878,41.5901],[-5.52166,41.58863],[-5.52265,41.58759],[-5.52304,41.58676],[-5.52301,41.58513],[-5.52356,41.58427],[-5.52535,41.58246],[-5.52659,41.58186],[-5.52733,41.58065],[-5.52911,41.58031],[-5.5299,41.5798],[-5.52928,41.57944],[-5.52717,41.57471],[-5.52487,41.57093],[-5.52233,41.57114],[-5.51942,41.57089],[-5.51554,41.57358],[-5.50969,41.57098],[-5.50683,41.56914],[-5.50472,41.56812],[-5.50235,41.56788],[-5.49614,41.56828],[-5.49363,41.56883],[-5.49106,41.56964],[-5.48825,41.57118],[-5.48753,41.57003],[-5.48568,41.57038],[-5.47891,41.56987],[-5.47329,41.57259],[-5.47449,41.57339],[-5.47479,41.57399],[-5.47475,41.57474],[-5.47344,41.57538],[-5.47413,41.57589],[-5.47388,41.5762],[-5.47497,41.57637],[-5.47499,41.57723],[-5.47563,41.57852],[-5.47541,41.58022],[-5.47459,41.58146],[-5.4763,41.58204],[-5.47553,41.58409],[-5.47659,41.58417],[-5.47813,41.58482],[-5.47724,41.58635],[-5.47575,41.58619],[-5.47509,41.58706],[-5.47228,41.58744],[-5.47237,41.58778],[-5.47319,41.58819],[-5.47456,41.58768],[-5.47551,41.58796],[-5.47593,41.58828],[-5.47644,41.58951],[-5.47724,41.59022],[-5.47965,41.59121],[-5.48153,41.59272],[-5.48222,41.59222],[-5.48308,41.59256],[-5.48311,41.59316],[-5.48214,41.59401],[-5.48266,41.59457],[-5.48216,41.5948],[-5.48505,41.59725],[-5.48695,41.59817],[-5.49052,41.59848],[-5.49357,41.59938],[-5.49752,41.6013],[-5.50064,41.60229]]]]}},{"type":"Feature","properties":{"COD_POSTAL":"49132"},"geometry":{"type":"Polygon","coordinates":[[[-5.38611,41.93041],[-5.38187,41.93172],[-5.37994,41.92995],[-5.37882,41.93026],[-5.37758,41.92902],[-5.37685,41.92732],[-5.37527,41.92644],[-5.37466,41.92491],[-5.3729,41.92321],[-5.37118,41.9209],[-5.36963,41.92134],[-5.3685,41.92048],[-5.36267,41.92184],[-5.35933,41.91787],[-5.3566,41.91539],[-5.35465,41.91245],[-5.35431,41.91],[-5.3552,41.90785],[-5.35451,41.90661],[-5.35251,41.90582],[-5.35151,41.90626],[-5.3502,41.90545],[-5.3505,41.90451],[-5.34858,41.90494],[-5.34629,41.90767],[-5.34179,41.90763],[-5.3384,41.90804],[-5.33477,41.90796],[-5.33324,41.90852],[-5.32769,41.9076],[-5.32464,41.90814],[-5.32342,41.90873],[-5.32171,41.90863],[-5.32046,41.90932],[-5.31733,41.90836],[-5.31692,41.90794],[-5.31656,41.90674],[-5.31427,41.90671],[-5.31306,41.90627],[-5.31259,41.90577],[-5.30961,41.906],[-5.30355,41.90725],[-5.30052,41.90705],[-5.29862,41.90823],[-5.29591,41.91117],[-5.29473,41.91681],[-5.29373,41.91994],[-5.29683,41.92081],[-5.29884,41.92209],[-5.30324,41.92613],[-5.30934,41.9306],[-5.30989,41.93226],[-5.31411,41.93435],[-5.31697,41.93528],[-5.31873,41.93653],[-5.31951,41.93641],[-5.32087,41.93751],[-5.32328,41.93794],[-5.32521,41.93739],[-5.33202,41.93686],[-5.34281,41.93902],[-5.34669,41.94059],[-5.35055,41.94146],[-5.35599,41.94189],[-5.35963,41.9408],[-5.36752,41.94118],[-5.37314,41.94303],[-5.37492,41.94203],[-5.37698,41.94342],[-5.3783,41.94481],[-5.37793,41.94547],[-5.37713,41.94592],[-5.37952,41.94778],[-5.37983,41.94952],[-5.38111,41.9507],[-5.38506,41.94868],[-5.38647,41.94733],[-5.38663,41.9471],[-5.38607,41.9441],[-5.38894,41.94241],[-5.38754,41.93998],[-5.38681,41.93742],[-5.38703,41.9363],[-5.385,41.93579],[-5.38841,41.93081],[-5.38611,41.93041]]]}},{"type":"Feature","properties":{"COD_POSTAL":"49124"},"geometry":{"type":"Polygon","coordinates":[[[-5.60849,41.64653],[-5.60646,41.64429],[-5.60546,41.64391],[-5.60157,41.64385],[-5.6002,41.64344],[-5.59813,41.64376],[-5.59628,41.64339],[-5.59485,41.64356],[-5.59455,41.64276],[-5.59261,41.64061],[-5.58895,41.63773],[-5.58603,41.63612],[-5.58337,41.63717],[-5.57936,41.63968],[-5.57589,41.64087],[-5.57116,41.64352],[-5.57128,41.6447],[-5.56888,41.64433],[-5.56542,41.64638],[-5.56635,41.64916],[-5.56627,41.65084],[-5.56654,41.65197],[-5.56581,41.65484],[-5.56542,41.65547],[-5.56476,41.65544],[-5.55641,41.65288],[-5.54623,41.66016],[-5.5458,41.65983],[-5.54503,41.6607],[-5.54165,41.66312],[-5.53907,41.66554],[-5.53656,41.6673],[-5.53854,41.67018],[-5.53854,41.67119],[-5.53903,41.67205],[-5.54018,41.67354],[-5.54195,41.67438],[-5.54247,41.67751],[-5.54357,41.67877],[-5.54301,41.67916],[-5.5437,41.68055],[-5.5434,41.6816],[-5.54546,41.68302],[-5.54946,41.68497],[-5.5514,41.68649],[-5.55242,41.6896],[-5.55152,41.68993],[-5.55137,41.69069],[-5.55225,41.69093],[-5.55255,41.69294],[-5.5546,41.69313],[-5.55989,41.69438],[-5.5624,41.69571],[-5.56518,41.69564],[-5.56652,41.69526],[-5.56844,41.69601],[-5.5708,41.69405],[-5.57206,41.69567],[-5.5754,41.69264],[-5.57744,41.69519],[-5.57848,41.69477],[-5.57914,41.69547],[-5.58064,41.69496],[-5.58179,41.69652],[-5.58278,41.69654],[-5.58437,41.69863],[-5.58598,41.69822],[-5.58726,41.69967],[-5.5893,41.6997],[-5.5906,41.70031],[-5.59113,41.7009],[-5.59172,41.70061],[-5.59346,41.70173],[-5.60061,41.70271],[-5.60317,41.7016],[-5.60839,41.70202],[-5.61331,41.70018],[-5.61791,41.69903],[-5.62253,41.69202],[-5.62183,41.69142],[-5.62297,41.69],[-5.62524,41.68792],[-5.62493,41.68119],[-5.62754,41.6799],[-5.62718,41.67916],[-5.62851,41.67928],[-5.63419,41.67599],[-5.63437,41.67182],[-5.64199,41.66689],[-5.64603,41.66295],[-5.65403,41.66182],[-5.65135,41.65744],[-5.64856,41.65449],[-5.64588,41.65229],[-5.64381,41.65008],[-5.64454,41.64826],[-5.64397,41.64699],[-5.64024,41.64846],[-5.63751,41.64889],[-5.63326,41.65034],[-5.63054,41.65254],[-5.62056,41.64969],[-5.61834,41.64928],[-5.6173,41.64928],[-5.61601,41.65003],[-5.61466,41.65044],[-5.61391,41.65044],[-5.61338,41.64967],[-5.61162,41.64959],[-5.61119,41.64967],[-5.61069,41.65059],[-5.61045,41.65059],[-5.60954,41.65009],[-5.60919,41.64953],[-5.60899,41.64883],[-5.60913,41.64744],[-5.60849,41.64653]]]}},{"type":"Feature","properties":{"COD_POSTAL":"49512"},"geometry":{"type":"Polygon","coordinates":[[[-6.21364,41.68897],[-6.21135,41.69201],[-6.20823,41.69358],[-6.20654,41.69579],[-6.19694,41.70023],[-6.19597,41.70034],[-6.19377,41.70172],[-6.19252,41.70284],[-6.18949,41.70457],[-6.1877,41.70511],[-6.18524,41.70663],[-6.18162,41.70843],[-6.16904,41.7277],[-6.18307,41.72932],[-6.2105,41.73775],[-6.2178,41.74398],[-6.21839,41.74381],[-6.21967,41.7443],[-6.22095,41.74447],[-6.22507,41.74332],[-6.23068,41.74098],[-6.23736,41.73578],[-6.23958,41.73315],[-6.24151,41.73196],[-6.25255,41.72825],[-6.2647,41.71329],[-6.26496,41.70868],[-6.26521,41.70874],[-6.26696,41.68921],[-6.27145,41.67772],[-6.25403,41.66338],[-6.23696,41.66705],[-6.21307,41.67768],[-6.2137,41.68123],[-6.21375,41.68503],[-6.21364,41.68897]]]}},{"type":"Feature","properties":{"COD_POSTAL":"49005"},"geometry":{"type":"Polygon","coordinates":[[[-5.74685,41.50851],[-5.74766,41.50878],[-5.74724,41.50966],[-5.7472,41.51072],[-5.74745,41.51097],[-5.7485,41.51115],[-5.74892,41.5087],[-5.75033,41.50902],[-5.75051,41.50805],[-5.75026,41.5067],[-5.75109,41.50605],[-5.75094,41.50591],[-5.75071,41.50612],[-5.74901,41.50508],[-5.74835,41.50532],[-5.74809,41.50643],[-5.74777,41.50684],[-5.74589,41.50827],[-5.74637,41.50819],[-5.74673,41.5085],[-5.74685,41.50851]]]}},{"type":"Feature","properties":{"COD_POSTAL":"49300"},"geometry":{"type":"Polygon","coordinates":[[[-6.60852,42.03974],[-6.61233,42.04922],[-6.61411,42.05501],[-6.61303,42.05727],[-6.62232,42.06045],[-6.626,42.0639],[-6.62716,42.06178],[-6.62895,42.06053],[-6.63454,42.06156],[-6.63913,42.06046],[-6.64061,42.05863],[-6.64207,42.05816],[-6.64572,42.05636],[-6.6484,42.05359],[-6.65025,42.05295],[-6.65283,42.05278],[-6.64794,42.04472],[-6.64388,42.04181],[-6.63395,42.03803],[-6.62081,42.03749],[-6.61661,42.03779],[-6.60852,42.03974]]]}},{"type":"Feature","properties":{"COD_POSTAL":"49430"},"geometry":{"type":"Polygon","coordinates":[[[-5.42362,41.22014],[-5.42415,41.23206],[-5.42092,41.23971],[-5.42684,41.2385],[-5.43107,41.24202],[-5.43464,41.2417],[-5.43533,41.24348],[-5.43762,41.24358],[-5.43675,41.24558],[-5.43814,41.24519],[-5.44088,41.24354],[-5.45281,41.23352],[-5.456,41.23168],[-5.47877,41.21566],[-5.48707,41.20917],[-5.49503,41.20433],[-5.5065,41.19923],[-5.5071,41.19694],[-5.50951,41.19306],[-5.51455,41.19089],[-5.51474,41.18999],[-5.5132,41.1851],[-5.50968,41.1832],[-5.50846,41.18171],[-5.50641,41.18028],[-5.49658,41.17733],[-5.49109,41.17882],[-5.48815,41.17933],[-5.48525,41.17885],[-5.48678,41.17749],[-5.48784,41.17158],[-5.48782,41.16685],[-5.48746,41.16412],[-5.48777,41.16245],[-5.48832,41.16131],[-5.48832,41.15788],[-5.48797,41.15524],[-5.48821,41.15475],[-5.48545,41.14798],[-5.48638,41.1474],[-5.48434,41.1455],[-5.4808,41.14678],[-5.47974,41.14855],[-5.47992,41.14983],[-5.47794,41.15081],[-5.47614,41.15079],[-5.47722,41.15155],[-5.47434,41.15409],[-5.47337,41.15347],[-5.47253,41.1542],[-5.47203,41.15571],[-5.47101,41.15632],[-5.46983,41.15795],[-5.47149,41.15895],[-5.47179,41.16082],[-5.47099,41.16119],[-5.47214,41.1631],[-5.47237,41.1639],[-5.47556,41.16861],[-5.4758,41.17029],[-5.47521,41.17235],[-5.47504,41.17567],[-5.47688,41.17832],[-5.47414,41.17895],[-5.46844,41.17942],[-5.45794,41.18234],[-5.4552,41.18277],[-5.44899,41.18282],[-5.44693,41.18345],[-5.4431,41.18524],[-5.43732,41.18563],[-5.43309,41.18679],[-5.43071,41.18679],[-5.42637,41.18753],[-5.4181,41.18766],[-5.41712,41.18694],[-5.41434,41.18676],[-5.41306,41.18581],[-5.40759,41.18559],[-5.40201,41.19169],[-5.40049,41.19403],[-5.39391,41.20049],[-5.39131,41.20409],[-5.40755,41.21118],[-5.42347,41.21266],[-5.42627,41.21451],[-5.4229,41.2168],[-5.42362,41.22014]]]}},{"type":"Feature","properties":{"COD_POSTAL":"49210"},"geometry":{"type":"Polygon","coordinates":[[[-6.02341,41.26007],[-6.0212,41.26179],[-6.02164,41.26224],[-6.01782,41.26847],[-6.01676,41.2711],[-6.01699,41.27221],[-6.017,41.27454],[-6.01667,41.27595],[-6.01715,41.27653],[-6.01758,41.27776],[-6.01705,41.27877],[-6.01862,41.28201],[-6.02117,41.28469],[-6.02665,41.28879],[-6.0269,41.28959],[-6.03042,41.29195],[-6.03136,41.29231],[-6.03245,41.29405],[-6.03642,41.29646],[-6.03652,41.29714],[-6.03605,41.29839],[-6.03727,41.30001],[-6.0373,41.30036],[-6.03628,41.30191],[-6.03592,41.30343],[-6.03692,41.30183],[-6.0401,41.29796],[-6.04025,41.29726],[-6.04244,41.29517],[-6.04475,41.29531],[-6.05583,41.2918],[-6.05852,41.29059],[-6.05987,41.29073],[-6.06087,41.29055],[-6.062,41.29097],[-6.06321,41.29096],[-6.0659,41.28988],[-6.06699,41.28967],[-6.0692,41.28968],[-6.06995,41.29016],[-6.07638,41.29137],[-6.07897,41.29269],[-6.08082,41.29687],[-6.08265,41.29874],[-6.08362,41.30011],[-6.08536,41.3],[-6.08941,41.299],[-6.0935,41.29888],[-6.09795,41.2971],[-6.10572,41.29281],[-6.11393,41.28958],[-6.11431,41.28892],[-6.11527,41.28863],[-6.11604,41.28611],[-6.11605,41.28434],[-6.11676,41.28306],[-6.11738,41.28056],[-6.11929,41.27853],[-6.12025,41.27786],[-6.12197,41.27729],[-6.12488,41.26721],[-6.12545,41.26589],[-6.12555,41.265],[-6.12623,41.2633],[-6.12233,41.25745],[-6.12068,41.25547],[-6.11554,41.24988],[-6.11333,41.2485],[-6.11175,41.247],[-6.10735,41.2414],[-6.10597,41.2393],[-6.10576,41.23327],[-6.10543,41.23196],[-6.10442,41.22958],[-6.10411,41.22775],[-6.10193,41.22485],[-6.10552,41.2194],[-6.1076,41.21526],[-6.10931,41.21261],[-6.10755,41.2119],[-6.10457,41.2115],[-6.1004,41.21024],[-6.09724,41.21185],[-6.09562,41.21166],[-6.09249,41.2125],[-6.08759,41.21208],[-6.085,41.21168],[-6.08364,41.21121],[-6.08099,41.21149],[-6.07404,41.21132],[-6.07073,41.21493],[-6.07015,41.21622],[-6.06947,41.21677],[-6.06803,41.21731],[-6.06564,41.21763],[-6.06201,41.22105],[-6.05906,41.22283],[-6.05701,41.22351],[-6.05341,41.22547],[-6.05269,41.22632],[-6.05025,41.22809],[-6.04906,41.22857],[-6.04736,41.23041],[-6.04371,41.23275],[-6.04336,41.23379],[-6.04028,41.23619],[-6.03524,41.23936],[-6.03192,41.23998],[-6.03179,41.24049],[-6.0291,41.24223],[-6.02341,41.26007]]]}},{"type":"Feature","properties":{"COD_POSTAL":"49231"},"geometry":{"type":"Polygon","coordinates":[[[-6.34651,41.37889],[-6.34987,41.37824],[-6.35268,41.37823],[-6.3547,41.37863],[-6.35762,41.37987],[-6.35919,41.38092],[-6.36112,41.38248],[-6.36588,41.3879],[-6.36662,41.38918],[-6.36668,41.38994],[-6.36605,41.39356],[-6.36624,41.39385],[-6.36719,41.39387],[-6.37122,41.39245],[-6.37698,41.38779],[-6.37846,41.38749],[-6.3814,41.38801],[-6.3853,41.38657],[-6.38993,41.38537],[-6.39062,41.38484],[-6.39202,41.38273],[-6.39268,41.38026],[-6.39327,41.37941],[-6.39385,41.3778],[-6.39333,41.37377],[-6.39398,41.37085],[-6.39195,41.36775],[-6.38859,41.36509],[-6.38706,41.36334],[-6.3851,41.36305],[-6.38111,41.36412],[-6.37975,41.3641],[-6.37766,41.36293],[-6.37704,41.36188],[-6.37689,41.36119],[-6.37716,41.36008],[-6.37957,41.35723],[-6.38046,41.35654],[-6.3872,41.35329],[-6.38641,41.35278],[-6.38424,41.35208],[-6.38206,41.35192],[-6.37941,41.34995],[-6.37747,41.34931],[-6.37515,41.3488],[-6.37372,41.34896],[-6.37312,41.34874],[-6.37083,41.34633],[-6.36961,41.34553],[-6.36839,41.3442],[-6.36633,41.34256],[-6.36402,41.3419],[-6.36151,41.34042],[-6.36001,41.34005],[-6.35753,41.33861],[-6.35666,41.33906],[-6.3568,41.33971],[-6.35652,41.34024],[-6.35645,41.34196],[-6.35614,41.34264],[-6.35477,41.34355],[-6.35362,41.34489],[-6.35147,41.34375],[-6.35183,41.34648],[-6.3572,41.35425],[-6.35423,41.36403],[-6.34481,41.37934],[-6.34651,41.37889]]]}},{"type":"Feature","properties":{"COD_POSTAL":"49220"},"geometry":{"type":"Polygon","coordinates":[[[-6.3872,41.35329],[-6.38897,41.35177],[-6.39206,41.35024],[-6.39377,41.35],[-6.39847,41.35065],[-6.40306,41.35006],[-6.4078,41.34995],[-6.41615,41.34796],[-6.41696,41.34714],[-6.41726,41.34541],[-6.41767,41.34479],[-6.41971,41.34407],[-6.42097,41.34142],[-6.42202,41.3399],[-6.42493,41.3375],[-6.42694,41.33503],[-6.42717,41.33428],[-6.42713,41.33353],[-6.41997,41.32861],[-6.41857,41.32723],[-6.4187,41.32672],[-6.41935,41.32617],[-6.42414,41.32393],[-6.42876,41.32205],[-6.43278,41.32079],[-6.43477,41.31927],[-6.43504,41.31856],[-6.43584,41.31804],[-6.43811,41.31486],[-6.4393,41.3123],[-6.43956,41.31083],[-6.43922,41.3096],[-6.43713,41.30713],[-6.43721,41.30617],[-6.43757,41.30571],[-6.4406,41.30407],[-6.44255,41.30272],[-6.44447,41.30188],[-6.44481,41.30124],[-6.44679,41.30004],[-6.44824,41.29933],[-6.45156,41.29836],[-6.45369,41.29821],[-6.45668,41.2984],[-6.45864,41.29792],[-6.45961,41.29801],[-6.46186,41.29907],[-6.46493,41.29979],[-6.46855,41.30105],[-6.46924,41.30111],[-6.47011,41.30079],[-6.47104,41.30017],[-6.47226,41.29986],[-6.47506,41.29818],[-6.47633,41.29601],[-6.47866,41.29468],[-6.47971,41.29435],[-6.47884,41.29236],[-6.4795,41.29064],[-6.47962,41.28954],[-6.47907,41.28839],[-6.47756,41.28758],[-6.47592,41.28734],[-6.4725,41.28755],[-6.47025,41.2874],[-6.46682,41.2861],[-6.46535,41.28622],[-6.46258,41.28781],[-6.4591,41.28923],[-6.45551,41.29182],[-6.45431,41.29208],[-6.45369,41.29194],[-6.45089,41.29005],[-6.44993,41.28809],[-6.44876,41.28651],[-6.44651,41.28434],[-6.44535,41.28385],[-6.44313,41.28409],[-6.43913,41.28394],[-6.43681,41.28351],[-6.42953,41.28128],[-6.42701,41.28092],[-6.42448,41.27973],[-6.4238,41.2797],[-6.42355,41.27982],[-6.42321,41.28118],[-6.42084,41.2829],[-6.41818,41.28318],[-6.41693,41.28277],[-6.41585,41.28228],[-6.41453,41.28116],[-6.41393,41.28093],[-6.41385,41.28056],[-6.41415,41.27996],[-6.41526,41.27859],[-6.41573,41.27703],[-6.4154,41.27628],[-6.41473,41.27598],[-6.41357,41.27617],[-6.41089,41.27723],[-6.40705,41.27767],[-6.40551,41.27846],[-6.40404,41.27882],[-6.40279,41.27866],[-6.39657,41.27894],[-6.39277,41.27863],[-6.39137,41.27892],[-6.39032,41.27974],[-6.38908,41.28149],[-6.38836,41.28192],[-6.38573,41.2825],[-6.3853,41.28285],[-6.38502,41.28366],[-6.38403,41.28496],[-6.38263,41.28572],[-6.37613,41.28629],[-6.37228,41.2863],[-6.36824,41.28463],[-6.36598,41.28457],[-6.36461,41.2835],[-6.36364,41.2816],[-6.36318,41.28139],[-6.36176,41.2812],[-6.35911,41.28038],[-6.35686,41.28017],[-6.35447,41.27915],[-6.352,41.27713],[-6.34829,41.27514],[-6.34763,41.27268],[-6.3472,41.2725],[-6.34437,41.27204],[-6.33492,41.27163],[-6.33317,41.27119],[-6.33197,41.27042],[-6.33098,41.2694],[-6.32828,41.27316],[-6.33263,41.28528],[-6.3321,41.28991],[-6.33288,41.29221],[-6.33281,41.3072],[-6.33088,41.30892],[-6.33192,41.31684],[-6.32666,41.31976],[-6.31881,41.32173],[-6.31853,41.32284],[-6.31711,41.32532],[-6.31704,41.32586],[-6.3185,41.32973],[-6.31933,41.33064],[-6.32239,41.33178],[-6.3273,41.3356],[-6.32911,41.3353],[-6.33108,41.33584],[-6.33627,41.33627],[-6.33702,41.33659],[-6.33879,41.33672],[-6.33954,41.33747],[-6.34105,41.33818],[-6.34311,41.33848],[-6.34676,41.34114],[-6.35362,41.34489],[-6.35477,41.34355],[-6.35614,41.34264],[-6.35645,41.34196],[-6.35652,41.34024],[-6.3568,41.33971],[-6.35666,41.33906],[-6.35753,41.33861],[-6.3582,41.33884],[-6.35907,41.33958],[-6.36151,41.34042],[-6.36402,41.3419],[-6.36633,41.34256],[-6.36839,41.3442],[-6.36961,41.34553],[-6.37083,41.34633],[-6.37312,41.34874],[-6.37372,41.34896],[-6.37515,41.3488],[-6.37747,41.34931],[-6.37941,41.34995],[-6.38206,41.35192],[-6.38424,41.35208],[-6.38641,41.35278],[-6.3872,41.35329]]]}},{"type":"Feature","properties":{"COD_POSTAL":"49698"},"geometry":{"type":"Polygon","coordinates":[[[-5.74383,41.90118],[-5.74469,41.90374],[-5.74386,41.90601],[-5.7447,41.91003],[-5.74533,41.91152],[-5.74991,41.91721],[-5.7531,41.91842],[-5.75711,41.9183],[-5.7587,41.91856],[-5.7608,41.91961],[-5.76138,41.92051],[-5.76181,41.92191],[-5.76173,41.92286],[-5.76384,41.92683],[-5.76541,41.92858],[-5.76701,41.92954],[-5.7696,41.93007],[-5.77382,41.93045],[-5.77664,41.93218],[-5.77751,41.93434],[-5.77643,41.93537],[-5.77846,41.93721],[-5.78271,41.94001],[-5.78429,41.94195],[-5.78359,41.94277],[-5.78203,41.94287],[-5.78039,41.94379],[-5.77741,41.94356],[-5.77533,41.9428],[-5.77362,41.94266],[-5.77303,41.94241],[-5.77073,41.94231],[-5.76965,41.94272],[-5.76505,41.94558],[-5.76416,41.94788],[-5.76345,41.94848],[-5.76118,41.94959],[-5.76116,41.95118],[-5.76189,41.95114],[-5.7624,41.95151],[-5.76256,41.95194],[-5.76261,41.95296],[-5.76182,41.95405],[-5.76179,41.95527],[-5.76207,41.95614],[-5.7633,41.95803],[-5.76283,41.95869],[-5.76318,41.95979],[-5.76458,41.96188],[-5.76475,41.96251],[-5.76415,41.964],[-5.76423,41.96471],[-5.76559,41.96643],[-5.76563,41.96693],[-5.77051,41.96661],[-5.78312,41.96304],[-5.79186,41.96167],[-5.78681,41.95519],[-5.78821,41.95216],[-5.80858,41.93961],[-5.80677,41.93417],[-5.81721,41.92996],[-5.82203,41.92927],[-5.82946,41.92607],[-5.83316,41.92489],[-5.83621,41.92303],[-5.84183,41.92168],[-5.84602,41.91947],[-5.8527,41.91688],[-5.85987,41.91775],[-5.86215,41.91781],[-5.86279,41.91727],[-5.8644,41.91677],[-5.86691,41.91483],[-5.86888,41.91378],[-5.87295,41.91318],[-5.87634,41.91248],[-5.87726,41.91208],[-5.87721,41.91092],[-5.87952,41.90879],[-5.87964,41.90815],[-5.88101,41.90726],[-5.88373,41.90617],[-5.88485,41.90509],[-5.89088,41.89778],[-5.8919,41.89604],[-5.89408,41.8941],[-5.89708,41.89249],[-5.89837,41.89114],[-5.9009,41.89044],[-5.90255,41.88904],[-5.90555,41.88796],[-5.90467,41.88532],[-5.90347,41.88592],[-5.90037,41.88637],[-5.89923,41.88691],[-5.8954,41.88779],[-5.89067,41.88801],[-5.887,41.88743],[-5.88239,41.88594],[-5.87954,41.8853],[-5.87493,41.88352],[-5.87249,41.88333],[-5.86947,41.88245],[-5.86721,41.88238],[-5.86296,41.88154],[-5.86129,41.88197],[-5.85436,41.88097],[-5.84349,41.87746],[-5.84203,41.87753],[-5.83807,41.87522],[-5.83417,41.87479],[-5.82947,41.87367],[-5.82794,41.87351],[-5.8262,41.87271],[-5.82217,41.87233],[-5.81922,41.87126],[-5.81279,41.87057],[-5.81156,41.87078],[-5.8055,41.86968],[-5.80422,41.86897],[-5.79961,41.86865],[-5.79748,41.8679],[-5.79182,41.86695],[-5.78636,41.86636],[-5.78529,41.86811],[-5.78477,41.86856],[-5.7792,41.87128],[-5.7758,41.87384],[-5.77392,41.8746],[-5.77019,41.8746],[-5.76568,41.87357],[-5.7615,41.87334],[-5.75955,41.87424],[-5.75717,41.87572],[-5.74849,41.88237],[-5.74509,41.88687],[-5.74305,41.89049],[-5.74044,41.89143],[-5.73465,41.89268],[-5.73329,41.89401],[-5.73335,41.89555],[-5.73442,41.89713],[-5.73542,41.89807],[-5.73855,41.89988],[-5.74071,41.90057],[-5.74241,41.90147],[-5.74383,41.90118]]]}},{"type":"Feature","properties":{"COD_POSTAL":"49024"},"geometry":{"type":"Polygon","coordinates":[[[-5.75347,41.51493],[-5.75383,41.51576],[-5.75357,41.51592],[-5.75327,41.51533],[-5.75299,41.51592],[-5.75133,41.51606],[-5.75135,41.51672],[-5.7531,41.51678],[-5.75588,41.52827],[-5.7588,41.52977],[-5.75914,41.52958],[-5.75891,41.52902],[-5.76475,41.52826],[-5.765,41.53098],[-5.7653,41.53188],[-5.76721,41.53507],[-5.77399,41.53505],[-5.77478,41.52293],[-5.769,41.5129],[-5.76,41.51052],[-5.7547,41.51115],[-5.75621,41.51309],[-5.75526,41.51352],[-5.75483,41.5132],[-5.75432,41.51322],[-5.7539,41.51262],[-5.75413,41.51244],[-5.75288,41.51274],[-5.75184,41.51064],[-5.75125,41.50856],[-5.75043,41.50845],[-5.75033,41.50902],[-5.75096,41.50918],[-5.75186,41.512],[-5.7516,41.51275],[-5.75083,41.51295],[-5.75196,41.51285],[-5.75269,41.51484],[-5.75289,41.51474],[-5.75204,41.51232],[-5.7519,41.51087],[-5.75347,41.5149],[-5.75347,41.51493]]]}},{"type":"Feature","properties":{"COD_POSTAL":"49514"},"geometry":{"type":"MultiPolygon","coordinates":[[[[-6.26696,41.68921],[-6.26521,41.70874],[-6.26821,41.70622],[-6.27261,41.70544],[-6.27531,41.70472],[-6.27796,41.70367],[-6.28369,41.70241],[-6.29472,41.70149],[-6.29798,41.69931],[-6.30064,41.69862],[-6.30757,41.69917],[-6.31158,41.69997],[-6.32363,41.70653],[-6.34432,41.67376],[-6.34293,41.67342],[-6.3387,41.6717],[-6.33241,41.67037],[-6.32697,41.66852],[-6.32361,41.667],[-6.31963,41.66688],[-6.31536,41.66544],[-6.30217,41.66274],[-6.29559,41.66015],[-6.29184,41.65791],[-6.28829,41.65647],[-6.28219,41.65234],[-6.27633,41.64735],[-6.27241,41.64499],[-6.26894,41.64324],[-6.26282,41.63932],[-6.26152,41.63819],[-6.2592,41.63718],[-6.25354,41.63311],[-6.24487,41.62179],[-6.2167,41.63988],[-6.23379,41.66081],[-6.23696,41.66705],[-6.25403,41.66338],[-6.27145,41.67772],[-6.26696,41.68921]]],[[[-6.08582,41.59481],[-6.08887,41.59608],[-6.0939,41.59902],[-6.09511,41.60011],[-6.097,41.60125],[-6.10104,41.60331],[-6.10358,41.6049],[-6.10649,41.60624],[-6.11305,41.61064],[-6.11438,41.61243],[-6.11692,41.61472],[-6.11852,41.61561],[-6.12627,41.61328],[-6.129,41.61371],[-6.1322,41.61211],[-6.13656,41.61102],[-6.14068,41.61069],[-6.1479,41.60908],[-6.14879,41.60842],[-6.15131,41.60801],[-6.1519,41.60502],[-6.15208,41.59671],[-6.15234,41.59503],[-6.15468,41.59319],[-6.15987,41.58534],[-6.16001,41.58457],[-6.15894,41.58326],[-6.15867,41.58216],[-6.15888,41.58159],[-6.15825,41.58119],[-6.15455,41.58002],[-6.1521,41.57869],[-6.15028,41.57709],[-6.14942,41.57552],[-6.14933,41.57353],[-6.1498,41.5719],[-6.14837,41.56886],[-6.14808,41.56753],[-6.14747,41.56714],[-6.14364,41.56703],[-6.13898,41.56549],[-6.13172,41.56416],[-6.1304,41.56338],[-6.12983,41.55998],[-6.12808,41.55817],[-6.12748,41.55788],[-6.12499,41.5571],[-6.12064,41.55688],[-6.11783,41.55653],[-6.11507,41.55587],[-6.11144,41.55475],[-6.10818,41.55328],[-6.1069,41.555],[-6.10521,41.55556],[-6.10126,41.55894],[-6.09916,41.56206],[-6.09887,41.56386],[-6.09676,41.566],[-6.09558,41.56616],[-6.09415,41.56683],[-6.09266,41.56665],[-6.09253,41.56736],[-6.09016,41.56866],[-6.0899,41.56924],[-6.08897,41.56951],[-6.089,41.57028],[-6.08618,41.57136],[-6.08439,41.57286],[-6.08251,41.57537],[-6.07981,41.57583],[-6.07523,41.57725],[-6.07604,41.57864],[-6.07869,41.58135],[-6.07978,41.58289],[-6.0826,41.58557],[-6.08363,41.58693],[-6.08466,41.59191],[-6.08535,41.59321],[-6.08582,41.59481]]]]}},{"type":"Feature","properties":{"COD_POSTAL":"49515"},"geometry":{"type":"Polygon","coordinates":[[[-6.40993,41.75609],[-6.40646,41.75712],[-6.40575,41.75776],[-6.40736,41.76793],[-6.40937,41.76946],[-6.41067,41.77205],[-6.41144,41.77438],[-6.43292,41.78349],[-6.4329,41.78545],[-6.44135,41.77549],[-6.44635,41.75602],[-6.45312,41.75035],[-6.45562,41.75056],[-6.46317,41.75305],[-6.46529,41.75304],[-6.47343,41.73621],[-6.47876,41.72454],[-6.47274,41.71631],[-6.43396,41.699],[-6.43274,41.70023],[-6.42569,41.70341],[-6.41694,41.71244],[-6.41361,41.71551],[-6.40747,41.71892],[-6.40703,41.7198],[-6.40993,41.75609]]]}},{"type":"Feature","properties":{"COD_POSTAL":"49016"},"geometry":{"type":"Polygon","coordinates":[[[-5.73978,41.50595],[-5.74014,41.50577],[-5.7401,41.50452],[-5.74177,41.50434],[-5.74214,41.50473],[-5.7423,41.50451],[-5.74197,41.50405],[-5.74052,41.50338],[-5.74201,41.50293],[-5.74204,41.50262],[-5.74006,41.50296],[-5.74053,41.50267],[-5.74077,41.50144],[-5.74,41.50189],[-5.74005,41.50094],[-5.73932,41.50091],[-5.73953,41.50323],[-5.7393,41.5031],[-5.73876,41.50332],[-5.73871,41.50393],[-5.73803,41.5042],[-5.73785,41.50402],[-5.73727,41.50442],[-5.73817,41.50453],[-5.73905,41.50526],[-5.73979,41.50513],[-5.73974,41.5059],[-5.73978,41.50595]]]}},{"type":"Feature","properties":{"COD_POSTAL":"49349"},"geometry":{"type":"Polygon","coordinates":[[[-6.48037,42.09082],[-6.49984,42.07658],[-6.49707,42.07057],[-6.49161,42.06403],[-6.49233,42.06164],[-6.48092,42.06045],[-6.46779,42.05648],[-6.45486,42.05994],[-6.4567,42.06517],[-6.46132,42.06751],[-6.46459,42.07561],[-6.47,42.08684],[-6.48037,42.09082]]]}},{"type":"Feature","properties":{"COD_POSTAL":"49151"},"geometry":{"type":"Polygon","coordinates":[[[-5.62204,41.37717],[-5.62245,41.37581],[-5.62301,41.3749],[-5.62337,41.37338],[-5.61618,41.37591],[-5.61247,41.379],[-5.61149,41.38035],[-5.61023,41.38109],[-5.60606,41.38437],[-5.60435,41.38612],[-5.60056,41.38912],[-5.59785,41.39097],[-5.59197,41.3935],[-5.59025,41.39506],[-5.59014,41.3958],[-5.59314,41.39735],[-5.5961,41.39831],[-5.59682,41.39818],[-5.59833,41.39843],[-5.59923,41.39911],[-5.60339,41.40449],[-5.60527,41.40626],[-5.60683,41.40642],[-5.60774,41.4075],[-5.6086,41.4074],[-5.60826,41.40853],[-5.60884,41.41095],[-5.61027,41.4139],[-5.61145,41.41516],[-5.64884,41.43345],[-5.64887,41.43565],[-5.65026,41.43869],[-5.65056,41.44222],[-5.65085,41.44311],[-5.65246,41.44425],[-5.65322,41.4452],[-5.65359,41.44636],[-5.65538,41.44799],[-5.6564,41.44932],[-5.65689,41.44928],[-5.65855,41.44836],[-5.65935,41.44849],[-5.66058,41.4489],[-5.66148,41.44955],[-5.66252,41.44952],[-5.66452,41.45047],[-5.66468,41.45159],[-5.6694,41.44991],[-5.66939,41.45139],[-5.67258,41.45545],[-5.67128,41.46229],[-5.67247,41.46581],[-5.67255,41.4687],[-5.67542,41.47076],[-5.67733,41.47178],[-5.67814,41.47265],[-5.67947,41.47338],[-5.67981,41.47392],[-5.68769,41.47708],[-5.69252,41.48027],[-5.69594,41.48054],[-5.69999,41.48139],[-5.70415,41.48139],[-5.70613,41.48162],[-5.70827,41.48232],[-5.70843,41.48147],[-5.71258,41.47452],[-5.71324,41.47384],[-5.71692,41.47174],[-5.71441,41.46773],[-5.71375,41.46385],[-5.71427,41.46053],[-5.71372,41.45846],[-5.71319,41.45785],[-5.71234,41.45595],[-5.71206,41.45443],[-5.71065,41.4516],[-5.70709,41.45168],[-5.70401,41.45025],[-5.70136,41.44829],[-5.69795,41.44644],[-5.69332,41.44237],[-5.69368,41.4406],[-5.6939,41.43466],[-5.69616,41.43059],[-5.69668,41.42906],[-5.69569,41.42703],[-5.69453,41.42538],[-5.68914,41.41992],[-5.68769,41.41909],[-5.68496,41.41679],[-5.68024,41.41209],[-5.67522,41.40814],[-5.6732,41.40836],[-5.67327,41.40802],[-5.67262,41.40695],[-5.67246,41.40537],[-5.6749,41.4051],[-5.67557,41.40479],[-5.6769,41.40347],[-5.67585,41.40031],[-5.67029,41.40323],[-5.66778,41.40408],[-5.66675,41.40483],[-5.66737,41.40544],[-5.66726,41.4059],[-5.66611,41.40797],[-5.66602,41.40911],[-5.66522,41.41092],[-5.66516,41.41194],[-5.66444,41.41289],[-5.66191,41.41139],[-5.65749,41.41],[-5.65203,41.40915],[-5.64767,41.40578],[-5.64647,41.40563],[-5.64343,41.40056],[-5.63749,41.39377],[-5.63729,41.39257],[-5.63447,41.39045],[-5.63163,41.38618],[-5.62861,41.38305],[-5.62643,41.38179],[-5.62202,41.37788],[-5.62204,41.37717]]]}},{"type":"Feature","properties":{"COD_POSTAL":"49260"},"geometry":{"type":"Polygon","coordinates":[[[-5.98108,41.41875],[-5.98213,41.41843],[-5.98433,41.41847],[-5.98519,41.41893],[-5.98682,41.41925],[-5.98809,41.41908],[-5.9901,41.4199],[-5.99532,41.41793],[-5.99744,41.41738],[-6.00192,41.41799],[-6.00364,41.41698],[-6.00604,41.41602],[-6.00758,41.41503],[-6.00879,41.41332],[-6.01046,41.41277],[-6.01144,41.41144],[-6.01247,41.41115],[-6.0125,41.41079],[-6.0144,41.41007],[-6.0156,41.40911],[-6.01682,41.40853],[-6.04886,41.37048],[-6.04703,41.36777],[-6.03216,41.37162],[-6.01729,41.37981],[-5.99643,41.38435],[-5.99637,41.38525],[-5.99473,41.38802],[-5.99482,41.3887],[-5.99431,41.3889],[-5.99238,41.39335],[-5.99134,41.39446],[-5.98952,41.39479],[-5.98834,41.39561],[-5.98685,41.3986],[-5.98452,41.40479],[-5.98192,41.40898],[-5.98103,41.40972],[-5.98143,41.41221],[-5.9813,41.41326],[-5.98037,41.41596],[-5.9793,41.41793],[-5.98003,41.41909],[-5.98108,41.41875]]]}},{"type":"Feature","properties":{"COD_POSTAL":"49694"},"geometry":{"type":"Polygon","coordinates":[[[-5.74902,42.05787],[-5.74931,42.0571],[-5.75219,42.05631],[-5.75457,42.05647],[-5.75576,42.05557],[-5.76704,42.05164],[-5.77154,42.04877],[-5.77239,42.04848],[-5.77409,42.04838],[-5.77891,42.04619],[-5.78322,42.04219],[-5.78372,42.04058],[-5.78527,42.03889],[-5.78534,42.0366],[-5.78684,42.03483],[-5.78905,42.0339],[-5.79144,42.0325],[-5.79215,42.03182],[-5.79377,42.02923],[-5.7937,42.02756],[-5.78675,42.02431],[-5.78153,42.02294],[-5.77874,42.01974],[-5.77729,42.01905],[-5.77391,42.01874],[-5.77101,42.01755],[-5.76566,42.01727],[-5.7612,42.01787],[-5.75874,42.01963],[-5.74974,42.01924],[-5.74178,42.01834],[-5.74087,42.01878],[-5.7377,42.01895],[-5.73752,42.01817],[-5.73216,42.01942],[-5.72938,42.01865],[-5.72659,42.01896],[-5.72571,42.0212],[-5.72259,42.02147],[-5.72059,42.0227],[-5.72061,42.02458],[-5.71898,42.02576],[-5.71788,42.02516],[-5.71631,42.0266],[-5.71588,42.02806],[-5.71604,42.0284],[-5.71786,42.02923],[-5.71987,42.02932],[-5.72242,42.03015],[-5.72435,42.02938],[-5.7244,42.02901],[-5.72513,42.02836],[-5.72648,42.02976],[-5.72738,42.03],[-5.73417,42.03559],[-5.73446,42.03601],[-5.73356,42.03694],[-5.73576,42.04034],[-5.73655,42.03952],[-5.73773,42.04013],[-5.7394,42.04219],[-5.74018,42.04495],[-5.73989,42.0461],[-5.74082,42.04662],[-5.74083,42.04818],[-5.74162,42.04938],[-5.74288,42.04999],[-5.74591,42.04979],[-5.74616,42.05016],[-5.74582,42.05146],[-5.74603,42.052],[-5.74672,42.05231],[-5.74844,42.05234],[-5.75121,42.05411],[-5.7511,42.05443],[-5.7491,42.05614],[-5.74813,42.05613],[-5.74902,42.05787]]]}},{"type":"Feature","properties":{"COD_POSTAL":"49126"},"geometry":{"type":"Polygon","coordinates":[[[-5.63959,41.69932],[-5.63905,41.6986],[-5.63204,41.69807],[-5.62286,41.69802],[-5.61791,41.69903],[-5.61331,41.70018],[-5.60839,41.70202],[-5.60767,41.70197],[-5.60723,41.70711],[-5.58914,41.71099],[-5.59162,41.7171],[-5.59405,41.72023],[-5.59787,41.72412],[-5.59893,41.72688],[-5.60138,41.72937],[-5.60261,41.73118],[-5.59888,41.7392],[-5.59617,41.74433],[-5.59665,41.74824],[-5.5964,41.74979],[-5.5952,41.75136],[-5.59346,41.75163],[-5.58822,41.75316],[-5.58681,41.75384],[-5.58371,41.75731],[-5.57718,41.76327],[-5.57409,41.76563],[-5.57122,41.76823],[-5.56752,41.77087],[-5.56728,41.77474],[-5.56819,41.775],[-5.56846,41.77607],[-5.57395,41.77965],[-5.57651,41.78019],[-5.58317,41.78301],[-5.5849,41.78354],[-5.58853,41.78504],[-5.59138,41.78663],[-5.60125,41.78667],[-5.60411,41.78649],[-5.60988,41.78547],[-5.61474,41.78415],[-5.61727,41.78314],[-5.62056,41.78245],[-5.62516,41.78069],[-5.62585,41.78062],[-5.63054,41.77646],[-5.63382,41.77237],[-5.63353,41.76995],[-5.63366,41.76304],[-5.63667,41.76193],[-5.64163,41.76244],[-5.64293,41.76031],[-5.64351,41.75813],[-5.6436,41.75655],[-5.64343,41.75446],[-5.64298,41.75345],[-5.64257,41.75104],[-5.64298,41.74841],[-5.64508,41.74337],[-5.64516,41.74172],[-5.64493,41.74109],[-5.64546,41.73817],[-5.64657,41.73487],[-5.64795,41.73275],[-5.64924,41.72951],[-5.64778,41.72859],[-5.64778,41.72796],[-5.64817,41.72723],[-5.64671,41.72423],[-5.64681,41.72334],[-5.64611,41.72271],[-5.64614,41.72037],[-5.6491,41.71927],[-5.65627,41.71861],[-5.65937,41.71737],[-5.66185,41.71689],[-5.66847,41.71145],[-5.67027,41.71141],[-5.67059,41.70852],[-5.67392,41.7057],[-5.67323,41.70509],[-5.6761,41.70279],[-5.67532,41.70065],[-5.679,41.69863],[-5.67866,41.69798],[-5.67367,41.69381],[-5.67195,41.69208],[-5.66288,41.69573],[-5.66307,41.69636],[-5.65582,41.69838],[-5.65444,41.69966],[-5.6529,41.69983],[-5.6514,41.70117],[-5.64356,41.70042],[-5.64352,41.69933],[-5.63959,41.69932]]]}},{"type":"Feature","properties":{"COD_POSTAL":"49172"},"geometry":{"type":"Polygon","coordinates":[[[-5.82882,41.40357],[-5.82575,41.40802],[-5.8339,41.41122],[-5.84124,41.40642],[-5.85776,41.4082],[-5.85851,41.40376],[-5.86136,41.40169],[-5.84871,41.38981],[-5.83683,41.38832],[-5.83146,41.39515],[-5.83033,41.3973],[-5.82866,41.3995],[-5.82717,41.39982],[-5.82637,41.40133],[-5.82882,41.40357]]]}},{"type":"Feature","properties":{"COD_POSTAL":"49517"},"geometry":{"type":"MultiPolygon","coordinates":[[[[-6.36902,41.73285],[-6.37263,41.7329],[-6.37717,41.73363],[-6.389,41.73433],[-6.39555,41.73055],[-6.39953,41.72504],[-6.4041,41.72566],[-6.40724,41.71939],[-6.38018,41.68583],[-6.35389,41.72205],[-6.3531,41.72794],[-6.35251,41.72904],[-6.35336,41.72891],[-6.35639,41.72942],[-6.36156,41.73075],[-6.36811,41.73282],[-6.36902,41.73285]]],[[[-6.44587,41.75746],[-6.44135,41.77549],[-6.48617,41.79425],[-6.48652,41.78911],[-6.48839,41.78718],[-6.49038,41.78459],[-6.49196,41.78127],[-6.49336,41.78045],[-6.49711,41.7744],[-6.5001,41.77049],[-6.49807,41.76692],[-6.47854,41.75902],[-6.47518,41.75756],[-6.47432,41.75683],[-6.47173,41.75619],[-6.46584,41.75349],[-6.46529,41.75304],[-6.46317,41.75305],[-6.45562,41.75056],[-6.45312,41.75035],[-6.44635,41.75602],[-6.44587,41.75746]]],[[[-6.54989,41.71078],[-6.54922,41.71023],[-6.53886,41.71399],[-6.52984,41.73285],[-6.53952,41.74402],[-6.56492,41.75112],[-6.56498,41.75056],[-6.56709,41.74878],[-6.5674,41.74828],[-6.56804,41.74563],[-6.56899,41.7435],[-6.56871,41.7428],[-6.56767,41.74213],[-6.56603,41.74175],[-6.56273,41.74167],[-6.56153,41.74187],[-6.56041,41.74037],[-6.5599,41.73912],[-6.55927,41.73846],[-6.55802,41.73808],[-6.55709,41.73863],[-6.5564,41.73848],[-6.55567,41.7377],[-6.55575,41.73712],[-6.5571,41.73577],[-6.55784,41.73444],[-6.5572,41.73252],[-6.55743,41.73002],[-6.55693,41.72852],[-6.55709,41.72777],[-6.55667,41.7268],[-6.55553,41.72506],[-6.55447,41.72469],[-6.55368,41.72498],[-6.55189,41.7265],[-6.54937,41.72583],[-6.54907,41.7254],[-6.54925,41.72477],[-6.55051,41.72404],[-6.55194,41.72365],[-6.5552,41.72091],[-6.55488,41.72052],[-6.55043,41.71899],[-6.54995,41.71835],[-6.55068,41.71788],[-6.55309,41.71804],[-6.55386,41.71756],[-6.55373,41.71699],[-6.55312,41.71639],[-6.5515,41.71619],[-6.55048,41.71573],[-6.5484,41.71374],[-6.54835,41.71267],[-6.54971,41.71225],[-6.55024,41.71159],[-6.54989,41.71078]]]]}},{"type":"Feature","properties":{"COD_POSTAL":"49149"},"geometry":{"type":"Polygon","coordinates":[[[-5.81206,41.68032],[-5.81393,41.68067],[-5.82122,41.68054],[-5.82606,41.6809],[-5.82976,41.68162],[-5.8357,41.68081],[-5.84238,41.6825],[-5.84987,41.68377],[-5.85544,41.68506],[-5.85788,41.68604],[-5.85836,41.6885],[-5.86031,41.69011],[-5.86279,41.68923],[-5.8676,41.68826],[-5.87199,41.68592],[-5.87258,41.68438],[-5.87202,41.68233],[-5.87094,41.68102],[-5.87022,41.67972],[-5.87001,41.67875],[-5.87027,41.67656],[-5.87098,41.6751],[-5.87121,41.6736],[-5.87102,41.67274],[-5.86897,41.66885],[-5.86836,41.66463],[-5.86698,41.66101],[-5.86324,41.65717],[-5.86098,41.65532],[-5.85967,41.65384],[-5.85808,41.65127],[-5.85792,41.65012],[-5.85878,41.64821],[-5.86078,41.64676],[-5.86292,41.64593],[-5.86642,41.64497],[-5.86916,41.64509],[-5.87694,41.64914],[-5.87842,41.65025],[-5.88191,41.652],[-5.88458,41.65286],[-5.88849,41.6536],[-5.89204,41.65353],[-5.8966,41.6524],[-5.89767,41.65155],[-5.89439,41.65045],[-5.89239,41.65061],[-5.88728,41.6477],[-5.88322,41.64586],[-5.86451,41.6391],[-5.85577,41.63645],[-5.85437,41.63556],[-5.85224,41.63463],[-5.84646,41.63253],[-5.83418,41.62875],[-5.82833,41.62515],[-5.82583,41.61977],[-5.81508,41.61377],[-5.8145,41.61391],[-5.81355,41.6129],[-5.81308,41.61148],[-5.81193,41.6095],[-5.80279,41.61447],[-5.79907,41.6125],[-5.79047,41.61199],[-5.78782,41.61066],[-5.78518,41.61351],[-5.76833,41.62066],[-5.76462,41.61749],[-5.76599,41.62093],[-5.76628,41.62301],[-5.76741,41.62493],[-5.76817,41.62707],[-5.76887,41.63333],[-5.76678,41.63387],[-5.76735,41.63673],[-5.7623,41.64099],[-5.76044,41.64192],[-5.76014,41.64231],[-5.76108,41.6428],[-5.76374,41.6434],[-5.76378,41.64375],[-5.76268,41.64408],[-5.76212,41.64395],[-5.76112,41.64494],[-5.76163,41.64594],[-5.75762,41.64768],[-5.75535,41.64978],[-5.75219,41.65213],[-5.75539,41.65168],[-5.75827,41.65189],[-5.75984,41.65288],[-5.75949,41.65403],[-5.76003,41.65523],[-5.76208,41.65553],[-5.76159,41.6573],[-5.7584,41.6594],[-5.75806,41.66124],[-5.76246,41.66527],[-5.76269,41.66687],[-5.76204,41.66736],[-5.76289,41.66818],[-5.76562,41.66731],[-5.76608,41.66651],[-5.77159,41.66513],[-5.77296,41.66419],[-5.77409,41.66296],[-5.7755,41.66219],[-5.77595,41.66253],[-5.77621,41.66372],[-5.77588,41.66818],[-5.77611,41.66957],[-5.77964,41.67587],[-5.78063,41.67809],[-5.78698,41.67861],[-5.79109,41.67951],[-5.79297,41.68033],[-5.79475,41.68041],[-5.79902,41.68141],[-5.80868,41.68094],[-5.81089,41.68024],[-5.8111,41.68034],[-5.81206,41.68032]]]}},{"type":"Feature","properties":{"COD_POSTAL":"49163"},"geometry":{"type":"Polygon","coordinates":[[[-5.96257,41.60765],[-5.96083,41.60576],[-5.96085,41.6044],[-5.96035,41.60362],[-5.95738,41.60243],[-5.95594,41.60148],[-5.95386,41.60255],[-5.95194,41.60393],[-5.94959,41.60507],[-5.94858,41.60526],[-5.94605,41.60463],[-5.94511,41.60366],[-5.94169,41.59891],[-5.93951,41.5975],[-5.93696,41.59693],[-5.93327,41.59696],[-5.93,41.5974],[-5.92405,41.60069],[-5.92322,41.60144],[-5.92298,41.60206],[-5.91937,41.60646],[-5.9203,41.60797],[-5.92149,41.60856],[-5.92336,41.61011],[-5.92554,41.61336],[-5.92725,41.6148],[-5.92794,41.6157],[-5.92833,41.61672],[-5.92862,41.6188],[-5.92838,41.61972],[-5.92793,41.62068],[-5.92691,41.62495],[-5.92576,41.62549],[-5.92561,41.62736],[-5.92492,41.62857],[-5.92479,41.63052],[-5.91845,41.63108],[-5.91583,41.63207],[-5.91482,41.63295],[-5.91358,41.63453],[-5.91271,41.63606],[-5.90961,41.63862],[-5.90945,41.63935],[-5.9078,41.64209],[-5.90393,41.64645],[-5.90207,41.64776],[-5.90106,41.64892],[-5.90013,41.64944],[-5.8966,41.6524],[-5.89721,41.65331],[-5.90612,41.6571],[-5.90959,41.65908],[-5.91251,41.66029],[-5.91606,41.66081],[-5.91831,41.66158],[-5.92484,41.66468],[-5.9325,41.66681],[-5.93258,41.66426],[-5.93417,41.66216],[-5.93725,41.65923],[-5.94723,41.65307],[-5.94868,41.65128],[-5.94952,41.65073],[-5.95661,41.64699],[-5.96403,41.64407],[-5.97185,41.63745],[-5.97243,41.63509],[-5.97271,41.63186],[-5.97228,41.6241],[-5.97209,41.62338],[-5.96721,41.61864],[-5.96642,41.61753],[-5.96612,41.61598],[-5.96551,41.61472],[-5.96526,41.61105],[-5.96257,41.60765]]]}},{"type":"Feature","properties":{"COD_POSTAL":"49511"},"geometry":{"type":"Polygon","coordinates":[[[-6.17834,41.62883],[-6.2167,41.63988],[-6.24487,41.62179],[-6.24156,41.61614],[-6.23661,41.60972],[-6.23524,41.6072],[-6.23049,41.60493],[-6.22937,41.60371],[-6.22271,41.60222],[-6.21731,41.6002],[-6.21304,41.59941],[-6.2085,41.59943],[-6.20541,41.59774],[-6.20088,41.59443],[-6.19698,41.5899],[-6.19635,41.58631],[-6.19588,41.5856],[-6.19572,41.58445],[-6.19481,41.58266],[-6.19074,41.57726],[-6.18935,41.57502],[-6.18638,41.57612],[-6.17718,41.57678],[-6.17614,41.57716],[-6.17567,41.57758],[-6.17493,41.57911],[-6.1734,41.58125],[-6.17219,41.58147],[-6.16792,41.58121],[-6.16399,41.58158],[-6.15888,41.58159],[-6.15867,41.58216],[-6.15894,41.58326],[-6.16001,41.58457],[-6.15987,41.58534],[-6.15468,41.59319],[-6.15234,41.59503],[-6.15208,41.59671],[-6.1519,41.60502],[-6.15131,41.60801],[-6.15059,41.60813],[-6.16083,41.6225],[-6.17834,41.62883]]]}},{"type":"Feature","properties":{"COD_POSTAL":"49250"},"geometry":{"type":"Polygon","coordinates":[[[-6.22815,41.51626],[-6.2274,41.51569],[-6.22704,41.51495],[-6.22645,41.51442],[-6.22643,41.51329],[-6.22538,41.51243],[-6.22445,41.51191],[-6.21973,41.51064],[-6.21582,41.50851],[-6.21085,41.50987],[-6.20824,41.5101],[-6.20621,41.51071],[-6.20132,41.51099],[-6.19787,41.50997],[-6.19405,41.50936],[-6.19038,41.51118],[-6.18944,41.51034],[-6.18538,41.50862],[-6.18265,41.50671],[-6.17923,41.50785],[-6.17654,41.50816],[-6.17576,41.51019],[-6.17382,41.51316],[-6.1727,41.51442],[-6.17045,41.51605],[-6.16709,41.51633],[-6.16296,41.51832],[-6.16025,41.52019],[-6.157,41.52162],[-6.15521,41.52151],[-6.15055,41.52213],[-6.14896,41.52137],[-6.14579,41.51894],[-6.14311,41.51898],[-6.13988,41.52008],[-6.13613,41.51799],[-6.13554,41.51737],[-6.13564,41.51692],[-6.13654,41.51616],[-6.13702,41.51534],[-6.13594,41.51382],[-6.13519,41.51326],[-6.13245,41.51259],[-6.13195,41.51191],[-6.1313,41.51152],[-6.1297,41.51204],[-6.12835,41.51088],[-6.12534,41.50926],[-6.12418,41.50919],[-6.1232,41.51037],[-6.12207,41.50963],[-6.12154,41.50997],[-6.1216,41.51149],[-6.12046,41.51205],[-6.11956,41.5118],[-6.11667,41.50999],[-6.11539,41.51071],[-6.1128,41.51058],[-6.11233,41.5112],[-6.11261,41.51181],[-6.11214,41.51361],[-6.11373,41.51412],[-6.11394,41.51451],[-6.11327,41.51526],[-6.11332,41.51593],[-6.11487,41.51532],[-6.11497,41.51555],[-6.11457,41.51657],[-6.11391,41.51733],[-6.11241,41.51707],[-6.11158,41.51723],[-6.11101,41.51777],[-6.1112,41.51882],[-6.11101,41.51908],[-6.10825,41.51929],[-6.1063,41.52086],[-6.10794,41.52192],[-6.11009,41.5247],[-6.10975,41.52812],[-6.10991,41.5336],[-6.10975,41.53748],[-6.10872,41.54332],[-6.10807,41.5456],[-6.10757,41.55274],[-6.10786,41.55316],[-6.11144,41.55475],[-6.11507,41.55587],[-6.11783,41.55653],[-6.12064,41.55688],[-6.12499,41.5571],[-6.12748,41.55788],[-6.12808,41.55817],[-6.12983,41.55998],[-6.1304,41.56338],[-6.13172,41.56416],[-6.13898,41.56549],[-6.14364,41.56703],[-6.14747,41.56714],[-6.14808,41.56753],[-6.14837,41.56886],[-6.1498,41.5719],[-6.14933,41.57353],[-6.14942,41.57552],[-6.15028,41.57709],[-6.1521,41.57869],[-6.15455,41.58002],[-6.15825,41.58119],[-6.15888,41.58159],[-6.1597,41.5817],[-6.16792,41.58121],[-6.17219,41.58147],[-6.1734,41.58125],[-6.17493,41.57911],[-6.17567,41.57758],[-6.17614,41.57716],[-6.17718,41.57678],[-6.18638,41.57612],[-6.19348,41.57356],[-6.1967,41.57159],[-6.19884,41.56976],[-6.20182,41.56849],[-6.20263,41.56783],[-6.20375,41.56575],[-6.21017,41.56147],[-6.2112,41.56047],[-6.21208,41.55892],[-6.21262,41.55738],[-6.21482,41.55384],[-6.21727,41.55115],[-6.21736,41.55082],[-6.21654,41.54782],[-6.2168,41.54527],[-6.21752,41.54317],[-6.21975,41.54168],[-6.22004,41.54123],[-6.22017,41.54019],[-6.22078,41.5392],[-6.22569,41.53581],[-6.22736,41.53417],[-6.22929,41.53131],[-6.23364,41.52678],[-6.23631,41.52241],[-6.23755,41.52149],[-6.2407,41.52046],[-6.23951,41.52029],[-6.23773,41.51959],[-6.23538,41.51941],[-6.22912,41.51817],[-6.22929,41.51773],[-6.22815,41.51626]]]}},{"type":"Feature","properties":{"COD_POSTAL":"49324"},"geometry":{"type":"Polygon","coordinates":[[[-6.49984,42.07658],[-6.48037,42.09082],[-6.47,42.08684],[-6.47121,42.0896],[-6.47392,42.09403],[-6.46311,42.08875],[-6.46279,42.0891],[-6.46287,42.09018],[-6.46264,42.09077],[-6.46281,42.09175],[-6.46224,42.09301],[-6.46208,42.09497],[-6.46124,42.09615],[-6.46169,42.098],[-6.46045,42.09904],[-6.45933,42.09952],[-6.45769,42.10073],[-6.45603,42.10037],[-6.45496,42.10076],[-6.45262,42.10411],[-6.4357,42.1011],[-6.43852,42.10478],[-6.43998,42.10532],[-6.43952,42.10612],[-6.43958,42.10776],[-6.43927,42.10808],[-6.43758,42.10847],[-6.43739,42.10874],[-6.43738,42.11011],[-6.43594,42.11036],[-6.43555,42.11082],[-6.43615,42.11148],[-6.43568,42.11517],[-6.43705,42.1202],[-6.4343,42.12367],[-6.43517,42.12875],[-6.42992,42.1385],[-6.42747,42.13983],[-6.4263,42.14082],[-6.42577,42.14283],[-6.42626,42.14594],[-6.42769,42.14934],[-6.42932,42.15104],[-6.4411,42.15833],[-6.44203,42.15932],[-6.44398,42.16068],[-6.44723,42.16215],[-6.45568,42.16513],[-6.45644,42.1658],[-6.45988,42.16684],[-6.46761,42.17021],[-6.47285,42.17341],[-6.47374,42.17492],[-6.47405,42.17648],[-6.47479,42.17788],[-6.47541,42.17954],[-6.47558,42.18078],[-6.47679,42.18359],[-6.47825,42.18223],[-6.48466,42.18337],[-6.48543,42.18295],[-6.48588,42.18297],[-6.48963,42.18364],[-6.49045,42.18409],[-6.49127,42.18384],[-6.49201,42.18245],[-6.49279,42.18249],[-6.49332,42.18283],[-6.49568,42.18287],[-6.49756,42.18202],[-6.49858,42.18254],[-6.49986,42.1838],[-6.50432,42.18412],[-6.50682,42.18455],[-6.50829,42.18434],[-6.50852,42.18499],[-6.50614,42.18682],[-6.50428,42.18925],[-6.50661,42.19068],[-6.50595,42.19164],[-6.50606,42.194],[-6.50765,42.19545],[-6.50847,42.19586],[-6.50908,42.19582],[-6.51026,42.19701],[-6.5124,42.19167],[-6.52854,42.16458],[-6.5332,42.12378],[-6.53173,42.12091],[-6.51682,42.10841],[-6.51199,42.09141],[-6.50999,42.08788],[-6.51249,42.08343],[-6.51419,42.08091],[-6.52013,42.07536],[-6.52262,42.06797],[-6.50982,42.06312],[-6.50466,42.06353],[-6.50446,42.0633],[-6.50492,42.06289],[-6.50463,42.06201],[-6.50466,42.06092],[-6.5055,42.05897],[-6.50543,42.05752],[-6.50581,42.05709],[-6.50582,42.05627],[-6.49506,42.06814],[-6.49707,42.07057],[-6.49984,42.07658]]]}},{"type":"Feature","properties":{"COD_POSTAL":"49692"},"geometry":{"type":"MultiPolygon","coordinates":[[[[-5.54423,42.09165],[-5.54402,42.08622],[-5.53873,42.08181],[-5.5377,42.08047],[-5.53582,42.07986],[-5.53538,42.07903],[-5.53158,42.07751],[-5.53077,42.0769],[-5.52622,42.06963],[-5.52428,42.0678],[-5.52314,42.06472],[-5.5225,42.064],[-5.52101,42.06333],[-5.518,42.06036],[-5.51664,42.05868],[-5.51588,42.05931],[-5.51391,42.05824],[-5.51108,42.05605],[-5.50774,42.05751],[-5.50548,42.05944],[-5.50287,42.06255],[-5.50158,42.06652],[-5.50601,42.07246],[-5.50764,42.07541],[-5.50904,42.07702],[-5.51071,42.0786],[-5.51325,42.07963],[-5.51427,42.08108],[-5.51839,42.08469],[-5.51886,42.08588],[-5.51801,42.08912],[-5.51795,42.09062],[-5.51959,42.09342],[-5.52089,42.09714],[-5.52222,42.09792],[-5.52267,42.09876],[-5.52416,42.10008],[-5.52536,42.10289],[-5.52609,42.10377],[-5.527,42.1043],[-5.54336,42.09938],[-5.54184,42.0981],[-5.54436,42.09245],[-5.54423,42.09165]]],[[[-5.66634,42.10698],[-5.66504,42.10026],[-5.66467,42.09942],[-5.66406,42.09497],[-5.66764,42.0934],[-5.67087,42.09157],[-5.67202,42.09123],[-5.67974,42.08703],[-5.67795,42.0846],[-5.67771,42.08344],[-5.67567,42.08066],[-5.67306,42.07559],[-5.67187,42.07422],[-5.67083,42.07394],[-5.66907,42.075],[-5.66761,42.07479],[-5.6666,42.07542],[-5.66516,42.07537],[-5.66514,42.07572],[-5.66585,42.0758],[-5.6664,42.07696],[-5.66531,42.07767],[-5.66064,42.07755],[-5.65856,42.07787],[-5.6593,42.07946],[-5.65893,42.08221],[-5.65163,42.08173],[-5.64869,42.08293],[-5.64489,42.08333],[-5.64273,42.084],[-5.63705,42.08377],[-5.63837,42.08508],[-5.63663,42.0858],[-5.63585,42.08669],[-5.63315,42.08862],[-5.6281,42.09157],[-5.62657,42.09209],[-5.62554,42.09282],[-5.6243,42.09266],[-5.6216,42.09762],[-5.62127,42.09959],[-5.61956,42.10302],[-5.61949,42.10497],[-5.62014,42.10666],[-5.6216,42.10872],[-5.62234,42.10939],[-5.62696,42.11221],[-5.63032,42.11605],[-5.63501,42.11908],[-5.63628,42.1208],[-5.63818,42.12214],[-5.64079,42.12584],[-5.64291,42.13056],[-5.64523,42.13216],[-5.64926,42.13398],[-5.6543,42.13383],[-5.65871,42.13551],[-5.66036,42.1353],[-5.66591,42.13687],[-5.66534,42.14115],[-5.66756,42.14207],[-5.66866,42.14189],[-5.67248,42.14048],[-5.67505,42.14075],[-5.67963,42.14023],[-5.68046,42.14083],[-5.68095,42.14175],[-5.68591,42.13944],[-5.68718,42.13792],[-5.68694,42.13729],[-5.68561,42.13567],[-5.68358,42.13435],[-5.67973,42.13259],[-5.67978,42.13085],[-5.67914,42.12781],[-5.67712,42.12353],[-5.67639,42.12142],[-5.67677,42.12034],[-5.67168,42.1207],[-5.66627,42.11768],[-5.66644,42.11526],[-5.66609,42.11381],[-5.66635,42.10864],[-5.66634,42.10698]]]]}},{"type":"Feature","properties":{"COD_POSTAL":"49180"},"geometry":{"type":"Polygon","coordinates":[[[-5.86448,41.52005],[-5.86578,41.52292],[-5.87064,41.5253],[-5.87378,41.52767],[-5.87666,41.53133],[-5.88068,41.5344],[-5.88329,41.5322],[-5.8843,41.53083],[-5.88468,41.5294],[-5.88506,41.52893],[-5.88736,41.52836],[-5.88873,41.52846],[-5.89029,41.52911],[-5.89074,41.52956],[-5.89369,41.52889],[-5.89551,41.53049],[-5.89933,41.53045],[-5.90268,41.52999],[-5.90355,41.53042],[-5.90458,41.53025],[-5.90623,41.52941],[-5.90749,41.52973],[-5.90886,41.53042],[-5.91005,41.53039],[-5.91164,41.53073],[-5.91507,41.53058],[-5.91541,41.52945],[-5.91239,41.52749],[-5.91091,41.52334],[-5.91068,41.5219],[-5.91242,41.51882],[-5.91516,41.51669],[-5.91656,41.51456],[-5.91993,41.51154],[-5.93311,41.50625],[-5.94281,41.49799],[-5.95313,41.49061],[-5.94799,41.48259],[-5.9429,41.48015],[-5.93819,41.47271],[-5.93728,41.46926],[-5.93729,41.46735],[-5.93334,41.4651],[-5.93399,41.46433],[-5.93523,41.46347],[-5.93429,41.46196],[-5.93586,41.45819],[-5.93804,41.45817],[-5.94178,41.45333],[-5.94221,41.45145],[-5.94681,41.44816],[-5.94518,41.44641],[-5.94366,41.44537],[-5.94096,41.44245],[-5.93952,41.44156],[-5.93736,41.44099],[-5.93409,41.43929],[-5.93195,41.43792],[-5.92707,41.43373],[-5.92405,41.43231],[-5.91872,41.43123],[-5.91501,41.43127],[-5.91411,41.4323],[-5.9153,41.43524],[-5.91536,41.43627],[-5.91571,41.43677],[-5.91502,41.43839],[-5.91403,41.43922],[-5.91254,41.43993],[-5.91173,41.44022],[-5.91011,41.4402],[-5.90663,41.43914],[-5.90514,41.43905],[-5.90166,41.43989],[-5.89106,41.44386],[-5.88894,41.44579],[-5.88843,41.44665],[-5.88817,41.44809],[-5.88913,41.45153],[-5.89493,41.45769],[-5.89561,41.45927],[-5.89547,41.45989],[-5.89447,41.46148],[-5.89294,41.46324],[-5.8919,41.46394],[-5.88826,41.46428],[-5.88188,41.46654],[-5.88088,41.46965],[-5.88095,41.47036],[-5.8828,41.47285],[-5.88456,41.47718],[-5.88488,41.48209],[-5.88558,41.48347],[-5.88584,41.48508],[-5.88585,41.48761],[-5.88543,41.48994],[-5.88433,41.49274],[-5.88174,41.49702],[-5.87993,41.50202],[-5.87885,41.50341],[-5.87554,41.50634],[-5.87378,41.50825],[-5.87275,41.50967],[-5.87228,41.5115],[-5.8705,41.51417],[-5.868,41.51706],[-5.86648,41.51822],[-5.86421,41.5195],[-5.86448,41.52005]]]}},{"type":"Feature","properties":{"COD_POSTAL":"49322"},"geometry":{"type":"Polygon","coordinates":[[[-6.52262,42.06797],[-6.52013,42.07536],[-6.51419,42.08091],[-6.51249,42.08343],[-6.50999,42.08788],[-6.51199,42.09141],[-6.51682,42.10841],[-6.53173,42.12091],[-6.55321,42.08467],[-6.55616,42.08547],[-6.55701,42.08645],[-6.56064,42.07778],[-6.55956,42.07671],[-6.55981,42.073],[-6.5375,42.06085],[-6.54204,42.05201],[-6.54984,42.02756],[-6.54976,42.0208],[-6.54879,42.02058],[-6.54477,42.01649],[-6.54408,42.01442],[-6.54322,42.01397],[-6.54134,42.01404],[-6.53788,42.01698],[-6.53622,42.01928],[-6.53476,42.01953],[-6.5321,42.01898],[-6.53081,42.01818],[-6.52859,42.01599],[-6.52784,42.0138],[-6.52696,42.01322],[-6.52648,42.01317],[-6.52607,42.01332],[-6.52496,42.01457],[-6.52395,42.0182],[-6.52325,42.01843],[-6.52249,42.0183],[-6.52104,42.01741],[-6.51978,42.01582],[-6.51979,42.01512],[-6.52146,42.01155],[-6.5217,42.01021],[-6.52067,42.00732],[-6.51969,42.0063],[-6.51908,42.00629],[-6.51556,42.00861],[-6.51477,42.00953],[-6.51313,42.01042],[-6.51345,42.01084],[-6.51133,42.01558],[-6.50872,42.01841],[-6.50654,42.02266],[-6.50645,42.0254],[-6.5072,42.0265],[-6.50747,42.02831],[-6.50813,42.02932],[-6.50954,42.03323],[-6.50513,42.04157],[-6.50511,42.04246],[-6.50592,42.04344],[-6.50637,42.04523],[-6.5076,42.04757],[-6.50745,42.05097],[-6.50762,42.05165],[-6.50686,42.05236],[-6.50619,42.05358],[-6.50607,42.05463],[-6.50635,42.0555],[-6.50588,42.0559],[-6.50581,42.05709],[-6.50543,42.05752],[-6.5055,42.05897],[-6.50466,42.06092],[-6.50463,42.06201],[-6.50492,42.06289],[-6.50446,42.0633],[-6.50466,42.06353],[-6.50982,42.06312],[-6.52211,42.0677],[-6.52262,42.06797]]]}},{"type":"Feature","properties":{"COD_POSTAL":"49123"},"geometry":{"type":"Polygon","coordinates":[[[-5.60912,41.649],[-5.60954,41.65009],[-5.61045,41.65059],[-5.61069,41.65059],[-5.61119,41.64967],[-5.61162,41.64959],[-5.61338,41.64967],[-5.61391,41.65044],[-5.61466,41.65044],[-5.61601,41.65003],[-5.6173,41.64928],[-5.61834,41.64928],[-5.62056,41.64969],[-5.63054,41.65254],[-5.63326,41.65034],[-5.63751,41.64889],[-5.64024,41.64846],[-5.64397,41.64699],[-5.64457,41.64201],[-5.64762,41.63867],[-5.65059,41.6368],[-5.652,41.63618],[-5.65226,41.63579],[-5.65459,41.63461],[-5.65556,41.63077],[-5.65716,41.62672],[-5.65803,41.62329],[-5.64575,41.61954],[-5.64843,41.61822],[-5.66008,41.6114],[-5.65137,41.60672],[-5.64526,41.60432],[-5.64348,41.60472],[-5.64085,41.6076],[-5.64034,41.60779],[-5.63434,41.60534],[-5.63099,41.60478],[-5.62844,41.60386],[-5.6238,41.60601],[-5.61639,41.60847],[-5.60016,41.613],[-5.59869,41.61325],[-5.59419,41.61286],[-5.59272,41.61333],[-5.59238,41.61422],[-5.59022,41.61383],[-5.5889,41.61325],[-5.58644,41.61331],[-5.58631,41.6137],[-5.5872,41.61693],[-5.58698,41.61768],[-5.58565,41.61947],[-5.58649,41.62095],[-5.58808,41.62093],[-5.58793,41.62236],[-5.58858,41.62647],[-5.58496,41.63095],[-5.58423,41.63124],[-5.58418,41.6333],[-5.58478,41.63456],[-5.58603,41.63612],[-5.58895,41.63773],[-5.59261,41.64061],[-5.59455,41.64276],[-5.59485,41.64356],[-5.59628,41.64339],[-5.59813,41.64376],[-5.6002,41.64344],[-5.60157,41.64385],[-5.60546,41.64391],[-5.60646,41.64429],[-5.60849,41.64653],[-5.60913,41.64744],[-5.60899,41.64883],[-5.60912,41.649]]]}},{"type":"Feature","properties":{"COD_POSTAL":"49640"},"geometry":{"type":"Polygon","coordinates":[[[-5.44598,41.91069],[-5.44519,41.91165],[-5.44847,41.91553],[-5.45249,41.92254],[-5.46539,41.92129],[-5.4683,41.91953],[-5.47817,41.91458],[-5.48468,41.91428],[-5.48527,41.91391],[-5.48765,41.91429],[-5.49154,41.91402],[-5.49897,41.91403],[-5.50975,41.91442],[-5.51174,41.91242],[-5.51689,41.91748],[-5.53292,41.91093],[-5.53524,41.91223],[-5.53564,41.91198],[-5.53627,41.90043],[-5.53613,41.89913],[-5.53541,41.89726],[-5.53326,41.8953],[-5.53102,41.8923],[-5.5301,41.89239],[-5.52917,41.89173],[-5.52984,41.8904],[-5.52101,41.88521],[-5.51522,41.88146],[-5.51716,41.87994],[-5.52319,41.87605],[-5.52101,41.87644],[-5.51155,41.87682],[-5.50553,41.87605],[-5.50227,41.87586],[-5.49952,41.87499],[-5.49865,41.87529],[-5.49733,41.87694],[-5.49635,41.87725],[-5.49432,41.87742],[-5.49101,41.87723],[-5.48826,41.87774],[-5.48775,41.87641],[-5.48648,41.87678],[-5.48513,41.87552],[-5.48312,41.87581],[-5.48122,41.87575],[-5.47859,41.87531],[-5.47788,41.87463],[-5.47385,41.87461],[-5.4718,41.87507],[-5.46975,41.87633],[-5.46917,41.87734],[-5.46926,41.87808],[-5.47,41.87965],[-5.46864,41.87993],[-5.465,41.88241],[-5.46208,41.88318],[-5.4583,41.88116],[-5.45626,41.88189],[-5.45961,41.88558],[-5.45829,41.88781],[-5.45836,41.8888],[-5.4548,41.8901],[-5.45322,41.89116],[-5.45209,41.89271],[-5.45132,41.89323],[-5.45037,41.89532],[-5.44812,41.89568],[-5.44693,41.89705],[-5.44446,41.89736],[-5.44101,41.89952],[-5.44471,41.9032],[-5.4438,41.90415],[-5.44617,41.90656],[-5.44581,41.90705],[-5.44688,41.90808],[-5.44516,41.90908],[-5.44598,41.91069]]]}},{"type":"Feature","properties":{"COD_POSTAL":"49014"},"geometry":{"type":"Polygon","coordinates":[[[-5.74398,41.50856],[-5.74422,41.50815],[-5.7438,41.50791],[-5.74362,41.50747],[-5.74491,41.50529],[-5.74514,41.50528],[-5.74504,41.50503],[-5.74454,41.5055],[-5.74411,41.50519],[-5.74348,41.50569],[-5.74332,41.50559],[-5.74219,41.50659],[-5.74248,41.5068],[-5.74209,41.50736],[-5.74287,41.5075],[-5.74253,41.50771],[-5.74323,41.50826],[-5.74398,41.50856]]]}},{"type":"Feature","properties":{"COD_POSTAL":"49027"},"geometry":{"type":"Polygon","coordinates":[[[-5.74592,41.49618],[-5.74546,41.4983],[-5.74689,41.49963],[-5.74856,41.5002],[-5.74944,41.4999],[-5.7536,41.49697],[-5.76013,41.49379],[-5.76465,41.4956],[-5.77035,41.49694],[-5.77347,41.49719],[-5.78002,41.49926],[-5.78588,41.50009],[-5.79641,41.49845],[-5.80233,41.49474],[-5.80825,41.48992],[-5.81339,41.4868],[-5.82088,41.48602],[-5.82478,41.4827],[-5.82945,41.47767],[-5.82593,41.47775],[-5.82452,41.4775],[-5.82309,41.47666],[-5.82213,41.47643],[-5.82153,41.47647],[-5.82034,41.47729],[-5.81733,41.47601],[-5.81571,41.47458],[-5.81399,41.47355],[-5.81301,41.47241],[-5.81278,41.47136],[-5.81308,41.47042],[-5.81276,41.46843],[-5.81142,41.46629],[-5.81045,41.46535],[-5.81129,41.46095],[-5.80693,41.46155],[-5.80555,41.46214],[-5.80424,41.4633],[-5.80354,41.46355],[-5.80182,41.46266],[-5.80047,41.46097],[-5.79995,41.46071],[-5.79932,41.46066],[-5.79702,41.46127],[-5.79617,41.46176],[-5.79467,41.46317],[-5.79357,41.46085],[-5.79281,41.46055],[-5.78934,41.46041],[-5.78642,41.4609],[-5.77836,41.46328],[-5.7721,41.46167],[-5.76404,41.45852],[-5.76159,41.46305],[-5.74662,41.47648],[-5.74255,41.48287],[-5.74457,41.49015],[-5.74406,41.49109],[-5.74456,41.49152],[-5.74458,41.49241],[-5.7435,41.49344],[-5.74326,41.49426],[-5.7435,41.49426],[-5.74378,41.49345],[-5.74414,41.49425],[-5.74378,41.49438],[-5.74558,41.49418],[-5.74592,41.49618]]]}},{"type":"Feature","properties":{"COD_POSTAL":"49542"},"geometry":{"type":"Polygon","coordinates":[[[-6.18162,41.70843],[-6.17647,41.70489],[-6.17117,41.70167],[-6.17002,41.70167],[-6.16614,41.69995],[-6.15903,41.70068],[-6.15302,41.70018],[-6.14942,41.70038],[-6.14593,41.69877],[-6.14498,41.69887],[-6.13544,41.6932],[-6.13224,41.69099],[-6.12971,41.68841],[-6.12121,41.68454],[-6.1151,41.68564],[-6.1089,41.68767],[-6.10276,41.68696],[-6.10108,41.68763],[-6.09914,41.68924],[-6.09271,41.69325],[-6.08861,41.69505],[-6.08684,41.69917],[-6.0811,41.70445],[-6.08017,41.70671],[-6.07611,41.71073],[-6.0741,41.71134],[-6.07345,41.71302],[-6.07547,41.71674],[-6.07618,41.72222],[-6.08405,41.73413],[-6.08547,41.73702],[-6.09132,41.73916],[-6.09608,41.74199],[-6.09856,41.7379],[-6.10672,41.73257],[-6.11463,41.72685],[-6.11604,41.72476],[-6.11657,41.72223],[-6.12124,41.71618],[-6.13905,41.72402],[-6.16904,41.7277],[-6.18162,41.70843]]]}},{"type":"Feature","properties":{"COD_POSTAL":"49020"},"geometry":{"type":"MultiPolygon","coordinates":[[[[-5.72917,41.50699],[-5.73001,41.50779],[-5.72945,41.50828],[-5.73105,41.50975],[-5.73135,41.50949],[-5.73193,41.50977],[-5.73341,41.50865],[-5.73306,41.50821],[-5.73341,41.508],[-5.73358,41.5082],[-5.73493,41.50668],[-5.73582,41.50673],[-5.7359,41.50643],[-5.73495,41.50637],[-5.73367,41.50542],[-5.73254,41.50562],[-5.73264,41.50589],[-5.73042,41.50716],[-5.72987,41.50658],[-5.72937,41.50669],[-5.72917,41.50699]]],[[[-5.73112,41.51043],[-5.72869,41.51211],[-5.73159,41.51014],[-5.73224,41.51054],[-5.73267,41.51029],[-5.73316,41.51054],[-5.73276,41.51021],[-5.73341,41.50978],[-5.73313,41.50944],[-5.73352,41.50965],[-5.73405,41.50937],[-5.73345,41.50873],[-5.73146,41.5101],[-5.73112,41.51043]]]]}},{"type":"Feature","properties":{"COD_POSTAL":"49215"},"geometry":{"type":"Polygon","coordinates":[[[-6.12145,41.39711],[-6.12053,41.39589],[-6.12122,41.39521],[-6.11722,41.3951],[-6.11628,41.39481],[-6.11575,41.39522],[-6.11511,41.40009],[-6.11425,41.40076],[-6.11391,41.40205],[-6.11287,41.40329],[-6.11272,41.40474],[-6.1105,41.40741],[-6.11092,41.41119],[-6.11012,41.41313],[-6.10842,41.41507],[-6.10615,41.41601],[-6.10394,41.41737],[-6.1021,41.41893],[-6.10012,41.41889],[-6.09671,41.42133],[-6.09327,41.42467],[-6.0901,41.42939],[-6.08931,41.43312],[-6.08715,41.43489],[-6.08666,41.43588],[-6.08802,41.43675],[-6.08804,41.43918],[-6.08916,41.4422],[-6.08945,41.44446],[-6.09057,41.4451],[-6.09137,41.44615],[-6.09094,41.44684],[-6.09096,41.44756],[-6.0915,41.4481],[-6.09554,41.448],[-6.09982,41.45006],[-6.10113,41.45153],[-6.10312,41.45193],[-6.10479,41.45295],[-6.11044,41.45457],[-6.11163,41.4541],[-6.11692,41.45489],[-6.11931,41.4557],[-6.12023,41.45635],[-6.12179,41.45821],[-6.12596,41.45904],[-6.12776,41.46007],[-6.13102,41.46125],[-6.134,41.46181],[-6.1346,41.46032],[-6.13526,41.45974],[-6.13838,41.45831],[-6.14103,41.4578],[-6.14277,41.45691],[-6.14546,41.45657],[-6.148,41.45459],[-6.1505,41.45311],[-6.15249,41.45139],[-6.15705,41.44869],[-6.16027,41.44984],[-6.16363,41.45055],[-6.16897,41.45221],[-6.17318,41.4527],[-6.17735,41.45261],[-6.1802,41.45209],[-6.19031,41.45274],[-6.19142,41.4521],[-6.19368,41.45138],[-6.19387,41.45045],[-6.1936,41.44757],[-6.19094,41.44278],[-6.18928,41.43829],[-6.19014,41.43089],[-6.19078,41.42936],[-6.1877,41.42675],[-6.18587,41.42468],[-6.18482,41.4229],[-6.18412,41.42023],[-6.18506,41.41732],[-6.18526,41.4148],[-6.18605,41.41029],[-6.18699,41.40845],[-6.18769,41.40803],[-6.18904,41.40654],[-6.19012,41.4044],[-6.18276,41.39819],[-6.17592,41.39178],[-6.17066,41.38265],[-6.17031,41.37799],[-6.16778,41.37193],[-6.16636,41.36691],[-6.1652,41.36534],[-6.14917,41.37642],[-6.14119,41.38069],[-6.13648,41.386],[-6.12911,41.3916],[-6.12145,41.39711]]]}},{"type":"Feature","properties":{"COD_POSTAL":"49191"},"geometry":{"type":"Polygon","coordinates":[[[-5.66685,41.40509],[-5.66675,41.40483],[-5.66778,41.40408],[-5.67029,41.40323],[-5.67585,41.40031],[-5.6769,41.40347],[-5.67557,41.40479],[-5.6749,41.4051],[-5.67246,41.40537],[-5.67262,41.40695],[-5.67327,41.40802],[-5.6732,41.40836],[-5.67522,41.40814],[-5.68024,41.41209],[-5.68496,41.41679],[-5.68769,41.41909],[-5.68914,41.41992],[-5.69376,41.42447],[-5.69569,41.42703],[-5.69668,41.42906],[-5.69616,41.43059],[-5.6939,41.43466],[-5.69368,41.4406],[-5.69332,41.44237],[-5.69795,41.44644],[-5.70005,41.44758],[-5.7104,41.44078],[-5.71471,41.43152],[-5.70972,41.4238],[-5.71302,41.4225],[-5.71363,41.42193],[-5.71432,41.41948],[-5.71798,41.41467],[-5.72069,41.4103],[-5.72105,41.40934],[-5.72204,41.40813],[-5.72209,41.40705],[-5.7243,41.40304],[-5.72553,41.39945],[-5.7285,41.39452],[-5.72818,41.39218],[-5.7283,41.38991],[-5.72746,41.38941],[-5.72715,41.38876],[-5.72711,41.38773],[-5.72572,41.38487],[-5.72434,41.38489],[-5.72197,41.38554],[-5.72115,41.38595],[-5.71987,41.38732],[-5.71704,41.38835],[-5.7156,41.38829],[-5.71005,41.38702],[-5.70449,41.38506],[-5.70086,41.38493],[-5.69741,41.3841],[-5.69289,41.3778],[-5.68798,41.3704],[-5.6879,41.36728],[-5.68733,41.36681],[-5.68357,41.36693],[-5.68236,41.36774],[-5.67999,41.36706],[-5.67715,41.3666],[-5.67651,41.36622],[-5.67038,41.36798],[-5.66976,41.36896],[-5.66978,41.3704],[-5.66498,41.36718],[-5.66171,41.36837],[-5.65259,41.36403],[-5.6462,41.35465],[-5.64254,41.34998],[-5.6391,41.35233],[-5.63214,41.35464],[-5.63093,41.35536],[-5.63041,41.35576],[-5.62864,41.36424],[-5.6261,41.36642],[-5.62586,41.36727],[-5.62411,41.36882],[-5.62425,41.37108],[-5.62371,41.37213],[-5.62301,41.3749],[-5.62245,41.37581],[-5.62202,41.37788],[-5.62643,41.38179],[-5.62861,41.38305],[-5.63163,41.38618],[-5.63447,41.39045],[-5.63729,41.39257],[-5.63749,41.39377],[-5.64343,41.40056],[-5.64647,41.40563],[-5.64767,41.40578],[-5.65203,41.40915],[-5.65749,41.41],[-5.66191,41.41139],[-5.66444,41.41289],[-5.66516,41.41194],[-5.66522,41.41092],[-5.66602,41.40911],[-5.66611,41.40797],[-5.66726,41.4059],[-5.66723,41.40534],[-5.66685,41.40509]]]}},{"type":"Feature","properties":{"COD_POSTAL":"49620"},"geometry":{"type":"Polygon","coordinates":[[[-5.72618,41.96589],[-5.72723,41.96828],[-5.72741,41.96981],[-5.73006,41.97045],[-5.73082,41.97108],[-5.73074,41.97255],[-5.72973,41.9746],[-5.72883,41.97539],[-5.73234,41.97766],[-5.73294,41.97892],[-5.73424,41.97963],[-5.72928,41.98253],[-5.72676,41.98471],[-5.72524,41.98464],[-5.72253,41.98605],[-5.71736,41.98749],[-5.71391,41.98788],[-5.71162,41.98788],[-5.70954,41.98845],[-5.70486,41.99022],[-5.70229,41.99195],[-5.69919,41.99456],[-5.69558,41.99477],[-5.69162,41.99525],[-5.69149,41.99545],[-5.69392,41.99682],[-5.69533,41.99904],[-5.69488,42.00214],[-5.69413,42.00308],[-5.69426,42.00433],[-5.69724,42.00578],[-5.6966,42.00608],[-5.69653,42.0066],[-5.69493,42.00652],[-5.69395,42.006],[-5.69419,42.00682],[-5.69545,42.00746],[-5.699,42.00695],[-5.69985,42.00772],[-5.69894,42.00946],[-5.69881,42.01072],[-5.69751,42.0111],[-5.69762,42.01212],[-5.70013,42.0135],[-5.70252,42.01737],[-5.70339,42.02292],[-5.70372,42.02355],[-5.70562,42.02487],[-5.71079,42.02713],[-5.71134,42.02691],[-5.71326,42.02376],[-5.71445,42.02315],[-5.71512,42.02309],[-5.71607,42.02339],[-5.71675,42.02379],[-5.71788,42.02516],[-5.71898,42.02576],[-5.72061,42.02458],[-5.72059,42.0227],[-5.72259,42.02147],[-5.72571,42.0212],[-5.72659,42.01896],[-5.72938,42.01865],[-5.73216,42.01942],[-5.73752,42.01817],[-5.7377,42.01895],[-5.74087,42.01878],[-5.74178,42.01834],[-5.74974,42.01924],[-5.75874,42.01963],[-5.7612,42.01787],[-5.76566,42.01727],[-5.77101,42.01755],[-5.77391,42.01874],[-5.77729,42.01905],[-5.77874,42.01974],[-5.77876,42.01897],[-5.77801,42.01749],[-5.77769,42.01576],[-5.77648,42.01462],[-5.77526,42.01206],[-5.7768,42.01165],[-5.78264,42.01183],[-5.78365,42.0113],[-5.78457,42.00681],[-5.78681,42.00519],[-5.78677,42.00414],[-5.78492,42.00313],[-5.78316,42.00388],[-5.78307,42.00105],[-5.78057,41.99919],[-5.78027,41.99793],[-5.77797,41.99714],[-5.77595,41.99507],[-5.77702,41.99365],[-5.77644,41.99225],[-5.77619,41.99083],[-5.77441,41.99172],[-5.7727,41.98919],[-5.77256,41.98798],[-5.77217,41.98712],[-5.77322,41.98574],[-5.77421,41.98492],[-5.77399,41.98424],[-5.77305,41.98386],[-5.77153,41.98274],[-5.76919,41.98196],[-5.76813,41.98082],[-5.76608,41.97966],[-5.76641,41.97829],[-5.76659,41.97403],[-5.76564,41.97141],[-5.76514,41.97074],[-5.76581,41.96902],[-5.76559,41.96643],[-5.76423,41.96471],[-5.76415,41.964],[-5.76475,41.96251],[-5.76458,41.96188],[-5.76318,41.95979],[-5.76283,41.95869],[-5.7633,41.95803],[-5.76207,41.95614],[-5.76179,41.95527],[-5.76182,41.95405],[-5.76261,41.95296],[-5.76256,41.95194],[-5.7624,41.95151],[-5.76189,41.95114],[-5.76116,41.95118],[-5.76118,41.94959],[-5.7601,41.94855],[-5.75568,41.94583],[-5.75489,41.94356],[-5.75428,41.94296],[-5.75113,41.94102],[-5.74993,41.94045],[-5.74337,41.93866],[-5.73859,41.94632],[-5.73807,41.94677],[-5.73634,41.94744],[-5.73264,41.94834],[-5.73129,41.94929],[-5.72958,41.95185],[-5.72749,41.95688],[-5.7266,41.96077],[-5.72638,41.9611],[-5.72476,41.96149],[-5.72507,41.96416],[-5.72344,41.96434],[-5.72618,41.96589]]]}},{"type":"Feature","properties":{"COD_POSTAL":"49850"},"geometry":{"type":"Polygon","coordinates":[[[-5.32362,41.64913],[-5.32462,41.64836],[-5.32606,41.64627],[-5.32676,41.64564],[-5.33254,41.64341],[-5.33677,41.64261],[-5.33684,41.64182],[-5.33911,41.64162],[-5.342,41.64085],[-5.34367,41.64203],[-5.34555,41.64099],[-5.34697,41.64181],[-5.34986,41.64176],[-5.35595,41.64264],[-5.36144,41.64274],[-5.36188,41.64184],[-5.36852,41.64273],[-5.36975,41.64027],[-5.37188,41.64156],[-5.37253,41.64069],[-5.38361,41.63883],[-5.38617,41.63912],[-5.38725,41.6375],[-5.38932,41.63606],[-5.39007,41.63524],[-5.39343,41.63001],[-5.39579,41.62809],[-5.39648,41.62572],[-5.39787,41.6258],[-5.39792,41.62451],[-5.3998,41.61976],[-5.39803,41.61771],[-5.39741,41.61773],[-5.39753,41.61713],[-5.39991,41.61269],[-5.39973,41.61011],[-5.39948,41.60953],[-5.39398,41.60781],[-5.39173,41.60632],[-5.38712,41.6043],[-5.38233,41.6026],[-5.37805,41.60305],[-5.37574,41.60283],[-5.37385,41.60216],[-5.37277,41.60243],[-5.36873,41.60419],[-5.36626,41.60381],[-5.36268,41.60474],[-5.36149,41.60473],[-5.3599,41.60513],[-5.3494,41.60092],[-5.34697,41.60105],[-5.34538,41.60282],[-5.34406,41.60364],[-5.34112,41.60453],[-5.33549,41.60543],[-5.33308,41.60549],[-5.33128,41.60509],[-5.32793,41.60511],[-5.32773,41.60603],[-5.3279,41.60671],[-5.32999,41.61195],[-5.33015,41.61447],[-5.32962,41.61542],[-5.32889,41.61592],[-5.32867,41.61714],[-5.32773,41.61904],[-5.32516,41.62303],[-5.32421,41.62513],[-5.32409,41.62863],[-5.32526,41.63014],[-5.32342,41.63417],[-5.32177,41.63427],[-5.32198,41.63559],[-5.32169,41.63601],[-5.31951,41.63677],[-5.32014,41.63828],[-5.32281,41.64171],[-5.32476,41.64339],[-5.32452,41.64618],[-5.32358,41.64797],[-5.32292,41.64867],[-5.32362,41.64913]]]}},{"type":"Feature","properties":{"COD_POSTAL":"49133"},"geometry":{"type":"Polygon","coordinates":[[[-5.44496,41.97188],[-5.44703,41.97289],[-5.45008,41.97364],[-5.45489,41.97546],[-5.45616,41.97574],[-5.46008,41.97516],[-5.4608,41.97472],[-5.46312,41.97546],[-5.46241,41.97688],[-5.46279,41.97766],[-5.46698,41.97816],[-5.46953,41.97946],[-5.47015,41.97965],[-5.47098,41.9795],[-5.47403,41.98055],[-5.47781,41.98256],[-5.48122,41.98316],[-5.4848,41.98457],[-5.48565,41.98583],[-5.48647,41.99079],[-5.48746,41.99244],[-5.48841,41.99554],[-5.49927,41.99046],[-5.50767,41.99],[-5.51255,41.9859],[-5.51403,41.98375],[-5.51422,41.98313],[-5.50294,41.97874],[-5.50098,41.97772],[-5.50021,41.9769],[-5.49827,41.97639],[-5.4933,41.97428],[-5.49054,41.9738],[-5.48639,41.97063],[-5.48462,41.97027],[-5.47803,41.97022],[-5.47595,41.967],[-5.47533,41.96657],[-5.4724,41.96571],[-5.47147,41.96495],[-5.47167,41.96459],[-5.45056,41.95919],[-5.44312,41.95136],[-5.439,41.95572],[-5.44052,41.95617],[-5.44186,41.95692],[-5.43593,41.95922],[-5.4348,41.95944],[-5.43343,41.96113],[-5.43607,41.96379],[-5.43828,41.96739],[-5.44496,41.97188]]]}},{"type":"Feature","properties":{"COD_POSTAL":"49280"},"geometry":{"type":"Polygon","coordinates":[[[-5.84482,41.44211],[-5.84849,41.44031],[-5.85548,41.44161],[-5.8567,41.43779],[-5.8701,41.43887],[-5.86981,41.44348],[-5.87319,41.44478],[-5.88565,41.44319],[-5.8892,41.44555],[-5.89106,41.44386],[-5.90166,41.43989],[-5.90376,41.43932],[-5.90514,41.43905],[-5.90652,41.43912],[-5.91011,41.4402],[-5.91173,41.44022],[-5.91403,41.43922],[-5.91502,41.43839],[-5.91571,41.43677],[-5.91536,41.43627],[-5.9153,41.43524],[-5.91411,41.4323],[-5.91501,41.43127],[-5.91872,41.43123],[-5.92405,41.43231],[-5.92707,41.43373],[-5.93195,41.43792],[-5.93736,41.44099],[-5.93845,41.44128],[-5.93417,41.42725],[-5.92341,41.40797],[-5.92255,41.39581],[-5.92291,41.39263],[-5.8982,41.39258],[-5.86544,41.39872],[-5.85851,41.40376],[-5.85574,41.42019],[-5.8302,41.42594],[-5.82383,41.42984],[-5.82418,41.43025],[-5.82487,41.43016],[-5.82739,41.43127],[-5.82905,41.43332],[-5.83088,41.4343],[-5.83769,41.43499],[-5.83962,41.43565],[-5.83912,41.43635],[-5.83919,41.43695],[-5.83882,41.43758],[-5.837,41.43992],[-5.83572,41.44073],[-5.84482,41.44211]]]}},{"type":"Feature","properties":{"COD_POSTAL":"49142"},"geometry":{"type":"Polygon","coordinates":[[[-5.64671,41.72423],[-5.64817,41.72723],[-5.64778,41.72796],[-5.64778,41.72859],[-5.64863,41.72925],[-5.65432,41.7315],[-5.65831,41.72999],[-5.66062,41.72945],[-5.66609,41.72727],[-5.6708,41.73184],[-5.67169,41.7336],[-5.67415,41.7351],[-5.67699,41.73575],[-5.67946,41.73457],[-5.67964,41.73529],[-5.68172,41.73516],[-5.68248,41.73552],[-5.68262,41.73456],[-5.68577,41.73475],[-5.68743,41.73371],[-5.68862,41.7337],[-5.6933,41.7361],[-5.6952,41.73438],[-5.69616,41.73521],[-5.69916,41.73443],[-5.69881,41.73349],[-5.69966,41.73306],[-5.70035,41.73351],[-5.72083,41.7273],[-5.72168,41.72784],[-5.72194,41.7247],[-5.72255,41.72309],[-5.72352,41.72214],[-5.73504,41.71492],[-5.73912,41.71285],[-5.73643,41.70143],[-5.72872,41.70402],[-5.72018,41.69544],[-5.71388,41.6923],[-5.71022,41.68688],[-5.70934,41.68464],[-5.70756,41.68217],[-5.70612,41.68077],[-5.70311,41.67949],[-5.70205,41.6777],[-5.70113,41.67669],[-5.70304,41.67021],[-5.69555,41.6706],[-5.68975,41.67032],[-5.69024,41.67137],[-5.68903,41.67675],[-5.68612,41.68123],[-5.68399,41.68325],[-5.68157,41.68687],[-5.68042,41.68976],[-5.68027,41.69084],[-5.67583,41.69147],[-5.67456,41.69145],[-5.67421,41.69213],[-5.67195,41.69208],[-5.67367,41.69381],[-5.67866,41.69798],[-5.679,41.69863],[-5.67532,41.70065],[-5.6761,41.70279],[-5.67323,41.70509],[-5.67392,41.7057],[-5.67059,41.70852],[-5.67027,41.71141],[-5.66847,41.71145],[-5.66185,41.71689],[-5.65937,41.71737],[-5.65627,41.71861],[-5.6491,41.71927],[-5.64614,41.72037],[-5.64611,41.72271],[-5.64681,41.72334],[-5.64671,41.72423]]]}},{"type":"Feature","properties":{"COD_POSTAL":"49600"},"geometry":{"type":"Polygon","coordinates":[[[-5.68014,42.04542],[-5.6823,42.04446],[-5.68402,42.04443],[-5.68693,42.04375],[-5.68837,42.04396],[-5.69198,42.04252],[-5.69288,42.03941],[-5.69395,42.04098],[-5.69652,42.04296],[-5.69736,42.04512],[-5.70417,42.04795],[-5.70776,42.04615],[-5.7101,42.04538],[-5.71457,42.04536],[-5.71986,42.04203],[-5.72088,42.04023],[-5.72409,42.04045],[-5.72535,42.04103],[-5.7303,42.04218],[-5.73576,42.04034],[-5.73356,42.03694],[-5.73446,42.03601],[-5.73417,42.03559],[-5.72738,42.03],[-5.72648,42.02976],[-5.72513,42.02836],[-5.7244,42.02901],[-5.72435,42.02938],[-5.72242,42.03015],[-5.71987,42.02932],[-5.71786,42.02923],[-5.71604,42.0284],[-5.71588,42.02806],[-5.71631,42.0266],[-5.71788,42.02516],[-5.71675,42.02379],[-5.71607,42.02339],[-5.71512,42.02309],[-5.71445,42.02315],[-5.71326,42.02376],[-5.71134,42.02691],[-5.71079,42.02713],[-5.70562,42.02487],[-5.70372,42.02355],[-5.70339,42.02292],[-5.70252,42.01737],[-5.70013,42.0135],[-5.69762,42.01212],[-5.69751,42.0111],[-5.69881,42.01072],[-5.69894,42.00946],[-5.69985,42.00772],[-5.699,42.00695],[-5.69545,42.00746],[-5.69419,42.00682],[-5.69395,42.006],[-5.69493,42.00652],[-5.69653,42.0066],[-5.6966,42.00608],[-5.69724,42.00578],[-5.69426,42.00433],[-5.69413,42.00308],[-5.69488,42.00214],[-5.69533,41.99904],[-5.69392,41.99682],[-5.69149,41.99545],[-5.69162,41.99525],[-5.69558,41.99477],[-5.69919,41.99456],[-5.70229,41.99195],[-5.70486,41.99022],[-5.70954,41.98845],[-5.71162,41.98788],[-5.71391,41.98788],[-5.71736,41.98749],[-5.72253,41.98605],[-5.72524,41.98464],[-5.72676,41.98471],[-5.72928,41.98253],[-5.73424,41.97963],[-5.73294,41.97892],[-5.73234,41.97766],[-5.72883,41.97539],[-5.72973,41.9746],[-5.73074,41.97255],[-5.73082,41.97108],[-5.73006,41.97045],[-5.72741,41.96981],[-5.72723,41.96828],[-5.72618,41.96589],[-5.72344,41.96434],[-5.71931,41.96301],[-5.71454,41.96203],[-5.71182,41.96389],[-5.70842,41.96302],[-5.70679,41.96359],[-5.68637,41.9681],[-5.67879,41.97065],[-5.6788,41.97288],[-5.67668,41.97427],[-5.6745,41.97714],[-5.67518,41.97838],[-5.67475,41.97989],[-5.67506,41.98047],[-5.67619,41.98119],[-5.67816,41.98149],[-5.68101,41.98389],[-5.67879,41.98453],[-5.67767,41.98607],[-5.67392,41.98802],[-5.67227,41.98826],[-5.66502,41.98832],[-5.66049,41.98626],[-5.65939,41.98687],[-5.65756,41.9861],[-5.6559,41.9853],[-5.65207,41.98287],[-5.64842,41.98338],[-5.64514,41.98105],[-5.64472,41.979],[-5.63935,41.98002],[-5.63606,41.98184],[-5.63664,41.98236],[-5.63659,41.98296],[-5.63568,41.98465],[-5.63468,41.9853],[-5.63546,41.98626],[-5.63786,41.98684],[-5.63875,41.9873],[-5.6389,41.98788],[-5.63524,41.99015],[-5.63429,41.99224],[-5.63157,41.99312],[-5.63034,41.9946],[-5.63027,41.99537],[-5.63169,41.99794],[-5.63179,41.99867],[-5.6307,42.00095],[-5.6302,42.00133],[-5.62801,42.0015],[-5.62388,42.00089],[-5.62164,42.00117],[-5.6208,42.00169],[-5.61681,42.00528],[-5.61613,42.00663],[-5.61367,42.00793],[-5.61229,42.00988],[-5.61234,42.01135],[-5.61165,42.01208],[-5.61566,42.01312],[-5.61695,42.01422],[-5.61851,42.01425],[-5.61914,42.0145],[-5.61951,42.01474],[-5.61889,42.01532],[-5.61916,42.01557],[-5.62065,42.01583],[-5.62171,42.01534],[-5.62497,42.01624],[-5.6258,42.01731],[-5.62736,42.01795],[-5.62724,42.01942],[-5.62784,42.02115],[-5.6292,42.02076],[-5.63001,42.02143],[-5.63302,42.02103],[-5.63634,42.02136],[-5.63996,42.02036],[-5.64397,42.01833],[-5.64663,42.01856],[-5.64724,42.01821],[-5.64839,42.01832],[-5.65312,42.02157],[-5.65895,42.02149],[-5.6603,42.0223],[-5.65944,42.02437],[-5.66103,42.02521],[-5.66783,42.02733],[-5.67369,42.02962],[-5.67638,42.02948],[-5.67935,42.03033],[-5.67762,42.0325],[-5.67756,42.03853],[-5.6779,42.03968],[-5.67775,42.04047],[-5.67829,42.04128],[-5.67843,42.04453],[-5.68014,42.04542]]]}},{"type":"Feature","properties":{"COD_POSTAL":"49628"},"geometry":{"type":"Polygon","coordinates":[[[-6.08821,42.09036],[-6.08864,42.09014],[-6.08985,42.09052],[-6.09498,42.08845],[-6.09855,42.08464],[-6.10143,42.0822],[-6.12811,42.06869],[-6.1797,42.04504],[-6.19159,42.04137],[-6.19896,42.0387],[-6.19732,42.03821],[-6.19232,42.03411],[-6.19051,42.03342],[-6.18768,42.03298],[-6.18738,42.03312],[-6.18705,42.03269],[-6.18612,42.03281],[-6.18237,42.03133],[-6.17889,42.03048],[-6.16915,42.02965],[-6.16046,42.0285],[-6.15915,42.02885],[-6.15547,42.02842],[-6.14946,42.02865],[-6.1322,42.01963],[-6.1236,42.01933],[-6.12081,42.01752],[-6.11898,42.01708],[-6.11428,42.01523],[-6.11357,42.01429],[-6.11199,42.01417],[-6.10576,42.01071],[-6.09973,42.01203],[-6.08906,42.01685],[-6.08859,42.01767],[-6.08503,42.02008],[-6.08004,42.02512],[-6.06884,42.03011],[-6.06011,42.0359],[-6.05781,42.04079],[-6.05237,42.04602],[-6.05342,42.047],[-6.05457,42.04855],[-6.05489,42.04877],[-6.05614,42.04877],[-6.05749,42.04968],[-6.05773,42.05029],[-6.05728,42.05139],[-6.06067,42.05159],[-6.06389,42.05443],[-6.06758,42.05643],[-6.07017,42.05683],[-6.07227,42.05743],[-6.07271,42.05777],[-6.07316,42.05769],[-6.07418,42.05842],[-6.07545,42.05866],[-6.0771,42.05998],[-6.07876,42.05991],[-6.07936,42.06022],[-6.08192,42.06204],[-6.08294,42.06318],[-6.08346,42.06441],[-6.08519,42.06622],[-6.08565,42.06767],[-6.08525,42.06979],[-6.08254,42.07304],[-6.08364,42.07583],[-6.08344,42.07911],[-6.08388,42.08346],[-6.08426,42.08432],[-6.08423,42.08619],[-6.08353,42.08823],[-6.08821,42.09036]]]}},{"type":"Feature","properties":{"COD_POSTAL":"49344"},"geometry":{"type":"Polygon","coordinates":[[[-6.35342,42.13214],[-6.36553,42.13629],[-6.37472,42.1377],[-6.37367,42.13556],[-6.3722,42.12486],[-6.37335,42.12347],[-6.37302,42.121],[-6.37462,42.11667],[-6.34569,42.11535],[-6.34743,42.13161],[-6.35342,42.13214]]]}},{"type":"Feature","properties":{"COD_POSTAL":"49130"},"geometry":{"type":"Polygon","coordinates":[[[-5.69689,41.78475],[-5.69671,41.78659],[-5.69274,41.78892],[-5.69059,41.79051],[-5.69785,41.79499],[-5.69894,41.7947],[-5.70658,41.79388],[-5.7162,41.79354],[-5.72136,41.7931],[-5.7271,41.79227],[-5.73042,41.7928],[-5.73549,41.79318],[-5.73681,41.79278],[-5.74072,41.79344],[-5.74389,41.79214],[-5.74788,41.79128],[-5.75112,41.79012],[-5.75361,41.78963],[-5.75692,41.78937],[-5.75364,41.78665],[-5.74335,41.78273],[-5.73987,41.77877],[-5.73931,41.77323],[-5.74228,41.77042],[-5.7444,41.7667],[-5.74375,41.76378],[-5.74812,41.76016],[-5.74379,41.75694],[-5.7446,41.75473],[-5.74172,41.74751],[-5.74037,41.74326],[-5.74187,41.73942],[-5.73614,41.73664],[-5.7351,41.7359],[-5.73345,41.73419],[-5.73164,41.73349],[-5.72955,41.73337],[-5.72854,41.73236],[-5.72444,41.73013],[-5.72083,41.7273],[-5.70035,41.73351],[-5.69966,41.73306],[-5.69881,41.73349],[-5.69916,41.73443],[-5.69616,41.73521],[-5.6952,41.73438],[-5.6933,41.7361],[-5.68862,41.7337],[-5.68743,41.73371],[-5.68577,41.73475],[-5.68262,41.73456],[-5.68248,41.73552],[-5.68172,41.73516],[-5.67964,41.73529],[-5.67946,41.73457],[-5.67699,41.73575],[-5.67415,41.7351],[-5.67169,41.7336],[-5.6708,41.73184],[-5.66609,41.72727],[-5.66062,41.72945],[-5.65831,41.72999],[-5.65432,41.7315],[-5.64924,41.72951],[-5.64795,41.73275],[-5.64657,41.73487],[-5.64546,41.73817],[-5.64493,41.74109],[-5.64651,41.74184],[-5.6465,41.7424],[-5.65089,41.74478],[-5.65152,41.74568],[-5.65349,41.74573],[-5.65398,41.74721],[-5.65517,41.7474],[-5.65564,41.748],[-5.65952,41.75103],[-5.66006,41.75182],[-5.66304,41.75369],[-5.66369,41.75604],[-5.66438,41.75717],[-5.66571,41.75767],[-5.66591,41.75898],[-5.66855,41.75946],[-5.66863,41.76226],[-5.66839,41.76351],[-5.66743,41.76599],[-5.66834,41.76602],[-5.6688,41.76783],[-5.66973,41.76908],[-5.67183,41.77029],[-5.67208,41.77181],[-5.67272,41.77192],[-5.67499,41.7735],[-5.67451,41.7752],[-5.67571,41.77658],[-5.67926,41.78214],[-5.68151,41.78152],[-5.68297,41.78138],[-5.68531,41.78174],[-5.68609,41.7822],[-5.68937,41.78211],[-5.69011,41.78342],[-5.69099,41.78333],[-5.69111,41.78433],[-5.69689,41.78475]]]}},{"type":"Feature","properties":{"COD_POSTAL":"49352"},"geometry":{"type":"Polygon","coordinates":[[[-6.75179,42.19402],[-6.75057,42.2022],[-6.75731,42.19885],[-6.76245,42.19349],[-6.76242,42.18315],[-6.77299,42.18527],[-6.78786,42.17436],[-6.79151,42.16787],[-6.78575,42.15398],[-6.78643,42.1538],[-6.78804,42.15174],[-6.79177,42.1486],[-6.79379,42.1472],[-6.79821,42.14273],[-6.80221,42.1409],[-6.80453,42.13868],[-6.80579,42.13678],[-6.80524,42.13471],[-6.8069,42.13296],[-6.80617,42.13047],[-6.80707,42.12778],[-6.80612,42.12699],[-6.80605,42.12511],[-6.8051,42.12278],[-6.80289,42.12041],[-6.80286,42.11915],[-6.80224,42.11783],[-6.80054,42.11627],[-6.79757,42.11489],[-6.79345,42.11501],[-6.78983,42.11405],[-6.78851,42.1135],[-6.78798,42.11247],[-6.78647,42.11105],[-6.78441,42.11084],[-6.78376,42.10957],[-6.7756,42.10623],[-6.75912,42.10605],[-6.75939,42.11081],[-6.75207,42.12258],[-6.73694,42.1329],[-6.75179,42.19402]]]}},{"type":"Feature","properties":{"COD_POSTAL":"49156"},"geometry":{"type":"Polygon","coordinates":[[[-5.53368,41.29074],[-5.53084,41.29148],[-5.52861,41.29176],[-5.52612,41.29136],[-5.52358,41.29134],[-5.52194,41.29223],[-5.51405,41.29198],[-5.50022,41.2946],[-5.49522,41.28885],[-5.49637,41.28716],[-5.49346,41.28818],[-5.46778,41.28893],[-5.46623,41.28842],[-5.46481,41.28863],[-5.4519,41.28383],[-5.44491,41.27845],[-5.43551,41.27544],[-5.43423,41.27442],[-5.42444,41.27866],[-5.41553,41.28079],[-5.4142,41.27995],[-5.40834,41.28524],[-5.40117,41.28573],[-5.3971,41.29059],[-5.39714,41.2965],[-5.40681,41.29718],[-5.42736,41.30616],[-5.44046,41.31334],[-5.44662,41.30776],[-5.46089,41.30857],[-5.4642,41.30546],[-5.46473,41.30346],[-5.46207,41.29965],[-5.4655,41.30009],[-5.47346,41.30336],[-5.47661,41.30357],[-5.4865,41.30686],[-5.49452,41.31075],[-5.49184,41.33912],[-5.49713,41.34106],[-5.49776,41.33521],[-5.50418,41.32967],[-5.51485,41.32464],[-5.51777,41.32283],[-5.51496,41.32223],[-5.5189,41.32053],[-5.51719,41.3194],[-5.50864,41.32369],[-5.50765,41.32219],[-5.51197,41.32047],[-5.51421,41.31885],[-5.51768,41.31718],[-5.52323,41.31526],[-5.52451,41.3136],[-5.52573,41.31247],[-5.5269,41.31207],[-5.52764,41.3114],[-5.52967,41.30873],[-5.53438,41.3036],[-5.5381,41.30133],[-5.54396,41.29968],[-5.54676,41.2983],[-5.54818,41.29725],[-5.54544,41.29404],[-5.54261,41.29454],[-5.53875,41.29239],[-5.5395,41.29025],[-5.53655,41.29087],[-5.53368,41.29074]]]}},{"type":"Feature","properties":{"COD_POSTAL":"49147"},"geometry":{"type":"Polygon","coordinates":[[[-5.95082,41.76627],[-5.95279,41.76504],[-5.95535,41.76418],[-5.95977,41.76006],[-5.98045,41.74355],[-5.99849,41.72558],[-6.01265,41.71979],[-6.01286,41.71865],[-6.01272,41.71645],[-6.01329,41.71403],[-6.01231,41.7098],[-6.01202,41.70943],[-6.01164,41.7076],[-6.01165,41.70625],[-6.01239,41.7004],[-6.01321,41.69766],[-6.01338,41.69582],[-6.00855,41.69583],[-6.00523,41.69543],[-6.00393,41.69487],[-5.9953,41.69467],[-5.99083,41.69314],[-5.98578,41.69097],[-5.98404,41.69079],[-5.9823,41.69009],[-5.98104,41.68928],[-5.97973,41.6891],[-5.97655,41.68773],[-5.9756,41.68755],[-5.97474,41.68694],[-5.97339,41.68674],[-5.97185,41.68595],[-5.96907,41.68772],[-5.9612,41.69436],[-5.95775,41.6968],[-5.95273,41.70103],[-5.95059,41.70645],[-5.94988,41.70728],[-5.94886,41.70977],[-5.94821,41.71067],[-5.94496,41.71267],[-5.94144,41.71339],[-5.93867,41.71452],[-5.95082,41.76627]]]}},{"type":"Feature","properties":{"COD_POSTAL":"49183"},"geometry":{"type":"Polygon","coordinates":[[[-5.90829,41.59308],[-5.90635,41.60076],[-5.90849,41.60191],[-5.90677,41.60532],[-5.91301,41.60975],[-5.91816,41.61001],[-5.91811,41.60969],[-5.91937,41.60646],[-5.92298,41.60206],[-5.92322,41.60144],[-5.92405,41.60069],[-5.92935,41.59761],[-5.93327,41.59696],[-5.93696,41.59693],[-5.93951,41.5975],[-5.94169,41.59891],[-5.94511,41.60366],[-5.94605,41.60463],[-5.94858,41.60526],[-5.94959,41.60507],[-5.95194,41.60393],[-5.95386,41.60255],[-5.95973,41.5995],[-5.96234,41.59856],[-5.96753,41.59804],[-5.97047,41.59704],[-5.97387,41.595],[-5.97653,41.59289],[-5.98111,41.58882],[-5.98163,41.58663],[-5.98361,41.58319],[-5.98419,41.58068],[-5.98404,41.5774],[-5.98311,41.57576],[-5.98153,41.57481],[-5.97938,41.57391],[-5.9753,41.57285],[-5.97238,41.57182],[-5.96944,41.5705],[-5.95948,41.5735],[-5.95817,41.5733],[-5.95562,41.57365],[-5.95466,41.57416],[-5.95215,41.57369],[-5.94707,41.57408],[-5.94363,41.57334],[-5.94243,41.57349],[-5.93981,41.57323],[-5.93517,41.57234],[-5.92362,41.57167],[-5.91879,41.57078],[-5.91221,41.58476],[-5.90753,41.59171],[-5.90829,41.59308]]]}},{"type":"Feature","properties":{"COD_POSTAL":"49331"},"geometry":{"type":"Polygon","coordinates":[[[-6.05324,41.98273],[-6.05486,41.98287],[-6.058,41.9843],[-6.05896,41.9843],[-6.06087,41.98346],[-6.06407,41.98096],[-6.06578,41.98024],[-6.06711,41.97926],[-6.06992,41.97864],[-6.07205,41.97906],[-6.07399,41.97997],[-6.07602,41.98173],[-6.07667,41.98286],[-6.07782,41.98379],[-6.07939,41.98454],[-6.08291,41.98532],[-6.08457,41.98593],[-6.08609,41.98685],[-6.08875,41.98924],[-6.09049,41.99036],[-6.09069,41.9915],[-6.08978,41.99366],[-6.09006,41.9948],[-6.09086,41.99568],[-6.09223,41.99609],[-6.09438,41.99622],[-6.09971,41.99542],[-6.09454,42.01426],[-6.09973,42.01203],[-6.10576,42.01071],[-6.11199,42.01417],[-6.11357,42.01429],[-6.11428,42.01523],[-6.11898,42.01708],[-6.12081,42.01752],[-6.1236,42.01933],[-6.1322,42.01963],[-6.13743,42.02229],[-6.14344,41.98664],[-6.14444,41.97626],[-6.14953,41.97555],[-6.15503,41.97656],[-6.15674,41.97669],[-6.15836,41.97623],[-6.1475,41.97041],[-6.13652,41.96675],[-6.1119,41.94932],[-6.11107,41.94846],[-6.10953,41.94399],[-6.10594,41.9369],[-6.10621,41.93641],[-6.10617,41.93573],[-6.10577,41.93498],[-6.10379,41.93268],[-6.10238,41.92915],[-6.09981,41.92852],[-6.09717,41.93128],[-6.09568,41.9335],[-6.08607,41.94593],[-6.07744,41.95805],[-6.07329,41.96026],[-6.0628,41.97169],[-6.05848,41.97675],[-6.05854,41.97774],[-6.05805,41.97868],[-6.05714,41.97952],[-6.05353,41.98073],[-6.05324,41.98273]]]}},{"type":"Feature","properties":{"COD_POSTAL":"49832"},"geometry":{"type":"Polygon","coordinates":[[[-5.48511,41.68253],[-5.48952,41.68473],[-5.49291,41.68837],[-5.49622,41.69115],[-5.49878,41.69109],[-5.49926,41.69181],[-5.50553,41.69134],[-5.50081,41.68463],[-5.50804,41.68095],[-5.51108,41.68103],[-5.51442,41.67998],[-5.51549,41.67894],[-5.51887,41.6775],[-5.52102,41.67727],[-5.52526,41.67755],[-5.52956,41.67222],[-5.53137,41.6709],[-5.53154,41.6676],[-5.53686,41.66792],[-5.53656,41.6673],[-5.53405,41.66614],[-5.53192,41.66481],[-5.53015,41.66411],[-5.52927,41.66339],[-5.52917,41.66214],[-5.52955,41.66159],[-5.52992,41.66],[-5.52989,41.65862],[-5.5301,41.65796],[-5.5309,41.65726],[-5.53096,41.65631],[-5.53255,41.65154],[-5.53336,41.64722],[-5.53318,41.64628],[-5.53381,41.64103],[-5.53278,41.6375],[-5.52487,41.63273],[-5.52204,41.63173],[-5.51754,41.62875],[-5.51396,41.63106],[-5.51338,41.6297],[-5.5113,41.63047],[-5.5095,41.62943],[-5.50684,41.63173],[-5.50469,41.63087],[-5.50222,41.63455],[-5.49867,41.63321],[-5.4986,41.63575],[-5.49336,41.6362],[-5.49011,41.63854],[-5.48806,41.63804],[-5.48479,41.64042],[-5.48288,41.64005],[-5.48072,41.64013],[-5.47937,41.64057],[-5.47833,41.6405],[-5.47092,41.64203],[-5.46988,41.64327],[-5.47127,41.64413],[-5.47094,41.64556],[-5.46885,41.64472],[-5.46837,41.64567],[-5.46592,41.64461],[-5.4653,41.64497],[-5.46464,41.64449],[-5.46057,41.64474],[-5.4603,41.64682],[-5.45897,41.64599],[-5.45732,41.64702],[-5.4549,41.64603],[-5.4544,41.64701],[-5.45351,41.64598],[-5.45274,41.64563],[-5.45469,41.64829],[-5.4559,41.64929],[-5.45469,41.65025],[-5.45307,41.65211],[-5.45217,41.65342],[-5.45125,41.65543],[-5.45325,41.65654],[-5.46308,41.65804],[-5.46616,41.65978],[-5.46894,41.66328],[-5.47373,41.66445],[-5.47402,41.66539],[-5.47466,41.66635],[-5.47313,41.66733],[-5.47612,41.66976],[-5.47801,41.66928],[-5.47992,41.66992],[-5.4784,41.67296],[-5.47824,41.67434],[-5.48034,41.67508],[-5.47991,41.6757],[-5.48372,41.67895],[-5.485,41.679],[-5.48595,41.67966],[-5.48569,41.68106],[-5.48583,41.68188],[-5.48511,41.68253]]]}},{"type":"Feature","properties":{"COD_POSTAL":"49717"},"geometry":{"type":"MultiPolygon","coordinates":[[[[-5.67784,41.27932],[-5.67698,41.27672],[-5.67283,41.27171],[-5.67106,41.2702],[-5.66825,41.26694],[-5.6648,41.27239],[-5.66402,41.27467],[-5.66221,41.27798],[-5.65803,41.28401],[-5.65234,41.2848],[-5.64877,41.2857],[-5.64758,41.28628],[-5.64588,41.28801],[-5.64552,41.28933],[-5.64467,41.29062],[-5.64429,41.29246],[-5.64189,41.29309],[-5.63868,41.2948],[-5.6348,41.29746],[-5.63608,41.29929],[-5.63671,41.29979],[-5.6376,41.29983],[-5.63804,41.30137],[-5.64074,41.30249],[-5.64391,41.30448],[-5.64487,41.30459],[-5.64497,41.30557],[-5.64435,41.30699],[-5.64305,41.30882],[-5.64288,41.31003],[-5.64295,41.31163],[-5.64387,41.31315],[-5.65207,41.31764],[-5.65427,41.31848],[-5.65509,41.31968],[-5.65697,41.32056],[-5.65862,41.32171],[-5.66082,41.32536],[-5.66213,41.32605],[-5.66807,41.32358],[-5.67066,41.32301],[-5.67166,41.32243],[-5.68029,41.31476],[-5.68503,41.31287],[-5.68485,41.30994],[-5.68353,41.30458],[-5.68384,41.30277],[-5.68376,41.30122],[-5.68274,41.29973],[-5.68107,41.29645],[-5.6795,41.29524],[-5.67828,41.29357],[-5.6776,41.29134],[-5.678,41.28967],[-5.67794,41.28864],[-5.67739,41.28728],[-5.67704,41.28513],[-5.67733,41.2819],[-5.67795,41.27985],[-5.67784,41.27932]]],[[[-5.59062,41.32363],[-5.58812,41.32311],[-5.58516,41.32296],[-5.58256,41.32201],[-5.57969,41.32142],[-5.57228,41.3191],[-5.56008,41.31509],[-5.54519,41.30966],[-5.53329,41.30467],[-5.52967,41.30873],[-5.52764,41.3114],[-5.5269,41.31207],[-5.52573,41.31247],[-5.52451,41.3136],[-5.52323,41.31526],[-5.51768,41.31718],[-5.51421,41.31885],[-5.51197,41.32047],[-5.50765,41.32219],[-5.50864,41.32369],[-5.51719,41.3194],[-5.5189,41.32053],[-5.51496,41.32223],[-5.51777,41.32283],[-5.51485,41.32464],[-5.5152,41.32655],[-5.51772,41.33224],[-5.52303,41.33824],[-5.53223,41.34468],[-5.53441,41.34686],[-5.53527,41.34829],[-5.53742,41.35047],[-5.54338,41.35123],[-5.54534,41.35181],[-5.55011,41.35537],[-5.55043,41.35594],[-5.55154,41.35678],[-5.5513,41.35734],[-5.55243,41.3584],[-5.55632,41.36086],[-5.56008,41.36396],[-5.56179,41.36024],[-5.56288,41.35994],[-5.56316,41.35955],[-5.56387,41.35949],[-5.56413,41.35888],[-5.56647,41.35725],[-5.56765,41.35603],[-5.56783,41.35524],[-5.56871,41.354],[-5.57088,41.35211],[-5.57167,41.35193],[-5.57421,41.35257],[-5.57626,41.35084],[-5.57792,41.35062],[-5.57837,41.35105],[-5.57841,41.34946],[-5.58076,41.34962],[-5.58086,41.34884],[-5.5819,41.34885],[-5.58247,41.34986],[-5.58457,41.35005],[-5.5845,41.34894],[-5.58636,41.34891],[-5.58639,41.34862],[-5.58575,41.34846],[-5.58551,41.3479],[-5.58647,41.34736],[-5.58769,41.34614],[-5.58848,41.34592],[-5.58911,41.34671],[-5.58985,41.34646],[-5.58964,41.34508],[-5.59096,41.34491],[-5.59865,41.33987],[-5.5994,41.33769],[-5.60051,41.33646],[-5.6005,41.33498],[-5.60254,41.33177],[-5.60337,41.32692],[-5.59062,41.32363]]]]}},{"type":"Feature","properties":{"COD_POSTAL":"49011"},"geometry":{"type":"Polygon","coordinates":[[[-5.73984,41.51013],[-5.73949,41.51044],[-5.73925,41.51035],[-5.74022,41.50946],[-5.7394,41.50956],[-5.7386,41.51017],[-5.73837,41.51008],[-5.73695,41.51136],[-5.73842,41.51208],[-5.73997,41.51241],[-5.74061,41.51182],[-5.74081,41.51103],[-5.74081,41.51074],[-5.74049,41.511],[-5.7402,41.51082],[-5.74074,41.50986],[-5.74034,41.50967],[-5.73984,41.51013]]]}},{"type":"Feature","properties":{"COD_POSTAL":"49137"},"geometry":{"type":"Polygon","coordinates":[[[-5.69099,41.78333],[-5.69011,41.78342],[-5.68937,41.78211],[-5.68609,41.7822],[-5.68531,41.78174],[-5.68297,41.78138],[-5.68151,41.78152],[-5.67926,41.78214],[-5.67571,41.77658],[-5.67451,41.7752],[-5.67499,41.7735],[-5.67272,41.77192],[-5.67208,41.77181],[-5.67183,41.77029],[-5.66973,41.76908],[-5.6688,41.76783],[-5.66834,41.76602],[-5.66743,41.76599],[-5.66839,41.76351],[-5.66863,41.76226],[-5.66855,41.75946],[-5.66591,41.75898],[-5.66571,41.75767],[-5.66438,41.75717],[-5.66369,41.75604],[-5.66304,41.75369],[-5.66006,41.75182],[-5.65952,41.75103],[-5.65564,41.748],[-5.65517,41.7474],[-5.65398,41.74721],[-5.65349,41.74573],[-5.65152,41.74568],[-5.65089,41.74478],[-5.6465,41.7424],[-5.64651,41.74184],[-5.64493,41.74109],[-5.64516,41.74172],[-5.64508,41.74337],[-5.64298,41.74841],[-5.64257,41.75104],[-5.64298,41.75345],[-5.64343,41.75446],[-5.6436,41.75655],[-5.64351,41.75813],[-5.64293,41.76031],[-5.64163,41.76244],[-5.63667,41.76193],[-5.63366,41.76304],[-5.63353,41.76995],[-5.63382,41.77237],[-5.63054,41.77646],[-5.62585,41.78062],[-5.62516,41.78069],[-5.62056,41.78245],[-5.61727,41.78314],[-5.61474,41.78415],[-5.60775,41.78593],[-5.60125,41.78667],[-5.59138,41.78663],[-5.59505,41.7895],[-5.60941,41.79829],[-5.61716,41.8023],[-5.62272,41.80429],[-5.6268,41.80843],[-5.62271,41.81178],[-5.62408,41.81306],[-5.62459,41.81489],[-5.62362,41.81663],[-5.62238,41.82089],[-5.62757,41.82218],[-5.62995,41.82482],[-5.6325,41.82613],[-5.63308,41.82564],[-5.64556,41.83112],[-5.64921,41.83355],[-5.65202,41.8367],[-5.65786,41.83775],[-5.66124,41.841],[-5.66456,41.8447],[-5.66741,41.84719],[-5.66974,41.84642],[-5.67656,41.8416],[-5.67959,41.83993],[-5.68925,41.83621],[-5.68987,41.83617],[-5.6916,41.83509],[-5.6959,41.83356],[-5.69895,41.83208],[-5.7006,41.83118],[-5.70271,41.82924],[-5.70779,41.82634],[-5.70194,41.82609],[-5.70162,41.82449],[-5.69858,41.81497],[-5.69709,41.8133],[-5.69657,41.81221],[-5.69529,41.80852],[-5.69494,41.80674],[-5.69473,41.8025],[-5.69894,41.7947],[-5.69785,41.79499],[-5.69059,41.79051],[-5.69274,41.78892],[-5.69671,41.78659],[-5.69689,41.78475],[-5.69111,41.78433],[-5.69099,41.78333]]]}},{"type":"Feature","properties":{"COD_POSTAL":"49625"},"geometry":{"type":"Polygon","coordinates":[[[-5.91558,41.99725],[-5.92723,41.99985],[-5.93243,41.99957],[-5.94007,41.99957],[-5.94099,41.99891],[-5.94482,41.99887],[-5.94629,41.99842],[-5.94819,41.99821],[-5.95016,41.99724],[-5.95351,41.99718],[-5.95624,41.99575],[-5.95949,41.99446],[-5.9568,41.99387],[-5.95482,41.99382],[-5.95201,41.993],[-5.94873,41.99161],[-5.94758,41.99061],[-5.94714,41.98991],[-5.94645,41.99019],[-5.93923,41.97889],[-5.9395,41.97814],[-5.94222,41.97699],[-5.94276,41.97618],[-5.94286,41.97128],[-5.94186,41.96707],[-5.93974,41.96109],[-5.93936,41.95684],[-5.93699,41.96122],[-5.92736,41.96232],[-5.92202,41.9647],[-5.92044,41.96481],[-5.92024,41.96588],[-5.91978,41.96681],[-5.91397,41.97069],[-5.90876,41.98617],[-5.91392,41.99492],[-5.91558,41.99725]]]}},{"type":"Feature","properties":{"COD_POSTAL":"49715"},"geometry":{"type":"Polygon","coordinates":[[[-5.58457,41.35005],[-5.58247,41.34986],[-5.5819,41.34885],[-5.58086,41.34884],[-5.58076,41.34962],[-5.57841,41.34946],[-5.57837,41.35105],[-5.57792,41.35062],[-5.57626,41.35084],[-5.57421,41.35257],[-5.57167,41.35193],[-5.57088,41.35211],[-5.56871,41.354],[-5.56783,41.35524],[-5.56765,41.35603],[-5.56647,41.35725],[-5.56413,41.35888],[-5.56387,41.35949],[-5.56316,41.35955],[-5.56288,41.35994],[-5.56179,41.36024],[-5.56008,41.36396],[-5.56069,41.36444],[-5.56039,41.36897],[-5.56288,41.37188],[-5.56485,41.37341],[-5.56598,41.37396],[-5.57199,41.38002],[-5.57827,41.38241],[-5.58164,41.38205],[-5.58424,41.38228],[-5.58427,41.3833],[-5.58392,41.38485],[-5.58428,41.38596],[-5.58376,41.38776],[-5.58377,41.3895],[-5.58295,41.39214],[-5.58697,41.39372],[-5.58863,41.394],[-5.59014,41.3958],[-5.59025,41.39506],[-5.59197,41.3935],[-5.59785,41.39097],[-5.60056,41.38912],[-5.60435,41.38612],[-5.60606,41.38437],[-5.61023,41.38109],[-5.61149,41.38035],[-5.61247,41.379],[-5.61618,41.37591],[-5.62337,41.37338],[-5.62425,41.37108],[-5.62411,41.36882],[-5.62586,41.36727],[-5.6261,41.36642],[-5.62864,41.36424],[-5.63041,41.35576],[-5.62862,41.35673],[-5.62531,41.3595],[-5.62328,41.35866],[-5.62089,41.3573],[-5.61898,41.35585],[-5.61581,41.35487],[-5.61336,41.35311],[-5.61024,41.35008],[-5.60855,41.34684],[-5.60917,41.34682],[-5.60865,41.34642],[-5.60631,41.34294],[-5.6047,41.34214],[-5.60141,41.34116],[-5.59983,41.34018],[-5.59865,41.33987],[-5.59096,41.34491],[-5.58964,41.34508],[-5.58985,41.34646],[-5.58911,41.34671],[-5.58848,41.34592],[-5.58769,41.34614],[-5.58647,41.34736],[-5.58551,41.3479],[-5.58575,41.34846],[-5.58639,41.34862],[-5.58636,41.34891],[-5.5845,41.34894],[-5.58457,41.35005]]]}},{"type":"Feature","properties":{"COD_POSTAL":"49140"},"geometry":{"type":"Polygon","coordinates":[[[-5.94543,41.89769],[-5.946,41.89794],[-5.95242,41.89817],[-5.95621,41.89569],[-5.95731,41.89541],[-5.95834,41.89396],[-5.96141,41.89159],[-5.962,41.89062],[-5.96191,41.88844],[-5.95962,41.88305],[-5.95987,41.88138],[-5.97474,41.87613],[-5.97574,41.87598],[-5.97799,41.87659],[-5.98747,41.87536],[-6.01085,41.87057],[-6.01903,41.86921],[-6.03921,41.87652],[-6.04851,41.87387],[-6.04989,41.87037],[-6.06899,41.86095],[-6.07735,41.86104],[-6.07845,41.86057],[-6.07908,41.86119],[-6.08025,41.86128],[-6.08786,41.86555],[-6.10642,41.87274],[-6.11924,41.86829],[-6.13313,41.87358],[-6.14416,41.87326],[-6.15204,41.87091],[-6.14335,41.8658],[-6.12112,41.85443],[-6.11984,41.85409],[-6.1092,41.84807],[-6.11094,41.84375],[-6.10742,41.83842],[-6.10638,41.83804],[-6.10084,41.83827],[-6.08579,41.84213],[-6.0806,41.83947],[-6.07713,41.8373],[-6.07652,41.83717],[-6.07458,41.8374],[-6.06811,41.83584],[-6.06481,41.84031],[-6.06141,41.84099],[-6.05773,41.84031],[-6.04263,41.83355],[-6.0404,41.83345],[-6.03824,41.83174],[-6.03636,41.82988],[-6.03412,41.82702],[-6.0296,41.82455],[-6.02927,41.82078],[-6.02948,41.81845],[-6.02818,41.81772],[-6.02367,41.81419],[-6.02246,41.8129],[-6.02185,41.8118],[-6.02052,41.81048],[-6.02063,41.81027],[-6.02015,41.80961],[-6.0192,41.80975],[-6.01339,41.80739],[-6.01144,41.80712],[-6.01037,41.80655],[-6.00477,41.80457],[-6.00265,41.80462],[-5.99528,41.80208],[-5.99298,41.80233],[-5.99185,41.8015],[-5.98697,41.79938],[-5.98353,41.79837],[-5.97996,41.79687],[-5.97687,41.79595],[-5.96516,41.79067],[-5.96372,41.79084],[-5.96194,41.78929],[-5.95922,41.78772],[-5.95391,41.78846],[-5.95296,41.78927],[-5.93949,41.7965],[-5.92746,41.80348],[-5.92696,41.80691],[-5.92242,41.81151],[-5.91524,41.815],[-5.91952,41.82585],[-5.91994,41.82756],[-5.91923,41.83075],[-5.92149,41.83211],[-5.92186,41.83268],[-5.92162,41.83352],[-5.92158,41.83998],[-5.92099,41.84187],[-5.92102,41.84422],[-5.91972,41.84984],[-5.91979,41.8516],[-5.92129,41.85778],[-5.92263,41.85949],[-5.92318,41.8616],[-5.92645,41.864],[-5.92823,41.86729],[-5.93015,41.86945],[-5.93106,41.87339],[-5.93326,41.87583],[-5.93151,41.87602],[-5.9289,41.87586],[-5.9228,41.87484],[-5.91859,41.87483],[-5.91667,41.87396],[-5.91455,41.87378],[-5.91166,41.87286],[-5.90817,41.87286],[-5.906,41.87257],[-5.90427,41.87195],[-5.90343,41.87195],[-5.90173,41.8715],[-5.89959,41.87148],[-5.89854,41.8725],[-5.89652,41.87539],[-5.89588,41.87585],[-5.89066,41.87785],[-5.88788,41.87988],[-5.88731,41.88048],[-5.88717,41.88175],[-5.88665,41.88229],[-5.88597,41.88272],[-5.88443,41.88275],[-5.88247,41.88415],[-5.88167,41.88426],[-5.88087,41.88486],[-5.87954,41.8853],[-5.88239,41.88594],[-5.887,41.88743],[-5.89067,41.88801],[-5.8954,41.88779],[-5.89923,41.88691],[-5.90037,41.88637],[-5.90347,41.88592],[-5.90467,41.88532],[-5.90555,41.88796],[-5.907,41.88763],[-5.91122,41.8877],[-5.91324,41.88734],[-5.91619,41.88728],[-5.9209,41.88678],[-5.92659,41.88741],[-5.92874,41.88812],[-5.92849,41.8901],[-5.92953,41.89016],[-5.92904,41.89098],[-5.93102,41.89254],[-5.9366,41.89584],[-5.93752,41.89565],[-5.9428,41.89788],[-5.94371,41.89781],[-5.94543,41.89769]]]}},{"type":"Feature","properties":{"COD_POSTAL":"49346"},"geometry":{"type":"Polygon","coordinates":[[[-6.40492,42.10917],[-6.40151,42.11149],[-6.41485,42.12333],[-6.42801,42.13133],[-6.43362,42.13163],[-6.43517,42.12875],[-6.4343,42.12367],[-6.43705,42.1202],[-6.43568,42.11517],[-6.43615,42.11148],[-6.43555,42.11082],[-6.43594,42.11036],[-6.43706,42.11016],[-6.40449,42.08942],[-6.3834,42.06729],[-6.38133,42.06758],[-6.38181,42.06988],[-6.37775,42.07538],[-6.37799,42.0787],[-6.37969,42.08346],[-6.38067,42.08787],[-6.37827,42.09086],[-6.39188,42.10294],[-6.39695,42.098],[-6.40065,42.097],[-6.40705,42.10145],[-6.41125,42.10405],[-6.40536,42.10729],[-6.40492,42.10917]]]}},{"type":"Feature","properties":{"COD_POSTAL":"49780"},"geometry":{"type":"Polygon","coordinates":[[[-5.66627,42.11768],[-5.67168,42.1207],[-5.67677,42.12034],[-5.69178,42.12012],[-5.6978,42.12077],[-5.70408,42.11905],[-5.707,42.1175],[-5.71081,42.1162],[-5.71751,42.115],[-5.72299,42.11466],[-5.73453,42.11452],[-5.73621,42.11421],[-5.73732,42.11372],[-5.73953,42.11378],[-5.74129,42.11336],[-5.74295,42.11334],[-5.74739,42.11601],[-5.75283,42.113],[-5.75163,42.10667],[-5.75433,42.10521],[-5.75908,42.10176],[-5.76598,42.09932],[-5.76999,42.09703],[-5.7702,42.09337],[-5.76932,42.0921],[-5.76537,42.09106],[-5.76518,42.08984],[-5.76476,42.08931],[-5.76396,42.0886],[-5.76274,42.08814],[-5.76366,42.085],[-5.76319,42.08346],[-5.76252,42.08271],[-5.76011,42.08162],[-5.75716,42.08083],[-5.75374,42.08113],[-5.75028,42.07936],[-5.74845,42.0807],[-5.7494,42.08297],[-5.75172,42.08431],[-5.75253,42.08518],[-5.75232,42.08574],[-5.7389,42.09641],[-5.7346,42.09635],[-5.72856,42.09683],[-5.72566,42.09792],[-5.72326,42.09826],[-5.71248,42.10249],[-5.70287,42.10691],[-5.6881,42.11028],[-5.67704,42.11162],[-5.67416,42.11102],[-5.6713,42.11105],[-5.66901,42.11067],[-5.66635,42.11079],[-5.66609,42.11381],[-5.66644,42.11526],[-5.66627,42.11768]]]}},{"type":"Feature","properties":{"COD_POSTAL":"49573"},"geometry":{"type":"Polygon","coordinates":[[[-6.91475,42.09021],[-6.91722,42.0891],[-6.92121,42.08672],[-6.92747,42.08386],[-6.9318,42.08675],[-6.94256,42.08386],[-6.94481,42.08193],[-6.95795,42.07233],[-6.97119,42.05454],[-6.9744,42.05603],[-6.9747,42.05567],[-6.97466,42.05072],[-6.97409,42.0423],[-6.9731,42.03911],[-6.96467,42.03368],[-6.96483,42.03254],[-6.96457,42.0315],[-6.96285,42.02922],[-6.9611,42.02791],[-6.96114,42.0272],[-6.95873,42.0263],[-6.95218,42.02314],[-6.93675,42.00973],[-6.9329,42.0094],[-6.92213,42.01305],[-6.91378,42.04794],[-6.91141,42.06969],[-6.91475,42.09021]]]}},{"type":"Feature","properties":{"COD_POSTAL":"49770"},"geometry":{"type":"Polygon","coordinates":[[[-5.70733,42.06089],[-5.74275,42.07133],[-5.74262,42.07095],[-5.7435,42.07045],[-5.74364,42.07015],[-5.74398,42.06822],[-5.74255,42.06679],[-5.74309,42.06511],[-5.74313,42.06406],[-5.74253,42.0625],[-5.74316,42.06202],[-5.74368,42.06053],[-5.74434,42.05982],[-5.74619,42.05855],[-5.74813,42.05613],[-5.7491,42.05614],[-5.7511,42.05443],[-5.75121,42.05411],[-5.74844,42.05234],[-5.74672,42.05231],[-5.74603,42.052],[-5.74582,42.05146],[-5.74616,42.05016],[-5.74591,42.04979],[-5.74288,42.04999],[-5.74162,42.04938],[-5.74083,42.04818],[-5.74082,42.04662],[-5.73989,42.0461],[-5.74018,42.04495],[-5.7394,42.04219],[-5.73773,42.04013],[-5.73655,42.03952],[-5.73576,42.04034],[-5.7303,42.04218],[-5.72535,42.04103],[-5.72409,42.04045],[-5.72088,42.04023],[-5.71986,42.04203],[-5.71457,42.04536],[-5.7101,42.04538],[-5.70776,42.04615],[-5.70417,42.04795],[-5.69736,42.04512],[-5.69652,42.04296],[-5.69395,42.04098],[-5.69288,42.03941],[-5.69198,42.04252],[-5.68837,42.04396],[-5.68693,42.04375],[-5.68402,42.04443],[-5.6823,42.04446],[-5.68045,42.04515],[-5.68014,42.04542],[-5.68023,42.04658],[-5.67937,42.04991],[-5.70733,42.06089]]]}},{"type":"Feature","properties":{"COD_POSTAL":"49550"},"geometry":{"type":"Polygon","coordinates":[[[-6.0192,41.80975],[-6.02015,41.80961],[-6.02044,41.80983],[-6.02052,41.81048],[-6.02185,41.8118],[-6.02246,41.8129],[-6.02367,41.81419],[-6.02818,41.81772],[-6.02948,41.81845],[-6.02927,41.82078],[-6.0296,41.82455],[-6.03412,41.82702],[-6.03636,41.82988],[-6.0404,41.83345],[-6.04263,41.83355],[-6.05773,41.84031],[-6.06141,41.84099],[-6.06481,41.84031],[-6.06811,41.83584],[-6.07458,41.8374],[-6.07652,41.83717],[-6.07713,41.8373],[-6.0806,41.83947],[-6.08579,41.84213],[-6.10084,41.83827],[-6.10638,41.83804],[-6.10413,41.83659],[-6.1095,41.82559],[-6.11025,41.8235],[-6.11059,41.81979],[-6.11052,41.81614],[-6.11165,41.8106],[-6.11253,41.80916],[-6.10546,41.80554],[-6.10028,41.79816],[-6.10008,41.79422],[-6.10826,41.78823],[-6.11116,41.78491],[-6.11201,41.78339],[-6.11681,41.77902],[-6.11512,41.77274],[-6.11329,41.76827],[-6.10839,41.76293],[-6.09614,41.74861],[-6.09392,41.74568],[-6.09608,41.74199],[-6.09132,41.73916],[-6.08547,41.73702],[-6.085,41.73611],[-6.07949,41.73555],[-6.07283,41.73566],[-6.06516,41.7322],[-6.06403,41.73146],[-6.0476,41.7365],[-6.04543,41.73613],[-6.04189,41.73656],[-6.03315,41.73652],[-6.03357,41.73755],[-6.03839,41.73997],[-6.03681,41.74187],[-6.03779,41.74916],[-6.03651,41.7528],[-6.03561,41.75441],[-6.03206,41.75881],[-6.03129,41.76067],[-6.02972,41.76282],[-6.03199,41.76563],[-6.03375,41.77059],[-6.03331,41.77323],[-6.03216,41.77616],[-6.03208,41.77915],[-6.03921,41.78843],[-6.02547,41.80115],[-6.01855,41.80948],[-6.0192,41.80975]]]}},{"type":"Feature","properties":{"COD_POSTAL":"49015"},"geometry":{"type":"Polygon","coordinates":[[[-5.74096,41.50732],[-5.74306,41.50595],[-5.74291,41.50583],[-5.74348,41.50569],[-5.74377,41.50546],[-5.74365,41.50527],[-5.74195,41.50627],[-5.74075,41.50439],[-5.7401,41.50452],[-5.74014,41.50577],[-5.73978,41.50595],[-5.74081,41.50721],[-5.74096,41.50732]]]}},{"type":"Feature","properties":{"COD_POSTAL":"49693"},"geometry":{"type":"Polygon","coordinates":[[[-5.74845,42.0807],[-5.75028,42.07936],[-5.75374,42.08113],[-5.75716,42.08083],[-5.76011,42.08162],[-5.76252,42.08271],[-5.76319,42.08346],[-5.76366,42.085],[-5.76274,42.08814],[-5.76396,42.0886],[-5.76476,42.08931],[-5.76518,42.08984],[-5.76537,42.09106],[-5.76932,42.0921],[-5.7698,42.09262],[-5.7702,42.09337],[-5.76999,42.09703],[-5.77385,42.09844],[-5.77574,42.09841],[-5.77914,42.09767],[-5.77976,42.09701],[-5.78053,42.09676],[-5.78163,42.09682],[-5.78366,42.08385],[-5.7867,42.08059],[-5.79652,42.07689],[-5.80047,42.07176],[-5.80153,42.07075],[-5.80183,42.06942],[-5.80104,42.06834],[-5.80359,42.06582],[-5.8066,42.06472],[-5.81197,42.06393],[-5.82054,42.05899],[-5.82464,42.05704],[-5.83153,42.05038],[-5.82558,42.04636],[-5.82323,42.04542],[-5.82149,42.044],[-5.81778,42.04236],[-5.80696,42.04005],[-5.80114,42.04027],[-5.79939,42.04009],[-5.78963,42.03773],[-5.78543,42.03728],[-5.78527,42.03889],[-5.78372,42.04058],[-5.78322,42.04219],[-5.77891,42.04619],[-5.77409,42.04838],[-5.77239,42.04848],[-5.77154,42.04877],[-5.76704,42.05164],[-5.75576,42.05557],[-5.75457,42.05647],[-5.75219,42.05631],[-5.74931,42.0571],[-5.74902,42.05787],[-5.74813,42.05613],[-5.74619,42.05855],[-5.74434,42.05982],[-5.74368,42.06053],[-5.74316,42.06202],[-5.74253,42.0625],[-5.74313,42.06406],[-5.74309,42.06511],[-5.74255,42.06679],[-5.74398,42.06822],[-5.7435,42.07045],[-5.74262,42.07095],[-5.74461,42.07668],[-5.74899,42.07577],[-5.74783,42.07941],[-5.74845,42.0807]]]}},{"type":"Feature","properties":{"COD_POSTAL":"49026"},"geometry":{"type":"Polygon","coordinates":[[[-5.95466,41.57416],[-5.95562,41.57365],[-5.95817,41.5733],[-5.95948,41.5735],[-5.96944,41.5705],[-5.96885,41.56957],[-5.9686,41.56696],[-5.97162,41.56303],[-5.97632,41.55594],[-5.97753,41.55349],[-5.97658,41.55369],[-5.97181,41.55342],[-5.96835,41.55208],[-5.96479,41.55134],[-5.95918,41.54717],[-5.95726,41.54805],[-5.95539,41.54721],[-5.95424,41.54762],[-5.9485,41.5471],[-5.94728,41.54661],[-5.94625,41.5442],[-5.94094,41.54015],[-5.93536,41.5365],[-5.93596,41.53468],[-5.93589,41.53421],[-5.93504,41.5333],[-5.93288,41.53254],[-5.93174,41.53266],[-5.93054,41.53322],[-5.92864,41.53092],[-5.92768,41.53025],[-5.92592,41.53028],[-5.92502,41.52974],[-5.92178,41.52905],[-5.92038,41.52853],[-5.91723,41.52842],[-5.91541,41.52945],[-5.91507,41.53058],[-5.91164,41.53073],[-5.91005,41.53039],[-5.90886,41.53042],[-5.90749,41.52973],[-5.90623,41.52941],[-5.90458,41.53025],[-5.90355,41.53042],[-5.90268,41.52999],[-5.89933,41.53045],[-5.89551,41.53049],[-5.89369,41.52889],[-5.89074,41.52956],[-5.89029,41.52911],[-5.88873,41.52846],[-5.88736,41.52836],[-5.88506,41.52893],[-5.88468,41.5294],[-5.8843,41.53083],[-5.88329,41.5322],[-5.88068,41.5344],[-5.87666,41.53133],[-5.87378,41.52767],[-5.87064,41.5253],[-5.86578,41.52292],[-5.86421,41.5195],[-5.86194,41.51913],[-5.85963,41.51808],[-5.8566,41.51297],[-5.85587,41.51063],[-5.85574,41.50665],[-5.85638,41.50413],[-5.85814,41.50169],[-5.8643,41.49615],[-5.86588,41.49343],[-5.86449,41.48954],[-5.86311,41.48746],[-5.86287,41.48581],[-5.8639,41.48082],[-5.86425,41.47572],[-5.8638,41.47368],[-5.86161,41.47087],[-5.85958,41.46929],[-5.85435,41.46695],[-5.85216,41.46656],[-5.8474,41.46709],[-5.84292,41.46889],[-5.83791,41.46963],[-5.83314,41.47353],[-5.82976,41.47769],[-5.82945,41.47767],[-5.82478,41.4827],[-5.82088,41.48602],[-5.81339,41.4868],[-5.80825,41.48992],[-5.80233,41.49474],[-5.79641,41.49845],[-5.78588,41.50009],[-5.78002,41.49926],[-5.77347,41.49719],[-5.77035,41.49694],[-5.76465,41.4956],[-5.76013,41.49379],[-5.7536,41.49697],[-5.74944,41.4999],[-5.74856,41.5002],[-5.74875,41.50076],[-5.74986,41.50063],[-5.75031,41.50095],[-5.75049,41.50082],[-5.75028,41.5005],[-5.75066,41.50039],[-5.75021,41.5004],[-5.75023,41.49989],[-5.75238,41.4985],[-5.75538,41.49845],[-5.75655,41.49877],[-5.75696,41.49962],[-5.75652,41.5003],[-5.7539,41.50116],[-5.75344,41.50083],[-5.75255,41.50124],[-5.75175,41.5019],[-5.7517,41.50267],[-5.75033,41.50398],[-5.75092,41.50435],[-5.75178,41.50369],[-5.75203,41.50379],[-5.75252,41.50348],[-5.75235,41.50268],[-5.75266,41.50242],[-5.75325,41.50273],[-5.75292,41.50347],[-5.75348,41.50344],[-5.75569,41.50229],[-5.7538,41.50343],[-5.75536,41.50477],[-5.75679,41.50668],[-5.75664,41.50784],[-5.75538,41.50869],[-5.75405,41.50908],[-5.75416,41.51028],[-5.7547,41.51115],[-5.76,41.51052],[-5.769,41.5129],[-5.77478,41.52293],[-5.77399,41.53505],[-5.77554,41.53505],[-5.77799,41.53338],[-5.77865,41.53332],[-5.77941,41.53272],[-5.78013,41.53277],[-5.78302,41.531],[-5.79354,41.52635],[-5.79579,41.5277],[-5.8011,41.52908],[-5.80267,41.52989],[-5.80584,41.53046],[-5.80615,41.53113],[-5.80635,41.53283],[-5.80677,41.53314],[-5.80709,41.53384],[-5.80677,41.53648],[-5.80696,41.53861],[-5.80861,41.54079],[-5.80885,41.54214],[-5.81191,41.54393],[-5.81239,41.54458],[-5.81286,41.54669],[-5.81356,41.54776],[-5.81715,41.55093],[-5.81748,41.55163],[-5.82301,41.55241],[-5.82449,41.55224],[-5.8353,41.54906],[-5.83782,41.54759],[-5.8384,41.5468],[-5.84114,41.54541],[-5.84172,41.54446],[-5.84264,41.5437],[-5.84377,41.54344],[-5.84582,41.54339],[-5.84913,41.54214],[-5.85435,41.54187],[-5.85437,41.54135],[-5.85553,41.54132],[-5.85565,41.54209],[-5.85622,41.54267],[-5.86125,41.54359],[-5.86203,41.54418],[-5.86191,41.5458],[-5.86209,41.54683],[-5.8627,41.54818],[-5.86275,41.55023],[-5.86327,41.55189],[-5.86458,41.55376],[-5.86749,41.55567],[-5.86788,41.55618],[-5.86981,41.55958],[-5.86984,41.56029],[-5.87034,41.56097],[-5.87057,41.56321],[-5.87227,41.56358],[-5.8736,41.56422],[-5.87692,41.56397],[-5.88081,41.56474],[-5.88432,41.56688],[-5.88553,41.56837],[-5.8894,41.57131],[-5.89246,41.57172],[-5.89339,41.57159],[-5.8966,41.56925],[-5.8974,41.56835],[-5.89874,41.56772],[-5.90191,41.5654],[-5.90678,41.56581],[-5.90835,41.56615],[-5.91355,41.56958],[-5.92063,41.5712],[-5.92362,41.57167],[-5.93517,41.57234],[-5.93981,41.57323],[-5.94243,41.57349],[-5.94363,41.57334],[-5.94707,41.57408],[-5.94888,41.57408],[-5.9508,41.57372],[-5.95351,41.57388],[-5.95466,41.57416]]]}},{"type":"Feature","properties":{"COD_POSTAL":"49521"},"geometry":{"type":"Polygon","coordinates":[[[-6.54598,41.93068],[-6.54648,41.93069],[-6.54818,41.92947],[-6.54892,41.92925],[-6.54962,41.92934],[-6.54945,41.92864],[-6.54778,41.92794],[-6.54758,41.92735],[-6.54904,41.92699],[-6.55004,41.92562],[-6.54961,41.92486],[-6.54861,41.92393],[-6.55,41.92167],[-6.55321,41.91779],[-6.5578,41.91036],[-6.5568,41.90749],[-6.55953,41.90089],[-6.5611,41.89601],[-6.56587,41.89427],[-6.56639,41.89207],[-6.56963,41.88734],[-6.57119,41.88362],[-6.56386,41.88149],[-6.5552,41.87958],[-6.55118,41.8794],[-6.5444,41.87839],[-6.53805,41.87665],[-6.52599,41.87568],[-6.5231,41.87568],[-6.52104,41.87536],[-6.51794,41.87537],[-6.51582,41.87127],[-6.51577,41.87073],[-6.51687,41.86905],[-6.51808,41.86762],[-6.51976,41.86618],[-6.51973,41.8649],[-6.52103,41.86374],[-6.52238,41.86319],[-6.52472,41.86154],[-6.52548,41.86074],[-6.5259,41.85959],[-6.52342,41.85732],[-6.52233,41.85425],[-6.52273,41.85332],[-6.52393,41.85198],[-6.52693,41.85044],[-6.52838,41.84676],[-6.5263,41.84405],[-6.526,41.84252],[-6.52796,41.84153],[-6.53097,41.83762],[-6.53208,41.83517],[-6.53203,41.83345],[-6.53107,41.83247],[-6.52915,41.83159],[-6.52879,41.8308],[-6.52908,41.8301],[-6.53006,41.82952],[-6.53015,41.8291],[-6.52896,41.82866],[-6.52847,41.82817],[-6.52954,41.8277],[-6.53121,41.82461],[-6.53157,41.82342],[-6.53112,41.82262],[-6.52796,41.82175],[-6.52773,41.82071],[-6.52837,41.82025],[-6.53201,41.82002],[-6.53525,41.81847],[-6.53575,41.81757],[-6.53527,41.81693],[-6.5332,41.81608],[-6.53333,41.81442],[-6.53458,41.8132],[-6.53763,41.81297],[-6.5355,41.81191],[-6.52926,41.81021],[-6.52447,41.80848],[-6.52276,41.80836],[-6.51503,41.80899],[-6.50796,41.80915],[-6.50383,41.80978],[-6.49992,41.81086],[-6.49352,41.81166],[-6.49054,41.81159],[-6.48405,41.80878],[-6.48007,41.81632],[-6.48052,41.81993],[-6.47773,41.82979],[-6.46555,41.82651],[-6.46156,41.82652],[-6.45776,41.82611],[-6.45427,41.82663],[-6.43959,41.82742],[-6.43757,41.82658],[-6.43862,41.80227],[-6.41739,41.806],[-6.41652,41.80567],[-6.41584,41.80448],[-6.4147,41.80408],[-6.41455,41.8033],[-6.41414,41.80303],[-6.41266,41.80322],[-6.41252,41.80279],[-6.41281,41.80215],[-6.41259,41.80186],[-6.41216,41.80224],[-6.4115,41.80229],[-6.40998,41.80128],[-6.40913,41.80167],[-6.40773,41.80182],[-6.40635,41.80107],[-6.4049,41.8011],[-6.40406,41.80087],[-6.40325,41.80014],[-6.39873,41.8059],[-6.35678,41.82665],[-6.35822,41.83098],[-6.35883,41.8323],[-6.3598,41.83355],[-6.36325,41.84453],[-6.36469,41.84818],[-6.38048,41.84861],[-6.38304,41.84899],[-6.39084,41.85195],[-6.39414,41.85363],[-6.39633,41.85403],[-6.40165,41.85643],[-6.40197,41.85689],[-6.40249,41.85973],[-6.40349,41.86163],[-6.41202,41.86038],[-6.41182,41.86059],[-6.43486,41.85661],[-6.45733,41.8593],[-6.46254,41.88052],[-6.46578,41.92222],[-6.46654,41.92278],[-6.47707,41.92378],[-6.48902,41.92457],[-6.49571,41.9239],[-6.5041,41.92366],[-6.53907,41.92517],[-6.54502,41.92991],[-6.54598,41.93068]]]}},{"type":"Feature","properties":{"COD_POSTAL":"49560"},"geometry":{"type":"Polygon","coordinates":[[[-6.3646,41.90869],[-6.38838,41.93675],[-6.39447,41.93028],[-6.39877,41.92438],[-6.40049,41.92242],[-6.40138,41.92097],[-6.4036,41.92164],[-6.40433,41.92271],[-6.40617,41.924],[-6.40722,41.92417],[-6.41153,41.92256],[-6.41236,41.92252],[-6.41314,41.92358],[-6.41704,41.9237],[-6.41822,41.92191],[-6.41821,41.92124],[-6.41361,41.91723],[-6.41142,41.91484],[-6.40828,41.9098],[-6.40618,41.90785],[-6.40569,41.90708],[-6.40583,41.90591],[-6.40782,41.90187],[-6.40787,41.90048],[-6.40898,41.89805],[-6.40962,41.89516],[-6.40939,41.89415],[-6.4095,41.89329],[-6.41024,41.89135],[-6.41041,41.89004],[-6.40932,41.88763],[-6.40859,41.88359],[-6.34811,41.88904],[-6.3646,41.90869]]]}},{"type":"Feature","properties":{"COD_POSTAL":"49708"},"geometry":{"type":"Polygon","coordinates":[[[-5.7859,41.34104],[-5.78601,41.34172],[-5.78577,41.34197],[-5.78385,41.34154],[-5.78296,41.34169],[-5.78048,41.34332],[-5.77898,41.34483],[-5.77163,41.34025],[-5.77156,41.33873],[-5.77106,41.33766],[-5.76986,41.33733],[-5.76838,41.33736],[-5.76611,41.33633],[-5.76492,41.33635],[-5.76451,41.33552],[-5.76475,41.33517],[-5.76466,41.33491],[-5.76342,41.33355],[-5.76084,41.33232],[-5.75855,41.33266],[-5.75751,41.33356],[-5.75601,41.33415],[-5.75279,41.33655],[-5.75085,41.33757],[-5.75297,41.34114],[-5.75086,41.35625],[-5.74882,41.35896],[-5.74748,41.35977],[-5.74554,41.36222],[-5.74501,41.36255],[-5.73877,41.36443],[-5.73407,41.36874],[-5.73202,41.37133],[-5.7252,41.38227],[-5.72527,41.38382],[-5.72711,41.38773],[-5.72715,41.38876],[-5.72746,41.38941],[-5.72901,41.39031],[-5.73215,41.3927],[-5.73408,41.39266],[-5.7369,41.39147],[-5.74492,41.38907],[-5.75087,41.39058],[-5.75537,41.39073],[-5.75596,41.3905],[-5.75746,41.38815],[-5.75849,41.38732],[-5.76016,41.38706],[-5.76243,41.38569],[-5.76549,41.38489],[-5.76934,41.38285],[-5.77107,41.38091],[-5.77266,41.3781],[-5.78038,41.37299],[-5.79301,41.36845],[-5.79367,41.3677],[-5.79622,41.36826],[-5.7982,41.36972],[-5.79948,41.36986],[-5.80087,41.37185],[-5.80187,41.36781],[-5.8001,41.36612],[-5.79876,41.36524],[-5.79811,41.36433],[-5.79862,41.36254],[-5.79966,41.36149],[-5.80011,41.36065],[-5.80373,41.35769],[-5.80463,41.35664],[-5.80473,41.3553],[-5.80815,41.34813],[-5.80811,41.34363],[-5.80699,41.34198],[-5.80655,41.34168],[-5.80543,41.34149],[-5.79789,41.34103],[-5.79374,41.34133],[-5.79027,41.34088],[-5.78871,41.34044],[-5.78856,41.34016],[-5.78682,41.34001],[-5.78657,41.34042],[-5.7859,41.34104]]]}},{"type":"Feature","properties":{"COD_POSTAL":"49029"},"geometry":{"type":"Polygon","coordinates":[[[-5.69034,41.54269],[-5.69259,41.54361],[-5.69467,41.54224],[-5.69638,41.54265],[-5.6969,41.54021],[-5.69837,41.53942],[-5.69973,41.5403],[-5.70053,41.53997],[-5.70119,41.54054],[-5.70261,41.53968],[-5.70448,41.53926],[-5.70635,41.53799],[-5.70839,41.53968],[-5.71015,41.54036],[-5.71017,41.54104],[-5.71118,41.54161],[-5.71244,41.54049],[-5.71322,41.54088],[-5.71392,41.53957],[-5.71758,41.53679],[-5.71991,41.53818],[-5.72246,41.53914],[-5.72698,41.54023],[-5.72748,41.53931],[-5.7285,41.53826],[-5.7293,41.5367],[-5.72954,41.53215],[-5.735,41.53066],[-5.73782,41.53021],[-5.73761,41.52883],[-5.73787,41.52767],[-5.74083,41.52705],[-5.74195,41.5276],[-5.74167,41.52666],[-5.74395,41.5255],[-5.74979,41.52557],[-5.75588,41.52827],[-5.7531,41.51678],[-5.75135,41.51672],[-5.75133,41.51606],[-5.75072,41.51612],[-5.75049,41.51661],[-5.74903,41.51629],[-5.74925,41.51763],[-5.7487,41.51813],[-5.75088,41.51919],[-5.75164,41.52008],[-5.74657,41.52282],[-5.73648,41.52408],[-5.73176,41.52577],[-5.73073,41.52554],[-5.73333,41.52284],[-5.73423,41.52115],[-5.73645,41.5204],[-5.73765,41.51961],[-5.7385,41.51856],[-5.73901,41.51893],[-5.73932,41.51858],[-5.73998,41.51916],[-5.74118,41.5183],[-5.74226,41.51629],[-5.74243,41.51468],[-5.74226,41.51443],[-5.73967,41.51538],[-5.73925,41.51525],[-5.73924,41.51479],[-5.74009,41.51307],[-5.74072,41.51257],[-5.74016,41.51224],[-5.73972,41.51244],[-5.73775,41.51184],[-5.73622,41.51074],[-5.73639,41.51046],[-5.73604,41.51022],[-5.73567,41.51042],[-5.73494,41.50968],[-5.7348,41.50982],[-5.73521,41.51011],[-5.7352,41.51039],[-5.73381,41.51205],[-5.73261,41.51287],[-5.73222,41.51258],[-5.73054,41.51358],[-5.73037,41.51338],[-5.7302,41.5135],[-5.73099,41.51442],[-5.72944,41.51866],[-5.72774,41.51995],[-5.72546,41.52082],[-5.72404,41.51977],[-5.68997,41.54257],[-5.69034,41.54269]]]}},{"type":"Feature","properties":{"COD_POSTAL":"49212"},"geometry":{"type":"Polygon","coordinates":[[[-6.16636,41.36691],[-6.16778,41.37193],[-6.17031,41.37799],[-6.17066,41.38265],[-6.17592,41.39178],[-6.18276,41.39819],[-6.19012,41.4044],[-6.19236,41.40325],[-6.20308,41.39981],[-6.20738,41.3987],[-6.20994,41.39853],[-6.21619,41.40048],[-6.2181,41.40002],[-6.2206,41.39984],[-6.22157,41.39712],[-6.22182,41.39533],[-6.21962,41.39092],[-6.21956,41.38945],[-6.22061,41.38746],[-6.22196,41.38616],[-6.22265,41.38507],[-6.22664,41.38475],[-6.22905,41.38408],[-6.23102,41.38236],[-6.23266,41.38133],[-6.23435,41.38066],[-6.23851,41.37964],[-6.24299,41.37579],[-6.2466,41.37352],[-6.24772,41.37084],[-6.24817,41.36776],[-6.24971,41.36625],[-6.25247,41.36502],[-6.25773,41.36351],[-6.25984,41.36255],[-6.26511,41.35932],[-6.26277,41.35361],[-6.26108,41.35141],[-6.26085,41.35065],[-6.26092,41.34889],[-6.26139,41.34673],[-6.26152,41.34373],[-6.26016,41.34135],[-6.2597,41.33994],[-6.25959,41.33761],[-6.25179,41.33717],[-6.24965,41.33768],[-6.24809,41.33758],[-6.24507,41.33657],[-6.24375,41.33669],[-6.24134,41.33566],[-6.23831,41.33513],[-6.23666,41.3335],[-6.23359,41.33223],[-6.23128,41.33195],[-6.22911,41.33203],[-6.22496,41.33271],[-6.2239,41.33348],[-6.22312,41.33464],[-6.22058,41.3356],[-6.21614,41.33635],[-6.21452,41.33723],[-6.21254,41.33873],[-6.21028,41.34125],[-6.20643,41.34404],[-6.20577,41.34539],[-6.20483,41.34626],[-6.20369,41.34821],[-6.20242,41.35207],[-6.20123,41.354],[-6.19873,41.35931],[-6.19414,41.36058],[-6.19127,41.36234],[-6.19038,41.3632],[-6.18513,41.36215],[-6.17936,41.36259],[-6.1763,41.36238],[-6.17474,41.3625],[-6.17048,41.36351],[-6.16651,41.36415],[-6.16531,41.36475],[-6.1652,41.36534],[-6.16636,41.36691]]]}},{"type":"Feature","properties":{"COD_POSTAL":"49781"},"geometry":{"type":"Polygon","coordinates":[[[-5.74661,42.07626],[-5.74461,42.07668],[-5.74123,42.07838],[-5.74032,42.07628],[-5.73897,42.07427],[-5.72994,42.0772],[-5.71572,42.07871],[-5.71218,42.07993],[-5.70781,42.0821],[-5.69994,42.08434],[-5.69766,42.08384],[-5.69417,42.08473],[-5.68903,42.08562],[-5.68485,42.08581],[-5.67974,42.08703],[-5.67202,42.09123],[-5.67087,42.09157],[-5.66764,42.0934],[-5.66406,42.09497],[-5.66467,42.09942],[-5.66504,42.10026],[-5.66634,42.10698],[-5.66635,42.11079],[-5.66901,42.11067],[-5.6713,42.11105],[-5.67416,42.11102],[-5.67704,42.11162],[-5.6881,42.11028],[-5.70287,42.10691],[-5.71248,42.10249],[-5.72326,42.09826],[-5.72566,42.09792],[-5.72856,42.09683],[-5.7346,42.09635],[-5.7389,42.09641],[-5.75232,42.08574],[-5.75253,42.08518],[-5.75172,42.08431],[-5.7494,42.08297],[-5.74783,42.07941],[-5.74899,42.07577],[-5.74804,42.07597],[-5.74661,42.07626]]]}},{"type":"Feature","properties":{"COD_POSTAL":"49178"},"geometry":{"type":"Polygon","coordinates":[[[-5.82578,41.26653],[-5.82648,41.26719],[-5.82644,41.26768],[-5.82736,41.26891],[-5.82813,41.27108],[-5.83396,41.27533],[-5.83533,41.2775],[-5.83541,41.279],[-5.83571,41.27961],[-5.83677,41.28044],[-5.83787,41.28217],[-5.83814,41.28351],[-5.83794,41.28499],[-5.83696,41.28814],[-5.83609,41.28952],[-5.83483,41.29291],[-5.83456,41.29651],[-5.83296,41.29969],[-5.83239,41.30139],[-5.83337,41.30342],[-5.83509,41.3046],[-5.83534,41.30608],[-5.83244,41.30811],[-5.83155,41.30824],[-5.83152,41.30961],[-5.83405,41.31269],[-5.83535,41.31392],[-5.83691,41.31644],[-5.83811,41.31895],[-5.84283,41.31955],[-5.84482,41.31915],[-5.84558,41.32061],[-5.84976,41.31921],[-5.85155,41.31929],[-5.9009,41.29208],[-5.90367,41.24594],[-5.90257,41.24496],[-5.90071,41.24266],[-5.89926,41.24009],[-5.89767,41.23859],[-5.89669,41.23857],[-5.89526,41.23717],[-5.89348,41.23694],[-5.89131,41.23583],[-5.8884,41.23576],[-5.88476,41.23585],[-5.87867,41.23729],[-5.87692,41.2372],[-5.87607,41.23681],[-5.87236,41.23381],[-5.86933,41.2327],[-5.86617,41.22952],[-5.86524,41.2282],[-5.86467,41.228],[-5.86114,41.22848],[-5.85926,41.2296],[-5.85707,41.23129],[-5.85561,41.23418],[-5.84885,41.2388],[-5.8488,41.24138],[-5.84824,41.24236],[-5.84299,41.24828],[-5.84008,41.2511],[-5.83913,41.25341],[-5.8373,41.25408],[-5.83231,41.25816],[-5.83121,41.2594],[-5.82824,41.26067],[-5.82641,41.26382],[-5.82456,41.2653],[-5.82466,41.26589],[-5.82578,41.26653]]]}},{"type":"Feature","properties":{"COD_POSTAL":"49690"},"geometry":{"type":"Polygon","coordinates":[[[-5.63837,42.08382],[-5.64273,42.084],[-5.64489,42.08333],[-5.64869,42.08293],[-5.65163,42.08173],[-5.65893,42.08221],[-5.6593,42.07946],[-5.65856,42.07787],[-5.66064,42.07755],[-5.66531,42.07767],[-5.6664,42.07696],[-5.66585,42.0758],[-5.66514,42.07572],[-5.66516,42.07537],[-5.6666,42.07542],[-5.66761,42.07479],[-5.66907,42.075],[-5.67083,42.07394],[-5.67187,42.07422],[-5.67306,42.07559],[-5.67356,42.07395],[-5.6752,42.07082],[-5.67574,42.0689],[-5.67514,42.06488],[-5.67732,42.06088],[-5.67793,42.05586],[-5.68023,42.04658],[-5.68014,42.04542],[-5.67843,42.04453],[-5.67829,42.04128],[-5.67775,42.04047],[-5.6779,42.03968],[-5.67756,42.03853],[-5.67762,42.0325],[-5.67935,42.03033],[-5.67638,42.02948],[-5.67369,42.02962],[-5.66783,42.02733],[-5.66103,42.02521],[-5.65944,42.02437],[-5.6603,42.0223],[-5.65895,42.02149],[-5.65312,42.02157],[-5.64839,42.01832],[-5.64724,42.01821],[-5.64663,42.01856],[-5.64397,42.01833],[-5.63996,42.02036],[-5.63634,42.02136],[-5.63302,42.02103],[-5.63001,42.02143],[-5.6292,42.02076],[-5.62784,42.02115],[-5.62724,42.01942],[-5.62736,42.01795],[-5.6258,42.01731],[-5.62497,42.01624],[-5.62171,42.01534],[-5.62065,42.01583],[-5.61916,42.01557],[-5.61889,42.01532],[-5.61951,42.01474],[-5.61914,42.0145],[-5.61851,42.01425],[-5.61695,42.01422],[-5.61566,42.01312],[-5.61165,42.01208],[-5.61256,42.01463],[-5.61243,42.01599],[-5.61318,42.017],[-5.61149,42.01995],[-5.61317,42.02094],[-5.61266,42.02601],[-5.6128,42.02686],[-5.61434,42.03001],[-5.61456,42.03222],[-5.61373,42.03392],[-5.61199,42.03643],[-5.6116,42.03767],[-5.61093,42.04203],[-5.61046,42.04278],[-5.60939,42.04407],[-5.60825,42.04453],[-5.6026,42.04481],[-5.6015,42.04506],[-5.60053,42.04657],[-5.60094,42.04879],[-5.60153,42.04971],[-5.60221,42.05018],[-5.6054,42.05105],[-5.60605,42.05163],[-5.60608,42.05251],[-5.60559,42.05323],[-5.6265,42.06847],[-5.63067,42.08185],[-5.6342,42.0814],[-5.63504,42.08199],[-5.6363,42.08386],[-5.63705,42.08377],[-5.63837,42.08382]]]}},{"type":"Feature","properties":{"COD_POSTAL":"49214"},"geometry":{"type":"Polygon","coordinates":[[[-6.25247,41.36502],[-6.24971,41.36625],[-6.24817,41.36776],[-6.24772,41.37084],[-6.2466,41.37352],[-6.24299,41.37579],[-6.23851,41.37964],[-6.23435,41.38066],[-6.23266,41.38133],[-6.23102,41.38236],[-6.22905,41.38408],[-6.22664,41.38475],[-6.22265,41.38507],[-6.22196,41.38616],[-6.22061,41.38746],[-6.21956,41.38945],[-6.21962,41.39092],[-6.22182,41.39533],[-6.22157,41.39712],[-6.2206,41.39984],[-6.2181,41.40002],[-6.21619,41.40048],[-6.20994,41.39853],[-6.20738,41.3987],[-6.20308,41.39981],[-6.19236,41.40325],[-6.19012,41.4044],[-6.18904,41.40654],[-6.18769,41.40803],[-6.18699,41.40845],[-6.18605,41.41029],[-6.18526,41.4148],[-6.18506,41.41732],[-6.18412,41.42023],[-6.18482,41.4229],[-6.18587,41.42468],[-6.1877,41.42675],[-6.19078,41.42936],[-6.19799,41.4276],[-6.20124,41.42759],[-6.20291,41.42724],[-6.20432,41.42728],[-6.20744,41.42827],[-6.20973,41.42846],[-6.21352,41.42764],[-6.21489,41.42683],[-6.21591,41.42553],[-6.21795,41.4247],[-6.22025,41.42315],[-6.22106,41.42234],[-6.22723,41.41882],[-6.22847,41.41861],[-6.23198,41.4213],[-6.23386,41.42332],[-6.23488,41.4263],[-6.23759,41.42995],[-6.23897,41.43371],[-6.24018,41.43517],[-6.23935,41.43656],[-6.23602,41.43836],[-6.23424,41.4401],[-6.22912,41.4431],[-6.22506,41.44842],[-6.22486,41.45341],[-6.2257,41.45471],[-6.22509,41.4564],[-6.22716,41.45977],[-6.22994,41.45954],[-6.23201,41.46168],[-6.23246,41.46328],[-6.23568,41.46592],[-6.23952,41.46695],[-6.2443,41.46901],[-6.24702,41.47047],[-6.2501,41.47155],[-6.25172,41.47293],[-6.25584,41.47816],[-6.26043,41.48239],[-6.26238,41.48647],[-6.26681,41.48719],[-6.26808,41.48719],[-6.2707,41.48635],[-6.27379,41.48364],[-6.27504,41.48317],[-6.27752,41.48288],[-6.27883,41.48194],[-6.28126,41.48118],[-6.28339,41.47998],[-6.28511,41.47839],[-6.28578,41.47726],[-6.28603,41.4762],[-6.28502,41.47099],[-6.28532,41.46827],[-6.28738,41.46535],[-6.28894,41.46425],[-6.29467,41.46118],[-6.2969,41.45926],[-6.29974,41.45545],[-6.30133,41.45396],[-6.30158,41.45325],[-6.30531,41.4503],[-6.30582,41.44952],[-6.306,41.44787],[-6.3057,41.44697],[-6.30487,41.44572],[-6.3006,41.44306],[-6.29729,41.43952],[-6.29538,41.43675],[-6.29501,41.43572],[-6.29513,41.43506],[-6.29974,41.42933],[-6.30164,41.42789],[-6.29419,41.42194],[-6.26434,41.44053],[-6.23904,41.42291],[-6.26137,41.39729],[-6.25468,41.36446],[-6.25247,41.36502]]]}},{"type":"Feature","properties":{"COD_POSTAL":"49540"},"geometry":{"type":"Polygon","coordinates":[[[-6.01265,41.71979],[-5.99849,41.72558],[-5.98045,41.74355],[-5.95977,41.76006],[-5.95535,41.76418],[-5.95279,41.76504],[-5.94512,41.76985],[-5.94279,41.77204],[-5.93939,41.77399],[-5.94706,41.78125],[-5.95922,41.78772],[-5.96194,41.78929],[-5.96372,41.79084],[-5.96516,41.79067],[-5.97687,41.79595],[-5.97996,41.79687],[-5.98353,41.79837],[-5.98697,41.79938],[-5.99185,41.8015],[-5.99298,41.80233],[-5.99528,41.80208],[-6.00265,41.80462],[-6.00477,41.80457],[-6.01037,41.80655],[-6.01144,41.80712],[-6.01339,41.80739],[-6.01855,41.80948],[-6.02547,41.80115],[-6.03921,41.78843],[-6.03208,41.77915],[-6.03216,41.77616],[-6.03331,41.77323],[-6.03375,41.77059],[-6.03199,41.76563],[-6.02972,41.76282],[-6.03129,41.76067],[-6.03206,41.75881],[-6.03561,41.75441],[-6.03651,41.7528],[-6.03779,41.74916],[-6.03681,41.74187],[-6.03839,41.73997],[-6.03357,41.73755],[-6.03315,41.73652],[-6.04189,41.73656],[-6.04543,41.73613],[-6.0476,41.7365],[-6.06403,41.73146],[-6.06516,41.7322],[-6.07283,41.73566],[-6.07949,41.73555],[-6.085,41.73611],[-6.08405,41.73413],[-6.07618,41.72222],[-6.07547,41.71674],[-6.07345,41.71302],[-6.06942,41.71184],[-6.0693,41.71135],[-6.06541,41.70883],[-6.06228,41.70495],[-6.06005,41.70129],[-6.05909,41.70061],[-6.05591,41.69977],[-6.0509,41.69908],[-6.0451,41.69659],[-6.03618,41.69468],[-6.0344,41.69515],[-6.02948,41.69487],[-6.02102,41.69592],[-6.01338,41.69582],[-6.01321,41.69766],[-6.01239,41.7004],[-6.01165,41.70625],[-6.01164,41.7076],[-6.01202,41.70943],[-6.01231,41.7098],[-6.01329,41.71403],[-6.01272,41.71645],[-6.01286,41.71865],[-6.01265,41.71979]]]}},{"type":"Feature","properties":{"COD_POSTAL":"49281"},"geometry":{"type":"Polygon","coordinates":[[[-5.83566,41.44077],[-5.83532,41.44177],[-5.83471,41.44251],[-5.83282,41.44293],[-5.83012,41.44527],[-5.82994,41.44572],[-5.8302,41.44633],[-5.83108,41.44632],[-5.8318,41.44579],[-5.83256,41.44567],[-5.83304,41.4458],[-5.83349,41.44653],[-5.83286,41.44822],[-5.83376,41.44945],[-5.83411,41.45061],[-5.83164,41.45249],[-5.83149,41.45304],[-5.82695,41.45168],[-5.8241,41.45315],[-5.82124,41.45724],[-5.81966,41.45832],[-5.81758,41.4591],[-5.81497,41.46115],[-5.81341,41.46161],[-5.81129,41.46095],[-5.81045,41.46535],[-5.81142,41.46629],[-5.81276,41.46843],[-5.81308,41.47042],[-5.81278,41.47136],[-5.81301,41.47241],[-5.81399,41.47355],[-5.81571,41.47458],[-5.81733,41.47601],[-5.82034,41.47729],[-5.82153,41.47647],[-5.82213,41.47643],[-5.82309,41.47666],[-5.82452,41.4775],[-5.82593,41.47775],[-5.82976,41.47769],[-5.83314,41.47353],[-5.83791,41.46963],[-5.84292,41.46889],[-5.8474,41.46709],[-5.85216,41.46656],[-5.85435,41.46695],[-5.85958,41.46929],[-5.86161,41.47087],[-5.8638,41.47368],[-5.86425,41.47572],[-5.8639,41.48082],[-5.86287,41.48581],[-5.86311,41.48746],[-5.86449,41.48954],[-5.86588,41.49343],[-5.8643,41.49615],[-5.85814,41.50169],[-5.85638,41.50413],[-5.85574,41.50665],[-5.85573,41.50952],[-5.8566,41.51297],[-5.85963,41.51808],[-5.86194,41.51913],[-5.86421,41.5195],[-5.86648,41.51822],[-5.868,41.51706],[-5.8705,41.51417],[-5.87228,41.5115],[-5.87275,41.50967],[-5.87378,41.50825],[-5.87554,41.50634],[-5.87885,41.50341],[-5.87993,41.50202],[-5.88174,41.49702],[-5.88433,41.49274],[-5.88543,41.48994],[-5.88585,41.48761],[-5.88584,41.48508],[-5.88558,41.48347],[-5.88488,41.48209],[-5.88456,41.47718],[-5.8828,41.47285],[-5.88095,41.47036],[-5.88088,41.46965],[-5.88188,41.46654],[-5.88826,41.46428],[-5.8919,41.46394],[-5.89294,41.46324],[-5.89447,41.46148],[-5.89547,41.45989],[-5.89561,41.45927],[-5.89541,41.45856],[-5.89355,41.45603],[-5.88913,41.45153],[-5.88817,41.44809],[-5.88843,41.44665],[-5.8892,41.44555],[-5.88565,41.44319],[-5.87319,41.44478],[-5.86981,41.44348],[-5.8701,41.43887],[-5.8567,41.43779],[-5.85548,41.44161],[-5.84849,41.44031],[-5.84482,41.44211],[-5.83572,41.44073],[-5.83566,41.44077]]]}},{"type":"Feature","properties":{"COD_POSTAL":"49253"},"geometry":{"type":"Polygon","coordinates":[[[-6.15622,41.47968],[-6.15278,41.47806],[-6.15096,41.47667],[-6.14852,41.47353],[-6.14718,41.47226],[-6.14583,41.46602],[-6.14253,41.46181],[-6.14103,41.4578],[-6.13838,41.45831],[-6.13526,41.45974],[-6.1346,41.46032],[-6.13321,41.46338],[-6.13213,41.46513],[-6.12962,41.46757],[-6.128,41.46952],[-6.12637,41.47202],[-6.12229,41.48026],[-6.11149,41.49287],[-6.10637,41.49753],[-6.10792,41.50019],[-6.10895,41.50128],[-6.11037,41.50344],[-6.11137,41.50667],[-6.11283,41.50796],[-6.11442,41.51078],[-6.11539,41.51071],[-6.11667,41.50999],[-6.11956,41.5118],[-6.12046,41.51205],[-6.1216,41.51149],[-6.12154,41.50997],[-6.12207,41.50963],[-6.1232,41.51037],[-6.12418,41.50919],[-6.12534,41.50926],[-6.12835,41.51088],[-6.1297,41.51204],[-6.1313,41.51152],[-6.13195,41.51191],[-6.13245,41.51259],[-6.13519,41.51326],[-6.13594,41.51382],[-6.13702,41.51534],[-6.13654,41.51616],[-6.13564,41.51692],[-6.13554,41.51737],[-6.13613,41.51799],[-6.13988,41.52008],[-6.14311,41.51898],[-6.14492,41.51882],[-6.14632,41.51919],[-6.14896,41.52137],[-6.15055,41.52213],[-6.15521,41.52151],[-6.157,41.52162],[-6.15795,41.52133],[-6.16127,41.51959],[-6.16296,41.51832],[-6.16709,41.51633],[-6.17084,41.51585],[-6.1727,41.51442],[-6.17382,41.51316],[-6.17576,41.51019],[-6.17654,41.50816],[-6.1749,41.50624],[-6.17174,41.50343],[-6.1695,41.50316],[-6.16678,41.50318],[-6.1652,41.5023],[-6.15787,41.4965],[-6.15973,41.49014],[-6.15749,41.48595],[-6.15599,41.48258],[-6.15608,41.48162],[-6.15622,41.47968]]]}},{"type":"Feature","properties":{"COD_POSTAL":"49017"},"geometry":{"type":"Polygon","coordinates":[[[-5.73245,41.50538],[-5.73682,41.50466],[-5.73785,41.50402],[-5.73803,41.5042],[-5.73871,41.50393],[-5.73869,41.50064],[-5.73468,41.50169],[-5.73499,41.50326],[-5.73159,41.50389],[-5.73202,41.50475],[-5.73251,41.50466],[-5.73261,41.50495],[-5.73241,41.50507],[-5.73245,41.50538]]]}},{"type":"Feature","properties":{"COD_POSTAL":"49697"},"geometry":{"type":"Polygon","coordinates":[[[-5.93613,41.90886],[-5.94371,41.89781],[-5.9428,41.89788],[-5.93752,41.89565],[-5.9366,41.89584],[-5.93102,41.89254],[-5.92904,41.89098],[-5.92953,41.89016],[-5.92849,41.8901],[-5.92874,41.88812],[-5.92659,41.88741],[-5.9209,41.88678],[-5.91619,41.88728],[-5.91324,41.88734],[-5.91122,41.8877],[-5.907,41.88763],[-5.90255,41.88904],[-5.9009,41.89044],[-5.89837,41.89114],[-5.89708,41.89249],[-5.89408,41.8941],[-5.8919,41.89604],[-5.89088,41.89778],[-5.88485,41.90509],[-5.88373,41.90617],[-5.88101,41.90726],[-5.87964,41.90815],[-5.87952,41.90879],[-5.87721,41.91092],[-5.87726,41.91208],[-5.87634,41.91248],[-5.87295,41.91318],[-5.86888,41.91378],[-5.86691,41.91483],[-5.8644,41.91677],[-5.86279,41.91727],[-5.86215,41.91781],[-5.85987,41.91775],[-5.8527,41.91688],[-5.84602,41.91947],[-5.84183,41.92168],[-5.83621,41.92303],[-5.83316,41.92489],[-5.82946,41.92607],[-5.82203,41.92927],[-5.81721,41.92996],[-5.80677,41.93417],[-5.80858,41.93961],[-5.78821,41.95216],[-5.78681,41.95519],[-5.79186,41.96167],[-5.78312,41.96304],[-5.77051,41.96661],[-5.76563,41.96693],[-5.76581,41.96902],[-5.76514,41.97074],[-5.76564,41.97141],[-5.76659,41.97403],[-5.76641,41.97829],[-5.76608,41.97966],[-5.76813,41.98082],[-5.76919,41.98196],[-5.77153,41.98274],[-5.77305,41.98386],[-5.77399,41.98424],[-5.77421,41.98492],[-5.77322,41.98574],[-5.77217,41.98712],[-5.77256,41.98798],[-5.7727,41.98919],[-5.77441,41.99172],[-5.77619,41.99083],[-5.77654,41.99249],[-5.80245,41.97381],[-5.80347,41.97476],[-5.81006,41.972],[-5.81722,41.97255],[-5.82134,41.97129],[-5.82118,41.97007],[-5.82524,41.9665],[-5.83473,41.96651],[-5.83406,41.96379],[-5.83616,41.96307],[-5.84855,41.9637],[-5.85671,41.96512],[-5.86081,41.96263],[-5.86244,41.96344],[-5.86573,41.9631],[-5.86654,41.96351],[-5.86828,41.96286],[-5.87598,41.96281],[-5.87645,41.96245],[-5.87805,41.96282],[-5.87796,41.96418],[-5.88037,41.96427],[-5.88154,41.96474],[-5.88342,41.96389],[-5.92308,41.9533],[-5.91986,41.94236],[-5.91471,41.92735],[-5.91329,41.92427],[-5.92309,41.91959],[-5.92681,41.91563],[-5.93047,41.9136],[-5.9329,41.9107],[-5.93613,41.90887],[-5.93613,41.90886]]]}},{"type":"Feature","properties":{"COD_POSTAL":"49574"},"geometry":{"type":"Polygon","coordinates":[[[-6.82569,42.06002],[-6.82596,42.05838],[-6.83441,42.05715],[-6.83969,42.06288],[-6.8454,42.07774],[-6.85085,42.08566],[-6.85439,42.08626],[-6.85737,42.0862],[-6.86425,42.08784],[-6.89143,42.09967],[-6.8939,42.09973],[-6.8959,42.09903],[-6.89813,42.09695],[-6.89926,42.09649],[-6.90077,42.09664],[-6.9032,42.09479],[-6.90495,42.09443],[-6.91475,42.09021],[-6.91141,42.06969],[-6.88898,42.03177],[-6.88845,42.0172],[-6.87938,42.01658],[-6.8625,42.01487],[-6.85583,42.0184],[-6.84788,42.01774],[-6.8263,42.02021],[-6.8079,42.01619],[-6.80486,42.01698],[-6.80264,42.03482],[-6.80271,42.03557],[-6.80788,42.04463],[-6.81043,42.047],[-6.81837,42.05556],[-6.82432,42.06823],[-6.82569,42.06002]]]}},{"type":"Feature","properties":{"COD_POSTAL":"49524"},"geometry":{"type":"Polygon","coordinates":[[[-6.37415,41.7784],[-6.39034,41.793],[-6.39847,41.80602],[-6.40325,41.80014],[-6.40406,41.80087],[-6.4049,41.8011],[-6.40635,41.80107],[-6.40773,41.80182],[-6.40913,41.80167],[-6.40998,41.80128],[-6.4115,41.80229],[-6.41216,41.80224],[-6.41259,41.80186],[-6.41281,41.80215],[-6.41252,41.80279],[-6.41266,41.80322],[-6.41414,41.80303],[-6.41455,41.8033],[-6.4147,41.80408],[-6.41584,41.80448],[-6.41652,41.80567],[-6.41739,41.806],[-6.43862,41.80227],[-6.43757,41.82658],[-6.43959,41.82742],[-6.45427,41.82663],[-6.45776,41.82611],[-6.46156,41.82652],[-6.46555,41.82651],[-6.47773,41.82979],[-6.48052,41.81993],[-6.48007,41.81632],[-6.48405,41.80878],[-6.48635,41.80166],[-6.48617,41.79425],[-6.44135,41.77549],[-6.4329,41.78545],[-6.43292,41.78349],[-6.41144,41.77438],[-6.40309,41.77359],[-6.39658,41.77364],[-6.3957,41.77301],[-6.39444,41.77305],[-6.39376,41.77269],[-6.39258,41.7726],[-6.39153,41.77191],[-6.39084,41.77194],[-6.38711,41.76973],[-6.38496,41.769],[-6.37415,41.7784]]]}},{"type":"Feature","properties":{"COD_POSTAL":"49025"},"geometry":{"type":"Polygon","coordinates":[[[-5.75298,41.51271],[-5.75413,41.51244],[-5.7539,41.51262],[-5.75432,41.51322],[-5.75483,41.5132],[-5.75526,41.51352],[-5.75621,41.51309],[-5.75416,41.51028],[-5.75405,41.50908],[-5.75538,41.50869],[-5.75664,41.50784],[-5.75679,41.50668],[-5.75639,41.50614],[-5.75558,41.50699],[-5.75535,41.50684],[-5.75562,41.50655],[-5.75511,41.5061],[-5.75476,41.50628],[-5.75344,41.50557],[-5.7532,41.50602],[-5.75259,41.50615],[-5.75226,41.50704],[-5.7525,41.50778],[-5.75153,41.50812],[-5.75114,41.50755],[-5.75096,41.50764],[-5.75143,41.50905],[-5.75129,41.50921],[-5.75288,41.51274],[-5.75298,41.51271]]]}},{"type":"Feature","properties":{"COD_POSTAL":"49270"},"geometry":{"type":"Polygon","coordinates":[[[-5.9624,41.38318],[-5.96448,41.40696],[-5.9812,41.41076],[-5.98103,41.40972],[-5.98192,41.40898],[-5.98452,41.40479],[-5.98685,41.3986],[-5.98834,41.39561],[-5.98952,41.39479],[-5.99134,41.39446],[-5.99238,41.39335],[-5.99431,41.3889],[-5.99482,41.3887],[-5.99473,41.38802],[-5.99637,41.38525],[-5.99632,41.38337],[-5.99598,41.38278],[-5.99971,41.3818],[-6.00088,41.382],[-6.00145,41.38137],[-5.99943,41.38033],[-5.99947,41.37956],[-5.99984,41.37882],[-5.9988,41.37719],[-5.99892,41.37609],[-5.99618,41.37578],[-5.99187,41.37625],[-5.98741,41.37631],[-5.98376,41.37555],[-5.97902,41.37558],[-5.97723,41.37468],[-5.97431,41.37226],[-5.9624,41.38318]]]}},{"type":"Feature","properties":{"COD_POSTAL":"49539"},"geometry":{"type":"Polygon","coordinates":[[[-5.61462,41.55902],[-5.60904,41.557],[-5.60807,41.55611],[-5.60787,41.55541],[-5.60736,41.55515],[-5.60681,41.55566],[-5.60639,41.55652],[-5.60582,41.55665],[-5.60547,41.55709],[-5.60463,41.55673],[-5.60471,41.5555],[-5.60452,41.55527],[-5.60399,41.55524],[-5.60118,41.55599],[-5.59239,41.56199],[-5.5912,41.56134],[-5.58336,41.56224],[-5.58154,41.5611],[-5.57815,41.55999],[-5.57701,41.56036],[-5.57588,41.56024],[-5.57323,41.56168],[-5.57126,41.5619],[-5.56571,41.56342],[-5.56415,41.56493],[-5.56004,41.5668],[-5.55892,41.56768],[-5.55385,41.56965],[-5.55287,41.56933],[-5.54954,41.57172],[-5.54841,41.57134],[-5.54661,41.57182],[-5.54445,41.5715],[-5.54269,41.5706],[-5.54127,41.56951],[-5.5299,41.5798],[-5.52911,41.58031],[-5.52733,41.58065],[-5.52659,41.58186],[-5.52535,41.58246],[-5.52356,41.58427],[-5.52301,41.58513],[-5.52304,41.58676],[-5.52265,41.58759],[-5.52166,41.58863],[-5.51878,41.5901],[-5.51746,41.59367],[-5.51587,41.59429],[-5.5149,41.5959],[-5.51219,41.5971],[-5.50953,41.59785],[-5.50495,41.60026],[-5.5024,41.60237],[-5.50064,41.60229],[-5.50139,41.603],[-5.49853,41.60598],[-5.50003,41.60647],[-5.4986,41.60746],[-5.50259,41.60854],[-5.49951,41.61224],[-5.49922,41.61312],[-5.49947,41.6138],[-5.50425,41.61483],[-5.50657,41.61904],[-5.50645,41.62353],[-5.5089,41.62325],[-5.50815,41.62603],[-5.51197,41.62581],[-5.51354,41.62765],[-5.51567,41.62716],[-5.51754,41.62875],[-5.52204,41.63173],[-5.52487,41.63273],[-5.53278,41.6375],[-5.53381,41.64103],[-5.53318,41.64628],[-5.53336,41.64722],[-5.53255,41.65154],[-5.53096,41.65631],[-5.5309,41.65726],[-5.5301,41.65796],[-5.52989,41.65862],[-5.52992,41.66],[-5.52955,41.66159],[-5.52917,41.66214],[-5.52927,41.66339],[-5.52976,41.66388],[-5.53656,41.6673],[-5.53907,41.66554],[-5.54165,41.66312],[-5.54503,41.6607],[-5.5458,41.65983],[-5.54623,41.66016],[-5.55641,41.65288],[-5.56476,41.65544],[-5.56542,41.65547],[-5.56581,41.65484],[-5.56654,41.65197],[-5.56627,41.65084],[-5.56635,41.64916],[-5.56542,41.64638],[-5.56888,41.64433],[-5.57128,41.6447],[-5.57116,41.64352],[-5.57589,41.64087],[-5.57936,41.63968],[-5.58337,41.63717],[-5.58603,41.63612],[-5.58478,41.63456],[-5.58418,41.6333],[-5.58423,41.63124],[-5.58496,41.63095],[-5.58858,41.62647],[-5.58793,41.62236],[-5.58808,41.62093],[-5.58649,41.62095],[-5.58565,41.61947],[-5.58698,41.61768],[-5.5872,41.61693],[-5.58631,41.6137],[-5.58644,41.61331],[-5.5889,41.61325],[-5.59022,41.61383],[-5.59238,41.61422],[-5.59272,41.61333],[-5.59419,41.61286],[-5.59869,41.61325],[-5.60016,41.613],[-5.61639,41.60847],[-5.6238,41.60601],[-5.62844,41.60386],[-5.62673,41.6018],[-5.62645,41.59914],[-5.62566,41.59894],[-5.62337,41.59364],[-5.61983,41.59271],[-5.61978,41.59238],[-5.6199,41.59204],[-5.62721,41.58823],[-5.62682,41.58715],[-5.62782,41.5866],[-5.6292,41.58704],[-5.63054,41.58672],[-5.63026,41.58622],[-5.63063,41.58601],[-5.63071,41.58548],[-5.63183,41.58521],[-5.63151,41.58429],[-5.6337,41.58347],[-5.63561,41.58311],[-5.63557,41.58092],[-5.63736,41.57425],[-5.63654,41.57076],[-5.63436,41.57031],[-5.63414,41.56908],[-5.63242,41.56917],[-5.62803,41.5648],[-5.62602,41.56603],[-5.62574,41.56557],[-5.62458,41.5648],[-5.62427,41.56345],[-5.62465,41.56288],[-5.62385,41.56173],[-5.62322,41.56233],[-5.62276,41.56246],[-5.62153,41.56164],[-5.62099,41.56203],[-5.62047,41.56178],[-5.62059,41.5613],[-5.61917,41.56064],[-5.61451,41.55969],[-5.61462,41.55902]]]}},{"type":"Feature","properties":{"COD_POSTAL":"49516"},"geometry":{"type":"Polygon","coordinates":[[[-6.48588,41.80943],[-6.49054,41.81159],[-6.49352,41.81166],[-6.49992,41.81086],[-6.50383,41.80978],[-6.50796,41.80915],[-6.51503,41.80899],[-6.52276,41.80836],[-6.52447,41.80848],[-6.52926,41.81021],[-6.5355,41.81191],[-6.53763,41.81297],[-6.53831,41.81275],[-6.53895,41.81182],[-6.53749,41.80966],[-6.53716,41.80838],[-6.5376,41.80705],[-6.53881,41.80622],[-6.53969,41.80612],[-6.54069,41.80642],[-6.54165,41.80617],[-6.5425,41.80572],[-6.54278,41.80528],[-6.54214,41.80394],[-6.53931,41.80158],[-6.53956,41.80111],[-6.54136,41.80101],[-6.54275,41.80072],[-6.54332,41.80036],[-6.54379,41.79972],[-6.5431,41.79691],[-6.54379,41.79616],[-6.54661,41.79554],[-6.54726,41.79497],[-6.54711,41.79408],[-6.54539,41.79243],[-6.54419,41.79056],[-6.54358,41.78782],[-6.54435,41.78485],[-6.54419,41.78423],[-6.5445,41.7837],[-6.54626,41.7824],[-6.54717,41.78047],[-6.54714,41.77989],[-6.54511,41.77954],[-6.544,41.77901],[-6.54389,41.77835],[-6.54451,41.77794],[-6.54608,41.77754],[-6.54924,41.77717],[-6.54982,41.77685],[-6.54978,41.77411],[-6.55044,41.77237],[-6.55408,41.7694],[-6.5549,41.76807],[-6.55577,41.76425],[-6.55553,41.76324],[-6.55472,41.76165],[-6.55485,41.75812],[-6.55528,41.7571],[-6.55644,41.75593],[-6.55747,41.75423],[-6.55844,41.75327],[-6.56501,41.75152],[-6.56492,41.75112],[-6.53952,41.74402],[-6.52984,41.73285],[-6.53886,41.71399],[-6.54922,41.71023],[-6.54705,41.70873],[-6.54616,41.70771],[-6.5463,41.70625],[-6.54706,41.70435],[-6.54683,41.70378],[-6.54447,41.70437],[-6.54294,41.7038],[-6.54241,41.70115],[-6.54288,41.70023],[-6.54418,41.69883],[-6.54512,41.69857],[-6.54632,41.69893],[-6.54967,41.70228],[-6.55085,41.70252],[-6.55217,41.70227],[-6.554,41.70124],[-6.55457,41.70037],[-6.55491,41.69822],[-6.55467,41.69671],[-6.5529,41.69569],[-6.55304,41.69441],[-6.55351,41.69352],[-6.54824,41.68562],[-6.54184,41.6804],[-6.53464,41.6765],[-6.52862,41.67522],[-6.50753,41.68781],[-6.50311,41.69356],[-6.49944,41.69957],[-6.49721,41.70197],[-6.49683,41.70332],[-6.49579,41.70482],[-6.49373,41.70625],[-6.49064,41.70686],[-6.48297,41.70646],[-6.48141,41.70613],[-6.47968,41.70618],[-6.47803,41.70686],[-6.47538,41.70922],[-6.47326,41.71001],[-6.46995,41.71251],[-6.47876,41.72454],[-6.47343,41.73621],[-6.46529,41.75304],[-6.46584,41.75349],[-6.47173,41.75619],[-6.47432,41.75683],[-6.47518,41.75756],[-6.47854,41.75902],[-6.49807,41.76692],[-6.5001,41.77049],[-6.49711,41.7744],[-6.49336,41.78045],[-6.49196,41.78127],[-6.49038,41.78459],[-6.48839,41.78718],[-6.48652,41.78911],[-6.48616,41.79426],[-6.48635,41.80166],[-6.48405,41.80878],[-6.48588,41.80943]]]}},{"type":"Feature","properties":{"COD_POSTAL":"49740"},"geometry":{"type":"Polygon","coordinates":[[[-5.77028,41.84289],[-5.77964,41.84448],[-5.78309,41.84472],[-5.78464,41.83991],[-5.7856,41.83905],[-5.78864,41.83794],[-5.78997,41.83677],[-5.79016,41.83627],[-5.79136,41.83534],[-5.7916,41.8345],[-5.79211,41.83417],[-5.79295,41.83157],[-5.79409,41.82977],[-5.79435,41.82853],[-5.79422,41.82785],[-5.79315,41.82622],[-5.79255,41.81734],[-5.79296,41.8133],[-5.79373,41.81166],[-5.80067,41.80132],[-5.80233,41.79702],[-5.81017,41.78716],[-5.80897,41.78649],[-5.8054,41.78613],[-5.80332,41.78442],[-5.79983,41.78308],[-5.7973,41.78139],[-5.79063,41.78367],[-5.78684,41.78563],[-5.78553,41.78595],[-5.78307,41.78596],[-5.77664,41.78689],[-5.7709,41.78825],[-5.76958,41.78816],[-5.76323,41.78897],[-5.75932,41.78906],[-5.75361,41.78963],[-5.75112,41.79012],[-5.74788,41.79128],[-5.74389,41.79214],[-5.74072,41.79344],[-5.73681,41.79278],[-5.73549,41.79318],[-5.73042,41.7928],[-5.7271,41.79227],[-5.72136,41.7931],[-5.7162,41.79354],[-5.70398,41.79416],[-5.7255,41.83151],[-5.72669,41.83092],[-5.72923,41.83047],[-5.73311,41.82899],[-5.73408,41.82925],[-5.73877,41.82866],[-5.74254,41.82862],[-5.75025,41.83075],[-5.75347,41.83104],[-5.75496,41.83212],[-5.75761,41.83238],[-5.76138,41.83436],[-5.76363,41.83695],[-5.76744,41.83975],[-5.76902,41.84121],[-5.76937,41.84249],[-5.77028,41.84289]]]}},{"type":"Feature","properties":{"COD_POSTAL":"49750"},"geometry":{"type":"Polygon","coordinates":[[[-5.71352,41.89759],[-5.71742,41.89775],[-5.72127,41.89982],[-5.72206,41.89916],[-5.7206,41.89826],[-5.72298,41.89662],[-5.721,41.89458],[-5.72296,41.89373],[-5.72105,41.89118],[-5.72233,41.89006],[-5.72174,41.88938],[-5.72355,41.88846],[-5.72276,41.88801],[-5.7231,41.88723],[-5.7212,41.88626],[-5.72262,41.88429],[-5.72517,41.88273],[-5.72691,41.88338],[-5.72885,41.88284],[-5.73164,41.88033],[-5.72927,41.87942],[-5.72555,41.87935],[-5.72538,41.87818],[-5.72443,41.87765],[-5.72414,41.87687],[-5.72411,41.87578],[-5.72446,41.87453],[-5.72567,41.87269],[-5.72455,41.87169],[-5.72336,41.87121],[-5.72408,41.86929],[-5.722,41.86756],[-5.7263,41.863],[-5.7248,41.86125],[-5.72463,41.86037],[-5.7249,41.8593],[-5.7278,41.85444],[-5.72802,41.85325],[-5.72921,41.85105],[-5.72972,41.8492],[-5.73179,41.84588],[-5.7316,41.84496],[-5.73263,41.84422],[-5.73287,41.84049],[-5.73544,41.83812],[-5.73738,41.8354],[-5.73898,41.83424],[-5.73951,41.83233],[-5.73877,41.82866],[-5.73408,41.82925],[-5.73311,41.82899],[-5.72923,41.83047],[-5.72669,41.83092],[-5.72263,41.83242],[-5.715,41.83411],[-5.71235,41.83505],[-5.7078,41.83503],[-5.70361,41.836],[-5.69393,41.83556],[-5.68925,41.83621],[-5.67959,41.83993],[-5.67656,41.8416],[-5.66974,41.84642],[-5.66741,41.84719],[-5.67041,41.84966],[-5.65349,41.86199],[-5.646,41.86966],[-5.64746,41.87189],[-5.64845,41.87273],[-5.65066,41.87588],[-5.65125,41.87525],[-5.65809,41.87762],[-5.66005,41.8775],[-5.66488,41.87811],[-5.675,41.88302],[-5.67776,41.88353],[-5.68114,41.88507],[-5.69015,41.88613],[-5.69343,41.88793],[-5.69937,41.89215],[-5.70283,41.89227],[-5.70537,41.89315],[-5.70751,41.89436],[-5.70808,41.89409],[-5.71179,41.8978],[-5.71352,41.89759]]]}},{"type":"Feature","properties":{"COD_POSTAL":"49254"},"geometry":{"type":"Polygon","coordinates":[[[-6.06073,41.47709],[-6.06455,41.48002],[-6.06973,41.48177],[-6.07184,41.48322],[-6.07389,41.48565],[-6.07488,41.4874],[-6.07522,41.48871],[-6.07578,41.4897],[-6.07889,41.4932],[-6.08062,41.49429],[-6.08176,41.49427],[-6.08273,41.49386],[-6.08469,41.4923],[-6.08544,41.49048],[-6.08555,41.48923],[-6.08616,41.48819],[-6.08708,41.48799],[-6.09065,41.48933],[-6.09195,41.4907],[-6.09255,41.49187],[-6.09232,41.49333],[-6.09134,41.49499],[-6.08699,41.49876],[-6.08576,41.50021],[-6.08505,41.50167],[-6.08501,41.50422],[-6.08456,41.50596],[-6.08382,41.50743],[-6.08326,41.50977],[-6.0831,41.51244],[-6.08365,41.5135],[-6.08384,41.51529],[-6.08502,41.517],[-6.08649,41.51847],[-6.08766,41.51942],[-6.08891,41.52003],[-6.09177,41.52075],[-6.0936,41.52042],[-6.09735,41.51909],[-6.10199,41.52043],[-6.1063,41.52086],[-6.10825,41.51929],[-6.11101,41.51908],[-6.1112,41.51882],[-6.11101,41.51777],[-6.11158,41.51723],[-6.11241,41.51707],[-6.11391,41.51733],[-6.11457,41.51657],[-6.11497,41.51555],[-6.11462,41.51531],[-6.11332,41.51593],[-6.11327,41.51526],[-6.11394,41.51451],[-6.11373,41.51412],[-6.11214,41.51361],[-6.11261,41.51181],[-6.11233,41.5112],[-6.1128,41.51058],[-6.11442,41.51078],[-6.11283,41.50796],[-6.11137,41.50667],[-6.11037,41.50344],[-6.10895,41.50128],[-6.10792,41.50019],[-6.10637,41.49753],[-6.11149,41.49287],[-6.12229,41.48026],[-6.12637,41.47202],[-6.128,41.46952],[-6.12962,41.46757],[-6.13213,41.46513],[-6.134,41.46181],[-6.13102,41.46125],[-6.12776,41.46007],[-6.12596,41.45904],[-6.12179,41.45821],[-6.12023,41.45635],[-6.11931,41.4557],[-6.11692,41.45489],[-6.11163,41.4541],[-6.11044,41.45457],[-6.10479,41.45295],[-6.10312,41.45193],[-6.10113,41.45153],[-6.09982,41.45006],[-6.09554,41.448],[-6.0915,41.4481],[-6.09096,41.44756],[-6.09094,41.44684],[-6.09137,41.44615],[-6.09057,41.4451],[-6.08945,41.44446],[-6.08916,41.4422],[-6.08804,41.43918],[-6.08802,41.43675],[-6.08666,41.43588],[-6.08538,41.43606],[-6.07882,41.43468],[-6.07668,41.43512],[-6.06531,41.43035],[-6.06113,41.42997],[-6.05449,41.42888],[-6.05189,41.42865],[-6.04434,41.43204],[-6.04119,41.43018],[-6.04048,41.42887],[-6.03525,41.4255],[-6.03293,41.42486],[-6.03066,41.42338],[-6.02819,41.42382],[-6.02719,41.42339],[-6.02416,41.41946],[-6.02414,41.41781],[-6.02332,41.41624],[-6.01978,41.41149],[-6.01957,41.41085],[-6.01973,41.40855],[-6.01936,41.40782],[-6.01682,41.40853],[-6.0156,41.40911],[-6.0144,41.41007],[-6.0125,41.41079],[-6.01247,41.41115],[-6.01144,41.41144],[-6.01046,41.41277],[-6.00879,41.41332],[-6.00758,41.41503],[-6.00604,41.41602],[-6.00364,41.41698],[-6.00192,41.41799],[-5.99744,41.41738],[-5.99532,41.41793],[-5.9901,41.4199],[-5.98809,41.41908],[-5.98682,41.41925],[-5.98519,41.41893],[-5.98433,41.41847],[-5.98213,41.41843],[-5.98003,41.41909],[-5.97964,41.41971],[-5.97889,41.42005],[-5.97622,41.42003],[-5.97461,41.42125],[-5.97377,41.42222],[-5.97323,41.42397],[-5.97373,41.42683],[-5.97426,41.42832],[-5.97401,41.42986],[-5.97548,41.43176],[-5.97599,41.43279],[-5.97451,41.43578],[-5.97431,41.43701],[-5.97499,41.43931],[-5.97487,41.43995],[-5.9731,41.44403],[-5.97249,41.44616],[-5.97254,41.4477],[-5.97353,41.4489],[-5.97374,41.44973],[-5.97344,41.45019],[-5.97198,41.45061],[-5.97097,41.45141],[-5.97043,41.45312],[-5.97116,41.45472],[-5.97568,41.45629],[-5.98354,41.46042],[-5.98512,41.46077],[-5.98917,41.4604],[-5.9928,41.45963],[-5.99662,41.45824],[-5.99902,41.45686],[-6.00134,41.45683],[-6.00207,41.45655],[-6.00636,41.45716],[-6.01245,41.45858],[-6.016,41.45828],[-6.01796,41.4585],[-6.0192,41.45886],[-6.02162,41.46127],[-6.03297,41.46603],[-6.03816,41.4673],[-6.04762,41.47118],[-6.05277,41.47144],[-6.05482,41.47229],[-6.05564,41.47272],[-6.0588,41.47567],[-6.06073,41.47709]]]}},{"type":"Feature","properties":{"COD_POSTAL":"49361"},"geometry":{"type":"Polygon","coordinates":[[[-6.72092,42.11869],[-6.71472,42.11198],[-6.71225,42.10786],[-6.70803,42.10794],[-6.6948,42.10513],[-6.68143,42.10416],[-6.67299,42.10277],[-6.66706,42.10009],[-6.66931,42.10577],[-6.66962,42.11173],[-6.66056,42.1161],[-6.6626,42.11887],[-6.66674,42.12318],[-6.66877,42.12441],[-6.66907,42.12789],[-6.67582,42.13831],[-6.67492,42.14221],[-6.67448,42.15068],[-6.69027,42.15932],[-6.69966,42.16143],[-6.70818,42.17062],[-6.72506,42.18238],[-6.72984,42.18775],[-6.74558,42.19828],[-6.75057,42.2022],[-6.75179,42.19402],[-6.73694,42.1329],[-6.72092,42.11869]]]}},{"type":"Feature","properties":{"COD_POSTAL":"49513"},"geometry":{"type":"Polygon","coordinates":[[[-6.15994,41.65069],[-6.15886,41.65045],[-6.15404,41.65034],[-6.14499,41.64894],[-6.13867,41.64947],[-6.12711,41.65313],[-6.12273,41.65236],[-6.11536,41.64769],[-6.10965,41.64464],[-6.10434,41.64219],[-6.10006,41.64713],[-6.10212,41.64981],[-6.10404,41.65154],[-6.10573,41.6535],[-6.10746,41.65741],[-6.10855,41.65878],[-6.10884,41.66034],[-6.11393,41.66415],[-6.11689,41.66685],[-6.11731,41.66685],[-6.11807,41.66757],[-6.11858,41.66983],[-6.12005,41.67055],[-6.12075,41.67124],[-6.12449,41.67356],[-6.12758,41.67708],[-6.12635,41.67875],[-6.12673,41.67936],[-6.12697,41.68256],[-6.12492,41.68465],[-6.12121,41.68454],[-6.12971,41.68841],[-6.13224,41.69099],[-6.13544,41.6932],[-6.14498,41.69887],[-6.14593,41.69877],[-6.14942,41.70038],[-6.15302,41.70018],[-6.15903,41.70068],[-6.16614,41.69995],[-6.17002,41.70167],[-6.17117,41.70167],[-6.17647,41.70489],[-6.18162,41.70843],[-6.18524,41.70663],[-6.1877,41.70511],[-6.18949,41.70457],[-6.19252,41.70284],[-6.19377,41.70172],[-6.19597,41.70034],[-6.19694,41.70023],[-6.20654,41.69579],[-6.20823,41.69358],[-6.21135,41.69201],[-6.21364,41.68897],[-6.2137,41.68123],[-6.21307,41.67768],[-6.23696,41.66705],[-6.23379,41.66081],[-6.2167,41.63988],[-6.17834,41.62883],[-6.16083,41.6225],[-6.16243,41.64095],[-6.15994,41.65069]]]}},{"type":"Feature","properties":{"COD_POSTAL":"49031"},"geometry":{"type":"Polygon","coordinates":[[[-5.75094,41.50591],[-5.75111,41.50622],[-5.75072,41.50626],[-5.75074,41.50646],[-5.75026,41.5067],[-5.75043,41.50845],[-5.7509,41.50862],[-5.75125,41.50856],[-5.75096,41.50764],[-5.75114,41.50755],[-5.75153,41.50812],[-5.7525,41.50778],[-5.75226,41.50704],[-5.75259,41.50615],[-5.7532,41.50602],[-5.75344,41.50557],[-5.75476,41.50628],[-5.75511,41.5061],[-5.75562,41.50655],[-5.75535,41.50684],[-5.75558,41.50699],[-5.75639,41.50614],[-5.75474,41.50411],[-5.7538,41.50343],[-5.75569,41.50229],[-5.75348,41.50344],[-5.75292,41.50347],[-5.75325,41.50273],[-5.75266,41.50242],[-5.75235,41.50268],[-5.75252,41.50348],[-5.75203,41.50379],[-5.75178,41.50369],[-5.75092,41.50435],[-5.75033,41.50398],[-5.74901,41.50508],[-5.75071,41.50612],[-5.75094,41.50591]]]}},{"type":"Feature","properties":{"COD_POSTAL":"49522"},"geometry":{"type":"Polygon","coordinates":[[[-6.28709,41.88966],[-6.28852,41.89035],[-6.29177,41.89253],[-6.29976,41.89551],[-6.30255,41.8963],[-6.30565,41.89672],[-6.30938,41.8955],[-6.31071,41.89587],[-6.34288,41.88702],[-6.34811,41.88904],[-6.40859,41.88359],[-6.40819,41.88245],[-6.40762,41.88193],[-6.39982,41.87989],[-6.39686,41.88046],[-6.39612,41.88022],[-6.39519,41.87939],[-6.3949,41.87848],[-6.39652,41.87685],[-6.39725,41.8754],[-6.39716,41.87427],[-6.39668,41.87312],[-6.39559,41.87153],[-6.40049,41.8691],[-6.40122,41.86852],[-6.40278,41.86648],[-6.40416,41.86552],[-6.40431,41.86381],[-6.40407,41.86273],[-6.40249,41.85973],[-6.40197,41.85689],[-6.40165,41.85643],[-6.39633,41.85403],[-6.39414,41.85363],[-6.39084,41.85195],[-6.38304,41.84899],[-6.38048,41.84861],[-6.36469,41.84818],[-6.36325,41.84453],[-6.3598,41.83355],[-6.35883,41.8323],[-6.35678,41.82665],[-6.35586,41.82528],[-6.35193,41.82069],[-6.33771,41.81109],[-6.32479,41.81496],[-6.32028,41.81394],[-6.31481,41.81167],[-6.31139,41.81135],[-6.31024,41.81089],[-6.30629,41.80811],[-6.29873,41.81616],[-6.29714,41.81818],[-6.29634,41.82055],[-6.2963,41.82175],[-6.29742,41.82412],[-6.2974,41.82455],[-6.29398,41.83041],[-6.2902,41.83173],[-6.28429,41.82937],[-6.2822,41.83346],[-6.28039,41.83597],[-6.27921,41.83905],[-6.27832,41.84432],[-6.27698,41.8463],[-6.27753,41.84722],[-6.27782,41.84908],[-6.27619,41.85531],[-6.27476,41.85856],[-6.27251,41.86532],[-6.27269,41.86908],[-6.27221,41.87338],[-6.27022,41.87663],[-6.26812,41.87896],[-6.26807,41.87952],[-6.27047,41.8821],[-6.27202,41.88314],[-6.27641,41.88512],[-6.28243,41.88826],[-6.28709,41.88966]]]}},{"type":"Feature","properties":{"COD_POSTAL":"49155"},"geometry":{"type":"Polygon","coordinates":[[[-5.45613,41.32056],[-5.46506,41.31696],[-5.46674,41.31822],[-5.47438,41.31041],[-5.46309,41.3086],[-5.44662,41.30776],[-5.44046,41.31334],[-5.42736,41.30616],[-5.40681,41.29718],[-5.39714,41.2965],[-5.39367,41.29738],[-5.39078,41.3023],[-5.38483,41.30481],[-5.38184,41.30718],[-5.38006,41.31053],[-5.37946,41.3122],[-5.3799,41.3147],[-5.37829,41.31819],[-5.37302,41.31956],[-5.37182,41.31953],[-5.3695,41.32047],[-5.36649,41.32043],[-5.35923,41.32199],[-5.35317,41.32033],[-5.35058,41.32026],[-5.34991,41.31751],[-5.34066,41.31453],[-5.32613,41.32277],[-5.32212,41.32633],[-5.32181,41.32891],[-5.32359,41.33167],[-5.32317,41.33245],[-5.32321,41.33593],[-5.32443,41.34042],[-5.32795,41.34668],[-5.33313,41.35821],[-5.33348,41.36131],[-5.33349,41.36479],[-5.3408,41.36662],[-5.35331,41.3629],[-5.35479,41.36217],[-5.37906,41.36235],[-5.38831,41.36509],[-5.39369,41.36222],[-5.39606,41.36282],[-5.40473,41.35989],[-5.41171,41.35961],[-5.418,41.36073],[-5.42237,41.36035],[-5.42471,41.36042],[-5.43879,41.35364],[-5.44373,41.34542],[-5.44522,41.33704],[-5.44975,41.33468],[-5.45251,41.33282],[-5.45296,41.3341],[-5.45654,41.33031],[-5.45792,41.33093],[-5.45808,41.32932],[-5.45888,41.32862],[-5.45863,41.32756],[-5.45027,41.32554],[-5.44968,41.32412],[-5.45027,41.32326],[-5.45001,41.32315],[-5.45085,41.32199],[-5.45613,41.32056]]]}},{"type":"Feature","properties":{"COD_POSTAL":"49018"},"geometry":{"type":"Polygon","coordinates":[[[-5.73644,41.50984],[-5.73878,41.50821],[-5.73944,41.50861],[-5.74081,41.50721],[-5.73974,41.5059],[-5.73979,41.50513],[-5.73905,41.50526],[-5.73817,41.50453],[-5.73761,41.50453],[-5.73682,41.50592],[-5.73661,41.50592],[-5.73652,41.50626],[-5.73698,41.5064],[-5.73617,41.50745],[-5.7356,41.50921],[-5.73644,41.50984]]]}},{"type":"Feature","properties":{"COD_POSTAL":"49181"},"geometry":{"type":"Polygon","coordinates":[[[-5.93729,41.46735],[-5.93728,41.46926],[-5.93819,41.47271],[-5.9429,41.48015],[-5.94799,41.48259],[-5.95313,41.49061],[-5.95428,41.49285],[-5.95781,41.49231],[-5.96039,41.49345],[-5.96809,41.49231],[-5.96934,41.49317],[-5.97057,41.4917],[-5.9922,41.49561],[-5.99523,41.49449],[-5.99809,41.49607],[-6.0022,41.49213],[-6.00321,41.49138],[-6.00423,41.49104],[-6.00545,41.49145],[-6.00736,41.49298],[-6.01165,41.49507],[-6.01303,41.49559],[-6.01476,41.49576],[-6.01991,41.49537],[-6.02275,41.49475],[-6.02421,41.49376],[-6.02654,41.49101],[-6.02863,41.49034],[-6.03213,41.49091],[-6.03659,41.49122],[-6.03989,41.49058],[-6.04479,41.48822],[-6.05036,41.4861],[-6.05091,41.48528],[-6.05268,41.48101],[-6.05453,41.4793],[-6.05585,41.47727],[-6.0569,41.47614],[-6.0578,41.47572],[-6.0588,41.47567],[-6.05564,41.47272],[-6.05482,41.47229],[-6.05277,41.47144],[-6.04762,41.47118],[-6.03816,41.4673],[-6.03297,41.46603],[-6.02162,41.46127],[-6.0192,41.45886],[-6.01796,41.4585],[-6.016,41.45828],[-6.01245,41.45858],[-6.00636,41.45716],[-6.00207,41.45655],[-6.00134,41.45683],[-5.99902,41.45686],[-5.99662,41.45824],[-5.9928,41.45963],[-5.98917,41.4604],[-5.98512,41.46077],[-5.98354,41.46042],[-5.97568,41.45629],[-5.97116,41.45472],[-5.96932,41.45504],[-5.96099,41.45338],[-5.95645,41.45348],[-5.9541,41.45308],[-5.95275,41.45248],[-5.94893,41.44901],[-5.94681,41.44816],[-5.94221,41.45145],[-5.94178,41.45333],[-5.93804,41.45817],[-5.93586,41.45819],[-5.93429,41.46196],[-5.93523,41.46347],[-5.93399,41.46433],[-5.93334,41.4651],[-5.93729,41.46735]]]}},{"type":"Feature","properties":{"COD_POSTAL":"49624"},"geometry":{"type":"Polygon","coordinates":[[[-5.83607,41.99594],[-5.83663,41.99649],[-5.84583,42.00113],[-5.85152,42.0023],[-5.85434,42.00177],[-5.85523,42.00181],[-5.85609,42.00237],[-5.85693,42.00225],[-5.85829,42.0026],[-5.86144,42.0024],[-5.86834,42.00444],[-5.87001,42.00424],[-5.87368,42.00494],[-5.86364,42.00436],[-5.85834,42.00482],[-5.85883,42.00943],[-5.86567,42.01095],[-5.86711,42.00981],[-5.87269,42.01013],[-5.88077,42.0115],[-5.88091,42.01058],[-5.88316,42.01201],[-5.88519,42.0122],[-5.88687,42.01482],[-5.88754,42.01514],[-5.90734,42.01635],[-5.9116,42.01615],[-5.9198,42.01531],[-5.92547,42.01516],[-5.93352,42.01532],[-5.94231,42.01485],[-5.94144,42.01375],[-5.93523,42.01048],[-5.93406,42.0088],[-5.93144,42.00668],[-5.92994,42.00584],[-5.9291,42.00452],[-5.92723,41.99985],[-5.91558,41.99725],[-5.91392,41.99492],[-5.90876,41.98617],[-5.91397,41.97069],[-5.91978,41.96681],[-5.92024,41.96588],[-5.92044,41.96481],[-5.92202,41.9647],[-5.92736,41.96232],[-5.93462,41.96144],[-5.92951,41.95693],[-5.92569,41.95393],[-5.92214,41.95493],[-5.92308,41.9533],[-5.88342,41.96389],[-5.88154,41.96474],[-5.88037,41.96427],[-5.87796,41.96418],[-5.87805,41.96282],[-5.87645,41.96245],[-5.87598,41.96281],[-5.86828,41.96286],[-5.86654,41.96351],[-5.86573,41.9631],[-5.86244,41.96344],[-5.86081,41.96263],[-5.85671,41.96512],[-5.84855,41.9637],[-5.83616,41.96307],[-5.83406,41.96379],[-5.83473,41.96651],[-5.82524,41.9665],[-5.82118,41.97007],[-5.82134,41.97129],[-5.81722,41.97255],[-5.81006,41.972],[-5.80347,41.97476],[-5.80787,41.97756],[-5.80844,41.97834],[-5.80893,41.97996],[-5.8108,41.98247],[-5.8144,41.98323],[-5.81867,41.98332],[-5.8211,41.98365],[-5.83586,41.99573],[-5.83607,41.99594]]]}},{"type":"Feature","properties":{"COD_POSTAL":"49880"},"geometry":{"type":"Polygon","coordinates":[[[-5.50776,41.47785],[-5.51048,41.4769],[-5.51529,41.47734],[-5.5163,41.47717],[-5.51761,41.47605],[-5.51289,41.46763],[-5.51019,41.46863],[-5.50823,41.46995],[-5.50749,41.47131],[-5.50586,41.47188],[-5.50518,41.47258],[-5.50366,41.47292],[-5.49768,41.47285],[-5.49448,41.47223],[-5.4914,41.472],[-5.48559,41.47294],[-5.48158,41.47424],[-5.47913,41.47533],[-5.47542,41.47587],[-5.46713,41.47618],[-5.46302,41.47551],[-5.46176,41.47677],[-5.46001,41.47804],[-5.45838,41.48171],[-5.45763,41.48284],[-5.45566,41.485],[-5.45435,41.4871],[-5.4531,41.48857],[-5.45197,41.4893],[-5.44788,41.49049],[-5.44271,41.49255],[-5.43859,41.4939],[-5.4376,41.49356],[-5.43488,41.49331],[-5.42864,41.49645],[-5.42403,41.49837],[-5.42496,41.50022],[-5.42833,41.50934],[-5.43632,41.50731],[-5.4449,41.50369],[-5.44983,41.50216],[-5.45627,41.50128],[-5.45837,41.50151],[-5.46068,41.50139],[-5.46769,41.50018],[-5.47037,41.49954],[-5.47979,41.49616],[-5.48833,41.49503],[-5.49531,41.49628],[-5.4955,41.4952],[-5.49798,41.48865],[-5.49969,41.48528],[-5.49741,41.48452],[-5.49699,41.48542],[-5.49654,41.48562],[-5.49619,41.48528],[-5.49576,41.48568],[-5.49494,41.48579],[-5.49423,41.48691],[-5.49183,41.48604],[-5.49204,41.48515],[-5.49183,41.48311],[-5.49107,41.48324],[-5.49085,41.48299],[-5.49089,41.48192],[-5.49118,41.4814],[-5.49154,41.48104],[-5.49297,41.48077],[-5.49357,41.47992],[-5.4954,41.47895],[-5.49755,41.47858],[-5.49916,41.47773],[-5.50005,41.47805],[-5.50087,41.47793],[-5.50126,41.47903],[-5.50234,41.47816],[-5.50283,41.47848],[-5.50311,41.47953],[-5.49799,41.48275],[-5.49913,41.48274],[-5.49904,41.48376],[-5.50102,41.48401],[-5.507,41.47855],[-5.50776,41.47785]]]}},{"type":"Feature","properties":{"COD_POSTAL":"49272"},"geometry":{"type":"Polygon","coordinates":[[[-5.94893,41.44901],[-5.95275,41.45248],[-5.9541,41.45308],[-5.95645,41.45348],[-5.96099,41.45338],[-5.96932,41.45504],[-5.97116,41.45472],[-5.97043,41.45312],[-5.97097,41.45141],[-5.97198,41.45061],[-5.97344,41.45019],[-5.97374,41.44973],[-5.97353,41.4489],[-5.97254,41.4477],[-5.97249,41.44616],[-5.9731,41.44403],[-5.97487,41.43995],[-5.97499,41.43931],[-5.97431,41.43701],[-5.97451,41.43578],[-5.97599,41.43279],[-5.97548,41.43176],[-5.97407,41.43014],[-5.97426,41.42832],[-5.97373,41.42683],[-5.97324,41.42375],[-5.97377,41.42222],[-5.97581,41.42028],[-5.97662,41.41992],[-5.97889,41.42005],[-5.97992,41.41945],[-5.98003,41.41909],[-5.9793,41.41793],[-5.98096,41.41457],[-5.98143,41.41221],[-5.9812,41.41076],[-5.96448,41.40696],[-5.9624,41.38318],[-5.97431,41.37226],[-5.97196,41.37107],[-5.96843,41.37008],[-5.96591,41.36894],[-5.96602,41.36845],[-5.95114,41.37163],[-5.92918,41.38215],[-5.92418,41.38138],[-5.92255,41.39581],[-5.92341,41.40797],[-5.93417,41.42725],[-5.93845,41.44128],[-5.93952,41.44156],[-5.94096,41.44245],[-5.94366,41.44537],[-5.94518,41.44641],[-5.94681,41.44816],[-5.94893,41.44901]]]}},{"type":"Feature","properties":{"COD_POSTAL":"49002"},"geometry":{"type":"Polygon","coordinates":[[[-5.7457,41.50423],[-5.74572,41.5039],[-5.74647,41.50308],[-5.74622,41.50201],[-5.74875,41.50076],[-5.74856,41.5002],[-5.74279,41.50037],[-5.74187,41.50086],[-5.73869,41.50064],[-5.73883,41.50329],[-5.7393,41.5031],[-5.73953,41.50323],[-5.73932,41.50091],[-5.74005,41.50094],[-5.74,41.50189],[-5.74077,41.50144],[-5.74082,41.50192],[-5.74053,41.50267],[-5.74006,41.50296],[-5.74204,41.50262],[-5.74201,41.50293],[-5.74058,41.5033],[-5.74078,41.50354],[-5.74179,41.50409],[-5.74538,41.50326],[-5.74569,41.5034],[-5.74505,41.50401],[-5.74556,41.50408],[-5.7457,41.50423]]]}},{"type":"Feature","properties":{"COD_POSTAL":"49691"},"geometry":{"type":"Polygon","coordinates":[[[-5.60559,42.05323],[-5.6042,42.0535],[-5.60089,42.0529],[-5.5978,42.05159],[-5.59692,42.05156],[-5.59568,42.05241],[-5.58661,42.05091],[-5.58846,42.05217],[-5.5889,42.05287],[-5.58889,42.05366],[-5.58758,42.05576],[-5.58779,42.0572],[-5.58451,42.06485],[-5.58351,42.06598],[-5.58414,42.06751],[-5.58554,42.06732],[-5.5865,42.07119],[-5.58888,42.07204],[-5.58939,42.0725],[-5.58958,42.07315],[-5.58947,42.07415],[-5.58875,42.07565],[-5.58982,42.07612],[-5.5885,42.07733],[-5.59139,42.07866],[-5.59283,42.0767],[-5.59387,42.07605],[-5.59455,42.07597],[-5.59733,42.07652],[-5.59782,42.07776],[-5.59686,42.07812],[-5.59661,42.07871],[-5.59682,42.07914],[-5.59734,42.07944],[-5.60315,42.08028],[-5.60344,42.07933],[-5.60421,42.07971],[-5.60437,42.08059],[-5.60531,42.08064],[-5.60624,42.0795],[-5.61624,42.08228],[-5.61966,42.08225],[-5.62487,42.08355],[-5.62878,42.08209],[-5.63067,42.08185],[-5.6265,42.06847],[-5.60559,42.05323]]]}},{"type":"Feature","properties":{"COD_POSTAL":"49395"},"geometry":{"type":"Polygon","coordinates":[[[-6.75912,42.10605],[-6.7756,42.10623],[-6.78376,42.10957],[-6.79231,42.10395],[-6.79255,42.10293],[-6.7901,42.09929],[-6.79489,42.08891],[-6.79429,42.08729],[-6.79459,42.08255],[-6.79357,42.07592],[-6.79585,42.07529],[-6.79371,42.07381],[-6.79014,42.07222],[-6.78707,42.07147],[-6.7885,42.06958],[-6.78797,42.06808],[-6.7838,42.07114],[-6.7622,42.0687],[-6.73375,42.06379],[-6.73075,42.07599],[-6.72117,42.08107],[-6.70044,42.08225],[-6.69282,42.07656],[-6.68305,42.07618],[-6.66849,42.08759],[-6.66686,42.08418],[-6.66602,42.07974],[-6.65772,42.07822],[-6.6568,42.07783],[-6.65468,42.08853],[-6.65764,42.09481],[-6.664,42.09786],[-6.66701,42.09837],[-6.66706,42.10009],[-6.67299,42.10277],[-6.68143,42.10416],[-6.6948,42.10513],[-6.70803,42.10794],[-6.71232,42.10786],[-6.71812,42.10736],[-6.72262,42.10738],[-6.72826,42.10631],[-6.73621,42.10219],[-6.75414,42.10429],[-6.75912,42.10605]]]}},{"type":"Feature","properties":{"COD_POSTAL":"49836"},"geometry":{"type":"Polygon","coordinates":[[[-5.36493,41.56755],[-5.37142,41.56682],[-5.37427,41.56797],[-5.37961,41.56742],[-5.38276,41.56398],[-5.39407,41.56413],[-5.3955,41.56395],[-5.39776,41.56306],[-5.40099,41.56],[-5.40414,41.55766],[-5.40929,41.55483],[-5.41038,41.55393],[-5.41336,41.55473],[-5.41569,41.55346],[-5.42035,41.54938],[-5.42268,41.54831],[-5.42685,41.54729],[-5.42814,41.54783],[-5.43246,41.54868],[-5.43463,41.54878],[-5.43591,41.54918],[-5.4375,41.54903],[-5.43779,41.54293],[-5.3822,41.53038],[-5.36934,41.53244],[-5.33956,41.54687],[-5.3389,41.55241],[-5.33888,41.55511],[-5.34319,41.55629],[-5.34536,41.55621],[-5.34691,41.55762],[-5.35434,41.55997],[-5.3587,41.56193],[-5.36104,41.56394],[-5.36366,41.56771],[-5.36493,41.56755]]]}},{"type":"Feature","properties":{"COD_POSTAL":"49834"},"geometry":{"type":"Polygon","coordinates":[[[-5.41837,41.66181],[-5.41772,41.66273],[-5.41836,41.66315],[-5.41716,41.66413],[-5.41961,41.6646],[-5.42193,41.66431],[-5.42593,41.66569],[-5.4336,41.66532],[-5.43426,41.66439],[-5.43678,41.66356],[-5.4392,41.66205],[-5.43995,41.66185],[-5.44152,41.65977],[-5.44153,41.65896],[-5.44275,41.65876],[-5.44332,41.65979],[-5.44383,41.65999],[-5.44417,41.65939],[-5.44472,41.65658],[-5.44568,41.657],[-5.44753,41.65604],[-5.44836,41.6562],[-5.44849,41.65491],[-5.45125,41.65543],[-5.45217,41.65342],[-5.45307,41.65211],[-5.45469,41.65025],[-5.4559,41.64929],[-5.45469,41.64829],[-5.45308,41.6462],[-5.45258,41.64497],[-5.45144,41.64471],[-5.45199,41.64366],[-5.45027,41.6422],[-5.45087,41.63919],[-5.44986,41.63776],[-5.44913,41.63731],[-5.44968,41.63681],[-5.44899,41.63648],[-5.44985,41.63542],[-5.45055,41.636],[-5.45587,41.63226],[-5.45558,41.6316],[-5.4555,41.6283],[-5.4576,41.62763],[-5.45699,41.62726],[-5.45905,41.62651],[-5.45851,41.62572],[-5.46098,41.62458],[-5.45909,41.62331],[-5.4565,41.62258],[-5.45625,41.62233],[-5.45584,41.62127],[-5.45637,41.61823],[-5.45597,41.6175],[-5.45508,41.61706],[-5.4488,41.61569],[-5.44678,41.6155],[-5.4409,41.61151],[-5.4395,41.61269],[-5.43832,41.61216],[-5.43065,41.61123],[-5.42998,41.61158],[-5.42973,41.6129],[-5.42739,41.61192],[-5.41777,41.61811],[-5.41357,41.61491],[-5.41174,41.61427],[-5.40987,41.61404],[-5.40578,41.61218],[-5.40022,41.61569],[-5.39803,41.61771],[-5.3998,41.61976],[-5.39792,41.62451],[-5.39787,41.6258],[-5.39648,41.62572],[-5.39579,41.62809],[-5.39343,41.63001],[-5.39007,41.63524],[-5.38932,41.63606],[-5.38725,41.6375],[-5.38617,41.63912],[-5.39018,41.63976],[-5.39192,41.64077],[-5.39276,41.64098],[-5.39344,41.64158],[-5.39478,41.64165],[-5.39909,41.64345],[-5.40239,41.64518],[-5.40283,41.64575],[-5.40718,41.64871],[-5.40815,41.64907],[-5.41227,41.64964],[-5.41281,41.65012],[-5.41354,41.6516],[-5.41566,41.65412],[-5.41552,41.65483],[-5.41569,41.65603],[-5.41491,41.65654],[-5.41619,41.65717],[-5.4151,41.65776],[-5.4182,41.65987],[-5.41735,41.66032],[-5.41881,41.66118],[-5.41837,41.66181]]]}},{"type":"Feature","properties":{"COD_POSTAL":"49171"},"geometry":{"type":"Polygon","coordinates":[[[-5.81807,41.41038],[-5.81715,41.41109],[-5.8171,41.41243],[-5.8191,41.41572],[-5.81865,41.41633],[-5.81843,41.41761],[-5.81703,41.4187],[-5.81653,41.41847],[-5.81515,41.41984],[-5.81301,41.42123],[-5.81282,41.42218],[-5.8132,41.42531],[-5.81396,41.42825],[-5.81608,41.42942],[-5.81892,41.42818],[-5.81985,41.42885],[-5.82237,41.42807],[-5.82383,41.42984],[-5.8302,41.42594],[-5.85574,41.42019],[-5.85776,41.4082],[-5.84124,41.40642],[-5.8339,41.41122],[-5.82575,41.40802],[-5.82882,41.40357],[-5.82637,41.40133],[-5.82577,41.40183],[-5.82351,41.40269],[-5.82117,41.40609],[-5.81913,41.40712],[-5.81768,41.409],[-5.81778,41.40933],[-5.81807,41.41038]]]}},{"type":"Feature","properties":{"COD_POSTAL":"49341"},"geometry":{"type":"Polygon","coordinates":[[[-6.3071,42.20243],[-6.30693,42.20295],[-6.30745,42.20355],[-6.30878,42.20444],[-6.31028,42.20605],[-6.31259,42.20659],[-6.31417,42.20658],[-6.31741,42.2052],[-6.31931,42.20405],[-6.32066,42.20235],[-6.32198,42.20329],[-6.32353,42.20355],[-6.32786,42.2004],[-6.32946,42.19986],[-6.33122,42.20029],[-6.33159,42.20108],[-6.33861,42.20371],[-6.34042,42.20476],[-6.34171,42.20509],[-6.34712,42.20053],[-6.35436,42.20056],[-6.38049,42.2015],[-6.38134,42.2021],[-6.38159,42.20315],[-6.38643,42.20203],[-6.38967,42.20231],[-6.3975,42.20079],[-6.39854,42.19956],[-6.3984,42.19789],[-6.40244,42.1974],[-6.40287,42.19619],[-6.404,42.19626],[-6.40487,42.1959],[-6.40783,42.19601],[-6.40984,42.19568],[-6.41288,42.19701],[-6.41549,42.1972],[-6.41677,42.19778],[-6.42295,42.19895],[-6.42634,42.20161],[-6.4279,42.20194],[-6.43802,42.19834],[-6.43984,42.19645],[-6.44072,42.1951],[-6.44194,42.1949],[-6.44221,42.19353],[-6.44488,42.19466],[-6.44556,42.19427],[-6.44605,42.19434],[-6.44687,42.19491],[-6.44882,42.19452],[-6.44962,42.19463],[-6.45179,42.19565],[-6.45309,42.19664],[-6.45482,42.19663],[-6.45584,42.19715],[-6.4567,42.19712],[-6.45815,42.19667],[-6.45986,42.19714],[-6.46144,42.1952],[-6.46543,42.19474],[-6.46734,42.19411],[-6.46881,42.19294],[-6.4692,42.19172],[-6.46975,42.19122],[-6.47161,42.1903],[-6.47234,42.18891],[-6.47348,42.18861],[-6.47589,42.18463],[-6.47679,42.18359],[-6.47558,42.18078],[-6.47541,42.17954],[-6.47479,42.17788],[-6.47405,42.17648],[-6.47374,42.17492],[-6.47285,42.17341],[-6.47203,42.17281],[-6.46761,42.17021],[-6.45988,42.16684],[-6.45644,42.1658],[-6.45568,42.16513],[-6.44723,42.16215],[-6.44398,42.16068],[-6.44203,42.15932],[-6.4411,42.15833],[-6.42932,42.15104],[-6.42769,42.14934],[-6.42626,42.14594],[-6.42577,42.14283],[-6.4263,42.14082],[-6.42747,42.13983],[-6.42992,42.1385],[-6.43362,42.13163],[-6.42801,42.13133],[-6.41955,42.1357],[-6.40408,42.13724],[-6.39198,42.13724],[-6.38067,42.13597],[-6.37345,42.13378],[-6.37367,42.13556],[-6.37472,42.1377],[-6.36553,42.13629],[-6.35342,42.13214],[-6.34743,42.13161],[-6.34569,42.11535],[-6.33856,42.10594],[-6.32207,42.10898],[-6.31525,42.10692],[-6.3056,42.09912],[-6.29556,42.10457],[-6.29232,42.11423],[-6.28678,42.11786],[-6.29067,42.11984],[-6.29432,42.12364],[-6.29549,42.1245],[-6.29745,42.12514],[-6.30694,42.13001],[-6.3075,42.13122],[-6.313,42.13432],[-6.31446,42.13603],[-6.31705,42.13768],[-6.31695,42.13835],[-6.32051,42.1443],[-6.32655,42.15237],[-6.32861,42.15411],[-6.3289,42.15618],[-6.32989,42.15711],[-6.33016,42.15864],[-6.32967,42.16023],[-6.33009,42.16179],[-6.32946,42.16277],[-6.32882,42.16568],[-6.32932,42.16795],[-6.32923,42.16869],[-6.33009,42.16959],[-6.33178,42.17041],[-6.3333,42.17184],[-6.29373,42.17803],[-6.29425,42.18226],[-6.29848,42.18362],[-6.29986,42.187],[-6.30307,42.19212],[-6.30323,42.19342],[-6.30467,42.19553],[-6.30477,42.19625],[-6.3058,42.19779],[-6.30604,42.19893],[-6.30695,42.20057],[-6.3071,42.20243]]]}},{"type":"Feature","properties":{"COD_POSTAL":"49571"},"geometry":{"type":"Polygon","coordinates":[[[-6.85438,42.01824],[-6.85583,42.0184],[-6.8625,42.01487],[-6.87938,42.01658],[-6.89347,42.01746],[-6.89971,42.0182],[-6.91026,42.01239],[-6.92198,42.0131],[-6.9329,42.0094],[-6.93675,42.00973],[-6.93716,42.01006],[-6.93732,42.00037],[-6.89846,41.9851],[-6.8672,41.99194],[-6.85006,42.01791],[-6.85438,42.01824]]]}},{"type":"Feature","properties":{"COD_POSTAL":"49329"},"geometry":{"type":"Polygon","coordinates":[[[-6.04579,41.98972],[-6.04739,41.98948],[-6.04875,41.98957],[-6.04797,41.99339],[-6.05543,41.99417],[-6.05565,41.99954],[-6.05823,42.00064],[-6.07106,42.00786],[-6.07293,42.00659],[-6.0923,42.01523],[-6.09454,42.01426],[-6.09971,41.99542],[-6.09438,41.99622],[-6.09223,41.99609],[-6.09086,41.99568],[-6.09006,41.9948],[-6.08978,41.99366],[-6.09069,41.9915],[-6.09049,41.99036],[-6.08875,41.98924],[-6.08609,41.98685],[-6.08457,41.98593],[-6.08291,41.98532],[-6.07939,41.98454],[-6.07782,41.98379],[-6.07667,41.98286],[-6.07602,41.98173],[-6.07399,41.97997],[-6.07205,41.97906],[-6.06992,41.97864],[-6.06711,41.97926],[-6.06578,41.98024],[-6.06407,41.98096],[-6.06087,41.98346],[-6.05896,41.9843],[-6.058,41.9843],[-6.05486,41.98287],[-6.05324,41.98273],[-6.04932,41.98311],[-6.0476,41.98418],[-6.04774,41.98495],[-6.0475,41.9876],[-6.04579,41.98972]]]}},{"type":"Feature","properties":{"COD_POSTAL":"49882"},"geometry":{"type":"Polygon","coordinates":[[[-5.47771,41.42913],[-5.47741,41.42805],[-5.47729,41.42545],[-5.47762,41.42391],[-5.47878,41.42121],[-5.48043,41.41869],[-5.48274,41.41593],[-5.48332,41.41446],[-5.48355,41.41304],[-5.48361,41.41203],[-5.48303,41.4096],[-5.48305,41.40633],[-5.48354,41.40372],[-5.48319,41.40109],[-5.48084,41.39798],[-5.48046,41.39585],[-5.47929,41.39409],[-5.47983,41.39221],[-5.46705,41.39959],[-5.46652,41.40183],[-5.46503,41.40413],[-5.46376,41.40694],[-5.46345,41.40823],[-5.46381,41.41027],[-5.46292,41.41386],[-5.46123,41.41473],[-5.45986,41.4159],[-5.45883,41.41724],[-5.44964,41.42126],[-5.4468,41.42223],[-5.43705,41.43069],[-5.43919,41.43596],[-5.43681,41.44671],[-5.44041,41.4557],[-5.4437,41.45914],[-5.44851,41.46297],[-5.44931,41.46314],[-5.45494,41.45698],[-5.45529,41.45724],[-5.45611,41.46026],[-5.45692,41.46122],[-5.46266,41.45508],[-5.46953,41.45016],[-5.47341,41.44611],[-5.47315,41.43742],[-5.47373,41.43641],[-5.47465,41.4356],[-5.47729,41.43232],[-5.47808,41.43045],[-5.47775,41.42927],[-5.47771,41.42913]]]}},{"type":"Feature","properties":{"COD_POSTAL":"49177"},"geometry":{"type":"Polygon","coordinates":[[[-5.97079,41.1669],[-5.97149,41.16614],[-5.97203,41.16226],[-5.9699,41.15902],[-5.96884,41.15675],[-5.9665,41.15591],[-5.96429,41.15213],[-5.96326,41.1501],[-5.96271,41.14819],[-5.96321,41.14727],[-5.9627,41.14685],[-5.96317,41.14604],[-5.95859,41.14425],[-5.95557,41.14363],[-5.95437,41.14293],[-5.95325,41.1401],[-5.9524,41.14044],[-5.95131,41.14027],[-5.94849,41.14236],[-5.94779,41.14268],[-5.94701,41.1423],[-5.94508,41.14418],[-5.94658,41.14547],[-5.94603,41.14598],[-5.94769,41.14776],[-5.9445,41.15029],[-5.9441,41.15049],[-5.9404,41.15028],[-5.94002,41.15075],[-5.93872,41.15038],[-5.93387,41.15146],[-5.93713,41.15755],[-5.93712,41.15842],[-5.93669,41.15872],[-5.93164,41.15769],[-5.93061,41.15956],[-5.93226,41.16408],[-5.93257,41.16607],[-5.92678,41.17106],[-5.92675,41.17182],[-5.92573,41.17378],[-5.92504,41.17455],[-5.92209,41.17583],[-5.91717,41.17452],[-5.91559,41.17433],[-5.91482,41.17721],[-5.91313,41.17834],[-5.91393,41.17934],[-5.91391,41.18122],[-5.9142,41.18194],[-5.91507,41.18197],[-5.91526,41.18244],[-5.91456,41.18252],[-5.91394,41.1838],[-5.91479,41.18396],[-5.9152,41.18684],[-5.91606,41.18749],[-5.91657,41.18907],[-5.91629,41.18984],[-5.91707,41.1924],[-5.91724,41.20103],[-5.91762,41.20177],[-5.91751,41.20262],[-5.91783,41.20486],[-5.91865,41.2052],[-5.91854,41.20673],[-5.91916,41.20907],[-5.9204,41.21147],[-5.92078,41.2135],[-5.92048,41.21477],[-5.92133,41.21815],[-5.92035,41.21963],[-5.91769,41.22207],[-5.9169,41.22495],[-5.91576,41.22569],[-5.91326,41.22799],[-5.91382,41.22932],[-5.91351,41.23077],[-5.9084,41.2322],[-5.9068,41.23392],[-5.90234,41.23547],[-5.90139,41.23703],[-5.89767,41.23859],[-5.89926,41.24009],[-5.90071,41.24266],[-5.90257,41.24496],[-5.90367,41.24594],[-5.9009,41.29208],[-5.92339,41.32565],[-5.93297,41.32027],[-5.93914,41.31981],[-5.93703,41.31633],[-5.93491,41.31202],[-5.93393,41.30926],[-5.93911,41.30524],[-5.95054,41.29755],[-5.95581,41.29343],[-5.95662,41.29209],[-5.95726,41.28932],[-5.96114,41.2906],[-5.96549,41.29082],[-5.96933,41.29209],[-5.97015,41.29266],[-5.97838,41.29234],[-5.97936,41.29213],[-5.9821,41.29028],[-5.98727,41.28746],[-5.98903,41.28665],[-5.99083,41.28626],[-5.99475,41.28386],[-5.99588,41.28371],[-5.99606,41.28247],[-5.99803,41.27935],[-5.99936,41.27464],[-6.00046,41.27338],[-6.00182,41.27229],[-6.00426,41.27098],[-6.00483,41.27025],[-6.00718,41.26839],[-6.0119,41.26668],[-6.01369,41.26565],[-6.01616,41.26364],[-6.01819,41.26263],[-6.0191,41.26082],[-6.0209,41.25947],[-6.02235,41.25957],[-6.02341,41.26007],[-6.0291,41.24223],[-6.03179,41.24049],[-6.03192,41.23998],[-6.03524,41.23936],[-6.03684,41.23844],[-6.04028,41.23619],[-6.04336,41.23379],[-6.04371,41.23275],[-6.04736,41.23041],[-6.04906,41.22857],[-6.05025,41.22809],[-6.05269,41.22632],[-6.05341,41.22547],[-6.05701,41.22351],[-6.05906,41.22283],[-6.06201,41.22105],[-6.05849,41.21471],[-6.05657,41.21427],[-6.0552,41.21293],[-6.04672,41.20901],[-6.04576,41.20897],[-6.04264,41.20798],[-6.04009,41.20822],[-6.03732,41.20693],[-6.0352,41.2068],[-6.03067,41.20561],[-6.02936,41.20505],[-6.02893,41.20446],[-6.02609,41.20335],[-6.02441,41.20305],[-6.02161,41.20341],[-6.02039,41.20278],[-6.01535,41.20235],[-6.01293,41.2013],[-6.012,41.2016],[-6.00883,41.2005],[-6.01097,41.19379],[-6.01224,41.19367],[-6.01824,41.19026],[-6.01996,41.18799],[-6.02097,41.18699],[-6.02254,41.1861],[-6.02352,41.18482],[-6.0242,41.18358],[-6.0237,41.18301],[-6.02376,41.18206],[-6.02633,41.17952],[-6.0275,41.17912],[-6.02714,41.17831],[-6.02754,41.17665],[-6.02805,41.17571],[-6.02778,41.17413],[-6.02823,41.17093],[-6.02748,41.1684],[-6.02772,41.16691],[-6.0282,41.16652],[-6.02666,41.16336],[-6.02526,41.16168],[-6.02532,41.16111],[-6.02586,41.16024],[-6.02484,41.15933],[-6.02389,41.15737],[-6.02183,41.15526],[-6.02076,41.15456],[-6.01939,41.1538],[-6.01629,41.15298],[-6.0098,41.15206],[-6.00703,41.15218],[-6.00532,41.15308],[-6.00393,41.15345],[-6.00257,41.15314],[-6.00058,41.15536],[-5.99981,41.15746],[-5.99675,41.15893],[-5.99587,41.1612],[-5.99471,41.1629],[-5.99247,41.16488],[-5.99169,41.16621],[-5.98886,41.16827],[-5.98787,41.16932],[-5.98505,41.17334],[-5.97922,41.17457],[-5.97606,41.17372],[-5.97413,41.1726],[-5.97278,41.17112],[-5.9722,41.16963],[-5.97144,41.1688],[-5.97128,41.16737],[-5.97079,41.1669]]]}},{"type":"Feature","properties":{"COD_POSTAL":"49730"},"geometry":{"type":"Polygon","coordinates":[[[-5.78129,41.57236],[-5.77842,41.57229],[-5.77582,41.57264],[-5.77477,41.57126],[-5.77358,41.57108],[-5.77034,41.56703],[-5.76629,41.5668],[-5.76553,41.56579],[-5.76509,41.56616],[-5.76199,41.56436],[-5.75994,41.56518],[-5.75876,41.56432],[-5.75821,41.56358],[-5.75714,41.56305],[-5.75241,41.56153],[-5.74874,41.5611],[-5.74774,41.56173],[-5.74682,41.56128],[-5.74465,41.56224],[-5.74363,41.56118],[-5.74296,41.55994],[-5.7414,41.56023],[-5.73939,41.56015],[-5.73706,41.55878],[-5.73402,41.5586],[-5.73254,41.56253],[-5.73172,41.56632],[-5.73103,41.56806],[-5.73116,41.56842],[-5.73094,41.56965],[-5.73016,41.57084],[-5.72994,41.57213],[-5.72848,41.57516],[-5.72817,41.57537],[-5.72675,41.57881],[-5.72355,41.58395],[-5.71862,41.58817],[-5.71659,41.59165],[-5.7153,41.59572],[-5.72108,41.59643],[-5.72744,41.59677],[-5.73041,41.59787],[-5.73546,41.59836],[-5.74195,41.60004],[-5.75045,41.60077],[-5.75436,41.60042],[-5.75727,41.60532],[-5.75867,41.60686],[-5.75943,41.60828],[-5.76225,41.6106],[-5.76241,41.6127],[-5.76317,41.61419],[-5.76366,41.61601],[-5.76474,41.61759],[-5.76833,41.62066],[-5.78518,41.61351],[-5.78782,41.61066],[-5.7891,41.60703],[-5.79392,41.60324],[-5.79005,41.5899],[-5.78122,41.57564],[-5.78194,41.57277],[-5.78129,41.57236]]]}},{"type":"Feature","properties":{"COD_POSTAL":"49810"},"geometry":{"type":"Polygon","coordinates":[[[-5.29417,41.57456],[-5.29348,41.57259],[-5.29749,41.57173],[-5.29968,41.57157],[-5.29933,41.57253],[-5.30056,41.57281],[-5.30166,41.57462],[-5.30234,41.57457],[-5.30235,41.57546],[-5.30307,41.57542],[-5.30743,41.5741],[-5.30825,41.57507],[-5.30997,41.57485],[-5.31007,41.57402],[-5.31185,41.5734],[-5.31237,41.57377],[-5.31343,41.5735],[-5.31546,41.57462],[-5.31741,41.57437],[-5.31847,41.57379],[-5.31909,41.57301],[-5.31935,41.57125],[-5.31975,41.57054],[-5.32144,41.56883],[-5.32218,41.56653],[-5.32329,41.56476],[-5.3276,41.5611],[-5.33154,41.55813],[-5.33233,41.55661],[-5.33723,41.55153],[-5.33928,41.5502],[-5.33957,41.54671],[-5.33755,41.54647],[-5.33524,41.54553],[-5.32874,41.54355],[-5.32664,41.54353],[-5.32581,41.54344],[-5.32585,41.5433],[-5.33131,41.54053],[-5.33466,41.53977],[-5.33755,41.53855],[-5.33938,41.5383],[-5.34295,41.53711],[-5.34542,41.53672],[-5.34447,41.53562],[-5.34424,41.53431],[-5.34442,41.53326],[-5.34367,41.53129],[-5.33998,41.53083],[-5.3363,41.52685],[-5.33903,41.52604],[-5.33897,41.52335],[-5.33679,41.52094],[-5.33698,41.52044],[-5.33527,41.51941],[-5.33226,41.51592],[-5.33076,41.51334],[-5.33077,41.51273],[-5.33238,41.51076],[-5.33478,41.50927],[-5.33552,41.50839],[-5.33632,41.50645],[-5.33621,41.50493],[-5.33592,41.50455],[-5.33485,41.50409],[-5.33353,41.50403],[-5.33206,41.50346],[-5.33117,41.50373],[-5.32954,41.50259],[-5.32843,41.50225],[-5.32794,41.50219],[-5.32735,41.50255],[-5.32689,41.50142],[-5.32654,41.50112],[-5.325,41.50074],[-5.32357,41.49951],[-5.32298,41.49952],[-5.32283,41.49807],[-5.32086,41.49593],[-5.32009,41.49227],[-5.31854,41.49244],[-5.31692,41.49214],[-5.31573,41.49126],[-5.31401,41.49143],[-5.31097,41.4903],[-5.30464,41.49616],[-5.30392,41.49741],[-5.30174,41.49908],[-5.29918,41.50022],[-5.29624,41.50117],[-5.29297,41.50156],[-5.29149,41.50081],[-5.2896,41.50106],[-5.28623,41.50265],[-5.28323,41.50331],[-5.28013,41.50508],[-5.27897,41.50514],[-5.27716,41.50636],[-5.27408,41.5053],[-5.2702,41.5044],[-5.26887,41.50542],[-5.26188,41.50368],[-5.25957,41.50622],[-5.25755,41.50767],[-5.25277,41.51029],[-5.25048,41.51208],[-5.24725,41.51387],[-5.24491,41.51596],[-5.24168,41.51979],[-5.23621,41.51851],[-5.23384,41.51773],[-5.23281,41.51997],[-5.23222,41.52041],[-5.23153,41.52022],[-5.23011,41.52717],[-5.2296,41.52805],[-5.22887,41.52843],[-5.23315,41.53079],[-5.23297,41.53248],[-5.2337,41.53417],[-5.23434,41.53504],[-5.23802,41.53785],[-5.23948,41.54051],[-5.24084,41.54065],[-5.24358,41.54274],[-5.24446,41.54373],[-5.24535,41.54357],[-5.24637,41.54468],[-5.2471,41.54466],[-5.24765,41.54513],[-5.24779,41.54677],[-5.25199,41.54667],[-5.25742,41.54709],[-5.25691,41.54811],[-5.26401,41.55165],[-5.26472,41.55113],[-5.27024,41.5513],[-5.27216,41.55065],[-5.27265,41.55018],[-5.27348,41.55096],[-5.27418,41.55268],[-5.27331,41.55426],[-5.27339,41.55509],[-5.27286,41.5558],[-5.27282,41.55635],[-5.272,41.55705],[-5.27267,41.55863],[-5.27262,41.55919],[-5.27857,41.56122],[-5.28051,41.56215],[-5.27934,41.56425],[-5.28032,41.5653],[-5.28294,41.56693],[-5.2832,41.56862],[-5.28489,41.56972],[-5.28653,41.56989],[-5.2877,41.57035],[-5.28861,41.57095],[-5.28916,41.57192],[-5.29307,41.57437],[-5.29417,41.57456]]]}},{"type":"Feature","properties":{"COD_POSTAL":"49706"},"geometry":{"type":"Polygon","coordinates":[[[-5.76325,41.31475],[-5.76566,41.31237],[-5.76679,41.30988],[-5.76767,41.30851],[-5.76835,41.30648],[-5.76968,41.30483],[-5.77119,41.30354],[-5.77233,41.29975],[-5.77384,41.2968],[-5.77401,41.29552],[-5.77709,41.29197],[-5.77806,41.28981],[-5.77975,41.287],[-5.78118,41.28611],[-5.78204,41.28406],[-5.76657,41.28103],[-5.76,41.27946],[-5.76247,41.26848],[-5.76115,41.26531],[-5.7604,41.26432],[-5.75926,41.26108],[-5.75035,41.26433],[-5.74334,41.26578],[-5.74104,41.26603],[-5.73631,41.2657],[-5.73161,41.26689],[-5.72932,41.267],[-5.72603,41.26679],[-5.72418,41.26717],[-5.71718,41.26954],[-5.71517,41.27092],[-5.71404,41.27239],[-5.71103,41.27739],[-5.70778,41.28096],[-5.70439,41.28386],[-5.70232,41.28674],[-5.70102,41.28797],[-5.69775,41.28225],[-5.68972,41.28181],[-5.66825,41.26694],[-5.67106,41.2702],[-5.67385,41.27285],[-5.67698,41.27672],[-5.67762,41.27841],[-5.67795,41.27985],[-5.67733,41.2819],[-5.67704,41.28513],[-5.67739,41.28728],[-5.67794,41.28864],[-5.678,41.28967],[-5.6776,41.29134],[-5.67828,41.29357],[-5.6795,41.29524],[-5.68107,41.29645],[-5.68274,41.29973],[-5.68376,41.30122],[-5.68384,41.30277],[-5.68353,41.30458],[-5.68485,41.30994],[-5.68503,41.31287],[-5.68897,41.32258],[-5.692,41.33358],[-5.69222,41.33565],[-5.6911,41.35075],[-5.69514,41.35005],[-5.70764,41.34204],[-5.72379,41.33816],[-5.75254,41.33218],[-5.75538,41.32955],[-5.75386,41.32227],[-5.76019,41.31658],[-5.76259,41.31604],[-5.76325,41.31475]]]}},{"type":"Feature","properties":{"COD_POSTAL":"49583"},"geometry":{"type":"Polygon","coordinates":[[[-6.7856,42.25391],[-6.78756,42.25418],[-6.79149,42.25216],[-6.79415,42.24945],[-6.79385,42.24828],[-6.79295,42.24666],[-6.79519,42.24458],[-6.79588,42.24232],[-6.79946,42.24149],[-6.80145,42.24077],[-6.80318,42.23867],[-6.80242,42.23555],[-6.80065,42.23286],[-6.79712,42.22886],[-6.79502,42.22772],[-6.79525,42.22509],[-6.79502,42.22453],[-6.79413,42.22375],[-6.79099,42.21833],[-6.78832,42.21675],[-6.78714,42.21572],[-6.79477,42.21219],[-6.79671,42.20905],[-6.80074,42.2165],[-6.80234,42.21846],[-6.80927,42.21967],[-6.81289,42.21999],[-6.81596,42.22079],[-6.8199,42.22303],[-6.82663,42.22464],[-6.82974,42.22609],[-6.83791,42.22644],[-6.84032,42.22703],[-6.8436,42.2283],[-6.84857,42.22753],[-6.85438,42.22709],[-6.85527,42.22681],[-6.85675,42.22714],[-6.85912,42.22618],[-6.86255,42.22532],[-6.86586,42.22385],[-6.86661,42.22393],[-6.86799,42.22312],[-6.86987,42.22375],[-6.87265,42.22165],[-6.87477,42.22059],[-6.87622,42.22033],[-6.87639,42.21971],[-6.87824,42.21952],[-6.87774,42.21836],[-6.88689,42.21435],[-6.89328,42.2072],[-6.88886,42.20228],[-6.8888,42.20185],[-6.90108,42.18962],[-6.91108,42.18839],[-6.91477,42.18943],[-6.91974,42.18653],[-6.9258,42.18376],[-6.92802,42.1824],[-6.93832,42.17744],[-6.93852,42.17682],[-6.94121,42.17491],[-6.94279,42.17334],[-6.94351,42.17226],[-6.94117,42.1693],[-6.94102,42.16686],[-6.9417,42.16177],[-6.9444,42.15399],[-6.94662,42.14559],[-6.94597,42.14481],[-6.94455,42.14168],[-6.94263,42.13923],[-6.93727,42.13834],[-6.93118,42.13932],[-6.92416,42.1367],[-6.92069,42.13511],[-6.91662,42.13446],[-6.90746,42.13087],[-6.90943,42.12849],[-6.91094,42.12469],[-6.91449,42.12179],[-6.91862,42.11934],[-6.91985,42.11431],[-6.92478,42.11086],[-6.92831,42.11015],[-6.93159,42.10754],[-6.94073,42.10099],[-6.94921,42.0929],[-6.95199,42.08992],[-6.95301,42.08838],[-6.95434,42.08725],[-6.95803,42.08147],[-6.96159,42.07826],[-6.96489,42.07774],[-6.97257,42.07544],[-6.97446,42.05779],[-6.9744,42.05603],[-6.97119,42.05454],[-6.95795,42.07233],[-6.94481,42.08193],[-6.94256,42.08386],[-6.9318,42.08675],[-6.92747,42.08386],[-6.92121,42.08672],[-6.91722,42.0891],[-6.91023,42.09224],[-6.90495,42.09443],[-6.9032,42.09479],[-6.90077,42.09664],[-6.89926,42.09649],[-6.89813,42.09695],[-6.8959,42.09903],[-6.8939,42.09973],[-6.89143,42.09967],[-6.86425,42.08784],[-6.85737,42.0862],[-6.85439,42.08626],[-6.85085,42.08566],[-6.8454,42.07774],[-6.83969,42.06288],[-6.83441,42.05715],[-6.82596,42.05838],[-6.82432,42.06823],[-6.81041,42.07171],[-6.80582,42.07065],[-6.78707,42.07147],[-6.79014,42.07222],[-6.79371,42.07381],[-6.79585,42.07529],[-6.79357,42.07592],[-6.79459,42.08255],[-6.79429,42.08729],[-6.79489,42.08891],[-6.7901,42.09929],[-6.79255,42.10293],[-6.79231,42.10395],[-6.78376,42.10957],[-6.78441,42.11084],[-6.78647,42.11105],[-6.78798,42.11247],[-6.78851,42.1135],[-6.79345,42.11501],[-6.79757,42.11489],[-6.80054,42.11627],[-6.80224,42.11783],[-6.80286,42.11915],[-6.80289,42.12041],[-6.8051,42.12278],[-6.80605,42.12511],[-6.80612,42.12699],[-6.80707,42.12778],[-6.80617,42.13047],[-6.8069,42.13296],[-6.80524,42.13471],[-6.80579,42.13678],[-6.80453,42.13868],[-6.80221,42.1409],[-6.79821,42.14273],[-6.79379,42.1472],[-6.79177,42.1486],[-6.78804,42.15174],[-6.78643,42.1538],[-6.78575,42.15398],[-6.79151,42.16787],[-6.78786,42.17436],[-6.77299,42.18527],[-6.76242,42.18315],[-6.76245,42.19349],[-6.75731,42.19885],[-6.75057,42.2022],[-6.74267,42.20707],[-6.73416,42.21073],[-6.72753,42.21393],[-6.72653,42.21491],[-6.72372,42.21688],[-6.72306,42.21792],[-6.72286,42.21974],[-6.72362,42.22086],[-6.72441,42.22098],[-6.72522,42.22341],[-6.72749,42.2226],[-6.73059,42.22309],[-6.73329,42.22402],[-6.73503,42.22767],[-6.73545,42.22794],[-6.73548,42.23019],[-6.73302,42.23173],[-6.73484,42.2356],[-6.73613,42.2356],[-6.73738,42.2361],[-6.73971,42.23802],[-6.74299,42.24017],[-6.74535,42.23929],[-6.75327,42.23843],[-6.75574,42.23955],[-6.75718,42.2385],[-6.75824,42.23876],[-6.75909,42.23866],[-6.76114,42.23987],[-6.76196,42.24171],[-6.76596,42.24555],[-6.77007,42.24696],[-6.77036,42.24765],[-6.77259,42.24841],[-6.77449,42.24951],[-6.78432,42.25362],[-6.7856,42.25391]]]}},{"type":"Feature","properties":{"COD_POSTAL":"49323"},"geometry":{"type":"Polygon","coordinates":[[[-6.55776,42.20711],[-6.56785,42.20606],[-6.57109,42.20491],[-6.57371,42.20491],[-6.57565,42.20585],[-6.57796,42.20662],[-6.58179,42.20618],[-6.58764,42.20798],[-6.58876,42.20791],[-6.59362,42.20641],[-6.59718,42.20352],[-6.60386,42.204],[-6.60712,42.20588],[-6.60901,42.20549],[-6.6107,42.20479],[-6.61327,42.20321],[-6.61401,42.20126],[-6.61603,42.1997],[-6.61638,42.19843],[-6.61129,42.19446],[-6.6091,42.19225],[-6.60856,42.19042],[-6.60486,42.1869],[-6.60494,42.18346],[-6.60328,42.18155],[-6.60193,42.17912],[-6.59948,42.17709],[-6.59522,42.17483],[-6.5911,42.17183],[-6.58431,42.16499],[-6.584,42.16415],[-6.57936,42.16196],[-6.57465,42.15545],[-6.57441,42.15221],[-6.57638,42.15153],[-6.57853,42.14974],[-6.57994,42.14773],[-6.5818,42.14585],[-6.58215,42.1449],[-6.58478,42.14227],[-6.58509,42.14141],[-6.58551,42.13779],[-6.58683,42.13537],[-6.59125,42.13],[-6.59503,42.12389],[-6.58036,42.11317],[-6.58349,42.10971],[-6.58939,42.11053],[-6.58842,42.10735],[-6.58505,42.1045],[-6.58063,42.10203],[-6.57891,42.10032],[-6.57479,42.09849],[-6.55753,42.08858],[-6.55701,42.08645],[-6.55616,42.08547],[-6.55321,42.08467],[-6.53173,42.12091],[-6.5332,42.12378],[-6.52854,42.16458],[-6.5124,42.19167],[-6.51026,42.19701],[-6.51272,42.19799],[-6.51425,42.19894],[-6.51598,42.19898],[-6.51796,42.19954],[-6.51877,42.20065],[-6.52103,42.20021],[-6.526,42.20336],[-6.52962,42.20272],[-6.5308,42.20278],[-6.54395,42.20538],[-6.5476,42.20588],[-6.55547,42.20625],[-6.55776,42.20711]]]}},{"type":"Feature","properties":{"COD_POSTAL":"49330"},"geometry":{"type":"Polygon","coordinates":[[[-6.14549,41.976],[-6.14444,41.97626],[-6.14344,41.98664],[-6.13743,42.02229],[-6.14946,42.02865],[-6.15547,42.02842],[-6.15915,42.02885],[-6.16046,42.0285],[-6.16915,42.02965],[-6.17889,42.03048],[-6.18237,42.03133],[-6.18612,42.03281],[-6.18705,42.03269],[-6.18738,42.03312],[-6.18768,42.03298],[-6.19051,42.03342],[-6.19232,42.03411],[-6.19732,42.03821],[-6.19896,42.0387],[-6.2012,42.03619],[-6.20482,42.02768],[-6.20679,42.02204],[-6.20911,42.02039],[-6.20519,42.01386],[-6.20181,42.01282],[-6.1977,42.00841],[-6.19532,42.00466],[-6.19895,42.00178],[-6.19933,41.99403],[-6.19845,41.99406],[-6.19688,41.99334],[-6.20343,41.98124],[-6.2018,41.98066],[-6.2002,41.97941],[-6.19818,41.97749],[-6.19802,41.97671],[-6.19692,41.97528],[-6.1934,41.97411],[-6.18897,41.97517],[-6.18399,41.9742],[-6.18283,41.97425],[-6.18057,41.97505],[-6.17753,41.97449],[-6.17381,41.97263],[-6.17194,41.97209],[-6.16953,41.97224],[-6.16523,41.97116],[-6.16236,41.97177],[-6.16043,41.97327],[-6.15935,41.97454],[-6.15917,41.97528],[-6.15836,41.97623],[-6.15764,41.97655],[-6.15503,41.97656],[-6.14953,41.97555],[-6.14622,41.97588],[-6.14549,41.976]]]}},{"type":"Feature","properties":{"COD_POSTAL":"49638"},"geometry":{"type":"Polygon","coordinates":[[[-5.44471,41.9032],[-5.44101,41.89952],[-5.43541,41.89746],[-5.43154,41.89539],[-5.428,41.89443],[-5.42288,41.89232],[-5.41312,41.88889],[-5.41124,41.88942],[-5.40953,41.88937],[-5.40808,41.89006],[-5.40369,41.89076],[-5.40191,41.89127],[-5.3963,41.8947],[-5.39195,41.89799],[-5.38916,41.8997],[-5.38871,41.90271],[-5.38786,41.90328],[-5.38767,41.9053],[-5.38642,41.90748],[-5.38909,41.91168],[-5.39164,41.91451],[-5.39257,41.91611],[-5.39292,41.91759],[-5.39363,41.91791],[-5.39299,41.92213],[-5.39064,41.92324],[-5.39046,41.92407],[-5.3908,41.92696],[-5.39202,41.92703],[-5.39354,41.92788],[-5.39293,41.93028],[-5.39663,41.93246],[-5.39736,41.93456],[-5.39802,41.93513],[-5.40086,41.93424],[-5.40213,41.93483],[-5.40683,41.9352],[-5.40813,41.93567],[-5.40752,41.93738],[-5.43118,41.94735],[-5.43737,41.94712],[-5.4424,41.9406],[-5.44284,41.93872],[-5.44286,41.93636],[-5.44333,41.93416],[-5.44639,41.93151],[-5.44313,41.92983],[-5.44658,41.92422],[-5.45095,41.92319],[-5.45249,41.92254],[-5.44847,41.91553],[-5.44519,41.91165],[-5.44598,41.91069],[-5.44516,41.90908],[-5.44688,41.90808],[-5.44581,41.90705],[-5.44617,41.90656],[-5.4438,41.90415],[-5.44471,41.9032]]]}},{"type":"Feature","properties":{"COD_POSTAL":"49173"},"geometry":{"type":"Polygon","coordinates":[[[-5.83146,41.39515],[-5.83683,41.38832],[-5.84871,41.38981],[-5.86136,41.40169],[-5.86544,41.39872],[-5.86782,41.39827],[-5.86653,41.39149],[-5.87494,41.38337],[-5.87494,41.3811],[-5.8691,41.37872],[-5.85659,41.3692],[-5.85048,41.35962],[-5.84979,41.35907],[-5.84808,41.35233],[-5.84797,41.35014],[-5.84498,41.34948],[-5.84444,41.34912],[-5.84334,41.34797],[-5.8432,41.34673],[-5.837,41.3424],[-5.83542,41.34257],[-5.82896,41.34628],[-5.82673,41.34706],[-5.81919,41.34877],[-5.81888,41.34954],[-5.81757,41.35021],[-5.8169,41.35118],[-5.81593,41.35181],[-5.81476,41.35119],[-5.81354,41.34998],[-5.81285,41.34999],[-5.81155,41.35167],[-5.81071,41.35399],[-5.81042,41.35602],[-5.8098,41.35652],[-5.80873,41.35669],[-5.80478,41.35599],[-5.80463,41.35664],[-5.80373,41.35769],[-5.80011,41.36065],[-5.79966,41.36149],[-5.79862,41.36254],[-5.79811,41.36433],[-5.79876,41.36524],[-5.8001,41.36612],[-5.80187,41.36781],[-5.80087,41.37185],[-5.80166,41.37323],[-5.80176,41.37432],[-5.80086,41.37516],[-5.79979,41.37539],[-5.79998,41.37712],[-5.79931,41.37807],[-5.80005,41.37855],[-5.80115,41.37869],[-5.80417,41.37863],[-5.80685,41.37894],[-5.80934,41.37856],[-5.80904,41.37806],[-5.81105,41.37776],[-5.81165,41.37875],[-5.81153,41.38038],[-5.81233,41.38052],[-5.81154,41.3828],[-5.81154,41.38441],[-5.81256,41.3861],[-5.81243,41.38716],[-5.81491,41.38767],[-5.81541,41.38839],[-5.8143,41.3903],[-5.81323,41.39102],[-5.81483,41.39188],[-5.81511,41.39264],[-5.81753,41.39379],[-5.81951,41.39531],[-5.8201,41.39547],[-5.82299,41.39449],[-5.83146,41.39515]]]}},{"type":"Feature","properties":{"COD_POSTAL":"49680"},"geometry":{"type":"Polygon","coordinates":[[[-5.49271,42.03329],[-5.48651,42.0388],[-5.48931,42.04139],[-5.49584,42.04557],[-5.49622,42.04919],[-5.50085,42.05303],[-5.5035,42.05447],[-5.50543,42.05612],[-5.50774,42.05751],[-5.51108,42.05605],[-5.51391,42.05824],[-5.51588,42.05931],[-5.51664,42.05868],[-5.518,42.06036],[-5.52101,42.06333],[-5.5225,42.064],[-5.52314,42.06472],[-5.52428,42.0678],[-5.52622,42.06963],[-5.53077,42.0769],[-5.53158,42.07751],[-5.53538,42.07903],[-5.53582,42.07986],[-5.5377,42.08047],[-5.53873,42.08181],[-5.54402,42.08622],[-5.54596,42.08421],[-5.54626,42.08272],[-5.54709,42.08156],[-5.54712,42.08015],[-5.54825,42.07913],[-5.54844,42.07848],[-5.54825,42.077],[-5.54842,42.07459],[-5.54945,42.07033],[-5.55227,42.06664],[-5.55242,42.06435],[-5.55349,42.06304],[-5.55744,42.06067],[-5.5607,42.05597],[-5.56015,42.05403],[-5.56068,42.0502],[-5.55994,42.04888],[-5.56006,42.04726],[-5.5614,42.04461],[-5.56555,42.03974],[-5.56472,42.03641],[-5.56337,42.03348],[-5.56196,42.03144],[-5.5605,42.03094],[-5.55964,42.03017],[-5.55476,42.03088],[-5.55429,42.03144],[-5.55361,42.0316],[-5.5505,42.03158],[-5.54956,42.03273],[-5.54936,42.03374],[-5.5496,42.03511],[-5.54867,42.03597],[-5.54759,42.03633],[-5.54535,42.03607],[-5.54339,42.03431],[-5.54355,42.03318],[-5.54184,42.03215],[-5.54007,42.03153],[-5.53947,42.03182],[-5.53824,42.03069],[-5.54182,42.02953],[-5.54063,42.02719],[-5.53804,42.02482],[-5.5364,42.02239],[-5.53543,42.01913],[-5.53229,42.01684],[-5.53261,42.01583],[-5.53124,42.01538],[-5.52974,42.01594],[-5.52509,42.01207],[-5.52101,42.00676],[-5.51482,41.99679],[-5.51327,41.99632],[-5.51171,41.9938],[-5.50995,41.99242],[-5.50826,41.99166],[-5.50767,41.99],[-5.49927,41.99046],[-5.48841,41.99554],[-5.4841,41.99623],[-5.48315,41.99663],[-5.47988,41.99862],[-5.47909,41.99926],[-5.47849,42.00015],[-5.47831,42.00172],[-5.47845,42.00442],[-5.47454,42.00606],[-5.47173,42.00629],[-5.47142,42.0101],[-5.47284,42.01217],[-5.47281,42.01358],[-5.47782,42.0184],[-5.48767,42.02586],[-5.48826,42.02997],[-5.49271,42.03329]]]}},{"type":"Feature","properties":{"COD_POSTAL":"49709"},"geometry":{"type":"Polygon","coordinates":[[[-5.80617,41.35638],[-5.80873,41.35669],[-5.8098,41.35652],[-5.81042,41.35602],[-5.81071,41.35399],[-5.81155,41.35167],[-5.81285,41.34999],[-5.81354,41.34998],[-5.81476,41.35119],[-5.81593,41.35181],[-5.8169,41.35118],[-5.81757,41.35021],[-5.81888,41.34954],[-5.81919,41.34877],[-5.82673,41.34706],[-5.82896,41.34628],[-5.83542,41.34257],[-5.837,41.3424],[-5.8432,41.34673],[-5.84334,41.34797],[-5.84498,41.34948],[-5.84797,41.35014],[-5.84808,41.35233],[-5.84927,41.35762],[-5.84979,41.35907],[-5.85067,41.35995],[-5.86257,41.35234],[-5.86562,41.35115],[-5.86749,41.34961],[-5.86832,41.34993],[-5.86943,41.34986],[-5.87126,41.34903],[-5.87336,41.34887],[-5.87118,41.34648],[-5.86841,41.34188],[-5.8668,41.34088],[-5.86554,41.33962],[-5.86818,41.33773],[-5.86435,41.335],[-5.86232,41.33158],[-5.85544,41.32569],[-5.85346,41.31955],[-5.84976,41.31921],[-5.84558,41.32061],[-5.84482,41.31915],[-5.84283,41.31955],[-5.83811,41.31895],[-5.83691,41.31644],[-5.83535,41.31392],[-5.83405,41.31269],[-5.83152,41.30961],[-5.83155,41.30824],[-5.83244,41.30811],[-5.83534,41.30608],[-5.83509,41.3046],[-5.83337,41.30342],[-5.83239,41.30139],[-5.83296,41.29969],[-5.83456,41.29651],[-5.83483,41.29291],[-5.83609,41.28952],[-5.83696,41.28814],[-5.83794,41.28499],[-5.83814,41.28351],[-5.83787,41.28217],[-5.83677,41.28044],[-5.83571,41.27961],[-5.83541,41.279],[-5.83533,41.2775],[-5.83396,41.27533],[-5.82813,41.27108],[-5.82736,41.26891],[-5.82644,41.26768],[-5.82648,41.26719],[-5.82466,41.26589],[-5.82333,41.26874],[-5.82317,41.27057],[-5.82204,41.27159],[-5.81379,41.26901],[-5.8117,41.26901],[-5.80824,41.26956],[-5.80388,41.26969],[-5.8004,41.2724],[-5.79856,41.27309],[-5.79747,41.27454],[-5.79726,41.27527],[-5.79763,41.27635],[-5.79645,41.27747],[-5.79182,41.27676],[-5.7892,41.27894],[-5.78204,41.28406],[-5.78118,41.28611],[-5.77975,41.287],[-5.77806,41.28981],[-5.77709,41.29197],[-5.77401,41.29552],[-5.77384,41.2968],[-5.77233,41.29975],[-5.77119,41.30354],[-5.76968,41.30483],[-5.76835,41.30648],[-5.76767,41.30851],[-5.76679,41.30988],[-5.76566,41.31237],[-5.76325,41.31475],[-5.76258,41.31606],[-5.76283,41.31819],[-5.7643,41.31978],[-5.76892,41.32271],[-5.77231,41.32411],[-5.77341,41.32908],[-5.77463,41.3309],[-5.77504,41.33495],[-5.77486,41.33539],[-5.77156,41.33873],[-5.77163,41.34025],[-5.77898,41.34483],[-5.78048,41.34332],[-5.78296,41.34169],[-5.78385,41.34154],[-5.78577,41.34197],[-5.78601,41.34172],[-5.7859,41.34104],[-5.78682,41.34001],[-5.78856,41.34016],[-5.78871,41.34044],[-5.79027,41.34088],[-5.79374,41.34133],[-5.79789,41.34103],[-5.80009,41.34123],[-5.8014,41.3411],[-5.80291,41.34144],[-5.80543,41.34149],[-5.80655,41.34168],[-5.80699,41.34198],[-5.80811,41.34363],[-5.80815,41.34813],[-5.80473,41.3553],[-5.80478,41.35599],[-5.80617,41.35638]]]}},{"type":"Feature","properties":{"COD_POSTAL":"49627"},"geometry":{"type":"Polygon","coordinates":[[[-6.01121,42.03046],[-6.02567,42.02837],[-6.02674,42.03078],[-6.03298,42.03316],[-6.03346,42.03783],[-6.04088,42.04031],[-6.04257,42.0396],[-6.04363,42.03944],[-6.04414,42.0397],[-6.0447,42.04056],[-6.04645,42.04096],[-6.04782,42.04222],[-6.04871,42.04354],[-6.05139,42.04493],[-6.05159,42.04558],[-6.05237,42.04602],[-6.05781,42.04079],[-6.06011,42.0359],[-6.06884,42.03011],[-6.08004,42.02512],[-6.08503,42.02008],[-6.08859,42.01767],[-6.08906,42.01685],[-6.0923,42.01523],[-6.07293,42.00659],[-6.07106,42.00786],[-6.05823,42.00064],[-6.05565,41.99954],[-6.05543,41.99417],[-6.04797,41.99339],[-6.04875,41.98957],[-6.04739,41.98948],[-6.04579,41.98972],[-6.04536,41.99283],[-6.04555,41.99546],[-6.04468,41.99653],[-6.04565,42.00091],[-6.04216,42.00091],[-6.03605,42.0026],[-6.02979,42.00525],[-6.02752,42.00751],[-6.0253,42.01114],[-6.02043,42.01562],[-6.01819,42.02107],[-6.00534,42.01698],[-6.007,42.02204],[-6.00784,42.03046],[-6.01121,42.03046]]]}},{"type":"Feature","properties":{"COD_POSTAL":"49192"},"geometry":{"type":"Polygon","coordinates":[[[-5.76252,41.56478],[-5.76509,41.56616],[-5.76553,41.56579],[-5.76629,41.5668],[-5.77034,41.56703],[-5.77358,41.57108],[-5.77477,41.57126],[-5.77582,41.57264],[-5.78054,41.57227],[-5.78129,41.57236],[-5.78194,41.57277],[-5.78122,41.57564],[-5.79005,41.5899],[-5.79392,41.60324],[-5.7891,41.60703],[-5.78782,41.61066],[-5.79047,41.61199],[-5.79907,41.6125],[-5.80279,41.61447],[-5.81193,41.6095],[-5.81308,41.61148],[-5.81355,41.6129],[-5.8145,41.61391],[-5.81508,41.61377],[-5.81421,41.61313],[-5.81413,41.60905],[-5.81313,41.60877],[-5.81619,41.60681],[-5.81936,41.60604],[-5.82079,41.60307],[-5.8246,41.59857],[-5.82568,41.59182],[-5.82482,41.59017],[-5.82506,41.58661],[-5.82576,41.58641],[-5.82871,41.58346],[-5.82956,41.58303],[-5.82896,41.58139],[-5.83096,41.58096],[-5.83179,41.57725],[-5.83476,41.57543],[-5.83685,41.57491],[-5.83955,41.57469],[-5.8422,41.57372],[-5.84853,41.573],[-5.85061,41.57299],[-5.85278,41.57115],[-5.85436,41.5706],[-5.85436,41.56969],[-5.85912,41.5703],[-5.86094,41.56998],[-5.8668,41.56777],[-5.86976,41.56621],[-5.87024,41.56578],[-5.87085,41.56462],[-5.87034,41.56097],[-5.86984,41.56029],[-5.86981,41.55958],[-5.86788,41.55618],[-5.86749,41.55567],[-5.86458,41.55376],[-5.86327,41.55189],[-5.86275,41.55023],[-5.8627,41.54818],[-5.86209,41.54683],[-5.86191,41.5458],[-5.86203,41.54418],[-5.86125,41.54359],[-5.85622,41.54267],[-5.85565,41.54209],[-5.85553,41.54132],[-5.85437,41.54135],[-5.85435,41.54187],[-5.84913,41.54214],[-5.84582,41.54339],[-5.84377,41.54344],[-5.84264,41.5437],[-5.84172,41.54446],[-5.84114,41.54541],[-5.8384,41.5468],[-5.83782,41.54759],[-5.8353,41.54906],[-5.83388,41.54935],[-5.8308,41.55049],[-5.82449,41.55224],[-5.82301,41.55241],[-5.81748,41.55163],[-5.81715,41.55093],[-5.81356,41.54776],[-5.81286,41.54669],[-5.81239,41.54458],[-5.81191,41.54393],[-5.80885,41.54214],[-5.80861,41.54079],[-5.80696,41.53861],[-5.80677,41.53648],[-5.80709,41.53384],[-5.80677,41.53314],[-5.80635,41.53283],[-5.80615,41.53113],[-5.80584,41.53046],[-5.80267,41.52989],[-5.8011,41.52908],[-5.79579,41.5277],[-5.79354,41.52635],[-5.78302,41.531],[-5.78013,41.53277],[-5.77941,41.53272],[-5.77865,41.53332],[-5.77799,41.53338],[-5.77554,41.53505],[-5.76721,41.53507],[-5.7653,41.53188],[-5.765,41.53098],[-5.76475,41.52826],[-5.75891,41.52902],[-5.75914,41.52958],[-5.7588,41.52977],[-5.74979,41.52557],[-5.74395,41.5255],[-5.74167,41.52666],[-5.74195,41.5276],[-5.74083,41.52705],[-5.73787,41.52767],[-5.73761,41.52883],[-5.73782,41.53021],[-5.735,41.53066],[-5.72954,41.53215],[-5.7293,41.5367],[-5.7285,41.53826],[-5.72748,41.53931],[-5.72698,41.54023],[-5.7281,41.54234],[-5.72678,41.54391],[-5.72902,41.54436],[-5.73052,41.54494],[-5.72978,41.54532],[-5.73028,41.54587],[-5.73219,41.54703],[-5.73326,41.54737],[-5.73342,41.54807],[-5.733,41.55124],[-5.73425,41.55492],[-5.73402,41.5586],[-5.73706,41.55878],[-5.73939,41.56015],[-5.7414,41.56023],[-5.74296,41.55994],[-5.74363,41.56118],[-5.74465,41.56224],[-5.74682,41.56128],[-5.74774,41.56173],[-5.74874,41.5611],[-5.74946,41.56106],[-5.75241,41.56153],[-5.75714,41.56305],[-5.75821,41.56358],[-5.75876,41.56432],[-5.75994,41.56518],[-5.76199,41.56436],[-5.76252,41.56478]]]}},{"type":"Feature","properties":{"COD_POSTAL":"49141"},"geometry":{"type":"Polygon","coordinates":[[[-5.82785,41.85458],[-5.82707,41.85513],[-5.78548,41.84552],[-5.78442,41.84699],[-5.78637,41.84853],[-5.78783,41.85183],[-5.78821,41.85406],[-5.78902,41.85602],[-5.78836,41.86033],[-5.78794,41.86117],[-5.78718,41.86449],[-5.78636,41.86636],[-5.79182,41.86695],[-5.79748,41.8679],[-5.79961,41.86865],[-5.80422,41.86897],[-5.8055,41.86968],[-5.81156,41.87078],[-5.81279,41.87057],[-5.81922,41.87126],[-5.82217,41.87233],[-5.82519,41.8725],[-5.8262,41.87271],[-5.82794,41.87351],[-5.82947,41.87367],[-5.83417,41.87479],[-5.83807,41.87522],[-5.84203,41.87753],[-5.84349,41.87746],[-5.85436,41.88097],[-5.86129,41.88197],[-5.86296,41.88154],[-5.86721,41.88238],[-5.86947,41.88245],[-5.87249,41.88333],[-5.87493,41.88352],[-5.87954,41.8853],[-5.88087,41.88486],[-5.88167,41.88426],[-5.88247,41.88415],[-5.88443,41.88275],[-5.88597,41.88272],[-5.88665,41.88229],[-5.88717,41.88175],[-5.88731,41.88048],[-5.88788,41.87988],[-5.89066,41.87785],[-5.89588,41.87585],[-5.89652,41.87539],[-5.89854,41.8725],[-5.89959,41.87148],[-5.90173,41.8715],[-5.90343,41.87195],[-5.90427,41.87195],[-5.906,41.87257],[-5.90817,41.87286],[-5.91166,41.87286],[-5.91455,41.87378],[-5.91667,41.87396],[-5.91859,41.87483],[-5.9228,41.87484],[-5.9289,41.87586],[-5.93151,41.87602],[-5.93326,41.87583],[-5.93106,41.87339],[-5.93015,41.86945],[-5.92823,41.86729],[-5.92645,41.864],[-5.92318,41.8616],[-5.92263,41.85949],[-5.92129,41.85778],[-5.91979,41.8516],[-5.91972,41.84984],[-5.92102,41.84422],[-5.92099,41.84187],[-5.92158,41.83998],[-5.92162,41.83352],[-5.92186,41.83268],[-5.92149,41.83211],[-5.91923,41.83075],[-5.91994,41.82756],[-5.91952,41.82585],[-5.91524,41.815],[-5.89306,41.81553],[-5.88805,41.81427],[-5.86732,41.82224],[-5.86281,41.82279],[-5.8573,41.82884],[-5.85436,41.83144],[-5.85435,41.83085],[-5.84883,41.83345],[-5.84421,41.83598],[-5.83821,41.83779],[-5.83621,41.83939],[-5.8341,41.84179],[-5.83081,41.84408],[-5.82723,41.84828],[-5.82781,41.85235],[-5.82785,41.85458]]]}},{"type":"Feature","properties":{"COD_POSTAL":"49148"},"geometry":{"type":"Polygon","coordinates":[[[-5.88033,41.75167],[-5.8796,41.75139],[-5.87502,41.75126],[-5.8733,41.75088],[-5.86982,41.75058],[-5.86584,41.75033],[-5.86307,41.75048],[-5.85931,41.74734],[-5.85436,41.74666],[-5.85131,41.74679],[-5.8468,41.74601],[-5.83871,41.7455],[-5.83328,41.74427],[-5.82676,41.7438],[-5.81877,41.74218],[-5.81532,41.74193],[-5.8123,41.74208],[-5.81138,41.74289],[-5.81149,41.74309],[-5.80936,41.74388],[-5.82401,41.74864],[-5.82737,41.75093],[-5.82861,41.75238],[-5.82907,41.75342],[-5.82906,41.7555],[-5.82545,41.76456],[-5.82536,41.76629],[-5.82608,41.77174],[-5.82595,41.77433],[-5.82562,41.77539],[-5.8226,41.78017],[-5.81881,41.78316],[-5.81562,41.78446],[-5.81368,41.78557],[-5.81126,41.7877],[-5.81017,41.78716],[-5.80233,41.79702],[-5.80067,41.80132],[-5.79373,41.81166],[-5.79296,41.8133],[-5.79255,41.81734],[-5.79315,41.82622],[-5.79422,41.82785],[-5.79435,41.82853],[-5.79409,41.82977],[-5.79295,41.83157],[-5.79211,41.83417],[-5.7916,41.8345],[-5.79136,41.83534],[-5.79016,41.83627],[-5.78997,41.83677],[-5.78864,41.83794],[-5.7856,41.83905],[-5.78464,41.83991],[-5.78309,41.84472],[-5.77964,41.84448],[-5.77382,41.8436],[-5.77028,41.84289],[-5.76937,41.84249],[-5.76819,41.84473],[-5.76737,41.8478],[-5.76735,41.84928],[-5.76752,41.85088],[-5.76833,41.85315],[-5.77058,41.85609],[-5.77251,41.85743],[-5.77382,41.85945],[-5.77546,41.86068],[-5.77819,41.8639],[-5.7785,41.86433],[-5.77922,41.86729],[-5.78377,41.86625],[-5.78636,41.86636],[-5.78718,41.86449],[-5.78794,41.86117],[-5.78836,41.86033],[-5.78902,41.85602],[-5.78821,41.85406],[-5.78783,41.85183],[-5.78637,41.84853],[-5.78442,41.84699],[-5.78548,41.84552],[-5.82707,41.85513],[-5.82785,41.85458],[-5.82781,41.85235],[-5.82723,41.84828],[-5.83081,41.84408],[-5.8341,41.84179],[-5.83621,41.83939],[-5.83821,41.83779],[-5.84421,41.83598],[-5.84883,41.83345],[-5.85435,41.83085],[-5.85436,41.83144],[-5.8573,41.82884],[-5.86281,41.82279],[-5.86732,41.82224],[-5.88805,41.81427],[-5.89306,41.81553],[-5.91524,41.815],[-5.92242,41.81151],[-5.92696,41.80691],[-5.92746,41.80348],[-5.93949,41.7965],[-5.95296,41.78927],[-5.95391,41.78846],[-5.95922,41.78772],[-5.94706,41.78125],[-5.93939,41.77399],[-5.92931,41.76877],[-5.91656,41.76318],[-5.91637,41.76257],[-5.91235,41.76165],[-5.89832,41.75727],[-5.89361,41.75462],[-5.88439,41.75261],[-5.88033,41.75167]]]}},{"type":"Feature","properties":{"COD_POSTAL":"49621"},"geometry":{"type":"Polygon","coordinates":[[[-5.96116,42.01666],[-5.96158,42.01362],[-5.95769,42.01451],[-5.94924,42.01531],[-5.94468,42.0152],[-5.94231,42.01485],[-5.93352,42.01532],[-5.92547,42.01516],[-5.91717,42.01555],[-5.91593,42.02931],[-5.91246,42.04809],[-5.90914,42.06277],[-5.90792,42.07248],[-5.91479,42.06686],[-5.9154,42.06695],[-5.91664,42.06654],[-5.9203,42.06625],[-5.92958,42.06183],[-5.93111,42.05955],[-5.93351,42.05997],[-5.93748,42.05806],[-5.94179,42.05771],[-5.94519,42.05795],[-5.94664,42.0584],[-5.94815,42.05725],[-5.95107,42.05789],[-5.95198,42.05724],[-5.95438,42.06064],[-5.97403,42.05416],[-5.9874,42.04158],[-5.98409,42.02805],[-5.99202,42.02598],[-5.99185,42.02139],[-5.98314,42.01874],[-5.97985,42.01797],[-5.97897,42.01808],[-5.97452,42.01693],[-5.97368,42.01698],[-5.97206,42.01653],[-5.96676,42.01679],[-5.96116,42.01666]]]}},{"type":"Feature","properties":{"COD_POSTAL":"49318"},"geometry":{"type":"Polygon","coordinates":[[[-6.26652,41.9935],[-6.26485,41.99293],[-6.26402,41.99211],[-6.25262,42.01024],[-6.24893,42.04088],[-6.24544,42.04053],[-6.24198,42.04084],[-6.2397,42.04074],[-6.23829,42.04447],[-6.23557,42.05018],[-6.22842,42.0559],[-6.22903,42.06787],[-6.22825,42.07218],[-6.2312,42.07931],[-6.23224,42.08347],[-6.23353,42.09107],[-6.23088,42.09233],[-6.23704,42.09941],[-6.24309,42.10205],[-6.25919,42.10633],[-6.26738,42.10938],[-6.28678,42.11786],[-6.29232,42.11423],[-6.29556,42.10457],[-6.3056,42.09912],[-6.30288,42.0897],[-6.30134,42.08347],[-6.29953,42.07788],[-6.29831,42.06994],[-6.2998,42.06413],[-6.30036,42.06099],[-6.30084,42.06057],[-6.29961,42.05768],[-6.29859,42.05642],[-6.29706,42.05153],[-6.28838,42.04649],[-6.28924,42.04335],[-6.29232,42.03646],[-6.30033,42.02901],[-6.29822,42.02579],[-6.2986,42.02218],[-6.29532,42.02035],[-6.29162,42.01538],[-6.29357,42.01388],[-6.29387,42.01258],[-6.29544,42.01249],[-6.29982,42.01434],[-6.32196,42.01832],[-6.3396,42.01752],[-6.36028,42.02203],[-6.36623,42.02224],[-6.35934,42.01833],[-6.35718,42.01489],[-6.36135,42.013],[-6.36452,42.01086],[-6.36593,42.0068],[-6.3675,42.00022],[-6.36759,41.99891],[-6.36862,41.99577],[-6.36902,41.99289],[-6.3699,41.99223],[-6.36981,41.98929],[-6.36652,41.98824],[-6.36399,41.98791],[-6.36284,41.9872],[-6.36271,41.98658],[-6.36372,41.98557],[-6.36396,41.98454],[-6.36228,41.98321],[-6.36188,41.98118],[-6.36153,41.9806],[-6.35996,41.97994],[-6.35573,41.97955],[-6.35261,41.97965],[-6.35122,41.97919],[-6.34961,41.97903],[-6.3477,41.98058],[-6.34604,41.98128],[-6.34467,41.98141],[-6.34226,41.98032],[-6.34098,41.98],[-6.3394,41.97973],[-6.33813,41.97984],[-6.33717,41.98015],[-6.33665,41.98071],[-6.33627,41.98209],[-6.33584,41.98248],[-6.33116,41.98397],[-6.32774,41.98189],[-6.323,41.98118],[-6.32161,41.98072],[-6.31663,41.97815],[-6.31379,41.97787],[-6.31288,41.9783],[-6.31248,41.97899],[-6.31254,41.97981],[-6.3137,41.98154],[-6.31353,41.98217],[-6.31256,41.98283],[-6.31101,41.98302],[-6.30841,41.98209],[-6.30349,41.97975],[-6.30205,41.97964],[-6.30102,41.98014],[-6.29972,41.98189],[-6.29636,41.98468],[-6.29042,41.98556],[-6.28794,41.98643],[-6.28539,41.98781],[-6.28351,41.99116],[-6.2822,41.99208],[-6.2806,41.9923],[-6.27761,41.99343],[-6.27486,41.99254],[-6.27277,41.99251],[-6.2719,41.99296],[-6.2711,41.99291],[-6.26826,41.99375],[-6.26738,41.99376],[-6.26652,41.9935]]]}},{"type":"Feature","properties":{"COD_POSTAL":"49213"},"geometry":{"type":"Polygon","coordinates":[[[-6.26137,41.39729],[-6.23904,41.42291],[-6.26434,41.44053],[-6.29419,41.42194],[-6.30164,41.42789],[-6.30327,41.42689],[-6.30692,41.42196],[-6.30886,41.4199],[-6.31588,41.41608],[-6.31779,41.41555],[-6.31991,41.41535],[-6.324,41.41603],[-6.32668,41.41603],[-6.32879,41.41542],[-6.32994,41.41466],[-6.33281,41.4115],[-6.33339,41.41019],[-6.33383,41.40811],[-6.3333,41.40621],[-6.33272,41.40543],[-6.33143,41.4047],[-6.32758,41.40385],[-6.32047,41.40096],[-6.31839,41.39825],[-6.3175,41.39668],[-6.31794,41.39551],[-6.3179,41.39438],[-6.31588,41.39066],[-6.31577,41.39],[-6.3183,41.38612],[-6.31733,41.38072],[-6.31409,41.37883],[-6.30601,41.37671],[-6.30304,41.37421],[-6.30091,41.37191],[-6.30095,41.36797],[-6.30123,41.36608],[-6.30192,41.36406],[-6.30027,41.36335],[-6.29467,41.36254],[-6.29126,41.36164],[-6.28585,41.35917],[-6.28471,41.35887],[-6.28361,41.359],[-6.2793,41.35834],[-6.27809,41.35855],[-6.27495,41.35745],[-6.27307,41.3573],[-6.26511,41.35932],[-6.25984,41.36255],[-6.25773,41.36351],[-6.25468,41.36446],[-6.26137,41.39729]]]}},{"type":"Feature","properties":{"COD_POSTAL":"49230"},"geometry":{"type":"Polygon","coordinates":[[[-6.29126,41.36164],[-6.29467,41.36254],[-6.30027,41.36335],[-6.30134,41.36376],[-6.32578,41.33425],[-6.32448,41.33355],[-6.32239,41.33178],[-6.31933,41.33064],[-6.3185,41.32973],[-6.31704,41.32586],[-6.31711,41.32532],[-6.31853,41.32284],[-6.31881,41.32173],[-6.32666,41.31976],[-6.33192,41.31684],[-6.33088,41.30892],[-6.33281,41.3072],[-6.33288,41.29221],[-6.3321,41.28991],[-6.33263,41.28528],[-6.32828,41.27316],[-6.28664,41.29672],[-6.28705,41.29898],[-6.28578,41.30207],[-6.2759,41.30689],[-6.26792,41.31639],[-6.2683,41.32284],[-6.27035,41.32652],[-6.26808,41.32757],[-6.25959,41.33761],[-6.2597,41.33994],[-6.26016,41.34135],[-6.26152,41.34373],[-6.26139,41.34673],[-6.26092,41.34889],[-6.26085,41.35065],[-6.26108,41.35141],[-6.26277,41.35361],[-6.26511,41.35932],[-6.27307,41.3573],[-6.27495,41.35745],[-6.27809,41.35855],[-6.2793,41.35834],[-6.28361,41.359],[-6.28471,41.35887],[-6.28585,41.35917],[-6.29126,41.36164]]]}},{"type":"Feature","properties":{"COD_POSTAL":"49699"},"geometry":{"type":"Polygon","coordinates":[[[-5.76173,41.92286],[-5.76181,41.92191],[-5.76138,41.92051],[-5.7608,41.91961],[-5.75988,41.919],[-5.75711,41.9183],[-5.7531,41.91842],[-5.74991,41.91721],[-5.74533,41.91152],[-5.7447,41.91003],[-5.74386,41.90601],[-5.74469,41.90374],[-5.74383,41.90118],[-5.74241,41.90147],[-5.74071,41.90057],[-5.73855,41.89988],[-5.73642,41.89856],[-5.73468,41.89972],[-5.73058,41.90094],[-5.72571,41.90133],[-5.72206,41.89916],[-5.72127,41.89982],[-5.71742,41.89775],[-5.71352,41.89759],[-5.71179,41.8978],[-5.7122,41.89863],[-5.71217,41.89919],[-5.71149,41.89995],[-5.70883,41.90122],[-5.70622,41.90205],[-5.70693,41.9039],[-5.70649,41.90521],[-5.70762,41.91204],[-5.70664,41.91678],[-5.7058,41.91895],[-5.70217,41.91966],[-5.70113,41.9201],[-5.70091,41.92207],[-5.70124,41.92288],[-5.70175,41.92641],[-5.70227,41.92782],[-5.70167,41.9293],[-5.70018,41.93134],[-5.69987,41.93236],[-5.6956,41.93379],[-5.69476,41.93439],[-5.69082,41.93521],[-5.68916,41.93683],[-5.68458,41.93805],[-5.6782,41.94018],[-5.67383,41.94709],[-5.6709,41.94819],[-5.67021,41.94792],[-5.66981,41.94858],[-5.66639,41.94975],[-5.66395,41.95162],[-5.6636,41.95591],[-5.66197,41.95573],[-5.66102,41.95778],[-5.65922,41.96018],[-5.65499,41.96117],[-5.65331,41.96253],[-5.65261,41.96254],[-5.64697,41.98234],[-5.64842,41.98338],[-5.65207,41.98287],[-5.6559,41.9853],[-5.65756,41.9861],[-5.65939,41.98687],[-5.66049,41.98626],[-5.66502,41.98832],[-5.67227,41.98826],[-5.67448,41.98787],[-5.67767,41.98607],[-5.67879,41.98453],[-5.68101,41.98389],[-5.67816,41.98149],[-5.67619,41.98119],[-5.67506,41.98047],[-5.67475,41.97989],[-5.67518,41.97838],[-5.6745,41.97714],[-5.67668,41.97427],[-5.6788,41.97288],[-5.67879,41.97065],[-5.68637,41.9681],[-5.70679,41.96359],[-5.70842,41.96302],[-5.71182,41.96389],[-5.71454,41.96203],[-5.71931,41.96301],[-5.72344,41.96434],[-5.72507,41.96416],[-5.72476,41.96149],[-5.72638,41.9611],[-5.7266,41.96077],[-5.72749,41.95688],[-5.72958,41.95185],[-5.73129,41.94929],[-5.73264,41.94834],[-5.73634,41.94744],[-5.73807,41.94677],[-5.73859,41.94632],[-5.74337,41.93866],[-5.74993,41.94045],[-5.75113,41.94102],[-5.75428,41.94296],[-5.75489,41.94356],[-5.75568,41.94583],[-5.7601,41.94855],[-5.76118,41.94959],[-5.76345,41.94848],[-5.76416,41.94788],[-5.76505,41.94558],[-5.76965,41.94272],[-5.77073,41.94231],[-5.77303,41.94241],[-5.77362,41.94266],[-5.77533,41.9428],[-5.77741,41.94356],[-5.78039,41.94379],[-5.78203,41.94287],[-5.78359,41.94277],[-5.78429,41.94195],[-5.78271,41.94001],[-5.77846,41.93721],[-5.77643,41.93537],[-5.77751,41.93434],[-5.77664,41.93218],[-5.77382,41.93045],[-5.7696,41.93007],[-5.76701,41.92954],[-5.76541,41.92858],[-5.76384,41.92683],[-5.76248,41.92399],[-5.76173,41.92286]]]}},{"type":"Feature","properties":{"COD_POSTAL":"49500"},"geometry":{"type":"Polygon","coordinates":[[[-6.32485,41.70716],[-6.32874,41.70915],[-6.33637,41.71222],[-6.3402,41.71409],[-6.34041,41.71443],[-6.34602,41.71674],[-6.34758,41.71888],[-6.35389,41.72205],[-6.38018,41.68583],[-6.37836,41.67441],[-6.375,41.6738],[-6.36287,41.67545],[-6.36064,41.6775],[-6.35678,41.67701],[-6.35561,41.67647],[-6.35437,41.67647],[-6.35237,41.67572],[-6.34432,41.67376],[-6.32363,41.70653],[-6.32485,41.70716]]]}},{"type":"Feature","properties":{"COD_POSTAL":"49176"},"geometry":{"type":"Polygon","coordinates":[[[-5.87677,41.34974],[-5.87952,41.34943],[-5.88603,41.35068],[-5.88702,41.34355],[-5.89131,41.34109],[-5.89399,41.33993],[-5.89705,41.33904],[-5.90483,41.33587],[-5.92339,41.32565],[-5.9009,41.29208],[-5.85155,41.31929],[-5.85346,41.31955],[-5.85544,41.32569],[-5.86232,41.33158],[-5.86435,41.335],[-5.86818,41.33773],[-5.86554,41.33962],[-5.8668,41.34088],[-5.86841,41.34188],[-5.87118,41.34648],[-5.87336,41.34887],[-5.87677,41.34974]]]}},{"type":"Feature","properties":{"COD_POSTAL":"49004"},"geometry":{"type":"Polygon","coordinates":[[[-5.74538,41.50526],[-5.74785,41.505],[-5.74829,41.50532],[-5.74868,41.50528],[-5.7517,41.50267],[-5.75175,41.5019],[-5.75078,41.50198],[-5.75013,41.50245],[-5.74818,41.50285],[-5.74709,41.50335],[-5.74664,41.50332],[-5.74647,41.50308],[-5.74518,41.50464],[-5.74485,41.50531],[-5.74504,41.50503],[-5.74514,41.50528],[-5.74538,41.50526]]]}},{"type":"Feature","properties":{"COD_POSTAL":"49162"},"geometry":{"type":"Polygon","coordinates":[[[-5.87057,41.56321],[-5.87085,41.56462],[-5.87024,41.56578],[-5.86976,41.56621],[-5.8668,41.56777],[-5.86094,41.56998],[-5.85912,41.5703],[-5.85436,41.56969],[-5.85436,41.5706],[-5.85278,41.57115],[-5.85061,41.57299],[-5.84853,41.573],[-5.8422,41.57372],[-5.83955,41.57469],[-5.83685,41.57491],[-5.83476,41.57543],[-5.83179,41.57725],[-5.83096,41.58096],[-5.82896,41.58139],[-5.82956,41.58303],[-5.82871,41.58346],[-5.82576,41.58641],[-5.82506,41.58661],[-5.82482,41.59017],[-5.82568,41.59182],[-5.8246,41.59857],[-5.82079,41.60307],[-5.81936,41.60604],[-5.81619,41.60681],[-5.81313,41.60877],[-5.81413,41.60905],[-5.81421,41.61313],[-5.82583,41.61977],[-5.82833,41.62515],[-5.83418,41.62875],[-5.84646,41.63253],[-5.85224,41.63463],[-5.85437,41.63556],[-5.85577,41.63645],[-5.86451,41.6391],[-5.88322,41.64586],[-5.88728,41.6477],[-5.89239,41.65061],[-5.89439,41.65045],[-5.89767,41.65155],[-5.90013,41.64944],[-5.90106,41.64892],[-5.90207,41.64776],[-5.90393,41.64645],[-5.9078,41.64209],[-5.90945,41.63935],[-5.90961,41.63862],[-5.91271,41.63606],[-5.91358,41.63453],[-5.91482,41.63295],[-5.91583,41.63207],[-5.91845,41.63108],[-5.92479,41.63052],[-5.92492,41.62857],[-5.92561,41.62736],[-5.92576,41.62549],[-5.92691,41.62495],[-5.92793,41.62068],[-5.92838,41.61972],[-5.92862,41.6188],[-5.92833,41.61672],[-5.92794,41.6157],[-5.92725,41.6148],[-5.92554,41.61336],[-5.92336,41.61011],[-5.92149,41.60856],[-5.9203,41.60797],[-5.91937,41.60646],[-5.91811,41.60969],[-5.91816,41.61001],[-5.91301,41.60975],[-5.90677,41.60532],[-5.90849,41.60191],[-5.90635,41.60076],[-5.90829,41.59308],[-5.90694,41.59066],[-5.90487,41.58976],[-5.90185,41.5898],[-5.89782,41.58741],[-5.89253,41.58347],[-5.89035,41.58225],[-5.89146,41.57925],[-5.89197,41.57682],[-5.89061,41.57626],[-5.89037,41.57263],[-5.89013,41.57196],[-5.88553,41.56837],[-5.88432,41.56688],[-5.88081,41.56474],[-5.87692,41.56397],[-5.8736,41.56422],[-5.87227,41.56358],[-5.87057,41.56321]]]}},{"type":"Feature","properties":{"COD_POSTAL":"49348"},"geometry":{"type":"Polygon","coordinates":[[[-6.44608,42.10294],[-6.45262,42.10411],[-6.45496,42.10076],[-6.45603,42.10037],[-6.45769,42.10073],[-6.45933,42.09952],[-6.46045,42.09904],[-6.46169,42.098],[-6.46124,42.09615],[-6.46208,42.09497],[-6.46224,42.09301],[-6.46281,42.09175],[-6.46264,42.09077],[-6.46287,42.09018],[-6.46279,42.0891],[-6.46311,42.08875],[-6.47392,42.09403],[-6.47121,42.0896],[-6.46854,42.08347],[-6.46459,42.07561],[-6.46132,42.06751],[-6.4567,42.06517],[-6.43578,42.10111],[-6.44033,42.10192],[-6.44608,42.10294]]]}},{"type":"Feature","properties":{"COD_POSTAL":"49153"},"geometry":{"type":"Polygon","coordinates":[[[-5.56637,41.40093],[-5.56871,41.39818],[-5.57081,41.39195],[-5.5731,41.39122],[-5.57572,41.39128],[-5.57753,41.39086],[-5.58165,41.3914],[-5.58295,41.39214],[-5.58377,41.3895],[-5.58376,41.38776],[-5.58428,41.38596],[-5.58392,41.38485],[-5.58427,41.3833],[-5.58424,41.38228],[-5.58164,41.38205],[-5.57827,41.38241],[-5.57199,41.38002],[-5.56598,41.37396],[-5.56485,41.37341],[-5.56288,41.37188],[-5.56039,41.36897],[-5.56069,41.36444],[-5.55632,41.36086],[-5.55243,41.3584],[-5.5513,41.35734],[-5.55154,41.35678],[-5.55043,41.35594],[-5.55011,41.35537],[-5.54534,41.35181],[-5.54338,41.35123],[-5.53742,41.35047],[-5.53527,41.34829],[-5.53441,41.34686],[-5.53223,41.34468],[-5.52303,41.33824],[-5.51772,41.33224],[-5.5152,41.32655],[-5.51485,41.32464],[-5.50418,41.32967],[-5.49776,41.33521],[-5.49713,41.34106],[-5.49702,41.35476],[-5.49939,41.36874],[-5.50011,41.37244],[-5.50077,41.37455],[-5.50131,41.37507],[-5.50476,41.37704],[-5.50799,41.37693],[-5.50951,41.37756],[-5.51091,41.37776],[-5.51227,41.37875],[-5.51667,41.38328],[-5.51852,41.38421],[-5.51902,41.38475],[-5.52045,41.38761],[-5.51921,41.38942],[-5.51863,41.39149],[-5.51947,41.39326],[-5.51993,41.39497],[-5.52367,41.40115],[-5.52193,41.40236],[-5.52289,41.40319],[-5.52486,41.4039],[-5.52616,41.4047],[-5.52605,41.40548],[-5.52414,41.40736],[-5.5234,41.41144],[-5.52753,41.41266],[-5.52765,41.41325],[-5.5272,41.41423],[-5.5272,41.41744],[-5.52951,41.4194],[-5.52897,41.42139],[-5.52931,41.42281],[-5.53135,41.42262],[-5.53274,41.42368],[-5.5354,41.42747],[-5.53636,41.42817],[-5.53667,41.42989],[-5.53487,41.43009],[-5.54021,41.43216],[-5.54165,41.43239],[-5.54363,41.43349],[-5.54697,41.43469],[-5.54773,41.43517],[-5.55525,41.42831],[-5.55371,41.42415],[-5.5551,41.42327],[-5.55634,41.42338],[-5.56262,41.4184],[-5.56145,41.4165],[-5.56357,41.41186],[-5.56407,41.4098],[-5.56392,41.40924],[-5.5652,41.40468],[-5.56498,41.40295],[-5.56637,41.40093]]]}},{"type":"Feature","properties":{"COD_POSTAL":"49161"},"geometry":{"type":"Polygon","coordinates":[[[-5.90155,41.72028],[-5.91106,41.72254],[-5.91871,41.72395],[-5.91951,41.72249],[-5.9215,41.72062],[-5.92819,41.71719],[-5.93231,41.71739],[-5.94043,41.71373],[-5.94496,41.71267],[-5.94857,41.7103],[-5.94988,41.70728],[-5.95059,41.70645],[-5.95273,41.70103],[-5.95775,41.6968],[-5.9612,41.69436],[-5.96907,41.68772],[-5.97185,41.68595],[-5.96988,41.68488],[-5.96627,41.68379],[-5.96418,41.68242],[-5.96036,41.68071],[-5.95373,41.67706],[-5.95063,41.67462],[-5.94438,41.6709],[-5.93498,41.66752],[-5.92484,41.66468],[-5.91831,41.66158],[-5.91606,41.66081],[-5.91251,41.66029],[-5.90959,41.65908],[-5.90612,41.6571],[-5.89721,41.65331],[-5.8966,41.6524],[-5.89204,41.65353],[-5.89,41.65365],[-5.88849,41.6536],[-5.88458,41.65286],[-5.88191,41.652],[-5.87842,41.65025],[-5.87694,41.64914],[-5.86916,41.64509],[-5.86642,41.64497],[-5.86078,41.64676],[-5.85878,41.64821],[-5.85792,41.65012],[-5.85808,41.65127],[-5.85967,41.65384],[-5.86098,41.65532],[-5.86324,41.65717],[-5.86698,41.66101],[-5.86836,41.66463],[-5.86897,41.66885],[-5.87102,41.67274],[-5.87121,41.6736],[-5.87098,41.6751],[-5.87027,41.67656],[-5.87005,41.67774],[-5.87022,41.67972],[-5.87202,41.68233],[-5.87253,41.68415],[-5.90115,41.72056],[-5.90155,41.72028]]]}},{"type":"Feature","properties":{"COD_POSTAL":"49695"},"geometry":{"type":"Polygon","coordinates":[[[-5.84652,42.11125],[-5.85024,42.11309],[-5.85628,42.11493],[-5.85834,42.11593],[-5.86353,42.10926],[-5.87431,42.1027],[-5.8785,42.09289],[-5.88501,42.0908],[-5.88959,42.09363],[-5.89547,42.09541],[-5.90241,42.09885],[-5.9103,42.10078],[-5.9177,42.10403],[-5.92595,42.10587],[-5.92866,42.10456],[-5.932,42.10443],[-5.93142,42.1021],[-5.9315,42.10109],[-5.93033,42.09934],[-5.92385,42.09545],[-5.92078,42.09307],[-5.91775,42.09163],[-5.91587,42.09105],[-5.91511,42.08858],[-5.90791,42.08511],[-5.90593,42.08427],[-5.90405,42.08393],[-5.90336,42.08346],[-5.90034,42.08232],[-5.89889,42.08163],[-5.89641,42.07985],[-5.89079,42.07724],[-5.88562,42.07531],[-5.88048,42.07356],[-5.87762,42.07314],[-5.87523,42.07183],[-5.86814,42.07039],[-5.86748,42.0705],[-5.86683,42.07023],[-5.86597,42.07025],[-5.86461,42.07081],[-5.86101,42.07062],[-5.85867,42.06997],[-5.85246,42.06553],[-5.84826,42.07188],[-5.84277,42.07841],[-5.84383,42.08113],[-5.84325,42.08247],[-5.84024,42.08368],[-5.83828,42.08412],[-5.82757,42.09183],[-5.82483,42.09638],[-5.82861,42.09444],[-5.83173,42.0948],[-5.83296,42.09518],[-5.83414,42.09588],[-5.83618,42.09636],[-5.83569,42.09895],[-5.84272,42.09934],[-5.84481,42.10018],[-5.84597,42.10027],[-5.8467,42.10076],[-5.84415,42.1045],[-5.84485,42.11072],[-5.84652,42.11125]]]}},{"type":"Feature","properties":{"COD_POSTAL":"49336"},"geometry":{"type":"Polygon","coordinates":[[[-6.10262,41.93006],[-6.10379,41.93268],[-6.10617,41.93573],[-6.10621,41.93641],[-6.10594,41.9369],[-6.10953,41.94399],[-6.11107,41.94846],[-6.1119,41.94932],[-6.13652,41.96675],[-6.1475,41.97041],[-6.15836,41.97623],[-6.15917,41.97528],[-6.15935,41.97454],[-6.16043,41.97327],[-6.16236,41.97177],[-6.16523,41.97116],[-6.16854,41.97208],[-6.17962,41.95116],[-6.19849,41.91134],[-6.18769,41.90886],[-6.1834,41.90822],[-6.17766,41.90768],[-6.17364,41.90872],[-6.16798,41.91356],[-6.16526,41.91886],[-6.16337,41.92054],[-6.1622,41.92109],[-6.15901,41.92151],[-6.15526,41.9225],[-6.15462,41.92353],[-6.15293,41.92533],[-6.15271,41.92622],[-6.15226,41.92675],[-6.14978,41.92801],[-6.14729,41.92797],[-6.1389,41.926],[-6.1356,41.92462],[-6.13296,41.92412],[-6.13119,41.92249],[-6.13021,41.92214],[-6.11585,41.9234],[-6.11555,41.92402],[-6.11364,41.92602],[-6.11132,41.93106],[-6.10602,41.92927],[-6.10365,41.92901],[-6.10238,41.92915],[-6.10262,41.93006]]]}},{"type":"Feature","properties":{"COD_POSTAL":"49619"},"geometry":{"type":"Polygon","coordinates":[[[-5.99575,42.09599],[-5.99796,42.09807],[-5.99938,42.09812],[-6.00049,42.09887],[-6.00376,42.09974],[-6.00751,42.10112],[-6.01059,42.10363],[-6.0148,42.11205],[-6.01361,42.11442],[-6.01537,42.11679],[-6.01957,42.11894],[-6.02308,42.12006],[-6.02297,42.1206],[-6.02369,42.12136],[-6.02508,42.12206],[-6.02723,42.12204],[-6.0309,42.12421],[-6.03122,42.1272],[-6.03251,42.13038],[-6.03687,42.13392],[-6.03285,42.13633],[-6.03147,42.13969],[-6.02689,42.14411],[-6.02672,42.14471],[-6.02558,42.14544],[-6.02537,42.14607],[-6.02288,42.1477],[-6.02281,42.1485],[-6.02101,42.14946],[-6.01929,42.15141],[-6.01667,42.15263],[-6.021,42.15384],[-6.02878,42.1576],[-6.04646,42.15934],[-6.04931,42.15986],[-6.05729,42.15959],[-6.0675,42.16021],[-6.07561,42.16187],[-6.07756,42.15904],[-6.0896,42.16165],[-6.09618,42.16088],[-6.10552,42.16199],[-6.11605,42.15968],[-6.12471,42.15887],[-6.12849,42.16122],[-6.13099,42.16153],[-6.13727,42.16472],[-6.13775,42.16418],[-6.1381,42.16307],[-6.13967,42.16128],[-6.14341,42.15882],[-6.14245,42.15587],[-6.14193,42.1524],[-6.14132,42.15146],[-6.14129,42.15047],[-6.14009,42.14808],[-6.14056,42.1459],[-6.14029,42.14527],[-6.14048,42.14418],[-6.14038,42.14316],[-6.1397,42.14107],[-6.13986,42.14053],[-6.13963,42.14028],[-6.13952,42.13752],[-6.13853,42.13147],[-6.13762,42.13072],[-6.13685,42.12923],[-6.13462,42.12769],[-6.12708,42.12344],[-6.12526,42.12212],[-6.12179,42.12083],[-6.11894,42.11659],[-6.11673,42.11384],[-6.10373,42.10461],[-6.09902,42.09829],[-6.09619,42.09306],[-6.09498,42.08845],[-6.08985,42.09052],[-6.08864,42.09014],[-6.08821,42.09036],[-6.08353,42.08823],[-6.08493,42.08968],[-6.08673,42.09341],[-6.08804,42.09525],[-6.08424,42.09376],[-6.08125,42.08978],[-6.07895,42.09121],[-6.07695,42.09044],[-6.07475,42.08661],[-6.05887,42.08616],[-6.0187,42.08242],[-6.0131,42.08735],[-6.00727,42.08481],[-5.99575,42.09599]]]}},{"type":"Feature","properties":{"COD_POSTAL":"49216"},"geometry":{"type":"Polygon","coordinates":[[[-5.9545,41.36053],[-5.95471,41.36047],[-5.955,41.36102],[-5.9558,41.36081],[-5.9557,41.36028],[-5.96002,41.3606],[-5.96531,41.35997],[-5.9648,41.36185],[-5.96577,41.36239],[-5.96531,41.36314],[-5.96676,41.365],[-5.96591,41.36894],[-5.96843,41.37008],[-5.97196,41.37107],[-5.97385,41.37192],[-5.97568,41.37322],[-5.97723,41.37468],[-5.97902,41.37558],[-5.98376,41.37555],[-5.98741,41.37631],[-5.99187,41.37625],[-5.99618,41.37578],[-5.99892,41.37609],[-5.9988,41.37719],[-5.99984,41.37882],[-5.99947,41.37956],[-5.99943,41.38033],[-6.00145,41.38137],[-6.00088,41.382],[-5.99971,41.3818],[-5.99598,41.38278],[-5.99632,41.38337],[-5.99643,41.38435],[-6.01729,41.37981],[-6.03216,41.37162],[-6.04703,41.36777],[-6.04886,41.37048],[-6.07361,41.37152],[-6.07343,41.3699],[-6.0709,41.36423],[-6.07799,41.35695],[-6.07783,41.33136],[-6.06892,41.32883],[-6.04825,41.32563],[-6.04733,41.32017],[-6.0576,41.30869],[-6.05741,41.29963],[-6.06176,41.29089],[-6.06087,41.29055],[-6.05987,41.29073],[-6.05852,41.29059],[-6.05583,41.2918],[-6.04475,41.29531],[-6.04244,41.29517],[-6.04025,41.29726],[-6.0401,41.29796],[-6.03692,41.30183],[-6.03592,41.30343],[-6.03628,41.30191],[-6.0373,41.30036],[-6.03727,41.30001],[-6.03605,41.29839],[-6.03652,41.29714],[-6.03642,41.29646],[-6.03245,41.29405],[-6.03136,41.29231],[-6.03042,41.29195],[-6.0269,41.28959],[-6.02665,41.28879],[-6.02117,41.28469],[-6.01862,41.28201],[-6.01705,41.27877],[-6.01758,41.27776],[-6.01715,41.27653],[-6.01667,41.27595],[-6.017,41.27454],[-6.01699,41.27221],[-6.01676,41.2711],[-6.01782,41.26847],[-6.02164,41.26224],[-6.0212,41.26179],[-6.02341,41.26007],[-6.02235,41.25957],[-6.0209,41.25947],[-6.0191,41.26082],[-6.01819,41.26263],[-6.01616,41.26364],[-6.01369,41.26565],[-6.0119,41.26668],[-6.00718,41.26839],[-6.00483,41.27025],[-6.00426,41.27098],[-6.00182,41.27229],[-6.00046,41.27338],[-5.99936,41.27464],[-5.99803,41.27935],[-5.99606,41.28247],[-5.99588,41.28371],[-5.99475,41.28386],[-5.99083,41.28626],[-5.98903,41.28665],[-5.98727,41.28746],[-5.9821,41.29028],[-5.97936,41.29213],[-5.9736,41.29266],[-5.97015,41.29266],[-5.96933,41.29209],[-5.96549,41.29082],[-5.96114,41.2906],[-5.95726,41.28932],[-5.95662,41.29209],[-5.95581,41.29343],[-5.95054,41.29755],[-5.93911,41.30524],[-5.93393,41.30926],[-5.93491,41.31202],[-5.93703,41.31633],[-5.93914,41.31981],[-5.93297,41.32027],[-5.92806,41.32302],[-5.9545,41.36053]]]}},{"type":"Feature","properties":{"COD_POSTAL":"49340"},"geometry":{"type":"Polygon","coordinates":[[[-6.25523,42.17358],[-6.27787,42.17896],[-6.29373,42.17803],[-6.3333,42.17184],[-6.33178,42.17041],[-6.33009,42.16959],[-6.32923,42.16869],[-6.32932,42.16795],[-6.32882,42.16568],[-6.32946,42.16277],[-6.33009,42.16179],[-6.32967,42.16023],[-6.33016,42.15864],[-6.32989,42.15711],[-6.3289,42.15618],[-6.32861,42.15411],[-6.32655,42.15237],[-6.32051,42.1443],[-6.31695,42.13835],[-6.31705,42.13768],[-6.31446,42.13603],[-6.313,42.13432],[-6.3075,42.13122],[-6.30694,42.13001],[-6.29745,42.12514],[-6.29549,42.1245],[-6.29432,42.12364],[-6.29067,42.11984],[-6.28678,42.11786],[-6.28575,42.11797],[-6.27221,42.12172],[-6.26963,42.12198],[-6.26518,42.1241],[-6.26127,42.12341],[-6.25002,42.16691],[-6.25412,42.16704],[-6.25196,42.17306],[-6.25523,42.17358]]]}},{"type":"Feature","properties":{"COD_POSTAL":"49345"},"geometry":{"type":"Polygon","coordinates":[[[-6.39188,42.10294],[-6.40151,42.11149],[-6.40492,42.10917],[-6.40536,42.10729],[-6.41125,42.10405],[-6.40705,42.10145],[-6.40065,42.097],[-6.39695,42.098],[-6.39188,42.10294]]]}},{"type":"Feature","properties":{"COD_POSTAL":"49394"},"geometry":{"type":"Polygon","coordinates":[[[-6.78707,42.07147],[-6.80582,42.07065],[-6.81041,42.07171],[-6.82432,42.06823],[-6.81837,42.05556],[-6.81043,42.047],[-6.80788,42.04463],[-6.80271,42.03557],[-6.80264,42.03482],[-6.80486,42.01698],[-6.80469,42.01624],[-6.80353,42.01525],[-6.80236,42.01361],[-6.80135,42.01273],[-6.80114,42.01099],[-6.79955,42.01034],[-6.79871,42.00454],[-6.79937,42.00368],[-6.79985,42.00225],[-6.80386,41.99477],[-6.80559,41.99091],[-6.79771,41.98859],[-6.78561,41.9889],[-6.77825,41.98759],[-6.7687,41.9839],[-6.76214,41.98691],[-6.75453,41.99373],[-6.75085,41.99635],[-6.748,41.99801],[-6.74496,41.99815],[-6.74016,42.00123],[-6.73738,42.00343],[-6.7345,42.00452],[-6.73513,42.00515],[-6.73472,42.00708],[-6.73497,42.0082],[-6.73332,42.00996],[-6.73274,42.01129],[-6.73176,42.01161],[-6.73128,42.01242],[-6.72993,42.01278],[-6.72932,42.01351],[-6.72581,42.01473],[-6.72016,42.01885],[-6.7202,42.02319],[-6.71995,42.02533],[-6.71352,42.02924],[-6.7099,42.03337],[-6.6954,42.04096],[-6.69175,42.04379],[-6.684,42.04838],[-6.69601,42.06585],[-6.7072,42.06665],[-6.73375,42.06379],[-6.7622,42.0687],[-6.7838,42.07114],[-6.78797,42.06808],[-6.7885,42.06958],[-6.78707,42.07147]]]}},{"type":"Feature","properties":{"COD_POSTAL":"49525"},"geometry":{"type":"Polygon","coordinates":[[[-6.36902,41.73285],[-6.36811,41.73282],[-6.36156,41.73075],[-6.35639,41.72942],[-6.35336,41.72891],[-6.34755,41.73006],[-6.33688,41.73143],[-6.33476,41.73203],[-6.33116,41.73506],[-6.32827,41.73609],[-6.32496,41.7389],[-6.32392,41.74059],[-6.3232,41.74356],[-6.32107,41.74882],[-6.32125,41.74986],[-6.32272,41.75276],[-6.32384,41.75418],[-6.328,41.75804],[-6.32988,41.75928],[-6.33216,41.76134],[-6.33239,41.76183],[-6.35303,41.76854],[-6.37415,41.7784],[-6.38496,41.769],[-6.38711,41.76973],[-6.39084,41.77194],[-6.39153,41.77191],[-6.39258,41.7726],[-6.39376,41.77269],[-6.39444,41.77305],[-6.3957,41.77301],[-6.39658,41.77364],[-6.40309,41.77359],[-6.41144,41.77438],[-6.41067,41.77205],[-6.40937,41.76946],[-6.40736,41.76793],[-6.40575,41.75776],[-6.40646,41.75712],[-6.40993,41.75609],[-6.40703,41.7198],[-6.4041,41.72566],[-6.39953,41.72504],[-6.39555,41.73055],[-6.389,41.73433],[-6.37717,41.73363],[-6.37263,41.7329],[-6.37097,41.73287],[-6.36902,41.73285]]]}},{"type":"Feature","properties":{"COD_POSTAL":"49629"},"geometry":{"type":"Polygon","coordinates":[[[-6.08426,42.08432],[-6.08388,42.08346],[-6.08344,42.07911],[-6.08364,42.07583],[-6.08254,42.07304],[-6.08525,42.06979],[-6.08565,42.06767],[-6.08519,42.06622],[-6.08346,42.06441],[-6.08294,42.06318],[-6.08192,42.06204],[-6.07876,42.05991],[-6.0771,42.05998],[-6.07545,42.05866],[-6.07418,42.05842],[-6.07316,42.05769],[-6.07271,42.05777],[-6.07227,42.05743],[-6.07017,42.05683],[-6.06758,42.05643],[-6.06389,42.05443],[-6.06067,42.05159],[-6.05728,42.05139],[-6.05773,42.05029],[-6.05749,42.04968],[-6.05614,42.04877],[-6.05489,42.04877],[-6.05457,42.04855],[-6.05342,42.047],[-6.05159,42.04558],[-6.05139,42.04493],[-6.04871,42.04354],[-6.04782,42.04222],[-6.04645,42.04096],[-6.0447,42.04056],[-6.04414,42.0397],[-6.04363,42.03944],[-6.04257,42.0396],[-6.04088,42.04031],[-6.03346,42.03783],[-6.03298,42.03316],[-6.02674,42.03078],[-6.02567,42.02837],[-6.01121,42.03046],[-6.01164,42.03241],[-6.0112,42.03514],[-6.01154,42.03598],[-6.01128,42.03839],[-6.01548,42.03737],[-6.0182,42.03621],[-6.0203,42.03574],[-6.01976,42.0369],[-6.02038,42.04103],[-6.01943,42.04218],[-6.01913,42.04337],[-6.01828,42.04459],[-6.0188,42.04644],[-6.01868,42.04728],[-6.0193,42.0477],[-6.01892,42.04877],[-6.01968,42.04998],[-6.01999,42.052],[-6.01964,42.05644],[-6.02003,42.05818],[-6.01943,42.05999],[-6.02026,42.06189],[-6.02045,42.06423],[-6.02662,42.06729],[-6.02812,42.06763],[-6.02999,42.06865],[-6.0327,42.07069],[-6.03742,42.07002],[-6.03862,42.07059],[-6.04046,42.07098],[-6.04716,42.07103],[-6.04988,42.07155],[-6.04966,42.07304],[-6.05002,42.07419],[-6.05347,42.07611],[-6.05437,42.07614],[-6.05538,42.07583],[-6.05768,42.07659],[-6.06053,42.07676],[-6.06824,42.07834],[-6.07022,42.07965],[-6.0712,42.0807],[-6.0728,42.08152],[-6.07622,42.08417],[-6.07781,42.08494],[-6.08424,42.09376],[-6.08804,42.09525],[-6.08673,42.09341],[-6.08493,42.08968],[-6.08353,42.08823],[-6.08423,42.08619],[-6.08426,42.08432]]]}},{"type":"Feature","properties":{"COD_POSTAL":"49100"},"geometry":{"type":"MultiPolygon","coordinates":[[[[-5.37568,42.00012],[-5.37217,41.99763],[-5.36555,41.99167],[-5.36139,41.99304],[-5.35934,41.99504],[-5.35775,41.99359],[-5.35576,41.99523],[-5.35546,41.99498],[-5.35433,41.99598],[-5.34836,41.99483],[-5.34862,41.99563],[-5.3476,42.00023],[-5.34757,42.00422],[-5.35265,42.00501],[-5.35263,42.00554],[-5.35504,42.00611],[-5.35557,42.00563],[-5.35696,42.0059],[-5.35791,42.00654],[-5.35594,42.00749],[-5.35457,42.00851],[-5.35919,42.0108],[-5.3635,42.01086],[-5.37087,42.01421],[-5.37214,42.01145],[-5.36999,42.00541],[-5.37241,42.00678],[-5.37384,42.00803],[-5.3752,42.00771],[-5.37619,42.00828],[-5.37756,42.00779],[-5.38036,42.00776],[-5.38111,42.00666],[-5.38052,42.00617],[-5.38265,42.00561],[-5.38201,42.00505],[-5.38282,42.00401],[-5.37582,42.00022],[-5.37568,42.00012]]],[[[-5.4431,42.01196],[-5.43638,42.00903],[-5.43438,42.00753],[-5.43353,42.00656],[-5.43228,42.00562],[-5.43145,42.00432],[-5.43117,42.00246],[-5.43347,41.99341],[-5.43387,41.98483],[-5.43352,41.98307],[-5.43621,41.97369],[-5.43782,41.9712],[-5.43828,41.96739],[-5.43607,41.96379],[-5.43343,41.96113],[-5.4348,41.95944],[-5.43662,41.95371],[-5.43867,41.9526],[-5.43649,41.94858],[-5.43737,41.94712],[-5.43118,41.94735],[-5.40752,41.93738],[-5.40813,41.93567],[-5.40683,41.9352],[-5.404,41.93895],[-5.40476,41.94059],[-5.40319,41.94535],[-5.40169,41.9439],[-5.39943,41.94288],[-5.3952,41.9424],[-5.39188,41.94354],[-5.38991,41.9437],[-5.3912,41.94757],[-5.39121,41.94893],[-5.39168,41.95021],[-5.39113,41.95086],[-5.39101,41.95149],[-5.39291,41.95503],[-5.39149,41.95549],[-5.38841,41.95441],[-5.38724,41.95422],[-5.38506,41.94868],[-5.38111,41.9507],[-5.38176,41.95141],[-5.38404,41.95577],[-5.38357,41.95611],[-5.38493,41.95787],[-5.38464,41.95869],[-5.38444,41.96108],[-5.38398,41.96158],[-5.38294,41.96428],[-5.38723,41.96871],[-5.38936,41.97171],[-5.38756,41.97475],[-5.38542,41.98384],[-5.38486,41.98983],[-5.38688,41.99366],[-5.38931,42.00012],[-5.3894,42.00185],[-5.39162,42.0029],[-5.39374,42.00582],[-5.39309,42.00789],[-5.39419,42.01039],[-5.39371,42.01143],[-5.39499,42.0152],[-5.39705,42.01867],[-5.40331,42.02401],[-5.40732,42.02801],[-5.40871,42.02893],[-5.41011,42.02929],[-5.41217,42.02919],[-5.41207,42.03046],[-5.42028,42.02923],[-5.42159,42.03068],[-5.42428,42.02925],[-5.43321,42.0234],[-5.44744,42.01366],[-5.44735,42.01228],[-5.44781,42.01073],[-5.4431,42.01196]]]]}},{"type":"Feature","properties":{"COD_POSTAL":"49831"},"geometry":{"type":"Polygon","coordinates":[[[-5.48572,41.68079],[-5.48595,41.67966],[-5.485,41.679],[-5.48372,41.67895],[-5.47991,41.6757],[-5.48034,41.67508],[-5.47824,41.67434],[-5.4784,41.67296],[-5.47992,41.66992],[-5.47801,41.66928],[-5.47612,41.66976],[-5.47313,41.66733],[-5.47466,41.66635],[-5.47402,41.66539],[-5.47373,41.66445],[-5.46894,41.66328],[-5.46616,41.65978],[-5.46308,41.65804],[-5.45325,41.65654],[-5.45125,41.65543],[-5.44849,41.65491],[-5.44836,41.6562],[-5.44753,41.65604],[-5.44568,41.657],[-5.44472,41.65658],[-5.44417,41.65939],[-5.44383,41.65999],[-5.44332,41.65979],[-5.44275,41.65876],[-5.44153,41.65896],[-5.44152,41.65977],[-5.43995,41.66185],[-5.4392,41.66205],[-5.43678,41.66356],[-5.43426,41.66439],[-5.4336,41.66532],[-5.42593,41.66569],[-5.42193,41.66431],[-5.41961,41.6646],[-5.41956,41.66661],[-5.41973,41.66712],[-5.41712,41.67025],[-5.41493,41.67345],[-5.41446,41.67455],[-5.41492,41.67569],[-5.4149,41.67695],[-5.4143,41.67807],[-5.41339,41.67853],[-5.41325,41.67956],[-5.41517,41.68059],[-5.41519,41.6822],[-5.4172,41.68259],[-5.42157,41.68192],[-5.42662,41.68149],[-5.43191,41.68234],[-5.43942,41.68284],[-5.44398,41.68482],[-5.44846,41.68644],[-5.45055,41.68843],[-5.45128,41.68782],[-5.46431,41.6909],[-5.46545,41.6897],[-5.46923,41.68987],[-5.46954,41.69063],[-5.47129,41.68941],[-5.47421,41.69033],[-5.47664,41.69064],[-5.47667,41.69176],[-5.47769,41.69197],[-5.48099,41.68898],[-5.48343,41.69028],[-5.48416,41.68946],[-5.49038,41.69196],[-5.49357,41.6919],[-5.49401,41.69127],[-5.49622,41.69115],[-5.49291,41.68837],[-5.48952,41.68473],[-5.48511,41.68253],[-5.48583,41.68188],[-5.48569,41.68106],[-5.48572,41.68079]]]}},{"type":"Feature","properties":{"COD_POSTAL":"49562"},"geometry":{"type":"Polygon","coordinates":[[[-6.26738,41.99376],[-6.26826,41.99375],[-6.2711,41.99291],[-6.2719,41.99296],[-6.27277,41.99251],[-6.27486,41.99254],[-6.27617,41.99281],[-6.33162,41.93272],[-6.33005,41.93273],[-6.3297,41.93247],[-6.32958,41.93176],[-6.32782,41.93132],[-6.32616,41.93025],[-6.325,41.92859],[-6.3255,41.92767],[-6.32603,41.92126],[-6.32737,41.91264],[-6.32705,41.91029],[-6.32753,41.9004],[-6.32723,41.9],[-6.32305,41.89779],[-6.31682,41.89631],[-6.31173,41.89628],[-6.30938,41.8955],[-6.30565,41.89672],[-6.30255,41.8963],[-6.29976,41.89551],[-6.29177,41.89253],[-6.28852,41.89035],[-6.28709,41.88966],[-6.28243,41.88826],[-6.27707,41.88983],[-6.27461,41.89184],[-6.27457,41.89246],[-6.27429,41.8927],[-6.27067,41.8916],[-6.25657,41.89082],[-6.25608,41.89099],[-6.25429,41.89277],[-6.25337,41.89317],[-6.25043,41.89662],[-6.24478,41.90605],[-6.24334,41.91059],[-6.24116,41.91266],[-6.23962,41.91725],[-6.24651,41.91815],[-6.25117,41.91943],[-6.25145,41.92167],[-6.24956,41.92709],[-6.24812,41.93337],[-6.24536,41.93542],[-6.23194,41.95864],[-6.22965,41.96598],[-6.22924,41.97055],[-6.24107,41.97052],[-6.24237,41.9704],[-6.24435,41.9696],[-6.24873,41.97126],[-6.24728,41.97605],[-6.24322,41.97921],[-6.23999,41.98252],[-6.23748,41.98459],[-6.24111,41.98762],[-6.24296,41.98848],[-6.24471,41.98855],[-6.24855,41.98749],[-6.24984,41.98744],[-6.2565,41.9897],[-6.26101,41.99083],[-6.26392,41.992],[-6.26485,41.99293],[-6.26652,41.9935],[-6.26738,41.99376]]]}},{"type":"Feature","properties":{"COD_POSTAL":"49003"},"geometry":{"type":"Polygon","coordinates":[[[-5.74106,41.50489],[-5.74195,41.50627],[-5.7431,41.50543],[-5.74365,41.50527],[-5.74377,41.50546],[-5.74411,41.50519],[-5.74454,41.5055],[-5.74556,41.50408],[-5.74505,41.50401],[-5.74568,41.50333],[-5.74488,41.50327],[-5.74197,41.50405],[-5.7423,41.50451],[-5.74214,41.50473],[-5.74177,41.50434],[-5.74075,41.50439],[-5.74106,41.50489]]]}},{"type":"Feature","properties":{"COD_POSTAL":"49159"},"geometry":{"type":"Polygon","coordinates":[[[-5.70631,41.48924],[-5.70807,41.48414],[-5.70827,41.48232],[-5.70613,41.48162],[-5.70415,41.48139],[-5.69999,41.48139],[-5.69594,41.48054],[-5.69252,41.48027],[-5.68769,41.47708],[-5.68248,41.47499],[-5.66738,41.47964],[-5.65879,41.48184],[-5.64027,41.48032],[-5.63633,41.48143],[-5.63544,41.48458],[-5.63087,41.48523],[-5.63058,41.48732],[-5.62697,41.48765],[-5.62807,41.48941],[-5.62751,41.48965],[-5.6276,41.49022],[-5.62861,41.49078],[-5.62866,41.4914],[-5.62776,41.49146],[-5.62778,41.49248],[-5.62926,41.49246],[-5.62935,41.49282],[-5.6289,41.49333],[-5.627,41.49428],[-5.62794,41.49529],[-5.62737,41.49985],[-5.63189,41.50144],[-5.63341,41.50167],[-5.63574,41.49973],[-5.63702,41.49938],[-5.63817,41.4994],[-5.63874,41.49983],[-5.64211,41.50077],[-5.64668,41.50265],[-5.64873,41.50373],[-5.64901,41.50415],[-5.64945,41.50586],[-5.64871,41.50845],[-5.64903,41.51157],[-5.65159,41.51369],[-5.65931,41.51726],[-5.66248,41.51914],[-5.6682,41.52197],[-5.67102,41.52308],[-5.67226,41.52311],[-5.67666,41.52197],[-5.68188,41.52136],[-5.68622,41.52119],[-5.68805,41.51913],[-5.68862,41.51811],[-5.68874,41.51733],[-5.6885,41.51567],[-5.6877,41.51394],[-5.6814,41.50951],[-5.68056,41.50829],[-5.68066,41.50666],[-5.6816,41.50524],[-5.68324,41.50394],[-5.68474,41.5034],[-5.68971,41.50287],[-5.69343,41.50427],[-5.69499,41.50516],[-5.70277,41.50856],[-5.70432,41.50649],[-5.70514,41.50244],[-5.70756,41.50034],[-5.70733,41.50024],[-5.70581,41.49534],[-5.70525,41.4918],[-5.7055,41.49119],[-5.70631,41.48924]]]}},{"type":"Feature","properties":{"COD_POSTAL":"49030"},"geometry":{"type":"Polygon","coordinates":[[[-5.73227,41.51057],[-5.73217,41.51073],[-5.73293,41.51173],[-5.7317,41.51253],[-5.73261,41.51287],[-5.73421,41.51172],[-5.7352,41.51039],[-5.73521,41.51011],[-5.7348,41.50982],[-5.73509,41.50974],[-5.73571,41.50787],[-5.73549,41.50785],[-5.73497,41.50954],[-5.73463,41.50968],[-5.73363,41.50833],[-5.73349,41.50842],[-5.73341,41.508],[-5.73306,41.50821],[-5.73341,41.50865],[-5.73359,41.50849],[-5.73343,41.50888],[-5.73405,41.50937],[-5.73352,41.50965],[-5.73313,41.50944],[-5.73341,41.50978],[-5.73276,41.51021],[-5.73316,41.51054],[-5.73267,41.51029],[-5.73224,41.51054],[-5.73227,41.51057]]]}},{"type":"Feature","properties":{"COD_POSTAL":"49136"},"geometry":{"type":"Polygon","coordinates":[[[-5.54588,41.81777],[-5.54501,41.81936],[-5.5364,41.82465],[-5.53097,41.82584],[-5.52674,41.82773],[-5.53333,41.83168],[-5.53896,41.83539],[-5.54248,41.83728],[-5.54417,41.84099],[-5.54631,41.84384],[-5.54762,41.84486],[-5.54897,41.84701],[-5.5508,41.84817],[-5.55739,41.85377],[-5.55851,41.85437],[-5.57095,41.85616],[-5.57408,41.85616],[-5.57587,41.85643],[-5.58349,41.85886],[-5.58441,41.85885],[-5.58571,41.86048],[-5.58619,41.86207],[-5.58521,41.8697],[-5.58388,41.87223],[-5.5861,41.87358],[-5.58796,41.87402],[-5.58787,41.87577],[-5.58587,41.87904],[-5.58696,41.87933],[-5.58814,41.8777],[-5.58856,41.87584],[-5.58958,41.87577],[-5.59288,41.87662],[-5.59678,41.87915],[-5.59809,41.87741],[-5.61398,41.88189],[-5.6353,41.89669],[-5.63598,41.89597],[-5.63557,41.89572],[-5.6369,41.89448],[-5.63639,41.89412],[-5.63699,41.8935],[-5.63774,41.8937],[-5.64017,41.89144],[-5.63925,41.89086],[-5.6407,41.88984],[-5.64734,41.89381],[-5.6481,41.89435],[-5.65024,41.89698],[-5.65096,41.89666],[-5.65411,41.89943],[-5.65444,41.89935],[-5.65186,41.89494],[-5.65014,41.89033],[-5.64883,41.88469],[-5.64893,41.88145],[-5.64811,41.87833],[-5.64746,41.87189],[-5.646,41.86966],[-5.65349,41.86199],[-5.67041,41.84966],[-5.66456,41.8447],[-5.66124,41.841],[-5.65786,41.83775],[-5.65202,41.8367],[-5.64921,41.83355],[-5.64556,41.83112],[-5.63308,41.82564],[-5.6325,41.82613],[-5.62995,41.82482],[-5.62757,41.82218],[-5.62238,41.82089],[-5.62362,41.81663],[-5.62459,41.81489],[-5.62408,41.81306],[-5.62271,41.81178],[-5.6268,41.80843],[-5.62272,41.80429],[-5.61716,41.8023],[-5.60941,41.79829],[-5.59505,41.7895],[-5.59138,41.78663],[-5.58853,41.78504],[-5.57651,41.78019],[-5.57395,41.77965],[-5.56846,41.77607],[-5.56819,41.775],[-5.56728,41.77474],[-5.56736,41.77728],[-5.56872,41.7837],[-5.56884,41.78702],[-5.56409,41.79122],[-5.56208,41.79188],[-5.55675,41.79736],[-5.55602,41.79863],[-5.54926,41.8045],[-5.54613,41.80911],[-5.54565,41.81427],[-5.54607,41.8168],[-5.54588,41.81777]]]}},{"type":"Feature","properties":{"COD_POSTAL":"49594"},"geometry":{"type":"Polygon","coordinates":[[[-6.46597,42.02061],[-6.46804,42.02144],[-6.46972,42.01959],[-6.47066,42.01922],[-6.47367,42.01929],[-6.47657,42.01848],[-6.47749,42.01772],[-6.47771,42.0168],[-6.47854,42.01566],[-6.48124,42.01536],[-6.48246,42.01398],[-6.48414,42.01088],[-6.48474,42.01026],[-6.48534,42.01011],[-6.48729,42.01134],[-6.48827,42.01161],[-6.49094,42.01199],[-6.49241,42.01182],[-6.50106,42.00985],[-6.50163,42.00937],[-6.5021,42.0083],[-6.50507,42.00654],[-6.50711,42.00633],[-6.50898,42.00707],[-6.51,42.00955],[-6.51062,42.01011],[-6.51345,42.01084],[-6.51313,42.01042],[-6.51477,42.00953],[-6.51556,42.00861],[-6.51908,42.00629],[-6.51864,42.00597],[-6.52352,42.00169],[-6.52571,42.00011],[-6.52833,41.99554],[-6.52865,41.99443],[-6.51142,41.98023],[-6.50701,41.9678],[-6.45549,41.93344],[-6.45442,41.92929],[-6.45204,41.92874],[-6.44839,41.92723],[-6.4459,41.92684],[-6.44457,41.92635],[-6.44103,41.9246],[-6.43959,41.92345],[-6.43693,41.92246],[-6.43504,41.92085],[-6.43421,41.92046],[-6.43246,41.92018],[-6.42754,41.92011],[-6.42314,41.9204],[-6.4226,41.92081],[-6.42231,41.92223],[-6.42146,41.92286],[-6.41592,41.92373],[-6.41314,41.92358],[-6.41236,41.92252],[-6.41153,41.92256],[-6.40722,41.92417],[-6.40617,41.924],[-6.40433,41.92271],[-6.4036,41.92164],[-6.40138,41.92097],[-6.40049,41.92242],[-6.39877,41.92438],[-6.39447,41.93028],[-6.3881,41.93705],[-6.38683,41.93616],[-6.38524,41.93564],[-6.38401,41.93456],[-6.38334,41.93456],[-6.38282,41.93491],[-6.38193,41.93467],[-6.38209,41.93434],[-6.38123,41.9342],[-6.38084,41.93395],[-6.38083,41.93355],[-6.37958,41.93351],[-6.37717,41.93296],[-6.37447,41.9336],[-6.37402,41.94088],[-6.37414,41.94489],[-6.37475,41.94766],[-6.37511,41.95094],[-6.37501,41.9523],[-6.37418,41.95375],[-6.37299,41.95431],[-6.36729,41.95543],[-6.35741,41.96549],[-6.35399,41.96928],[-6.35301,41.97118],[-6.3504,41.97905],[-6.35261,41.97965],[-6.35573,41.97955],[-6.35996,41.97994],[-6.36153,41.9806],[-6.36188,41.98118],[-6.36228,41.98321],[-6.36396,41.98454],[-6.36372,41.98557],[-6.36271,41.98658],[-6.36284,41.9872],[-6.36399,41.98791],[-6.36652,41.98824],[-6.36981,41.98929],[-6.37259,41.98958],[-6.37466,41.98902],[-6.37547,41.98935],[-6.37798,41.9925],[-6.37876,41.99405],[-6.38048,41.99619],[-6.38136,41.99651],[-6.38224,41.99619],[-6.38367,41.99274],[-6.3841,41.99255],[-6.38532,41.99246],[-6.38766,41.99275],[-6.38803,41.99301],[-6.38761,41.99456],[-6.38852,41.99529],[-6.39193,41.99475],[-6.39315,41.99409],[-6.39445,41.99374],[-6.39706,41.994],[-6.39807,41.99444],[-6.39964,41.9946],[-6.40124,41.99434],[-6.40594,41.99279],[-6.4079,41.99168],[-6.409,41.9907],[-6.40993,41.99056],[-6.41166,41.991],[-6.41229,41.99182],[-6.41243,41.99262],[-6.41132,41.99515],[-6.41142,41.99575],[-6.41237,41.99634],[-6.41521,41.99595],[-6.41588,41.99467],[-6.41686,41.99452],[-6.41788,41.99458],[-6.42026,41.99618],[-6.42069,41.99744],[-6.42114,41.9978],[-6.42243,41.99803],[-6.42334,41.99783],[-6.42468,41.99675],[-6.42545,41.99643],[-6.42647,41.99655],[-6.42678,41.99728],[-6.42605,41.99895],[-6.42591,42.0002],[-6.42662,42.00094],[-6.42854,42.00183],[-6.4344,42.00061],[-6.43663,41.99838],[-6.43859,41.99793],[-6.43992,41.99789],[-6.44093,41.99829],[-6.44099,41.99943],[-6.43875,42.0008],[-6.43894,42.00186],[-6.43983,42.00443],[-6.44177,42.00676],[-6.44548,42.00914],[-6.4475,42.00987],[-6.44926,42.01017],[-6.45133,42.00971],[-6.45273,42.00967],[-6.45415,42.01009],[-6.45538,42.01121],[-6.45615,42.01292],[-6.45675,42.01729],[-6.45762,42.01838],[-6.45919,42.01957],[-6.46096,42.02027],[-6.46454,42.0202],[-6.46597,42.02061]]]}},{"type":"Feature","properties":{"COD_POSTAL":"49881"},"geometry":{"type":"Polygon","coordinates":[[[-5.51404,41.49973],[-5.51173,41.50097],[-5.5068,41.50004],[-5.4975,41.49661],[-5.48833,41.49503],[-5.47979,41.49616],[-5.47379,41.49831],[-5.47931,41.50968],[-5.49531,41.51563],[-5.50599,41.51685],[-5.50734,41.51576],[-5.51093,41.51414],[-5.5123,41.51141],[-5.51716,41.50913],[-5.51404,41.49973]]]}},{"type":"Feature","properties":{"COD_POSTAL":"49145"},"geometry":{"type":"Polygon","coordinates":[[[-5.87253,41.68415],[-5.87235,41.68526],[-5.87199,41.68592],[-5.8676,41.68826],[-5.86279,41.68923],[-5.86031,41.69011],[-5.85978,41.69084],[-5.85955,41.69409],[-5.8584,41.69836],[-5.85702,41.69963],[-5.8559,41.70007],[-5.85245,41.70054],[-5.85083,41.70024],[-5.84654,41.69898],[-5.84153,41.69592],[-5.83964,41.69544],[-5.83811,41.69575],[-5.83737,41.6965],[-5.83766,41.70041],[-5.83653,41.70576],[-5.83575,41.70722],[-5.83464,41.70837],[-5.83383,41.70893],[-5.83252,41.70937],[-5.82733,41.70917],[-5.82623,41.70935],[-5.82502,41.70981],[-5.82268,41.71148],[-5.82079,41.71249],[-5.81893,41.71285],[-5.81752,41.71266],[-5.81531,41.7117],[-5.81419,41.71075],[-5.8129,41.70883],[-5.81169,41.70614],[-5.81133,41.70374],[-5.81214,41.70037],[-5.81192,41.69974],[-5.81136,41.69909],[-5.81047,41.6986],[-5.80964,41.69851],[-5.80851,41.69878],[-5.80748,41.69941],[-5.80473,41.7031],[-5.80431,41.70471],[-5.80435,41.70753],[-5.80295,41.71098],[-5.80138,41.71358],[-5.7987,41.71726],[-5.79837,41.71828],[-5.79858,41.72122],[-5.79819,41.72427],[-5.8008,41.72533],[-5.80497,41.72563],[-5.80738,41.72604],[-5.80891,41.72679],[-5.80949,41.72745],[-5.80963,41.72836],[-5.80914,41.72999],[-5.80841,41.73124],[-5.80702,41.73266],[-5.80524,41.73296],[-5.80218,41.73304],[-5.80105,41.73332],[-5.80025,41.7338],[-5.7995,41.73518],[-5.79939,41.73586],[-5.79977,41.73721],[-5.80105,41.73941],[-5.80232,41.74046],[-5.8056,41.74227],[-5.80936,41.74388],[-5.81149,41.74309],[-5.81138,41.74289],[-5.8123,41.74208],[-5.81532,41.74193],[-5.81877,41.74218],[-5.82676,41.7438],[-5.83328,41.74427],[-5.83871,41.7455],[-5.8468,41.74601],[-5.85131,41.74679],[-5.85436,41.74666],[-5.85931,41.74734],[-5.86307,41.75048],[-5.86584,41.75033],[-5.8733,41.75088],[-5.87502,41.75126],[-5.8796,41.75139],[-5.88628,41.75313],[-5.89145,41.75404],[-5.89493,41.75013],[-5.89606,41.74925],[-5.89607,41.74836],[-5.89655,41.747],[-5.89594,41.74374],[-5.89684,41.74062],[-5.90217,41.73262],[-5.90459,41.73037],[-5.90757,41.72859],[-5.91287,41.72718],[-5.91424,41.72713],[-5.91683,41.72768],[-5.91743,41.72591],[-5.91871,41.72395],[-5.91106,41.72254],[-5.90155,41.72028],[-5.90115,41.72056],[-5.87253,41.68415]]]}},{"type":"Feature","properties":{"COD_POSTAL":"49559"},"geometry":{"type":"Polygon","coordinates":[[[-6.11713,41.76905],[-6.11723,41.76937],[-6.12445,41.77347],[-6.12641,41.77439],[-6.12949,41.77514],[-6.13704,41.77825],[-6.14405,41.78148],[-6.15119,41.78528],[-6.15459,41.78667],[-6.16704,41.79028],[-6.17103,41.79004],[-6.17596,41.79041],[-6.1791,41.79104],[-6.18769,41.78798],[-6.1929,41.78691],[-6.18936,41.78401],[-6.19832,41.77466],[-6.20018,41.76849],[-6.20006,41.76413],[-6.19974,41.76367],[-6.194,41.76016],[-6.20391,41.75415],[-6.20786,41.75011],[-6.2114,41.74721],[-6.2178,41.74398],[-6.2105,41.73775],[-6.18307,41.72932],[-6.13905,41.72402],[-6.12124,41.71618],[-6.11657,41.72223],[-6.11604,41.72476],[-6.11463,41.72685],[-6.10672,41.73257],[-6.09856,41.7379],[-6.09392,41.74568],[-6.09614,41.74861],[-6.10839,41.76293],[-6.11329,41.76827],[-6.11713,41.76905]]]}},{"type":"Feature","properties":{"COD_POSTAL":"49618"},"geometry":{"type":"Polygon","coordinates":[[[-5.932,42.10443],[-5.93222,42.10459],[-5.93121,42.10605],[-5.93068,42.10869],[-5.9302,42.10958],[-5.92682,42.11403],[-5.93407,42.11627],[-5.95347,42.12368],[-5.9566,42.12408],[-5.9609,42.12718],[-5.96289,42.12797],[-5.96527,42.12807],[-5.96763,42.12849],[-5.9743,42.1302],[-5.98178,42.13564],[-5.98316,42.13817],[-5.98508,42.13976],[-5.98986,42.14337],[-5.99258,42.14499],[-5.99567,42.14619],[-6.00604,42.1494],[-6.00727,42.15039],[-6.00937,42.15113],[-6.01186,42.1518],[-6.01359,42.15193],[-6.01667,42.15263],[-6.01929,42.15141],[-6.02101,42.14946],[-6.02281,42.1485],[-6.02288,42.1477],[-6.02537,42.14607],[-6.02558,42.14544],[-6.02672,42.14471],[-6.02689,42.14411],[-6.03147,42.13969],[-6.03285,42.13633],[-6.03687,42.13392],[-6.03251,42.13038],[-6.03122,42.1272],[-6.0309,42.12421],[-6.02723,42.12204],[-6.02508,42.12206],[-6.02369,42.12136],[-6.02297,42.1206],[-6.02308,42.12006],[-6.01957,42.11894],[-6.01537,42.11679],[-6.01361,42.11442],[-6.0148,42.11205],[-6.01059,42.10363],[-6.00751,42.10112],[-6.00376,42.09974],[-6.00049,42.09887],[-5.99938,42.09812],[-5.99796,42.09807],[-5.99575,42.09599],[-6.00727,42.08481],[-5.99447,42.07979],[-6.00611,42.04164],[-6.0027,42.03023],[-5.99473,42.03009],[-5.99215,42.02956],[-5.99202,42.02598],[-5.98409,42.02805],[-5.9874,42.04158],[-5.97403,42.05416],[-5.95421,42.06069],[-5.95004,42.06672],[-5.93871,42.08043],[-5.92927,42.08547],[-5.92809,42.09239],[-5.9234,42.0951],[-5.93033,42.09934],[-5.9315,42.10109],[-5.93142,42.1021],[-5.932,42.10443]]]}},{"type":"Feature","properties":{"COD_POSTAL":"49591"},"geometry":{"type":"Polygon","coordinates":[[[-6.22032,41.83698],[-6.21572,41.83422],[-6.21259,41.82979],[-6.20312,41.82036],[-6.20209,41.81857],[-6.20252,41.8177],[-6.20475,41.81545],[-6.205,41.81468],[-6.2049,41.81214],[-6.2063,41.81051],[-6.20805,41.8077],[-6.20943,41.80669],[-6.21026,41.80501],[-6.21081,41.8048],[-6.21329,41.80201],[-6.21622,41.80098],[-6.21621,41.80001],[-6.21736,41.79785],[-6.21712,41.79627],[-6.21579,41.7959],[-6.21407,41.7962],[-6.21183,41.79445],[-6.21024,41.79266],[-6.20783,41.79168],[-6.20758,41.79101],[-6.20649,41.79003],[-6.20554,41.78976],[-6.20472,41.78916],[-6.20359,41.78889],[-6.20267,41.7879],[-6.20087,41.78776],[-6.19675,41.78618],[-6.18769,41.78798],[-6.1791,41.79104],[-6.17596,41.79041],[-6.17103,41.79004],[-6.16704,41.79028],[-6.15459,41.78667],[-6.15119,41.78528],[-6.14405,41.78148],[-6.13704,41.77825],[-6.12949,41.77514],[-6.12641,41.77439],[-6.12445,41.77347],[-6.11723,41.76937],[-6.11713,41.76905],[-6.11329,41.76827],[-6.11512,41.77274],[-6.11681,41.77902],[-6.11201,41.78339],[-6.11116,41.78491],[-6.10826,41.78823],[-6.10008,41.79422],[-6.10028,41.79816],[-6.10546,41.80554],[-6.11253,41.80916],[-6.11165,41.8106],[-6.11052,41.81614],[-6.11059,41.81979],[-6.11025,41.8235],[-6.1095,41.82559],[-6.10413,41.83659],[-6.10638,41.83804],[-6.10742,41.83842],[-6.11094,41.84375],[-6.1092,41.84807],[-6.11984,41.85409],[-6.12112,41.85443],[-6.14335,41.8658],[-6.15204,41.87091],[-6.15701,41.87321],[-6.15782,41.87398],[-6.15985,41.87473],[-6.16829,41.87739],[-6.17148,41.87731],[-6.17796,41.87892],[-6.18211,41.88152],[-6.18896,41.88392],[-6.19019,41.88411],[-6.19152,41.88405],[-6.19656,41.88285],[-6.19946,41.88356],[-6.20223,41.88323],[-6.20568,41.8824],[-6.21061,41.88084],[-6.21254,41.88008],[-6.21416,41.87905],[-6.21422,41.8769],[-6.21468,41.87694],[-6.2149,41.87773],[-6.21575,41.87816],[-6.21894,41.87887],[-6.2182,41.8767],[-6.21474,41.86885],[-6.21894,41.85552],[-6.22086,41.83747],[-6.22032,41.83698]]]}},{"type":"Feature","properties":{"COD_POSTAL":"49731"},"geometry":{"type":"Polygon","coordinates":[[[-5.72795,41.59746],[-5.72014,41.60251],[-5.71426,41.60022],[-5.71251,41.60618],[-5.71148,41.60861],[-5.71176,41.61037],[-5.69924,41.6145],[-5.68809,41.62633],[-5.68705,41.62707],[-5.68696,41.6298],[-5.68796,41.63167],[-5.68824,41.63407],[-5.68943,41.6364],[-5.69062,41.63975],[-5.69655,41.64523],[-5.69777,41.64813],[-5.69942,41.65001],[-5.70206,41.65157],[-5.70912,41.65704],[-5.71192,41.65872],[-5.71331,41.65736],[-5.71544,41.65285],[-5.71773,41.65181],[-5.71925,41.65155],[-5.72033,41.65019],[-5.72127,41.6498],[-5.7248,41.64959],[-5.72717,41.65037],[-5.72849,41.65025],[-5.72913,41.64932],[-5.73013,41.64923],[-5.73628,41.64988],[-5.7439,41.65009],[-5.74562,41.64987],[-5.7467,41.65068],[-5.75032,41.65208],[-5.75111,41.65229],[-5.75219,41.65213],[-5.75535,41.64978],[-5.75762,41.64768],[-5.76163,41.64594],[-5.76112,41.64494],[-5.76212,41.64395],[-5.76268,41.64408],[-5.76378,41.64375],[-5.76374,41.6434],[-5.76108,41.6428],[-5.76014,41.64231],[-5.76044,41.64192],[-5.7623,41.64099],[-5.76735,41.63673],[-5.76678,41.63387],[-5.76887,41.63333],[-5.76817,41.62707],[-5.76741,41.62493],[-5.76628,41.62301],[-5.76599,41.62093],[-5.76499,41.6181],[-5.76366,41.61601],[-5.76317,41.61419],[-5.76241,41.6127],[-5.76225,41.6106],[-5.75943,41.60828],[-5.75867,41.60686],[-5.75727,41.60532],[-5.75436,41.60042],[-5.75045,41.60077],[-5.74195,41.60004],[-5.74072,41.59987],[-5.73752,41.59877],[-5.73041,41.59787],[-5.72832,41.59722],[-5.72795,41.59746]]]}},{"type":"Feature","properties":{"COD_POSTAL":"49120"},"geometry":{"type":"Polygon","coordinates":[[[-5.6687,41.60249],[-5.6687,41.60208],[-5.67206,41.60184],[-5.68249,41.60019],[-5.68648,41.59853],[-5.69733,41.59292],[-5.70769,41.59328],[-5.71084,41.59437],[-5.71237,41.59456],[-5.71347,41.59492],[-5.71441,41.59556],[-5.7153,41.59572],[-5.71659,41.59165],[-5.7176,41.58991],[-5.71573,41.58889],[-5.71472,41.58784],[-5.71274,41.58707],[-5.71201,41.58629],[-5.71132,41.58629],[-5.71048,41.58513],[-5.70978,41.58459],[-5.70649,41.58408],[-5.706,41.58383],[-5.70451,41.58195],[-5.70437,41.58123],[-5.70185,41.57985],[-5.70144,41.57895],[-5.69904,41.57758],[-5.69682,41.57668],[-5.69537,41.57567],[-5.6877,41.57329],[-5.68631,41.57253],[-5.68271,41.57146],[-5.67908,41.57192],[-5.67286,41.57144],[-5.66463,41.56675],[-5.66272,41.56436],[-5.66054,41.56216],[-5.65978,41.56087],[-5.65843,41.56149],[-5.65785,41.5607],[-5.65656,41.56065],[-5.65478,41.55979],[-5.65333,41.56061],[-5.65205,41.56006],[-5.65048,41.56161],[-5.65124,41.56221],[-5.64979,41.56309],[-5.64803,41.56457],[-5.6486,41.56525],[-5.64781,41.56582],[-5.64838,41.5668],[-5.64238,41.56848],[-5.64012,41.56978],[-5.63654,41.57076],[-5.63736,41.57425],[-5.63557,41.58092],[-5.63561,41.58311],[-5.6337,41.58347],[-5.63151,41.58429],[-5.63183,41.58521],[-5.63071,41.58548],[-5.63063,41.58601],[-5.63026,41.58622],[-5.63054,41.58672],[-5.6292,41.58704],[-5.62782,41.5866],[-5.62682,41.58715],[-5.62721,41.58823],[-5.6199,41.59204],[-5.61978,41.59238],[-5.61983,41.59271],[-5.62337,41.59364],[-5.62566,41.59894],[-5.62645,41.59914],[-5.62673,41.6018],[-5.62844,41.60386],[-5.63099,41.60478],[-5.63434,41.60534],[-5.64034,41.60779],[-5.64085,41.6076],[-5.64348,41.60472],[-5.64526,41.60432],[-5.65137,41.60672],[-5.66008,41.6114],[-5.6609,41.61117],[-5.66224,41.61023],[-5.6632,41.61049],[-5.66615,41.60916],[-5.66681,41.60826],[-5.67125,41.60629],[-5.67145,41.60553],[-5.67101,41.60485],[-5.66895,41.60415],[-5.6695,41.60367],[-5.6687,41.60249]]]}},{"type":"Feature","properties":{"COD_POSTAL":"49593"},"geometry":{"type":"Polygon","coordinates":[[[-6.45549,41.93344],[-6.50701,41.9678],[-6.51142,41.98023],[-6.52865,41.99443],[-6.52889,41.9936],[-6.53128,41.99037],[-6.53224,41.98605],[-6.5313,41.98326],[-6.53333,41.98123],[-6.53239,41.96733],[-6.54168,41.96798],[-6.54533,41.96924],[-6.55402,41.97392],[-6.56951,41.97321],[-6.57582,41.96659],[-6.57758,41.9617],[-6.5738,41.96067],[-6.56127,41.95265],[-6.55639,41.94871],[-6.5526,41.94623],[-6.54914,41.9445],[-6.54585,41.93593],[-6.54598,41.93068],[-6.53907,41.92517],[-6.5041,41.92366],[-6.49571,41.9239],[-6.48902,41.92457],[-6.47707,41.92378],[-6.46592,41.92273],[-6.46706,41.92464],[-6.46743,41.92591],[-6.46719,41.92927],[-6.46707,41.92975],[-6.4667,41.9299],[-6.46644,41.93077],[-6.46579,41.93091],[-6.46414,41.93058],[-6.46329,41.93066],[-6.45442,41.92929],[-6.45549,41.93344]]]}},{"type":"Feature","properties":{"COD_POSTAL":"49158"},"geometry":{"type":"Polygon","coordinates":[[[-5.55337,41.52269],[-5.55224,41.52395],[-5.55236,41.52455],[-5.55305,41.5253],[-5.5537,41.52658],[-5.56354,41.52646],[-5.56323,41.52575],[-5.57121,41.51748],[-5.57595,41.51922],[-5.57924,41.51574],[-5.58125,41.51227],[-5.5861,41.50644],[-5.58712,41.50478],[-5.58878,41.5037],[-5.59104,41.50288],[-5.59498,41.50222],[-5.60039,41.50021],[-5.60138,41.49962],[-5.60274,41.49827],[-5.60406,41.49565],[-5.60619,41.49429],[-5.61015,41.49383],[-5.61251,41.49383],[-5.61855,41.49499],[-5.62168,41.49606],[-5.62491,41.4979],[-5.62562,41.49883],[-5.62737,41.49985],[-5.62794,41.49529],[-5.627,41.49428],[-5.6289,41.49333],[-5.62935,41.49282],[-5.62926,41.49246],[-5.62778,41.49248],[-5.62776,41.49146],[-5.62866,41.4914],[-5.62861,41.49078],[-5.6276,41.49022],[-5.62751,41.48965],[-5.62807,41.48941],[-5.62697,41.48765],[-5.62219,41.48808],[-5.61279,41.48805],[-5.61153,41.48658],[-5.60958,41.48634],[-5.608,41.48698],[-5.60637,41.48675],[-5.60019,41.48693],[-5.58925,41.48457],[-5.58674,41.48319],[-5.58487,41.48412],[-5.58129,41.48082],[-5.57911,41.48015],[-5.57773,41.47933],[-5.57493,41.47928],[-5.56111,41.48055],[-5.56397,41.48465],[-5.55957,41.48868],[-5.5556,41.49058],[-5.55393,41.50016],[-5.5538,41.50228],[-5.55516,41.50403],[-5.55631,41.50606],[-5.55724,41.50706],[-5.55783,41.50879],[-5.55686,41.51337],[-5.557,41.51474],[-5.5568,41.516],[-5.55611,41.51734],[-5.55399,41.52008],[-5.5533,41.52153],[-5.55337,41.52269]]]}},{"type":"Feature","properties":{"COD_POSTAL":"49870"},"geometry":{"type":"Polygon","coordinates":[[[-5.3389,41.55241],[-5.33928,41.5502],[-5.33723,41.55153],[-5.33233,41.55661],[-5.33154,41.55813],[-5.3276,41.5611],[-5.32329,41.56476],[-5.32218,41.56653],[-5.32144,41.56883],[-5.31975,41.57054],[-5.31935,41.57125],[-5.31909,41.57301],[-5.31847,41.57379],[-5.31741,41.57437],[-5.31546,41.57462],[-5.31343,41.5735],[-5.31237,41.57377],[-5.31185,41.5734],[-5.31007,41.57402],[-5.31277,41.57683],[-5.31141,41.5781],[-5.31465,41.57995],[-5.31706,41.58217],[-5.31899,41.58331],[-5.3189,41.58426],[-5.32275,41.58586],[-5.32299,41.58822],[-5.32256,41.59016],[-5.32361,41.59175],[-5.3237,41.59288],[-5.32466,41.59619],[-5.32607,41.60314],[-5.32793,41.60511],[-5.33128,41.60509],[-5.33308,41.60549],[-5.33549,41.60543],[-5.34192,41.60435],[-5.34406,41.60364],[-5.34538,41.60282],[-5.34638,41.60192],[-5.353,41.59355],[-5.35686,41.58916],[-5.35913,41.58485],[-5.35949,41.58345],[-5.36018,41.58216],[-5.36024,41.58122],[-5.35986,41.57886],[-5.36073,41.57684],[-5.36306,41.57342],[-5.36356,41.56931],[-5.36307,41.56813],[-5.36366,41.56771],[-5.36104,41.56394],[-5.35981,41.56275],[-5.3587,41.56193],[-5.35434,41.55997],[-5.34691,41.55762],[-5.34536,41.55621],[-5.34319,41.55629],[-5.33888,41.55511],[-5.3389,41.55241]]]}},{"type":"Feature","properties":{"COD_POSTAL":"49710"},"geometry":{"type":"Polygon","coordinates":[[[-5.66798,41.26431],[-5.66825,41.26694],[-5.68972,41.28181],[-5.69775,41.28225],[-5.70102,41.28797],[-5.70232,41.28674],[-5.70439,41.28386],[-5.70778,41.28096],[-5.71103,41.27739],[-5.71404,41.27239],[-5.71517,41.27092],[-5.71718,41.26954],[-5.72418,41.26717],[-5.72603,41.26679],[-5.72932,41.267],[-5.73161,41.26689],[-5.73631,41.2657],[-5.74104,41.26603],[-5.74334,41.26578],[-5.75035,41.26433],[-5.75926,41.26108],[-5.75806,41.25839],[-5.75647,41.25587],[-5.75591,41.25391],[-5.75651,41.24793],[-5.75656,41.24299],[-5.75635,41.24181],[-5.75488,41.23818],[-5.7558,41.23614],[-5.75617,41.23318],[-5.75707,41.23047],[-5.75755,41.22756],[-5.75616,41.22373],[-5.75125,41.22586],[-5.7487,41.22583],[-5.74329,41.22729],[-5.73908,41.22722],[-5.7349,41.22764],[-5.73246,41.22722],[-5.72091,41.2297],[-5.71423,41.23078],[-5.70594,41.23317],[-5.70353,41.23337],[-5.70122,41.23438],[-5.69881,41.23415],[-5.69624,41.23444],[-5.69471,41.23435],[-5.67894,41.23187],[-5.6772,41.23327],[-5.67504,41.23647],[-5.67077,41.23962],[-5.66947,41.24157],[-5.66872,41.24334],[-5.66766,41.24432],[-5.66792,41.24447],[-5.66787,41.24931],[-5.66674,41.25346],[-5.66774,41.25795],[-5.66756,41.25982],[-5.66775,41.26246],[-5.66798,41.26431]]]}},{"type":"Feature","properties":{"COD_POSTAL":"49519"},"geometry":{"type":"Polygon","coordinates":[[[-6.20526,41.76866],[-6.20985,41.76807],[-6.21182,41.76759],[-6.21456,41.76602],[-6.21533,41.76598],[-6.21805,41.76654],[-6.2197,41.76775],[-6.22053,41.76794],[-6.23598,41.76982],[-6.24115,41.76577],[-6.24787,41.76975],[-6.25424,41.77314],[-6.26473,41.77775],[-6.2695,41.77608],[-6.27782,41.78045],[-6.27957,41.78111],[-6.29445,41.789],[-6.29662,41.78851],[-6.29912,41.78953],[-6.29901,41.7835],[-6.30382,41.77998],[-6.30867,41.77706],[-6.3121,41.77558],[-6.31475,41.77387],[-6.32113,41.76902],[-6.32741,41.76572],[-6.33241,41.76227],[-6.33216,41.76134],[-6.32988,41.75928],[-6.328,41.75804],[-6.32384,41.75418],[-6.32272,41.75276],[-6.32125,41.74986],[-6.32107,41.74882],[-6.3232,41.74356],[-6.32392,41.74059],[-6.32496,41.7389],[-6.32827,41.73609],[-6.33116,41.73506],[-6.33476,41.73203],[-6.33688,41.73143],[-6.34755,41.73006],[-6.35251,41.72904],[-6.3531,41.72794],[-6.3539,41.72206],[-6.34758,41.71888],[-6.34602,41.71674],[-6.34041,41.71443],[-6.3402,41.71409],[-6.33637,41.71222],[-6.32874,41.70915],[-6.31072,41.69969],[-6.30757,41.69917],[-6.30064,41.69862],[-6.29798,41.69931],[-6.29472,41.70149],[-6.28369,41.70241],[-6.27796,41.70367],[-6.27531,41.70472],[-6.27261,41.70544],[-6.26821,41.70622],[-6.26669,41.70766],[-6.26521,41.70874],[-6.26496,41.70868],[-6.2647,41.71329],[-6.25255,41.72825],[-6.24151,41.73196],[-6.23994,41.73286],[-6.23736,41.73578],[-6.23068,41.74098],[-6.22507,41.74332],[-6.22095,41.74447],[-6.21967,41.7443],[-6.21839,41.74381],[-6.2178,41.74398],[-6.21292,41.74628],[-6.20886,41.74919],[-6.20391,41.75415],[-6.194,41.76016],[-6.19974,41.76367],[-6.20006,41.76413],[-6.20018,41.76849],[-6.20526,41.76866]]]}},{"type":"Feature","properties":{"COD_POSTAL":"49023"},"geometry":{"type":"Polygon","coordinates":[[[-5.74226,41.51629],[-5.74118,41.5183],[-5.73998,41.51916],[-5.73932,41.51858],[-5.73901,41.51893],[-5.7385,41.51856],[-5.73765,41.51961],[-5.73645,41.5204],[-5.73423,41.52115],[-5.73333,41.52284],[-5.73073,41.52554],[-5.73176,41.52577],[-5.73648,41.52408],[-5.74657,41.52282],[-5.75164,41.52008],[-5.75088,41.51919],[-5.7487,41.51813],[-5.74925,41.51763],[-5.74887,41.51546],[-5.75011,41.51498],[-5.75089,41.51305],[-5.75053,41.51297],[-5.75049,41.51266],[-5.75112,41.51263],[-5.75156,41.51226],[-5.75127,41.51159],[-5.74745,41.51097],[-5.7472,41.51072],[-5.74632,41.51154],[-5.74471,41.51149],[-5.74437,41.51121],[-5.74477,41.51268],[-5.74372,41.5136],[-5.74486,41.51448],[-5.74447,41.51482],[-5.7424,41.5149],[-5.74226,41.51629]]]}},{"type":"Feature","properties":{"COD_POSTAL":"49174"},"geometry":{"type":"Polygon","coordinates":[[[-5.88603,41.35068],[-5.87952,41.34943],[-5.87677,41.34974],[-5.87336,41.34887],[-5.87126,41.34903],[-5.86943,41.34986],[-5.86832,41.34993],[-5.86749,41.34961],[-5.86562,41.35115],[-5.86257,41.35234],[-5.85067,41.35995],[-5.85659,41.3692],[-5.8691,41.37872],[-5.87494,41.3811],[-5.87494,41.38337],[-5.86653,41.39149],[-5.86782,41.39827],[-5.8982,41.39258],[-5.92291,41.39263],[-5.92418,41.38137],[-5.92367,41.37621],[-5.9266,41.37167],[-5.93032,41.36923],[-5.93765,41.36771],[-5.94016,41.36666],[-5.9421,41.36616],[-5.94653,41.36415],[-5.94952,41.36341],[-5.95154,41.36173],[-5.95321,41.36086],[-5.9545,41.36053],[-5.92806,41.32302],[-5.90483,41.33587],[-5.89705,41.33904],[-5.89399,41.33993],[-5.89131,41.34109],[-5.88702,41.34355],[-5.88603,41.35068]]]}},{"type":"Feature","properties":{"COD_POSTAL":"49009"},"geometry":{"type":"Polygon","coordinates":[[[-5.74329,41.51368],[-5.74368,41.51363],[-5.74477,41.51268],[-5.74437,41.51121],[-5.74315,41.51177],[-5.74306,41.51162],[-5.74295,41.50872],[-5.74323,41.50826],[-5.74293,41.50793],[-5.74229,41.50965],[-5.74271,41.50966],[-5.74269,41.51118],[-5.74152,41.51079],[-5.74147,41.51109],[-5.74291,41.51173],[-5.74304,41.51344],[-5.74329,41.51368]]]}},{"type":"Feature","properties":{"COD_POSTAL":"49271"},"geometry":{"type":"Polygon","coordinates":[[[-5.92918,41.38215],[-5.95114,41.37163],[-5.96602,41.36845],[-5.96676,41.365],[-5.96531,41.36314],[-5.96577,41.36239],[-5.9648,41.36185],[-5.96531,41.35997],[-5.96002,41.3606],[-5.9557,41.36028],[-5.9558,41.36081],[-5.955,41.36102],[-5.95471,41.36047],[-5.95321,41.36086],[-5.95154,41.36173],[-5.94952,41.36341],[-5.94653,41.36415],[-5.9421,41.36616],[-5.94016,41.36666],[-5.93765,41.36771],[-5.93032,41.36923],[-5.92958,41.3696],[-5.9266,41.37167],[-5.92367,41.37621],[-5.92418,41.38138],[-5.92918,41.38215]]]}},{"type":"Feature","properties":{"COD_POSTAL":"49520"},"geometry":{"type":"Polygon","coordinates":[[[-6.46644,41.93077],[-6.4667,41.9299],[-6.46707,41.92975],[-6.46719,41.92927],[-6.46743,41.92591],[-6.46706,41.92464],[-6.46592,41.92273],[-6.46654,41.92278],[-6.46578,41.92222],[-6.46254,41.88052],[-6.45733,41.8593],[-6.43486,41.85661],[-6.41182,41.86059],[-6.41202,41.86038],[-6.40349,41.86163],[-6.40407,41.86273],[-6.40431,41.86381],[-6.40416,41.86552],[-6.40278,41.86648],[-6.40122,41.86852],[-6.40049,41.8691],[-6.39559,41.87153],[-6.39668,41.87312],[-6.39716,41.87427],[-6.39725,41.8754],[-6.39652,41.87685],[-6.3949,41.87848],[-6.39519,41.87939],[-6.39612,41.88022],[-6.39686,41.88046],[-6.39982,41.87989],[-6.40762,41.88193],[-6.40819,41.88245],[-6.40922,41.88629],[-6.40932,41.88763],[-6.41041,41.89004],[-6.41024,41.89135],[-6.4095,41.89329],[-6.40939,41.89415],[-6.40962,41.89516],[-6.40898,41.89805],[-6.40787,41.90048],[-6.40782,41.90187],[-6.40583,41.90591],[-6.40569,41.90708],[-6.40618,41.90785],[-6.40828,41.9098],[-6.41142,41.91484],[-6.41361,41.91723],[-6.41821,41.92124],[-6.41822,41.92191],[-6.41704,41.9237],[-6.42146,41.92286],[-6.42231,41.92223],[-6.4226,41.92081],[-6.42314,41.9204],[-6.42754,41.92011],[-6.43246,41.92018],[-6.43421,41.92046],[-6.43504,41.92085],[-6.43693,41.92246],[-6.43959,41.92345],[-6.44201,41.92516],[-6.4459,41.92684],[-6.44839,41.92723],[-6.45318,41.92906],[-6.46579,41.93091],[-6.46644,41.93077]]]}},{"type":"Feature","properties":{"COD_POSTAL":"49359"},"geometry":{"type":"Polygon","coordinates":[[[-6.655,42.15679],[-6.61634,42.20457],[-6.61858,42.20803],[-6.61881,42.20939],[-6.62109,42.20987],[-6.62346,42.21218],[-6.62894,42.21186],[-6.62994,42.21199],[-6.63718,42.21607],[-6.63865,42.2173],[-6.64795,42.21689],[-6.64944,42.21588],[-6.65118,42.21535],[-6.65367,42.21348],[-6.65478,42.21302],[-6.65915,42.2138],[-6.66111,42.213],[-6.67096,42.2125],[-6.67439,42.21446],[-6.68001,42.21476],[-6.68507,42.21445],[-6.68932,42.21474],[-6.69291,42.21368],[-6.69913,42.20978],[-6.70379,42.20937],[-6.70647,42.2105],[-6.70954,42.21256],[-6.7099,42.21322],[-6.71147,42.21405],[-6.71639,42.21329],[-6.71879,42.21361],[-6.7197,42.21335],[-6.72114,42.21396],[-6.72148,42.21505],[-6.72252,42.21641],[-6.72372,42.21688],[-6.72653,42.21491],[-6.72753,42.21393],[-6.73416,42.21073],[-6.74267,42.20707],[-6.75057,42.2022],[-6.74558,42.19828],[-6.72984,42.18775],[-6.72506,42.18238],[-6.70818,42.17062],[-6.69966,42.16143],[-6.69027,42.15932],[-6.67448,42.15068],[-6.67492,42.14221],[-6.67582,42.13831],[-6.66907,42.12789],[-6.66877,42.12441],[-6.66674,42.12318],[-6.6626,42.11887],[-6.66048,42.11599],[-6.65869,42.10898],[-6.65711,42.10651],[-6.65577,42.10604],[-6.65424,42.10451],[-6.65178,42.1059],[-6.635,42.12302],[-6.63908,42.12352],[-6.63911,42.12995],[-6.64496,42.13959],[-6.64397,42.1418],[-6.64411,42.14333],[-6.64383,42.14434],[-6.64524,42.14494],[-6.64548,42.14591],[-6.64497,42.1465],[-6.64573,42.14664],[-6.64875,42.15162],[-6.65179,42.15448],[-6.65277,42.15492],[-6.655,42.15679]]]}},{"type":"Feature","properties":{"COD_POSTAL":"49563"},"geometry":{"type":"Polygon","coordinates":[[[-6.27621,41.99282],[-6.27761,41.99343],[-6.2806,41.9923],[-6.2822,41.99208],[-6.28351,41.99116],[-6.28539,41.98781],[-6.28794,41.98643],[-6.29042,41.98556],[-6.29636,41.98468],[-6.29972,41.98189],[-6.30102,41.98014],[-6.30205,41.97964],[-6.30349,41.97975],[-6.30841,41.98209],[-6.31101,41.98302],[-6.31256,41.98283],[-6.31353,41.98217],[-6.3137,41.98154],[-6.31254,41.97981],[-6.31248,41.97899],[-6.31288,41.9783],[-6.31379,41.97787],[-6.31607,41.97805],[-6.31663,41.97815],[-6.32161,41.98072],[-6.323,41.98118],[-6.32774,41.98189],[-6.33116,41.98397],[-6.33584,41.98248],[-6.33627,41.98209],[-6.33665,41.98071],[-6.33717,41.98015],[-6.33813,41.97984],[-6.3394,41.97973],[-6.34098,41.98],[-6.34226,41.98032],[-6.34467,41.98141],[-6.34604,41.98128],[-6.3477,41.98058],[-6.34961,41.97903],[-6.3504,41.97905],[-6.35301,41.97118],[-6.35399,41.96928],[-6.35741,41.96549],[-6.36729,41.95543],[-6.36613,41.95371],[-6.36457,41.95259],[-6.36044,41.94891],[-6.35872,41.94786],[-6.35775,41.94668],[-6.35692,41.94508],[-6.35435,41.9428],[-6.35234,41.94026],[-6.34644,41.93607],[-6.34332,41.9342],[-6.33999,41.93288],[-6.33901,41.93356],[-6.33737,41.93534],[-6.33698,41.93456],[-6.33644,41.93448],[-6.33579,41.93396],[-6.335,41.93372],[-6.33395,41.93382],[-6.33208,41.93327],[-6.33162,41.93272],[-6.27617,41.99281],[-6.27621,41.99282]]]}},{"type":"Feature","properties":{"COD_POSTAL":"49255"},"geometry":{"type":"Polygon","coordinates":[[[-6.01841,41.40796],[-6.01936,41.40782],[-6.01965,41.40814],[-6.01957,41.41085],[-6.01978,41.41149],[-6.02332,41.41624],[-6.02414,41.41781],[-6.02416,41.41946],[-6.02719,41.42339],[-6.02819,41.42382],[-6.03066,41.42338],[-6.03293,41.42486],[-6.03525,41.4255],[-6.04048,41.42887],[-6.04119,41.43018],[-6.04434,41.43204],[-6.05189,41.42865],[-6.05449,41.42888],[-6.06113,41.42997],[-6.06531,41.43035],[-6.07668,41.43512],[-6.07882,41.43468],[-6.08538,41.43606],[-6.08666,41.43588],[-6.08715,41.43489],[-6.08931,41.43312],[-6.0901,41.42939],[-6.09327,41.42467],[-6.09671,41.42133],[-6.10012,41.41889],[-6.1021,41.41893],[-6.10394,41.41737],[-6.10615,41.41601],[-6.10842,41.41507],[-6.11012,41.41313],[-6.11092,41.41119],[-6.1105,41.40741],[-6.11272,41.40474],[-6.11287,41.40329],[-6.11391,41.40205],[-6.11425,41.40076],[-6.11511,41.40009],[-6.11575,41.39522],[-6.10858,41.39238],[-6.08726,41.3859],[-6.0743,41.37775],[-6.07361,41.37152],[-6.04886,41.37048],[-6.01682,41.40853],[-6.01841,41.40796]]]}},{"type":"Feature","properties":{"COD_POSTAL":"49610"},"geometry":{"type":"Polygon","coordinates":[[[-6.07895,42.09121],[-6.08125,42.08978],[-6.07781,42.08494],[-6.07622,42.08417],[-6.0728,42.08152],[-6.0712,42.0807],[-6.07022,42.07965],[-6.06824,42.07834],[-6.06053,42.07676],[-6.05768,42.07659],[-6.05538,42.07583],[-6.05437,42.07614],[-6.05347,42.07611],[-6.05002,42.07419],[-6.04966,42.07304],[-6.04988,42.07155],[-6.04716,42.07103],[-6.04046,42.07098],[-6.03862,42.07059],[-6.03742,42.07002],[-6.0327,42.07069],[-6.02999,42.06865],[-6.02812,42.06763],[-6.02662,42.06729],[-6.02045,42.06423],[-6.02026,42.06189],[-6.01943,42.05999],[-6.02003,42.05818],[-6.01964,42.05644],[-6.01999,42.052],[-6.01968,42.04998],[-6.01892,42.04877],[-6.0193,42.0477],[-6.01868,42.04728],[-6.0188,42.04644],[-6.01828,42.04459],[-6.01913,42.04337],[-6.01943,42.04218],[-6.02038,42.04103],[-6.01976,42.0369],[-6.0203,42.03574],[-6.0182,42.03621],[-6.01548,42.03737],[-6.01128,42.03839],[-6.01154,42.03598],[-6.0112,42.03514],[-6.01164,42.03241],[-6.01121,42.03046],[-6.0027,42.03023],[-6.00611,42.04164],[-5.99447,42.07979],[-6.00727,42.08481],[-6.0131,42.08735],[-6.0187,42.08242],[-6.05887,42.08616],[-6.07475,42.08661],[-6.07695,42.09044],[-6.07895,42.09121]]]}},{"type":"Feature","properties":{"COD_POSTAL":"49660"},"geometry":{"type":"Polygon","coordinates":[[[-5.65261,41.96254],[-5.65041,41.96257],[-5.64924,41.96238],[-5.64844,41.96189],[-5.64687,41.96021],[-5.64351,41.95801],[-5.64262,41.95604],[-5.64009,41.95317],[-5.63139,41.94663],[-5.61817,41.93799],[-5.61483,41.9365],[-5.61187,41.93478],[-5.60837,41.93365],[-5.60721,41.93976],[-5.6067,41.94439],[-5.6069,41.94772],[-5.59145,41.9524],[-5.58672,41.95218],[-5.58478,41.95167],[-5.58033,41.95275],[-5.5703,41.95605],[-5.55904,41.95846],[-5.55846,41.96134],[-5.55926,41.96594],[-5.55675,41.96783],[-5.56064,41.97433],[-5.56607,41.97699],[-5.57017,41.98421],[-5.57187,41.98354],[-5.5801,41.99261],[-5.57924,41.9932],[-5.58435,41.99805],[-5.5861,41.99919],[-5.58792,42.00113],[-5.58984,42.00406],[-5.59152,42.00494],[-5.59111,42.00517],[-5.59127,42.00564],[-5.58772,42.00637],[-5.58933,42.00763],[-5.58953,42.00828],[-5.58874,42.00923],[-5.58882,42.00941],[-5.59215,42.00895],[-5.59369,42.00851],[-5.59538,42.00637],[-5.60014,42.00562],[-5.60364,42.00852],[-5.60702,42.01059],[-5.61157,42.00928],[-5.61229,42.00988],[-5.61367,42.00793],[-5.61613,42.00663],[-5.61681,42.00528],[-5.6208,42.00169],[-5.62164,42.00117],[-5.62388,42.00089],[-5.62801,42.0015],[-5.6302,42.00133],[-5.6307,42.00095],[-5.63179,41.99867],[-5.63169,41.99794],[-5.63027,41.99537],[-5.63034,41.9946],[-5.63157,41.99312],[-5.63429,41.99224],[-5.63524,41.99015],[-5.6389,41.98788],[-5.63875,41.9873],[-5.63786,41.98684],[-5.63546,41.98626],[-5.63468,41.9853],[-5.63568,41.98465],[-5.63659,41.98296],[-5.63664,41.98236],[-5.63606,41.98184],[-5.63935,41.98002],[-5.64472,41.979],[-5.64514,41.98105],[-5.64697,41.98234],[-5.65261,41.96254]]]}},{"type":"Feature","properties":{"COD_POSTAL":"49150"},"geometry":{"type":"Polygon","coordinates":[[[-5.6694,41.44991],[-5.66468,41.45159],[-5.66452,41.45047],[-5.66252,41.44952],[-5.66148,41.44955],[-5.66058,41.4489],[-5.65935,41.44849],[-5.65855,41.44836],[-5.65689,41.44928],[-5.6564,41.44932],[-5.65538,41.44799],[-5.65359,41.44636],[-5.65322,41.4452],[-5.65246,41.44425],[-5.65085,41.44311],[-5.65056,41.44222],[-5.65026,41.43869],[-5.64887,41.43565],[-5.64884,41.43345],[-5.61145,41.41516],[-5.59786,41.42913],[-5.62728,41.44603],[-5.6317,41.45125],[-5.63301,41.45181],[-5.63439,41.45208],[-5.63585,41.45201],[-5.64284,41.4552],[-5.64444,41.45782],[-5.64493,41.45977],[-5.64493,41.46266],[-5.63276,41.46996],[-5.63214,41.47086],[-5.63041,41.47187],[-5.63135,41.47277],[-5.62987,41.47347],[-5.63392,41.47448],[-5.6373,41.47801],[-5.63593,41.47986],[-5.63633,41.48143],[-5.64027,41.48032],[-5.65879,41.48184],[-5.66738,41.47964],[-5.68248,41.47499],[-5.67981,41.47392],[-5.67947,41.47338],[-5.67814,41.47265],[-5.67733,41.47178],[-5.67542,41.47076],[-5.67255,41.4687],[-5.67247,41.46581],[-5.67128,41.46229],[-5.67258,41.45545],[-5.66939,41.45139],[-5.6694,41.44991]]]}},{"type":"Feature","properties":{"COD_POSTAL":"49343"},"geometry":{"type":"Polygon","coordinates":[[[-6.21469,42.11795],[-6.21484,42.11983],[-6.21314,42.12125],[-6.2099,42.12273],[-6.20702,42.12317],[-6.20201,42.13309],[-6.21024,42.14405],[-6.2124,42.14808],[-6.21586,42.14918],[-6.2187,42.15097],[-6.21986,42.15278],[-6.22079,42.15591],[-6.22247,42.15879],[-6.22413,42.16059],[-6.22582,42.16195],[-6.23013,42.16316],[-6.23175,42.16443],[-6.24033,42.16684],[-6.24221,42.16763],[-6.24587,42.16749],[-6.24761,42.16683],[-6.25002,42.16691],[-6.26127,42.12341],[-6.26518,42.1241],[-6.26963,42.12198],[-6.27221,42.12172],[-6.28575,42.11797],[-6.28678,42.11786],[-6.26738,42.10938],[-6.25919,42.10633],[-6.24309,42.10205],[-6.23704,42.09941],[-6.23088,42.09233],[-6.22189,42.09704],[-6.21378,42.11218],[-6.21469,42.11795]]]}},{"type":"Feature","properties":{"COD_POSTAL":"49335"},"geometry":{"type":"Polygon","coordinates":[[[-6.14416,41.87326],[-6.13313,41.87358],[-6.11924,41.86829],[-6.10642,41.87274],[-6.08786,41.86555],[-6.08025,41.86128],[-6.07908,41.86119],[-6.07845,41.86057],[-6.07735,41.86104],[-6.06899,41.86095],[-6.04989,41.87037],[-6.04851,41.87387],[-6.04505,41.87485],[-6.04387,41.88347],[-6.04171,41.89238],[-6.04229,41.898],[-6.04967,41.90221],[-6.03591,41.92024],[-6.04389,41.92119],[-6.04835,41.92216],[-6.05214,41.924],[-6.05504,41.92495],[-6.06028,41.92616],[-6.06949,41.9271],[-6.07646,41.92876],[-6.07799,41.92877],[-6.07989,41.92924],[-6.08297,41.92823],[-6.08543,41.9286],[-6.09981,41.92852],[-6.10238,41.92915],[-6.10365,41.92901],[-6.10602,41.92927],[-6.11132,41.93106],[-6.11364,41.92602],[-6.11555,41.92402],[-6.11585,41.9234],[-6.13021,41.92214],[-6.13119,41.92249],[-6.13296,41.92412],[-6.1356,41.92462],[-6.1389,41.926],[-6.14729,41.92797],[-6.14978,41.92801],[-6.15226,41.92675],[-6.15271,41.92622],[-6.15293,41.92533],[-6.15462,41.92353],[-6.15526,41.9225],[-6.15901,41.92151],[-6.1622,41.92109],[-6.16337,41.92054],[-6.16526,41.91886],[-6.16798,41.91356],[-6.17364,41.90872],[-6.17766,41.90768],[-6.1834,41.90822],[-6.18769,41.90886],[-6.19849,41.91134],[-6.2244,41.89199],[-6.23829,41.88759],[-6.23496,41.88618],[-6.22918,41.88285],[-6.22011,41.87914],[-6.21575,41.87816],[-6.2149,41.87773],[-6.21468,41.87694],[-6.21422,41.8769],[-6.21416,41.87905],[-6.21254,41.88008],[-6.20568,41.8824],[-6.20223,41.88323],[-6.19946,41.88356],[-6.19656,41.88285],[-6.19152,41.88405],[-6.19019,41.88411],[-6.18896,41.88392],[-6.18211,41.88152],[-6.17796,41.87892],[-6.17148,41.87731],[-6.16829,41.87739],[-6.15985,41.87473],[-6.15782,41.87398],[-6.15701,41.87321],[-6.15204,41.87091],[-6.14824,41.87196],[-6.14416,41.87326]]]}},{"type":"Feature","properties":{"COD_POSTAL":"49028"},"geometry":{"type":"Polygon","coordinates":[[[-5.71963,41.51231],[-5.72907,41.50262],[-5.73468,41.50169],[-5.73869,41.50064],[-5.74187,41.50086],[-5.74279,41.50037],[-5.74856,41.5002],[-5.74689,41.49963],[-5.74546,41.4983],[-5.74592,41.49618],[-5.74557,41.49414],[-5.74378,41.49438],[-5.74414,41.49425],[-5.74378,41.49345],[-5.7435,41.49426],[-5.74326,41.49426],[-5.7435,41.49344],[-5.74458,41.49241],[-5.74456,41.49152],[-5.74406,41.49109],[-5.74457,41.49015],[-5.74255,41.48287],[-5.74662,41.47648],[-5.76159,41.46305],[-5.76404,41.45852],[-5.7633,41.45853],[-5.76045,41.45979],[-5.75688,41.46055],[-5.75393,41.45964],[-5.74995,41.4609],[-5.74965,41.46281],[-5.74919,41.4636],[-5.74599,41.4651],[-5.74448,41.46618],[-5.73944,41.47048],[-5.73884,41.47162],[-5.73547,41.47442],[-5.73462,41.47548],[-5.73375,41.47582],[-5.72913,41.47648],[-5.72621,41.47571],[-5.72431,41.47579],[-5.71737,41.47508],[-5.71746,41.47413],[-5.71692,41.47174],[-5.71324,41.47384],[-5.71258,41.47452],[-5.70843,41.48147],[-5.70807,41.48414],[-5.70717,41.48716],[-5.70525,41.4918],[-5.70581,41.49534],[-5.70733,41.50024],[-5.70756,41.50034],[-5.70514,41.50244],[-5.70432,41.50649],[-5.70265,41.50851],[-5.71428,41.51477],[-5.71963,41.51231]]]}},{"type":"Feature","properties":{"COD_POSTAL":"49420"},"geometry":{"type":"Polygon","coordinates":[[[-5.3661,41.27041],[-5.36344,41.26791],[-5.36189,41.2697],[-5.36147,41.26685],[-5.35651,41.26599],[-5.34778,41.26243],[-5.34904,41.25783],[-5.34496,41.25055],[-5.32573,41.25823],[-5.31481,41.26117],[-5.3063,41.2613],[-5.30152,41.26282],[-5.29939,41.264],[-5.29696,41.26645],[-5.29174,41.26919],[-5.29657,41.27071],[-5.29495,41.28254],[-5.29727,41.29234],[-5.30368,41.30033],[-5.30324,41.30837],[-5.30647,41.3116],[-5.30351,41.31598],[-5.30549,41.31821],[-5.30585,41.31894],[-5.30976,41.3187],[-5.31593,41.32044],[-5.31997,41.32358],[-5.32212,41.32633],[-5.32613,41.32277],[-5.34066,41.31453],[-5.34991,41.31751],[-5.35058,41.32026],[-5.35317,41.32033],[-5.35923,41.32199],[-5.36649,41.32043],[-5.3695,41.32047],[-5.37182,41.31953],[-5.37302,41.31956],[-5.37829,41.31819],[-5.3799,41.3147],[-5.37946,41.3122],[-5.38006,41.31053],[-5.38184,41.30718],[-5.38483,41.30481],[-5.39078,41.3023],[-5.39367,41.29738],[-5.39238,41.29449],[-5.38961,41.29238],[-5.38397,41.28411],[-5.37796,41.28405],[-5.37686,41.28197],[-5.37042,41.27955],[-5.37144,41.27839],[-5.36737,41.27162],[-5.3661,41.27041]]]}},{"type":"Feature","properties":{"COD_POSTAL":"49400"},"geometry":{"type":"Polygon","coordinates":[[[-5.5278,41.2636],[-5.53283,41.25915],[-5.53994,41.24995],[-5.54517,41.24718],[-5.54717,41.24242],[-5.55967,41.23075],[-5.57116,41.21632],[-5.56648,41.21715],[-5.56507,41.21704],[-5.5641,41.21665],[-5.56255,41.21524],[-5.56089,41.21479],[-5.55554,41.21402],[-5.55163,41.21164],[-5.54906,41.21048],[-5.54308,41.20529],[-5.54182,41.20481],[-5.5399,41.20465],[-5.53606,41.20235],[-5.53528,41.20218],[-5.52519,41.19583],[-5.51808,41.19487],[-5.51455,41.19089],[-5.50951,41.19306],[-5.5071,41.19694],[-5.5065,41.19923],[-5.49503,41.20433],[-5.48707,41.20917],[-5.47877,41.21566],[-5.456,41.23168],[-5.45281,41.23352],[-5.44088,41.24354],[-5.43814,41.24519],[-5.43675,41.24558],[-5.43936,41.24726],[-5.43987,41.25255],[-5.4363,41.2571],[-5.44572,41.26411],[-5.43951,41.26896],[-5.43423,41.27442],[-5.43551,41.27544],[-5.44491,41.27845],[-5.4519,41.28383],[-5.46481,41.28863],[-5.46623,41.28842],[-5.46778,41.28893],[-5.49346,41.28818],[-5.49637,41.28716],[-5.49327,41.28248],[-5.4958,41.28058],[-5.49682,41.279],[-5.50623,41.2751],[-5.50778,41.27397],[-5.50919,41.2737],[-5.51566,41.27032],[-5.51859,41.26787],[-5.5235,41.2653],[-5.5278,41.2636]]]}},{"type":"Feature","properties":{"COD_POSTAL":"49157"},"geometry":{"type":"Polygon","coordinates":[[[-5.55612,41.47136],[-5.55595,41.47205],[-5.55787,41.4732],[-5.55638,41.47616],[-5.55984,41.47896],[-5.56111,41.48055],[-5.57493,41.47928],[-5.57773,41.47933],[-5.57911,41.48015],[-5.58129,41.48082],[-5.58487,41.48412],[-5.58674,41.48319],[-5.58925,41.48457],[-5.60019,41.48693],[-5.60637,41.48675],[-5.608,41.48698],[-5.60958,41.48634],[-5.61153,41.48658],[-5.61279,41.48805],[-5.62219,41.48808],[-5.63058,41.48732],[-5.63087,41.48523],[-5.63544,41.48458],[-5.63633,41.48143],[-5.63593,41.47986],[-5.6373,41.47801],[-5.63392,41.47448],[-5.62987,41.47347],[-5.63135,41.47277],[-5.63041,41.47187],[-5.63214,41.47086],[-5.63276,41.46996],[-5.64493,41.46266],[-5.64493,41.45977],[-5.64444,41.45782],[-5.64284,41.4552],[-5.63585,41.45201],[-5.63439,41.45208],[-5.63301,41.45181],[-5.6317,41.45125],[-5.62728,41.44603],[-5.59786,41.42913],[-5.57822,41.44654],[-5.57935,41.45],[-5.57194,41.45268],[-5.56596,41.45444],[-5.55601,41.45615],[-5.55239,41.45818],[-5.5449,41.45915],[-5.54183,41.46047],[-5.54069,41.46131],[-5.54002,41.46229],[-5.54016,41.46359],[-5.54137,41.46452],[-5.54125,41.46497],[-5.54164,41.46666],[-5.54629,41.46604],[-5.54715,41.46617],[-5.54835,41.46692],[-5.54885,41.46779],[-5.54905,41.4691],[-5.54972,41.46983],[-5.55172,41.47058],[-5.55224,41.47026],[-5.55306,41.47061],[-5.55518,41.47039],[-5.55595,41.47067],[-5.55615,41.47099],[-5.55612,41.47136]]]}},{"type":"Feature","properties":{"COD_POSTAL":"49390"},"geometry":{"type":"Polygon","coordinates":[[[-6.60496,42.06835],[-6.60072,42.0726],[-6.60468,42.08376],[-6.6053,42.09242],[-6.60766,42.09418],[-6.62607,42.08514],[-6.63039,42.07798],[-6.62842,42.07718],[-6.62822,42.07688],[-6.62827,42.07598],[-6.6292,42.07484],[-6.62928,42.07446],[-6.62906,42.07417],[-6.62964,42.07372],[-6.62969,42.07342],[-6.62927,42.07256],[-6.62846,42.07219],[-6.62825,42.07164],[-6.63126,42.07019],[-6.63158,42.06967],[-6.63132,42.06915],[-6.63058,42.06865],[-6.62892,42.06788],[-6.6285,42.06787],[-6.62625,42.06899],[-6.62579,42.06887],[-6.62547,42.06838],[-6.626,42.0639],[-6.62232,42.06045],[-6.61303,42.05727],[-6.61007,42.05875],[-6.60811,42.06084],[-6.6062,42.06428],[-6.60496,42.06835]]]}},{"type":"Feature","properties":{"COD_POSTAL":"49541"},"geometry":{"type":"Polygon","coordinates":[[[-6.05591,41.69977],[-6.05909,41.70061],[-6.06005,41.70129],[-6.06228,41.70495],[-6.06541,41.70883],[-6.0693,41.71135],[-6.06942,41.71184],[-6.07345,41.71302],[-6.0741,41.71134],[-6.07611,41.71073],[-6.08017,41.70671],[-6.0811,41.70445],[-6.08684,41.69917],[-6.08861,41.69505],[-6.09271,41.69325],[-6.09914,41.68924],[-6.10108,41.68763],[-6.10276,41.68696],[-6.1089,41.68767],[-6.1151,41.68564],[-6.12121,41.68454],[-6.12492,41.68465],[-6.12697,41.68256],[-6.12673,41.67936],[-6.12635,41.67875],[-6.12758,41.67708],[-6.12449,41.67356],[-6.12075,41.67124],[-6.12005,41.67055],[-6.11858,41.66983],[-6.11807,41.66757],[-6.11731,41.66685],[-6.11689,41.66685],[-6.11393,41.66415],[-6.10884,41.66034],[-6.10855,41.65878],[-6.10746,41.65741],[-6.10573,41.6535],[-6.10404,41.65154],[-6.10212,41.64981],[-6.10006,41.64713],[-6.09497,41.64653],[-6.09027,41.65844],[-6.05961,41.67956],[-6.05554,41.69973],[-6.05591,41.69977]]]}},{"type":"Feature","properties":{"COD_POSTAL":"49718"},"geometry":{"type":"Polygon","coordinates":[[[-5.79856,41.27309],[-5.8004,41.2724],[-5.80388,41.26969],[-5.80941,41.26948],[-5.8117,41.26901],[-5.81379,41.26901],[-5.82204,41.27159],[-5.82317,41.27057],[-5.82333,41.26874],[-5.82466,41.26589],[-5.82456,41.2653],[-5.82641,41.26382],[-5.82824,41.26067],[-5.83121,41.2594],[-5.83231,41.25816],[-5.8373,41.25408],[-5.83913,41.25341],[-5.84008,41.2511],[-5.84299,41.24828],[-5.84824,41.24236],[-5.8488,41.24138],[-5.84885,41.2388],[-5.85561,41.23418],[-5.85707,41.23129],[-5.85926,41.2296],[-5.86114,41.22848],[-5.85693,41.2264],[-5.85582,41.22462],[-5.85075,41.22506],[-5.84948,41.22475],[-5.84769,41.22389],[-5.84537,41.22332],[-5.84395,41.22223],[-5.8399,41.22155],[-5.83522,41.22034],[-5.83283,41.22127],[-5.82708,41.22162],[-5.82498,41.22152],[-5.81918,41.22253],[-5.81542,41.2229],[-5.813,41.22448],[-5.8087,41.22447],[-5.80434,41.22077],[-5.80312,41.22024],[-5.8005,41.21982],[-5.79713,41.21975],[-5.79595,41.21952],[-5.79083,41.21602],[-5.78414,41.21627],[-5.78345,41.21609],[-5.77858,41.21678],[-5.77739,41.2166],[-5.77638,41.21599],[-5.77472,41.21629],[-5.77335,41.21597],[-5.76731,41.2157],[-5.76438,41.21609],[-5.75876,41.22203],[-5.75616,41.22373],[-5.75755,41.22756],[-5.75707,41.23047],[-5.75617,41.23318],[-5.7558,41.23614],[-5.75488,41.23818],[-5.75635,41.24181],[-5.75656,41.24299],[-5.75651,41.24793],[-5.75591,41.25391],[-5.75647,41.25587],[-5.75806,41.25839],[-5.7604,41.26432],[-5.76115,41.26531],[-5.76247,41.26848],[-5.76,41.27946],[-5.76657,41.28103],[-5.78204,41.28406],[-5.7892,41.27894],[-5.79182,41.27676],[-5.79645,41.27747],[-5.79763,41.27635],[-5.79726,41.27527],[-5.79747,41.27454],[-5.79856,41.27309]]]}},{"type":"Feature","properties":{"COD_POSTAL":"49160"},"geometry":{"type":"Polygon","coordinates":[[[-5.97267,41.68637],[-5.97339,41.68674],[-5.97474,41.68694],[-5.9756,41.68755],[-5.97655,41.68773],[-5.97973,41.6891],[-5.98104,41.68928],[-5.9823,41.69009],[-5.98404,41.69079],[-5.98578,41.69097],[-5.99083,41.69314],[-5.9953,41.69467],[-6.00393,41.69487],[-6.00523,41.69543],[-6.00855,41.69583],[-6.01338,41.69582],[-6.01358,41.6945],[-6.01322,41.69197],[-6.01417,41.68836],[-6.0132,41.68329],[-6.01428,41.68133],[-6.01609,41.67927],[-6.0179,41.67667],[-6.01882,41.67352],[-6.01986,41.67189],[-6.0246,41.66544],[-6.02759,41.66346],[-6.02846,41.66143],[-6.03401,41.65792],[-6.03491,41.6579],[-6.03796,41.65455],[-6.04138,41.65171],[-6.04374,41.65054],[-6.04818,41.64978],[-6.0504,41.64764],[-6.05119,41.64782],[-6.05466,41.64755],[-6.05807,41.64621],[-6.06069,41.6443],[-6.05707,41.64429],[-6.05445,41.64278],[-6.04549,41.63918],[-6.04156,41.6366],[-6.04085,41.63588],[-6.03788,41.63562],[-6.03612,41.63495],[-6.03424,41.63309],[-6.03314,41.63247],[-6.03286,41.63189],[-6.03293,41.63074],[-6.03254,41.63033],[-6.0307,41.62929],[-6.02653,41.62894],[-6.02428,41.62749],[-6.01159,41.62202],[-6.00912,41.62058],[-6.00625,41.61958],[-6.00307,41.61795],[-6.00062,41.61637],[-5.99793,41.61352],[-5.99703,41.6129],[-5.99684,41.61205],[-5.99832,41.60978],[-5.99832,41.60849],[-5.99396,41.60764],[-5.99329,41.60741],[-5.9925,41.60635],[-5.9917,41.60588],[-5.98914,41.60545],[-5.98769,41.60615],[-5.98482,41.61044],[-5.98378,41.6116],[-5.98249,41.61252],[-5.98161,41.61224],[-5.98105,41.61177],[-5.97956,41.60951],[-5.97849,41.60665],[-5.97792,41.60603],[-5.97758,41.60462],[-5.97837,41.60182],[-5.98077,41.59945],[-5.9826,41.59717],[-5.98305,41.59601],[-5.98326,41.5925],[-5.98277,41.59126],[-5.98111,41.58882],[-5.97653,41.59289],[-5.97175,41.59641],[-5.96889,41.59772],[-5.96753,41.59804],[-5.96234,41.59856],[-5.95973,41.5995],[-5.95594,41.60148],[-5.95738,41.60243],[-5.96035,41.60362],[-5.96085,41.6044],[-5.96083,41.60576],[-5.96526,41.61105],[-5.96551,41.61472],[-5.96612,41.61598],[-5.96642,41.61753],[-5.96721,41.61864],[-5.97209,41.62338],[-5.97239,41.62765],[-5.97266,41.62867],[-5.97271,41.63186],[-5.97243,41.63509],[-5.97185,41.63745],[-5.96403,41.64407],[-5.95661,41.64699],[-5.94868,41.65128],[-5.94723,41.65307],[-5.93725,41.65923],[-5.93417,41.66216],[-5.93258,41.66426],[-5.9325,41.66681],[-5.93498,41.66752],[-5.94558,41.67148],[-5.95063,41.67462],[-5.95373,41.67706],[-5.96036,41.68071],[-5.96418,41.68242],[-5.96627,41.68379],[-5.96988,41.68488],[-5.97185,41.68595],[-5.97267,41.68637]]]}},{"type":"Feature","properties":{"COD_POSTAL":"49110"},"geometry":{"type":"Polygon","coordinates":[[[-5.30224,41.99279],[-5.3059,41.99695],[-5.30788,42.00021],[-5.30843,42.00164],[-5.30947,42.00283],[-5.31333,42.00262],[-5.31514,42.00389],[-5.31649,42.00559],[-5.31784,42.00662],[-5.31808,42.00841],[-5.31882,42.00987],[-5.3193,42.01151],[-5.32291,42.01697],[-5.32336,42.01828],[-5.32331,42.01887],[-5.32429,42.01915],[-5.32505,42.01969],[-5.32552,42.0204],[-5.32748,42.02008],[-5.33205,42.02017],[-5.3331,42.02096],[-5.33726,42.02105],[-5.34109,42.0221],[-5.34895,42.02259],[-5.35053,42.02336],[-5.35179,42.0247],[-5.35292,42.02549],[-5.35872,42.02783],[-5.36566,42.03192],[-5.36673,42.0331],[-5.3683,42.03333],[-5.37146,42.03549],[-5.3764,42.03964],[-5.37663,42.04066],[-5.37629,42.04147],[-5.37842,42.04167],[-5.38075,42.04112],[-5.38441,42.04211],[-5.38775,42.04121],[-5.38966,42.04029],[-5.39108,42.03916],[-5.39342,42.03814],[-5.39779,42.03462],[-5.41207,42.03046],[-5.41217,42.02919],[-5.41011,42.02929],[-5.40871,42.02893],[-5.40732,42.02801],[-5.40331,42.02401],[-5.39705,42.01867],[-5.39499,42.0152],[-5.39371,42.01143],[-5.39419,42.01039],[-5.39309,42.00789],[-5.39374,42.00582],[-5.39162,42.0029],[-5.3894,42.00185],[-5.38931,42.00012],[-5.38688,41.99366],[-5.38486,41.98983],[-5.38542,41.98384],[-5.38756,41.97475],[-5.38936,41.97171],[-5.38723,41.96871],[-5.38294,41.96428],[-5.38398,41.96158],[-5.38444,41.96108],[-5.38464,41.95869],[-5.38493,41.95787],[-5.38357,41.95611],[-5.38404,41.95577],[-5.38176,41.95141],[-5.37983,41.94952],[-5.37952,41.94778],[-5.37713,41.94592],[-5.37793,41.94547],[-5.3783,41.94481],[-5.37698,41.94342],[-5.37492,41.94203],[-5.37314,41.94303],[-5.36752,41.94118],[-5.35963,41.9408],[-5.35599,41.94189],[-5.35055,41.94146],[-5.34669,41.94059],[-5.34281,41.93902],[-5.33522,41.93747],[-5.33426,41.93846],[-5.33418,41.93907],[-5.33476,41.94012],[-5.33146,41.94258],[-5.329,41.94293],[-5.32794,41.94332],[-5.32593,41.94497],[-5.3234,41.94559],[-5.32004,41.94704],[-5.31239,41.94949],[-5.31063,41.95032],[-5.30566,41.95355],[-5.30093,41.95935],[-5.29965,41.96132],[-5.29681,41.96334],[-5.28845,41.968],[-5.28906,41.96924],[-5.28903,41.97094],[-5.28882,41.97149],[-5.28711,41.97296],[-5.28531,41.97411],[-5.28206,41.97482],[-5.27982,41.97576],[-5.27865,41.97681],[-5.27518,41.97862],[-5.27429,41.97944],[-5.27295,41.98011],[-5.26943,41.98101],[-5.26334,41.98191],[-5.26151,41.98184],[-5.25575,41.98079],[-5.25461,41.98033],[-5.2544,41.98094],[-5.25505,41.98128],[-5.25468,41.98165],[-5.26051,41.98461],[-5.26905,41.98248],[-5.28065,41.9788],[-5.28805,41.98348],[-5.30178,41.99133],[-5.30323,41.9911],[-5.30339,41.99163],[-5.30224,41.99279]],[[-5.37582,42.00022],[-5.38282,42.00401],[-5.38201,42.00505],[-5.38265,42.00561],[-5.38052,42.00617],[-5.38111,42.00666],[-5.38036,42.00776],[-5.37756,42.00779],[-5.37619,42.00828],[-5.3752,42.00771],[-5.37384,42.00803],[-5.37241,42.00678],[-5.36999,42.00541],[-5.37214,42.01145],[-5.37087,42.01421],[-5.3635,42.01086],[-5.35919,42.0108],[-5.35457,42.00851],[-5.35594,42.00749],[-5.35791,42.00654],[-5.35696,42.0059],[-5.35557,42.00563],[-5.35504,42.00611],[-5.35263,42.00554],[-5.35265,42.00501],[-5.34757,42.00422],[-5.3476,42.00023],[-5.34862,41.99563],[-5.34836,41.99483],[-5.35433,41.99598],[-5.35546,41.99498],[-5.35576,41.99523],[-5.35775,41.99359],[-5.35934,41.99504],[-5.36139,41.99304],[-5.36555,41.99167],[-5.37217,41.99763],[-5.37568,42.00012],[-5.37582,42.00022]]]}},{"type":"Feature","properties":{"COD_POSTAL":"49008"},"geometry":{"type":"Polygon","coordinates":[[[-5.74257,41.51313],[-5.74304,41.51344],[-5.74291,41.51173],[-5.74147,41.51109],[-5.74152,41.51079],[-5.74269,41.51118],[-5.74271,41.50966],[-5.74229,41.50965],[-5.74271,41.50866],[-5.74235,41.50849],[-5.74195,41.5095],[-5.74145,41.50957],[-5.74081,41.51074],[-5.74061,41.51182],[-5.74006,41.51215],[-5.74188,41.51292],[-5.74257,41.51313]]]}},{"type":"Feature","properties":{"COD_POSTAL":"49410"},"geometry":{"type":"Polygon","coordinates":[[[-5.42347,41.21266],[-5.40755,41.21118],[-5.39131,41.20409],[-5.37044,41.19746],[-5.36108,41.19969],[-5.34818,41.20604],[-5.34754,41.20615],[-5.34792,41.21846],[-5.35134,41.22756],[-5.3502,41.23725],[-5.34899,41.23702],[-5.34761,41.2377],[-5.3462,41.23714],[-5.34405,41.24099],[-5.34496,41.25055],[-5.34904,41.25783],[-5.34778,41.26243],[-5.35651,41.26599],[-5.36147,41.26685],[-5.36189,41.2697],[-5.36344,41.26791],[-5.36737,41.27162],[-5.37144,41.27839],[-5.37042,41.27955],[-5.37686,41.28197],[-5.37796,41.28405],[-5.38397,41.28411],[-5.38961,41.29238],[-5.39238,41.29449],[-5.39367,41.29738],[-5.39714,41.2965],[-5.3971,41.29059],[-5.40117,41.28573],[-5.40834,41.28524],[-5.4142,41.27995],[-5.41553,41.28079],[-5.42444,41.27866],[-5.43423,41.27442],[-5.43951,41.26896],[-5.44572,41.26411],[-5.4363,41.2571],[-5.43987,41.25255],[-5.43936,41.24726],[-5.43675,41.24558],[-5.43762,41.24358],[-5.43533,41.24348],[-5.43464,41.2417],[-5.43107,41.24202],[-5.42684,41.2385],[-5.42092,41.23971],[-5.42415,41.23206],[-5.42362,41.22014],[-5.4229,41.2168],[-5.42627,41.21451],[-5.42347,41.21266]]]}},{"type":"Feature","properties":{"COD_POSTAL":"49543"},"geometry":{"type":"Polygon","coordinates":[[[-6.09496,41.64653],[-6.09286,41.64617],[-6.09097,41.64549],[-6.07819,41.64225],[-6.06861,41.64099],[-6.06557,41.63887],[-6.06139,41.64178],[-6.06069,41.6443],[-6.05807,41.64621],[-6.05466,41.64755],[-6.05119,41.64782],[-6.0504,41.64764],[-6.04818,41.64978],[-6.04374,41.65054],[-6.04138,41.65171],[-6.03796,41.65455],[-6.03491,41.6579],[-6.03401,41.65792],[-6.02846,41.66143],[-6.02759,41.66346],[-6.0246,41.66544],[-6.01882,41.67352],[-6.0179,41.67667],[-6.01609,41.67927],[-6.01428,41.68133],[-6.0132,41.68329],[-6.01417,41.68836],[-6.01322,41.69197],[-6.01358,41.6945],[-6.01338,41.69582],[-6.02102,41.69592],[-6.02948,41.69487],[-6.0344,41.69515],[-6.03618,41.69468],[-6.0451,41.69659],[-6.0509,41.69908],[-6.05554,41.69973],[-6.05961,41.67956],[-6.09027,41.65844],[-6.09497,41.64653],[-6.09496,41.64653]]]}},{"type":"Feature","properties":{"COD_POSTAL":"49626"},"geometry":{"type":"Polygon","coordinates":[[[-5.9987,41.9481],[-5.96996,41.94991],[-5.96958,41.94967],[-5.96873,41.94811],[-5.96781,41.9456],[-5.96651,41.94382],[-5.96597,41.94363],[-5.94887,41.94787],[-5.93936,41.95684],[-5.93974,41.96109],[-5.94186,41.96707],[-5.94286,41.97128],[-5.94276,41.97618],[-5.94222,41.97699],[-5.9395,41.97814],[-5.93923,41.97889],[-5.94645,41.99019],[-5.94714,41.98991],[-5.94758,41.99061],[-5.94873,41.99161],[-5.95201,41.993],[-5.95482,41.99382],[-5.9568,41.99387],[-5.95949,41.99446],[-5.95624,41.99575],[-5.95351,41.99718],[-5.95016,41.99724],[-5.94819,41.99821],[-5.94629,41.99842],[-5.94482,41.99887],[-5.94099,41.99891],[-5.94007,41.99957],[-5.93243,41.99957],[-5.92723,41.99985],[-5.9291,42.00452],[-5.92994,42.00584],[-5.93144,42.00668],[-5.93406,42.0088],[-5.93523,42.01048],[-5.94144,42.01375],[-5.94231,42.01485],[-5.94468,42.0152],[-5.94924,42.01531],[-5.95769,42.01451],[-5.96158,42.01362],[-5.96116,42.01666],[-5.96676,42.01679],[-5.97206,42.01653],[-5.97897,42.01808],[-5.97985,42.01797],[-5.98314,42.01874],[-5.99185,42.02139],[-5.99161,42.01562],[-5.99278,42.0124],[-6.00028,42.01542],[-6.01352,42.00315],[-6.0144,42.00014],[-6.01226,41.98787],[-6.01266,41.98354],[-6.01648,41.98506],[-6.01968,41.98311],[-6.02276,41.98174],[-6.02497,41.98121],[-6.02712,41.98113],[-6.02938,41.98141],[-6.03304,41.98315],[-6.03509,41.98439],[-6.0374,41.98672],[-6.03877,41.98703],[-6.0405,41.98699],[-6.042,41.98654],[-6.0476,41.98418],[-6.04932,41.98311],[-6.05324,41.98273],[-6.05353,41.98073],[-6.05714,41.97952],[-6.05805,41.97868],[-6.05854,41.97774],[-6.05848,41.97675],[-6.0628,41.97169],[-6.07329,41.96026],[-6.07744,41.95805],[-6.08607,41.94593],[-6.09568,41.9335],[-6.09717,41.93128],[-6.09981,41.92852],[-6.08543,41.9286],[-6.08297,41.92823],[-6.07989,41.92924],[-6.07799,41.92877],[-6.07646,41.92876],[-6.06949,41.9271],[-6.06028,41.92616],[-6.05504,41.92495],[-6.05214,41.924],[-6.04835,41.92216],[-6.04389,41.92119],[-6.03631,41.92024],[-6.03405,41.92022],[-6.03262,41.92153],[-6.02903,41.92245],[-6.02708,41.92321],[-6.02475,41.92528],[-6.02018,41.92805],[-6.01715,41.93109],[-6.01607,41.93147],[-6.01795,41.9347],[-6.01555,41.93611],[-6.01203,41.93768],[-6.00949,41.93976],[-6.00517,41.94252],[-5.99969,41.94712],[-5.9987,41.9481]]]}},{"type":"Feature","properties":{"COD_POSTAL":"49639"},"geometry":{"type":"MultiPolygon","coordinates":[[[[-5.3571,41.8487],[-5.35732,41.8481],[-5.35539,41.84615],[-5.35133,41.84093],[-5.34914,41.83875],[-5.3456,41.83663],[-5.34278,41.83356],[-5.34133,41.83255],[-5.3415,41.83105],[-5.34,41.8305],[-5.33268,41.82971],[-5.32955,41.83114],[-5.33043,41.8318],[-5.32716,41.83535],[-5.32,41.83977],[-5.32178,41.84081],[-5.31183,41.8523],[-5.30647,41.85784],[-5.30669,41.85912],[-5.30828,41.86008],[-5.30945,41.86391],[-5.30736,41.86498],[-5.30746,41.86555],[-5.30534,41.86709],[-5.30801,41.87171],[-5.30988,41.87584],[-5.31148,41.88268],[-5.31609,41.8825],[-5.31612,41.8835],[-5.31944,41.88425],[-5.32036,41.88425],[-5.32261,41.88357],[-5.32602,41.88333],[-5.32707,41.88294],[-5.32833,41.88358],[-5.33117,41.88307],[-5.33337,41.88386],[-5.34083,41.88415],[-5.34274,41.88412],[-5.34529,41.88354],[-5.35052,41.88296],[-5.35157,41.88233],[-5.35428,41.88193],[-5.35667,41.88277],[-5.36342,41.88234],[-5.36571,41.8777],[-5.36655,41.87648],[-5.36843,41.87471],[-5.36903,41.87284],[-5.36882,41.8716],[-5.36752,41.86904],[-5.36567,41.86722],[-5.36394,41.86508],[-5.36239,41.86219],[-5.36077,41.85984],[-5.35945,41.85573],[-5.35836,41.85464],[-5.35707,41.84927],[-5.3571,41.8487]]],[[[-5.46473,41.86249],[-5.4632,41.86406],[-5.4633,41.86529],[-5.46533,41.86511],[-5.46857,41.86916],[-5.47261,41.87488],[-5.47385,41.87461],[-5.47788,41.87463],[-5.47859,41.87531],[-5.48122,41.87575],[-5.48312,41.87581],[-5.48513,41.87552],[-5.48648,41.87678],[-5.48775,41.87641],[-5.48826,41.87774],[-5.49101,41.87723],[-5.49432,41.87742],[-5.49635,41.87725],[-5.49733,41.87694],[-5.49865,41.87529],[-5.49952,41.87499],[-5.50227,41.87586],[-5.50553,41.87605],[-5.51155,41.87682],[-5.52101,41.87644],[-5.52319,41.87605],[-5.54845,41.85764],[-5.52101,41.83411],[-5.52005,41.83399],[-5.52256,41.83054],[-5.51933,41.83086],[-5.5183,41.82946],[-5.51547,41.8285],[-5.51392,41.82824],[-5.5108,41.82844],[-5.5094,41.82818],[-5.50856,41.82862],[-5.50163,41.82703],[-5.50055,41.82841],[-5.49799,41.82987],[-5.49569,41.83159],[-5.49245,41.83171],[-5.4903,41.83393],[-5.48303,41.83651],[-5.48111,41.83625],[-5.47836,41.83655],[-5.47441,41.83613],[-5.47289,41.83474],[-5.47189,41.83347],[-5.47059,41.83566],[-5.47027,41.83683],[-5.47034,41.8429],[-5.46668,41.84632],[-5.46616,41.84848],[-5.464,41.84991],[-5.46259,41.85187],[-5.46165,41.85381],[-5.45978,41.85442],[-5.46137,41.85701],[-5.46102,41.85772],[-5.46473,41.86249]]]]}},{"type":"Feature","properties":{"COD_POSTAL":"49122"},"geometry":{"type":"Polygon","coordinates":[[[-5.72635,41.59664],[-5.72108,41.59643],[-5.71441,41.59556],[-5.71347,41.59492],[-5.71084,41.59437],[-5.70769,41.59328],[-5.69733,41.59292],[-5.68648,41.59853],[-5.68249,41.60019],[-5.67206,41.60184],[-5.6687,41.60208],[-5.6687,41.60249],[-5.6695,41.60367],[-5.66895,41.60415],[-5.67101,41.60485],[-5.67145,41.60553],[-5.67125,41.60629],[-5.66681,41.60826],[-5.66615,41.60916],[-5.6632,41.61049],[-5.66224,41.61023],[-5.6609,41.61117],[-5.66008,41.6114],[-5.65183,41.61607],[-5.64843,41.61822],[-5.64575,41.61954],[-5.65803,41.62329],[-5.65716,41.62672],[-5.65556,41.63077],[-5.65459,41.63461],[-5.65226,41.63579],[-5.652,41.63618],[-5.65059,41.6368],[-5.64762,41.63867],[-5.64457,41.64201],[-5.64397,41.64699],[-5.64454,41.64826],[-5.64381,41.65008],[-5.64588,41.65229],[-5.64856,41.65449],[-5.65135,41.65744],[-5.65403,41.66182],[-5.66531,41.66083],[-5.67301,41.66259],[-5.67712,41.66372],[-5.68063,41.6661],[-5.68564,41.67027],[-5.68769,41.67016],[-5.69555,41.6706],[-5.70304,41.67021],[-5.71075,41.66689],[-5.71153,41.66637],[-5.71682,41.66449],[-5.71518,41.66225],[-5.71192,41.65872],[-5.70912,41.65704],[-5.70206,41.65157],[-5.69942,41.65001],[-5.69777,41.64813],[-5.69655,41.64523],[-5.69062,41.63975],[-5.68943,41.6364],[-5.68824,41.63407],[-5.68796,41.63167],[-5.68696,41.6298],[-5.68705,41.62707],[-5.68809,41.62633],[-5.69924,41.6145],[-5.71176,41.61037],[-5.71148,41.60861],[-5.71251,41.60618],[-5.71426,41.60022],[-5.72014,41.60251],[-5.72832,41.59722],[-5.72744,41.59677],[-5.72635,41.59664]]]}},{"type":"Feature","properties":{"COD_POSTAL":"49860"},"geometry":{"type":"Polygon","coordinates":[[[-5.31007,41.57402],[-5.30997,41.57485],[-5.30825,41.57507],[-5.30743,41.5741],[-5.30307,41.57542],[-5.30235,41.57546],[-5.30234,41.57457],[-5.30166,41.57462],[-5.30056,41.57281],[-5.29933,41.57253],[-5.29968,41.57157],[-5.29749,41.57173],[-5.29348,41.57259],[-5.29417,41.57456],[-5.29307,41.57437],[-5.28543,41.58021],[-5.28247,41.58347],[-5.28091,41.58467],[-5.2793,41.58551],[-5.2741,41.58732],[-5.27301,41.58736],[-5.27121,41.5886],[-5.26942,41.58913],[-5.26795,41.59005],[-5.26642,41.59288],[-5.26887,41.593],[-5.27072,41.59394],[-5.27186,41.59608],[-5.27192,41.59637],[-5.27129,41.5969],[-5.27068,41.59839],[-5.27013,41.59871],[-5.2701,41.59901],[-5.27113,41.60018],[-5.27054,41.60114],[-5.27747,41.60508],[-5.28219,41.6066],[-5.29248,41.6089],[-5.29437,41.60828],[-5.29747,41.6095],[-5.2982,41.60912],[-5.30574,41.60833],[-5.30858,41.61169],[-5.31612,41.61037],[-5.31757,41.61141],[-5.32021,41.61085],[-5.32889,41.61592],[-5.32962,41.61542],[-5.33015,41.61447],[-5.32999,41.61195],[-5.3279,41.60671],[-5.32773,41.60603],[-5.32793,41.60511],[-5.32607,41.60314],[-5.32466,41.59619],[-5.3237,41.59288],[-5.32361,41.59175],[-5.32256,41.59016],[-5.32299,41.58822],[-5.32275,41.58586],[-5.3189,41.58426],[-5.31899,41.58331],[-5.31706,41.58217],[-5.31465,41.57995],[-5.31141,41.5781],[-5.31277,41.57683],[-5.31007,41.57402]]]}},{"type":"Feature","properties":{"COD_POSTAL":"49211"},"geometry":{"type":"Polygon","coordinates":[[[-6.12319,41.27339],[-6.12197,41.27729],[-6.12025,41.27786],[-6.11929,41.27853],[-6.11738,41.28056],[-6.11676,41.28306],[-6.11605,41.28434],[-6.11604,41.28611],[-6.11527,41.28863],[-6.11431,41.28892],[-6.11393,41.28958],[-6.10572,41.29281],[-6.09922,41.29651],[-6.0935,41.29888],[-6.08941,41.299],[-6.08536,41.3],[-6.08362,41.30011],[-6.08265,41.29874],[-6.08082,41.29687],[-6.08016,41.29572],[-6.07922,41.29294],[-6.07638,41.29137],[-6.06995,41.29016],[-6.0692,41.28968],[-6.06699,41.28967],[-6.0659,41.28988],[-6.06321,41.29096],[-6.06176,41.29089],[-6.05741,41.29963],[-6.0576,41.30869],[-6.04733,41.32017],[-6.04825,41.32563],[-6.06892,41.32883],[-6.07851,41.33155],[-6.09175,41.32998],[-6.1147,41.33192],[-6.12469,41.33072],[-6.12784,41.33251],[-6.13012,41.33171],[-6.13262,41.33018],[-6.13555,41.32972],[-6.13846,41.32867],[-6.14343,41.32614],[-6.14499,41.32424],[-6.1467,41.32366],[-6.15046,41.32401],[-6.15432,41.32301],[-6.15571,41.32291],[-6.15712,41.32335],[-6.15856,41.3245],[-6.16281,41.32465],[-6.1652,41.32431],[-6.16504,41.32339],[-6.16397,41.32279],[-6.16373,41.32156],[-6.16366,41.32033],[-6.16482,41.31911],[-6.16853,41.31809],[-6.1751,41.31575],[-6.17649,41.31597],[-6.17779,41.31586],[-6.18578,41.31307],[-6.18769,41.31064],[-6.18899,41.30982],[-6.19211,41.30962],[-6.19475,41.30904],[-6.19764,41.30973],[-6.19869,41.31175],[-6.19892,41.31452],[-6.20251,41.31643],[-6.20476,41.3163],[-6.20766,41.31764],[-6.21012,41.31605],[-6.21643,41.31291],[-6.22025,41.30972],[-6.2225,41.30833],[-6.23023,41.30535],[-6.23133,41.30564],[-6.23411,41.30531],[-6.23831,41.30265],[-6.23828,41.30149],[-6.24446,41.29762],[-6.24696,41.29488],[-6.25006,41.29226],[-6.25085,41.29183],[-6.25315,41.29149],[-6.25649,41.28933],[-6.25606,41.28714],[-6.25636,41.28533],[-6.2556,41.28366],[-6.25593,41.28303],[-6.25701,41.28169],[-6.25811,41.28087],[-6.26119,41.27959],[-6.26434,41.27717],[-6.26217,41.27447],[-6.26254,41.27344],[-6.26201,41.26663],[-6.26143,41.26464],[-6.26706,41.25382],[-6.26397,41.25203],[-6.2628,41.25024],[-6.2546,41.24545],[-6.25284,41.24299],[-6.25111,41.24174],[-6.24553,41.24055],[-6.23888,41.2401],[-6.236,41.23932],[-6.23413,41.23821],[-6.23343,41.23748],[-6.23198,41.23398],[-6.23123,41.23281],[-6.2295,41.23107],[-6.22518,41.22773],[-6.22423,41.22727],[-6.21755,41.22548],[-6.21392,41.22359],[-6.21065,41.22327],[-6.20919,41.22267],[-6.20522,41.2203],[-6.20303,41.2198],[-6.20105,41.2202],[-6.19955,41.21972],[-6.19665,41.21823],[-6.19447,41.21614],[-6.19093,41.21367],[-6.18934,41.21361],[-6.1857,41.21173],[-6.18185,41.21092],[-6.18076,41.20988],[-6.17844,41.20872],[-6.17591,41.20797],[-6.17322,41.20759],[-6.1674,41.20751],[-6.16497,41.20773],[-6.16344,41.20741],[-6.15794,41.20494],[-6.15388,41.20216],[-6.15176,41.20209],[-6.14584,41.19857],[-6.14356,41.19779],[-6.13819,41.19259],[-6.1345,41.19039],[-6.13095,41.19281],[-6.1301,41.19437],[-6.1289,41.1957],[-6.12635,41.19662],[-6.12603,41.19734],[-6.12499,41.19823],[-6.12482,41.19913],[-6.12498,41.2005],[-6.12418,41.20148],[-6.12451,41.20221],[-6.12426,41.20294],[-6.12203,41.20407],[-6.12115,41.20373],[-6.1199,41.20473],[-6.11895,41.20591],[-6.11798,41.20613],[-6.11662,41.20772],[-6.1148,41.20865],[-6.11272,41.21049],[-6.10931,41.21261],[-6.1076,41.21526],[-6.10552,41.2194],[-6.10193,41.22485],[-6.10411,41.22775],[-6.10442,41.22958],[-6.10543,41.23196],[-6.10576,41.23327],[-6.10597,41.2393],[-6.10735,41.2414],[-6.11175,41.247],[-6.11333,41.2485],[-6.11554,41.24988],[-6.12068,41.25547],[-6.12233,41.25745],[-6.12623,41.2633],[-6.12382,41.27068],[-6.12319,41.27339]]]}},{"type":"Feature","properties":{"COD_POSTAL":"49570"},"geometry":{"type":"Polygon","coordinates":[[[-6.88898,42.03177],[-6.91141,42.06969],[-6.91378,42.04794],[-6.92213,42.01305],[-6.91026,42.01239],[-6.89971,42.0182],[-6.89347,42.01746],[-6.88845,42.0172],[-6.88898,42.03177]]]}},{"type":"Feature","properties":{"COD_POSTAL":"49360"},"geometry":{"type":"Polygon","coordinates":[[[-6.65466,42.10497],[-6.65577,42.10604],[-6.65711,42.10651],[-6.65869,42.10898],[-6.66056,42.1161],[-6.66962,42.11173],[-6.66931,42.10577],[-6.66706,42.10009],[-6.66701,42.09837],[-6.664,42.09786],[-6.65764,42.09481],[-6.6546,42.08836],[-6.64651,42.09003],[-6.63905,42.09649],[-6.63915,42.09719],[-6.64081,42.09864],[-6.64308,42.09998],[-6.6451,42.10037],[-6.64535,42.10061],[-6.64539,42.10122],[-6.6446,42.10187],[-6.64448,42.10221],[-6.64469,42.1029],[-6.64538,42.10344],[-6.64727,42.10375],[-6.64955,42.10346],[-6.65155,42.10407],[-6.65338,42.10361],[-6.65424,42.10451],[-6.65466,42.10497]]]}},{"type":"Feature","properties":{"COD_POSTAL":"49182"},"geometry":{"type":"Polygon","coordinates":[[[-5.9177,41.57054],[-5.91355,41.56958],[-5.90835,41.56615],[-5.90678,41.56581],[-5.90191,41.5654],[-5.89874,41.56772],[-5.8974,41.56835],[-5.8966,41.56925],[-5.89339,41.57159],[-5.89246,41.57172],[-5.8894,41.57131],[-5.89013,41.57196],[-5.89037,41.57263],[-5.89061,41.57626],[-5.89197,41.57682],[-5.89146,41.57925],[-5.89035,41.58225],[-5.89199,41.58309],[-5.89782,41.58741],[-5.9002,41.5889],[-5.90185,41.5898],[-5.90487,41.58976],[-5.90694,41.59066],[-5.90753,41.59171],[-5.91221,41.58476],[-5.91879,41.57078],[-5.9177,41.57054]]]}},{"type":"Feature","properties":{"COD_POSTAL":"49332"},"geometry":{"type":"Polygon","coordinates":[[[-6.0077,42.03046],[-6.007,42.02204],[-6.00534,42.01698],[-6.01819,42.02107],[-6.02043,42.01562],[-6.0253,42.01114],[-6.02752,42.00751],[-6.02979,42.00525],[-6.03605,42.0026],[-6.04216,42.00091],[-6.04565,42.00091],[-6.04468,41.99653],[-6.04555,41.99546],[-6.04536,41.99283],[-6.04579,41.98972],[-6.0475,41.9876],[-6.04774,41.98495],[-6.0476,41.98418],[-6.042,41.98654],[-6.0405,41.98699],[-6.03877,41.98703],[-6.0374,41.98672],[-6.03509,41.98439],[-6.03304,41.98315],[-6.02938,41.98141],[-6.02712,41.98113],[-6.02497,41.98121],[-6.02276,41.98174],[-6.01968,41.98311],[-6.01648,41.98506],[-6.01266,41.98354],[-6.01226,41.98787],[-6.0144,42.00014],[-6.01352,42.00315],[-6.00028,42.01542],[-5.99278,42.0124],[-5.99161,42.01562],[-5.99215,42.02956],[-5.99473,42.03009],[-6.0027,42.03023],[-6.0077,42.03046]]]}},{"type":"Feature","properties":{"COD_POSTAL":"49143"},"geometry":{"type":"Polygon","coordinates":[[[-5.76466,41.66818],[-5.76289,41.66818],[-5.76204,41.66736],[-5.76269,41.66687],[-5.76246,41.66527],[-5.75806,41.66124],[-5.7584,41.6594],[-5.76159,41.6573],[-5.76208,41.65553],[-5.76003,41.65523],[-5.75949,41.65403],[-5.75984,41.65288],[-5.75827,41.65189],[-5.75539,41.65168],[-5.75111,41.65229],[-5.7467,41.65068],[-5.74562,41.64987],[-5.7439,41.65009],[-5.73628,41.64988],[-5.73013,41.64923],[-5.72913,41.64932],[-5.72849,41.65025],[-5.72717,41.65037],[-5.7248,41.64959],[-5.72127,41.6498],[-5.72033,41.65019],[-5.71925,41.65155],[-5.71773,41.65181],[-5.71544,41.65285],[-5.71331,41.65736],[-5.71192,41.65872],[-5.71518,41.66225],[-5.71682,41.66449],[-5.71153,41.66637],[-5.71075,41.66689],[-5.70304,41.67021],[-5.70113,41.67669],[-5.70205,41.6777],[-5.70311,41.67949],[-5.70612,41.68077],[-5.70756,41.68217],[-5.70934,41.68464],[-5.71022,41.68688],[-5.71388,41.6923],[-5.72018,41.69544],[-5.72872,41.70402],[-5.73643,41.70143],[-5.73602,41.69673],[-5.74045,41.6938],[-5.74184,41.69361],[-5.74612,41.69165],[-5.74804,41.69004],[-5.7557,41.68706],[-5.75711,41.68629],[-5.76239,41.68214],[-5.76171,41.67932],[-5.76109,41.67878],[-5.76194,41.67797],[-5.76108,41.67739],[-5.76161,41.67664],[-5.76578,41.67276],[-5.76478,41.67117],[-5.76622,41.67028],[-5.76641,41.66915],[-5.7656,41.66931],[-5.76466,41.66818]]]}},{"type":"Feature","properties":{"COD_POSTAL":"49419"},"geometry":{"type":"Polygon","coordinates":[[[-5.2969,41.236],[-5.29633,41.23633],[-5.29469,41.23629],[-5.29484,41.23711],[-5.29523,41.23761],[-5.29598,41.23692],[-5.2968,41.23741],[-5.2959,41.23858],[-5.29644,41.23909],[-5.29497,41.24061],[-5.29604,41.24167],[-5.29728,41.24359],[-5.29876,41.25112],[-5.29969,41.25274],[-5.2992,41.25459],[-5.30221,41.25927],[-5.30152,41.26282],[-5.3063,41.2613],[-5.31481,41.26117],[-5.32573,41.25823],[-5.34496,41.25055],[-5.34405,41.24099],[-5.3462,41.23714],[-5.34761,41.2377],[-5.34899,41.23702],[-5.3502,41.23725],[-5.35134,41.22756],[-5.34792,41.21846],[-5.34754,41.20615],[-5.34282,41.20782],[-5.34135,41.20559],[-5.34257,41.19709],[-5.3403,41.19411],[-5.33904,41.19475],[-5.3378,41.19672],[-5.33456,41.20013],[-5.33076,41.2027],[-5.33116,41.20312],[-5.32985,41.20415],[-5.32751,41.20567],[-5.32286,41.2079],[-5.31829,41.21086],[-5.31538,41.21191],[-5.31285,41.21547],[-5.31122,41.21651],[-5.31156,41.21753],[-5.31094,41.2198],[-5.31008,41.21975],[-5.31153,41.2214],[-5.31095,41.22193],[-5.30988,41.22138],[-5.30838,41.22209],[-5.3089,41.22265],[-5.30762,41.22479],[-5.30471,41.22655],[-5.30271,41.22409],[-5.29365,41.22625],[-5.29369,41.22647],[-5.29801,41.22605],[-5.29788,41.22687],[-5.29637,41.22723],[-5.29545,41.22932],[-5.2972,41.2295],[-5.29777,41.22981],[-5.2972,41.23024],[-5.29791,41.23075],[-5.29748,41.23147],[-5.29851,41.23176],[-5.29688,41.2342],[-5.29725,41.23478],[-5.2966,41.23525],[-5.2969,41.236]]]}},{"type":"Feature","properties":{"COD_POSTAL":"49337"},"geometry":{"type":"Polygon","coordinates":[[[-6.19849,41.91134],[-6.17962,41.95116],[-6.16854,41.97208],[-6.16953,41.97224],[-6.17194,41.97209],[-6.17381,41.97263],[-6.17753,41.97449],[-6.18057,41.97505],[-6.18283,41.97425],[-6.18399,41.9742],[-6.18897,41.97517],[-6.1934,41.97411],[-6.19463,41.97447],[-6.19692,41.97528],[-6.19802,41.97671],[-6.19818,41.97749],[-6.2018,41.98066],[-6.20567,41.98213],[-6.20683,41.98409],[-6.20891,41.98499],[-6.21004,41.98481],[-6.21087,41.98409],[-6.21157,41.98186],[-6.21195,41.98146],[-6.21285,41.9815],[-6.21646,41.98259],[-6.21854,41.98525],[-6.21951,41.98605],[-6.22067,41.9865],[-6.2247,41.98637],[-6.22532,41.98571],[-6.2262,41.98335],[-6.2267,41.98266],[-6.22781,41.9824],[-6.22913,41.98234],[-6.23394,41.98303],[-6.23748,41.98459],[-6.23999,41.98252],[-6.24322,41.97921],[-6.24728,41.97605],[-6.24873,41.97126],[-6.24435,41.9696],[-6.24237,41.9704],[-6.24107,41.97052],[-6.22924,41.97055],[-6.22965,41.96598],[-6.23194,41.95864],[-6.24536,41.93542],[-6.24812,41.93337],[-6.24956,41.92709],[-6.25145,41.92167],[-6.25117,41.91943],[-6.24651,41.91815],[-6.23962,41.91725],[-6.24116,41.91266],[-6.24334,41.91059],[-6.24478,41.90605],[-6.25043,41.89662],[-6.25337,41.89317],[-6.24367,41.88999],[-6.24011,41.88819],[-6.23829,41.88759],[-6.2244,41.89199],[-6.19849,41.91134]]]}},{"type":"Feature","properties":{"COD_POSTAL":"49391"},"geometry":{"type":"Polygon","coordinates":[[[-6.65403,41.93957],[-6.63559,41.94215],[-6.62523,41.93991],[-6.62121,41.93995],[-6.61713,41.9412],[-6.61648,41.94202],[-6.6163,41.94377],[-6.6152,41.94494],[-6.61407,41.94568],[-6.61342,41.94661],[-6.61168,41.94695],[-6.60876,41.94841],[-6.60626,41.94893],[-6.6026,41.94785],[-6.59936,41.94821],[-6.58908,41.96293],[-6.58847,41.96775],[-6.60289,41.97485],[-6.61182,41.97137],[-6.63863,41.96874],[-6.65864,41.9387],[-6.65403,41.93957]]]}},{"type":"Feature","properties":{"COD_POSTAL":"49321"},"geometry":{"type":"Polygon","coordinates":[[[-6.54982,42.02618],[-6.54984,42.02756],[-6.54204,42.05201],[-6.5375,42.06085],[-6.55981,42.073],[-6.55956,42.07671],[-6.56064,42.07778],[-6.55701,42.08645],[-6.55753,42.08858],[-6.57479,42.09849],[-6.57891,42.10032],[-6.58063,42.10203],[-6.58505,42.1045],[-6.58655,42.10577],[-6.59418,42.10167],[-6.60697,42.11745],[-6.60932,42.11585],[-6.61074,42.11124],[-6.61111,42.10834],[-6.6137,42.10624],[-6.60853,42.09376],[-6.60766,42.09418],[-6.6053,42.09242],[-6.60468,42.08376],[-6.60072,42.0726],[-6.59088,42.07235],[-6.58451,42.06788],[-6.58299,42.0653],[-6.58278,42.0656],[-6.56733,42.06329],[-6.56759,42.06451],[-6.56534,42.06381],[-6.56508,42.06588],[-6.55274,42.0286],[-6.54982,42.02618]]]}},{"type":"Feature","properties":{"COD_POSTAL":"49362"},"geometry":{"type":"Polygon","coordinates":[[[-6.71472,42.11198],[-6.72092,42.11869],[-6.73694,42.1329],[-6.75207,42.12258],[-6.75939,42.11081],[-6.75912,42.10605],[-6.75414,42.10429],[-6.73621,42.10219],[-6.72826,42.10631],[-6.72262,42.10738],[-6.71812,42.10736],[-6.71225,42.10786],[-6.71472,42.11198]]]}},{"type":"Feature","properties":{"COD_POSTAL":"49010"},"geometry":{"type":"Polygon","coordinates":[[[-5.73925,41.51525],[-5.73967,41.51538],[-5.74226,41.51443],[-5.7424,41.5149],[-5.74447,41.51482],[-5.74486,41.51448],[-5.74372,41.5136],[-5.74329,41.51368],[-5.74257,41.51313],[-5.74072,41.51257],[-5.74009,41.51307],[-5.73924,41.51479],[-5.73925,41.51525]]]}},{"type":"Feature","properties":{"COD_POSTAL":"49572"},"geometry":{"type":"Polygon","coordinates":[[[-6.93899,42.01152],[-6.95218,42.02314],[-6.95873,42.0263],[-6.96114,42.0272],[-6.96227,42.02671],[-6.96328,42.02582],[-6.96473,42.0256],[-6.96645,42.02385],[-6.96645,42.02131],[-6.96696,42.02045],[-6.96783,42.01949],[-6.96901,42.01887],[-6.96968,42.0153],[-6.97049,42.01403],[-6.97298,42.012],[-6.97447,42.01026],[-6.97631,42.00905],[-6.97786,42.00391],[-6.97848,42.00338],[-6.97938,42.0031],[-6.97917,42.00086],[-6.97951,42.00021],[-6.98181,41.99864],[-6.98301,41.9984],[-6.98382,41.99884],[-6.98453,41.99796],[-6.98503,41.99821],[-6.98706,41.99699],[-6.98648,41.99484],[-6.99039,41.98973],[-6.99141,41.98745],[-6.99168,41.98595],[-6.99118,41.98402],[-6.9905,41.98265],[-6.99005,41.98205],[-6.98886,41.98138],[-6.98819,41.9785],[-6.98554,41.97707],[-6.98454,41.97363],[-6.98353,41.9729],[-6.98069,41.97382],[-6.97969,41.97362],[-6.9786,41.97404],[-6.95979,41.96994],[-6.95786,41.96929],[-6.95476,41.96374],[-6.95276,41.9608],[-6.95076,41.95559],[-6.95054,41.95406],[-6.94766,41.9505],[-6.94657,41.94819],[-6.94525,41.94667],[-6.94427,41.94509],[-6.94169,41.94429],[-6.93454,41.94664],[-6.93292,41.94664],[-6.92501,41.94445],[-6.92186,41.94472],[-6.91783,41.9439],[-6.9156,41.94422],[-6.91243,41.94425],[-6.90967,41.94316],[-6.90498,41.94225],[-6.90305,41.94218],[-6.90113,41.94141],[-6.89903,41.94112],[-6.89671,41.94014],[-6.89251,41.93978],[-6.88898,41.94051],[-6.88551,41.94039],[-6.88225,41.94149],[-6.88044,41.94239],[-6.8768,41.94327],[-6.87449,41.94415],[-6.87043,41.94731],[-6.86965,41.94748],[-6.86076,41.94574],[-6.85729,41.94474],[-6.85438,41.94439],[-6.84801,41.94243],[-6.84442,41.9423],[-6.83578,41.94528],[-6.83394,41.94524],[-6.83348,41.94496],[-6.83352,41.94474],[-6.83009,41.94387],[-6.82115,41.94631],[-6.81022,41.97019],[-6.81148,41.99252],[-6.80559,41.99091],[-6.80386,41.99477],[-6.79985,42.00225],[-6.79937,42.00368],[-6.79871,42.00454],[-6.79955,42.01034],[-6.80114,42.01099],[-6.80135,42.01273],[-6.80236,42.01361],[-6.80353,42.01525],[-6.80469,42.01624],[-6.80486,42.01698],[-6.8079,42.01619],[-6.8263,42.02021],[-6.84788,42.01774],[-6.85006,42.01791],[-6.8672,41.99194],[-6.89846,41.9851],[-6.93732,42.00037],[-6.93716,42.01006],[-6.93899,42.01152]]]}},{"type":"Feature","properties":{"COD_POSTAL":"49582"},"geometry":{"type":"Polygon","coordinates":[[[-6.95803,42.08147],[-6.95434,42.08725],[-6.95301,42.08838],[-6.95199,42.08992],[-6.94921,42.0929],[-6.94073,42.10099],[-6.93159,42.10754],[-6.92831,42.11015],[-6.92478,42.11086],[-6.91985,42.11431],[-6.91862,42.11934],[-6.91449,42.12179],[-6.91094,42.12469],[-6.90943,42.12849],[-6.90746,42.13087],[-6.91662,42.13446],[-6.92069,42.13511],[-6.92416,42.1367],[-6.93118,42.13932],[-6.93727,42.13834],[-6.94263,42.13923],[-6.94455,42.14168],[-6.94777,42.1389],[-6.94901,42.13574],[-6.95289,42.13256],[-6.95393,42.13237],[-6.95642,42.12946],[-6.96133,42.1288],[-6.96472,42.12865],[-6.96834,42.12722],[-6.97214,42.12505],[-6.97441,42.12446],[-6.98155,42.12334],[-6.98461,42.12405],[-6.98643,42.12419],[-6.98663,42.12334],[-6.98982,42.12131],[-6.98908,42.12017],[-6.98935,42.11962],[-6.98883,42.11753],[-6.98914,42.11688],[-6.95943,42.0802],[-6.95803,42.08147]]]}},{"type":"Feature","properties":{"COD_POSTAL":"49190"},"geometry":{"type":"Polygon","coordinates":[[[-5.70136,41.44829],[-5.70401,41.45025],[-5.70709,41.45168],[-5.71065,41.4516],[-5.71206,41.45443],[-5.71234,41.45595],[-5.71319,41.45785],[-5.71372,41.45846],[-5.71417,41.45991],[-5.71427,41.46053],[-5.71375,41.46385],[-5.71441,41.46773],[-5.71692,41.47174],[-5.71746,41.47413],[-5.71737,41.47508],[-5.72431,41.47579],[-5.72621,41.47571],[-5.72913,41.47648],[-5.73375,41.47582],[-5.73462,41.47548],[-5.73547,41.47442],[-5.73884,41.47162],[-5.73944,41.47048],[-5.74448,41.46618],[-5.74599,41.4651],[-5.74919,41.4636],[-5.74965,41.46281],[-5.74995,41.4609],[-5.75393,41.45964],[-5.75688,41.46055],[-5.76045,41.45979],[-5.76241,41.45885],[-5.76394,41.45853],[-5.75884,41.45627],[-5.75426,41.45469],[-5.75073,41.45126],[-5.75228,41.44573],[-5.74886,41.43715],[-5.74662,41.43228],[-5.74507,41.43005],[-5.74183,41.4268],[-5.74021,41.42638],[-5.73795,41.42487],[-5.73468,41.42468],[-5.73269,41.41681],[-5.7325,41.41502],[-5.73075,41.40997],[-5.7303,41.40375],[-5.73082,41.40148],[-5.73227,41.39939],[-5.73216,41.39762],[-5.73144,41.39574],[-5.73215,41.3927],[-5.7283,41.38991],[-5.72818,41.39218],[-5.7285,41.39452],[-5.72553,41.39945],[-5.7243,41.40304],[-5.72209,41.40705],[-5.72204,41.40813],[-5.72105,41.40934],[-5.72069,41.4103],[-5.71798,41.41467],[-5.71432,41.41948],[-5.71363,41.42193],[-5.71302,41.4225],[-5.70972,41.4238],[-5.71471,41.43152],[-5.7104,41.44078],[-5.70005,41.44758],[-5.70136,41.44829]]]}},{"type":"Feature","properties":{"COD_POSTAL":"49134"},"geometry":{"type":"Polygon","coordinates":[[[-5.52563,41.97549],[-5.52689,41.97523],[-5.52863,41.97364],[-5.52793,41.97231],[-5.52791,41.97084],[-5.52582,41.96863],[-5.5352,41.96541],[-5.53644,41.95711],[-5.53406,41.94239],[-5.53422,41.94152],[-5.53096,41.93763],[-5.52901,41.9348],[-5.52701,41.93292],[-5.52677,41.93169],[-5.52356,41.92632],[-5.52216,41.9233],[-5.52101,41.92169],[-5.51626,41.91671],[-5.51174,41.91242],[-5.50975,41.91442],[-5.49897,41.91403],[-5.49154,41.91402],[-5.48765,41.91429],[-5.48527,41.91391],[-5.48468,41.91428],[-5.47817,41.91458],[-5.4683,41.91953],[-5.46539,41.92129],[-5.45249,41.92254],[-5.45095,41.92319],[-5.44658,41.92422],[-5.44313,41.92983],[-5.44639,41.93151],[-5.44333,41.93416],[-5.44286,41.93636],[-5.44284,41.93872],[-5.4424,41.9406],[-5.43745,41.94689],[-5.43649,41.94858],[-5.43867,41.9526],[-5.43662,41.95371],[-5.4348,41.95944],[-5.43593,41.95922],[-5.44186,41.95692],[-5.44052,41.95617],[-5.439,41.95572],[-5.44312,41.95136],[-5.45056,41.95919],[-5.47167,41.96459],[-5.47147,41.96495],[-5.4724,41.96571],[-5.47533,41.96657],[-5.47595,41.967],[-5.47803,41.97022],[-5.48462,41.97027],[-5.48639,41.97063],[-5.49054,41.9738],[-5.4933,41.97428],[-5.49827,41.97639],[-5.50021,41.9769],[-5.50098,41.97772],[-5.50294,41.97874],[-5.51653,41.98401],[-5.52102,41.97985],[-5.52277,41.97859],[-5.52212,41.97789],[-5.52333,41.97656],[-5.52563,41.97549]]]}},{"type":"Feature","properties":{"COD_POSTAL":"49013"},"geometry":{"type":"Polygon","coordinates":[[[-5.74034,41.51056],[-5.7402,41.51082],[-5.74049,41.511],[-5.74081,41.51074],[-5.74139,41.50964],[-5.74183,41.50965],[-5.7423,41.50885],[-5.74223,41.50862],[-5.74254,41.50855],[-5.74293,41.50793],[-5.74253,41.50771],[-5.74287,41.5075],[-5.74209,41.50736],[-5.74248,41.5068],[-5.74219,41.50659],[-5.74096,41.50732],[-5.74161,41.50754],[-5.74108,41.50819],[-5.74136,41.50842],[-5.73925,41.51035],[-5.73949,41.51044],[-5.74034,41.50967],[-5.74074,41.50986],[-5.74034,41.51056]]]}},{"type":"Feature","properties":{"COD_POSTAL":"49357"},"geometry":{"type":"Polygon","coordinates":[[[-6.60853,42.09376],[-6.6137,42.10624],[-6.61111,42.10834],[-6.61074,42.11124],[-6.60932,42.11585],[-6.60744,42.117],[-6.60378,42.12027],[-6.59826,42.12073],[-6.59601,42.122],[-6.59582,42.12238],[-6.60845,42.12598],[-6.62419,42.12172],[-6.62602,42.11637],[-6.62643,42.10577],[-6.63051,42.10419],[-6.63142,42.10402],[-6.63248,42.10443],[-6.63709,42.10212],[-6.64229,42.10197],[-6.6419,42.10015],[-6.64238,42.09948],[-6.64081,42.09864],[-6.63915,42.09719],[-6.63893,42.09305],[-6.63762,42.09111],[-6.63757,42.09072],[-6.63872,42.08915],[-6.63882,42.08867],[-6.63763,42.0869],[-6.6378,42.08618],[-6.63953,42.08472],[-6.64055,42.08346],[-6.64205,42.08276],[-6.64264,42.08097],[-6.64237,42.07951],[-6.64141,42.07882],[-6.63952,42.07884],[-6.63738,42.07847],[-6.6366,42.07811],[-6.63578,42.07682],[-6.63555,42.07567],[-6.63527,42.07543],[-6.63422,42.07538],[-6.63361,42.07581],[-6.63216,42.07783],[-6.63039,42.07798],[-6.62607,42.08514],[-6.60853,42.09376]]]}},{"type":"Feature","properties":{"COD_POSTAL":"49396"},"geometry":{"type":"Polygon","coordinates":[[[-6.65772,42.07822],[-6.66602,42.07974],[-6.66686,42.08418],[-6.66849,42.08759],[-6.68305,42.07618],[-6.69282,42.07656],[-6.70044,42.08225],[-6.72117,42.08107],[-6.73075,42.07599],[-6.73375,42.06379],[-6.7072,42.06665],[-6.69601,42.06585],[-6.684,42.04838],[-6.67017,42.05041],[-6.66027,42.04767],[-6.65606,42.04958],[-6.65283,42.05278],[-6.65025,42.05295],[-6.6484,42.05359],[-6.64572,42.05636],[-6.64207,42.05816],[-6.64061,42.05863],[-6.63913,42.06046],[-6.63454,42.06156],[-6.62895,42.06053],[-6.62716,42.06178],[-6.6262,42.06341],[-6.62585,42.06427],[-6.62581,42.06633],[-6.62547,42.06838],[-6.62579,42.06887],[-6.62625,42.06899],[-6.6285,42.06787],[-6.62892,42.06788],[-6.63058,42.06865],[-6.63132,42.06915],[-6.63158,42.06967],[-6.63126,42.07019],[-6.62825,42.07164],[-6.62846,42.07219],[-6.62927,42.07256],[-6.62969,42.07342],[-6.62964,42.07372],[-6.62906,42.07417],[-6.62928,42.07446],[-6.6292,42.07484],[-6.62827,42.07598],[-6.62822,42.07688],[-6.62842,42.07718],[-6.62985,42.07789],[-6.6307,42.07803],[-6.63216,42.07783],[-6.63361,42.07581],[-6.63422,42.07538],[-6.63527,42.07543],[-6.63555,42.07567],[-6.63578,42.07682],[-6.6366,42.07811],[-6.63738,42.07847],[-6.63952,42.07884],[-6.64141,42.07882],[-6.64218,42.07939],[-6.64379,42.0762],[-6.64581,42.07637],[-6.65038,42.07516],[-6.6568,42.07783],[-6.65772,42.07822]]]}},{"type":"Feature","properties":{"COD_POSTAL":"49719"},"geometry":{"type":"Polygon","coordinates":[[[-5.6316,41.22474],[-5.63085,41.22302],[-5.63091,41.22211],[-5.63052,41.21986],[-5.62982,41.21881],[-5.62832,41.21446],[-5.6234,41.2149],[-5.61965,41.2156],[-5.61865,41.21534],[-5.61532,41.21518],[-5.6106,41.21384],[-5.6073,41.21023],[-5.60462,41.20802],[-5.5998,41.20664],[-5.5922,41.20368],[-5.58793,41.20244],[-5.58244,41.20735],[-5.58076,41.20935],[-5.57782,41.21171],[-5.57524,41.21286],[-5.57233,41.21591],[-5.57116,41.21632],[-5.55967,41.23075],[-5.54717,41.24242],[-5.54517,41.24718],[-5.53994,41.24995],[-5.53283,41.25915],[-5.52757,41.26381],[-5.5235,41.2653],[-5.51859,41.26787],[-5.51566,41.27032],[-5.50919,41.2737],[-5.50778,41.27397],[-5.50623,41.2751],[-5.49682,41.279],[-5.4958,41.28058],[-5.49327,41.28248],[-5.49637,41.28716],[-5.49522,41.28885],[-5.50022,41.2946],[-5.51405,41.29198],[-5.52194,41.29223],[-5.52358,41.29134],[-5.52612,41.29136],[-5.52861,41.29176],[-5.53084,41.29148],[-5.53282,41.29085],[-5.53655,41.29087],[-5.5395,41.29025],[-5.53875,41.29239],[-5.54261,41.29454],[-5.54544,41.29404],[-5.54818,41.29725],[-5.55107,41.29468],[-5.5494,41.29154],[-5.56219,41.2854],[-5.59389,41.27336],[-5.59392,41.2749],[-5.59478,41.27893],[-5.59438,41.28055],[-5.59841,41.28526],[-5.59843,41.28652],[-5.59908,41.28751],[-5.59915,41.28961],[-5.59952,41.29132],[-5.59999,41.29224],[-5.60409,41.29344],[-5.60881,41.29875],[-5.61398,41.29643],[-5.61518,41.29637],[-5.61685,41.29667],[-5.62018,41.2964],[-5.62671,41.29971],[-5.63035,41.29878],[-5.63375,41.29745],[-5.6348,41.29746],[-5.63868,41.2948],[-5.64189,41.29309],[-5.64429,41.29246],[-5.64467,41.29062],[-5.64552,41.28933],[-5.64588,41.28801],[-5.64758,41.28628],[-5.64877,41.2857],[-5.65234,41.2848],[-5.65803,41.28401],[-5.66221,41.27798],[-5.66402,41.27467],[-5.6648,41.27239],[-5.66825,41.26694],[-5.66756,41.25982],[-5.66774,41.25795],[-5.66674,41.25346],[-5.66787,41.24931],[-5.66792,41.24447],[-5.66566,41.24445],[-5.66342,41.24572],[-5.66279,41.24581],[-5.65696,41.24555],[-5.65574,41.24515],[-5.65472,41.2442],[-5.6485,41.24005],[-5.64749,41.23883],[-5.64608,41.23772],[-5.64428,41.23664],[-5.6414,41.23549],[-5.63828,41.23249],[-5.6377,41.23216],[-5.63445,41.23187],[-5.63276,41.22898],[-5.63257,41.22686],[-5.6316,41.22474]]]}},{"type":"Feature","properties":{"COD_POSTAL":"49252"},"geometry":{"type":"Polygon","coordinates":[[[-6.22922,41.5179],[-6.22912,41.51817],[-6.23538,41.51941],[-6.23773,41.51959],[-6.23951,41.52029],[-6.2407,41.52046],[-6.24386,41.51645],[-6.24741,41.51544],[-6.24877,41.5148],[-6.25296,41.51411],[-6.25498,41.51421],[-6.25591,41.51389],[-6.2561,41.51355],[-6.2552,41.51105],[-6.25466,41.51029],[-6.2517,41.50334],[-6.25073,41.50163],[-6.25049,41.50063],[-6.25291,41.49829],[-6.2556,41.4969],[-6.25711,41.49645],[-6.26076,41.497],[-6.26475,41.49806],[-6.26563,41.49798],[-6.26667,41.49729],[-6.26827,41.49501],[-6.26842,41.49416],[-6.26755,41.49276],[-6.26273,41.48766],[-6.26185,41.48515],[-6.26043,41.48239],[-6.25475,41.47698],[-6.25172,41.47293],[-6.2501,41.47155],[-6.24702,41.47047],[-6.2443,41.46901],[-6.23952,41.46695],[-6.23568,41.46592],[-6.23246,41.46328],[-6.23201,41.46168],[-6.22994,41.45954],[-6.22716,41.45977],[-6.22482,41.45916],[-6.22374,41.46028],[-6.22151,41.45844],[-6.21496,41.46121],[-6.21371,41.46129],[-6.21349,41.46183],[-6.21184,41.46329],[-6.20964,41.46336],[-6.20967,41.46539],[-6.20876,41.46652],[-6.20723,41.46783],[-6.20456,41.47152],[-6.20427,41.4724],[-6.20467,41.47611],[-6.2039,41.47806],[-6.19293,41.47478],[-6.19233,41.47482],[-6.19018,41.47567],[-6.18844,41.47555],[-6.18769,41.47627],[-6.18475,41.47686],[-6.1777,41.47705],[-6.1741,41.47685],[-6.17208,41.47649],[-6.16839,41.47749],[-6.16621,41.47699],[-6.16511,41.47705],[-6.16349,41.47676],[-6.16135,41.47717],[-6.15855,41.47813],[-6.15622,41.47968],[-6.15599,41.48258],[-6.15749,41.48595],[-6.15973,41.49014],[-6.15787,41.4965],[-6.1652,41.5023],[-6.16678,41.50318],[-6.1695,41.50316],[-6.17174,41.50343],[-6.1749,41.50624],[-6.17654,41.50816],[-6.17923,41.50785],[-6.18265,41.50671],[-6.18538,41.50862],[-6.18944,41.51034],[-6.19038,41.51118],[-6.19405,41.50936],[-6.19787,41.50997],[-6.20132,41.51099],[-6.20621,41.51071],[-6.20824,41.5101],[-6.21085,41.50987],[-6.21582,41.50851],[-6.21973,41.51064],[-6.22445,41.51191],[-6.22538,41.51243],[-6.22643,41.51329],[-6.22645,41.51442],[-6.22929,41.51773],[-6.22922,41.5179]]]}},{"type":"Feature","properties":{"COD_POSTAL":"49700"},"geometry":{"type":"Polygon","coordinates":[[[-5.69111,41.35111],[-5.68769,41.35638],[-5.68565,41.36341],[-5.67917,41.3651],[-5.67651,41.36622],[-5.67715,41.3666],[-5.67999,41.36706],[-5.68236,41.36774],[-5.68357,41.36693],[-5.68673,41.36668],[-5.6877,41.367],[-5.6879,41.36728],[-5.68798,41.3704],[-5.69289,41.3778],[-5.69741,41.3841],[-5.70086,41.38493],[-5.70449,41.38506],[-5.71005,41.38702],[-5.7156,41.38829],[-5.71704,41.38835],[-5.71987,41.38732],[-5.72115,41.38595],[-5.72197,41.38554],[-5.72434,41.38489],[-5.72572,41.38487],[-5.72514,41.38324],[-5.7252,41.38227],[-5.72997,41.37445],[-5.73202,41.37133],[-5.73407,41.36874],[-5.73921,41.36416],[-5.74161,41.3636],[-5.74554,41.36222],[-5.74748,41.35977],[-5.74882,41.35896],[-5.74996,41.35763],[-5.75086,41.35625],[-5.75297,41.34114],[-5.75085,41.33757],[-5.75279,41.33655],[-5.75601,41.33415],[-5.75751,41.33356],[-5.75855,41.33266],[-5.76084,41.33232],[-5.76342,41.33355],[-5.76466,41.33491],[-5.76475,41.33517],[-5.76451,41.33552],[-5.76492,41.33635],[-5.76611,41.33633],[-5.76838,41.33736],[-5.76986,41.33733],[-5.77106,41.33766],[-5.77156,41.33873],[-5.77486,41.33539],[-5.77504,41.33495],[-5.77463,41.3309],[-5.77341,41.32908],[-5.77231,41.32411],[-5.76892,41.32271],[-5.7643,41.31978],[-5.76283,41.31819],[-5.76259,41.31604],[-5.76019,41.31658],[-5.75386,41.32227],[-5.75538,41.32955],[-5.75254,41.33218],[-5.72379,41.33816],[-5.70764,41.34204],[-5.69514,41.35005],[-5.6911,41.35075],[-5.69111,41.35111]]]}},{"type":"Feature","properties":{"COD_POSTAL":"49170"},"geometry":{"type":"Polygon","coordinates":[[[-5.77498,41.46247],[-5.77864,41.46329],[-5.77938,41.4629],[-5.78378,41.46181],[-5.78642,41.4609],[-5.78934,41.46041],[-5.79281,41.46055],[-5.79357,41.46085],[-5.79467,41.46317],[-5.79617,41.46176],[-5.79702,41.46127],[-5.79932,41.46066],[-5.80047,41.46097],[-5.80182,41.46266],[-5.80354,41.46355],[-5.80424,41.4633],[-5.80555,41.46214],[-5.80693,41.46155],[-5.81129,41.46095],[-5.81341,41.46161],[-5.81497,41.46115],[-5.81758,41.4591],[-5.81966,41.45832],[-5.82124,41.45724],[-5.8241,41.45315],[-5.82562,41.45224],[-5.82695,41.45168],[-5.82753,41.45173],[-5.82947,41.45257],[-5.83149,41.45304],[-5.83164,41.45249],[-5.83411,41.45061],[-5.83376,41.44945],[-5.83286,41.44822],[-5.8335,41.44689],[-5.83304,41.4458],[-5.8318,41.44579],[-5.83108,41.44632],[-5.8302,41.44633],[-5.82994,41.44572],[-5.83012,41.44527],[-5.83282,41.44293],[-5.83471,41.44251],[-5.83532,41.44177],[-5.83566,41.44077],[-5.837,41.43992],[-5.83882,41.43758],[-5.83919,41.43695],[-5.83912,41.43635],[-5.83962,41.43565],[-5.83769,41.43499],[-5.83088,41.4343],[-5.82947,41.43369],[-5.82739,41.43127],[-5.82487,41.43016],[-5.82418,41.43025],[-5.82237,41.42807],[-5.81985,41.42885],[-5.81892,41.42818],[-5.81608,41.42942],[-5.81396,41.42825],[-5.8132,41.42531],[-5.81282,41.42218],[-5.81301,41.42123],[-5.81515,41.41984],[-5.81653,41.41847],[-5.81703,41.4187],[-5.81787,41.41822],[-5.81843,41.41761],[-5.81865,41.41633],[-5.8191,41.41572],[-5.8171,41.41243],[-5.81715,41.41109],[-5.81807,41.41038],[-5.81778,41.40933],[-5.80809,41.40811],[-5.80448,41.41075],[-5.797,41.41154],[-5.78961,41.41735],[-5.77634,41.42062],[-5.77566,41.42647],[-5.77691,41.42774],[-5.77718,41.42826],[-5.77722,41.42932],[-5.77628,41.43269],[-5.77619,41.43395],[-5.77628,41.43475],[-5.77696,41.43621],[-5.77776,41.44009],[-5.77865,41.4464],[-5.77913,41.44754],[-5.77909,41.44902],[-5.77847,41.45241],[-5.77761,41.45439],[-5.77396,41.46003],[-5.7721,41.46167],[-5.77498,41.46247]]]}},{"type":"Feature","properties":{"COD_POSTAL":"49251"},"geometry":{"type":"Polygon","coordinates":[[[-6.23897,41.43371],[-6.23759,41.42995],[-6.23488,41.4263],[-6.23386,41.42332],[-6.23337,41.42269],[-6.23198,41.4213],[-6.22847,41.41861],[-6.22723,41.41882],[-6.22106,41.42234],[-6.22025,41.42315],[-6.21795,41.4247],[-6.21591,41.42553],[-6.21489,41.42683],[-6.21352,41.42764],[-6.20973,41.42846],[-6.20744,41.42827],[-6.20432,41.42728],[-6.20291,41.42724],[-6.20124,41.42759],[-6.19799,41.4276],[-6.19078,41.42936],[-6.19014,41.43089],[-6.18928,41.43829],[-6.19094,41.44278],[-6.1936,41.44757],[-6.19387,41.45045],[-6.19368,41.45138],[-6.19142,41.4521],[-6.19031,41.45274],[-6.1802,41.45209],[-6.17735,41.45261],[-6.17318,41.4527],[-6.16897,41.45221],[-6.16363,41.45055],[-6.16027,41.44984],[-6.15705,41.44869],[-6.15249,41.45139],[-6.1505,41.45311],[-6.148,41.45459],[-6.14546,41.45657],[-6.14277,41.45691],[-6.14103,41.4578],[-6.14253,41.46181],[-6.14583,41.46602],[-6.14718,41.47226],[-6.14852,41.47353],[-6.15096,41.47667],[-6.15278,41.47806],[-6.15622,41.47968],[-6.15855,41.47813],[-6.16135,41.47717],[-6.16349,41.47676],[-6.16511,41.47705],[-6.16621,41.47699],[-6.16839,41.47749],[-6.17208,41.47649],[-6.1741,41.47685],[-6.1777,41.47705],[-6.18475,41.47686],[-6.18769,41.47627],[-6.18844,41.47555],[-6.19018,41.47567],[-6.19233,41.47482],[-6.19293,41.47478],[-6.2039,41.47806],[-6.20467,41.47611],[-6.20427,41.4724],[-6.20456,41.47152],[-6.20723,41.46783],[-6.20876,41.46652],[-6.20967,41.46539],[-6.20964,41.46336],[-6.21184,41.46329],[-6.21349,41.46183],[-6.21371,41.46129],[-6.21496,41.46121],[-6.22151,41.45844],[-6.22374,41.46028],[-6.22482,41.45916],[-6.22716,41.45977],[-6.22509,41.4564],[-6.2257,41.45471],[-6.22486,41.45341],[-6.22506,41.44842],[-6.22912,41.4431],[-6.23424,41.4401],[-6.23602,41.43836],[-6.23935,41.43656],[-6.24018,41.43517],[-6.23897,41.43371]]]}},{"type":"Feature","properties":{"COD_POSTAL":"49342"},"geometry":{"type":"Polygon","coordinates":[[[-6.38067,42.13597],[-6.39198,42.13724],[-6.40408,42.13724],[-6.41955,42.1357],[-6.42801,42.13133],[-6.41485,42.12333],[-6.37827,42.09086],[-6.37797,42.09122],[-6.37077,42.09484],[-6.36857,42.09539],[-6.37613,42.10858],[-6.37532,42.10959],[-6.37552,42.11125],[-6.37457,42.1133],[-6.37468,42.11649],[-6.37302,42.121],[-6.37335,42.12347],[-6.3722,42.12486],[-6.37345,42.13378],[-6.38067,42.13597]]]}},{"type":"Feature","properties":{"COD_POSTAL":"49019"},"geometry":{"type":"Polygon","coordinates":[[[-5.73543,41.51011],[-5.73567,41.51042],[-5.73644,41.50984],[-5.7356,41.50921],[-5.73574,41.50849],[-5.73617,41.50745],[-5.73698,41.5064],[-5.73652,41.50626],[-5.73661,41.50592],[-5.73682,41.50592],[-5.73761,41.50453],[-5.73245,41.50538],[-5.73251,41.50466],[-5.73196,41.50476],[-5.73238,41.50564],[-5.73367,41.50542],[-5.73495,41.50637],[-5.7359,41.50643],[-5.73582,41.50673],[-5.73493,41.50668],[-5.73342,41.5083],[-5.73463,41.50968],[-5.73497,41.50954],[-5.73549,41.50785],[-5.73571,41.50787],[-5.73509,41.50974],[-5.73543,41.51011]]]}},{"type":"Feature","properties":{"COD_POSTAL":"49167"},"geometry":{"type":"Polygon","coordinates":[[[-5.91601,41.52895],[-5.91723,41.52842],[-5.92038,41.52853],[-5.92178,41.52905],[-5.92502,41.52974],[-5.92592,41.53028],[-5.92768,41.53025],[-5.92864,41.53092],[-5.93054,41.53322],[-5.93174,41.53266],[-5.93288,41.53254],[-5.93504,41.5333],[-5.93589,41.53421],[-5.93596,41.53468],[-5.93536,41.5365],[-5.94094,41.54015],[-5.94625,41.5442],[-5.94728,41.54661],[-5.9485,41.5471],[-5.95424,41.54762],[-5.95539,41.54721],[-5.95726,41.54805],[-5.95918,41.54717],[-5.96479,41.55134],[-5.96835,41.55208],[-5.97181,41.55342],[-5.97658,41.55369],[-5.97753,41.55349],[-5.97895,41.54718],[-5.97767,41.53813],[-5.97826,41.53311],[-5.98288,41.52859],[-5.98564,41.5277],[-5.9877,41.52573],[-5.98672,41.51973],[-5.9894,41.51409],[-5.99034,41.51148],[-5.99204,41.50921],[-5.99201,41.50643],[-5.99243,41.50537],[-5.99348,41.5042],[-5.99618,41.50024],[-5.99809,41.49607],[-5.99523,41.49449],[-5.9922,41.49561],[-5.97057,41.4917],[-5.96934,41.49317],[-5.96809,41.49231],[-5.96039,41.49345],[-5.95781,41.49231],[-5.95428,41.49285],[-5.95313,41.49061],[-5.94281,41.49799],[-5.93311,41.50625],[-5.91993,41.51154],[-5.91656,41.51456],[-5.91516,41.51669],[-5.91242,41.51882],[-5.91068,41.5219],[-5.91091,41.52334],[-5.91239,41.52749],[-5.91541,41.52945],[-5.91601,41.52895]]]}},{"type":"Feature","properties":{"COD_POSTAL":"49310"},"geometry":{"type":"Polygon","coordinates":[[[-6.29382,42.0128],[-6.29357,42.01388],[-6.29162,42.01538],[-6.29532,42.02035],[-6.2986,42.02218],[-6.29822,42.02579],[-6.30033,42.02901],[-6.31731,42.02937],[-6.327,42.03242],[-6.33605,42.03459],[-6.34018,42.03646],[-6.34828,42.03706],[-6.35541,42.0411],[-6.35575,42.04099],[-6.35577,42.0402],[-6.35657,42.03888],[-6.35733,42.03909],[-6.35939,42.03903],[-6.36281,42.03979],[-6.36594,42.0398],[-6.3678,42.03952],[-6.37006,42.03863],[-6.37206,42.03684],[-6.37571,42.03495],[-6.37559,42.03444],[-6.37488,42.03436],[-6.37312,42.03267],[-6.37133,42.03142],[-6.3693,42.03026],[-6.36797,42.02987],[-6.36757,42.02921],[-6.36729,42.02682],[-6.36755,42.0261],[-6.36671,42.02255],[-6.36623,42.02224],[-6.36028,42.02203],[-6.3396,42.01752],[-6.32196,42.01832],[-6.29982,42.01434],[-6.29544,42.01249],[-6.29387,42.01258],[-6.29382,42.0128]]]}},{"type":"Feature","properties":{"COD_POSTAL":"49637"},"geometry":{"type":"Polygon","coordinates":[[[-5.33327,41.792],[-5.3337,41.79108],[-5.33356,41.78934],[-5.32914,41.78895],[-5.32631,41.78984],[-5.32265,41.78821],[-5.32039,41.79033],[-5.3189,41.79073],[-5.31636,41.79099],[-5.31401,41.79381],[-5.31129,41.79491],[-5.30618,41.79899],[-5.29977,41.80194],[-5.29929,41.80291],[-5.29791,41.80347],[-5.29539,41.80403],[-5.27962,41.81345],[-5.27956,41.81429],[-5.27861,41.8148],[-5.27837,41.8154],[-5.27818,41.81783],[-5.27713,41.81844],[-5.2772,41.81956],[-5.27761,41.82048],[-5.27682,41.82289],[-5.28029,41.82444],[-5.28265,41.82509],[-5.28307,41.82589],[-5.28715,41.82769],[-5.29054,41.82626],[-5.29493,41.82756],[-5.2984,41.82552],[-5.29993,41.82647],[-5.30253,41.82557],[-5.30417,41.82668],[-5.30588,41.826],[-5.30641,41.8268],[-5.30774,41.82572],[-5.31193,41.82668],[-5.31469,41.82654],[-5.31584,41.82703],[-5.32654,41.82907],[-5.32955,41.83114],[-5.33268,41.82971],[-5.33328,41.829],[-5.33413,41.82566],[-5.33821,41.82386],[-5.33664,41.82038],[-5.33458,41.8147],[-5.3373,41.81313],[-5.33838,41.81065],[-5.33744,41.80857],[-5.33631,41.80683],[-5.33458,41.80506],[-5.33294,41.80398],[-5.33101,41.80057],[-5.33204,41.80024],[-5.33256,41.79619],[-5.33377,41.7951],[-5.33284,41.79341],[-5.33325,41.7921],[-5.33327,41.792]]]}},{"type":"Feature","properties":{"COD_POSTAL":"49350"},"geometry":{"type":"Polygon","coordinates":[[[-6.65038,42.07516],[-6.64581,42.07637],[-6.64379,42.0762],[-6.64218,42.07939],[-6.64263,42.08031],[-6.64264,42.08097],[-6.64205,42.08276],[-6.64055,42.08346],[-6.63953,42.08472],[-6.6378,42.08618],[-6.63763,42.0869],[-6.63882,42.08867],[-6.63872,42.08915],[-6.63757,42.09072],[-6.63762,42.09111],[-6.63893,42.09305],[-6.63911,42.094],[-6.63905,42.09649],[-6.64651,42.09003],[-6.6546,42.08836],[-6.65468,42.08853],[-6.6568,42.07783],[-6.65038,42.07516]]]}},{"type":"Feature","properties":{"COD_POSTAL":"49800"},"geometry":{"type":"Polygon","coordinates":[[[-5.52759,41.57597],[-5.52928,41.57944],[-5.5299,41.5798],[-5.54127,41.56951],[-5.53802,41.56812],[-5.53771,41.56748],[-5.54084,41.56068],[-5.542,41.55603],[-5.54324,41.55465],[-5.54418,41.55424],[-5.54494,41.55319],[-5.54662,41.54707],[-5.54788,41.54375],[-5.54867,41.54273],[-5.54995,41.54199],[-5.55027,41.53892],[-5.55244,41.53193],[-5.55359,41.52914],[-5.5537,41.52658],[-5.55305,41.5253],[-5.55236,41.52455],[-5.55224,41.52395],[-5.55337,41.52269],[-5.5533,41.52153],[-5.55399,41.52008],[-5.55611,41.51734],[-5.5568,41.516],[-5.557,41.51474],[-5.55686,41.51337],[-5.55783,41.50879],[-5.55724,41.50706],[-5.55631,41.50606],[-5.55516,41.50403],[-5.5538,41.50228],[-5.55393,41.50016],[-5.5556,41.49058],[-5.55957,41.48868],[-5.56397,41.48465],[-5.55984,41.47896],[-5.55638,41.47616],[-5.55787,41.4732],[-5.55595,41.47205],[-5.55615,41.47099],[-5.55595,41.47067],[-5.55518,41.47039],[-5.55306,41.47061],[-5.55224,41.47026],[-5.55172,41.47058],[-5.54972,41.46983],[-5.54905,41.4691],[-5.54885,41.46779],[-5.54835,41.46692],[-5.54715,41.46617],[-5.54629,41.46604],[-5.54164,41.46666],[-5.54125,41.46497],[-5.54137,41.46452],[-5.54016,41.46359],[-5.54002,41.46229],[-5.53792,41.46282],[-5.53639,41.46295],[-5.53492,41.46266],[-5.53836,41.45651],[-5.53902,41.45417],[-5.53805,41.4528],[-5.538,41.45084],[-5.53475,41.45161],[-5.53465,41.45041],[-5.53523,41.44924],[-5.53786,41.44731],[-5.53602,41.44585],[-5.5352,41.44108],[-5.53227,41.43957],[-5.53377,41.43693],[-5.53022,41.43409],[-5.52927,41.43292],[-5.53217,41.43251],[-5.53296,41.43272],[-5.5329,41.43148],[-5.53364,41.43132],[-5.53455,41.43016],[-5.53667,41.42989],[-5.53654,41.42889],[-5.53636,41.42817],[-5.5354,41.42747],[-5.53274,41.42368],[-5.53135,41.42262],[-5.52931,41.42281],[-5.52897,41.42139],[-5.52951,41.4194],[-5.5272,41.41744],[-5.5272,41.41423],[-5.52765,41.41325],[-5.52753,41.41266],[-5.5234,41.41144],[-5.52414,41.40736],[-5.52605,41.40548],[-5.52616,41.4047],[-5.52486,41.4039],[-5.52289,41.40319],[-5.52193,41.40236],[-5.52367,41.40115],[-5.51993,41.39497],[-5.51947,41.39326],[-5.51863,41.39149],[-5.51921,41.38942],[-5.52045,41.38761],[-5.51902,41.38475],[-5.51852,41.38421],[-5.51667,41.38328],[-5.51227,41.37875],[-5.51091,41.37776],[-5.50837,41.37953],[-5.50606,41.3819],[-5.50379,41.38514],[-5.50371,41.38662],[-5.50084,41.38572],[-5.49943,41.38499],[-5.49632,41.38198],[-5.49503,41.38023],[-5.49312,41.37864],[-5.48766,41.37579],[-5.48474,41.37346],[-5.48392,41.36974],[-5.48461,41.36861],[-5.48406,41.36778],[-5.48891,41.36328],[-5.48774,41.36156],[-5.48612,41.3606],[-5.48471,41.36083],[-5.48274,41.36],[-5.47017,41.36764],[-5.46535,41.36598],[-5.45753,41.36255],[-5.43805,41.36127],[-5.43181,41.36565],[-5.42997,41.36816],[-5.43332,41.3731],[-5.43286,41.37789],[-5.43467,41.38098],[-5.4271,41.3861],[-5.42561,41.38788],[-5.42641,41.38986],[-5.4244,41.39169],[-5.42429,41.39272],[-5.42271,41.39608],[-5.42229,41.40312],[-5.41393,41.40337],[-5.41128,41.403],[-5.40274,41.39877],[-5.40023,41.40186],[-5.3995,41.40167],[-5.39777,41.40321],[-5.39587,41.40191],[-5.39236,41.40054],[-5.391,41.40145],[-5.38983,41.40264],[-5.38853,41.40205],[-5.38763,41.40282],[-5.38434,41.40173],[-5.3782,41.39924],[-5.37864,41.39819],[-5.37832,41.39814],[-5.37806,41.38363],[-5.37508,41.38329],[-5.37202,41.38138],[-5.37056,41.38096],[-5.36908,41.37958],[-5.3684,41.37923],[-5.36778,41.37833],[-5.36575,41.37711],[-5.36456,41.37677],[-5.36177,41.37708],[-5.3555,41.37963],[-5.34917,41.38016],[-5.34263,41.38238],[-5.34059,41.38266],[-5.33741,41.38237],[-5.33304,41.38154],[-5.33185,41.38391],[-5.32524,41.39041],[-5.3223,41.39418],[-5.32146,41.3959],[-5.32114,41.39916],[-5.32048,41.39963],[-5.32022,41.40042],[-5.32049,41.40145],[-5.31779,41.40365],[-5.31599,41.40551],[-5.31216,41.40769],[-5.31113,41.40867],[-5.31074,41.40928],[-5.31026,41.41127],[-5.30859,41.41261],[-5.30754,41.41405],[-5.31614,41.41982],[-5.31836,41.42085],[-5.3272,41.42233],[-5.32791,41.423],[-5.33025,41.42326],[-5.33181,41.42416],[-5.33367,41.42405],[-5.33577,41.42463],[-5.33709,41.42454],[-5.33761,41.42506],[-5.33852,41.42514],[-5.33924,41.4256],[-5.3378,41.42742],[-5.33586,41.43195],[-5.33409,41.43443],[-5.33328,41.43624],[-5.3338,41.43777],[-5.33329,41.43849],[-5.33304,41.43936],[-5.33239,41.43956],[-5.33284,41.44413],[-5.33096,41.4452],[-5.32793,41.44606],[-5.32723,41.44721],[-5.32934,41.44804],[-5.33222,41.4502],[-5.32927,41.45251],[-5.32572,41.45495],[-5.32479,41.45534],[-5.32612,41.45692],[-5.32924,41.45948],[-5.33387,41.45948],[-5.33635,41.46028],[-5.33749,41.46129],[-5.33913,41.46337],[-5.34103,41.47158],[-5.34187,41.47416],[-5.34332,41.47707],[-5.34474,41.47926],[-5.34214,41.48128],[-5.3413,41.48007],[-5.34035,41.47962],[-5.33893,41.47819],[-5.33762,41.47741],[-5.33714,41.4763],[-5.33668,41.47629],[-5.33615,41.4757],[-5.33564,41.47568],[-5.33502,41.4752],[-5.3338,41.47525],[-5.3325,41.47565],[-5.33163,41.4764],[-5.3315,41.47708],[-5.33219,41.47794],[-5.33123,41.47845],[-5.32963,41.47806],[-5.32863,41.47808],[-5.32609,41.4795],[-5.32465,41.4796],[-5.32087,41.48177],[-5.31324,41.48759],[-5.31097,41.4903],[-5.31401,41.49143],[-5.31573,41.49126],[-5.31692,41.49214],[-5.31854,41.49244],[-5.32009,41.49227],[-5.32086,41.49593],[-5.32283,41.49807],[-5.32298,41.49952],[-5.32357,41.49951],[-5.325,41.50074],[-5.32654,41.50112],[-5.32689,41.50142],[-5.32735,41.50255],[-5.32794,41.50219],[-5.32843,41.50225],[-5.32954,41.50259],[-5.33117,41.50373],[-5.33206,41.50346],[-5.33353,41.50403],[-5.33485,41.50409],[-5.33592,41.50455],[-5.33621,41.50493],[-5.33632,41.50645],[-5.33552,41.50839],[-5.33478,41.50927],[-5.33238,41.51076],[-5.33077,41.51273],[-5.33076,41.51334],[-5.33226,41.51592],[-5.33527,41.51941],[-5.33698,41.52044],[-5.33679,41.52094],[-5.33897,41.52335],[-5.33903,41.52604],[-5.3363,41.52685],[-5.33998,41.53083],[-5.34367,41.53129],[-5.34442,41.53326],[-5.34424,41.53431],[-5.34447,41.53562],[-5.34542,41.53672],[-5.34295,41.53711],[-5.33938,41.5383],[-5.33755,41.53855],[-5.33466,41.53977],[-5.33131,41.54053],[-5.32581,41.54344],[-5.32874,41.54355],[-5.33524,41.54553],[-5.33755,41.54647],[-5.33957,41.54671],[-5.33956,41.54687],[-5.36934,41.53244],[-5.3822,41.53038],[-5.43779,41.54293],[-5.4375,41.54903],[-5.44206,41.54983],[-5.44415,41.54961],[-5.44929,41.54662],[-5.45114,41.54578],[-5.45598,41.5488],[-5.45958,41.54964],[-5.46176,41.55097],[-5.46886,41.55627],[-5.47454,41.56144],[-5.48166,41.56603],[-5.48348,41.56697],[-5.48097,41.56833],[-5.47891,41.56987],[-5.48568,41.57038],[-5.48753,41.57003],[-5.48825,41.57118],[-5.49106,41.56964],[-5.49614,41.56828],[-5.49923,41.56798],[-5.5039,41.56794],[-5.50683,41.56914],[-5.50969,41.57098],[-5.51554,41.57358],[-5.51942,41.57089],[-5.52233,41.57114],[-5.52487,41.57093],[-5.52717,41.57471],[-5.52759,41.57597]],[[-5.51713,41.50918],[-5.5123,41.51141],[-5.51093,41.51414],[-5.50734,41.51576],[-5.50599,41.51685],[-5.49531,41.51563],[-5.47931,41.50968],[-5.47379,41.49831],[-5.47037,41.49954],[-5.46769,41.50018],[-5.46068,41.50139],[-5.45837,41.50151],[-5.45627,41.50128],[-5.44983,41.50216],[-5.4449,41.50369],[-5.43632,41.50731],[-5.42833,41.50934],[-5.42496,41.50022],[-5.42403,41.49837],[-5.42864,41.49645],[-5.43488,41.49331],[-5.4376,41.49356],[-5.43859,41.4939],[-5.44271,41.49255],[-5.44788,41.49049],[-5.45197,41.4893],[-5.4531,41.48857],[-5.45435,41.4871],[-5.45566,41.485],[-5.45763,41.48284],[-5.45838,41.48171],[-5.46001,41.47804],[-5.46176,41.47677],[-5.46302,41.47551],[-5.46713,41.47618],[-5.47542,41.47587],[-5.47913,41.47533],[-5.48158,41.47424],[-5.48559,41.47294],[-5.4914,41.472],[-5.49448,41.47223],[-5.49768,41.47285],[-5.50366,41.47292],[-5.50518,41.47258],[-5.50586,41.47188],[-5.50749,41.47131],[-5.50823,41.46995],[-5.51019,41.46863],[-5.51289,41.46763],[-5.51761,41.47605],[-5.5163,41.47717],[-5.51529,41.47734],[-5.51048,41.4769],[-5.50776,41.47785],[-5.50102,41.48401],[-5.49904,41.48376],[-5.49913,41.48274],[-5.49799,41.48275],[-5.50311,41.47953],[-5.50309,41.47894],[-5.50234,41.47816],[-5.50126,41.47903],[-5.50087,41.47793],[-5.50005,41.47805],[-5.49916,41.47773],[-5.49755,41.47858],[-5.4954,41.47895],[-5.49357,41.47992],[-5.49297,41.48077],[-5.49154,41.48104],[-5.49089,41.48192],[-5.49085,41.48299],[-5.49107,41.48324],[-5.49183,41.48311],[-5.49204,41.48515],[-5.49183,41.48604],[-5.49423,41.48691],[-5.49494,41.48579],[-5.49576,41.48568],[-5.49619,41.48528],[-5.49654,41.48562],[-5.49699,41.48542],[-5.49741,41.48452],[-5.49969,41.48528],[-5.49798,41.48865],[-5.4955,41.4952],[-5.49533,41.49614],[-5.4975,41.49661],[-5.5068,41.50004],[-5.51173,41.50097],[-5.51404,41.49973],[-5.51716,41.50913],[-5.51713,41.50918]],[[-5.44851,41.46297],[-5.4437,41.45914],[-5.44041,41.4557],[-5.43681,41.44671],[-5.43919,41.43596],[-5.43705,41.43069],[-5.4468,41.42223],[-5.44964,41.42126],[-5.45883,41.41724],[-5.45986,41.4159],[-5.46123,41.41473],[-5.46292,41.41386],[-5.46381,41.41027],[-5.46345,41.40823],[-5.46376,41.40694],[-5.46503,41.40413],[-5.46652,41.40183],[-5.46705,41.39959],[-5.47983,41.39221],[-5.47929,41.39409],[-5.48046,41.39585],[-5.48084,41.39798],[-5.48319,41.40109],[-5.48354,41.40372],[-5.48305,41.40633],[-5.48303,41.4096],[-5.48361,41.41203],[-5.48355,41.41304],[-5.48332,41.41446],[-5.48274,41.41593],[-5.48043,41.41869],[-5.47878,41.42121],[-5.47762,41.42391],[-5.47729,41.42545],[-5.47741,41.42805],[-5.47808,41.43045],[-5.47729,41.43232],[-5.47465,41.4356],[-5.47373,41.43641],[-5.47315,41.43742],[-5.47341,41.44611],[-5.46953,41.45016],[-5.46266,41.45508],[-5.45692,41.46122],[-5.45611,41.46026],[-5.45529,41.45724],[-5.45494,41.45698],[-5.44931,41.46314],[-5.44851,41.46297]]]}},{"type":"Feature","properties":{"COD_POSTAL":"49001"},"geometry":{"type":"Polygon","coordinates":[[[-5.74664,41.50332],[-5.75013,41.50245],[-5.75078,41.50198],[-5.75156,41.50205],[-5.75344,41.50083],[-5.7539,41.50116],[-5.75652,41.5003],[-5.75696,41.49962],[-5.75655,41.49877],[-5.75538,41.49845],[-5.75238,41.4985],[-5.75023,41.49989],[-5.75021,41.5004],[-5.75066,41.50039],[-5.75028,41.5005],[-5.75049,41.50082],[-5.75031,41.50095],[-5.74986,41.50063],[-5.74868,41.50076],[-5.74622,41.50201],[-5.74647,41.50308],[-5.74664,41.50332]]]}},{"type":"Feature","properties":{"COD_POSTAL":"49623"},"geometry":{"type":"Polygon","coordinates":[[[-5.77654,41.99249],[-5.77702,41.99365],[-5.77595,41.99507],[-5.77797,41.99714],[-5.78027,41.99793],[-5.78057,41.99919],[-5.78307,42.00105],[-5.78316,42.00388],[-5.78492,42.00313],[-5.78677,42.00414],[-5.78681,42.00519],[-5.78457,42.00681],[-5.78365,42.0113],[-5.78264,42.01183],[-5.7768,42.01165],[-5.77526,42.01206],[-5.77648,42.01462],[-5.77769,42.01576],[-5.77801,42.01749],[-5.77876,42.01897],[-5.77874,42.01974],[-5.78153,42.02294],[-5.78675,42.02431],[-5.7937,42.02756],[-5.79377,42.02923],[-5.79581,42.02525],[-5.8017,42.02118],[-5.80404,42.0185],[-5.81226,42.01391],[-5.82325,42.00283],[-5.83607,41.99594],[-5.8211,41.98365],[-5.81867,41.98332],[-5.8144,41.98323],[-5.8108,41.98247],[-5.80893,41.97996],[-5.80844,41.97834],[-5.80787,41.97756],[-5.80347,41.97476],[-5.80245,41.97381],[-5.77654,41.99249]]]}},{"type":"Feature","properties":{"COD_POSTAL":"49783"},"geometry":{"type":"Polygon","coordinates":[[[-5.84635,42.10108],[-5.8467,42.10076],[-5.84597,42.10027],[-5.84481,42.10018],[-5.84272,42.09934],[-5.83569,42.09895],[-5.83618,42.09636],[-5.83414,42.09588],[-5.83296,42.09518],[-5.83173,42.0948],[-5.82861,42.09444],[-5.82483,42.09638],[-5.82417,42.09824],[-5.82145,42.09806],[-5.81001,42.09831],[-5.80389,42.09986],[-5.79913,42.1016],[-5.7981,42.09998],[-5.79795,42.09818],[-5.79357,42.09894],[-5.79012,42.1016],[-5.78877,42.10217],[-5.78479,42.10226],[-5.78396,42.1025],[-5.78399,42.09962],[-5.78458,42.09851],[-5.78256,42.0969],[-5.78053,42.09676],[-5.77976,42.09701],[-5.77914,42.09767],[-5.77574,42.09841],[-5.77385,42.09844],[-5.76999,42.09703],[-5.76598,42.09932],[-5.75908,42.10176],[-5.75433,42.10521],[-5.75163,42.10667],[-5.75283,42.113],[-5.74739,42.11601],[-5.75208,42.12135],[-5.75099,42.12428],[-5.75279,42.12803],[-5.75286,42.12867],[-5.75513,42.13436],[-5.75519,42.13663],[-5.75949,42.13436],[-5.76997,42.13594],[-5.77337,42.13514],[-5.77671,42.13581],[-5.78205,42.13509],[-5.78521,42.13358],[-5.78794,42.13344],[-5.79034,42.12777],[-5.79123,42.12729],[-5.79305,42.1274],[-5.79508,42.12711],[-5.79636,42.12761],[-5.79814,42.1276],[-5.79924,42.12652],[-5.80158,42.12611],[-5.8022,42.1253],[-5.80268,42.12507],[-5.80533,42.12458],[-5.80637,42.12775],[-5.80464,42.12986],[-5.80649,42.13055],[-5.81215,42.12654],[-5.82145,42.12333],[-5.82655,42.12193],[-5.83066,42.12039],[-5.83208,42.11937],[-5.83807,42.11877],[-5.83972,42.11644],[-5.84081,42.11261],[-5.84485,42.11072],[-5.84415,42.1045],[-5.84635,42.10108]]]}},{"type":"Feature","properties":{"COD_POSTAL":"49240"},"geometry":{"type":"Polygon","coordinates":[[[-6.1446,41.32463],[-6.14343,41.32614],[-6.13846,41.32867],[-6.13555,41.32972],[-6.13262,41.33018],[-6.13012,41.33171],[-6.12784,41.33251],[-6.12862,41.33351],[-6.13103,41.33545],[-6.13149,41.3368],[-6.1323,41.338],[-6.13271,41.33908],[-6.13292,41.34146],[-6.13277,41.34307],[-6.13318,41.3438],[-6.13674,41.34452],[-6.13918,41.3473],[-6.14008,41.34779],[-6.14594,41.35405],[-6.14727,41.35414],[-6.15705,41.35774],[-6.16004,41.3601],[-6.16312,41.36136],[-6.16388,41.36293],[-6.16531,41.36475],[-6.16748,41.36392],[-6.1763,41.36238],[-6.17936,41.36259],[-6.18513,41.36215],[-6.19038,41.3632],[-6.19127,41.36234],[-6.19414,41.36058],[-6.19873,41.35931],[-6.20123,41.354],[-6.20242,41.35207],[-6.20369,41.34821],[-6.20483,41.34626],[-6.20577,41.34539],[-6.20643,41.34404],[-6.21028,41.34125],[-6.21254,41.33873],[-6.21452,41.33723],[-6.21614,41.33635],[-6.22058,41.3356],[-6.22312,41.33464],[-6.2239,41.33348],[-6.22496,41.33271],[-6.22911,41.33203],[-6.23128,41.33195],[-6.23359,41.33223],[-6.23666,41.3335],[-6.23831,41.33513],[-6.24134,41.33566],[-6.24375,41.33669],[-6.24507,41.33657],[-6.24906,41.3377],[-6.25179,41.33717],[-6.25959,41.33761],[-6.26808,41.32757],[-6.27035,41.32652],[-6.2683,41.32284],[-6.26792,41.31639],[-6.2759,41.30689],[-6.28578,41.30207],[-6.28705,41.29898],[-6.28664,41.29672],[-6.32828,41.27316],[-6.33098,41.2694],[-6.32948,41.26836],[-6.32886,41.26818],[-6.32634,41.26805],[-6.32444,41.26849],[-6.32038,41.2706],[-6.31905,41.27103],[-6.31768,41.27089],[-6.31484,41.2685],[-6.31292,41.26523],[-6.31144,41.2634],[-6.30919,41.26248],[-6.30577,41.26187],[-6.30295,41.26092],[-6.30074,41.2594],[-6.29895,41.25732],[-6.29674,41.25644],[-6.29151,41.25509],[-6.28403,41.25401],[-6.28227,41.25394],[-6.2776,41.25475],[-6.27517,41.2569],[-6.27426,41.25717],[-6.27262,41.25698],[-6.27099,41.25619],[-6.26817,41.25561],[-6.26749,41.25422],[-6.26706,41.25382],[-6.26143,41.26464],[-6.26201,41.26663],[-6.26254,41.27344],[-6.26217,41.27447],[-6.26434,41.27717],[-6.26119,41.27959],[-6.25811,41.28087],[-6.25701,41.28169],[-6.25593,41.28303],[-6.2556,41.28366],[-6.25636,41.28533],[-6.25606,41.28714],[-6.25649,41.28933],[-6.25315,41.29149],[-6.25085,41.29183],[-6.25006,41.29226],[-6.24696,41.29488],[-6.24446,41.29762],[-6.23828,41.30149],[-6.23831,41.30265],[-6.23411,41.30531],[-6.23133,41.30564],[-6.23023,41.30535],[-6.2225,41.30833],[-6.22025,41.30972],[-6.21643,41.31291],[-6.21012,41.31605],[-6.20766,41.31764],[-6.20476,41.3163],[-6.20251,41.31643],[-6.19892,41.31452],[-6.19869,41.31175],[-6.19764,41.30973],[-6.19475,41.30904],[-6.19211,41.30962],[-6.18899,41.30982],[-6.18769,41.31064],[-6.18578,41.31307],[-6.17779,41.31586],[-6.17649,41.31597],[-6.1751,41.31575],[-6.16853,41.31809],[-6.16482,41.31911],[-6.16366,41.32033],[-6.16373,41.32156],[-6.16397,41.32279],[-6.16504,41.32339],[-6.1652,41.32431],[-6.16281,41.32465],[-6.15856,41.3245],[-6.15712,41.32335],[-6.15511,41.32289],[-6.15137,41.32392],[-6.1467,41.32366],[-6.14499,41.32424],[-6.1446,41.32463]]]}},{"type":"Feature","properties":{"COD_POSTAL":"49743"},"geometry":{"type":"Polygon","coordinates":[[[-5.74777,41.74231],[-5.75122,41.7431],[-5.75488,41.74483],[-5.75807,41.74328],[-5.76089,41.74335],[-5.76039,41.74563],[-5.7653,41.74729],[-5.7663,41.74898],[-5.76801,41.7473],[-5.77148,41.74913],[-5.7738,41.74774],[-5.77678,41.74891],[-5.77722,41.74981],[-5.77671,41.75331],[-5.77579,41.75465],[-5.77592,41.75563],[-5.77513,41.75589],[-5.77634,41.76076],[-5.77846,41.76071],[-5.77849,41.76421],[-5.78904,41.76779],[-5.79337,41.76807],[-5.79781,41.76925],[-5.8037,41.7713],[-5.80527,41.77276],[-5.80487,41.77361],[-5.80516,41.77458],[-5.80493,41.77622],[-5.80376,41.77832],[-5.80237,41.77979],[-5.8,41.78026],[-5.7973,41.78139],[-5.79983,41.78308],[-5.80332,41.78442],[-5.8054,41.78613],[-5.80897,41.78649],[-5.81126,41.7877],[-5.81368,41.78557],[-5.81562,41.78446],[-5.81881,41.78316],[-5.8226,41.78017],[-5.82562,41.77539],[-5.82595,41.77433],[-5.82608,41.77174],[-5.82536,41.76629],[-5.82545,41.76456],[-5.82906,41.7555],[-5.82907,41.75342],[-5.82861,41.75238],[-5.82737,41.75093],[-5.82401,41.74864],[-5.81856,41.74677],[-5.81041,41.74438],[-5.8056,41.74227],[-5.80232,41.74046],[-5.80105,41.73941],[-5.79977,41.73721],[-5.79939,41.73586],[-5.7995,41.73518],[-5.80025,41.7338],[-5.80105,41.73332],[-5.80218,41.73304],[-5.80524,41.73296],[-5.80702,41.73266],[-5.80841,41.73124],[-5.80914,41.72999],[-5.80963,41.72836],[-5.80949,41.72745],[-5.80891,41.72679],[-5.80738,41.72604],[-5.80497,41.72563],[-5.8008,41.72533],[-5.79819,41.72427],[-5.79858,41.72122],[-5.79837,41.71828],[-5.7987,41.71726],[-5.80138,41.71358],[-5.80295,41.71098],[-5.80398,41.70875],[-5.80435,41.70753],[-5.80431,41.70471],[-5.7985,41.7059],[-5.7925,41.70571],[-5.78946,41.70492],[-5.78874,41.7039],[-5.78479,41.70517],[-5.78164,41.7068],[-5.74412,41.74051],[-5.74777,41.74231]]]}},{"type":"Feature","properties":{"COD_POSTAL":"49393"},"geometry":{"type":"Polygon","coordinates":[[[-6.60852,42.03974],[-6.61661,42.03779],[-6.62081,42.03749],[-6.63395,42.03803],[-6.64388,42.04181],[-6.64805,42.03352],[-6.65449,42.01875],[-6.66011,42.01339],[-6.66634,42.00527],[-6.66481,42.00022],[-6.66459,41.99767],[-6.66324,41.99325],[-6.64729,41.989],[-6.63863,41.96874],[-6.61182,41.97137],[-6.60289,41.97485],[-6.58322,41.96538],[-6.57758,41.9617],[-6.57582,41.96659],[-6.56951,41.97321],[-6.55402,41.97392],[-6.54533,41.96924],[-6.54168,41.96798],[-6.53239,41.96733],[-6.53333,41.98123],[-6.5313,41.98326],[-6.53224,41.98605],[-6.53128,41.99037],[-6.52889,41.9936],[-6.52833,41.99554],[-6.52571,42.00011],[-6.52352,42.00169],[-6.51864,42.00597],[-6.51908,42.00629],[-6.51969,42.0063],[-6.52067,42.00732],[-6.52157,42.00951],[-6.5217,42.01021],[-6.52146,42.01155],[-6.51979,42.01512],[-6.51978,42.01582],[-6.52104,42.01741],[-6.52249,42.0183],[-6.52325,42.01843],[-6.52395,42.0182],[-6.52496,42.01457],[-6.52607,42.01332],[-6.52696,42.01322],[-6.52784,42.0138],[-6.52859,42.01599],[-6.53081,42.01818],[-6.5321,42.01898],[-6.53476,42.01953],[-6.53622,42.01928],[-6.53788,42.01698],[-6.54134,42.01404],[-6.54322,42.01397],[-6.54408,42.01442],[-6.54477,42.01649],[-6.54879,42.02058],[-6.55216,42.02102],[-6.5534,42.02158],[-6.55359,42.02194],[-6.55335,42.02259],[-6.55154,42.02397],[-6.55205,42.02456],[-6.55292,42.02495],[-6.55624,42.02391],[-6.55786,42.02384],[-6.55887,42.02427],[-6.56051,42.02602],[-6.56434,42.02657],[-6.5672,42.02759],[-6.56867,42.029],[-6.57165,42.03317],[-6.57186,42.03395],[-6.57661,42.03871],[-6.57753,42.03921],[-6.57896,42.0397],[-6.57967,42.03971],[-6.58191,42.03869],[-6.58304,42.03734],[-6.58377,42.03332],[-6.58579,42.03169],[-6.59087,42.03119],[-6.59323,42.03255],[-6.59419,42.03288],[-6.59487,42.03282],[-6.59827,42.03061],[-6.60108,42.03022],[-6.60198,42.03072],[-6.60277,42.03178],[-6.60345,42.03375],[-6.60345,42.03697],[-6.60783,42.04075],[-6.60852,42.03974]]]}},{"type":"Feature","properties":{"COD_POSTAL":"49630"},"geometry":{"type":"Polygon","coordinates":[[[-5.43154,41.89539],[-5.43541,41.89746],[-5.44101,41.89952],[-5.44446,41.89736],[-5.44693,41.89705],[-5.44812,41.89568],[-5.45037,41.89532],[-5.45132,41.89323],[-5.45209,41.89271],[-5.45322,41.89116],[-5.4548,41.8901],[-5.45836,41.8888],[-5.45829,41.88781],[-5.45961,41.88558],[-5.45626,41.88189],[-5.4583,41.88116],[-5.46208,41.88318],[-5.465,41.88241],[-5.46864,41.87993],[-5.47,41.87965],[-5.46926,41.87808],[-5.46917,41.87734],[-5.46975,41.87633],[-5.471,41.87544],[-5.47261,41.87488],[-5.46857,41.86916],[-5.46533,41.86511],[-5.4633,41.86529],[-5.4632,41.86406],[-5.46473,41.86249],[-5.46102,41.85772],[-5.46137,41.85701],[-5.45978,41.85442],[-5.46165,41.85381],[-5.46259,41.85187],[-5.464,41.84991],[-5.46616,41.84848],[-5.46668,41.84632],[-5.47034,41.8429],[-5.47027,41.83683],[-5.47059,41.83566],[-5.47189,41.83347],[-5.47116,41.83305],[-5.46907,41.83313],[-5.46619,41.83211],[-5.46442,41.83435],[-5.46365,41.83417],[-5.46176,41.83662],[-5.45967,41.83788],[-5.45752,41.83838],[-5.45722,41.83701],[-5.45574,41.83469],[-5.45167,41.83352],[-5.44929,41.83062],[-5.44702,41.82981],[-5.44486,41.82854],[-5.44285,41.82812],[-5.43772,41.82538],[-5.43828,41.82296],[-5.43967,41.81909],[-5.43892,41.81771],[-5.44151,41.81459],[-5.44095,41.81287],[-5.44454,41.80766],[-5.44403,41.8032],[-5.4456,41.80217],[-5.44624,41.80148],[-5.44968,41.80119],[-5.45028,41.80001],[-5.45311,41.79878],[-5.45263,41.79704],[-5.4517,41.79643],[-5.45184,41.79586],[-5.45343,41.79467],[-5.45198,41.79352],[-5.4529,41.79244],[-5.45402,41.79195],[-5.45527,41.79051],[-5.45682,41.7908],[-5.46146,41.78873],[-5.46142,41.78781],[-5.46255,41.78727],[-5.46118,41.78515],[-5.46008,41.78537],[-5.4564,41.7838],[-5.45421,41.78458],[-5.45228,41.78165],[-5.45292,41.7793],[-5.45208,41.77687],[-5.45266,41.77552],[-5.45295,41.77333],[-5.45367,41.7737],[-5.45491,41.77268],[-5.45723,41.77149],[-5.45855,41.77157],[-5.45956,41.77074],[-5.45942,41.76845],[-5.46053,41.76638],[-5.46651,41.75663],[-5.46814,41.75517],[-5.46869,41.75396],[-5.46916,41.7504],[-5.47294,41.73487],[-5.47171,41.73569],[-5.47068,41.73584],[-5.46994,41.73628],[-5.4684,41.73905],[-5.46661,41.74002],[-5.46572,41.74186],[-5.46363,41.74367],[-5.46165,41.74645],[-5.45839,41.74768],[-5.45355,41.75136],[-5.45163,41.75309],[-5.45183,41.75588],[-5.44759,41.76067],[-5.44642,41.76023],[-5.44185,41.75931],[-5.43675,41.7594],[-5.43465,41.75894],[-5.43046,41.76014],[-5.42824,41.75948],[-5.42101,41.76019],[-5.41971,41.75991],[-5.41888,41.7593],[-5.41181,41.75998],[-5.40547,41.76025],[-5.40276,41.75919],[-5.39378,41.75865],[-5.39074,41.75751],[-5.39138,41.76051],[-5.38564,41.76542],[-5.3821,41.76884],[-5.38024,41.76971],[-5.37436,41.77377],[-5.37148,41.77531],[-5.37082,41.77601],[-5.37122,41.7771],[-5.37018,41.77785],[-5.36813,41.77865],[-5.36506,41.77935],[-5.35779,41.78008],[-5.35176,41.78024],[-5.3495,41.78087],[-5.34778,41.7837],[-5.34572,41.78613],[-5.34441,41.78681],[-5.34154,41.78917],[-5.3405,41.78932],[-5.33532,41.7884],[-5.33515,41.78926],[-5.33356,41.78934],[-5.3337,41.79108],[-5.33284,41.79341],[-5.33377,41.7951],[-5.33256,41.79619],[-5.33204,41.80024],[-5.33101,41.80057],[-5.33294,41.80398],[-5.33458,41.80506],[-5.33631,41.80683],[-5.33744,41.80857],[-5.33838,41.81065],[-5.3373,41.81313],[-5.33458,41.8147],[-5.33664,41.82038],[-5.33821,41.82386],[-5.33413,41.82566],[-5.33328,41.829],[-5.33268,41.82971],[-5.34,41.8305],[-5.3415,41.83105],[-5.34133,41.83255],[-5.34278,41.83356],[-5.3456,41.83663],[-5.34914,41.83875],[-5.35133,41.84093],[-5.35539,41.84615],[-5.35732,41.8481],[-5.35707,41.84927],[-5.35836,41.85464],[-5.35945,41.85573],[-5.36077,41.85984],[-5.36239,41.86219],[-5.36394,41.86508],[-5.36567,41.86722],[-5.36752,41.86904],[-5.36882,41.8716],[-5.3696,41.87485],[-5.37133,41.87489],[-5.37762,41.87961],[-5.37838,41.88033],[-5.37882,41.88144],[-5.38043,41.88222],[-5.38184,41.88483],[-5.3845,41.88799],[-5.38541,41.88973],[-5.38621,41.89538],[-5.38719,41.89595],[-5.38981,41.89674],[-5.39195,41.89799],[-5.3963,41.8947],[-5.40191,41.89127],[-5.40369,41.89076],[-5.40808,41.89006],[-5.40953,41.88937],[-5.41124,41.88942],[-5.41312,41.88889],[-5.42935,41.89479],[-5.43154,41.89539]]]}},{"type":"Feature","properties":{"COD_POSTAL":"49347"},"geometry":{"type":"Polygon","coordinates":[[[-6.40449,42.08942],[-6.43706,42.11016],[-6.43738,42.11011],[-6.43739,42.10874],[-6.43758,42.10847],[-6.43927,42.10808],[-6.43958,42.10776],[-6.43952,42.10612],[-6.43998,42.10532],[-6.43852,42.10478],[-6.4357,42.1011],[-6.43337,42.10027],[-6.43113,42.09894],[-6.42961,42.09869],[-6.43082,42.09816],[-6.43369,42.08914],[-6.433,42.08796],[-6.43247,42.08578],[-6.43229,42.08346],[-6.43325,42.07915],[-6.43398,42.0784],[-6.43316,42.07706],[-6.42259,42.07822],[-6.41905,42.07756],[-6.41547,42.07743],[-6.40469,42.07792],[-6.40033,42.07718],[-6.39706,42.07618],[-6.3932,42.07392],[-6.38968,42.07069],[-6.38843,42.06877],[-6.38681,42.06783],[-6.38474,42.0676],[-6.38454,42.06713],[-6.3834,42.06729],[-6.40449,42.08942]]]}},{"type":"Feature","properties":{"COD_POSTAL":"49720"},"geometry":{"type":"Polygon","coordinates":[[[-5.77371,41.40876],[-5.77238,41.40598],[-5.77053,41.39961],[-5.77071,41.39882],[-5.76854,41.39497],[-5.76774,41.39139],[-5.76787,41.38914],[-5.76435,41.38519],[-5.76243,41.38569],[-5.76016,41.38706],[-5.75849,41.38732],[-5.75746,41.38815],[-5.75596,41.3905],[-5.75537,41.39073],[-5.75087,41.39058],[-5.74492,41.38907],[-5.7369,41.39147],[-5.73408,41.39266],[-5.73215,41.3927],[-5.73144,41.39574],[-5.73216,41.39762],[-5.73227,41.39939],[-5.73082,41.40148],[-5.7303,41.40375],[-5.73075,41.40997],[-5.7325,41.41502],[-5.73269,41.41681],[-5.73468,41.42468],[-5.73795,41.42487],[-5.74021,41.42638],[-5.74183,41.4268],[-5.7475,41.42469],[-5.75046,41.42394],[-5.75264,41.42366],[-5.76144,41.42091],[-5.76451,41.41855],[-5.76741,41.41682],[-5.77144,41.41342],[-5.77158,41.41367],[-5.77421,41.40919],[-5.77371,41.40876]]]}},{"type":"Feature","properties":{"COD_POSTAL":"49696"},"geometry":{"type":"MultiPolygon","coordinates":[[[[-5.93222,42.10459],[-5.932,42.10443],[-5.92866,42.10456],[-5.92595,42.10587],[-5.9177,42.10403],[-5.9103,42.10078],[-5.90241,42.09885],[-5.89547,42.09541],[-5.88959,42.09363],[-5.88501,42.0908],[-5.8785,42.09289],[-5.87431,42.1027],[-5.86353,42.10926],[-5.85834,42.11593],[-5.86484,42.1194],[-5.8668,42.12008],[-5.86927,42.12217],[-5.87399,42.12736],[-5.87376,42.12762],[-5.87618,42.13027],[-5.87671,42.1305],[-5.87707,42.13134],[-5.87853,42.13291],[-5.88166,42.13545],[-5.88314,42.13714],[-5.88482,42.13845],[-5.88296,42.14082],[-5.881,42.14532],[-5.88228,42.14614],[-5.89053,42.15003],[-5.89434,42.15268],[-5.89717,42.15537],[-5.89678,42.15552],[-5.89743,42.1561],[-5.90114,42.15059],[-5.90286,42.15005],[-5.90607,42.14393],[-5.90906,42.14251],[-5.9116,42.14059],[-5.91448,42.14036],[-5.92052,42.14037],[-5.92664,42.14072],[-5.93161,42.13941],[-5.93315,42.13978],[-5.93576,42.14119],[-5.94513,42.14232],[-5.94812,42.14192],[-5.9502,42.13882],[-5.95225,42.13501],[-5.95312,42.13206],[-5.95372,42.12831],[-5.95347,42.12368],[-5.93407,42.11627],[-5.92682,42.11403],[-5.9302,42.10958],[-5.93068,42.10869],[-5.93121,42.10605],[-5.93185,42.10536],[-5.93222,42.10459]]],[[[-5.84826,42.07188],[-5.85246,42.06553],[-5.85115,42.06498],[-5.84873,42.06342],[-5.84587,42.06263],[-5.83801,42.05659],[-5.83545,42.05398],[-5.8336,42.05284],[-5.83153,42.05038],[-5.82464,42.05704],[-5.82054,42.05899],[-5.81197,42.06393],[-5.8066,42.06472],[-5.80359,42.06582],[-5.80104,42.06834],[-5.80183,42.06942],[-5.80153,42.07075],[-5.80047,42.07176],[-5.79652,42.07689],[-5.7867,42.08059],[-5.78366,42.08385],[-5.78163,42.09682],[-5.78256,42.0969],[-5.78317,42.09722],[-5.78458,42.09851],[-5.78399,42.09962],[-5.78396,42.1025],[-5.78479,42.10226],[-5.78877,42.10217],[-5.79012,42.1016],[-5.79357,42.09894],[-5.79795,42.09818],[-5.7981,42.09998],[-5.79913,42.1016],[-5.80389,42.09986],[-5.81001,42.09831],[-5.82145,42.09806],[-5.82417,42.09824],[-5.82483,42.09638],[-5.82757,42.09183],[-5.83828,42.08412],[-5.84024,42.08368],[-5.84325,42.08247],[-5.84383,42.08113],[-5.84277,42.07841],[-5.84826,42.07188]]]]}},{"type":"Feature","properties":{"COD_POSTAL":"49166"},"geometry":{"type":"Polygon","coordinates":[[[-6.02497,41.55605],[-6.03198,41.55481],[-6.03471,41.55544],[-6.03715,41.55641],[-6.04036,41.55907],[-6.04466,41.56124],[-6.04929,41.56455],[-6.0522,41.56603],[-6.05525,41.56692],[-6.05608,41.56758],[-6.06245,41.56925],[-6.06689,41.57127],[-6.0703,41.57386],[-6.07288,41.575],[-6.07523,41.57725],[-6.07981,41.57583],[-6.08251,41.57537],[-6.08439,41.57286],[-6.08618,41.57136],[-6.089,41.57028],[-6.08897,41.56951],[-6.0899,41.56924],[-6.09016,41.56866],[-6.09253,41.56736],[-6.09266,41.56665],[-6.09415,41.56683],[-6.09558,41.56616],[-6.09676,41.566],[-6.09835,41.56459],[-6.09887,41.56386],[-6.09916,41.56206],[-6.10126,41.55894],[-6.10521,41.55556],[-6.1069,41.555],[-6.10818,41.55328],[-6.10757,41.55274],[-6.1075,41.55202],[-6.10807,41.5456],[-6.10872,41.54332],[-6.10975,41.53748],[-6.10991,41.5336],[-6.10975,41.52812],[-6.11009,41.5247],[-6.10794,41.52192],[-6.1063,41.52086],[-6.10199,41.52043],[-6.09735,41.51909],[-6.0936,41.52042],[-6.09177,41.52075],[-6.08891,41.52003],[-6.08766,41.51942],[-6.08649,41.51847],[-6.08502,41.517],[-6.08384,41.51529],[-6.08365,41.5135],[-6.0831,41.51244],[-6.08326,41.50977],[-6.08382,41.50743],[-6.08456,41.50596],[-6.08501,41.50422],[-6.08505,41.50167],[-6.08576,41.50021],[-6.08699,41.49876],[-6.09134,41.49499],[-6.09232,41.49333],[-6.09255,41.49187],[-6.09195,41.4907],[-6.09065,41.48933],[-6.08708,41.48799],[-6.08616,41.48819],[-6.08555,41.48923],[-6.08544,41.49048],[-6.08469,41.4923],[-6.08273,41.49386],[-6.08176,41.49427],[-6.08062,41.49429],[-6.07889,41.4932],[-6.07578,41.4897],[-6.07522,41.48871],[-6.07488,41.4874],[-6.07389,41.48565],[-6.07184,41.48322],[-6.06973,41.48177],[-6.06455,41.48002],[-6.0588,41.47567],[-6.0578,41.47572],[-6.0569,41.47614],[-6.05585,41.47727],[-6.05453,41.4793],[-6.05268,41.48101],[-6.05091,41.48528],[-6.05036,41.4861],[-6.04479,41.48822],[-6.03989,41.49058],[-6.03659,41.49122],[-6.03213,41.49091],[-6.02863,41.49034],[-6.02654,41.49101],[-6.02421,41.49376],[-6.02275,41.49475],[-6.01991,41.49537],[-6.01476,41.49576],[-6.01303,41.49559],[-6.01165,41.49507],[-6.00736,41.49298],[-6.00545,41.49145],[-6.00423,41.49104],[-6.00321,41.49138],[-6.0022,41.49213],[-5.99809,41.49607],[-5.99618,41.50024],[-5.99348,41.5042],[-5.99243,41.50537],[-5.99201,41.50643],[-5.99204,41.50921],[-5.99034,41.51148],[-5.98888,41.51512],[-5.99162,41.51551],[-5.99585,41.51514],[-6.00031,41.51614],[-6.00224,41.51846],[-6.00501,41.52251],[-6.01103,41.52585],[-6.01024,41.52745],[-6.01076,41.52803],[-6.01085,41.52882],[-6.01071,41.53263],[-6.0135,41.5359],[-6.01502,41.53715],[-6.0188,41.53947],[-6.01995,41.541],[-6.02076,41.54157],[-6.02088,41.54194],[-6.02054,41.54314],[-6.01912,41.54323],[-6.02049,41.54924],[-6.02097,41.55017],[-6.02237,41.55171],[-6.02301,41.5543],[-6.0241,41.55541],[-6.02497,41.55605]]]}},{"type":"Feature","properties":{"COD_POSTAL":"49722"},"geometry":{"type":"Polygon","coordinates":[[[-5.77421,41.40919],[-5.77158,41.41367],[-5.77215,41.41475],[-5.77351,41.41619],[-5.77441,41.4176],[-5.77644,41.41976],[-5.77634,41.42062],[-5.78961,41.41735],[-5.797,41.41154],[-5.80448,41.41075],[-5.80809,41.40811],[-5.81778,41.40933],[-5.81768,41.409],[-5.81913,41.40712],[-5.82117,41.40609],[-5.82351,41.40269],[-5.82629,41.40148],[-5.82717,41.39982],[-5.82866,41.3995],[-5.83033,41.3973],[-5.83146,41.39515],[-5.82299,41.39449],[-5.8201,41.39547],[-5.81951,41.39531],[-5.81753,41.39379],[-5.81511,41.39264],[-5.81483,41.39188],[-5.81323,41.39102],[-5.8143,41.3903],[-5.81541,41.38839],[-5.81491,41.38767],[-5.81243,41.38716],[-5.81256,41.3861],[-5.81154,41.38441],[-5.81154,41.3828],[-5.81233,41.38052],[-5.81153,41.38038],[-5.81165,41.37875],[-5.81105,41.37776],[-5.80904,41.37806],[-5.80934,41.37856],[-5.80685,41.37894],[-5.80417,41.37863],[-5.80115,41.37869],[-5.79953,41.37834],[-5.79936,41.37782],[-5.79998,41.37712],[-5.80005,41.37671],[-5.79979,41.37539],[-5.80086,41.37516],[-5.80157,41.37461],[-5.80176,41.37432],[-5.80166,41.37323],[-5.79948,41.36986],[-5.7982,41.36972],[-5.79622,41.36826],[-5.79367,41.3677],[-5.79301,41.36845],[-5.78038,41.37299],[-5.77266,41.3781],[-5.77107,41.38091],[-5.76934,41.38285],[-5.76549,41.38489],[-5.76435,41.38519],[-5.76787,41.38914],[-5.76774,41.39139],[-5.76854,41.39497],[-5.77071,41.39882],[-5.77053,41.39961],[-5.77238,41.40598],[-5.77371,41.40876],[-5.77421,41.40919]]]}},{"type":"Feature","properties":{"COD_POSTAL":"49358"},"geometry":{"type":"Polygon","coordinates":[[[-6.62419,42.12172],[-6.60845,42.12598],[-6.59582,42.12238],[-6.59125,42.13],[-6.58683,42.13537],[-6.58551,42.13779],[-6.58509,42.14141],[-6.58478,42.14227],[-6.58215,42.1449],[-6.5818,42.14585],[-6.57994,42.14773],[-6.57853,42.14974],[-6.57638,42.15153],[-6.57441,42.15221],[-6.57465,42.15545],[-6.57936,42.16196],[-6.584,42.16415],[-6.58431,42.16499],[-6.5911,42.17183],[-6.59522,42.17483],[-6.59948,42.17709],[-6.60193,42.17912],[-6.60328,42.18155],[-6.60494,42.18346],[-6.60486,42.1869],[-6.60856,42.19042],[-6.6091,42.19225],[-6.61129,42.19446],[-6.61638,42.19843],[-6.61603,42.1997],[-6.61401,42.20126],[-6.61327,42.20321],[-6.61634,42.20457],[-6.655,42.15679],[-6.65277,42.15492],[-6.65179,42.15448],[-6.64875,42.15162],[-6.64573,42.14664],[-6.64497,42.1465],[-6.64548,42.14591],[-6.64524,42.14494],[-6.64383,42.14434],[-6.64411,42.14333],[-6.64397,42.1418],[-6.64496,42.13959],[-6.63911,42.12995],[-6.63908,42.12352],[-6.635,42.12302],[-6.65178,42.1059],[-6.65424,42.10451],[-6.65338,42.10361],[-6.65155,42.10407],[-6.64955,42.10346],[-6.64727,42.10375],[-6.64538,42.10344],[-6.64469,42.1029],[-6.64448,42.10221],[-6.6446,42.10187],[-6.64539,42.10122],[-6.64535,42.10061],[-6.6451,42.10037],[-6.64308,42.09998],[-6.64238,42.09948],[-6.6419,42.10015],[-6.64229,42.10197],[-6.63709,42.10212],[-6.63248,42.10443],[-6.63142,42.10402],[-6.63051,42.10419],[-6.62643,42.10577],[-6.62602,42.11637],[-6.62419,42.12172]]]}},{"type":"Feature","properties":{"COD_POSTAL":"49650"},"geometry":{"type":"Polygon","coordinates":[[[-5.58683,41.93817],[-5.58004,41.92789],[-5.56298,41.92172],[-5.55363,41.91302],[-5.55529,41.91295],[-5.55326,41.9102],[-5.55041,41.90997],[-5.54946,41.91019],[-5.54782,41.90984],[-5.54011,41.91014],[-5.53675,41.91079],[-5.53524,41.91223],[-5.53292,41.91093],[-5.51689,41.91748],[-5.52101,41.92169],[-5.52216,41.9233],[-5.52356,41.92632],[-5.52677,41.93169],[-5.52701,41.93292],[-5.52901,41.9348],[-5.53096,41.93763],[-5.53422,41.94152],[-5.53406,41.94239],[-5.53644,41.95711],[-5.5352,41.96541],[-5.53759,41.96647],[-5.5483,41.96915],[-5.5522,41.97052],[-5.55408,41.96839],[-5.5554,41.96896],[-5.55926,41.96594],[-5.55846,41.96134],[-5.55904,41.95846],[-5.5703,41.95605],[-5.58033,41.95275],[-5.58478,41.95167],[-5.58672,41.95218],[-5.59145,41.9524],[-5.6069,41.94772],[-5.6067,41.94439],[-5.60779,41.93602],[-5.58683,41.93817]]]}},{"type":"Feature","properties":{"COD_POSTAL":"49840"},"geometry":{"type":"Polygon","coordinates":[[[-5.32251,41.66387],[-5.32334,41.66522],[-5.32391,41.66568],[-5.32347,41.66638],[-5.32375,41.66886],[-5.32435,41.66983],[-5.32371,41.67019],[-5.32402,41.67146],[-5.32601,41.67665],[-5.32726,41.67881],[-5.32735,41.68053],[-5.32818,41.6818],[-5.329,41.6815],[-5.33073,41.6829],[-5.33204,41.68301],[-5.33199,41.68471],[-5.33693,41.68594],[-5.33842,41.6868],[-5.34132,41.69601],[-5.34082,41.69911],[-5.3457,41.70203],[-5.34727,41.70159],[-5.3523,41.70087],[-5.35608,41.69977],[-5.35814,41.69969],[-5.35616,41.71705],[-5.35767,41.71842],[-5.35866,41.71992],[-5.35811,41.72096],[-5.3584,41.7219],[-5.36015,41.72484],[-5.36016,41.72713],[-5.36169,41.72885],[-5.36556,41.72942],[-5.37003,41.72701],[-5.37129,41.72511],[-5.37103,41.72302],[-5.37148,41.72134],[-5.37262,41.72057],[-5.37444,41.72036],[-5.37615,41.71869],[-5.37662,41.71753],[-5.37661,41.71651],[-5.37841,41.71382],[-5.37798,41.71229],[-5.37832,41.71137],[-5.38147,41.70893],[-5.38255,41.7074],[-5.38251,41.70277],[-5.38496,41.69865],[-5.38706,41.69629],[-5.39503,41.68975],[-5.3991,41.68757],[-5.40064,41.68645],[-5.40109,41.68584],[-5.40557,41.6848],[-5.41073,41.68398],[-5.41263,41.68348],[-5.41519,41.6822],[-5.41517,41.68059],[-5.41325,41.67956],[-5.41339,41.67853],[-5.4143,41.67807],[-5.4149,41.67695],[-5.41492,41.67569],[-5.41446,41.67455],[-5.41493,41.67345],[-5.41712,41.67025],[-5.41973,41.66712],[-5.41956,41.66661],[-5.41961,41.6646],[-5.41716,41.66413],[-5.41836,41.66315],[-5.41772,41.66273],[-5.41881,41.66118],[-5.41735,41.66032],[-5.4182,41.65987],[-5.4151,41.65776],[-5.41619,41.65717],[-5.41491,41.65654],[-5.41569,41.65603],[-5.41552,41.65483],[-5.41566,41.65412],[-5.41354,41.6516],[-5.41281,41.65012],[-5.41227,41.64964],[-5.40815,41.64907],[-5.40718,41.64871],[-5.40283,41.64575],[-5.40239,41.64518],[-5.39909,41.64345],[-5.39478,41.64165],[-5.39344,41.64158],[-5.39276,41.64098],[-5.39192,41.64077],[-5.39018,41.63976],[-5.38361,41.63883],[-5.37253,41.64069],[-5.37188,41.64156],[-5.36975,41.64027],[-5.36852,41.64273],[-5.36188,41.64184],[-5.36144,41.64274],[-5.35595,41.64264],[-5.34986,41.64176],[-5.34697,41.64181],[-5.34555,41.64099],[-5.34367,41.64203],[-5.342,41.64085],[-5.33911,41.64162],[-5.33684,41.64182],[-5.33677,41.64261],[-5.33254,41.64341],[-5.32676,41.64564],[-5.32606,41.64627],[-5.32462,41.64836],[-5.32362,41.64913],[-5.3236,41.64934],[-5.32443,41.64963],[-5.32389,41.65092],[-5.32448,41.653],[-5.32462,41.65454],[-5.32368,41.6609],[-5.32276,41.66165],[-5.32236,41.66257],[-5.32251,41.66387]]]}},{"type":"Feature","properties":{"COD_POSTAL":"49833"},"geometry":{"type":"Polygon","coordinates":[[[-5.45351,41.64598],[-5.4544,41.64701],[-5.4549,41.64603],[-5.45732,41.64702],[-5.45897,41.64599],[-5.4603,41.64682],[-5.46057,41.64474],[-5.46464,41.64449],[-5.4653,41.64497],[-5.46616,41.64466],[-5.46837,41.64567],[-5.46885,41.64472],[-5.47094,41.64556],[-5.47127,41.64413],[-5.46988,41.64327],[-5.47092,41.64203],[-5.47833,41.6405],[-5.47937,41.64057],[-5.48072,41.64013],[-5.48288,41.64005],[-5.48479,41.64042],[-5.48806,41.63804],[-5.49011,41.63854],[-5.49336,41.6362],[-5.4986,41.63575],[-5.49867,41.63321],[-5.50222,41.63455],[-5.50469,41.63087],[-5.50684,41.63173],[-5.5095,41.62943],[-5.5113,41.63047],[-5.51338,41.6297],[-5.51396,41.63106],[-5.51754,41.62875],[-5.51567,41.62716],[-5.51354,41.62765],[-5.51197,41.62581],[-5.50815,41.62603],[-5.5089,41.62325],[-5.50645,41.62353],[-5.50657,41.61904],[-5.50425,41.61483],[-5.49947,41.6138],[-5.49922,41.61312],[-5.49951,41.61224],[-5.50259,41.60854],[-5.4986,41.60746],[-5.50003,41.60647],[-5.49853,41.60598],[-5.50139,41.603],[-5.50064,41.60229],[-5.49724,41.60122],[-5.49357,41.59938],[-5.49163,41.59892],[-5.48964,41.60085],[-5.47873,41.60921],[-5.47593,41.61273],[-5.47469,41.61249],[-5.46628,41.61729],[-5.46066,41.61995],[-5.45988,41.62066],[-5.45955,41.62245],[-5.45909,41.62331],[-5.46098,41.62458],[-5.45851,41.62572],[-5.45905,41.62651],[-5.45699,41.62726],[-5.4576,41.62763],[-5.4555,41.6283],[-5.45558,41.6316],[-5.45587,41.63226],[-5.45055,41.636],[-5.44985,41.63542],[-5.44899,41.63648],[-5.44968,41.63681],[-5.44913,41.63731],[-5.44986,41.63776],[-5.45087,41.63919],[-5.45027,41.6422],[-5.45199,41.64366],[-5.45144,41.64471],[-5.45258,41.64497],[-5.45274,41.64563],[-5.45351,41.64598]]]}},{"type":"Feature","properties":{"COD_POSTAL":"49721"},"geometry":{"type":"Polygon","coordinates":[[[-5.76428,41.4585],[-5.7721,41.46167],[-5.77396,41.46003],[-5.77761,41.45439],[-5.77847,41.45241],[-5.77909,41.44902],[-5.77913,41.44754],[-5.77865,41.4464],[-5.77776,41.44009],[-5.77696,41.43621],[-5.77628,41.43475],[-5.77619,41.43395],[-5.77628,41.43269],[-5.77722,41.42932],[-5.77718,41.42826],[-5.77691,41.42774],[-5.77566,41.42647],[-5.77644,41.41976],[-5.77215,41.41475],[-5.77144,41.41342],[-5.76741,41.41682],[-5.76451,41.41855],[-5.76144,41.42091],[-5.75264,41.42366],[-5.75046,41.42394],[-5.7475,41.42469],[-5.74183,41.4268],[-5.74507,41.43005],[-5.74662,41.43228],[-5.74886,41.43715],[-5.75228,41.44573],[-5.75073,41.45126],[-5.75426,41.45469],[-5.75884,41.45627],[-5.76404,41.45852],[-5.76428,41.4585]]]}},{"type":"Feature","properties":{"COD_POSTAL":"49121"},"geometry":{"type":"Polygon","coordinates":[[[-5.66038,41.56162],[-5.66054,41.56216],[-5.66272,41.56436],[-5.66463,41.56675],[-5.6721,41.57107],[-5.67399,41.57162],[-5.67908,41.57192],[-5.68271,41.57146],[-5.68631,41.57253],[-5.6877,41.57329],[-5.69537,41.57567],[-5.69682,41.57668],[-5.69904,41.57758],[-5.70144,41.57895],[-5.70185,41.57985],[-5.70437,41.58123],[-5.70451,41.58195],[-5.706,41.58383],[-5.70649,41.58408],[-5.70978,41.58459],[-5.71048,41.58513],[-5.71132,41.58629],[-5.71201,41.58629],[-5.71274,41.58707],[-5.71472,41.58784],[-5.71573,41.58889],[-5.7176,41.58991],[-5.71862,41.58817],[-5.72355,41.58395],[-5.72675,41.57881],[-5.72817,41.57537],[-5.72848,41.57516],[-5.72994,41.57213],[-5.73016,41.57084],[-5.73094,41.56965],[-5.73116,41.56842],[-5.73103,41.56806],[-5.73172,41.56632],[-5.73254,41.56253],[-5.73402,41.5586],[-5.73425,41.55492],[-5.733,41.55124],[-5.73342,41.54807],[-5.73326,41.54737],[-5.73219,41.54703],[-5.73028,41.54587],[-5.72978,41.54532],[-5.73052,41.54494],[-5.72902,41.54436],[-5.72678,41.54391],[-5.7281,41.54234],[-5.72698,41.54023],[-5.72246,41.53914],[-5.71991,41.53818],[-5.71758,41.53679],[-5.71392,41.53957],[-5.71322,41.54088],[-5.71244,41.54049],[-5.71118,41.54161],[-5.71017,41.54104],[-5.71015,41.54036],[-5.70839,41.53968],[-5.70635,41.53799],[-5.70448,41.53926],[-5.70261,41.53968],[-5.70119,41.54054],[-5.70053,41.53997],[-5.69973,41.5403],[-5.69837,41.53942],[-5.6969,41.54021],[-5.69638,41.54265],[-5.69467,41.54224],[-5.69259,41.54361],[-5.68973,41.54248],[-5.68447,41.54116],[-5.68329,41.54272],[-5.68235,41.54324],[-5.67961,41.54613],[-5.67658,41.54883],[-5.67131,41.55104],[-5.67103,41.55204],[-5.66607,41.55213],[-5.66357,41.55283],[-5.66187,41.55526],[-5.65956,41.55652],[-5.65911,41.55887],[-5.65834,41.56021],[-5.65978,41.56087],[-5.66038,41.56162]]]}},{"type":"Feature","properties":{"COD_POSTAL":"49006"},"geometry":{"type":"Polygon","coordinates":[[[-5.74423,41.50789],[-5.746,41.50823],[-5.74777,41.50684],[-5.74809,41.50643],[-5.74835,41.50532],[-5.74785,41.505],[-5.74491,41.50529],[-5.74362,41.50747],[-5.74381,41.50784],[-5.74423,41.50789]]]}},{"type":"Feature","properties":{"COD_POSTAL":"49125"},"geometry":{"type":"Polygon","coordinates":[[[-5.64513,41.7005],[-5.6514,41.70117],[-5.6529,41.69983],[-5.65444,41.69966],[-5.65582,41.69838],[-5.66307,41.69636],[-5.66288,41.69573],[-5.67195,41.69208],[-5.67421,41.69213],[-5.67456,41.69145],[-5.67583,41.69147],[-5.68027,41.69084],[-5.68042,41.68976],[-5.68157,41.68687],[-5.68399,41.68325],[-5.68612,41.68123],[-5.68903,41.67675],[-5.69024,41.67137],[-5.68975,41.67032],[-5.68564,41.67027],[-5.68063,41.6661],[-5.67712,41.66372],[-5.66531,41.66083],[-5.65403,41.66182],[-5.64603,41.66295],[-5.64199,41.66689],[-5.63437,41.67182],[-5.63419,41.67599],[-5.62851,41.67928],[-5.62718,41.67916],[-5.62754,41.6799],[-5.62493,41.68119],[-5.62524,41.68792],[-5.62297,41.69],[-5.62183,41.69142],[-5.62253,41.69202],[-5.61791,41.69903],[-5.62286,41.69802],[-5.63547,41.69818],[-5.63905,41.6986],[-5.63959,41.69932],[-5.64352,41.69933],[-5.64356,41.70042],[-5.64513,41.7005]]]}},{"type":"Feature","properties":{"COD_POSTAL":"49168"},"geometry":{"type":"Polygon","coordinates":[[[-6.09794,41.64683],[-6.10006,41.64713],[-6.10434,41.64219],[-6.11111,41.6332],[-6.11852,41.61561],[-6.11692,41.61472],[-6.11438,41.61243],[-6.11305,41.61064],[-6.10649,41.60624],[-6.10358,41.6049],[-6.10104,41.60331],[-6.097,41.60125],[-6.09511,41.60011],[-6.0939,41.59902],[-6.08887,41.59608],[-6.08582,41.59481],[-6.084,41.59495],[-6.07947,41.59603],[-6.07433,41.59687],[-6.06507,41.59981],[-6.06401,41.60202],[-6.06274,41.60397],[-6.0627,41.60492],[-6.06365,41.60745],[-6.06304,41.6089],[-6.06065,41.61288],[-6.06042,41.61386],[-6.06073,41.61555],[-6.06044,41.61797],[-6.06092,41.61946],[-6.06169,41.62081],[-6.06405,41.62301],[-6.06485,41.62427],[-6.06516,41.6269],[-6.065,41.63092],[-6.0632,41.63312],[-6.06489,41.63538],[-6.06536,41.63657],[-6.06557,41.63887],[-6.06861,41.64099],[-6.07819,41.64225],[-6.09097,41.64549],[-6.09286,41.64617],[-6.09497,41.64653],[-6.09794,41.64683]]]}},{"type":"Feature","properties":{"COD_POSTAL":"49135"},"geometry":{"type":"Polygon","coordinates":[[[-5.55326,41.9102],[-5.55529,41.91295],[-5.55363,41.91302],[-5.56298,41.92172],[-5.58004,41.92789],[-5.58683,41.93817],[-5.60779,41.93602],[-5.60837,41.93365],[-5.60895,41.93377],[-5.61012,41.93122],[-5.61031,41.92969],[-5.60885,41.92532],[-5.60964,41.92481],[-5.60951,41.92246],[-5.61054,41.92231],[-5.61168,41.92027],[-5.61221,41.9198],[-5.61384,41.92089],[-5.61584,41.91964],[-5.62554,41.91238],[-5.62881,41.91218],[-5.62752,41.90797],[-5.62944,41.90809],[-5.63283,41.90896],[-5.63593,41.9102],[-5.63746,41.91119],[-5.6398,41.91187],[-5.64096,41.91089],[-5.64126,41.90968],[-5.64368,41.90705],[-5.64435,41.90593],[-5.64446,41.90533],[-5.64418,41.905],[-5.64479,41.90453],[-5.64296,41.90328],[-5.64532,41.90229],[-5.64427,41.90132],[-5.63987,41.89827],[-5.6353,41.89669],[-5.61398,41.88189],[-5.59809,41.87741],[-5.59678,41.87915],[-5.59288,41.87662],[-5.58958,41.87577],[-5.58856,41.87584],[-5.58814,41.8777],[-5.58696,41.87933],[-5.58587,41.87904],[-5.58787,41.87577],[-5.58796,41.87402],[-5.5861,41.87358],[-5.58388,41.87223],[-5.58521,41.8697],[-5.58619,41.86207],[-5.58571,41.86048],[-5.58441,41.85885],[-5.58349,41.85886],[-5.57587,41.85643],[-5.57408,41.85616],[-5.57095,41.85616],[-5.55851,41.85437],[-5.55739,41.85377],[-5.5508,41.84817],[-5.54897,41.84701],[-5.54762,41.84486],[-5.54631,41.84384],[-5.54417,41.84099],[-5.54248,41.83728],[-5.53896,41.83539],[-5.53333,41.83168],[-5.52674,41.82773],[-5.52379,41.82919],[-5.52005,41.83399],[-5.52101,41.83411],[-5.54845,41.85764],[-5.52319,41.87605],[-5.51716,41.87994],[-5.51522,41.88146],[-5.52101,41.88521],[-5.52984,41.8904],[-5.52917,41.89173],[-5.5301,41.89239],[-5.53102,41.8923],[-5.53326,41.8953],[-5.53541,41.89726],[-5.53613,41.89913],[-5.53627,41.90043],[-5.53564,41.91198],[-5.53675,41.91079],[-5.54011,41.91014],[-5.54672,41.90985],[-5.54946,41.91019],[-5.55041,41.90997],[-5.5521,41.91002],[-5.55326,41.9102]]]}},{"type":"Feature","properties":{"COD_POSTAL":"49523"},"geometry":{"type":"Polygon","coordinates":[[[-6.33241,41.76227],[-6.32741,41.76572],[-6.32113,41.76902],[-6.31475,41.77387],[-6.3121,41.77558],[-6.30867,41.77706],[-6.30382,41.77998],[-6.29901,41.7835],[-6.29912,41.78953],[-6.2949,41.79214],[-6.29779,41.79702],[-6.29926,41.79848],[-6.29945,41.80037],[-6.30239,41.80302],[-6.30589,41.80692],[-6.30629,41.80811],[-6.30771,41.80925],[-6.31024,41.81089],[-6.31139,41.81135],[-6.31481,41.81167],[-6.32028,41.81394],[-6.32479,41.81496],[-6.33771,41.81109],[-6.35193,41.82069],[-6.35436,41.82337],[-6.35678,41.82665],[-6.39847,41.80602],[-6.39034,41.793],[-6.37415,41.7784],[-6.35303,41.76854],[-6.33239,41.76183],[-6.33241,41.76227]]]}},{"type":"Feature","properties":{"COD_POSTAL":"49450"},"geometry":{"type":"Polygon","coordinates":[[[-5.35739,41.14598],[-5.35699,41.14082],[-5.35516,41.13879],[-5.35491,41.13678],[-5.35345,41.13563],[-5.35268,41.1334],[-5.35167,41.13299],[-5.34903,41.1336],[-5.34771,41.13345],[-5.34648,41.13218],[-5.34317,41.12718],[-5.34079,41.12435],[-5.34077,41.12345],[-5.33673,41.12364],[-5.33255,41.12458],[-5.33111,41.1231],[-5.33028,41.1229],[-5.32879,41.12119],[-5.33185,41.11798],[-5.32965,41.11807],[-5.32895,41.11717],[-5.31605,41.1191],[-5.31275,41.12053],[-5.29786,41.12588],[-5.29633,41.1294],[-5.29294,41.14142],[-5.29241,41.14532],[-5.29195,41.14541],[-5.29219,41.14613],[-5.29059,41.14684],[-5.29205,41.14793],[-5.29192,41.14901],[-5.29307,41.14985],[-5.29151,41.15151],[-5.29252,41.15446],[-5.29429,41.15635],[-5.29508,41.1578],[-5.29754,41.16009],[-5.29861,41.16211],[-5.29862,41.16276],[-5.29842,41.16369],[-5.29761,41.16413],[-5.2969,41.16376],[-5.2966,41.16389],[-5.29526,41.16569],[-5.29444,41.16611],[-5.29359,41.16691],[-5.2917,41.16962],[-5.29221,41.17107],[-5.29141,41.17139],[-5.29227,41.17282],[-5.29101,41.17471],[-5.28985,41.17448],[-5.28949,41.17563],[-5.28796,41.17732],[-5.28926,41.17802],[-5.28951,41.18001],[-5.28854,41.18085],[-5.28874,41.18199],[-5.29272,41.18126],[-5.29698,41.18117],[-5.29813,41.1817],[-5.29799,41.18273],[-5.29948,41.1841],[-5.30029,41.18381],[-5.30115,41.18519],[-5.30174,41.18543],[-5.30739,41.18327],[-5.30844,41.18445],[-5.32698,41.17762],[-5.32981,41.17795],[-5.33027,41.17762],[-5.33135,41.17854],[-5.33746,41.17246],[-5.33534,41.16692],[-5.33283,41.16259],[-5.34292,41.15607],[-5.35336,41.15076],[-5.35154,41.14908],[-5.35435,41.1476],[-5.35739,41.14598]]]}},{"type":"Feature","properties":{"COD_POSTAL":"49751"},"geometry":{"type":"Polygon","coordinates":[[[-5.76819,41.84473],[-5.76937,41.84249],[-5.76902,41.84121],[-5.76744,41.83975],[-5.76363,41.83695],[-5.76138,41.83436],[-5.75761,41.83238],[-5.75496,41.83212],[-5.75347,41.83104],[-5.75025,41.83075],[-5.74254,41.82862],[-5.73877,41.82866],[-5.73951,41.83233],[-5.73898,41.83424],[-5.73738,41.8354],[-5.73544,41.83812],[-5.73287,41.84049],[-5.73263,41.84422],[-5.7316,41.84496],[-5.73179,41.84588],[-5.72972,41.8492],[-5.72921,41.85105],[-5.72802,41.85325],[-5.7278,41.85444],[-5.7249,41.8593],[-5.72463,41.86037],[-5.7248,41.86125],[-5.7263,41.863],[-5.722,41.86756],[-5.72408,41.86929],[-5.72336,41.87121],[-5.72455,41.87169],[-5.72567,41.87269],[-5.72446,41.87453],[-5.72411,41.87578],[-5.72414,41.87687],[-5.72443,41.87765],[-5.72538,41.87818],[-5.72555,41.87935],[-5.72927,41.87942],[-5.73164,41.88033],[-5.72885,41.88284],[-5.72691,41.88338],[-5.72517,41.88273],[-5.72262,41.88429],[-5.7212,41.88626],[-5.7231,41.88723],[-5.72276,41.88801],[-5.72355,41.88846],[-5.72174,41.88938],[-5.72233,41.89006],[-5.72105,41.89118],[-5.72296,41.89373],[-5.721,41.89458],[-5.72298,41.89662],[-5.7206,41.89826],[-5.72571,41.90133],[-5.73058,41.90094],[-5.73468,41.89972],[-5.73642,41.89856],[-5.73542,41.89807],[-5.73442,41.89713],[-5.73335,41.89555],[-5.73329,41.89401],[-5.73465,41.89268],[-5.74044,41.89143],[-5.74305,41.89049],[-5.74509,41.88687],[-5.74849,41.88237],[-5.7575,41.87552],[-5.7615,41.87334],[-5.76568,41.87357],[-5.77019,41.8746],[-5.77392,41.8746],[-5.7758,41.87384],[-5.7792,41.87128],[-5.78477,41.86856],[-5.78529,41.86811],[-5.78636,41.86636],[-5.78377,41.86625],[-5.77922,41.86729],[-5.7785,41.86433],[-5.77819,41.8639],[-5.77546,41.86068],[-5.77382,41.85945],[-5.77251,41.85743],[-5.77058,41.85609],[-5.76877,41.85389],[-5.76752,41.85088],[-5.76737,41.8478],[-5.76819,41.84473]]]}},{"type":"Feature","properties":{"COD_POSTAL":"49232"},"geometry":{"type":"Polygon","coordinates":[[[-6.30134,41.36376],[-6.30192,41.36406],[-6.30123,41.36608],[-6.30095,41.36797],[-6.30091,41.37191],[-6.30304,41.37421],[-6.30601,41.37671],[-6.31409,41.37883],[-6.31733,41.38072],[-6.3183,41.38612],[-6.32085,41.38619],[-6.32485,41.38721],[-6.32604,41.38709],[-6.32935,41.38554],[-6.3319,41.38466],[-6.33354,41.38438],[-6.33469,41.38355],[-6.33769,41.38204],[-6.34319,41.37978],[-6.34481,41.37934],[-6.35423,41.36403],[-6.3572,41.35425],[-6.35183,41.34648],[-6.35147,41.34375],[-6.34676,41.34114],[-6.34311,41.33848],[-6.34105,41.33818],[-6.33954,41.33747],[-6.33879,41.33672],[-6.33702,41.33659],[-6.33627,41.33627],[-6.33108,41.33584],[-6.32911,41.3353],[-6.3273,41.3356],[-6.32578,41.33425],[-6.30134,41.36376]]]}},{"type":"Feature","properties":{"COD_POSTAL":"49820"},"geometry":{"type":"Polygon","coordinates":[[[-5.3782,41.39924],[-5.38434,41.40173],[-5.38763,41.40282],[-5.38853,41.40205],[-5.38983,41.40264],[-5.391,41.40145],[-5.39236,41.40054],[-5.39587,41.40191],[-5.39777,41.40321],[-5.3995,41.40167],[-5.40023,41.40186],[-5.40274,41.39877],[-5.41128,41.403],[-5.41393,41.40337],[-5.42229,41.40312],[-5.42271,41.39608],[-5.42429,41.39272],[-5.4244,41.39169],[-5.42641,41.38986],[-5.42561,41.38788],[-5.4271,41.3861],[-5.43467,41.38098],[-5.43286,41.37789],[-5.43332,41.3731],[-5.42997,41.36816],[-5.43181,41.36565],[-5.43805,41.36127],[-5.42237,41.36035],[-5.418,41.36073],[-5.41171,41.35961],[-5.40473,41.35989],[-5.39606,41.36282],[-5.39369,41.36222],[-5.38831,41.36509],[-5.37906,41.36235],[-5.35479,41.36217],[-5.35331,41.3629],[-5.3408,41.36662],[-5.33349,41.36479],[-5.33348,41.36606],[-5.33462,41.37064],[-5.33414,41.37237],[-5.33408,41.37773],[-5.33331,41.37981],[-5.33304,41.38154],[-5.33741,41.38237],[-5.34059,41.38266],[-5.34263,41.38238],[-5.34917,41.38016],[-5.3555,41.37963],[-5.36246,41.37691],[-5.36404,41.37671],[-5.36575,41.37711],[-5.36778,41.37833],[-5.3684,41.37923],[-5.36908,41.37958],[-5.37056,41.38096],[-5.37202,41.38138],[-5.37508,41.38329],[-5.37806,41.38363],[-5.37832,41.39814],[-5.37864,41.39819],[-5.3782,41.39924]]]}},{"type":"Feature","properties":{"COD_POSTAL":"49670"},"geometry":{"type":"Polygon","coordinates":[[[-5.56108,42.05679],[-5.56146,42.05786],[-5.56396,42.05905],[-5.56484,42.05923],[-5.56976,42.05786],[-5.56985,42.05874],[-5.57351,42.06262],[-5.57467,42.0646],[-5.57673,42.06536],[-5.57772,42.06545],[-5.57944,42.0644],[-5.58017,42.05845],[-5.58377,42.05542],[-5.58506,42.05398],[-5.58661,42.05091],[-5.59568,42.05241],[-5.59692,42.05156],[-5.5978,42.05159],[-5.60089,42.0529],[-5.6042,42.0535],[-5.60559,42.05323],[-5.60608,42.05251],[-5.60605,42.05163],[-5.6054,42.05105],[-5.60221,42.05018],[-5.60153,42.04971],[-5.60094,42.04879],[-5.60053,42.04657],[-5.6015,42.04506],[-5.6026,42.04481],[-5.60682,42.04472],[-5.60825,42.04453],[-5.60939,42.04407],[-5.61093,42.04203],[-5.6116,42.03767],[-5.61199,42.03643],[-5.61373,42.03392],[-5.61456,42.03222],[-5.61434,42.03001],[-5.6128,42.02686],[-5.61266,42.02601],[-5.61317,42.02094],[-5.61149,42.01995],[-5.61318,42.017],[-5.61243,42.01599],[-5.61256,42.01463],[-5.6117,42.01257],[-5.61165,42.01208],[-5.61234,42.01135],[-5.61229,42.00988],[-5.61157,42.00928],[-5.60702,42.01059],[-5.60364,42.00852],[-5.60014,42.00562],[-5.59538,42.00637],[-5.59369,42.00851],[-5.59215,42.00895],[-5.58882,42.00941],[-5.58874,42.00923],[-5.58953,42.00828],[-5.58933,42.00763],[-5.58772,42.00637],[-5.59127,42.00564],[-5.59111,42.00517],[-5.59152,42.00494],[-5.58984,42.00406],[-5.58792,42.00113],[-5.5861,41.99919],[-5.58435,41.99805],[-5.57924,41.9932],[-5.5801,41.99261],[-5.57187,41.98354],[-5.57017,41.98421],[-5.56607,41.97699],[-5.56064,41.97433],[-5.55675,41.96783],[-5.5554,41.96896],[-5.55408,41.96839],[-5.5522,41.97052],[-5.5483,41.96915],[-5.53759,41.96647],[-5.5352,41.96541],[-5.52582,41.96863],[-5.52791,41.97084],[-5.52793,41.97231],[-5.52863,41.97364],[-5.52689,41.97523],[-5.52563,41.97549],[-5.52333,41.97656],[-5.52212,41.97789],[-5.52277,41.97859],[-5.52102,41.97985],[-5.51653,41.98401],[-5.51422,41.98313],[-5.51403,41.98375],[-5.51255,41.9859],[-5.50767,41.99],[-5.50826,41.99166],[-5.50995,41.99242],[-5.51171,41.9938],[-5.51327,41.99632],[-5.51482,41.99679],[-5.52101,42.00676],[-5.52509,42.01207],[-5.52974,42.01594],[-5.53124,42.01538],[-5.53261,42.01583],[-5.53229,42.01684],[-5.53543,42.01913],[-5.5364,42.02239],[-5.53804,42.02482],[-5.54063,42.02719],[-5.54182,42.02953],[-5.53824,42.03069],[-5.53947,42.03182],[-5.54007,42.03153],[-5.54184,42.03215],[-5.54355,42.03318],[-5.54339,42.03431],[-5.54535,42.03607],[-5.54759,42.03633],[-5.54867,42.03597],[-5.5496,42.03511],[-5.54936,42.03374],[-5.54956,42.03273],[-5.5505,42.03158],[-5.55361,42.0316],[-5.55429,42.03144],[-5.55476,42.03088],[-5.55964,42.03017],[-5.5605,42.03094],[-5.56196,42.03144],[-5.56337,42.03348],[-5.56472,42.03641],[-5.56555,42.03974],[-5.5614,42.04461],[-5.56006,42.04726],[-5.55994,42.04888],[-5.56068,42.0502],[-5.56015,42.05403],[-5.5607,42.05597],[-5.56108,42.05679]]]}},{"type":"Feature","properties":{"COD_POSTAL":"49165"},"geometry":{"type":"Polygon","coordinates":[[[-5.98338,41.58363],[-5.98163,41.58663],[-5.98111,41.58882],[-5.98277,41.59126],[-5.98326,41.5925],[-5.98305,41.59601],[-5.9826,41.59717],[-5.98077,41.59945],[-5.97837,41.60182],[-5.97762,41.60396],[-5.97792,41.60603],[-5.97849,41.60665],[-5.97956,41.60951],[-5.98105,41.61177],[-5.98161,41.61224],[-5.98249,41.61252],[-5.98378,41.6116],[-5.98482,41.61044],[-5.98703,41.60694],[-5.98827,41.60577],[-5.98914,41.60545],[-5.9917,41.60588],[-5.9925,41.60635],[-5.99329,41.60741],[-5.99832,41.60849],[-5.99832,41.60978],[-5.99684,41.61205],[-5.99703,41.6129],[-5.99793,41.61352],[-6.00062,41.61637],[-6.00307,41.61795],[-6.00625,41.61958],[-6.0086,41.62039],[-6.02427,41.59285],[-6.01959,41.59287],[-6.01835,41.59056],[-6.01689,41.58955],[-6.01397,41.58923],[-6.01283,41.58938],[-6.01138,41.58847],[-6.00988,41.58835],[-6.00693,41.58557],[-6.00524,41.5855],[-6.00381,41.58599],[-6.00285,41.5823],[-6.00416,41.57968],[-6.00482,41.57669],[-5.99892,41.57403],[-5.99862,41.57197],[-6.00305,41.56606],[-6.00875,41.56508],[-6.01338,41.56282],[-6.01534,41.55997],[-6.02312,41.55672],[-6.0241,41.55541],[-6.02301,41.5543],[-6.02237,41.55171],[-6.02097,41.55017],[-6.02049,41.54924],[-6.01912,41.54323],[-6.02054,41.54314],[-6.02088,41.54194],[-6.02076,41.54157],[-6.01995,41.541],[-6.0188,41.53947],[-6.01502,41.53715],[-6.0135,41.5359],[-6.01071,41.53263],[-6.01085,41.52882],[-6.01076,41.52803],[-6.01024,41.52745],[-6.01103,41.52585],[-6.00501,41.52251],[-6.00224,41.51846],[-6.00031,41.51614],[-5.99585,41.51514],[-5.99162,41.51551],[-5.98888,41.51512],[-5.98672,41.51973],[-5.9877,41.52573],[-5.98564,41.5277],[-5.98288,41.52859],[-5.97826,41.53311],[-5.97767,41.53813],[-5.97895,41.54718],[-5.97753,41.55349],[-5.97632,41.55594],[-5.97162,41.56303],[-5.9686,41.56696],[-5.96885,41.56957],[-5.96944,41.5705],[-5.9753,41.57285],[-5.97938,41.57391],[-5.98153,41.57481],[-5.98311,41.57576],[-5.98404,41.5774],[-5.98418,41.57814],[-5.98419,41.58068],[-5.98348,41.58346],[-5.98338,41.58363]]]}},{"type":"Feature","properties":{"COD_POSTAL":"49325"},"geometry":{"type":"Polygon","coordinates":[[[-6.39014,42.04132],[-6.39494,42.04245],[-6.39593,42.04237],[-6.39903,42.04341],[-6.39941,42.04381],[-6.40251,42.0428],[-6.42633,42.0442],[-6.43339,42.05336],[-6.43128,42.05602],[-6.42765,42.06343],[-6.42816,42.06611],[-6.43227,42.07421],[-6.43316,42.07706],[-6.43398,42.0784],[-6.43325,42.07915],[-6.43229,42.08346],[-6.43247,42.08578],[-6.433,42.08796],[-6.43369,42.08914],[-6.43082,42.09816],[-6.42961,42.09869],[-6.43113,42.09894],[-6.43337,42.10027],[-6.43578,42.10111],[-6.4567,42.06517],[-6.45486,42.05994],[-6.46779,42.05648],[-6.48092,42.06045],[-6.49233,42.06164],[-6.49161,42.06403],[-6.49506,42.06814],[-6.50582,42.05627],[-6.50588,42.0559],[-6.50635,42.0555],[-6.50607,42.05463],[-6.50619,42.05358],[-6.50686,42.05236],[-6.50762,42.05165],[-6.50745,42.04941],[-6.50768,42.04808],[-6.50637,42.04523],[-6.50592,42.04344],[-6.50511,42.04246],[-6.50513,42.04157],[-6.50954,42.03323],[-6.50813,42.02932],[-6.50747,42.02831],[-6.5072,42.0265],[-6.50645,42.0254],[-6.50654,42.02266],[-6.50872,42.01841],[-6.51133,42.01558],[-6.51345,42.01084],[-6.51062,42.01011],[-6.51,42.00955],[-6.50927,42.00748],[-6.50862,42.00681],[-6.50711,42.00633],[-6.50577,42.00637],[-6.50507,42.00654],[-6.5021,42.0083],[-6.50163,42.00937],[-6.50106,42.00985],[-6.49241,42.01182],[-6.49094,42.01199],[-6.48827,42.01161],[-6.48729,42.01134],[-6.48581,42.01026],[-6.48534,42.01011],[-6.48474,42.01026],[-6.4832,42.01237],[-6.48246,42.01398],[-6.48124,42.01536],[-6.47854,42.01566],[-6.47771,42.0168],[-6.47749,42.01772],[-6.47657,42.01848],[-6.47367,42.01929],[-6.47182,42.01911],[-6.47066,42.01922],[-6.46972,42.01959],[-6.46804,42.02144],[-6.46454,42.0202],[-6.46096,42.02027],[-6.45919,42.01957],[-6.45762,42.01838],[-6.45675,42.01729],[-6.45615,42.01292],[-6.45538,42.01121],[-6.45415,42.01009],[-6.45273,42.00967],[-6.45133,42.00971],[-6.44926,42.01017],[-6.4475,42.00987],[-6.44548,42.00914],[-6.44177,42.00676],[-6.43983,42.00443],[-6.43927,42.00325],[-6.43875,42.0008],[-6.44099,41.99943],[-6.44093,41.99829],[-6.43992,41.99789],[-6.43737,41.99812],[-6.43663,41.99838],[-6.4344,42.00061],[-6.42854,42.00183],[-6.42662,42.00094],[-6.42591,42.0002],[-6.42605,41.99895],[-6.42678,41.99728],[-6.42647,41.99655],[-6.42545,41.99643],[-6.42468,41.99675],[-6.42334,41.99783],[-6.42243,41.99803],[-6.42114,41.9978],[-6.42069,41.99744],[-6.42026,41.99618],[-6.41788,41.99458],[-6.41686,41.99452],[-6.41588,41.99467],[-6.41521,41.99595],[-6.41237,41.99634],[-6.41142,41.99575],[-6.41132,41.99515],[-6.41243,41.99262],[-6.41229,41.99182],[-6.41166,41.991],[-6.40993,41.99056],[-6.409,41.9907],[-6.4079,41.99168],[-6.40594,41.99279],[-6.40113,41.99436],[-6.40017,42.00077],[-6.39541,42.02067],[-6.39014,42.04132]]]}},{"type":"Feature","properties":{"COD_POSTAL":"49146"},"geometry":{"type":"Polygon","coordinates":[[[-5.89361,41.75462],[-5.89832,41.75727],[-5.91235,41.76165],[-5.91637,41.76257],[-5.91656,41.76318],[-5.92931,41.76877],[-5.93939,41.77399],[-5.94279,41.77204],[-5.94512,41.76985],[-5.95082,41.76627],[-5.93867,41.71452],[-5.93231,41.71739],[-5.92819,41.71719],[-5.9215,41.72062],[-5.91951,41.72249],[-5.91743,41.72591],[-5.91683,41.72768],[-5.91424,41.72713],[-5.91132,41.72751],[-5.90665,41.72896],[-5.90459,41.73037],[-5.90217,41.73262],[-5.89761,41.73922],[-5.89684,41.74062],[-5.89594,41.74374],[-5.89655,41.747],[-5.89607,41.74836],[-5.89606,41.74925],[-5.89493,41.75013],[-5.89145,41.75404],[-5.89361,41.75462]]]}},{"type":"Feature","properties":{"COD_POSTAL":"49561"},"geometry":{"type":"Polygon","coordinates":[[[-6.36782,41.95543],[-6.37299,41.95431],[-6.37418,41.95375],[-6.37501,41.9523],[-6.37511,41.95094],[-6.37475,41.94766],[-6.37414,41.94489],[-6.37402,41.94088],[-6.37447,41.9336],[-6.37717,41.93296],[-6.37958,41.93351],[-6.38083,41.93355],[-6.38084,41.93395],[-6.38123,41.9342],[-6.38209,41.93434],[-6.38193,41.93467],[-6.38282,41.93491],[-6.38334,41.93456],[-6.38401,41.93456],[-6.38524,41.93564],[-6.38683,41.93616],[-6.3881,41.93705],[-6.38838,41.93675],[-6.34811,41.88904],[-6.34288,41.88702],[-6.31071,41.89587],[-6.31173,41.89628],[-6.31416,41.89614],[-6.31775,41.89645],[-6.32305,41.89779],[-6.32723,41.9],[-6.32753,41.9004],[-6.32705,41.91029],[-6.32737,41.91264],[-6.32603,41.92126],[-6.3255,41.92767],[-6.325,41.92859],[-6.32616,41.93025],[-6.32782,41.93132],[-6.32958,41.93176],[-6.3297,41.93247],[-6.33005,41.93273],[-6.33179,41.93272],[-6.33208,41.93327],[-6.33395,41.93382],[-6.335,41.93372],[-6.33579,41.93396],[-6.33644,41.93448],[-6.33698,41.93456],[-6.33737,41.93534],[-6.33901,41.93356],[-6.33999,41.93288],[-6.34332,41.9342],[-6.34644,41.93607],[-6.35234,41.94026],[-6.35435,41.9428],[-6.35692,41.94508],[-6.35775,41.94668],[-6.35872,41.94786],[-6.36044,41.94891],[-6.36457,41.95259],[-6.36613,41.95371],[-6.36729,41.95543],[-6.36782,41.95543]]]}},{"type":"Feature","properties":{"COD_POSTAL":"49021"},"geometry":{"type":"Polygon","coordinates":[[[-5.72902,41.50721],[-5.72803,41.51188],[-5.72743,41.51271],[-5.72855,41.51216],[-5.72835,41.51328],[-5.72921,41.51382],[-5.72984,41.51345],[-5.72955,41.51312],[-5.72974,41.51302],[-5.73,41.51335],[-5.73032,41.51317],[-5.73041,41.51331],[-5.7294,41.51401],[-5.72949,41.51429],[-5.73023,41.51392],[-5.73037,41.51338],[-5.73054,41.51358],[-5.73197,41.51274],[-5.7317,41.51253],[-5.73293,41.51173],[-5.73217,41.51073],[-5.73227,41.51057],[-5.73174,41.51013],[-5.72865,41.51203],[-5.73364,41.50857],[-5.73201,41.50974],[-5.73135,41.50949],[-5.73105,41.50975],[-5.72945,41.50828],[-5.73001,41.50779],[-5.72917,41.50699],[-5.72902,41.50721]]]}},{"type":"Feature","properties":{"COD_POSTAL":"49128"},"geometry":{"type":"Polygon","coordinates":[[[-5.56825,41.78174],[-5.56736,41.77728],[-5.56728,41.77474],[-5.56396,41.77393],[-5.56292,41.77316],[-5.56145,41.77252],[-5.55936,41.77198],[-5.55642,41.77008],[-5.55413,41.76978],[-5.55277,41.76922],[-5.55174,41.7685],[-5.54201,41.76396],[-5.5336,41.75906],[-5.52645,41.75551],[-5.52287,41.75203],[-5.52103,41.74944],[-5.51978,41.74819],[-5.51823,41.74684],[-5.51674,41.74595],[-5.5168,41.74435],[-5.51473,41.7428],[-5.51203,41.74199],[-5.50985,41.73993],[-5.50571,41.73891],[-5.50458,41.7382],[-5.50429,41.736],[-5.50548,41.73461],[-5.50695,41.72893],[-5.50819,41.7261],[-5.5073,41.7243],[-5.50297,41.71776],[-5.49654,41.71968],[-5.49014,41.71885],[-5.48711,41.71889],[-5.48644,41.72081],[-5.4856,41.72174],[-5.48361,41.72262],[-5.48298,41.72393],[-5.48198,41.72425],[-5.47877,41.72783],[-5.47713,41.73036],[-5.47475,41.73229],[-5.47414,41.73351],[-5.47294,41.73487],[-5.46916,41.7504],[-5.46869,41.75396],[-5.46814,41.75517],[-5.46651,41.75663],[-5.45942,41.76845],[-5.48653,41.78551],[-5.51671,41.79426],[-5.53471,41.79581],[-5.55602,41.79863],[-5.55675,41.79736],[-5.56208,41.79188],[-5.56409,41.79122],[-5.56884,41.78702],[-5.56862,41.78294],[-5.56825,41.78174]]]}},{"type":"Feature","properties":{"COD_POSTAL":"49144"},"geometry":{"type":"Polygon","coordinates":[[[-5.73345,41.73419],[-5.7351,41.7359],[-5.73614,41.73664],[-5.74412,41.74051],[-5.78164,41.7068],[-5.78479,41.70517],[-5.78874,41.7039],[-5.78946,41.70492],[-5.7925,41.70571],[-5.7985,41.7059],[-5.80431,41.70471],[-5.80473,41.7031],[-5.80748,41.69941],[-5.8091,41.69858],[-5.81047,41.6986],[-5.81136,41.69909],[-5.81214,41.70037],[-5.81133,41.70374],[-5.81169,41.70614],[-5.8129,41.70883],[-5.81419,41.71075],[-5.81531,41.7117],[-5.81752,41.71266],[-5.81893,41.71285],[-5.82079,41.71249],[-5.82268,41.71148],[-5.82502,41.70981],[-5.82623,41.70935],[-5.82733,41.70917],[-5.83252,41.70937],[-5.83383,41.70893],[-5.83464,41.70837],[-5.83575,41.70722],[-5.83653,41.70576],[-5.83766,41.70041],[-5.83737,41.6965],[-5.83811,41.69575],[-5.83964,41.69544],[-5.84153,41.69592],[-5.84654,41.69898],[-5.85083,41.70024],[-5.85245,41.70054],[-5.85436,41.70037],[-5.85702,41.69963],[-5.85786,41.69905],[-5.85871,41.69761],[-5.85955,41.69409],[-5.85978,41.69084],[-5.86031,41.69011],[-5.85836,41.6885],[-5.85788,41.68604],[-5.85544,41.68506],[-5.84987,41.68377],[-5.84238,41.6825],[-5.8357,41.68081],[-5.82976,41.68162],[-5.82606,41.6809],[-5.82122,41.68054],[-5.81393,41.68067],[-5.81089,41.68024],[-5.80868,41.68094],[-5.79902,41.68141],[-5.79475,41.68041],[-5.79297,41.68033],[-5.79109,41.67951],[-5.78698,41.67861],[-5.78063,41.67809],[-5.77964,41.67587],[-5.77611,41.66957],[-5.77588,41.66818],[-5.77621,41.66372],[-5.77595,41.66253],[-5.7755,41.66219],[-5.77409,41.66296],[-5.77296,41.66419],[-5.77159,41.66513],[-5.76608,41.66651],[-5.76562,41.66731],[-5.76289,41.66818],[-5.76466,41.66818],[-5.7656,41.66931],[-5.76641,41.66915],[-5.76622,41.67028],[-5.76478,41.67117],[-5.76578,41.67276],[-5.76161,41.67664],[-5.76108,41.67739],[-5.76194,41.67797],[-5.76109,41.67878],[-5.76171,41.67932],[-5.76239,41.68214],[-5.75711,41.68629],[-5.75451,41.68761],[-5.74804,41.69004],[-5.74612,41.69165],[-5.74184,41.69361],[-5.74045,41.6938],[-5.73602,41.69673],[-5.73643,41.70143],[-5.73912,41.71285],[-5.73504,41.71492],[-5.72352,41.72214],[-5.72255,41.72309],[-5.72194,41.7247],[-5.72168,41.72784],[-5.72444,41.73013],[-5.72854,41.73236],[-5.72955,41.73337],[-5.73164,41.73349],[-5.73345,41.73419]]]}}]}