{"type":"FeatureCollection","features":[{"type":"Feature","properties":{"COD_POSTAL":"50408"},"geometry":{"type":"Polygon","coordinates":[[[-1.33942,41.31164],[-1.33847,41.30891],[-1.33862,41.3082],[-1.33619,41.30423],[-1.33612,41.30347],[-1.33648,41.30205],[-1.33551,41.30082],[-1.33344,41.29911],[-1.33257,41.29953],[-1.32689,41.2988],[-1.3241,41.30035],[-1.32311,41.30044],[-1.32179,41.29989],[-1.32014,41.30035],[-1.31963,41.30098],[-1.31947,41.30197],[-1.31821,41.30279],[-1.31663,41.30371],[-1.3142,41.30396],[-1.31384,41.30477],[-1.31358,41.30634],[-1.31219,41.30703],[-1.31133,41.30857],[-1.30935,41.31088],[-1.30785,41.31089],[-1.30598,41.31213],[-1.30556,41.31307],[-1.30395,41.31299],[-1.30323,41.31319],[-1.30058,41.31529],[-1.29722,41.3157],[-1.29647,41.31606],[-1.29542,41.31708],[-1.29281,41.31678],[-1.29229,41.31643],[-1.29176,41.31491],[-1.28506,41.31315],[-1.2803,41.31338],[-1.27549,41.31394],[-1.26895,41.31413],[-1.2643,41.31701],[-1.26056,41.32009],[-1.25708,41.32063],[-1.25602,41.32698],[-1.25255,41.33523],[-1.25328,41.3391],[-1.25132,41.34495],[-1.24952,41.34717],[-1.24477,41.35202],[-1.24265,41.35379],[-1.2419,41.35898],[-1.24117,41.36228],[-1.24244,41.36346],[-1.24373,41.3657],[-1.24625,41.36789],[-1.24713,41.3699],[-1.24865,41.37543],[-1.25078,41.38057],[-1.25976,41.37944],[-1.26438,41.37393],[-1.26481,41.37244],[-1.26847,41.37092],[-1.26854,41.37011],[-1.26951,41.36956],[-1.26939,41.36787],[-1.27038,41.36728],[-1.27288,41.36487],[-1.27562,41.36302],[-1.27974,41.36155],[-1.28213,41.36013],[-1.29051,41.35803],[-1.29228,41.35738],[-1.29279,41.35644],[-1.2949,41.35545],[-1.3004,41.34923],[-1.30355,41.34733],[-1.30628,41.34518],[-1.31276,41.34196],[-1.31358,41.34128],[-1.31382,41.34077],[-1.31381,41.33979],[-1.31361,41.33953],[-1.31429,41.33901],[-1.31815,41.33797],[-1.32011,41.33817],[-1.32252,41.33656],[-1.32547,41.33682],[-1.32734,41.33588],[-1.32942,41.33432],[-1.3296,41.33353],[-1.33034,41.33309],[-1.33411,41.33314],[-1.33724,41.33253],[-1.34126,41.33279],[-1.34314,41.33332],[-1.34391,41.33306],[-1.34471,41.33167],[-1.34485,41.33068],[-1.34213,41.328],[-1.34179,41.32573],[-1.34118,41.32417],[-1.3417,41.32273],[-1.34166,41.32162],[-1.33958,41.31768],[-1.34034,41.31631],[-1.34052,41.31311],[-1.33993,41.3124],[-1.33942,41.31164]]]}},{"type":"Feature","properties":{"COD_POSTAL":"50376"},"geometry":{"type":"Polygon","coordinates":[[[-1.62093,41.12562],[-1.63137,41.12271],[-1.64433,41.11773],[-1.64695,41.11765],[-1.64875,41.11707],[-1.65115,41.11748],[-1.65421,41.11756],[-1.65517,41.11663],[-1.69129,41.10425],[-1.71727,41.09802],[-1.72002,41.09431],[-1.71891,41.09296],[-1.71615,41.09132],[-1.7092,41.08867],[-1.7046,41.08859],[-1.69635,41.08916],[-1.69376,41.08973],[-1.69287,41.08785],[-1.6862,41.08265],[-1.68029,41.07955],[-1.6734,41.07682],[-1.67082,41.07649],[-1.67019,41.07619],[-1.65993,41.06909],[-1.64791,41.06191],[-1.642,41.05904],[-1.63257,41.05466],[-1.62844,41.05386],[-1.62591,41.05403],[-1.62136,41.05381],[-1.61836,41.05315],[-1.61748,41.05368],[-1.61077,41.06103],[-1.60847,41.06324],[-1.60592,41.06633],[-1.60234,41.06928],[-1.59926,41.07243],[-1.59409,41.08103],[-1.59259,41.08271],[-1.58917,41.08422],[-1.58086,41.08645],[-1.57883,41.08737],[-1.57602,41.08913],[-1.57213,41.09203],[-1.56544,41.09374],[-1.55221,41.09943],[-1.55947,41.10879],[-1.56021,41.11026],[-1.56063,41.11229],[-1.56337,41.11391],[-1.56601,41.11408],[-1.56585,41.11612],[-1.56625,41.11667],[-1.56852,41.11712],[-1.57519,41.11635],[-1.57726,41.11677],[-1.58059,41.11695],[-1.58632,41.11683],[-1.58766,41.11916],[-1.58934,41.12032],[-1.59089,41.11986],[-1.5956,41.11913],[-1.60034,41.11885],[-1.60494,41.12171],[-1.605,41.12239],[-1.60558,41.12253],[-1.60652,41.12478],[-1.60801,41.12531],[-1.60919,41.12626],[-1.60982,41.12714],[-1.60988,41.12827],[-1.61038,41.12899],[-1.61096,41.12934],[-1.6124,41.12848],[-1.6154,41.12804],[-1.61776,41.12937],[-1.6191,41.12775],[-1.61877,41.12624],[-1.61917,41.12601],[-1.62093,41.12562]]]}},{"type":"Feature","properties":{"COD_POSTAL":"50512"},"geometry":{"type":"Polygon","coordinates":[[[-1.77325,41.88518],[-1.77239,41.88478],[-1.771,41.88463],[-1.76692,41.88496],[-1.76599,41.8855],[-1.7647,41.88662],[-1.76527,41.88705],[-1.76483,41.8885],[-1.76225,41.89041],[-1.76106,41.89192],[-1.76058,41.8935],[-1.76215,41.89495],[-1.75946,41.89687],[-1.75674,41.89845],[-1.76105,41.89992],[-1.76387,41.90205],[-1.7637,41.90336],[-1.76568,41.9041],[-1.76668,41.90637],[-1.76771,41.90676],[-1.77123,41.90574],[-1.77546,41.90523],[-1.77544,41.90452],[-1.77383,41.90285],[-1.77643,41.9009],[-1.77881,41.90042],[-1.77904,41.89899],[-1.77651,41.89442],[-1.77246,41.89075],[-1.77341,41.89073],[-1.77246,41.89075],[-1.77374,41.88961],[-1.77336,41.88842],[-1.77346,41.88813],[-1.77536,41.88705],[-1.77402,41.88573],[-1.77325,41.88518]]]}},{"type":"Feature","properties":{"COD_POSTAL":"50246"},"geometry":{"type":"Polygon","coordinates":[[[-1.61661,41.52495],[-1.61611,41.52304],[-1.61532,41.52152],[-1.61553,41.51958],[-1.61651,41.51828],[-1.61503,41.51771],[-1.6136,41.51643],[-1.61658,41.51449],[-1.61903,41.51359],[-1.61974,41.51309],[-1.62116,41.51285],[-1.62236,41.51091],[-1.62393,41.50989],[-1.62325,41.50894],[-1.62034,41.50843],[-1.61735,41.5065],[-1.59186,41.51127],[-1.58913,41.50975],[-1.58515,41.51013],[-1.57984,41.50742],[-1.57873,41.5082],[-1.57617,41.50935],[-1.57428,41.50991],[-1.57417,41.51285],[-1.57538,41.51354],[-1.57551,41.51723],[-1.57453,41.51793],[-1.57278,41.51835],[-1.57147,41.51941],[-1.56763,41.52115],[-1.56672,41.52093],[-1.56665,41.5236],[-1.56434,41.52674],[-1.56629,41.5295],[-1.56578,41.53044],[-1.56699,41.53104],[-1.57196,41.53227],[-1.57367,41.53436],[-1.57522,41.53497],[-1.57769,41.53804],[-1.57876,41.53974],[-1.58275,41.54138],[-1.5856,41.54289],[-1.58887,41.544],[-1.59215,41.54419],[-1.5971,41.54549],[-1.59991,41.54469],[-1.60387,41.54432],[-1.60394,41.54293],[-1.60579,41.54144],[-1.60673,41.53966],[-1.60857,41.53883],[-1.61171,41.53478],[-1.61225,41.5338],[-1.61311,41.53003],[-1.6132,41.52785],[-1.61569,41.52696],[-1.61678,41.52706],[-1.61815,41.52559],[-1.61661,41.52495]]]}},{"type":"Feature","properties":{"COD_POSTAL":"50614"},"geometry":{"type":"Polygon","coordinates":[[[-0.75872,42.14696],[-0.75813,42.1475],[-0.75606,42.14833],[-0.75538,42.15256],[-0.75496,42.15376],[-0.7488,42.15451],[-0.74766,42.15525],[-0.74739,42.15592],[-0.74752,42.15727],[-0.74812,42.15861],[-0.74897,42.15954],[-0.75327,42.16078],[-0.75566,42.16192],[-0.75678,42.1636],[-0.75717,42.16553],[-0.75821,42.1679],[-0.75913,42.16892],[-0.7598,42.17023],[-0.75955,42.17109],[-0.75916,42.17146],[-0.7577,42.17199],[-0.75659,42.1721],[-0.75306,42.17184],[-0.75206,42.17226],[-0.75162,42.17293],[-0.75161,42.17337],[-0.75266,42.17499],[-0.75425,42.17584],[-0.75895,42.17736],[-0.75976,42.17786],[-0.7599,42.17867],[-0.75939,42.1794],[-0.75577,42.18134],[-0.75366,42.18313],[-0.75268,42.18734],[-0.75258,42.18891],[-0.75402,42.1923],[-0.75402,42.19443],[-0.75375,42.19544],[-0.75287,42.19698],[-0.75087,42.19874],[-0.75047,42.19941],[-0.75049,42.20057],[-0.7513,42.20169],[-0.75192,42.20205],[-0.75385,42.20258],[-0.75664,42.20295],[-0.75761,42.20336],[-0.75835,42.20396],[-0.75943,42.20576],[-0.76075,42.21243],[-0.76152,42.21446],[-0.76154,42.21586],[-0.76084,42.21936],[-0.76052,42.22283],[-0.76074,42.22491],[-0.76213,42.22919],[-0.76213,42.23065],[-0.76192,42.23134],[-0.7644,42.23004],[-0.76832,42.22984],[-0.77863,42.22868],[-0.78293,42.22846],[-0.78611,42.22911],[-0.79378,42.22929],[-0.79517,42.22734],[-0.79549,42.2265],[-0.79372,42.22445],[-0.80232,42.21941],[-0.809,42.21366],[-0.81097,42.2132],[-0.81181,42.21254],[-0.81251,42.21105],[-0.81647,42.20921],[-0.82112,42.20747],[-0.82246,42.20722],[-0.82229,42.20405],[-0.81998,42.20518],[-0.81648,42.20574],[-0.81034,42.20546],[-0.80548,42.20661],[-0.80301,42.20482],[-0.79939,42.19993],[-0.7972,42.1984],[-0.79587,42.19662],[-0.79487,42.19571],[-0.79148,42.19389],[-0.79038,42.19276],[-0.78821,42.19116],[-0.78591,42.18801],[-0.78547,42.18639],[-0.78394,42.18468],[-0.78295,42.18298],[-0.78184,42.17985],[-0.78189,42.1787],[-0.78145,42.17768],[-0.77842,42.17463],[-0.77706,42.16975],[-0.77677,42.16764],[-0.77782,42.16756],[-0.77998,42.16796],[-0.78109,42.16784],[-0.78495,42.16681],[-0.78848,42.16457],[-0.79035,42.16442],[-0.79204,42.16676],[-0.79533,42.17237],[-0.79495,42.1748],[-0.79391,42.17882],[-0.79558,42.18001],[-0.80313,42.18314],[-0.80953,42.18434],[-0.81742,42.18667],[-0.81883,42.18689],[-0.8183,42.18553],[-0.81955,42.18355],[-0.81561,42.17803],[-0.8153,42.17711],[-0.81493,42.17282],[-0.8139,42.17192],[-0.81442,42.16849],[-0.81556,42.16675],[-0.81592,42.16427],[-0.81559,42.15919],[-0.8156,42.15632],[-0.81593,42.15535],[-0.81543,42.15366],[-0.80352,42.15423],[-0.79773,42.15181],[-0.78935,42.1498],[-0.78459,42.14957],[-0.78252,42.14923],[-0.77805,42.147],[-0.78227,42.14465],[-0.78398,42.14341],[-0.78647,42.14117],[-0.78878,42.13806],[-0.7874,42.13762],[-0.78511,42.1378],[-0.77949,42.13706],[-0.77026,42.13514],[-0.7532,42.13372],[-0.75274,42.13401],[-0.75533,42.13672],[-0.75578,42.13774],[-0.75649,42.1427],[-0.75704,42.14392],[-0.75854,42.14536],[-0.7587,42.14616],[-0.75872,42.14696]]]}},{"type":"Feature","properties":{"COD_POSTAL":"50582"},"geometry":{"type":"Polygon","coordinates":[[[-1.79645,41.79044],[-1.79584,41.79219],[-1.79585,41.79354],[-1.79496,41.79588],[-1.79253,41.79828],[-1.78823,41.79929],[-1.78226,41.79947],[-1.78009,41.79695],[-1.77888,41.79644],[-1.77418,41.7965],[-1.77029,41.79396],[-1.77112,41.78813],[-1.77142,41.78743],[-1.77394,41.78592],[-1.77146,41.78635],[-1.76572,41.78671],[-1.76456,41.787],[-1.75982,41.78885],[-1.75769,41.79065],[-1.75612,41.79085],[-1.75483,41.79173],[-1.7477,41.79045],[-1.73544,41.79118],[-1.73453,41.7926],[-1.73685,41.79418],[-1.73685,41.79553],[-1.73805,41.796],[-1.74021,41.7959],[-1.74223,41.79715],[-1.74304,41.79782],[-1.74272,41.79959],[-1.73705,41.80356],[-1.73613,41.80397],[-1.73325,41.80444],[-1.72988,41.80623],[-1.73145,41.80846],[-1.73262,41.80963],[-1.73361,41.81238],[-1.73516,41.81492],[-1.73579,41.81798],[-1.7413,41.82703],[-1.75157,41.82321],[-1.75569,41.82376],[-1.75833,41.82595],[-1.77209,41.81987],[-1.77323,41.8214],[-1.79396,41.80646],[-1.80006,41.80524],[-1.80184,41.80354],[-1.80118,41.8018],[-1.80132,41.80121],[-1.80068,41.79939],[-1.80025,41.79861],[-1.7991,41.79781],[-1.79788,41.7962],[-1.79743,41.7892],[-1.79645,41.79044]]]}},{"type":"Feature","properties":{"COD_POSTAL":"50786"},"geometry":{"type":"Polygon","coordinates":[[[-0.28291,41.43171],[-0.2861,41.43363],[-0.28749,41.43504],[-0.29132,41.43656],[-0.294,41.43858],[-0.29747,41.44034],[-0.302,41.44153],[-0.30468,41.44315],[-0.31581,41.44791],[-0.31889,41.44862],[-0.32241,41.45022],[-0.32508,41.45059],[-0.33202,41.45372],[-0.33407,41.45547],[-0.34591,41.46222],[-0.34817,41.464],[-0.35962,41.46888],[-0.36664,41.47305],[-0.37282,41.47373],[-0.38213,41.46767],[-0.38439,41.46577],[-0.38724,41.46415],[-0.3897,41.45993],[-0.3943,41.45568],[-0.39708,41.45433],[-0.40254,41.45231],[-0.40996,41.45073],[-0.416,41.45004],[-0.42233,41.45054],[-0.42883,41.45064],[-0.43147,41.45028],[-0.44715,41.4466],[-0.45338,41.44614],[-0.46711,41.4456],[-0.46905,41.44329],[-0.47089,41.44292],[-0.47024,41.44119],[-0.46989,41.43739],[-0.46984,41.43572],[-0.47004,41.43524],[-0.47147,41.43451],[-0.47385,41.43424],[-0.47449,41.43391],[-0.47542,41.43291],[-0.47528,41.42762],[-0.47551,41.42519],[-0.47527,41.42449],[-0.47368,41.42218],[-0.47315,41.41985],[-0.47307,41.41733],[-0.4721,41.41476],[-0.47193,41.41365],[-0.47198,41.41082],[-0.47229,41.40978],[-0.47405,41.40736],[-0.47766,41.40338],[-0.47785,41.40237],[-0.47615,41.3997],[-0.47202,41.39455],[-0.46758,41.39132],[-0.46287,41.38637],[-0.45991,41.38488],[-0.4551,41.38391],[-0.45211,41.38272],[-0.44852,41.38083],[-0.44751,41.37975],[-0.44463,41.3804],[-0.44221,41.37966],[-0.44019,41.38108],[-0.44111,41.38286],[-0.44178,41.38617],[-0.44111,41.38873],[-0.43852,41.39218],[-0.43656,41.39374],[-0.42908,41.39715],[-0.42214,41.39964],[-0.41209,41.40472],[-0.411,41.40547],[-0.40984,41.40545],[-0.40658,41.40676],[-0.40528,41.4083],[-0.40393,41.40873],[-0.40286,41.40866],[-0.39348,41.41223],[-0.3868,41.41715],[-0.38346,41.41924],[-0.3796,41.42031],[-0.37771,41.42202],[-0.37511,41.42349],[-0.36932,41.42415],[-0.3579,41.42599],[-0.35184,41.42626],[-0.34572,41.42578],[-0.34455,41.42589],[-0.34314,41.4261],[-0.33774,41.42784],[-0.33562,41.42814],[-0.32098,41.42816],[-0.31736,41.4288],[-0.31235,41.42626],[-0.30828,41.42459],[-0.30363,41.42293],[-0.29692,41.42107],[-0.29524,41.42175],[-0.29315,41.42309],[-0.28927,41.42465],[-0.28593,41.42792],[-0.28167,41.43124],[-0.28291,41.43171]]]}},{"type":"Feature","properties":{"COD_POSTAL":"50400"},"geometry":{"type":"Polygon","coordinates":[[[-1.23602,41.30458],[-1.2345,41.30374],[-1.23008,41.29981],[-1.22234,41.30124],[-1.2156,41.30338],[-1.21009,41.30413],[-1.20635,41.30365],[-1.19515,41.30336],[-1.18935,41.30414],[-1.18751,41.30413],[-1.17396,41.30609],[-1.1708,41.30926],[-1.16683,41.31005],[-1.16241,41.30726],[-1.15833,41.31144],[-1.15739,41.31288],[-1.15649,41.3165],[-1.15343,41.32326],[-1.14571,41.32844],[-1.14525,41.32989],[-1.14559,41.33281],[-1.14488,41.33827],[-1.14463,41.34427],[-1.145,41.34592],[-1.14581,41.3475],[-1.14708,41.34917],[-1.15795,41.35844],[-1.15938,41.36034],[-1.16378,41.36391],[-1.16697,41.36613],[-1.17459,41.37066],[-1.1778,41.37348],[-1.17882,41.37514],[-1.1857,41.38148],[-1.18856,41.38311],[-1.1948,41.38727],[-1.19813,41.38864],[-1.19959,41.38983],[-1.2009,41.39189],[-1.20125,41.39522],[-1.20203,41.39767],[-1.2041,41.40089],[-1.20508,41.40382],[-1.20487,41.40492],[-1.20249,41.4093],[-1.2043,41.41006],[-1.20578,41.41001],[-1.21163,41.41202],[-1.21479,41.41276],[-1.21678,41.41304],[-1.22049,41.41291],[-1.22346,41.41324],[-1.22911,41.41327],[-1.23229,41.41408],[-1.23512,41.41447],[-1.2376,41.41415],[-1.24606,41.41075],[-1.25171,41.41009],[-1.25335,41.40354],[-1.25405,41.40263],[-1.25499,41.40011],[-1.25221,41.39866],[-1.25333,41.3961],[-1.25347,41.39413],[-1.25343,41.39162],[-1.25245,41.38424],[-1.24865,41.37543],[-1.24713,41.3699],[-1.24625,41.36789],[-1.24373,41.3657],[-1.24244,41.36346],[-1.24117,41.36228],[-1.2419,41.35898],[-1.24265,41.35379],[-1.24477,41.35202],[-1.24952,41.34717],[-1.25132,41.34495],[-1.25328,41.3391],[-1.25255,41.33523],[-1.25602,41.32698],[-1.25691,41.3208],[-1.26056,41.32009],[-1.2643,41.31701],[-1.26895,41.31413],[-1.26528,41.30923],[-1.26123,41.31022],[-1.25716,41.30775],[-1.25548,41.30713],[-1.25067,41.30723],[-1.24853,41.30792],[-1.24482,41.30833],[-1.23954,41.30651],[-1.23691,41.30508],[-1.23602,41.30458]]]}},{"type":"Feature","properties":{"COD_POSTAL":"50210"},"geometry":{"type":"Polygon","coordinates":[[[-1.76199,41.1792],[-1.76077,41.17845],[-1.75794,41.17597],[-1.75936,41.17771],[-1.76028,41.18209],[-1.76147,41.18395],[-1.76126,41.18634],[-1.75955,41.18947],[-1.75612,41.18952],[-1.7532,41.1911],[-1.75129,41.19123],[-1.74876,41.19003],[-1.74722,41.18963],[-1.74192,41.19284],[-1.7403,41.1941],[-1.74035,41.19479],[-1.7385,41.19564],[-1.73952,41.19658],[-1.73986,41.19804],[-1.73737,41.19966],[-1.7343,41.20099],[-1.73255,41.20321],[-1.73237,41.20389],[-1.73038,41.20542],[-1.72765,41.21034],[-1.7267,41.21426],[-1.72719,41.21499],[-1.72994,41.21826],[-1.73436,41.21956],[-1.73602,41.22161],[-1.73716,41.22178],[-1.73961,41.22265],[-1.73984,41.2242],[-1.74128,41.2264],[-1.74194,41.22796],[-1.75065,41.23273],[-1.75419,41.23545],[-1.75986,41.2372],[-1.76229,41.23702],[-1.76397,41.23659],[-1.76543,41.23464],[-1.76863,41.2338],[-1.76967,41.23422],[-1.77132,41.23395],[-1.77197,41.23447],[-1.77678,41.23591],[-1.77777,41.23573],[-1.77945,41.23456],[-1.78051,41.23418],[-1.78201,41.2341],[-1.78873,41.23505],[-1.79292,41.23616],[-1.7949,41.23616],[-1.80294,41.23728],[-1.80364,41.2371],[-1.80656,41.23357],[-1.80896,41.23267],[-1.80973,41.23217],[-1.81065,41.23086],[-1.81181,41.2303],[-1.81228,41.22889],[-1.81111,41.22537],[-1.80362,41.22389],[-1.80295,41.22339],[-1.805,41.21684],[-1.80441,41.21531],[-1.80469,41.21298],[-1.80498,41.21219],[-1.80764,41.2096],[-1.81024,41.20339],[-1.80952,41.20114],[-1.80826,41.19959],[-1.81047,41.19485],[-1.80988,41.19198],[-1.81078,41.18999],[-1.78537,41.1856],[-1.76306,41.17928],[-1.76199,41.1792]]]}},{"type":"Feature","properties":{"COD_POSTAL":"50174"},"geometry":{"type":"Polygon","coordinates":[[[-0.60605,41.58653],[-0.60541,41.58575],[-0.6057,41.58481],[-0.60548,41.58343],[-0.60463,41.58208],[-0.60457,41.58107],[-0.60716,41.57994],[-0.60751,41.57914],[-0.60898,41.57839],[-0.60869,41.57795],[-0.6098,41.57643],[-0.61061,41.57626],[-0.61125,41.57529],[-0.61184,41.57526],[-0.61255,41.57474],[-0.61444,41.5758],[-0.6164,41.57554],[-0.61717,41.57585],[-0.61787,41.57541],[-0.61865,41.57534],[-0.62004,41.57396],[-0.62373,41.5722],[-0.62703,41.56917],[-0.6295,41.5661],[-0.63147,41.56719],[-0.63423,41.57045],[-0.6368,41.57211],[-0.64082,41.57375],[-0.64832,41.57747],[-0.6504,41.57888],[-0.65064,41.58045],[-0.65194,41.58145],[-0.65392,41.58209],[-0.65996,41.5855],[-0.66371,41.587],[-0.6677,41.58906],[-0.66971,41.58627],[-0.67204,41.58186],[-0.67173,41.57989],[-0.67189,41.57801],[-0.67252,41.57604],[-0.67358,41.57412],[-0.67397,41.57177],[-0.67353,41.57107],[-0.67332,41.56977],[-0.673,41.56921],[-0.66996,41.56642],[-0.66927,41.56546],[-0.67133,41.56545],[-0.67304,41.56414],[-0.67787,41.56551],[-0.6809,41.56388],[-0.68287,41.56388],[-0.68429,41.55905],[-0.68457,41.55734],[-0.68403,41.5568],[-0.67807,41.55362],[-0.67665,41.55319],[-0.6758,41.55365],[-0.67306,41.55768],[-0.67053,41.55875],[-0.66892,41.55911],[-0.66786,41.55903],[-0.66201,41.55663],[-0.65784,41.55579],[-0.65464,41.55639],[-0.65245,41.5575],[-0.64998,41.55915],[-0.64157,41.55478],[-0.64057,41.55205],[-0.64296,41.54826],[-0.64318,41.54726],[-0.64187,41.54536],[-0.64042,41.54492],[-0.639,41.5453],[-0.63743,41.54614],[-0.63699,41.54739],[-0.63378,41.55076],[-0.63225,41.5514],[-0.63112,41.55265],[-0.63241,41.55411],[-0.63063,41.55433],[-0.62799,41.55564],[-0.62677,41.55654],[-0.63342,41.56042],[-0.62955,41.56318],[-0.62913,41.56365],[-0.62867,41.5652],[-0.62123,41.56117],[-0.6156,41.55896],[-0.60831,41.55341],[-0.60348,41.55163],[-0.59792,41.55028],[-0.59014,41.54614],[-0.58744,41.5443],[-0.57882,41.5363],[-0.56735,41.53214],[-0.56201,41.53628],[-0.55079,41.54155],[-0.54598,41.54423],[-0.54368,41.54783],[-0.541,41.55059],[-0.52526,41.56514],[-0.5221,41.56935],[-0.52146,41.57113],[-0.51998,41.57243],[-0.51958,41.57312],[-0.51867,41.57646],[-0.51867,41.57832],[-0.51818,41.58021],[-0.51673,41.58422],[-0.51536,41.58618],[-0.51532,41.59146],[-0.51386,41.59462],[-0.51267,41.59833],[-0.50985,41.60257],[-0.50887,41.60649],[-0.51097,41.60923],[-0.51509,41.61256],[-0.51666,41.61285],[-0.52369,41.61537],[-0.52791,41.615],[-0.53353,41.61607],[-0.54649,41.61939],[-0.54929,41.61928],[-0.55377,41.61579],[-0.55476,41.61388],[-0.55598,41.6125],[-0.55768,41.61203],[-0.55995,41.61247],[-0.5636,41.61028],[-0.56197,41.60702],[-0.56349,41.60429],[-0.56596,41.60279],[-0.56973,41.60101],[-0.57155,41.60054],[-0.57792,41.60036],[-0.58101,41.59962],[-0.58595,41.59331],[-0.58673,41.59369],[-0.58817,41.59304],[-0.60075,41.5945],[-0.6022,41.59305],[-0.6014,41.59177],[-0.6023,41.59049],[-0.60669,41.59114],[-0.6043,41.58827],[-0.60507,41.58744],[-0.60605,41.58653]]]}},{"type":"Feature","properties":{"COD_POSTAL":"50011"},"geometry":{"type":"Polygon","coordinates":[[[-0.93502,41.64485],[-0.93261,41.64517],[-0.92863,41.64514],[-0.927,41.64537],[-0.92659,41.64486],[-0.92521,41.64517],[-0.92187,41.64786],[-0.91903,41.64944],[-0.9182,41.65025],[-0.91915,41.65122],[-0.92159,41.65751],[-0.92194,41.65823],[-0.92222,41.65831],[-0.92205,41.65859],[-0.91916,41.65867],[-0.90862,41.65557],[-0.90791,41.65714],[-0.90529,41.65645],[-0.9036,41.6563],[-0.90329,41.65814],[-0.90776,41.65927],[-0.92024,41.66414],[-0.92163,41.66493],[-0.93113,41.67225],[-0.92644,41.67728],[-0.92316,41.67984],[-0.91831,41.68133],[-0.91489,41.68182],[-0.91113,41.68176],[-0.91202,41.68892],[-0.91127,41.69556],[-0.90577,41.70354],[-0.89917,41.70603],[-0.88682,41.70866],[-0.8867,41.71619],[-0.90376,41.74636],[-0.92142,41.72314],[-0.92416,41.72087],[-0.92558,41.7149],[-0.9255,41.71012],[-0.93341,41.6965],[-0.96377,41.68673],[-0.98166,41.69547],[-0.98236,41.69958],[-0.98392,41.69832],[-0.98523,41.69593],[-0.98744,41.6941],[-0.98264,41.68745],[-0.97971,41.68495],[-0.97037,41.68062],[-0.97102,41.67154],[-0.97316,41.6509],[-0.96539,41.64752],[-0.9698,41.64398],[-0.97284,41.64202],[-0.97256,41.63466],[-0.95767,41.63784],[-0.95469,41.64046],[-0.94455,41.6416],[-0.94005,41.64321],[-0.93502,41.64485]]]}},{"type":"Feature","properties":{"COD_POSTAL":"50296"},"geometry":{"type":"Polygon","coordinates":[[[-1.28044,41.6485],[-1.27957,41.64815],[-1.27288,41.64917],[-1.27119,41.64889],[-1.26438,41.65109],[-1.26065,41.65118],[-1.25675,41.64784],[-1.25156,41.64092],[-1.24711,41.63432],[-1.24383,41.63257],[-1.22856,41.62616],[-1.2195,41.62334],[-1.21465,41.62213],[-1.20992,41.62118],[-1.20946,41.62127],[-1.19774,41.62908],[-1.18751,41.63633],[-1.18416,41.63917],[-1.18023,41.64297],[-1.17612,41.64548],[-1.17249,41.64806],[-1.16952,41.65092],[-1.16754,41.65211],[-1.16612,41.65351],[-1.15892,41.65915],[-1.15823,41.66123],[-1.15842,41.6623],[-1.15812,41.66528],[-1.15876,41.67004],[-1.15932,41.67158],[-1.15915,41.67306],[-1.15936,41.67312],[-1.15892,41.67409],[-1.15927,41.6743],[-1.1565,41.67849],[-1.15548,41.68099],[-1.15409,41.68295],[-1.15345,41.68427],[-1.15227,41.68586],[-1.15011,41.68778],[-1.14888,41.68965],[-1.15412,41.69067],[-1.15941,41.68978],[-1.16352,41.68999],[-1.17484,41.69304],[-1.18048,41.69539],[-1.18918,41.69803],[-1.1912,41.69929],[-1.19525,41.70303],[-1.19691,41.70389],[-1.19758,41.70367],[-1.19759,41.70668],[-1.1979,41.70791],[-1.1986,41.7078],[-1.1982,41.70662],[-1.19845,41.70632],[-1.1984,41.70552],[-1.19915,41.70496],[-1.20012,41.70498],[-1.20167,41.70415],[-1.20361,41.70358],[-1.20465,41.70359],[-1.20544,41.70404],[-1.20546,41.70495],[-1.20487,41.70516],[-1.20427,41.70639],[-1.20464,41.70671],[-1.20487,41.70682],[-1.20542,41.70615],[-1.20673,41.70605],[-1.20768,41.7064],[-1.20875,41.70751],[-1.21158,41.7074],[-1.21247,41.70675],[-1.21478,41.7061],[-1.21559,41.70547],[-1.21593,41.70569],[-1.21493,41.70669],[-1.21272,41.70799],[-1.21541,41.70897],[-1.22002,41.71018],[-1.23828,41.71397],[-1.24955,41.71595],[-1.25297,41.71748],[-1.25877,41.72108],[-1.26486,41.7214],[-1.26877,41.72122],[-1.27648,41.71654],[-1.28143,41.71449],[-1.28222,41.71451],[-1.28368,41.71393],[-1.28555,41.71289],[-1.29069,41.70848],[-1.29455,41.70706],[-1.29876,41.7086],[-1.30328,41.71244],[-1.31051,41.71769],[-1.30994,41.71446],[-1.30713,41.70837],[-1.30784,41.70486],[-1.30929,41.69355],[-1.30777,41.69141],[-1.3048,41.6888],[-1.30177,41.68348],[-1.29306,41.67429],[-1.28029,41.66685],[-1.2735,41.66119],[-1.276,41.65822],[-1.27909,41.6539],[-1.27936,41.65319],[-1.27799,41.65244],[-1.27811,41.65179],[-1.27861,41.6508],[-1.28045,41.6485],[-1.28044,41.6485]]]}},{"type":"Feature","properties":{"COD_POSTAL":"50679"},"geometry":{"type":"MultiPolygon","coordinates":[[[[-1.26063,42.30077],[-1.25961,42.30052],[-1.25816,42.29825],[-1.25833,42.29764],[-1.25759,42.29707],[-1.25753,42.29446],[-1.2566,42.29314],[-1.25727,42.29104],[-1.25023,42.28968],[-1.24593,42.29051],[-1.24145,42.29457],[-1.2408,42.29483],[-1.23597,42.29518],[-1.23491,42.29602],[-1.23215,42.29753],[-1.23149,42.29751],[-1.2305,42.29843],[-1.23039,42.29882],[-1.2306,42.29956],[-1.23139,42.30045],[-1.2314,42.30215],[-1.23171,42.30267],[-1.23234,42.30333],[-1.23434,42.30452],[-1.23502,42.30528],[-1.23612,42.30565],[-1.23761,42.30746],[-1.23813,42.30879],[-1.23894,42.30897],[-1.2409,42.3089],[-1.24273,42.30791],[-1.24315,42.30795],[-1.24521,42.30926],[-1.24877,42.30974],[-1.24982,42.30942],[-1.254,42.30564],[-1.25487,42.30608],[-1.2569,42.30644],[-1.25843,42.30605],[-1.25936,42.30549],[-1.26187,42.30231],[-1.26196,42.30088],[-1.26063,42.30077]]],[[[-1.3418,42.33989],[-1.34305,42.34228],[-1.35232,42.33922],[-1.35886,42.33321],[-1.3752,42.31536],[-1.37985,42.30914],[-1.38062,42.30764],[-1.38113,42.30727],[-1.38123,42.30658],[-1.38309,42.30402],[-1.38544,42.30238],[-1.38739,42.29964],[-1.38931,42.29838],[-1.39029,42.29811],[-1.39587,42.2944],[-1.39716,42.29351],[-1.39771,42.29261],[-1.39844,42.29213],[-1.39814,42.2915],[-1.39906,42.29091],[-1.39858,42.29025],[-1.3964,42.28866],[-1.39618,42.28801],[-1.39629,42.28753],[-1.39593,42.28682],[-1.39537,42.28604],[-1.39445,42.28542],[-1.39389,42.28278],[-1.39229,42.28079],[-1.39061,42.27966],[-1.38994,42.27891],[-1.3892,42.27674],[-1.39118,42.27338],[-1.39138,42.27207],[-1.39287,42.27147],[-1.3956,42.26908],[-1.39545,42.2684],[-1.39438,42.26725],[-1.3941,42.2647],[-1.39558,42.26273],[-1.39594,42.26254],[-1.39612,42.26178],[-1.39845,42.2589],[-1.39938,42.25727],[-1.39932,42.25578],[-1.39858,42.25343],[-1.3987,42.25115],[-1.39838,42.24888],[-1.39891,42.24701],[-1.40054,42.24393],[-1.40062,42.24328],[-1.40316,42.23991],[-1.40462,42.23651],[-1.40815,42.2312],[-1.4099,42.228],[-1.41269,42.22567],[-1.41527,42.22396],[-1.416,42.22297],[-1.41629,42.22092],[-1.41745,42.21698],[-1.41754,42.21248],[-1.41695,42.20971],[-1.41557,42.20819],[-1.41499,42.2055],[-1.41332,42.20224],[-1.40564,42.20505],[-1.38819,42.21219],[-1.36924,42.21633],[-1.34672,42.22295],[-1.33232,42.2262],[-1.31945,42.22611],[-1.30961,42.22702],[-1.30165,42.22734],[-1.29617,42.22574],[-1.29163,42.24877],[-1.29765,42.28043],[-1.29132,42.30577],[-1.29155,42.32502],[-1.29329,42.32533],[-1.29477,42.32438],[-1.29608,42.32478],[-1.30081,42.32419],[-1.30662,42.32405],[-1.30908,42.32425],[-1.30976,42.324],[-1.31137,42.32394],[-1.317,42.32572],[-1.32317,42.32723],[-1.33157,42.33351],[-1.34128,42.33981],[-1.3418,42.33989]]]]}},{"type":"Feature","properties":{"COD_POSTAL":"50227"},"geometry":{"type":"Polygon","coordinates":[[[-1.96047,41.17991],[-1.96196,41.18595],[-1.96123,41.18711],[-1.96166,41.1879],[-1.96186,41.18946],[-1.96155,41.19366],[-1.96194,41.19769],[-1.95031,41.21211],[-1.94864,41.21455],[-1.95127,41.21725],[-1.95817,41.21524],[-1.9612,41.21391],[-1.96328,41.21373],[-1.97142,41.21193],[-1.9755,41.21221],[-1.97884,41.21298],[-1.99062,41.21453],[-1.99728,41.21469],[-1.99913,41.21495],[-1.99941,41.21436],[-2.00099,41.21301],[-2.0025,41.21271],[-2.00438,41.21159],[-2.00494,41.20921],[-2.00717,41.2059],[-2.00847,41.20508],[-2.01158,41.20138],[-2.01177,41.20076],[-2.01241,41.2002],[-2.01495,41.19331],[-2.01604,41.19153],[-2.01841,41.19068],[-2.0209,41.19095],[-2.02417,41.19074],[-2.02481,41.19029],[-2.0271,41.19015],[-2.02985,41.18881],[-2.03072,41.18867],[-2.03209,41.18746],[-2.03392,41.18638],[-2.0416,41.18471],[-2.04461,41.18305],[-2.04791,41.18063],[-2.05103,41.17925],[-2.05747,41.17714],[-2.06067,41.17657],[-2.06282,41.17692],[-2.0649,41.17693],[-2.07915,41.17412],[-2.0799,41.17098],[-2.07734,41.16313],[-2.05169,41.14685],[-2.05168,41.14714],[-2.04762,41.15265],[-2.0384,41.15508],[-2.02946,41.15627],[-2.01567,41.15686],[-2.00843,41.15644],[-1.98843,41.16087],[-1.9878,41.16114],[-1.98281,41.16506],[-1.97762,41.16686],[-1.96979,41.16913],[-1.96633,41.16956],[-1.96212,41.17133],[-1.96315,41.17796],[-1.96047,41.17991]]]}},{"type":"Feature","properties":{"COD_POSTAL":"50016"},"geometry":{"type":"Polygon","coordinates":[[[-0.81516,41.67842],[-0.81907,41.67781],[-0.82609,41.67521],[-0.82761,41.67487],[-0.82991,41.67526],[-0.83029,41.67493],[-0.8438,41.67707],[-0.8426,41.67121],[-0.84242,41.67073],[-0.84168,41.6707],[-0.84237,41.66787],[-0.84051,41.66793],[-0.83785,41.66615],[-0.83416,41.66631],[-0.82592,41.66478],[-0.8221,41.66372],[-0.81871,41.66188],[-0.81192,41.6596],[-0.80597,41.65895],[-0.80186,41.65721],[-0.79604,41.6527],[-0.79042,41.64925],[-0.78771,41.6483],[-0.78509,41.64669],[-0.77647,41.64334],[-0.77274,41.64262],[-0.76673,41.64688],[-0.76668,41.64768],[-0.76577,41.64835],[-0.76502,41.64857],[-0.76771,41.65234],[-0.77074,41.6547],[-0.77728,41.65709],[-0.78031,41.65846],[-0.78258,41.65899],[-0.79677,41.66381],[-0.80019,41.66447],[-0.80058,41.66469],[-0.80055,41.66531],[-0.80199,41.66523],[-0.80305,41.66678],[-0.80764,41.6697],[-0.80738,41.67095],[-0.80772,41.67142],[-0.80786,41.6726],[-0.80889,41.673],[-0.80876,41.67341],[-0.80933,41.67578],[-0.80925,41.67812],[-0.80947,41.67838],[-0.81516,41.67842]]]}},{"type":"Feature","properties":{"COD_POSTAL":"50310"},"geometry":{"type":"Polygon","coordinates":[[[-1.8304,41.46482],[-1.83066,41.46399],[-1.8292,41.46116],[-1.82874,41.46039],[-1.82607,41.45842],[-1.8256,41.45747],[-1.82489,41.45481],[-1.82404,41.4531],[-1.8234,41.45254],[-1.82317,41.45155],[-1.82205,41.45066],[-1.82137,41.44918],[-1.81874,41.44792],[-1.81717,41.44631],[-1.81631,41.44612],[-1.813,41.44438],[-1.81041,41.4437],[-1.80951,41.44318],[-1.80912,41.4425],[-1.80913,41.44093],[-1.80863,41.44001],[-1.80728,41.43858],[-1.8053,41.43715],[-1.8051,41.43682],[-1.80524,41.4355],[-1.80471,41.43439],[-1.80387,41.4334],[-1.80097,41.43345],[-1.79855,41.43224],[-1.79621,41.4318],[-1.79283,41.43025],[-1.79116,41.42996],[-1.78975,41.42996],[-1.78899,41.43012],[-1.78773,41.43091],[-1.78593,41.43087],[-1.78293,41.43172],[-1.7788,41.43129],[-1.77716,41.43134],[-1.77473,41.43094],[-1.76909,41.43151],[-1.76761,41.43199],[-1.76479,41.43199],[-1.76151,41.43162],[-1.75715,41.43222],[-1.75539,41.43426],[-1.75632,41.43755],[-1.75618,41.43853],[-1.75508,41.44151],[-1.75415,41.44322],[-1.75322,41.44424],[-1.75127,41.44857],[-1.75076,41.4491],[-1.74927,41.44985],[-1.74871,41.45116],[-1.74713,41.45231],[-1.74733,41.45549],[-1.7447,41.45724],[-1.74365,41.45829],[-1.74377,41.46087],[-1.74264,41.46207],[-1.74267,41.46311],[-1.74207,41.46495],[-1.74227,41.46597],[-1.74203,41.46703],[-1.7427,41.47101],[-1.74332,41.4722],[-1.74349,41.47397],[-1.74409,41.4757],[-1.7439,41.4769],[-1.73817,41.48959],[-1.73621,41.49324],[-1.73625,41.49516],[-1.73669,41.49642],[-1.73648,41.49878],[-1.73418,41.5002],[-1.72988,41.5022],[-1.72903,41.50439],[-1.72977,41.50594],[-1.73031,41.51005],[-1.72918,41.51088],[-1.72792,41.51105],[-1.72714,41.51171],[-1.72698,41.51709],[-1.72296,41.52053],[-1.72287,41.52694],[-1.72738,41.52944],[-1.73048,41.52898],[-1.731,41.52932],[-1.73352,41.53217],[-1.73378,41.53313],[-1.73329,41.53534],[-1.73509,41.53913],[-1.73533,41.5403],[-1.73714,41.54169],[-1.73996,41.54122],[-1.74809,41.54489],[-1.74916,41.5441],[-1.75087,41.54457],[-1.7536,41.54455],[-1.75428,41.54475],[-1.75727,41.54601],[-1.75937,41.54763],[-1.76271,41.5492],[-1.76548,41.54909],[-1.76647,41.54818],[-1.77013,41.54703],[-1.77453,41.54495],[-1.77439,41.54325],[-1.77733,41.54241],[-1.78284,41.53972],[-1.78511,41.53932],[-1.78804,41.53933],[-1.79432,41.53997],[-1.79747,41.5394],[-1.79977,41.53988],[-1.80425,41.53762],[-1.80537,41.53683],[-1.80604,41.53563],[-1.80698,41.53464],[-1.80849,41.53395],[-1.81044,41.53218],[-1.81363,41.53033],[-1.81463,41.52926],[-1.81976,41.52551],[-1.82473,41.52259],[-1.82808,41.52012],[-1.83677,41.5145],[-1.8386,41.51305],[-1.84244,41.51143],[-1.84609,41.508],[-1.84736,41.50712],[-1.85013,41.50575],[-1.8523,41.50542],[-1.8529,41.50509],[-1.85044,41.50136],[-1.84998,41.5001],[-1.84798,41.49749],[-1.84765,41.49604],[-1.84716,41.49502],[-1.84416,41.4908],[-1.84136,41.48796],[-1.84189,41.4868],[-1.84175,41.48639],[-1.84006,41.48457],[-1.83705,41.48216],[-1.83545,41.47925],[-1.83377,41.47741],[-1.8331,41.47452],[-1.83093,41.47043],[-1.82959,41.46872],[-1.82907,41.46624],[-1.82929,41.46585],[-1.8304,41.46482]]]}},{"type":"Feature","properties":{"COD_POSTAL":"50155"},"geometry":{"type":"Polygon","coordinates":[[[-1.05648,41.32787],[-1.05718,41.31306],[-1.05825,41.30975],[-1.06242,41.29909],[-1.08333,41.29628],[-1.08525,41.29529],[-1.08617,41.29421],[-1.07253,41.28647],[-1.06915,41.28128],[-1.07092,41.27781],[-1.07193,41.27707],[-1.07247,41.27619],[-1.07385,41.2733],[-1.07405,41.27219],[-1.07303,41.27056],[-1.07535,41.26855],[-1.07284,41.26021],[-1.05098,41.25428],[-1.03098,41.25604],[-1.02596,41.25755],[-0.9982,41.26487],[-0.9935,41.26551],[-0.9626,41.279],[-0.95535,41.28359],[-0.94995,41.30541],[-0.9456,41.30587],[-0.949,41.31531],[-0.94902,41.31591],[-0.97545,41.32211],[-0.97627,41.32222],[-0.97812,41.32047],[-0.98291,41.31506],[-1.02184,41.31566],[-1.03708,41.3156],[-1.04313,41.32445],[-1.05641,41.32932],[-1.05683,41.32964],[-1.05675,41.32877],[-1.05648,41.32787]]]}},{"type":"Feature","properties":{"COD_POSTAL":"50334"},"geometry":{"type":"Polygon","coordinates":[[[-1.49567,41.37467],[-1.4956,41.37507],[-1.49495,41.37565],[-1.49463,41.37661],[-1.49611,41.37556],[-1.50179,41.37239],[-1.50373,41.37141],[-1.50514,41.37112],[-1.50743,41.36923],[-1.50989,41.36823],[-1.51314,41.36607],[-1.51463,41.36543],[-1.51737,41.36527],[-1.52241,41.36295],[-1.52449,41.36324],[-1.52554,41.36392],[-1.52652,41.36402],[-1.53865,41.36116],[-1.54302,41.35966],[-1.55087,41.35899],[-1.55109,41.35677],[-1.54851,41.35574],[-1.54619,41.35327],[-1.54498,41.34973],[-1.54497,41.34635],[-1.5423,41.34515],[-1.53596,41.33939],[-1.53314,41.33936],[-1.52901,41.33821],[-1.52533,41.33868],[-1.52272,41.34158],[-1.51923,41.34309],[-1.51819,41.34472],[-1.51535,41.34689],[-1.51364,41.34615],[-1.51231,41.34693],[-1.51198,41.34762],[-1.51201,41.34893],[-1.51142,41.34964],[-1.50766,41.3507],[-1.50559,41.35183],[-1.49301,41.35138],[-1.49191,41.35164],[-1.48966,41.35151],[-1.48868,41.35179],[-1.48502,41.35374],[-1.48091,41.35452],[-1.47917,41.35556],[-1.47932,41.35824],[-1.48043,41.35989],[-1.48085,41.36154],[-1.48495,41.36505],[-1.48739,41.36645],[-1.49323,41.36871],[-1.49597,41.37204],[-1.49562,41.37406],[-1.49567,41.37467]]]}},{"type":"Feature","properties":{"COD_POSTAL":"50375"},"geometry":{"type":"Polygon","coordinates":[[[-1.7433,41.11535],[-1.74405,41.11305],[-1.7439,41.11218],[-1.74432,41.10917],[-1.74661,41.10481],[-1.74655,41.10369],[-1.74569,41.10165],[-1.74186,41.09627],[-1.74049,41.09488],[-1.73949,41.09347],[-1.73874,41.09095],[-1.73812,41.09028],[-1.73832,41.08838],[-1.73696,41.08604],[-1.73605,41.08513],[-1.73497,41.0845],[-1.73502,41.08335],[-1.73395,41.08199],[-1.73247,41.08395],[-1.73076,41.08494],[-1.72911,41.08626],[-1.72894,41.08689],[-1.72725,41.08785],[-1.72628,41.09047],[-1.72478,41.09192],[-1.72377,41.09381],[-1.72243,41.09371],[-1.72002,41.09431],[-1.71727,41.09802],[-1.69129,41.10425],[-1.65517,41.11663],[-1.65421,41.11756],[-1.65115,41.11748],[-1.64875,41.11707],[-1.64695,41.11765],[-1.64433,41.11773],[-1.63137,41.12271],[-1.62507,41.1246],[-1.62396,41.12469],[-1.61917,41.12601],[-1.61877,41.12624],[-1.6191,41.12775],[-1.61776,41.12937],[-1.61822,41.13008],[-1.62105,41.13007],[-1.62262,41.1314],[-1.62293,41.13189],[-1.62336,41.13444],[-1.62475,41.13578],[-1.62704,41.13926],[-1.62744,41.14079],[-1.62903,41.14252],[-1.62964,41.14611],[-1.632,41.14833],[-1.63257,41.14849],[-1.63385,41.14819],[-1.63459,41.14854],[-1.63558,41.14861],[-1.63946,41.15229],[-1.6412,41.15517],[-1.64056,41.15593],[-1.64119,41.15756],[-1.63939,41.16036],[-1.64001,41.16094],[-1.64329,41.16225],[-1.64588,41.1627],[-1.64955,41.16442],[-1.65432,41.16563],[-1.65678,41.16686],[-1.65703,41.16748],[-1.66042,41.16992],[-1.6621,41.17047],[-1.66656,41.1697],[-1.67376,41.17054],[-1.67868,41.17729],[-1.68144,41.17828],[-1.6837,41.17997],[-1.68516,41.17803],[-1.68562,41.17776],[-1.69284,41.17607],[-1.71204,41.16675],[-1.72556,41.16051],[-1.7319,41.15039],[-1.74309,41.14019],[-1.74298,41.13598],[-1.7436,41.13494],[-1.74718,41.13229],[-1.74558,41.12522],[-1.74354,41.12215],[-1.74288,41.12063],[-1.74257,41.11932],[-1.74291,41.11688],[-1.7433,41.11535]]]}},{"type":"Feature","properties":{"COD_POSTAL":"50782"},"geometry":{"type":"Polygon","coordinates":[[[-0.37177,41.32894],[-0.3692,41.32862],[-0.36638,41.32929],[-0.36508,41.33159],[-0.36285,41.3342],[-0.36185,41.33623],[-0.36106,41.33978],[-0.36117,41.34273],[-0.36215,41.34615],[-0.36401,41.34785],[-0.3671,41.34965],[-0.36862,41.35018],[-0.37094,41.35067],[-0.37321,41.35077],[-0.37548,41.35044],[-0.3772,41.3498],[-0.37723,41.34783],[-0.37642,41.34504],[-0.37322,41.3387],[-0.37165,41.33429],[-0.37182,41.33299],[-0.37352,41.32942],[-0.37202,41.32899],[-0.37177,41.32894]]]}},{"type":"Feature","properties":{"COD_POSTAL":"50481"},"geometry":{"type":"Polygon","coordinates":[[[-1.18232,41.24825],[-1.18481,41.24434],[-1.18527,41.24401],[-1.19344,41.24143],[-1.19477,41.24137],[-1.19617,41.24175],[-1.19662,41.24147],[-1.19425,41.23816],[-1.19387,41.23695],[-1.19421,41.23405],[-1.19266,41.22989],[-1.19039,41.2277],[-1.1902,41.226],[-1.18751,41.22714],[-1.18604,41.22745],[-1.18358,41.22933],[-1.17788,41.22974],[-1.17162,41.22828],[-1.16519,41.22782],[-1.16518,41.22762],[-1.15869,41.23021],[-1.15647,41.23192],[-1.14673,41.23296],[-1.14476,41.23086],[-1.13662,41.22966],[-1.13554,41.22879],[-1.12878,41.2269],[-1.12768,41.2271],[-1.12647,41.22933],[-1.12652,41.22998],[-1.12752,41.23177],[-1.12739,41.2334],[-1.1293,41.23466],[-1.12997,41.2355],[-1.13158,41.23562],[-1.13258,41.23666],[-1.13114,41.23773],[-1.1304,41.23784],[-1.1303,41.23835],[-1.12975,41.23874],[-1.12976,41.23937],[-1.12893,41.23943],[-1.12899,41.2416],[-1.12756,41.24279],[-1.12436,41.24796],[-1.12187,41.25259],[-1.12148,41.25679],[-1.12268,41.25961],[-1.1282,41.26065],[-1.12891,41.26151],[-1.12961,41.26311],[-1.13034,41.26372],[-1.14387,41.2698],[-1.14651,41.27212],[-1.15003,41.27238],[-1.15969,41.26939],[-1.17097,41.26641],[-1.1791,41.25988],[-1.17995,41.25649],[-1.1823,41.25242],[-1.18133,41.25007],[-1.18232,41.24825]]]}},{"type":"Feature","properties":{"COD_POSTAL":"50391"},"geometry":{"type":"Polygon","coordinates":[[[-1.54127,41.17584],[-1.54305,41.17362],[-1.54425,41.17049],[-1.54301,41.16961],[-1.54241,41.16885],[-1.54021,41.16796],[-1.53731,41.16599],[-1.53489,41.1639],[-1.53438,41.16284],[-1.53363,41.16247],[-1.53033,41.15943],[-1.5292,41.15903],[-1.5283,41.15935],[-1.52658,41.16068],[-1.52537,41.16115],[-1.52084,41.16515],[-1.51788,41.16579],[-1.51482,41.16823],[-1.51415,41.16823],[-1.51278,41.16766],[-1.51082,41.16775],[-1.50991,41.16802],[-1.50696,41.16963],[-1.50478,41.17136],[-1.50178,41.17155],[-1.49802,41.17121],[-1.49794,41.17269],[-1.49724,41.17292],[-1.49494,41.17247],[-1.49418,41.17288],[-1.49367,41.17371],[-1.49165,41.17297],[-1.49079,41.17402],[-1.4892,41.17396],[-1.4878,41.17473],[-1.48647,41.17479],[-1.48495,41.1755],[-1.48209,41.17538],[-1.47871,41.17622],[-1.4749,41.17672],[-1.47077,41.17673],[-1.46729,41.1763],[-1.46253,41.17752],[-1.4615,41.17845],[-1.45812,41.18024],[-1.45679,41.18171],[-1.45552,41.18256],[-1.45402,41.1849],[-1.45255,41.18598],[-1.45077,41.18673],[-1.45026,41.18718],[-1.45191,41.19158],[-1.45241,41.19239],[-1.46029,41.19661],[-1.46345,41.1978],[-1.4667,41.19944],[-1.46908,41.20034],[-1.47229,41.20088],[-1.47436,41.20183],[-1.47499,41.20364],[-1.47626,41.20473],[-1.47506,41.20655],[-1.46722,41.20894],[-1.46997,41.21377],[-1.47401,41.21444],[-1.48693,41.21793],[-1.49466,41.22496],[-1.49472,41.22748],[-1.49777,41.2316],[-1.50019,41.23425],[-1.5047,41.23749],[-1.50829,41.24058],[-1.50899,41.239],[-1.50913,41.23701],[-1.50968,41.23477],[-1.51033,41.23023],[-1.51099,41.22901],[-1.5122,41.22795],[-1.51042,41.2248],[-1.52083,41.22057],[-1.52244,41.22027],[-1.52456,41.2195],[-1.52497,41.21919],[-1.52652,41.21661],[-1.52747,41.21675],[-1.52912,41.21606],[-1.52945,41.21608],[-1.5302,41.2167],[-1.53286,41.21541],[-1.539,41.21173],[-1.54106,41.21081],[-1.54348,41.20633],[-1.54721,41.20222],[-1.54858,41.19863],[-1.55197,41.19757],[-1.55554,41.19677],[-1.55579,41.19661],[-1.55626,41.1947],[-1.56186,41.18993],[-1.56255,41.18959],[-1.56159,41.18837],[-1.5611,41.18713],[-1.56019,41.18306],[-1.55204,41.18215],[-1.54776,41.18536],[-1.54379,41.18696],[-1.54299,41.18652],[-1.54075,41.18353],[-1.54058,41.18238],[-1.53912,41.18144],[-1.53941,41.18045],[-1.54134,41.17784],[-1.54139,41.17747],[-1.54127,41.17584]]]}},{"type":"Feature","properties":{"COD_POSTAL":"50511"},"geometry":{"type":"Polygon","coordinates":[[[-1.65899,41.96029],[-1.66067,41.95978],[-1.66152,41.9599],[-1.66186,41.96026],[-1.66295,41.96023],[-1.66294,41.96058],[-1.66314,41.96059],[-1.66394,41.95994],[-1.66462,41.96062],[-1.6641,41.96138],[-1.66487,41.96173],[-1.66471,41.96246],[-1.66515,41.96271],[-1.66684,41.96342],[-1.66724,41.96325],[-1.66828,41.96425],[-1.66965,41.96412],[-1.67209,41.96541],[-1.67365,41.96667],[-1.67406,41.96671],[-1.67454,41.96637],[-1.67495,41.96687],[-1.67613,41.96677],[-1.676,41.96607],[-1.67709,41.96516],[-1.67704,41.96456],[-1.67634,41.9645],[-1.67603,41.96412],[-1.67643,41.96389],[-1.67625,41.96333],[-1.67674,41.96247],[-1.67833,41.96084],[-1.67855,41.96118],[-1.67841,41.96159],[-1.67869,41.96165],[-1.67892,41.96129],[-1.67921,41.96181],[-1.6794,41.96174],[-1.67961,41.96143],[-1.6793,41.96027],[-1.67989,41.96002],[-1.68044,41.95879],[-1.68136,41.95839],[-1.68198,41.95759],[-1.68189,41.95659],[-1.68121,41.95622],[-1.68122,41.95595],[-1.68433,41.95416],[-1.68492,41.95437],[-1.68548,41.95363],[-1.68607,41.95341],[-1.68475,41.95286],[-1.68479,41.95231],[-1.68448,41.95161],[-1.68334,41.95074],[-1.68354,41.95017],[-1.68307,41.94978],[-1.68307,41.94951],[-1.68339,41.94875],[-1.68153,41.94822],[-1.68195,41.94416],[-1.68164,41.9417],[-1.682,41.93983],[-1.68072,41.93981],[-1.67776,41.9372],[-1.67681,41.9374],[-1.6751,41.93572],[-1.67418,41.93558],[-1.67356,41.93609],[-1.67361,41.93972],[-1.67332,41.94143],[-1.67179,41.93929],[-1.67094,41.94137],[-1.66913,41.94373],[-1.66318,41.94489],[-1.66153,41.94412],[-1.65798,41.94467],[-1.6583,41.9455],[-1.6578,41.94578],[-1.65571,41.94576],[-1.65349,41.94657],[-1.65085,41.94657],[-1.64915,41.94841],[-1.64753,41.94887],[-1.651,41.95039],[-1.65546,41.95124],[-1.65191,41.95261],[-1.65174,41.95508],[-1.64871,41.95543],[-1.65261,41.95871],[-1.65675,41.96013],[-1.65887,41.96034],[-1.65899,41.96029]]]}},{"type":"Feature","properties":{"COD_POSTAL":"50333"},"geometry":{"type":"Polygon","coordinates":[[[-1.5395,41.34241],[-1.5423,41.34515],[-1.54497,41.34635],[-1.54498,41.34973],[-1.54619,41.35327],[-1.54743,41.35479],[-1.54851,41.35574],[-1.55109,41.35677],[-1.55442,41.35567],[-1.55643,41.35406],[-1.55853,41.35124],[-1.56116,41.35083],[-1.5632,41.35008],[-1.56458,41.34919],[-1.56535,41.34693],[-1.56536,41.34618],[-1.56463,41.34521],[-1.56299,41.34391],[-1.56302,41.34339],[-1.56221,41.34173],[-1.56234,41.34136],[-1.56298,41.34127],[-1.56414,41.34189],[-1.56579,41.34127],[-1.56701,41.34155],[-1.56869,41.34069],[-1.57109,41.33985],[-1.57156,41.3394],[-1.57188,41.33831],[-1.57291,41.33672],[-1.57476,41.33556],[-1.57492,41.33488],[-1.57805,41.33348],[-1.58041,41.33196],[-1.58193,41.33075],[-1.58308,41.32933],[-1.58705,41.32749],[-1.58456,41.31795],[-1.57874,41.31087],[-1.57706,41.31157],[-1.57514,41.31086],[-1.57119,41.31142],[-1.57107,41.314],[-1.5681,41.31607],[-1.56832,41.31685],[-1.56951,41.31732],[-1.56698,41.31786],[-1.56523,41.32068],[-1.56305,41.31906],[-1.55831,41.31766],[-1.54376,41.32169],[-1.53667,41.32339],[-1.53397,41.32633],[-1.52916,41.33025],[-1.52716,41.33403],[-1.52684,41.33534],[-1.52347,41.33703],[-1.52218,41.33794],[-1.51369,41.34585],[-1.51364,41.34615],[-1.51535,41.34689],[-1.51819,41.34472],[-1.51923,41.34309],[-1.52272,41.34158],[-1.52533,41.33868],[-1.5262,41.33848],[-1.52901,41.33821],[-1.53314,41.33936],[-1.53596,41.33939],[-1.538,41.34144],[-1.5395,41.34241]],[[-1.56347,41.33637],[-1.56256,41.33623],[-1.56174,41.33575],[-1.56194,41.33559],[-1.56096,41.33513],[-1.56099,41.33447],[-1.56199,41.33443],[-1.5639,41.33493],[-1.56387,41.33556],[-1.56422,41.33565],[-1.56347,41.33637]]]}},{"type":"Feature","properties":{"COD_POSTAL":"50335"},"geometry":{"type":"Polygon","coordinates":[[[-1.56174,41.33575],[-1.56256,41.33623],[-1.56347,41.33638],[-1.56422,41.33565],[-1.56387,41.33556],[-1.5639,41.33493],[-1.56199,41.33443],[-1.56099,41.33447],[-1.56096,41.33513],[-1.56194,41.33559],[-1.56174,41.33575]]]}},{"type":"Feature","properties":{"COD_POSTAL":"50178"},"geometry":{"type":"Polygon","coordinates":[[[-0.16097,41.59153],[-0.18213,41.59805],[-0.18748,41.59898],[-0.18851,41.59942],[-0.19194,41.6001],[-0.20574,41.60226],[-0.2095,41.60058],[-0.21777,41.59397],[-0.22093,41.59155],[-0.22321,41.59024],[-0.22781,41.58647],[-0.23595,41.57722],[-0.23576,41.57553],[-0.23637,41.57432],[-0.23765,41.57329],[-0.23954,41.57255],[-0.24292,41.57261],[-0.24478,41.57311],[-0.24597,41.57374],[-0.24891,41.57622],[-0.2499,41.5777],[-0.25865,41.5841],[-0.25892,41.58506],[-0.26031,41.58646],[-0.26318,41.5885],[-0.26449,41.58903],[-0.26537,41.58863],[-0.26762,41.58927],[-0.27231,41.58992],[-0.27394,41.59059],[-0.27454,41.58896],[-0.27608,41.58764],[-0.27592,41.58651],[-0.27629,41.58599],[-0.27763,41.58487],[-0.28142,41.58289],[-0.28294,41.58179],[-0.28574,41.57906],[-0.28686,41.57698],[-0.28963,41.57336],[-0.29249,41.57033],[-0.2994,41.56472],[-0.3028,41.56094],[-0.30402,41.55647],[-0.30629,41.55304],[-0.30998,41.54853],[-0.30989,41.54504],[-0.32038,41.53781],[-0.32249,41.53676],[-0.33152,41.5349],[-0.34648,41.53133],[-0.34895,41.53055],[-0.34996,41.53005],[-0.35256,41.52813],[-0.35423,41.52662],[-0.35558,41.52491],[-0.35531,41.52412],[-0.35447,41.52224],[-0.35215,41.51937],[-0.3507,41.51563],[-0.34935,41.51371],[-0.32748,41.49781],[-0.32596,41.49685],[-0.32472,41.49641],[-0.30912,41.49423],[-0.30512,41.4933],[-0.30159,41.49396],[-0.28805,41.49759],[-0.28744,41.49835],[-0.28462,41.49858],[-0.282,41.4982],[-0.28056,41.49758],[-0.27188,41.49606],[-0.25658,41.49548],[-0.24655,41.49436],[-0.23806,41.49289],[-0.23373,41.493],[-0.22908,41.49354],[-0.21358,41.49747],[-0.20974,41.49964],[-0.20554,41.50284],[-0.19832,41.50649],[-0.1927,41.50833],[-0.18406,41.51051],[-0.18126,41.51288],[-0.1785,41.51716],[-0.17628,41.51978],[-0.17446,41.52128],[-0.17283,41.52178],[-0.16189,41.52395],[-0.15874,41.52563],[-0.157,41.52753],[-0.15638,41.52888],[-0.15666,41.53529],[-0.15575,41.53935],[-0.15612,41.54093],[-0.15852,41.54593],[-0.15934,41.54823],[-0.15966,41.55121],[-0.15952,41.55401],[-0.15813,41.55659],[-0.15753,41.55823],[-0.15754,41.56514],[-0.15733,41.56681],[-0.15748,41.56838],[-0.15799,41.56959],[-0.16108,41.57283],[-0.16507,41.57852],[-0.16735,41.58111],[-0.16183,41.5838],[-0.15946,41.58532],[-0.15864,41.58691],[-0.15645,41.58997],[-0.16097,41.59153]]]}},{"type":"Feature","properties":{"COD_POSTAL":"50366"},"geometry":{"type":"Polygon","coordinates":[[[-1.44557,41.07735],[-1.44595,41.07997],[-1.44588,41.08344],[-1.4466,41.08772],[-1.45405,41.09397],[-1.45934,41.10024],[-1.4649,41.10461],[-1.47085,41.1166],[-1.4746,41.11829],[-1.47354,41.11954],[-1.47186,41.12031],[-1.47113,41.12118],[-1.46927,41.12151],[-1.46632,41.1229],[-1.46444,41.12352],[-1.46025,41.12651],[-1.46077,41.13055],[-1.4575,41.13336],[-1.45706,41.13399],[-1.45842,41.13624],[-1.4598,41.1368],[-1.46018,41.13768],[-1.46088,41.13825],[-1.45727,41.14252],[-1.45585,41.14259],[-1.45477,41.14177],[-1.45299,41.14103],[-1.45086,41.13855],[-1.45006,41.13819],[-1.44512,41.13961],[-1.44408,41.14011],[-1.44186,41.14201],[-1.44106,41.14337],[-1.43889,41.14496],[-1.43711,41.14678],[-1.43504,41.14751],[-1.43403,41.14828],[-1.43303,41.14984],[-1.43276,41.152],[-1.43224,41.15268],[-1.43028,41.15374],[-1.42911,41.15492],[-1.42834,41.15524],[-1.42593,41.15522],[-1.42345,41.15321],[-1.42223,41.15298],[-1.42045,41.15315],[-1.42067,41.1543],[-1.42133,41.15536],[-1.41881,41.15852],[-1.41888,41.16009],[-1.4178,41.16139],[-1.41694,41.16152],[-1.41594,41.16113],[-1.41518,41.15963],[-1.41384,41.15884],[-1.41273,41.16015],[-1.40699,41.16303],[-1.40482,41.16322],[-1.40387,41.16613],[-1.40331,41.1668],[-1.40163,41.17445],[-1.40167,41.1778],[-1.40639,41.17778],[-1.40999,41.17846],[-1.41153,41.17834],[-1.41846,41.17976],[-1.4204,41.18048],[-1.42122,41.18042],[-1.42404,41.18151],[-1.42964,41.18278],[-1.43252,41.18412],[-1.43459,41.18458],[-1.43648,41.18609],[-1.44009,41.18827],[-1.44301,41.18973],[-1.44513,41.19027],[-1.44699,41.18973],[-1.44903,41.18841],[-1.45077,41.18673],[-1.45255,41.18598],[-1.45402,41.1849],[-1.45552,41.18256],[-1.45679,41.18171],[-1.45812,41.18024],[-1.4615,41.17845],[-1.46253,41.17752],[-1.46729,41.1763],[-1.47077,41.17673],[-1.4749,41.17672],[-1.47871,41.17622],[-1.48209,41.17538],[-1.48495,41.1755],[-1.48647,41.17479],[-1.4878,41.17473],[-1.4892,41.17396],[-1.49079,41.17402],[-1.49165,41.17297],[-1.49367,41.17371],[-1.49418,41.17288],[-1.49494,41.17247],[-1.49724,41.17292],[-1.49794,41.17269],[-1.49802,41.17121],[-1.50178,41.17155],[-1.50478,41.17136],[-1.50696,41.16963],[-1.50991,41.16802],[-1.51082,41.16775],[-1.51278,41.16766],[-1.51415,41.16823],[-1.51482,41.16823],[-1.51788,41.16579],[-1.52084,41.16515],[-1.52496,41.16168],[-1.52615,41.15936],[-1.52677,41.15743],[-1.52755,41.15125],[-1.52832,41.13748],[-1.52869,41.13571],[-1.52704,41.12935],[-1.52629,41.12785],[-1.52083,41.12787],[-1.51645,41.12825],[-1.51251,41.12756],[-1.51487,41.12707],[-1.51779,41.12691],[-1.5245,41.12445],[-1.52854,41.12214],[-1.53021,41.12161],[-1.53518,41.1176],[-1.53543,41.11581],[-1.53788,41.11414],[-1.53825,41.11364],[-1.53857,41.11211],[-1.53834,41.10972],[-1.5387,41.10803],[-1.5392,41.10719],[-1.54663,41.10088],[-1.55221,41.09943],[-1.54685,41.09556],[-1.54743,41.09232],[-1.54459,41.09064],[-1.5435,41.08765],[-1.54051,41.08576],[-1.53778,41.08303],[-1.53024,41.0816],[-1.52825,41.08049],[-1.5279,41.07979],[-1.52663,41.07872],[-1.52628,41.07722],[-1.52438,41.07616],[-1.52374,41.0753],[-1.52234,41.07209],[-1.52228,41.07021],[-1.52152,41.06478],[-1.52083,41.0643],[-1.51986,41.06306],[-1.51892,41.06254],[-1.51829,41.06151],[-1.51247,41.06145],[-1.51018,41.06112],[-1.50732,41.05922],[-1.50623,41.05988],[-1.50328,41.05874],[-1.49787,41.05755],[-1.49517,41.05654],[-1.4938,41.05644],[-1.49315,41.05666],[-1.49236,41.05574],[-1.49099,41.05516],[-1.48996,41.05433],[-1.48698,41.05379],[-1.46279,41.06885],[-1.46101,41.06819],[-1.45885,41.06833],[-1.44665,41.07479],[-1.4455,41.07557],[-1.44557,41.07734],[-1.44557,41.07735]]]}},{"type":"Feature","properties":{"COD_POSTAL":"50021"},"geometry":{"type":"Polygon","coordinates":[[[-0.86776,41.62458],[-0.8678,41.62483],[-0.87316,41.62301],[-0.8752,41.62125],[-0.87724,41.62073],[-0.88103,41.62325],[-0.8862,41.62438],[-0.88842,41.62438],[-0.8897,41.62405],[-0.89231,41.62391],[-0.89269,41.6232],[-0.89269,41.6213],[-0.89236,41.61922],[-0.89298,41.61855],[-0.89421,41.61604],[-0.89403,41.61577],[-0.89441,41.61403],[-0.89715,41.6079],[-0.89734,41.60628],[-0.89644,41.6039],[-0.89615,41.60372],[-0.89037,41.60329],[-0.86638,41.60262],[-0.84714,41.5994],[-0.84676,41.59973],[-0.84709,41.60248],[-0.84491,41.60518],[-0.84506,41.60531],[-0.84438,41.60757],[-0.84476,41.60897],[-0.84582,41.60974],[-0.84687,41.60987],[-0.84826,41.61074],[-0.85081,41.61096],[-0.85184,41.61164],[-0.85237,41.61169],[-0.85384,41.61081],[-0.85482,41.61092],[-0.85659,41.61135],[-0.85755,41.61195],[-0.85986,41.61267],[-0.86047,41.61329],[-0.86199,41.61638],[-0.86605,41.6172],[-0.86642,41.61956],[-0.86744,41.62266],[-0.86776,41.62458]]]}},{"type":"Feature","properties":{"COD_POSTAL":"50200"},"geometry":{"type":"Polygon","coordinates":[[[-1.80905,41.31927],[-1.8066,41.31886],[-1.8038,41.31597],[-1.80254,41.31565],[-1.79987,41.31252],[-1.79992,41.31067],[-1.79778,41.30835],[-1.79763,41.30703],[-1.79658,41.3064],[-1.79395,41.30339],[-1.79006,41.29949],[-1.78924,41.29819],[-1.7885,41.29638],[-1.78642,41.29444],[-1.78349,41.29092],[-1.77972,41.29083],[-1.77666,41.29177],[-1.77174,41.29054],[-1.7686,41.28823],[-1.76746,41.28711],[-1.76377,41.2819],[-1.75472,41.28144],[-1.74675,41.28249],[-1.74986,41.2849],[-1.75338,41.28528],[-1.75457,41.28572],[-1.7575,41.28927],[-1.75704,41.29105],[-1.75639,41.29164],[-1.75555,41.29308],[-1.75352,41.29474],[-1.75086,41.2974],[-1.74938,41.30076],[-1.75006,41.3036],[-1.75169,41.30501],[-1.75258,41.3064],[-1.75254,41.30677],[-1.75193,41.30747],[-1.74925,41.30965],[-1.74878,41.3106],[-1.75047,41.31117],[-1.7528,41.31284],[-1.75273,41.31364],[-1.75155,41.31461],[-1.75074,41.31605],[-1.75044,41.31608],[-1.74995,41.31746],[-1.74919,41.31787],[-1.75037,41.31909],[-1.75151,41.32074],[-1.74376,41.3217],[-1.74376,41.32186],[-1.74526,41.32367],[-1.75309,41.32812],[-1.75335,41.3288],[-1.7531,41.33006],[-1.75319,41.33087],[-1.75494,41.3325],[-1.75696,41.33487],[-1.75768,41.33617],[-1.7579,41.33837],[-1.75885,41.34172],[-1.76045,41.34515],[-1.76158,41.34613],[-1.76233,41.34737],[-1.76146,41.34813],[-1.76167,41.34891],[-1.76139,41.34997],[-1.75997,41.35005],[-1.75877,41.35173],[-1.75864,41.35366],[-1.7579,41.35532],[-1.75801,41.35753],[-1.75734,41.35928],[-1.7562,41.36005],[-1.75377,41.36249],[-1.75223,41.36507],[-1.75063,41.36706],[-1.74721,41.36917],[-1.74358,41.36884],[-1.74318,41.3703],[-1.73697,41.37311],[-1.73807,41.37381],[-1.73747,41.37754],[-1.73457,41.37915],[-1.73419,41.37951],[-1.73424,41.38057],[-1.73519,41.38103],[-1.73652,41.3824],[-1.73986,41.38394],[-1.74147,41.38572],[-1.74357,41.38699],[-1.7512,41.39046],[-1.75219,41.39067],[-1.76278,41.39049],[-1.7684,41.3891],[-1.77222,41.38734],[-1.7815,41.38556],[-1.7867,41.38416],[-1.80392,41.38276],[-1.82,41.3755],[-1.82397,41.37388],[-1.82883,41.37247],[-1.83136,41.37196],[-1.8374,41.37191],[-1.84284,41.37287],[-1.844,41.37261],[-1.84632,41.37152],[-1.84844,41.37114],[-1.8539,41.36944],[-1.8593,41.36876],[-1.86472,41.36711],[-1.86699,41.36687],[-1.86861,41.36712],[-1.87099,41.3682],[-1.87415,41.37034],[-1.87623,41.37132],[-1.88068,41.3722],[-1.88322,41.37106],[-1.88687,41.37064],[-1.88905,41.37107],[-1.88989,41.37163],[-1.89263,41.37235],[-1.89628,41.37472],[-1.89952,41.37336],[-1.90169,41.37289],[-1.90638,41.37276],[-1.90722,41.37321],[-1.90831,41.37445],[-1.91315,41.37857],[-1.91426,41.37845],[-1.91579,41.37785],[-1.91665,41.37782],[-1.9194,41.37879],[-1.91998,41.37936],[-1.92141,41.37883],[-1.92558,41.37531],[-1.92562,41.37424],[-1.92648,41.37133],[-1.92826,41.3681],[-1.9281,41.36723],[-1.93182,41.36499],[-1.9322,41.36306],[-1.92726,41.35884],[-1.9247,41.35894],[-1.92381,41.35848],[-1.9211,41.356],[-1.91847,41.35269],[-1.91716,41.35171],[-1.91594,41.35135],[-1.91308,41.34965],[-1.9109,41.34755],[-1.9096,41.34574],[-1.90764,41.34424],[-1.9078,41.34235],[-1.90618,41.33995],[-1.90298,41.34154],[-1.90127,41.34279],[-1.90075,41.34338],[-1.90013,41.34489],[-1.89855,41.34646],[-1.89842,41.34807],[-1.89965,41.35023],[-1.88152,41.36077],[-1.87741,41.36073],[-1.86151,41.34166],[-1.85891,41.34158],[-1.85376,41.33795],[-1.84946,41.33377],[-1.84028,41.32575],[-1.83872,41.3241],[-1.83002,41.31859],[-1.82697,41.3158],[-1.82551,41.32119],[-1.82329,41.32249],[-1.82079,41.32172],[-1.82027,41.32089],[-1.81981,41.31893],[-1.81844,41.31812],[-1.81785,41.31821],[-1.81723,41.31882],[-1.81745,41.32089],[-1.81654,41.32152],[-1.81572,41.32131],[-1.81523,41.32066],[-1.81176,41.3177],[-1.81141,41.31762],[-1.8093,41.31916],[-1.80905,41.31927]]]}},{"type":"Feature","properties":{"COD_POSTAL":"50090"},"geometry":{"type":"Polygon","coordinates":[[[-0.8867,41.71619],[-0.88696,41.70084],[-0.88385,41.6911],[-0.88095,41.69131],[-0.87656,41.69238],[-0.87297,41.69291],[-0.87049,41.692],[-0.86877,41.69947],[-0.86582,41.70409],[-0.8867,41.71619]]]}},{"type":"Feature","properties":{"COD_POSTAL":"50314"},"geometry":{"type":"Polygon","coordinates":[[[-1.86549,41.53766],[-1.86519,41.53627],[-1.86292,41.53533],[-1.86001,41.53314],[-1.86024,41.53228],[-1.85419,41.5271],[-1.85188,41.52469],[-1.85871,41.51667],[-1.86087,41.51243],[-1.86162,41.51138],[-1.86084,41.51016],[-1.85917,41.50945],[-1.85869,41.50778],[-1.85811,41.50765],[-1.85842,41.50715],[-1.85581,41.50632],[-1.85419,41.50476],[-1.85363,41.50473],[-1.8523,41.50542],[-1.85013,41.50575],[-1.84736,41.50712],[-1.84609,41.508],[-1.84244,41.51143],[-1.8386,41.51305],[-1.83677,41.5145],[-1.82808,41.52012],[-1.82473,41.52259],[-1.81976,41.52551],[-1.81463,41.52926],[-1.81363,41.53033],[-1.81044,41.53218],[-1.80849,41.53395],[-1.80698,41.53464],[-1.80604,41.53563],[-1.80537,41.53683],[-1.80425,41.53762],[-1.79977,41.53988],[-1.79981,41.54156],[-1.79995,41.54263],[-1.80065,41.54378],[-1.80143,41.54675],[-1.80259,41.5485],[-1.80286,41.54944],[-1.8042,41.55055],[-1.807,41.55186],[-1.8113,41.5529],[-1.81369,41.55294],[-1.81624,41.552],[-1.81782,41.55217],[-1.82021,41.55401],[-1.82617,41.55503],[-1.82834,41.55674],[-1.83145,41.55829],[-1.8323,41.55893],[-1.83517,41.55826],[-1.8376,41.55673],[-1.842,41.55632],[-1.84624,41.55479],[-1.84887,41.5541],[-1.85643,41.55086],[-1.85898,41.54918],[-1.86109,41.54644],[-1.86222,41.54356],[-1.86273,41.5431],[-1.86433,41.54256],[-1.86494,41.54071],[-1.86654,41.53981],[-1.86564,41.53824],[-1.86549,41.53766]]]}},{"type":"Feature","properties":{"COD_POSTAL":"50500"},"geometry":{"type":"MultiPolygon","coordinates":[[[[-1.83506,41.86649],[-1.83213,41.86333],[-1.82723,41.86348],[-1.8239,41.86533],[-1.8226,41.86544],[-1.82024,41.86238],[-1.80898,41.86625],[-1.80609,41.86615],[-1.80383,41.86778],[-1.80034,41.86792],[-1.79917,41.86735],[-1.78901,41.86804],[-1.78892,41.86922],[-1.78698,41.87034],[-1.78728,41.87206],[-1.79022,41.87497],[-1.80264,41.87854],[-1.8038,41.87843],[-1.80712,41.87942],[-1.81182,41.88016],[-1.81736,41.87876],[-1.82367,41.87912],[-1.82658,41.87707],[-1.83013,41.87729],[-1.83164,41.8763],[-1.83352,41.87682],[-1.83487,41.876],[-1.83665,41.87651],[-1.83877,41.87528],[-1.83998,41.87529],[-1.83506,41.86649]]],[[[-1.70547,41.88863],[-1.70749,41.91296],[-1.74044,41.90902],[-1.80013,41.92372],[-1.80974,41.90397],[-1.8225,41.88179],[-1.81971,41.88094],[-1.81681,41.88118],[-1.81184,41.88256],[-1.80656,41.88147],[-1.79396,41.87806],[-1.78959,41.87716],[-1.78595,41.87755],[-1.78495,41.87967],[-1.7862,41.88053],[-1.7814,41.88248],[-1.77903,41.88757],[-1.77853,41.88723],[-1.77725,41.8889],[-1.7774,41.88949],[-1.77578,41.88985],[-1.77578,41.89153],[-1.77341,41.89073],[-1.77246,41.89075],[-1.77651,41.89442],[-1.77904,41.89899],[-1.77881,41.90042],[-1.77643,41.9009],[-1.77383,41.90285],[-1.77544,41.90452],[-1.77546,41.90523],[-1.77123,41.90574],[-1.76771,41.90676],[-1.76668,41.90637],[-1.76568,41.9041],[-1.7637,41.90336],[-1.76387,41.90205],[-1.76105,41.89992],[-1.75674,41.89845],[-1.75946,41.89687],[-1.76215,41.89495],[-1.76058,41.8935],[-1.75927,41.89385],[-1.75633,41.89551],[-1.75737,41.89365],[-1.75732,41.89222],[-1.75681,41.8921],[-1.7554,41.89266],[-1.75517,41.89202],[-1.7531,41.89012],[-1.74733,41.88945],[-1.74713,41.8888],[-1.74816,41.88767],[-1.7472,41.88674],[-1.74592,41.88692],[-1.74566,41.88635],[-1.74478,41.88629],[-1.7455,41.88501],[-1.74491,41.88361],[-1.74444,41.8831],[-1.74265,41.88227],[-1.74338,41.88003],[-1.74118,41.8792],[-1.7401,41.88058],[-1.73953,41.88034],[-1.73708,41.8821],[-1.73472,41.88331],[-1.73437,41.88453],[-1.73175,41.88655],[-1.73056,41.88684],[-1.72925,41.88674],[-1.72865,41.88629],[-1.72641,41.88672],[-1.72599,41.88757],[-1.72461,41.88796],[-1.72324,41.88876],[-1.72225,41.88845],[-1.7214,41.88775],[-1.72184,41.88719],[-1.72034,41.88613],[-1.71947,41.88642],[-1.71713,41.88455],[-1.71639,41.88358],[-1.7127,41.88291],[-1.7121,41.88089],[-1.71252,41.87945],[-1.71047,41.87978],[-1.70993,41.88012],[-1.70901,41.8814],[-1.7082,41.88409],[-1.70722,41.88618],[-1.70589,41.88782],[-1.70547,41.88863]]],[[[-1.85292,41.78956],[-1.85241,41.78851],[-1.83957,41.78712],[-1.82532,41.77837],[-1.82036,41.77906],[-1.8181,41.78099],[-1.81438,41.78239],[-1.81079,41.78136],[-1.80002,41.78448],[-1.79623,41.78585],[-1.7965,41.78636],[-1.79938,41.78704],[-1.79763,41.78871],[-1.79743,41.7892],[-1.79788,41.7962],[-1.7991,41.79781],[-1.80025,41.79861],[-1.80132,41.80121],[-1.80293,41.80274],[-1.80301,41.80643],[-1.80379,41.80968],[-1.80419,41.81307],[-1.80536,41.81377],[-1.80649,41.81551],[-1.80564,41.8172],[-1.80509,41.8195],[-1.80447,41.82053],[-1.80347,41.82319],[-1.80548,41.82299],[-1.80628,41.82388],[-1.80762,41.82462],[-1.80949,41.82448],[-1.81108,41.8235],[-1.81237,41.82435],[-1.81295,41.82612],[-1.81491,41.82808],[-1.81192,41.83012],[-1.80997,41.83185],[-1.80923,41.83427],[-1.80511,41.83673],[-1.79985,41.84041],[-1.79775,41.8415],[-1.79448,41.84254],[-1.78732,41.84335],[-1.78543,41.84391],[-1.7835,41.84509],[-1.78261,41.84525],[-1.78218,41.84557],[-1.78179,41.84634],[-1.78048,41.84641],[-1.7753,41.84884],[-1.77297,41.84929],[-1.77025,41.85069],[-1.76865,41.85187],[-1.76727,41.85187],[-1.76456,41.85134],[-1.76266,41.84684],[-1.75044,41.85212],[-1.74745,41.85487],[-1.74858,41.85501],[-1.74931,41.85562],[-1.75003,41.85582],[-1.75314,41.85506],[-1.75177,41.85827],[-1.74846,41.86246],[-1.74885,41.86462],[-1.75022,41.86459],[-1.7488,41.86947],[-1.74652,41.87275],[-1.74543,41.87349],[-1.74593,41.87385],[-1.74639,41.87377],[-1.74809,41.87241],[-1.74875,41.87353],[-1.74938,41.87317],[-1.75046,41.87415],[-1.75129,41.87365],[-1.75219,41.87354],[-1.75253,41.87362],[-1.75319,41.87476],[-1.75602,41.8746],[-1.75869,41.87509],[-1.76012,41.87462],[-1.76227,41.87289],[-1.76365,41.87257],[-1.76548,41.87166],[-1.76677,41.87229],[-1.76765,41.87313],[-1.77041,41.87326],[-1.77083,41.87309],[-1.7713,41.87181],[-1.77211,41.87191],[-1.77262,41.87231],[-1.77452,41.8729],[-1.77625,41.8727],[-1.77695,41.87244],[-1.77708,41.86974],[-1.77797,41.86922],[-1.7777,41.86854],[-1.78164,41.8667],[-1.7821,41.86626],[-1.7874,41.86622],[-1.78833,41.86594],[-1.79171,41.86611],[-1.7972,41.86594],[-1.79842,41.86642],[-1.80023,41.86621],[-1.80108,41.86705],[-1.80157,41.86691],[-1.8032,41.8674],[-1.80343,41.86695],[-1.80414,41.86664],[-1.80386,41.86614],[-1.8052,41.86646],[-1.80469,41.86558],[-1.80482,41.86538],[-1.80779,41.86543],[-1.80828,41.86476],[-1.81089,41.86422],[-1.81318,41.86305],[-1.8168,41.86206],[-1.81786,41.86211],[-1.81929,41.86159],[-1.81999,41.86174],[-1.81982,41.85979],[-1.8176,41.85338],[-1.8204,41.85064],[-1.82083,41.847],[-1.82012,41.84597],[-1.81958,41.8412],[-1.81986,41.83862],[-1.81903,41.83457],[-1.81857,41.83347],[-1.81856,41.82995],[-1.82166,41.82527],[-1.82452,41.81976],[-1.82574,41.81861],[-1.83384,41.81475],[-1.83591,41.8122],[-1.8377,41.81095],[-1.84135,41.80684],[-1.84373,41.80602],[-1.84785,41.79982],[-1.84779,41.79828],[-1.85207,41.79251],[-1.85292,41.78956]]]]}},{"type":"Feature","properties":{"COD_POSTAL":"50259"},"geometry":{"type":"Polygon","coordinates":[[[-1.72993,41.61409],[-1.73085,41.61542],[-1.73185,41.61599],[-1.73969,41.61774],[-1.74072,41.61847],[-1.74144,41.62022],[-1.74345,41.62225],[-1.74721,41.62349],[-1.74994,41.62489],[-1.75105,41.62757],[-1.75397,41.62884],[-1.75423,41.62933],[-1.75385,41.62991],[-1.7539,41.63053],[-1.7549,41.63102],[-1.75532,41.63152],[-1.75678,41.634],[-1.75935,41.63573],[-1.76345,41.64019],[-1.76644,41.64193],[-1.76829,41.64264],[-1.76984,41.64286],[-1.77918,41.64234],[-1.77977,41.64502],[-1.78099,41.64557],[-1.78193,41.64652],[-1.78883,41.65019],[-1.7908,41.65091],[-1.79314,41.65234],[-1.79885,41.65185],[-1.80035,41.65248],[-1.8054,41.65147],[-1.8108,41.65569],[-1.81311,41.66056],[-1.8172,41.6604],[-1.82544,41.66235],[-1.82915,41.6626],[-1.8332,41.66087],[-1.83459,41.66065],[-1.84059,41.66154],[-1.84919,41.66075],[-1.85607,41.66107],[-1.85899,41.66153],[-1.87398,41.63798],[-1.87882,41.64105],[-1.88715,41.63725],[-1.89054,41.63598],[-1.8927,41.63473],[-1.8979,41.63241],[-1.89819,41.63068],[-1.89957,41.62742],[-1.90034,41.62635],[-1.90143,41.62515],[-1.90471,41.62338],[-1.90792,41.6211],[-1.90682,41.62049],[-1.90318,41.62047],[-1.90184,41.62129],[-1.90003,41.62159],[-1.89413,41.62149],[-1.8887,41.62043],[-1.88454,41.62094],[-1.88228,41.62098],[-1.88127,41.62124],[-1.8787,41.62012],[-1.87734,41.61994],[-1.87444,41.61879],[-1.87111,41.61815],[-1.86884,41.61711],[-1.86772,41.61628],[-1.86775,41.6159],[-1.87073,41.61475],[-1.87317,41.61134],[-1.87268,41.61052],[-1.8691,41.60815],[-1.86537,41.60659],[-1.86557,41.6055],[-1.86499,41.60519],[-1.86464,41.60247],[-1.86319,41.59811],[-1.86217,41.59569],[-1.86153,41.59485],[-1.86087,41.5931],[-1.86024,41.59214],[-1.85792,41.58993],[-1.85422,41.58748],[-1.85235,41.58562],[-1.85107,41.5839],[-1.84946,41.58288],[-1.84759,41.58061],[-1.84718,41.57939],[-1.84379,41.57631],[-1.84231,41.57516],[-1.83837,41.57318],[-1.83799,41.56925],[-1.83761,41.56796],[-1.83607,41.56337],[-1.8346,41.56104],[-1.83145,41.55829],[-1.82834,41.55674],[-1.82617,41.55503],[-1.82021,41.55401],[-1.81782,41.55217],[-1.81726,41.55205],[-1.81624,41.552],[-1.81369,41.55294],[-1.8113,41.5529],[-1.807,41.55186],[-1.8042,41.55055],[-1.80286,41.54944],[-1.80259,41.5485],[-1.80143,41.54675],[-1.80065,41.54378],[-1.79995,41.54263],[-1.79977,41.53988],[-1.79747,41.5394],[-1.79432,41.53997],[-1.78804,41.53933],[-1.78511,41.53932],[-1.78284,41.53972],[-1.77733,41.54241],[-1.77439,41.54325],[-1.77453,41.54495],[-1.77013,41.54703],[-1.76647,41.54818],[-1.76548,41.54909],[-1.76271,41.5492],[-1.75937,41.54763],[-1.75727,41.54601],[-1.75428,41.54475],[-1.7536,41.54455],[-1.75087,41.54457],[-1.74916,41.5441],[-1.74809,41.54489],[-1.73996,41.54122],[-1.73714,41.54169],[-1.733,41.54773],[-1.73261,41.55478],[-1.73105,41.55574],[-1.73057,41.55847],[-1.72993,41.56046],[-1.73079,41.56293],[-1.73079,41.56349],[-1.72993,41.5663],[-1.7289,41.57262],[-1.72811,41.57408],[-1.72876,41.57596],[-1.7292,41.57831],[-1.72915,41.58377],[-1.72934,41.58648],[-1.72977,41.58764],[-1.72989,41.58967],[-1.72959,41.59041],[-1.7288,41.59088],[-1.72618,41.59168],[-1.72546,41.59103],[-1.72154,41.59304],[-1.71786,41.59722],[-1.71411,41.59844],[-1.7136,41.59985],[-1.71463,41.60133],[-1.71707,41.60384],[-1.71887,41.60534],[-1.71983,41.60584],[-1.72019,41.60713],[-1.72065,41.60762],[-1.72136,41.60805],[-1.72259,41.60835],[-1.7258,41.60873],[-1.72621,41.60947],[-1.72725,41.61001],[-1.72756,41.61064],[-1.72835,41.61108],[-1.7288,41.61167],[-1.72993,41.61409]]]}},{"type":"Feature","properties":{"COD_POSTAL":"50247"},"geometry":{"type":"Polygon","coordinates":[[[-1.53016,41.46676],[-1.52664,41.4725],[-1.5264,41.47472],[-1.52786,41.47996],[-1.52709,41.48196],[-1.52723,41.4834],[-1.52826,41.4844],[-1.52912,41.48577],[-1.52956,41.48703],[-1.53196,41.49077],[-1.53653,41.49007],[-1.53844,41.48915],[-1.54256,41.4899],[-1.54443,41.48985],[-1.54545,41.49058],[-1.55098,41.49174],[-1.54977,41.48966],[-1.55002,41.48805],[-1.552,41.48535],[-1.55383,41.48433],[-1.55487,41.47473],[-1.54886,41.468],[-1.54704,41.4652],[-1.54104,41.46587],[-1.53806,41.46545],[-1.53099,41.46529],[-1.53016,41.46676]]]}},{"type":"Feature","properties":{"COD_POSTAL":"50610"},"geometry":{"type":"Polygon","coordinates":[[[-0.91801,42.2555],[-0.91897,42.25773],[-0.91841,42.2592],[-0.91569,42.26019],[-0.91358,42.26227],[-0.91411,42.26409],[-0.91252,42.26544],[-0.90895,42.26742],[-0.90782,42.26898],[-0.90649,42.27015],[-0.9055,42.27203],[-0.90433,42.27275],[-0.90339,42.27369],[-0.90323,42.27413],[-0.90345,42.2759],[-0.89984,42.27802],[-0.8974,42.28059],[-0.89423,42.28148],[-0.89344,42.28195],[-0.89258,42.28525],[-0.89192,42.28648],[-0.88904,42.2867],[-0.89016,42.29123],[-0.89245,42.29304],[-0.89208,42.29413],[-0.89124,42.29526],[-0.89209,42.29692],[-0.89173,42.29753],[-0.88975,42.29824],[-0.88852,42.29958],[-0.88825,42.30087],[-0.88863,42.30262],[-0.89094,42.30281],[-0.89774,42.30516],[-0.89886,42.30525],[-0.902,42.30696],[-0.9055,42.31003],[-0.90648,42.30987],[-0.91386,42.30676],[-0.91844,42.30764],[-0.92131,42.30941],[-0.92261,42.3099],[-0.93027,42.312],[-0.93163,42.31214],[-0.93425,42.3105],[-0.93791,42.31069],[-0.9467,42.31023],[-0.95043,42.30715],[-0.95089,42.30705],[-0.95477,42.30734],[-0.96399,42.30671],[-0.96284,42.30594],[-0.96154,42.30432],[-0.96185,42.30061],[-0.96102,42.2987],[-0.96133,42.29774],[-0.96207,42.29661],[-0.96526,42.29369],[-0.96445,42.28956],[-0.96482,42.28846],[-0.96582,42.28734],[-0.96748,42.28642],[-0.96971,42.28421],[-0.97029,42.28311],[-0.97076,42.28081],[-0.97143,42.27915],[-0.97241,42.27779],[-0.97293,42.27551],[-0.9736,42.2743],[-0.97372,42.27318],[-0.97482,42.27144],[-0.97541,42.26893],[-0.97725,42.26768],[-0.9794,42.2668],[-0.98064,42.26574],[-0.98134,42.26367],[-0.98169,42.25971],[-0.9827,42.25795],[-0.98308,42.25682],[-0.98312,42.25556],[-0.98459,42.25313],[-0.98618,42.25116],[-0.99117,42.24796],[-0.99251,42.24585],[-0.99395,42.24279],[-0.99408,42.24014],[-0.99505,42.23815],[-0.99636,42.23619],[-0.99742,42.23352],[-0.99945,42.23206],[-0.99996,42.23099],[-1.00184,42.23003],[-1.00206,42.2282],[-1.00253,42.2275],[-1.00573,42.2269],[-1.00644,42.22719],[-1.00695,42.22714],[-1.01245,42.2218],[-1.0175,42.21842],[-1.01935,42.21574],[-1.02145,42.21421],[-1.02165,42.2132],[-1.02116,42.21177],[-1.02505,42.20653],[-1.02552,42.20407],[-1.02772,42.19983],[-1.02899,42.19609],[-1.02868,42.1955],[-1.02827,42.19535],[-1.02866,42.1935],[-1.02704,42.19102],[-1.02691,42.18999],[-1.02716,42.18907],[-1.02804,42.18917],[-1.03189,42.18873],[-1.03632,42.18725],[-1.03821,42.18649],[-1.04143,42.18412],[-1.04561,42.1818],[-1.05065,42.17971],[-1.05003,42.179],[-1.04916,42.17849],[-1.04881,42.17746],[-1.04642,42.17521],[-1.04548,42.17384],[-1.04525,42.17255],[-1.04623,42.1706],[-1.04477,42.16848],[-1.04199,42.1661],[-1.03979,42.1657],[-1.03919,42.16533],[-1.0386,42.16402],[-1.0386,42.16346],[-1.03946,42.16169],[-1.0383,42.16184],[-1.03808,42.16139],[-1.03543,42.16136],[-1.03488,42.15993],[-1.03426,42.16039],[-1.03335,42.15964],[-1.03203,42.15934],[-1.02816,42.16009],[-1.02541,42.16179],[-1.02407,42.15986],[-1.01937,42.15196],[-1.01829,42.14775],[-1.01655,42.14389],[-1.01649,42.14061],[-1.01621,42.13887],[-1.01664,42.13625],[-1.01544,42.1337],[-1.01468,42.131],[-1.01438,42.1289],[-1.0144,42.12736],[-1.01529,42.12371],[-1.00912,42.12424],[-1.00526,42.12427],[-1.00198,42.12194],[-0.9989,42.11881],[-0.99171,42.1171],[-0.98805,42.11691],[-0.98262,42.11395],[-0.9757,42.10964],[-0.9758,42.11331],[-0.97552,42.1147],[-0.97489,42.116],[-0.97281,42.11851],[-0.97175,42.11916],[-0.97063,42.11897],[-0.96809,42.11992],[-0.95983,42.12521],[-0.95767,42.12532],[-0.95695,42.12502],[-0.95599,42.12531],[-0.95467,42.12775],[-0.95556,42.1289],[-0.9551,42.12952],[-0.95288,42.12928],[-0.95226,42.13068],[-0.94907,42.13125],[-0.94836,42.1318],[-0.94599,42.13069],[-0.94299,42.1287],[-0.94194,42.12736],[-0.94097,42.12692],[-0.94121,42.12661],[-0.94026,42.12569],[-0.93799,42.12631],[-0.93704,42.12201],[-0.93495,42.11742],[-0.93445,42.11451],[-0.9338,42.11239],[-0.93504,42.10871],[-0.93463,42.1077],[-0.9359,42.10497],[-0.93869,42.1039],[-0.94029,42.10301],[-0.94624,42.09866],[-0.94792,42.09761],[-0.94919,42.09727],[-0.95623,42.09748],[-0.96588,42.09638],[-0.97155,42.09599],[-0.97593,42.09657],[-0.97932,42.09759],[-0.98134,42.09714],[-0.98462,42.09704],[-0.98407,42.09876],[-0.9872,42.09999],[-0.99445,42.10034],[-0.99498,42.10079],[-0.99639,42.10095],[-0.99668,42.1021],[-0.99956,42.10336],[-1.00112,42.10274],[-1.00098,42.10157],[-1.00138,42.10113],[-1.00459,42.10039],[-1.00747,42.10051],[-1.00807,42.09972],[-1.00879,42.09932],[-1.01078,42.09974],[-1.01176,42.09945],[-1.01264,42.09873],[-1.01298,42.09782],[-1.01317,42.09615],[-1.01365,42.09571],[-1.01708,42.09631],[-1.01518,42.09965],[-1.01447,42.10047],[-1.01458,42.10076],[-1.0161,42.10165],[-1.01721,42.10167],[-1.0217,42.10037],[-1.02428,42.0985],[-1.02612,42.09887],[-1.02695,42.09937],[-1.0284,42.09708],[-1.02823,42.09402],[-1.02938,42.09046],[-1.0298,42.08625],[-1.02878,42.0834],[-1.03257,42.06763],[-1.03083,42.06209],[-1.0285,42.06172],[-1.02321,42.06006],[-1.02084,42.05963],[-1.00963,42.05867],[-1.00424,42.05547],[-0.99753,42.05198],[-0.99499,42.05013],[-0.99004,42.05357],[-0.98709,42.05516],[-0.98095,42.05392],[-0.97409,42.05616],[-0.96631,42.05453],[-0.96438,42.05438],[-0.96282,42.05715],[-0.96369,42.06248],[-0.95987,42.06609],[-0.94829,42.06912],[-0.95056,42.07062],[-0.9395,42.07326],[-0.93698,42.07648],[-0.93537,42.07546],[-0.93439,42.07305],[-0.93228,42.06971],[-0.93416,42.0689],[-0.92928,42.06419],[-0.92421,42.06409],[-0.91904,42.06708],[-0.91841,42.07433],[-0.9162,42.07482],[-0.91595,42.08007],[-0.91082,42.07728],[-0.90662,42.07718],[-0.90583,42.07529],[-0.90342,42.07436],[-0.90324,42.07111],[-0.90261,42.06995],[-0.89844,42.07088],[-0.89664,42.06984],[-0.89448,42.07082],[-0.89121,42.07168],[-0.89154,42.07609],[-0.88296,42.07187],[-0.8784,42.07037],[-0.88273,42.06401],[-0.88635,42.0643],[-0.88458,42.06107],[-0.88044,42.0589],[-0.87936,42.05458],[-0.87877,42.05344],[-0.87128,42.05398],[-0.86304,42.05342],[-0.85945,42.05263],[-0.85543,42.05323],[-0.85334,42.05479],[-0.8517,42.05494],[-0.84845,42.05626],[-0.84424,42.05931],[-0.8434,42.06141],[-0.8403,42.06529],[-0.83807,42.06873],[-0.83088,42.07753],[-0.82817,42.08255],[-0.82234,42.08646],[-0.81843,42.08862],[-0.81294,42.0925],[-0.80478,42.09644],[-0.80516,42.09815],[-0.80571,42.09927],[-0.80603,42.10366],[-0.80834,42.10719],[-0.80931,42.10957],[-0.81454,42.11417],[-0.81598,42.11596],[-0.81801,42.12201],[-0.81842,42.1264],[-0.8178,42.13145],[-0.82413,42.12889],[-0.83291,42.12421],[-0.83867,42.12258],[-0.84086,42.1217],[-0.84856,42.11731],[-0.85072,42.11643],[-0.85543,42.11505],[-0.8628,42.11786],[-0.86378,42.1198],[-0.86159,42.123],[-0.86144,42.12573],[-0.87068,42.13127],[-0.87932,42.13239],[-0.87773,42.13614],[-0.87874,42.13924],[-0.87864,42.14068],[-0.87888,42.14172],[-0.87996,42.14327],[-0.88355,42.14254],[-0.88878,42.14412],[-0.88764,42.14741],[-0.88928,42.15154],[-0.88629,42.15365],[-0.88893,42.15811],[-0.88872,42.16134],[-0.88557,42.16519],[-0.88704,42.16678],[-0.89156,42.17029],[-0.89317,42.17109],[-0.89215,42.17455],[-0.89182,42.17975],[-0.89246,42.18292],[-0.89196,42.18382],[-0.91033,42.22233],[-0.91801,42.2555]]]}},{"type":"Feature","properties":{"COD_POSTAL":"50800"},"geometry":{"type":"MultiPolygon","coordinates":[[[[-0.68796,41.88247],[-0.68827,41.88029],[-0.68816,41.87691],[-0.68764,41.87581],[-0.68655,41.87381],[-0.68587,41.87308],[-0.68508,41.87101],[-0.68341,41.86839],[-0.67946,41.86333],[-0.6732,41.85636],[-0.67192,41.85233],[-0.67005,41.8498],[-0.66954,41.84855],[-0.66889,41.84514],[-0.66846,41.84436],[-0.6669,41.84294],[-0.66444,41.84149],[-0.66368,41.84182],[-0.65733,41.83898],[-0.65013,41.83632],[-0.64384,41.83359],[-0.63844,41.83345],[-0.63544,41.83445],[-0.62757,41.83957],[-0.62416,41.84309],[-0.62459,41.84496],[-0.62588,41.8468],[-0.62563,41.84863],[-0.62624,41.85086],[-0.6261,41.85223],[-0.6263,41.85438],[-0.62604,41.85623],[-0.62613,41.85738],[-0.62581,41.85872],[-0.62661,41.86121],[-0.62638,41.86186],[-0.62763,41.86555],[-0.62719,41.86684],[-0.62733,41.86796],[-0.63111,41.8718],[-0.63602,41.8747],[-0.63677,41.87754],[-0.63803,41.88051],[-0.64133,41.88603],[-0.64361,41.88913],[-0.64442,41.89103],[-0.65268,41.89397],[-0.65588,41.89407],[-0.67231,41.89347],[-0.67552,41.8922],[-0.68126,41.89124],[-0.68719,41.88911],[-0.68779,41.88703],[-0.68797,41.88299],[-0.68796,41.88247]]],[[[-0.92934,42.01278],[-0.93189,42.01397],[-0.9357,42.01418],[-0.93836,42.01494],[-0.93981,42.01498],[-0.94372,42.01313],[-0.94485,42.00911],[-0.94302,42.00377],[-0.94353,42.00237],[-0.94187,42.00017],[-0.94155,41.99572],[-0.9426,41.99273],[-0.94147,41.98623],[-0.94057,41.98417],[-0.94138,41.98221],[-0.93932,41.98059],[-0.93813,41.97568],[-0.93961,41.97099],[-0.93931,41.96802],[-0.93922,41.96332],[-0.94042,41.96055],[-0.94041,41.95736],[-0.93489,41.9464],[-0.93375,41.94145],[-0.93355,41.93869],[-0.93644,41.93593],[-0.94292,41.93312],[-0.95004,41.93336],[-0.95189,41.93386],[-0.95232,41.93292],[-0.95436,41.93131],[-0.95613,41.93101],[-0.94996,41.92151],[-0.94911,41.91554],[-0.94871,41.91524],[-0.94838,41.91387],[-0.94745,41.91268],[-0.94754,41.91243],[-0.94721,41.91214],[-0.94676,41.91219],[-0.94637,41.91149],[-0.9465,41.91084],[-0.94494,41.91002],[-0.94466,41.90953],[-0.94434,41.90872],[-0.94428,41.90728],[-0.94403,41.90694],[-0.94411,41.90594],[-0.94385,41.9055],[-0.94402,41.90435],[-0.9429,41.90235],[-0.94155,41.90121],[-0.94007,41.89927],[-0.93901,41.89838],[-0.93585,41.89416],[-0.9369,41.89326],[-0.93709,41.89262],[-0.93495,41.88665],[-0.93404,41.88219],[-0.93277,41.88021],[-0.93025,41.87805],[-0.92837,41.87691],[-0.92715,41.87512],[-0.92454,41.87294],[-0.9225,41.87071],[-0.92042,41.87048],[-0.92006,41.86969],[-0.91932,41.86955],[-0.91588,41.86672],[-0.91328,41.86587],[-0.91001,41.86142],[-0.90869,41.86088],[-0.90745,41.86],[-0.90383,41.85641],[-0.89444,41.84869],[-0.89383,41.84782],[-0.88479,41.84362],[-0.88456,41.84324],[-0.86979,41.83761],[-0.86803,41.83447],[-0.86809,41.83343],[-0.86179,41.82491],[-0.84768,41.81971],[-0.83249,41.8102],[-0.82394,41.80349],[-0.82032,41.8084],[-0.8113,41.81702],[-0.80941,41.82079],[-0.80847,41.82564],[-0.8082,41.83116],[-0.80572,41.83561],[-0.77764,41.82442],[-0.77672,41.828],[-0.77488,41.83012],[-0.77143,41.83083],[-0.77066,41.8313],[-0.76953,41.83249],[-0.76937,41.83295],[-0.76968,41.8335],[-0.77179,41.83469],[-0.77322,41.83502],[-0.7756,41.83466],[-0.77727,41.83263],[-0.77889,41.83214],[-0.78111,41.83233],[-0.7819,41.83269],[-0.78381,41.83447],[-0.78372,41.83495],[-0.78073,41.83823],[-0.78108,41.83968],[-0.77906,41.84113],[-0.77359,41.84298],[-0.77307,41.8427],[-0.77229,41.84308],[-0.77083,41.84302],[-0.77035,41.84283],[-0.77041,41.84223],[-0.76962,41.84182],[-0.7686,41.84171],[-0.7683,41.84199],[-0.76869,41.84361],[-0.76843,41.84506],[-0.76878,41.84554],[-0.76809,41.84593],[-0.76908,41.84665],[-0.76863,41.84755],[-0.76835,41.84954],[-0.76858,41.85064],[-0.7684,41.85113],[-0.76792,41.85151],[-0.76799,41.85213],[-0.76708,41.85491],[-0.76748,41.85638],[-0.76617,41.85746],[-0.77554,41.88029],[-0.76777,41.88199],[-0.76079,41.88144],[-0.76005,41.88409],[-0.76525,41.89692],[-0.78624,41.90637],[-0.78537,41.91398],[-0.78346,41.9219],[-0.77799,41.93146],[-0.77452,41.94082],[-0.75567,41.94327],[-0.73315,41.94559],[-0.66913,41.94525],[-0.66771,41.94778],[-0.66737,41.94891],[-0.66684,41.95192],[-0.66679,41.95374],[-0.66352,41.95861],[-0.68194,41.95862],[-0.68741,41.95829],[-0.68868,41.95867],[-0.69681,41.95656],[-0.70494,41.9569],[-0.70631,41.95763],[-0.7172,41.95915],[-0.72118,41.95939],[-0.72443,41.96083],[-0.72876,41.96022],[-0.73703,41.95332],[-0.76788,41.9566],[-0.77821,41.9574],[-0.79083,41.96148],[-0.79292,41.96162],[-0.79637,41.9626],[-0.80968,41.97072],[-0.813,41.97156],[-0.81379,41.97393],[-0.81608,41.97468],[-0.81981,41.97477],[-0.82732,41.97879],[-0.82851,41.97886],[-0.83293,41.98112],[-0.84376,41.98402],[-0.85087,41.98897],[-0.85213,41.98925],[-0.85355,41.99056],[-0.85418,41.99035],[-0.85676,41.99102],[-0.86325,41.99815],[-0.86468,41.99837],[-0.86706,41.99991],[-0.87034,42.00056],[-0.87261,41.9995],[-0.87331,42.0001],[-0.8826,42.00232],[-0.88493,42.00358],[-0.89035,42.00263],[-0.89143,42.0043],[-0.89518,42.00674],[-0.90093,42.00885],[-0.903,42.00926],[-0.90518,42.01039],[-0.90873,42.00999],[-0.91844,42.01038],[-0.92082,42.01133],[-0.92363,42.01117],[-0.92527,42.01188],[-0.92723,42.01179],[-0.92934,42.01278]]]]}},{"type":"Feature","properties":{"COD_POSTAL":"50784"},"geometry":{"type":"Polygon","coordinates":[[[-0.44333,41.35017],[-0.4443,41.35025],[-0.44774,41.34986],[-0.45756,41.34638],[-0.45908,41.34602],[-0.46282,41.34576],[-0.46707,41.34692],[-0.47015,41.34703],[-0.47588,41.34601],[-0.47993,41.34593],[-0.47877,41.34279],[-0.47739,41.3346],[-0.47707,41.32931],[-0.47472,41.32408],[-0.47016,41.31825],[-0.45977,41.31599],[-0.45926,41.31843],[-0.45727,41.31776],[-0.45651,41.31704],[-0.45581,41.31682],[-0.4542,41.31683],[-0.45268,41.3165],[-0.4507,41.31531],[-0.44786,41.31406],[-0.44666,41.31414],[-0.44335,41.31301],[-0.42427,41.31353],[-0.42452,41.31265],[-0.42423,41.31218],[-0.42364,41.31205],[-0.42172,41.31243],[-0.42076,41.31174],[-0.42065,41.31214],[-0.42087,41.31251],[-0.42213,41.31327],[-0.42199,41.31419],[-0.42273,41.31834],[-0.42077,41.31984],[-0.41999,41.32099],[-0.42029,41.32172],[-0.42028,41.323],[-0.42071,41.32456],[-0.42062,41.32587],[-0.42023,41.32672],[-0.41293,41.32934],[-0.40399,41.32786],[-0.39905,41.32672],[-0.39665,41.32578],[-0.39226,41.32503],[-0.38724,41.32446],[-0.38632,41.32582],[-0.38861,41.32598],[-0.39334,41.32749],[-0.39449,41.32831],[-0.39567,41.33048],[-0.39745,41.33151],[-0.40028,41.33256],[-0.40514,41.33384],[-0.40992,41.33414],[-0.41193,41.33403],[-0.41972,41.33271],[-0.42186,41.33313],[-0.42611,41.33681],[-0.42826,41.33956],[-0.43062,41.34406],[-0.43177,41.34859],[-0.43689,41.34912],[-0.4381,41.349],[-0.44022,41.34952],[-0.44333,41.35017]]]}},{"type":"Feature","properties":{"COD_POSTAL":"50007"},"geometry":{"type":"Polygon","coordinates":[[[-0.87515,41.63659],[-0.88629,41.64232],[-0.88663,41.64003],[-0.88621,41.63892],[-0.88462,41.63834],[-0.88437,41.63804],[-0.88495,41.63351],[-0.88999,41.63388],[-0.89112,41.63373],[-0.89177,41.63317],[-0.89157,41.63201],[-0.89171,41.6312],[-0.89244,41.62987],[-0.89595,41.62959],[-0.89781,41.62812],[-0.9006,41.6298],[-0.90098,41.62947],[-0.90156,41.62944],[-0.90206,41.6291],[-0.90215,41.62823],[-0.90104,41.62672],[-0.90213,41.62616],[-0.90233,41.62566],[-0.90264,41.62551],[-0.90306,41.6257],[-0.90375,41.62539],[-0.90377,41.62477],[-0.90204,41.62416],[-0.90203,41.6235],[-0.90455,41.62283],[-0.90362,41.6219],[-0.90492,41.62066],[-0.90079,41.61513],[-0.89441,41.61403],[-0.89403,41.61577],[-0.89421,41.61604],[-0.89298,41.61855],[-0.89236,41.61922],[-0.89269,41.6213],[-0.89269,41.6232],[-0.89231,41.62391],[-0.8897,41.62405],[-0.88842,41.62438],[-0.8862,41.62438],[-0.88103,41.62325],[-0.87724,41.62073],[-0.8752,41.62125],[-0.87316,41.62301],[-0.8678,41.62483],[-0.86802,41.62655],[-0.86842,41.62747],[-0.86794,41.63021],[-0.86815,41.63137],[-0.86879,41.63283],[-0.87012,41.63357],[-0.87017,41.63395],[-0.87488,41.63643],[-0.87515,41.63659]]]}},{"type":"Feature","properties":{"COD_POSTAL":"50292"},"geometry":{"type":"Polygon","coordinates":[[[-1.99743,41.29196],[-1.99735,41.29112],[-1.99762,41.29016],[-1.99959,41.28782],[-1.99994,41.28594],[-2.0036,41.28239],[-2.00649,41.27766],[-2.00954,41.26891],[-2.01009,41.26608],[-2.01033,41.26334],[-2.01083,41.26175],[-2.01067,41.2579],[-2.01217,41.25243],[-2.01339,41.24938],[-2.01325,41.24812],[-2.01364,41.24737],[-2.01558,41.24568],[-2.01674,41.24408],[-2.01731,41.24183],[-2.01726,41.23879],[-2.0148,41.23278],[-2.00902,41.2265],[-2.00403,41.22048],[-2.00227,41.21904],[-1.99913,41.21495],[-1.99728,41.21469],[-1.99062,41.21453],[-1.97884,41.21298],[-1.9755,41.21221],[-1.97142,41.21193],[-1.96328,41.21373],[-1.9612,41.21391],[-1.95817,41.21524],[-1.95127,41.21725],[-1.9501,41.21864],[-1.94731,41.21915],[-1.94681,41.21955],[-1.94559,41.22196],[-1.94322,41.22452],[-1.94061,41.22564],[-1.93745,41.22865],[-1.93401,41.23084],[-1.9296,41.23335],[-1.92868,41.23337],[-1.9288,41.23439],[-1.9304,41.23529],[-1.93173,41.23669],[-1.93186,41.23798],[-1.93453,41.24032],[-1.93658,41.24125],[-1.93675,41.24201],[-1.93819,41.24299],[-1.93941,41.24586],[-1.94018,41.24628],[-1.94126,41.24806],[-1.94339,41.24947],[-1.94397,41.25012],[-1.94409,41.25063],[-1.94362,41.25155],[-1.94184,41.25282],[-1.94201,41.25438],[-1.94242,41.25483],[-1.94247,41.25526],[-1.94199,41.25599],[-1.94191,41.25656],[-1.94103,41.25717],[-1.9408,41.25767],[-1.94106,41.25962],[-1.94069,41.26163],[-1.94042,41.26743],[-1.93922,41.27829],[-1.93679,41.29111],[-1.93555,41.29632],[-1.93534,41.30044],[-1.934,41.30718],[-1.92346,41.32554],[-1.92128,41.32868],[-1.92305,41.32947],[-1.92767,41.3335],[-1.92983,41.33715],[-1.93441,41.33997],[-1.93675,41.34531],[-1.9405,41.34991],[-1.9506,41.34582],[-1.95777,41.34193],[-1.96286,41.33981],[-1.96755,41.33934],[-1.97093,41.34005],[-1.97457,41.3398],[-1.98233,41.33848],[-1.99078,41.33354],[-1.99401,41.33005],[-1.99423,41.32938],[-1.99429,41.32626],[-1.99342,41.32408],[-1.9912,41.31278],[-1.99129,41.31135],[-1.98923,41.30819],[-1.98738,41.30669],[-1.98738,41.30611],[-1.98873,41.30302],[-1.98835,41.30275],[-1.9851,41.30224],[-1.9843,41.30121],[-1.98514,41.2997],[-1.98852,41.30012],[-1.98934,41.30109],[-1.99186,41.30204],[-1.99562,41.29723],[-1.99709,41.29448],[-1.99761,41.29263],[-1.99743,41.29196]]]}},{"type":"Feature","properties":{"COD_POSTAL":"50160"},"geometry":{"type":"Polygon","coordinates":[[[-0.70059,41.81703],[-0.7007,41.81463],[-0.70013,41.80925],[-0.70056,41.80382],[-0.69999,41.80116],[-0.69952,41.80012],[-0.69646,41.79668],[-0.69406,41.79239],[-0.69413,41.78939],[-0.69459,41.78838],[-0.69458,41.7872],[-0.69375,41.78266],[-0.69315,41.78077],[-0.69018,41.78082],[-0.68783,41.78029],[-0.68432,41.78091],[-0.68244,41.77862],[-0.68022,41.77771],[-0.67432,41.77758],[-0.6732,41.77841],[-0.67313,41.77871],[-0.67229,41.77916],[-0.67069,41.77813],[-0.66924,41.77754],[-0.66758,41.7772],[-0.66613,41.7779],[-0.66527,41.77763],[-0.66302,41.77754],[-0.66079,41.77637],[-0.6586,41.77632],[-0.6573,41.77571],[-0.65566,41.77584],[-0.65314,41.77559],[-0.65206,41.77652],[-0.64937,41.77671],[-0.64816,41.77568],[-0.64206,41.77402],[-0.63836,41.77569],[-0.63534,41.77544],[-0.63345,41.77585],[-0.63103,41.77498],[-0.62827,41.77467],[-0.62536,41.77396],[-0.61002,41.77226],[-0.60742,41.7722],[-0.60633,41.77167],[-0.60471,41.76994],[-0.60165,41.76939],[-0.59881,41.76958],[-0.59436,41.76751],[-0.58974,41.76676],[-0.5855,41.76258],[-0.58371,41.76175],[-0.57941,41.76041],[-0.5785,41.75978],[-0.57642,41.75738],[-0.57447,41.75756],[-0.57146,41.7589],[-0.57103,41.76175],[-0.56971,41.76238],[-0.5665,41.76518],[-0.56922,41.77226],[-0.57243,41.77677],[-0.57263,41.77772],[-0.57231,41.77954],[-0.57213,41.78016],[-0.5715,41.7808],[-0.57006,41.7815],[-0.56652,41.78267],[-0.56268,41.78341],[-0.55756,41.7836],[-0.55465,41.78299],[-0.55222,41.78382],[-0.54903,41.78604],[-0.54657,41.79036],[-0.54208,41.78856],[-0.54019,41.78844],[-0.53495,41.78901],[-0.53254,41.78892],[-0.53042,41.78858],[-0.52857,41.78745],[-0.51916,41.7872],[-0.51756,41.78606],[-0.51201,41.78436],[-0.51066,41.78544],[-0.50884,41.79147],[-0.51062,41.79352],[-0.51145,41.79615],[-0.51243,41.79828],[-0.51209,41.80193],[-0.51143,41.80441],[-0.51055,41.80658],[-0.51117,41.80846],[-0.51519,41.8107],[-0.51652,41.8136],[-0.51685,41.81832],[-0.51831,41.82462],[-0.51561,41.82909],[-0.51596,41.83091],[-0.51602,41.83511],[-0.51675,41.83678],[-0.51948,41.84057],[-0.52284,41.84252],[-0.52304,41.84283],[-0.52254,41.84465],[-0.52408,41.84683],[-0.52462,41.84834],[-0.52904,41.8535],[-0.53203,41.85335],[-0.53397,41.85434],[-0.53642,41.857],[-0.5392,41.85804],[-0.54278,41.85794],[-0.54579,41.86213],[-0.54791,41.86347],[-0.54895,41.86457],[-0.55398,41.86781],[-0.55521,41.87133],[-0.56169,41.87206],[-0.56677,41.87459],[-0.57046,41.87553],[-0.57557,41.87628],[-0.57939,41.87649],[-0.58253,41.87571],[-0.58491,41.87577],[-0.58687,41.87677],[-0.59034,41.87966],[-0.59243,41.88155],[-0.59279,41.88248],[-0.60331,41.88283],[-0.60104,41.88751],[-0.59868,41.88915],[-0.59806,41.89006],[-0.59769,41.89307],[-0.59523,41.89691],[-0.59513,41.89893],[-0.59546,41.89959],[-0.59789,41.90149],[-0.59971,41.90223],[-0.61593,41.90572],[-0.63058,41.91291],[-0.6307,41.91407],[-0.6326,41.92],[-0.63927,41.92894],[-0.64241,41.93218],[-0.65124,41.94373],[-0.652,41.94561],[-0.65226,41.94772],[-0.65783,41.9575],[-0.66186,41.9586],[-0.66352,41.95861],[-0.66679,41.95374],[-0.66684,41.95192],[-0.66737,41.94891],[-0.66771,41.94778],[-0.6693,41.94495],[-0.67781,41.93817],[-0.68399,41.93398],[-0.68835,41.9304],[-0.69266,41.92365],[-0.69298,41.9215],[-0.69363,41.91996],[-0.69258,41.91645],[-0.69155,41.90879],[-0.69233,41.89644],[-0.68359,41.89403],[-0.68089,41.89753],[-0.68039,41.89906],[-0.67944,41.90082],[-0.67828,41.90199],[-0.67752,41.90468],[-0.67487,41.90782],[-0.66875,41.9067],[-0.66292,41.90497],[-0.65756,41.90383],[-0.65122,41.90213],[-0.65016,41.90169],[-0.64792,41.90011],[-0.64785,41.89957],[-0.64871,41.89952],[-0.64842,41.89901],[-0.65007,41.89742],[-0.64852,41.89689],[-0.64798,41.89596],[-0.64687,41.89616],[-0.64569,41.89584],[-0.64502,41.89436],[-0.64486,41.89278],[-0.64399,41.88988],[-0.64064,41.88497],[-0.63803,41.88051],[-0.63677,41.87754],[-0.63602,41.8747],[-0.63111,41.8718],[-0.62733,41.86796],[-0.62719,41.86684],[-0.62763,41.86555],[-0.62638,41.86186],[-0.62661,41.86121],[-0.62581,41.85872],[-0.62613,41.85738],[-0.62604,41.85623],[-0.6263,41.85438],[-0.6261,41.85223],[-0.62624,41.85086],[-0.62563,41.84863],[-0.62588,41.8468],[-0.62459,41.84496],[-0.62416,41.84309],[-0.62757,41.83957],[-0.63544,41.83445],[-0.63844,41.83345],[-0.64384,41.83359],[-0.65013,41.83632],[-0.65733,41.83898],[-0.66368,41.84182],[-0.66444,41.84149],[-0.6669,41.84294],[-0.66866,41.84464],[-0.66954,41.84855],[-0.67005,41.8498],[-0.67192,41.85233],[-0.6732,41.85636],[-0.67946,41.86333],[-0.68341,41.86839],[-0.68437,41.86973],[-0.68524,41.87136],[-0.68556,41.87254],[-0.68734,41.87532],[-0.68997,41.87361],[-0.69755,41.86645],[-0.69818,41.86582],[-0.69838,41.8646],[-0.70606,41.86231],[-0.70751,41.86147],[-0.72298,41.85607],[-0.72532,41.85323],[-0.72624,41.8512],[-0.72706,41.8501],[-0.72843,41.84929],[-0.72742,41.84881],[-0.72527,41.84827],[-0.72258,41.84816],[-0.72141,41.84781],[-0.71915,41.84792],[-0.71292,41.84682],[-0.70989,41.84696],[-0.70467,41.84675],[-0.7034,41.84728],[-0.70183,41.84732],[-0.70038,41.84768],[-0.69866,41.84396],[-0.69719,41.83771],[-0.69813,41.83529],[-0.69769,41.83251],[-0.69782,41.82914],[-0.69662,41.82292],[-0.69936,41.82278],[-0.70245,41.82148],[-0.70055,41.82058],[-0.7006,41.81783],[-0.70059,41.81703]]]}},{"type":"Feature","properties":{"COD_POSTAL":"50390"},"geometry":{"type":"Polygon","coordinates":[[[-1.58577,41.20106],[-1.58334,41.19919],[-1.58211,41.19901],[-1.58164,41.19732],[-1.5813,41.1971],[-1.57842,41.19692],[-1.56998,41.19333],[-1.56883,41.1922],[-1.56655,41.19116],[-1.56255,41.18959],[-1.56186,41.18993],[-1.55626,41.1947],[-1.55579,41.19661],[-1.55554,41.19677],[-1.55197,41.19757],[-1.54858,41.19863],[-1.54721,41.20222],[-1.54348,41.20633],[-1.54106,41.21081],[-1.539,41.21173],[-1.53286,41.21541],[-1.5302,41.2167],[-1.52945,41.21608],[-1.52912,41.21606],[-1.52747,41.21675],[-1.52652,41.21661],[-1.52497,41.21919],[-1.52456,41.2195],[-1.52244,41.22027],[-1.52083,41.22057],[-1.51042,41.2248],[-1.5122,41.22795],[-1.51099,41.22901],[-1.51033,41.23023],[-1.50968,41.23477],[-1.50913,41.23701],[-1.50899,41.239],[-1.50829,41.24058],[-1.50931,41.24201],[-1.51439,41.24499],[-1.52084,41.24741],[-1.52531,41.25],[-1.52801,41.25124],[-1.52831,41.25152],[-1.52903,41.25417],[-1.52868,41.25647],[-1.52905,41.25762],[-1.5315,41.25841],[-1.53326,41.2585],[-1.53742,41.25937],[-1.5412,41.26092],[-1.55355,41.25302],[-1.56537,41.24676],[-1.56124,41.24346],[-1.57078,41.22971],[-1.57144,41.22922],[-1.57329,41.22897],[-1.5748,41.22795],[-1.5764,41.22609],[-1.57727,41.22394],[-1.58447,41.21924],[-1.58152,41.21742],[-1.58081,41.21664],[-1.57997,41.21168],[-1.58007,41.20645],[-1.58053,41.20568],[-1.58583,41.2011],[-1.58577,41.20106]]]}},{"type":"Feature","properties":{"COD_POSTAL":"50590"},"geometry":{"type":"Polygon","coordinates":[[[-1.69972,41.78342],[-1.70071,41.7846],[-1.7032,41.78578],[-1.7049,41.78533],[-1.70588,41.78645],[-1.70964,41.78675],[-1.71104,41.78727],[-1.71557,41.78761],[-1.71889,41.78853],[-1.72258,41.7891],[-1.72704,41.78872],[-1.7316,41.78928],[-1.73396,41.79007],[-1.73544,41.79118],[-1.7477,41.79045],[-1.75483,41.79173],[-1.75612,41.79085],[-1.75769,41.79065],[-1.75982,41.78885],[-1.76456,41.787],[-1.76572,41.78671],[-1.77146,41.78635],[-1.77394,41.78592],[-1.77567,41.786],[-1.77831,41.78501],[-1.79125,41.78418],[-1.79443,41.7831],[-1.79572,41.78166],[-1.79714,41.7806],[-1.79893,41.7811],[-1.79623,41.78585],[-1.80002,41.78448],[-1.81079,41.78136],[-1.81438,41.78239],[-1.8181,41.78099],[-1.82036,41.77906],[-1.82532,41.77837],[-1.82498,41.77364],[-1.82114,41.7661],[-1.81871,41.76538],[-1.81523,41.76179],[-1.81215,41.75917],[-1.80681,41.75594],[-1.80585,41.75508],[-1.80268,41.75122],[-1.8028,41.74927],[-1.8036,41.74697],[-1.80458,41.74535],[-1.80807,41.74143],[-1.80925,41.73801],[-1.80921,41.73666],[-1.80871,41.73633],[-1.80244,41.73447],[-1.79794,41.73261],[-1.79313,41.73381],[-1.78777,41.73413],[-1.7859,41.73059],[-1.78434,41.72846],[-1.78319,41.72761],[-1.77889,41.72714],[-1.77537,41.72479],[-1.77347,41.7238],[-1.77032,41.7224],[-1.76222,41.71967],[-1.7611,41.71832],[-1.74407,41.72517],[-1.73572,41.72395],[-1.73206,41.72309],[-1.73068,41.72514],[-1.72835,41.72537],[-1.72737,41.72519],[-1.72407,41.72804],[-1.72079,41.72993],[-1.71668,41.73735],[-1.71551,41.73829],[-1.70438,41.74132],[-1.69809,41.74652],[-1.69411,41.75028],[-1.69138,41.75355],[-1.69045,41.75525],[-1.68218,41.75784],[-1.68253,41.759],[-1.68391,41.76023],[-1.68502,41.76079],[-1.68536,41.76151],[-1.68746,41.76248],[-1.68724,41.76389],[-1.68689,41.76454],[-1.68614,41.76532],[-1.68603,41.76603],[-1.68436,41.76893],[-1.68371,41.76935],[-1.68355,41.77018],[-1.68446,41.77206],[-1.68477,41.77396],[-1.68466,41.77646],[-1.68407,41.77775],[-1.6843,41.779],[-1.68281,41.78241],[-1.69328,41.77793],[-1.69563,41.77656],[-1.69811,41.77449],[-1.69896,41.77622],[-1.69951,41.77838],[-1.69949,41.78299],[-1.69972,41.78342]]]}},{"type":"Feature","properties":{"COD_POSTAL":"50562"},"geometry":{"type":"Polygon","coordinates":[[[-1.45304,41.86927],[-1.45278,41.86978],[-1.45188,41.86859],[-1.45135,41.86827],[-1.45039,41.86968],[-1.44958,41.86906],[-1.45079,41.86754],[-1.45057,41.86696],[-1.44831,41.86502],[-1.44392,41.86323],[-1.44352,41.86445],[-1.44242,41.86386],[-1.4424,41.86455],[-1.44166,41.86438],[-1.44096,41.8655],[-1.43803,41.86486],[-1.43554,41.86468],[-1.43387,41.8655],[-1.43174,41.8651],[-1.43185,41.86702],[-1.43078,41.86942],[-1.42994,41.86871],[-1.42957,41.86788],[-1.42751,41.8677],[-1.42577,41.86583],[-1.42255,41.86622],[-1.41671,41.86623],[-1.40978,41.8676],[-1.40716,41.86706],[-1.40478,41.86696],[-1.40882,41.86729],[-1.40978,41.86761],[-1.40879,41.86809],[-1.40793,41.8718],[-1.41572,41.87714],[-1.43056,41.88131],[-1.43174,41.88249],[-1.43531,41.8834],[-1.44267,41.88729],[-1.44228,41.88953],[-1.45429,41.89939],[-1.45404,41.90161],[-1.47431,41.90349],[-1.50086,41.90317],[-1.50308,41.90284],[-1.50191,41.90197],[-1.50064,41.90051],[-1.49604,41.88837],[-1.49479,41.88258],[-1.48777,41.87696],[-1.48928,41.87516],[-1.4946,41.87139],[-1.49104,41.87373],[-1.48928,41.87516],[-1.48657,41.87808],[-1.4835,41.87747],[-1.48023,41.87623],[-1.47839,41.87469],[-1.47786,41.87586],[-1.47365,41.87562],[-1.47244,41.87424],[-1.46991,41.87431],[-1.46736,41.87371],[-1.46506,41.87259],[-1.46231,41.87182],[-1.46179,41.87115],[-1.4588,41.86978],[-1.45851,41.86972],[-1.45789,41.87054],[-1.45708,41.87061],[-1.45656,41.87041],[-1.45653,41.8698],[-1.45397,41.86914],[-1.45406,41.86868],[-1.45334,41.86828],[-1.45304,41.86927]]]}},{"type":"Feature","properties":{"COD_POSTAL":"50461"},"geometry":{"type":"Polygon","coordinates":[[[-1.17424,41.45287],[-1.17363,41.45339],[-1.17202,41.45385],[-1.17034,41.45393],[-1.16887,41.45615],[-1.16687,41.45801],[-1.16506,41.46252],[-1.16404,41.46355],[-1.16164,41.46702],[-1.16303,41.46973],[-1.16122,41.47135],[-1.16093,41.47212],[-1.161,41.47272],[-1.16251,41.47368],[-1.16457,41.47366],[-1.16554,41.47489],[-1.16704,41.47516],[-1.16809,41.47503],[-1.16919,41.47706],[-1.16962,41.47741],[-1.17242,41.47842],[-1.17319,41.47818],[-1.17304,41.47897],[-1.1736,41.47996],[-1.17405,41.48028],[-1.17451,41.4816],[-1.17553,41.48254],[-1.17933,41.48754],[-1.1803,41.48817],[-1.18142,41.48828],[-1.18245,41.48885],[-1.18399,41.48923],[-1.18614,41.49115],[-1.18652,41.49199],[-1.18664,41.49301],[-1.18812,41.49452],[-1.18888,41.49655],[-1.19004,41.49826],[-1.1929,41.4997],[-1.19659,41.50223],[-1.19795,41.50396],[-1.19975,41.50557],[-1.20364,41.50764],[-1.20674,41.50979],[-1.20946,41.51194],[-1.21123,41.51406],[-1.21706,41.51684],[-1.22242,41.51629],[-1.22977,41.51613],[-1.23602,41.5168],[-1.23879,41.51665],[-1.24221,41.51747],[-1.2438,41.51761],[-1.24951,41.51635],[-1.25476,41.51413],[-1.25917,41.51146],[-1.27223,41.50246],[-1.27752,41.49951],[-1.27976,41.49688],[-1.28046,41.49434],[-1.282,41.49096],[-1.28567,41.48552],[-1.29035,41.47728],[-1.2932,41.47381],[-1.30126,41.46219],[-1.30266,41.46077],[-1.30174,41.45563],[-1.29453,41.45094],[-1.2932,41.44945],[-1.29262,41.44831],[-1.29121,41.44385],[-1.29149,41.44227],[-1.29083,41.43852],[-1.28927,41.43598],[-1.28626,41.43264],[-1.28425,41.42902],[-1.2826,41.42523],[-1.27976,41.42095],[-1.27833,41.41958],[-1.27544,41.41779],[-1.27134,41.41576],[-1.26838,41.41353],[-1.26691,41.41178],[-1.26542,41.40926],[-1.26206,41.40237],[-1.25499,41.40011],[-1.25405,41.40263],[-1.25335,41.40354],[-1.25171,41.41009],[-1.24606,41.41075],[-1.2376,41.41415],[-1.23437,41.41445],[-1.22911,41.41327],[-1.22346,41.41324],[-1.22049,41.41291],[-1.21678,41.41304],[-1.21479,41.41276],[-1.21163,41.41202],[-1.20578,41.41001],[-1.2043,41.41006],[-1.20249,41.4093],[-1.19849,41.41169],[-1.19128,41.41835],[-1.18278,41.42356],[-1.18209,41.42358],[-1.18085,41.42419],[-1.1801,41.42519],[-1.17653,41.42724],[-1.17249,41.43003],[-1.17133,41.43096],[-1.16989,41.43292],[-1.17042,41.43373],[-1.17059,41.43513],[-1.17138,41.43588],[-1.17146,41.43782],[-1.17209,41.43959],[-1.1735,41.4421],[-1.17377,41.4429],[-1.17344,41.44355],[-1.17394,41.44433],[-1.17452,41.44624],[-1.17444,41.44678],[-1.17534,41.44921],[-1.17536,41.45005],[-1.17451,41.45124],[-1.17454,41.45237],[-1.17424,41.45287]]]}},{"type":"Feature","properties":{"COD_POSTAL":"50620"},"geometry":{"type":"Polygon","coordinates":[[[-1.06558,41.73501],[-1.05667,41.73172],[-1.05204,41.72798],[-1.05074,41.7272],[-1.0505,41.72518],[-1.04817,41.7224],[-1.04842,41.72061],[-1.04905,41.71885],[-1.05052,41.71798],[-1.05253,41.71769],[-1.05554,41.71568],[-1.05627,41.71533],[-1.05764,41.71519],[-1.05924,41.71423],[-1.06244,41.71411],[-1.06458,41.71245],[-1.07212,41.71276],[-1.0731,41.71229],[-1.07546,41.71197],[-1.07799,41.71112],[-1.08175,41.71049],[-1.05643,41.70894],[-1.03915,41.70857],[-1.03794,41.70985],[-1.03632,41.71013],[-1.03288,41.70839],[-1.03193,41.7083],[-1.02992,41.70936],[-1.02939,41.70982],[-1.02901,41.71069],[-1.02931,41.71294],[-1.02976,41.7137],[-1.02956,41.71441],[-1.02856,41.71545],[-1.02769,41.71584],[-1.02496,41.71782],[-1.02458,41.71782],[-1.02415,41.71888],[-1.02382,41.7191],[-1.02188,41.71786],[-1.01453,41.71442],[-1.01207,41.71717],[-1.00884,41.7232],[-1.01081,41.72451],[-1.01469,41.72961],[-1.01516,41.72984],[-1.01573,41.72921],[-1.01894,41.73203],[-1.02078,41.73084],[-1.02333,41.73451],[-1.0244,41.73493],[-1.02529,41.73485],[-1.02616,41.73397],[-1.02769,41.73148],[-1.02958,41.72929],[-1.02975,41.72892],[-1.0296,41.72803],[-1.0298,41.72774],[-1.03257,41.72802],[-1.03753,41.72739],[-1.03776,41.72712],[-1.03715,41.72594],[-1.03832,41.72378],[-1.04453,41.72708],[-1.04754,41.72911],[-1.06509,41.73542],[-1.06712,41.73596],[-1.06707,41.73558],[-1.06558,41.73501]]]}},{"type":"Feature","properties":{"COD_POSTAL":"50010"},"geometry":{"type":"Polygon","coordinates":[[[-0.90257,41.65789],[-0.90329,41.65814],[-0.9036,41.6563],[-0.90529,41.65645],[-0.90791,41.65714],[-0.91009,41.65314],[-0.91007,41.65216],[-0.90697,41.65286],[-0.90551,41.65304],[-0.90541,41.65279],[-0.90463,41.653],[-0.90455,41.65285],[-0.90534,41.65264],[-0.9036,41.64882],[-0.90239,41.64915],[-0.90235,41.649],[-0.90385,41.64857],[-0.90368,41.64793],[-0.90768,41.64665],[-0.90783,41.64659],[-0.90766,41.64622],[-0.90361,41.6476],[-0.90275,41.64779],[-0.90259,41.64759],[-0.90212,41.64776],[-0.90221,41.64807],[-0.89917,41.6491],[-0.89811,41.64914],[-0.89428,41.64859],[-0.8941,41.64744],[-0.89392,41.64753],[-0.89447,41.6498],[-0.89563,41.65125],[-0.89765,41.65453],[-0.89848,41.65517],[-0.89813,41.65525],[-0.90025,41.65694],[-0.90052,41.65684],[-0.90177,41.65746],[-0.90257,41.65789]]]}},{"type":"Feature","properties":{"COD_POSTAL":"50741"},"geometry":{"type":"Polygon","coordinates":[[[-0.64235,41.48884],[-0.64748,41.50172],[-0.68788,41.49992],[-0.68793,41.49678],[-0.68661,41.49411],[-0.6853,41.49065],[-0.68262,41.48985],[-0.68123,41.48766],[-0.67454,41.48443],[-0.67202,41.4838],[-0.6702,41.4829],[-0.67096,41.48171],[-0.67065,41.48105],[-0.64235,41.48884]]]}},{"type":"Feature","properties":{"COD_POSTAL":"50710"},"geometry":{"type":"Polygon","coordinates":[[[0.07416,41.18302],[0.07035,41.18059],[0.06632,41.17973],[0.06501,41.17771],[0.06303,41.17605],[0.05558,41.16679],[0.04206,41.15152],[0.03321,41.14406],[0.02723,41.14354],[0.02698,41.1416],[0.02598,41.13962],[0.02166,41.13874],[0.01726,41.13717],[0.0132,41.13075],[0.01195,41.12962],[0.00698,41.12982],[0.00216,41.13236],[0.00239,41.13493],[0.00147,41.13802],[-8e-05,41.13927],[-0.00631,41.13781],[-0.01158,41.13427],[-0.0112,41.13208],[-0.00914,41.1303],[-0.00812,41.12845],[-0.00755,41.1247],[-0.00966,41.12206],[-0.01223,41.12025],[-0.01177,41.11942],[-0.00932,41.11004],[-0.00914,41.10624],[-0.00862,41.104],[-0.00718,41.10075],[-0.0048,41.097],[-0.0023,41.09368],[-0.00065,41.09041],[0.00743,41.08185],[0.00946,41.08005],[0.01136,41.07895],[0.01312,41.07465],[0.01556,41.07292],[0.01899,41.06822],[0.01989,41.06776],[0.02151,41.06763],[0.02469,41.06536],[0.02613,41.06148],[0.02921,41.05838],[0.03077,41.05587],[0.03205,41.05252],[0.03382,41.05021],[0.03611,41.04803],[0.03692,41.04657],[0.03776,41.04707],[0.04103,41.04818],[0.04167,41.04932],[0.04616,41.05322],[0.04791,41.05347],[0.04961,41.05302],[0.05183,41.05482],[0.05102,41.05913],[0.05379,41.06207],[0.05317,41.06243],[0.0557,41.06629],[0.0557,41.0667],[0.05467,41.06843],[0.05754,41.07505],[0.0608,41.07682],[0.07245,41.07943],[0.07532,41.07948],[0.07864,41.08034],[0.09323,41.0801],[0.11552,41.0774],[0.11826,41.07683],[0.11989,41.07604],[0.12276,41.07396],[0.12677,41.07176],[0.12914,41.07102],[0.13593,41.0679],[0.14228,41.06582],[0.14454,41.06582],[0.14521,41.06529],[0.14566,41.06449],[0.14586,41.06304],[0.15945,41.06833],[0.16803,41.07092],[0.17471,41.07074],[0.18214,41.06903],[0.19393,41.06917],[0.1969,41.06797],[0.20046,41.06867],[0.2041,41.06904],[0.21054,41.07065],[0.21566,41.07131],[0.21825,41.07201],[0.21874,41.07207],[0.22039,41.07154],[0.22073,41.07248],[0.22021,41.07375],[0.21739,41.07593],[0.21654,41.07725],[0.21723,41.07817],[0.21973,41.07921],[0.22047,41.08066],[0.22074,41.08187],[0.22008,41.08291],[0.21889,41.08352],[0.21684,41.08414],[0.21562,41.08424],[0.21323,41.08407],[0.20898,41.08288],[0.20798,41.08279],[0.20565,41.08304],[0.20317,41.08368],[0.2017,41.08415],[0.2012,41.08468],[0.20091,41.10266],[0.20312,41.10624],[0.20452,41.10728],[0.20639,41.10956],[0.20533,41.11039],[0.20781,41.11522],[0.20897,41.11691],[0.20683,41.11929],[0.20377,41.12129],[0.20128,41.12378],[0.20086,41.12536],[0.20123,41.12677],[0.20245,41.12779],[0.20392,41.12836],[0.20745,41.1287],[0.21327,41.13029],[0.21726,41.13097],[0.21852,41.13141],[0.21969,41.13232],[0.21391,41.13176],[0.20315,41.13434],[0.18452,41.14548],[0.16623,41.15288],[0.16508,41.15171],[0.15681,41.15717],[0.14741,41.16263],[0.14198,41.16362],[0.13966,41.16612],[0.13997,41.17164],[0.13238,41.17608],[0.10713,41.17838],[0.09876,41.17815],[0.09813,41.17768],[0.09923,41.17535],[0.08827,41.17881],[0.0858,41.18042],[0.08291,41.18024],[0.07439,41.18294],[0.07416,41.18302]]]}},{"type":"Feature","properties":{"COD_POSTAL":"50342"},"geometry":{"type":"Polygon","coordinates":[[[-1.69551,41.3052],[-1.69547,41.30317],[-1.69716,41.3021],[-1.69903,41.30132],[-1.69283,41.29938],[-1.69183,41.29814],[-1.69104,41.2959],[-1.6907,41.29364],[-1.6922,41.28922],[-1.71307,41.28604],[-1.7126,41.28529],[-1.71273,41.28333],[-1.71172,41.28072],[-1.71235,41.27952],[-1.71173,41.2789],[-1.71162,41.27811],[-1.71286,41.2752],[-1.71409,41.27439],[-1.71428,41.27257],[-1.71118,41.27191],[-1.70931,41.27086],[-1.70846,41.26951],[-1.70409,41.26898],[-1.70057,41.26924],[-1.69674,41.26875],[-1.69289,41.27045],[-1.68859,41.27152],[-1.68332,41.27114],[-1.68053,41.26805],[-1.67861,41.26794],[-1.67827,41.26808],[-1.67383,41.27555],[-1.67102,41.27979],[-1.66523,41.28463],[-1.64529,41.28905],[-1.63041,41.30272],[-1.60916,41.30722],[-1.58879,41.31063],[-1.57874,41.31087],[-1.58456,41.31795],[-1.58705,41.32749],[-1.58308,41.32933],[-1.58227,41.33038],[-1.58308,41.32933],[-1.58705,41.32749],[-1.58879,41.3281],[-1.59106,41.32736],[-1.59361,41.32822],[-1.5959,41.32792],[-1.60323,41.32912],[-1.60795,41.32689],[-1.63615,41.32692],[-1.6367,41.32675],[-1.63674,41.32619],[-1.6386,41.3254],[-1.63855,41.32513],[-1.64155,41.32378],[-1.64377,41.32387],[-1.64355,41.32452],[-1.6562,41.3204],[-1.67322,41.30801],[-1.67987,41.3081],[-1.68867,41.31553],[-1.69078,41.31443],[-1.69317,41.31246],[-1.69371,41.31139],[-1.69385,41.31035],[-1.69475,41.30884],[-1.69482,41.30684],[-1.69551,41.3052]]]}},{"type":"Feature","properties":{"COD_POSTAL":"50134"},"geometry":{"type":"Polygon","coordinates":[[[-0.82669,41.24335],[-0.8306,41.24342],[-0.83735,41.24259],[-0.83839,41.24166],[-0.84623,41.22835],[-0.84194,41.21862],[-0.84255,41.21729],[-0.84292,41.21551],[-0.84408,41.21291],[-0.84409,41.21198],[-0.8436,41.21013],[-0.8449,41.20627],[-0.84156,41.19573],[-0.83768,41.18863],[-0.837,41.18818],[-0.83533,41.18747],[-0.83492,41.18696],[-0.83323,41.18641],[-0.82936,41.18406],[-0.82607,41.18351],[-0.82421,41.18382],[-0.82133,41.18274],[-0.81941,41.18178],[-0.81815,41.18075],[-0.81675,41.17931],[-0.81419,41.17577],[-0.81329,41.17537],[-0.80979,41.17494],[-0.8029,41.17148],[-0.8011,41.17116],[-0.79591,41.17367],[-0.79242,41.17674],[-0.78391,41.18187],[-0.78013,41.18225],[-0.77836,41.18306],[-0.77942,41.18627],[-0.7786,41.18726],[-0.77689,41.19485],[-0.77872,41.20041],[-0.77733,41.20401],[-0.78039,41.20878],[-0.78084,41.20983],[-0.7821,41.21407],[-0.78313,41.21633],[-0.78336,41.21809],[-0.78434,41.22181],[-0.78739,41.22677],[-0.79511,41.23373],[-0.79678,41.23585],[-0.79755,41.23743],[-0.79781,41.23856],[-0.79805,41.24174],[-0.80153,41.24605],[-0.80379,41.24753],[-0.80428,41.24762],[-0.8068,41.2477],[-0.80942,41.24744],[-0.81706,41.24404],[-0.82049,41.24367],[-0.82403,41.24366],[-0.82669,41.24335]]]}},{"type":"Feature","properties":{"COD_POSTAL":"50172"},"geometry":{"type":"Polygon","coordinates":[[[-0.73998,41.61666],[-0.74086,41.61592],[-0.73803,41.61365],[-0.74126,41.6119],[-0.74086,41.61161],[-0.7419,41.61108],[-0.74148,41.61078],[-0.74117,41.60972],[-0.73869,41.60851],[-0.73676,41.60813],[-0.73649,41.60716],[-0.73335,41.60363],[-0.72985,41.60119],[-0.7293,41.5999],[-0.72516,41.5975],[-0.72464,41.5971],[-0.72403,41.59608],[-0.72316,41.59601],[-0.72345,41.59312],[-0.72565,41.59307],[-0.72751,41.59072],[-0.7309,41.59009],[-0.73375,41.59166],[-0.73757,41.59139],[-0.73749,41.58885],[-0.73676,41.58754],[-0.73842,41.58574],[-0.73979,41.58518],[-0.74008,41.58481],[-0.74019,41.58374],[-0.7394,41.58374],[-0.73561,41.58262],[-0.73003,41.58247],[-0.72928,41.58326],[-0.72744,41.58429],[-0.72497,41.58495],[-0.71903,41.58205],[-0.71871,41.58158],[-0.71866,41.57974],[-0.71933,41.57603],[-0.72054,41.57472],[-0.72141,41.57263],[-0.72311,41.57039],[-0.72331,41.56958],[-0.72267,41.56916],[-0.71882,41.56831],[-0.71111,41.57537],[-0.70584,41.57272],[-0.70603,41.5715],[-0.70338,41.57142],[-0.70039,41.57097],[-0.69942,41.57261],[-0.69903,41.57674],[-0.69967,41.57797],[-0.70139,41.57923],[-0.70192,41.58002],[-0.69909,41.58374],[-0.69997,41.58531],[-0.6997,41.58605],[-0.70024,41.58893],[-0.70017,41.58957],[-0.69894,41.59247],[-0.69564,41.59778],[-0.69222,41.60193],[-0.69128,41.60267],[-0.69113,41.60315],[-0.68943,41.6043],[-0.68695,41.60264],[-0.68056,41.59708],[-0.67463,41.59276],[-0.6696,41.58993],[-0.66371,41.587],[-0.65996,41.5855],[-0.65392,41.58209],[-0.65194,41.58145],[-0.65064,41.58045],[-0.6504,41.57888],[-0.64832,41.57747],[-0.64082,41.57375],[-0.6368,41.57211],[-0.63423,41.57045],[-0.63147,41.56719],[-0.6295,41.5661],[-0.62703,41.56917],[-0.62373,41.5722],[-0.62004,41.57396],[-0.61865,41.57534],[-0.61787,41.57541],[-0.61717,41.57585],[-0.6164,41.57554],[-0.61444,41.5758],[-0.61255,41.57474],[-0.61184,41.57526],[-0.61125,41.57529],[-0.61061,41.57626],[-0.6098,41.57643],[-0.60869,41.57795],[-0.60898,41.57839],[-0.60751,41.57914],[-0.60716,41.57994],[-0.60457,41.58107],[-0.60463,41.58208],[-0.60548,41.58343],[-0.6057,41.58481],[-0.60541,41.58575],[-0.60605,41.58653],[-0.6043,41.58827],[-0.60669,41.59114],[-0.6023,41.59049],[-0.6014,41.59177],[-0.6022,41.59305],[-0.60075,41.5945],[-0.58817,41.59304],[-0.58673,41.59369],[-0.58595,41.59331],[-0.58101,41.59962],[-0.57792,41.60036],[-0.57277,41.6004],[-0.56973,41.60101],[-0.56596,41.60279],[-0.56349,41.60429],[-0.56197,41.60702],[-0.5636,41.61028],[-0.55995,41.61247],[-0.56112,41.6147],[-0.56245,41.61551],[-0.56328,41.61652],[-0.56679,41.6179],[-0.56887,41.6211],[-0.5724,41.62285],[-0.57302,41.62336],[-0.57431,41.62581],[-0.57543,41.6292],[-0.57585,41.6386],[-0.57886,41.64256],[-0.58193,41.64556],[-0.58232,41.6462],[-0.58754,41.65863],[-0.59092,41.66255],[-0.59544,41.67051],[-0.59881,41.68546],[-0.59908,41.69221],[-0.60044,41.69702],[-0.5991,41.70322],[-0.60034,41.70339],[-0.60809,41.70573],[-0.62275,41.70412],[-0.6564,41.70449],[-0.65589,41.69903],[-0.65439,41.69878],[-0.65306,41.69759],[-0.6516,41.69734],[-0.65108,41.69702],[-0.65016,41.69579],[-0.64911,41.69556],[-0.64866,41.69502],[-0.64856,41.69426],[-0.64932,41.69347],[-0.64928,41.69163],[-0.65386,41.69128],[-0.65589,41.69052],[-0.66056,41.69041],[-0.66169,41.69017],[-0.66274,41.68952],[-0.66416,41.6881],[-0.66333,41.68726],[-0.66553,41.68641],[-0.66669,41.68497],[-0.6707,41.68166],[-0.67148,41.68147],[-0.67303,41.67998],[-0.67252,41.67952],[-0.67387,41.67906],[-0.67418,41.67849],[-0.67381,41.67799],[-0.67424,41.67687],[-0.67414,41.67649],[-0.67295,41.67593],[-0.67211,41.67489],[-0.67282,41.67423],[-0.6727,41.67357],[-0.67442,41.67222],[-0.67528,41.6726],[-0.67607,41.67262],[-0.67635,41.67058],[-0.67709,41.66929],[-0.68017,41.66764],[-0.67987,41.6655],[-0.67999,41.66495],[-0.68108,41.66302],[-0.68314,41.6607],[-0.68489,41.65973],[-0.68714,41.65942],[-0.68888,41.65877],[-0.6903,41.65723],[-0.69368,41.65626],[-0.69538,41.65488],[-0.69661,41.65542],[-0.69752,41.65631],[-0.69891,41.65637],[-0.70045,41.65682],[-0.70162,41.65781],[-0.70482,41.65758],[-0.70537,41.65804],[-0.70596,41.65811],[-0.70708,41.65724],[-0.70927,41.65678],[-0.71191,41.65721],[-0.71266,41.65668],[-0.71252,41.65586],[-0.7135,41.65466],[-0.71455,41.65477],[-0.71583,41.65228],[-0.71765,41.65202],[-0.71799,41.65122],[-0.71867,41.65076],[-0.71797,41.64964],[-0.71933,41.64884],[-0.72015,41.64716],[-0.72108,41.64678],[-0.722,41.64682],[-0.72329,41.64584],[-0.72385,41.64648],[-0.72459,41.64633],[-0.72629,41.64407],[-0.72906,41.64432],[-0.72915,41.64305],[-0.73003,41.64212],[-0.7309,41.64203],[-0.73137,41.64089],[-0.73142,41.64046],[-0.73038,41.63945],[-0.73043,41.639],[-0.72986,41.63808],[-0.73005,41.63731],[-0.72971,41.63664],[-0.73092,41.63594],[-0.73029,41.63506],[-0.73035,41.63453],[-0.73154,41.63294],[-0.73234,41.63322],[-0.73321,41.63314],[-0.73309,41.6312],[-0.73178,41.63005],[-0.7321,41.6295],[-0.73447,41.6273],[-0.73626,41.62625],[-0.73692,41.62456],[-0.73998,41.62214],[-0.73698,41.61988],[-0.73646,41.61919],[-0.73678,41.61896],[-0.73998,41.61666]]]}},{"type":"Feature","properties":{"COD_POSTAL":"50120"},"geometry":{"type":"Polygon","coordinates":[[[-0.95221,41.92495],[-0.95613,41.93101],[-0.95908,41.93141],[-0.96018,41.93133],[-0.96409,41.92905],[-0.96484,41.92709],[-0.96476,41.92634],[-0.96517,41.92467],[-0.96711,41.92457],[-0.96982,41.92481],[-0.9734,41.92436],[-0.97386,41.92384],[-0.97492,41.92337],[-0.97624,41.92444],[-0.97648,41.92603],[-0.97797,41.92849],[-0.98497,41.92586],[-0.99262,41.92481],[-0.99771,41.92187],[-1.00218,41.92114],[-1.00424,41.91907],[-1.00953,41.91952],[-1.01084,41.91882],[-1.0113,41.91806],[-1.01298,41.9171],[-1.02018,41.91443],[-1.02444,41.9069],[-1.02744,41.90301],[-1.04387,41.90047],[-1.04994,41.89873],[-1.05848,41.8984],[-1.06536,41.8957],[-1.07558,41.88929],[-1.07967,41.88611],[-1.07795,41.88402],[-1.07695,41.88167],[-1.0768,41.87523],[-1.07731,41.87316],[-1.07841,41.87127],[-1.07922,41.87034],[-1.08063,41.86984],[-1.08146,41.86684],[-1.08811,41.8633],[-1.09128,41.85884],[-1.0966,41.85507],[-1.09741,41.85303],[-1.10328,41.85107],[-1.10395,41.84591],[-1.109,41.84328],[-1.10928,41.8394],[-1.10791,41.82546],[-1.11264,41.82014],[-1.11483,41.8164],[-1.11779,41.81286],[-1.12294,41.80426],[-1.12159,41.80159],[-1.11895,41.80098],[-1.11051,41.80075],[-1.10805,41.79984],[-1.10461,41.80081],[-1.09418,41.80012],[-1.08936,41.79909],[-1.0873,41.79819],[-1.08685,41.79871],[-1.08356,41.8004],[-1.08215,41.80014],[-1.08141,41.7995],[-1.08161,41.79767],[-1.08144,41.79638],[-1.07836,41.79489],[-1.07421,41.79394],[-1.0658,41.79096],[-1.05993,41.78339],[-1.05689,41.7818],[-1.05371,41.77875],[-1.05327,41.77728],[-1.04376,41.77095],[-1.04136,41.76893],[-1.03699,41.76755],[-1.03384,41.76542],[-1.03012,41.76353],[-1.02778,41.7631],[-1.02484,41.76214],[-1.02242,41.76052],[-1.0194,41.75942],[-1.01759,41.75705],[-1.01437,41.75461],[-1.00946,41.75338],[-1.0057,41.75188],[-1.00444,41.7509],[-1.00564,41.74962],[-1.00462,41.74921],[-1.00129,41.74709],[-0.99971,41.74544],[-0.99715,41.7441],[-0.99486,41.74056],[-0.98944,41.73688],[-0.98088,41.73222],[-0.97815,41.73044],[-0.97224,41.72438],[-0.97143,41.72397],[-0.96972,41.7237],[-0.96716,41.72264],[-0.96794,41.72197],[-0.96659,41.72098],[-0.96804,41.71908],[-0.96897,41.71824],[-0.97324,41.71207],[-0.97437,41.70829],[-0.97362,41.70777],[-0.97771,41.70393],[-0.9794,41.7027],[-0.97892,41.70202],[-0.98236,41.69958],[-0.98166,41.69547],[-0.96377,41.68673],[-0.93341,41.6965],[-0.9255,41.71012],[-0.92558,41.7149],[-0.92416,41.72087],[-0.92142,41.72314],[-0.90376,41.74636],[-0.9034,41.7457],[-0.9027,41.74576],[-0.90037,41.75226],[-0.89851,41.75203],[-0.89526,41.75808],[-0.89342,41.75983],[-0.89408,41.76015],[-0.8965,41.76495],[-0.8932,41.77215],[-0.89028,41.77601],[-0.89359,41.77986],[-0.89736,41.78046],[-0.90858,41.785],[-0.91259,41.78572],[-0.91356,41.78659],[-0.91484,41.78729],[-0.91776,41.78832],[-0.91904,41.78857],[-0.92806,41.78863],[-0.93508,41.789],[-0.93603,41.79656],[-0.936,41.7996],[-0.93479,41.80133],[-0.93369,41.80213],[-0.93208,41.80563],[-0.93067,41.80795],[-0.92657,41.8136],[-0.92423,41.81734],[-0.9234,41.81813],[-0.92281,41.81968],[-0.92279,41.82138],[-0.92246,41.82196],[-0.91877,41.82412],[-0.91688,41.8256],[-0.91659,41.82763],[-0.91617,41.8285],[-0.91337,41.83173],[-0.91193,41.83281],[-0.91182,41.83446],[-0.91032,41.83645],[-0.90929,41.8383],[-0.90813,41.84153],[-0.89963,41.84275],[-0.89465,41.84508],[-0.88453,41.8432],[-0.88479,41.84362],[-0.89383,41.84782],[-0.89444,41.84869],[-0.90383,41.85641],[-0.90745,41.86],[-0.90869,41.86088],[-0.91001,41.86142],[-0.91328,41.86587],[-0.91588,41.86672],[-0.91932,41.86955],[-0.92006,41.86969],[-0.92042,41.87048],[-0.9225,41.87071],[-0.92454,41.87294],[-0.92715,41.87512],[-0.92837,41.87691],[-0.93025,41.87805],[-0.93277,41.88021],[-0.93404,41.88219],[-0.93495,41.88665],[-0.93544,41.88768],[-0.93638,41.89102],[-0.93697,41.89187],[-0.93709,41.89262],[-0.9369,41.89326],[-0.93585,41.89416],[-0.93901,41.89838],[-0.94007,41.89927],[-0.94155,41.90121],[-0.9429,41.90235],[-0.94402,41.90435],[-0.94385,41.9055],[-0.94411,41.90594],[-0.94403,41.90694],[-0.94428,41.90728],[-0.94447,41.90909],[-0.94485,41.90995],[-0.9465,41.91084],[-0.94637,41.91149],[-0.94676,41.91219],[-0.94721,41.91214],[-0.94754,41.91243],[-0.94745,41.91268],[-0.94838,41.91387],[-0.94871,41.91524],[-0.94911,41.91554],[-0.94982,41.92117],[-0.95203,41.92468],[-0.95221,41.92495]]]}},{"type":"Feature","properties":{"COD_POSTAL":"50197"},"geometry":{"type":"Polygon","coordinates":[[[-0.97676,41.65228],[-0.98296,41.65526],[-0.99646,41.65861],[-1.00576,41.65527],[-1.01446,41.65145],[-1.03489,41.64605],[-1.04373,41.63959],[-1.05388,41.62561],[-1.05954,41.61513],[-1.05915,41.61499],[-1.05541,41.61578],[-1.04706,41.61848],[-1.03418,41.61754],[-1.02431,41.62148],[-1.01779,41.62303],[-1.01272,41.62389],[-0.97306,41.6347],[-0.97258,41.63508],[-0.97284,41.64202],[-0.9698,41.64398],[-0.96539,41.64752],[-0.96997,41.64964],[-0.97617,41.65205],[-0.97676,41.65228]]]}},{"type":"Feature","properties":{"COD_POSTAL":"50156"},"geometry":{"type":"Polygon","coordinates":[[[-0.95458,41.18898],[-0.95891,41.19321],[-0.96179,41.19701],[-0.97047,41.20553],[-0.9803,41.20352],[-0.98794,41.19919],[-0.99676,41.19637],[-1.0001,41.195],[-1.00575,41.1937],[-1.01151,41.19327],[-1.01934,41.19128],[-1.03233,41.18688],[-1.03684,41.18477],[-1.04395,41.18371],[-1.05342,41.18015],[-1.05877,41.17916],[-1.06106,41.17896],[-1.06375,41.17916],[-1.06592,41.17874],[-1.0692,41.17723],[-1.06973,41.17676],[-1.07118,41.17327],[-1.07254,41.17232],[-1.07329,41.17094],[-1.07602,41.16914],[-1.07807,41.16723],[-1.07882,41.16676],[-1.0862,41.16413],[-1.08121,41.16131],[-1.06806,41.15516],[-1.05984,41.15098],[-1.05611,41.14789],[-1.04951,41.14419],[-1.04451,41.14083],[-1.04196,41.13841],[-1.03931,41.13472],[-1.03471,41.13727],[-1.03106,41.13798],[-1.02629,41.13822],[-1.02451,41.13805],[-1.01522,41.13589],[-1.01252,41.13467],[-1.00557,41.13452],[-1.00086,41.13401],[-0.99052,41.141],[-0.98579,41.14376],[-0.98072,41.14512],[-0.97242,41.15346],[-0.97316,41.15558],[-0.971,41.15879],[-0.96944,41.16377],[-0.96872,41.16473],[-0.96561,41.17128],[-0.96034,41.1782],[-0.95984,41.18014],[-0.95705,41.18552],[-0.95441,41.18876],[-0.95458,41.18898]]]}},{"type":"Feature","properties":{"COD_POSTAL":"50326"},"geometry":{"type":"Polygon","coordinates":[[[-1.34137,41.32482],[-1.34179,41.32573],[-1.34213,41.328],[-1.34485,41.33068],[-1.34999,41.33129],[-1.35311,41.33137],[-1.35648,41.33239],[-1.36048,41.33289],[-1.36155,41.33228],[-1.36611,41.32652],[-1.36871,41.32537],[-1.36972,41.32427],[-1.37396,41.32245],[-1.37624,41.32246],[-1.38175,41.32082],[-1.38226,41.32061],[-1.38401,41.31894],[-1.38665,41.31846],[-1.38926,41.31764],[-1.39294,41.3157],[-1.39514,41.31504],[-1.40016,41.31302],[-1.40173,41.31356],[-1.40729,41.31654],[-1.40954,41.31492],[-1.41243,41.31566],[-1.41528,41.31525],[-1.41942,41.31551],[-1.42293,41.318],[-1.42413,41.31836],[-1.43061,41.31623],[-1.43067,41.31429],[-1.42986,41.31318],[-1.43214,41.31269],[-1.43515,41.31136],[-1.43537,41.30848],[-1.43528,41.30817],[-1.43354,41.30704],[-1.43194,41.30629],[-1.43163,41.30372],[-1.43013,41.29927],[-1.42954,41.29845],[-1.42871,41.29802],[-1.42824,41.2974],[-1.42778,41.29388],[-1.4267,41.29065],[-1.42486,41.28811],[-1.4246,41.28432],[-1.42612,41.2827],[-1.42701,41.28211],[-1.42661,41.28147],[-1.42468,41.28011],[-1.42173,41.2788],[-1.41161,41.27265],[-1.40712,41.2702],[-1.40527,41.26954],[-1.40229,41.26936],[-1.4006,41.26719],[-1.39809,41.2649],[-1.397,41.26425],[-1.39527,41.26394],[-1.39245,41.26238],[-1.39124,41.26131],[-1.38915,41.25879],[-1.38744,41.25762],[-1.38597,41.25703],[-1.38751,41.25896],[-1.38754,41.25951],[-1.38657,41.26059],[-1.38456,41.26063],[-1.38175,41.26152],[-1.37376,41.26475],[-1.37343,41.26756],[-1.37446,41.269],[-1.3746,41.27149],[-1.37105,41.2706],[-1.36952,41.26991],[-1.36858,41.26925],[-1.36708,41.26729],[-1.36474,41.26598],[-1.36171,41.26515],[-1.35469,41.26479],[-1.35282,41.26513],[-1.35089,41.26387],[-1.34929,41.2624],[-1.34861,41.26119],[-1.34858,41.25992],[-1.34588,41.25658],[-1.34573,41.2559],[-1.34403,41.25392],[-1.34205,41.25244],[-1.34194,41.25165],[-1.34133,41.25062],[-1.3404,41.25008],[-1.33945,41.24844],[-1.3385,41.24779],[-1.33794,41.24705],[-1.33635,41.24622],[-1.33422,41.24445],[-1.33277,41.24274],[-1.33112,41.24143],[-1.32944,41.23877],[-1.32815,41.23739],[-1.32702,41.23745],[-1.3266,41.23688],[-1.32387,41.23725],[-1.32252,41.23814],[-1.32071,41.23994],[-1.31974,41.24138],[-1.3195,41.24222],[-1.31609,41.24262],[-1.31122,41.2482],[-1.31113,41.24965],[-1.31073,41.25022],[-1.30693,41.25111],[-1.29761,41.25015],[-1.29599,41.25142],[-1.29406,41.25225],[-1.29076,41.25303],[-1.29054,41.25362],[-1.29158,41.257],[-1.29403,41.25763],[-1.29479,41.25805],[-1.29529,41.25866],[-1.29658,41.26156],[-1.29697,41.26307],[-1.29778,41.26455],[-1.29871,41.26484],[-1.29966,41.26458],[-1.30057,41.26473],[-1.30165,41.26527],[-1.30396,41.2681],[-1.30602,41.26941],[-1.30988,41.27279],[-1.31344,41.27549],[-1.31351,41.27864],[-1.31093,41.27982],[-1.31272,41.28163],[-1.31507,41.28453],[-1.31662,41.28715],[-1.31974,41.28966],[-1.31996,41.29093],[-1.31964,41.2922],[-1.31966,41.29346],[-1.31814,41.29624],[-1.31864,41.29789],[-1.32014,41.30035],[-1.32179,41.29989],[-1.32311,41.30044],[-1.3241,41.30035],[-1.32689,41.2988],[-1.33257,41.29953],[-1.33344,41.29911],[-1.33624,41.30158],[-1.33648,41.30205],[-1.33612,41.30347],[-1.33619,41.30423],[-1.33862,41.3082],[-1.33847,41.30891],[-1.33903,41.31089],[-1.34052,41.31311],[-1.34034,41.31631],[-1.33958,41.31768],[-1.34166,41.32162],[-1.3417,41.32273],[-1.34118,41.32417],[-1.34137,41.32482]]]}},{"type":"Feature","properties":{"COD_POSTAL":"50248"},"geometry":{"type":"Polygon","coordinates":[[[-1.60866,41.47023],[-1.60613,41.47322],[-1.60389,41.47325],[-1.60277,41.47373],[-1.59919,41.47445],[-1.59582,41.47809],[-1.59409,41.47799],[-1.59069,41.48044],[-1.58889,41.48066],[-1.58767,41.48212],[-1.58587,41.48368],[-1.58212,41.48409],[-1.58052,41.48932],[-1.58064,41.49002],[-1.58204,41.4916],[-1.5833,41.49156],[-1.5851,41.49291],[-1.58577,41.49363],[-1.58582,41.49429],[-1.58229,41.49595],[-1.57863,41.49839],[-1.57813,41.5005],[-1.57562,41.50073],[-1.57451,41.49945],[-1.57189,41.49927],[-1.57076,41.49945],[-1.57041,41.50226],[-1.5693,41.50321],[-1.56924,41.50465],[-1.57034,41.50521],[-1.57035,41.50585],[-1.57134,41.50637],[-1.57109,41.50751],[-1.57142,41.50825],[-1.57324,41.50876],[-1.57428,41.50991],[-1.57617,41.50935],[-1.57873,41.5082],[-1.57984,41.50742],[-1.58515,41.51013],[-1.58913,41.50975],[-1.59186,41.51127],[-1.61735,41.5065],[-1.62034,41.50843],[-1.62325,41.50894],[-1.62393,41.50989],[-1.62653,41.50926],[-1.62807,41.5096],[-1.63037,41.50856],[-1.63499,41.50736],[-1.63652,41.50817],[-1.64038,41.50727],[-1.64493,41.5069],[-1.64578,41.50718],[-1.65219,41.50771],[-1.65764,41.50698],[-1.66238,41.50601],[-1.66577,41.50611],[-1.65967,41.5018],[-1.65532,41.4991],[-1.64609,41.49771],[-1.62981,41.49083],[-1.62528,41.4924],[-1.62424,41.49405],[-1.62232,41.49449],[-1.61936,41.49152],[-1.62189,41.48978],[-1.62128,41.48508],[-1.62232,41.48064],[-1.6191,41.47437],[-1.61631,41.47516],[-1.61332,41.47225],[-1.60904,41.46987],[-1.60866,41.47023]]]}},{"type":"Feature","properties":{"COD_POSTAL":"50491"},"geometry":{"type":"Polygon","coordinates":[[[-1.31758,41.10925],[-1.31563,41.10252],[-1.31077,41.09419],[-1.30859,41.09646],[-1.30077,41.10056],[-1.29881,41.10134],[-1.29838,41.10171],[-1.29265,41.10347],[-1.28466,41.10421],[-1.27796,41.10389],[-1.27137,41.10328],[-1.26702,41.10552],[-1.26413,41.11091],[-1.2544,41.12294],[-1.24932,41.12562],[-1.24442,41.12661],[-1.23935,41.12684],[-1.22712,41.13022],[-1.21528,41.13752],[-1.20998,41.1388],[-1.2075,41.13615],[-1.20553,41.13519],[-1.20006,41.13116],[-1.19988,41.13083],[-1.19492,41.1281],[-1.19246,41.12701],[-1.17701,41.12805],[-1.17605,41.12599],[-1.17399,41.12369],[-1.16692,41.12641],[-1.16587,41.1263],[-1.16525,41.12673],[-1.15476,41.12771],[-1.15633,41.12903],[-1.1576,41.14115],[-1.17346,41.1603],[-1.17495,41.16308],[-1.1758,41.16594],[-1.17636,41.16675],[-1.17716,41.16727],[-1.17852,41.17021],[-1.1799,41.17189],[-1.18055,41.1745],[-1.18052,41.17908],[-1.17706,41.18243],[-1.17607,41.18535],[-1.17755,41.18619],[-1.17852,41.18642],[-1.1797,41.18814],[-1.18099,41.18897],[-1.18418,41.1893],[-1.1875,41.19056],[-1.19112,41.18971],[-1.1922,41.18977],[-1.19323,41.19015],[-1.1951,41.19014],[-1.20602,41.18798],[-1.21085,41.18793],[-1.21281,41.18901],[-1.21415,41.18944],[-1.22116,41.18859],[-1.22839,41.18479],[-1.22933,41.18407],[-1.2311,41.18158],[-1.23216,41.17841],[-1.2357,41.17819],[-1.23624,41.17752],[-1.23672,41.17745],[-1.23931,41.17763],[-1.24147,41.17456],[-1.24215,41.17272],[-1.24889,41.16676],[-1.26602,41.15234],[-1.27314,41.14841],[-1.27609,41.14642],[-1.28199,41.14615],[-1.28504,41.14556],[-1.28973,41.14505],[-1.29808,41.1433],[-1.29981,41.14099],[-1.30332,41.13363],[-1.30519,41.1309],[-1.31352,41.12436],[-1.31501,41.12213],[-1.31585,41.11673],[-1.31846,41.1123],[-1.31758,41.10925]]]}},{"type":"Feature","properties":{"COD_POSTAL":"50323"},"geometry":{"type":"Polygon","coordinates":[[[-1.43958,41.38357],[-1.43569,41.38857],[-1.43721,41.39098],[-1.43969,41.39609],[-1.44419,41.39848],[-1.44746,41.39899],[-1.44797,41.39926],[-1.44981,41.4008],[-1.45076,41.40201],[-1.45218,41.39908],[-1.45998,41.3981],[-1.46429,41.39492],[-1.48974,41.38159],[-1.49148,41.37894],[-1.49463,41.37661],[-1.49495,41.37565],[-1.4956,41.37507],[-1.49601,41.37238],[-1.49597,41.37204],[-1.49323,41.36871],[-1.48739,41.36645],[-1.48495,41.36505],[-1.48085,41.36154],[-1.47299,41.36681],[-1.46519,41.36486],[-1.4635,41.36366],[-1.46176,41.36194],[-1.45844,41.36294],[-1.45596,41.36293],[-1.4539,41.36608],[-1.44848,41.3727],[-1.43958,41.38357]]]}},{"type":"Feature","properties":{"COD_POSTAL":"50373"},"geometry":{"type":"Polygon","coordinates":[[[-1.59842,40.96559],[-1.60072,40.96292],[-1.60122,40.96173],[-1.6019,40.96122],[-1.60355,40.96058],[-1.60424,40.95895],[-1.60464,40.95903],[-1.60744,40.95638],[-1.61121,40.94761],[-1.61745,40.94373],[-1.5899,40.93624],[-1.58741,40.93717],[-1.58384,40.94099],[-1.58357,40.94183],[-1.58189,40.94152],[-1.57596,40.93858],[-1.57188,40.9396],[-1.56364,40.93861],[-1.56163,40.93862],[-1.55739,40.93949],[-1.55158,40.94201],[-1.54593,40.94352],[-1.52457,40.95221],[-1.51684,40.95444],[-1.51522,40.95465],[-1.51204,40.95636],[-1.50927,40.95962],[-1.50807,40.96065],[-1.50534,40.96412],[-1.47299,40.9488],[-1.47284,40.95065],[-1.47191,40.95203],[-1.47117,40.95505],[-1.47145,40.958],[-1.45668,40.97045],[-1.44692,40.97654],[-1.4466,40.98456],[-1.44799,40.98721],[-1.44754,40.9881],[-1.44919,40.99108],[-1.45935,41.00676],[-1.46457,41.01041],[-1.47068,41.00947],[-1.48273,41.02097],[-1.48506,41.02406],[-1.4823,41.02641],[-1.47717,41.03367],[-1.48073,41.03785],[-1.4837,41.04355],[-1.48449,41.04429],[-1.48599,41.04716],[-1.48699,41.051],[-1.48698,41.05379],[-1.48996,41.05433],[-1.49099,41.05516],[-1.49236,41.05574],[-1.49315,41.05666],[-1.4938,41.05644],[-1.49517,41.05654],[-1.49787,41.05755],[-1.50328,41.05874],[-1.50623,41.05988],[-1.50732,41.05922],[-1.51018,41.06112],[-1.51247,41.06145],[-1.51829,41.06151],[-1.52139,41.05786],[-1.52397,41.05406],[-1.52431,41.05129],[-1.52274,41.04776],[-1.52013,41.04393],[-1.51903,41.03635],[-1.52083,41.03563],[-1.52462,41.03475],[-1.53021,41.0327],[-1.53076,41.03092],[-1.53068,41.03002],[-1.53132,41.02984],[-1.53215,41.02851],[-1.5348,41.0273],[-1.53728,41.0267],[-1.54098,41.0229],[-1.54453,41.01735],[-1.55265,41.01087],[-1.55991,41.00641],[-1.56816,41.00207],[-1.57162,41.00073],[-1.57635,40.99799],[-1.5781,40.99583],[-1.57941,40.99255],[-1.58282,40.98957],[-1.59351,40.97675],[-1.59362,40.9734],[-1.59598,40.96852],[-1.59689,40.96709],[-1.5978,40.96674],[-1.59857,40.96582],[-1.59842,40.96559]]]}},{"type":"Feature","properties":{"COD_POSTAL":"50059"},"geometry":{"type":"Polygon","coordinates":[[[-0.80902,41.73204],[-0.8088,41.73024],[-0.81012,41.72773],[-0.81012,41.72596],[-0.81048,41.72461],[-0.81068,41.72478],[-0.8109,41.72413],[-0.81319,41.7242],[-0.81479,41.72606],[-0.81488,41.72732],[-0.81467,41.72821],[-0.81776,41.73087],[-0.81977,41.72973],[-0.82183,41.72938],[-0.82287,41.7267],[-0.82495,41.72551],[-0.82519,41.72462],[-0.82656,41.72307],[-0.8303,41.72123],[-0.8306,41.72063],[-0.83048,41.71849],[-0.82965,41.71724],[-0.82995,41.71189],[-0.8309,41.71082],[-0.8309,41.70933],[-0.82983,41.70808],[-0.82799,41.70433],[-0.8277,41.70332],[-0.82811,41.70148],[-0.83097,41.69934],[-0.83156,41.69726],[-0.83222,41.69642],[-0.83442,41.69636],[-0.83614,41.69458],[-0.83668,41.6944],[-0.83727,41.69321],[-0.83995,41.69232],[-0.84322,41.68994],[-0.8434,41.68821],[-0.84322,41.68637],[-0.84376,41.68542],[-0.84406,41.68238],[-0.8437,41.67971],[-0.84383,41.67708],[-0.83029,41.67493],[-0.82991,41.67526],[-0.82761,41.67487],[-0.82609,41.67521],[-0.81907,41.67781],[-0.81516,41.67842],[-0.80934,41.67838],[-0.8095,41.67911],[-0.80985,41.67941],[-0.81002,41.68057],[-0.80928,41.68243],[-0.81007,41.68286],[-0.80973,41.68434],[-0.80889,41.68614],[-0.80944,41.68684],[-0.81018,41.6869],[-0.80963,41.68926],[-0.80765,41.69023],[-0.80782,41.6908],[-0.80666,41.69143],[-0.80438,41.69486],[-0.80393,41.69528],[-0.8032,41.69526],[-0.80371,41.69624],[-0.80342,41.69918],[-0.8036,41.70353],[-0.80332,41.70439],[-0.80282,41.71055],[-0.80252,41.71136],[-0.8017,41.71246],[-0.80095,41.71301],[-0.79958,41.71338],[-0.80106,41.7165],[-0.80017,41.71645],[-0.79906,41.71686],[-0.7941,41.71618],[-0.793,41.71504],[-0.79185,41.71529],[-0.79217,41.71632],[-0.7883,41.71524],[-0.78857,41.71711],[-0.78921,41.71811],[-0.78867,41.71892],[-0.78583,41.72048],[-0.78274,41.72143],[-0.78272,41.72178],[-0.77912,41.72497],[-0.77898,41.72563],[-0.78013,41.72715],[-0.78012,41.7279],[-0.78145,41.72844],[-0.78304,41.7286],[-0.78272,41.7288],[-0.77994,41.72904],[-0.77925,41.72968],[-0.77826,41.72944],[-0.77772,41.7298],[-0.77582,41.72968],[-0.77474,41.7304],[-0.77363,41.73054],[-0.77347,41.73075],[-0.774,41.73118],[-0.7749,41.73136],[-0.77827,41.73303],[-0.77898,41.73529],[-0.78817,41.73271],[-0.80062,41.7339],[-0.80293,41.73265],[-0.80564,41.73265],[-0.8088,41.73455],[-0.80902,41.73204]]]}},{"type":"Feature","properties":{"COD_POSTAL":"50014"},"geometry":{"type":"Polygon","coordinates":[[[-0.85236,41.68536],[-0.85305,41.68527],[-0.85437,41.67883],[-0.86275,41.67943],[-0.86448,41.67591],[-0.87084,41.67753],[-0.87068,41.67721],[-0.87087,41.67562],[-0.8705,41.67526],[-0.87007,41.67522],[-0.86926,41.6768],[-0.86452,41.67558],[-0.86783,41.66822],[-0.86782,41.66745],[-0.87138,41.66648],[-0.87157,41.66505],[-0.86996,41.66449],[-0.86929,41.66566],[-0.86879,41.6654],[-0.86951,41.66425],[-0.86978,41.66435],[-0.87149,41.66184],[-0.8735,41.65743],[-0.87419,41.65669],[-0.85903,41.6521],[-0.85379,41.65075],[-0.84774,41.64974],[-0.84837,41.65308],[-0.84932,41.65458],[-0.84936,41.65549],[-0.84852,41.65843],[-0.84656,41.65885],[-0.84633,41.65933],[-0.84636,41.66067],[-0.84592,41.66192],[-0.84446,41.66383],[-0.84259,41.66706],[-0.84168,41.6707],[-0.84242,41.67073],[-0.8426,41.67121],[-0.8438,41.67707],[-0.85333,41.67862],[-0.85242,41.68357],[-0.85175,41.68493],[-0.85236,41.68536]]]}},{"type":"Feature","properties":{"COD_POSTAL":"50220"},"geometry":{"type":"Polygon","coordinates":[[[-2.0282,41.38149],[-2.02511,41.3838],[-2.02927,41.38416],[-2.03203,41.38684],[-2.03419,41.38634],[-2.03858,41.38111],[-2.03887,41.38028],[-2.04182,41.3804],[-2.04353,41.38098],[-2.04505,41.38158],[-2.04652,41.38314],[-2.05235,41.3855],[-2.05664,41.38457],[-2.05911,41.38434],[-2.06195,41.38498],[-2.0634,41.38448],[-2.06569,41.38435],[-2.0672,41.38392],[-2.06749,41.38279],[-2.08672,41.37688],[-2.09767,41.37834],[-2.09822,41.37538],[-2.09906,41.37339],[-2.09703,41.36518],[-2.09607,41.35372],[-2.10432,41.34867],[-2.10348,41.34651],[-2.10358,41.34309],[-2.10316,41.34158],[-2.10373,41.33999],[-2.10374,41.33771],[-2.10224,41.33344],[-2.10117,41.33113],[-2.10084,41.32912],[-2.09901,41.32487],[-2.09865,41.32288],[-2.09756,41.32061],[-2.09744,41.31936],[-2.09627,41.31517],[-2.0959,41.31178],[-2.09517,41.30927],[-2.09516,41.30755],[-2.09601,41.30438],[-2.09658,41.30122],[-2.09665,41.29934],[-2.09232,41.29988],[-2.08585,41.2991],[-2.08459,41.29932],[-2.08036,41.29605],[-2.07811,41.29398],[-2.07469,41.2891],[-2.0702,41.28204],[-2.06998,41.27876],[-2.07013,41.27521],[-2.06722,41.26944],[-2.06594,41.26739],[-2.06255,41.26507],[-2.05885,41.26176],[-2.05792,41.26043],[-2.05791,41.2562],[-2.05746,41.25485],[-2.05508,41.25609],[-2.05224,41.25695],[-2.03902,41.25883],[-2.03614,41.25732],[-2.03177,41.25605],[-2.02582,41.25483],[-2.0185,41.25234],[-2.01518,41.25039],[-2.0142,41.24926],[-2.01337,41.24778],[-2.01339,41.24938],[-2.01217,41.25243],[-2.01067,41.2579],[-2.01083,41.26175],[-2.01033,41.26334],[-2.01009,41.26608],[-2.00954,41.26891],[-2.00778,41.27434],[-2.00594,41.27874],[-2.0036,41.28239],[-1.99994,41.28594],[-1.99959,41.28782],[-1.99762,41.29016],[-1.99735,41.29112],[-1.99761,41.29263],[-1.99709,41.29448],[-1.99501,41.29813],[-1.99251,41.30099],[-1.99186,41.30204],[-1.98934,41.30109],[-1.98852,41.30012],[-1.98514,41.2997],[-1.9843,41.30121],[-1.9851,41.30224],[-1.98835,41.30275],[-1.98873,41.30302],[-1.98738,41.30611],[-1.98738,41.30669],[-1.98923,41.30819],[-1.99129,41.31135],[-1.9912,41.31278],[-1.99342,41.32408],[-1.99429,41.32626],[-1.99423,41.32938],[-1.99401,41.33005],[-1.99078,41.33354],[-1.98233,41.33848],[-1.99174,41.34392],[-1.99455,41.34854],[-1.99979,41.35452],[-2.00776,41.36],[-2.00952,41.36239],[-2.01461,41.36484],[-2.01398,41.36949],[-2.01314,41.37052],[-2.01476,41.37151],[-2.01537,41.37428],[-2.01821,41.375],[-2.02741,41.38098],[-2.0282,41.38149]]]}},{"type":"Feature","properties":{"COD_POSTAL":"50260"},"geometry":{"type":"Polygon","coordinates":[[[-1.41697,41.43328],[-1.41776,41.43503],[-1.41703,41.43671],[-1.4169,41.43765],[-1.41758,41.439],[-1.41847,41.4404],[-1.42322,41.44425],[-1.42506,41.44644],[-1.42593,41.44685],[-1.43127,41.44725],[-1.43254,41.44591],[-1.43624,41.44633],[-1.43956,41.44631],[-1.44326,41.44726],[-1.44699,41.44784],[-1.45352,41.45092],[-1.44817,41.45754],[-1.44793,41.45862],[-1.44454,41.46103],[-1.44301,41.46173],[-1.4408,41.4642],[-1.4388,41.46474],[-1.4377,41.46563],[-1.44251,41.46925],[-1.44549,41.47314],[-1.44715,41.47427],[-1.44944,41.47745],[-1.44997,41.47887],[-1.45144,41.48106],[-1.45111,41.48179],[-1.45252,41.48307],[-1.45422,41.48213],[-1.45648,41.48143],[-1.45984,41.48239],[-1.46302,41.48413],[-1.46364,41.48407],[-1.46539,41.48315],[-1.46769,41.48296],[-1.46873,41.48258],[-1.46921,41.48183],[-1.46969,41.48011],[-1.46934,41.47904],[-1.46977,41.47783],[-1.47422,41.47863],[-1.47658,41.47997],[-1.47925,41.48107],[-1.48104,41.48055],[-1.48301,41.48072],[-1.4869,41.48033],[-1.48767,41.48061],[-1.48833,41.48146],[-1.48925,41.48168],[-1.49346,41.4817],[-1.49393,41.4819],[-1.49421,41.48396],[-1.49449,41.48446],[-1.49607,41.48581],[-1.49807,41.48556],[-1.49919,41.48445],[-1.50101,41.48549],[-1.50223,41.48559],[-1.50238,41.48648],[-1.50305,41.48649],[-1.50566,41.48497],[-1.50569,41.48417],[-1.5041,41.48351],[-1.50415,41.48192],[-1.50636,41.47713],[-1.50678,41.47522],[-1.50739,41.47464],[-1.51093,41.47358],[-1.51211,41.4722],[-1.51272,41.47036],[-1.51432,41.46909],[-1.51476,41.46724],[-1.51386,41.46573],[-1.51413,41.45924],[-1.50978,41.45909],[-1.50888,41.45742],[-1.50891,41.45542],[-1.50558,41.45339],[-1.50259,41.45029],[-1.49878,41.44912],[-1.49807,41.44631],[-1.49615,41.44491],[-1.49656,41.4439],[-1.49582,41.44318],[-1.49537,41.44124],[-1.49298,41.44107],[-1.4929,41.43987],[-1.49165,41.43924],[-1.48964,41.43764],[-1.48744,41.43535],[-1.48516,41.4311],[-1.48136,41.43022],[-1.48106,41.42864],[-1.47979,41.42837],[-1.47839,41.4289],[-1.47777,41.42823],[-1.47692,41.42682],[-1.47542,41.42529],[-1.4761,41.42358],[-1.47409,41.41974],[-1.47244,41.41839],[-1.46759,41.41552],[-1.46818,41.41424],[-1.46612,41.41279],[-1.46416,41.41196],[-1.46183,41.41058],[-1.45642,41.40703],[-1.45444,41.40522],[-1.45432,41.40428],[-1.45076,41.40201],[-1.44981,41.4008],[-1.44746,41.39899],[-1.44419,41.39848],[-1.44361,41.39975],[-1.44303,41.403],[-1.4415,41.40495],[-1.43815,41.40408],[-1.43552,41.40383],[-1.43078,41.40184],[-1.42146,41.39978],[-1.41913,41.39947],[-1.41727,41.3985],[-1.41359,41.39917],[-1.41141,41.39891],[-1.41072,41.40067],[-1.41102,41.40162],[-1.41176,41.40261],[-1.41082,41.40436],[-1.41164,41.40802],[-1.41081,41.40977],[-1.41293,41.41103],[-1.41255,41.41292],[-1.41272,41.4138],[-1.41328,41.41476],[-1.41107,41.41734],[-1.41319,41.41795],[-1.41859,41.42443],[-1.41675,41.4268],[-1.4161,41.42885],[-1.41552,41.42985],[-1.41697,41.43328]]]}},{"type":"Feature","properties":{"COD_POSTAL":"50637"},"geometry":{"type":"Polygon","coordinates":[[[-1.16058,41.82783],[-1.14358,41.84968],[-1.1418,41.85171],[-1.13871,41.85441],[-1.13833,41.85544],[-1.13734,41.85635],[-1.13685,41.85724],[-1.13583,41.86137],[-1.1312,41.86484],[-1.13078,41.86547],[-1.12951,41.86998],[-1.13159,41.8692],[-1.13255,41.86682],[-1.13508,41.86503],[-1.13945,41.86397],[-1.16792,41.86378],[-1.17981,41.86268],[-1.18752,41.86258],[-1.18914,41.86308],[-1.19697,41.86289],[-1.19702,41.86252],[-1.20275,41.85695],[-1.20583,41.8522],[-1.20843,41.85213],[-1.21171,41.85135],[-1.2122,41.84935],[-1.21029,41.84535],[-1.20881,41.84586],[-1.20816,41.84523],[-1.20626,41.84413],[-1.20423,41.84499],[-1.20287,41.84386],[-1.20355,41.84319],[-1.20046,41.84035],[-1.19783,41.8408],[-1.19716,41.83806],[-1.1976,41.83632],[-1.19718,41.83548],[-1.19549,41.83616],[-1.19518,41.83592],[-1.19389,41.83254],[-1.19387,41.83211],[-1.19634,41.82952],[-1.19904,41.82847],[-1.21312,41.82173],[-1.21228,41.82015],[-1.21205,41.81859],[-1.21164,41.818],[-1.20922,41.81664],[-1.20461,41.81705],[-1.20001,41.82079],[-1.19646,41.82231],[-1.19441,41.82281],[-1.19264,41.82233],[-1.19174,41.82624],[-1.18958,41.82751],[-1.18658,41.82838],[-1.17811,41.83434],[-1.1758,41.83539],[-1.17329,41.83576],[-1.17118,41.83555],[-1.17061,41.83526],[-1.16681,41.83108],[-1.16161,41.82651],[-1.16058,41.82783]]]}},{"type":"Feature","properties":{"COD_POSTAL":"50153"},"geometry":{"type":"Polygon","coordinates":[[[-0.98392,41.34048],[-0.98598,41.34299],[-0.98672,41.34349],[-0.98821,41.34514],[-0.97766,41.35246],[-0.97327,41.35278],[-0.96939,41.35722],[-0.96517,41.36137],[-0.96466,41.362],[-0.96414,41.36447],[-0.96023,41.36984],[-0.95657,41.38074],[-0.95819,41.38333],[-0.95944,41.39053],[-0.96314,41.39174],[-0.98294,41.40194],[-0.9941,41.40289],[-0.99706,41.40274],[-1.00142,41.40438],[-1.00773,41.40306],[-1.00812,41.40248],[-1.0088,41.40205],[-1.01511,41.39858],[-1.02024,41.39745],[-1.02234,41.39644],[-1.02804,41.39177],[-1.02961,41.39081],[-1.03032,41.3901],[-1.03073,41.38914],[-1.0355,41.38707],[-1.03905,41.38502],[-1.03998,41.38369],[-1.04172,41.38266],[-1.04303,41.38137],[-1.04522,41.37985],[-1.05441,41.37815],[-1.05993,41.37679],[-1.06737,41.3745],[-1.07316,41.37471],[-1.08038,41.37441],[-1.08523,41.37395],[-1.08805,41.37546],[-1.08961,41.37595],[-1.09654,41.37961],[-1.10075,41.38226],[-1.11155,41.38543],[-1.11202,41.38542],[-1.11542,41.38174],[-1.11549,41.3812],[-1.11741,41.37947],[-1.11758,41.37902],[-1.12292,41.37664],[-1.12239,41.3744],[-1.12023,41.3727],[-1.11839,41.37006],[-1.1172,41.3693],[-1.11576,41.36791],[-1.11391,41.36495],[-1.10895,41.36118],[-1.10874,41.35903],[-1.10754,41.35777],[-1.10754,41.35702],[-1.10484,41.35673],[-1.10126,41.35588],[-1.09767,41.35355],[-1.09421,41.35213],[-1.09267,41.35112],[-1.09048,41.35084],[-1.08224,41.34555],[-1.0794,41.34323],[-1.07699,41.3423],[-1.07041,41.33815],[-1.06803,41.33727],[-1.06676,41.3365],[-1.06498,41.3344],[-1.06206,41.33352],[-1.05641,41.32932],[-1.04313,41.32445],[-1.03708,41.3156],[-1.02184,41.31566],[-0.98291,41.31506],[-0.97812,41.32047],[-0.97627,41.32222],[-0.98103,41.3281],[-0.97889,41.33224],[-0.9797,41.33352],[-0.98011,41.33526],[-0.98172,41.33648],[-0.9836,41.33844],[-0.98397,41.34011],[-0.98392,41.34048]]]}},{"type":"Feature","properties":{"COD_POSTAL":"50480"},"geometry":{"type":"Polygon","coordinates":[[[-1.25297,41.2346],[-1.25102,41.23091],[-1.24465,41.23406],[-1.24279,41.236],[-1.24256,41.2371],[-1.24134,41.2378],[-1.23923,41.23987],[-1.23734,41.24102],[-1.23756,41.24235],[-1.23722,41.24351],[-1.23783,41.24521],[-1.23795,41.24671],[-1.2374,41.24741],[-1.23779,41.24888],[-1.23521,41.25061],[-1.23239,41.25103],[-1.23182,41.25137],[-1.22954,41.25086],[-1.22742,41.24712],[-1.22486,41.24441],[-1.22354,41.24407],[-1.22279,41.244],[-1.22032,41.24467],[-1.21885,41.2436],[-1.21791,41.2436],[-1.21752,41.24431],[-1.21665,41.24438],[-1.21588,41.24384],[-1.21288,41.24338],[-1.21247,41.24398],[-1.20907,41.24573],[-1.20651,41.24342],[-1.20587,41.24312],[-1.204,41.24268],[-1.20133,41.24265],[-1.1998,41.24229],[-1.19873,41.24144],[-1.19784,41.24112],[-1.19699,41.24126],[-1.19617,41.24175],[-1.19477,41.24137],[-1.19344,41.24143],[-1.18527,41.24401],[-1.18481,41.24434],[-1.18127,41.25017],[-1.1823,41.25242],[-1.17995,41.25649],[-1.1791,41.25988],[-1.17097,41.26641],[-1.15969,41.26939],[-1.15003,41.27238],[-1.14651,41.27212],[-1.14516,41.27536],[-1.14612,41.27692],[-1.14641,41.27848],[-1.14717,41.2789],[-1.14754,41.27955],[-1.1473,41.2809],[-1.14607,41.28256],[-1.14595,41.28485],[-1.14629,41.28552],[-1.14821,41.28632],[-1.14895,41.28699],[-1.14941,41.28863],[-1.15149,41.29208],[-1.15179,41.29375],[-1.15358,41.29505],[-1.15548,41.29708],[-1.15709,41.29935],[-1.15789,41.301],[-1.1592,41.30209],[-1.16018,41.30417],[-1.16137,41.30539],[-1.16241,41.30726],[-1.16683,41.31005],[-1.1708,41.30926],[-1.17396,41.30609],[-1.18751,41.30413],[-1.18935,41.30414],[-1.19515,41.30336],[-1.20635,41.30365],[-1.21009,41.30413],[-1.2156,41.30338],[-1.22234,41.30124],[-1.23008,41.29981],[-1.23102,41.2977],[-1.23174,41.29496],[-1.23467,41.29171],[-1.2368,41.29063],[-1.23788,41.28925],[-1.23959,41.28944],[-1.24207,41.2883],[-1.24242,41.28783],[-1.24156,41.28726],[-1.2433,41.28354],[-1.24295,41.28283],[-1.24355,41.28171],[-1.24303,41.28103],[-1.24308,41.27886],[-1.2412,41.27675],[-1.24113,41.27608],[-1.24273,41.27416],[-1.2428,41.27359],[-1.24203,41.27244],[-1.24217,41.2718],[-1.24401,41.27038],[-1.24507,41.2701],[-1.24562,41.26969],[-1.24747,41.26818],[-1.24951,41.26585],[-1.24977,41.26391],[-1.24929,41.26029],[-1.24963,41.25971],[-1.25045,41.25906],[-1.25172,41.25895],[-1.25204,41.25859],[-1.2544,41.25782],[-1.25462,41.25757],[-1.25479,41.25551],[-1.25672,41.25319],[-1.2569,41.25184],[-1.25751,41.25143],[-1.25838,41.2513],[-1.25867,41.25001],[-1.25704,41.24683],[-1.25809,41.24499],[-1.25734,41.24223],[-1.25702,41.24143],[-1.25563,41.24057],[-1.25447,41.23835],[-1.25353,41.23782],[-1.25328,41.23741],[-1.25363,41.23601],[-1.25297,41.2346]]]}},{"type":"Feature","properties":{"COD_POSTAL":"50690"},"geometry":{"type":"Polygon","coordinates":[[[-1.24795,41.80975],[-1.25003,41.80933],[-1.25381,41.80753],[-1.25494,41.8077],[-1.25523,41.80711],[-1.25587,41.80732],[-1.25898,41.80578],[-1.26376,41.8047],[-1.26503,41.80422],[-1.2675,41.8025],[-1.27028,41.79843],[-1.27216,41.79751],[-1.27459,41.79582],[-1.27694,41.79518],[-1.27814,41.79323],[-1.27981,41.79317],[-1.28264,41.79102],[-1.2867,41.79081],[-1.29762,41.79443],[-1.30518,41.79629],[-1.31414,41.80153],[-1.31737,41.8043],[-1.31815,41.80358],[-1.3212,41.80265],[-1.32432,41.79717],[-1.32825,41.79303],[-1.33132,41.78882],[-1.33361,41.78618],[-1.33663,41.7816],[-1.33691,41.78057],[-1.33961,41.77614],[-1.34103,41.77525],[-1.34647,41.77397],[-1.34661,41.77232],[-1.34641,41.77177],[-1.34782,41.76775],[-1.3479,41.76716],[-1.34424,41.76722],[-1.34327,41.76703],[-1.34249,41.7665],[-1.34055,41.75964],[-1.34057,41.7565],[-1.33898,41.75385],[-1.33885,41.74946],[-1.3382,41.74752],[-1.33518,41.74207],[-1.33493,41.7407],[-1.33518,41.73551],[-1.33231,41.73588],[-1.33046,41.73687],[-1.32864,41.73701],[-1.32378,41.72837],[-1.32216,41.72661],[-1.31997,41.72494],[-1.31288,41.72112],[-1.31121,41.72106],[-1.31051,41.71769],[-1.30328,41.71244],[-1.29876,41.7086],[-1.29455,41.70706],[-1.29069,41.70848],[-1.28555,41.71289],[-1.28368,41.71393],[-1.28222,41.71451],[-1.28143,41.71449],[-1.27648,41.71654],[-1.26877,41.72122],[-1.26486,41.7214],[-1.25877,41.72108],[-1.25297,41.71748],[-1.24851,41.71567],[-1.23828,41.71397],[-1.22002,41.71018],[-1.21541,41.70897],[-1.21272,41.70799],[-1.21354,41.70763],[-1.21056,41.70884],[-1.2097,41.71001],[-1.21001,41.71077],[-1.20754,41.71318],[-1.20782,41.71399],[-1.20771,41.71449],[-1.20637,41.71418],[-1.20603,41.71484],[-1.20552,41.71509],[-1.203,41.71795],[-1.20208,41.71877],[-1.20128,41.71894],[-1.20101,41.7198],[-1.2007,41.72],[-1.20086,41.72029],[-1.20001,41.72055],[-1.20039,41.72117],[-1.19947,41.72096],[-1.19882,41.72111],[-1.19871,41.72164],[-1.19917,41.7219],[-1.19918,41.72231],[-1.19838,41.7226],[-1.19834,41.72305],[-1.19916,41.72348],[-1.19803,41.72358],[-1.19744,41.72425],[-1.19673,41.7244],[-1.19371,41.72742],[-1.19401,41.72901],[-1.1938,41.72964],[-1.1929,41.72992],[-1.19232,41.72965],[-1.19172,41.72981],[-1.18811,41.7326],[-1.18749,41.7328],[-1.18462,41.73501],[-1.18402,41.73573],[-1.18326,41.73602],[-1.18221,41.7372],[-1.18207,41.7383],[-1.18126,41.73846],[-1.18089,41.73894],[-1.18107,41.73949],[-1.17742,41.74242],[-1.17712,41.74312],[-1.17652,41.74347],[-1.17672,41.74406],[-1.17754,41.74385],[-1.17981,41.74919],[-1.18214,41.75109],[-1.18516,41.75105],[-1.18529,41.75137],[-1.18872,41.75095],[-1.19007,41.75048],[-1.18981,41.74969],[-1.18996,41.74934],[-1.19228,41.7488],[-1.1956,41.74869],[-1.19629,41.74826],[-1.19649,41.74756],[-1.1968,41.74732],[-1.19796,41.74726],[-1.19703,41.7481],[-1.19694,41.74865],[-1.19749,41.74929],[-1.19894,41.75006],[-1.20025,41.75124],[-1.20254,41.75419],[-1.20261,41.75488],[-1.20404,41.75637],[-1.20468,41.75667],[-1.20711,41.75643],[-1.20752,41.75674],[-1.20717,41.75733],[-1.20606,41.7577],[-1.20625,41.75853],[-1.20555,41.75957],[-1.20664,41.76014],[-1.20739,41.76099],[-1.20928,41.76107],[-1.21098,41.76298],[-1.20944,41.76432],[-1.20787,41.76448],[-1.20656,41.76524],[-1.20674,41.76562],[-1.20609,41.76653],[-1.20575,41.76752],[-1.20391,41.76786],[-1.20301,41.76969],[-1.20281,41.77089],[-1.20144,41.77241],[-1.20119,41.7732],[-1.20154,41.77511],[-1.20252,41.77644],[-1.20216,41.77703],[-1.20258,41.77765],[-1.20222,41.77803],[-1.20203,41.7789],[-1.20034,41.7807],[-1.19875,41.78196],[-1.19941,41.78245],[-1.19936,41.78262],[-1.19897,41.78298],[-1.19875,41.78367],[-1.19719,41.78496],[-1.19707,41.78577],[-1.19639,41.78676],[-1.1944,41.79306],[-1.1936,41.79407],[-1.19322,41.79547],[-1.19217,41.79573],[-1.19202,41.79642],[-1.19056,41.7974],[-1.19004,41.79818],[-1.1936,41.79912],[-1.1945,41.7992],[-1.19536,41.7988],[-1.19578,41.79886],[-1.19798,41.80131],[-1.19808,41.80228],[-1.19921,41.80277],[-1.19878,41.80586],[-1.2022,41.80731],[-1.20325,41.80711],[-1.20747,41.81058],[-1.20594,41.8124],[-1.2067,41.81238],[-1.20822,41.8113],[-1.20897,41.81172],[-1.2087,41.81223],[-1.20914,41.81293],[-1.21158,41.81362],[-1.20969,41.81601],[-1.21189,41.81665],[-1.21654,41.8185],[-1.21907,41.81866],[-1.22495,41.81718],[-1.22735,41.81704],[-1.22816,41.81642],[-1.22937,41.8162],[-1.23161,41.81514],[-1.23333,41.81472],[-1.23759,41.81277],[-1.2379,41.81233],[-1.2381,41.81096],[-1.23848,41.81214],[-1.2388,41.81215],[-1.24338,41.8106],[-1.24795,41.80975]]]}},{"type":"Feature","properties":{"COD_POSTAL":"50013"},"geometry":{"type":"Polygon","coordinates":[[[-0.8545,41.63511],[-0.85837,41.63595],[-0.85833,41.63701],[-0.85967,41.63753],[-0.86246,41.6395],[-0.86278,41.64081],[-0.86061,41.64058],[-0.85997,41.64142],[-0.85967,41.64277],[-0.86571,41.6433],[-0.8656,41.64479],[-0.86577,41.64482],[-0.86592,41.64335],[-0.86753,41.64425],[-0.86961,41.64585],[-0.87223,41.64614],[-0.87375,41.63981],[-0.87121,41.63876],[-0.86957,41.63769],[-0.86948,41.63691],[-0.87281,41.63531],[-0.87017,41.63395],[-0.87012,41.63357],[-0.86879,41.63283],[-0.86815,41.63137],[-0.86794,41.63021],[-0.86842,41.62747],[-0.86802,41.62655],[-0.86744,41.62266],[-0.86642,41.61956],[-0.86605,41.6172],[-0.86199,41.61638],[-0.86047,41.61329],[-0.85932,41.61244],[-0.85311,41.61467],[-0.84834,41.61756],[-0.83688,41.6054],[-0.83445,41.60336],[-0.83317,41.60369],[-0.82947,41.606],[-0.82842,41.60722],[-0.8298,41.60886],[-0.83125,41.61119],[-0.83542,41.61347],[-0.84045,41.61863],[-0.84086,41.61946],[-0.83884,41.61923],[-0.84077,41.63022],[-0.8545,41.63511]]]}},{"type":"Feature","properties":{"COD_POSTAL":"50020"},"geometry":{"type":"Polygon","coordinates":[[[-0.86042,41.74503],[-0.86087,41.74901],[-0.86155,41.75158],[-0.86283,41.75386],[-0.86414,41.75553],[-0.86597,41.75895],[-0.86708,41.76031],[-0.86804,41.76257],[-0.86922,41.76715],[-0.87189,41.77193],[-0.87479,41.78016],[-0.87696,41.78464],[-0.88398,41.78304],[-0.88809,41.78126],[-0.89359,41.77986],[-0.89028,41.77601],[-0.8932,41.77215],[-0.8965,41.76495],[-0.89408,41.76015],[-0.86022,41.74374],[-0.86025,41.74392],[-0.86042,41.74503]]]}},{"type":"Feature","properties":{"COD_POSTAL":"50139"},"geometry":{"type":"Polygon","coordinates":[[[-0.91646,41.49664],[-0.91658,41.49586],[-0.91808,41.49289],[-0.91753,41.49035],[-0.91725,41.48649],[-0.91499,41.48757],[-0.91383,41.48768],[-0.91164,41.48726],[-0.90918,41.48775],[-0.905,41.48724],[-0.90383,41.48742],[-0.89836,41.48737],[-0.89609,41.48687],[-0.89153,41.48635],[-0.88726,41.48643],[-0.88533,41.48581],[-0.88352,41.4862],[-0.88376,41.4881],[-0.88333,41.48913],[-0.88244,41.48913],[-0.88185,41.48964],[-0.88046,41.48978],[-0.87923,41.4905],[-0.8753,41.49199],[-0.87332,41.49311],[-0.87149,41.49123],[-0.86812,41.48945],[-0.8623,41.48569],[-0.86226,41.48399],[-0.86202,41.48362],[-0.861,41.48314],[-0.86077,41.48268],[-0.85977,41.48202],[-0.85918,41.48126],[-0.85787,41.48083],[-0.8571,41.47993],[-0.85602,41.47956],[-0.85522,41.4789],[-0.85487,41.47753],[-0.85264,41.47553],[-0.85162,41.47505],[-0.84924,41.47452],[-0.84678,41.47458],[-0.84459,41.47307],[-0.84293,41.47083],[-0.8437,41.47021],[-0.84355,41.46943],[-0.8428,41.46875],[-0.84261,41.46793],[-0.84118,41.46699],[-0.83976,41.46404],[-0.83835,41.4632],[-0.83632,41.46268],[-0.83307,41.46043],[-0.83293,41.46008],[-0.83318,41.45991],[-0.83351,41.45889],[-0.83331,41.45803],[-0.83103,41.45682],[-0.83113,41.45633],[-0.82989,41.45553],[-0.82977,41.45362],[-0.8282,41.45304],[-0.82676,41.45287],[-0.82502,41.45166],[-0.82489,41.45232],[-0.82316,41.45268],[-0.82154,41.45203],[-0.81987,41.45348],[-0.82018,41.4549],[-0.81764,41.45505],[-0.81691,41.45538],[-0.8127,41.45587],[-0.81161,41.45683],[-0.80548,41.45716],[-0.80165,41.45913],[-0.79804,41.46058],[-0.79563,41.46195],[-0.79263,41.46539],[-0.79209,41.46577],[-0.79149,41.46566],[-0.79078,41.46614],[-0.78727,41.46917],[-0.78101,41.47168],[-0.77789,41.47443],[-0.77461,41.47552],[-0.7643,41.48148],[-0.79088,41.49535],[-0.808,41.50709],[-0.82511,41.51804],[-0.84365,41.52792],[-0.85791,41.53459],[-0.87467,41.55273],[-0.89998,41.5119],[-0.91655,41.49725],[-0.91646,41.49664]]]}},{"type":"Feature","properties":{"COD_POSTAL":"50002"},"geometry":{"type":"Polygon","coordinates":[[[-0.85379,41.65075],[-0.87077,41.65553],[-0.87154,41.65431],[-0.87255,41.65462],[-0.87223,41.6544],[-0.87181,41.65319],[-0.87347,41.6517],[-0.87581,41.65088],[-0.87486,41.64946],[-0.87506,41.64915],[-0.87595,41.64913],[-0.87526,41.64803],[-0.8735,41.64718],[-0.87214,41.64606],[-0.86961,41.64585],[-0.86753,41.64425],[-0.86592,41.64335],[-0.86577,41.64482],[-0.8656,41.64479],[-0.86571,41.6433],[-0.85967,41.64277],[-0.85997,41.64142],[-0.86061,41.64058],[-0.86278,41.64081],[-0.86246,41.6395],[-0.85967,41.63753],[-0.85833,41.63701],[-0.85837,41.63595],[-0.8545,41.63511],[-0.84077,41.63022],[-0.84016,41.63193],[-0.83452,41.64202],[-0.83451,41.64379],[-0.83513,41.64498],[-0.83715,41.64706],[-0.83925,41.6481],[-0.84774,41.64974],[-0.85379,41.65075]]]}},{"type":"Feature","properties":{"COD_POSTAL":"50514"},"geometry":{"type":"Polygon","coordinates":[[[-1.70249,41.93304],[-1.70259,41.93503],[-1.70458,41.93511],[-1.7061,41.93469],[-1.70947,41.93573],[-1.7104,41.93461],[-1.71129,41.93488],[-1.71342,41.93448],[-1.71392,41.93485],[-1.71475,41.93447],[-1.718,41.93513],[-1.71889,41.9347],[-1.72066,41.93509],[-1.7224,41.93481],[-1.72427,41.93543],[-1.72741,41.93565],[-1.7323,41.93947],[-1.73386,41.94209],[-1.7361,41.94402],[-1.74164,41.94648],[-1.75074,41.94844],[-1.75144,41.94996],[-1.74898,41.95094],[-1.7465,41.95111],[-1.74657,41.95216],[-1.74356,41.95241],[-1.74163,41.95364],[-1.73775,41.9545],[-1.73575,41.95697],[-1.73154,41.95835],[-1.73094,41.95943],[-1.72903,41.9604],[-1.72765,41.96181],[-1.73186,41.96266],[-1.73396,41.96356],[-1.73519,41.96509],[-1.73685,41.96581],[-1.73903,41.96775],[-1.74148,41.96874],[-1.74186,41.96917],[-1.74198,41.97007],[-1.74299,41.97207],[-1.74397,41.97337],[-1.75021,41.97777],[-1.75234,41.97902],[-1.75407,41.98086],[-1.75498,41.98257],[-1.75594,41.98346],[-1.75841,41.98714],[-1.75974,41.9886],[-1.76137,41.9898],[-1.76228,41.99103],[-1.76408,41.99228],[-1.76593,41.99403],[-1.80013,41.92372],[-1.74044,41.90902],[-1.70749,41.91296],[-1.70249,41.93304]]]}},{"type":"Feature","properties":{"COD_POSTAL":"50141"},"geometry":{"type":"Polygon","coordinates":[[[-1.02427,41.42115],[-1.02416,41.42054],[-1.02257,41.41989],[-1.02111,41.41823],[-1.01852,41.41673],[-1.01515,41.41609],[-1.01171,41.4151],[-1.01112,41.41436],[-1.0094,41.41326],[-1.00816,41.41195],[-1.00651,41.41173],[-1.00547,41.41045],[-1.0048,41.40915],[-1.0044,41.40886],[-0.99976,41.40673],[-0.99548,41.40535],[-0.99377,41.40419],[-0.99374,41.40358],[-0.9941,41.40289],[-0.98294,41.40194],[-0.96314,41.39174],[-0.95944,41.39053],[-0.95839,41.3915],[-0.95713,41.39199],[-0.95643,41.39291],[-0.95083,41.39432],[-0.94953,41.39537],[-0.94824,41.39561],[-0.9472,41.39637],[-0.93504,41.3967],[-0.93088,41.39808],[-0.92923,41.39939],[-0.92762,41.39972],[-0.92597,41.4005],[-0.92249,41.40051],[-0.91944,41.4012],[-0.91745,41.40281],[-0.91628,41.4048],[-0.91574,41.4065],[-0.91644,41.40748],[-0.91959,41.40852],[-0.91947,41.40951],[-0.9191,41.41015],[-0.92052,41.4123],[-0.9223,41.41601],[-0.9209,41.41843],[-0.92023,41.42145],[-0.92104,41.42242],[-0.92188,41.42404],[-0.92368,41.42457],[-0.92491,41.42615],[-0.92829,41.4272],[-0.93307,41.42788],[-0.93768,41.43007],[-0.94086,41.43409],[-0.94277,41.43527],[-0.94483,41.43748],[-0.94618,41.43788],[-0.94742,41.43858],[-0.95021,41.43875],[-0.95353,41.44077],[-0.95501,41.4428],[-0.95771,41.44553],[-0.95836,41.4465],[-0.9594,41.44733],[-0.9601,41.44834],[-0.96391,41.45099],[-0.9662,41.45331],[-0.96749,41.45386],[-0.96827,41.45497],[-0.97199,41.45518],[-0.97524,41.4565],[-0.97687,41.4569],[-0.97909,41.4582],[-0.98139,41.4584],[-0.98255,41.45894],[-0.98381,41.45898],[-0.98545,41.45992],[-0.98833,41.46087],[-0.99269,41.46176],[-0.99439,41.46251],[-0.99579,41.46268],[-0.99799,41.46336],[-1.00251,41.46397],[-1.00348,41.46444],[-1.00704,41.46453],[-1.00844,41.4638],[-1.0101,41.46351],[-1.0112,41.46265],[-1.01038,41.46224],[-1.01026,41.46191],[-1.01104,41.45878],[-1.01257,41.45772],[-1.0127,41.45697],[-1.01333,41.45635],[-1.01421,41.45595],[-1.01431,41.45548],[-1.01394,41.45486],[-1.01455,41.45395],[-1.01534,41.45374],[-1.01668,41.45252],[-1.0173,41.45223],[-1.02307,41.45125],[-1.02994,41.45056],[-1.02949,41.44942],[-1.0294,41.44784],[-1.02888,41.44659],[-1.02866,41.44422],[-1.02774,41.44134],[-1.02777,41.44055],[-1.02672,41.43919],[-1.02574,41.43723],[-1.02561,41.43232],[-1.02463,41.42713],[-1.02444,41.42371],[-1.02427,41.42115]]]}},{"type":"Feature","properties":{"COD_POSTAL":"50695"},"geometry":{"type":"MultiPolygon","coordinates":[[[[-1.25555,42.14799],[-1.25676,42.15458],[-1.25536,42.15984],[-1.26365,42.16997],[-1.2638,42.17185],[-1.26034,42.17449],[-1.26009,42.17844],[-1.26143,42.18053],[-1.26722,42.18629],[-1.27334,42.18803],[-1.27793,42.19077],[-1.28266,42.18984],[-1.28829,42.19642],[-1.29343,42.19737],[-1.28773,42.18903],[-1.2835,42.17876],[-1.28108,42.16971],[-1.27684,42.16125],[-1.27562,42.15701],[-1.27362,42.15426],[-1.27339,42.14784],[-1.26832,42.13571],[-1.26721,42.13214],[-1.25891,42.133],[-1.25275,42.13489],[-1.25198,42.13642],[-1.25346,42.14115],[-1.25478,42.1415],[-1.25638,42.14269],[-1.25555,42.14799]]],[[[-1.07546,42.31908],[-1.07827,42.31908],[-1.08109,42.32003],[-1.08453,42.32051],[-1.08888,42.32229],[-1.09438,42.32346],[-1.09595,42.32444],[-1.09809,42.32325],[-1.09892,42.32244],[-1.10009,42.31904],[-1.10036,42.31757],[-1.10101,42.31668],[-1.10271,42.31568],[-1.10807,42.31377],[-1.11047,42.31227],[-1.11305,42.30985],[-1.11563,42.30813],[-1.12322,42.30585],[-1.12516,42.30591],[-1.12676,42.30544],[-1.1324,42.30485],[-1.13749,42.30382],[-1.13844,42.30387],[-1.13904,42.3042],[-1.13912,42.30338],[-1.14036,42.30311],[-1.14083,42.30264],[-1.14233,42.30208],[-1.14402,42.3002],[-1.14825,42.29809],[-1.14957,42.29635],[-1.14954,42.2957],[-1.15514,42.29512],[-1.15744,42.29546],[-1.15938,42.29427],[-1.16224,42.29379],[-1.16316,42.29336],[-1.16533,42.29164],[-1.16747,42.28808],[-1.17074,42.29278],[-1.17459,42.29533],[-1.17597,42.2953],[-1.1803,42.2944],[-1.1841,42.29452],[-1.18527,42.29416],[-1.18671,42.29284],[-1.18752,42.29247],[-1.18945,42.29248],[-1.19017,42.29294],[-1.19347,42.2925],[-1.19497,42.29195],[-1.19578,42.29212],[-1.19673,42.29108],[-1.19824,42.29158],[-1.20022,42.29138],[-1.20328,42.29087],[-1.20529,42.29014],[-1.21121,42.28693],[-1.21172,42.28591],[-1.21275,42.28556],[-1.21465,42.28411],[-1.21592,42.28207],[-1.2177,42.28072],[-1.22001,42.27628],[-1.22089,42.27538],[-1.2254,42.27302],[-1.22586,42.27289],[-1.22712,42.27311],[-1.22941,42.27221],[-1.23027,42.27045],[-1.24331,42.26167],[-1.256,42.25428],[-1.26507,42.25365],[-1.27201,42.25084],[-1.27773,42.24914],[-1.28027,42.2447],[-1.27958,42.24195],[-1.28105,42.23996],[-1.28117,42.2359],[-1.28219,42.23066],[-1.28791,42.22554],[-1.28851,42.22349],[-1.28494,42.22251],[-1.27758,42.22138],[-1.27321,42.2199],[-1.25464,42.21722],[-1.24361,42.2143],[-1.23426,42.20643],[-1.23171,42.20357],[-1.21653,42.20566],[-1.19772,42.21799],[-1.19187,42.22058],[-1.18062,42.22233],[-1.17387,42.22203],[-1.17087,42.22085],[-1.16431,42.22003],[-1.15701,42.21521],[-1.14654,42.21068],[-1.1444,42.20872],[-1.13823,42.20431],[-1.13364,42.20843],[-1.1267,42.2105],[-1.12607,42.21175],[-1.11886,42.21719],[-1.10823,42.22377],[-1.10697,42.22893],[-1.10887,42.23844],[-1.11365,42.24681],[-1.11217,42.24696],[-1.10276,42.24608],[-1.10021,42.24772],[-1.09775,42.25416],[-1.09737,42.2584],[-1.09833,42.25979],[-1.10015,42.26719],[-1.10299,42.27044],[-1.0985,42.26814],[-1.10437,42.2713],[-1.10545,42.27385],[-1.10641,42.27458],[-1.10711,42.27542],[-1.10734,42.27612],[-1.10696,42.27744],[-1.10459,42.28273],[-1.10458,42.28401],[-1.10547,42.28607],[-1.10582,42.28774],[-1.09994,42.29138],[-1.09865,42.2946],[-1.09252,42.29804],[-1.08917,42.29747],[-1.0848,42.29761],[-1.08387,42.29807],[-1.08268,42.29946],[-1.08125,42.30039],[-1.07863,42.30548],[-1.07755,42.30625],[-1.0772,42.30759],[-1.07519,42.30933],[-1.07469,42.31058],[-1.07393,42.31139],[-1.07344,42.31233],[-1.07352,42.31397],[-1.07335,42.31434],[-1.0712,42.31634],[-1.0713,42.31679],[-1.07414,42.31791],[-1.07519,42.31887],[-1.07546,42.31908]]]]}},{"type":"Feature","properties":{"COD_POSTAL":"50297"},"geometry":{"type":"Polygon","coordinates":[[[-1.20111,41.7192],[-1.20128,41.71894],[-1.20208,41.71877],[-1.203,41.71795],[-1.20552,41.71509],[-1.20603,41.71484],[-1.20637,41.71418],[-1.20771,41.71449],[-1.20782,41.71399],[-1.20754,41.71318],[-1.21001,41.71077],[-1.2097,41.71001],[-1.21056,41.70884],[-1.21354,41.70763],[-1.21493,41.70669],[-1.21593,41.70569],[-1.21559,41.70547],[-1.21478,41.7061],[-1.21247,41.70675],[-1.21158,41.7074],[-1.20875,41.70751],[-1.20768,41.7064],[-1.20673,41.70605],[-1.20542,41.70615],[-1.20487,41.70682],[-1.20464,41.70671],[-1.20427,41.70639],[-1.20487,41.70516],[-1.20546,41.70495],[-1.20544,41.70404],[-1.20465,41.70359],[-1.20361,41.70358],[-1.20167,41.70415],[-1.20012,41.70498],[-1.19915,41.70496],[-1.1984,41.70552],[-1.19845,41.70632],[-1.1982,41.70662],[-1.1986,41.7078],[-1.1979,41.70791],[-1.19759,41.70668],[-1.19758,41.70367],[-1.19691,41.70389],[-1.19525,41.70303],[-1.1912,41.69929],[-1.18918,41.69803],[-1.18048,41.69539],[-1.17484,41.69304],[-1.16352,41.68999],[-1.15941,41.68978],[-1.15412,41.69067],[-1.14888,41.68965],[-1.14809,41.6916],[-1.14766,41.6935],[-1.14909,41.69788],[-1.15737,41.70795],[-1.16235,41.71329],[-1.16544,41.71625],[-1.16785,41.7206],[-1.16146,41.72654],[-1.15913,41.72651],[-1.15285,41.72818],[-1.14866,41.72961],[-1.14392,41.73312],[-1.13942,41.73495],[-1.13027,41.74014],[-1.13249,41.7431],[-1.13405,41.74246],[-1.13461,41.74283],[-1.1366,41.74189],[-1.13689,41.74113],[-1.14151,41.74251],[-1.14291,41.74189],[-1.14354,41.74124],[-1.14445,41.741],[-1.14653,41.74104],[-1.14886,41.74148],[-1.14828,41.74195],[-1.15015,41.74321],[-1.1485,41.74455],[-1.15119,41.7453],[-1.14971,41.7459],[-1.15021,41.74674],[-1.14885,41.74791],[-1.15013,41.74881],[-1.14844,41.74997],[-1.14673,41.75048],[-1.14609,41.7509],[-1.14477,41.75312],[-1.14395,41.75375],[-1.14275,41.7544],[-1.14169,41.75443],[-1.14179,41.75501],[-1.1445,41.75736],[-1.14559,41.75737],[-1.14973,41.76092],[-1.15094,41.76073],[-1.15124,41.75968],[-1.15574,41.75815],[-1.15861,41.75577],[-1.15961,41.75535],[-1.15997,41.75461],[-1.16195,41.75349],[-1.16315,41.7521],[-1.16625,41.75034],[-1.16798,41.74971],[-1.17126,41.74758],[-1.17182,41.74645],[-1.17672,41.74406],[-1.17652,41.74347],[-1.17712,41.74312],[-1.17742,41.74242],[-1.18107,41.73949],[-1.18089,41.73894],[-1.18126,41.73846],[-1.18207,41.7383],[-1.18221,41.7372],[-1.18326,41.73602],[-1.18402,41.73573],[-1.18462,41.73501],[-1.18749,41.7328],[-1.18811,41.7326],[-1.19172,41.72981],[-1.19232,41.72965],[-1.1929,41.72992],[-1.1938,41.72964],[-1.19401,41.72901],[-1.19371,41.72742],[-1.19673,41.7244],[-1.19744,41.72425],[-1.19803,41.72358],[-1.19916,41.72348],[-1.19834,41.72305],[-1.19838,41.7226],[-1.19918,41.72231],[-1.19917,41.7219],[-1.19871,41.72164],[-1.19869,41.72137],[-1.19911,41.72096],[-1.20039,41.72117],[-1.20001,41.72055],[-1.20086,41.72029],[-1.2007,41.72],[-1.2011,41.71949],[-1.20111,41.7192]]]}},{"type":"Feature","properties":{"COD_POSTAL":"50214"},"geometry":{"type":"Polygon","coordinates":[[[-1.80837,41.12759],[-1.80866,41.12937],[-1.81006,41.13365],[-1.81427,41.13629],[-1.81525,41.13735],[-1.81873,41.14466],[-1.8227,41.15104],[-1.82103,41.15321],[-1.82147,41.15397],[-1.82116,41.1546],[-1.82035,41.1543],[-1.81925,41.15449],[-1.82113,41.15717],[-1.82081,41.16232],[-1.8211,41.1638],[-1.82166,41.165],[-1.82452,41.16445],[-1.82912,41.16407],[-1.83123,41.16477],[-1.83513,41.16425],[-1.83682,41.16448],[-1.83995,41.16366],[-1.84542,41.16391],[-1.84592,41.16359],[-1.84891,41.16291],[-1.85315,41.16335],[-1.85522,41.16312],[-1.85431,41.16253],[-1.85565,41.16086],[-1.85614,41.15943],[-1.85889,41.15768],[-1.86939,41.15381],[-1.87338,41.15118],[-1.87746,41.1497],[-1.88213,41.14584],[-1.88573,41.14553],[-1.88875,41.1436],[-1.88901,41.13964],[-1.88819,41.13687],[-1.88785,41.13483],[-1.89057,41.13332],[-1.88941,41.13127],[-1.88886,41.13076],[-1.88376,41.12752],[-1.8809,41.12453],[-1.87909,41.12376],[-1.87557,41.11917],[-1.87457,41.1166],[-1.87305,41.11424],[-1.8728,41.11158],[-1.86923,41.10859],[-1.86925,41.10791],[-1.86138,41.10524],[-1.85785,41.10334],[-1.8557,41.10252],[-1.84987,41.1015],[-1.84776,41.10175],[-1.84095,41.10067],[-1.83523,41.09918],[-1.82778,41.09579],[-1.82415,41.09453],[-1.82149,41.09414],[-1.81835,41.09452],[-1.81647,41.09528],[-1.81132,41.09844],[-1.81099,41.09914],[-1.81087,41.10089],[-1.81246,41.10412],[-1.81257,41.10563],[-1.81327,41.10775],[-1.81321,41.10818],[-1.81259,41.10919],[-1.81143,41.11019],[-1.8077,41.11209],[-1.80748,41.11351],[-1.80968,41.11571],[-1.80761,41.11956],[-1.80837,41.12759]]]}},{"type":"Feature","properties":{"COD_POSTAL":"50686"},"geometry":{"type":"MultiPolygon","coordinates":[[[[-1.13943,42.50559],[-1.13781,42.50492],[-1.1377,42.51129],[-1.13706,42.51311],[-1.13757,42.51551],[-1.138,42.51606],[-1.14045,42.51827],[-1.14244,42.51971],[-1.14633,42.51799],[-1.15177,42.51699],[-1.15448,42.51215],[-1.15371,42.50943],[-1.15165,42.5089],[-1.15129,42.50813],[-1.14929,42.50908],[-1.14734,42.50872],[-1.14568,42.50955],[-1.14391,42.50878],[-1.13943,42.50559]]],[[[-1.1816,42.41895],[-1.18043,42.41752],[-1.18326,42.41237],[-1.18505,42.40822],[-1.18751,42.40576],[-1.18797,42.40458],[-1.1878,42.40303],[-1.18441,42.40102],[-1.18338,42.4011],[-1.17439,42.4038],[-1.17158,42.40665],[-1.16592,42.40766],[-1.16196,42.40918],[-1.15877,42.40966],[-1.15434,42.41446],[-1.15417,42.41859],[-1.15374,42.4202],[-1.15243,42.42329],[-1.15323,42.42563],[-1.15296,42.42816],[-1.15168,42.42848],[-1.15117,42.43168],[-1.14898,42.43285],[-1.14484,42.43692],[-1.14497,42.44187],[-1.14758,42.441],[-1.14859,42.44104],[-1.14941,42.44185],[-1.15254,42.44187],[-1.15403,42.44148],[-1.15532,42.44039],[-1.15646,42.43781],[-1.15815,42.437],[-1.15879,42.43619],[-1.15937,42.43488],[-1.16296,42.43234],[-1.16523,42.4328],[-1.16661,42.43251],[-1.16938,42.431],[-1.17101,42.43056],[-1.18283,42.42459],[-1.18274,42.42117],[-1.1816,42.41895]]],[[[-1.12511,42.44518],[-1.1204,42.44542],[-1.11629,42.44508],[-1.11261,42.44291],[-1.10902,42.44153],[-1.10427,42.44093],[-1.09984,42.44081],[-1.09338,42.44018],[-1.09121,42.43967],[-1.08444,42.43728],[-1.08341,42.43713],[-1.08164,42.43823],[-1.08053,42.43841],[-1.07778,42.43774],[-1.07394,42.43724],[-1.07041,42.43544],[-1.06728,42.43452],[-1.06554,42.4351],[-1.06453,42.43603],[-1.06164,42.4344],[-1.05717,42.43398],[-1.05645,42.43432],[-1.05286,42.43792],[-1.05124,42.44072],[-1.05096,42.44192],[-1.05195,42.4427],[-1.05261,42.44364],[-1.05279,42.44409],[-1.05268,42.44524],[-1.05436,42.4488],[-1.05652,42.44834],[-1.06112,42.45145],[-1.06169,42.45226],[-1.06248,42.45253],[-1.06247,42.45283],[-1.06579,42.45379],[-1.06633,42.45513],[-1.06645,42.45731],[-1.06762,42.45998],[-1.06867,42.46097],[-1.06978,42.4616],[-1.0694,42.46447],[-1.06965,42.46514],[-1.06955,42.46648],[-1.07341,42.46776],[-1.07534,42.46812],[-1.07616,42.46901],[-1.07818,42.46986],[-1.07968,42.47115],[-1.08607,42.47333],[-1.08834,42.47586],[-1.08606,42.47951],[-1.08586,42.48134],[-1.08514,42.48336],[-1.08346,42.48519],[-1.08037,42.49052],[-1.0789,42.49233],[-1.07546,42.49883],[-1.07329,42.50512],[-1.06727,42.51492],[-1.06856,42.5153],[-1.07075,42.51681],[-1.07218,42.51728],[-1.07706,42.52048],[-1.08408,42.52367],[-1.08584,42.52499],[-1.09082,42.5167],[-1.09314,42.51427],[-1.09276,42.50994],[-1.09483,42.50395],[-1.09526,42.50384],[-1.09607,42.50445],[-1.09697,42.50451],[-1.09727,42.5044],[-1.09708,42.50298],[-1.09806,42.5027],[-1.09922,42.50287],[-1.09946,42.5032],[-1.09918,42.50416],[-1.09961,42.50493],[-1.10053,42.50539],[-1.10265,42.50588],[-1.10324,42.5073],[-1.10416,42.50838],[-1.10474,42.5087],[-1.10879,42.50782],[-1.11107,42.50619],[-1.11396,42.50546],[-1.1156,42.50554],[-1.11845,42.50649],[-1.12111,42.50628],[-1.12189,42.50723],[-1.12243,42.5074],[-1.12377,42.50709],[-1.12166,42.50224],[-1.11959,42.50073],[-1.11961,42.49964],[-1.11917,42.4989],[-1.11918,42.49598],[-1.11966,42.49375],[-1.12208,42.48939],[-1.12435,42.48606],[-1.12156,42.48512],[-1.11851,42.4832],[-1.11554,42.48257],[-1.1126,42.48287],[-1.11097,42.4845],[-1.10986,42.48446],[-1.10902,42.48559],[-1.10498,42.48423],[-1.10258,42.48326],[-1.10208,42.4828],[-1.10265,42.48221],[-1.1044,42.48141],[-1.10378,42.48064],[-1.10455,42.48032],[-1.10695,42.47831],[-1.11016,42.47404],[-1.11105,42.47218],[-1.11222,42.47061],[-1.11227,42.46917],[-1.11607,42.46515],[-1.117,42.46317],[-1.11828,42.46153],[-1.12089,42.46054],[-1.12154,42.45978],[-1.12171,42.4592],[-1.12375,42.45807],[-1.12398,42.45731],[-1.12558,42.45586],[-1.12804,42.45197],[-1.12924,42.44847],[-1.12936,42.44672],[-1.12774,42.44606],[-1.12511,42.44518]]]]}},{"type":"Feature","properties":{"COD_POSTAL":"50540"},"geometry":{"type":"Polygon","coordinates":[[[-1.59338,41.84116],[-1.59258,41.83913],[-1.59096,41.83666],[-1.58952,41.83528],[-1.58396,41.83226],[-1.58175,41.83042],[-1.5778,41.82895],[-1.57775,41.8284],[-1.5793,41.82794],[-1.57902,41.82636],[-1.58041,41.82549],[-1.57818,41.82351],[-1.57812,41.8183],[-1.58258,41.81772],[-1.58339,41.81667],[-1.58362,41.8161],[-1.5837,41.81344],[-1.58738,41.80705],[-1.58858,41.80454],[-1.58878,41.80341],[-1.58815,41.80204],[-1.58643,41.80099],[-1.58617,41.79991],[-1.58646,41.79798],[-1.58448,41.79435],[-1.58126,41.79364],[-1.57954,41.78909],[-1.57824,41.78654],[-1.57839,41.78137],[-1.57719,41.77911],[-1.57547,41.77667],[-1.57476,41.76982],[-1.57383,41.7674],[-1.57356,41.7627],[-1.57241,41.75918],[-1.57348,41.75734],[-1.57908,41.75092],[-1.58046,41.7502],[-1.58197,41.7478],[-1.58751,41.74355],[-1.58368,41.74137],[-1.58462,41.73982],[-1.58348,41.73756],[-1.58074,41.73656],[-1.579,41.73508],[-1.57522,41.73367],[-1.57421,41.73051],[-1.57318,41.72854],[-1.57245,41.72944],[-1.5706,41.73003],[-1.56978,41.73062],[-1.56939,41.73155],[-1.56839,41.73207],[-1.56873,41.73297],[-1.56815,41.73398],[-1.56663,41.73457],[-1.56619,41.73575],[-1.56372,41.73765],[-1.56477,41.7388],[-1.56478,41.7436],[-1.56198,41.74785],[-1.56472,41.75272],[-1.56196,41.75482],[-1.55993,41.75584],[-1.56134,41.75992],[-1.56066,41.76329],[-1.56155,41.76555],[-1.56197,41.76751],[-1.56086,41.76843],[-1.56058,41.76907],[-1.56081,41.77001],[-1.56135,41.77078],[-1.56109,41.77137],[-1.55915,41.77425],[-1.55737,41.77613],[-1.55484,41.7794],[-1.5533,41.78262],[-1.55326,41.78446],[-1.55145,41.78729],[-1.55129,41.78854],[-1.54913,41.79069],[-1.54889,41.79301],[-1.54746,41.79747],[-1.5464,41.79879],[-1.54123,41.80251],[-1.53984,41.80508],[-1.53898,41.80806],[-1.53406,41.81353],[-1.53285,41.81549],[-1.533,41.81715],[-1.53274,41.81958],[-1.53292,41.82018],[-1.53108,41.82039],[-1.52695,41.82169],[-1.52461,41.82158],[-1.52029,41.82217],[-1.51881,41.82194],[-1.51857,41.82214],[-1.51903,41.82257],[-1.51855,41.82297],[-1.51757,41.82238],[-1.51782,41.82186],[-1.51676,41.82113],[-1.51422,41.82122],[-1.51295,41.82162],[-1.51476,41.82611],[-1.51918,41.83012],[-1.5195,41.83133],[-1.51657,41.8306],[-1.51642,41.83099],[-1.5161,41.8311],[-1.48983,41.8305],[-1.48813,41.83062],[-1.48815,41.83247],[-1.48784,41.83346],[-1.48739,41.8388],[-1.48764,41.84011],[-1.48598,41.84352],[-1.48345,41.84707],[-1.48403,41.84835],[-1.48355,41.85007],[-1.48157,41.85307],[-1.47969,41.85433],[-1.47942,41.8548],[-1.48026,41.85572],[-1.48158,41.8558],[-1.48329,41.85686],[-1.48587,41.86027],[-1.48688,41.86078],[-1.48973,41.86361],[-1.49039,41.86457],[-1.49065,41.86545],[-1.4918,41.86688],[-1.49336,41.8701],[-1.49461,41.87139],[-1.48928,41.87516],[-1.48777,41.87696],[-1.49479,41.88258],[-1.49604,41.88837],[-1.50064,41.90051],[-1.50191,41.90197],[-1.50308,41.90284],[-1.50632,41.90366],[-1.50897,41.90525],[-1.52032,41.90937],[-1.52331,41.90989],[-1.52405,41.90956],[-1.52666,41.91001],[-1.53066,41.91011],[-1.53121,41.91032],[-1.53212,41.91019],[-1.53938,41.912],[-1.55068,41.91292],[-1.55238,41.91281],[-1.55646,41.91345],[-1.56205,41.91468],[-1.56403,41.9154],[-1.56937,41.91669],[-1.57363,41.91823],[-1.57667,41.91871],[-1.57909,41.92072],[-1.58017,41.92123],[-1.58009,41.91785],[-1.57905,41.90917],[-1.57665,41.90448],[-1.57811,41.90401],[-1.58039,41.90369],[-1.57811,41.90401],[-1.57665,41.90448],[-1.57549,41.90261],[-1.57496,41.90013],[-1.57516,41.89762],[-1.57543,41.89717],[-1.57626,41.89663],[-1.57666,41.89566],[-1.57695,41.89254],[-1.57734,41.89092],[-1.57733,41.88868],[-1.57686,41.88808],[-1.5776,41.88729],[-1.57884,41.88675],[-1.58051,41.88677],[-1.58303,41.88628],[-1.58441,41.8863],[-1.58759,41.88498],[-1.59068,41.88441],[-1.59282,41.88449],[-1.59689,41.88565],[-1.59787,41.88525],[-1.5987,41.88436],[-1.59953,41.88414],[-1.60087,41.88403],[-1.60198,41.88453],[-1.60349,41.88448],[-1.6123,41.88355],[-1.61418,41.88018],[-1.61448,41.87916],[-1.62061,41.88446],[-1.61448,41.87916],[-1.61634,41.87552],[-1.62139,41.87316],[-1.62299,41.87113],[-1.6227,41.86948],[-1.62081,41.86539],[-1.62085,41.85981],[-1.62259,41.85897],[-1.6237,41.85705],[-1.62789,41.85381],[-1.62883,41.85262],[-1.62074,41.85421],[-1.61745,41.8545],[-1.61562,41.85419],[-1.61089,41.85425],[-1.60745,41.85342],[-1.60497,41.85241],[-1.60246,41.85062],[-1.60086,41.84891],[-1.57287,41.86141],[-1.56613,41.85783],[-1.56631,41.84985],[-1.59433,41.84313],[-1.59338,41.84116]],[[-1.54886,41.82647],[-1.54986,41.8269],[-1.55056,41.82765],[-1.55147,41.82797],[-1.5514,41.82869],[-1.54829,41.82918],[-1.54834,41.82886],[-1.5477,41.82882],[-1.5476,41.82828],[-1.54719,41.82809],[-1.54689,41.82753],[-1.54653,41.82746],[-1.5466,41.8271],[-1.54733,41.82622],[-1.5488,41.82629],[-1.54886,41.82647]]]}},{"type":"Feature","properties":{"COD_POSTAL":"50611"},"geometry":{"type":"Polygon","coordinates":[[[-1.01518,42.09601],[-1.01341,42.09578],[-1.01264,42.09873],[-1.01128,42.09968],[-1.00879,42.09932],[-1.00807,42.09972],[-1.00747,42.10051],[-1.00459,42.10039],[-1.00138,42.10113],[-1.00098,42.10157],[-1.00112,42.10274],[-0.99956,42.10336],[-0.99668,42.1021],[-0.99639,42.10095],[-0.99498,42.10079],[-0.99445,42.10034],[-0.9872,42.09999],[-0.98407,42.09876],[-0.98462,42.09704],[-0.98134,42.09714],[-0.97932,42.09759],[-0.97593,42.09657],[-0.97155,42.09599],[-0.96588,42.09638],[-0.95623,42.09748],[-0.95002,42.09724],[-0.94853,42.0974],[-0.94624,42.09866],[-0.94029,42.10301],[-0.93869,42.1039],[-0.9359,42.10497],[-0.93463,42.1077],[-0.93504,42.10871],[-0.9338,42.11239],[-0.93445,42.11451],[-0.93495,42.11742],[-0.93704,42.12201],[-0.93799,42.12631],[-0.94026,42.12569],[-0.94121,42.12661],[-0.94097,42.12692],[-0.94194,42.12736],[-0.94299,42.1287],[-0.94599,42.13069],[-0.94836,42.1318],[-0.94907,42.13125],[-0.95226,42.13068],[-0.95288,42.12928],[-0.9551,42.12952],[-0.95556,42.1289],[-0.95467,42.12775],[-0.95599,42.12531],[-0.95695,42.12502],[-0.95767,42.12532],[-0.95983,42.12521],[-0.96809,42.11992],[-0.97063,42.11897],[-0.97175,42.11916],[-0.97281,42.11851],[-0.97489,42.116],[-0.97552,42.1147],[-0.9758,42.11331],[-0.9757,42.10964],[-0.98262,42.11395],[-0.98805,42.11691],[-0.99171,42.1171],[-0.9989,42.11881],[-1.00198,42.12194],[-1.00526,42.12427],[-1.00912,42.12424],[-1.01529,42.12371],[-1.01933,42.11968],[-1.02134,42.11827],[-1.02306,42.1178],[-1.02566,42.11789],[-1.02799,42.11671],[-1.02936,42.11511],[-1.03017,42.11325],[-1.02975,42.11151],[-1.02854,42.11002],[-1.0251,42.1068],[-1.02429,42.10544],[-1.02429,42.10397],[-1.0262,42.10023],[-1.02695,42.09937],[-1.02612,42.09887],[-1.02428,42.0985],[-1.0217,42.10037],[-1.01721,42.10167],[-1.0161,42.10165],[-1.01458,42.10076],[-1.01447,42.10047],[-1.01601,42.09828],[-1.01708,42.09631],[-1.01691,42.09619],[-1.01518,42.09601]]]}},{"type":"Feature","properties":{"COD_POSTAL":"50548"},"geometry":{"type":"MultiPolygon","coordinates":[[[[-1.59433,41.84313],[-1.56631,41.84985],[-1.56613,41.85783],[-1.57287,41.86141],[-1.60086,41.84891],[-1.59894,41.84609],[-1.59743,41.84459],[-1.59433,41.84314],[-1.59433,41.84313]]],[[[-1.62416,41.90338],[-1.62059,41.88436],[-1.61448,41.87916],[-1.61418,41.88018],[-1.6123,41.88355],[-1.60349,41.88448],[-1.60198,41.88453],[-1.60087,41.88403],[-1.59953,41.88414],[-1.5987,41.88436],[-1.59787,41.88525],[-1.59689,41.88565],[-1.59282,41.88449],[-1.59068,41.88441],[-1.58759,41.88498],[-1.58441,41.8863],[-1.58303,41.88628],[-1.58051,41.88677],[-1.57884,41.88675],[-1.5776,41.88729],[-1.57686,41.88808],[-1.57733,41.88868],[-1.57734,41.89092],[-1.57695,41.89254],[-1.57666,41.89566],[-1.57626,41.89663],[-1.57543,41.89717],[-1.57516,41.89762],[-1.57493,41.89904],[-1.57549,41.90261],[-1.57665,41.90448],[-1.57811,41.90401],[-1.58039,41.90369],[-1.58484,41.90409],[-1.58965,41.90393],[-1.60048,41.90076],[-1.60457,41.90036],[-1.60643,41.90058],[-1.60897,41.90034],[-1.61406,41.90157],[-1.61868,41.90238],[-1.61878,41.90195],[-1.62186,41.9035],[-1.62427,41.90396],[-1.62416,41.90338]]]]}},{"type":"Feature","properties":{"COD_POSTAL":"50257"},"geometry":{"type":"Polygon","coordinates":[[[-1.65471,41.56186],[-1.65406,41.55949],[-1.65408,41.55901],[-1.65527,41.55639],[-1.65492,41.55414],[-1.65986,41.5494],[-1.66248,41.54739],[-1.66382,41.5459],[-1.6658,41.54573],[-1.66788,41.54249],[-1.66902,41.54186],[-1.66954,41.54109],[-1.67257,41.53825],[-1.67819,41.53609],[-1.67938,41.53348],[-1.68427,41.53183],[-1.68657,41.53149],[-1.69276,41.52393],[-1.68895,41.52204],[-1.68615,41.52035],[-1.68494,41.51823],[-1.68215,41.51513],[-1.6808,41.51419],[-1.67719,41.51296],[-1.67206,41.51844],[-1.67167,41.52152],[-1.66779,41.52364],[-1.6646,41.52382],[-1.65838,41.52652],[-1.65735,41.52852],[-1.65252,41.53354],[-1.6525,41.53414],[-1.65214,41.53474],[-1.6425,41.53845],[-1.63837,41.54368],[-1.6382,41.54462],[-1.63854,41.54735],[-1.63721,41.54874],[-1.63556,41.55221],[-1.63377,41.55824],[-1.63112,41.56109],[-1.63018,41.56338],[-1.62943,41.56418],[-1.62737,41.56749],[-1.63004,41.57119],[-1.63266,41.57364],[-1.63009,41.57675],[-1.63112,41.57906],[-1.63431,41.58019],[-1.63465,41.58079],[-1.63713,41.58198],[-1.63834,41.58609],[-1.63863,41.58644],[-1.64097,41.58641],[-1.64459,41.58687],[-1.64677,41.58929],[-1.64883,41.58852],[-1.64964,41.58732],[-1.6498,41.58405],[-1.65204,41.57994],[-1.65432,41.57237],[-1.65537,41.5654],[-1.65615,41.56443],[-1.65505,41.56281],[-1.65471,41.56186]]]}},{"type":"Feature","properties":{"COD_POSTAL":"50018"},"geometry":{"type":"Polygon","coordinates":[[[-0.87088,41.69214],[-0.87297,41.69291],[-0.87656,41.69238],[-0.88095,41.69131],[-0.88385,41.6911],[-0.88351,41.69002],[-0.88488,41.69053],[-0.88712,41.69031],[-0.89007,41.68765],[-0.8921,41.68719],[-0.89545,41.68447],[-0.90006,41.68183],[-0.90107,41.67901],[-0.90345,41.67623],[-0.90882,41.67425],[-0.91627,41.6723],[-0.91911,41.6706],[-0.92078,41.66875],[-0.92145,41.66735],[-0.92032,41.66512],[-0.91724,41.66432],[-0.91164,41.66456],[-0.90685,41.66647],[-0.90182,41.66734],[-0.89686,41.66642],[-0.89029,41.66139],[-0.88769,41.65989],[-0.88521,41.65889],[-0.88152,41.65845],[-0.88008,41.66804],[-0.88051,41.67259],[-0.88098,41.67296],[-0.8816,41.67573],[-0.88162,41.67949],[-0.8768,41.68174],[-0.8707,41.6911],[-0.87049,41.692],[-0.87088,41.69214]]]}},{"type":"Feature","properties":{"COD_POSTAL":"50669"},"geometry":{"type":"Polygon","coordinates":[[[-1.23594,41.98155],[-1.22874,41.99025],[-1.22514,41.99865],[-1.21674,42.00345],[-1.21794,42.01185],[-1.22114,42.02526],[-1.27143,42.03675],[-1.29128,42.0396],[-1.29951,42.04207],[-1.30564,42.04294],[-1.3058,42.04264],[-1.31265,42.03857],[-1.31454,42.03671],[-1.32123,42.03235],[-1.32183,42.03176],[-1.32321,42.03127],[-1.32538,42.02978],[-1.32945,42.02561],[-1.33073,42.02469],[-1.33344,42.02159],[-1.33724,42.01851],[-1.33967,42.01705],[-1.34164,42.0136],[-1.34237,42.01182],[-1.34722,42.00726],[-1.3491,42.00477],[-1.35355,42.00008],[-1.36573,41.98293],[-1.36629,41.98178],[-1.36738,41.9779],[-1.37042,41.97275],[-1.371,41.97062],[-1.37347,41.96644],[-1.37365,41.96476],[-1.37444,41.96176],[-1.37643,41.96063],[-1.38587,41.95711],[-1.3865,41.95622],[-1.38429,41.95544],[-1.38307,41.95449],[-1.38007,41.95041],[-1.37701,41.95149],[-1.37336,41.94643],[-1.37311,41.94546],[-1.3692,41.94317],[-1.3664,41.94274],[-1.36512,41.94105],[-1.36171,41.93323],[-1.36244,41.93021],[-1.36207,41.92862],[-1.35858,41.9265],[-1.35516,41.9235],[-1.35201,41.92155],[-1.35083,41.92025],[-1.35056,41.9185],[-1.33726,41.91532],[-1.33505,41.9134],[-1.33304,41.91123],[-1.25454,41.94554],[-1.24794,41.95844],[-1.23594,41.98155]]]}},{"type":"Feature","properties":{"COD_POSTAL":"50280"},"geometry":{"type":"Polygon","coordinates":[[[-1.35886,41.51106],[-1.35668,41.50813],[-1.35313,41.50528],[-1.34435,41.50192],[-1.33844,41.50164],[-1.32985,41.50044],[-1.32919,41.49998],[-1.31663,41.49491],[-1.3161,41.49427],[-1.2875,41.49463],[-1.28439,41.49539],[-1.28018,41.49823],[-1.27831,41.49876],[-1.27752,41.49951],[-1.27223,41.50246],[-1.25917,41.51146],[-1.25476,41.51413],[-1.25256,41.51517],[-1.24812,41.51675],[-1.24317,41.51762],[-1.23879,41.51665],[-1.23602,41.5168],[-1.22977,41.51613],[-1.22242,41.51629],[-1.21706,41.51684],[-1.21123,41.51406],[-1.21706,41.51685],[-1.2185,41.52052],[-1.22209,41.5238],[-1.22499,41.52857],[-1.22984,41.53182],[-1.23275,41.53434],[-1.24322,41.53859],[-1.25759,41.5431],[-1.26677,41.54377],[-1.2716,41.54322],[-1.2784,41.54196],[-1.27986,41.53981],[-1.28972,41.53609],[-1.29273,41.53574],[-1.29617,41.53704],[-1.30751,41.54386],[-1.31524,41.54679],[-1.31532,41.54738],[-1.31674,41.54813],[-1.31658,41.54853],[-1.32016,41.54993],[-1.32187,41.54977],[-1.32242,41.55069],[-1.32283,41.55063],[-1.32727,41.5532],[-1.32761,41.5494],[-1.32916,41.54886],[-1.33035,41.54972],[-1.32983,41.55111],[-1.3344,41.5512],[-1.33516,41.55193],[-1.33604,41.55162],[-1.33684,41.54898],[-1.33933,41.55013],[-1.34,41.54981],[-1.34051,41.54735],[-1.34248,41.54418],[-1.34514,41.54288],[-1.35099,41.53818],[-1.35521,41.53177],[-1.35851,41.52941],[-1.36049,41.52872],[-1.36101,41.52917],[-1.36207,41.52834],[-1.36147,41.52755],[-1.36133,41.52587],[-1.36458,41.52431],[-1.36517,41.5224],[-1.36502,41.52106],[-1.36523,41.51943],[-1.36401,41.51856],[-1.36426,41.51772],[-1.36204,41.51668],[-1.36646,41.51366],[-1.3622,41.50945],[-1.36054,41.51124],[-1.35886,41.51106]]]}},{"type":"Feature","properties":{"COD_POSTAL":"50240"},"geometry":{"type":"Polygon","coordinates":[[[-1.55168,41.49191],[-1.55324,41.49248],[-1.55435,41.49353],[-1.55734,41.49444],[-1.56201,41.49478],[-1.56403,41.49559],[-1.56751,41.49596],[-1.57076,41.49945],[-1.57189,41.49927],[-1.57451,41.49945],[-1.57562,41.50073],[-1.57813,41.5005],[-1.57863,41.49839],[-1.58229,41.49595],[-1.58582,41.49429],[-1.58577,41.49363],[-1.5851,41.49291],[-1.5833,41.49156],[-1.58204,41.4916],[-1.58064,41.49002],[-1.58052,41.48932],[-1.58212,41.48409],[-1.58587,41.48368],[-1.58767,41.48212],[-1.58889,41.48066],[-1.59069,41.48044],[-1.59409,41.47799],[-1.59582,41.47809],[-1.59919,41.47445],[-1.60277,41.47373],[-1.60389,41.47325],[-1.60613,41.47322],[-1.60904,41.46987],[-1.60931,41.469],[-1.61034,41.46775],[-1.61052,41.46249],[-1.61139,41.46178],[-1.61244,41.46145],[-1.61209,41.46003],[-1.61139,41.45905],[-1.60911,41.4571],[-1.60799,41.45556],[-1.60666,41.45427],[-1.6014,41.45612],[-1.59846,41.45663],[-1.59565,41.45843],[-1.58411,41.4594],[-1.5747,41.46046],[-1.5729,41.46002],[-1.57121,41.46023],[-1.56935,41.46009],[-1.56698,41.46061],[-1.56491,41.46174],[-1.56324,41.4614],[-1.5628,41.4618],[-1.56214,41.46121],[-1.56087,41.46076],[-1.55662,41.46124],[-1.55541,41.46036],[-1.55381,41.46052],[-1.54882,41.46159],[-1.54712,41.46357],[-1.54396,41.4636],[-1.5396,41.4632],[-1.53544,41.46175],[-1.5311,41.45934],[-1.52879,41.45959],[-1.52927,41.46111],[-1.53032,41.46185],[-1.53082,41.46267],[-1.53061,41.46358],[-1.53099,41.46529],[-1.53806,41.46545],[-1.54104,41.46587],[-1.54704,41.4652],[-1.54886,41.468],[-1.55487,41.47473],[-1.55383,41.48433],[-1.552,41.48535],[-1.55002,41.48805],[-1.54977,41.48966],[-1.55098,41.49174],[-1.55168,41.49191]]]}},{"type":"Feature","properties":{"COD_POSTAL":"50460"},"geometry":{"type":"Polygon","coordinates":[[[-1.11598,41.39632],[-1.11721,41.39683],[-1.12025,41.40096],[-1.12105,41.40235],[-1.12071,41.40436],[-1.12229,41.40586],[-1.12473,41.40711],[-1.12523,41.40795],[-1.12649,41.40894],[-1.12688,41.41045],[-1.12757,41.41175],[-1.13085,41.4141],[-1.13165,41.41503],[-1.13185,41.41579],[-1.13358,41.41743],[-1.13376,41.42072],[-1.13407,41.42198],[-1.13994,41.42251],[-1.1479,41.42437],[-1.15415,41.42719],[-1.16445,41.42976],[-1.16989,41.43292],[-1.17133,41.43096],[-1.17249,41.43003],[-1.17653,41.42724],[-1.1801,41.42519],[-1.18085,41.42419],[-1.18209,41.42358],[-1.18278,41.42356],[-1.19128,41.41835],[-1.19849,41.41169],[-1.20249,41.4093],[-1.20504,41.4044],[-1.20492,41.40316],[-1.2041,41.40089],[-1.20203,41.39767],[-1.20125,41.39522],[-1.2009,41.39189],[-1.19959,41.38983],[-1.19813,41.38864],[-1.1948,41.38727],[-1.18856,41.38311],[-1.1857,41.38148],[-1.17882,41.37514],[-1.1778,41.37348],[-1.17459,41.37066],[-1.16697,41.36613],[-1.16378,41.36391],[-1.15938,41.36034],[-1.15795,41.35844],[-1.14708,41.34917],[-1.14581,41.3475],[-1.14471,41.34508],[-1.14167,41.34615],[-1.1384,41.34686],[-1.13082,41.34967],[-1.12609,41.35171],[-1.1248,41.35214],[-1.12422,41.35189],[-1.11995,41.3538],[-1.11757,41.35459],[-1.10893,41.35694],[-1.10754,41.35702],[-1.10754,41.35777],[-1.10874,41.35903],[-1.10895,41.36118],[-1.11391,41.36495],[-1.11576,41.36791],[-1.1172,41.3693],[-1.11839,41.37006],[-1.12023,41.3727],[-1.12239,41.3744],[-1.12293,41.37614],[-1.12292,41.37664],[-1.11758,41.37902],[-1.11741,41.37947],[-1.11549,41.3812],[-1.11542,41.38174],[-1.11202,41.38542],[-1.11512,41.39081],[-1.11343,41.39388],[-1.11313,41.39518],[-1.11598,41.39632]]]}},{"type":"Feature","properties":{"COD_POSTAL":"50132"},"geometry":{"type":"Polygon","coordinates":[[[-0.63849,41.35588],[-0.64721,41.35318],[-0.64926,41.35208],[-0.65051,41.352],[-0.65718,41.34921],[-0.66331,41.34983],[-0.67321,41.35556],[-0.68189,41.35506],[-0.68559,41.35377],[-0.69118,41.35033],[-0.69494,41.35009],[-0.69505,41.34845],[-0.69678,41.34707],[-0.69711,41.34492],[-0.70085,41.34546],[-0.70491,41.34075],[-0.70992,41.33613],[-0.71263,41.33271],[-0.71129,41.32999],[-0.70661,41.32518],[-0.70178,41.32273],[-0.69618,41.32171],[-0.68632,41.32648],[-0.67277,41.33352],[-0.6671,41.33582],[-0.66509,41.33544],[-0.66259,41.3361],[-0.66167,41.33778],[-0.66199,41.34007],[-0.65492,41.34331],[-0.64648,41.34458],[-0.644,41.34449],[-0.64225,41.34748],[-0.64215,41.34876],[-0.63982,41.35331],[-0.63849,41.35588]]]}},{"type":"Feature","properties":{"COD_POSTAL":"50561"},"geometry":{"type":"Polygon","coordinates":[[[-1.44955,41.85259],[-1.44795,41.85172],[-1.44634,41.85243],[-1.44592,41.85054],[-1.44487,41.85101],[-1.44376,41.85098],[-1.44357,41.85209],[-1.44257,41.85211],[-1.44143,41.85172],[-1.43941,41.85167],[-1.43903,41.85219],[-1.43782,41.85211],[-1.43687,41.85153],[-1.43614,41.85182],[-1.43349,41.85174],[-1.43232,41.85204],[-1.4288,41.85088],[-1.42235,41.84813],[-1.41807,41.84745],[-1.41391,41.84608],[-1.40776,41.84322],[-1.40808,41.84265],[-1.40583,41.84222],[-1.405,41.84013],[-1.40206,41.84201],[-1.39606,41.83952],[-1.39409,41.84175],[-1.39175,41.8416],[-1.38899,41.84366],[-1.37762,41.85672],[-1.37681,41.85755],[-1.37636,41.8575],[-1.37681,41.85755],[-1.37762,41.85672],[-1.40109,41.86515],[-1.40478,41.86696],[-1.40716,41.86706],[-1.40978,41.8676],[-1.41671,41.86623],[-1.42255,41.86622],[-1.42577,41.86583],[-1.42751,41.8677],[-1.42957,41.86788],[-1.42994,41.86871],[-1.43078,41.86942],[-1.43185,41.86702],[-1.43174,41.8651],[-1.43387,41.8655],[-1.43554,41.86468],[-1.43803,41.86486],[-1.44096,41.8655],[-1.44166,41.86438],[-1.4424,41.86455],[-1.44242,41.86386],[-1.44352,41.86445],[-1.44392,41.86323],[-1.44831,41.86502],[-1.44854,41.8629],[-1.44945,41.86327],[-1.44952,41.86249],[-1.44841,41.86158],[-1.44914,41.86069],[-1.44888,41.85951],[-1.44912,41.85767],[-1.45048,41.85668],[-1.44956,41.85609],[-1.45111,41.85363],[-1.45043,41.85235],[-1.44955,41.85259]]]}},{"type":"Feature","properties":{"COD_POSTAL":"50331"},"geometry":{"type":"Polygon","coordinates":[[[-1.42806,41.2967],[-1.42871,41.29802],[-1.42954,41.29845],[-1.43013,41.29927],[-1.43163,41.30372],[-1.43194,41.30629],[-1.43528,41.30817],[-1.43515,41.31136],[-1.43214,41.31269],[-1.42986,41.31318],[-1.43067,41.31429],[-1.43061,41.31623],[-1.42445,41.31831],[-1.42476,41.31895],[-1.42345,41.32128],[-1.42402,41.32342],[-1.42391,41.32411],[-1.42512,41.32575],[-1.42564,41.32607],[-1.42772,41.3248],[-1.43306,41.32306],[-1.4364,41.32276],[-1.43748,41.32287],[-1.43906,41.32365],[-1.44654,41.32354],[-1.44714,41.32391],[-1.44934,41.3236],[-1.46031,41.32707],[-1.46456,41.3275],[-1.46798,41.32747],[-1.47491,41.32361],[-1.4764,41.32269],[-1.47788,41.32111],[-1.49514,41.31081],[-1.5036,41.30673],[-1.50961,41.30796],[-1.51443,41.30621],[-1.51762,41.30622],[-1.51968,41.30595],[-1.52024,41.30512],[-1.52084,41.30478],[-1.52284,41.30435],[-1.52874,41.30171],[-1.53417,41.29809],[-1.53709,41.29689],[-1.5394,41.29649],[-1.54345,41.29461],[-1.55538,41.29266],[-1.55641,41.29276],[-1.56082,41.29172],[-1.56123,41.28343],[-1.56165,41.27968],[-1.56109,41.2792],[-1.55416,41.2756],[-1.54822,41.26985],[-1.5412,41.26092],[-1.53742,41.25937],[-1.53326,41.2585],[-1.5315,41.25841],[-1.52962,41.25765],[-1.52905,41.25762],[-1.52635,41.25936],[-1.51589,41.26286],[-1.50797,41.27024],[-1.50417,41.27428],[-1.4992,41.27416],[-1.49474,41.27358],[-1.49059,41.27441],[-1.48851,41.27459],[-1.48776,41.27497],[-1.48567,41.27447],[-1.48129,41.27402],[-1.47969,41.27437],[-1.47564,41.2729],[-1.47294,41.27228],[-1.46949,41.27216],[-1.46677,41.27099],[-1.46481,41.26958],[-1.46074,41.26586],[-1.458,41.26591],[-1.45636,41.2663],[-1.4535,41.26813],[-1.45262,41.26824],[-1.45082,41.26815],[-1.44943,41.26769],[-1.44683,41.26602],[-1.44573,41.26703],[-1.4431,41.26802],[-1.44216,41.26865],[-1.44138,41.26934],[-1.44009,41.27159],[-1.43743,41.27343],[-1.4353,41.27539],[-1.43406,41.27611],[-1.42923,41.27787],[-1.42661,41.28147],[-1.42701,41.28211],[-1.42612,41.2827],[-1.4246,41.28432],[-1.42486,41.28811],[-1.4267,41.29065],[-1.42778,41.29388],[-1.42802,41.29539],[-1.42806,41.2967]]]}},{"type":"Feature","properties":{"COD_POSTAL":"50482"},"geometry":{"type":"Polygon","coordinates":[[[-1.19323,41.19015],[-1.1922,41.18977],[-1.19112,41.18971],[-1.1875,41.19056],[-1.18418,41.1893],[-1.18154,41.18913],[-1.18008,41.1885],[-1.17852,41.18642],[-1.17755,41.18619],[-1.17607,41.18535],[-1.17507,41.18533],[-1.1723,41.18712],[-1.1674,41.19125],[-1.16493,41.1919],[-1.16359,41.19187],[-1.16233,41.19102],[-1.15452,41.18855],[-1.15237,41.18914],[-1.1511,41.19012],[-1.14891,41.19052],[-1.14799,41.19176],[-1.14717,41.19244],[-1.14688,41.19379],[-1.14498,41.1951],[-1.1416,41.20024],[-1.13943,41.20039],[-1.13854,41.19966],[-1.13367,41.20136],[-1.13037,41.20424],[-1.13032,41.20504],[-1.12983,41.20534],[-1.12931,41.20627],[-1.12791,41.20761],[-1.12733,41.20904],[-1.12658,41.20954],[-1.12482,41.21169],[-1.12473,41.21202],[-1.12545,41.2137],[-1.12464,41.21505],[-1.12135,41.21899],[-1.12152,41.22015],[-1.1219,41.22084],[-1.12574,41.22508],[-1.12619,41.22652],[-1.12768,41.2271],[-1.12878,41.2269],[-1.12981,41.22707],[-1.13554,41.22879],[-1.13662,41.22966],[-1.13762,41.2299],[-1.14476,41.23086],[-1.14673,41.23296],[-1.15647,41.23192],[-1.15869,41.23021],[-1.16518,41.22762],[-1.16519,41.22782],[-1.17162,41.22828],[-1.17788,41.22974],[-1.18358,41.22933],[-1.18604,41.22745],[-1.18751,41.22714],[-1.1902,41.226],[-1.19127,41.22397],[-1.18979,41.21959],[-1.18887,41.21869],[-1.18512,41.21603],[-1.18577,41.21435],[-1.18569,41.21115],[-1.18727,41.20908],[-1.18858,41.20825],[-1.18895,41.20732],[-1.18983,41.20651],[-1.19048,41.20541],[-1.19028,41.20427],[-1.19171,41.20369],[-1.193,41.20237],[-1.1917,41.19982],[-1.19188,41.19859],[-1.19232,41.19793],[-1.19136,41.19601],[-1.19068,41.1952],[-1.19167,41.19333],[-1.19235,41.19258],[-1.1922,41.19171],[-1.19457,41.19016],[-1.19382,41.19019],[-1.19323,41.19015]]]}},{"type":"Feature","properties":{"COD_POSTAL":"50689"},"geometry":{"type":"MultiPolygon","coordinates":[[[[-1.22618,42.54238],[-1.22661,42.542],[-1.2269,42.54218],[-1.22827,42.5419],[-1.22894,42.54218],[-1.22871,42.54272],[-1.22944,42.54307],[-1.22983,42.54229],[-1.23065,42.54191],[-1.23138,42.54195],[-1.23253,42.54276],[-1.23295,42.54446],[-1.23391,42.54491],[-1.23433,42.54456],[-1.23444,42.54404],[-1.23527,42.54404],[-1.23662,42.54492],[-1.23739,42.54595],[-1.23888,42.54631],[-1.23885,42.54671],[-1.23846,42.54711],[-1.23882,42.54741],[-1.24067,42.5477],[-1.24113,42.54838],[-1.24276,42.54777],[-1.24452,42.54839],[-1.24575,42.54838],[-1.24669,42.54901],[-1.24849,42.54968],[-1.25005,42.5496],[-1.25019,42.55087],[-1.25142,42.55048],[-1.25236,42.55054],[-1.25645,42.55255],[-1.25686,42.55336],[-1.25603,42.55426],[-1.25712,42.55501],[-1.26,42.55453],[-1.26268,42.55529],[-1.26469,42.55647],[-1.26548,42.55582],[-1.26662,42.55404],[-1.2705,42.54937],[-1.27067,42.5487],[-1.27122,42.54826],[-1.27191,42.54511],[-1.2733,42.54185],[-1.27457,42.54108],[-1.27504,42.53979],[-1.27787,42.53657],[-1.27926,42.53383],[-1.28051,42.53295],[-1.28342,42.52987],[-1.28571,42.526],[-1.287,42.52443],[-1.2876,42.5241],[-1.28781,42.52349],[-1.28847,42.52275],[-1.28865,42.52231],[-1.28808,42.52114],[-1.2888,42.52011],[-1.2889,42.51739],[-1.28974,42.51458],[-1.29143,42.51297],[-1.29302,42.51202],[-1.29349,42.5113],[-1.29454,42.51085],[-1.29178,42.51016],[-1.28742,42.5081],[-1.28764,42.50633],[-1.28701,42.50016],[-1.28723,42.49947],[-1.28673,42.49853],[-1.28223,42.49892],[-1.28025,42.49804],[-1.27725,42.49741],[-1.27707,42.497],[-1.27523,42.49604],[-1.27511,42.49524],[-1.27566,42.49388],[-1.27532,42.48892],[-1.27501,42.48816],[-1.27495,42.4855],[-1.27455,42.48441],[-1.27278,42.48194],[-1.23555,42.51478],[-1.22618,42.54238]]],[[[-1.18815,42.58606],[-1.18831,42.5855],[-1.19022,42.58442],[-1.1929,42.58358],[-1.19425,42.58233],[-1.19451,42.58149],[-1.19517,42.58061],[-1.19624,42.58004],[-1.19665,42.57937],[-1.19762,42.57869],[-1.20145,42.57827],[-1.20208,42.57571],[-1.2038,42.57249],[-1.20387,42.57151],[-1.20432,42.57052],[-1.20364,42.56572],[-1.2037,42.56405],[-1.20418,42.56156],[-1.20396,42.55831],[-1.20076,42.5525],[-1.19016,42.55205],[-1.17498,42.54613],[-1.17412,42.54395],[-1.16824,42.54221],[-1.16664,42.54393],[-1.16583,42.54369],[-1.16476,42.54296],[-1.16352,42.54297],[-1.16269,42.54266],[-1.1593,42.54451],[-1.15725,42.54525],[-1.15317,42.54623],[-1.15221,42.54786],[-1.15156,42.54972],[-1.14829,42.5513],[-1.14342,42.54999],[-1.12865,42.54813],[-1.12774,42.5503],[-1.12676,42.55393],[-1.12523,42.55676],[-1.1245,42.55916],[-1.12326,42.56178],[-1.12276,42.56421],[-1.12057,42.56733],[-1.11885,42.5704],[-1.12004,42.57309],[-1.12013,42.57542],[-1.11957,42.57681],[-1.11925,42.57722],[-1.11655,42.57682],[-1.11084,42.57738],[-1.10724,42.57802],[-1.10588,42.58087],[-1.10408,42.58839],[-1.1035,42.59239],[-1.10292,42.59441],[-1.10317,42.59608],[-1.1021,42.59985],[-1.10162,42.60351],[-1.09999,42.60427],[-1.10142,42.60536],[-1.10383,42.60826],[-1.10709,42.61065],[-1.10824,42.61112],[-1.11392,42.61204],[-1.11511,42.61216],[-1.11788,42.61193],[-1.12034,42.61133],[-1.12268,42.6111],[-1.12421,42.61025],[-1.12553,42.60722],[-1.13133,42.60087],[-1.13905,42.5986],[-1.14091,42.59873],[-1.14378,42.60023],[-1.14434,42.60087],[-1.14575,42.60312],[-1.14623,42.60639],[-1.14706,42.60696],[-1.15473,42.60874],[-1.15765,42.61047],[-1.16007,42.61283],[-1.16137,42.61375],[-1.16554,42.61502],[-1.16891,42.61659],[-1.17087,42.61706],[-1.17192,42.61706],[-1.17308,42.61681],[-1.17381,42.61642],[-1.17472,42.61548],[-1.17632,42.6148],[-1.17878,42.61513],[-1.17998,42.61163],[-1.18007,42.60779],[-1.17559,42.60597],[-1.1734,42.60532],[-1.17195,42.60544],[-1.16954,42.60515],[-1.16801,42.60433],[-1.16726,42.60334],[-1.16396,42.60261],[-1.15879,42.59994],[-1.15774,42.59882],[-1.16039,42.59805],[-1.16174,42.59602],[-1.16575,42.59655],[-1.16908,42.59743],[-1.17081,42.59688],[-1.17475,42.5932],[-1.18724,42.58739],[-1.18815,42.58614],[-1.18815,42.58606]]]]}},{"type":"Feature","properties":{"COD_POSTAL":"50345"},"geometry":{"type":"Polygon","coordinates":[[[-1.64864,41.20132],[-1.6459,41.20012],[-1.64448,41.1999],[-1.64365,41.19945],[-1.64029,41.19699],[-1.63926,41.19577],[-1.63574,41.19547],[-1.63496,41.19522],[-1.63441,41.19466],[-1.63194,41.19336],[-1.63179,41.19272],[-1.63021,41.19142],[-1.62833,41.1903],[-1.6265,41.19023],[-1.62293,41.18887],[-1.62008,41.18756],[-1.61748,41.18578],[-1.61501,41.18563],[-1.61461,41.1842],[-1.60838,41.18456],[-1.60431,41.18532],[-1.60265,41.1859],[-1.60009,41.18635],[-1.59761,41.18858],[-1.59731,41.18914],[-1.5954,41.19047],[-1.59417,41.19095],[-1.59313,41.19221],[-1.59314,41.19318],[-1.59085,41.19672],[-1.5897,41.19794],[-1.58053,41.20568],[-1.58007,41.20645],[-1.57995,41.2106],[-1.58063,41.21611],[-1.58152,41.21742],[-1.58447,41.21924],[-1.60065,41.22109],[-1.60982,41.22286],[-1.6168,41.22855],[-1.61862,41.22968],[-1.61969,41.22977],[-1.62509,41.22676],[-1.63695,41.22261],[-1.63801,41.22042],[-1.64,41.22072],[-1.64133,41.21964],[-1.64336,41.21756],[-1.64467,41.2145],[-1.64709,41.20992],[-1.64847,41.20597],[-1.65047,41.20462],[-1.65004,41.20398],[-1.64864,41.20132]]]}},{"type":"Feature","properties":{"COD_POSTAL":"50441"},"geometry":{"type":"Polygon","coordinates":[[[-1.05836,41.5001],[-1.06028,41.49909],[-1.05878,41.49782],[-1.05747,41.4975],[-1.05482,41.4961],[-1.05229,41.49515],[-1.05106,41.49298],[-1.04917,41.49104],[-1.04805,41.48944],[-1.04516,41.48667],[-1.0417,41.48387],[-1.04012,41.48212],[-1.03873,41.47981],[-1.03772,41.47936],[-1.03489,41.47742],[-1.03249,41.47706],[-1.03311,41.47615],[-1.03387,41.47562],[-1.03414,41.47339],[-1.03486,41.47187],[-1.0336,41.47118],[-1.03416,41.47027],[-1.03435,41.46702],[-1.03297,41.46499],[-1.03378,41.46395],[-1.03515,41.46292],[-1.03668,41.46251],[-1.03726,41.45987],[-1.03825,41.45836],[-1.03798,41.45649],[-1.03637,41.45621],[-1.03619,41.45485],[-1.03341,41.45201],[-1.03134,41.45154],[-1.02994,41.45056],[-1.02307,41.45125],[-1.0173,41.45223],[-1.01534,41.45374],[-1.01455,41.45395],[-1.01394,41.45486],[-1.01431,41.45548],[-1.01421,41.45595],[-1.01333,41.45635],[-1.0127,41.45697],[-1.01257,41.45772],[-1.01104,41.45878],[-1.01026,41.46191],[-1.01038,41.46224],[-1.0112,41.46265],[-1.0101,41.46351],[-1.00844,41.4638],[-1.00704,41.46453],[-1.00844,41.46634],[-1.00742,41.46738],[-1.00836,41.46992],[-1.00947,41.47202],[-1.00862,41.47299],[-1.00906,41.47448],[-1.00861,41.47751],[-1.00862,41.48021],[-1.01035,41.48417],[-1.01098,41.48472],[-1.01198,41.48769],[-1.01279,41.48847],[-1.014,41.49169],[-1.01622,41.49409],[-1.01687,41.49531],[-1.01863,41.49755],[-1.02022,41.50019],[-1.02549,41.51039],[-1.02571,41.51174],[-1.02487,41.51432],[-1.02424,41.52069],[-1.02638,41.52306],[-1.02879,41.52305],[-1.03052,41.5236],[-1.04027,41.52772],[-1.04351,41.52603],[-1.04876,41.52118],[-1.05792,41.50934],[-1.0549,41.50589],[-1.0524,41.50357],[-1.05817,41.50019],[-1.05836,41.5001]]]}},{"type":"Feature","properties":{"COD_POSTAL":"50298"},"geometry":{"type":"Polygon","coordinates":[[[-1.10062,41.74913],[-1.10386,41.74962],[-1.10617,41.74922],[-1.10759,41.74839],[-1.10775,41.74763],[-1.10843,41.74725],[-1.10873,41.74765],[-1.10922,41.7473],[-1.1094,41.74666],[-1.11037,41.74604],[-1.11143,41.74633],[-1.1134,41.7455],[-1.11435,41.74545],[-1.11377,41.74484],[-1.11754,41.74231],[-1.11914,41.73612],[-1.11849,41.7318],[-1.11508,41.72497],[-1.11178,41.72081],[-1.10786,41.7185],[-1.1027,41.71587],[-1.08866,41.71108],[-1.08508,41.71019],[-1.07856,41.711],[-1.07546,41.71197],[-1.0731,41.71229],[-1.07212,41.71276],[-1.06458,41.71245],[-1.06244,41.71411],[-1.05924,41.71423],[-1.05764,41.71519],[-1.05627,41.71533],[-1.05554,41.71568],[-1.05253,41.71769],[-1.05052,41.71798],[-1.04905,41.71885],[-1.04842,41.72061],[-1.04817,41.7224],[-1.0505,41.72518],[-1.05074,41.7272],[-1.05204,41.72798],[-1.05667,41.73172],[-1.06767,41.73581],[-1.0704,41.73645],[-1.08001,41.74002],[-1.09006,41.74462],[-1.0927,41.7456],[-1.09674,41.74799],[-1.09912,41.7489],[-1.10062,41.74913]]]}},{"type":"Feature","properties":{"COD_POSTAL":"50005"},"geometry":{"type":"Polygon","coordinates":[[[-0.8941,41.64744],[-0.89428,41.64859],[-0.89811,41.64914],[-0.89917,41.6491],[-0.90221,41.64807],[-0.90007,41.64502],[-0.89936,41.645],[-0.89421,41.64224],[-0.89188,41.64443],[-0.8916,41.64429],[-0.8907,41.64498],[-0.88602,41.64681],[-0.88727,41.64855],[-0.88906,41.64788],[-0.88976,41.64852],[-0.89057,41.64802],[-0.89344,41.64704],[-0.89355,41.64769],[-0.89392,41.64753],[-0.8941,41.64744]]]}},{"type":"Feature","properties":{"COD_POSTAL":"50341"},"geometry":{"type":"Polygon","coordinates":[[[-1.67983,41.22316],[-1.68034,41.22103],[-1.68056,41.22084],[-1.68276,41.21992],[-1.68554,41.21988],[-1.68849,41.21789],[-1.69123,41.21563],[-1.69211,41.21356],[-1.69185,41.21262],[-1.69318,41.21127],[-1.69771,41.20978],[-1.69877,41.2043],[-1.69947,41.20202],[-1.6985,41.20158],[-1.69337,41.20025],[-1.68729,41.19688],[-1.68325,41.19539],[-1.67818,41.19873],[-1.6749,41.19907],[-1.67326,41.19952],[-1.66899,41.20154],[-1.66262,41.20659],[-1.65929,41.20786],[-1.65591,41.2076],[-1.65506,41.20694],[-1.65349,41.20674],[-1.65078,41.20541],[-1.65047,41.20462],[-1.64885,41.20565],[-1.64847,41.20597],[-1.64709,41.20992],[-1.64467,41.2145],[-1.64336,41.21756],[-1.64,41.22072],[-1.6394,41.22251],[-1.63907,41.22481],[-1.63899,41.22903],[-1.63682,41.23226],[-1.63559,41.23472],[-1.63578,41.23581],[-1.63451,41.23802],[-1.63492,41.23982],[-1.63443,41.24193],[-1.63496,41.24504],[-1.63504,41.24699],[-1.6378,41.2529],[-1.63818,41.25433],[-1.63816,41.25531],[-1.63678,41.25675],[-1.64017,41.25779],[-1.64511,41.25636],[-1.64557,41.25541],[-1.64645,41.2545],[-1.65034,41.25336],[-1.65558,41.25046],[-1.65514,41.2485],[-1.65461,41.24794],[-1.65522,41.24712],[-1.65704,41.24619],[-1.65817,41.24613],[-1.65999,41.24692],[-1.66288,41.2475],[-1.66475,41.24818],[-1.66752,41.24796],[-1.66818,41.24776],[-1.67391,41.24396],[-1.67597,41.24299],[-1.67748,41.24289],[-1.6809,41.23888],[-1.68058,41.23685],[-1.67984,41.23538],[-1.67763,41.23349],[-1.6775,41.23286],[-1.68262,41.23088],[-1.68232,41.22967],[-1.68174,41.22984],[-1.68111,41.22884],[-1.68062,41.22706],[-1.67988,41.22582],[-1.67993,41.2251],[-1.67983,41.22316]]]}},{"type":"Feature","properties":{"COD_POSTAL":"50570"},"geometry":{"type":"Polygon","coordinates":[[[-1.51757,41.82238],[-1.51855,41.82297],[-1.51903,41.82257],[-1.51857,41.82214],[-1.51881,41.82194],[-1.52029,41.82217],[-1.52461,41.82158],[-1.52695,41.82169],[-1.53108,41.82039],[-1.53292,41.82018],[-1.53274,41.81958],[-1.533,41.81715],[-1.53285,41.81549],[-1.53406,41.81353],[-1.53898,41.80806],[-1.53984,41.80508],[-1.54123,41.80251],[-1.5464,41.79879],[-1.54746,41.79747],[-1.54889,41.79301],[-1.54913,41.79069],[-1.55129,41.78854],[-1.55145,41.78729],[-1.55326,41.78446],[-1.5533,41.78262],[-1.55484,41.7794],[-1.55737,41.77613],[-1.55915,41.77425],[-1.56109,41.77137],[-1.56135,41.77078],[-1.56081,41.77001],[-1.56058,41.76907],[-1.56086,41.76843],[-1.56197,41.76751],[-1.56155,41.76555],[-1.56066,41.76329],[-1.56134,41.75992],[-1.55993,41.75584],[-1.56196,41.75482],[-1.56472,41.75272],[-1.56198,41.74785],[-1.56478,41.7436],[-1.56477,41.7388],[-1.56244,41.73627],[-1.56281,41.73314],[-1.56269,41.73275],[-1.56223,41.73231],[-1.56029,41.73166],[-1.5596,41.73051],[-1.55186,41.72791],[-1.54832,41.72896],[-1.54628,41.72931],[-1.54313,41.72938],[-1.53965,41.73007],[-1.53143,41.72716],[-1.52462,41.72967],[-1.52089,41.73176],[-1.52085,41.73216],[-1.51994,41.73341],[-1.51864,41.7372],[-1.51563,41.74109],[-1.51327,41.74223],[-1.51147,41.74709],[-1.50757,41.75156],[-1.50117,41.75824],[-1.50015,41.7607],[-1.49734,41.76448],[-1.49941,41.76597],[-1.50041,41.76711],[-1.50204,41.77133],[-1.50242,41.77132],[-1.50324,41.77285],[-1.50305,41.77368],[-1.50332,41.77551],[-1.503,41.77675],[-1.50322,41.77885],[-1.50391,41.78213],[-1.50478,41.78414],[-1.5046,41.7856],[-1.50593,41.793],[-1.501,41.79997],[-1.50157,41.80105],[-1.5014,41.80415],[-1.50071,41.80628],[-1.50113,41.80867],[-1.50191,41.81006],[-1.50386,41.81212],[-1.5052,41.81409],[-1.50198,41.81607],[-1.50188,41.8187],[-1.50319,41.81895],[-1.50385,41.81876],[-1.50417,41.81913],[-1.50493,41.81909],[-1.50534,41.81953],[-1.50514,41.82065],[-1.50653,41.82027],[-1.50685,41.82039],[-1.50702,41.82129],[-1.51037,41.82116],[-1.51295,41.82162],[-1.51422,41.82122],[-1.51643,41.8211],[-1.51717,41.82126],[-1.5177,41.82169],[-1.5178,41.822],[-1.5175,41.82224],[-1.51757,41.82238]]]}},{"type":"Feature","properties":{"COD_POSTAL":"50144"},"geometry":{"type":"Polygon","coordinates":[[[-0.87078,41.1523],[-0.87171,41.15263],[-0.87434,41.15194],[-0.87604,41.15221],[-0.87702,41.15156],[-0.88214,41.15008],[-0.88326,41.14876],[-0.88438,41.14636],[-0.88608,41.14083],[-0.88468,41.13696],[-0.88344,41.13538],[-0.88385,41.13401],[-0.88366,41.13011],[-0.88082,41.12771],[-0.87919,41.12442],[-0.87679,41.12199],[-0.87556,41.12122],[-0.87119,41.11936],[-0.87135,41.1165],[-0.86716,41.11369],[-0.85989,41.10801],[-0.83929,41.09977],[-0.82853,41.09642],[-0.82743,41.09735],[-0.82244,41.09788],[-0.81857,41.09962],[-0.81784,41.10025],[-0.81177,41.10077],[-0.81148,41.10124],[-0.81143,41.1023],[-0.80919,41.10193],[-0.80858,41.10147],[-0.80297,41.10291],[-0.799,41.10329],[-0.79462,41.10475],[-0.79144,41.10632],[-0.7901,41.10728],[-0.78851,41.10791],[-0.79158,41.11151],[-0.79041,41.11187],[-0.78917,41.11333],[-0.78743,41.11411],[-0.78695,41.11605],[-0.78406,41.11735],[-0.78344,41.1182],[-0.78322,41.12041],[-0.78385,41.12228],[-0.78385,41.12343],[-0.7824,41.126],[-0.78456,41.1322],[-0.78449,41.13369],[-0.78485,41.13627],[-0.78344,41.13746],[-0.7795,41.13799],[-0.78051,41.14026],[-0.78056,41.14211],[-0.78169,41.14382],[-0.78112,41.1446],[-0.78086,41.14699],[-0.77785,41.14945],[-0.77726,41.15026],[-0.77666,41.15229],[-0.77495,41.15293],[-0.77348,41.15408],[-0.76914,41.15545],[-0.76843,41.15607],[-0.76732,41.15766],[-0.765,41.15861],[-0.76415,41.16106],[-0.76413,41.16178],[-0.76499,41.16404],[-0.76349,41.16683],[-0.76141,41.16966],[-0.76075,41.17199],[-0.7608,41.17397],[-0.76007,41.17584],[-0.75954,41.17912],[-0.75943,41.18099],[-0.75983,41.1836],[-0.76102,41.18476],[-0.76281,41.18423],[-0.76542,41.18388],[-0.77239,41.18107],[-0.77758,41.18219],[-0.78013,41.18225],[-0.78391,41.18187],[-0.79242,41.17674],[-0.79591,41.17367],[-0.8005,41.17136],[-0.80157,41.17114],[-0.8029,41.17148],[-0.80979,41.17494],[-0.81329,41.17537],[-0.81419,41.17577],[-0.81675,41.17931],[-0.81815,41.18075],[-0.81941,41.18178],[-0.82133,41.18274],[-0.82421,41.18382],[-0.82607,41.18351],[-0.82936,41.18406],[-0.83323,41.18641],[-0.83492,41.18696],[-0.8336,41.18426],[-0.83206,41.1824],[-0.83196,41.181],[-0.83134,41.17936],[-0.83153,41.17867],[-0.83332,41.17629],[-0.83346,41.17577],[-0.83329,41.17481],[-0.83348,41.17405],[-0.83212,41.17182],[-0.83232,41.17123],[-0.83301,41.17089],[-0.8317,41.16977],[-0.83181,41.16902],[-0.83312,41.16855],[-0.83356,41.16811],[-0.8343,41.1658],[-0.83326,41.16453],[-0.83384,41.16351],[-0.83387,41.16277],[-0.83203,41.16094],[-0.83128,41.15868],[-0.83151,41.15776],[-0.83291,41.15681],[-0.83361,41.15604],[-0.83376,41.15551],[-0.83377,41.15411],[-0.83333,41.15354],[-0.83298,41.1524],[-0.83178,41.15193],[-0.83211,41.15151],[-0.83492,41.15041],[-0.83723,41.15048],[-0.83831,41.14998],[-0.83902,41.14996],[-0.84057,41.15102],[-0.84219,41.15341],[-0.84331,41.15386],[-0.84511,41.15375],[-0.84568,41.15504],[-0.84693,41.15525],[-0.84837,41.15618],[-0.85035,41.15688],[-0.85172,41.15705],[-0.85343,41.15616],[-0.85418,41.15604],[-0.855,41.1574],[-0.85593,41.15832],[-0.85637,41.15822],[-0.85716,41.15714],[-0.85829,41.15687],[-0.85932,41.15724],[-0.85995,41.15648],[-0.8625,41.15584],[-0.86286,41.15561],[-0.86317,41.15469],[-0.86368,41.15428],[-0.86663,41.15446],[-0.8668,41.15405],[-0.86724,41.15387],[-0.86989,41.15377],[-0.87065,41.15339],[-0.87062,41.15238],[-0.87078,41.1523]]]}},{"type":"Feature","properties":{"COD_POSTAL":"50367"},"geometry":{"type":"Polygon","coordinates":[[[-1.42067,41.1543],[-1.42045,41.15315],[-1.41963,41.15157],[-1.41865,41.15081],[-1.4164,41.14805],[-1.41566,41.14747],[-1.41054,41.14491],[-1.40747,41.14597],[-1.4064,41.14602],[-1.4033,41.14461],[-1.40264,41.14464],[-1.40014,41.14377],[-1.3973,41.14213],[-1.39611,41.14108],[-1.39339,41.13997],[-1.39065,41.13795],[-1.3898,41.13767],[-1.38774,41.13721],[-1.38237,41.13704],[-1.37695,41.13527],[-1.36587,41.13461],[-1.36309,41.13525],[-1.35857,41.13532],[-1.35454,41.13589],[-1.35471,41.13657],[-1.35442,41.13766],[-1.35256,41.14332],[-1.35022,41.14596],[-1.34838,41.14893],[-1.34551,41.15503],[-1.34368,41.16466],[-1.35069,41.17144],[-1.35299,41.17456],[-1.35503,41.17664],[-1.35692,41.17847],[-1.35982,41.18056],[-1.36925,41.19063],[-1.37055,41.19207],[-1.37055,41.19236],[-1.3675,41.19744],[-1.36363,41.20307],[-1.36355,41.20349],[-1.36424,41.20843],[-1.36427,41.21095],[-1.36392,41.21343],[-1.36393,41.21565],[-1.36308,41.22076],[-1.36399,41.22803],[-1.36427,41.23329],[-1.36478,41.23423],[-1.36834,41.23669],[-1.35984,41.24401],[-1.35617,41.24749],[-1.34574,41.25631],[-1.34858,41.25992],[-1.34861,41.26119],[-1.34929,41.2624],[-1.35222,41.26485],[-1.35307,41.26514],[-1.35469,41.26479],[-1.36171,41.26515],[-1.36474,41.26598],[-1.36708,41.26729],[-1.36858,41.26925],[-1.36952,41.26991],[-1.37105,41.2706],[-1.3746,41.27149],[-1.37446,41.269],[-1.37343,41.26756],[-1.37376,41.26475],[-1.38175,41.26152],[-1.38456,41.26063],[-1.38657,41.26059],[-1.38754,41.25951],[-1.38751,41.25896],[-1.38601,41.25729],[-1.38619,41.25668],[-1.38751,41.25534],[-1.39048,41.25503],[-1.39282,41.25392],[-1.39304,41.25352],[-1.39279,41.25047],[-1.39557,41.247],[-1.39866,41.24576],[-1.3992,41.24578],[-1.40105,41.24774],[-1.40362,41.24821],[-1.40724,41.24616],[-1.41696,41.24421],[-1.41788,41.24303],[-1.42101,41.24124],[-1.42265,41.23909],[-1.42436,41.23625],[-1.42867,41.23103],[-1.42938,41.22945],[-1.43113,41.22742],[-1.43303,41.22574],[-1.43619,41.22133],[-1.43706,41.21922],[-1.44996,41.2053],[-1.44822,41.19532],[-1.44961,41.18962],[-1.44967,41.18786],[-1.44699,41.18973],[-1.44596,41.19015],[-1.44448,41.19023],[-1.44009,41.18827],[-1.43648,41.18609],[-1.43459,41.18458],[-1.43252,41.18412],[-1.42964,41.18278],[-1.42404,41.18151],[-1.42122,41.18042],[-1.4204,41.18048],[-1.41846,41.17976],[-1.41153,41.17834],[-1.40999,41.17846],[-1.40639,41.17778],[-1.40167,41.1778],[-1.40163,41.17445],[-1.40331,41.1668],[-1.40387,41.16613],[-1.40482,41.16322],[-1.40699,41.16303],[-1.41273,41.16015],[-1.41384,41.15884],[-1.41518,41.15963],[-1.41594,41.16113],[-1.41694,41.16152],[-1.4178,41.16139],[-1.41888,41.16009],[-1.41881,41.15852],[-1.42133,41.15536],[-1.42067,41.1543]]]}},{"type":"Feature","properties":{"COD_POSTAL":"50230"},"geometry":{"type":"Polygon","coordinates":[[[-1.92617,41.27645],[-1.92635,41.27454],[-1.92599,41.27193],[-1.92621,41.27137],[-1.92572,41.27081],[-1.92601,41.26943],[-1.92489,41.26833],[-1.92246,41.26497],[-1.92348,41.26135],[-1.91895,41.25453],[-1.91623,41.25344],[-1.91578,41.25271],[-1.91576,41.25221],[-1.91302,41.25066],[-1.91111,41.25203],[-1.90966,41.25204],[-1.90834,41.2537],[-1.90649,41.25487],[-1.90687,41.25636],[-1.90608,41.25683],[-1.90715,41.25676],[-1.90769,41.25711],[-1.90364,41.25746],[-1.90302,41.25912],[-1.90135,41.2595],[-1.8998,41.26047],[-1.89906,41.26192],[-1.89944,41.26314],[-1.89788,41.26446],[-1.8979,41.26575],[-1.89697,41.26686],[-1.89446,41.26831],[-1.8946,41.26906],[-1.89394,41.27032],[-1.89345,41.2707],[-1.8908,41.27142],[-1.89012,41.27307],[-1.88863,41.27406],[-1.88774,41.27405],[-1.88686,41.27525],[-1.8852,41.27484],[-1.88426,41.27416],[-1.87962,41.27509],[-1.8789,41.27502],[-1.87531,41.27747],[-1.87315,41.27697],[-1.87257,41.27741],[-1.86885,41.27621],[-1.86708,41.27709],[-1.86513,41.27746],[-1.86433,41.27908],[-1.8655,41.28024],[-1.86307,41.28036],[-1.86024,41.27962],[-1.85282,41.28099],[-1.85006,41.28536],[-1.84935,41.28608],[-1.85111,41.28668],[-1.85317,41.28641],[-1.85418,41.28655],[-1.85502,41.28713],[-1.8575,41.28975],[-1.86058,41.29191],[-1.86242,41.29365],[-1.86869,41.30111],[-1.87245,41.30621],[-1.87783,41.30533],[-1.88513,41.31133],[-1.89072,41.3163],[-1.89482,41.31905],[-1.89655,41.31989],[-1.90803,41.32194],[-1.90796,41.3237],[-1.90891,41.32912],[-1.90868,41.33024],[-1.90936,41.33145],[-1.90952,41.33304],[-1.91157,41.33621],[-1.9121,41.33843],[-1.92311,41.35177],[-1.92567,41.35404],[-1.9266,41.35595],[-1.92622,41.35678],[-1.9322,41.36306],[-1.9367,41.3605],[-1.93579,41.35813],[-1.93425,41.35621],[-1.94039,41.35891],[-1.94421,41.35906],[-1.94297,41.35527],[-1.94158,41.35331],[-1.9418,41.35124],[-1.93916,41.34838],[-1.93675,41.34531],[-1.93441,41.33997],[-1.92983,41.33715],[-1.92767,41.3335],[-1.92305,41.32947],[-1.91815,41.32743],[-1.91989,41.32552],[-1.92069,41.32361],[-1.92063,41.32175],[-1.91558,41.31746],[-1.91442,41.31609],[-1.91297,41.31374],[-1.91169,41.31237],[-1.91014,41.3112],[-1.90715,41.30769],[-1.91136,41.29597],[-1.91825,41.29433],[-1.91765,41.29546],[-1.91959,41.29556],[-1.9232,41.29314],[-1.92539,41.29115],[-1.9251,41.28879],[-1.92543,41.28348],[-1.92586,41.28066],[-1.92583,41.27842],[-1.92617,41.27645]]]}},{"type":"Feature","properties":{"COD_POSTAL":"50510"},"geometry":{"type":"Polygon","coordinates":[[[-1.70141,41.95476],[-1.70153,41.955],[-1.7018,41.95496],[-1.70233,41.95578],[-1.70352,41.95608],[-1.70421,41.95715],[-1.70769,41.95724],[-1.70948,41.95702],[-1.71006,41.95664],[-1.71199,41.95681],[-1.71263,41.95649],[-1.71459,41.9568],[-1.71696,41.95839],[-1.71858,41.95895],[-1.71841,41.95912],[-1.72056,41.95937],[-1.72331,41.96077],[-1.72447,41.96082],[-1.72765,41.96181],[-1.72903,41.9604],[-1.73094,41.95943],[-1.73154,41.95835],[-1.73575,41.95697],[-1.73775,41.9545],[-1.74163,41.95364],[-1.74356,41.95241],[-1.74657,41.95216],[-1.7465,41.95111],[-1.74898,41.95094],[-1.75144,41.94996],[-1.75074,41.94844],[-1.74164,41.94648],[-1.7361,41.94402],[-1.73386,41.94209],[-1.7323,41.93947],[-1.72741,41.93565],[-1.72427,41.93543],[-1.7224,41.93481],[-1.72066,41.93509],[-1.71889,41.9347],[-1.718,41.93513],[-1.71475,41.93447],[-1.71392,41.93485],[-1.71342,41.93448],[-1.71129,41.93488],[-1.7104,41.93461],[-1.70947,41.93573],[-1.7061,41.93469],[-1.70458,41.93511],[-1.70259,41.93503],[-1.70251,41.93305],[-1.69798,41.93096],[-1.69794,41.93032],[-1.6969,41.92997],[-1.69655,41.929],[-1.69451,41.92999],[-1.69267,41.93175],[-1.69183,41.93206],[-1.69138,41.9336],[-1.68905,41.9383],[-1.68709,41.94078],[-1.68451,41.9395],[-1.682,41.93983],[-1.68164,41.9417],[-1.68195,41.94416],[-1.68153,41.94822],[-1.68339,41.94875],[-1.68307,41.94951],[-1.68307,41.94978],[-1.68354,41.95017],[-1.68334,41.95074],[-1.68448,41.95161],[-1.68479,41.95231],[-1.68475,41.95286],[-1.68607,41.95341],[-1.68669,41.9522],[-1.68787,41.95244],[-1.68837,41.95286],[-1.68803,41.95351],[-1.68819,41.95402],[-1.69034,41.95498],[-1.69103,41.95457],[-1.69113,41.95521],[-1.6925,41.95502],[-1.69314,41.95551],[-1.69425,41.95498],[-1.69538,41.95556],[-1.6959,41.95539],[-1.69603,41.95496],[-1.69633,41.95484],[-1.69717,41.95472],[-1.69768,41.95493],[-1.6985,41.95443],[-1.69906,41.95462],[-1.69965,41.95369],[-1.7004,41.95364],[-1.70096,41.95374],[-1.70149,41.95451],[-1.70139,41.95467],[-1.70141,41.95476]]]}},{"type":"Feature","properties":{"COD_POSTAL":"50348"},"geometry":{"type":"Polygon","coordinates":[[[-1.58573,41.13294],[-1.58533,41.13004],[-1.58534,41.12928],[-1.58574,41.12807],[-1.58805,41.12432],[-1.58942,41.12286],[-1.58934,41.12032],[-1.58766,41.11916],[-1.58632,41.11683],[-1.58059,41.11695],[-1.57726,41.11677],[-1.57519,41.11635],[-1.56852,41.11712],[-1.56625,41.11667],[-1.56585,41.11612],[-1.56601,41.11408],[-1.56337,41.11391],[-1.56063,41.11229],[-1.56021,41.11026],[-1.55947,41.10879],[-1.55221,41.09943],[-1.54663,41.10088],[-1.5392,41.10719],[-1.5387,41.10803],[-1.53834,41.10972],[-1.53857,41.11211],[-1.53825,41.11364],[-1.53788,41.11414],[-1.53543,41.11581],[-1.53518,41.1176],[-1.53021,41.12161],[-1.52854,41.12214],[-1.5245,41.12445],[-1.51779,41.12691],[-1.51487,41.12707],[-1.51251,41.12756],[-1.51645,41.12825],[-1.52083,41.12787],[-1.52629,41.12785],[-1.52704,41.12935],[-1.52869,41.13571],[-1.52832,41.13748],[-1.52755,41.15125],[-1.52677,41.15743],[-1.52537,41.16115],[-1.52727,41.1603],[-1.5283,41.15935],[-1.5289,41.15909],[-1.53033,41.15943],[-1.53363,41.16247],[-1.53438,41.16284],[-1.53489,41.1639],[-1.53731,41.16599],[-1.54021,41.16796],[-1.54241,41.16885],[-1.54301,41.16961],[-1.54425,41.17049],[-1.54305,41.17362],[-1.5414,41.17551],[-1.54134,41.17784],[-1.53941,41.18045],[-1.53913,41.18116],[-1.53912,41.18144],[-1.54058,41.18238],[-1.54075,41.18353],[-1.54122,41.1843],[-1.54299,41.18652],[-1.54379,41.18696],[-1.54776,41.18536],[-1.55204,41.18215],[-1.56019,41.18306],[-1.56769,41.18324],[-1.56809,41.18309],[-1.56915,41.1816],[-1.56973,41.18117],[-1.573,41.17978],[-1.58002,41.17863],[-1.58163,41.17776],[-1.58102,41.17636],[-1.58146,41.17615],[-1.58153,41.17435],[-1.58076,41.1703],[-1.57875,41.16876],[-1.57729,41.16681],[-1.58027,41.16299],[-1.58066,41.16203],[-1.58159,41.15679],[-1.58306,41.15595],[-1.58375,41.15077],[-1.58298,41.14482],[-1.5831,41.14284],[-1.58415,41.13999],[-1.58443,41.13765],[-1.58614,41.13607],[-1.58644,41.13522],[-1.58573,41.13294]]]}},{"type":"Feature","properties":{"COD_POSTAL":"50022"},"geometry":{"type":"Polygon","coordinates":[[[-0.94033,41.62575],[-0.94433,41.62624],[-0.94589,41.6262],[-0.94836,41.62787],[-0.94961,41.6295],[-0.94955,41.63132],[-0.95005,41.63294],[-0.94992,41.63457],[-0.9513,41.63626],[-0.95244,41.63667],[-0.95215,41.63679],[-0.95262,41.63714],[-0.95268,41.63852],[-0.95475,41.64041],[-0.95767,41.63784],[-0.97256,41.63466],[-0.97257,41.63508],[-0.97306,41.6347],[-1.01272,41.62389],[-1.01779,41.62303],[-1.02431,41.62148],[-1.03418,41.61754],[-1.04706,41.61848],[-1.05062,41.61733],[-1.04864,41.61723],[-1.04507,41.61595],[-1.04309,41.616],[-1.04306,41.6149],[-1.03885,41.61067],[-1.03713,41.60639],[-1.03599,41.60519],[-1.03539,41.60411],[-1.03543,41.60317],[-1.03477,41.60078],[-1.03392,41.60015],[-1.03237,41.59598],[-1.0323,41.59514],[-1.03258,41.59296],[-1.03401,41.58937],[-1.03514,41.58769],[-1.03644,41.5873],[-1.0365,41.58675],[-1.03599,41.58531],[-1.03463,41.58384],[-1.03453,41.58207],[-1.03397,41.57993],[-1.03314,41.57973],[-1.03271,41.57915],[-1.03264,41.57832],[-1.03105,41.57642],[-1.02978,41.5759],[-1.02626,41.57378],[-1.0194,41.57067],[-1.01717,41.56932],[-1.01501,41.56721],[-1.00867,41.56344],[-1.00056,41.55729],[-0.99761,41.55564],[-0.98205,41.54836],[-0.98217,41.54784],[-0.97758,41.55039],[-0.97654,41.55134],[-0.97241,41.55817],[-0.96656,41.56402],[-0.96293,41.56852],[-0.96009,41.57481],[-0.95775,41.57791],[-0.95551,41.57811],[-0.95178,41.57763],[-0.95339,41.57596],[-0.95161,41.5753],[-0.94894,41.57787],[-0.9505,41.57823],[-0.95182,41.5778],[-0.95215,41.57804],[-0.95367,41.57812],[-0.95643,41.57954],[-0.95965,41.57952],[-0.963,41.58126],[-0.95805,41.59069],[-0.94945,41.59903],[-0.93378,41.61112],[-0.93466,41.61386],[-0.93621,41.61618],[-0.93884,41.61748],[-0.94442,41.6188],[-0.94948,41.61899],[-0.94097,41.62474],[-0.94033,41.62575]]]}},{"type":"Feature","properties":{"COD_POSTAL":"50693"},"geometry":{"type":"Polygon","coordinates":[[[-1.11779,41.81286],[-1.11483,41.8164],[-1.11264,41.82014],[-1.10791,41.82546],[-1.10928,41.8394],[-1.109,41.84328],[-1.10395,41.84591],[-1.10328,41.85107],[-1.09741,41.85303],[-1.0966,41.85507],[-1.09128,41.85884],[-1.08811,41.8633],[-1.08146,41.86684],[-1.08063,41.86984],[-1.07922,41.87034],[-1.07879,41.87074],[-1.07731,41.87316],[-1.0768,41.87523],[-1.07686,41.88133],[-1.07795,41.88402],[-1.07957,41.88618],[-1.08274,41.88691],[-1.09065,41.88749],[-1.10058,41.88516],[-1.10711,41.88075],[-1.11493,41.87811],[-1.11861,41.87803],[-1.12083,41.87713],[-1.12951,41.86998],[-1.13078,41.86547],[-1.1312,41.86484],[-1.13583,41.86137],[-1.13685,41.85724],[-1.13734,41.85635],[-1.13833,41.85544],[-1.13871,41.85441],[-1.1418,41.85171],[-1.14358,41.84968],[-1.16161,41.82651],[-1.16083,41.82528],[-1.16047,41.82395],[-1.1598,41.82315],[-1.15925,41.82114],[-1.15544,41.81699],[-1.15491,41.81547],[-1.15535,41.81403],[-1.15644,41.81269],[-1.15729,41.81289],[-1.15906,41.8122],[-1.16193,41.81249],[-1.16368,41.81181],[-1.16326,41.81047],[-1.16336,41.8096],[-1.16442,41.80763],[-1.16545,41.80659],[-1.16668,41.80579],[-1.17132,41.80343],[-1.17207,41.8021],[-1.17219,41.80113],[-1.17179,41.80025],[-1.17072,41.79909],[-1.16804,41.79724],[-1.16583,41.79686],[-1.16526,41.79807],[-1.15782,41.803],[-1.15737,41.80461],[-1.15782,41.80629],[-1.15771,41.80688],[-1.15657,41.80881],[-1.15373,41.80967],[-1.1432,41.80968],[-1.14182,41.80754],[-1.14184,41.8066],[-1.14244,41.80514],[-1.14346,41.80446],[-1.14569,41.79943],[-1.14362,41.7991],[-1.14291,41.7986],[-1.14365,41.79783],[-1.1464,41.79347],[-1.14812,41.79169],[-1.14869,41.79013],[-1.14969,41.7901],[-1.1514,41.78506],[-1.14673,41.78627],[-1.14557,41.78736],[-1.14222,41.78924],[-1.13795,41.78865],[-1.1363,41.78623],[-1.13376,41.78634],[-1.13285,41.78851],[-1.13685,41.79396],[-1.13776,41.79427],[-1.13832,41.79619],[-1.13744,41.79863],[-1.13415,41.80017],[-1.13221,41.79997],[-1.12888,41.80172],[-1.12572,41.80183],[-1.12206,41.8005],[-1.09724,41.79669],[-1.09296,41.79529],[-1.09052,41.79335],[-1.09058,41.7917],[-1.09694,41.78652],[-1.09718,41.7826],[-1.09609,41.78034],[-1.09512,41.77966],[-1.09503,41.77832],[-1.09627,41.77851],[-1.09897,41.77767],[-1.09799,41.7746],[-1.1004,41.77231],[-1.09732,41.77124],[-1.09454,41.76961],[-1.09552,41.76138],[-1.09623,41.7612],[-1.09145,41.76213],[-1.0904,41.76208],[-1.08393,41.75859],[-1.07494,41.75634],[-1.07523,41.75602],[-1.07438,41.75596],[-1.07387,41.75673],[-1.07252,41.75636],[-1.0729,41.7556],[-1.07167,41.75507],[-1.07217,41.75465],[-1.07004,41.75493],[-1.06823,41.75363],[-1.06824,41.75283],[-1.06714,41.75258],[-1.06615,41.75157],[-1.06424,41.75195],[-1.06176,41.75085],[-1.06078,41.75006],[-1.0572,41.75114],[-1.0542,41.75083],[-1.05238,41.75138],[-1.04574,41.75429],[-1.04258,41.75501],[-1.04043,41.75596],[-1.03991,41.75567],[-1.03214,41.76037],[-1.02668,41.76042],[-1.02248,41.75762],[-1.02125,41.75737],[-1.01654,41.75294],[-1.00703,41.74907],[-1.00674,41.74905],[-1.00552,41.7501],[-1.00533,41.74996],[-1.00444,41.7509],[-1.0067,41.75244],[-1.00946,41.75338],[-1.01437,41.75461],[-1.01759,41.75705],[-1.0194,41.75942],[-1.02242,41.76052],[-1.02484,41.76214],[-1.02778,41.7631],[-1.03012,41.76353],[-1.03384,41.76542],[-1.03699,41.76755],[-1.04136,41.76893],[-1.04376,41.77095],[-1.05327,41.77728],[-1.05371,41.77875],[-1.05689,41.7818],[-1.05993,41.78339],[-1.0658,41.79096],[-1.07421,41.79394],[-1.07836,41.79489],[-1.08144,41.79638],[-1.08161,41.79767],[-1.08141,41.7995],[-1.08215,41.80014],[-1.08356,41.8004],[-1.08685,41.79871],[-1.0873,41.79819],[-1.08936,41.79909],[-1.09418,41.80012],[-1.10461,41.80081],[-1.10805,41.79984],[-1.11051,41.80075],[-1.11895,41.80098],[-1.12159,41.80159],[-1.12294,41.80426],[-1.11782,41.81281],[-1.11779,41.81286]]]}},{"type":"Feature","properties":{"COD_POSTAL":"50311"},"geometry":{"type":"Polygon","coordinates":[[[-1.7061,41.42233],[-1.70627,41.42167],[-1.70673,41.42154],[-1.70789,41.42157],[-1.70896,41.42242],[-1.71237,41.42131],[-1.71394,41.42125],[-1.71453,41.41579],[-1.71289,41.41292],[-1.71249,41.41094],[-1.7126,41.40908],[-1.71372,41.4074],[-1.71527,41.40752],[-1.71872,41.40483],[-1.72045,41.40221],[-1.72103,41.39938],[-1.72004,41.39597],[-1.71877,41.39374],[-1.71839,41.39145],[-1.71798,41.39066],[-1.71642,41.38975],[-1.71549,41.38953],[-1.71152,41.38984],[-1.7095,41.39039],[-1.70827,41.39031],[-1.70659,41.38976],[-1.7049,41.38873],[-1.70132,41.38853],[-1.70026,41.38825],[-1.69965,41.38779],[-1.69676,41.38796],[-1.69337,41.38768],[-1.69079,41.38851],[-1.6858,41.3875],[-1.68495,41.38695],[-1.68352,41.38701],[-1.68235,41.38647],[-1.68027,41.38719],[-1.68234,41.39061],[-1.68038,41.39185],[-1.68123,41.39253],[-1.68137,41.39326],[-1.67934,41.39471],[-1.67786,41.39531],[-1.67717,41.39714],[-1.6775,41.39854],[-1.67693,41.39906],[-1.67488,41.39988],[-1.67509,41.4002],[-1.67688,41.40029],[-1.6774,41.4009],[-1.67767,41.40265],[-1.67662,41.40455],[-1.67617,41.40499],[-1.67521,41.40524],[-1.67499,41.40551],[-1.67306,41.40878],[-1.67214,41.40991],[-1.66737,41.41256],[-1.66434,41.41238],[-1.66358,41.41197],[-1.66284,41.41203],[-1.66219,41.41145],[-1.66143,41.41129],[-1.66031,41.41063],[-1.65937,41.41053],[-1.65874,41.41065],[-1.65726,41.41156],[-1.65471,41.41202],[-1.65211,41.41199],[-1.64834,41.41106],[-1.64525,41.41177],[-1.64329,41.4148],[-1.64156,41.41646],[-1.6292,41.42138],[-1.62986,41.42216],[-1.63009,41.42441],[-1.63205,41.42581],[-1.63305,41.42797],[-1.63338,41.42907],[-1.63314,41.43092],[-1.63345,41.43423],[-1.63584,41.43796],[-1.63747,41.43886],[-1.6382,41.4412],[-1.63987,41.44217],[-1.64252,41.44519],[-1.64314,41.44618],[-1.64409,41.44886],[-1.64643,41.45149],[-1.64767,41.45344],[-1.65023,41.4545],[-1.65059,41.45476],[-1.65124,41.45622],[-1.65327,41.45715],[-1.65733,41.45738],[-1.66157,41.45808],[-1.66389,41.4594],[-1.66583,41.45943],[-1.66675,41.46003],[-1.66826,41.46171],[-1.67055,41.45845],[-1.67353,41.45592],[-1.67395,41.45446],[-1.67497,41.45436],[-1.67688,41.45224],[-1.67916,41.45092],[-1.68107,41.44857],[-1.68586,41.44463],[-1.68673,41.44412],[-1.68886,41.44352],[-1.68954,41.44289],[-1.68985,41.44252],[-1.69,41.44156],[-1.68966,41.44067],[-1.68861,41.43987],[-1.68883,41.43809],[-1.69133,41.43643],[-1.69367,41.43338],[-1.69519,41.43007],[-1.69576,41.42945],[-1.69745,41.42833],[-1.69778,41.4278],[-1.69971,41.42703],[-1.69953,41.42643],[-1.70063,41.42547],[-1.70128,41.42296],[-1.7016,41.42245],[-1.702,41.4221],[-1.703,41.42213],[-1.70463,41.42566],[-1.70528,41.4255],[-1.70544,41.4252],[-1.70552,41.42268],[-1.7061,41.42233]]]}},{"type":"Feature","properties":{"COD_POSTAL":"50170"},"geometry":{"type":"Polygon","coordinates":[[[0.24512,41.42873],[0.2441,41.4288],[0.24094,41.42835],[0.2369,41.42612],[0.23602,41.4251],[0.23492,41.42457],[0.23128,41.42004],[0.2306,41.4181],[0.23061,41.41745],[0.22879,41.41632],[0.22745,41.415],[0.22567,41.41476],[0.22525,41.41447],[0.22406,41.41271],[0.22278,41.41154],[0.22252,41.41084],[0.22128,41.40996],[0.2217,41.4096],[0.22157,41.40874],[0.2196,41.40772],[0.21955,41.40732],[0.22086,41.40674],[0.21987,41.40541],[0.21945,41.40357],[0.2165,41.40375],[0.21203,41.40362],[0.20634,41.40427],[0.20411,41.4042],[0.19959,41.40333],[0.19368,41.40015],[0.18948,41.39616],[0.18646,41.39486],[0.183,41.39441],[0.17822,41.39512],[0.17622,41.39632],[0.17578,41.39693],[0.17514,41.39869],[0.17406,41.40272],[0.1726,41.40463],[0.17163,41.40547],[0.16963,41.40663],[0.16885,41.40684],[0.16489,41.40679],[0.16401,41.4065],[0.16258,41.40515],[0.16101,41.40305],[0.15772,41.39774],[0.15468,41.39657],[0.15179,41.39612],[0.1462,41.39481],[0.1416,41.39261],[0.137,41.39138],[0.133,41.38979],[0.12962,41.38769],[0.12306,41.38155],[0.12161,41.37927],[0.12029,41.37497],[0.1199,41.37267],[0.11799,41.36862],[0.11879,41.36468],[0.11826,41.36276],[0.1092,41.35418],[0.10891,41.35329],[0.10635,41.35087],[0.10135,41.35169],[0.1063,41.35082],[0.1061,41.35001],[0.10696,41.34655],[0.11444,41.33342],[0.1165,41.32921],[0.11805,41.32139],[0.11789,41.3173],[0.11702,41.31573],[0.11349,41.31291],[0.10654,41.31201],[0.10036,41.31311],[0.09632,41.31504],[0.09268,41.31257],[0.09207,41.30873],[0.08984,41.30756],[0.09085,41.30664],[0.08931,41.30532],[0.09378,41.30252],[0.09438,41.30036],[0.09812,41.2974],[0.09671,41.29652],[0.09643,41.29514],[0.09737,41.29366],[0.09664,41.29265],[0.097,41.29167],[0.09638,41.28938],[0.09915,41.28355],[0.10003,41.28236],[0.10371,41.27956],[0.11718,41.26675],[0.12782,41.26157],[0.13013,41.26393],[0.13383,41.26309],[0.13924,41.26231],[0.14585,41.25922],[0.14641,41.25933],[0.14699,41.25883],[0.15189,41.2563],[0.15581,41.25487],[0.16096,41.25435],[0.16364,41.2587],[0.16503,41.26024],[0.16846,41.26186],[0.17213,41.26303],[0.17343,41.26205],[0.1781,41.26027],[0.18029,41.25986],[0.1825,41.25997],[0.18365,41.25926],[0.18783,41.26267],[0.19008,41.26171],[0.19379,41.2619],[0.19443,41.26337],[0.1977,41.26412],[0.19959,41.26341],[0.20087,41.26188],[0.2128,41.25963],[0.21888,41.25592],[0.22324,41.25492],[0.22674,41.2533],[0.22825,41.25345],[0.24172,41.2559],[0.24558,41.25621],[0.25018,41.25992],[0.24932,41.26234],[0.24742,41.26348],[0.24407,41.26854],[0.24301,41.26929],[0.24169,41.26967],[0.2419,41.27016],[0.24264,41.27059],[0.24404,41.27096],[0.24443,41.27148],[0.24459,41.27253],[0.24542,41.27302],[0.24529,41.2754],[0.24568,41.27835],[0.24593,41.27881],[0.24674,41.27966],[0.24819,41.28041],[0.24903,41.28049],[0.25037,41.28012],[0.25109,41.28078],[0.2535,41.28186],[0.2591,41.28582],[0.26204,41.2867],[0.26351,41.28791],[0.26567,41.29078],[0.26827,41.29227],[0.27474,41.29394],[0.27823,41.2953],[0.28177,41.29633],[0.28393,41.29579],[0.28487,41.29615],[0.2877,41.29612],[0.29798,41.29513],[0.30665,41.29357],[0.31119,41.29312],[0.31238,41.29287],[0.3166,41.2906],[0.3198,41.29026],[0.3209,41.28921],[0.32167,41.28881],[0.32313,41.28864],[0.32274,41.28741],[0.32295,41.28716],[0.32535,41.28724],[0.32537,41.28616],[0.32562,41.28577],[0.32783,41.28601],[0.32821,41.28499],[0.32861,41.28471],[0.32956,41.28529],[0.3304,41.28527],[0.33075,41.2849],[0.33049,41.28398],[0.33078,41.28386],[0.33181,41.28406],[0.33248,41.28495],[0.33244,41.28397],[0.33191,41.28338],[0.33193,41.283],[0.33291,41.28259],[0.33283,41.28166],[0.3333,41.28136],[0.33452,41.28132],[0.33458,41.28077],[0.33502,41.28032],[0.33639,41.28011],[0.33764,41.28058],[0.33774,41.27965],[0.33829,41.27892],[0.33901,41.27879],[0.34017,41.28048],[0.33971,41.2813],[0.34071,41.2817],[0.34221,41.28156],[0.34179,41.2831],[0.33945,41.2879],[0.339,41.28945],[0.33927,41.29244],[0.34109,41.29506],[0.34442,41.29794],[0.35517,41.30023],[0.35892,41.30129],[0.36291,41.30268],[0.36565,41.30397],[0.36785,41.3061],[0.36858,41.30713],[0.36952,41.30922],[0.37031,41.31244],[0.37021,41.31447],[0.36988,41.31558],[0.36831,41.31863],[0.36783,41.31921],[0.36545,41.32086],[0.36398,41.32146],[0.35529,41.32336],[0.35118,41.32522],[0.34949,41.32667],[0.34881,41.32771],[0.34844,41.32887],[0.34852,41.32977],[0.3494,41.33119],[0.35045,41.33233],[0.35536,41.337],[0.35919,41.34198],[0.36161,41.34181],[0.36409,41.34253],[0.36553,41.34183],[0.36672,41.34178],[0.36689,41.34208],[0.36674,41.34345],[0.36697,41.34378],[0.36837,41.34477],[0.37016,41.34659],[0.37143,41.34652],[0.37225,41.347],[0.37238,41.34744],[0.3719,41.34904],[0.37195,41.34969],[0.37217,41.35027],[0.37268,41.35051],[0.37373,41.3504],[0.37397,41.35154],[0.37334,41.35189],[0.3727,41.35376],[0.37127,41.35428],[0.37133,41.35507],[0.37055,41.35568],[0.37036,41.35698],[0.36563,41.36202],[0.36472,41.36381],[0.36267,41.36493],[0.3618,41.36661],[0.36163,41.36845],[0.36128,41.36917],[0.36008,41.37052],[0.35829,41.37199],[0.35768,41.37225],[0.35588,41.37237],[0.35203,41.37402],[0.33774,41.38333],[0.33379,41.38567],[0.33143,41.38664],[0.3225,41.39297],[0.32004,41.39418],[0.33512,41.40653],[0.33594,41.40758],[0.33485,41.40872],[0.33149,41.41076],[0.31662,41.41692],[0.30923,41.41884],[0.30441,41.41908],[0.28261,41.42244],[0.27168,41.42499],[0.24923,41.42779],[0.24512,41.42873]]]}},{"type":"Feature","properties":{"COD_POSTAL":"50300"},"geometry":{"type":"Polygon","coordinates":[[[-1.66556,41.41246],[-1.66737,41.41256],[-1.67214,41.40991],[-1.67521,41.40524],[-1.67617,41.40499],[-1.67662,41.40455],[-1.67767,41.40265],[-1.6774,41.4009],[-1.67669,41.40015],[-1.67509,41.4002],[-1.67488,41.39988],[-1.67731,41.39883],[-1.67756,41.39826],[-1.67724,41.3976],[-1.67723,41.39664],[-1.67786,41.39531],[-1.67934,41.39471],[-1.68116,41.39349],[-1.68137,41.39326],[-1.68123,41.39253],[-1.68038,41.39185],[-1.68234,41.39061],[-1.68027,41.38719],[-1.68163,41.38662],[-1.68274,41.38649],[-1.68352,41.38701],[-1.68495,41.38695],[-1.6858,41.3875],[-1.69079,41.38851],[-1.69337,41.38768],[-1.69676,41.38796],[-1.69965,41.38779],[-1.70026,41.38825],[-1.70132,41.38853],[-1.7049,41.38873],[-1.70659,41.38976],[-1.70827,41.39031],[-1.7095,41.39039],[-1.71152,41.38984],[-1.71549,41.38953],[-1.71642,41.38975],[-1.71798,41.39066],[-1.71946,41.38972],[-1.7275,41.38663],[-1.73082,41.38432],[-1.73143,41.38344],[-1.73242,41.37982],[-1.73419,41.37951],[-1.73747,41.37754],[-1.73807,41.37381],[-1.73697,41.37311],[-1.74303,41.37038],[-1.74205,41.36959],[-1.73155,41.36552],[-1.72731,41.36224],[-1.72163,41.35852],[-1.71846,41.35904],[-1.71266,41.3579],[-1.71094,41.35638],[-1.71185,41.3526],[-1.71083,41.35025],[-1.70662,41.34654],[-1.70047,41.33786],[-1.69973,41.33796],[-1.69766,41.33621],[-1.69559,41.33353],[-1.69312,41.32669],[-1.69334,41.32591],[-1.69262,41.32466],[-1.69535,41.32231],[-1.69598,41.32187],[-1.69932,41.32208],[-1.69807,41.31836],[-1.69078,41.31443],[-1.68867,41.31553],[-1.67987,41.3081],[-1.67322,41.30801],[-1.6562,41.3204],[-1.64355,41.32452],[-1.64377,41.32387],[-1.64155,41.32378],[-1.63855,41.32513],[-1.6386,41.3254],[-1.63674,41.32619],[-1.6367,41.32675],[-1.63615,41.32692],[-1.60795,41.32689],[-1.60323,41.32912],[-1.5959,41.32792],[-1.59361,41.32822],[-1.59106,41.32736],[-1.58879,41.3281],[-1.58705,41.32749],[-1.58308,41.32933],[-1.58193,41.33075],[-1.58041,41.33196],[-1.57805,41.33348],[-1.57492,41.33488],[-1.57476,41.33556],[-1.57291,41.33672],[-1.57188,41.33831],[-1.57156,41.3394],[-1.57109,41.33985],[-1.56869,41.34069],[-1.56701,41.34155],[-1.56579,41.34127],[-1.56414,41.34189],[-1.56298,41.34127],[-1.56234,41.34136],[-1.56221,41.34173],[-1.56302,41.34339],[-1.56299,41.34391],[-1.56463,41.34521],[-1.56536,41.34618],[-1.56535,41.34693],[-1.56458,41.34919],[-1.5632,41.35008],[-1.56116,41.35083],[-1.55853,41.35124],[-1.55643,41.35406],[-1.55442,41.35567],[-1.55109,41.35677],[-1.55087,41.35899],[-1.54302,41.35966],[-1.53865,41.36116],[-1.52652,41.36402],[-1.52554,41.36392],[-1.52449,41.36324],[-1.52241,41.36295],[-1.51737,41.36527],[-1.51562,41.36525],[-1.51373,41.36575],[-1.50989,41.36823],[-1.50743,41.36923],[-1.50514,41.37112],[-1.50373,41.37141],[-1.50179,41.37239],[-1.49611,41.37556],[-1.49463,41.37661],[-1.49662,41.37737],[-1.5,41.37955],[-1.50407,41.38283],[-1.50493,41.38445],[-1.50616,41.38534],[-1.51271,41.38719],[-1.52137,41.38864],[-1.52596,41.38775],[-1.52714,41.38787],[-1.53108,41.39129],[-1.53229,41.39173],[-1.5363,41.39179],[-1.53898,41.39099],[-1.54263,41.39138],[-1.54299,41.39148],[-1.5448,41.39364],[-1.54697,41.39418],[-1.54811,41.39518],[-1.54902,41.39437],[-1.55668,41.39197],[-1.55954,41.39206],[-1.56622,41.38822],[-1.56872,41.38466],[-1.57193,41.38145],[-1.57157,41.37735],[-1.5726,41.37575],[-1.58586,41.37666],[-1.59946,41.37441],[-1.60247,41.37018],[-1.61703,41.37516],[-1.61572,41.38395],[-1.64934,41.41128],[-1.65211,41.41199],[-1.65471,41.41202],[-1.65726,41.41156],[-1.65874,41.41065],[-1.65937,41.41053],[-1.66031,41.41063],[-1.66143,41.41129],[-1.66219,41.41145],[-1.66284,41.41203],[-1.66358,41.41197],[-1.66434,41.41238],[-1.6654,41.41244],[-1.66556,41.41246]]]}},{"type":"Feature","properties":{"COD_POSTAL":"50760"},"geometry":{"type":"Polygon","coordinates":[[[-0.31834,41.42856],[-0.32098,41.42816],[-0.33562,41.42814],[-0.33774,41.42784],[-0.34314,41.4261],[-0.34455,41.42589],[-0.34572,41.42578],[-0.35184,41.42626],[-0.3579,41.42599],[-0.36932,41.42415],[-0.37511,41.42349],[-0.37771,41.42202],[-0.3796,41.42031],[-0.38346,41.41924],[-0.3868,41.41715],[-0.39348,41.41223],[-0.40286,41.40866],[-0.40393,41.40873],[-0.40528,41.4083],[-0.40658,41.40676],[-0.40984,41.40545],[-0.411,41.40547],[-0.41209,41.40472],[-0.42214,41.39964],[-0.42908,41.39715],[-0.43656,41.39374],[-0.43764,41.39301],[-0.43961,41.39095],[-0.44111,41.38873],[-0.44178,41.38617],[-0.44111,41.38286],[-0.44019,41.38108],[-0.44221,41.37966],[-0.44463,41.3804],[-0.44751,41.37975],[-0.44835,41.37794],[-0.44916,41.37486],[-0.45058,41.37274],[-0.4533,41.37152],[-0.45526,41.36881],[-0.45718,41.3667],[-0.45955,41.36518],[-0.45835,41.36361],[-0.45349,41.35946],[-0.45327,41.3568],[-0.45158,41.35459],[-0.44791,41.35234],[-0.4443,41.35025],[-0.4381,41.349],[-0.43689,41.34912],[-0.43177,41.34859],[-0.43062,41.34406],[-0.42826,41.33956],[-0.42611,41.33681],[-0.42236,41.33343],[-0.42147,41.33298],[-0.41972,41.33271],[-0.41302,41.33382],[-0.4125,41.33746],[-0.41077,41.33951],[-0.40825,41.34108],[-0.40771,41.34167],[-0.40762,41.34241],[-0.40544,41.34397],[-0.40272,41.34775],[-0.40195,41.34928],[-0.40012,41.35032],[-0.39687,41.35289],[-0.39825,41.35773],[-0.39779,41.36056],[-0.39779,41.36257],[-0.39886,41.36542],[-0.39106,41.36787],[-0.38834,41.36787],[-0.38183,41.37234],[-0.37899,41.37485],[-0.37773,41.37675],[-0.37567,41.37805],[-0.37355,41.37806],[-0.37264,41.37864],[-0.37111,41.37795],[-0.36236,41.37732],[-0.36058,41.3779],[-0.35843,41.385],[-0.35603,41.38714],[-0.35375,41.38861],[-0.35262,41.38885],[-0.3475,41.38884],[-0.33827,41.39133],[-0.32752,41.39364],[-0.32561,41.39612],[-0.32208,41.39919],[-0.31763,41.40236],[-0.31327,41.40449],[-0.31135,41.40584],[-0.31001,41.4086],[-0.30854,41.41066],[-0.30529,41.41327],[-0.30325,41.41617],[-0.30065,41.41793],[-0.29933,41.41927],[-0.29692,41.42107],[-0.30363,41.42293],[-0.30828,41.42459],[-0.31235,41.42626],[-0.31736,41.4288],[-0.31834,41.42856]]]}},{"type":"Feature","properties":{"COD_POSTAL":"50684"},"geometry":{"type":"Polygon","coordinates":[[[-1.03482,42.67179],[-1.03813,42.66685],[-1.03962,42.6642],[-1.03924,42.65979],[-1.03946,42.65777],[-1.03812,42.65304],[-1.03681,42.65164],[-1.03601,42.6521],[-1.03453,42.65237],[-1.03169,42.65095],[-1.02915,42.65142],[-1.02697,42.6505],[-1.02308,42.65083],[-1.00683,42.64836],[-1.00523,42.64765],[-0.99805,42.648],[-0.99149,42.64639],[-0.99132,42.64562],[-0.99092,42.64514],[-0.98461,42.64173],[-0.984,42.64207],[-0.98337,42.64164],[-0.98088,42.6413],[-0.97959,42.64143],[-0.97661,42.64005],[-0.97463,42.63972],[-0.97448,42.6393],[-0.97425,42.63927],[-0.97378,42.63992],[-0.97302,42.64022],[-0.97254,42.64143],[-0.96927,42.64435],[-0.96329,42.65071],[-0.96346,42.65172],[-0.96401,42.65281],[-0.95827,42.6553],[-0.94881,42.65665],[-0.93953,42.66053],[-0.93731,42.66277],[-0.93564,42.6602],[-0.93118,42.65603],[-0.91839,42.65688],[-0.91574,42.656],[-0.90215,42.65689],[-0.89785,42.6618],[-0.89309,42.66235],[-0.89355,42.66397],[-0.89353,42.66469],[-0.89291,42.66605],[-0.89287,42.66677],[-0.88773,42.66762],[-0.88706,42.66911],[-0.88637,42.67177],[-0.88663,42.67229],[-0.88675,42.67518],[-0.88575,42.67711],[-0.88495,42.67763],[-0.88468,42.679],[-0.88487,42.67989],[-0.88427,42.68103],[-0.88427,42.68254],[-0.88234,42.68318],[-0.882,42.68456],[-0.88271,42.68565],[-0.88211,42.68639],[-0.87995,42.68814],[-0.88033,42.68927],[-0.88184,42.69124],[-0.88012,42.69396],[-0.88453,42.69461],[-0.88963,42.69466],[-0.89124,42.69634],[-0.89314,42.69663],[-0.89603,42.69902],[-0.90057,42.7008],[-0.90091,42.70155],[-0.90271,42.70217],[-0.9069,42.70223],[-0.91077,42.70187],[-0.91696,42.70077],[-0.92251,42.70077],[-0.9205,42.70219],[-0.91558,42.70475],[-0.91547,42.70564],[-0.91398,42.70673],[-0.91308,42.70813],[-0.91179,42.70928],[-0.90989,42.70998],[-0.9072,42.71016],[-0.90435,42.71219],[-0.90387,42.71449],[-0.90417,42.7178],[-0.90527,42.72234],[-0.90684,42.72661],[-0.90398,42.72966],[-0.90268,42.72981],[-0.90272,42.73039],[-0.89986,42.7326],[-0.89686,42.73566],[-0.8984,42.73619],[-0.90096,42.73776],[-0.9008,42.73985],[-0.90109,42.74272],[-0.90266,42.74268],[-0.90312,42.743],[-0.90507,42.74309],[-0.90549,42.74287],[-0.9091,42.74404],[-0.91892,42.74382],[-0.9239,42.74411],[-0.92351,42.74212],[-0.92477,42.73888],[-0.93027,42.73552],[-0.9311,42.73573],[-0.93346,42.73541],[-0.93588,42.73427],[-0.93594,42.73343],[-0.93651,42.73267],[-0.93819,42.72635],[-0.93859,42.72588],[-0.93846,42.72545],[-0.94115,42.72448],[-0.94209,42.72438],[-0.94252,42.72354],[-0.94336,42.72286],[-0.94414,42.7227],[-0.9444,42.72042],[-0.94505,42.71786],[-0.94723,42.71493],[-0.94621,42.714],[-0.94767,42.71198],[-0.94861,42.7114],[-0.95267,42.71253],[-0.95491,42.71255],[-0.95586,42.71243],[-0.95868,42.71127],[-0.96053,42.71119],[-0.96247,42.71003],[-0.96432,42.70792],[-0.96868,42.70535],[-0.96921,42.70371],[-0.97339,42.70446],[-0.97551,42.70434],[-0.97914,42.70466],[-0.98018,42.70389],[-0.98391,42.70236],[-0.98466,42.70235],[-0.98575,42.70288],[-0.98811,42.70277],[-0.98994,42.70161],[-0.99283,42.70148],[-0.99508,42.70079],[-1.00149,42.69995],[-1.00823,42.70046],[-1.01681,42.70226],[-1.02084,42.70113],[-1.0239,42.70055],[-1.02621,42.70023],[-1.02765,42.70038],[-1.02881,42.69795],[-1.02902,42.69687],[-1.02859,42.69584],[-1.02946,42.69558],[-1.02905,42.69486],[-1.03343,42.69286],[-1.03919,42.69163],[-1.0381,42.68836],[-1.03808,42.68637],[-1.03683,42.68162],[-1.03368,42.67702],[-1.03317,42.67477],[-1.03336,42.67428],[-1.03482,42.67179]]]}},{"type":"Feature","properties":{"COD_POSTAL":"50136"},"geometry":{"type":"Polygon","coordinates":[[[-0.7786,41.18726],[-0.77942,41.18627],[-0.77836,41.18306],[-0.78013,41.18225],[-0.77612,41.18199],[-0.77239,41.18107],[-0.76542,41.18388],[-0.76281,41.18423],[-0.76102,41.18476],[-0.76048,41.18724],[-0.75815,41.1917],[-0.7554,41.1988],[-0.75416,41.20059],[-0.7523,41.20237],[-0.75029,41.20867],[-0.7482,41.21149],[-0.74832,41.21408],[-0.748,41.21567],[-0.74391,41.22461],[-0.74947,41.22613],[-0.75032,41.22658],[-0.75536,41.23243],[-0.76009,41.23568],[-0.76376,41.23944],[-0.76823,41.24338],[-0.77525,41.2486],[-0.78201,41.25184],[-0.78727,41.25511],[-0.79557,41.26113],[-0.79611,41.26285],[-0.79842,41.26257],[-0.79912,41.26364],[-0.80352,41.26685],[-0.80761,41.27257],[-0.81979,41.27784],[-0.83613,41.2747],[-0.84071,41.27129],[-0.838,41.26833],[-0.83558,41.25821],[-0.83568,41.25275],[-0.83664,41.25007],[-0.83803,41.24755],[-0.83735,41.24259],[-0.8306,41.24342],[-0.82669,41.24335],[-0.81706,41.24404],[-0.80997,41.24731],[-0.8068,41.2477],[-0.80379,41.24753],[-0.80153,41.24605],[-0.79805,41.24174],[-0.79781,41.23856],[-0.79755,41.23743],[-0.79678,41.23585],[-0.79511,41.23373],[-0.78739,41.22677],[-0.78434,41.22181],[-0.78336,41.21809],[-0.78313,41.21633],[-0.7821,41.21407],[-0.78084,41.20983],[-0.78039,41.20878],[-0.77733,41.20401],[-0.77872,41.20041],[-0.77689,41.19485],[-0.77798,41.18982],[-0.7786,41.18726]]]}},{"type":"Feature","properties":{"COD_POSTAL":"50137"},"geometry":{"type":"Polygon","coordinates":[[[-0.87193,41.42206],[-0.87357,41.42141],[-0.87384,41.42013],[-0.8755,41.41864],[-0.87558,41.41824],[-0.87526,41.41732],[-0.87608,41.41652],[-0.87657,41.41548],[-0.87961,41.41418],[-0.88179,41.41411],[-0.88402,41.41234],[-0.88608,41.41203],[-0.88722,41.41075],[-0.88755,41.40954],[-0.88964,41.40864],[-0.89018,41.40759],[-0.89134,41.40695],[-0.8919,41.40573],[-0.89125,41.40523],[-0.89069,41.40416],[-0.89279,41.40369],[-0.89756,41.4048],[-0.89878,41.40216],[-0.90123,41.3998],[-0.90395,41.39841],[-0.90891,41.39781],[-0.9104,41.39733],[-0.90962,41.39666],[-0.90805,41.39615],[-0.90362,41.39404],[-0.90194,41.39352],[-0.9006,41.39229],[-0.89985,41.39195],[-0.89887,41.39192],[-0.8981,41.39105],[-0.89591,41.39059],[-0.89359,41.38902],[-0.8925,41.38872],[-0.89088,41.3877],[-0.89079,41.38556],[-0.891,41.38453],[-0.89033,41.38271],[-0.88759,41.37997],[-0.8874,41.37898],[-0.88705,41.37845],[-0.88522,41.37713],[-0.8817,41.37026],[-0.88172,41.36895],[-0.88106,41.36545],[-0.88172,41.36187],[-0.88109,41.35959],[-0.88033,41.35871],[-0.87971,41.35676],[-0.87873,41.35517],[-0.87667,41.34845],[-0.87565,41.34642],[-0.87365,41.344],[-0.87344,41.34104],[-0.87439,41.33966],[-0.87522,41.33714],[-0.87489,41.33518],[-0.87604,41.33407],[-0.87549,41.33288],[-0.87573,41.33177],[-0.87475,41.33093],[-0.87407,41.33067],[-0.86825,41.33293],[-0.86565,41.33341],[-0.86481,41.33396],[-0.86095,41.33446],[-0.85887,41.33507],[-0.85861,41.33719],[-0.85806,41.33904],[-0.85688,41.34001],[-0.85633,41.3402],[-0.85417,41.33987],[-0.85109,41.33981],[-0.84365,41.34465],[-0.84158,41.34693],[-0.83456,41.34959],[-0.83299,41.35075],[-0.82617,41.3569],[-0.82442,41.359],[-0.81992,41.35956],[-0.81751,41.35925],[-0.81308,41.36471],[-0.81105,41.36636],[-0.80898,41.36766],[-0.80861,41.36889],[-0.80591,41.37185],[-0.80549,41.37349],[-0.80003,41.37875],[-0.79954,41.38087],[-0.79879,41.38223],[-0.79864,41.3831],[-0.79758,41.38405],[-0.79685,41.38586],[-0.79364,41.39066],[-0.79097,41.39632],[-0.78968,41.39797],[-0.78803,41.40084],[-0.78274,41.40865],[-0.78138,41.41226],[-0.78118,41.41385],[-0.78076,41.4145],[-0.78129,41.41617],[-0.78129,41.41812],[-0.77921,41.42134],[-0.78456,41.4255],[-0.78562,41.42732],[-0.78871,41.42947],[-0.79187,41.43242],[-0.79484,41.4328],[-0.7998,41.43558],[-0.80064,41.43655],[-0.80052,41.43873],[-0.80266,41.43844],[-0.80554,41.43989],[-0.80733,41.44046],[-0.80836,41.44257],[-0.80938,41.44331],[-0.81207,41.44182],[-0.81495,41.44238],[-0.81686,41.44249],[-0.81747,41.44391],[-0.81855,41.44379],[-0.82198,41.44538],[-0.82358,41.44561],[-0.82509,41.44909],[-0.82471,41.45015],[-0.8252,41.45166],[-0.82585,41.4494],[-0.82646,41.44915],[-0.82855,41.44907],[-0.83169,41.44982],[-0.83238,41.44945],[-0.83492,41.44962],[-0.83635,41.44844],[-0.83923,41.44783],[-0.83847,41.44655],[-0.83885,41.44484],[-0.84191,41.44335],[-0.8435,41.44362],[-0.84548,41.44244],[-0.84576,41.44171],[-0.84546,41.44026],[-0.84595,41.43953],[-0.8467,41.4391],[-0.8484,41.43886],[-0.85192,41.43732],[-0.85275,41.43735],[-0.85369,41.43658],[-0.85274,41.43528],[-0.85315,41.43397],[-0.8577,41.43427],[-0.85923,41.43246],[-0.86116,41.4323],[-0.86267,41.42976],[-0.86576,41.42677],[-0.86623,41.42659],[-0.87004,41.42652],[-0.87139,41.42535],[-0.87154,41.42252],[-0.87193,41.42206]]]}},{"type":"Feature","properties":{"COD_POSTAL":"50217"},"geometry":{"type":"Polygon","coordinates":[[[-1.86483,41.51328],[-1.86831,41.51401],[-1.8723,41.51437],[-1.87287,41.51401],[-1.87441,41.51112],[-1.87792,41.51067],[-1.87893,41.50865],[-1.88113,41.50775],[-1.88356,41.50853],[-1.8867,41.50829],[-1.89066,41.5084],[-1.89264,41.50869],[-1.89824,41.50874],[-1.89933,41.50916],[-1.90532,41.50982],[-1.91263,41.50338],[-1.91672,41.50252],[-1.92282,41.5008],[-1.92374,41.50028],[-1.92574,41.4985],[-1.92964,41.49697],[-1.93165,41.49554],[-1.94244,41.49197],[-1.9456,41.49057],[-1.9483,41.49033],[-1.95359,41.48812],[-1.95774,41.48804],[-1.95975,41.48656],[-1.96521,41.48465],[-1.96998,41.48145],[-1.96663,41.47894],[-1.96506,41.47679],[-1.96142,41.4731],[-1.95723,41.46819],[-1.95667,41.46655],[-1.95328,41.46245],[-1.95217,41.45963],[-1.9515,41.45604],[-1.95296,41.45175],[-1.95223,41.44948],[-1.9524,41.44551],[-1.94881,41.43578],[-1.94902,41.43337],[-1.94948,41.43269],[-1.94874,41.42964],[-1.9509,41.42658],[-1.95369,41.42426],[-1.9525,41.42314],[-1.95027,41.42221],[-1.94719,41.42103],[-1.94229,41.41986],[-1.93559,41.41989],[-1.93424,41.41933],[-1.93372,41.41999],[-1.93305,41.42017],[-1.93218,41.41971],[-1.93034,41.41999],[-1.93015,41.42082],[-1.92903,41.42092],[-1.92835,41.4213],[-1.92608,41.42136],[-1.92475,41.42116],[-1.92309,41.4204],[-1.92219,41.42037],[-1.91425,41.42435],[-1.91267,41.42779],[-1.91282,41.42932],[-1.91263,41.43018],[-1.90902,41.43176],[-1.90462,41.43213],[-1.90009,41.43537],[-1.89868,41.43603],[-1.89589,41.43859],[-1.89198,41.43931],[-1.89151,41.44003],[-1.89082,41.44054],[-1.89133,41.44284],[-1.89112,41.44345],[-1.89037,41.44386],[-1.88868,41.44392],[-1.88775,41.4453],[-1.88733,41.44553],[-1.88676,41.44538],[-1.88648,41.44438],[-1.88583,41.44398],[-1.88539,41.44402],[-1.88388,41.44501],[-1.88235,41.44561],[-1.88041,41.4447],[-1.87883,41.44353],[-1.87307,41.44641],[-1.86806,41.44716],[-1.86248,41.44556],[-1.85874,41.44546],[-1.85662,41.4432],[-1.85685,41.44157],[-1.85418,41.44161],[-1.85292,41.4419],[-1.85006,41.44325],[-1.84855,41.44453],[-1.84866,41.44485],[-1.84957,41.4453],[-1.85073,41.44717],[-1.84897,41.44815],[-1.84713,41.44966],[-1.84493,41.45066],[-1.8441,41.45133],[-1.83914,41.45333],[-1.83271,41.45954],[-1.82941,41.46172],[-1.83066,41.46399],[-1.8304,41.46482],[-1.82907,41.46624],[-1.82959,41.46872],[-1.83093,41.47043],[-1.8331,41.47452],[-1.83354,41.477],[-1.83545,41.47925],[-1.83705,41.48216],[-1.84006,41.48457],[-1.84175,41.48639],[-1.84189,41.4868],[-1.84136,41.48796],[-1.84416,41.4908],[-1.84716,41.49502],[-1.84765,41.49604],[-1.84798,41.49749],[-1.84998,41.5001],[-1.85044,41.50136],[-1.85225,41.50437],[-1.8529,41.50509],[-1.85363,41.50473],[-1.85419,41.50476],[-1.85581,41.50632],[-1.85842,41.50715],[-1.85811,41.50765],[-1.85869,41.50778],[-1.85917,41.50945],[-1.86084,41.51016],[-1.86162,41.51138],[-1.86467,41.51227],[-1.86454,41.51286],[-1.86483,41.51328]]]}},{"type":"Feature","properties":{"COD_POSTAL":"50520"},"geometry":{"type":"Polygon","coordinates":[[[-1.45091,41.84495],[-1.45051,41.84506],[-1.45054,41.84533],[-1.45131,41.84559],[-1.45107,41.84645],[-1.45074,41.84663],[-1.45032,41.84625],[-1.44952,41.84699],[-1.4489,41.84801],[-1.4495,41.84976],[-1.44999,41.85047],[-1.45165,41.84999],[-1.45847,41.85265],[-1.46082,41.85302],[-1.46314,41.8543],[-1.46403,41.85526],[-1.46564,41.85527],[-1.46606,41.8548],[-1.46606,41.85448],[-1.46914,41.85515],[-1.47231,41.85472],[-1.47296,41.85538],[-1.47482,41.85572],[-1.47942,41.8548],[-1.47969,41.85433],[-1.48157,41.85307],[-1.48355,41.85007],[-1.48403,41.84835],[-1.48345,41.84707],[-1.48598,41.84352],[-1.48764,41.84011],[-1.48739,41.8388],[-1.48784,41.83346],[-1.48815,41.83247],[-1.48813,41.83062],[-1.47859,41.83012],[-1.47568,41.82814],[-1.46854,41.82478],[-1.46651,41.82419],[-1.46534,41.82411],[-1.4615,41.82619],[-1.45858,41.82573],[-1.45619,41.82474],[-1.45554,41.8239],[-1.45602,41.82276],[-1.45494,41.81983],[-1.44968,41.8189],[-1.45349,41.81712],[-1.45383,41.81674],[-1.4524,41.8128],[-1.45217,41.80704],[-1.4503,41.80465],[-1.44797,41.79919],[-1.44853,41.79615],[-1.44812,41.7947],[-1.44841,41.79309],[-1.44797,41.78999],[-1.44191,41.78153],[-1.43495,41.77471],[-1.42217,41.77367],[-1.41891,41.77416],[-1.41313,41.77402],[-1.389,41.7746],[-1.37146,41.77353],[-1.35244,41.77454],[-1.35134,41.77498],[-1.34647,41.77397],[-1.34393,41.77446],[-1.34103,41.77525],[-1.33961,41.77614],[-1.33691,41.78057],[-1.33663,41.7816],[-1.33361,41.78618],[-1.33132,41.78882],[-1.32825,41.79303],[-1.32432,41.79717],[-1.3212,41.80265],[-1.31815,41.80358],[-1.31737,41.8043],[-1.31895,41.80704],[-1.31963,41.80959],[-1.325,41.81671],[-1.33071,41.82041],[-1.33564,41.82451],[-1.33757,41.82572],[-1.34072,41.82982],[-1.34803,41.83725],[-1.34878,41.83859],[-1.35625,41.84614],[-1.35731,41.8485],[-1.35981,41.85638],[-1.35991,41.859],[-1.35833,41.86658],[-1.35825,41.87162],[-1.35888,41.87346],[-1.37019,41.86788],[-1.37044,41.86663],[-1.37124,41.86663],[-1.37277,41.86502],[-1.37345,41.86245],[-1.37289,41.86158],[-1.37446,41.86057],[-1.37443,41.85988],[-1.37636,41.85785],[-1.37613,41.85748],[-1.37681,41.85755],[-1.38899,41.84366],[-1.39175,41.8416],[-1.39075,41.84106],[-1.39006,41.84142],[-1.38625,41.83662],[-1.38504,41.83458],[-1.3848,41.83354],[-1.38237,41.82851],[-1.38129,41.82573],[-1.38202,41.82509],[-1.38158,41.81936],[-1.38078,41.81538],[-1.38242,41.81495],[-1.38454,41.81561],[-1.38964,41.81626],[-1.39199,41.81693],[-1.39547,41.81865],[-1.40073,41.81965],[-1.40478,41.82094],[-1.40857,41.82308],[-1.40995,41.82413],[-1.41096,41.82529],[-1.41541,41.82866],[-1.42041,41.83173],[-1.42262,41.83344],[-1.42353,41.83468],[-1.42726,41.83681],[-1.43471,41.83538],[-1.43656,41.83666],[-1.43732,41.8368],[-1.43788,41.83645],[-1.43868,41.8366],[-1.43895,41.83627],[-1.43937,41.83624],[-1.43911,41.83699],[-1.43997,41.8369],[-1.43934,41.83769],[-1.4397,41.83799],[-1.44076,41.83652],[-1.44168,41.83655],[-1.44072,41.83779],[-1.44103,41.83798],[-1.44157,41.83774],[-1.44244,41.83639],[-1.44288,41.83659],[-1.44201,41.83771],[-1.44249,41.8378],[-1.44293,41.83721],[-1.44367,41.83746],[-1.44297,41.83807],[-1.4445,41.83807],[-1.44493,41.83803],[-1.44556,41.83708],[-1.44758,41.83745],[-1.44838,41.83715],[-1.45073,41.83711],[-1.45159,41.83663],[-1.45361,41.84006],[-1.45335,41.84035],[-1.45175,41.84073],[-1.45194,41.84112],[-1.44974,41.84201],[-1.45017,41.84216],[-1.45102,41.84185],[-1.45104,41.84219],[-1.45166,41.84194],[-1.45173,41.84218],[-1.45106,41.84298],[-1.45073,41.84269],[-1.45001,41.84331],[-1.45021,41.84452],[-1.45126,41.84413],[-1.45091,41.84495]]]}},{"type":"Feature","properties":{"COD_POSTAL":"50680"},"geometry":{"type":"Polygon","coordinates":[[[-1.13928,42.54943],[-1.14342,42.54999],[-1.14829,42.5513],[-1.15156,42.54972],[-1.15221,42.54786],[-1.15317,42.54623],[-1.15725,42.54525],[-1.1593,42.54451],[-1.16269,42.54266],[-1.16352,42.54297],[-1.16476,42.54296],[-1.16583,42.54369],[-1.16664,42.54393],[-1.16824,42.54221],[-1.17412,42.54395],[-1.17498,42.54613],[-1.19016,42.55205],[-1.20076,42.5525],[-1.20071,42.55225],[-1.20273,42.54935],[-1.20692,42.55072],[-1.20727,42.55052],[-1.207,42.54986],[-1.20762,42.54956],[-1.21162,42.54971],[-1.21894,42.54856],[-1.22618,42.54238],[-1.23555,42.51478],[-1.27247,42.48221],[-1.23773,42.46664],[-1.17294,42.46338],[-1.15252,42.44188],[-1.14941,42.44185],[-1.14859,42.44104],[-1.14758,42.441],[-1.14497,42.44187],[-1.14357,42.44181],[-1.14298,42.44195],[-1.14157,42.44297],[-1.13882,42.44435],[-1.13691,42.44431],[-1.13555,42.44492],[-1.13204,42.44697],[-1.12936,42.44672],[-1.12907,42.44916],[-1.12804,42.45197],[-1.12558,42.45586],[-1.12398,42.45731],[-1.12375,42.45807],[-1.12171,42.4592],[-1.12154,42.45978],[-1.12089,42.46054],[-1.11828,42.46153],[-1.117,42.46317],[-1.11607,42.46515],[-1.11227,42.46917],[-1.11222,42.47061],[-1.11105,42.47218],[-1.11016,42.47404],[-1.10695,42.47831],[-1.10455,42.48032],[-1.10378,42.48064],[-1.1044,42.48141],[-1.10265,42.48221],[-1.10208,42.4828],[-1.10258,42.48326],[-1.10498,42.48423],[-1.10902,42.48559],[-1.10986,42.48446],[-1.11097,42.4845],[-1.1126,42.48287],[-1.11554,42.48257],[-1.11851,42.4832],[-1.12156,42.48512],[-1.12435,42.48606],[-1.12208,42.48939],[-1.11966,42.49375],[-1.11918,42.49598],[-1.11917,42.4989],[-1.11961,42.49964],[-1.11959,42.50073],[-1.12166,42.50224],[-1.12377,42.50709],[-1.12588,42.50803],[-1.12662,42.50809],[-1.12713,42.50768],[-1.1264,42.50731],[-1.12646,42.50694],[-1.12883,42.50672],[-1.1309,42.50597],[-1.13167,42.50643],[-1.13168,42.50905],[-1.13203,42.5094],[-1.13255,42.50956],[-1.13347,42.50913],[-1.13349,42.50793],[-1.13404,42.50749],[-1.13651,42.50953],[-1.13772,42.5101],[-1.13784,42.50316],[-1.13752,42.50012],[-1.13678,42.49753],[-1.1364,42.49493],[-1.13667,42.49256],[-1.1382,42.48672],[-1.14128,42.48669],[-1.14207,42.48635],[-1.14576,42.48686],[-1.1474,42.48686],[-1.14971,42.48787],[-1.15122,42.48938],[-1.1545,42.49037],[-1.15646,42.49165],[-1.15761,42.49281],[-1.18394,42.50107],[-1.18337,42.50418],[-1.18352,42.50532],[-1.18442,42.50607],[-1.18954,42.50809],[-1.1862,42.52098],[-1.1872,42.5229],[-1.18409,42.52258],[-1.18159,42.52128],[-1.18066,42.52121],[-1.17858,42.52225],[-1.1762,42.52211],[-1.1755,42.52317],[-1.17466,42.52391],[-1.17382,42.52409],[-1.17311,42.52326],[-1.17277,42.5223],[-1.17189,42.52164],[-1.17112,42.51983],[-1.1693,42.5194],[-1.16301,42.52474],[-1.16221,42.52628],[-1.15811,42.52473],[-1.15074,42.52345],[-1.14697,42.52321],[-1.14623,42.52354],[-1.14699,42.52553],[-1.14706,42.52741],[-1.14679,42.52806],[-1.1458,42.52983],[-1.14173,42.53541],[-1.13754,42.54357],[-1.13656,42.54632],[-1.13429,42.54743],[-1.12934,42.54663],[-1.12865,42.54813],[-1.13928,42.54943]]]}},{"type":"Feature","properties":{"COD_POSTAL":"50780"},"geometry":{"type":"Polygon","coordinates":[[[-0.20502,41.44686],[-0.20791,41.44726],[-0.21174,41.44661],[-0.22594,41.43845],[-0.26037,41.43063],[-0.26243,41.43043],[-0.28167,41.43124],[-0.28593,41.42792],[-0.28927,41.42465],[-0.29315,41.42309],[-0.29524,41.42175],[-0.29692,41.42107],[-0.29933,41.41927],[-0.30065,41.41793],[-0.30325,41.41617],[-0.30529,41.41327],[-0.30854,41.41066],[-0.31001,41.4086],[-0.31135,41.40584],[-0.31327,41.40449],[-0.31763,41.40236],[-0.32208,41.39919],[-0.32561,41.39612],[-0.32752,41.39364],[-0.33827,41.39133],[-0.3475,41.38884],[-0.35324,41.3888],[-0.35603,41.38714],[-0.35843,41.385],[-0.36058,41.3779],[-0.36236,41.37732],[-0.37111,41.37795],[-0.37274,41.37341],[-0.37197,41.37028],[-0.37251,41.36921],[-0.37435,41.3664],[-0.37772,41.36442],[-0.37936,41.36193],[-0.38276,41.35806],[-0.3811,41.35427],[-0.3772,41.3498],[-0.37548,41.35044],[-0.37321,41.35077],[-0.37094,41.35067],[-0.3671,41.34965],[-0.36579,41.35175],[-0.3624,41.35579],[-0.35631,41.35623],[-0.35249,41.35443],[-0.34969,41.35251],[-0.34857,41.35116],[-0.34762,41.34809],[-0.34714,41.34702],[-0.3462,41.3458],[-0.34774,41.34411],[-0.34809,41.3433],[-0.34813,41.34152],[-0.34621,41.33811],[-0.34484,41.33625],[-0.34385,41.33429],[-0.34369,41.33352],[-0.34389,41.33086],[-0.34502,41.3287],[-0.34661,41.32645],[-0.34865,41.32489],[-0.35299,41.32341],[-0.35495,41.32321],[-0.35789,41.32367],[-0.36112,41.32491],[-0.36451,41.32714],[-0.36638,41.32929],[-0.36973,41.32859],[-0.37352,41.32942],[-0.37411,41.32813],[-0.37526,41.32656],[-0.37593,41.32592],[-0.37747,41.32512],[-0.3789,41.3249],[-0.38156,41.32511],[-0.38632,41.32582],[-0.38701,41.32457],[-0.38772,41.32444],[-0.39665,41.32578],[-0.39905,41.32672],[-0.40399,41.32786],[-0.41293,41.32934],[-0.42023,41.32672],[-0.42062,41.32587],[-0.42071,41.32456],[-0.42028,41.323],[-0.42029,41.32172],[-0.41999,41.32099],[-0.42077,41.31984],[-0.42273,41.31834],[-0.42199,41.31419],[-0.42213,41.31327],[-0.42087,41.31251],[-0.42065,41.31214],[-0.42079,41.31156],[-0.42216,41.31075],[-0.42355,41.30917],[-0.42433,41.30895],[-0.42593,41.30904],[-0.4266,41.30847],[-0.42568,41.3074],[-0.42589,41.30666],[-0.42569,41.30591],[-0.42472,41.30509],[-0.42674,41.3036],[-0.42698,41.30287],[-0.42571,41.29801],[-0.42589,41.29755],[-0.42703,41.2968],[-0.4275,41.29514],[-0.42875,41.29407],[-0.42815,41.29348],[-0.42754,41.29198],[-0.42442,41.28916],[-0.42057,41.28642],[-0.42042,41.28553],[-0.41994,41.28493],[-0.41788,41.28397],[-0.41131,41.27908],[-0.40586,41.27236],[-0.39962,41.27034],[-0.39814,41.26952],[-0.39139,41.26765],[-0.38585,41.26544],[-0.38359,41.26523],[-0.38163,41.26468],[-0.37794,41.26546],[-0.38393,41.27684],[-0.38152,41.27696],[-0.37607,41.2783],[-0.36936,41.28391],[-0.36672,41.2849],[-0.36198,41.28491],[-0.3592,41.28317],[-0.35274,41.27417],[-0.35027,41.27415],[-0.34526,41.27614],[-0.34069,41.28136],[-0.3397,41.28439],[-0.34081,41.2891],[-0.34401,41.29432],[-0.34459,41.29714],[-0.34285,41.29938],[-0.33923,41.30061],[-0.3325,41.29958],[-0.32185,41.29517],[-0.3173,41.29491],[-0.31272,41.2935],[-0.30441,41.29242],[-0.29919,41.29328],[-0.29569,41.29495],[-0.29308,41.30259],[-0.29106,41.30499],[-0.2875,41.30697],[-0.28419,41.30667],[-0.28172,41.30459],[-0.28071,41.30066],[-0.28186,41.29535],[-0.2843,41.29066],[-0.29194,41.28406],[-0.29302,41.28212],[-0.29115,41.27943],[-0.28572,41.27594],[-0.27863,41.27423],[-0.2748,41.27433],[-0.26729,41.27634],[-0.26545,41.27737],[-0.26273,41.2798],[-0.2605,41.28342],[-0.25926,41.29466],[-0.2578,41.29702],[-0.25368,41.29946],[-0.25099,41.2999],[-0.23745,41.29643],[-0.23435,41.29702],[-0.22885,41.30129],[-0.2238,41.30237],[-0.22071,41.30134],[-0.21866,41.29878],[-0.21929,41.29617],[-0.22449,41.29013],[-0.22477,41.28908],[-0.22422,41.28799],[-0.22179,41.28695],[-0.2142,41.28657],[-0.20904,41.2873],[-0.20403,41.28974],[-0.20241,41.28573],[-0.20403,41.28974],[-0.20126,41.29251],[-0.19563,41.29509],[-0.19344,41.29546],[-0.18963,41.29512],[-0.18531,41.29407],[-0.1823,41.29298],[-0.17038,41.28692],[-0.16362,41.28267],[-0.16206,41.28114],[-0.16129,41.27998],[-0.15965,41.2765],[-0.15571,41.27024],[-0.15496,41.26977],[-0.15298,41.2692],[-0.14724,41.26899],[-0.14491,41.26838],[-0.1437,41.26774],[-0.14255,41.26429],[-0.14212,41.25825],[-0.14181,41.25746],[-0.14078,41.25631],[-0.13943,41.25611],[-0.13642,41.25653],[-0.1342,41.25712],[-0.13107,41.25867],[-0.13036,41.25929],[-0.13025,41.26074],[-0.13047,41.26325],[-0.1311,41.26482],[-0.13507,41.27074],[-0.13743,41.27301],[-0.13978,41.27468],[-0.14068,41.27707],[-0.14024,41.27879],[-0.13946,41.27947],[-0.13735,41.28063],[-0.13795,41.28127],[-0.13711,41.28256],[-0.13861,41.28508],[-0.13819,41.28746],[-0.13672,41.2887],[-0.13543,41.29289],[-0.13699,41.29495],[-0.13684,41.29778],[-0.13601,41.30055],[-0.13648,41.30315],[-0.14042,41.30567],[-0.14174,41.3073],[-0.14324,41.31306],[-0.14277,41.31387],[-0.14366,41.31791],[-0.14269,41.31892],[-0.14467,41.3273],[-0.14649,41.3323],[-0.14647,41.33552],[-0.14438,41.34059],[-0.14215,41.34309],[-0.14268,41.34601],[-0.1407,41.34814],[-0.14256,41.35071],[-0.14192,41.35748],[-0.14441,41.36048],[-0.14524,41.36446],[-0.14645,41.36735],[-0.14766,41.37144],[-0.14821,41.37221],[-0.14917,41.37598],[-0.14924,41.37743],[-0.1453,41.38522],[-0.14367,41.38674],[-0.14315,41.38757],[-0.14263,41.38949],[-0.14232,41.39207],[-0.14116,41.39493],[-0.13983,41.40042],[-0.14007,41.40259],[-0.14096,41.4055],[-0.1424,41.40878],[-0.14483,41.41281],[-0.14758,41.41422],[-0.14906,41.41524],[-0.15342,41.41637],[-0.15932,41.41858],[-0.175,41.42851],[-0.19266,41.44014],[-0.19982,41.44422],[-0.20502,41.44686]]]}},{"type":"Feature","properties":{"COD_POSTAL":"50616"},"geometry":{"type":"Polygon","coordinates":[[[-0.80538,42.0849],[-0.80513,42.08037],[-0.80469,42.07815],[-0.805,42.07656],[-0.80485,42.07388],[-0.80339,42.0718],[-0.80174,42.06878],[-0.80108,42.06584],[-0.79989,42.06265],[-0.79688,42.05785],[-0.79478,42.05512],[-0.79355,42.0544],[-0.78801,42.05226],[-0.7865,42.05246],[-0.77971,42.05472],[-0.7761,42.0563],[-0.77674,42.05822],[-0.77667,42.05881],[-0.77645,42.0595],[-0.77488,42.06125],[-0.77358,42.06206],[-0.76993,42.06229],[-0.76922,42.06258],[-0.76445,42.066],[-0.76314,42.06748],[-0.76282,42.06878],[-0.76401,42.07084],[-0.76583,42.07238],[-0.76611,42.0735],[-0.76503,42.07571],[-0.76448,42.07627],[-0.76092,42.07828],[-0.76078,42.0795],[-0.76231,42.08143],[-0.76339,42.08214],[-0.76671,42.08328],[-0.76865,42.08476],[-0.76971,42.08589],[-0.77021,42.08686],[-0.77016,42.08723],[-0.76989,42.08765],[-0.76764,42.08903],[-0.76715,42.08908],[-0.76307,42.08833],[-0.75986,42.08802],[-0.7575,42.08821],[-0.75574,42.08932],[-0.75492,42.0906],[-0.75518,42.09158],[-0.75579,42.092],[-0.75813,42.09283],[-0.76062,42.09434],[-0.76217,42.09723],[-0.76271,42.10045],[-0.76263,42.10194],[-0.76231,42.10272],[-0.76051,42.10508],[-0.75887,42.10593],[-0.7559,42.10657],[-0.75536,42.10683],[-0.75428,42.10806],[-0.75435,42.10875],[-0.75677,42.11178],[-0.75812,42.11456],[-0.75786,42.11592],[-0.75721,42.11704],[-0.75411,42.12039],[-0.7534,42.12157],[-0.75324,42.12379],[-0.75347,42.12491],[-0.7539,42.12543],[-0.76007,42.12886],[-0.76086,42.12985],[-0.76043,42.13062],[-0.75855,42.13192],[-0.75505,42.13144],[-0.75296,42.13148],[-0.75215,42.13204],[-0.75204,42.13284],[-0.75274,42.13401],[-0.7532,42.13372],[-0.77026,42.13514],[-0.77949,42.13706],[-0.78511,42.1378],[-0.7874,42.13762],[-0.78878,42.13806],[-0.78647,42.14117],[-0.78227,42.14465],[-0.77805,42.147],[-0.78252,42.14923],[-0.78459,42.14957],[-0.78935,42.1498],[-0.79773,42.15181],[-0.80352,42.15423],[-0.81543,42.15366],[-0.81668,42.14962],[-0.81765,42.14745],[-0.81819,42.14275],[-0.81794,42.13787],[-0.8175,42.13486],[-0.81842,42.1264],[-0.81801,42.12201],[-0.81598,42.11596],[-0.81454,42.11417],[-0.80931,42.10957],[-0.80834,42.10719],[-0.80603,42.10366],[-0.80571,42.09927],[-0.80516,42.09815],[-0.80478,42.09644],[-0.80565,42.08885],[-0.80538,42.0849]]]}},{"type":"Feature","properties":{"COD_POSTAL":"50150"},"geometry":{"type":"Polygon","coordinates":[[[-1.12768,41.2271],[-1.12598,41.22632],[-1.12574,41.22508],[-1.1219,41.22084],[-1.12152,41.22015],[-1.12135,41.21899],[-1.12464,41.21505],[-1.12545,41.2137],[-1.12473,41.21202],[-1.12482,41.21169],[-1.12658,41.20954],[-1.12733,41.20904],[-1.12791,41.20761],[-1.12931,41.20627],[-1.12983,41.20534],[-1.13032,41.20504],[-1.13037,41.20424],[-1.13367,41.20136],[-1.13854,41.19966],[-1.12743,41.19],[-1.1199,41.17685],[-1.11907,41.17599],[-1.11777,41.17282],[-1.11602,41.17042],[-1.11221,41.16632],[-1.10863,41.16468],[-1.1065,41.16701],[-1.10568,41.16759],[-1.10472,41.16766],[-1.10153,41.1653],[-1.1005,41.16392],[-1.09642,41.16273],[-1.09327,41.16246],[-1.0891,41.16371],[-1.0862,41.16413],[-1.07871,41.1668],[-1.07602,41.16914],[-1.07329,41.17094],[-1.07254,41.17232],[-1.07118,41.17327],[-1.06973,41.17676],[-1.0692,41.17723],[-1.06592,41.17874],[-1.06375,41.17916],[-1.06106,41.17896],[-1.05877,41.17916],[-1.05342,41.18015],[-1.04395,41.18371],[-1.03684,41.18477],[-1.03233,41.18688],[-1.01934,41.19128],[-1.01151,41.19327],[-1.00575,41.1937],[-1.0001,41.195],[-0.99676,41.19637],[-0.98794,41.19919],[-0.9803,41.20352],[-0.97047,41.20553],[-0.98121,41.22944],[-0.99768,41.26496],[-1.02596,41.25755],[-1.03098,41.25604],[-1.05098,41.25428],[-1.07284,41.26021],[-1.07535,41.26855],[-1.07687,41.26837],[-1.07976,41.26746],[-1.08505,41.26466],[-1.08617,41.26381],[-1.08838,41.26131],[-1.08969,41.25763],[-1.08961,41.25688],[-1.09249,41.25585],[-1.09293,41.255],[-1.0987,41.25522],[-1.10456,41.25492],[-1.10558,41.25617],[-1.1073,41.25621],[-1.10986,41.25707],[-1.1129,41.25627],[-1.1141,41.25512],[-1.11475,41.25504],[-1.11756,41.25598],[-1.12148,41.25679],[-1.12187,41.25259],[-1.12436,41.24796],[-1.12756,41.24279],[-1.12899,41.2416],[-1.12893,41.23943],[-1.12976,41.23937],[-1.12975,41.23874],[-1.1303,41.23835],[-1.1304,41.23784],[-1.13114,41.23773],[-1.13258,41.23666],[-1.13158,41.23562],[-1.12997,41.2355],[-1.1293,41.23466],[-1.12739,41.2334],[-1.12752,41.23177],[-1.12652,41.22998],[-1.12647,41.22933],[-1.12734,41.2275],[-1.12768,41.2271]]]}},{"type":"Feature","properties":{"COD_POSTAL":"50440"},"geometry":{"type":"Polygon","coordinates":[[[-1.03486,41.47187],[-1.03414,41.47339],[-1.03387,41.47562],[-1.03311,41.47615],[-1.03249,41.47706],[-1.03489,41.47742],[-1.03772,41.47936],[-1.03873,41.47981],[-1.04012,41.48212],[-1.0417,41.48387],[-1.04516,41.48667],[-1.04805,41.48944],[-1.04917,41.49104],[-1.05106,41.49298],[-1.05229,41.49515],[-1.05482,41.4961],[-1.05747,41.4975],[-1.05878,41.49782],[-1.06028,41.49909],[-1.06329,41.49623],[-1.07312,41.48957],[-1.07558,41.48607],[-1.07817,41.483],[-1.07817,41.48044],[-1.07749,41.47993],[-1.07653,41.47996],[-1.0741,41.48068],[-1.07382,41.48066],[-1.07303,41.47968],[-1.07187,41.48022],[-1.07093,41.47968],[-1.06945,41.47946],[-1.06819,41.47846],[-1.06663,41.47615],[-1.06479,41.47419],[-1.06291,41.47343],[-1.05678,41.46811],[-1.05228,41.46573],[-1.05061,41.46449],[-1.04943,41.46259],[-1.04969,41.46203],[-1.04917,41.4611],[-1.04925,41.46021],[-1.04767,41.46021],[-1.04621,41.46069],[-1.04456,41.46032],[-1.04374,41.45973],[-1.04339,41.45918],[-1.04307,41.45793],[-1.0397,41.45672],[-1.03958,41.45732],[-1.04019,41.45845],[-1.03959,41.45945],[-1.03942,41.45951],[-1.03825,41.45836],[-1.03726,41.45987],[-1.03668,41.46251],[-1.03515,41.46292],[-1.03378,41.46395],[-1.03297,41.46499],[-1.03435,41.46702],[-1.03416,41.47027],[-1.0336,41.47118],[-1.03486,41.47187]]]}},{"type":"Feature","properties":{"COD_POSTAL":"50346"},"geometry":{"type":"Polygon","coordinates":[[[-1.61501,41.18563],[-1.61748,41.18578],[-1.62008,41.18756],[-1.62293,41.18887],[-1.6265,41.19023],[-1.62833,41.1903],[-1.63021,41.19142],[-1.63179,41.19272],[-1.63194,41.19336],[-1.63441,41.19466],[-1.63496,41.19522],[-1.63574,41.19547],[-1.63926,41.19577],[-1.64029,41.19699],[-1.64365,41.19945],[-1.64448,41.1999],[-1.6459,41.20012],[-1.64864,41.20132],[-1.65078,41.20541],[-1.65349,41.20674],[-1.65506,41.20694],[-1.65591,41.2076],[-1.65929,41.20786],[-1.66262,41.20659],[-1.66899,41.20154],[-1.67326,41.19952],[-1.6749,41.19907],[-1.67818,41.19873],[-1.68325,41.19539],[-1.68164,41.19331],[-1.68127,41.18962],[-1.68174,41.18626],[-1.6817,41.18285],[-1.6837,41.17997],[-1.68144,41.17828],[-1.67868,41.17729],[-1.67376,41.17054],[-1.66656,41.1697],[-1.6621,41.17047],[-1.66042,41.16992],[-1.65703,41.16748],[-1.65678,41.16686],[-1.65574,41.16625],[-1.65258,41.1651],[-1.64882,41.16417],[-1.64539,41.16253],[-1.64329,41.16225],[-1.64059,41.16122],[-1.63939,41.16036],[-1.63842,41.16043],[-1.6372,41.1613],[-1.63508,41.16196],[-1.63464,41.16292],[-1.63239,41.16274],[-1.63212,41.16294],[-1.63194,41.16421],[-1.6324,41.16685],[-1.63214,41.16946],[-1.63175,41.17058],[-1.63242,41.17241],[-1.63026,41.1745],[-1.62805,41.17465],[-1.62727,41.17429],[-1.62624,41.17418],[-1.62481,41.1745],[-1.62379,41.1766],[-1.61982,41.17794],[-1.61962,41.17879],[-1.61781,41.18084],[-1.61738,41.18285],[-1.61703,41.18326],[-1.61461,41.1842],[-1.61501,41.18563]]]}},{"type":"Feature","properties":{"COD_POSTAL":"50198"},"geometry":{"type":"Polygon","coordinates":[[[-1.06029,41.61542],[-1.06216,41.61601],[-1.06467,41.61721],[-1.06801,41.61783],[-1.0726,41.61976],[-1.07911,41.61499],[-1.09451,41.6024],[-1.09598,41.60033],[-1.08561,41.5943],[-1.08407,41.59263],[-1.08353,41.59598],[-1.08172,41.59919],[-1.07537,41.60548],[-1.07242,41.60903],[-1.07055,41.61064],[-1.06091,41.61499],[-1.05984,41.61525],[-1.06029,41.61542]]]}},{"type":"Feature","properties":{"COD_POSTAL":"50131"},"geometry":{"type":"Polygon","coordinates":[[[-0.7174,41.2383],[-0.71745,41.23774],[-0.71807,41.23659],[-0.71922,41.23536],[-0.72092,41.23467],[-0.72362,41.23397],[-0.72573,41.23258],[-0.73015,41.23072],[-0.73456,41.22829],[-0.73996,41.22573],[-0.74391,41.22461],[-0.748,41.21567],[-0.74832,41.21408],[-0.7482,41.21149],[-0.75029,41.20867],[-0.7523,41.20237],[-0.75416,41.20059],[-0.7554,41.1988],[-0.75815,41.1917],[-0.76048,41.18724],[-0.76102,41.18476],[-0.75983,41.1836],[-0.75943,41.18099],[-0.75994,41.17645],[-0.76073,41.17435],[-0.76075,41.17199],[-0.76141,41.16966],[-0.75901,41.16918],[-0.75674,41.16793],[-0.75301,41.16684],[-0.75071,41.16543],[-0.74909,41.16298],[-0.7465,41.16182],[-0.74568,41.16015],[-0.74629,41.1591],[-0.74538,41.15724],[-0.73812,41.15102],[-0.736,41.15073],[-0.73476,41.14849],[-0.73464,41.14664],[-0.73321,41.14521],[-0.73137,41.14494],[-0.73019,41.1439],[-0.72775,41.14391],[-0.72626,41.14157],[-0.72713,41.13997],[-0.72582,41.138],[-0.7223,41.13772],[-0.72193,41.13687],[-0.72239,41.1335],[-0.71887,41.13159],[-0.71563,41.12689],[-0.7138,41.12632],[-0.71554,41.12467],[-0.71453,41.12406],[-0.71218,41.12175],[-0.71112,41.12162],[-0.70817,41.11965],[-0.70665,41.11923],[-0.70492,41.11956],[-0.70353,41.11824],[-0.69868,41.11606],[-0.6966,41.11544],[-0.69476,41.11407],[-0.69429,41.11345],[-0.69397,41.11229],[-0.68999,41.11407],[-0.68336,41.11922],[-0.68229,41.12038],[-0.68037,41.1208],[-0.67588,41.12538],[-0.67193,41.13002],[-0.67137,41.13102],[-0.67124,41.132],[-0.67209,41.13418],[-0.67081,41.1368],[-0.66846,41.13814],[-0.66735,41.14264],[-0.665,41.14596],[-0.66,41.15087],[-0.65729,41.15339],[-0.65525,41.15484],[-0.65262,41.15766],[-0.64651,41.1632],[-0.6445,41.1654],[-0.64398,41.16748],[-0.64082,41.17097],[-0.63754,41.17347],[-0.63328,41.17557],[-0.63034,41.17764],[-0.62411,41.17986],[-0.62188,41.18429],[-0.61691,41.18663],[-0.61278,41.18916],[-0.61229,41.19031],[-0.6099,41.19168],[-0.61136,41.19482],[-0.61212,41.19428],[-0.61867,41.19771],[-0.62189,41.19881],[-0.62578,41.20227],[-0.62876,41.20443],[-0.63012,41.20606],[-0.63064,41.20703],[-0.6308,41.20807],[-0.63321,41.20952],[-0.63467,41.21085],[-0.6371,41.21496],[-0.63946,41.21763],[-0.64082,41.21853],[-0.64431,41.2202],[-0.64722,41.22221],[-0.64978,41.22324],[-0.65661,41.22768],[-0.65816,41.22823],[-0.66056,41.22968],[-0.66327,41.23229],[-0.66887,41.23626],[-0.66921,41.23685],[-0.66829,41.23741],[-0.66922,41.23685],[-0.6793,41.24159],[-0.68167,41.24322],[-0.68612,41.24355],[-0.69385,41.24542],[-0.69477,41.24484],[-0.69629,41.24454],[-0.70139,41.24504],[-0.70531,41.24491],[-0.70841,41.24534],[-0.71369,41.2452],[-0.71601,41.24578],[-0.71824,41.24659],[-0.72002,41.24752],[-0.72292,41.24843],[-0.72625,41.24873],[-0.72942,41.25013],[-0.7311,41.25024],[-0.73255,41.25106],[-0.73518,41.25159],[-0.7362,41.25112],[-0.73741,41.25131],[-0.7393,41.25078],[-0.74031,41.24953],[-0.74116,41.24941],[-0.74209,41.24803],[-0.74336,41.24413],[-0.74275,41.2387],[-0.74223,41.23667],[-0.74056,41.23719],[-0.74153,41.24117],[-0.74179,41.24293],[-0.74154,41.24312],[-0.73841,41.24399],[-0.73668,41.24401],[-0.72962,41.24573],[-0.72284,41.24644],[-0.71943,41.24604],[-0.71885,41.24574],[-0.71751,41.24454],[-0.71722,41.24385],[-0.71701,41.24237],[-0.71775,41.24093],[-0.71744,41.23992],[-0.71759,41.23937],[-0.7174,41.2383]]]}},{"type":"Feature","properties":{"COD_POSTAL":"50290"},"geometry":{"type":"Polygon","coordinates":[[[-1.26087,41.6183],[-1.26559,41.6194],[-1.26975,41.61899],[-1.27432,41.61928],[-1.28309,41.61891],[-1.28429,41.61965],[-1.28488,41.62056],[-1.28626,41.62142],[-1.28677,41.62196],[-1.28697,41.62274],[-1.28774,41.62161],[-1.28843,41.6213],[-1.28909,41.62135],[-1.28969,41.62214],[-1.29154,41.62327],[-1.29569,41.62451],[-1.29829,41.62577],[-1.30096,41.62645],[-1.30183,41.6264],[-1.30279,41.62531],[-1.30304,41.6246],[-1.30672,41.62383],[-1.30929,41.62358],[-1.31026,41.62372],[-1.31209,41.62457],[-1.31976,41.62654],[-1.32727,41.62569],[-1.33059,41.6256],[-1.33705,41.62674],[-1.33967,41.62766],[-1.34309,41.62799],[-1.34713,41.62877],[-1.35534,41.62721],[-1.365,41.62807],[-1.37011,41.62901],[-1.37617,41.63158],[-1.38523,41.63272],[-1.39423,41.63424],[-1.40531,41.63736],[-1.41244,41.64082],[-1.41656,41.64434],[-1.41838,41.64569],[-1.41924,41.64601],[-1.42375,41.64584],[-1.42645,41.6469],[-1.42972,41.64606],[-1.43309,41.6465],[-1.43685,41.64563],[-1.44098,41.64542],[-1.44303,41.64459],[-1.44852,41.64565],[-1.45164,41.64461],[-1.45234,41.6451],[-1.45388,41.64462],[-1.45488,41.64484],[-1.45625,41.64662],[-1.4577,41.64749],[-1.45882,41.64784],[-1.45964,41.64631],[-1.46207,41.6434],[-1.48107,41.63414],[-1.48262,41.63106],[-1.48353,41.62982],[-1.48743,41.62831],[-1.48998,41.62677],[-1.49083,41.62725],[-1.49771,41.62904],[-1.49885,41.62956],[-1.50174,41.62853],[-1.50205,41.62772],[-1.502,41.62623],[-1.50276,41.62479],[-1.50252,41.62365],[-1.50297,41.62231],[-1.50324,41.62181],[-1.50433,41.62093],[-1.50134,41.61647],[-1.4973,41.61409],[-1.49418,41.61141],[-1.48356,41.60649],[-1.47969,41.60497],[-1.47864,41.60431],[-1.47575,41.60119],[-1.4747,41.59858],[-1.47372,41.59833],[-1.47111,41.5945],[-1.46438,41.59081],[-1.462,41.58894],[-1.45659,41.58989],[-1.45577,41.58962],[-1.45535,41.5888],[-1.45467,41.58829],[-1.45091,41.58613],[-1.4499,41.58615],[-1.44925,41.58675],[-1.44895,41.59109],[-1.44793,41.59225],[-1.44277,41.594],[-1.44186,41.59574],[-1.439,41.59483],[-1.43199,41.59545],[-1.43045,41.59701],[-1.42762,41.59687],[-1.42105,41.5955],[-1.41932,41.59253],[-1.42036,41.59068],[-1.41933,41.58553],[-1.41734,41.58537],[-1.41576,41.58426],[-1.41139,41.58486],[-1.40935,41.58246],[-1.40712,41.58218],[-1.40452,41.58277],[-1.39899,41.58137],[-1.39699,41.58169],[-1.39475,41.58006],[-1.38023,41.56765],[-1.37888,41.56802],[-1.37117,41.56625],[-1.37018,41.5647],[-1.36835,41.56517],[-1.33933,41.55013],[-1.33885,41.55003],[-1.32923,41.56357],[-1.32592,41.56762],[-1.32633,41.5679],[-1.3246,41.57015],[-1.32179,41.57161],[-1.32013,41.57165],[-1.31845,41.5731],[-1.31497,41.57143],[-1.31445,41.57182],[-1.31181,41.57163],[-1.31197,41.57129],[-1.31011,41.57046],[-1.31047,41.57025],[-1.31007,41.56989],[-1.3059,41.57077],[-1.30605,41.57265],[-1.30519,41.57317],[-1.30444,41.57329],[-1.30458,41.57392],[-1.30278,41.57553],[-1.3039,41.5767],[-1.30378,41.57708],[-1.30286,41.57739],[-1.30095,41.57746],[-1.29893,41.57829],[-1.29826,41.57808],[-1.29735,41.57746],[-1.29761,41.57686],[-1.30088,41.57302],[-1.30028,41.57239],[-1.30175,41.57045],[-1.29988,41.56937],[-1.29874,41.56982],[-1.2979,41.56896],[-1.29125,41.56461],[-1.28468,41.5578],[-1.2749,41.55131],[-1.27334,41.5499],[-1.27008,41.54616],[-1.26895,41.54361],[-1.26677,41.54377],[-1.25759,41.5431],[-1.24322,41.53859],[-1.23275,41.53434],[-1.22984,41.53182],[-1.22499,41.52857],[-1.22209,41.5238],[-1.2185,41.52052],[-1.21706,41.51685],[-1.21123,41.51406],[-1.20946,41.51194],[-1.20674,41.50979],[-1.20364,41.50764],[-1.19975,41.50557],[-1.19795,41.50396],[-1.19659,41.50223],[-1.1929,41.4997],[-1.19269,41.50162],[-1.19094,41.50314],[-1.19131,41.50542],[-1.19205,41.50659],[-1.19192,41.50847],[-1.19132,41.5098],[-1.18915,41.51299],[-1.18573,41.51597],[-1.16866,41.52464],[-1.16484,41.52504],[-1.16224,41.53349],[-1.1639,41.5487],[-1.16661,41.55428],[-1.1694,41.5569],[-1.17429,41.56531],[-1.17472,41.5665],[-1.17465,41.57413],[-1.17499,41.57777],[-1.18591,41.59152],[-1.19723,41.60042],[-1.19994,41.60421],[-1.20451,41.61154],[-1.20946,41.62127],[-1.21115,41.62039],[-1.21451,41.61756],[-1.21754,41.61543],[-1.22468,41.61325],[-1.22722,41.61273],[-1.23138,41.6126],[-1.23695,41.61436],[-1.25266,41.61662],[-1.26087,41.6183]]]}},{"type":"Feature","properties":{"COD_POSTAL":"50212"},"geometry":{"type":"Polygon","coordinates":[[[-1.8367,41.25881],[-1.8329,41.25578],[-1.8312,41.25493],[-1.82893,41.25295],[-1.82782,41.25043],[-1.8275,41.24881],[-1.82662,41.24663],[-1.82311,41.24332],[-1.82167,41.24258],[-1.81827,41.23836],[-1.81285,41.23724],[-1.81113,41.23661],[-1.80677,41.23694],[-1.80424,41.23638],[-1.80364,41.2371],[-1.80294,41.23728],[-1.7949,41.23616],[-1.79292,41.23616],[-1.78873,41.23505],[-1.78201,41.2341],[-1.78051,41.23418],[-1.77945,41.23456],[-1.77777,41.23573],[-1.77678,41.23591],[-1.77197,41.23447],[-1.77132,41.23395],[-1.76967,41.23422],[-1.76863,41.2338],[-1.76543,41.23464],[-1.76397,41.23659],[-1.76037,41.23728],[-1.76141,41.2394],[-1.76447,41.24738],[-1.76458,41.24796],[-1.76416,41.24872],[-1.76523,41.24917],[-1.76442,41.25094],[-1.76385,41.2515],[-1.76423,41.25523],[-1.7638,41.25771],[-1.75837,41.27025],[-1.76483,41.27156],[-1.7634,41.27411],[-1.76184,41.27441],[-1.76386,41.27649],[-1.76287,41.27861],[-1.76372,41.28094],[-1.76377,41.2819],[-1.76746,41.28711],[-1.7686,41.28823],[-1.77174,41.29054],[-1.77666,41.29177],[-1.77972,41.29083],[-1.78349,41.29092],[-1.78642,41.29012],[-1.79331,41.28764],[-1.79673,41.28752],[-1.79756,41.28833],[-1.80073,41.28827],[-1.8026,41.2876],[-1.80408,41.28796],[-1.81074,41.28618],[-1.81169,41.28617],[-1.81229,41.28661],[-1.81329,41.28673],[-1.81437,41.28649],[-1.81471,41.28622],[-1.81515,41.28495],[-1.81401,41.28366],[-1.81396,41.28319],[-1.81516,41.28191],[-1.81565,41.28082],[-1.81905,41.27916],[-1.8199,41.27777],[-1.82137,41.27852],[-1.82166,41.27726],[-1.82199,41.277],[-1.82387,41.27808],[-1.8266,41.2762],[-1.82821,41.27586],[-1.8288,41.27497],[-1.82986,41.2742],[-1.83236,41.27295],[-1.83432,41.27266],[-1.83734,41.27285],[-1.83789,41.2724],[-1.83964,41.2719],[-1.83027,41.26626],[-1.83174,41.26474],[-1.83644,41.26125],[-1.8368,41.26062],[-1.83703,41.25937],[-1.8367,41.25881]]]}},{"type":"Feature","properties":{"COD_POSTAL":"50820"},"geometry":{"type":"Polygon","coordinates":[[[-0.8275,41.72706],[-0.84615,41.7329],[-0.8483,41.73394],[-0.8578,41.71631],[-0.84947,41.71383],[-0.84913,41.71263],[-0.84805,41.71368],[-0.84547,41.71528],[-0.84428,41.71565],[-0.84347,41.71547],[-0.84349,41.71478],[-0.84552,41.71109],[-0.84695,41.70982],[-0.84097,41.70547],[-0.83912,41.70225],[-0.83846,41.69922],[-0.83751,41.69648],[-0.83614,41.69458],[-0.83442,41.69636],[-0.83222,41.69642],[-0.83156,41.69726],[-0.83097,41.69934],[-0.82811,41.70148],[-0.8277,41.70332],[-0.82799,41.70433],[-0.82983,41.70808],[-0.8309,41.70933],[-0.8309,41.71082],[-0.82995,41.71189],[-0.82965,41.71724],[-0.83048,41.71849],[-0.8306,41.72063],[-0.8303,41.72123],[-0.82656,41.72307],[-0.82519,41.72462],[-0.82495,41.72551],[-0.82287,41.7267],[-0.82183,41.72938],[-0.82542,41.72898],[-0.82676,41.727],[-0.82736,41.72703],[-0.8275,41.72706]]]}},{"type":"Feature","properties":{"COD_POSTAL":"50678"},"geometry":{"type":"Polygon","coordinates":[[[-1.07475,42.32416],[-1.07278,42.3335],[-1.07323,42.33449],[-1.07346,42.33608],[-1.07163,42.34047],[-1.07162,42.34198],[-1.07222,42.34513],[-1.07218,42.34748],[-1.07079,42.35787],[-1.06873,42.37658],[-1.06257,42.38234],[-1.06291,42.38394],[-1.0628,42.38529],[-1.06189,42.38916],[-1.06199,42.39062],[-1.0624,42.39196],[-1.06228,42.39236],[-1.0597,42.39355],[-1.05536,42.39835],[-1.05282,42.40225],[-1.05112,42.40359],[-1.04952,42.40404],[-1.04862,42.40495],[-1.04729,42.4078],[-1.04579,42.41204],[-1.04561,42.41353],[-1.04502,42.41485],[-1.04098,42.42042],[-1.03834,42.41934],[-1.03326,42.4203],[-1.02963,42.42028],[-1.02414,42.42123],[-1.01688,42.42005],[-1.01576,42.42186],[-1.01336,42.42177],[-1.01061,42.4234],[-1.00742,42.4237],[-1.0061,42.42408],[-1.00447,42.42704],[-1.00405,42.42898],[-1.00539,42.43198],[-1.00874,42.43322],[-1.00894,42.43579],[-1.01223,42.43805],[-1.01345,42.43929],[-1.01316,42.44214],[-1.01372,42.44345],[-1.01543,42.44489],[-1.01515,42.44573],[-1.01594,42.44647],[-1.01993,42.44864],[-1.02404,42.44759],[-1.02492,42.44757],[-1.02513,42.44631],[-1.02571,42.44617],[-1.02869,42.44692],[-1.03257,42.44737],[-1.03536,42.4462],[-1.03837,42.44654],[-1.04395,42.45043],[-1.04484,42.45061],[-1.04502,42.45094],[-1.0501,42.44962],[-1.0512,42.44985],[-1.05436,42.4488],[-1.05268,42.44524],[-1.05279,42.44409],[-1.05261,42.44364],[-1.05195,42.4427],[-1.05096,42.44192],[-1.05101,42.44146],[-1.05286,42.43792],[-1.05645,42.43432],[-1.05767,42.43394],[-1.06164,42.4344],[-1.06453,42.43603],[-1.0661,42.4348],[-1.06669,42.43458],[-1.06781,42.4346],[-1.07041,42.43544],[-1.07394,42.43724],[-1.07778,42.43774],[-1.08053,42.43841],[-1.08164,42.43823],[-1.08341,42.43713],[-1.08444,42.43728],[-1.09121,42.43967],[-1.09338,42.44018],[-1.10802,42.44132],[-1.11261,42.44291],[-1.11629,42.44508],[-1.1204,42.44542],[-1.12511,42.44518],[-1.12936,42.44672],[-1.13204,42.44697],[-1.13691,42.44431],[-1.13882,42.44435],[-1.14157,42.44297],[-1.14298,42.44195],[-1.14497,42.44187],[-1.14484,42.43692],[-1.14898,42.43285],[-1.15117,42.43168],[-1.15168,42.42848],[-1.15296,42.42816],[-1.15323,42.42563],[-1.15243,42.42329],[-1.15374,42.4202],[-1.15417,42.41859],[-1.15434,42.41446],[-1.15836,42.41002],[-1.15877,42.40966],[-1.16196,42.40918],[-1.16592,42.40766],[-1.17158,42.40665],[-1.17439,42.4038],[-1.18393,42.40101],[-1.18484,42.40121],[-1.1878,42.40303],[-1.18797,42.40458],[-1.18751,42.40576],[-1.18505,42.40822],[-1.18326,42.41237],[-1.18043,42.41752],[-1.1816,42.41895],[-1.18274,42.42117],[-1.18282,42.4239],[-1.18427,42.42412],[-1.18751,42.42613],[-1.18823,42.42635],[-1.19256,42.4262],[-1.19501,42.42595],[-1.19587,42.42564],[-1.19842,42.42265],[-1.20338,42.42132],[-1.21179,42.41712],[-1.21615,42.4103],[-1.21942,42.4082],[-1.22165,42.40596],[-1.2229,42.40534],[-1.22294,42.40417],[-1.22317,42.40389],[-1.22515,42.40336],[-1.22612,42.40244],[-1.2271,42.4011],[-1.22828,42.39804],[-1.22814,42.39651],[-1.23191,42.39246],[-1.23612,42.38977],[-1.24029,42.37875],[-1.24285,42.37492],[-1.24328,42.37382],[-1.2442,42.36961],[-1.24423,42.36591],[-1.24712,42.36057],[-1.24749,42.36014],[-1.24943,42.35935],[-1.25331,42.34989],[-1.26,42.34378],[-1.2624,42.34042],[-1.26343,42.33946],[-1.28213,42.33349],[-1.28515,42.33169],[-1.28616,42.33095],[-1.28844,42.32814],[-1.28881,42.32713],[-1.28918,42.3246],[-1.28674,42.32165],[-1.28538,42.31964],[-1.28309,42.31239],[-1.27832,42.30786],[-1.27359,42.30522],[-1.27171,42.30388],[-1.26995,42.30221],[-1.26896,42.30174],[-1.26642,42.30139],[-1.26187,42.30231],[-1.25936,42.30549],[-1.25843,42.30605],[-1.25752,42.30637],[-1.25619,42.3064],[-1.254,42.30564],[-1.24931,42.30971],[-1.24577,42.30942],[-1.2447,42.30901],[-1.24315,42.30795],[-1.24273,42.30791],[-1.2409,42.3089],[-1.23894,42.30897],[-1.23813,42.30879],[-1.23761,42.30746],[-1.23612,42.30565],[-1.23502,42.30528],[-1.23434,42.30452],[-1.23234,42.30333],[-1.23171,42.30267],[-1.2314,42.30215],[-1.23139,42.30045],[-1.23041,42.29923],[-1.2305,42.29843],[-1.23102,42.29786],[-1.23149,42.29751],[-1.23215,42.29753],[-1.23491,42.29602],[-1.23597,42.29518],[-1.2408,42.29483],[-1.24145,42.29457],[-1.24593,42.29051],[-1.25023,42.28968],[-1.25727,42.29104],[-1.24226,42.28041],[-1.2381,42.27694],[-1.22981,42.27108],[-1.22941,42.27221],[-1.22712,42.27311],[-1.22586,42.27289],[-1.2254,42.27302],[-1.22089,42.27538],[-1.22001,42.27628],[-1.2177,42.28072],[-1.21592,42.28207],[-1.21499,42.28364],[-1.21415,42.28456],[-1.21275,42.28556],[-1.21172,42.28591],[-1.21121,42.28693],[-1.21045,42.28737],[-1.20529,42.29014],[-1.20328,42.29087],[-1.19824,42.29158],[-1.19673,42.29108],[-1.19578,42.29212],[-1.19497,42.29195],[-1.19347,42.2925],[-1.19017,42.29294],[-1.18945,42.29248],[-1.18752,42.29247],[-1.18671,42.29284],[-1.18527,42.29416],[-1.1841,42.29452],[-1.1803,42.2944],[-1.17597,42.2953],[-1.17459,42.29533],[-1.17074,42.29278],[-1.16747,42.28808],[-1.16533,42.29164],[-1.16316,42.29336],[-1.16224,42.29379],[-1.15938,42.29427],[-1.15744,42.29546],[-1.15514,42.29512],[-1.14954,42.2957],[-1.14957,42.29635],[-1.14825,42.29809],[-1.14402,42.3002],[-1.14233,42.30208],[-1.14083,42.30264],[-1.14036,42.30311],[-1.13912,42.30338],[-1.13904,42.3042],[-1.13844,42.30387],[-1.13749,42.30382],[-1.1324,42.30485],[-1.12676,42.30544],[-1.12516,42.30591],[-1.12322,42.30585],[-1.11563,42.30813],[-1.11305,42.30985],[-1.11047,42.31227],[-1.10807,42.31377],[-1.10271,42.31568],[-1.10101,42.31668],[-1.10036,42.31757],[-1.10009,42.31904],[-1.09892,42.32244],[-1.09809,42.32325],[-1.09595,42.32444],[-1.09438,42.32346],[-1.08888,42.32229],[-1.08453,42.32051],[-1.08109,42.32003],[-1.07827,42.31908],[-1.07546,42.31908],[-1.07497,42.32168],[-1.07497,42.32294],[-1.07475,42.32416]]]}},{"type":"Feature","properties":{"COD_POSTAL":"50332"},"geometry":{"type":"Polygon","coordinates":[[[-1.46441,41.36438],[-1.46585,41.36512],[-1.47299,41.36681],[-1.48085,41.36154],[-1.48043,41.35989],[-1.47932,41.35824],[-1.47917,41.35556],[-1.48091,41.35452],[-1.48502,41.35374],[-1.48868,41.35179],[-1.48966,41.35151],[-1.49191,41.35164],[-1.49301,41.35138],[-1.50559,41.35183],[-1.50766,41.3507],[-1.51142,41.34964],[-1.51201,41.34893],[-1.51198,41.34762],[-1.51231,41.34693],[-1.51364,41.34615],[-1.51369,41.34585],[-1.52218,41.33794],[-1.52347,41.33703],[-1.52684,41.33534],[-1.52716,41.33403],[-1.52916,41.33025],[-1.53397,41.32633],[-1.53667,41.32339],[-1.54376,41.32169],[-1.55831,41.31766],[-1.56305,41.31906],[-1.56523,41.32068],[-1.56698,41.31786],[-1.56951,41.31732],[-1.56832,41.31685],[-1.5681,41.31607],[-1.57107,41.314],[-1.57119,41.31142],[-1.57514,41.31086],[-1.57706,41.31157],[-1.57874,41.31087],[-1.57034,41.29915],[-1.56785,41.29108],[-1.56082,41.29172],[-1.55641,41.29276],[-1.55538,41.29266],[-1.54345,41.29461],[-1.5394,41.29649],[-1.53709,41.29689],[-1.53417,41.29809],[-1.52874,41.30171],[-1.52284,41.30435],[-1.52084,41.30478],[-1.52024,41.30512],[-1.51968,41.30595],[-1.51762,41.30622],[-1.51443,41.30621],[-1.50961,41.30796],[-1.5036,41.30673],[-1.49514,41.31081],[-1.47788,41.32111],[-1.4764,41.32269],[-1.47491,41.32361],[-1.46798,41.32747],[-1.46456,41.3275],[-1.46031,41.32707],[-1.44934,41.3236],[-1.44714,41.32391],[-1.44654,41.32354],[-1.43906,41.32365],[-1.43748,41.32287],[-1.4364,41.32276],[-1.43306,41.32306],[-1.42772,41.3248],[-1.42564,41.32607],[-1.42675,41.32834],[-1.42628,41.32885],[-1.42605,41.32977],[-1.42626,41.33033],[-1.42772,41.33208],[-1.43027,41.33351],[-1.43025,41.33423],[-1.43117,41.33437],[-1.43389,41.33559],[-1.43469,41.33685],[-1.43694,41.33938],[-1.43504,41.34121],[-1.4374,41.3425],[-1.44187,41.3497],[-1.4432,41.35274],[-1.44302,41.35556],[-1.44358,41.35649],[-1.44508,41.35792],[-1.44768,41.35976],[-1.45599,41.36307],[-1.45844,41.36294],[-1.46176,41.36194],[-1.4635,41.36366],[-1.46441,41.36438]]]}},{"type":"Feature","properties":{"COD_POSTAL":"50324"},"geometry":{"type":"Polygon","coordinates":[[[-1.41284,41.39916],[-1.41727,41.3985],[-1.41913,41.39947],[-1.42146,41.39978],[-1.43078,41.40184],[-1.43552,41.40383],[-1.43815,41.40408],[-1.4415,41.40495],[-1.44303,41.403],[-1.44361,41.39975],[-1.44419,41.39848],[-1.43969,41.39609],[-1.43721,41.39098],[-1.43569,41.38857],[-1.4539,41.36608],[-1.45603,41.36308],[-1.44768,41.35976],[-1.44508,41.35792],[-1.44358,41.35649],[-1.44302,41.35556],[-1.4432,41.35274],[-1.44187,41.3497],[-1.4374,41.3425],[-1.43504,41.34121],[-1.43694,41.33938],[-1.43239,41.34177],[-1.43206,41.34263],[-1.42991,41.34454],[-1.42551,41.34946],[-1.41911,41.35278],[-1.41805,41.35377],[-1.41993,41.36381],[-1.41828,41.36399],[-1.41712,41.36385],[-1.41568,41.36356],[-1.41458,41.36302],[-1.41271,41.36272],[-1.41111,41.36336],[-1.40907,41.3629],[-1.40503,41.36329],[-1.40465,41.36346],[-1.40432,41.36441],[-1.40515,41.36615],[-1.4037,41.36762],[-1.40163,41.36792],[-1.39703,41.3681],[-1.39358,41.36742],[-1.39111,41.36879],[-1.38985,41.37099],[-1.38993,41.37254],[-1.39056,41.37322],[-1.39145,41.3733],[-1.3949,41.37447],[-1.39782,41.37683],[-1.39907,41.37972],[-1.39794,41.38179],[-1.40123,41.3861],[-1.39854,41.38922],[-1.40004,41.39209],[-1.40588,41.39413],[-1.40668,41.39503],[-1.40801,41.39788],[-1.41007,41.39833],[-1.41141,41.39891],[-1.41284,41.39916]]]}},{"type":"Feature","properties":{"COD_POSTAL":"50295"},"geometry":{"type":"Polygon","coordinates":[[[-1.28697,41.62274],[-1.28677,41.62196],[-1.28626,41.62142],[-1.28488,41.62056],[-1.28429,41.61965],[-1.28309,41.61891],[-1.27432,41.61928],[-1.26975,41.61899],[-1.26559,41.6194],[-1.25254,41.61659],[-1.23695,41.61436],[-1.23138,41.6126],[-1.2305,41.61253],[-1.22626,41.61286],[-1.21812,41.61515],[-1.21611,41.61634],[-1.21115,41.62039],[-1.20946,41.62127],[-1.20992,41.62118],[-1.21465,41.62213],[-1.2195,41.62334],[-1.22856,41.62616],[-1.24383,41.63257],[-1.24711,41.63432],[-1.25156,41.64092],[-1.25675,41.64784],[-1.26065,41.65118],[-1.26438,41.65109],[-1.27119,41.64889],[-1.27288,41.64917],[-1.27957,41.64815],[-1.28045,41.6485],[-1.27861,41.6508],[-1.27811,41.65179],[-1.27799,41.65244],[-1.27936,41.65319],[-1.27909,41.6539],[-1.276,41.65822],[-1.2735,41.66119],[-1.28029,41.66685],[-1.29306,41.67429],[-1.30177,41.68348],[-1.3048,41.6888],[-1.30777,41.69141],[-1.30929,41.69355],[-1.30784,41.70486],[-1.30713,41.70837],[-1.30994,41.71446],[-1.31121,41.72106],[-1.31288,41.72112],[-1.31997,41.72494],[-1.32216,41.72661],[-1.32378,41.72837],[-1.32864,41.73701],[-1.33046,41.73687],[-1.33231,41.73588],[-1.33434,41.73552],[-1.34404,41.73489],[-1.34513,41.73436],[-1.34622,41.73418],[-1.34947,41.73411],[-1.36225,41.73232],[-1.36743,41.73101],[-1.3763,41.73041],[-1.37997,41.72917],[-1.38326,41.72637],[-1.38558,41.7228],[-1.38726,41.71923],[-1.3884,41.71787],[-1.39496,41.71264],[-1.39707,41.71135],[-1.39971,41.7106],[-1.40406,41.71028],[-1.40518,41.70924],[-1.40656,41.70882],[-1.40755,41.70745],[-1.41057,41.70617],[-1.41264,41.7063],[-1.41707,41.70487],[-1.42075,41.70418],[-1.42516,41.69768],[-1.42558,41.69741],[-1.43067,41.69588],[-1.43291,41.69588],[-1.43676,41.69316],[-1.43839,41.69239],[-1.43996,41.69201],[-1.44028,41.69123],[-1.43982,41.69004],[-1.44074,41.68815],[-1.44056,41.68502],[-1.44102,41.68397],[-1.44132,41.67978],[-1.44193,41.67799],[-1.44232,41.67777],[-1.44303,41.67441],[-1.44521,41.67145],[-1.44478,41.67064],[-1.44581,41.6692],[-1.44613,41.66813],[-1.44961,41.66502],[-1.45233,41.6613],[-1.4531,41.65975],[-1.45396,41.65626],[-1.45707,41.65129],[-1.45803,41.64907],[-1.45882,41.64784],[-1.4577,41.64749],[-1.45625,41.64662],[-1.45488,41.64484],[-1.45388,41.64462],[-1.45234,41.6451],[-1.45164,41.64461],[-1.44852,41.64565],[-1.44303,41.64459],[-1.44098,41.64542],[-1.43685,41.64563],[-1.43309,41.6465],[-1.42972,41.64606],[-1.42645,41.6469],[-1.42375,41.64584],[-1.41924,41.64601],[-1.41838,41.64569],[-1.41656,41.64434],[-1.41244,41.64082],[-1.40531,41.63736],[-1.39423,41.63424],[-1.38523,41.63272],[-1.37617,41.63158],[-1.37011,41.62901],[-1.365,41.62807],[-1.35534,41.62721],[-1.34713,41.62877],[-1.34309,41.62799],[-1.33967,41.62766],[-1.33705,41.62674],[-1.33059,41.6256],[-1.32727,41.62569],[-1.31976,41.62654],[-1.31209,41.62457],[-1.31026,41.62372],[-1.30929,41.62358],[-1.30672,41.62383],[-1.30304,41.6246],[-1.30279,41.62531],[-1.30183,41.6264],[-1.30096,41.62645],[-1.29829,41.62577],[-1.29569,41.62451],[-1.29154,41.62327],[-1.28969,41.62214],[-1.28909,41.62135],[-1.28843,41.6213],[-1.28774,41.62161],[-1.287,41.62266],[-1.28697,41.62274]]]}},{"type":"Feature","properties":{"COD_POSTAL":"50583"},"geometry":{"type":"MultiPolygon","coordinates":[[[[-1.79714,41.7806],[-1.79572,41.78166],[-1.79443,41.7831],[-1.79125,41.78418],[-1.77831,41.78501],[-1.77567,41.786],[-1.77394,41.78592],[-1.77142,41.78743],[-1.77112,41.78813],[-1.77029,41.79396],[-1.77418,41.7965],[-1.77888,41.79644],[-1.78009,41.79695],[-1.78226,41.79947],[-1.78823,41.79929],[-1.79253,41.79828],[-1.79496,41.79588],[-1.79585,41.79354],[-1.79584,41.79219],[-1.79645,41.79044],[-1.79763,41.78871],[-1.79938,41.78704],[-1.7965,41.78636],[-1.79623,41.78585],[-1.79893,41.7811],[-1.79714,41.7806]]],[[[-1.70025,41.84768],[-1.69978,41.85],[-1.7052,41.85218],[-1.70788,41.85256],[-1.70982,41.85322],[-1.71405,41.8532],[-1.72008,41.84679],[-1.726,41.84711],[-1.7271,41.84649],[-1.72886,41.84743],[-1.73209,41.84859],[-1.73363,41.84588],[-1.74008,41.85093],[-1.73953,41.84523],[-1.73473,41.84529],[-1.72882,41.84578],[-1.72774,41.84311],[-1.73271,41.84234],[-1.7376,41.84207],[-1.73745,41.84059],[-1.76612,41.82617],[-1.77323,41.8214],[-1.77209,41.81987],[-1.75833,41.82595],[-1.75569,41.82376],[-1.75157,41.82321],[-1.7413,41.82703],[-1.73579,41.81798],[-1.73516,41.81492],[-1.73361,41.81238],[-1.73262,41.80963],[-1.73145,41.80846],[-1.72988,41.80623],[-1.72887,41.80648],[-1.72426,41.80862],[-1.71769,41.81082],[-1.71194,41.81236],[-1.70132,41.82042],[-1.70199,41.82405],[-1.70108,41.8255],[-1.69919,41.82628],[-1.69987,41.8285],[-1.70017,41.83183],[-1.69982,41.83354],[-1.69891,41.83536],[-1.69988,41.83837],[-1.69997,41.84185],[-1.69929,41.84323],[-1.69964,41.84502],[-1.70025,41.84768]]]]}},{"type":"Feature","properties":{"COD_POSTAL":"50343"},"geometry":{"type":"Polygon","coordinates":[[[-1.61374,41.27206],[-1.61431,41.27113],[-1.61363,41.26919],[-1.61117,41.26702],[-1.61558,41.25827],[-1.61627,41.25627],[-1.61629,41.2448],[-1.60905,41.24897],[-1.59199,41.25965],[-1.59137,41.26014],[-1.5867,41.26609],[-1.5829,41.27027],[-1.57281,41.27497],[-1.56639,41.27828],[-1.56165,41.27968],[-1.56123,41.28343],[-1.56082,41.29172],[-1.56785,41.29108],[-1.58194,41.28721],[-1.59523,41.28304],[-1.60789,41.27872],[-1.61434,41.2748],[-1.61403,41.27381],[-1.614,41.27263],[-1.61374,41.27206]]]}},{"type":"Feature","properties":{"COD_POSTAL":"50171"},"geometry":{"type":"Polygon","coordinates":[[[-0.77319,41.64264],[-0.77872,41.63558],[-0.77966,41.63556],[-0.78011,41.63496],[-0.78058,41.63489],[-0.77887,41.63466],[-0.77738,41.63403],[-0.77626,41.63413],[-0.77572,41.63358],[-0.77357,41.63297],[-0.77345,41.63284],[-0.77423,41.63163],[-0.77473,41.63018],[-0.77486,41.6286],[-0.76862,41.62665],[-0.76985,41.62635],[-0.76994,41.62585],[-0.77122,41.62544],[-0.7691,41.6217],[-0.76678,41.61963],[-0.7676,41.61903],[-0.76968,41.6136],[-0.76965,41.61278],[-0.76927,41.61212],[-0.76664,41.6092],[-0.7656,41.60814],[-0.76395,41.60796],[-0.76331,41.60854],[-0.76221,41.60741],[-0.75919,41.60759],[-0.75382,41.60849],[-0.74117,41.60972],[-0.74148,41.61078],[-0.7419,41.61108],[-0.74086,41.61161],[-0.74126,41.6119],[-0.73803,41.61365],[-0.74086,41.61592],[-0.73646,41.61919],[-0.73698,41.61988],[-0.73998,41.62214],[-0.73692,41.62456],[-0.73626,41.62625],[-0.73447,41.6273],[-0.7321,41.6295],[-0.73178,41.63005],[-0.73309,41.6312],[-0.73321,41.63314],[-0.73234,41.63322],[-0.73154,41.63294],[-0.73035,41.63453],[-0.73029,41.63506],[-0.73092,41.63594],[-0.72971,41.63664],[-0.73005,41.63731],[-0.72986,41.63808],[-0.73043,41.639],[-0.73038,41.63945],[-0.73142,41.64046],[-0.7309,41.64203],[-0.73003,41.64212],[-0.72958,41.6425],[-0.72915,41.64305],[-0.72906,41.64432],[-0.72629,41.64407],[-0.72459,41.64633],[-0.72385,41.64648],[-0.72329,41.64584],[-0.722,41.64682],[-0.72108,41.64678],[-0.72015,41.64716],[-0.71933,41.64884],[-0.71797,41.64964],[-0.71867,41.65076],[-0.71799,41.65122],[-0.71765,41.65202],[-0.71583,41.65228],[-0.71455,41.65477],[-0.7135,41.65466],[-0.71275,41.65541],[-0.71252,41.65634],[-0.71316,41.65718],[-0.71635,41.65977],[-0.7189,41.66138],[-0.71945,41.66331],[-0.71858,41.66602],[-0.71961,41.66635],[-0.72169,41.66522],[-0.72312,41.66531],[-0.72634,41.6646],[-0.72736,41.66277],[-0.72715,41.66207],[-0.72787,41.66137],[-0.72959,41.66086],[-0.7304,41.66036],[-0.73398,41.6607],[-0.73565,41.65923],[-0.73666,41.65697],[-0.7396,41.65639],[-0.7408,41.65588],[-0.74157,41.65481],[-0.74768,41.65106],[-0.74691,41.65016],[-0.74705,41.64963],[-0.74741,41.64905],[-0.74868,41.64806],[-0.75217,41.64822],[-0.75302,41.64755],[-0.75334,41.64698],[-0.75506,41.64693],[-0.75659,41.64624],[-0.76009,41.64783],[-0.76178,41.64805],[-0.76594,41.64789],[-0.76672,41.64759],[-0.76673,41.64688],[-0.77274,41.64262],[-0.77319,41.64264]]]}},{"type":"Feature","properties":{"COD_POSTAL":"50213"},"geometry":{"type":"Polygon","coordinates":[[[-1.81299,41.10676],[-1.81257,41.10563],[-1.81246,41.10412],[-1.81087,41.10089],[-1.81085,41.09995],[-1.81132,41.09844],[-1.81647,41.09528],[-1.81402,41.09303],[-1.80728,41.09116],[-1.8057,41.09104],[-1.80329,41.08989],[-1.79822,41.08384],[-1.79693,41.08116],[-1.79609,41.08008],[-1.79471,41.07879],[-1.79075,41.07589],[-1.78936,41.07557],[-1.78534,41.07277],[-1.78419,41.07252],[-1.77905,41.06991],[-1.7768,41.06935],[-1.77119,41.06657],[-1.7674,41.06361],[-1.76216,41.05866],[-1.76098,41.0569],[-1.75775,41.05507],[-1.75614,41.0554],[-1.75526,41.05652],[-1.75514,41.05709],[-1.75299,41.05833],[-1.75212,41.05983],[-1.75039,41.06117],[-1.74938,41.06288],[-1.74491,41.06596],[-1.74338,41.06651],[-1.74232,41.06738],[-1.74161,41.06864],[-1.74135,41.06984],[-1.73954,41.07143],[-1.73954,41.07235],[-1.7378,41.07338],[-1.73522,41.07641],[-1.73504,41.07716],[-1.73536,41.07845],[-1.73518,41.07928],[-1.73427,41.08014],[-1.73388,41.08177],[-1.73502,41.08335],[-1.73497,41.0845],[-1.73605,41.08513],[-1.73696,41.08604],[-1.73832,41.08838],[-1.73812,41.09028],[-1.73874,41.09095],[-1.73949,41.09347],[-1.74049,41.09488],[-1.74186,41.09627],[-1.74569,41.10165],[-1.74666,41.10433],[-1.74633,41.10544],[-1.74432,41.10917],[-1.7439,41.11218],[-1.74405,41.11305],[-1.74291,41.11688],[-1.74257,41.11932],[-1.74354,41.12215],[-1.74558,41.12522],[-1.74718,41.13229],[-1.7436,41.13494],[-1.74298,41.13598],[-1.74309,41.14019],[-1.7319,41.15039],[-1.72556,41.16051],[-1.71204,41.16675],[-1.69284,41.17607],[-1.68683,41.17741],[-1.68516,41.17803],[-1.6817,41.18285],[-1.68174,41.18626],[-1.68127,41.18962],[-1.68164,41.19331],[-1.68325,41.19539],[-1.68729,41.19688],[-1.69337,41.20025],[-1.6985,41.20158],[-1.69947,41.20202],[-1.7032,41.19994],[-1.70618,41.19985],[-1.70765,41.20128],[-1.71158,41.20282],[-1.71296,41.20363],[-1.71357,41.20423],[-1.71459,41.20628],[-1.71783,41.20714],[-1.71879,41.20815],[-1.72165,41.20829],[-1.72449,41.21079],[-1.72516,41.2111],[-1.72743,41.21114],[-1.72765,41.21034],[-1.73038,41.20542],[-1.73237,41.20389],[-1.73255,41.20321],[-1.73384,41.20138],[-1.7343,41.20099],[-1.73737,41.19966],[-1.73986,41.19804],[-1.73952,41.19658],[-1.7385,41.19564],[-1.74035,41.19479],[-1.7403,41.1941],[-1.74192,41.19284],[-1.74722,41.18963],[-1.74876,41.19003],[-1.75129,41.19123],[-1.7532,41.1911],[-1.75612,41.18952],[-1.75955,41.18947],[-1.76126,41.18634],[-1.76147,41.18395],[-1.76028,41.18209],[-1.75936,41.17771],[-1.75794,41.17597],[-1.76077,41.17845],[-1.76199,41.1792],[-1.76306,41.17928],[-1.78537,41.1856],[-1.81078,41.18999],[-1.80939,41.186],[-1.8082,41.1793],[-1.81101,41.17539],[-1.80914,41.17339],[-1.80886,41.17186],[-1.80955,41.1684],[-1.81593,41.16808],[-1.82166,41.165],[-1.8211,41.1638],[-1.82081,41.16232],[-1.82113,41.15717],[-1.81925,41.15449],[-1.82035,41.1543],[-1.82116,41.1546],[-1.82147,41.15397],[-1.82103,41.15321],[-1.8227,41.15104],[-1.81873,41.14466],[-1.81525,41.13735],[-1.81427,41.13629],[-1.81006,41.13365],[-1.80866,41.12937],[-1.80761,41.11956],[-1.80968,41.11571],[-1.80748,41.11351],[-1.80751,41.11282],[-1.8077,41.11209],[-1.8104,41.11084],[-1.81259,41.10919],[-1.81327,41.10775],[-1.81299,41.10676]]]}},{"type":"Feature","properties":{"COD_POSTAL":"50770"},"geometry":{"type":"Polygon","coordinates":[[[-0.56248,41.47602],[-0.56532,41.47165],[-0.56706,41.46456],[-0.5697,41.45897],[-0.57876,41.43517],[-0.58357,41.42753],[-0.59361,41.4161],[-0.59473,41.41226],[-0.59526,41.40375],[-0.59481,41.40198],[-0.58609,41.38895],[-0.60386,41.38799],[-0.60298,41.38456],[-0.59958,41.37803],[-0.59506,41.37624],[-0.59526,41.37525],[-0.59296,41.37277],[-0.59139,41.37284],[-0.58984,41.37169],[-0.59031,41.37069],[-0.58787,41.36885],[-0.58529,41.36526],[-0.58384,41.36412],[-0.5814,41.36141],[-0.58065,41.36141],[-0.57774,41.3593],[-0.57135,41.35745],[-0.57118,41.35673],[-0.56943,41.35598],[-0.56698,41.3565],[-0.56773,41.35391],[-0.56515,41.35346],[-0.56455,41.35394],[-0.55892,41.3543],[-0.55359,41.34709],[-0.55247,41.347],[-0.55067,41.3455],[-0.54625,41.34682],[-0.54605,41.34805],[-0.54501,41.3474],[-0.54341,41.34897],[-0.54149,41.34843],[-0.53911,41.34922],[-0.53575,41.34793],[-0.53275,41.34826],[-0.53024,41.3492],[-0.52934,41.34852],[-0.52254,41.34837],[-0.52145,41.35047],[-0.51324,41.35258],[-0.51015,41.35406],[-0.50745,41.3533],[-0.50647,41.35422],[-0.50245,41.35412],[-0.50299,41.35332],[-0.5007,41.35291],[-0.50028,41.35222],[-0.49859,41.35301],[-0.49716,41.35235],[-0.49554,41.35238],[-0.4933,41.35075],[-0.49298,41.35111],[-0.49195,41.35952],[-0.48994,41.36453],[-0.48381,41.36626],[-0.47314,41.36376],[-0.46683,41.362],[-0.46227,41.36378],[-0.45777,41.36621],[-0.45526,41.36881],[-0.4533,41.37152],[-0.45058,41.37274],[-0.44916,41.37486],[-0.44756,41.37998],[-0.44852,41.38083],[-0.45211,41.38272],[-0.4551,41.38391],[-0.45991,41.38488],[-0.46287,41.38637],[-0.46758,41.39132],[-0.47202,41.39455],[-0.47615,41.3997],[-0.47785,41.40237],[-0.47766,41.40338],[-0.47405,41.40736],[-0.47229,41.40978],[-0.47198,41.41082],[-0.47193,41.41365],[-0.4721,41.41476],[-0.47307,41.41733],[-0.47315,41.41985],[-0.47368,41.42218],[-0.47527,41.42449],[-0.47551,41.42519],[-0.47528,41.42762],[-0.47544,41.43241],[-0.47542,41.43291],[-0.47449,41.43391],[-0.47385,41.43424],[-0.47147,41.43451],[-0.47004,41.43524],[-0.46984,41.43572],[-0.46989,41.43739],[-0.47024,41.44119],[-0.47089,41.44292],[-0.4721,41.44385],[-0.47587,41.44466],[-0.481,41.44381],[-0.48604,41.4403],[-0.49225,41.43516],[-0.49483,41.43381],[-0.50026,41.43482],[-0.50202,41.43663],[-0.50216,41.43757],[-0.49905,41.44272],[-0.49252,41.44745],[-0.48922,41.45046],[-0.48539,41.45202],[-0.48547,41.45427],[-0.48605,41.45524],[-0.48992,41.45699],[-0.495,41.45803],[-0.49959,41.46008],[-0.50441,41.46356],[-0.51741,41.45933],[-0.52083,41.45852],[-0.52489,41.45648],[-0.52751,41.45602],[-0.53172,41.45655],[-0.53353,41.45776],[-0.5338,41.4601],[-0.53099,41.46251],[-0.52501,41.46339],[-0.52394,41.47175],[-0.52477,41.47117],[-0.53293,41.46964],[-0.53887,41.47144],[-0.541,41.47436],[-0.5401,41.47484],[-0.53915,41.47738],[-0.53722,41.47912],[-0.53764,41.48071],[-0.53886,41.48117],[-0.54166,41.48388],[-0.55524,41.47845],[-0.55931,41.48056],[-0.56008,41.47995],[-0.55953,41.47943],[-0.55896,41.4783],[-0.5607,41.47718],[-0.56248,41.47602]]]}},{"type":"Feature","properties":{"COD_POSTAL":"50490"},"geometry":{"type":"Polygon","coordinates":[[[-1.31278,41.1668],[-1.31045,41.16036],[-1.30707,41.15615],[-1.30309,41.1506],[-1.30203,41.14658],[-1.29981,41.14099],[-1.29808,41.1433],[-1.28973,41.14505],[-1.28504,41.14556],[-1.28199,41.14615],[-1.27609,41.14642],[-1.27314,41.14841],[-1.26602,41.15234],[-1.24889,41.16676],[-1.24215,41.17272],[-1.24147,41.17456],[-1.23931,41.17763],[-1.23672,41.17745],[-1.23624,41.17752],[-1.2357,41.17819],[-1.23216,41.17841],[-1.2311,41.18158],[-1.22933,41.18407],[-1.22839,41.18479],[-1.22116,41.18859],[-1.22211,41.19053],[-1.2225,41.19259],[-1.22342,41.19488],[-1.22427,41.19641],[-1.2248,41.19811],[-1.22583,41.2],[-1.22659,41.20202],[-1.22975,41.20721],[-1.23122,41.20807],[-1.23216,41.21003],[-1.23227,41.21165],[-1.23294,41.21327],[-1.2366,41.21656],[-1.2395,41.21695],[-1.242,41.21845],[-1.24261,41.21944],[-1.24489,41.22156],[-1.24968,41.22821],[-1.25363,41.23601],[-1.25328,41.23741],[-1.25353,41.23782],[-1.25447,41.23835],[-1.25563,41.24057],[-1.25702,41.24143],[-1.25809,41.24499],[-1.25704,41.24683],[-1.2581,41.24859],[-1.26081,41.24913],[-1.26408,41.25022],[-1.26928,41.25153],[-1.27353,41.25192],[-1.27175,41.25015],[-1.27174,41.24903],[-1.27229,41.24731],[-1.27134,41.24479],[-1.26972,41.24427],[-1.26924,41.24296],[-1.26664,41.23883],[-1.26677,41.23757],[-1.26595,41.23672],[-1.27086,41.23341],[-1.27091,41.23003],[-1.27156,41.22851],[-1.2715,41.22267],[-1.2722,41.22092],[-1.27253,41.21832],[-1.2724,41.21642],[-1.27262,41.21474],[-1.27459,41.20952],[-1.27716,41.20611],[-1.27849,41.20563],[-1.28065,41.20581],[-1.28254,41.20508],[-1.28363,41.20398],[-1.28407,41.20273],[-1.28454,41.20232],[-1.28633,41.20113],[-1.2878,41.20057],[-1.28922,41.19939],[-1.29003,41.19824],[-1.29029,41.19741],[-1.29287,41.19436],[-1.29612,41.19277],[-1.29898,41.18686],[-1.2991,41.18609],[-1.29834,41.18134],[-1.30733,41.17804],[-1.3093,41.17796],[-1.3106,41.1775],[-1.31548,41.17507],[-1.31589,41.17388],[-1.31596,41.17228],[-1.31499,41.17015],[-1.31387,41.16838],[-1.31278,41.1668]]]}},{"type":"Feature","properties":{"COD_POSTAL":"50291"},"geometry":{"type":"Polygon","coordinates":[[[-2.13174,41.26175],[-2.12722,41.262],[-2.12171,41.26521],[-2.11917,41.26573],[-2.11831,41.26407],[-2.11629,41.26225],[-2.1122,41.25914],[-2.11089,41.25703],[-2.10263,41.25065],[-2.10165,41.24976],[-2.10024,41.2478],[-2.09434,41.24376],[-2.09381,41.24316],[-2.09326,41.24188],[-2.09087,41.23867],[-2.08837,41.23697],[-2.08014,41.23594],[-2.0738,41.23406],[-2.07115,41.23608],[-2.06841,41.23886],[-2.06596,41.24042],[-2.06422,41.24361],[-2.06323,41.24472],[-2.05997,41.24742],[-2.05933,41.251],[-2.05746,41.25485],[-2.05791,41.2562],[-2.05792,41.26043],[-2.05885,41.26176],[-2.06255,41.26507],[-2.06594,41.26739],[-2.06722,41.26944],[-2.07013,41.27521],[-2.06998,41.27876],[-2.0702,41.28204],[-2.07469,41.2891],[-2.07811,41.29398],[-2.08036,41.29605],[-2.08459,41.29932],[-2.08585,41.2991],[-2.09232,41.29988],[-2.09665,41.29934],[-2.09658,41.30122],[-2.09601,41.30438],[-2.09516,41.30755],[-2.09517,41.30927],[-2.0959,41.31178],[-2.09627,41.31517],[-2.09744,41.31936],[-2.09756,41.32061],[-2.09865,41.32288],[-2.09901,41.32487],[-2.10084,41.32912],[-2.10117,41.33113],[-2.10224,41.33344],[-2.10374,41.33771],[-2.10373,41.33999],[-2.10316,41.34158],[-2.10358,41.34309],[-2.10348,41.34651],[-2.10432,41.34867],[-2.10468,41.34711],[-2.10669,41.34443],[-2.11016,41.3407],[-2.11132,41.33869],[-2.12611,41.33217],[-2.12875,41.33065],[-2.13131,41.32965],[-2.13258,41.26206],[-2.13174,41.26175]]]}},{"type":"Feature","properties":{"COD_POSTAL":"50140"},"geometry":{"type":"Polygon","coordinates":[[[-0.83729,41.26492],[-0.838,41.26833],[-0.84071,41.27129],[-0.85173,41.27321],[-0.85254,41.27488],[-0.85418,41.27718],[-0.8654,41.28517],[-0.86954,41.28851],[-0.87815,41.29487],[-0.88147,41.2961],[-0.88013,41.29928],[-0.88104,41.30345],[-0.88132,41.30902],[-0.88391,41.3103],[-0.88347,41.31175],[-0.88355,41.31224],[-0.88819,41.31419],[-0.88903,41.31489],[-0.89729,41.31907],[-0.89804,41.31922],[-0.90073,41.31885],[-0.90206,41.32058],[-0.90442,41.32049],[-0.90536,41.32078],[-0.90773,41.32041],[-0.91239,41.32118],[-0.91248,41.32262],[-0.91402,41.32305],[-0.91486,41.32431],[-0.91764,41.3251],[-0.91824,41.32575],[-0.9271,41.3266],[-0.93397,41.32624],[-0.93523,41.32482],[-0.93899,41.32393],[-0.94267,41.32256],[-0.94249,41.32129],[-0.94388,41.32044],[-0.94467,41.32083],[-0.94536,41.32045],[-0.94698,41.31905],[-0.94764,41.31818],[-0.94878,41.31642],[-0.949,41.31531],[-0.9456,41.30587],[-0.94995,41.30541],[-0.95535,41.28359],[-0.95562,41.28335],[-0.9626,41.279],[-0.98175,41.2706],[-0.9935,41.26551],[-0.99768,41.26496],[-0.98121,41.22944],[-0.97047,41.20553],[-0.96179,41.19701],[-0.95891,41.19321],[-0.95441,41.18876],[-0.94722,41.18924],[-0.93886,41.18686],[-0.93608,41.18633],[-0.93268,41.18619],[-0.92915,41.18637],[-0.91646,41.18296],[-0.90733,41.17994],[-0.90439,41.1781],[-0.90071,41.17534],[-0.89182,41.1678],[-0.88997,41.16675],[-0.87438,41.16025],[-0.87158,41.15472],[-0.87065,41.15339],[-0.86989,41.15377],[-0.86902,41.15367],[-0.86697,41.15394],[-0.86663,41.15446],[-0.86368,41.15428],[-0.86317,41.15469],[-0.86286,41.15561],[-0.8625,41.15584],[-0.85995,41.15648],[-0.85932,41.15724],[-0.85829,41.15687],[-0.85716,41.15714],[-0.85637,41.15822],[-0.85593,41.15832],[-0.855,41.1574],[-0.85418,41.15604],[-0.85343,41.15616],[-0.85172,41.15705],[-0.85035,41.15688],[-0.84837,41.15618],[-0.84693,41.15525],[-0.84568,41.15504],[-0.84511,41.15375],[-0.84331,41.15386],[-0.84219,41.15341],[-0.84057,41.15102],[-0.83902,41.14996],[-0.83859,41.14991],[-0.83723,41.15048],[-0.83492,41.15041],[-0.83211,41.15151],[-0.83178,41.15193],[-0.83298,41.1524],[-0.83333,41.15354],[-0.83377,41.15411],[-0.83376,41.15551],[-0.83361,41.15604],[-0.83291,41.15681],[-0.83151,41.15776],[-0.83128,41.15868],[-0.83203,41.16094],[-0.83387,41.16277],[-0.83384,41.16351],[-0.83326,41.16453],[-0.8343,41.1658],[-0.83356,41.16811],[-0.83312,41.16855],[-0.83181,41.16902],[-0.8317,41.16977],[-0.83301,41.17089],[-0.83232,41.17123],[-0.83212,41.17182],[-0.83348,41.17405],[-0.83329,41.17481],[-0.83346,41.17577],[-0.83332,41.17629],[-0.83153,41.17867],[-0.83138,41.17985],[-0.83196,41.181],[-0.83206,41.1824],[-0.8336,41.18426],[-0.8345,41.18635],[-0.83533,41.18747],[-0.83768,41.18863],[-0.84133,41.1952],[-0.84483,41.20559],[-0.84464,41.20742],[-0.8436,41.21013],[-0.84409,41.21198],[-0.84408,41.21291],[-0.84292,41.21551],[-0.84255,41.21729],[-0.84194,41.21862],[-0.84623,41.22835],[-0.83839,41.24166],[-0.83735,41.24259],[-0.83803,41.24755],[-0.83664,41.25007],[-0.83568,41.25275],[-0.83558,41.25821],[-0.83729,41.26492]]]}},{"type":"Feature","properties":{"COD_POSTAL":"50668"},"geometry":{"type":"MultiPolygon","coordinates":[[[[-1.10058,41.88516],[-1.1145,41.89054],[-1.15782,41.8869],[-1.18338,41.88405],[-1.18751,41.88404],[-1.18857,41.88448],[-1.19403,41.88467],[-1.20689,41.88093],[-1.21004,41.87879],[-1.21215,41.8754],[-1.21267,41.87206],[-1.20412,41.86509],[-1.19697,41.86289],[-1.18914,41.86308],[-1.18752,41.86258],[-1.17981,41.86268],[-1.16792,41.86378],[-1.13945,41.86397],[-1.13508,41.86503],[-1.13255,41.86682],[-1.13159,41.8692],[-1.12951,41.86998],[-1.12083,41.87713],[-1.11861,41.87803],[-1.11493,41.87811],[-1.10711,41.88075],[-1.10058,41.88516]]],[[[-1.27878,41.85064],[-1.27704,41.8502],[-1.27511,41.8503],[-1.26923,41.8532],[-1.26603,41.85527],[-1.26521,41.85641],[-1.26508,41.857],[-1.26416,41.857],[-1.26311,41.85742],[-1.26141,41.85578],[-1.26001,41.85483],[-1.25823,41.85413],[-1.25196,41.85439],[-1.24739,41.85521],[-1.2415,41.85958],[-1.23984,41.86059],[-1.23694,41.86143],[-1.23575,41.86138],[-1.23559,41.86238],[-1.2333,41.86331],[-1.23382,41.86431],[-1.23442,41.86479],[-1.2343,41.86549],[-1.23713,41.86751],[-1.24095,41.86786],[-1.24444,41.86754],[-1.2496,41.87194],[-1.25224,41.87319],[-1.25321,41.87304],[-1.25837,41.87477],[-1.26272,41.87709],[-1.26556,41.87784],[-1.26648,41.87906],[-1.27193,41.88173],[-1.27887,41.88582],[-1.27981,41.88472],[-1.28138,41.88518],[-1.28294,41.88183],[-1.28416,41.87827],[-1.28511,41.87683],[-1.28439,41.87503],[-1.28357,41.87454],[-1.28206,41.87586],[-1.27911,41.87768],[-1.27527,41.87808],[-1.27299,41.8776],[-1.27215,41.877],[-1.27141,41.87628],[-1.27071,41.87492],[-1.26964,41.87131],[-1.27001,41.87008],[-1.27076,41.86916],[-1.27135,41.86733],[-1.2713,41.8656],[-1.26985,41.86187],[-1.26677,41.85911],[-1.26881,41.85823],[-1.26964,41.85748],[-1.27265,41.85582],[-1.27343,41.85624],[-1.27408,41.85601],[-1.2744,41.85623],[-1.27925,41.8539],[-1.28149,41.85264],[-1.2807,41.85165],[-1.27878,41.85064]]]]}},{"type":"Feature","properties":{"COD_POSTAL":"50315"},"geometry":{"type":"Polygon","coordinates":[[[-1.91386,41.60968],[-1.9142,41.60873],[-1.9154,41.60767],[-1.91837,41.60659],[-1.9231,41.59833],[-1.92171,41.59684],[-1.91597,41.59482],[-1.9096,41.58971],[-1.9028,41.58533],[-1.90255,41.58485],[-1.90174,41.58127],[-1.90135,41.58081],[-1.90174,41.58025],[-1.90062,41.57868],[-1.90068,41.57664],[-1.90024,41.57569],[-1.90124,41.57103],[-1.90092,41.56985],[-1.90206,41.56869],[-1.90365,41.56836],[-1.90377,41.56713],[-1.90491,41.56649],[-1.9054,41.56592],[-1.90482,41.56437],[-1.90535,41.56394],[-1.90215,41.56155],[-1.9021,41.5599],[-1.89982,41.55912],[-1.89781,41.55714],[-1.89586,41.55616],[-1.89505,41.55577],[-1.89338,41.55552],[-1.89081,41.55351],[-1.88799,41.55261],[-1.88521,41.54976],[-1.88468,41.54992],[-1.88202,41.54726],[-1.88122,41.54728],[-1.87909,41.54565],[-1.87355,41.5426],[-1.86626,41.53642],[-1.86519,41.53627],[-1.86564,41.53824],[-1.86654,41.53981],[-1.86494,41.54071],[-1.86433,41.54256],[-1.86273,41.5431],[-1.86222,41.54356],[-1.86109,41.54644],[-1.85898,41.54918],[-1.8551,41.55152],[-1.84887,41.5541],[-1.84624,41.55479],[-1.842,41.55632],[-1.8376,41.55673],[-1.83517,41.55826],[-1.8323,41.55893],[-1.8346,41.56104],[-1.83607,41.56337],[-1.83799,41.56925],[-1.83837,41.57318],[-1.84231,41.57516],[-1.84379,41.57631],[-1.84718,41.57939],[-1.84759,41.58061],[-1.84946,41.58288],[-1.85107,41.5839],[-1.85235,41.58562],[-1.85422,41.58748],[-1.85792,41.58993],[-1.86024,41.59214],[-1.86087,41.5931],[-1.86153,41.59485],[-1.86217,41.59569],[-1.86319,41.59811],[-1.86464,41.60247],[-1.86499,41.60519],[-1.86557,41.6055],[-1.86537,41.60659],[-1.8691,41.60815],[-1.87268,41.61052],[-1.87317,41.61134],[-1.87073,41.61475],[-1.86775,41.6159],[-1.86772,41.61628],[-1.86884,41.61711],[-1.87111,41.61815],[-1.87444,41.61879],[-1.87734,41.61994],[-1.8787,41.62012],[-1.88127,41.62124],[-1.88228,41.62098],[-1.88454,41.62094],[-1.8887,41.62043],[-1.89413,41.62149],[-1.90003,41.62159],[-1.90184,41.62129],[-1.90318,41.62047],[-1.90682,41.62049],[-1.90792,41.6211],[-1.91315,41.61708],[-1.91361,41.61625],[-1.91379,41.61519],[-1.91376,41.61168],[-1.91386,41.60968]]]}},{"type":"Feature","properties":{"COD_POSTAL":"50687"},"geometry":{"type":"Polygon","coordinates":[[[-0.97985,42.48971],[-0.97926,42.49119],[-0.97761,42.49375],[-0.97697,42.49551],[-0.97716,42.49665],[-0.97654,42.49923],[-0.97613,42.50622],[-0.97961,42.50644],[-0.98426,42.5063],[-0.98493,42.50707],[-0.98828,42.5057],[-0.9895,42.50467],[-0.99304,42.50472],[-0.99409,42.50567],[-0.99778,42.50566],[-0.99839,42.50606],[-1.00077,42.50526],[-1.00555,42.50559],[-1.01049,42.50549],[-1.01237,42.50684],[-1.0169,42.50618],[-1.02486,42.50649],[-1.02815,42.50605],[-1.02878,42.50653],[-1.03314,42.50621],[-1.03767,42.50696],[-1.05442,42.50882],[-1.05902,42.51055],[-1.06727,42.51492],[-1.07329,42.50512],[-1.07546,42.49883],[-1.0789,42.49233],[-1.08037,42.49052],[-1.08346,42.48519],[-1.08514,42.48336],[-1.08586,42.48134],[-1.08606,42.47951],[-1.08834,42.47586],[-1.08607,42.47333],[-1.07968,42.47115],[-1.07818,42.46986],[-1.07616,42.46901],[-1.07534,42.46812],[-1.07341,42.46776],[-1.06955,42.46648],[-1.06965,42.46514],[-1.0694,42.46447],[-1.06978,42.4616],[-1.06867,42.46097],[-1.06762,42.45998],[-1.06645,42.45731],[-1.06633,42.45513],[-1.06583,42.45384],[-1.06247,42.45283],[-1.06248,42.45253],[-1.06169,42.45226],[-1.06112,42.45145],[-1.05652,42.44834],[-1.0512,42.44985],[-1.0501,42.44962],[-1.04502,42.45094],[-1.04484,42.45061],[-1.04395,42.45043],[-1.03837,42.44654],[-1.03536,42.4462],[-1.03257,42.44737],[-1.02869,42.44692],[-1.02571,42.44617],[-1.02513,42.44631],[-1.02492,42.44757],[-1.02404,42.44759],[-1.01993,42.44864],[-1.01539,42.44606],[-1.01515,42.44573],[-1.01543,42.44489],[-1.01372,42.44345],[-1.01316,42.44214],[-1.00959,42.44116],[-1.00804,42.44129],[-1.00732,42.44157],[-1.0059,42.4414],[-1.00497,42.44095],[-1.00294,42.44229],[-1.00029,42.44483],[-0.99803,42.44559],[-0.99646,42.44537],[-0.99471,42.44476],[-0.99433,42.44401],[-0.99322,42.44307],[-0.99097,42.44234],[-0.99035,42.44235],[-0.98963,42.44258],[-0.98963,42.44281],[-0.9905,42.4434],[-0.99052,42.44376],[-0.98885,42.44471],[-0.98816,42.44481],[-0.98797,42.44555],[-0.98684,42.44712],[-0.98762,42.44902],[-0.98679,42.45073],[-0.9844,42.45073],[-0.9842,42.45092],[-0.98428,42.45118],[-0.98559,42.4517],[-0.98524,42.45259],[-0.98631,42.4547],[-0.98724,42.45773],[-0.9874,42.46107],[-0.98575,42.46512],[-0.98482,42.4665],[-0.98402,42.46906],[-0.98042,42.47221],[-0.97892,42.47467],[-0.97855,42.47666],[-0.97978,42.47851],[-0.97848,42.48412],[-0.97929,42.48574],[-0.97873,42.48797],[-0.97896,42.48846],[-0.97985,42.48971]]]}},{"type":"Feature","properties":{"COD_POSTAL":"50100"},"geometry":{"type":"Polygon","coordinates":[[[-1.32919,41.49998],[-1.32985,41.50044],[-1.33844,41.50164],[-1.34435,41.50192],[-1.35313,41.50528],[-1.35668,41.50813],[-1.35891,41.51113],[-1.36054,41.51124],[-1.3622,41.50945],[-1.36646,41.51366],[-1.36204,41.51668],[-1.36426,41.51772],[-1.36401,41.51856],[-1.36523,41.51943],[-1.36502,41.52106],[-1.36935,41.51924],[-1.36895,41.51873],[-1.36905,41.5164],[-1.36825,41.51529],[-1.36899,41.51503],[-1.36857,41.51461],[-1.36952,41.51254],[-1.37261,41.51018],[-1.3749,41.51115],[-1.37455,41.50837],[-1.37627,41.50719],[-1.37831,41.50676],[-1.3809,41.50797],[-1.38093,41.50402],[-1.38298,41.50282],[-1.38524,41.50343],[-1.38906,41.5025],[-1.39163,41.49853],[-1.39198,41.49777],[-1.39149,41.4969],[-1.38948,41.49762],[-1.38646,41.49756],[-1.38451,41.49335],[-1.39013,41.49064],[-1.38857,41.48795],[-1.38725,41.48689],[-1.3864,41.48235],[-1.38836,41.48198],[-1.38749,41.48084],[-1.38967,41.478],[-1.39088,41.47794],[-1.39035,41.47728],[-1.38482,41.47688],[-1.39982,41.45683],[-1.40166,41.45313],[-1.40803,41.44893],[-1.41051,41.44895],[-1.41294,41.44706],[-1.41441,41.44699],[-1.41895,41.45045],[-1.42075,41.45118],[-1.41806,41.45739],[-1.41887,41.45882],[-1.42629,41.46373],[-1.42679,41.46578],[-1.42442,41.47043],[-1.42511,41.47204],[-1.42829,41.47083],[-1.42978,41.46953],[-1.43155,41.46862],[-1.43419,41.46616],[-1.43654,41.46629],[-1.4388,41.46474],[-1.44106,41.46402],[-1.44301,41.46173],[-1.44454,41.46103],[-1.44793,41.45862],[-1.44817,41.45754],[-1.45352,41.45092],[-1.44699,41.44784],[-1.44326,41.44726],[-1.43956,41.44631],[-1.43624,41.44633],[-1.43254,41.44591],[-1.43127,41.44725],[-1.42593,41.44685],[-1.42506,41.44644],[-1.42322,41.44425],[-1.41847,41.4404],[-1.41758,41.439],[-1.4169,41.43765],[-1.41703,41.43671],[-1.41776,41.43503],[-1.41552,41.42985],[-1.41205,41.43064],[-1.41046,41.43128],[-1.40717,41.43475],[-1.40304,41.43687],[-1.40012,41.43789],[-1.39725,41.4386],[-1.3917,41.43947],[-1.38712,41.43934],[-1.38434,41.43818],[-1.38313,41.43823],[-1.38195,41.44146],[-1.38129,41.44204],[-1.38088,41.44356],[-1.37926,41.44461],[-1.37649,41.44411],[-1.37326,41.44312],[-1.3657,41.44186],[-1.36394,41.44205],[-1.36161,41.44291],[-1.35805,41.44156],[-1.354,41.43782],[-1.35021,41.43566],[-1.34936,41.43992],[-1.34864,41.44089],[-1.34789,41.44304],[-1.34613,41.44621],[-1.34401,41.44908],[-1.3419,41.45146],[-1.34173,41.45344],[-1.33874,41.45656],[-1.33682,41.45803],[-1.31907,41.46015],[-1.30913,41.46105],[-1.30572,41.46165],[-1.30457,41.46148],[-1.30266,41.46077],[-1.30126,41.46219],[-1.2932,41.47381],[-1.29035,41.47728],[-1.28567,41.48552],[-1.282,41.49096],[-1.28046,41.49434],[-1.27976,41.49688],[-1.27831,41.49876],[-1.28018,41.49823],[-1.28439,41.49539],[-1.2875,41.49463],[-1.3161,41.49427],[-1.31663,41.49491],[-1.32844,41.49967],[-1.32919,41.49998]]]}},{"type":"Feature","properties":{"COD_POSTAL":"50229"},"geometry":{"type":"Polygon","coordinates":[[[-2.11644,41.41627],[-2.11607,41.40871],[-2.11828,41.39618],[-2.11934,41.39494],[-2.12053,41.39432],[-2.11945,41.39033],[-2.10392,41.38394],[-2.09767,41.37834],[-2.08672,41.37688],[-2.06749,41.38279],[-2.0672,41.38392],[-2.06569,41.38435],[-2.0634,41.38448],[-2.06195,41.38498],[-2.05911,41.38434],[-2.05664,41.38457],[-2.05235,41.3855],[-2.04652,41.38314],[-2.04505,41.38158],[-2.04353,41.38098],[-2.04182,41.3804],[-2.03887,41.38028],[-2.03858,41.38111],[-2.03419,41.38634],[-2.03637,41.38847],[-2.03828,41.3893],[-2.04191,41.38859],[-2.04236,41.389],[-2.04358,41.39715],[-2.03968,41.40005],[-2.03989,41.401],[-2.03477,41.40442],[-2.03398,41.41027],[-2.03562,41.42689],[-2.0471,41.43433],[-2.10152,41.44579],[-2.10131,41.44535],[-2.10281,41.44338],[-2.10288,41.44039],[-2.10339,41.43926],[-2.10438,41.43859],[-2.10594,41.43804],[-2.10752,41.43801],[-2.10859,41.43725],[-2.11177,41.43419],[-2.11513,41.42907],[-2.11677,41.42495],[-2.11647,41.41678],[-2.11644,41.41627]]]}},{"type":"Feature","properties":{"COD_POSTAL":"50683"},"geometry":{"type":"Polygon","coordinates":[[[-0.91468,42.60233],[-0.91395,42.60347],[-0.91343,42.60375],[-0.91082,42.6041],[-0.91053,42.60435],[-0.90866,42.60967],[-0.90755,42.61005],[-0.90555,42.61001],[-0.90466,42.61294],[-0.90664,42.61717],[-0.90672,42.62017],[-0.90829,42.62554],[-0.90928,42.62815],[-0.91049,42.62989],[-0.91051,42.63194],[-0.91298,42.63617],[-0.91388,42.63725],[-0.91662,42.63985],[-0.92142,42.64528],[-0.92338,42.64697],[-0.92438,42.65046],[-0.92513,42.65086],[-0.92546,42.65142],[-0.92671,42.65472],[-0.92764,42.65624],[-0.93118,42.65603],[-0.93564,42.6602],[-0.93731,42.66277],[-0.93953,42.66053],[-0.94881,42.65665],[-0.95827,42.6553],[-0.96401,42.65281],[-0.96346,42.65172],[-0.96329,42.65071],[-0.97139,42.60071],[-0.9759,42.60054],[-0.97763,42.60088],[-0.98015,42.60178],[-0.99434,42.60872],[-0.99653,42.60927],[-1.0055,42.61073],[-1.00605,42.61062],[-1.00692,42.60997],[-1.00802,42.60855],[-1.00818,42.60706],[-1.00769,42.60447],[-1.00797,42.60374],[-1.00984,42.60216],[-1.01391,42.5996],[-1.01581,42.59894],[-1.01869,42.59923],[-1.01881,42.59823],[-1.01868,42.59734],[-1.01778,42.59621],[-1.01746,42.59441],[-1.01642,42.59143],[-1.01729,42.58725],[-1.01524,42.58122],[-1.01405,42.58018],[-1.01231,42.57422],[-1.00494,42.57467],[-0.99499,42.57379],[-0.9915,42.57401],[-0.98882,42.57392],[-0.98844,42.57372],[-0.98362,42.57409],[-0.98235,42.5739],[-0.98223,42.57424],[-0.97601,42.57453],[-0.97342,42.57404],[-0.97207,42.57459],[-0.967,42.57462],[-0.96377,42.5753],[-0.96274,42.5734],[-0.96184,42.57079],[-0.96186,42.56834],[-0.96139,42.56879],[-0.95917,42.56877],[-0.9513,42.56826],[-0.94683,42.56698],[-0.94468,42.56948],[-0.94393,42.56993],[-0.9413,42.57067],[-0.93842,42.57117],[-0.93365,42.57128],[-0.93067,42.57043],[-0.93181,42.57172],[-0.93417,42.57265],[-0.93331,42.57494],[-0.92821,42.58035],[-0.92479,42.58797],[-0.92329,42.58812],[-0.91447,42.58766],[-0.90867,42.58713],[-0.90683,42.59363],[-0.90488,42.59829],[-0.90471,42.59905],[-0.90485,42.60084],[-0.90857,42.60101],[-0.91212,42.60239],[-0.91392,42.60249],[-0.91468,42.60233]]]}},{"type":"Feature","properties":{"COD_POSTAL":"50529"},"geometry":{"type":"Polygon","coordinates":[[[-1.38966,41.7169],[-1.3884,41.71787],[-1.38726,41.71923],[-1.3848,41.72416],[-1.38271,41.72696],[-1.38178,41.72746],[-1.37997,41.72917],[-1.37923,41.72927],[-1.37737,41.73011],[-1.3763,41.73041],[-1.36743,41.73101],[-1.36225,41.73232],[-1.34947,41.73411],[-1.34622,41.73418],[-1.34513,41.73436],[-1.34404,41.73489],[-1.33518,41.73551],[-1.33493,41.7407],[-1.33518,41.74207],[-1.3382,41.74752],[-1.33885,41.74946],[-1.33898,41.75385],[-1.34057,41.7565],[-1.34055,41.75964],[-1.34249,41.7665],[-1.34327,41.76703],[-1.34424,41.76722],[-1.3479,41.76716],[-1.34641,41.77177],[-1.34661,41.77232],[-1.34647,41.77397],[-1.35134,41.77498],[-1.35244,41.77454],[-1.37146,41.77353],[-1.389,41.7746],[-1.41313,41.77402],[-1.41891,41.77416],[-1.42217,41.77367],[-1.43495,41.77471],[-1.44191,41.78153],[-1.44797,41.78999],[-1.44841,41.79309],[-1.44812,41.7947],[-1.44853,41.79615],[-1.44797,41.79919],[-1.4503,41.80465],[-1.45217,41.80704],[-1.4524,41.8128],[-1.45383,41.81674],[-1.45349,41.81712],[-1.44968,41.8189],[-1.45494,41.81983],[-1.45602,41.82276],[-1.45554,41.8239],[-1.45619,41.82474],[-1.45858,41.82573],[-1.4615,41.82619],[-1.46534,41.82411],[-1.46651,41.82419],[-1.46854,41.82478],[-1.47568,41.82814],[-1.47859,41.83012],[-1.48633,41.83051],[-1.48039,41.82512],[-1.47978,41.82293],[-1.47922,41.82243],[-1.47888,41.82131],[-1.47838,41.8215],[-1.4776,41.82069],[-1.47694,41.81195],[-1.47761,41.8065],[-1.47761,41.80433],[-1.47656,41.80075],[-1.47725,41.79956],[-1.47355,41.79476],[-1.47081,41.79016],[-1.47051,41.78939],[-1.47103,41.78527],[-1.47726,41.78626],[-1.47813,41.78662],[-1.48048,41.78664],[-1.48152,41.78697],[-1.4823,41.78514],[-1.48719,41.77866],[-1.48887,41.77576],[-1.49149,41.77264],[-1.49278,41.77033],[-1.49537,41.76663],[-1.49734,41.76448],[-1.50015,41.7607],[-1.50117,41.75824],[-1.50757,41.75156],[-1.51147,41.74709],[-1.51327,41.74223],[-1.51563,41.74109],[-1.51864,41.7372],[-1.51994,41.73341],[-1.52085,41.73216],[-1.52089,41.73176],[-1.52538,41.72943],[-1.52232,41.72461],[-1.52085,41.72351],[-1.51999,41.72235],[-1.51697,41.71981],[-1.51485,41.7175],[-1.51368,41.71655],[-1.51092,41.71498],[-1.51004,41.71385],[-1.50822,41.71058],[-1.50294,41.70938],[-1.49857,41.70711],[-1.49671,41.70487],[-1.49481,41.70156],[-1.49081,41.69737],[-1.48931,41.69468],[-1.48192,41.69025],[-1.47899,41.68731],[-1.46012,41.68509],[-1.45745,41.68582],[-1.45606,41.68727],[-1.45313,41.68919],[-1.44533,41.68866],[-1.44312,41.68902],[-1.44028,41.69123],[-1.43996,41.69201],[-1.43839,41.69239],[-1.43676,41.69316],[-1.43341,41.69564],[-1.43291,41.69588],[-1.43067,41.69588],[-1.42937,41.69619],[-1.42628,41.69711],[-1.42516,41.69768],[-1.42075,41.70418],[-1.41707,41.70487],[-1.41264,41.7063],[-1.41057,41.70617],[-1.40755,41.70745],[-1.40656,41.70882],[-1.40518,41.70924],[-1.40406,41.71028],[-1.40041,41.71043],[-1.39707,41.71135],[-1.39496,41.71264],[-1.39003,41.71652],[-1.38966,41.7169]]]}},{"type":"Feature","properties":{"COD_POSTAL":"50547"},"geometry":{"type":"MultiPolygon","coordinates":[[[[-1.5046,41.7856],[-1.50478,41.78414],[-1.50391,41.78213],[-1.50322,41.77885],[-1.503,41.77675],[-1.50332,41.77551],[-1.5031,41.77245],[-1.50242,41.77132],[-1.50204,41.77133],[-1.50041,41.76711],[-1.49941,41.76597],[-1.49734,41.76448],[-1.49537,41.76663],[-1.49278,41.77033],[-1.49149,41.77264],[-1.48887,41.77576],[-1.48719,41.77866],[-1.4823,41.78514],[-1.48152,41.78697],[-1.48048,41.78664],[-1.47813,41.78662],[-1.47726,41.78626],[-1.47103,41.78527],[-1.47051,41.78939],[-1.47081,41.79016],[-1.47355,41.79476],[-1.47725,41.79956],[-1.47656,41.80075],[-1.47761,41.80433],[-1.47761,41.8065],[-1.47694,41.81195],[-1.47716,41.81677],[-1.47765,41.81992],[-1.47751,41.82034],[-1.47838,41.8215],[-1.47888,41.82131],[-1.47922,41.82243],[-1.47978,41.82293],[-1.47993,41.82369],[-1.48254,41.82321],[-1.484,41.82317],[-1.48467,41.82348],[-1.48846,41.82377],[-1.49432,41.82465],[-1.49604,41.82524],[-1.49714,41.82271],[-1.49705,41.82177],[-1.49818,41.82188],[-1.4994,41.81963],[-1.50196,41.81887],[-1.50182,41.81642],[-1.50198,41.81607],[-1.5052,41.81409],[-1.50386,41.81212],[-1.50191,41.81006],[-1.50113,41.80867],[-1.50071,41.80628],[-1.5014,41.80415],[-1.50157,41.80105],[-1.501,41.79997],[-1.50593,41.793],[-1.5046,41.7856]]],[[[-1.56839,41.73207],[-1.56939,41.73155],[-1.56978,41.73062],[-1.57016,41.73029],[-1.57245,41.72944],[-1.57318,41.72854],[-1.57516,41.72846],[-1.57983,41.72483],[-1.5828,41.7233],[-1.58689,41.72041],[-1.59029,41.71839],[-1.59251,41.71734],[-1.5964,41.71624],[-1.59898,41.71514],[-1.60317,41.71696],[-1.60789,41.717],[-1.60811,41.71823],[-1.61156,41.71971],[-1.61405,41.72263],[-1.61401,41.71965],[-1.61641,41.71846],[-1.61988,41.71725],[-1.61959,41.71585],[-1.62016,41.71441],[-1.61983,41.71075],[-1.61821,41.70853],[-1.61625,41.70639],[-1.60742,41.7042],[-1.59959,41.6986],[-1.59995,41.69594],[-1.59582,41.6929],[-1.59312,41.68903],[-1.59139,41.68863],[-1.58945,41.68785],[-1.58438,41.68518],[-1.58232,41.68484],[-1.58101,41.68415],[-1.5786,41.68405],[-1.57743,41.68373],[-1.57498,41.68534],[-1.5739,41.68537],[-1.57279,41.68496],[-1.5731,41.6827],[-1.571,41.67942],[-1.56973,41.67847],[-1.5691,41.67514],[-1.56702,41.67379],[-1.56563,41.67209],[-1.55653,41.66935],[-1.55343,41.66959],[-1.5515,41.66898],[-1.54985,41.66679],[-1.54804,41.66573],[-1.54775,41.66529],[-1.54754,41.66314],[-1.54571,41.66258],[-1.54236,41.65907],[-1.53982,41.65778],[-1.53527,41.65427],[-1.53103,41.64883],[-1.52809,41.64778],[-1.5261,41.64443],[-1.52085,41.64452],[-1.51341,41.63819],[-1.514,41.63524],[-1.51385,41.63318],[-1.51547,41.62877],[-1.51566,41.62594],[-1.51255,41.62476],[-1.50881,41.62256],[-1.50694,41.62206],[-1.50433,41.62093],[-1.50387,41.62121],[-1.50297,41.62231],[-1.50252,41.62365],[-1.50276,41.62479],[-1.502,41.62623],[-1.50198,41.62828],[-1.50049,41.62909],[-1.49885,41.62956],[-1.49771,41.62904],[-1.49083,41.62725],[-1.48998,41.62677],[-1.48743,41.62831],[-1.48353,41.62982],[-1.48262,41.63106],[-1.48107,41.63414],[-1.46268,41.643],[-1.46126,41.64424],[-1.45964,41.64631],[-1.45803,41.64907],[-1.45707,41.65129],[-1.45396,41.65626],[-1.4531,41.65975],[-1.45233,41.6613],[-1.44961,41.66502],[-1.44613,41.66813],[-1.44581,41.6692],[-1.44478,41.67064],[-1.44521,41.67145],[-1.44303,41.67441],[-1.44232,41.67777],[-1.44193,41.67799],[-1.44132,41.67978],[-1.44102,41.68397],[-1.44056,41.68502],[-1.44074,41.68815],[-1.43982,41.69004],[-1.44028,41.69123],[-1.44312,41.68902],[-1.44363,41.68884],[-1.44533,41.68866],[-1.45344,41.6891],[-1.45606,41.68727],[-1.45745,41.68582],[-1.46012,41.68509],[-1.47873,41.68718],[-1.48192,41.69025],[-1.48931,41.69468],[-1.49081,41.69737],[-1.49481,41.70156],[-1.49671,41.70487],[-1.49857,41.70711],[-1.50294,41.70938],[-1.50822,41.71058],[-1.51004,41.71385],[-1.51092,41.71498],[-1.51368,41.71655],[-1.51485,41.7175],[-1.51697,41.71981],[-1.51999,41.72235],[-1.52085,41.72351],[-1.52232,41.72461],[-1.52538,41.72943],[-1.53143,41.72716],[-1.53965,41.73007],[-1.54313,41.72938],[-1.54628,41.72931],[-1.54832,41.72896],[-1.55186,41.72791],[-1.5596,41.73051],[-1.56029,41.73166],[-1.56223,41.73231],[-1.56281,41.73314],[-1.56244,41.73627],[-1.56372,41.73765],[-1.56619,41.73575],[-1.56663,41.73457],[-1.56815,41.73398],[-1.56873,41.73297],[-1.56839,41.73207]]]]}},{"type":"Feature","properties":{"COD_POSTAL":"50410"},"geometry":{"type":"Polygon","coordinates":[[[-0.92777,41.60928],[-0.92797,41.60948],[-0.92527,41.61163],[-0.93114,41.61366],[-0.93621,41.61618],[-0.93466,41.61386],[-0.93378,41.61112],[-0.94945,41.59903],[-0.95805,41.59069],[-0.963,41.58126],[-0.95965,41.57952],[-0.95643,41.57954],[-0.95367,41.57812],[-0.95215,41.57804],[-0.95182,41.5778],[-0.9505,41.57823],[-0.94894,41.57788],[-0.94986,41.57702],[-0.94218,41.57314],[-0.94162,41.57469],[-0.93964,41.57713],[-0.93929,41.578],[-0.93662,41.58066],[-0.93107,41.57821],[-0.93104,41.57746],[-0.93028,41.57676],[-0.92941,41.57677],[-0.92847,41.57631],[-0.92794,41.57548],[-0.9282,41.57405],[-0.92807,41.57366],[-0.92757,41.5735],[-0.92735,41.57278],[-0.92602,41.57178],[-0.92056,41.56908],[-0.91663,41.56892],[-0.91509,41.57188],[-0.91234,41.57299],[-0.91123,41.57464],[-0.91159,41.57689],[-0.91094,41.57821],[-0.90799,41.5801],[-0.90684,41.58128],[-0.90622,41.58246],[-0.90691,41.58465],[-0.90629,41.58599],[-0.90663,41.58671],[-0.90732,41.58732],[-0.91163,41.58989],[-0.91268,41.59086],[-0.91328,41.59096],[-0.91386,41.59178],[-0.91578,41.59326],[-0.91745,41.59494],[-0.91831,41.59608],[-0.92034,41.5969],[-0.92133,41.59794],[-0.92168,41.59962],[-0.9209,41.60202],[-0.92091,41.60279],[-0.9212,41.60333],[-0.92204,41.60331],[-0.92277,41.60261],[-0.92298,41.60206],[-0.9244,41.6009],[-0.92713,41.60254],[-0.92761,41.60345],[-0.92708,41.60373],[-0.92633,41.60341],[-0.92661,41.60404],[-0.92608,41.60519],[-0.92641,41.60603],[-0.92731,41.6065],[-0.92695,41.60734],[-0.92776,41.60924],[-0.92777,41.60928]]]}},{"type":"Feature","properties":{"COD_POSTAL":"50009"},"geometry":{"type":"Polygon","coordinates":[[[-0.90259,41.64759],[-0.90275,41.64779],[-0.90361,41.6476],[-0.90766,41.64622],[-0.90793,41.6468],[-0.91175,41.64556],[-0.91115,41.64521],[-0.91595,41.64382],[-0.91279,41.63652],[-0.91165,41.63535],[-0.91016,41.63457],[-0.9132,41.63313],[-0.91083,41.6303],[-0.9066,41.62866],[-0.90585,41.627],[-0.90642,41.62579],[-0.90587,41.62449],[-0.90456,41.62283],[-0.90203,41.6235],[-0.90204,41.62416],[-0.90377,41.62477],[-0.90375,41.62539],[-0.90306,41.6257],[-0.90264,41.62551],[-0.90233,41.62566],[-0.90213,41.62616],[-0.90104,41.62672],[-0.90215,41.62823],[-0.90206,41.6291],[-0.9006,41.6298],[-0.89781,41.62812],[-0.89747,41.62852],[-0.90043,41.63018],[-0.8994,41.63114],[-0.89839,41.63151],[-0.89862,41.63293],[-0.89802,41.63378],[-0.89869,41.6342],[-0.89858,41.63501],[-0.89881,41.63543],[-0.89889,41.63697],[-0.89804,41.63742],[-0.89527,41.64035],[-0.8966,41.64137],[-0.8959,41.64214],[-0.89452,41.64161],[-0.89301,41.64324],[-0.89325,41.64331],[-0.89421,41.64224],[-0.89936,41.645],[-0.90007,41.64502],[-0.90212,41.64776],[-0.90259,41.64759]]]}},{"type":"Feature","properties":{"COD_POSTAL":"50180"},"geometry":{"type":"Polygon","coordinates":[[[-0.98088,41.73222],[-0.98944,41.73688],[-0.99486,41.74056],[-0.99715,41.7441],[-0.99747,41.74426],[-1.00125,41.74047],[-1.00241,41.74044],[-1.0016,41.73953],[-1.0014,41.73744],[-1.00307,41.7335],[-1.00392,41.73247],[-1.0053,41.73142],[-1.00838,41.73129],[-1.01226,41.73232],[-1.01516,41.72984],[-1.01469,41.72961],[-1.01081,41.72451],[-1.00884,41.7232],[-1.01207,41.71717],[-1.01453,41.71442],[-1.02188,41.71786],[-1.02382,41.7191],[-1.02415,41.71888],[-1.02458,41.71782],[-1.02496,41.71782],[-1.02769,41.71584],[-1.02856,41.71545],[-1.02961,41.71432],[-1.02976,41.7137],[-1.02931,41.71294],[-1.02898,41.71081],[-1.02939,41.70982],[-1.03001,41.70929],[-1.03092,41.709],[-1.03193,41.7083],[-1.03288,41.70839],[-1.03632,41.71013],[-1.03794,41.70985],[-1.04084,41.70701],[-1.03277,41.70021],[-1.03198,41.69855],[-1.02895,41.69742],[-1.02661,41.69719],[-1.02197,41.6951],[-1.01987,41.69475],[-1.01888,41.6943],[-1.01816,41.69464],[-1.01703,41.69403],[-1.01453,41.69326],[-1.01251,41.69294],[-1.00815,41.69121],[-1.00237,41.69855],[-1.00068,41.70253],[-0.98744,41.6941],[-0.98523,41.69593],[-0.98392,41.69832],[-0.97981,41.70155],[-0.97892,41.70202],[-0.9794,41.7027],[-0.97771,41.70393],[-0.97362,41.70777],[-0.97437,41.70829],[-0.97324,41.71207],[-0.96897,41.71824],[-0.96804,41.71908],[-0.96659,41.72098],[-0.96794,41.72197],[-0.96716,41.72264],[-0.96972,41.7237],[-0.97143,41.72397],[-0.97224,41.72438],[-0.9778,41.73012],[-0.9805,41.73198],[-0.98088,41.73222]]]}},{"type":"Feature","properties":{"COD_POSTAL":"50108"},"geometry":{"type":"Polygon","coordinates":[[[-1.29262,41.44831],[-1.2932,41.44945],[-1.29453,41.45094],[-1.30174,41.45563],[-1.30266,41.46077],[-1.30457,41.46148],[-1.30572,41.46165],[-1.30913,41.46105],[-1.31907,41.46015],[-1.33682,41.45803],[-1.33874,41.45656],[-1.34173,41.45344],[-1.3419,41.45146],[-1.34401,41.44908],[-1.34613,41.44621],[-1.34789,41.44304],[-1.34819,41.44179],[-1.34936,41.43992],[-1.34968,41.43866],[-1.35021,41.43566],[-1.34984,41.43478],[-1.34937,41.42891],[-1.34961,41.42559],[-1.35009,41.4238],[-1.34994,41.42127],[-1.35011,41.41978],[-1.35171,41.41861],[-1.35587,41.4179],[-1.35745,41.41615],[-1.36124,41.41509],[-1.36483,41.41231],[-1.36605,41.4122],[-1.36754,41.41286],[-1.36834,41.41207],[-1.36774,41.41048],[-1.36782,41.40985],[-1.37031,41.4075],[-1.37173,41.40554],[-1.37557,41.40271],[-1.37331,41.40066],[-1.37149,41.40022],[-1.36986,41.39933],[-1.36751,41.4],[-1.36691,41.39989],[-1.36542,41.39782],[-1.36221,41.39414],[-1.36238,41.393],[-1.36217,41.39173],[-1.36248,41.38967],[-1.36361,41.38622],[-1.3606,41.38533],[-1.35664,41.38513],[-1.35712,41.38428],[-1.35665,41.38222],[-1.35486,41.37952],[-1.35324,41.37788],[-1.35249,41.37464],[-1.35096,41.37396],[-1.35045,41.37334],[-1.34995,41.37001],[-1.34954,41.36879],[-1.33713,41.37108],[-1.33616,41.37191],[-1.33516,41.37335],[-1.33486,41.37456],[-1.33124,41.37545],[-1.32353,41.37581],[-1.32065,41.37557],[-1.31989,41.37534],[-1.31866,41.37452],[-1.31698,41.37474],[-1.31562,41.37561],[-1.30692,41.38333],[-1.29696,41.3877],[-1.2943,41.39114],[-1.29285,41.3926],[-1.28719,41.39551],[-1.2765,41.39831],[-1.25962,41.40149],[-1.26206,41.40237],[-1.26542,41.40926],[-1.26691,41.41178],[-1.26838,41.41353],[-1.27134,41.41576],[-1.27544,41.41779],[-1.27833,41.41958],[-1.27976,41.42095],[-1.2826,41.42523],[-1.28425,41.42902],[-1.28626,41.43264],[-1.28927,41.43598],[-1.29083,41.43852],[-1.29149,41.44227],[-1.29121,41.44385],[-1.29262,41.44831]]]}},{"type":"Feature","properties":{"COD_POSTAL":"50316"},"geometry":{"type":"Polygon","coordinates":[[[-1.97837,41.52455],[-1.9763,41.52316],[-1.97602,41.52273],[-1.97586,41.5216],[-1.97651,41.5213],[-1.97499,41.51606],[-1.97879,41.50409],[-1.97651,41.50034],[-1.97664,41.49671],[-1.97971,41.48771],[-1.98111,41.48644],[-1.96998,41.48145],[-1.96521,41.48465],[-1.95975,41.48656],[-1.95774,41.48804],[-1.95359,41.48812],[-1.9483,41.49033],[-1.9456,41.49057],[-1.94244,41.49197],[-1.93165,41.49554],[-1.92964,41.49697],[-1.92574,41.4985],[-1.92374,41.50028],[-1.92282,41.5008],[-1.91672,41.50252],[-1.91263,41.50338],[-1.90532,41.50982],[-1.89933,41.50916],[-1.89824,41.50874],[-1.89264,41.50869],[-1.89066,41.5084],[-1.8867,41.50829],[-1.88356,41.50853],[-1.88113,41.50775],[-1.87893,41.50865],[-1.87792,41.51067],[-1.87441,41.51112],[-1.87287,41.51401],[-1.8723,41.51437],[-1.86549,41.5135],[-1.86483,41.51328],[-1.86454,41.51286],[-1.86467,41.51227],[-1.86162,41.51138],[-1.86087,41.51243],[-1.85871,41.51667],[-1.85188,41.52469],[-1.85419,41.5271],[-1.86024,41.53228],[-1.86001,41.53314],[-1.86292,41.53533],[-1.86519,41.53627],[-1.86626,41.53642],[-1.87355,41.5426],[-1.87909,41.54565],[-1.88122,41.54728],[-1.88202,41.54726],[-1.88468,41.54992],[-1.88521,41.54976],[-1.88799,41.55261],[-1.89081,41.55351],[-1.89338,41.55552],[-1.89505,41.55577],[-1.89586,41.55616],[-1.89781,41.55714],[-1.89982,41.55912],[-1.9021,41.5599],[-1.90215,41.56155],[-1.90535,41.56394],[-1.90482,41.56437],[-1.90547,41.56572],[-1.90491,41.56649],[-1.90377,41.56713],[-1.90365,41.56836],[-1.90206,41.56869],[-1.90092,41.56985],[-1.90124,41.57103],[-1.90024,41.57569],[-1.90068,41.57664],[-1.90062,41.57868],[-1.90174,41.58025],[-1.90135,41.58081],[-1.90174,41.58127],[-1.90255,41.58485],[-1.9028,41.58533],[-1.9096,41.58971],[-1.91597,41.59482],[-1.92171,41.59684],[-1.9231,41.59833],[-1.95802,41.60484],[-1.9693,41.60564],[-1.976,41.60293],[-1.97705,41.60305],[-1.98058,41.60437],[-1.98451,41.60707],[-1.98836,41.60369],[-1.99324,41.60051],[-1.99289,41.59516],[-1.99197,41.59036],[-1.99492,41.58232],[-1.99495,41.58088],[-1.99464,41.57964],[-1.99369,41.57709],[-1.99311,41.57646],[-1.98892,41.5728],[-1.98545,41.56884],[-1.98312,41.56757],[-1.98066,41.5647],[-1.98187,41.56203],[-1.97835,41.5586],[-1.97674,41.55741],[-1.97355,41.55797],[-1.97128,41.55565],[-1.96856,41.55127],[-1.9687,41.55077],[-1.97043,41.54867],[-1.96831,41.54666],[-1.96733,41.54607],[-1.97148,41.53704],[-1.97305,41.53416],[-1.97198,41.53281],[-1.97286,41.53208],[-1.97525,41.5292],[-1.97656,41.52821],[-1.97744,41.52709],[-1.97818,41.52669],[-1.9784,41.52586],[-1.97837,41.52455]]]}},{"type":"Feature","properties":{"COD_POSTAL":"50219"},"geometry":{"type":"MultiPolygon","coordinates":[[[[-1.74938,41.30076],[-1.75086,41.2974],[-1.75352,41.29474],[-1.75555,41.29308],[-1.75639,41.29164],[-1.75704,41.29105],[-1.7575,41.28927],[-1.75457,41.28572],[-1.75338,41.28528],[-1.74986,41.2849],[-1.74846,41.28399],[-1.74956,41.28594],[-1.74234,41.28893],[-1.74144,41.28973],[-1.73908,41.29325],[-1.73893,41.29387],[-1.73939,41.2953],[-1.73928,41.29743],[-1.73789,41.30035],[-1.73728,41.30108],[-1.73677,41.3024],[-1.73539,41.30307],[-1.7333,41.30456],[-1.7322,41.30644],[-1.73219,41.30692],[-1.73316,41.30937],[-1.73433,41.30995],[-1.73544,41.30959],[-1.74107,41.31014],[-1.7463,41.30988],[-1.74878,41.3106],[-1.74925,41.30965],[-1.75193,41.30747],[-1.75254,41.30677],[-1.75258,41.3064],[-1.75169,41.30501],[-1.75006,41.3036],[-1.74938,41.30076]]],[[[-1.75893,41.2688],[-1.7638,41.25771],[-1.76423,41.25523],[-1.76385,41.2515],[-1.76442,41.25094],[-1.76523,41.24917],[-1.76416,41.24872],[-1.76458,41.24796],[-1.76447,41.24738],[-1.76141,41.2394],[-1.76037,41.23728],[-1.75419,41.23545],[-1.75065,41.23273],[-1.74194,41.22796],[-1.74128,41.2264],[-1.73984,41.2242],[-1.73961,41.22265],[-1.73716,41.22178],[-1.73602,41.22161],[-1.73436,41.21956],[-1.72994,41.21826],[-1.7267,41.21426],[-1.72743,41.21114],[-1.72516,41.2111],[-1.72449,41.21079],[-1.72165,41.20829],[-1.71879,41.20815],[-1.71783,41.20714],[-1.71459,41.20628],[-1.71357,41.20423],[-1.71296,41.20363],[-1.71158,41.20282],[-1.70765,41.20128],[-1.70618,41.19985],[-1.7032,41.19994],[-1.69947,41.20202],[-1.69877,41.2043],[-1.69771,41.20978],[-1.69318,41.21127],[-1.69185,41.21262],[-1.69211,41.21356],[-1.69123,41.21563],[-1.68849,41.21789],[-1.68554,41.21988],[-1.68276,41.21992],[-1.68034,41.22103],[-1.67983,41.22316],[-1.67988,41.22582],[-1.68062,41.22706],[-1.68111,41.22884],[-1.68174,41.22984],[-1.68232,41.22967],[-1.68262,41.23088],[-1.6775,41.23286],[-1.67763,41.23349],[-1.67984,41.23538],[-1.68058,41.23685],[-1.6809,41.23888],[-1.67748,41.24289],[-1.67921,41.24432],[-1.68148,41.24687],[-1.6843,41.25157],[-1.6833,41.25274],[-1.68461,41.25562],[-1.68274,41.25764],[-1.68418,41.26194],[-1.68388,41.26574],[-1.68054,41.2678],[-1.68053,41.26805],[-1.68332,41.27114],[-1.68859,41.27152],[-1.69289,41.27045],[-1.69674,41.26875],[-1.70057,41.26924],[-1.70409,41.26898],[-1.70846,41.26951],[-1.70931,41.27086],[-1.71118,41.27191],[-1.71428,41.27257],[-1.71409,41.27439],[-1.71286,41.2752],[-1.71162,41.27811],[-1.71173,41.2789],[-1.71235,41.27952],[-1.71172,41.28072],[-1.71273,41.28333],[-1.7126,41.28529],[-1.71307,41.28604],[-1.6922,41.28922],[-1.6907,41.29364],[-1.69104,41.2959],[-1.69183,41.29814],[-1.69283,41.29938],[-1.69903,41.30132],[-1.70257,41.30066],[-1.70527,41.29821],[-1.70856,41.298],[-1.71129,41.29704],[-1.71381,41.297],[-1.71292,41.29511],[-1.71121,41.29334],[-1.71074,41.29304],[-1.70713,41.29236],[-1.70817,41.29142],[-1.7086,41.28993],[-1.71051,41.28927],[-1.71104,41.28866],[-1.71194,41.28822],[-1.71235,41.28816],[-1.71622,41.28963],[-1.71767,41.2894],[-1.7183,41.2905],[-1.71995,41.29153],[-1.72102,41.29137],[-1.72235,41.29207],[-1.72451,41.29121],[-1.72504,41.28974],[-1.733,41.28712],[-1.73396,41.28785],[-1.73678,41.28765],[-1.74006,41.28687],[-1.7401,41.28615],[-1.74112,41.28551],[-1.74615,41.28385],[-1.74639,41.28285],[-1.74675,41.28249],[-1.75472,41.28144],[-1.76377,41.2819],[-1.76372,41.28094],[-1.76287,41.27861],[-1.76386,41.27649],[-1.76184,41.27441],[-1.7634,41.27411],[-1.76483,41.27156],[-1.75837,41.27025],[-1.75893,41.2688]]]]}},{"type":"Feature","properties":{"COD_POSTAL":"50138"},"geometry":{"type":"Polygon","coordinates":[[[-0.92135,41.41778],[-0.9223,41.41601],[-0.92052,41.4123],[-0.9191,41.41015],[-0.91947,41.40951],[-0.91959,41.40852],[-0.91644,41.40748],[-0.91574,41.4065],[-0.91628,41.4048],[-0.91745,41.40281],[-0.913,41.39944],[-0.91248,41.39871],[-0.9104,41.39733],[-0.90891,41.39781],[-0.90395,41.39841],[-0.90123,41.3998],[-0.89937,41.40148],[-0.89878,41.40216],[-0.89756,41.4048],[-0.89279,41.40369],[-0.89069,41.40416],[-0.89125,41.40523],[-0.8919,41.40573],[-0.89134,41.40695],[-0.89018,41.40759],[-0.88964,41.40864],[-0.88755,41.40954],[-0.88722,41.41075],[-0.88608,41.41203],[-0.88402,41.41234],[-0.88179,41.41411],[-0.87961,41.41418],[-0.87657,41.41548],[-0.87608,41.41652],[-0.87526,41.41732],[-0.87558,41.41824],[-0.8755,41.41864],[-0.87384,41.42013],[-0.87357,41.42141],[-0.87193,41.42206],[-0.87154,41.42252],[-0.87139,41.42535],[-0.87004,41.42652],[-0.86623,41.42659],[-0.86576,41.42677],[-0.86267,41.42976],[-0.86116,41.4323],[-0.85923,41.43246],[-0.8577,41.43427],[-0.85315,41.43397],[-0.85274,41.43528],[-0.85369,41.43658],[-0.85275,41.43735],[-0.85192,41.43732],[-0.8484,41.43886],[-0.8467,41.4391],[-0.84595,41.43953],[-0.84546,41.44026],[-0.84576,41.44171],[-0.84548,41.44244],[-0.8435,41.44362],[-0.84191,41.44335],[-0.83885,41.44484],[-0.83847,41.44655],[-0.83923,41.44783],[-0.83635,41.44844],[-0.83492,41.44962],[-0.83238,41.44945],[-0.83169,41.44982],[-0.82855,41.44907],[-0.82646,41.44915],[-0.82585,41.4494],[-0.82515,41.45173],[-0.82676,41.45287],[-0.8282,41.45304],[-0.82977,41.45362],[-0.82989,41.45553],[-0.83113,41.45633],[-0.83103,41.45682],[-0.83331,41.45803],[-0.83351,41.45889],[-0.83318,41.45991],[-0.83293,41.46008],[-0.83328,41.46061],[-0.83632,41.46268],[-0.83835,41.4632],[-0.83976,41.46404],[-0.84118,41.46699],[-0.84261,41.46793],[-0.8428,41.46875],[-0.84355,41.46943],[-0.8437,41.47021],[-0.84293,41.47083],[-0.84459,41.47307],[-0.84678,41.47458],[-0.84924,41.47452],[-0.85162,41.47505],[-0.85264,41.47553],[-0.85487,41.47753],[-0.85522,41.4789],[-0.85602,41.47956],[-0.8571,41.47993],[-0.85787,41.48083],[-0.85918,41.48126],[-0.85977,41.48202],[-0.86077,41.48268],[-0.861,41.48314],[-0.86202,41.48362],[-0.86226,41.48399],[-0.8623,41.48569],[-0.86812,41.48945],[-0.87149,41.49123],[-0.87332,41.49311],[-0.8753,41.49199],[-0.87923,41.4905],[-0.88046,41.48978],[-0.88185,41.48964],[-0.88244,41.48913],[-0.88333,41.48913],[-0.88376,41.4881],[-0.88352,41.4862],[-0.88533,41.48581],[-0.88726,41.48643],[-0.89153,41.48635],[-0.89869,41.48739],[-0.905,41.48724],[-0.90918,41.48775],[-0.91164,41.48726],[-0.91383,41.48768],[-0.91499,41.48757],[-0.91725,41.48649],[-0.91708,41.48534],[-0.91649,41.48417],[-0.9161,41.48264],[-0.91584,41.48067],[-0.91737,41.48003],[-0.91779,41.47952],[-0.91853,41.47766],[-0.91862,41.47643],[-0.92014,41.47244],[-0.92,41.4712],[-0.91888,41.46747],[-0.91795,41.46661],[-0.91608,41.46398],[-0.91595,41.46208],[-0.9148,41.46036],[-0.9145,41.45895],[-0.91514,41.45758],[-0.91547,41.45617],[-0.91534,41.45429],[-0.91722,41.45018],[-0.91748,41.44808],[-0.92019,41.44513],[-0.92046,41.44326],[-0.92172,41.44151],[-0.92225,41.43994],[-0.9219,41.43903],[-0.92266,41.43796],[-0.9227,41.43675],[-0.9235,41.43425],[-0.92335,41.43208],[-0.92409,41.42851],[-0.92491,41.42615],[-0.92368,41.42457],[-0.92188,41.42404],[-0.92104,41.42242],[-0.92023,41.42145],[-0.9209,41.41843],[-0.92135,41.41778]]]}},{"type":"Feature","properties":{"COD_POSTAL":"50130"},"geometry":{"type":"MultiPolygon","coordinates":[[[[-0.48908,41.35027],[-0.48608,41.34772],[-0.48116,41.346],[-0.47588,41.34601],[-0.47015,41.34703],[-0.46707,41.34692],[-0.46282,41.34576],[-0.46151,41.34575],[-0.45756,41.34638],[-0.44774,41.34986],[-0.4443,41.35025],[-0.45158,41.35459],[-0.45327,41.3568],[-0.45349,41.35946],[-0.45835,41.36361],[-0.45955,41.36518],[-0.46227,41.36378],[-0.46683,41.362],[-0.47314,41.36376],[-0.48381,41.36626],[-0.48994,41.36453],[-0.49195,41.35952],[-0.49298,41.35111],[-0.49189,41.35081],[-0.48908,41.35027]]],[[[-0.82068,41.31752],[-0.8125,41.31342],[-0.81231,41.31271],[-0.81278,41.31082],[-0.81054,41.30791],[-0.80826,41.30657],[-0.80883,41.30502],[-0.80821,41.30398],[-0.80589,41.30297],[-0.80377,41.30088],[-0.80128,41.29957],[-0.80057,41.29892],[-0.79943,41.29884],[-0.79801,41.29789],[-0.79626,41.29848],[-0.79539,41.29834],[-0.79439,41.29717],[-0.78993,41.295],[-0.78927,41.294],[-0.7892,41.29283],[-0.78838,41.29262],[-0.78885,41.2914],[-0.78778,41.29124],[-0.78666,41.29022],[-0.78378,41.28946],[-0.78351,41.28877],[-0.78366,41.28781],[-0.78227,41.28786],[-0.78074,41.28729],[-0.77773,41.2848],[-0.77534,41.28243],[-0.77385,41.27954],[-0.77212,41.2784],[-0.76877,41.27725],[-0.76843,41.27451],[-0.76654,41.27398],[-0.76383,41.27261],[-0.76143,41.27258],[-0.76065,41.27127],[-0.76062,41.26992],[-0.76035,41.2693],[-0.75958,41.26846],[-0.75807,41.26816],[-0.75687,41.26744],[-0.75551,41.26601],[-0.75158,41.26442],[-0.75087,41.26288],[-0.75096,41.26217],[-0.7493,41.25853],[-0.74747,41.25763],[-0.74626,41.25654],[-0.74576,41.25597],[-0.74515,41.25417],[-0.74349,41.25416],[-0.7393,41.25078],[-0.73741,41.25131],[-0.7362,41.25112],[-0.73518,41.25159],[-0.73255,41.25106],[-0.7311,41.25024],[-0.72942,41.25013],[-0.72625,41.24873],[-0.72292,41.24843],[-0.72002,41.24752],[-0.71824,41.24659],[-0.71601,41.24578],[-0.71294,41.24509],[-0.70841,41.24534],[-0.70531,41.24491],[-0.70139,41.24504],[-0.69629,41.24454],[-0.69477,41.24484],[-0.69385,41.24542],[-0.68612,41.24355],[-0.68167,41.24322],[-0.6793,41.24159],[-0.66922,41.23685],[-0.66635,41.23857],[-0.66315,41.23941],[-0.651,41.23796],[-0.64278,41.23836],[-0.63543,41.24298],[-0.62704,41.247],[-0.62546,41.24817],[-0.62875,41.25982],[-0.627,41.27035],[-0.62726,41.28],[-0.62982,41.28625],[-0.63197,41.3018],[-0.62972,41.31176],[-0.60552,41.32221],[-0.60526,41.32331],[-0.60708,41.32559],[-0.60965,41.328],[-0.61267,41.3335],[-0.61236,41.33987],[-0.60609,41.34007],[-0.60072,41.34111],[-0.59966,41.34237],[-0.59771,41.3422],[-0.59687,41.3426],[-0.59453,41.34241],[-0.59037,41.34331],[-0.58901,41.34465],[-0.58661,41.34504],[-0.58435,41.34728],[-0.58339,41.34719],[-0.58179,41.34812],[-0.57738,41.34983],[-0.57662,41.34963],[-0.57637,41.35079],[-0.57154,41.3522],[-0.56975,41.35301],[-0.56927,41.35359],[-0.56773,41.35391],[-0.56698,41.3565],[-0.56943,41.35598],[-0.57118,41.35673],[-0.57135,41.35745],[-0.57774,41.3593],[-0.58065,41.36141],[-0.5814,41.36141],[-0.58384,41.36412],[-0.58529,41.36526],[-0.58787,41.36885],[-0.59031,41.37069],[-0.58984,41.37169],[-0.59139,41.37284],[-0.59296,41.37277],[-0.59526,41.37525],[-0.59506,41.37624],[-0.59958,41.37803],[-0.60298,41.38456],[-0.60386,41.38799],[-0.62884,41.40273],[-0.63251,41.40215],[-0.64119,41.39468],[-0.64689,41.39109],[-0.65275,41.3855],[-0.66813,41.39087],[-0.67192,41.39258],[-0.67281,41.39357],[-0.67665,41.39526],[-0.6786,41.39549],[-0.68064,41.39489],[-0.68264,41.39487],[-0.68543,41.39573],[-0.68878,41.39531],[-0.69269,41.39591],[-0.69589,41.39686],[-0.70198,41.39919],[-0.70553,41.40092],[-0.71128,41.403],[-0.71469,41.4026],[-0.72468,41.40557],[-0.72784,41.407],[-0.73797,41.4132],[-0.75314,41.41938],[-0.76917,41.42233],[-0.78276,41.42425],[-0.77921,41.42134],[-0.78129,41.41812],[-0.78129,41.41617],[-0.78076,41.4145],[-0.78118,41.41385],[-0.78138,41.41226],[-0.78274,41.40865],[-0.78803,41.40084],[-0.78968,41.39797],[-0.79097,41.39632],[-0.79364,41.39066],[-0.79685,41.38586],[-0.79758,41.38405],[-0.79864,41.3831],[-0.79879,41.38223],[-0.79954,41.38087],[-0.80003,41.37875],[-0.80549,41.37349],[-0.80591,41.37185],[-0.80861,41.36889],[-0.80898,41.36766],[-0.81105,41.36636],[-0.81308,41.36471],[-0.81751,41.35925],[-0.81992,41.35956],[-0.82442,41.359],[-0.82617,41.3569],[-0.83299,41.35075],[-0.83456,41.34959],[-0.84158,41.34693],[-0.84365,41.34465],[-0.85109,41.33981],[-0.85417,41.33987],[-0.85633,41.3402],[-0.85688,41.34001],[-0.85806,41.33904],[-0.85861,41.33719],[-0.85887,41.33507],[-0.86095,41.33446],[-0.86404,41.33418],[-0.86565,41.33341],[-0.86825,41.33293],[-0.8437,41.32667],[-0.83134,41.32376],[-0.82384,41.32089],[-0.82155,41.31847],[-0.82068,41.31752]],[[-0.71129,41.32999],[-0.71263,41.33271],[-0.71213,41.33352],[-0.70992,41.33613],[-0.70491,41.34075],[-0.70085,41.34546],[-0.69711,41.34492],[-0.69678,41.34707],[-0.69505,41.34845],[-0.69494,41.35009],[-0.69118,41.35033],[-0.68559,41.35377],[-0.68189,41.35506],[-0.67321,41.35556],[-0.66331,41.34983],[-0.65718,41.34921],[-0.65051,41.352],[-0.64926,41.35208],[-0.64721,41.35318],[-0.63849,41.35588],[-0.64215,41.34876],[-0.64225,41.34748],[-0.644,41.34449],[-0.64648,41.34458],[-0.65492,41.34331],[-0.66199,41.34007],[-0.66167,41.33778],[-0.66259,41.3361],[-0.66509,41.33544],[-0.6671,41.33582],[-0.67277,41.33352],[-0.68632,41.32648],[-0.69618,41.32171],[-0.70178,41.32273],[-0.70661,41.32518],[-0.70967,41.32832],[-0.71129,41.32999]]]]}},{"type":"Feature","properties":{"COD_POSTAL":"50330"},"geometry":{"type":"Polygon","coordinates":[[[-1.44899,41.20642],[-1.43706,41.21922],[-1.43619,41.22133],[-1.43303,41.22574],[-1.43113,41.22742],[-1.42938,41.22945],[-1.42867,41.23103],[-1.42436,41.23625],[-1.42265,41.23909],[-1.42101,41.24124],[-1.41788,41.24303],[-1.41696,41.24421],[-1.40724,41.24616],[-1.40362,41.24821],[-1.40105,41.24774],[-1.3992,41.24578],[-1.39866,41.24576],[-1.39634,41.24659],[-1.39557,41.247],[-1.39279,41.25047],[-1.39304,41.25352],[-1.39282,41.25392],[-1.39048,41.25503],[-1.38751,41.25534],[-1.38597,41.25703],[-1.38744,41.25762],[-1.38915,41.25879],[-1.39124,41.26131],[-1.39245,41.26238],[-1.39527,41.26394],[-1.397,41.26425],[-1.39809,41.2649],[-1.4006,41.26719],[-1.40229,41.26936],[-1.40527,41.26954],[-1.40712,41.2702],[-1.41161,41.27265],[-1.42173,41.2788],[-1.42468,41.28011],[-1.42661,41.28147],[-1.42923,41.27787],[-1.43406,41.27611],[-1.4353,41.27539],[-1.43743,41.27343],[-1.44009,41.27159],[-1.44138,41.26934],[-1.44216,41.26865],[-1.4431,41.26802],[-1.44573,41.26703],[-1.44683,41.26602],[-1.44943,41.26769],[-1.45082,41.26815],[-1.45262,41.26824],[-1.4535,41.26813],[-1.45636,41.2663],[-1.458,41.26591],[-1.46074,41.26586],[-1.46481,41.26958],[-1.46677,41.27099],[-1.46949,41.27216],[-1.47294,41.27228],[-1.47564,41.2729],[-1.47969,41.27437],[-1.48129,41.27402],[-1.48567,41.27447],[-1.48776,41.27497],[-1.48851,41.27459],[-1.49059,41.27441],[-1.49474,41.27358],[-1.4992,41.27416],[-1.50417,41.27428],[-1.50797,41.27024],[-1.51589,41.26286],[-1.52635,41.25936],[-1.52905,41.25762],[-1.52868,41.25647],[-1.52903,41.25417],[-1.52831,41.25152],[-1.52191,41.24817],[-1.52084,41.24741],[-1.51439,41.24499],[-1.50931,41.24201],[-1.50829,41.24058],[-1.5047,41.23749],[-1.50019,41.23425],[-1.49777,41.2316],[-1.49472,41.22748],[-1.49466,41.22496],[-1.48693,41.21793],[-1.47401,41.21444],[-1.46997,41.21377],[-1.46722,41.20894],[-1.47506,41.20655],[-1.47626,41.20473],[-1.47499,41.20364],[-1.47436,41.20183],[-1.47229,41.20088],[-1.46908,41.20034],[-1.4667,41.19944],[-1.46345,41.1978],[-1.46029,41.19661],[-1.45241,41.19239],[-1.45191,41.19158],[-1.45026,41.18718],[-1.44967,41.18786],[-1.44961,41.18962],[-1.44822,41.19532],[-1.44996,41.2053],[-1.44899,41.20642]]]}},{"type":"Feature","properties":{"COD_POSTAL":"50293"},"geometry":{"type":"Polygon","coordinates":[[[-1.7583,41.33985],[-1.7579,41.33837],[-1.75768,41.33617],[-1.75696,41.33487],[-1.75494,41.3325],[-1.75319,41.33087],[-1.7531,41.33006],[-1.75335,41.3288],[-1.75309,41.32812],[-1.74526,41.32367],[-1.74376,41.32186],[-1.74376,41.3217],[-1.75151,41.32074],[-1.75037,41.31909],[-1.74919,41.31787],[-1.74995,41.31746],[-1.75044,41.31608],[-1.75074,41.31605],[-1.75155,41.31461],[-1.75273,41.31364],[-1.7528,41.31284],[-1.75047,41.31117],[-1.7463,41.30988],[-1.74107,41.31014],[-1.73544,41.30959],[-1.73433,41.30995],[-1.73316,41.30937],[-1.73219,41.30692],[-1.7322,41.30644],[-1.73293,41.30495],[-1.73539,41.30307],[-1.73677,41.3024],[-1.73728,41.30108],[-1.73789,41.30035],[-1.73928,41.29743],[-1.73938,41.29496],[-1.73896,41.29354],[-1.74144,41.28973],[-1.74234,41.28893],[-1.74956,41.28594],[-1.74846,41.28399],[-1.74675,41.28249],[-1.74639,41.28285],[-1.74615,41.28385],[-1.74112,41.28551],[-1.7401,41.28615],[-1.74006,41.28687],[-1.73678,41.28765],[-1.73396,41.28785],[-1.733,41.28712],[-1.72504,41.28974],[-1.72451,41.29121],[-1.72235,41.29207],[-1.72102,41.29137],[-1.71995,41.29153],[-1.7183,41.2905],[-1.71767,41.2894],[-1.71622,41.28963],[-1.71235,41.28816],[-1.71145,41.2884],[-1.71051,41.28927],[-1.70904,41.28963],[-1.70842,41.29017],[-1.70817,41.29142],[-1.70713,41.29236],[-1.71074,41.29304],[-1.71121,41.29334],[-1.71292,41.29511],[-1.71381,41.297],[-1.71129,41.29704],[-1.70856,41.298],[-1.70527,41.29821],[-1.70257,41.30066],[-1.69859,41.30146],[-1.69578,41.30286],[-1.69536,41.30354],[-1.69551,41.3052],[-1.69482,41.30684],[-1.69475,41.30884],[-1.69385,41.31035],[-1.69371,41.31139],[-1.69317,41.31246],[-1.69078,41.31443],[-1.68867,41.31553],[-1.68657,41.31376],[-1.68867,41.31553],[-1.69078,41.31443],[-1.69807,41.31836],[-1.69932,41.32208],[-1.69598,41.32187],[-1.69535,41.32231],[-1.69262,41.32466],[-1.69334,41.32591],[-1.69312,41.32669],[-1.69559,41.33353],[-1.69766,41.33621],[-1.69973,41.33796],[-1.70047,41.33786],[-1.70662,41.34654],[-1.71083,41.35025],[-1.71185,41.3526],[-1.71094,41.35638],[-1.71266,41.3579],[-1.71846,41.35904],[-1.72163,41.35852],[-1.72731,41.36224],[-1.73155,41.36552],[-1.74205,41.36959],[-1.74303,41.37038],[-1.74358,41.36884],[-1.74721,41.36917],[-1.75063,41.36706],[-1.75223,41.36507],[-1.75377,41.36249],[-1.7562,41.36005],[-1.75734,41.35928],[-1.75777,41.35855],[-1.75801,41.35753],[-1.7579,41.35532],[-1.75864,41.35366],[-1.75877,41.35173],[-1.75997,41.35005],[-1.76139,41.34997],[-1.76167,41.34891],[-1.76146,41.34813],[-1.76233,41.34737],[-1.76158,41.34613],[-1.76045,41.34515],[-1.75888,41.34142],[-1.7583,41.33985]]]}},{"type":"Feature","properties":{"COD_POSTAL":"50420"},"geometry":{"type":"Polygon","coordinates":[[[-0.95231,41.57764],[-0.95551,41.57811],[-0.95775,41.57791],[-0.95995,41.57506],[-0.96293,41.56852],[-0.96446,41.56642],[-0.96656,41.56402],[-0.97241,41.55817],[-0.97694,41.55088],[-0.98217,41.54784],[-0.98245,41.54697],[-0.97757,41.5428],[-0.97589,41.54195],[-0.97423,41.54051],[-0.97185,41.53927],[-0.97121,41.5387],[-0.96681,41.53804],[-0.96464,41.53856],[-0.9627,41.53713],[-0.95981,41.53679],[-0.95889,41.53511],[-0.95939,41.53457],[-0.95799,41.53119],[-0.9582,41.53055],[-0.95217,41.52608],[-0.95018,41.52381],[-0.94698,41.51923],[-0.94526,41.51722],[-0.94232,41.52247],[-0.94394,41.52655],[-0.94366,41.52859],[-0.94426,41.53129],[-0.9387,41.53498],[-0.93819,41.53675],[-0.93386,41.53653],[-0.934,41.53695],[-0.93755,41.54033],[-0.93726,41.54334],[-0.93878,41.54377],[-0.93905,41.54432],[-0.94019,41.545],[-0.94124,41.54681],[-0.94388,41.54884],[-0.94406,41.54973],[-0.94589,41.55088],[-0.94708,41.55266],[-0.94583,41.55527],[-0.94592,41.55563],[-0.94781,41.55643],[-0.94768,41.55809],[-0.94804,41.55917],[-0.94727,41.55965],[-0.94586,41.56003],[-0.94669,41.56167],[-0.94738,41.56179],[-0.94761,41.56224],[-0.9472,41.56264],[-0.94747,41.56305],[-0.94736,41.56361],[-0.94551,41.565],[-0.94564,41.56543],[-0.94716,41.5665],[-0.94844,41.56684],[-0.94599,41.56902],[-0.94473,41.56973],[-0.94218,41.57314],[-0.94986,41.57702],[-0.95161,41.5753],[-0.95339,41.57596],[-0.95178,41.57763],[-0.95214,41.57762],[-0.95231,41.57764]]]}},{"type":"Feature","properties":{"COD_POSTAL":"50629"},"geometry":{"type":"Polygon","coordinates":[[[-1.02398,41.75869],[-1.02668,41.76042],[-1.03214,41.76037],[-1.03991,41.75567],[-1.04043,41.75596],[-1.04258,41.75501],[-1.04574,41.75429],[-1.05238,41.75138],[-1.0542,41.75083],[-1.0572,41.75114],[-1.06078,41.75006],[-1.0584,41.74665],[-1.05477,41.74496],[-1.05441,41.74416],[-1.0537,41.74378],[-1.05327,41.74323],[-1.05093,41.74188],[-1.05141,41.74056],[-1.04935,41.73965],[-1.0496,41.73871],[-1.05087,41.73645],[-1.0522,41.73467],[-1.05408,41.73133],[-1.04754,41.72911],[-1.04453,41.72708],[-1.03832,41.72378],[-1.03715,41.72594],[-1.03776,41.72712],[-1.03753,41.72739],[-1.03257,41.72802],[-1.0298,41.72774],[-1.0296,41.72803],[-1.02975,41.72892],[-1.02958,41.72929],[-1.02841,41.73051],[-1.02616,41.73397],[-1.02529,41.73485],[-1.0244,41.73493],[-1.02333,41.73451],[-1.02078,41.73084],[-1.01894,41.73203],[-1.01573,41.72921],[-1.01226,41.73232],[-1.00838,41.73129],[-1.0053,41.73142],[-1.00392,41.73247],[-1.00307,41.7335],[-1.0014,41.73744],[-1.0016,41.73953],[-1.00241,41.74044],[-1.00125,41.74047],[-0.99747,41.74426],[-0.99971,41.74544],[-1.00129,41.74709],[-1.00462,41.74921],[-1.00564,41.74962],[-1.00533,41.74996],[-1.00552,41.7501],[-1.00674,41.74905],[-1.00703,41.74907],[-1.01526,41.75231],[-1.01654,41.75294],[-1.02125,41.75737],[-1.02248,41.75762],[-1.02398,41.75869]]]}},{"type":"Feature","properties":{"COD_POSTAL":"50619"},"geometry":{"type":"Polygon","coordinates":[[[-1.09167,42.18453],[-1.05318,42.20813],[-1.05051,42.20447],[-1.04905,42.2035],[-1.04809,42.20246],[-1.04695,42.20038],[-1.04458,42.19728],[-1.04241,42.19589],[-1.04197,42.19449],[-1.04058,42.1922],[-1.04007,42.19073],[-1.0401,42.19006],[-1.0414,42.18983],[-1.04272,42.18825],[-1.04258,42.18687],[-1.04143,42.18412],[-1.03929,42.18586],[-1.03632,42.18725],[-1.03189,42.18873],[-1.02804,42.18917],[-1.02716,42.18907],[-1.02691,42.18999],[-1.02704,42.19102],[-1.02866,42.1935],[-1.02827,42.19535],[-1.02868,42.1955],[-1.02899,42.19609],[-1.02772,42.19983],[-1.02552,42.20407],[-1.02505,42.20653],[-1.02116,42.21177],[-1.02165,42.2132],[-1.02145,42.21421],[-1.01935,42.21574],[-1.0175,42.21842],[-1.01245,42.2218],[-1.00695,42.22714],[-1.00644,42.22719],[-1.00573,42.2269],[-1.00253,42.2275],[-1.00206,42.2282],[-1.00184,42.23003],[-0.99996,42.23099],[-0.99945,42.23206],[-0.99742,42.23352],[-0.99636,42.23619],[-0.99505,42.23815],[-0.99408,42.24014],[-0.99395,42.24279],[-0.99251,42.24585],[-0.99117,42.24796],[-0.98618,42.25116],[-0.98459,42.25313],[-0.98312,42.25556],[-0.98308,42.25682],[-0.9827,42.25795],[-0.98169,42.25971],[-0.98134,42.26367],[-0.98064,42.26574],[-0.9794,42.2668],[-0.97725,42.26768],[-0.97541,42.26893],[-0.97482,42.27144],[-0.97372,42.27318],[-0.9736,42.2743],[-0.97293,42.27551],[-0.97241,42.27779],[-0.97143,42.27915],[-0.97076,42.28081],[-0.97029,42.28311],[-0.96971,42.28421],[-0.96748,42.28642],[-0.96582,42.28734],[-0.96482,42.28846],[-0.96445,42.28956],[-0.96526,42.29369],[-0.96207,42.29661],[-0.96133,42.29774],[-0.96102,42.2987],[-0.96185,42.30061],[-0.96154,42.30432],[-0.96284,42.30594],[-0.96399,42.30671],[-0.95477,42.30734],[-0.95089,42.30705],[-0.95043,42.30715],[-0.9467,42.31023],[-0.93791,42.31069],[-0.93425,42.3105],[-0.93163,42.31214],[-0.93027,42.312],[-0.92261,42.3099],[-0.92131,42.30941],[-0.91844,42.30764],[-0.91386,42.30676],[-0.90648,42.30987],[-0.9055,42.31003],[-0.902,42.30696],[-0.89886,42.30525],[-0.89774,42.30516],[-0.89094,42.30281],[-0.88863,42.30262],[-0.88822,42.30327],[-0.88588,42.30485],[-0.88498,42.30579],[-0.88551,42.30657],[-0.88729,42.30739],[-0.88753,42.30803],[-0.88696,42.3086],[-0.88587,42.30905],[-0.88364,42.30944],[-0.88304,42.31002],[-0.8825,42.31094],[-0.88218,42.31323],[-0.88077,42.31422],[-0.87994,42.31519],[-0.87962,42.3161],[-0.88003,42.31797],[-0.8796,42.31889],[-0.87879,42.31946],[-0.87667,42.31955],[-0.8725,42.32236],[-0.87241,42.32355],[-0.8708,42.32448],[-0.87065,42.32547],[-0.86893,42.32825],[-0.8683,42.32859],[-0.86632,42.32891],[-0.86698,42.32996],[-0.86702,42.33077],[-0.86618,42.33261],[-0.86226,42.33518],[-0.85747,42.33889],[-0.85566,42.33992],[-0.85417,42.34286],[-0.85324,42.3454],[-0.85063,42.35423],[-0.84997,42.35908],[-0.84679,42.36239],[-0.84691,42.36422],[-0.84431,42.36588],[-0.84276,42.36634],[-0.84284,42.36739],[-0.84234,42.36843],[-0.84201,42.37266],[-0.84511,42.37348],[-0.84537,42.37503],[-0.84335,42.37796],[-0.8437,42.38167],[-0.84435,42.38295],[-0.84379,42.38355],[-0.84418,42.38464],[-0.84192,42.38636],[-0.83313,42.38199],[-0.82731,42.3831],[-0.82167,42.38456],[-0.81931,42.38933],[-0.81535,42.39497],[-0.81589,42.39615],[-0.8226,42.39783],[-0.8268,42.39585],[-0.82802,42.39431],[-0.83146,42.3944],[-0.83543,42.39553],[-0.84057,42.39878],[-0.84066,42.40191],[-0.84292,42.40313],[-0.8417,42.40452],[-0.84209,42.40739],[-0.84594,42.40866],[-0.84888,42.41025],[-0.85417,42.41126],[-0.85763,42.41232],[-0.8606,42.41373],[-0.86248,42.41433],[-0.86511,42.41465],[-0.87653,42.41774],[-0.87853,42.41853],[-0.87974,42.41939],[-0.88422,42.42106],[-0.88626,42.42211],[-0.88977,42.42444],[-0.89008,42.42503],[-0.89239,42.42607],[-0.89375,42.42717],[-0.89602,42.42808],[-0.8986,42.43137],[-0.90112,42.43325],[-0.90176,42.43324],[-0.90441,42.43476],[-0.90563,42.43646],[-0.90706,42.43704],[-0.90842,42.43747],[-0.90966,42.43602],[-0.91398,42.43242],[-0.91597,42.43275],[-0.91701,42.43385],[-0.91852,42.43455],[-0.92096,42.43511],[-0.92164,42.43595],[-0.92268,42.43596],[-0.9235,42.43681],[-0.92515,42.43787],[-0.92711,42.43839],[-0.92747,42.43919],[-0.9306,42.44112],[-0.93297,42.44149],[-0.93731,42.44424],[-0.93651,42.44511],[-0.9346,42.44646],[-0.9351,42.44675],[-0.94172,42.44901],[-0.94806,42.4519],[-0.95091,42.45212],[-0.95232,42.45338],[-0.95386,42.45392],[-0.95576,42.45508],[-0.95755,42.45509],[-0.95948,42.45471],[-0.96254,42.45574],[-0.96522,42.45612],[-0.96723,42.45603],[-0.96673,42.45756],[-0.96861,42.45828],[-0.97052,42.45825],[-0.97123,42.45801],[-0.9765,42.45895],[-0.98173,42.45891],[-0.98394,42.45865],[-0.98724,42.45773],[-0.98631,42.4547],[-0.98524,42.45259],[-0.98559,42.4517],[-0.98428,42.45118],[-0.9842,42.45092],[-0.9844,42.45073],[-0.98679,42.45073],[-0.98762,42.44902],[-0.98684,42.44712],[-0.98797,42.44555],[-0.98816,42.44481],[-0.98983,42.44425],[-0.99063,42.44355],[-0.98963,42.44281],[-0.98963,42.44258],[-0.99097,42.44234],[-0.99245,42.44273],[-0.9941,42.44376],[-0.99471,42.44476],[-0.99646,42.44537],[-0.99803,42.44559],[-1.00029,42.44483],[-1.00294,42.44229],[-1.00497,42.44095],[-1.0059,42.4414],[-1.00732,42.44157],[-1.00804,42.44129],[-1.00959,42.44116],[-1.01316,42.44214],[-1.01345,42.43929],[-1.01223,42.43805],[-1.00894,42.43579],[-1.00874,42.43322],[-1.00539,42.43198],[-1.00405,42.42898],[-1.00447,42.42704],[-1.0061,42.42408],[-1.00742,42.4237],[-1.01061,42.4234],[-1.01336,42.42177],[-1.01576,42.42186],[-1.01688,42.42005],[-1.02414,42.42123],[-1.02963,42.42028],[-1.03326,42.4203],[-1.03834,42.41934],[-1.04098,42.42042],[-1.04502,42.41485],[-1.04561,42.41353],[-1.04579,42.41204],[-1.04729,42.4078],[-1.04862,42.40495],[-1.04952,42.40404],[-1.05112,42.40359],[-1.05282,42.40225],[-1.05536,42.39835],[-1.0597,42.39355],[-1.06228,42.39236],[-1.0624,42.39196],[-1.06199,42.39062],[-1.06189,42.38916],[-1.0628,42.38529],[-1.06291,42.38394],[-1.06257,42.38234],[-1.06873,42.37658],[-1.07079,42.35787],[-1.07218,42.34748],[-1.07222,42.34513],[-1.07162,42.34198],[-1.07163,42.34047],[-1.07346,42.33608],[-1.07323,42.33449],[-1.07278,42.3335],[-1.07385,42.32884],[-1.07497,42.32294],[-1.07497,42.32168],[-1.0755,42.31963],[-1.07546,42.31908],[-1.07414,42.31791],[-1.07198,42.31717],[-1.0713,42.31679],[-1.0712,42.31634],[-1.07335,42.31434],[-1.07352,42.31397],[-1.07344,42.31233],[-1.07393,42.31139],[-1.07469,42.31058],[-1.07519,42.30933],[-1.0772,42.30759],[-1.07755,42.30625],[-1.07863,42.30548],[-1.08125,42.30039],[-1.08268,42.29946],[-1.08387,42.29807],[-1.08525,42.29753],[-1.08917,42.29747],[-1.09252,42.29804],[-1.09865,42.2946],[-1.09994,42.29138],[-1.10582,42.28774],[-1.10547,42.28607],[-1.10458,42.28401],[-1.10459,42.28273],[-1.10696,42.27744],[-1.10734,42.27612],[-1.10711,42.27542],[-1.10641,42.27458],[-1.10545,42.27385],[-1.10437,42.2713],[-1.0985,42.26814],[-1.10299,42.27044],[-1.10015,42.26719],[-1.09833,42.25979],[-1.09737,42.2584],[-1.09775,42.25416],[-1.10021,42.24772],[-1.10276,42.24608],[-1.11217,42.24696],[-1.11365,42.24681],[-1.10887,42.23844],[-1.10697,42.22893],[-1.10823,42.22377],[-1.11886,42.21719],[-1.12607,42.21175],[-1.1267,42.2105],[-1.13364,42.20843],[-1.13823,42.20431],[-1.1444,42.20872],[-1.14654,42.21068],[-1.15701,42.21521],[-1.16431,42.22003],[-1.16821,42.22052],[-1.16926,42.2113],[-1.16687,42.2061],[-1.16693,42.19864],[-1.17051,42.19225],[-1.17711,42.18725],[-1.17893,42.18964],[-1.18109,42.18275],[-1.17712,42.1764],[-1.17135,42.15949],[-1.13472,42.15844],[-1.11763,42.16496],[-1.09167,42.18453]]]}},{"type":"Feature","properties":{"COD_POSTAL":"50794"},"geometry":{"type":"Polygon","coordinates":[[[0.19991,41.26311],[0.1977,41.26412],[0.19443,41.26337],[0.19379,41.2619],[0.19008,41.26171],[0.18783,41.26267],[0.18365,41.25926],[0.1825,41.25997],[0.18029,41.25986],[0.1781,41.26027],[0.17343,41.26205],[0.17213,41.26303],[0.16846,41.26186],[0.16503,41.26024],[0.16364,41.2587],[0.16171,41.25569],[0.15951,41.25136],[0.15691,41.24853],[0.15592,41.24689],[0.15459,41.24593],[0.1549,41.24494],[0.14964,41.23555],[0.14953,41.22765],[0.14973,41.22609],[0.15195,41.22486],[0.15492,41.22441],[0.15843,41.22301],[0.16205,41.22122],[0.16303,41.21981],[0.16779,41.21854],[0.17382,41.21776],[0.17478,41.21743],[0.18053,41.21133],[0.18135,41.2107],[0.18314,41.21002],[0.18457,41.20825],[0.18623,41.20774],[0.18921,41.2076],[0.19014,41.20709],[0.19132,41.20696],[0.19299,41.206],[0.19651,41.20688],[0.19735,41.20656],[0.19834,41.20556],[0.19809,41.204],[0.19708,41.2025],[0.19688,41.20158],[0.1969,41.20057],[0.19776,41.19979],[0.19797,41.19917],[0.19788,41.19659],[0.2008,41.19181],[0.20323,41.19156],[0.20438,41.1908],[0.20584,41.19057],[0.20704,41.18934],[0.20649,41.18794],[0.20633,41.18673],[0.20656,41.18602],[0.20794,41.18497],[0.20859,41.18413],[0.20909,41.1831],[0.20999,41.17914],[0.21179,41.17581],[0.21528,41.17425],[0.21884,41.17449],[0.22155,41.17332],[0.22789,41.17274],[0.22982,41.17153],[0.23052,41.1706],[0.23365,41.16987],[0.23348,41.16915],[0.23467,41.16795],[0.23734,41.16448],[0.23814,41.16387],[0.24083,41.16329],[0.24211,41.16261],[0.24693,41.16099],[0.24793,41.16032],[0.24843,41.15896],[0.25014,41.1576],[0.24957,41.15622],[0.2512,41.15503],[0.25208,41.15139],[0.25299,41.15015],[0.25774,41.15029],[0.25925,41.14957],[0.26153,41.14896],[0.26343,41.14919],[0.2653,41.14883],[0.26633,41.14906],[0.26977,41.14878],[0.27301,41.14881],[0.29199,41.15636],[0.30332,41.16438],[0.30165,41.16516],[0.3005,41.16691],[0.30151,41.16829],[0.3031,41.16906],[0.30457,41.17099],[0.30492,41.17184],[0.30505,41.17467],[0.30465,41.17681],[0.30589,41.1797],[0.30631,41.18195],[0.30598,41.18296],[0.30594,41.18568],[0.30777,41.1866],[0.30824,41.18715],[0.30784,41.18909],[0.3094,41.19215],[0.30948,41.19395],[0.31252,41.19639],[0.31255,41.19824],[0.31219,41.19963],[0.31319,41.2013],[0.31395,41.2037],[0.31405,41.20544],[0.3153,41.20783],[0.31758,41.2103],[0.31772,41.21094],[0.31685,41.21283],[0.31819,41.21549],[0.31801,41.21694],[0.31862,41.21857],[0.31883,41.2211],[0.3224,41.22524],[0.32153,41.22615],[0.32123,41.22684],[0.3209,41.22936],[0.32053,41.23019],[0.31944,41.23171],[0.31662,41.23403],[0.31562,41.23537],[0.31525,41.23758],[0.31569,41.23918],[0.31552,41.24101],[0.31453,41.24307],[0.31089,41.24775],[0.3105,41.24858],[0.31075,41.25054],[0.3098,41.25207],[0.30796,41.25331],[0.30378,41.25433],[0.30035,41.25413],[0.29921,41.25363],[0.29739,41.25134],[0.29707,41.2492],[0.29815,41.24674],[0.29958,41.24534],[0.30086,41.24211],[0.3008,41.24053],[0.29988,41.23834],[0.29771,41.23586],[0.29345,41.23268],[0.29206,41.23212],[0.28872,41.23146],[0.28478,41.23152],[0.28322,41.23193],[0.28145,41.23286],[0.27975,41.23498],[0.27611,41.23771],[0.27332,41.24027],[0.2703,41.24624],[0.26956,41.24723],[0.26737,41.2493],[0.26608,41.25013],[0.26225,41.25175],[0.25886,41.25251],[0.25787,41.2525],[0.25778,41.25336],[0.25193,41.25509],[0.24854,41.25875],[0.24558,41.25621],[0.24172,41.2559],[0.22674,41.2533],[0.22324,41.25492],[0.21888,41.25592],[0.2128,41.25963],[0.20087,41.26188],[0.19991,41.26311]]]}},{"type":"Feature","properties":{"COD_POSTAL":"50143"},"geometry":{"type":"Polygon","coordinates":[[[-0.91531,41.10516],[-0.90168,41.11185],[-0.90004,41.11716],[-0.90049,41.11917],[-0.89778,41.12149],[-0.894,41.12229],[-0.8929,41.12281],[-0.89027,41.12607],[-0.89042,41.12768],[-0.89186,41.12918],[-0.89181,41.12984],[-0.8922,41.1309],[-0.89362,41.13249],[-0.89199,41.1375],[-0.89149,41.14515],[-0.88955,41.14728],[-0.88548,41.14724],[-0.88525,41.1479],[-0.88468,41.14841],[-0.88326,41.14876],[-0.88214,41.15008],[-0.87702,41.15156],[-0.87604,41.15221],[-0.87434,41.15194],[-0.87171,41.15263],[-0.87078,41.1523],[-0.87053,41.15255],[-0.87065,41.15339],[-0.87158,41.15472],[-0.87438,41.16025],[-0.88997,41.16675],[-0.89182,41.1678],[-0.90071,41.17534],[-0.90439,41.1781],[-0.90733,41.17994],[-0.91646,41.18296],[-0.92915,41.18637],[-0.93268,41.18619],[-0.93608,41.18633],[-0.93886,41.18686],[-0.94722,41.18924],[-0.95441,41.18876],[-0.95705,41.18552],[-0.95984,41.18014],[-0.96034,41.1782],[-0.96561,41.17128],[-0.96872,41.16473],[-0.96944,41.16377],[-0.971,41.15879],[-0.97316,41.15558],[-0.97242,41.15346],[-0.98426,41.13908],[-0.98663,41.13346],[-0.99132,41.12835],[-0.99214,41.12414],[-0.99562,41.11915],[-1.00056,41.11484],[-0.9986,41.09523],[-0.99505,41.09257],[-0.98959,41.09114],[-0.98822,41.09099],[-0.98562,41.0912],[-0.98181,41.09216],[-0.97999,41.09133],[-0.97722,41.08958],[-0.97173,41.08712],[-0.96772,41.08439],[-0.96623,41.08368],[-0.965,41.08343],[-0.96376,41.08275],[-0.96237,41.08164],[-0.96069,41.07806],[-0.95959,41.07793],[-0.95798,41.07734],[-0.9576,41.07711],[-0.95726,41.07635],[-0.95496,41.07624],[-0.95292,41.07544],[-0.95127,41.07565],[-0.94493,41.07532],[-0.94294,41.0768],[-0.93772,41.08343],[-0.91255,41.09301],[-0.91421,41.09644],[-0.9145,41.10003],[-0.91513,41.10234],[-0.91531,41.10516]]]}},{"type":"Feature","properties":{"COD_POSTAL":"50612"},"geometry":{"type":"Polygon","coordinates":[[[-0.94372,42.01313],[-0.93981,42.01498],[-0.93836,42.01494],[-0.9357,42.01418],[-0.93189,42.01397],[-0.92723,42.01179],[-0.92527,42.01188],[-0.92363,42.01117],[-0.92082,42.01133],[-0.91844,42.01038],[-0.90873,42.00999],[-0.90518,42.01039],[-0.903,42.00926],[-0.90093,42.00885],[-0.89518,42.00674],[-0.89143,42.0043],[-0.89035,42.00263],[-0.88493,42.00358],[-0.88202,42.00709],[-0.88028,42.00869],[-0.87852,42.00943],[-0.87513,42.01034],[-0.87136,42.01208],[-0.8697,42.01245],[-0.86878,42.01311],[-0.86829,42.01433],[-0.86633,42.016],[-0.8643,42.01724],[-0.85418,42.02233],[-0.85074,42.02615],[-0.85004,42.0272],[-0.8496,42.02851],[-0.84927,42.03138],[-0.84968,42.03488],[-0.84861,42.03874],[-0.84891,42.04201],[-0.84993,42.04355],[-0.85214,42.0457],[-0.85417,42.04575],[-0.85644,42.04721],[-0.85632,42.04869],[-0.85715,42.04991],[-0.85716,42.05044],[-0.85701,42.05099],[-0.85583,42.05227],[-0.85543,42.05323],[-0.85945,42.05263],[-0.86304,42.05342],[-0.87128,42.05398],[-0.87877,42.05344],[-0.87936,42.05458],[-0.88044,42.0589],[-0.88458,42.06107],[-0.88635,42.0643],[-0.88273,42.06401],[-0.8784,42.07037],[-0.88296,42.07187],[-0.89154,42.07609],[-0.89121,42.07168],[-0.89448,42.07082],[-0.89664,42.06984],[-0.89844,42.07088],[-0.90261,42.06995],[-0.90324,42.07111],[-0.90342,42.07436],[-0.90583,42.07529],[-0.90662,42.07718],[-0.91082,42.07728],[-0.91595,42.08007],[-0.9162,42.07482],[-0.91841,42.07433],[-0.91904,42.06708],[-0.92421,42.06409],[-0.92928,42.06419],[-0.93416,42.0689],[-0.93228,42.06971],[-0.93439,42.07305],[-0.93537,42.07546],[-0.93698,42.07648],[-0.9395,42.07326],[-0.95056,42.07062],[-0.94829,42.06912],[-0.95987,42.06609],[-0.96369,42.06248],[-0.96282,42.05715],[-0.96438,42.05438],[-0.96631,42.05453],[-0.97409,42.05616],[-0.98095,42.05392],[-0.98709,42.05516],[-0.99004,42.05357],[-0.99499,42.05013],[-0.99753,42.05198],[-1.00424,42.05547],[-1.00963,42.05867],[-1.02084,42.05963],[-1.02321,42.06006],[-1.0285,42.06172],[-1.03083,42.06209],[-1.03257,42.06763],[-1.03084,42.06209],[-1.03641,42.06196],[-1.0428,42.06132],[-1.04488,42.05981],[-1.04647,42.05593],[-1.0427,42.05016],[-1.04599,42.04909],[-1.04868,42.04878],[-1.05354,42.04575],[-1.06239,42.04159],[-1.06301,42.04099],[-1.06707,42.04094],[-1.06938,42.03956],[-1.07363,42.03885],[-1.07679,42.0336],[-1.0773,42.0265],[-1.07857,42.02031],[-1.07815,42.01437],[-1.07961,42.0077],[-1.08088,42.00428],[-1.08151,42.00018],[-1.08137,41.99923],[-1.08238,41.99637],[-1.08644,41.99374],[-1.08847,41.99043],[-1.08831,41.98978],[-1.08581,41.98737],[-1.0833,41.98616],[-1.0793,41.9814],[-1.071,41.97739],[-1.06544,41.97587],[-1.06272,41.97581],[-1.0511,41.97719],[-1.03463,41.9786],[-1.03232,41.97519],[-1.02389,41.96742],[-1.01867,41.96462],[-1.01613,41.96461],[-1.01293,41.96189],[-1.01007,41.95856],[-1.00806,41.95933],[-1.00279,41.95556],[-0.99354,41.94954],[-0.99168,41.94915],[-0.98654,41.94629],[-0.98565,41.94257],[-0.98017,41.93566],[-0.97905,41.92973],[-0.9791,41.92815],[-0.97797,41.92849],[-0.97648,41.92603],[-0.97624,41.92444],[-0.97492,41.92337],[-0.97386,41.92384],[-0.9734,41.92436],[-0.96982,41.92481],[-0.96711,41.92457],[-0.96517,41.92467],[-0.96476,41.92634],[-0.96484,41.92709],[-0.96409,41.92905],[-0.96018,41.93133],[-0.95883,41.93141],[-0.95613,41.93101],[-0.95436,41.93131],[-0.95232,41.93292],[-0.95189,41.93386],[-0.95004,41.93336],[-0.94292,41.93312],[-0.93644,41.93593],[-0.93355,41.93869],[-0.93375,41.94145],[-0.93489,41.9464],[-0.94041,41.95736],[-0.94042,41.96055],[-0.93922,41.96332],[-0.93931,41.96802],[-0.93961,41.97099],[-0.93813,41.97568],[-0.93932,41.98059],[-0.94138,41.98221],[-0.94057,41.98417],[-0.94147,41.98623],[-0.9426,41.99273],[-0.94155,41.99572],[-0.94187,42.00017],[-0.94353,42.00237],[-0.94302,42.00377],[-0.94485,42.00911],[-0.94372,42.01313]]]}},{"type":"Feature","properties":{"COD_POSTAL":"50017"},"geometry":{"type":"Polygon","coordinates":[[[-0.91009,41.65314],[-0.90862,41.65557],[-0.91916,41.65867],[-0.92215,41.65847],[-0.91915,41.65122],[-0.91807,41.65013],[-0.91826,41.64907],[-0.91595,41.64382],[-0.91115,41.64521],[-0.91175,41.64556],[-0.90368,41.64793],[-0.90385,41.64857],[-0.90235,41.649],[-0.90239,41.64915],[-0.9036,41.64882],[-0.90534,41.65264],[-0.90455,41.65285],[-0.90463,41.653],[-0.90541,41.65279],[-0.90551,41.65304],[-0.90697,41.65286],[-0.91007,41.65216],[-0.91022,41.65272],[-0.91009,41.65314]]]}},{"type":"Feature","properties":{"COD_POSTAL":"50641"},"geometry":{"type":"Polygon","coordinates":[[[-1.30457,41.83999],[-1.30424,41.83656],[-1.30898,41.83352],[-1.31158,41.83125],[-1.31483,41.82913],[-1.31804,41.82757],[-1.31877,41.82464],[-1.3201,41.82202],[-1.32163,41.81985],[-1.32225,41.81783],[-1.32308,41.81702],[-1.325,41.81671],[-1.31963,41.80959],[-1.31895,41.80704],[-1.31805,41.80542],[-1.29716,41.8188],[-1.2908,41.82245],[-1.28414,41.82668],[-1.28003,41.82974],[-1.27748,41.83024],[-1.27587,41.83109],[-1.27454,41.83137],[-1.27338,41.8327],[-1.25991,41.84092],[-1.25881,41.84059],[-1.25351,41.84052],[-1.25097,41.84095],[-1.24721,41.84055],[-1.24755,41.83915],[-1.24607,41.83984],[-1.24498,41.84114],[-1.24296,41.84026],[-1.24237,41.84063],[-1.23916,41.83868],[-1.23508,41.83709],[-1.22764,41.83788],[-1.22712,41.83863],[-1.22879,41.84508],[-1.22582,41.84896],[-1.22044,41.85332],[-1.21898,41.85717],[-1.21995,41.85884],[-1.21964,41.85947],[-1.22028,41.85982],[-1.22138,41.8602],[-1.22276,41.8603],[-1.22519,41.86012],[-1.22756,41.85878],[-1.22986,41.85532],[-1.23022,41.85631],[-1.23048,41.85857],[-1.2292,41.861],[-1.22841,41.86122],[-1.23149,41.86304],[-1.2333,41.86331],[-1.23559,41.86238],[-1.23575,41.86138],[-1.23694,41.86143],[-1.23984,41.86059],[-1.2415,41.85958],[-1.24739,41.85521],[-1.25196,41.85439],[-1.25823,41.85413],[-1.26001,41.85483],[-1.26141,41.85578],[-1.26311,41.85742],[-1.26416,41.857],[-1.26508,41.857],[-1.26521,41.85641],[-1.26603,41.85527],[-1.26923,41.8532],[-1.27332,41.85109],[-1.27586,41.85018],[-1.27782,41.85031],[-1.27878,41.85064],[-1.2807,41.85165],[-1.28167,41.85283],[-1.28778,41.85316],[-1.28689,41.84999],[-1.28958,41.84964],[-1.29812,41.84551],[-1.30098,41.84595],[-1.30233,41.84421],[-1.30147,41.84333],[-1.30336,41.842],[-1.30457,41.83999]]]}},{"type":"Feature","properties":{"COD_POSTAL":"50530"},"geometry":{"type":"Polygon","coordinates":[[[-1.41419,41.91424],[-1.41193,41.91244],[-1.41116,41.91062],[-1.41179,41.91001],[-1.41107,41.90834],[-1.41166,41.90737],[-1.41119,41.90696],[-1.40472,41.90578],[-1.40134,41.906],[-1.39901,41.90353],[-1.39711,41.90428],[-1.39214,41.90171],[-1.39106,41.90022],[-1.38463,41.89593],[-1.37753,41.89336],[-1.3648,41.88393],[-1.35996,41.87819],[-1.36056,41.88025],[-1.36085,41.88535],[-1.36036,41.8879],[-1.35626,41.88838],[-1.35225,41.89031],[-1.35195,41.89203],[-1.35091,41.89248],[-1.34835,41.89529],[-1.34832,41.89645],[-1.33854,41.90982],[-1.33505,41.9134],[-1.33726,41.91532],[-1.35056,41.9185],[-1.35083,41.92025],[-1.35201,41.92155],[-1.35516,41.9235],[-1.35858,41.9265],[-1.36207,41.92862],[-1.36244,41.93021],[-1.36171,41.93323],[-1.36512,41.94105],[-1.3664,41.94274],[-1.3692,41.94317],[-1.37311,41.94546],[-1.37336,41.94643],[-1.37701,41.95149],[-1.38007,41.95041],[-1.37999,41.95021],[-1.3812,41.94864],[-1.37985,41.94799],[-1.38235,41.94283],[-1.39612,41.93842],[-1.39686,41.93891],[-1.39824,41.93762],[-1.39905,41.93758],[-1.40391,41.93501],[-1.4026,41.93377],[-1.40465,41.932],[-1.40461,41.9316],[-1.4055,41.93042],[-1.40581,41.93036],[-1.40707,41.92909],[-1.40773,41.92937],[-1.40752,41.92662],[-1.40837,41.92528],[-1.4088,41.924],[-1.40811,41.92355],[-1.41022,41.92024],[-1.41121,41.9194],[-1.41136,41.91799],[-1.41302,41.91804],[-1.41567,41.91676],[-1.41419,41.91424]]]}},{"type":"Feature","properties":{"COD_POSTAL":"50638"},"geometry":{"type":"Polygon","coordinates":[[[-1.14969,41.7901],[-1.14869,41.79013],[-1.14812,41.79169],[-1.1464,41.79347],[-1.14365,41.79783],[-1.14291,41.7986],[-1.14362,41.7991],[-1.14569,41.79943],[-1.14346,41.80446],[-1.14244,41.80514],[-1.14184,41.8066],[-1.14182,41.80754],[-1.1432,41.80968],[-1.15373,41.80967],[-1.15657,41.80881],[-1.15771,41.80688],[-1.15782,41.80629],[-1.15737,41.80461],[-1.15782,41.803],[-1.16526,41.79807],[-1.16583,41.79686],[-1.16804,41.79724],[-1.1713,41.79961],[-1.17219,41.80113],[-1.17207,41.8021],[-1.17132,41.80343],[-1.16668,41.80579],[-1.16545,41.80659],[-1.16442,41.80763],[-1.16336,41.8096],[-1.16326,41.81047],[-1.16368,41.81181],[-1.16507,41.81118],[-1.16952,41.81016],[-1.17125,41.80945],[-1.17556,41.80905],[-1.17662,41.80758],[-1.17712,41.80738],[-1.17899,41.80753],[-1.17975,41.80701],[-1.18214,41.80448],[-1.18386,41.80313],[-1.1837,41.80235],[-1.18513,41.80116],[-1.18664,41.8012],[-1.19004,41.79818],[-1.19056,41.7974],[-1.19202,41.79642],[-1.19217,41.79573],[-1.19155,41.79547],[-1.19154,41.7951],[-1.19249,41.79387],[-1.1925,41.79139],[-1.19284,41.79044],[-1.19399,41.78887],[-1.1943,41.78755],[-1.1942,41.78723],[-1.19253,41.78733],[-1.19,41.78784],[-1.18858,41.78671],[-1.18836,41.78626],[-1.18685,41.78566],[-1.18479,41.78525],[-1.18237,41.78536],[-1.17905,41.78428],[-1.17762,41.7848],[-1.17385,41.78491],[-1.1719,41.78576],[-1.16516,41.78694],[-1.16435,41.78673],[-1.16079,41.78696],[-1.16029,41.78667],[-1.16079,41.78567],[-1.16036,41.78474],[-1.16043,41.78407],[-1.15564,41.78159],[-1.1526,41.77914],[-1.15198,41.77996],[-1.15295,41.78087],[-1.1524,41.78157],[-1.15309,41.78287],[-1.15305,41.78419],[-1.1514,41.78506],[-1.14969,41.7901]]]}},{"type":"Feature","properties":{"COD_POSTAL":"50560"},"geometry":{"type":"Polygon","coordinates":[[[-1.44999,41.84381],[-1.45001,41.84331],[-1.45073,41.84269],[-1.45106,41.84298],[-1.45173,41.84218],[-1.45166,41.84194],[-1.45104,41.84219],[-1.45102,41.84185],[-1.45017,41.84216],[-1.44974,41.84201],[-1.45194,41.84112],[-1.45175,41.84073],[-1.45335,41.84035],[-1.45361,41.84006],[-1.45159,41.83663],[-1.45073,41.83711],[-1.44838,41.83715],[-1.44758,41.83745],[-1.44556,41.83708],[-1.44493,41.83803],[-1.4445,41.83807],[-1.44297,41.83807],[-1.44367,41.83746],[-1.44293,41.83721],[-1.44249,41.8378],[-1.44201,41.83771],[-1.44288,41.83659],[-1.44244,41.83639],[-1.44157,41.83774],[-1.44103,41.83798],[-1.44072,41.83779],[-1.44168,41.83655],[-1.44076,41.83652],[-1.4397,41.83799],[-1.43934,41.83769],[-1.43997,41.8369],[-1.43911,41.83699],[-1.43937,41.83624],[-1.43895,41.83627],[-1.43868,41.8366],[-1.43788,41.83645],[-1.43732,41.8368],[-1.43656,41.83666],[-1.43471,41.83538],[-1.42726,41.83681],[-1.42353,41.83468],[-1.42262,41.83344],[-1.42041,41.83173],[-1.41541,41.82866],[-1.41096,41.82529],[-1.40995,41.82413],[-1.40857,41.82308],[-1.40478,41.82094],[-1.40073,41.81965],[-1.39547,41.81865],[-1.39199,41.81693],[-1.38964,41.81626],[-1.38454,41.81561],[-1.38242,41.81495],[-1.38078,41.81538],[-1.38158,41.81936],[-1.38202,41.82509],[-1.38129,41.82573],[-1.38237,41.82851],[-1.3848,41.83354],[-1.38504,41.83458],[-1.38625,41.83662],[-1.39006,41.84142],[-1.39075,41.84106],[-1.39175,41.8416],[-1.39409,41.84175],[-1.39606,41.83952],[-1.40206,41.84201],[-1.405,41.84013],[-1.40583,41.84222],[-1.40808,41.84265],[-1.40776,41.84322],[-1.41391,41.84608],[-1.41807,41.84745],[-1.42235,41.84813],[-1.4288,41.85088],[-1.43232,41.85204],[-1.43349,41.85174],[-1.43614,41.85182],[-1.43687,41.85153],[-1.43782,41.85211],[-1.43903,41.85219],[-1.43941,41.85167],[-1.44143,41.85172],[-1.44257,41.85211],[-1.44357,41.85209],[-1.44376,41.85098],[-1.44487,41.85101],[-1.44592,41.85054],[-1.44634,41.85243],[-1.44795,41.85172],[-1.44955,41.85259],[-1.45043,41.85235],[-1.45111,41.85363],[-1.44956,41.85609],[-1.45048,41.85668],[-1.44912,41.85767],[-1.44888,41.85951],[-1.44914,41.86069],[-1.44841,41.86158],[-1.44952,41.86249],[-1.44945,41.86327],[-1.44854,41.8629],[-1.44831,41.86502],[-1.45057,41.86696],[-1.45079,41.86754],[-1.44958,41.86906],[-1.45039,41.86968],[-1.45135,41.86827],[-1.45188,41.86859],[-1.45278,41.86978],[-1.45334,41.86828],[-1.45406,41.86868],[-1.45397,41.86914],[-1.45653,41.8698],[-1.45656,41.87041],[-1.45708,41.87061],[-1.45789,41.87054],[-1.45851,41.86972],[-1.4588,41.86978],[-1.46179,41.87115],[-1.46231,41.87182],[-1.46506,41.87259],[-1.46736,41.87371],[-1.46991,41.87431],[-1.47244,41.87424],[-1.47365,41.87562],[-1.47786,41.87586],[-1.47839,41.87469],[-1.48023,41.87623],[-1.4835,41.87747],[-1.48657,41.87808],[-1.48928,41.87516],[-1.49104,41.87373],[-1.49461,41.87139],[-1.49336,41.8701],[-1.4918,41.86688],[-1.49065,41.86545],[-1.49039,41.86457],[-1.48973,41.86361],[-1.48688,41.86078],[-1.48587,41.86027],[-1.48329,41.85686],[-1.48158,41.8558],[-1.48026,41.85572],[-1.47942,41.8548],[-1.47482,41.85572],[-1.47296,41.85538],[-1.47231,41.85472],[-1.46914,41.85515],[-1.46606,41.85448],[-1.46606,41.8548],[-1.46564,41.85527],[-1.46403,41.85526],[-1.46314,41.8543],[-1.46082,41.85302],[-1.45847,41.85265],[-1.45165,41.84999],[-1.44999,41.85047],[-1.4495,41.84976],[-1.4489,41.84801],[-1.44952,41.84699],[-1.45032,41.84625],[-1.45074,41.84663],[-1.45107,41.84645],[-1.45131,41.84559],[-1.45054,41.84533],[-1.45051,41.84506],[-1.45091,41.84495],[-1.45126,41.84413],[-1.45021,41.84452],[-1.44999,41.84381]]]}},{"type":"Feature","properties":{"COD_POSTAL":"50691"},"geometry":{"type":"Polygon","coordinates":[[[-1.16344,41.82796],[-1.16681,41.83108],[-1.17061,41.83526],[-1.17118,41.83555],[-1.17329,41.83576],[-1.1758,41.83539],[-1.17811,41.83434],[-1.18658,41.82838],[-1.18958,41.82751],[-1.19174,41.82624],[-1.19264,41.82233],[-1.19441,41.82281],[-1.19646,41.82231],[-1.20001,41.82079],[-1.20461,41.81705],[-1.20922,41.81664],[-1.21158,41.81362],[-1.20914,41.81293],[-1.2087,41.81223],[-1.20897,41.81172],[-1.20822,41.8113],[-1.2067,41.81238],[-1.20594,41.8124],[-1.20747,41.81058],[-1.20325,41.80711],[-1.2022,41.80731],[-1.19878,41.80586],[-1.19921,41.80277],[-1.19808,41.80228],[-1.19798,41.80131],[-1.19578,41.79886],[-1.19536,41.7988],[-1.1945,41.7992],[-1.1936,41.79912],[-1.19004,41.79818],[-1.18664,41.8012],[-1.18513,41.80116],[-1.1837,41.80235],[-1.18386,41.80313],[-1.18214,41.80448],[-1.17975,41.80701],[-1.17899,41.80753],[-1.17712,41.80738],[-1.17662,41.80758],[-1.17556,41.80905],[-1.17035,41.80967],[-1.16952,41.81016],[-1.16507,41.81118],[-1.16193,41.81249],[-1.15906,41.8122],[-1.15729,41.81289],[-1.15644,41.81269],[-1.15535,41.81403],[-1.15491,41.81547],[-1.15499,41.81597],[-1.15544,41.81699],[-1.15925,41.82114],[-1.1598,41.82315],[-1.16047,41.82395],[-1.16083,41.82528],[-1.16161,41.82651],[-1.16344,41.82796]]]}},{"type":"Feature","properties":{"COD_POSTAL":"50580"},"geometry":{"type":"Polygon","coordinates":[[[-1.6639,41.86245],[-1.66602,41.86109],[-1.66814,41.86178],[-1.66986,41.86136],[-1.67141,41.86203],[-1.67295,41.86217],[-1.67451,41.86069],[-1.67848,41.86054],[-1.68045,41.85994],[-1.68664,41.85619],[-1.68997,41.85613],[-1.69669,41.85485],[-1.69652,41.85456],[-1.69671,41.85404],[-1.69885,41.85174],[-1.70005,41.84937],[-1.70025,41.84768],[-1.69929,41.84323],[-1.69997,41.84185],[-1.69988,41.83837],[-1.69891,41.83536],[-1.69982,41.83354],[-1.70017,41.83183],[-1.69987,41.8285],[-1.69919,41.82628],[-1.70108,41.8255],[-1.70199,41.82405],[-1.70132,41.82042],[-1.71194,41.81236],[-1.71769,41.81082],[-1.72426,41.80862],[-1.72887,41.80648],[-1.72988,41.80623],[-1.73325,41.80444],[-1.73613,41.80397],[-1.73705,41.80356],[-1.74272,41.79959],[-1.74304,41.79782],[-1.74021,41.7959],[-1.73742,41.79589],[-1.73685,41.79553],[-1.73685,41.79418],[-1.73453,41.7926],[-1.72806,41.79724],[-1.72264,41.80066],[-1.71862,41.80095],[-1.71469,41.79999],[-1.70476,41.80178],[-1.6969,41.80042],[-1.69351,41.79883],[-1.69202,41.80096],[-1.69014,41.80186],[-1.69046,41.80268],[-1.68537,41.80468],[-1.68565,41.80684],[-1.68405,41.80738],[-1.68314,41.81152],[-1.67921,41.81421],[-1.67757,41.81461],[-1.67511,41.81619],[-1.67208,41.81638],[-1.66724,41.81751],[-1.66533,41.81876],[-1.6615,41.81865],[-1.66077,41.81923],[-1.65926,41.81921],[-1.65844,41.81862],[-1.65302,41.81941],[-1.65239,41.81878],[-1.65098,41.82065],[-1.64863,41.82465],[-1.64956,41.83351],[-1.64939,41.83353],[-1.64967,41.83998],[-1.64989,41.8409],[-1.6506,41.84207],[-1.65148,41.84287],[-1.65226,41.84334],[-1.65355,41.84358],[-1.65338,41.84413],[-1.64784,41.84393],[-1.64194,41.84412],[-1.63827,41.84672],[-1.63471,41.85002],[-1.62883,41.85262],[-1.62946,41.85322],[-1.63047,41.8532],[-1.63208,41.8538],[-1.63271,41.8549],[-1.63356,41.85521],[-1.63356,41.85592],[-1.63624,41.85614],[-1.63767,41.85659],[-1.64094,41.8564],[-1.64671,41.85952],[-1.64732,41.86012],[-1.64954,41.85644],[-1.64977,41.85617],[-1.65067,41.85594],[-1.65208,41.85706],[-1.65479,41.85724],[-1.65544,41.85785],[-1.65611,41.85977],[-1.65652,41.86033],[-1.6576,41.86076],[-1.65962,41.86075],[-1.66057,41.86098],[-1.66225,41.86179],[-1.6639,41.86245]]]}},{"type":"Feature","properties":{"COD_POSTAL":"50615"},"geometry":{"type":"Polygon","coordinates":[[[-0.8711,42.13139],[-0.86972,42.13082],[-0.86144,42.12573],[-0.86159,42.123],[-0.86378,42.1198],[-0.8628,42.11786],[-0.85543,42.11505],[-0.85072,42.11643],[-0.84856,42.11731],[-0.84086,42.1217],[-0.83867,42.12258],[-0.83291,42.12421],[-0.82413,42.12889],[-0.8178,42.13145],[-0.8175,42.13486],[-0.81794,42.13787],[-0.81819,42.14275],[-0.81765,42.14745],[-0.81668,42.14962],[-0.81543,42.15366],[-0.81593,42.15535],[-0.8156,42.15632],[-0.81559,42.15919],[-0.81592,42.16427],[-0.81556,42.16675],[-0.81442,42.16849],[-0.8139,42.17192],[-0.81493,42.17282],[-0.8153,42.17711],[-0.81561,42.17803],[-0.81955,42.18355],[-0.81854,42.18509],[-0.81829,42.18589],[-0.82085,42.1914],[-0.82099,42.19698],[-0.82135,42.19979],[-0.8224,42.20454],[-0.82246,42.20722],[-0.82576,42.2083],[-0.82777,42.20952],[-0.82876,42.21044],[-0.82916,42.21143],[-0.8302,42.21255],[-0.83035,42.2155],[-0.83352,42.21758],[-0.83458,42.22015],[-0.83611,42.22214],[-0.83629,42.22551],[-0.83651,42.22614],[-0.83845,42.22867],[-0.83764,42.23051],[-0.83758,42.23261],[-0.8328,42.23693],[-0.83005,42.2408],[-0.82903,42.24269],[-0.82471,42.24898],[-0.82412,42.25093],[-0.82417,42.25161],[-0.81488,42.26133],[-0.8131,42.26449],[-0.81711,42.26618],[-0.82299,42.26966],[-0.82401,42.27043],[-0.82535,42.27234],[-0.82825,42.27405],[-0.83234,42.27371],[-0.834,42.27502],[-0.83641,42.27606],[-0.8384,42.27762],[-0.83892,42.27894],[-0.8389,42.27963],[-0.84393,42.28283],[-0.84766,42.28068],[-0.85018,42.27989],[-0.85153,42.27828],[-0.85485,42.27779],[-0.85604,42.27547],[-0.85793,42.27474],[-0.86168,42.2773],[-0.86827,42.28096],[-0.8748,42.28174],[-0.87696,42.28165],[-0.8772,42.28144],[-0.87841,42.2797],[-0.87914,42.27732],[-0.88001,42.27674],[-0.88179,42.27623],[-0.88343,42.27531],[-0.88382,42.27443],[-0.88394,42.27279],[-0.88558,42.2712],[-0.88718,42.26822],[-0.88825,42.26497],[-0.88886,42.26421],[-0.89117,42.26304],[-0.89126,42.26257],[-0.89053,42.26078],[-0.89078,42.25956],[-0.88942,42.25709],[-0.88983,42.25645],[-0.88709,42.25568],[-0.88818,42.2543],[-0.88919,42.2535],[-0.89051,42.25143],[-0.89089,42.24865],[-0.88828,42.24688],[-0.8865,42.2446],[-0.8876,42.24335],[-0.88832,42.24144],[-0.88989,42.24025],[-0.89141,42.23994],[-0.89311,42.24001],[-0.8942,42.24064],[-0.89709,42.24313],[-0.89816,42.24467],[-0.89584,42.24756],[-0.89928,42.24972],[-0.90165,42.25086],[-0.90405,42.25144],[-0.90995,42.25171],[-0.91429,42.25299],[-0.91486,42.25319],[-0.91801,42.2555],[-0.91033,42.22233],[-0.89196,42.18382],[-0.89246,42.18292],[-0.89182,42.17975],[-0.89215,42.17455],[-0.89317,42.17109],[-0.89156,42.17029],[-0.88704,42.16678],[-0.88557,42.16519],[-0.88872,42.16134],[-0.88893,42.15811],[-0.88629,42.15365],[-0.88928,42.15154],[-0.88764,42.14741],[-0.88878,42.14412],[-0.88355,42.14254],[-0.87996,42.14327],[-0.87888,42.14172],[-0.87864,42.14068],[-0.87874,42.13924],[-0.87773,42.13614],[-0.87932,42.13239],[-0.8711,42.13139]]]}},{"type":"Feature","properties":{"COD_POSTAL":"50161"},"geometry":{"type":"Polygon","coordinates":[[[-0.71554,41.7557],[-0.71339,41.75412],[-0.71117,41.75126],[-0.71261,41.74695],[-0.71258,41.74455],[-0.71319,41.74201],[-0.71182,41.74239],[-0.7119,41.74205],[-0.71116,41.74097],[-0.70929,41.73869],[-0.70833,41.73638],[-0.70666,41.73456],[-0.70518,41.72904],[-0.70523,41.72822],[-0.70653,41.72672],[-0.70569,41.72502],[-0.70365,41.72357],[-0.70233,41.72183],[-0.70161,41.72128],[-0.69974,41.72077],[-0.69789,41.72073],[-0.69199,41.7196],[-0.68944,41.7187],[-0.68805,41.71709],[-0.6878,41.71532],[-0.68755,41.71522],[-0.68758,41.71469],[-0.68731,41.71427],[-0.68763,41.71211],[-0.68555,41.71168],[-0.68554,41.71115],[-0.68449,41.71044],[-0.68436,41.70974],[-0.68077,41.70971],[-0.67949,41.70929],[-0.67748,41.70908],[-0.67509,41.70918],[-0.67432,41.7088],[-0.67314,41.70774],[-0.67304,41.70551],[-0.67173,41.70401],[-0.67109,41.70283],[-0.6682,41.70168],[-0.6651,41.69827],[-0.66198,41.69895],[-0.65589,41.69903],[-0.6564,41.70449],[-0.62275,41.70412],[-0.60809,41.70573],[-0.60034,41.70339],[-0.5991,41.70322],[-0.59347,41.70794],[-0.59277,41.70799],[-0.59343,41.71022],[-0.59339,41.71484],[-0.59211,41.7166],[-0.59131,41.71687],[-0.58865,41.71892],[-0.58689,41.72064],[-0.58572,41.72249],[-0.58485,41.72308],[-0.58337,41.7234],[-0.58255,41.72392],[-0.58134,41.72644],[-0.58153,41.72764],[-0.58002,41.72957],[-0.57877,41.73033],[-0.57691,41.73256],[-0.57358,41.73456],[-0.57039,41.73436],[-0.56868,41.73302],[-0.56653,41.73352],[-0.56554,41.73338],[-0.56476,41.73308],[-0.56309,41.73188],[-0.55856,41.73188],[-0.55307,41.73101],[-0.55143,41.73139],[-0.54626,41.73131],[-0.54173,41.72982],[-0.54101,41.72896],[-0.53993,41.72883],[-0.53763,41.72923],[-0.53521,41.72929],[-0.53419,41.72909],[-0.53316,41.72809],[-0.53101,41.72807],[-0.52765,41.72746],[-0.52575,41.72779],[-0.52327,41.7278],[-0.52223,41.72961],[-0.51937,41.72937],[-0.51962,41.73144],[-0.51127,41.74159],[-0.50964,41.74202],[-0.50864,41.74334],[-0.50399,41.74615],[-0.50508,41.74889],[-0.50527,41.75266],[-0.504,41.7549],[-0.50239,41.7569],[-0.50207,41.75936],[-0.50069,41.76132],[-0.50129,41.76206],[-0.50245,41.76245],[-0.50283,41.76298],[-0.50499,41.76459],[-0.50402,41.76612],[-0.50404,41.76643],[-0.50553,41.76807],[-0.50492,41.76931],[-0.50538,41.7699],[-0.50572,41.77263],[-0.50711,41.77354],[-0.50775,41.77486],[-0.50652,41.77602],[-0.50627,41.77716],[-0.50655,41.77835],[-0.50695,41.77932],[-0.50783,41.7802],[-0.50888,41.78079],[-0.50976,41.78099],[-0.51088,41.78196],[-0.51145,41.7826],[-0.51201,41.78436],[-0.51756,41.78606],[-0.51916,41.7872],[-0.52857,41.78745],[-0.53042,41.78858],[-0.53254,41.78892],[-0.53495,41.78901],[-0.54019,41.78844],[-0.54208,41.78856],[-0.54657,41.79036],[-0.54903,41.78604],[-0.55222,41.78382],[-0.55465,41.78299],[-0.55756,41.7836],[-0.56268,41.78341],[-0.56814,41.78218],[-0.5715,41.7808],[-0.57213,41.78016],[-0.57263,41.77772],[-0.57243,41.77677],[-0.56922,41.77226],[-0.5665,41.76518],[-0.56971,41.76238],[-0.57103,41.76175],[-0.57146,41.7589],[-0.57447,41.75756],[-0.57642,41.75738],[-0.5785,41.75978],[-0.57941,41.76041],[-0.58371,41.76175],[-0.5855,41.76258],[-0.58974,41.76676],[-0.59436,41.76751],[-0.59881,41.76958],[-0.60165,41.76939],[-0.60471,41.76994],[-0.60633,41.77167],[-0.60742,41.7722],[-0.61002,41.77226],[-0.62536,41.77396],[-0.62827,41.77467],[-0.63103,41.77498],[-0.63345,41.77585],[-0.63534,41.77544],[-0.63836,41.77569],[-0.64206,41.77402],[-0.64816,41.77568],[-0.64937,41.77671],[-0.65206,41.77652],[-0.65314,41.77559],[-0.65566,41.77584],[-0.6573,41.77571],[-0.6586,41.77632],[-0.66079,41.77637],[-0.66302,41.77754],[-0.66527,41.77763],[-0.66613,41.7779],[-0.66758,41.7772],[-0.66924,41.77754],[-0.67069,41.77813],[-0.67229,41.77916],[-0.67313,41.77871],[-0.6732,41.77841],[-0.67432,41.77758],[-0.68022,41.77771],[-0.68244,41.77862],[-0.68432,41.78091],[-0.68783,41.78029],[-0.69018,41.78082],[-0.69315,41.78077],[-0.69375,41.78266],[-0.69589,41.7815],[-0.69966,41.78045],[-0.70009,41.77971],[-0.6996,41.77922],[-0.69679,41.77785],[-0.69392,41.77599],[-0.69256,41.77471],[-0.69159,41.77257],[-0.6897,41.76987],[-0.6912,41.76606],[-0.69528,41.76223],[-0.69761,41.76179],[-0.70276,41.75869],[-0.70443,41.7581],[-0.70732,41.75925],[-0.71348,41.75823],[-0.71498,41.7579],[-0.71673,41.75656],[-0.71584,41.75593],[-0.71554,41.7557]]]}},{"type":"Feature","properties":{"COD_POSTAL":"50312"},"geometry":{"type":"Polygon","coordinates":[[[-1.74739,41.45209],[-1.74871,41.45116],[-1.74927,41.44985],[-1.75076,41.4491],[-1.75127,41.44857],[-1.75322,41.44424],[-1.75415,41.44322],[-1.75508,41.44151],[-1.75618,41.43853],[-1.75632,41.43755],[-1.75539,41.43426],[-1.75743,41.43208],[-1.76151,41.43162],[-1.76479,41.43199],[-1.76761,41.43199],[-1.76909,41.43151],[-1.77473,41.43094],[-1.77716,41.43134],[-1.7788,41.43129],[-1.78293,41.43172],[-1.78593,41.43087],[-1.78773,41.43091],[-1.78899,41.43012],[-1.78975,41.42996],[-1.7923,41.43006],[-1.79518,41.43121],[-1.80159,41.4282],[-1.79578,41.42526],[-1.79301,41.42335],[-1.77653,41.40902],[-1.77403,41.40718],[-1.77259,41.40545],[-1.7677,41.40222],[-1.76515,41.39938],[-1.7637,41.3987],[-1.76179,41.3967],[-1.75977,41.39513],[-1.75449,41.39159],[-1.74948,41.38979],[-1.74357,41.38699],[-1.74147,41.38572],[-1.73986,41.38394],[-1.73652,41.3824],[-1.73519,41.38103],[-1.73424,41.38057],[-1.73419,41.37951],[-1.73265,41.3797],[-1.73208,41.38064],[-1.73143,41.38344],[-1.73082,41.38432],[-1.7275,41.38663],[-1.71946,41.38972],[-1.71798,41.39066],[-1.71839,41.39145],[-1.71877,41.39374],[-1.72004,41.39597],[-1.72103,41.39938],[-1.72045,41.40221],[-1.71872,41.40483],[-1.71527,41.40752],[-1.71372,41.4074],[-1.7126,41.40908],[-1.71249,41.41094],[-1.71289,41.41292],[-1.71453,41.41579],[-1.71394,41.42125],[-1.71601,41.42229],[-1.71748,41.42238],[-1.71969,41.42173],[-1.72105,41.42212],[-1.71986,41.42384],[-1.71969,41.42508],[-1.71986,41.42549],[-1.72163,41.42719],[-1.72052,41.4292],[-1.72032,41.43046],[-1.7221,41.43207],[-1.72257,41.43539],[-1.7231,41.43595],[-1.72429,41.43641],[-1.72453,41.4369],[-1.72649,41.43727],[-1.72756,41.43784],[-1.72844,41.43878],[-1.72658,41.44104],[-1.7266,41.44198],[-1.72749,41.44244],[-1.73291,41.44367],[-1.73592,41.44469],[-1.73815,41.44674],[-1.73812,41.4511],[-1.73876,41.45237],[-1.73966,41.45346],[-1.74104,41.45423],[-1.74123,41.45465],[-1.74129,41.45707],[-1.74152,41.45745],[-1.74356,41.45865],[-1.74395,41.45792],[-1.7447,41.45724],[-1.74733,41.45549],[-1.74713,41.45231],[-1.74739,41.45209]]]}},{"type":"Feature","properties":{"COD_POSTAL":"50162"},"geometry":{"type":"Polygon","coordinates":[[[-0.74711,41.74389],[-0.74807,41.74451],[-0.75088,41.74368],[-0.75264,41.74287],[-0.75633,41.74265],[-0.75781,41.74196],[-0.75903,41.74244],[-0.76061,41.74268],[-0.76385,41.74198],[-0.76466,41.74148],[-0.76759,41.7411],[-0.76883,41.74118],[-0.77149,41.73982],[-0.773,41.73963],[-0.77535,41.73871],[-0.77977,41.73849],[-0.77911,41.73732],[-0.77898,41.73529],[-0.77827,41.73303],[-0.7749,41.73136],[-0.774,41.73118],[-0.77347,41.73075],[-0.77363,41.73054],[-0.77474,41.7304],[-0.77582,41.72968],[-0.77772,41.7298],[-0.77826,41.72944],[-0.77925,41.72968],[-0.77994,41.72904],[-0.78272,41.7288],[-0.78304,41.7286],[-0.78145,41.72844],[-0.78012,41.7279],[-0.78013,41.72715],[-0.77898,41.72563],[-0.77912,41.72497],[-0.78272,41.72178],[-0.78274,41.72143],[-0.78583,41.72048],[-0.78867,41.71892],[-0.78921,41.71811],[-0.78857,41.71711],[-0.7883,41.71524],[-0.79217,41.71632],[-0.79185,41.71529],[-0.793,41.71504],[-0.7941,41.71618],[-0.79906,41.71686],[-0.80017,41.71645],[-0.80106,41.7165],[-0.79958,41.71338],[-0.80095,41.71301],[-0.8017,41.71246],[-0.80252,41.71136],[-0.80282,41.71055],[-0.80332,41.70439],[-0.8036,41.70353],[-0.80342,41.69918],[-0.80371,41.69624],[-0.8032,41.69526],[-0.80393,41.69528],[-0.80438,41.69486],[-0.80666,41.69143],[-0.80782,41.6908],[-0.80765,41.69023],[-0.80963,41.68926],[-0.81018,41.6869],[-0.80944,41.68684],[-0.80889,41.68614],[-0.80973,41.68434],[-0.81007,41.68286],[-0.80928,41.68243],[-0.81002,41.68057],[-0.80985,41.67941],[-0.8095,41.67911],[-0.80934,41.67838],[-0.80949,41.6784],[-0.80925,41.67812],[-0.80933,41.67578],[-0.80876,41.67341],[-0.80889,41.673],[-0.80786,41.6726],[-0.80772,41.67142],[-0.80738,41.67095],[-0.80764,41.6697],[-0.80305,41.66678],[-0.80199,41.66523],[-0.80055,41.66531],[-0.80058,41.66469],[-0.80019,41.66447],[-0.79677,41.66381],[-0.78258,41.65899],[-0.78031,41.65846],[-0.77728,41.65709],[-0.77074,41.6547],[-0.76771,41.65234],[-0.76502,41.64857],[-0.76577,41.64835],[-0.76668,41.6476],[-0.76529,41.64801],[-0.76178,41.64805],[-0.76009,41.64783],[-0.75659,41.64624],[-0.75506,41.64693],[-0.75334,41.64698],[-0.75302,41.64755],[-0.75217,41.64822],[-0.74868,41.64806],[-0.74741,41.64905],[-0.74705,41.64963],[-0.74691,41.65016],[-0.74768,41.65106],[-0.74157,41.65481],[-0.7408,41.65588],[-0.7396,41.65639],[-0.73666,41.65697],[-0.73565,41.65923],[-0.73398,41.6607],[-0.7304,41.66036],[-0.72959,41.66086],[-0.72787,41.66137],[-0.72715,41.66207],[-0.72736,41.66277],[-0.72634,41.6646],[-0.72312,41.66531],[-0.72169,41.66522],[-0.71961,41.66635],[-0.71858,41.66602],[-0.71945,41.66331],[-0.7189,41.66138],[-0.71635,41.65977],[-0.71266,41.65668],[-0.71148,41.65725],[-0.70986,41.65686],[-0.70845,41.65684],[-0.70708,41.65724],[-0.70596,41.65811],[-0.70537,41.65804],[-0.70482,41.65758],[-0.70222,41.65789],[-0.70162,41.65781],[-0.69987,41.65659],[-0.69752,41.65631],[-0.69661,41.65542],[-0.69538,41.65488],[-0.69368,41.65626],[-0.6903,41.65723],[-0.68888,41.65877],[-0.68714,41.65942],[-0.68489,41.65973],[-0.68314,41.6607],[-0.68255,41.66127],[-0.68108,41.66302],[-0.67999,41.66495],[-0.67987,41.6655],[-0.68017,41.66764],[-0.67709,41.66929],[-0.67635,41.67058],[-0.67607,41.67262],[-0.67528,41.6726],[-0.67442,41.67222],[-0.6727,41.67357],[-0.67282,41.67423],[-0.67211,41.67489],[-0.67295,41.67593],[-0.67414,41.67649],[-0.67424,41.67687],[-0.67381,41.67799],[-0.67418,41.67849],[-0.67387,41.67906],[-0.67252,41.67952],[-0.67303,41.67998],[-0.67148,41.68147],[-0.6707,41.68166],[-0.66669,41.68497],[-0.66553,41.68641],[-0.66333,41.68726],[-0.66416,41.6881],[-0.66274,41.68952],[-0.66169,41.69017],[-0.66056,41.69041],[-0.65589,41.69052],[-0.65386,41.69128],[-0.64928,41.69163],[-0.64932,41.69347],[-0.64856,41.69426],[-0.64866,41.69502],[-0.64911,41.69556],[-0.65016,41.69579],[-0.65108,41.69702],[-0.6516,41.69734],[-0.65306,41.69759],[-0.65439,41.69878],[-0.65589,41.69903],[-0.66198,41.69895],[-0.6651,41.69827],[-0.6682,41.70168],[-0.67109,41.70283],[-0.67173,41.70401],[-0.67304,41.70551],[-0.67314,41.70774],[-0.67432,41.7088],[-0.67509,41.70918],[-0.67748,41.70908],[-0.67949,41.70929],[-0.68077,41.70971],[-0.6841,41.70964],[-0.68436,41.70974],[-0.68449,41.71044],[-0.68539,41.71092],[-0.68555,41.71168],[-0.68763,41.71211],[-0.68731,41.71427],[-0.68758,41.71469],[-0.68755,41.71522],[-0.6878,41.71532],[-0.68805,41.71709],[-0.68944,41.7187],[-0.69199,41.7196],[-0.69789,41.72073],[-0.70048,41.72091],[-0.70201,41.72155],[-0.70365,41.72357],[-0.70603,41.72542],[-0.70653,41.72672],[-0.70523,41.72822],[-0.70518,41.72904],[-0.70666,41.73456],[-0.70833,41.73638],[-0.70929,41.73869],[-0.71066,41.74028],[-0.71185,41.74215],[-0.71303,41.74185],[-0.71261,41.74037],[-0.71413,41.74122],[-0.71652,41.7409],[-0.71964,41.73971],[-0.7206,41.73986],[-0.72153,41.73964],[-0.72369,41.73999],[-0.7251,41.73965],[-0.72698,41.73968],[-0.7334,41.73896],[-0.73631,41.7389],[-0.73632,41.73865],[-0.73707,41.73807],[-0.73871,41.73916],[-0.73898,41.73991],[-0.74047,41.74119],[-0.74126,41.74268],[-0.74213,41.74309],[-0.74204,41.74382],[-0.74227,41.74403],[-0.74497,41.74421],[-0.74586,41.74364],[-0.74672,41.74378],[-0.74711,41.74389]]]}},{"type":"Feature","properties":{"COD_POSTAL":"50347"},"geometry":{"type":"Polygon","coordinates":[[[-1.6322,41.1654],[-1.63194,41.16421],[-1.63212,41.16294],[-1.63239,41.16274],[-1.63464,41.16292],[-1.63508,41.16196],[-1.6372,41.1613],[-1.63842,41.16043],[-1.63939,41.16036],[-1.64119,41.15756],[-1.64056,41.15593],[-1.6412,41.15517],[-1.63946,41.15229],[-1.63558,41.14861],[-1.63459,41.14854],[-1.63385,41.14819],[-1.63257,41.14849],[-1.632,41.14833],[-1.62964,41.14611],[-1.62903,41.14252],[-1.62744,41.14079],[-1.62704,41.13926],[-1.62475,41.13578],[-1.62336,41.13444],[-1.62293,41.13189],[-1.62262,41.1314],[-1.62105,41.13007],[-1.61822,41.13008],[-1.61776,41.12937],[-1.6154,41.12804],[-1.6124,41.12848],[-1.61096,41.12934],[-1.61038,41.12899],[-1.60988,41.12827],[-1.60982,41.12714],[-1.60919,41.12626],[-1.60801,41.12531],[-1.60652,41.12478],[-1.60558,41.12253],[-1.605,41.12239],[-1.60494,41.12171],[-1.60034,41.11885],[-1.5956,41.11913],[-1.59089,41.11986],[-1.58934,41.12032],[-1.58942,41.12286],[-1.58768,41.1249],[-1.58574,41.12807],[-1.58534,41.12928],[-1.58573,41.13294],[-1.58644,41.13541],[-1.58614,41.13607],[-1.58443,41.13765],[-1.58415,41.13999],[-1.5831,41.14284],[-1.58298,41.14482],[-1.58375,41.15077],[-1.58306,41.15595],[-1.58159,41.15679],[-1.58066,41.16203],[-1.58027,41.16299],[-1.57729,41.16681],[-1.57875,41.16876],[-1.58076,41.1703],[-1.58153,41.17435],[-1.58146,41.17615],[-1.58102,41.17636],[-1.58163,41.17776],[-1.58002,41.17863],[-1.573,41.17978],[-1.56973,41.18117],[-1.56915,41.1816],[-1.56809,41.18309],[-1.56769,41.18324],[-1.56019,41.18306],[-1.5611,41.18713],[-1.56159,41.18837],[-1.56255,41.18959],[-1.56838,41.19197],[-1.56998,41.19333],[-1.57705,41.1964],[-1.57842,41.19692],[-1.5813,41.1971],[-1.58164,41.19732],[-1.58211,41.19901],[-1.58334,41.19919],[-1.58588,41.20114],[-1.59085,41.19672],[-1.59314,41.19318],[-1.59313,41.19221],[-1.59417,41.19095],[-1.5954,41.19047],[-1.59731,41.18914],[-1.59761,41.18858],[-1.60009,41.18635],[-1.60711,41.18474],[-1.6131,41.18441],[-1.61653,41.18358],[-1.61738,41.18285],[-1.61781,41.18084],[-1.61962,41.17879],[-1.61982,41.17794],[-1.62379,41.1766],[-1.62481,41.1745],[-1.62624,41.17418],[-1.62727,41.17429],[-1.62805,41.17465],[-1.63026,41.1745],[-1.63242,41.17241],[-1.63175,41.17058],[-1.63214,41.16946],[-1.63239,41.16677],[-1.6322,41.1654]]]}},{"type":"Feature","properties":{"COD_POSTAL":"50617"},"geometry":{"type":"Polygon","coordinates":[[[-1.29994,42.1735],[-1.33519,42.16716],[-1.36296,42.15162],[-1.37893,42.15608],[-1.39332,42.15756],[-1.39703,42.16077],[-1.39845,42.1567],[-1.39706,42.15559],[-1.39411,42.15532],[-1.39416,42.15369],[-1.39457,42.15263],[-1.39307,42.14944],[-1.39346,42.14892],[-1.39459,42.14531],[-1.39609,42.14351],[-1.39706,42.13869],[-1.39845,42.13618],[-1.40095,42.13],[-1.40018,42.12913],[-1.40026,42.12796],[-1.39991,42.12688],[-1.39883,42.12535],[-1.39647,42.12403],[-1.39462,42.12417],[-1.39299,42.12311],[-1.39106,42.12263],[-1.38979,42.12194],[-1.38355,42.1175],[-1.38253,42.11652],[-1.37645,42.1129],[-1.3731,42.10998],[-1.37011,42.10829],[-1.369,42.108],[-1.36734,42.10682],[-1.36657,42.10503],[-1.3667,42.1021],[-1.36574,42.09672],[-1.36567,42.09283],[-1.36388,42.09024],[-1.35962,42.08597],[-1.35797,42.08343],[-1.35449,42.07739],[-1.35356,42.0752],[-1.35324,42.07296],[-1.35251,42.07299],[-1.35112,42.07248],[-1.34861,42.07093],[-1.34507,42.0707],[-1.34243,42.07085],[-1.33605,42.07256],[-1.33245,42.07291],[-1.32882,42.07264],[-1.32485,42.07307],[-1.32329,42.07284],[-1.32192,42.07215],[-1.32061,42.07194],[-1.31711,42.0721],[-1.31387,42.07297],[-1.31198,42.07278],[-1.3106,42.07227],[-1.31275,42.06941],[-1.3125,42.0667],[-1.31208,42.0659],[-1.31267,42.06496],[-1.31218,42.06413],[-1.31214,42.06341],[-1.31103,42.0624],[-1.30827,42.06179],[-1.30853,42.06068],[-1.30878,42.06055],[-1.30801,42.05911],[-1.30745,42.05895],[-1.3077,42.05786],[-1.30679,42.05659],[-1.30629,42.05511],[-1.30541,42.05376],[-1.30329,42.05154],[-1.30441,42.04994],[-1.30771,42.04764],[-1.30834,42.04625],[-1.30833,42.04552],[-1.30781,42.04459],[-1.30564,42.04294],[-1.29951,42.04207],[-1.29128,42.0396],[-1.27143,42.03675],[-1.22086,42.0252],[-1.21469,42.03803],[-1.21767,42.04512],[-1.21876,42.05059],[-1.21676,42.05373],[-1.21805,42.0583],[-1.21105,42.06787],[-1.21419,42.07372],[-1.21848,42.08272],[-1.21776,42.09942],[-1.21591,42.10627],[-1.21762,42.13297],[-1.21603,42.15515],[-1.2566,42.15518],[-1.25676,42.15458],[-1.25555,42.14799],[-1.25638,42.14269],[-1.25478,42.1415],[-1.25346,42.14115],[-1.25198,42.13642],[-1.25275,42.13489],[-1.25891,42.133],[-1.26721,42.13214],[-1.26832,42.13571],[-1.27339,42.14784],[-1.27362,42.15426],[-1.27562,42.15701],[-1.27684,42.16125],[-1.28108,42.16971],[-1.29994,42.1735]]]}},{"type":"Feature","properties":{"COD_POSTAL":"50600"},"geometry":{"type":"Polygon","coordinates":[[[-1.03872,42.1629],[-1.0386,42.16402],[-1.03943,42.16557],[-1.04199,42.1661],[-1.04477,42.16848],[-1.04623,42.1706],[-1.04525,42.17255],[-1.04548,42.17384],[-1.04642,42.17521],[-1.04881,42.17746],[-1.04916,42.17849],[-1.05003,42.179],[-1.05065,42.17971],[-1.04561,42.1818],[-1.04143,42.18412],[-1.04258,42.18687],[-1.04272,42.18825],[-1.0414,42.18983],[-1.0401,42.19006],[-1.04007,42.19073],[-1.04058,42.1922],[-1.04197,42.19449],[-1.04241,42.19589],[-1.04458,42.19728],[-1.04695,42.20038],[-1.04809,42.20246],[-1.04905,42.2035],[-1.05051,42.20447],[-1.05318,42.20813],[-1.09167,42.18453],[-1.11763,42.16496],[-1.13472,42.15844],[-1.17135,42.15949],[-1.18566,42.16487],[-1.2014,42.16321],[-1.20465,42.15514],[-1.21603,42.15515],[-1.21762,42.13297],[-1.21591,42.10627],[-1.21776,42.09942],[-1.21848,42.08272],[-1.21419,42.07372],[-1.21105,42.06787],[-1.21805,42.0583],[-1.21676,42.05373],[-1.21876,42.05059],[-1.21767,42.04512],[-1.21469,42.03803],[-1.21998,42.02708],[-1.21165,42.02997],[-1.20732,42.02127],[-1.19674,42.01868],[-1.18751,42.0171],[-1.17977,42.0148],[-1.16819,42.00967],[-1.14872,42.00359],[-1.14248,42.00013],[-1.12946,41.99522],[-1.12013,41.99349],[-1.10657,41.99506],[-1.10033,41.99399],[-1.09032,41.99125],[-1.08847,41.99043],[-1.08644,41.99374],[-1.08238,41.99637],[-1.08137,41.99923],[-1.08151,42.00018],[-1.08088,42.00428],[-1.07961,42.0077],[-1.07815,42.01437],[-1.07857,42.02031],[-1.0773,42.0265],[-1.07679,42.0336],[-1.07363,42.03885],[-1.06938,42.03956],[-1.06707,42.04094],[-1.06301,42.04099],[-1.06239,42.04159],[-1.05354,42.04575],[-1.04868,42.04878],[-1.04599,42.04909],[-1.0427,42.05016],[-1.04647,42.05593],[-1.04488,42.05981],[-1.0428,42.06132],[-1.03641,42.06196],[-1.03084,42.06209],[-1.03257,42.06763],[-1.02878,42.0834],[-1.0298,42.08625],[-1.02938,42.09046],[-1.02823,42.09402],[-1.0284,42.09708],[-1.02798,42.09798],[-1.0262,42.10023],[-1.02421,42.10447],[-1.02429,42.10544],[-1.0251,42.1068],[-1.02854,42.11002],[-1.02975,42.11151],[-1.03018,42.11283],[-1.03015,42.11342],[-1.02936,42.11511],[-1.02799,42.11671],[-1.02566,42.11789],[-1.02306,42.1178],[-1.02134,42.11827],[-1.01933,42.11968],[-1.01688,42.122],[-1.01529,42.12371],[-1.0144,42.12736],[-1.01438,42.1289],[-1.01468,42.131],[-1.01544,42.1337],[-1.01664,42.13625],[-1.01621,42.13887],[-1.01649,42.14061],[-1.01655,42.14389],[-1.01829,42.14775],[-1.01937,42.15196],[-1.02541,42.16179],[-1.02816,42.16009],[-1.03203,42.15934],[-1.03335,42.15964],[-1.03426,42.16039],[-1.03488,42.15993],[-1.03543,42.16136],[-1.03808,42.16139],[-1.0383,42.16184],[-1.03946,42.16169],[-1.03872,42.1629]]]}},{"type":"Feature","properties":{"COD_POSTAL":"50720"},"geometry":{"type":"Polygon","coordinates":[[[-0.79518,41.61932],[-0.79487,41.6202],[-0.79504,41.62123],[-0.79468,41.6218],[-0.80448,41.62749],[-0.82615,41.61992],[-0.83045,41.61916],[-0.8365,41.61853],[-0.83884,41.61923],[-0.84086,41.61946],[-0.84045,41.61863],[-0.83542,41.61347],[-0.83125,41.61119],[-0.8298,41.60886],[-0.82842,41.60722],[-0.82947,41.606],[-0.83317,41.60369],[-0.83445,41.60336],[-0.83688,41.6054],[-0.84834,41.61756],[-0.85311,41.61467],[-0.85932,41.61244],[-0.85755,41.61195],[-0.85659,41.61135],[-0.85384,41.61081],[-0.85237,41.61169],[-0.85184,41.61164],[-0.85081,41.61096],[-0.84826,41.61074],[-0.84687,41.60987],[-0.84582,41.60974],[-0.84476,41.60897],[-0.84438,41.60757],[-0.84506,41.60531],[-0.84491,41.60518],[-0.84709,41.60248],[-0.84676,41.59973],[-0.84714,41.5994],[-0.86638,41.60262],[-0.88007,41.60297],[-0.87759,41.57111],[-0.87467,41.55273],[-0.85791,41.53459],[-0.84365,41.52792],[-0.82511,41.51804],[-0.808,41.50709],[-0.79088,41.49535],[-0.7643,41.48148],[-0.75629,41.4882],[-0.75492,41.4889],[-0.7492,41.491],[-0.74142,41.49672],[-0.7395,41.49787],[-0.73567,41.49976],[-0.72929,41.50108],[-0.7249,41.50052],[-0.71991,41.49924],[-0.71626,41.49735],[-0.70815,41.49382],[-0.70764,41.49221],[-0.70397,41.49133],[-0.70117,41.48963],[-0.69809,41.487],[-0.69551,41.48715],[-0.69417,41.48676],[-0.69327,41.48689],[-0.69232,41.4864],[-0.69033,41.48691],[-0.68846,41.48784],[-0.68791,41.48889],[-0.68816,41.49027],[-0.6856,41.49174],[-0.68793,41.49678],[-0.68785,41.5007],[-0.68823,41.50258],[-0.68691,41.50307],[-0.68718,41.50374],[-0.68572,41.50449],[-0.68608,41.50583],[-0.68534,41.50679],[-0.68486,41.50819],[-0.68273,41.51021],[-0.68235,41.511],[-0.68883,41.51202],[-0.69767,41.51494],[-0.69931,41.51724],[-0.69611,41.51965],[-0.69367,41.52115],[-0.69072,41.52227],[-0.68821,41.52372],[-0.68682,41.52474],[-0.68469,41.52786],[-0.68068,41.53086],[-0.68204,41.53169],[-0.68264,41.53272],[-0.68647,41.53437],[-0.69236,41.53817],[-0.69274,41.54002],[-0.6932,41.5406],[-0.69696,41.54121],[-0.69745,41.54385],[-0.69801,41.54446],[-0.70025,41.54487],[-0.70123,41.54539],[-0.70274,41.54535],[-0.7037,41.5456],[-0.70889,41.5486],[-0.71107,41.54873],[-0.71233,41.54823],[-0.71333,41.54853],[-0.71575,41.5502],[-0.71787,41.55105],[-0.71884,41.55417],[-0.72071,41.55527],[-0.72635,41.55577],[-0.72775,41.55745],[-0.73027,41.55821],[-0.73503,41.55882],[-0.73936,41.5609],[-0.74454,41.56181],[-0.74959,41.56515],[-0.75347,41.56665],[-0.75765,41.56999],[-0.76308,41.57241],[-0.76424,41.57314],[-0.76865,41.57457],[-0.77708,41.57608],[-0.78547,41.57927],[-0.78833,41.57995],[-0.7961,41.58287],[-0.80074,41.58579],[-0.80115,41.58928],[-0.79887,41.58941],[-0.79588,41.58808],[-0.79359,41.58766],[-0.78796,41.58764],[-0.784,41.58829],[-0.78179,41.58993],[-0.76455,41.59949],[-0.76449,41.60043],[-0.76585,41.60028],[-0.76977,41.59781],[-0.77908,41.59555],[-0.78144,41.59609],[-0.78138,41.59421],[-0.78888,41.59248],[-0.79009,41.59275],[-0.79316,41.59473],[-0.79438,41.59344],[-0.79649,41.59521],[-0.7981,41.59598],[-0.79888,41.59739],[-0.79696,41.60038],[-0.79575,41.6012],[-0.79449,41.6014],[-0.79459,41.60305],[-0.79516,41.60471],[-0.79822,41.60813],[-0.80138,41.61037],[-0.80113,41.6113],[-0.80115,41.61273],[-0.79994,41.61437],[-0.79751,41.61921],[-0.79621,41.61892],[-0.79531,41.61923],[-0.79518,41.61932]]]}},{"type":"Feature","properties":{"COD_POSTAL":"50810"},"geometry":{"type":"Polygon","coordinates":[[[-0.76617,41.85746],[-0.76534,41.85842],[-0.76451,41.86075],[-0.76305,41.86368],[-0.76314,41.86494],[-0.76038,41.8673],[-0.7598,41.86701],[-0.75827,41.86542],[-0.75486,41.86114],[-0.75415,41.86068],[-0.75238,41.85877],[-0.75021,41.85854],[-0.74674,41.85739],[-0.74458,41.85695],[-0.74283,41.85722],[-0.74084,41.85871],[-0.7386,41.861],[-0.73747,41.86298],[-0.73548,41.86675],[-0.735,41.86825],[-0.72811,41.88149],[-0.72175,41.89004],[-0.70941,41.90103],[-0.70743,41.90252],[-0.69855,41.91072],[-0.69633,41.91207],[-0.69539,41.91226],[-0.69422,41.91199],[-0.69331,41.91117],[-0.6918,41.91104],[-0.69279,41.91746],[-0.69363,41.91996],[-0.69298,41.9215],[-0.69266,41.92365],[-0.68835,41.9304],[-0.68399,41.93398],[-0.67781,41.93817],[-0.66913,41.94525],[-0.73315,41.94559],[-0.75567,41.94327],[-0.77452,41.94082],[-0.77799,41.93146],[-0.78346,41.9219],[-0.78537,41.91398],[-0.78624,41.90637],[-0.76525,41.89692],[-0.76005,41.88409],[-0.76079,41.88144],[-0.76777,41.88199],[-0.77554,41.88029],[-0.76617,41.85746]]]}},{"type":"Feature","properties":{"COD_POSTAL":"50135"},"geometry":{"type":"Polygon","coordinates":[[[-0.6892,41.48757],[-0.69033,41.48691],[-0.69232,41.4864],[-0.69327,41.48689],[-0.69417,41.48676],[-0.69551,41.48715],[-0.69809,41.487],[-0.70117,41.48963],[-0.70397,41.49133],[-0.70764,41.49221],[-0.70815,41.49382],[-0.71626,41.49735],[-0.7201,41.49932],[-0.7249,41.50052],[-0.72929,41.50108],[-0.73567,41.49976],[-0.74096,41.49704],[-0.7492,41.491],[-0.75492,41.4889],[-0.75629,41.4882],[-0.76448,41.48134],[-0.77461,41.47552],[-0.77789,41.47443],[-0.78101,41.47168],[-0.78727,41.46917],[-0.79078,41.46614],[-0.79149,41.46566],[-0.79209,41.46577],[-0.79263,41.46539],[-0.79577,41.46186],[-0.79592,41.46196],[-0.79804,41.46058],[-0.80165,41.45913],[-0.80548,41.45716],[-0.81161,41.45683],[-0.8127,41.45587],[-0.81691,41.45538],[-0.81764,41.45505],[-0.82018,41.4549],[-0.81987,41.45348],[-0.82154,41.45203],[-0.82316,41.45268],[-0.82489,41.45232],[-0.82502,41.45166],[-0.8252,41.45166],[-0.82471,41.45015],[-0.82509,41.44909],[-0.82358,41.44561],[-0.82198,41.44538],[-0.81855,41.44379],[-0.81747,41.44391],[-0.81686,41.44249],[-0.81495,41.44238],[-0.81207,41.44182],[-0.80938,41.44331],[-0.80836,41.44257],[-0.80733,41.44046],[-0.80554,41.43989],[-0.80266,41.43844],[-0.80052,41.43873],[-0.80064,41.43655],[-0.7998,41.43558],[-0.79484,41.4328],[-0.79187,41.43242],[-0.78871,41.42947],[-0.78562,41.42732],[-0.78456,41.4255],[-0.78276,41.42425],[-0.76917,41.42233],[-0.75314,41.41938],[-0.73797,41.4132],[-0.72784,41.407],[-0.72468,41.40557],[-0.71469,41.4026],[-0.71128,41.403],[-0.70553,41.40092],[-0.70198,41.39919],[-0.69589,41.39686],[-0.69269,41.39591],[-0.68878,41.39531],[-0.68543,41.39573],[-0.68264,41.39487],[-0.68064,41.39489],[-0.6779,41.3955],[-0.67665,41.39526],[-0.67422,41.39428],[-0.67281,41.39357],[-0.67192,41.39258],[-0.67129,41.39491],[-0.67154,41.39646],[-0.67743,41.40626],[-0.67761,41.40937],[-0.68079,41.41094],[-0.68727,41.41847],[-0.68695,41.4213],[-0.68319,41.42675],[-0.66827,41.43759],[-0.66359,41.44337],[-0.66231,41.446],[-0.66125,41.447],[-0.65736,41.45814],[-0.66068,41.45906],[-0.66309,41.46077],[-0.66657,41.4621],[-0.67535,41.46784],[-0.67541,41.46857],[-0.67872,41.4711],[-0.68038,41.47342],[-0.68033,41.47526],[-0.67871,41.47583],[-0.67804,41.47632],[-0.67631,41.47844],[-0.67436,41.47943],[-0.67254,41.47946],[-0.67086,41.4805],[-0.67065,41.48105],[-0.67096,41.48171],[-0.6702,41.4829],[-0.67202,41.4838],[-0.67454,41.48443],[-0.68123,41.48766],[-0.68262,41.48985],[-0.6853,41.49065],[-0.68575,41.49166],[-0.68816,41.49027],[-0.68791,41.48889],[-0.68846,41.48784],[-0.6892,41.48757]]]}},{"type":"Feature","properties":{"COD_POSTAL":"50163"},"geometry":{"type":"Polygon","coordinates":[[[-0.46437,41.71515],[-0.46632,41.71848],[-0.46686,41.72173],[-0.46896,41.72198],[-0.4702,41.72256],[-0.4724,41.72245],[-0.4733,41.72275],[-0.47409,41.72255],[-0.47653,41.72354],[-0.47833,41.72486],[-0.48224,41.72431],[-0.4839,41.72593],[-0.48512,41.72867],[-0.48597,41.7297],[-0.4869,41.73036],[-0.48994,41.73177],[-0.49263,41.73127],[-0.50006,41.73109],[-0.50515,41.72909],[-0.50687,41.72891],[-0.50804,41.72933],[-0.50941,41.72889],[-0.51373,41.7287],[-0.51513,41.72888],[-0.51697,41.72846],[-0.51796,41.72882],[-0.51869,41.72882],[-0.51937,41.72937],[-0.52199,41.72965],[-0.52223,41.72961],[-0.52327,41.7278],[-0.52575,41.72779],[-0.52765,41.72746],[-0.53101,41.72807],[-0.53316,41.72809],[-0.53419,41.72909],[-0.53521,41.72929],[-0.53763,41.72923],[-0.53993,41.72883],[-0.54101,41.72896],[-0.54173,41.72982],[-0.54626,41.73131],[-0.55143,41.73139],[-0.55307,41.73101],[-0.55856,41.73188],[-0.56309,41.73188],[-0.56476,41.73308],[-0.56554,41.73338],[-0.56653,41.73352],[-0.56868,41.73302],[-0.57039,41.73436],[-0.57358,41.73456],[-0.57691,41.73256],[-0.57877,41.73033],[-0.58002,41.72957],[-0.58153,41.72764],[-0.58134,41.72644],[-0.58255,41.72392],[-0.58337,41.7234],[-0.58485,41.72308],[-0.58572,41.72249],[-0.58689,41.72064],[-0.58865,41.71892],[-0.59131,41.71687],[-0.59211,41.7166],[-0.59339,41.71484],[-0.59343,41.71022],[-0.59277,41.70799],[-0.59347,41.70794],[-0.5991,41.70322],[-0.60044,41.69702],[-0.59908,41.69221],[-0.59881,41.68546],[-0.59544,41.67051],[-0.59092,41.66255],[-0.58754,41.65863],[-0.58232,41.6462],[-0.58193,41.64556],[-0.57886,41.64256],[-0.57585,41.6386],[-0.57543,41.6292],[-0.57431,41.62581],[-0.57302,41.62336],[-0.5724,41.62285],[-0.56887,41.6211],[-0.56679,41.6179],[-0.56328,41.61652],[-0.56245,41.61551],[-0.56112,41.6147],[-0.55995,41.61247],[-0.55768,41.61203],[-0.55598,41.6125],[-0.55476,41.61388],[-0.55377,41.61579],[-0.54929,41.61928],[-0.54649,41.61939],[-0.53353,41.61607],[-0.52791,41.615],[-0.52369,41.61537],[-0.52712,41.61645],[-0.52392,41.61894],[-0.51625,41.62584],[-0.51052,41.63271],[-0.50895,41.63766],[-0.50209,41.65142],[-0.50023,41.65639],[-0.49858,41.65799],[-0.49491,41.66268],[-0.49379,41.66474],[-0.491,41.66777],[-0.48972,41.6688],[-0.48321,41.67293],[-0.4827,41.67358],[-0.48026,41.67513],[-0.47853,41.67672],[-0.47868,41.68017],[-0.48037,41.68177],[-0.47978,41.68425],[-0.47901,41.68605],[-0.47684,41.68943],[-0.47695,41.69322],[-0.47652,41.69389],[-0.47475,41.69525],[-0.4714,41.69648],[-0.47066,41.69763],[-0.4694,41.69875],[-0.46871,41.70014],[-0.46602,41.70216],[-0.46442,41.7037],[-0.46458,41.7055],[-0.46439,41.7061],[-0.46344,41.70735],[-0.46345,41.70771],[-0.46412,41.70855],[-0.46309,41.71099],[-0.46497,41.71268],[-0.46437,41.71515]]]}},{"type":"Feature","properties":{"COD_POSTAL":"50193"},"geometry":{"type":"Polygon","coordinates":[[[-0.79615,41.79678],[-0.79658,41.79713],[-0.79952,41.79607],[-0.80219,41.79582],[-0.803,41.79331],[-0.80243,41.79315],[-0.80328,41.79177],[-0.803,41.78744],[-0.80079,41.78624],[-0.79851,41.7857],[-0.7966,41.78375],[-0.79842,41.78213],[-0.79964,41.78138],[-0.80003,41.7807],[-0.80132,41.77785],[-0.8015,41.77622],[-0.80119,41.77443],[-0.80605,41.77076],[-0.80707,41.768],[-0.80689,41.7662],[-0.80659,41.76545],[-0.80495,41.76412],[-0.80604,41.76344],[-0.80569,41.7629],[-0.80546,41.76306],[-0.80498,41.76275],[-0.804,41.76334],[-0.80338,41.76229],[-0.80415,41.76178],[-0.80288,41.76059],[-0.80375,41.75596],[-0.805,41.75363],[-0.80413,41.75132],[-0.80512,41.7468],[-0.80983,41.74397],[-0.81098,41.74223],[-0.80935,41.74043],[-0.81007,41.73827],[-0.81075,41.73781],[-0.8088,41.73455],[-0.80564,41.73265],[-0.80293,41.73265],[-0.80062,41.7339],[-0.78817,41.73271],[-0.77898,41.73529],[-0.77911,41.73732],[-0.77977,41.73849],[-0.77535,41.73871],[-0.773,41.73963],[-0.77149,41.73982],[-0.76883,41.74118],[-0.76759,41.7411],[-0.76466,41.74148],[-0.76385,41.74198],[-0.76061,41.74268],[-0.75903,41.74244],[-0.75781,41.74196],[-0.75633,41.74265],[-0.75317,41.74277],[-0.74807,41.74451],[-0.74614,41.74359],[-0.74497,41.74421],[-0.74227,41.74403],[-0.74204,41.74382],[-0.74213,41.74309],[-0.74126,41.74268],[-0.74047,41.74119],[-0.73898,41.73991],[-0.73871,41.73916],[-0.73707,41.73807],[-0.73632,41.73865],[-0.73631,41.7389],[-0.7334,41.73896],[-0.72698,41.73968],[-0.7251,41.73965],[-0.72369,41.73999],[-0.72153,41.73964],[-0.7206,41.73986],[-0.71964,41.73971],[-0.71652,41.7409],[-0.71413,41.74122],[-0.71261,41.74037],[-0.71303,41.74185],[-0.71185,41.74215],[-0.71182,41.74239],[-0.71319,41.74201],[-0.71258,41.74455],[-0.71261,41.74695],[-0.71117,41.75126],[-0.71339,41.75412],[-0.71673,41.75656],[-0.71498,41.7579],[-0.70874,41.75887],[-0.70789,41.75922],[-0.70676,41.75919],[-0.70443,41.7581],[-0.70276,41.75869],[-0.69761,41.76179],[-0.69528,41.76223],[-0.6912,41.76606],[-0.6897,41.76987],[-0.69159,41.77257],[-0.69256,41.77471],[-0.69371,41.77585],[-0.69679,41.77785],[-0.6996,41.77922],[-0.70009,41.77971],[-0.70246,41.78066],[-0.70351,41.7807],[-0.704,41.78033],[-0.70479,41.78046],[-0.70559,41.78028],[-0.70759,41.78067],[-0.70859,41.78118],[-0.7097,41.78215],[-0.712,41.78559],[-0.71586,41.78738],[-0.71624,41.78748],[-0.71688,41.78698],[-0.71834,41.78679],[-0.71983,41.78749],[-0.72094,41.78864],[-0.72368,41.78895],[-0.72506,41.78938],[-0.72658,41.79022],[-0.72876,41.79214],[-0.7304,41.79297],[-0.73284,41.79308],[-0.73433,41.79279],[-0.73619,41.79045],[-0.73726,41.78986],[-0.73929,41.79014],[-0.74298,41.78931],[-0.74505,41.78946],[-0.75003,41.78828],[-0.75427,41.78686],[-0.75654,41.78716],[-0.76641,41.78467],[-0.77079,41.7852],[-0.7719,41.78495],[-0.77418,41.78517],[-0.78434,41.78776],[-0.78479,41.78768],[-0.78508,41.78726],[-0.79358,41.78821],[-0.79356,41.78967],[-0.79244,41.79073],[-0.79192,41.7921],[-0.7924,41.79535],[-0.79304,41.79574],[-0.79519,41.79613],[-0.79603,41.79671],[-0.79615,41.79678]]]}},{"type":"Feature","properties":{"COD_POSTAL":"50640"},"geometry":{"type":"Polygon","coordinates":[[[-1.20423,41.84499],[-1.20626,41.84413],[-1.20747,41.84491],[-1.21438,41.83932],[-1.22344,41.83429],[-1.22764,41.83788],[-1.23508,41.83709],[-1.23916,41.83868],[-1.24237,41.84063],[-1.24296,41.84026],[-1.24498,41.84114],[-1.24607,41.83984],[-1.24755,41.83915],[-1.24721,41.84055],[-1.25097,41.84095],[-1.25351,41.84052],[-1.25881,41.84059],[-1.25991,41.84092],[-1.27338,41.8327],[-1.27454,41.83137],[-1.27587,41.83109],[-1.27748,41.83024],[-1.28003,41.82974],[-1.28414,41.82668],[-1.2908,41.82245],[-1.29716,41.8188],[-1.31805,41.80542],[-1.31796,41.80509],[-1.31763,41.80452],[-1.31414,41.80153],[-1.30518,41.79629],[-1.29762,41.79443],[-1.2867,41.79081],[-1.28264,41.79102],[-1.27981,41.79317],[-1.27814,41.79323],[-1.27694,41.79518],[-1.27459,41.79582],[-1.27216,41.79751],[-1.27028,41.79843],[-1.2675,41.8025],[-1.26503,41.80422],[-1.26376,41.8047],[-1.25898,41.80578],[-1.25587,41.80732],[-1.25523,41.80711],[-1.25494,41.8077],[-1.25381,41.80753],[-1.24889,41.80969],[-1.24336,41.81061],[-1.2388,41.81215],[-1.23848,41.81214],[-1.2381,41.81096],[-1.2379,41.81233],[-1.23759,41.81277],[-1.23333,41.81472],[-1.23161,41.81514],[-1.22937,41.8162],[-1.22816,41.81642],[-1.22735,41.81704],[-1.22495,41.81718],[-1.21907,41.81866],[-1.21745,41.81866],[-1.20969,41.81601],[-1.20922,41.81664],[-1.21164,41.818],[-1.21205,41.81859],[-1.21228,41.82015],[-1.21422,41.8234],[-1.20039,41.83277],[-1.19896,41.83438],[-1.19886,41.83479],[-1.19977,41.83725],[-1.20001,41.83929],[-1.20046,41.84035],[-1.20355,41.84319],[-1.20287,41.84386],[-1.20423,41.84499]]]}},{"type":"Feature","properties":{"COD_POSTAL":"50550"},"geometry":{"type":"Polygon","coordinates":[[[-1.43531,41.8834],[-1.43174,41.88249],[-1.43056,41.88131],[-1.41572,41.87714],[-1.40793,41.8718],[-1.40879,41.86809],[-1.40978,41.86761],[-1.40882,41.86729],[-1.40478,41.86696],[-1.40109,41.86515],[-1.37762,41.85672],[-1.37681,41.85755],[-1.37613,41.85748],[-1.37636,41.85785],[-1.37443,41.85988],[-1.37446,41.86057],[-1.37289,41.86158],[-1.37345,41.86245],[-1.37277,41.86502],[-1.37124,41.86663],[-1.37044,41.86663],[-1.37019,41.86788],[-1.35888,41.87346],[-1.35996,41.87819],[-1.3648,41.88393],[-1.37753,41.89336],[-1.38463,41.89593],[-1.39106,41.90022],[-1.39214,41.90171],[-1.39711,41.90428],[-1.39901,41.90353],[-1.40134,41.906],[-1.40472,41.90578],[-1.41119,41.90696],[-1.41166,41.90737],[-1.41107,41.90834],[-1.41179,41.91001],[-1.41116,41.91062],[-1.41193,41.91244],[-1.41419,41.91424],[-1.41567,41.91676],[-1.4167,41.91601],[-1.41718,41.91453],[-1.41804,41.91364],[-1.42181,41.91282],[-1.42313,41.9116],[-1.42656,41.91282],[-1.4277,41.91256],[-1.43177,41.91292],[-1.43203,41.91328],[-1.43408,41.91425],[-1.43698,41.91432],[-1.43869,41.9157],[-1.44088,41.91616],[-1.44395,41.91534],[-1.44566,41.91556],[-1.44813,41.9154],[-1.4512,41.91577],[-1.4525,41.91536],[-1.45349,41.91547],[-1.4569,41.91673],[-1.45764,41.91675],[-1.46607,41.92193],[-1.47457,41.92462],[-1.47854,41.92474],[-1.48779,41.92359],[-1.49634,41.92429],[-1.50127,41.92407],[-1.50172,41.92393],[-1.50214,41.92285],[-1.5027,41.91987],[-1.50401,41.91858],[-1.50445,41.91729],[-1.50605,41.91544],[-1.50844,41.91472],[-1.51,41.9154],[-1.51382,41.91401],[-1.5167,41.91231],[-1.52084,41.91134],[-1.52336,41.9099],[-1.52032,41.90937],[-1.50897,41.90525],[-1.50632,41.90366],[-1.50308,41.90284],[-1.50086,41.90317],[-1.47431,41.90349],[-1.45404,41.90161],[-1.45429,41.89939],[-1.44228,41.88953],[-1.44267,41.88729],[-1.43914,41.88542],[-1.43531,41.8834]]]}},{"type":"Feature","properties":{"COD_POSTAL":"50792"},"geometry":{"type":"Polygon","coordinates":[[[-0.14078,41.25631],[-0.14181,41.25746],[-0.14212,41.25825],[-0.14255,41.26429],[-0.1437,41.26774],[-0.14491,41.26838],[-0.14724,41.26899],[-0.15298,41.2692],[-0.15496,41.26977],[-0.15571,41.27024],[-0.15965,41.2765],[-0.16129,41.27998],[-0.16206,41.28114],[-0.16362,41.28267],[-0.17038,41.28692],[-0.1823,41.29298],[-0.18531,41.29407],[-0.18963,41.29512],[-0.19344,41.29546],[-0.19563,41.29509],[-0.19718,41.29445],[-0.20126,41.29251],[-0.20403,41.28974],[-0.20241,41.28573],[-0.20285,41.28171],[-0.2026,41.27627],[-0.20153,41.2731],[-0.20118,41.26939],[-0.20819,41.25302],[-0.21161,41.23858],[-0.2127,41.23736],[-0.21153,41.23211],[-0.21074,41.22481],[-0.2108,41.2231],[-0.19725,41.22532],[-0.17906,41.22791],[-0.16509,41.22939],[-0.15841,41.22946],[-0.15121,41.23548],[-0.13996,41.24129],[-0.13846,41.24098],[-0.13198,41.24474],[-0.12537,41.25012],[-0.11396,41.25508],[-0.1116,41.25664],[-0.1147,41.25825],[-0.11532,41.25805],[-0.11622,41.2594],[-0.11766,41.26003],[-0.11658,41.26344],[-0.11684,41.26602],[-0.11889,41.26726],[-0.12188,41.27468],[-0.12639,41.27884],[-0.13126,41.28097],[-0.13736,41.28063],[-0.13946,41.27947],[-0.14024,41.27879],[-0.14068,41.27707],[-0.13978,41.27468],[-0.13743,41.27301],[-0.13507,41.27074],[-0.1311,41.26482],[-0.13047,41.26325],[-0.1303,41.2621],[-0.13036,41.25929],[-0.13198,41.25815],[-0.1342,41.25712],[-0.13642,41.25653],[-0.14021,41.25614],[-0.14078,41.25631]]]}},{"type":"Feature","properties":{"COD_POSTAL":"50781"},"geometry":{"type":"Polygon","coordinates":[[[-0.34646,41.34612],[-0.34762,41.34809],[-0.34857,41.35116],[-0.34903,41.35194],[-0.35249,41.35443],[-0.35631,41.35623],[-0.3624,41.35579],[-0.36579,41.35175],[-0.3671,41.34965],[-0.36401,41.34785],[-0.36215,41.34615],[-0.36117,41.34273],[-0.36106,41.33978],[-0.36185,41.33623],[-0.36285,41.3342],[-0.36508,41.33159],[-0.36624,41.3297],[-0.36638,41.32929],[-0.36615,41.32889],[-0.36451,41.32714],[-0.36299,41.32601],[-0.36112,41.32491],[-0.35789,41.32367],[-0.35495,41.32321],[-0.35299,41.32341],[-0.35061,41.32412],[-0.34774,41.32543],[-0.34661,41.32645],[-0.34502,41.3287],[-0.34389,41.33086],[-0.34367,41.33193],[-0.34385,41.33429],[-0.34813,41.34152],[-0.34809,41.3433],[-0.34774,41.34411],[-0.3462,41.3458],[-0.34646,41.34612]]]}},{"type":"Feature","properties":{"COD_POSTAL":"50740"},"geometry":{"type":"Polygon","coordinates":[[[-0.67086,41.4805],[-0.67254,41.47946],[-0.67436,41.47943],[-0.67631,41.47844],[-0.67804,41.47632],[-0.67871,41.47583],[-0.68033,41.47526],[-0.68038,41.47342],[-0.67872,41.4711],[-0.67541,41.46857],[-0.67535,41.46784],[-0.66657,41.4621],[-0.66309,41.46077],[-0.66068,41.45906],[-0.65736,41.45814],[-0.66125,41.447],[-0.66231,41.446],[-0.66359,41.44337],[-0.66827,41.43759],[-0.68319,41.42675],[-0.68695,41.4213],[-0.68727,41.41847],[-0.68079,41.41094],[-0.67761,41.40937],[-0.67743,41.40626],[-0.67154,41.39646],[-0.67129,41.39491],[-0.67192,41.39258],[-0.66813,41.39087],[-0.65275,41.3855],[-0.64689,41.39109],[-0.64119,41.39468],[-0.63251,41.40215],[-0.62884,41.40273],[-0.60386,41.38799],[-0.58609,41.38895],[-0.59481,41.40198],[-0.59526,41.40375],[-0.59473,41.41226],[-0.59361,41.4161],[-0.58357,41.42753],[-0.57876,41.43517],[-0.5697,41.45897],[-0.56706,41.46456],[-0.56532,41.47165],[-0.56248,41.47602],[-0.55896,41.4783],[-0.55953,41.47943],[-0.56008,41.47995],[-0.56267,41.48133],[-0.56438,41.48353],[-0.56603,41.48852],[-0.55474,41.49566],[-0.55808,41.4991],[-0.55942,41.50461],[-0.56154,41.50605],[-0.56935,41.5059],[-0.5733,41.50909],[-0.57588,41.50994],[-0.57373,41.51314],[-0.57683,41.51322],[-0.5807,41.51647],[-0.58259,41.51633],[-0.58732,41.51745],[-0.58628,41.51942],[-0.57981,41.52129],[-0.57843,41.52243],[-0.57699,41.52288],[-0.57731,41.5234],[-0.57857,41.52309],[-0.58058,41.52349],[-0.5823,41.52437],[-0.58296,41.52639],[-0.58843,41.52839],[-0.5904,41.52745],[-0.59135,41.52562],[-0.589,41.52448],[-0.59145,41.5213],[-0.59502,41.52214],[-0.59534,41.52657],[-0.59622,41.53],[-0.6007,41.53271],[-0.60121,41.53403],[-0.60493,41.53609],[-0.6101,41.53501],[-0.61225,41.53573],[-0.61288,41.53624],[-0.61425,41.53765],[-0.61554,41.54094],[-0.6202,41.54473],[-0.62214,41.54776],[-0.62396,41.55311],[-0.62526,41.55421],[-0.62677,41.55654],[-0.62799,41.55564],[-0.63063,41.55433],[-0.63241,41.55411],[-0.63112,41.55265],[-0.63225,41.5514],[-0.63378,41.55076],[-0.63699,41.54739],[-0.63743,41.54614],[-0.639,41.5453],[-0.64042,41.54492],[-0.64187,41.54536],[-0.64318,41.54726],[-0.64296,41.54826],[-0.64057,41.55205],[-0.64157,41.55478],[-0.64998,41.55915],[-0.65245,41.5575],[-0.65516,41.55619],[-0.65768,41.55397],[-0.66131,41.55268],[-0.66566,41.54874],[-0.66994,41.54282],[-0.67587,41.53682],[-0.6756,41.53611],[-0.67928,41.532],[-0.68469,41.52786],[-0.68682,41.52474],[-0.69072,41.52227],[-0.69367,41.52115],[-0.69611,41.51965],[-0.69931,41.51724],[-0.69767,41.51494],[-0.68883,41.51202],[-0.68235,41.511],[-0.68273,41.51021],[-0.68486,41.50819],[-0.68534,41.50679],[-0.68608,41.50583],[-0.68572,41.50449],[-0.68718,41.50374],[-0.68691,41.50307],[-0.68823,41.50258],[-0.68788,41.49992],[-0.64748,41.50172],[-0.64235,41.48884],[-0.67065,41.48105],[-0.67086,41.4805]]]}},{"type":"Feature","properties":{"COD_POSTAL":"50003"},"geometry":{"type":"Polygon","coordinates":[[[-0.92145,41.66735],[-0.92078,41.66875],[-0.91911,41.6706],[-0.91627,41.6723],[-0.90882,41.67425],[-0.90345,41.67623],[-0.90107,41.67901],[-0.90049,41.68063],[-0.90946,41.68173],[-0.91489,41.68182],[-0.91831,41.68133],[-0.92316,41.67984],[-0.92644,41.67728],[-0.93113,41.67225],[-0.92163,41.66493],[-0.92024,41.66414],[-0.90776,41.65927],[-0.90506,41.65873],[-0.90257,41.65789],[-0.90052,41.65684],[-0.8992,41.65712],[-0.89903,41.65739],[-0.89455,41.65819],[-0.89368,41.65722],[-0.89364,41.65619],[-0.88447,41.65411],[-0.88452,41.65453],[-0.88419,41.65452],[-0.88415,41.65404],[-0.8801,41.65199],[-0.87857,41.65304],[-0.87501,41.65707],[-0.88019,41.65828],[-0.88521,41.65889],[-0.88769,41.65989],[-0.89029,41.66139],[-0.89686,41.66642],[-0.90182,41.66734],[-0.90685,41.66647],[-0.91164,41.66456],[-0.91724,41.66432],[-0.92032,41.66512],[-0.92145,41.66735]]]}},{"type":"Feature","properties":{"COD_POSTAL":"50374"},"geometry":{"type":"Polygon","coordinates":[[[-1.65408,40.969],[-1.65127,40.9671],[-1.64717,40.9636],[-1.64492,40.96218],[-1.64195,40.95971],[-1.635,40.95272],[-1.63209,40.95063],[-1.62844,40.94863],[-1.62366,40.94669],[-1.61745,40.94373],[-1.61121,40.94761],[-1.60744,40.95638],[-1.60464,40.95903],[-1.60424,40.95895],[-1.60355,40.96058],[-1.6019,40.96122],[-1.60122,40.96173],[-1.60072,40.96292],[-1.59842,40.96559],[-1.59857,40.96582],[-1.5978,40.96674],[-1.59689,40.96709],[-1.59598,40.96852],[-1.59362,40.9734],[-1.59351,40.97675],[-1.58282,40.98957],[-1.57941,40.99255],[-1.5781,40.99583],[-1.57635,40.99799],[-1.57162,41.00073],[-1.56816,41.00207],[-1.55991,41.00641],[-1.55265,41.01087],[-1.54453,41.01735],[-1.54098,41.0229],[-1.53728,41.0267],[-1.5348,41.0273],[-1.53215,41.02851],[-1.53132,41.02984],[-1.53068,41.03002],[-1.53076,41.03092],[-1.53021,41.0327],[-1.52462,41.03475],[-1.52083,41.03563],[-1.51903,41.03635],[-1.52013,41.04393],[-1.52274,41.04776],[-1.52431,41.05129],[-1.52397,41.05406],[-1.52139,41.05786],[-1.51829,41.06151],[-1.51892,41.06254],[-1.51986,41.06306],[-1.52083,41.0643],[-1.52152,41.06478],[-1.52228,41.07021],[-1.52234,41.07209],[-1.52374,41.0753],[-1.52438,41.07616],[-1.52628,41.07722],[-1.52663,41.07872],[-1.5279,41.07979],[-1.52825,41.08049],[-1.53024,41.0816],[-1.53778,41.08303],[-1.54051,41.08576],[-1.5435,41.08765],[-1.54459,41.09064],[-1.54743,41.09232],[-1.54685,41.09556],[-1.55221,41.09943],[-1.56544,41.09374],[-1.57213,41.09203],[-1.57602,41.08913],[-1.57883,41.08737],[-1.58086,41.08645],[-1.58917,41.08422],[-1.59259,41.08271],[-1.59409,41.08103],[-1.59926,41.07243],[-1.60234,41.06928],[-1.60592,41.06633],[-1.60847,41.06324],[-1.61077,41.06103],[-1.61748,41.05368],[-1.61836,41.05315],[-1.62136,41.05381],[-1.62591,41.05403],[-1.62844,41.05386],[-1.63257,41.05466],[-1.64791,41.06191],[-1.65993,41.06909],[-1.67019,41.07619],[-1.67082,41.07649],[-1.6734,41.07682],[-1.68167,41.08017],[-1.6862,41.08265],[-1.69287,41.08785],[-1.69376,41.08973],[-1.69635,41.08916],[-1.7046,41.08859],[-1.7092,41.08867],[-1.71615,41.09132],[-1.71891,41.09296],[-1.72002,41.09431],[-1.72243,41.09371],[-1.72377,41.09381],[-1.72478,41.09192],[-1.72628,41.09047],[-1.72725,41.08785],[-1.72894,41.08689],[-1.72911,41.08626],[-1.73289,41.08356],[-1.73395,41.08199],[-1.73427,41.08014],[-1.73518,41.07928],[-1.73536,41.07845],[-1.73504,41.07716],[-1.73522,41.07641],[-1.7378,41.07338],[-1.73954,41.07235],[-1.73954,41.07143],[-1.74135,41.06984],[-1.74161,41.06864],[-1.74232,41.06738],[-1.74338,41.06651],[-1.74491,41.06596],[-1.74938,41.06288],[-1.75039,41.06117],[-1.75212,41.05983],[-1.75299,41.05833],[-1.75514,41.05709],[-1.75526,41.05652],[-1.75614,41.0554],[-1.75775,41.05507],[-1.75845,41.05359],[-1.75694,41.05246],[-1.75851,41.05263],[-1.75932,41.05201],[-1.7594,41.0517],[-1.75865,41.0495],[-1.75938,41.0482],[-1.75781,41.04705],[-1.75638,41.04647],[-1.75573,41.04557],[-1.74861,41.04126],[-1.74811,41.04018],[-1.74811,41.03819],[-1.74848,41.03642],[-1.74713,41.0339],[-1.7454,41.03259],[-1.73769,41.0313],[-1.73318,41.02822],[-1.73203,41.02678],[-1.73159,41.0256],[-1.72982,41.02402],[-1.7276,41.02264],[-1.72461,41.0212],[-1.71477,41.01208],[-1.70884,41.00765],[-1.70008,41.00233],[-1.69722,41.0002],[-1.69185,40.99563],[-1.68497,40.99245],[-1.67922,40.98933],[-1.67478,40.98403],[-1.66641,40.98173],[-1.66101,40.97832],[-1.65995,40.97668],[-1.65889,40.97299],[-1.65706,40.96941],[-1.65408,40.969]]]}},{"type":"Feature","properties":{"COD_POSTAL":"50194"},"geometry":{"type":"Polygon","coordinates":[[[-0.84051,41.66793],[-0.84237,41.66787],[-0.84259,41.66706],[-0.84446,41.66383],[-0.84592,41.66192],[-0.84636,41.66067],[-0.84633,41.65933],[-0.84656,41.65885],[-0.84852,41.65843],[-0.84936,41.65549],[-0.84932,41.65458],[-0.84837,41.65308],[-0.84774,41.64974],[-0.83925,41.6481],[-0.83715,41.64706],[-0.83513,41.64498],[-0.83451,41.64379],[-0.83452,41.64202],[-0.84016,41.63193],[-0.84077,41.63022],[-0.83884,41.61923],[-0.8365,41.61853],[-0.83045,41.61916],[-0.82615,41.61992],[-0.80448,41.62749],[-0.79468,41.6218],[-0.79383,41.62304],[-0.79262,41.62275],[-0.79229,41.62321],[-0.7911,41.62718],[-0.78919,41.625],[-0.78485,41.6277],[-0.78336,41.62664],[-0.78267,41.62966],[-0.78094,41.63006],[-0.78126,41.63078],[-0.78115,41.63106],[-0.7818,41.63198],[-0.78139,41.63445],[-0.78163,41.63521],[-0.78011,41.63496],[-0.77989,41.63546],[-0.77872,41.63558],[-0.77319,41.64264],[-0.77647,41.64334],[-0.78074,41.64497],[-0.78509,41.64669],[-0.78771,41.6483],[-0.79042,41.64925],[-0.79604,41.6527],[-0.80186,41.65721],[-0.80597,41.65895],[-0.81192,41.6596],[-0.81871,41.66188],[-0.8221,41.66372],[-0.82592,41.66478],[-0.83416,41.66631],[-0.83785,41.66615],[-0.83958,41.6673],[-0.84051,41.66793]]]}},{"type":"Feature","properties":{"COD_POSTAL":"50709"},"geometry":{"type":"Polygon","coordinates":[[[-0.07844,41.15055],[-0.07397,41.14622],[-0.07095,41.14371],[-0.06634,41.14255],[-0.05329,41.13864],[-0.04334,41.13396],[-0.03827,41.12905],[-0.02579,41.12808],[-0.01968,41.12454],[-0.01588,41.12272],[-0.01223,41.12025],[-0.00966,41.12206],[-0.00755,41.1247],[-0.00812,41.12845],[-0.00914,41.1303],[-0.0112,41.13208],[-0.01158,41.13427],[-0.00631,41.13781],[-8e-05,41.13927],[0.00147,41.13802],[0.00239,41.13493],[0.00216,41.13236],[0.00698,41.12982],[0.01195,41.12962],[0.0132,41.13075],[0.01726,41.13717],[0.02166,41.13874],[0.02598,41.13962],[0.02698,41.1416],[0.02723,41.14354],[0.03321,41.14406],[0.04206,41.15152],[0.05558,41.16679],[0.06303,41.17605],[0.06501,41.17771],[0.06632,41.17973],[0.07035,41.18059],[0.07416,41.18302],[0.08291,41.18024],[0.0858,41.18042],[0.08827,41.17881],[0.09102,41.1778],[0.0946,41.18497],[0.0967,41.19037],[0.09761,41.19604],[0.09745,41.20148],[0.09829,41.20705],[0.09885,41.20748],[0.09601,41.21213],[0.09644,41.21455],[0.0942,41.21693],[0.09552,41.21778],[0.08732,41.22715],[0.08815,41.23243],[0.09023,41.23807],[0.09028,41.23963],[0.09364,41.24166],[0.09355,41.24314],[0.09148,41.24608],[0.09158,41.24922],[0.09233,41.25168],[0.09205,41.25278],[0.0942,41.25787],[0.0898,41.26096],[0.09004,41.26353],[-0.02053,41.21574],[-0.07969,41.15096],[-0.07844,41.15055]]]}},{"type":"Feature","properties":{"COD_POSTAL":"50546"},"geometry":{"type":"Polygon","coordinates":[[[-1.61405,41.72263],[-1.61156,41.71971],[-1.60811,41.71823],[-1.60789,41.717],[-1.60317,41.71696],[-1.59898,41.71514],[-1.5964,41.71624],[-1.59251,41.71734],[-1.59029,41.71839],[-1.58689,41.72041],[-1.5828,41.7233],[-1.57983,41.72483],[-1.57516,41.72846],[-1.57318,41.72854],[-1.57421,41.73051],[-1.57522,41.73367],[-1.579,41.73508],[-1.58074,41.73656],[-1.58348,41.73756],[-1.58462,41.73982],[-1.58368,41.74137],[-1.58751,41.74355],[-1.58197,41.7478],[-1.58046,41.7502],[-1.57908,41.75092],[-1.57348,41.75734],[-1.57241,41.75918],[-1.57356,41.7627],[-1.57383,41.7674],[-1.57476,41.76982],[-1.57547,41.77667],[-1.57719,41.77911],[-1.57839,41.78137],[-1.57824,41.78654],[-1.57954,41.78909],[-1.58126,41.79364],[-1.58448,41.79435],[-1.58646,41.79798],[-1.58617,41.79991],[-1.58643,41.80099],[-1.58815,41.80204],[-1.58878,41.80341],[-1.58858,41.80454],[-1.58738,41.80705],[-1.5837,41.81344],[-1.58362,41.8161],[-1.58339,41.81667],[-1.58258,41.81772],[-1.57812,41.8183],[-1.57818,41.82351],[-1.58041,41.82549],[-1.57902,41.82636],[-1.5793,41.82794],[-1.57775,41.8284],[-1.5778,41.82895],[-1.58175,41.83042],[-1.58396,41.83226],[-1.58952,41.83528],[-1.59032,41.83595],[-1.59258,41.83913],[-1.59433,41.84314],[-1.59743,41.84459],[-1.59894,41.84609],[-1.6017,41.84993],[-1.60497,41.85241],[-1.60745,41.85342],[-1.61089,41.85425],[-1.61562,41.85419],[-1.61745,41.8545],[-1.62074,41.85421],[-1.62883,41.85262],[-1.63411,41.8504],[-1.63827,41.84672],[-1.64194,41.84412],[-1.64784,41.84393],[-1.65338,41.84413],[-1.65355,41.84358],[-1.65226,41.84334],[-1.65148,41.84287],[-1.6506,41.84207],[-1.64989,41.8409],[-1.64967,41.83998],[-1.64939,41.83353],[-1.64956,41.83351],[-1.64863,41.82465],[-1.65098,41.82065],[-1.65239,41.81878],[-1.65198,41.81252],[-1.65299,41.81153],[-1.65523,41.80706],[-1.65525,41.80547],[-1.65459,41.80484],[-1.65475,41.80389],[-1.65414,41.80339],[-1.65438,41.8027],[-1.65362,41.80148],[-1.65605,41.79982],[-1.65774,41.79767],[-1.66152,41.79553],[-1.66616,41.79536],[-1.67198,41.79559],[-1.6726,41.79546],[-1.67637,41.7925],[-1.67843,41.78776],[-1.67887,41.78423],[-1.68024,41.78337],[-1.68281,41.78241],[-1.6843,41.779],[-1.68407,41.77775],[-1.68466,41.77646],[-1.68477,41.77396],[-1.68446,41.77206],[-1.68355,41.77018],[-1.68371,41.76935],[-1.68436,41.76893],[-1.68603,41.76603],[-1.68614,41.76532],[-1.68724,41.76389],[-1.68746,41.76248],[-1.68536,41.76151],[-1.68502,41.76079],[-1.68391,41.76023],[-1.68253,41.759],[-1.68218,41.75784],[-1.69045,41.75525],[-1.69138,41.75355],[-1.69411,41.75028],[-1.69809,41.74652],[-1.70438,41.74132],[-1.71551,41.73829],[-1.71668,41.73735],[-1.72079,41.72993],[-1.72407,41.72804],[-1.72737,41.72519],[-1.72595,41.72351],[-1.72336,41.72315],[-1.72039,41.72194],[-1.71435,41.71765],[-1.71339,41.71773],[-1.71285,41.71726],[-1.7111,41.7168],[-1.71007,41.71702],[-1.7085,41.71604],[-1.70674,41.71567],[-1.70485,41.71266],[-1.70271,41.70822],[-1.69817,41.70422],[-1.69673,41.70375],[-1.69056,41.70292],[-1.68962,41.70297],[-1.68861,41.70389],[-1.68539,41.70446],[-1.68472,41.70449],[-1.68372,41.70402],[-1.68091,41.70002],[-1.67905,41.69805],[-1.67767,41.69543],[-1.67461,41.69262],[-1.67396,41.69304],[-1.66679,41.69547],[-1.66373,41.69549],[-1.6614,41.69407],[-1.64078,41.69359],[-1.63262,41.69151],[-1.62381,41.69672],[-1.61873,41.69581],[-1.61655,41.69862],[-1.62152,41.71287],[-1.61988,41.71725],[-1.61641,41.71846],[-1.61401,41.71965],[-1.61405,41.72263]]]}},{"type":"Feature","properties":{"COD_POSTAL":"50660"},"geometry":{"type":"MultiPolygon","coordinates":[[[[-1.21312,41.82173],[-1.19904,41.82847],[-1.19634,41.82952],[-1.19387,41.83211],[-1.19518,41.83592],[-1.19549,41.83616],[-1.19718,41.83548],[-1.1976,41.83632],[-1.19716,41.83806],[-1.19783,41.8408],[-1.20046,41.84035],[-1.20001,41.83929],[-1.19977,41.83725],[-1.19886,41.83479],[-1.19923,41.834],[-1.20039,41.83277],[-1.21422,41.8234],[-1.21314,41.82176],[-1.21312,41.82173]]],[[[-1.33304,41.91123],[-1.33241,41.91055],[-1.33109,41.90714],[-1.32681,41.90431],[-1.32548,41.90173],[-1.32553,41.89919],[-1.32943,41.89355],[-1.32834,41.89014],[-1.32117,41.88484],[-1.31365,41.88867],[-1.30836,41.8839],[-1.30642,41.88496],[-1.30199,41.88478],[-1.30015,41.8859],[-1.29841,41.88553],[-1.2986,41.88485],[-1.29004,41.87831],[-1.28992,41.87647],[-1.28747,41.87414],[-1.28427,41.87281],[-1.28357,41.87454],[-1.28439,41.87503],[-1.28511,41.87683],[-1.28416,41.87827],[-1.28294,41.88183],[-1.28138,41.88518],[-1.27981,41.88472],[-1.27887,41.88582],[-1.27193,41.88173],[-1.26648,41.87906],[-1.26556,41.87784],[-1.26272,41.87709],[-1.25837,41.87477],[-1.25321,41.87304],[-1.25224,41.87319],[-1.2496,41.87194],[-1.24444,41.86754],[-1.24095,41.86786],[-1.23713,41.86751],[-1.2343,41.86549],[-1.23442,41.86479],[-1.23382,41.86431],[-1.2333,41.86331],[-1.23149,41.86304],[-1.22841,41.86122],[-1.2292,41.861],[-1.23048,41.85857],[-1.23022,41.85631],[-1.22986,41.85532],[-1.22756,41.85878],[-1.22519,41.86012],[-1.22138,41.8602],[-1.21964,41.85947],[-1.21995,41.85884],[-1.21898,41.85717],[-1.22044,41.85332],[-1.22582,41.84896],[-1.22879,41.84508],[-1.22712,41.83863],[-1.22764,41.83788],[-1.22344,41.83429],[-1.21438,41.83932],[-1.20747,41.84491],[-1.20881,41.84586],[-1.21029,41.84535],[-1.2122,41.84935],[-1.21171,41.85135],[-1.20843,41.85213],[-1.20583,41.8522],[-1.20275,41.85695],[-1.19702,41.86252],[-1.19697,41.86289],[-1.19807,41.8633],[-1.20412,41.86509],[-1.21267,41.87206],[-1.21215,41.8754],[-1.21004,41.87879],[-1.20689,41.88093],[-1.19403,41.88467],[-1.18857,41.88448],[-1.18751,41.88404],[-1.18338,41.88405],[-1.15782,41.8869],[-1.1145,41.89054],[-1.10058,41.88516],[-1.09065,41.88749],[-1.08274,41.88691],[-1.07957,41.88618],[-1.07558,41.88929],[-1.06536,41.8957],[-1.05848,41.8984],[-1.04994,41.89873],[-1.04387,41.90047],[-1.02744,41.90301],[-1.02444,41.9069],[-1.02018,41.91443],[-1.01298,41.9171],[-1.0113,41.91806],[-1.01084,41.91882],[-1.00953,41.91952],[-1.00424,41.91907],[-1.00218,41.92114],[-0.99771,41.92187],[-0.99262,41.92481],[-0.98497,41.92586],[-0.9791,41.92815],[-0.97905,41.92973],[-0.98017,41.93566],[-0.98565,41.94257],[-0.98654,41.94629],[-0.99168,41.94915],[-0.99354,41.94954],[-1.00279,41.95556],[-1.00806,41.95933],[-1.01007,41.95856],[-1.01293,41.96189],[-1.01613,41.96461],[-1.01867,41.96462],[-1.02389,41.96742],[-1.03232,41.97519],[-1.03463,41.9786],[-1.0511,41.97719],[-1.06272,41.97581],[-1.06544,41.97587],[-1.071,41.97739],[-1.0793,41.9814],[-1.0833,41.98616],[-1.08581,41.98737],[-1.08831,41.98978],[-1.08847,41.99043],[-1.09032,41.99125],[-1.10033,41.99399],[-1.10657,41.99506],[-1.12013,41.99349],[-1.12946,41.99522],[-1.14248,42.00013],[-1.14872,42.00359],[-1.16819,42.00967],[-1.17977,42.0148],[-1.18751,42.0171],[-1.19674,42.01868],[-1.20732,42.02127],[-1.21165,42.02997],[-1.21998,42.02708],[-1.22086,42.0252],[-1.22114,42.02526],[-1.21794,42.01185],[-1.21674,42.00345],[-1.22514,41.99865],[-1.22874,41.99025],[-1.23594,41.98155],[-1.25454,41.94554],[-1.33304,41.91123]]]]}},{"type":"Feature","properties":{"COD_POSTAL":"50700"},"geometry":{"type":"Polygon","coordinates":[[[0.10058,41.35158],[0.09851,41.35129],[0.09371,41.34997],[0.09185,41.35042],[0.08726,41.35052],[0.08522,41.35174],[0.08065,41.35247],[0.07966,41.35579],[0.07818,41.35402],[0.0776,41.35285],[0.0727,41.35353],[0.06715,41.35346],[0.06316,41.35417],[0.06181,41.35413],[0.06018,41.35461],[0.05522,41.35477],[0.04339,41.35572],[0.03957,41.35511],[0.03711,41.35506],[0.03411,41.35619],[0.02835,41.3569],[0.02037,41.35912],[0.01723,41.36077],[0.01262,41.36001],[0.01005,41.36043],[0.00825,41.36318],[0.00862,41.36561],[0.00761,41.36672],[0.00661,41.36691],[0.00598,41.36824],[0.00734,41.36939],[0.00708,41.37036],[0.00565,41.37107],[0.00661,41.37286],[0.00548,41.3732],[0.00472,41.37401],[-0.00126,41.38448],[-0.00263,41.38792],[-0.00859,41.38994],[-0.01013,41.39116],[-0.01261,41.39219],[-0.01518,41.39256],[-0.01833,41.39447],[-0.02123,41.39576],[-0.02305,41.39699],[-0.02386,41.39678],[-0.02358,41.39638],[-0.02437,41.39511],[-0.02415,41.39262],[-0.02573,41.3921],[-0.02413,41.3911],[-0.0237,41.38886],[-0.02512,41.38784],[-0.0241,41.38633],[-0.02547,41.38567],[-0.02797,41.38351],[-0.02928,41.37782],[-0.02754,41.37463],[-0.02429,41.37047],[-0.02389,41.37028],[-0.01871,41.36349],[-0.01789,41.35965],[-0.01726,41.35933],[-0.00916,41.3508],[-0.00793,41.34781],[-0.03339,41.35804],[-0.04944,41.36046],[-0.05028,41.36301],[-0.05042,41.36511],[-0.05111,41.36641],[-0.05401,41.36665],[-0.06058,41.36929],[-0.06189,41.36955],[-0.07,41.37296],[-0.0727,41.37716],[-0.07772,41.37551],[-0.08937,41.37374],[-0.09923,41.37138],[-0.11197,41.37046],[-0.11908,41.36925],[-0.13211,41.36952],[-0.14766,41.37144],[-0.14645,41.36735],[-0.14524,41.36446],[-0.14441,41.36048],[-0.14192,41.35748],[-0.14256,41.35071],[-0.1407,41.34814],[-0.14268,41.34601],[-0.14215,41.34309],[-0.14438,41.34059],[-0.14647,41.33552],[-0.14649,41.3323],[-0.14467,41.3273],[-0.14269,41.31892],[-0.14366,41.31791],[-0.14277,41.31387],[-0.14324,41.31306],[-0.14174,41.3073],[-0.14042,41.30567],[-0.13648,41.30315],[-0.13601,41.30055],[-0.13684,41.29778],[-0.13699,41.29495],[-0.13543,41.29289],[-0.13672,41.2887],[-0.13819,41.28746],[-0.13861,41.28508],[-0.13711,41.28256],[-0.13795,41.28127],[-0.13736,41.28063],[-0.13126,41.28097],[-0.12639,41.27884],[-0.12188,41.27468],[-0.11889,41.26726],[-0.11684,41.26602],[-0.11658,41.26344],[-0.11766,41.26003],[-0.11622,41.2594],[-0.11532,41.25805],[-0.1147,41.25825],[-0.1116,41.25664],[-0.11396,41.25508],[-0.12537,41.25012],[-0.13198,41.24474],[-0.13846,41.24098],[-0.13996,41.24129],[-0.15121,41.23548],[-0.15841,41.22946],[-0.16509,41.22939],[-0.17906,41.22791],[-0.19725,41.22532],[-0.2108,41.2231],[-0.21138,41.21453],[-0.20981,41.20595],[-0.21108,41.19602],[-0.21124,41.19221],[-0.21653,41.19031],[-0.21422,41.19087],[-0.20547,41.19201],[-0.1875,41.18873],[-0.18482,41.18911],[-0.18095,41.18814],[-0.17378,41.18446],[-0.1535,41.17488],[-0.15048,41.17424],[-0.14716,41.17221],[-0.14458,41.17033],[-0.14054,41.16678],[-0.13651,41.16425],[-0.13458,41.16275],[-0.1326,41.1615],[-0.12789,41.15909],[-0.12413,41.15761],[-0.1224,41.15664],[-0.11733,41.15514],[-0.11401,41.15363],[-0.1035,41.14962],[-0.10014,41.14965],[-0.0986,41.14925],[-0.095,41.14898],[-0.08374,41.15127],[-0.07969,41.15096],[-0.02053,41.21574],[0.09004,41.26353],[0.09176,41.27004],[0.09013,41.27512],[0.08771,41.27847],[0.08912,41.28172],[0.08865,41.28454],[0.09461,41.2853],[0.09896,41.28411],[0.09638,41.28938],[0.097,41.29167],[0.09664,41.29265],[0.09737,41.29366],[0.09643,41.29514],[0.09671,41.29652],[0.09812,41.2974],[0.09438,41.30036],[0.09378,41.30252],[0.08931,41.30532],[0.09085,41.30664],[0.08984,41.30756],[0.09207,41.30873],[0.09268,41.31257],[0.09632,41.31504],[0.10036,41.31311],[0.10654,41.31201],[0.11349,41.31291],[0.11702,41.31573],[0.11789,41.3173],[0.11805,41.32139],[0.1165,41.32921],[0.11444,41.33342],[0.10696,41.34655],[0.1061,41.35001],[0.1063,41.35082],[0.10135,41.35169],[0.10058,41.35158]]]}},{"type":"Feature","properties":{"COD_POSTAL":"50696"},"geometry":{"type":"Polygon","coordinates":[[[-1.3418,42.33989],[-1.34128,42.33981],[-1.33157,42.33351],[-1.32317,42.32723],[-1.317,42.32572],[-1.31137,42.32394],[-1.30976,42.324],[-1.30908,42.32425],[-1.30662,42.32405],[-1.30081,42.32419],[-1.29608,42.32478],[-1.29477,42.32438],[-1.29329,42.32533],[-1.28918,42.3246],[-1.28881,42.32713],[-1.28844,42.32814],[-1.28616,42.33095],[-1.28515,42.33169],[-1.28213,42.33349],[-1.26343,42.33946],[-1.2624,42.34042],[-1.26,42.34378],[-1.25331,42.34989],[-1.24943,42.35935],[-1.24749,42.36014],[-1.24712,42.36057],[-1.24423,42.36591],[-1.2442,42.36961],[-1.24328,42.37382],[-1.24285,42.37492],[-1.24029,42.37875],[-1.23612,42.38977],[-1.23191,42.39246],[-1.22814,42.39651],[-1.22828,42.39804],[-1.2271,42.4011],[-1.22612,42.40244],[-1.22515,42.40336],[-1.22317,42.40389],[-1.22294,42.40417],[-1.2229,42.40534],[-1.22165,42.40596],[-1.21942,42.4082],[-1.21615,42.4103],[-1.21179,42.41712],[-1.20338,42.42132],[-1.19842,42.42265],[-1.19587,42.42564],[-1.19501,42.42595],[-1.18823,42.42635],[-1.18751,42.42613],[-1.18427,42.42412],[-1.18282,42.4239],[-1.18283,42.42459],[-1.18184,42.42515],[-1.17101,42.43056],[-1.16938,42.431],[-1.16661,42.43251],[-1.16523,42.4328],[-1.16296,42.43234],[-1.15937,42.43488],[-1.15879,42.43619],[-1.15815,42.437],[-1.15646,42.43781],[-1.15532,42.44039],[-1.15403,42.44148],[-1.15252,42.44188],[-1.17294,42.46338],[-1.23773,42.46664],[-1.27247,42.48221],[-1.27473,42.47974],[-1.27528,42.47858],[-1.27596,42.47569],[-1.27738,42.47433],[-1.27882,42.47054],[-1.2818,42.46768],[-1.28169,42.46687],[-1.28195,42.46572],[-1.28147,42.4643],[-1.28184,42.46387],[-1.28406,42.46296],[-1.28546,42.46209],[-1.29029,42.45719],[-1.29275,42.45601],[-1.29796,42.45402],[-1.30096,42.45421],[-1.30372,42.4532],[-1.30546,42.45299],[-1.30929,42.45155],[-1.30963,42.45112],[-1.31216,42.45045],[-1.31219,42.44961],[-1.31655,42.44867],[-1.31983,42.4452],[-1.32373,42.44244],[-1.32593,42.44021],[-1.32717,42.43799],[-1.32866,42.43594],[-1.33272,42.43277],[-1.33508,42.43055],[-1.3367,42.42953],[-1.33736,42.42847],[-1.34169,42.42399],[-1.34146,42.4236],[-1.34043,42.42302],[-1.34034,42.4219],[-1.34089,42.42093],[-1.34095,42.41886],[-1.34194,42.41197],[-1.34336,42.40892],[-1.34334,42.40792],[-1.34493,42.40588],[-1.3484,42.40039],[-1.34867,42.39912],[-1.34944,42.39743],[-1.35011,42.39359],[-1.35091,42.3908],[-1.35139,42.39038],[-1.35418,42.38615],[-1.35526,42.38517],[-1.35718,42.38129],[-1.35945,42.37877],[-1.35962,42.37806],[-1.35654,42.37432],[-1.35488,42.373],[-1.35002,42.36997],[-1.34659,42.372],[-1.34394,42.37228],[-1.3425,42.37286],[-1.34248,42.37305],[-1.33591,42.37221],[-1.33366,42.36971],[-1.33301,42.3684],[-1.33295,42.3664],[-1.3332,42.3654],[-1.33295,42.36422],[-1.32953,42.36111],[-1.3295,42.36072],[-1.32991,42.36035],[-1.33216,42.35886],[-1.32879,42.35518],[-1.32969,42.35379],[-1.33161,42.35178],[-1.33254,42.34983],[-1.33474,42.34778],[-1.33735,42.34675],[-1.33817,42.34525],[-1.33933,42.34411],[-1.34026,42.34343],[-1.34305,42.34228],[-1.3418,42.33989]]]}},{"type":"Feature","properties":{"COD_POSTAL":"50142"},"geometry":{"type":"Polygon","coordinates":[[[-0.9836,41.33844],[-0.98172,41.33648],[-0.98011,41.33526],[-0.9797,41.33352],[-0.97889,41.33224],[-0.98103,41.3281],[-0.97627,41.32222],[-0.94902,41.31591],[-0.94764,41.31818],[-0.94612,41.31986],[-0.94467,41.32083],[-0.94388,41.32044],[-0.94249,41.32129],[-0.94267,41.32256],[-0.93899,41.32393],[-0.93523,41.32482],[-0.93397,41.32624],[-0.9271,41.3266],[-0.92305,41.32632],[-0.91824,41.32575],[-0.91764,41.3251],[-0.91486,41.32431],[-0.91402,41.32305],[-0.91248,41.32262],[-0.91239,41.32118],[-0.90773,41.32041],[-0.90536,41.32078],[-0.90442,41.32049],[-0.90206,41.32058],[-0.90073,41.31885],[-0.89804,41.31922],[-0.89729,41.31907],[-0.88903,41.31489],[-0.88385,41.31581],[-0.88348,41.31769],[-0.88134,41.31947],[-0.88134,41.32055],[-0.87435,41.32668],[-0.87454,41.32847],[-0.87407,41.33067],[-0.87475,41.33093],[-0.87573,41.33177],[-0.87549,41.33288],[-0.87604,41.33407],[-0.87489,41.33518],[-0.87522,41.33714],[-0.87439,41.33966],[-0.87344,41.34104],[-0.8734,41.34244],[-0.87365,41.344],[-0.87565,41.34642],[-0.87667,41.34845],[-0.87873,41.35517],[-0.87971,41.35676],[-0.88033,41.35871],[-0.88109,41.35959],[-0.88172,41.36187],[-0.88106,41.36545],[-0.88172,41.36895],[-0.8817,41.37026],[-0.88522,41.37713],[-0.88705,41.37845],[-0.8874,41.37898],[-0.88759,41.37997],[-0.89033,41.38271],[-0.891,41.38453],[-0.89079,41.38556],[-0.89088,41.3877],[-0.8925,41.38872],[-0.89359,41.38902],[-0.89591,41.39059],[-0.8981,41.39105],[-0.89887,41.39192],[-0.89985,41.39195],[-0.9006,41.39229],[-0.90194,41.39352],[-0.90362,41.39404],[-0.90805,41.39615],[-0.90962,41.39666],[-0.91745,41.40281],[-0.91944,41.4012],[-0.92249,41.40051],[-0.92597,41.4005],[-0.92762,41.39972],[-0.92923,41.39939],[-0.93088,41.39808],[-0.93504,41.3967],[-0.9472,41.39637],[-0.94824,41.39561],[-0.94953,41.39537],[-0.95083,41.39432],[-0.95643,41.39291],[-0.95713,41.39199],[-0.95839,41.3915],[-0.95944,41.39053],[-0.95819,41.38333],[-0.95657,41.38074],[-0.96023,41.36984],[-0.96414,41.36447],[-0.96466,41.362],[-0.96939,41.35722],[-0.97327,41.35278],[-0.97766,41.35246],[-0.98821,41.34514],[-0.98403,41.34073],[-0.98379,41.33875],[-0.9836,41.33844]]]}},{"type":"Feature","properties":{"COD_POSTAL":"50216"},"geometry":{"type":"Polygon","coordinates":[[[-1.93535,41.39447],[-1.93486,41.39388],[-1.93558,41.39268],[-1.93571,41.39204],[-1.93543,41.39114],[-1.92882,41.38685],[-1.92884,41.38622],[-1.93005,41.38362],[-1.92998,41.38324],[-1.92819,41.38327],[-1.9274,41.38228],[-1.92489,41.38325],[-1.92448,41.38312],[-1.92326,41.38083],[-1.92249,41.38051],[-1.91997,41.38024],[-1.91952,41.37991],[-1.91964,41.37951],[-1.91998,41.37936],[-1.9194,41.37879],[-1.91724,41.37797],[-1.91579,41.37785],[-1.91426,41.37845],[-1.91315,41.37857],[-1.91229,41.38007],[-1.91192,41.38244],[-1.91063,41.38483],[-1.91079,41.38812],[-1.90741,41.39332],[-1.90477,41.39585],[-1.9019,41.39762],[-1.89728,41.40157],[-1.89507,41.40298],[-1.89337,41.40465],[-1.89246,41.40519],[-1.88482,41.4081],[-1.88092,41.40895],[-1.87748,41.41076],[-1.87573,41.41137],[-1.85288,41.41623],[-1.84866,41.41638],[-1.84683,41.41731],[-1.84481,41.41749],[-1.84311,41.41967],[-1.84263,41.41996],[-1.83845,41.42125],[-1.83695,41.42148],[-1.83487,41.423],[-1.83272,41.42405],[-1.83032,41.42624],[-1.8276,41.42696],[-1.826,41.42785],[-1.82163,41.42767],[-1.81917,41.42847],[-1.81372,41.42871],[-1.81085,41.42783],[-1.80829,41.42747],[-1.80606,41.42757],[-1.80159,41.4282],[-1.79518,41.43121],[-1.79621,41.4318],[-1.79855,41.43224],[-1.80097,41.43345],[-1.80189,41.43357],[-1.80356,41.43334],[-1.80415,41.43363],[-1.80524,41.4355],[-1.8051,41.43682],[-1.8053,41.43715],[-1.80728,41.43858],[-1.80863,41.44001],[-1.80913,41.44093],[-1.80912,41.4425],[-1.80951,41.44318],[-1.81041,41.4437],[-1.813,41.44438],[-1.81631,41.44612],[-1.81717,41.44631],[-1.81874,41.44792],[-1.82137,41.44918],[-1.82205,41.45066],[-1.82317,41.45155],[-1.8234,41.45254],[-1.82404,41.4531],[-1.82489,41.45481],[-1.8256,41.45747],[-1.82607,41.45842],[-1.82874,41.46039],[-1.82941,41.46172],[-1.83271,41.45954],[-1.83914,41.45333],[-1.8441,41.45133],[-1.84493,41.45066],[-1.84713,41.44966],[-1.84897,41.44815],[-1.85073,41.44717],[-1.84957,41.4453],[-1.84866,41.44485],[-1.84855,41.44453],[-1.85006,41.44325],[-1.85292,41.4419],[-1.85418,41.44161],[-1.85685,41.44157],[-1.85662,41.4432],[-1.85874,41.44546],[-1.86248,41.44556],[-1.86806,41.44716],[-1.87307,41.44641],[-1.87883,41.44353],[-1.88041,41.4447],[-1.88235,41.44561],[-1.88388,41.44501],[-1.88539,41.44402],[-1.88583,41.44398],[-1.88648,41.44438],[-1.88676,41.44538],[-1.88733,41.44553],[-1.88775,41.4453],[-1.88868,41.44392],[-1.89037,41.44386],[-1.89112,41.44345],[-1.89133,41.44284],[-1.89082,41.44054],[-1.89151,41.44003],[-1.89198,41.43931],[-1.89589,41.43859],[-1.89868,41.43603],[-1.90009,41.43537],[-1.90462,41.43213],[-1.90902,41.43176],[-1.91263,41.43018],[-1.91282,41.42932],[-1.91267,41.42779],[-1.91425,41.42435],[-1.92111,41.42075],[-1.92259,41.4203],[-1.92532,41.42134],[-1.92835,41.4213],[-1.92903,41.42092],[-1.93015,41.42082],[-1.93034,41.41999],[-1.93218,41.41971],[-1.93305,41.42017],[-1.93372,41.41999],[-1.93424,41.41933],[-1.93514,41.41982],[-1.93652,41.4199],[-1.93944,41.41865],[-1.93973,41.41836],[-1.93992,41.417],[-1.93867,41.41374],[-1.93912,41.41272],[-1.93885,41.41235],[-1.9373,41.41164],[-1.93717,41.41129],[-1.93818,41.40939],[-1.93729,41.40785],[-1.93866,41.40653],[-1.93871,41.40625],[-1.93803,41.40521],[-1.93898,41.40368],[-1.9377,41.40179],[-1.93766,41.40141],[-1.93825,41.4012],[-1.93804,41.40011],[-1.93569,41.39968],[-1.93753,41.39811],[-1.93656,41.39655],[-1.93709,41.3952],[-1.93688,41.39492],[-1.93535,41.39447]]]}},{"type":"Feature","properties":{"COD_POSTAL":"50191"},"geometry":{"type":"Polygon","coordinates":[[[-0.88416,41.69207],[-0.88696,41.70084],[-0.88682,41.70866],[-0.89917,41.70603],[-0.90577,41.70354],[-0.91127,41.69556],[-0.91202,41.68892],[-0.91113,41.68176],[-0.90049,41.68063],[-0.90006,41.68183],[-0.89545,41.68447],[-0.8921,41.68719],[-0.89007,41.68765],[-0.88712,41.69031],[-0.88488,41.69053],[-0.88351,41.69002],[-0.88385,41.6911],[-0.88416,41.69207]]]}},{"type":"Feature","properties":{"COD_POSTAL":"50368"},"geometry":{"type":"MultiPolygon","coordinates":[[[[-1.23779,41.24888],[-1.2374,41.24741],[-1.23795,41.24671],[-1.23783,41.24521],[-1.23722,41.24351],[-1.23756,41.24235],[-1.23734,41.24102],[-1.23923,41.23987],[-1.24134,41.2378],[-1.24256,41.2371],[-1.24279,41.236],[-1.24465,41.23406],[-1.25102,41.23091],[-1.25032,41.22929],[-1.24882,41.22696],[-1.24489,41.22156],[-1.24261,41.21944],[-1.242,41.21845],[-1.2395,41.21695],[-1.2366,41.21656],[-1.23294,41.21327],[-1.23227,41.21165],[-1.23216,41.21003],[-1.23122,41.20807],[-1.22975,41.20721],[-1.22659,41.20202],[-1.22583,41.2],[-1.2248,41.19811],[-1.22427,41.19641],[-1.22342,41.19488],[-1.2225,41.19259],[-1.22211,41.19053],[-1.22116,41.18859],[-1.21415,41.18944],[-1.21281,41.18901],[-1.21085,41.18793],[-1.20602,41.18798],[-1.19457,41.19016],[-1.19248,41.19138],[-1.19215,41.19206],[-1.19235,41.19258],[-1.19167,41.19333],[-1.19068,41.1952],[-1.19136,41.19601],[-1.19232,41.19793],[-1.19188,41.19859],[-1.1917,41.19982],[-1.193,41.20237],[-1.19171,41.20369],[-1.19028,41.20427],[-1.19048,41.20541],[-1.18983,41.20651],[-1.18895,41.20732],[-1.18858,41.20825],[-1.18727,41.20908],[-1.18569,41.21115],[-1.18577,41.21435],[-1.18512,41.21603],[-1.18887,41.21869],[-1.18979,41.21959],[-1.19127,41.22397],[-1.1902,41.226],[-1.19029,41.22743],[-1.19075,41.22813],[-1.19266,41.22989],[-1.19421,41.23405],[-1.19387,41.236],[-1.19394,41.23739],[-1.19469,41.23889],[-1.19662,41.24147],[-1.19737,41.24115],[-1.19826,41.24118],[-1.1998,41.24229],[-1.20133,41.24265],[-1.204,41.24268],[-1.20587,41.24312],[-1.20651,41.24342],[-1.20907,41.24573],[-1.21247,41.24398],[-1.21288,41.24338],[-1.21588,41.24384],[-1.21665,41.24438],[-1.21752,41.24431],[-1.21791,41.2436],[-1.21885,41.2436],[-1.22032,41.24467],[-1.22279,41.244],[-1.22445,41.24422],[-1.22486,41.24441],[-1.22742,41.24712],[-1.22974,41.25101],[-1.23182,41.25137],[-1.23239,41.25103],[-1.23521,41.25061],[-1.23668,41.24977],[-1.23779,41.24888]]],[[[-1.35471,41.13657],[-1.35438,41.13549],[-1.35161,41.13234],[-1.34962,41.12901],[-1.34704,41.12796],[-1.34013,41.12584],[-1.32163,41.12173],[-1.31501,41.12213],[-1.31352,41.12436],[-1.30519,41.1309],[-1.30332,41.13363],[-1.29981,41.14099],[-1.30203,41.14658],[-1.30309,41.1506],[-1.30707,41.15615],[-1.31045,41.16036],[-1.31278,41.1668],[-1.31565,41.17146],[-1.31598,41.17294],[-1.31548,41.17507],[-1.3106,41.1775],[-1.3093,41.17796],[-1.30733,41.17804],[-1.29834,41.18134],[-1.2991,41.18609],[-1.29898,41.18686],[-1.29612,41.19277],[-1.29287,41.19436],[-1.29029,41.19741],[-1.29003,41.19824],[-1.28922,41.19939],[-1.2878,41.20057],[-1.28633,41.20113],[-1.28454,41.20232],[-1.28407,41.20273],[-1.28363,41.20398],[-1.28254,41.20508],[-1.28065,41.20581],[-1.27926,41.20561],[-1.27781,41.20577],[-1.27674,41.20654],[-1.27459,41.20952],[-1.27262,41.21474],[-1.2724,41.21642],[-1.27253,41.21832],[-1.2722,41.22092],[-1.2715,41.22267],[-1.27156,41.22851],[-1.27091,41.23003],[-1.27086,41.23341],[-1.26595,41.23672],[-1.26677,41.23757],[-1.26664,41.23883],[-1.26924,41.24296],[-1.26972,41.24427],[-1.27134,41.24479],[-1.27229,41.24731],[-1.27174,41.24903],[-1.27194,41.25053],[-1.27707,41.25466],[-1.27835,41.25554],[-1.27918,41.25569],[-1.28058,41.25669],[-1.28129,41.25814],[-1.28204,41.25826],[-1.28329,41.25944],[-1.28675,41.25929],[-1.2884,41.26034],[-1.28978,41.25967],[-1.29013,41.25928],[-1.29041,41.25814],[-1.29158,41.257],[-1.29054,41.25323],[-1.29406,41.25225],[-1.29599,41.25142],[-1.29761,41.25015],[-1.30693,41.25111],[-1.31073,41.25022],[-1.31113,41.24965],[-1.31122,41.2482],[-1.31609,41.24262],[-1.3195,41.24222],[-1.31974,41.24138],[-1.32071,41.23994],[-1.32252,41.23814],[-1.32387,41.23725],[-1.3266,41.23688],[-1.32702,41.23745],[-1.32815,41.23739],[-1.32944,41.23877],[-1.33112,41.24143],[-1.33277,41.24274],[-1.33422,41.24445],[-1.33635,41.24622],[-1.33794,41.24705],[-1.3385,41.24779],[-1.33945,41.24844],[-1.3404,41.25008],[-1.34133,41.25062],[-1.34194,41.25165],[-1.34205,41.25244],[-1.34403,41.25392],[-1.34573,41.2559],[-1.34574,41.25631],[-1.35617,41.24749],[-1.35984,41.24401],[-1.36834,41.23669],[-1.36478,41.23423],[-1.36427,41.23329],[-1.36399,41.22803],[-1.36308,41.22076],[-1.36393,41.21565],[-1.36392,41.21343],[-1.36427,41.21095],[-1.36424,41.20843],[-1.36355,41.20349],[-1.36363,41.20307],[-1.37042,41.19276],[-1.37055,41.19207],[-1.35982,41.18056],[-1.35692,41.17847],[-1.35503,41.17664],[-1.35299,41.17456],[-1.35069,41.17144],[-1.34368,41.16466],[-1.34551,41.15503],[-1.34838,41.14893],[-1.35022,41.14596],[-1.35256,41.14332],[-1.35442,41.13766],[-1.35471,41.13657]]]]}},{"type":"Feature","properties":{"COD_POSTAL":"50360"},"geometry":{"type":"Polygon","coordinates":[[[-1.41396,41.14661],[-1.4164,41.14805],[-1.41865,41.15081],[-1.41963,41.15157],[-1.42045,41.15315],[-1.42223,41.15298],[-1.42345,41.15321],[-1.42593,41.15522],[-1.42834,41.15524],[-1.42911,41.15492],[-1.43028,41.15374],[-1.43224,41.15268],[-1.43276,41.152],[-1.43303,41.14984],[-1.43403,41.14828],[-1.43504,41.14751],[-1.43711,41.14678],[-1.43889,41.14496],[-1.44106,41.14337],[-1.44186,41.14201],[-1.44408,41.14011],[-1.44512,41.13961],[-1.45006,41.13819],[-1.45086,41.13855],[-1.45299,41.14103],[-1.45477,41.14177],[-1.45585,41.14259],[-1.45727,41.14252],[-1.46088,41.13825],[-1.46018,41.13768],[-1.4598,41.1368],[-1.45842,41.13624],[-1.45706,41.13399],[-1.4575,41.13336],[-1.46077,41.13055],[-1.46025,41.12651],[-1.46444,41.12352],[-1.46632,41.1229],[-1.46927,41.12151],[-1.47113,41.12118],[-1.47186,41.12031],[-1.47354,41.11954],[-1.4746,41.11829],[-1.47085,41.1166],[-1.4649,41.10461],[-1.45934,41.10024],[-1.45405,41.09397],[-1.4466,41.08772],[-1.44588,41.08344],[-1.44595,41.07997],[-1.4455,41.07557],[-1.44277,41.07387],[-1.44182,41.07412],[-1.44093,41.07492],[-1.43934,41.07541],[-1.43617,41.07728],[-1.43202,41.07783],[-1.4312,41.0775],[-1.42901,41.07752],[-1.42787,41.07824],[-1.42361,41.07881],[-1.4223,41.07869],[-1.41925,41.07904],[-1.41695,41.07962],[-1.41342,41.0801],[-1.41212,41.08063],[-1.40864,41.07799],[-1.41047,41.07325],[-1.40983,41.07172],[-1.40904,41.07142],[-1.40705,41.07249],[-1.405,41.07411],[-1.40383,41.07591],[-1.39992,41.07891],[-1.39874,41.08069],[-1.39994,41.08195],[-1.39827,41.08405],[-1.3987,41.0846],[-1.3955,41.08612],[-1.38803,41.09102],[-1.38514,41.09235],[-1.38353,41.09283],[-1.38136,41.09467],[-1.37971,41.09423],[-1.37661,41.09519],[-1.37582,41.09508],[-1.37465,41.09569],[-1.37275,41.09602],[-1.37097,41.09675],[-1.37003,41.09667],[-1.3692,41.097],[-1.36746,41.09706],[-1.36673,41.09775],[-1.3671,41.09885],[-1.3685,41.0992],[-1.36854,41.10042],[-1.36905,41.10134],[-1.37043,41.10208],[-1.37198,41.10375],[-1.37423,41.10771],[-1.37431,41.10996],[-1.37337,41.11107],[-1.37314,41.11182],[-1.37254,41.11242],[-1.37162,41.11409],[-1.36921,41.11568],[-1.36795,41.11625],[-1.36802,41.1211],[-1.35454,41.13589],[-1.35857,41.13532],[-1.36309,41.13525],[-1.36587,41.13461],[-1.37695,41.13527],[-1.38237,41.13704],[-1.38774,41.13721],[-1.39065,41.13795],[-1.39339,41.13997],[-1.39611,41.14108],[-1.3973,41.14213],[-1.40014,41.14377],[-1.40264,41.14464],[-1.4033,41.14461],[-1.4064,41.14602],[-1.40747,41.14597],[-1.41071,41.14499],[-1.41396,41.14661]]]}},{"type":"Feature","properties":{"COD_POSTAL":"50196"},"geometry":{"type":"Polygon","coordinates":[[[-1.16872,41.64243],[-1.1703,41.64279],[-1.17386,41.64703],[-1.18023,41.64297],[-1.18416,41.63917],[-1.18751,41.63633],[-1.19774,41.62908],[-1.20946,41.62127],[-1.20451,41.61154],[-1.19994,41.60421],[-1.19723,41.60042],[-1.18591,41.59152],[-1.17499,41.57777],[-1.17465,41.57413],[-1.17472,41.5665],[-1.17429,41.56531],[-1.1694,41.5569],[-1.16661,41.55428],[-1.1639,41.5487],[-1.16224,41.53349],[-1.16082,41.53525],[-1.15965,41.53766],[-1.15685,41.54169],[-1.15385,41.54272],[-1.15224,41.54361],[-1.14478,41.54181],[-1.14408,41.54146],[-1.14067,41.53832],[-1.13898,41.53385],[-1.13783,41.5334],[-1.13608,41.53322],[-1.13382,41.53213],[-1.13256,41.53299],[-1.13101,41.53287],[-1.12856,41.53153],[-1.12611,41.53099],[-1.12779,41.52904],[-1.12768,41.52416],[-1.12792,41.52355],[-1.12827,41.523],[-1.1299,41.5236],[-1.12904,41.52223],[-1.1293,41.52022],[-1.12819,41.51668],[-1.12437,41.51343],[-1.12286,41.51181],[-1.12126,41.50886],[-1.12014,41.50751],[-1.12051,41.50592],[-1.11903,41.50518],[-1.1167,41.505],[-1.11551,41.50429],[-1.11466,41.50423],[-1.10756,41.49788],[-1.10367,41.49378],[-1.09942,41.491],[-1.09427,41.48712],[-1.08909,41.48434],[-1.08467,41.48302],[-1.08295,41.48183],[-1.0807,41.48077],[-1.07817,41.48044],[-1.07817,41.483],[-1.07558,41.48607],[-1.07312,41.48957],[-1.06329,41.49623],[-1.06068,41.49883],[-1.0524,41.50357],[-1.0549,41.50589],[-1.05792,41.50934],[-1.04876,41.52118],[-1.04351,41.52603],[-1.04027,41.52772],[-1.04742,41.53415],[-1.05241,41.53721],[-1.05543,41.53861],[-1.05831,41.53801],[-1.06187,41.53653],[-1.06404,41.53527],[-1.06609,41.53482],[-1.06823,41.53489],[-1.06879,41.53516],[-1.06869,41.53624],[-1.06798,41.53656],[-1.06872,41.53686],[-1.07029,41.53644],[-1.0699,41.53467],[-1.07166,41.53447],[-1.07132,41.53225],[-1.07336,41.5329],[-1.07385,41.53335],[-1.07432,41.53302],[-1.07451,41.53117],[-1.07669,41.53233],[-1.07706,41.53293],[-1.07692,41.53381],[-1.07914,41.53372],[-1.07821,41.5348],[-1.07869,41.53559],[-1.0769,41.536],[-1.07699,41.5371],[-1.0773,41.53736],[-1.07822,41.53743],[-1.08052,41.53665],[-1.08039,41.53798],[-1.07984,41.53896],[-1.07894,41.53945],[-1.07701,41.53958],[-1.07683,41.53988],[-1.07696,41.54059],[-1.07747,41.54086],[-1.08016,41.54089],[-1.08284,41.53881],[-1.08367,41.5377],[-1.08466,41.53872],[-1.08794,41.53729],[-1.08833,41.53911],[-1.08577,41.53989],[-1.08457,41.54073],[-1.08378,41.54177],[-1.08769,41.5425],[-1.08696,41.54372],[-1.08778,41.54456],[-1.08895,41.54475],[-1.0907,41.54374],[-1.09174,41.54476],[-1.09286,41.54283],[-1.09373,41.54269],[-1.09418,41.54287],[-1.09474,41.54424],[-1.09536,41.54446],[-1.10021,41.54454],[-1.10017,41.54515],[-1.0988,41.54622],[-1.09689,41.54613],[-1.09556,41.54648],[-1.09523,41.54684],[-1.09514,41.54766],[-1.09541,41.54816],[-1.09663,41.54897],[-1.10036,41.55008],[-1.1043,41.55018],[-1.10297,41.55085],[-1.10191,41.55204],[-1.09683,41.55178],[-1.09622,41.55184],[-1.09605,41.55227],[-1.09229,41.55137],[-1.0901,41.5519],[-1.0887,41.55145],[-1.08772,41.55217],[-1.08582,41.55191],[-1.08543,41.55207],[-1.08699,41.55304],[-1.08862,41.5537],[-1.08927,41.55463],[-1.09028,41.5545],[-1.09112,41.55509],[-1.09272,41.55553],[-1.08909,41.55656],[-1.08869,41.55656],[-1.08762,41.55558],[-1.08573,41.55565],[-1.08588,41.55645],[-1.08523,41.55739],[-1.08364,41.55699],[-1.08269,41.55507],[-1.08177,41.55558],[-1.08018,41.55504],[-1.0793,41.55432],[-1.07768,41.55406],[-1.07783,41.55484],[-1.07855,41.5556],[-1.08001,41.55654],[-1.07997,41.55701],[-1.07924,41.55701],[-1.07941,41.55727],[-1.08143,41.55836],[-1.08226,41.5596],[-1.08311,41.55962],[-1.08375,41.56026],[-1.08359,41.5606],[-1.0838,41.56133],[-1.08531,41.56263],[-1.08592,41.56399],[-1.08523,41.56524],[-1.08442,41.56551],[-1.08261,41.56521],[-1.08228,41.56533],[-1.08195,41.56615],[-1.08167,41.5663],[-1.08037,41.56522],[-1.07771,41.56533],[-1.07619,41.56294],[-1.07617,41.56192],[-1.07468,41.56054],[-1.074,41.56031],[-1.0729,41.56101],[-1.07495,41.56251],[-1.07405,41.5631],[-1.07554,41.56445],[-1.07503,41.5657],[-1.07313,41.56752],[-1.07164,41.56834],[-1.07057,41.5671],[-1.06836,41.56696],[-1.0674,41.56663],[-1.06683,41.5656],[-1.06627,41.56552],[-1.0658,41.56602],[-1.0665,41.56657],[-1.06658,41.56787],[-1.06744,41.56875],[-1.06732,41.56957],[-1.06373,41.57103],[-1.06343,41.57089],[-1.06266,41.56943],[-1.06071,41.57046],[-1.06114,41.57092],[-1.06081,41.5712],[-1.06097,41.5714],[-1.06278,41.57215],[-1.06228,41.57341],[-1.0624,41.57416],[-1.06162,41.57447],[-1.06058,41.57367],[-1.05948,41.57387],[-1.05829,41.57319],[-1.05736,41.57364],[-1.05624,41.57369],[-1.06028,41.57574],[-1.05881,41.57634],[-1.06056,41.57693],[-1.06149,41.57769],[-1.06247,41.5779],[-1.06234,41.57855],[-1.06308,41.57875],[-1.0629,41.58068],[-1.06223,41.58129],[-1.06085,41.58179],[-1.06025,41.58091],[-1.05939,41.58115],[-1.05958,41.58243],[-1.05898,41.58273],[-1.0583,41.58268],[-1.0577,41.58294],[-1.05652,41.58194],[-1.05649,41.5832],[-1.05574,41.58404],[-1.05508,41.5842],[-1.05409,41.58377],[-1.0539,41.58403],[-1.05408,41.58461],[-1.05538,41.58513],[-1.05417,41.58617],[-1.05341,41.5872],[-1.05243,41.58791],[-1.05103,41.58733],[-1.05055,41.58752],[-1.0501,41.58822],[-1.04602,41.58835],[-1.04393,41.5892],[-1.043,41.58928],[-1.04272,41.58911],[-1.04265,41.58867],[-1.04275,41.58743],[-1.04239,41.58716],[-1.03912,41.58672],[-1.03663,41.58722],[-1.03674,41.58686],[-1.03622,41.58594],[-1.03644,41.5873],[-1.03514,41.58769],[-1.03401,41.58937],[-1.03274,41.59247],[-1.03232,41.59573],[-1.03392,41.60015],[-1.03477,41.60078],[-1.03543,41.60317],[-1.03539,41.60411],[-1.03599,41.60519],[-1.03713,41.60639],[-1.03885,41.61067],[-1.04306,41.6149],[-1.04309,41.616],[-1.04588,41.61611],[-1.04864,41.61723],[-1.05062,41.61733],[-1.05751,41.61527],[-1.05915,41.61499],[-1.05984,41.61525],[-1.06091,41.61499],[-1.07055,41.61064],[-1.07242,41.60903],[-1.07537,41.60548],[-1.08172,41.59919],[-1.08353,41.59598],[-1.08407,41.59263],[-1.08561,41.5943],[-1.09598,41.60033],[-1.09451,41.6024],[-1.07911,41.61499],[-1.0726,41.61976],[-1.07638,41.62142],[-1.08421,41.62734],[-1.08893,41.62982],[-1.09049,41.63131],[-1.09473,41.63272],[-1.09679,41.63511],[-1.10025,41.63742],[-1.10279,41.63853],[-1.10746,41.63912],[-1.1088,41.64027],[-1.10915,41.64142],[-1.11221,41.64318],[-1.11369,41.64389],[-1.11855,41.64483],[-1.12412,41.64396],[-1.12933,41.64379],[-1.13095,41.64418],[-1.1355,41.64334],[-1.13991,41.6413],[-1.14068,41.64141],[-1.14475,41.64069],[-1.15049,41.64186],[-1.1557,41.64348],[-1.16045,41.64422],[-1.16348,41.64426],[-1.16521,41.64166],[-1.16667,41.64198],[-1.16872,41.64243]]]}},{"type":"Feature","properties":{"COD_POSTAL":"50692"},"geometry":{"type":"Polygon","coordinates":[[[-1.06712,41.73596],[-1.06509,41.73542],[-1.05406,41.73137],[-1.0522,41.73467],[-1.05087,41.73645],[-1.0496,41.73871],[-1.04935,41.73965],[-1.05141,41.74056],[-1.05093,41.74188],[-1.05327,41.74323],[-1.0537,41.74378],[-1.05441,41.74416],[-1.05477,41.74496],[-1.0584,41.74665],[-1.05889,41.74712],[-1.05991,41.749],[-1.06176,41.75085],[-1.06424,41.75195],[-1.06615,41.75157],[-1.06714,41.75258],[-1.06824,41.75283],[-1.06823,41.75363],[-1.07004,41.75493],[-1.07217,41.75465],[-1.07167,41.75507],[-1.0729,41.7556],[-1.07252,41.75636],[-1.07387,41.75673],[-1.07438,41.75596],[-1.07523,41.75602],[-1.07494,41.75634],[-1.08393,41.75859],[-1.0904,41.76208],[-1.09145,41.76213],[-1.09432,41.76167],[-1.10241,41.75973],[-1.10321,41.75908],[-1.10255,41.75306],[-1.10286,41.75357],[-1.10404,41.75434],[-1.10485,41.75439],[-1.10726,41.75553],[-1.10756,41.7554],[-1.10749,41.75455],[-1.109,41.75608],[-1.10608,41.75634],[-1.1045,41.75693],[-1.10374,41.75695],[-1.10348,41.75741],[-1.10609,41.75703],[-1.10821,41.75702],[-1.10907,41.75686],[-1.10996,41.75626],[-1.10614,41.75262],[-1.10187,41.75],[-1.09674,41.74799],[-1.0927,41.7456],[-1.09006,41.74462],[-1.08001,41.74002],[-1.0704,41.73645],[-1.06707,41.73558],[-1.06712,41.73596]]]}},{"type":"Feature","properties":{"COD_POSTAL":"50450"},"geometry":{"type":"Polygon","coordinates":[[[-1.1735,41.4421],[-1.17209,41.43959],[-1.17146,41.43782],[-1.17138,41.43588],[-1.17059,41.43513],[-1.17042,41.43373],[-1.16989,41.43292],[-1.16445,41.42976],[-1.15415,41.42719],[-1.1479,41.42437],[-1.13994,41.42251],[-1.13407,41.42198],[-1.13295,41.42265],[-1.13066,41.42541],[-1.12879,41.42584],[-1.12707,41.42576],[-1.12279,41.42847],[-1.11919,41.42941],[-1.11863,41.43104],[-1.11666,41.43301],[-1.11565,41.43379],[-1.11428,41.43441],[-1.11328,41.4358],[-1.10706,41.43976],[-1.10021,41.44208],[-1.09264,41.4458],[-1.08863,41.44719],[-1.07841,41.44817],[-1.07461,41.44737],[-1.07166,41.44742],[-1.06449,41.44696],[-1.06133,41.44703],[-1.05602,41.44654],[-1.05334,41.44608],[-1.05216,41.44526],[-1.04978,41.44505],[-1.04904,41.44523],[-1.04659,41.44508],[-1.04405,41.44631],[-1.04337,41.44642],[-1.0427,41.44523],[-1.04008,41.44499],[-1.0385,41.44411],[-1.03602,41.44417],[-1.02777,41.44055],[-1.02774,41.44134],[-1.02866,41.44422],[-1.02888,41.44659],[-1.0294,41.44784],[-1.02949,41.44942],[-1.02994,41.45056],[-1.03134,41.45154],[-1.03341,41.45201],[-1.03446,41.45293],[-1.03542,41.45424],[-1.03619,41.45485],[-1.03637,41.45621],[-1.03798,41.45649],[-1.03825,41.45836],[-1.03942,41.45951],[-1.04019,41.45845],[-1.03958,41.45732],[-1.0397,41.45672],[-1.04307,41.45793],[-1.04339,41.45918],[-1.04374,41.45973],[-1.04456,41.46032],[-1.04621,41.46069],[-1.04767,41.46021],[-1.04925,41.46021],[-1.04917,41.4611],[-1.04969,41.46203],[-1.04943,41.46259],[-1.05061,41.46449],[-1.05228,41.46573],[-1.05678,41.46811],[-1.06291,41.47343],[-1.06479,41.47419],[-1.06663,41.47615],[-1.06819,41.47846],[-1.06945,41.47946],[-1.07093,41.47968],[-1.07187,41.48022],[-1.07303,41.47968],[-1.07382,41.48066],[-1.07715,41.47989],[-1.07817,41.48044],[-1.0807,41.48077],[-1.08295,41.48183],[-1.08467,41.48302],[-1.08909,41.48434],[-1.09427,41.48712],[-1.09942,41.491],[-1.10367,41.49378],[-1.10756,41.49788],[-1.11466,41.50423],[-1.11551,41.50429],[-1.1167,41.505],[-1.11903,41.50518],[-1.12051,41.50592],[-1.12014,41.50751],[-1.12126,41.50886],[-1.12286,41.51181],[-1.12437,41.51343],[-1.12819,41.51668],[-1.1293,41.52022],[-1.12904,41.52223],[-1.12962,41.52326],[-1.13052,41.52389],[-1.13423,41.52498],[-1.15368,41.52429],[-1.16033,41.52452],[-1.16378,41.52504],[-1.16866,41.52464],[-1.18573,41.51597],[-1.18915,41.51299],[-1.19132,41.5098],[-1.19192,41.50847],[-1.1921,41.50711],[-1.19205,41.50659],[-1.19131,41.50542],[-1.19094,41.50314],[-1.19269,41.50162],[-1.1929,41.4997],[-1.19241,41.49962],[-1.18964,41.49785],[-1.18888,41.49655],[-1.18812,41.49452],[-1.18664,41.49301],[-1.18652,41.49199],[-1.18614,41.49115],[-1.18399,41.48923],[-1.18245,41.48885],[-1.18142,41.48828],[-1.1803,41.48817],[-1.17933,41.48754],[-1.17553,41.48254],[-1.17451,41.4816],[-1.17405,41.48028],[-1.1736,41.47996],[-1.17304,41.47897],[-1.17319,41.47818],[-1.17242,41.47842],[-1.16962,41.47741],[-1.16919,41.47706],[-1.16809,41.47503],[-1.16704,41.47516],[-1.16554,41.47489],[-1.16457,41.47366],[-1.16251,41.47368],[-1.161,41.47272],[-1.16093,41.47212],[-1.16122,41.47135],[-1.16303,41.46973],[-1.16164,41.46702],[-1.16404,41.46355],[-1.16506,41.46252],[-1.16687,41.45801],[-1.16887,41.45615],[-1.17034,41.45393],[-1.17171,41.45391],[-1.17363,41.45339],[-1.17454,41.45237],[-1.17451,41.45124],[-1.17536,41.45005],[-1.17534,41.44921],[-1.17444,41.44678],[-1.17452,41.44624],[-1.17394,41.44433],[-1.17344,41.44355],[-1.17377,41.4429],[-1.1735,41.4421]]]}},{"type":"Feature","properties":{"COD_POSTAL":"50409"},"geometry":{"type":"Polygon","coordinates":[[[-1.3546,41.34399],[-1.34737,41.33961],[-1.34611,41.33912],[-1.34575,41.33846],[-1.34606,41.33744],[-1.34459,41.33592],[-1.34359,41.33325],[-1.34253,41.33327],[-1.34126,41.33279],[-1.33724,41.33253],[-1.33411,41.33314],[-1.33034,41.33309],[-1.3296,41.33353],[-1.32942,41.33432],[-1.32734,41.33588],[-1.32547,41.33682],[-1.32252,41.33656],[-1.32011,41.33817],[-1.31815,41.33797],[-1.31429,41.33901],[-1.31361,41.33953],[-1.31381,41.33979],[-1.31382,41.34077],[-1.31358,41.34128],[-1.31276,41.34196],[-1.30628,41.34518],[-1.30355,41.34733],[-1.3004,41.34923],[-1.2949,41.35545],[-1.29279,41.35644],[-1.29228,41.35738],[-1.29051,41.35803],[-1.28213,41.36013],[-1.27974,41.36155],[-1.27562,41.36302],[-1.27288,41.36487],[-1.27038,41.36728],[-1.26939,41.36787],[-1.26951,41.36956],[-1.26854,41.37011],[-1.26847,41.37092],[-1.26481,41.37244],[-1.26438,41.37393],[-1.25976,41.37944],[-1.25078,41.38057],[-1.25245,41.38424],[-1.25343,41.39162],[-1.25333,41.3961],[-1.25221,41.39866],[-1.25499,41.40011],[-1.25962,41.40149],[-1.2765,41.39831],[-1.286,41.39589],[-1.28719,41.39551],[-1.29285,41.3926],[-1.2943,41.39114],[-1.29696,41.3877],[-1.30692,41.38333],[-1.31562,41.37561],[-1.31698,41.37474],[-1.31866,41.37452],[-1.31989,41.37534],[-1.32065,41.37557],[-1.32353,41.37581],[-1.33124,41.37545],[-1.33486,41.37456],[-1.33516,41.37335],[-1.33616,41.37191],[-1.33713,41.37108],[-1.34954,41.36879],[-1.35034,41.36779],[-1.35087,41.36661],[-1.35121,41.36271],[-1.35171,41.36148],[-1.35079,41.36021],[-1.35027,41.35839],[-1.34853,41.35668],[-1.34813,41.35583],[-1.3483,41.35308],[-1.34894,41.35219],[-1.35143,41.35054],[-1.35526,41.35022],[-1.35802,41.34712],[-1.35643,41.34543],[-1.3546,41.34399]]]}},{"type":"Feature","properties":{"COD_POSTAL":"50372"},"geometry":{"type":"Polygon","coordinates":[[[-1.48599,41.04716],[-1.48449,41.04429],[-1.4837,41.04355],[-1.48073,41.03785],[-1.47717,41.03367],[-1.4823,41.02641],[-1.48506,41.02406],[-1.48273,41.02097],[-1.4764,41.01494],[-1.46927,41.01615],[-1.46857,41.01654],[-1.45794,41.01836],[-1.45224,41.02015],[-1.44004,41.02617],[-1.43367,41.02566],[-1.42231,41.02716],[-1.41979,41.02936],[-1.41752,41.02975],[-1.41706,41.03072],[-1.41481,41.03246],[-1.41864,41.03418],[-1.42122,41.03617],[-1.42145,41.03761],[-1.4191,41.04086],[-1.41848,41.0426],[-1.41957,41.04348],[-1.41842,41.04438],[-1.41775,41.04529],[-1.41756,41.04599],[-1.41817,41.04664],[-1.41888,41.04852],[-1.41986,41.04912],[-1.42143,41.05151],[-1.42232,41.05236],[-1.42312,41.05272],[-1.4237,41.05351],[-1.4252,41.05404],[-1.42812,41.05628],[-1.42869,41.057],[-1.42997,41.06066],[-1.44453,41.07298],[-1.44481,41.07383],[-1.44542,41.07466],[-1.4455,41.07557],[-1.45885,41.06833],[-1.46101,41.06819],[-1.46279,41.06885],[-1.48698,41.05379],[-1.48699,41.051],[-1.48599,41.04716]]]}},{"type":"Feature","properties":{"COD_POSTAL":"50795"},"geometry":{"type":"Polygon","coordinates":[[[0.37643,41.28795],[0.36955,41.29645],[0.36958,41.29808],[0.36661,41.30132],[0.36656,41.30205],[0.36565,41.30397],[0.36291,41.30268],[0.35718,41.30076],[0.34442,41.29794],[0.34109,41.29506],[0.33927,41.29244],[0.339,41.28945],[0.33945,41.2879],[0.34179,41.2831],[0.34221,41.28156],[0.34071,41.2817],[0.33971,41.2813],[0.34017,41.28048],[0.33901,41.27879],[0.33829,41.27892],[0.33774,41.27965],[0.33764,41.28058],[0.33639,41.28011],[0.33502,41.28032],[0.33458,41.28077],[0.33452,41.28132],[0.3333,41.28136],[0.33283,41.28166],[0.33291,41.28259],[0.33193,41.283],[0.33191,41.28338],[0.33244,41.28397],[0.33248,41.28495],[0.33181,41.28406],[0.33078,41.28386],[0.33049,41.28398],[0.33075,41.2849],[0.3304,41.28527],[0.32956,41.28529],[0.32861,41.28471],[0.32821,41.28499],[0.32783,41.28601],[0.32562,41.28577],[0.32537,41.28616],[0.32535,41.28724],[0.32295,41.28716],[0.32274,41.28741],[0.32313,41.28864],[0.32167,41.28881],[0.3209,41.28921],[0.3198,41.29026],[0.3166,41.2906],[0.31238,41.29287],[0.30665,41.29357],[0.29798,41.29513],[0.2877,41.29612],[0.28487,41.29615],[0.28393,41.29579],[0.28177,41.29633],[0.27823,41.2953],[0.27474,41.29394],[0.26827,41.29227],[0.26567,41.29078],[0.26351,41.28791],[0.26204,41.2867],[0.2591,41.28582],[0.2535,41.28186],[0.25109,41.28078],[0.25037,41.28012],[0.24903,41.28049],[0.24819,41.28041],[0.24674,41.27966],[0.24568,41.27835],[0.24529,41.2754],[0.24542,41.27302],[0.24459,41.27253],[0.24443,41.27148],[0.24404,41.27096],[0.24264,41.27059],[0.2419,41.27016],[0.24169,41.26967],[0.24301,41.26929],[0.24407,41.26854],[0.24742,41.26348],[0.24932,41.26234],[0.25018,41.25992],[0.24854,41.25875],[0.25193,41.25509],[0.25778,41.25336],[0.25787,41.2525],[0.25886,41.25251],[0.26225,41.25175],[0.26608,41.25013],[0.26737,41.2493],[0.26956,41.24723],[0.2703,41.24624],[0.27332,41.24027],[0.27611,41.23771],[0.27975,41.23498],[0.28145,41.23286],[0.28322,41.23193],[0.28478,41.23152],[0.28872,41.23146],[0.29206,41.23212],[0.29345,41.23268],[0.29771,41.23586],[0.29988,41.23834],[0.3008,41.24053],[0.30086,41.24211],[0.29958,41.24534],[0.29815,41.24674],[0.29707,41.2492],[0.29739,41.25134],[0.29879,41.25324],[0.30035,41.25413],[0.30259,41.25435],[0.30604,41.2539],[0.30796,41.25331],[0.3098,41.25207],[0.31053,41.251],[0.31081,41.25008],[0.3105,41.24858],[0.31089,41.24775],[0.31453,41.24307],[0.31525,41.2417],[0.31569,41.24009],[0.31569,41.23918],[0.31525,41.23758],[0.31562,41.23537],[0.31662,41.23403],[0.31944,41.23171],[0.32053,41.23019],[0.3209,41.22936],[0.32123,41.22684],[0.32153,41.22615],[0.3224,41.22524],[0.32625,41.22318],[0.32875,41.22263],[0.33063,41.22263],[0.33215,41.223],[0.33392,41.22417],[0.33612,41.22652],[0.3369,41.22844],[0.33778,41.22977],[0.33899,41.23066],[0.34031,41.23106],[0.34198,41.23098],[0.34351,41.23039],[0.34659,41.22836],[0.35024,41.22706],[0.35416,41.22661],[0.35759,41.22556],[0.35998,41.22543],[0.36173,41.22575],[0.36339,41.22663],[0.36418,41.22767],[0.36472,41.23022],[0.36464,41.2317],[0.36367,41.23424],[0.36338,41.23612],[0.36375,41.23727],[0.3646,41.23868],[0.36775,41.23842],[0.37967,41.23631],[0.38091,41.23623],[0.38131,41.23643],[0.37876,41.23747],[0.37873,41.23892],[0.37742,41.24144],[0.37617,41.24306],[0.37413,41.24493],[0.37449,41.24639],[0.37393,41.24785],[0.37371,41.24935],[0.3764,41.25085],[0.37785,41.25379],[0.37788,41.25587],[0.37856,41.25643],[0.37737,41.25923],[0.37733,41.26054],[0.37677,41.26163],[0.37765,41.26391],[0.37854,41.26736],[0.37959,41.26917],[0.37977,41.27015],[0.38026,41.27102],[0.38123,41.27201],[0.38156,41.27362],[0.38244,41.27443],[0.38389,41.27658],[0.38426,41.27787],[0.38566,41.27884],[0.37643,41.28795]]]}},{"type":"Feature","properties":{"COD_POSTAL":"50238"},"geometry":{"type":"MultiPolygon","coordinates":[[[[-1.96242,41.17319],[-1.96212,41.17133],[-1.95902,41.17249],[-1.95403,41.16977],[-1.95069,41.16889],[-1.94833,41.16685],[-1.94774,41.16148],[-1.9468,41.1599],[-1.93916,41.15247],[-1.93846,41.14965],[-1.93916,41.14734],[-1.93598,41.14466],[-1.93245,41.13859],[-1.92165,41.13429],[-1.91391,41.13456],[-1.91074,41.13425],[-1.90748,41.13447],[-1.90575,41.13411],[-1.90097,41.13544],[-1.89993,41.13546],[-1.89639,41.13519],[-1.89057,41.13332],[-1.88785,41.13483],[-1.88819,41.13687],[-1.88901,41.13964],[-1.88875,41.1436],[-1.88573,41.14553],[-1.89801,41.16484],[-1.89974,41.16712],[-1.90043,41.16951],[-1.90292,41.17286],[-1.90432,41.17566],[-1.90579,41.17752],[-1.91113,41.18048],[-1.92033,41.18285],[-1.92158,41.1834],[-1.92622,41.18416],[-1.92784,41.18339],[-1.9324,41.18521],[-1.93423,41.18653],[-1.93669,41.18884],[-1.93777,41.19048],[-1.93756,41.19107],[-1.93845,41.19629],[-1.94152,41.2053],[-1.9426,41.20782],[-1.94411,41.20995],[-1.94481,41.21137],[-1.94864,41.21455],[-1.95031,41.21211],[-1.96194,41.19769],[-1.96155,41.19366],[-1.96186,41.18946],[-1.96166,41.1879],[-1.96123,41.18711],[-1.96196,41.18595],[-1.96047,41.17991],[-1.96315,41.17796],[-1.96242,41.17319]]],[[[-1.84402,41.28329],[-1.84549,41.28454],[-1.84528,41.28553],[-1.84562,41.28592],[-1.84935,41.28608],[-1.85006,41.28536],[-1.85282,41.28099],[-1.86024,41.27962],[-1.86307,41.28036],[-1.8655,41.28024],[-1.86433,41.27908],[-1.86513,41.27746],[-1.86708,41.27709],[-1.86885,41.27621],[-1.87257,41.27741],[-1.87315,41.27697],[-1.87531,41.27747],[-1.8789,41.27502],[-1.87962,41.27509],[-1.88426,41.27416],[-1.8852,41.27484],[-1.88686,41.27525],[-1.88774,41.27405],[-1.88863,41.27406],[-1.89012,41.27307],[-1.8908,41.27142],[-1.89345,41.2707],[-1.89394,41.27032],[-1.8946,41.26906],[-1.89446,41.26831],[-1.89697,41.26686],[-1.8979,41.26575],[-1.89788,41.26446],[-1.89944,41.26314],[-1.89906,41.26192],[-1.8998,41.26047],[-1.90135,41.2595],[-1.90302,41.25912],[-1.90364,41.25746],[-1.90769,41.25711],[-1.90715,41.25676],[-1.90608,41.25683],[-1.90687,41.25636],[-1.90649,41.25487],[-1.90891,41.25315],[-1.90782,41.2519],[-1.90673,41.24954],[-1.90653,41.24865],[-1.90713,41.24611],[-1.90666,41.24544],[-1.90649,41.24355],[-1.90306,41.24069],[-1.90172,41.24093],[-1.90026,41.24288],[-1.89836,41.24415],[-1.89682,41.24676],[-1.89514,41.24772],[-1.89311,41.24698],[-1.89152,41.24683],[-1.89048,41.2461],[-1.88935,41.24618],[-1.88734,41.24581],[-1.88508,41.24621],[-1.88047,41.24522],[-1.8739,41.24624],[-1.86552,41.24648],[-1.86434,41.24599],[-1.86342,41.24715],[-1.85909,41.25037],[-1.85549,41.25348],[-1.85084,41.25636],[-1.84193,41.26033],[-1.83644,41.26125],[-1.83174,41.26474],[-1.83027,41.26626],[-1.83268,41.26788],[-1.83917,41.2715],[-1.84187,41.27455],[-1.8434,41.27587],[-1.84313,41.27697],[-1.84392,41.27929],[-1.84506,41.28014],[-1.84513,41.28149],[-1.8442,41.28241],[-1.84402,41.28329]]]]}},{"type":"Feature","properties":{"COD_POSTAL":"50236"},"geometry":{"type":"Polygon","coordinates":[[[-1.83708,41.25963],[-1.83644,41.26125],[-1.84193,41.26033],[-1.85084,41.25636],[-1.85549,41.25348],[-1.85909,41.25037],[-1.86342,41.24715],[-1.86434,41.24599],[-1.86552,41.24648],[-1.8739,41.24624],[-1.88047,41.24522],[-1.88508,41.24621],[-1.88734,41.24581],[-1.88935,41.24618],[-1.89048,41.2461],[-1.89152,41.24683],[-1.89311,41.24698],[-1.89514,41.24772],[-1.89682,41.24676],[-1.89836,41.24415],[-1.90026,41.24288],[-1.90172,41.24093],[-1.90239,41.24073],[-1.90306,41.24069],[-1.90649,41.24355],[-1.90666,41.24544],[-1.90713,41.24611],[-1.90653,41.24865],[-1.90673,41.24954],[-1.90782,41.2519],[-1.90891,41.25315],[-1.90966,41.25204],[-1.91111,41.25203],[-1.91404,41.24998],[-1.91755,41.24808],[-1.91814,41.24709],[-1.91942,41.2462],[-1.92687,41.24241],[-1.92682,41.24219],[-1.92771,41.24111],[-1.92652,41.23907],[-1.92733,41.23734],[-1.92699,41.23639],[-1.92748,41.23428],[-1.92725,41.23341],[-1.92502,41.23368],[-1.92204,41.23303],[-1.9166,41.23315],[-1.91445,41.23344],[-1.9123,41.22969],[-1.91045,41.22761],[-1.90977,41.2272],[-1.90318,41.2251],[-1.89857,41.22461],[-1.89349,41.22273],[-1.8923,41.22201],[-1.89156,41.22235],[-1.88787,41.2202],[-1.8849,41.21787],[-1.8847,41.21624],[-1.88169,41.21345],[-1.88124,41.21142],[-1.87776,41.20887],[-1.87636,41.20685],[-1.8741,41.20472],[-1.87028,41.20295],[-1.86741,41.20067],[-1.86515,41.19962],[-1.85729,41.19683],[-1.85647,41.19717],[-1.85591,41.1967],[-1.85553,41.19622],[-1.85473,41.19363],[-1.85456,41.19234],[-1.85518,41.19039],[-1.85507,41.18918],[-1.85417,41.18751],[-1.85368,41.18713],[-1.85328,41.18535],[-1.85269,41.18447],[-1.85313,41.18222],[-1.85419,41.18112],[-1.85475,41.18011],[-1.85366,41.17893],[-1.85256,41.17869],[-1.85116,41.17765],[-1.85042,41.17603],[-1.85419,41.16952],[-1.85475,41.16746],[-1.85522,41.16312],[-1.85315,41.16335],[-1.84891,41.16291],[-1.84592,41.16359],[-1.84542,41.16391],[-1.83995,41.16366],[-1.83682,41.16448],[-1.83513,41.16425],[-1.83123,41.16477],[-1.82912,41.16407],[-1.82452,41.16445],[-1.82166,41.165],[-1.81593,41.16808],[-1.80955,41.1684],[-1.80897,41.17107],[-1.80886,41.17186],[-1.80914,41.17339],[-1.81101,41.17539],[-1.8082,41.1793],[-1.80939,41.186],[-1.81078,41.18999],[-1.80988,41.19198],[-1.81047,41.19485],[-1.80826,41.19959],[-1.80952,41.20114],[-1.81024,41.20339],[-1.80764,41.2096],[-1.80498,41.21219],[-1.80469,41.21298],[-1.80441,41.21531],[-1.805,41.21684],[-1.80295,41.22339],[-1.80362,41.22389],[-1.81111,41.22537],[-1.81228,41.22889],[-1.81181,41.2303],[-1.81065,41.23086],[-1.80973,41.23217],[-1.80896,41.23267],[-1.80656,41.23357],[-1.80424,41.23638],[-1.80677,41.23694],[-1.80868,41.23666],[-1.81164,41.23668],[-1.81285,41.23724],[-1.81859,41.23856],[-1.82167,41.24258],[-1.82311,41.24332],[-1.82662,41.24663],[-1.8275,41.24881],[-1.82782,41.25043],[-1.82893,41.25295],[-1.8312,41.25493],[-1.8329,41.25578],[-1.83627,41.25827],[-1.83703,41.25937],[-1.83708,41.25963]]]}},{"type":"Feature","properties":{"COD_POSTAL":"50004"},"geometry":{"type":"Polygon","coordinates":[[[-0.88071,41.6523],[-0.88415,41.65404],[-0.88419,41.65452],[-0.88452,41.65453],[-0.88447,41.65411],[-0.89364,41.65619],[-0.89368,41.65722],[-0.89455,41.65819],[-0.89903,41.65739],[-0.8992,41.65712],[-0.90025,41.65694],[-0.89813,41.65525],[-0.89848,41.65517],[-0.89765,41.65453],[-0.89563,41.65125],[-0.89447,41.6498],[-0.89392,41.64753],[-0.89355,41.64769],[-0.89344,41.64704],[-0.89057,41.64802],[-0.88976,41.64852],[-0.88906,41.64788],[-0.88727,41.64855],[-0.88602,41.64681],[-0.88543,41.64701],[-0.88543,41.6473],[-0.88376,41.6479],[-0.8842,41.64892],[-0.88063,41.65228],[-0.88071,41.6523]]]}},{"type":"Feature","properties":{"COD_POSTAL":"50110"},"geometry":{"type":"Polygon","coordinates":[[[-0.89342,41.75983],[-0.89526,41.75808],[-0.89851,41.75203],[-0.90037,41.75226],[-0.9027,41.74576],[-0.9034,41.7457],[-0.8867,41.71619],[-0.86323,41.70259],[-0.85234,41.7087],[-0.84913,41.71263],[-0.84947,41.71383],[-0.8578,41.71631],[-0.8483,41.73394],[-0.85821,41.73947],[-0.85951,41.74045],[-0.86022,41.74374],[-0.89342,41.75983]]]}},{"type":"Feature","properties":{"COD_POSTAL":"50192"},"geometry":{"type":"Polygon","coordinates":[[[-0.81005,41.72666],[-0.81012,41.72773],[-0.8088,41.73024],[-0.80902,41.73204],[-0.8088,41.73455],[-0.81075,41.73781],[-0.81358,41.73584],[-0.81358,41.73472],[-0.81399,41.73406],[-0.81776,41.73087],[-0.81467,41.72821],[-0.81488,41.72732],[-0.81479,41.72606],[-0.81319,41.7242],[-0.8109,41.72413],[-0.81068,41.72478],[-0.81048,41.72461],[-0.81012,41.72596],[-0.81005,41.72666]]]}},{"type":"Feature","properties":{"COD_POSTAL":"50154"},"geometry":{"type":"Polygon","coordinates":[[[-1.1608,41.30472],[-1.15962,41.30326],[-1.1592,41.30209],[-1.15789,41.301],[-1.15709,41.29935],[-1.15508,41.29658],[-1.15262,41.29419],[-1.15179,41.29375],[-1.15149,41.29208],[-1.14941,41.28863],[-1.14895,41.28699],[-1.14821,41.28632],[-1.14629,41.28552],[-1.14595,41.28485],[-1.14607,41.28256],[-1.1473,41.2809],[-1.14754,41.27955],[-1.14717,41.2789],[-1.14641,41.27848],[-1.14612,41.27692],[-1.14516,41.27536],[-1.14651,41.27212],[-1.1447,41.27037],[-1.13712,41.26663],[-1.13034,41.26372],[-1.12961,41.26311],[-1.12891,41.26151],[-1.1282,41.26065],[-1.12268,41.25961],[-1.12148,41.25679],[-1.11756,41.25598],[-1.11475,41.25504],[-1.1141,41.25512],[-1.1129,41.25627],[-1.10986,41.25707],[-1.1073,41.25621],[-1.10558,41.25617],[-1.10456,41.25492],[-1.0987,41.25522],[-1.09293,41.255],[-1.09249,41.25585],[-1.08961,41.25688],[-1.08969,41.25763],[-1.08838,41.26131],[-1.08617,41.26381],[-1.08505,41.26466],[-1.07976,41.26746],[-1.07687,41.26837],[-1.07535,41.26855],[-1.07303,41.27056],[-1.07405,41.27219],[-1.07385,41.2733],[-1.07247,41.27619],[-1.07193,41.27707],[-1.07092,41.27781],[-1.06915,41.28128],[-1.07253,41.28647],[-1.08617,41.29421],[-1.08525,41.29529],[-1.08333,41.29628],[-1.06242,41.29909],[-1.05825,41.30975],[-1.05718,41.31306],[-1.05645,41.32696],[-1.05683,41.32964],[-1.06206,41.33352],[-1.06498,41.3344],[-1.06643,41.3362],[-1.06803,41.33727],[-1.07041,41.33815],[-1.07699,41.3423],[-1.0794,41.34323],[-1.08224,41.34555],[-1.09048,41.35084],[-1.09267,41.35112],[-1.09421,41.35213],[-1.09767,41.35355],[-1.10126,41.35588],[-1.10211,41.35617],[-1.10484,41.35673],[-1.10754,41.35702],[-1.10893,41.35694],[-1.11757,41.35459],[-1.11995,41.3538],[-1.12422,41.35189],[-1.1248,41.35214],[-1.12609,41.35171],[-1.13082,41.34967],[-1.1384,41.34686],[-1.14167,41.34615],[-1.14471,41.34508],[-1.14464,41.34186],[-1.14488,41.33827],[-1.14559,41.33281],[-1.14525,41.32989],[-1.14571,41.32844],[-1.15343,41.32326],[-1.15649,41.3165],[-1.15739,41.31288],[-1.15833,41.31144],[-1.16241,41.30726],[-1.16137,41.30539],[-1.1608,41.30472]]]}},{"type":"Feature","properties":{"COD_POSTAL":"50250"},"geometry":{"type":"Polygon","coordinates":[[[-1.59438,41.56731],[-1.59586,41.56812],[-1.60062,41.57158],[-1.6088,41.57295],[-1.62135,41.56706],[-1.62437,41.56707],[-1.62737,41.56749],[-1.62943,41.56418],[-1.63018,41.56338],[-1.63112,41.56109],[-1.63377,41.55824],[-1.63556,41.55221],[-1.63721,41.54874],[-1.63854,41.54735],[-1.6382,41.54462],[-1.63837,41.54368],[-1.6425,41.53845],[-1.65214,41.53474],[-1.6525,41.53414],[-1.65252,41.53354],[-1.65735,41.52852],[-1.65838,41.52652],[-1.6646,41.52382],[-1.66779,41.52364],[-1.67167,41.52152],[-1.67206,41.51844],[-1.67719,41.51296],[-1.67448,41.51187],[-1.6722,41.51141],[-1.66967,41.5101],[-1.66874,41.50945],[-1.66578,41.50611],[-1.66238,41.50601],[-1.65764,41.50698],[-1.65219,41.50771],[-1.64578,41.50718],[-1.64493,41.5069],[-1.64038,41.50727],[-1.63652,41.50817],[-1.63499,41.50736],[-1.63037,41.50856],[-1.62807,41.5096],[-1.62653,41.50926],[-1.62393,41.50989],[-1.62236,41.51091],[-1.62116,41.51285],[-1.61974,41.51309],[-1.61903,41.51359],[-1.61566,41.51499],[-1.61485,41.51574],[-1.6136,41.51643],[-1.61503,41.51771],[-1.61651,41.51828],[-1.61553,41.51958],[-1.61532,41.52152],[-1.61611,41.52304],[-1.61661,41.52495],[-1.61815,41.52559],[-1.61678,41.52706],[-1.61569,41.52696],[-1.6132,41.52785],[-1.61311,41.53003],[-1.61225,41.5338],[-1.61171,41.53478],[-1.60857,41.53883],[-1.60673,41.53966],[-1.60579,41.54144],[-1.60394,41.54293],[-1.60387,41.54432],[-1.59991,41.54469],[-1.5971,41.54549],[-1.59653,41.54689],[-1.59659,41.54947],[-1.59506,41.55287],[-1.5949,41.5544],[-1.59334,41.55843],[-1.59107,41.56034],[-1.59179,41.56202],[-1.59133,41.56239],[-1.5911,41.56546],[-1.5914,41.56592],[-1.5937,41.5672],[-1.59438,41.56731]]]}},{"type":"Feature","properties":{"COD_POSTAL":"50688"},"geometry":{"type":"Polygon","coordinates":[[[-0.89385,42.51045],[-0.89847,42.51194],[-0.89995,42.51197],[-0.90556,42.50973],[-0.91238,42.50772],[-0.91312,42.50677],[-0.91325,42.50384],[-0.92666,42.5028],[-0.92708,42.50329],[-0.92916,42.50334],[-0.93104,42.50399],[-0.93342,42.50588],[-0.93499,42.50609],[-0.93935,42.50582],[-0.94668,42.50673],[-0.9494,42.50581],[-0.95277,42.50525],[-0.95419,42.50614],[-0.95508,42.50623],[-0.95625,42.5072],[-0.95713,42.50753],[-0.95811,42.50781],[-0.95972,42.50769],[-0.95879,42.50957],[-0.96472,42.51147],[-0.96788,42.51091],[-0.96979,42.50965],[-0.97145,42.50904],[-0.97283,42.50803],[-0.97448,42.50763],[-0.97613,42.50622],[-0.97654,42.49923],[-0.97716,42.49665],[-0.97697,42.49551],[-0.97761,42.49375],[-0.97983,42.49013],[-0.97985,42.48971],[-0.97873,42.48797],[-0.97929,42.48574],[-0.97848,42.48412],[-0.97978,42.47851],[-0.97855,42.47666],[-0.97849,42.47616],[-0.97892,42.47467],[-0.98042,42.47221],[-0.98402,42.46906],[-0.98482,42.4665],[-0.98575,42.46512],[-0.9874,42.46107],[-0.98724,42.45773],[-0.98394,42.45865],[-0.98173,42.45891],[-0.9765,42.45895],[-0.97123,42.45801],[-0.97052,42.45825],[-0.96861,42.45828],[-0.96673,42.45756],[-0.96723,42.45603],[-0.96522,42.45612],[-0.96254,42.45574],[-0.95948,42.45471],[-0.95755,42.45509],[-0.95531,42.45492],[-0.95386,42.45392],[-0.95232,42.45338],[-0.95091,42.45212],[-0.94806,42.4519],[-0.94172,42.44901],[-0.9351,42.44675],[-0.9346,42.44646],[-0.93651,42.44511],[-0.93731,42.44424],[-0.93297,42.44149],[-0.9306,42.44112],[-0.92747,42.43919],[-0.92711,42.43839],[-0.92515,42.43787],[-0.9235,42.43681],[-0.92268,42.43596],[-0.92164,42.43595],[-0.92096,42.43511],[-0.91852,42.43455],[-0.91701,42.43385],[-0.91597,42.43275],[-0.91398,42.43242],[-0.90966,42.43602],[-0.90842,42.43747],[-0.90563,42.43646],[-0.90551,42.43681],[-0.89628,42.4438],[-0.9005,42.4459],[-0.90637,42.44976],[-0.90376,42.45324],[-0.89948,42.45471],[-0.89643,42.4569],[-0.89616,42.4572],[-0.89575,42.45903],[-0.8963,42.46039],[-0.89262,42.45944],[-0.89186,42.45892],[-0.88955,42.45965],[-0.88312,42.45722],[-0.8819,42.45706],[-0.87772,42.46164],[-0.87725,42.46661],[-0.87906,42.4684],[-0.8796,42.46973],[-0.88279,42.47184],[-0.88575,42.47279],[-0.89012,42.47639],[-0.8964,42.4786],[-0.89702,42.47908],[-0.89695,42.48073],[-0.89491,42.48246],[-0.89489,42.4831],[-0.89178,42.48731],[-0.89029,42.49037],[-0.89113,42.49065],[-0.89266,42.49178],[-0.89308,42.49375],[-0.89236,42.49584],[-0.89256,42.49919],[-0.89268,42.49967],[-0.89389,42.50049],[-0.89141,42.50492],[-0.89224,42.50541],[-0.89331,42.50798],[-0.89299,42.50985],[-0.89385,42.51045]]]}},{"type":"Feature","properties":{"COD_POSTAL":"50584"},"geometry":{"type":"Polygon","coordinates":[[[-1.80586,41.81437],[-1.80536,41.81377],[-1.80419,41.81307],[-1.80154,41.8191],[-1.7954,41.82444],[-1.78384,41.8335],[-1.78115,41.83823],[-1.78041,41.83898],[-1.77847,41.84031],[-1.77623,41.84132],[-1.77198,41.84282],[-1.76266,41.84684],[-1.76456,41.85134],[-1.76727,41.85187],[-1.76865,41.85187],[-1.77025,41.85069],[-1.77297,41.84929],[-1.7753,41.84884],[-1.78048,41.84641],[-1.78179,41.84634],[-1.78218,41.84557],[-1.78261,41.84525],[-1.7835,41.84509],[-1.78543,41.84391],[-1.78732,41.84335],[-1.79448,41.84254],[-1.79775,41.8415],[-1.79985,41.84041],[-1.80511,41.83673],[-1.80923,41.83427],[-1.80997,41.83185],[-1.81192,41.83012],[-1.81491,41.82808],[-1.81295,41.82612],[-1.81237,41.82435],[-1.81108,41.8235],[-1.80949,41.82448],[-1.80762,41.82462],[-1.80628,41.82388],[-1.80548,41.82299],[-1.80347,41.82319],[-1.80447,41.82053],[-1.80509,41.8195],[-1.80564,41.8172],[-1.80649,41.81551],[-1.80586,41.81437]]]}},{"type":"Feature","properties":{"COD_POSTAL":"50006"},"geometry":{"type":"Polygon","coordinates":[[[-0.88561,41.64666],[-0.88575,41.6469],[-0.88602,41.64681],[-0.8907,41.64498],[-0.8916,41.64429],[-0.89188,41.64443],[-0.89452,41.64161],[-0.8959,41.64214],[-0.8966,41.64137],[-0.89527,41.64035],[-0.89804,41.63742],[-0.89889,41.63697],[-0.89881,41.63543],[-0.89858,41.63501],[-0.89869,41.6342],[-0.89802,41.63378],[-0.89862,41.63293],[-0.89839,41.63151],[-0.8994,41.63114],[-0.90043,41.63018],[-0.89747,41.62852],[-0.89595,41.62959],[-0.89244,41.62987],[-0.89171,41.6312],[-0.89157,41.63201],[-0.89177,41.63317],[-0.89112,41.63373],[-0.88999,41.63388],[-0.88495,41.63351],[-0.88437,41.63804],[-0.88462,41.63834],[-0.88621,41.63892],[-0.88663,41.64003],[-0.88575,41.64565],[-0.88561,41.64666]]]}},{"type":"Feature","properties":{"COD_POSTAL":"50164"},"geometry":{"type":"Polygon","coordinates":[[[-0.36495,41.66363],[-0.36572,41.66686],[-0.36664,41.66815],[-0.36694,41.66999],[-0.36654,41.6725],[-0.36724,41.67395],[-0.36692,41.67508],[-0.36708,41.67637],[-0.3676,41.67785],[-0.36626,41.67991],[-0.36807,41.68194],[-0.36971,41.6823],[-0.3716,41.68333],[-0.37367,41.684],[-0.37425,41.68527],[-0.3745,41.68812],[-0.3779,41.68958],[-0.37834,41.68953],[-0.37945,41.68879],[-0.38091,41.68867],[-0.38392,41.68764],[-0.38483,41.68756],[-0.39153,41.69138],[-0.3952,41.69239],[-0.39883,41.69559],[-0.40078,41.69574],[-0.40211,41.69627],[-0.40312,41.69622],[-0.41045,41.70135],[-0.41205,41.70148],[-0.4132,41.70204],[-0.41519,41.70214],[-0.41757,41.70147],[-0.41884,41.70221],[-0.4202,41.7018],[-0.4214,41.70357],[-0.42289,41.70315],[-0.4242,41.70348],[-0.42522,41.70467],[-0.4275,41.70493],[-0.42854,41.70548],[-0.43105,41.70571],[-0.43199,41.70621],[-0.43376,41.70635],[-0.43418,41.70607],[-0.4375,41.70553],[-0.43992,41.70662],[-0.44084,41.70582],[-0.44306,41.70574],[-0.44492,41.70368],[-0.44735,41.70564],[-0.44674,41.70738],[-0.44903,41.70931],[-0.45127,41.71026],[-0.45271,41.71119],[-0.4554,41.71166],[-0.45541,41.71233],[-0.45569,41.7127],[-0.45648,41.71298],[-0.46065,41.71337],[-0.45966,41.71509],[-0.46437,41.71515],[-0.46492,41.71248],[-0.46309,41.71099],[-0.46412,41.70855],[-0.46345,41.70771],[-0.46344,41.70735],[-0.46439,41.7061],[-0.46458,41.7055],[-0.46442,41.7037],[-0.46602,41.70216],[-0.46871,41.70014],[-0.4694,41.69875],[-0.47066,41.69763],[-0.4714,41.69648],[-0.47475,41.69525],[-0.47652,41.69389],[-0.47695,41.69322],[-0.47684,41.68943],[-0.47901,41.68605],[-0.47978,41.68425],[-0.48037,41.68177],[-0.47868,41.68017],[-0.47853,41.67672],[-0.48026,41.67513],[-0.4827,41.67358],[-0.48321,41.67293],[-0.48972,41.6688],[-0.491,41.66777],[-0.49379,41.66474],[-0.49491,41.66268],[-0.49858,41.65799],[-0.50023,41.65639],[-0.50209,41.65142],[-0.50895,41.63766],[-0.51052,41.63271],[-0.51625,41.62584],[-0.52392,41.61894],[-0.52712,41.61645],[-0.51666,41.61285],[-0.51509,41.61256],[-0.51097,41.60923],[-0.50887,41.60649],[-0.50985,41.60257],[-0.51134,41.60054],[-0.5019,41.59799],[-0.49678,41.59607],[-0.49284,41.59572],[-0.48877,41.59504],[-0.48603,41.59502],[-0.47671,41.59357],[-0.47088,41.59105],[-0.46926,41.59082],[-0.46772,41.59002],[-0.4619,41.58807],[-0.45356,41.58446],[-0.44485,41.57595],[-0.44113,41.57311],[-0.43953,41.57129],[-0.42756,41.56077],[-0.42488,41.55874],[-0.42253,41.55734],[-0.41188,41.54688],[-0.40677,41.54418],[-0.40492,41.54395],[-0.39686,41.54468],[-0.38655,41.54089],[-0.38157,41.53958],[-0.36777,41.54778],[-0.36288,41.5547],[-0.35673,41.56531],[-0.34732,41.5754],[-0.34725,41.57665],[-0.34608,41.57771],[-0.34504,41.58088],[-0.34084,41.58918],[-0.34125,41.59028],[-0.33908,41.59261],[-0.33803,41.59426],[-0.33668,41.59471],[-0.33569,41.59776],[-0.33529,41.60017],[-0.33269,41.6029],[-0.32984,41.60329],[-0.32765,41.60552],[-0.3256,41.60607],[-0.32394,41.61092],[-0.32613,41.61526],[-0.32554,41.61595],[-0.32474,41.61793],[-0.32524,41.62197],[-0.32551,41.62253],[-0.32896,41.62593],[-0.32981,41.62597],[-0.33146,41.62725],[-0.33484,41.62905],[-0.33621,41.63015],[-0.33893,41.63014],[-0.33996,41.63067],[-0.34237,41.63068],[-0.34291,41.63028],[-0.34445,41.63079],[-0.34635,41.63093],[-0.3479,41.63167],[-0.34928,41.63194],[-0.35321,41.63337],[-0.35556,41.63234],[-0.35702,41.63393],[-0.35843,41.63441],[-0.35952,41.63522],[-0.35999,41.63651],[-0.36169,41.6373],[-0.36231,41.63782],[-0.36275,41.63857],[-0.36277,41.63913],[-0.36179,41.64102],[-0.3617,41.64292],[-0.36076,41.64512],[-0.3628,41.64825],[-0.36304,41.64938],[-0.36272,41.65079],[-0.36339,41.65372],[-0.36582,41.65923],[-0.36592,41.65974],[-0.36493,41.66324],[-0.36495,41.66363]]]}},{"type":"Feature","properties":{"COD_POSTAL":"50015"},"geometry":{"type":"Polygon","coordinates":[[[-0.84498,41.70822],[-0.84695,41.70982],[-0.84552,41.71109],[-0.84448,41.71283],[-0.84349,41.71478],[-0.84347,41.71547],[-0.84376,41.71565],[-0.84547,41.71528],[-0.84805,41.71368],[-0.85006,41.71172],[-0.85234,41.7087],[-0.86323,41.70259],[-0.86582,41.70409],[-0.86877,41.69947],[-0.8707,41.6911],[-0.8768,41.68174],[-0.88162,41.67949],[-0.8816,41.67573],[-0.88098,41.67296],[-0.88051,41.67259],[-0.88008,41.66804],[-0.88152,41.65845],[-0.87501,41.65707],[-0.87419,41.65669],[-0.8735,41.65743],[-0.87149,41.66184],[-0.86978,41.66435],[-0.86951,41.66425],[-0.86879,41.6654],[-0.86929,41.66566],[-0.86996,41.66449],[-0.87157,41.66505],[-0.87138,41.66648],[-0.86782,41.66745],[-0.86783,41.66822],[-0.86452,41.67558],[-0.86926,41.6768],[-0.87007,41.67522],[-0.8705,41.67526],[-0.87087,41.67562],[-0.87068,41.67721],[-0.87084,41.67753],[-0.86448,41.67591],[-0.86275,41.67943],[-0.85437,41.67883],[-0.85305,41.68527],[-0.85236,41.68536],[-0.85175,41.68493],[-0.85242,41.68357],[-0.85333,41.67862],[-0.84383,41.67708],[-0.8437,41.67971],[-0.84406,41.68238],[-0.84376,41.68542],[-0.84322,41.68637],[-0.8434,41.68821],[-0.84322,41.68994],[-0.83995,41.69232],[-0.83727,41.69321],[-0.83668,41.6944],[-0.83614,41.69458],[-0.83751,41.69648],[-0.83846,41.69922],[-0.83912,41.70225],[-0.84097,41.70547],[-0.84498,41.70822]]]}},{"type":"Feature","properties":{"COD_POSTAL":"50549"},"geometry":{"type":"MultiPolygon","coordinates":[[[[-1.55127,41.82794],[-1.55056,41.82765],[-1.54986,41.8269],[-1.54907,41.82666],[-1.54876,41.82618],[-1.54733,41.82622],[-1.54653,41.82746],[-1.54689,41.82753],[-1.54719,41.82809],[-1.5476,41.82828],[-1.5477,41.82882],[-1.54834,41.82886],[-1.54829,41.82918],[-1.5514,41.82869],[-1.55147,41.82797],[-1.55127,41.82794]]],[[[-1.50534,41.81953],[-1.50493,41.81909],[-1.50417,41.81913],[-1.50361,41.81874],[-1.50319,41.81895],[-1.50229,41.81877],[-1.49971,41.81944],[-1.49909,41.81998],[-1.49818,41.82188],[-1.49705,41.82177],[-1.49714,41.82271],[-1.49604,41.82524],[-1.49432,41.82465],[-1.48846,41.82377],[-1.48467,41.82348],[-1.484,41.82317],[-1.48254,41.82321],[-1.47993,41.82369],[-1.48039,41.82512],[-1.48633,41.83051],[-1.5161,41.8311],[-1.51642,41.83099],[-1.51657,41.8306],[-1.5195,41.83133],[-1.51918,41.83012],[-1.51476,41.82611],[-1.51295,41.82162],[-1.51037,41.82116],[-1.50702,41.82129],[-1.50685,41.82039],[-1.50653,41.82027],[-1.50514,41.82065],[-1.50534,41.81968],[-1.50534,41.81953]]]]}},{"type":"Feature","properties":{"COD_POSTAL":"50177"},"geometry":{"type":"Polygon","coordinates":[[[-0.13799,41.52419],[-0.14325,41.5271],[-0.14854,41.5314],[-0.15096,41.53227],[-0.15452,41.53442],[-0.15666,41.53529],[-0.15638,41.52888],[-0.15756,41.52675],[-0.15874,41.52563],[-0.16189,41.52395],[-0.17283,41.52178],[-0.17446,41.52128],[-0.17628,41.51978],[-0.1785,41.51716],[-0.18126,41.51288],[-0.18406,41.51051],[-0.1927,41.50833],[-0.19832,41.50649],[-0.20554,41.50284],[-0.20974,41.49964],[-0.21358,41.49747],[-0.22908,41.49354],[-0.23373,41.493],[-0.23698,41.493],[-0.23628,41.49248],[-0.23013,41.49086],[-0.22202,41.4892],[-0.21758,41.48728],[-0.20738,41.48387],[-0.20431,41.48202],[-0.20079,41.47791],[-0.19945,41.47526],[-0.19826,41.471],[-0.19886,41.46851],[-0.19906,41.4663],[-0.19978,41.46354],[-0.2035,41.45395],[-0.20502,41.44686],[-0.19982,41.44422],[-0.19266,41.44014],[-0.175,41.42851],[-0.15932,41.41858],[-0.15342,41.41637],[-0.14906,41.41524],[-0.14758,41.41422],[-0.14483,41.41281],[-0.1424,41.40878],[-0.14096,41.4055],[-0.14007,41.40259],[-0.13983,41.40042],[-0.14116,41.39493],[-0.14232,41.39207],[-0.14263,41.38949],[-0.14315,41.38757],[-0.14367,41.38674],[-0.1453,41.38522],[-0.14924,41.37743],[-0.14917,41.37598],[-0.14821,41.37221],[-0.14766,41.37144],[-0.13211,41.36952],[-0.11908,41.36925],[-0.11197,41.37046],[-0.09923,41.37138],[-0.08937,41.37374],[-0.07772,41.37551],[-0.0727,41.37716],[-0.07236,41.37854],[-0.07225,41.38148],[-0.07443,41.38608],[-0.07396,41.38947],[-0.07389,41.39276],[-0.07413,41.39382],[-0.07798,41.39984],[-0.07894,41.40454],[-0.08268,41.41099],[-0.08404,41.41532],[-0.08437,41.41957],[-0.08429,41.42206],[-0.08513,41.42715],[-0.08446,41.43144],[-0.0859,41.43498],[-0.08854,41.43938],[-0.09183,41.44917],[-0.09319,41.45397],[-0.09558,41.45957],[-0.09833,41.46716],[-0.09984,41.47046],[-0.09965,41.47239],[-0.10385,41.48025],[-0.10497,41.48548],[-0.11118,41.49352],[-0.11586,41.49708],[-0.12071,41.50255],[-0.12225,41.50484],[-0.13008,41.51457],[-0.13151,41.51688],[-0.13335,41.52091],[-0.13479,41.52239],[-0.13799,41.52419]]]}},{"type":"Feature","properties":{"COD_POSTAL":"50670"},"geometry":{"type":"Polygon","coordinates":[[[-1.28851,42.22349],[-1.28791,42.22554],[-1.28219,42.23066],[-1.28117,42.2359],[-1.28105,42.23996],[-1.27958,42.24195],[-1.28027,42.2447],[-1.27773,42.24914],[-1.27201,42.25084],[-1.26507,42.25365],[-1.256,42.25428],[-1.24331,42.26167],[-1.23027,42.27045],[-1.22981,42.27108],[-1.2381,42.27694],[-1.24226,42.28041],[-1.25727,42.29104],[-1.2566,42.29314],[-1.25753,42.29446],[-1.25759,42.29707],[-1.25833,42.29764],[-1.25816,42.29825],[-1.25961,42.30052],[-1.26196,42.30088],[-1.26187,42.30231],[-1.26642,42.30139],[-1.26896,42.30174],[-1.26995,42.30221],[-1.27171,42.30388],[-1.27359,42.30522],[-1.27832,42.30786],[-1.28309,42.31239],[-1.28506,42.31895],[-1.28674,42.32165],[-1.28918,42.3246],[-1.29155,42.32502],[-1.29132,42.30577],[-1.29765,42.28043],[-1.29163,42.24877],[-1.29617,42.22574],[-1.28851,42.22349]]]}},{"type":"Feature","properties":{"COD_POSTAL":"50008"},"geometry":{"type":"Polygon","coordinates":[[[-0.87223,41.64614],[-0.8735,41.64718],[-0.87526,41.64803],[-0.87562,41.64858],[-0.87655,41.64788],[-0.87824,41.64598],[-0.87942,41.64707],[-0.88059,41.64775],[-0.88217,41.6483],[-0.883,41.64824],[-0.88543,41.6473],[-0.88543,41.64701],[-0.88575,41.6469],[-0.88561,41.64666],[-0.88629,41.64232],[-0.87281,41.63531],[-0.86948,41.63691],[-0.86957,41.63769],[-0.87121,41.63876],[-0.87375,41.63981],[-0.87228,41.64598],[-0.87223,41.64614]]]}},{"type":"Feature","properties":{"COD_POSTAL":"50730"},"geometry":{"type":"Polygon","coordinates":[[[-0.65683,41.55588],[-0.65784,41.55579],[-0.66114,41.55636],[-0.6637,41.55725],[-0.66596,41.55838],[-0.66786,41.55903],[-0.66892,41.55911],[-0.67053,41.55875],[-0.67306,41.55768],[-0.6758,41.55365],[-0.67629,41.55324],[-0.67716,41.55321],[-0.68403,41.5568],[-0.68457,41.55734],[-0.68429,41.55905],[-0.68287,41.56388],[-0.68374,41.56494],[-0.6852,41.56607],[-0.68982,41.56796],[-0.69498,41.56842],[-0.70039,41.57097],[-0.70338,41.57142],[-0.70603,41.5715],[-0.70584,41.57272],[-0.71111,41.57537],[-0.71882,41.56831],[-0.72267,41.56916],[-0.72331,41.56958],[-0.72311,41.57039],[-0.72141,41.57263],[-0.72054,41.57472],[-0.71933,41.57603],[-0.71866,41.57974],[-0.71871,41.58158],[-0.7195,41.58243],[-0.72497,41.58495],[-0.72744,41.58429],[-0.72928,41.58326],[-0.73003,41.58247],[-0.7321,41.58244],[-0.73561,41.58262],[-0.7394,41.58374],[-0.74019,41.58374],[-0.7412,41.5831],[-0.74716,41.58568],[-0.74982,41.58579],[-0.75473,41.58465],[-0.76007,41.58157],[-0.76105,41.58122],[-0.7641,41.58221],[-0.76462,41.58273],[-0.76482,41.58343],[-0.7657,41.58724],[-0.76588,41.58907],[-0.76548,41.59096],[-0.76389,41.59561],[-0.76404,41.59819],[-0.76455,41.59949],[-0.78179,41.58993],[-0.784,41.58829],[-0.78796,41.58764],[-0.79359,41.58766],[-0.79588,41.58808],[-0.79887,41.58941],[-0.80115,41.58928],[-0.80074,41.58579],[-0.7961,41.58287],[-0.78833,41.57995],[-0.78547,41.57927],[-0.77708,41.57608],[-0.76865,41.57457],[-0.76424,41.57314],[-0.76308,41.57241],[-0.75765,41.56999],[-0.75347,41.56665],[-0.74959,41.56515],[-0.74454,41.56181],[-0.73936,41.5609],[-0.73503,41.55882],[-0.73027,41.55821],[-0.72775,41.55745],[-0.72635,41.55577],[-0.72071,41.55527],[-0.71884,41.55417],[-0.71787,41.55105],[-0.71575,41.5502],[-0.71333,41.54853],[-0.71233,41.54823],[-0.71107,41.54873],[-0.70889,41.5486],[-0.7037,41.5456],[-0.70274,41.54535],[-0.70123,41.54539],[-0.70025,41.54487],[-0.69801,41.54446],[-0.69745,41.54385],[-0.69696,41.54121],[-0.6932,41.5406],[-0.69274,41.54002],[-0.69236,41.53817],[-0.68647,41.53437],[-0.68264,41.53272],[-0.68204,41.53169],[-0.68068,41.53086],[-0.67928,41.532],[-0.6756,41.53611],[-0.67587,41.53682],[-0.66994,41.54282],[-0.66566,41.54874],[-0.66131,41.55268],[-0.65768,41.55397],[-0.65516,41.55619],[-0.65634,41.55592],[-0.65683,41.55588]]]}},{"type":"Feature","properties":{"COD_POSTAL":"50190"},"geometry":{"type":"Polygon","coordinates":[[[-1.12421,41.74765],[-1.12511,41.7481],[-1.12554,41.74777],[-1.12539,41.7473],[-1.12675,41.74686],[-1.12735,41.74631],[-1.12785,41.74648],[-1.12829,41.74582],[-1.13051,41.7449],[-1.1324,41.74325],[-1.13218,41.74245],[-1.13027,41.74014],[-1.13942,41.73495],[-1.14392,41.73312],[-1.14866,41.72961],[-1.15285,41.72818],[-1.15913,41.72651],[-1.16146,41.72654],[-1.16785,41.7206],[-1.16544,41.71625],[-1.16235,41.71329],[-1.15737,41.70795],[-1.14909,41.69788],[-1.14766,41.6935],[-1.1485,41.69032],[-1.14937,41.6887],[-1.15227,41.68586],[-1.15345,41.68427],[-1.15409,41.68295],[-1.15548,41.68099],[-1.1565,41.67849],[-1.15927,41.6743],[-1.15892,41.67409],[-1.15936,41.67312],[-1.15915,41.67306],[-1.15932,41.67158],[-1.15876,41.67004],[-1.15812,41.66528],[-1.15842,41.6623],[-1.15823,41.66123],[-1.15892,41.65915],[-1.16612,41.65351],[-1.16754,41.65211],[-1.16952,41.65092],[-1.17249,41.64806],[-1.17394,41.64715],[-1.1703,41.64279],[-1.16521,41.64166],[-1.16348,41.64426],[-1.16045,41.64422],[-1.1557,41.64348],[-1.15049,41.64186],[-1.14475,41.64069],[-1.14068,41.64141],[-1.13991,41.6413],[-1.1355,41.64334],[-1.13095,41.64418],[-1.12933,41.64379],[-1.12412,41.64396],[-1.11855,41.64483],[-1.11369,41.64389],[-1.10971,41.64188],[-1.10915,41.64142],[-1.1088,41.64027],[-1.10746,41.63912],[-1.10279,41.63853],[-1.10025,41.63742],[-1.09679,41.63511],[-1.09473,41.63272],[-1.09049,41.63131],[-1.08893,41.62982],[-1.08421,41.62734],[-1.07614,41.62128],[-1.06801,41.61783],[-1.06467,41.61721],[-1.06216,41.61601],[-1.05954,41.61513],[-1.05388,41.62561],[-1.04373,41.63959],[-1.03489,41.64605],[-1.01446,41.65145],[-1.00576,41.65527],[-0.99646,41.65861],[-0.98296,41.65526],[-0.97676,41.65228],[-0.97317,41.65085],[-0.97102,41.67154],[-0.97037,41.68062],[-0.97971,41.68495],[-0.98264,41.68745],[-0.98744,41.6941],[-0.98821,41.69461],[-1.00068,41.70253],[-1.00237,41.69855],[-1.00815,41.69121],[-1.01251,41.69294],[-1.01453,41.69326],[-1.01703,41.69403],[-1.01816,41.69464],[-1.01888,41.6943],[-1.01987,41.69475],[-1.02197,41.6951],[-1.02661,41.69719],[-1.02895,41.69742],[-1.03198,41.69855],[-1.03277,41.70021],[-1.04084,41.70701],[-1.03915,41.70857],[-1.05643,41.70894],[-1.08175,41.71049],[-1.08532,41.7102],[-1.08866,41.71108],[-1.1027,41.71587],[-1.10786,41.7185],[-1.11178,41.72081],[-1.11508,41.72497],[-1.11849,41.7318],[-1.11914,41.73612],[-1.11751,41.74269],[-1.12,41.74434],[-1.12204,41.74756],[-1.12365,41.74761],[-1.12421,41.74765]]]}},{"type":"Feature","properties":{"COD_POSTAL":"50650"},"geometry":{"type":"Polygon","coordinates":[[[-1.33505,41.9134],[-1.33854,41.90982],[-1.34832,41.89645],[-1.34835,41.89529],[-1.35091,41.89248],[-1.35195,41.89203],[-1.35225,41.89031],[-1.35626,41.88838],[-1.36036,41.8879],[-1.36085,41.88535],[-1.36056,41.88025],[-1.35825,41.87162],[-1.35833,41.86658],[-1.35991,41.859],[-1.35981,41.85638],[-1.35731,41.8485],[-1.35625,41.84614],[-1.34878,41.83859],[-1.34803,41.83725],[-1.34072,41.82982],[-1.33757,41.82572],[-1.33564,41.82451],[-1.33071,41.82041],[-1.325,41.81671],[-1.32308,41.81702],[-1.32225,41.81783],[-1.32163,41.81985],[-1.3201,41.82202],[-1.31877,41.82464],[-1.31804,41.82757],[-1.31483,41.82913],[-1.31158,41.83125],[-1.30898,41.83352],[-1.30424,41.83656],[-1.30457,41.83999],[-1.30336,41.842],[-1.30147,41.84333],[-1.30233,41.84421],[-1.30098,41.84595],[-1.29812,41.84551],[-1.28958,41.84964],[-1.28689,41.84999],[-1.28778,41.85316],[-1.28167,41.85283],[-1.28149,41.85264],[-1.2744,41.85623],[-1.27408,41.85601],[-1.27343,41.85624],[-1.27265,41.85582],[-1.26964,41.85748],[-1.26881,41.85823],[-1.26677,41.85911],[-1.26985,41.86187],[-1.2713,41.8656],[-1.27135,41.86733],[-1.27076,41.86916],[-1.27001,41.87008],[-1.26964,41.87131],[-1.27071,41.87492],[-1.27141,41.87628],[-1.27299,41.8776],[-1.27527,41.87808],[-1.27911,41.87768],[-1.28367,41.8746],[-1.28427,41.87281],[-1.28747,41.87414],[-1.28992,41.87647],[-1.29004,41.87831],[-1.2986,41.88485],[-1.29841,41.88553],[-1.30015,41.8859],[-1.30199,41.88478],[-1.30642,41.88496],[-1.30836,41.8839],[-1.31365,41.88867],[-1.32117,41.88484],[-1.32834,41.89014],[-1.32943,41.89355],[-1.32553,41.89919],[-1.32548,41.90173],[-1.32681,41.90431],[-1.33109,41.90714],[-1.33241,41.91055],[-1.33304,41.91123],[-1.33505,41.9134]]]}},{"type":"Feature","properties":{"COD_POSTAL":"50591"},"geometry":{"type":"Polygon","coordinates":[[[-1.6521,41.81481],[-1.65239,41.81878],[-1.65302,41.81941],[-1.65844,41.81862],[-1.65926,41.81921],[-1.66077,41.81923],[-1.6615,41.81865],[-1.66533,41.81876],[-1.66724,41.81751],[-1.67208,41.81638],[-1.67511,41.81619],[-1.67757,41.81461],[-1.67921,41.81421],[-1.68314,41.81152],[-1.68405,41.80738],[-1.68565,41.80684],[-1.68537,41.80468],[-1.69046,41.80268],[-1.69014,41.80186],[-1.69202,41.80096],[-1.69351,41.79883],[-1.6969,41.80042],[-1.70476,41.80178],[-1.71469,41.79999],[-1.71862,41.80095],[-1.72264,41.80066],[-1.72806,41.79724],[-1.73453,41.7926],[-1.73544,41.79118],[-1.73396,41.79007],[-1.7316,41.78928],[-1.72704,41.78872],[-1.72258,41.7891],[-1.71889,41.78853],[-1.71557,41.78761],[-1.71104,41.78727],[-1.70964,41.78675],[-1.70588,41.78645],[-1.7049,41.78533],[-1.7032,41.78578],[-1.70071,41.7846],[-1.69949,41.78299],[-1.69951,41.77838],[-1.69896,41.77622],[-1.69811,41.77449],[-1.69563,41.77656],[-1.69328,41.77793],[-1.68024,41.78337],[-1.67887,41.78423],[-1.67843,41.78776],[-1.67637,41.7925],[-1.6726,41.79546],[-1.67148,41.79562],[-1.66616,41.79536],[-1.66152,41.79553],[-1.65774,41.79767],[-1.65605,41.79982],[-1.65362,41.80148],[-1.65438,41.8027],[-1.65414,41.80339],[-1.65475,41.80389],[-1.65459,41.80484],[-1.65525,41.80547],[-1.65523,41.80706],[-1.65299,41.81153],[-1.65198,41.81252],[-1.6521,41.81481]]]}},{"type":"Feature","properties":{"COD_POSTAL":"50470"},"geometry":{"type":"Polygon","coordinates":[[[-1.24254,41.27305],[-1.2428,41.27359],[-1.24273,41.27416],[-1.24113,41.27608],[-1.2412,41.27675],[-1.24308,41.27886],[-1.24303,41.28103],[-1.24355,41.28171],[-1.24295,41.28283],[-1.2433,41.28354],[-1.24156,41.28726],[-1.24242,41.28783],[-1.24207,41.2883],[-1.23959,41.28944],[-1.23788,41.28925],[-1.2368,41.29063],[-1.23467,41.29171],[-1.23174,41.29496],[-1.23102,41.2977],[-1.23008,41.29981],[-1.2345,41.30374],[-1.23954,41.30651],[-1.24431,41.30821],[-1.24719,41.30814],[-1.25156,41.30713],[-1.25548,41.30713],[-1.25716,41.30775],[-1.26123,41.31022],[-1.26528,41.30923],[-1.26895,41.31413],[-1.27549,41.31394],[-1.2803,41.31338],[-1.28506,41.31315],[-1.29176,41.31491],[-1.29229,41.31643],[-1.29281,41.31678],[-1.29542,41.31708],[-1.29647,41.31606],[-1.29722,41.3157],[-1.30058,41.31529],[-1.30323,41.31319],[-1.30395,41.31299],[-1.30556,41.31307],[-1.30598,41.31213],[-1.30785,41.31089],[-1.30935,41.31088],[-1.31133,41.30857],[-1.31219,41.30703],[-1.31358,41.30634],[-1.31384,41.30477],[-1.3142,41.30396],[-1.31663,41.30371],[-1.31821,41.30279],[-1.31947,41.30197],[-1.31963,41.30098],[-1.32014,41.30035],[-1.31864,41.29789],[-1.31814,41.29624],[-1.31966,41.29346],[-1.31964,41.2922],[-1.31996,41.29093],[-1.31974,41.28966],[-1.31662,41.28715],[-1.31507,41.28453],[-1.31272,41.28163],[-1.31093,41.27982],[-1.31351,41.27864],[-1.31344,41.27549],[-1.30988,41.27279],[-1.30602,41.26941],[-1.30396,41.2681],[-1.30165,41.26527],[-1.30057,41.26473],[-1.29966,41.26458],[-1.29871,41.26484],[-1.29778,41.26455],[-1.29697,41.26307],[-1.29658,41.26156],[-1.29529,41.25866],[-1.29479,41.25805],[-1.29403,41.25763],[-1.29158,41.257],[-1.29041,41.25814],[-1.29013,41.25928],[-1.28978,41.25967],[-1.2884,41.26034],[-1.28675,41.25929],[-1.28329,41.25944],[-1.28204,41.25826],[-1.28129,41.25814],[-1.28058,41.25669],[-1.27918,41.25569],[-1.27835,41.25554],[-1.27353,41.25192],[-1.26928,41.25153],[-1.26408,41.25022],[-1.26081,41.24913],[-1.2581,41.24859],[-1.25867,41.25001],[-1.25838,41.2513],[-1.25751,41.25143],[-1.2569,41.25184],[-1.25672,41.25319],[-1.25479,41.25551],[-1.25462,41.25757],[-1.25204,41.25859],[-1.25172,41.25895],[-1.25045,41.25906],[-1.24963,41.25971],[-1.24929,41.26029],[-1.24977,41.26391],[-1.24951,41.26585],[-1.24747,41.26818],[-1.24507,41.2701],[-1.24401,41.27038],[-1.24217,41.2718],[-1.24203,41.27244],[-1.24254,41.27305]]]}},{"type":"Feature","properties":{"COD_POSTAL":"50221"},"geometry":{"type":"MultiPolygon","coordinates":[[[[-2.1571,41.26066],[-2.15634,41.2577],[-2.15489,41.24039],[-2.15322,41.23462],[-2.15307,41.23343],[-2.15061,41.22543],[-2.14984,41.22079],[-2.149,41.21881],[-2.14773,41.21918],[-2.14038,41.22254],[-2.13546,41.22543],[-2.13093,41.22388],[-2.12513,41.22263],[-2.1214,41.22127],[-2.11442,41.21943],[-2.11341,41.21934],[-2.11193,41.21999],[-2.10963,41.22012],[-2.1072,41.22147],[-2.09859,41.22844],[-2.09699,41.2284],[-2.09346,41.22884],[-2.09052,41.23048],[-2.09002,41.23098],[-2.08899,41.23294],[-2.08893,41.23353],[-2.0899,41.23808],[-2.09087,41.23867],[-2.09326,41.24188],[-2.09381,41.24316],[-2.09434,41.24376],[-2.10024,41.2478],[-2.10165,41.24976],[-2.10263,41.25065],[-2.11089,41.25703],[-2.1122,41.25914],[-2.11629,41.26225],[-2.11831,41.26407],[-2.11917,41.26573],[-2.12171,41.26521],[-2.12722,41.262],[-2.13115,41.26166],[-2.13818,41.26417],[-2.14119,41.26403],[-2.14478,41.26347],[-2.14953,41.26334],[-2.15415,41.26478],[-2.15538,41.26427],[-2.1587,41.26488],[-2.1571,41.26066]]],[[[-2.15711,41.33397],[-2.15798,41.33161],[-2.16434,41.32864],[-2.16905,41.32257],[-2.16852,41.32208],[-2.16626,41.32131],[-2.16164,41.32179],[-2.15775,41.3235],[-2.14635,41.32572],[-2.1412,41.32554],[-2.13953,41.32511],[-2.13499,41.3268],[-2.13213,41.32927],[-2.12875,41.33065],[-2.12611,41.33217],[-2.11132,41.33869],[-2.11016,41.3407],[-2.10669,41.34443],[-2.10468,41.34711],[-2.10432,41.34867],[-2.09607,41.35372],[-2.09703,41.36518],[-2.09906,41.37339],[-2.09822,41.37538],[-2.09767,41.37834],[-2.10392,41.38394],[-2.11945,41.39033],[-2.12071,41.38996],[-2.12069,41.38904],[-2.12007,41.38709],[-2.11935,41.38577],[-2.11948,41.38428],[-2.11798,41.383],[-2.11603,41.38205],[-2.12015,41.37967],[-2.12083,41.37839],[-2.12095,41.37667],[-2.12242,41.37545],[-2.12279,41.37487],[-2.12296,41.37291],[-2.1258,41.36964],[-2.12774,41.36923],[-2.12977,41.36834],[-2.13169,41.36834],[-2.13293,41.36719],[-2.13427,41.36532],[-2.13548,41.36486],[-2.13892,41.3624],[-2.14124,41.36211],[-2.14199,41.36176],[-2.14383,41.36062],[-2.14593,41.35812],[-2.14984,41.35588],[-2.15322,41.35599],[-2.15605,41.3569],[-2.16314,41.35535],[-2.1621,41.35223],[-2.16324,41.35083],[-2.16249,41.34787],[-2.15787,41.34084],[-2.15665,41.33741],[-2.15749,41.33599],[-2.15711,41.33397]]]]}},{"type":"Feature","properties":{"COD_POSTAL":"50195"},"geometry":{"type":"Polygon","coordinates":[[[-0.78069,41.63506],[-0.78163,41.63521],[-0.78139,41.63445],[-0.78181,41.63213],[-0.78111,41.63096],[-0.78126,41.63078],[-0.78094,41.63006],[-0.78267,41.62966],[-0.78336,41.62664],[-0.78485,41.6277],[-0.78919,41.625],[-0.7911,41.62718],[-0.79229,41.62321],[-0.79262,41.62275],[-0.79383,41.62304],[-0.79504,41.62123],[-0.79487,41.6202],[-0.79506,41.61936],[-0.79621,41.61892],[-0.79751,41.61921],[-0.79994,41.61437],[-0.80115,41.61273],[-0.80113,41.6113],[-0.80138,41.61037],[-0.79822,41.60813],[-0.79516,41.60471],[-0.79459,41.60305],[-0.79449,41.6014],[-0.79575,41.6012],[-0.79696,41.60038],[-0.79888,41.59739],[-0.7981,41.59598],[-0.79649,41.59521],[-0.79438,41.59344],[-0.79316,41.59473],[-0.79009,41.59275],[-0.78888,41.59248],[-0.78138,41.59421],[-0.78144,41.59609],[-0.77908,41.59555],[-0.76977,41.59781],[-0.76585,41.60028],[-0.76449,41.60043],[-0.76455,41.59949],[-0.76404,41.59819],[-0.76389,41.59561],[-0.76577,41.5899],[-0.7657,41.58724],[-0.76448,41.58249],[-0.76105,41.58122],[-0.76007,41.58157],[-0.75473,41.58465],[-0.74982,41.58579],[-0.74716,41.58568],[-0.7412,41.5831],[-0.74019,41.58374],[-0.74008,41.58481],[-0.73979,41.58518],[-0.73842,41.58574],[-0.73676,41.58754],[-0.73749,41.58885],[-0.73757,41.59139],[-0.73375,41.59166],[-0.7309,41.59009],[-0.72751,41.59072],[-0.72565,41.59307],[-0.72345,41.59312],[-0.72316,41.59601],[-0.72403,41.59608],[-0.72464,41.5971],[-0.72516,41.5975],[-0.7293,41.5999],[-0.72985,41.60119],[-0.73335,41.60363],[-0.73649,41.60716],[-0.73676,41.60813],[-0.73869,41.60851],[-0.74117,41.60972],[-0.75382,41.60849],[-0.75919,41.60759],[-0.76221,41.60741],[-0.76331,41.60854],[-0.76395,41.60796],[-0.7656,41.60814],[-0.76927,41.61212],[-0.76965,41.61278],[-0.76968,41.6136],[-0.7676,41.61903],[-0.76678,41.61963],[-0.7691,41.6217],[-0.77122,41.62544],[-0.76994,41.62585],[-0.76985,41.62635],[-0.76862,41.62665],[-0.77486,41.6286],[-0.77473,41.63018],[-0.77423,41.63163],[-0.77345,41.63284],[-0.77357,41.63297],[-0.77572,41.63358],[-0.77626,41.63413],[-0.77738,41.63403],[-0.77887,41.63466],[-0.78058,41.63489],[-0.78011,41.63496],[-0.78069,41.63506]]]}},{"type":"Feature","properties":{"COD_POSTAL":"50790"},"geometry":{"type":"Polygon","coordinates":[[[-0.20403,41.28974],[-0.20904,41.2873],[-0.2142,41.28657],[-0.22179,41.28695],[-0.22422,41.28799],[-0.22477,41.28908],[-0.22449,41.29013],[-0.21929,41.29617],[-0.21866,41.29878],[-0.22071,41.30134],[-0.2238,41.30237],[-0.22885,41.30129],[-0.23435,41.29702],[-0.23745,41.29643],[-0.25099,41.2999],[-0.25368,41.29946],[-0.2578,41.29702],[-0.25926,41.29466],[-0.2605,41.28342],[-0.26273,41.2798],[-0.26545,41.27737],[-0.26729,41.27634],[-0.2748,41.27433],[-0.27863,41.27423],[-0.28572,41.27594],[-0.29115,41.27943],[-0.29302,41.28212],[-0.29194,41.28406],[-0.2843,41.29066],[-0.28186,41.29535],[-0.28071,41.30066],[-0.28172,41.30459],[-0.28419,41.30667],[-0.2875,41.30697],[-0.29106,41.30499],[-0.29308,41.30259],[-0.29569,41.29495],[-0.29919,41.29328],[-0.30441,41.29242],[-0.31272,41.2935],[-0.3173,41.29491],[-0.32185,41.29517],[-0.3325,41.29958],[-0.33923,41.30061],[-0.34285,41.29938],[-0.34459,41.29714],[-0.34401,41.29432],[-0.34081,41.2891],[-0.3397,41.28439],[-0.34069,41.28136],[-0.34526,41.27614],[-0.35027,41.27415],[-0.35274,41.27417],[-0.3592,41.28317],[-0.36198,41.28491],[-0.36672,41.2849],[-0.36936,41.28391],[-0.37607,41.2783],[-0.38152,41.27696],[-0.38393,41.27684],[-0.3777,41.26516],[-0.37233,41.263],[-0.36219,41.25652],[-0.35808,41.25297],[-0.34673,41.24678],[-0.34459,41.2469],[-0.33997,41.24421],[-0.33913,41.24218],[-0.33721,41.24139],[-0.3343,41.24332],[-0.33231,41.24357],[-0.33056,41.24445],[-0.32894,41.24424],[-0.32644,41.24529],[-0.32308,41.24556],[-0.32328,41.24756],[-0.32253,41.24984],[-0.32456,41.25364],[-0.32375,41.25528],[-0.31808,41.25761],[-0.31331,41.25563],[-0.30587,41.24911],[-0.29626,41.2419],[-0.29338,41.23888],[-0.28676,41.23378],[-0.28573,41.23224],[-0.27862,41.2268],[-0.27461,41.22211],[-0.27263,41.21798],[-0.27047,41.21623],[-0.26867,41.21501],[-0.26458,41.21436],[-0.25402,41.21332],[-0.24641,41.21192],[-0.24316,41.20979],[-0.2375,41.203],[-0.23614,41.2017],[-0.23457,41.19969],[-0.23218,41.19588],[-0.23087,41.19447],[-0.22529,41.19001],[-0.22247,41.18886],[-0.21654,41.19031],[-0.21124,41.19221],[-0.21108,41.19602],[-0.20981,41.20595],[-0.21138,41.21453],[-0.21074,41.22481],[-0.21153,41.23211],[-0.2127,41.23736],[-0.21161,41.23858],[-0.20819,41.25302],[-0.20118,41.26939],[-0.20153,41.2731],[-0.2026,41.27627],[-0.20285,41.28171],[-0.20241,41.28573],[-0.20403,41.28974]]]}},{"type":"Feature","properties":{"COD_POSTAL":"50336"},"geometry":{"type":"Polygon","coordinates":[[[-1.54819,41.39526],[-1.54854,41.39562],[-1.55217,41.39619],[-1.55394,41.3961],[-1.56153,41.3987],[-1.56245,41.39988],[-1.56293,41.40103],[-1.56352,41.40116],[-1.56469,41.40195],[-1.56543,41.4034],[-1.56737,41.40551],[-1.56869,41.40838],[-1.59382,41.40369],[-1.59532,41.38822],[-1.59689,41.38796],[-1.60723,41.38822],[-1.61035,41.38537],[-1.61347,41.38537],[-1.61445,41.38368],[-1.61576,41.38368],[-1.61703,41.37516],[-1.60247,41.37018],[-1.59946,41.37441],[-1.58586,41.37666],[-1.5726,41.37575],[-1.57157,41.37735],[-1.57193,41.38145],[-1.56872,41.38466],[-1.56622,41.38822],[-1.55954,41.39206],[-1.55668,41.39197],[-1.54902,41.39437],[-1.54811,41.39518],[-1.54819,41.39526]]]}},{"type":"Feature","properties":{"COD_POSTAL":"50268"},"geometry":{"type":"Polygon","coordinates":[[[-1.67461,41.69262],[-1.67767,41.69543],[-1.67905,41.69805],[-1.68091,41.70002],[-1.68372,41.70402],[-1.68472,41.70449],[-1.68539,41.70446],[-1.68861,41.70389],[-1.68962,41.70297],[-1.69056,41.70292],[-1.69673,41.70375],[-1.69817,41.70422],[-1.70271,41.70822],[-1.70485,41.71266],[-1.70674,41.71567],[-1.7085,41.71604],[-1.71007,41.71702],[-1.7111,41.7168],[-1.71285,41.71726],[-1.71339,41.71773],[-1.71435,41.71765],[-1.72039,41.72194],[-1.72336,41.72315],[-1.72595,41.72351],[-1.72737,41.72519],[-1.72835,41.72537],[-1.73068,41.72514],[-1.73206,41.72309],[-1.73572,41.72395],[-1.74407,41.72517],[-1.7611,41.71832],[-1.76222,41.71967],[-1.77032,41.7224],[-1.77537,41.72479],[-1.77877,41.72183],[-1.78499,41.71699],[-1.78587,41.71173],[-1.7877,41.70736],[-1.78779,41.70374],[-1.78819,41.70275],[-1.78686,41.69943],[-1.79138,41.69899],[-1.7939,41.69773],[-1.79466,41.698],[-1.79495,41.69853],[-1.7949,41.69899],[-1.80027,41.69708],[-1.80263,41.69543],[-1.80323,41.69471],[-1.80425,41.69262],[-1.80504,41.69182],[-1.81111,41.68745],[-1.81207,41.68645],[-1.80908,41.68468],[-1.80679,41.66682],[-1.80622,41.66426],[-1.81078,41.66259],[-1.81311,41.66056],[-1.8108,41.65569],[-1.8054,41.65147],[-1.80035,41.65248],[-1.79885,41.65185],[-1.79314,41.65234],[-1.7908,41.65091],[-1.78883,41.65019],[-1.78193,41.64652],[-1.78099,41.64557],[-1.77977,41.64502],[-1.77918,41.64234],[-1.76984,41.64286],[-1.76829,41.64264],[-1.76644,41.64193],[-1.76345,41.64019],[-1.75935,41.63573],[-1.75678,41.634],[-1.75532,41.63152],[-1.7549,41.63102],[-1.7539,41.63053],[-1.75385,41.62991],[-1.75423,41.62933],[-1.75397,41.62884],[-1.75105,41.62757],[-1.74994,41.62489],[-1.74721,41.62349],[-1.74345,41.62225],[-1.74144,41.62022],[-1.74072,41.61847],[-1.73969,41.61774],[-1.73185,41.61599],[-1.73085,41.61542],[-1.72993,41.61409],[-1.72684,41.616],[-1.72322,41.61635],[-1.72121,41.61919],[-1.71612,41.62103],[-1.71335,41.62335],[-1.71159,41.62358],[-1.7113,41.62486],[-1.70982,41.62615],[-1.70583,41.62479],[-1.70463,41.62416],[-1.70163,41.62473],[-1.70047,41.62461],[-1.69643,41.62542],[-1.69134,41.629],[-1.69232,41.62463],[-1.69077,41.62401],[-1.69068,41.62344],[-1.6901,41.62321],[-1.68995,41.62229],[-1.68898,41.62156],[-1.6884,41.62001],[-1.68828,41.61877],[-1.68882,41.61565],[-1.68526,41.61343],[-1.68509,41.61297],[-1.68369,41.61273],[-1.68333,41.61074],[-1.6838,41.60962],[-1.68303,41.6084],[-1.68226,41.60777],[-1.68137,41.60752],[-1.68028,41.60792],[-1.67901,41.61098],[-1.67748,41.61223],[-1.67555,41.61351],[-1.66901,41.61573],[-1.65157,41.61906],[-1.64665,41.61651],[-1.63587,41.61958],[-1.63079,41.62131],[-1.62298,41.62269],[-1.62233,41.62394],[-1.59731,41.63432],[-1.58682,41.63684],[-1.57222,41.63726],[-1.57122,41.64321],[-1.56439,41.65042],[-1.54754,41.66314],[-1.54775,41.66529],[-1.54804,41.66573],[-1.54985,41.66679],[-1.5515,41.66898],[-1.55343,41.66959],[-1.55653,41.66935],[-1.56563,41.67209],[-1.56702,41.67379],[-1.5691,41.67514],[-1.56973,41.67847],[-1.571,41.67942],[-1.5731,41.6827],[-1.57272,41.68467],[-1.57305,41.68513],[-1.57439,41.68544],[-1.57498,41.68534],[-1.57743,41.68373],[-1.5786,41.68405],[-1.58101,41.68415],[-1.58232,41.68484],[-1.58438,41.68518],[-1.58945,41.68785],[-1.59139,41.68863],[-1.59312,41.68903],[-1.59582,41.6929],[-1.59995,41.69594],[-1.59959,41.6986],[-1.60742,41.7042],[-1.61625,41.70639],[-1.61821,41.70853],[-1.61983,41.71075],[-1.62016,41.71441],[-1.61959,41.71585],[-1.61988,41.71725],[-1.62152,41.71287],[-1.61655,41.69862],[-1.61873,41.69581],[-1.62381,41.69672],[-1.63262,41.69151],[-1.64078,41.69359],[-1.6614,41.69407],[-1.66373,41.69549],[-1.66679,41.69547],[-1.67396,41.69304],[-1.67461,41.69262]]]}},{"type":"Feature","properties":{"COD_POSTAL":"50294"},"geometry":{"type":"Polygon","coordinates":[[[-1.30378,41.57708],[-1.3039,41.5767],[-1.30278,41.57553],[-1.30458,41.57392],[-1.30444,41.57329],[-1.30519,41.57317],[-1.30605,41.57265],[-1.3059,41.57077],[-1.31007,41.56989],[-1.31047,41.57025],[-1.31011,41.57046],[-1.31197,41.57129],[-1.31181,41.57163],[-1.31445,41.57182],[-1.31497,41.57143],[-1.31845,41.5731],[-1.32013,41.57165],[-1.32179,41.57161],[-1.3246,41.57015],[-1.32633,41.5679],[-1.32592,41.56762],[-1.32923,41.56357],[-1.33885,41.55003],[-1.33933,41.55013],[-1.33684,41.54898],[-1.33604,41.55162],[-1.33516,41.55193],[-1.3344,41.5512],[-1.32983,41.55111],[-1.33035,41.54972],[-1.32916,41.54886],[-1.32761,41.5494],[-1.32727,41.5532],[-1.32283,41.55063],[-1.32242,41.55069],[-1.32187,41.54977],[-1.32016,41.54993],[-1.31658,41.54853],[-1.31674,41.54813],[-1.31532,41.54738],[-1.31524,41.54679],[-1.30751,41.54386],[-1.29617,41.53704],[-1.29273,41.53574],[-1.28972,41.53609],[-1.27986,41.53981],[-1.2784,41.54196],[-1.26895,41.54361],[-1.27008,41.54616],[-1.27334,41.5499],[-1.2749,41.55131],[-1.28468,41.5578],[-1.29125,41.56461],[-1.2979,41.56896],[-1.29874,41.56982],[-1.29988,41.56937],[-1.30175,41.57045],[-1.30028,41.57239],[-1.30088,41.57302],[-1.29807,41.5761],[-1.29735,41.57746],[-1.29893,41.57829],[-1.30095,41.57746],[-1.30286,41.57739],[-1.30378,41.57708]]]}},{"type":"Feature","properties":{"COD_POSTAL":"50133"},"geometry":{"type":"Polygon","coordinates":[[[-0.78364,41.28923],[-0.78425,41.28971],[-0.78666,41.29022],[-0.78778,41.29124],[-0.78885,41.2914],[-0.78838,41.29262],[-0.7892,41.29283],[-0.78952,41.29458],[-0.79044,41.29533],[-0.79439,41.29717],[-0.79539,41.29834],[-0.79626,41.29848],[-0.79801,41.29789],[-0.79943,41.29884],[-0.80057,41.29892],[-0.80128,41.29957],[-0.80377,41.30088],[-0.80589,41.30297],[-0.80821,41.30398],[-0.80883,41.30502],[-0.80826,41.30657],[-0.81054,41.30791],[-0.81278,41.31082],[-0.81231,41.31271],[-0.8125,41.31342],[-0.82068,41.31752],[-0.82384,41.32089],[-0.83134,41.32376],[-0.83414,41.32455],[-0.8437,41.32667],[-0.86825,41.33293],[-0.87407,41.33067],[-0.87454,41.32847],[-0.87435,41.32668],[-0.88134,41.32055],[-0.88134,41.31947],[-0.88348,41.31769],[-0.88385,41.31581],[-0.88903,41.31489],[-0.88819,41.31419],[-0.88355,41.31224],[-0.88347,41.31175],[-0.88391,41.3103],[-0.88132,41.30902],[-0.88104,41.30345],[-0.88013,41.29928],[-0.88147,41.2961],[-0.87815,41.29487],[-0.86954,41.28851],[-0.8654,41.28517],[-0.85418,41.27718],[-0.85254,41.27488],[-0.85173,41.27321],[-0.84071,41.27129],[-0.83613,41.2747],[-0.81979,41.27784],[-0.80761,41.27257],[-0.80352,41.26685],[-0.79912,41.26364],[-0.79842,41.26257],[-0.79611,41.26285],[-0.79557,41.26113],[-0.78727,41.25511],[-0.78201,41.25184],[-0.77525,41.2486],[-0.76823,41.24338],[-0.76376,41.23944],[-0.76009,41.23568],[-0.75536,41.23243],[-0.75087,41.227],[-0.74947,41.22613],[-0.74391,41.22461],[-0.74137,41.22521],[-0.73456,41.22829],[-0.73015,41.23072],[-0.72573,41.23258],[-0.72362,41.23397],[-0.72004,41.23497],[-0.71882,41.23569],[-0.71807,41.23659],[-0.71745,41.23774],[-0.7174,41.2383],[-0.71759,41.23937],[-0.71744,41.23992],[-0.71775,41.24093],[-0.71701,41.24237],[-0.71751,41.24454],[-0.71943,41.24604],[-0.72284,41.24644],[-0.72962,41.24573],[-0.73668,41.24401],[-0.73841,41.24399],[-0.74154,41.24312],[-0.74179,41.24293],[-0.74153,41.24117],[-0.74056,41.23719],[-0.74223,41.23667],[-0.74275,41.2387],[-0.74336,41.24413],[-0.74167,41.24892],[-0.74116,41.24941],[-0.74031,41.24953],[-0.7393,41.25078],[-0.74349,41.25416],[-0.74515,41.25417],[-0.74576,41.25597],[-0.74626,41.25654],[-0.74747,41.25763],[-0.7493,41.25853],[-0.75096,41.26217],[-0.75087,41.26288],[-0.75158,41.26442],[-0.75551,41.26601],[-0.75687,41.26744],[-0.75807,41.26816],[-0.75958,41.26846],[-0.76035,41.2693],[-0.76062,41.26992],[-0.76065,41.27127],[-0.76143,41.27258],[-0.76383,41.27261],[-0.76654,41.27398],[-0.76843,41.27451],[-0.76877,41.27725],[-0.77312,41.27893],[-0.77385,41.27954],[-0.77487,41.28167],[-0.77603,41.28319],[-0.78074,41.28729],[-0.78227,41.28786],[-0.78366,41.28781],[-0.78351,41.28877],[-0.78364,41.28923]]]}},{"type":"Feature","properties":{"COD_POSTAL":"50320"},"geometry":{"type":"Polygon","coordinates":[[[-1.45141,41.40248],[-1.45432,41.40428],[-1.45444,41.40522],[-1.45797,41.40819],[-1.46416,41.41196],[-1.46612,41.41279],[-1.46818,41.41424],[-1.46759,41.41552],[-1.47244,41.41839],[-1.47409,41.41974],[-1.4761,41.42358],[-1.47542,41.42529],[-1.47692,41.42682],[-1.47777,41.42823],[-1.47839,41.4289],[-1.47979,41.42837],[-1.48106,41.42864],[-1.48136,41.43022],[-1.48516,41.4311],[-1.48744,41.43535],[-1.48964,41.43764],[-1.49165,41.43924],[-1.4929,41.43987],[-1.49298,41.44107],[-1.49537,41.44124],[-1.49582,41.44318],[-1.49656,41.4439],[-1.49615,41.44491],[-1.49807,41.44631],[-1.49878,41.44912],[-1.50259,41.45029],[-1.50558,41.45339],[-1.50891,41.45542],[-1.50888,41.45742],[-1.50978,41.45909],[-1.51712,41.45916],[-1.51756,41.45844],[-1.51775,41.45625],[-1.51895,41.45441],[-1.52382,41.45031],[-1.52752,41.44673],[-1.52771,41.44637],[-1.52721,41.44514],[-1.52832,41.44417],[-1.52837,41.44312],[-1.53023,41.44283],[-1.5312,41.44178],[-1.53174,41.44066],[-1.53158,41.43824],[-1.53115,41.43679],[-1.52918,41.43546],[-1.5287,41.43437],[-1.52824,41.43439],[-1.52679,41.43349],[-1.52602,41.43259],[-1.52465,41.43193],[-1.52326,41.43004],[-1.52212,41.42899],[-1.52202,41.42797],[-1.52158,41.42779],[-1.52126,41.42639],[-1.52482,41.42107],[-1.52827,41.41954],[-1.52969,41.41814],[-1.5276,41.41698],[-1.52684,41.41495],[-1.52276,41.41294],[-1.50761,41.3984],[-1.50734,41.39438],[-1.51015,41.38655],[-1.50616,41.38534],[-1.50535,41.38483],[-1.50493,41.38445],[-1.50407,41.38283],[-1.5,41.37955],[-1.49662,41.37737],[-1.49463,41.37661],[-1.49148,41.37894],[-1.48974,41.38159],[-1.46429,41.39492],[-1.45998,41.3981],[-1.45218,41.39908],[-1.45076,41.40201],[-1.45141,41.40248]]]}},{"type":"Feature","properties":{"COD_POSTAL":"50299"},"geometry":{"type":"Polygon","coordinates":[[[-1.52212,41.42899],[-1.52326,41.43004],[-1.52465,41.43193],[-1.52602,41.43259],[-1.52679,41.43349],[-1.52824,41.43439],[-1.5287,41.43437],[-1.52918,41.43546],[-1.53115,41.43679],[-1.53158,41.43824],[-1.53174,41.44066],[-1.5312,41.44178],[-1.53023,41.44283],[-1.52837,41.44312],[-1.52832,41.44417],[-1.52721,41.44514],[-1.52771,41.44637],[-1.52752,41.44673],[-1.52382,41.45031],[-1.51895,41.45441],[-1.51775,41.45625],[-1.51756,41.45844],[-1.51712,41.45916],[-1.51933,41.45838],[-1.52219,41.45853],[-1.52506,41.45818],[-1.52737,41.45875],[-1.52879,41.45959],[-1.5311,41.45934],[-1.53416,41.46116],[-1.53918,41.4631],[-1.54607,41.46362],[-1.54712,41.46357],[-1.54852,41.46179],[-1.54945,41.46133],[-1.55541,41.46036],[-1.55637,41.46123],[-1.56087,41.46076],[-1.56214,41.46121],[-1.5628,41.4618],[-1.56324,41.4614],[-1.56491,41.46174],[-1.56698,41.46061],[-1.56935,41.46009],[-1.57121,41.46023],[-1.5729,41.46002],[-1.5747,41.46046],[-1.58411,41.4594],[-1.59565,41.45843],[-1.59846,41.45663],[-1.6014,41.45612],[-1.60666,41.45427],[-1.60824,41.45595],[-1.60973,41.45537],[-1.61467,41.45519],[-1.61585,41.4555],[-1.6196,41.45793],[-1.6204,41.45826],[-1.62163,41.45831],[-1.62245,41.45763],[-1.62499,41.45697],[-1.62918,41.45604],[-1.63044,41.45613],[-1.63063,41.45563],[-1.63054,41.45444],[-1.63091,41.45373],[-1.63505,41.45151],[-1.6346,41.44807],[-1.63535,41.44647],[-1.63729,41.4445],[-1.63789,41.44309],[-1.6382,41.4412],[-1.63764,41.4391],[-1.63584,41.43796],[-1.63345,41.43423],[-1.63314,41.43092],[-1.63338,41.42907],[-1.63305,41.42797],[-1.63205,41.42581],[-1.63009,41.42441],[-1.62986,41.42216],[-1.6292,41.42138],[-1.64156,41.41646],[-1.64329,41.4148],[-1.64525,41.41177],[-1.6478,41.41111],[-1.64934,41.41128],[-1.61572,41.38395],[-1.61576,41.38368],[-1.61445,41.38368],[-1.61347,41.38537],[-1.61035,41.38537],[-1.60723,41.38822],[-1.59689,41.38796],[-1.59532,41.38822],[-1.59382,41.40369],[-1.56869,41.40838],[-1.56737,41.40551],[-1.56543,41.4034],[-1.56469,41.40195],[-1.56352,41.40116],[-1.56293,41.40103],[-1.56245,41.39988],[-1.56153,41.3987],[-1.55394,41.3961],[-1.55217,41.39619],[-1.54854,41.39562],[-1.54855,41.39699],[-1.54813,41.39857],[-1.5465,41.40054],[-1.54499,41.40158],[-1.54407,41.40254],[-1.54215,41.40346],[-1.5396,41.40582],[-1.53588,41.40838],[-1.53176,41.41171],[-1.5275,41.41332],[-1.52695,41.4138],[-1.52684,41.41495],[-1.5276,41.41698],[-1.52969,41.41814],[-1.52827,41.41954],[-1.52482,41.42107],[-1.52437,41.42156],[-1.52127,41.42623],[-1.52158,41.42779],[-1.52202,41.42797],[-1.52215,41.42854],[-1.52212,41.42899]]]}},{"type":"Feature","properties":{"COD_POSTAL":"50630"},"geometry":{"type":"Polygon","coordinates":[[[-1.12205,41.8005],[-1.12572,41.80183],[-1.12888,41.80172],[-1.13221,41.79997],[-1.13415,41.80017],[-1.13744,41.79863],[-1.13832,41.79619],[-1.13776,41.79427],[-1.13685,41.79396],[-1.13285,41.78851],[-1.13376,41.78634],[-1.1363,41.78623],[-1.13795,41.78865],[-1.14222,41.78924],[-1.14557,41.78736],[-1.14673,41.78627],[-1.1514,41.78506],[-1.15305,41.78419],[-1.15309,41.78287],[-1.1524,41.78157],[-1.15295,41.78087],[-1.15198,41.77996],[-1.15324,41.77863],[-1.15052,41.77656],[-1.15173,41.77516],[-1.1499,41.77117],[-1.14927,41.77046],[-1.14963,41.76989],[-1.14737,41.76876],[-1.14789,41.76748],[-1.14766,41.76733],[-1.14771,41.76694],[-1.14742,41.76689],[-1.14725,41.76586],[-1.14786,41.76578],[-1.14751,41.76492],[-1.14756,41.76414],[-1.14866,41.76235],[-1.15026,41.7618],[-1.14973,41.76092],[-1.14559,41.75737],[-1.1445,41.75736],[-1.14179,41.75501],[-1.14169,41.75443],[-1.14275,41.7544],[-1.14395,41.75375],[-1.14477,41.75312],[-1.14609,41.7509],[-1.14673,41.75048],[-1.14844,41.74997],[-1.15013,41.74881],[-1.14885,41.74791],[-1.15021,41.74674],[-1.14971,41.7459],[-1.15119,41.7453],[-1.1485,41.74455],[-1.15015,41.74321],[-1.14828,41.74195],[-1.14886,41.74148],[-1.14653,41.74104],[-1.14445,41.741],[-1.14354,41.74124],[-1.14291,41.74189],[-1.14151,41.74251],[-1.13689,41.74113],[-1.1366,41.74189],[-1.13461,41.74283],[-1.13405,41.74246],[-1.13236,41.74315],[-1.13039,41.74497],[-1.12829,41.74582],[-1.12785,41.74648],[-1.12735,41.74631],[-1.12675,41.74686],[-1.12539,41.7473],[-1.12554,41.74777],[-1.12511,41.7481],[-1.12434,41.74766],[-1.12204,41.74756],[-1.12,41.74434],[-1.11751,41.74269],[-1.1176,41.74227],[-1.11377,41.74484],[-1.11435,41.74545],[-1.1134,41.7455],[-1.11143,41.74633],[-1.11037,41.74604],[-1.1094,41.74666],[-1.10922,41.7473],[-1.10873,41.74765],[-1.10843,41.74725],[-1.10775,41.74763],[-1.10759,41.74839],[-1.10617,41.74922],[-1.10386,41.74962],[-1.09912,41.7489],[-1.10187,41.75],[-1.10614,41.75262],[-1.10996,41.75626],[-1.10907,41.75686],[-1.10821,41.75702],[-1.10609,41.75703],[-1.10348,41.75741],[-1.10374,41.75695],[-1.1045,41.75693],[-1.10608,41.75634],[-1.109,41.75608],[-1.10749,41.75455],[-1.10756,41.7554],[-1.10726,41.75553],[-1.10485,41.75439],[-1.10404,41.75434],[-1.10286,41.75357],[-1.10255,41.75306],[-1.10321,41.75908],[-1.10241,41.75973],[-1.09552,41.76138],[-1.09454,41.76961],[-1.09732,41.77124],[-1.1004,41.77231],[-1.09799,41.7746],[-1.09897,41.77767],[-1.09627,41.77851],[-1.09503,41.77832],[-1.09512,41.77966],[-1.09609,41.78034],[-1.09718,41.7826],[-1.09694,41.78652],[-1.09058,41.7917],[-1.09052,41.79335],[-1.09296,41.79529],[-1.09724,41.79669],[-1.11905,41.80004],[-1.12205,41.8005]]]}},{"type":"Feature","properties":{"COD_POSTAL":"50750"},"geometry":{"type":"Polygon","coordinates":[[[-0.30844,41.61972],[-0.30702,41.62093],[-0.30869,41.62181],[-0.30944,41.62179],[-0.31259,41.6241],[-0.31806,41.62442],[-0.3212,41.6243],[-0.32395,41.62458],[-0.32576,41.62422],[-0.32717,41.62426],[-0.32551,41.62253],[-0.32524,41.62197],[-0.32474,41.61793],[-0.32554,41.61595],[-0.32613,41.61526],[-0.32394,41.61092],[-0.32541,41.60628],[-0.32765,41.60552],[-0.32984,41.60329],[-0.33269,41.6029],[-0.33529,41.60017],[-0.33569,41.59776],[-0.33668,41.59471],[-0.33803,41.59426],[-0.33908,41.59261],[-0.34125,41.59028],[-0.34084,41.58918],[-0.34504,41.58088],[-0.34608,41.57771],[-0.34725,41.57665],[-0.34732,41.5754],[-0.35673,41.56531],[-0.36288,41.5547],[-0.36777,41.54778],[-0.38157,41.53958],[-0.38655,41.54089],[-0.39686,41.54468],[-0.40113,41.54416],[-0.40619,41.54403],[-0.41188,41.54688],[-0.42253,41.55734],[-0.42488,41.55874],[-0.42756,41.56077],[-0.43953,41.57129],[-0.44113,41.57311],[-0.44485,41.57595],[-0.45356,41.58446],[-0.4619,41.58807],[-0.46772,41.59002],[-0.46926,41.59082],[-0.47088,41.59105],[-0.47671,41.59357],[-0.48603,41.59502],[-0.48877,41.59504],[-0.49284,41.59572],[-0.49678,41.59607],[-0.5019,41.59799],[-0.51134,41.60054],[-0.51267,41.59833],[-0.51386,41.59462],[-0.51532,41.59146],[-0.51536,41.58618],[-0.51673,41.58422],[-0.51818,41.58021],[-0.51867,41.57832],[-0.51867,41.57646],[-0.51958,41.57312],[-0.51998,41.57243],[-0.52146,41.57113],[-0.51363,41.5699],[-0.51355,41.56712],[-0.51398,41.56574],[-0.51488,41.5647],[-0.51358,41.56383],[-0.51369,41.56218],[-0.51295,41.56043],[-0.51516,41.55886],[-0.51582,41.55494],[-0.51564,41.5534],[-0.51639,41.54894],[-0.51875,41.54669],[-0.52246,41.54387],[-0.52802,41.53986],[-0.53079,41.53846],[-0.53192,41.53723],[-0.53428,41.53396],[-0.53491,41.53072],[-0.5363,41.52786],[-0.54201,41.51996],[-0.54371,41.51858],[-0.54483,41.51723],[-0.54971,41.51754],[-0.55112,41.51599],[-0.54905,41.51495],[-0.54764,41.51368],[-0.54531,41.51259],[-0.54734,41.50993],[-0.55251,41.50582],[-0.557,41.50011],[-0.55808,41.4991],[-0.55474,41.49566],[-0.56603,41.48852],[-0.56438,41.48353],[-0.56267,41.48133],[-0.56008,41.47995],[-0.55931,41.48056],[-0.55524,41.47845],[-0.54166,41.48388],[-0.53886,41.48117],[-0.53764,41.48071],[-0.53722,41.47912],[-0.53915,41.47738],[-0.5401,41.47484],[-0.541,41.47436],[-0.53887,41.47144],[-0.53293,41.46964],[-0.52477,41.47117],[-0.52394,41.47175],[-0.52501,41.46339],[-0.53099,41.46251],[-0.5338,41.4601],[-0.53353,41.45776],[-0.53172,41.45655],[-0.52751,41.45602],[-0.52489,41.45648],[-0.52083,41.45852],[-0.51741,41.45933],[-0.50441,41.46356],[-0.49959,41.46008],[-0.495,41.45803],[-0.48992,41.45699],[-0.48605,41.45524],[-0.48547,41.45427],[-0.48539,41.45202],[-0.48922,41.45046],[-0.49252,41.44745],[-0.49905,41.44272],[-0.50216,41.43757],[-0.50202,41.43663],[-0.50026,41.43482],[-0.49483,41.43381],[-0.49225,41.43516],[-0.48604,41.4403],[-0.481,41.44381],[-0.47587,41.44466],[-0.4721,41.44385],[-0.47089,41.44292],[-0.46905,41.44329],[-0.46711,41.4456],[-0.45338,41.44614],[-0.44715,41.4466],[-0.43147,41.45028],[-0.42883,41.45064],[-0.42233,41.45054],[-0.416,41.45004],[-0.40996,41.45073],[-0.40254,41.45231],[-0.39708,41.45433],[-0.3943,41.45568],[-0.3897,41.45993],[-0.38724,41.46415],[-0.38439,41.46577],[-0.38213,41.46767],[-0.37282,41.47373],[-0.36664,41.47305],[-0.35962,41.46888],[-0.34817,41.464],[-0.34591,41.46222],[-0.33407,41.45547],[-0.33202,41.45372],[-0.32508,41.45059],[-0.32241,41.45022],[-0.31889,41.44862],[-0.31581,41.44791],[-0.30468,41.44315],[-0.302,41.44153],[-0.29747,41.44034],[-0.294,41.43858],[-0.29132,41.43656],[-0.28749,41.43504],[-0.2861,41.43363],[-0.28291,41.43171],[-0.28167,41.43124],[-0.26243,41.43043],[-0.26037,41.43063],[-0.22594,41.43845],[-0.21174,41.44661],[-0.20791,41.44726],[-0.20502,41.44686],[-0.2035,41.45395],[-0.19978,41.46354],[-0.19906,41.4663],[-0.19886,41.46851],[-0.19826,41.471],[-0.19945,41.47526],[-0.20079,41.47791],[-0.20431,41.48202],[-0.20738,41.48387],[-0.21758,41.48728],[-0.22202,41.4892],[-0.23013,41.49086],[-0.23628,41.49248],[-0.23698,41.493],[-0.23897,41.49299],[-0.24655,41.49436],[-0.25658,41.49548],[-0.27188,41.49606],[-0.28056,41.49758],[-0.282,41.4982],[-0.28462,41.49858],[-0.28744,41.49835],[-0.28805,41.49759],[-0.30159,41.49396],[-0.30512,41.4933],[-0.30912,41.49423],[-0.32536,41.49655],[-0.32963,41.49934],[-0.34935,41.51371],[-0.3507,41.51563],[-0.35215,41.51937],[-0.35487,41.52289],[-0.35558,41.52491],[-0.35423,41.52662],[-0.34996,41.53005],[-0.34771,41.53098],[-0.33152,41.5349],[-0.32249,41.53676],[-0.32038,41.53781],[-0.30989,41.54504],[-0.30998,41.54853],[-0.30629,41.55304],[-0.30402,41.55647],[-0.3028,41.56094],[-0.2994,41.56472],[-0.29249,41.57033],[-0.28963,41.57336],[-0.28686,41.57698],[-0.28574,41.57906],[-0.28294,41.58179],[-0.28142,41.58289],[-0.27763,41.58487],[-0.27629,41.58599],[-0.27592,41.58651],[-0.27608,41.58764],[-0.27454,41.58896],[-0.27394,41.59059],[-0.27479,41.59201],[-0.27761,41.5928],[-0.27816,41.59433],[-0.2792,41.59504],[-0.282,41.59541],[-0.28346,41.59536],[-0.28411,41.59577],[-0.28427,41.59675],[-0.2863,41.59839],[-0.28848,41.59819],[-0.28928,41.59938],[-0.2902,41.60019],[-0.2934,41.60258],[-0.29434,41.60291],[-0.29564,41.60423],[-0.29756,41.60467],[-0.29909,41.6063],[-0.30231,41.60792],[-0.30357,41.61032],[-0.3046,41.61132],[-0.30488,41.61235],[-0.30595,41.61373],[-0.30527,41.61625],[-0.30701,41.61751],[-0.30844,41.61972]]]}},{"type":"Feature","properties":{"COD_POSTAL":"50239"},"geometry":{"type":"MultiPolygon","coordinates":[[[[-1.92069,41.32361],[-1.91989,41.32552],[-1.91815,41.32743],[-1.92128,41.32868],[-1.92346,41.32554],[-1.934,41.30718],[-1.93534,41.30044],[-1.93555,41.29632],[-1.93679,41.29111],[-1.93922,41.27829],[-1.94042,41.26743],[-1.94069,41.26163],[-1.94106,41.25962],[-1.9408,41.25767],[-1.94103,41.25717],[-1.94191,41.25656],[-1.94199,41.25599],[-1.94247,41.25526],[-1.94242,41.25483],[-1.94201,41.25438],[-1.94184,41.25282],[-1.94362,41.25155],[-1.94409,41.25063],[-1.94397,41.25012],[-1.94339,41.24947],[-1.94126,41.24806],[-1.94018,41.24628],[-1.93941,41.24586],[-1.93819,41.24299],[-1.93675,41.24201],[-1.93658,41.24125],[-1.93453,41.24032],[-1.93186,41.23798],[-1.93173,41.23669],[-1.9304,41.23529],[-1.9288,41.23439],[-1.92868,41.23337],[-1.92725,41.23341],[-1.92748,41.23428],[-1.92699,41.23639],[-1.92733,41.23734],[-1.92652,41.23907],[-1.92771,41.24111],[-1.92682,41.24219],[-1.92687,41.24241],[-1.91942,41.2462],[-1.91814,41.24709],[-1.91755,41.24808],[-1.91302,41.25066],[-1.91576,41.25221],[-1.91578,41.25271],[-1.91623,41.25344],[-1.91895,41.25453],[-1.92348,41.26135],[-1.92246,41.26497],[-1.92489,41.26833],[-1.92601,41.26943],[-1.92572,41.27081],[-1.92621,41.27137],[-1.926,41.27258],[-1.92635,41.27454],[-1.92583,41.27842],[-1.92586,41.28066],[-1.92543,41.28348],[-1.9251,41.28879],[-1.92539,41.29115],[-1.9232,41.29314],[-1.91959,41.29556],[-1.91765,41.29546],[-1.91825,41.29433],[-1.91136,41.29597],[-1.90715,41.30769],[-1.91014,41.3112],[-1.91169,41.31237],[-1.91297,41.31374],[-1.91442,41.31609],[-1.91558,41.31746],[-1.92063,41.32175],[-1.92069,41.32361]]],[[[-1.90868,41.33024],[-1.90891,41.32912],[-1.90796,41.3237],[-1.90803,41.32194],[-1.89655,41.31989],[-1.89482,41.31905],[-1.89072,41.3163],[-1.88513,41.31133],[-1.87783,41.30533],[-1.87245,41.30621],[-1.86869,41.30111],[-1.86242,41.29365],[-1.86058,41.29191],[-1.8575,41.28975],[-1.85502,41.28713],[-1.85391,41.28644],[-1.85111,41.28668],[-1.84935,41.28608],[-1.84802,41.28648],[-1.84748,41.28687],[-1.84689,41.28778],[-1.84534,41.28838],[-1.84452,41.28975],[-1.84438,41.29101],[-1.84202,41.29395],[-1.84195,41.29477],[-1.84217,41.29516],[-1.84125,41.29642],[-1.84099,41.29753],[-1.83804,41.3004],[-1.83706,41.30097],[-1.83566,41.30336],[-1.83349,41.30511],[-1.83479,41.30766],[-1.8344,41.3097],[-1.83411,41.31442],[-1.83427,41.31564],[-1.83305,41.31643],[-1.83294,41.3169],[-1.83336,41.31838],[-1.8332,41.31855],[-1.83002,41.31859],[-1.83872,41.3241],[-1.84028,41.32575],[-1.84946,41.33377],[-1.85376,41.33795],[-1.85891,41.34158],[-1.86151,41.34166],[-1.87741,41.36073],[-1.88152,41.36077],[-1.89965,41.35023],[-1.89842,41.34807],[-1.89855,41.34646],[-1.90013,41.34489],[-1.90075,41.34338],[-1.90127,41.34279],[-1.90298,41.34154],[-1.90618,41.33995],[-1.9078,41.34235],[-1.90764,41.34424],[-1.9096,41.34574],[-1.9109,41.34755],[-1.91308,41.34965],[-1.91594,41.35135],[-1.91716,41.35171],[-1.91847,41.35269],[-1.9211,41.356],[-1.92381,41.35848],[-1.9247,41.35894],[-1.92726,41.35884],[-1.9322,41.36306],[-1.92622,41.35678],[-1.9266,41.35595],[-1.92567,41.35404],[-1.92311,41.35177],[-1.9121,41.33843],[-1.91157,41.33621],[-1.90952,41.33304],[-1.90936,41.33145],[-1.90868,41.33024]]],[[[-1.93688,41.39492],[-1.93709,41.3952],[-1.93656,41.39655],[-1.93753,41.39811],[-1.93569,41.39968],[-1.93775,41.39992],[-1.93804,41.40011],[-1.93827,41.40081],[-1.93825,41.4012],[-1.93766,41.40141],[-1.9377,41.40179],[-1.93898,41.40368],[-1.93803,41.40521],[-1.93871,41.40625],[-1.93866,41.40653],[-1.93788,41.40739],[-1.94543,41.40806],[-1.94982,41.40777],[-1.952,41.40846],[-1.95273,41.40753],[-1.95369,41.40863],[-1.95555,41.4079],[-1.95696,41.40674],[-1.95864,41.40656],[-1.95954,41.40522],[-1.96254,41.40344],[-1.9706,41.40099],[-1.98188,41.40232],[-1.98295,41.40025],[-1.98741,41.39591],[-1.99182,41.39555],[-1.99345,41.39714],[-1.99364,41.39544],[-1.9946,41.39537],[-1.99524,41.3948],[-1.99827,41.39524],[-2.00194,41.39377],[-2.00424,41.39034],[-2.00841,41.38744],[-2.00965,41.38584],[-2.01671,41.38498],[-2.01651,41.38355],[-2.01987,41.38365],[-2.02084,41.38323],[-2.02221,41.3836],[-2.02511,41.3838],[-2.0282,41.38149],[-2.01821,41.375],[-2.01537,41.37428],[-2.01476,41.37151],[-2.01314,41.37052],[-2.01398,41.36949],[-2.01461,41.36484],[-2.00952,41.36239],[-2.00776,41.36],[-1.99979,41.35452],[-1.99455,41.34854],[-1.99174,41.34392],[-1.98233,41.33848],[-1.97457,41.3398],[-1.97093,41.34005],[-1.96755,41.33934],[-1.96286,41.33981],[-1.95777,41.34193],[-1.9506,41.34582],[-1.9405,41.34991],[-1.9418,41.35124],[-1.94158,41.35331],[-1.94297,41.35527],[-1.94421,41.35906],[-1.94039,41.35891],[-1.93425,41.35621],[-1.93579,41.35813],[-1.9367,41.3605],[-1.9322,41.36306],[-1.93182,41.36499],[-1.9281,41.36723],[-1.92826,41.3681],[-1.92648,41.37133],[-1.92562,41.37424],[-1.92558,41.37531],[-1.92141,41.37883],[-1.91954,41.37969],[-1.91997,41.38024],[-1.92249,41.38051],[-1.92326,41.38083],[-1.92448,41.38312],[-1.92489,41.38325],[-1.9274,41.38228],[-1.92819,41.38327],[-1.92998,41.38324],[-1.93005,41.38362],[-1.92884,41.38622],[-1.92882,41.38685],[-1.93543,41.39114],[-1.93571,41.39204],[-1.93558,41.39268],[-1.93486,41.39388],[-1.93535,41.39447],[-1.93688,41.39492]]]]}},{"type":"Feature","properties":{"COD_POSTAL":"50682"},"geometry":{"type":"Polygon","coordinates":[[[-0.96927,42.64435],[-0.97254,42.64143],[-0.97302,42.64022],[-0.97378,42.63992],[-0.97425,42.63927],[-0.97448,42.6393],[-0.97463,42.63972],[-0.97661,42.64005],[-0.97959,42.64143],[-0.98088,42.6413],[-0.98337,42.64164],[-0.984,42.64207],[-0.98461,42.64173],[-0.99092,42.64514],[-0.99132,42.64562],[-0.99149,42.64639],[-0.99309,42.64694],[-0.99805,42.648],[-1.00523,42.64765],[-1.00683,42.64836],[-1.02308,42.65083],[-1.02697,42.6505],[-1.02915,42.65142],[-1.03169,42.65095],[-1.03453,42.65237],[-1.03608,42.65206],[-1.0358,42.65158],[-1.03677,42.6486],[-1.04356,42.64612],[-1.04526,42.64582],[-1.04655,42.64454],[-1.05168,42.64119],[-1.05484,42.64141],[-1.05579,42.64092],[-1.05658,42.6412],[-1.05842,42.64127],[-1.05924,42.6416],[-1.06151,42.64144],[-1.06378,42.64195],[-1.06615,42.64134],[-1.06949,42.64157],[-1.07079,42.64067],[-1.07322,42.64162],[-1.07726,42.64264],[-1.0784,42.64334],[-1.07925,42.64345],[-1.08273,42.64489],[-1.08417,42.64577],[-1.08533,42.646],[-1.08867,42.64594],[-1.09313,42.64548],[-1.0992,42.64571],[-1.10016,42.64624],[-1.10714,42.64553],[-1.10796,42.6452],[-1.11233,42.64533],[-1.11344,42.64496],[-1.12032,42.64493],[-1.12419,42.64595],[-1.12867,42.64593],[-1.13054,42.64614],[-1.13147,42.64678],[-1.13389,42.64708],[-1.14137,42.64733],[-1.14311,42.6476],[-1.14386,42.64733],[-1.14732,42.6481],[-1.15233,42.6476],[-1.15277,42.64712],[-1.15503,42.64708],[-1.15457,42.64484],[-1.15525,42.64408],[-1.15467,42.64192],[-1.15512,42.6399],[-1.15519,42.63627],[-1.15419,42.63552],[-1.1546,42.63196],[-1.1556,42.63016],[-1.15712,42.62306],[-1.15722,42.61896],[-1.15702,42.61727],[-1.15672,42.61668],[-1.15667,42.61091],[-1.15704,42.6107],[-1.15752,42.61078],[-1.15859,42.61188],[-1.15984,42.61259],[-1.15765,42.61047],[-1.15546,42.60905],[-1.14706,42.60696],[-1.14623,42.60639],[-1.14575,42.60312],[-1.14434,42.60087],[-1.14378,42.60023],[-1.14091,42.59873],[-1.13905,42.5986],[-1.13133,42.60087],[-1.12553,42.60722],[-1.12421,42.61025],[-1.12268,42.6111],[-1.12034,42.61133],[-1.11788,42.61193],[-1.11511,42.61216],[-1.10824,42.61112],[-1.10709,42.61065],[-1.10383,42.60826],[-1.10142,42.60536],[-1.09999,42.60427],[-1.09902,42.60305],[-1.0973,42.59988],[-1.09659,42.59915],[-1.09575,42.59863],[-1.09395,42.59838],[-1.09292,42.59848],[-1.09126,42.59926],[-1.08718,42.60274],[-1.08436,42.60434],[-1.08304,42.60487],[-1.07765,42.60571],[-1.07677,42.60632],[-1.07569,42.60756],[-1.07476,42.6106],[-1.07354,42.61215],[-1.07114,42.61314],[-1.06848,42.6132],[-1.06722,42.61233],[-1.06549,42.60915],[-1.06355,42.60696],[-1.05716,42.60231],[-1.05393,42.60048],[-1.0506,42.60002],[-1.04739,42.60017],[-1.0446,42.59987],[-1.04037,42.60003],[-1.03697,42.5995],[-1.03393,42.59844],[-1.03453,42.59749],[-1.03443,42.59349],[-1.03413,42.59071],[-1.03324,42.58914],[-1.03557,42.58312],[-1.03503,42.58168],[-1.03473,42.57804],[-1.03347,42.57246],[-1.02408,42.57256],[-1.02025,42.57329],[-1.01231,42.57422],[-1.01405,42.58018],[-1.01524,42.58122],[-1.01729,42.58725],[-1.01642,42.59143],[-1.01746,42.59441],[-1.01778,42.59621],[-1.01868,42.59734],[-1.01869,42.59923],[-1.01581,42.59894],[-1.01491,42.59917],[-1.00984,42.60216],[-1.00797,42.60374],[-1.00769,42.60447],[-1.00818,42.60706],[-1.00802,42.60855],[-1.00692,42.60997],[-1.00605,42.61062],[-1.0055,42.61073],[-0.99936,42.60977],[-0.99434,42.60872],[-0.98015,42.60178],[-0.97763,42.60088],[-0.9759,42.60054],[-0.97139,42.60071],[-0.96329,42.65071],[-0.96927,42.64435]]]}},{"type":"Feature","properties":{"COD_POSTAL":"50322"},"geometry":{"type":"Polygon","coordinates":[[[-1.50734,41.39438],[-1.50761,41.3984],[-1.52276,41.41294],[-1.52684,41.41495],[-1.52695,41.4138],[-1.5275,41.41332],[-1.53176,41.41171],[-1.53588,41.40838],[-1.5396,41.40582],[-1.54215,41.40346],[-1.54407,41.40254],[-1.54499,41.40158],[-1.5465,41.40054],[-1.54813,41.39857],[-1.54855,41.39699],[-1.54854,41.39562],[-1.54697,41.39418],[-1.5448,41.39364],[-1.54299,41.39148],[-1.53898,41.39099],[-1.5363,41.39179],[-1.53229,41.39173],[-1.53108,41.39129],[-1.52714,41.38787],[-1.52596,41.38775],[-1.52137,41.38864],[-1.51271,41.38719],[-1.51015,41.38655],[-1.50734,41.39438]]]}},{"type":"Feature","properties":{"COD_POSTAL":"50151"},"geometry":{"type":"Polygon","coordinates":[[[-1.18001,41.17278],[-1.1799,41.17189],[-1.17852,41.17021],[-1.17716,41.16727],[-1.17636,41.16675],[-1.1758,41.16594],[-1.17495,41.16308],[-1.17346,41.1603],[-1.1576,41.14115],[-1.15633,41.12903],[-1.1216,41.13493],[-1.12126,41.13886],[-1.11312,41.14276],[-1.11765,41.15085],[-1.11706,41.15548],[-1.10863,41.16468],[-1.11221,41.16632],[-1.11602,41.17042],[-1.11777,41.17282],[-1.11907,41.17599],[-1.1199,41.17685],[-1.12743,41.19],[-1.13705,41.19855],[-1.13943,41.20039],[-1.1416,41.20024],[-1.14498,41.1951],[-1.14688,41.19379],[-1.14717,41.19244],[-1.14799,41.19176],[-1.14891,41.19052],[-1.1511,41.19012],[-1.15237,41.18914],[-1.1539,41.18861],[-1.15534,41.18872],[-1.1569,41.18939],[-1.16233,41.19102],[-1.16359,41.19187],[-1.16493,41.1919],[-1.1674,41.19125],[-1.1723,41.18712],[-1.17478,41.18543],[-1.17607,41.18535],[-1.17706,41.18243],[-1.18052,41.17908],[-1.18055,41.1745],[-1.18001,41.17278]]]}},{"type":"Feature","properties":{"COD_POSTAL":"50685"},"geometry":{"type":"Polygon","coordinates":[[[-1.14697,42.52321],[-1.15074,42.52345],[-1.15811,42.52473],[-1.16221,42.52628],[-1.16301,42.52474],[-1.1693,42.5194],[-1.17112,42.51983],[-1.17189,42.52164],[-1.17277,42.5223],[-1.17311,42.52326],[-1.17382,42.52409],[-1.17466,42.52391],[-1.1755,42.52317],[-1.1762,42.52211],[-1.17858,42.52225],[-1.18066,42.52121],[-1.18159,42.52128],[-1.18409,42.52258],[-1.18697,42.52302],[-1.18726,42.52273],[-1.18644,42.52167],[-1.1862,42.52098],[-1.18632,42.52022],[-1.18954,42.50809],[-1.18442,42.50607],[-1.18352,42.50532],[-1.18337,42.50418],[-1.18394,42.50107],[-1.15761,42.49281],[-1.15646,42.49165],[-1.1545,42.49037],[-1.15122,42.48938],[-1.14971,42.48787],[-1.1474,42.48686],[-1.14576,42.48686],[-1.14207,42.48635],[-1.14128,42.48669],[-1.1382,42.48672],[-1.13667,42.49256],[-1.1364,42.49493],[-1.13678,42.49753],[-1.13752,42.50012],[-1.13781,42.50492],[-1.13943,42.50559],[-1.14391,42.50878],[-1.14568,42.50955],[-1.14734,42.50872],[-1.14929,42.50908],[-1.15129,42.50813],[-1.15165,42.5089],[-1.15371,42.50943],[-1.15448,42.51215],[-1.15177,42.51699],[-1.14633,42.51799],[-1.14244,42.51971],[-1.14045,42.51827],[-1.13757,42.51551],[-1.13706,42.51311],[-1.1377,42.51129],[-1.13772,42.5101],[-1.13651,42.50953],[-1.13404,42.50749],[-1.13349,42.50793],[-1.13347,42.50913],[-1.13255,42.50956],[-1.13203,42.5094],[-1.13168,42.50905],[-1.13178,42.507],[-1.13137,42.50611],[-1.1309,42.50597],[-1.12883,42.50672],[-1.12646,42.50694],[-1.1264,42.50731],[-1.12713,42.50768],[-1.12662,42.50809],[-1.12588,42.50803],[-1.12377,42.50709],[-1.12243,42.5074],[-1.12189,42.50723],[-1.12111,42.50628],[-1.11845,42.50649],[-1.1156,42.50554],[-1.11396,42.50546],[-1.11107,42.50619],[-1.10879,42.50782],[-1.10474,42.5087],[-1.10416,42.50838],[-1.10324,42.5073],[-1.10265,42.50588],[-1.10053,42.50539],[-1.09961,42.50493],[-1.09918,42.50416],[-1.09946,42.5032],[-1.09922,42.50287],[-1.09806,42.5027],[-1.09708,42.50298],[-1.09727,42.5044],[-1.09607,42.50445],[-1.09526,42.50384],[-1.09464,42.50418],[-1.09402,42.50674],[-1.09276,42.50994],[-1.09314,42.51427],[-1.09082,42.5167],[-1.08584,42.52499],[-1.08408,42.52367],[-1.07706,42.52048],[-1.07218,42.51728],[-1.07075,42.51681],[-1.06856,42.5153],[-1.06578,42.5143],[-1.05902,42.51055],[-1.05442,42.50882],[-1.03767,42.50696],[-1.03314,42.50621],[-1.02878,42.50653],[-1.02815,42.50605],[-1.02486,42.50649],[-1.0169,42.50618],[-1.01237,42.50684],[-1.01049,42.50549],[-1.00555,42.50559],[-1.00077,42.50526],[-0.99839,42.50606],[-0.99778,42.50566],[-0.99409,42.50567],[-0.99304,42.50472],[-0.9895,42.50467],[-0.98828,42.5057],[-0.98493,42.50707],[-0.98426,42.5063],[-0.97961,42.50644],[-0.97613,42.50622],[-0.97448,42.50763],[-0.97283,42.50803],[-0.97145,42.50904],[-0.96979,42.50965],[-0.96788,42.51091],[-0.96472,42.51147],[-0.95879,42.50957],[-0.95972,42.50769],[-0.95811,42.50781],[-0.95713,42.50753],[-0.95625,42.5072],[-0.95508,42.50623],[-0.95419,42.50614],[-0.95277,42.50525],[-0.9494,42.50581],[-0.94668,42.50673],[-0.93935,42.50582],[-0.93499,42.50609],[-0.93342,42.50588],[-0.93348,42.50927],[-0.93322,42.51028],[-0.93193,42.51158],[-0.93027,42.51249],[-0.92926,42.51376],[-0.9282,42.5185],[-0.92816,42.51967],[-0.92869,42.52061],[-0.92848,42.52131],[-0.9278,42.52275],[-0.92334,42.52934],[-0.91645,42.53732],[-0.91415,42.53805],[-0.90978,42.53895],[-0.90498,42.53839],[-0.90265,42.53895],[-0.89826,42.53896],[-0.8966,42.53994],[-0.89659,42.54064],[-0.89571,42.54237],[-0.89505,42.54906],[-0.89515,42.55085],[-0.8975,42.55698],[-0.89935,42.55998],[-0.90164,42.55996],[-0.90603,42.5591],[-0.90826,42.55923],[-0.91368,42.55654],[-0.9186,42.55528],[-0.91952,42.55837],[-0.91923,42.56109],[-0.9194,42.56248],[-0.91974,42.56317],[-0.92012,42.56346],[-0.92324,42.56407],[-0.92342,42.56653],[-0.92174,42.56853],[-0.92153,42.56949],[-0.9216,42.57124],[-0.92258,42.57151],[-0.92653,42.57138],[-0.92791,42.57164],[-0.93037,42.5702],[-0.93294,42.57122],[-0.93365,42.57128],[-0.93842,42.57117],[-0.9413,42.57067],[-0.94393,42.56993],[-0.94468,42.56948],[-0.94683,42.56698],[-0.9513,42.56826],[-0.95917,42.56877],[-0.96139,42.56879],[-0.96186,42.56834],[-0.96184,42.57079],[-0.96274,42.5734],[-0.96377,42.5753],[-0.967,42.57462],[-0.97207,42.57459],[-0.97342,42.57404],[-0.97601,42.57453],[-0.98223,42.57424],[-0.98235,42.5739],[-0.98362,42.57409],[-0.98844,42.57372],[-0.98882,42.57392],[-0.9915,42.57401],[-0.99499,42.57379],[-1.00494,42.57467],[-1.00724,42.57465],[-1.02025,42.57329],[-1.02408,42.57256],[-1.03347,42.57246],[-1.03473,42.57804],[-1.03503,42.58168],[-1.03557,42.58312],[-1.03324,42.58914],[-1.03413,42.59071],[-1.03443,42.59349],[-1.03453,42.59749],[-1.03393,42.59844],[-1.03697,42.5995],[-1.04037,42.60003],[-1.0446,42.59987],[-1.04739,42.60017],[-1.0506,42.60002],[-1.05393,42.60048],[-1.05716,42.60231],[-1.06355,42.60696],[-1.06549,42.60915],[-1.06665,42.61156],[-1.0678,42.6129],[-1.06945,42.61328],[-1.07114,42.61314],[-1.07354,42.61215],[-1.07476,42.6106],[-1.07569,42.60756],[-1.07677,42.60632],[-1.07765,42.60571],[-1.08304,42.60487],[-1.08436,42.60434],[-1.08718,42.60274],[-1.09126,42.59926],[-1.09292,42.59848],[-1.09489,42.59842],[-1.09659,42.59915],[-1.0973,42.59988],[-1.09902,42.60305],[-1.09999,42.60427],[-1.10162,42.60351],[-1.1021,42.59985],[-1.10317,42.59608],[-1.10292,42.59441],[-1.1035,42.59239],[-1.10408,42.58839],[-1.10588,42.58087],[-1.10724,42.57802],[-1.11084,42.57738],[-1.11655,42.57682],[-1.11925,42.57722],[-1.11957,42.57681],[-1.12013,42.57542],[-1.12004,42.57309],[-1.11885,42.5704],[-1.12057,42.56733],[-1.12276,42.56421],[-1.12326,42.56178],[-1.1245,42.55916],[-1.12523,42.55676],[-1.12676,42.55393],[-1.12774,42.5503],[-1.12934,42.54663],[-1.13429,42.54743],[-1.13656,42.54632],[-1.13754,42.54357],[-1.14173,42.53541],[-1.1458,42.52983],[-1.14679,42.52806],[-1.14706,42.52741],[-1.14699,42.52553],[-1.14623,42.52354],[-1.14697,42.52321]]]}},{"type":"Feature","properties":{"COD_POSTAL":"50269"},"geometry":{"type":"MultiPolygon","coordinates":[[[[-1.50415,41.48192],[-1.5041,41.48351],[-1.50569,41.48417],[-1.50575,41.48446],[-1.50537,41.48529],[-1.50348,41.48633],[-1.50238,41.48648],[-1.50223,41.48559],[-1.50101,41.48549],[-1.49919,41.48445],[-1.49807,41.48556],[-1.49607,41.48581],[-1.49774,41.4867],[-1.5012,41.48918],[-1.50346,41.48973],[-1.50448,41.4895],[-1.50529,41.4884],[-1.5063,41.49087],[-1.51237,41.49227],[-1.51354,41.49215],[-1.51438,41.49171],[-1.51611,41.49152],[-1.52084,41.492],[-1.5294,41.4921],[-1.53196,41.49077],[-1.52956,41.48703],[-1.52912,41.48577],[-1.52826,41.4844],[-1.52723,41.4834],[-1.52706,41.48254],[-1.52709,41.48196],[-1.52789,41.48028],[-1.52777,41.47911],[-1.52656,41.47582],[-1.52643,41.47314],[-1.52735,41.4712],[-1.53099,41.46529],[-1.53061,41.46358],[-1.53082,41.46267],[-1.53032,41.46185],[-1.52927,41.46111],[-1.52879,41.45959],[-1.52737,41.45875],[-1.52506,41.45818],[-1.52219,41.45853],[-1.51933,41.45838],[-1.51712,41.45916],[-1.51413,41.45924],[-1.51386,41.46573],[-1.51476,41.46724],[-1.51432,41.46909],[-1.51272,41.47036],[-1.51211,41.4722],[-1.51093,41.47358],[-1.50739,41.47464],[-1.50678,41.47522],[-1.50636,41.47713],[-1.5052,41.47993],[-1.50429,41.4815],[-1.50415,41.48192]]],[[[-1.64876,41.59485],[-1.64882,41.59368],[-1.64808,41.58895],[-1.64677,41.58929],[-1.64459,41.58687],[-1.64097,41.58641],[-1.63863,41.58644],[-1.63834,41.58609],[-1.63713,41.58198],[-1.63465,41.58079],[-1.63431,41.58019],[-1.63112,41.57906],[-1.63009,41.57675],[-1.63266,41.57364],[-1.63004,41.57119],[-1.62737,41.56749],[-1.62437,41.56707],[-1.62135,41.56706],[-1.6088,41.57295],[-1.60062,41.57158],[-1.59586,41.56812],[-1.59438,41.56731],[-1.5937,41.5672],[-1.59313,41.56797],[-1.58784,41.57139],[-1.58587,41.57389],[-1.58503,41.57558],[-1.58451,41.57567],[-1.57931,41.58013],[-1.57745,41.5825],[-1.57308,41.58699],[-1.56897,41.59236],[-1.56755,41.59456],[-1.56672,41.59538],[-1.56364,41.59731],[-1.56003,41.59878],[-1.55523,41.60028],[-1.54074,41.60399],[-1.5407,41.60472],[-1.53716,41.60603],[-1.53481,41.60831],[-1.5309,41.61062],[-1.52913,41.61095],[-1.52661,41.61261],[-1.52582,41.61287],[-1.52352,41.61584],[-1.52146,41.61927],[-1.52085,41.62127],[-1.52044,41.6214],[-1.52023,41.62177],[-1.52056,41.62364],[-1.51858,41.62409],[-1.51566,41.62594],[-1.51547,41.62877],[-1.51385,41.63318],[-1.514,41.63524],[-1.51333,41.63799],[-1.52085,41.64452],[-1.5261,41.64443],[-1.52809,41.64778],[-1.53103,41.64883],[-1.53527,41.65427],[-1.53982,41.65778],[-1.54236,41.65907],[-1.54571,41.66258],[-1.54754,41.66314],[-1.56439,41.65042],[-1.57122,41.64321],[-1.57222,41.63726],[-1.58682,41.63684],[-1.59731,41.63432],[-1.62233,41.62394],[-1.62298,41.62269],[-1.63079,41.62131],[-1.63587,41.61958],[-1.64665,41.61651],[-1.65157,41.61906],[-1.66901,41.61573],[-1.67555,41.61351],[-1.67901,41.61098],[-1.68028,41.60792],[-1.67805,41.60716],[-1.67622,41.60765],[-1.66966,41.60512],[-1.66799,41.60487],[-1.66664,41.60408],[-1.66432,41.60188],[-1.65349,41.59711],[-1.64876,41.59485]]],[[[-1.56672,41.52093],[-1.56556,41.52065],[-1.56414,41.5212],[-1.56308,41.52323],[-1.56072,41.52362],[-1.55931,41.52517],[-1.5579,41.5259],[-1.55442,41.52573],[-1.55206,41.52635],[-1.5487,41.52618],[-1.54775,41.52583],[-1.54507,41.52645],[-1.54176,41.52612],[-1.53899,41.52552],[-1.53828,41.52507],[-1.53804,41.5239],[-1.53662,41.52341],[-1.53604,41.52294],[-1.52675,41.52314],[-1.52498,41.5225],[-1.51454,41.52441],[-1.51361,41.52539],[-1.51127,41.52699],[-1.5102,41.52719],[-1.50932,41.52963],[-1.50769,41.53118],[-1.50726,41.533],[-1.50505,41.5354],[-1.50411,41.53611],[-1.50303,41.53971],[-1.50179,41.54045],[-1.50003,41.54335],[-1.49188,41.54974],[-1.4894,41.55123],[-1.48093,41.55465],[-1.48188,41.55786],[-1.48181,41.56006],[-1.48252,41.56095],[-1.45727,41.57705],[-1.45712,41.57746],[-1.45508,41.57883],[-1.45493,41.58009],[-1.45324,41.58107],[-1.45265,41.58451],[-1.45091,41.58613],[-1.45467,41.58829],[-1.45535,41.5888],[-1.45577,41.58962],[-1.45659,41.58989],[-1.462,41.58894],[-1.46438,41.59081],[-1.47083,41.59424],[-1.47372,41.59833],[-1.4747,41.59858],[-1.48099,41.59581],[-1.48049,41.59498],[-1.48754,41.59312],[-1.49166,41.59045],[-1.4949,41.5888],[-1.49863,41.58837],[-1.50227,41.58609],[-1.50894,41.58092],[-1.51211,41.57984],[-1.51645,41.57703],[-1.51651,41.57408],[-1.51703,41.57083],[-1.52029,41.56666],[-1.52085,41.56638],[-1.52559,41.56087],[-1.52487,41.5582],[-1.52318,41.55468],[-1.52451,41.55094],[-1.52341,41.54669],[-1.5245,41.54609],[-1.53202,41.54377],[-1.53433,41.54231],[-1.53759,41.54368],[-1.54368,41.54144],[-1.54644,41.54082],[-1.54847,41.54095],[-1.54915,41.54021],[-1.55337,41.54032],[-1.55432,41.54016],[-1.55505,41.54063],[-1.55667,41.54081],[-1.55875,41.54163],[-1.56358,41.5399],[-1.56487,41.53618],[-1.5649,41.53477],[-1.56578,41.53044],[-1.56629,41.5295],[-1.56434,41.52674],[-1.56665,41.5236],[-1.56672,41.52093]]],[[[-1.44817,41.50202],[-1.44794,41.50244],[-1.44818,41.50335],[-1.44786,41.50502],[-1.44684,41.50639],[-1.44506,41.50803],[-1.44727,41.50799],[-1.45015,41.50539],[-1.45119,41.5032],[-1.45144,41.4998],[-1.4522,41.4994],[-1.45746,41.49933],[-1.4602,41.49823],[-1.46217,41.49841],[-1.46298,41.49807],[-1.46529,41.49837],[-1.46588,41.49905],[-1.46912,41.49892],[-1.46997,41.49951],[-1.471,41.49961],[-1.47151,41.50015],[-1.47297,41.50064],[-1.47412,41.50031],[-1.47562,41.50051],[-1.47598,41.50014],[-1.4759,41.49939],[-1.4761,41.49927],[-1.47634,41.49924],[-1.47691,41.4998],[-1.4777,41.49979],[-1.47824,41.49896],[-1.4788,41.49873],[-1.47873,41.49771],[-1.47969,41.49651],[-1.48091,41.49646],[-1.48163,41.49614],[-1.48138,41.49549],[-1.48191,41.4951],[-1.48242,41.49484],[-1.48359,41.49475],[-1.48523,41.49509],[-1.48599,41.49459],[-1.48648,41.49308],[-1.48584,41.49235],[-1.48583,41.49183],[-1.48652,41.48982],[-1.48824,41.48692],[-1.49267,41.48156],[-1.48925,41.48168],[-1.48833,41.48146],[-1.48767,41.48061],[-1.4869,41.48033],[-1.48301,41.48072],[-1.48104,41.48055],[-1.47925,41.48107],[-1.47658,41.47997],[-1.47422,41.47863],[-1.46977,41.47783],[-1.46934,41.47904],[-1.46969,41.48011],[-1.46921,41.48183],[-1.46873,41.48258],[-1.46769,41.48296],[-1.46539,41.48315],[-1.46364,41.48407],[-1.46302,41.48413],[-1.45984,41.48239],[-1.45648,41.48143],[-1.45422,41.48213],[-1.45252,41.48307],[-1.45111,41.48179],[-1.45144,41.48106],[-1.44997,41.47887],[-1.44883,41.47649],[-1.44715,41.47427],[-1.44549,41.47314],[-1.44251,41.46925],[-1.4377,41.46563],[-1.43654,41.46629],[-1.43419,41.46616],[-1.43155,41.46862],[-1.42978,41.46953],[-1.42829,41.47083],[-1.42511,41.47204],[-1.42618,41.47364],[-1.42713,41.47398],[-1.42888,41.47852],[-1.43365,41.48275],[-1.43485,41.48311],[-1.436,41.48409],[-1.43842,41.48499],[-1.44101,41.4864],[-1.44203,41.48716],[-1.44233,41.48813],[-1.44434,41.48836],[-1.44507,41.48873],[-1.44526,41.49082],[-1.4463,41.49128],[-1.44658,41.49222],[-1.4469,41.49406],[-1.44643,41.4948],[-1.44751,41.49631],[-1.44765,41.49703],[-1.44876,41.49801],[-1.44866,41.49925],[-1.44917,41.50077],[-1.44897,41.50135],[-1.44817,41.50202]]]]}},{"type":"Feature","properties":{"COD_POSTAL":"50012"},"geometry":{"type":"Polygon","coordinates":[[[-0.91656,41.64511],[-0.91826,41.64907],[-0.91803,41.64996],[-0.9182,41.65025],[-0.91903,41.64944],[-0.92187,41.64786],[-0.9245,41.64558],[-0.92605,41.64492],[-0.92659,41.64486],[-0.927,41.64537],[-0.92863,41.64514],[-0.93261,41.64517],[-0.93502,41.64485],[-0.94455,41.6416],[-0.95475,41.64041],[-0.95268,41.63852],[-0.95262,41.63714],[-0.95215,41.63679],[-0.95244,41.63667],[-0.9513,41.63626],[-0.94992,41.63457],[-0.95005,41.63294],[-0.94955,41.63132],[-0.94961,41.6295],[-0.94836,41.62787],[-0.94589,41.6262],[-0.94433,41.62624],[-0.94093,41.62573],[-0.9398,41.62577],[-0.93675,41.62774],[-0.92365,41.62466],[-0.92223,41.62716],[-0.92138,41.62737],[-0.91315,41.6229],[-0.91286,41.62241],[-0.91224,41.62249],[-0.9096,41.62108],[-0.90992,41.62035],[-0.9117,41.61909],[-0.91167,41.61838],[-0.9109,41.61769],[-0.91022,41.61756],[-0.90927,41.6194],[-0.90766,41.62018],[-0.90605,41.62025],[-0.90567,41.61764],[-0.90826,41.6158],[-0.90884,41.61507],[-0.91301,41.61169],[-0.91674,41.6091],[-0.92527,41.61164],[-0.92797,41.60948],[-0.92695,41.60734],[-0.92731,41.6065],[-0.92641,41.60603],[-0.92608,41.60519],[-0.92661,41.60404],[-0.92633,41.60341],[-0.92708,41.60373],[-0.92761,41.60345],[-0.92713,41.60254],[-0.9244,41.6009],[-0.92298,41.60206],[-0.92277,41.60261],[-0.92204,41.60331],[-0.9212,41.60333],[-0.92091,41.60279],[-0.9209,41.60202],[-0.92168,41.59962],[-0.92133,41.59794],[-0.92034,41.5969],[-0.91831,41.59608],[-0.91745,41.59494],[-0.91578,41.59326],[-0.91386,41.59178],[-0.91328,41.59096],[-0.91268,41.59086],[-0.91163,41.58989],[-0.90732,41.58732],[-0.90639,41.58632],[-0.90633,41.58562],[-0.90691,41.58465],[-0.90628,41.58222],[-0.90684,41.58128],[-0.90799,41.5801],[-0.91094,41.57821],[-0.91159,41.57689],[-0.91123,41.57464],[-0.91202,41.57338],[-0.91234,41.57299],[-0.91509,41.57188],[-0.91663,41.56892],[-0.92056,41.56908],[-0.92602,41.57178],[-0.92735,41.57278],[-0.92757,41.5735],[-0.92807,41.57366],[-0.9282,41.57405],[-0.928,41.57565],[-0.92847,41.57631],[-0.92941,41.57677],[-0.93028,41.57676],[-0.93104,41.57746],[-0.93107,41.57821],[-0.93662,41.58066],[-0.93929,41.578],[-0.93964,41.57713],[-0.94162,41.57469],[-0.94222,41.57305],[-0.94473,41.56973],[-0.94599,41.56902],[-0.94844,41.56684],[-0.94716,41.5665],[-0.94564,41.56543],[-0.94551,41.565],[-0.94736,41.56361],[-0.94747,41.56305],[-0.9472,41.56264],[-0.94761,41.56224],[-0.94738,41.56179],[-0.94669,41.56167],[-0.94586,41.56003],[-0.94727,41.55965],[-0.94804,41.55917],[-0.94768,41.55809],[-0.94781,41.55643],[-0.94592,41.55563],[-0.94583,41.55527],[-0.94708,41.55266],[-0.94691,41.55216],[-0.94589,41.55088],[-0.94406,41.54973],[-0.94388,41.54884],[-0.94124,41.54681],[-0.94019,41.545],[-0.93905,41.54432],[-0.93878,41.54377],[-0.93726,41.54334],[-0.93755,41.54033],[-0.934,41.53695],[-0.93386,41.53653],[-0.93819,41.53675],[-0.9387,41.53498],[-0.94426,41.53129],[-0.94366,41.52859],[-0.94394,41.52655],[-0.94232,41.52247],[-0.94526,41.51722],[-0.94172,41.51439],[-0.93358,41.50861],[-0.92829,41.50428],[-0.91917,41.49892],[-0.91673,41.49841],[-0.91655,41.49725],[-0.89998,41.5119],[-0.87467,41.55273],[-0.87759,41.57111],[-0.88006,41.6029],[-0.89037,41.60329],[-0.89615,41.60372],[-0.89644,41.6039],[-0.89734,41.60628],[-0.89715,41.6079],[-0.89441,41.61403],[-0.90079,41.61513],[-0.90492,41.62066],[-0.90362,41.6219],[-0.90587,41.62449],[-0.90642,41.62579],[-0.90585,41.627],[-0.9066,41.62866],[-0.91083,41.6303],[-0.9132,41.63313],[-0.91016,41.63457],[-0.91165,41.63535],[-0.91279,41.63652],[-0.91654,41.64506],[-0.91656,41.64511]]]}},{"type":"Feature","properties":{"COD_POSTAL":"50694"},"geometry":{"type":"Polygon","coordinates":[[[-1.17712,42.1764],[-1.18109,42.18275],[-1.17893,42.18964],[-1.17711,42.18725],[-1.17051,42.19225],[-1.16693,42.19864],[-1.16687,42.2061],[-1.16926,42.2113],[-1.16821,42.22052],[-1.17087,42.22085],[-1.17387,42.22203],[-1.18062,42.22233],[-1.19187,42.22058],[-1.19772,42.21799],[-1.21653,42.20566],[-1.23171,42.20357],[-1.23426,42.20643],[-1.24361,42.2143],[-1.25464,42.21722],[-1.27321,42.2199],[-1.27758,42.22138],[-1.28494,42.22251],[-1.30165,42.22734],[-1.30961,42.22702],[-1.31945,42.22611],[-1.33232,42.2262],[-1.34672,42.22295],[-1.36924,42.21633],[-1.38819,42.21219],[-1.40564,42.20505],[-1.41332,42.20224],[-1.41288,42.2018],[-1.40769,42.19963],[-1.40705,42.1989],[-1.40696,42.19809],[-1.40623,42.19717],[-1.40213,42.19525],[-1.39562,42.19065],[-1.3944,42.18813],[-1.39321,42.18639],[-1.39259,42.18295],[-1.39178,42.18069],[-1.39174,42.17908],[-1.39239,42.17677],[-1.39407,42.17364],[-1.39419,42.17206],[-1.39377,42.16674],[-1.39485,42.1648],[-1.39598,42.16354],[-1.39703,42.16077],[-1.39332,42.15756],[-1.37893,42.15608],[-1.36296,42.15162],[-1.33519,42.16716],[-1.29994,42.1735],[-1.28108,42.16971],[-1.2835,42.17876],[-1.28773,42.18903],[-1.29343,42.19737],[-1.28829,42.19642],[-1.28266,42.18984],[-1.27793,42.19077],[-1.27334,42.18803],[-1.26722,42.18629],[-1.26143,42.18053],[-1.26009,42.17844],[-1.26034,42.17449],[-1.2638,42.17185],[-1.26365,42.16997],[-1.25536,42.15984],[-1.2566,42.15518],[-1.20465,42.15514],[-1.2014,42.16321],[-1.18566,42.16487],[-1.17135,42.15949],[-1.17712,42.1764]]]}},{"type":"Feature","properties":{"COD_POSTAL":"50513"},"geometry":{"type":"Polygon","coordinates":[[[-1.74118,41.8792],[-1.74338,41.88003],[-1.74265,41.88227],[-1.74444,41.8831],[-1.74491,41.88361],[-1.7455,41.88501],[-1.74478,41.88629],[-1.74566,41.88635],[-1.74592,41.88692],[-1.7472,41.88674],[-1.74816,41.88767],[-1.74713,41.8888],[-1.74733,41.88945],[-1.7531,41.89012],[-1.75517,41.89202],[-1.7554,41.89266],[-1.75681,41.8921],[-1.75732,41.89222],[-1.75737,41.89365],[-1.75633,41.89551],[-1.75927,41.89385],[-1.76058,41.8935],[-1.76106,41.89192],[-1.76177,41.89093],[-1.76483,41.8885],[-1.76527,41.88705],[-1.7647,41.88662],[-1.76692,41.88496],[-1.77171,41.88467],[-1.77325,41.88518],[-1.77402,41.88573],[-1.77536,41.88705],[-1.77346,41.88813],[-1.77336,41.88842],[-1.77374,41.88961],[-1.77246,41.89075],[-1.77341,41.89073],[-1.77578,41.89153],[-1.77578,41.88985],[-1.7774,41.88949],[-1.77725,41.8889],[-1.77853,41.88723],[-1.77903,41.88757],[-1.7814,41.88248],[-1.7862,41.88053],[-1.78495,41.87967],[-1.78595,41.87755],[-1.78959,41.87716],[-1.79396,41.87806],[-1.80656,41.88147],[-1.81184,41.88256],[-1.81681,41.88118],[-1.81971,41.88094],[-1.8225,41.88179],[-1.82578,41.88106],[-1.82701,41.87943],[-1.82911,41.87877],[-1.83531,41.87775],[-1.83835,41.87789],[-1.83997,41.87748],[-1.84044,41.87612],[-1.83998,41.87529],[-1.83877,41.87528],[-1.83665,41.87651],[-1.83487,41.876],[-1.83352,41.87682],[-1.83164,41.8763],[-1.83013,41.87729],[-1.82658,41.87707],[-1.82367,41.87912],[-1.81736,41.87876],[-1.81182,41.88016],[-1.80712,41.87942],[-1.8038,41.87843],[-1.80264,41.87854],[-1.79022,41.87497],[-1.78728,41.87206],[-1.78698,41.87034],[-1.78892,41.86922],[-1.78901,41.86804],[-1.79917,41.86735],[-1.80034,41.86792],[-1.80383,41.86778],[-1.80609,41.86615],[-1.80898,41.86625],[-1.82024,41.86238],[-1.81999,41.86174],[-1.81929,41.86159],[-1.81786,41.86211],[-1.8168,41.86206],[-1.81318,41.86305],[-1.81089,41.86422],[-1.80828,41.86476],[-1.80779,41.86543],[-1.80482,41.86538],[-1.80469,41.86558],[-1.8052,41.86646],[-1.80386,41.86614],[-1.80414,41.86664],[-1.80343,41.86695],[-1.8032,41.8674],[-1.80157,41.86691],[-1.80108,41.86705],[-1.80023,41.86621],[-1.79842,41.86642],[-1.7972,41.86594],[-1.79171,41.86611],[-1.78833,41.86594],[-1.7874,41.86622],[-1.7821,41.86626],[-1.78164,41.8667],[-1.7777,41.86854],[-1.77797,41.86922],[-1.77708,41.86974],[-1.77695,41.87244],[-1.77625,41.8727],[-1.77452,41.8729],[-1.77262,41.87231],[-1.77211,41.87191],[-1.7713,41.87181],[-1.77083,41.87309],[-1.77041,41.87326],[-1.76765,41.87313],[-1.76677,41.87229],[-1.76548,41.87166],[-1.76365,41.87257],[-1.76227,41.87289],[-1.76012,41.87462],[-1.75869,41.87509],[-1.75602,41.8746],[-1.75319,41.87476],[-1.75253,41.87362],[-1.75219,41.87354],[-1.75129,41.87365],[-1.75046,41.87415],[-1.74938,41.87317],[-1.74875,41.87353],[-1.74809,41.87241],[-1.74639,41.87377],[-1.74593,41.87385],[-1.74543,41.87349],[-1.74652,41.87275],[-1.7488,41.86947],[-1.75022,41.86459],[-1.74885,41.86462],[-1.74846,41.86246],[-1.75177,41.85827],[-1.75314,41.85506],[-1.75003,41.85582],[-1.74931,41.85562],[-1.74858,41.85501],[-1.74745,41.85487],[-1.74517,41.85317],[-1.74008,41.85093],[-1.73363,41.84588],[-1.73209,41.84859],[-1.72886,41.84743],[-1.7271,41.84649],[-1.726,41.84711],[-1.72008,41.84679],[-1.71405,41.8532],[-1.70982,41.85322],[-1.70788,41.85256],[-1.70618,41.85243],[-1.69978,41.85],[-1.69833,41.85242],[-1.69671,41.85404],[-1.69652,41.85456],[-1.69669,41.85485],[-1.68997,41.85613],[-1.68664,41.85619],[-1.68045,41.85994],[-1.67848,41.86054],[-1.67451,41.86069],[-1.67295,41.86217],[-1.67141,41.86203],[-1.66986,41.86136],[-1.66814,41.86178],[-1.66602,41.86109],[-1.6639,41.86245],[-1.66057,41.86098],[-1.65962,41.86075],[-1.6576,41.86076],[-1.65652,41.86033],[-1.65611,41.85977],[-1.65544,41.85785],[-1.65479,41.85724],[-1.65208,41.85706],[-1.65067,41.85594],[-1.64977,41.85617],[-1.64954,41.85644],[-1.64732,41.86012],[-1.64671,41.85952],[-1.64094,41.8564],[-1.63767,41.85659],[-1.63624,41.85614],[-1.63356,41.85592],[-1.63356,41.85521],[-1.63271,41.8549],[-1.63208,41.8538],[-1.63047,41.8532],[-1.62946,41.85322],[-1.62883,41.85262],[-1.62789,41.85381],[-1.6237,41.85705],[-1.62259,41.85897],[-1.62085,41.85981],[-1.62081,41.86539],[-1.6227,41.86948],[-1.62299,41.87113],[-1.62139,41.87316],[-1.61634,41.87552],[-1.61448,41.87916],[-1.6206,41.88436],[-1.62427,41.90396],[-1.62186,41.9035],[-1.61878,41.90195],[-1.61868,41.90238],[-1.61406,41.90157],[-1.60897,41.90034],[-1.60643,41.90058],[-1.60457,41.90036],[-1.60048,41.90076],[-1.58965,41.90393],[-1.58484,41.90409],[-1.58039,41.90369],[-1.57811,41.90401],[-1.57665,41.90448],[-1.57905,41.90917],[-1.58009,41.91785],[-1.58017,41.92123],[-1.58246,41.92192],[-1.58454,41.92289],[-1.58601,41.92278],[-1.58745,41.9233],[-1.58992,41.92469],[-1.59161,41.92531],[-1.59201,41.92586],[-1.59431,41.92709],[-1.59708,41.92777],[-1.59872,41.92877],[-1.59978,41.93026],[-1.60092,41.93308],[-1.60419,41.93727],[-1.60507,41.93906],[-1.60547,41.94072],[-1.60814,41.9429],[-1.60967,41.94573],[-1.60974,41.94636],[-1.61127,41.94841],[-1.61319,41.95001],[-1.61702,41.95172],[-1.61932,41.95222],[-1.62307,41.95357],[-1.62413,41.95382],[-1.62614,41.95386],[-1.62894,41.95514],[-1.63168,41.9557],[-1.63388,41.95666],[-1.63695,41.95712],[-1.63873,41.9579],[-1.6406,41.95805],[-1.64158,41.95843],[-1.64286,41.95857],[-1.64552,41.96068],[-1.64734,41.96141],[-1.64957,41.96382],[-1.65124,41.96416],[-1.65408,41.96539],[-1.65455,41.96536],[-1.65784,41.96365],[-1.65969,41.9623],[-1.65981,41.9617],[-1.65883,41.96039],[-1.65675,41.96013],[-1.65261,41.95871],[-1.64871,41.95543],[-1.65174,41.95508],[-1.65191,41.95261],[-1.65546,41.95124],[-1.651,41.95039],[-1.64753,41.94887],[-1.64915,41.94841],[-1.65085,41.94657],[-1.65349,41.94657],[-1.65571,41.94576],[-1.6578,41.94578],[-1.6583,41.9455],[-1.65798,41.94467],[-1.66153,41.94412],[-1.66318,41.94489],[-1.66913,41.94373],[-1.67094,41.94137],[-1.67179,41.93929],[-1.67332,41.94143],[-1.67361,41.93972],[-1.67356,41.93609],[-1.67418,41.93558],[-1.6751,41.93572],[-1.67681,41.9374],[-1.67776,41.9372],[-1.68072,41.93981],[-1.68451,41.9395],[-1.68709,41.94078],[-1.68905,41.9383],[-1.69138,41.9336],[-1.69183,41.93206],[-1.69267,41.93175],[-1.69451,41.92999],[-1.69655,41.929],[-1.6969,41.92997],[-1.69794,41.93032],[-1.69798,41.93096],[-1.70249,41.93304],[-1.70749,41.91296],[-1.70547,41.88863],[-1.70722,41.88618],[-1.7082,41.88409],[-1.70901,41.8814],[-1.70993,41.88012],[-1.71047,41.87978],[-1.71252,41.87945],[-1.7121,41.88089],[-1.7127,41.88291],[-1.71639,41.88358],[-1.71713,41.88455],[-1.71947,41.88642],[-1.72034,41.88613],[-1.72184,41.88719],[-1.7214,41.88775],[-1.72225,41.88845],[-1.72324,41.88876],[-1.72461,41.88796],[-1.72599,41.88757],[-1.72641,41.88672],[-1.72865,41.88629],[-1.72925,41.88674],[-1.73056,41.88684],[-1.73175,41.88655],[-1.73437,41.88453],[-1.73472,41.88331],[-1.73708,41.8821],[-1.73953,41.88034],[-1.7401,41.88058],[-1.74118,41.8792]]]}},{"type":"Feature","properties":{"COD_POSTAL":"50340"},"geometry":{"type":"Polygon","coordinates":[[[-1.63907,41.22481],[-1.6394,41.22251],[-1.64,41.22072],[-1.63801,41.22042],[-1.63695,41.22261],[-1.62509,41.22676],[-1.62039,41.2295],[-1.61969,41.22977],[-1.61862,41.22968],[-1.61712,41.23076],[-1.61782,41.23272],[-1.61993,41.23555],[-1.62022,41.23631],[-1.61987,41.23978],[-1.61934,41.24142],[-1.61629,41.2448],[-1.61627,41.25627],[-1.61558,41.25827],[-1.61117,41.26702],[-1.61363,41.26919],[-1.61431,41.27113],[-1.61374,41.27206],[-1.61415,41.27299],[-1.61403,41.27381],[-1.61434,41.2748],[-1.60789,41.27872],[-1.59523,41.28304],[-1.58194,41.28721],[-1.56785,41.29108],[-1.57034,41.29915],[-1.57874,41.31087],[-1.58879,41.31063],[-1.60916,41.30722],[-1.63041,41.30272],[-1.64529,41.28905],[-1.66523,41.28463],[-1.67102,41.27979],[-1.67383,41.27555],[-1.67827,41.26808],[-1.68053,41.26805],[-1.68054,41.2678],[-1.68388,41.26574],[-1.68418,41.26194],[-1.68274,41.25764],[-1.68461,41.25562],[-1.6833,41.25274],[-1.6843,41.25157],[-1.68148,41.24687],[-1.67921,41.24432],[-1.67748,41.24289],[-1.67597,41.24299],[-1.67391,41.24396],[-1.66818,41.24776],[-1.66752,41.24796],[-1.66475,41.24818],[-1.66288,41.2475],[-1.65999,41.24692],[-1.65817,41.24613],[-1.65704,41.24619],[-1.65522,41.24712],[-1.65461,41.24794],[-1.65514,41.2485],[-1.65558,41.25046],[-1.65034,41.25336],[-1.64645,41.2545],[-1.64557,41.25541],[-1.64511,41.25636],[-1.64017,41.25779],[-1.63678,41.25675],[-1.63816,41.25531],[-1.63818,41.25433],[-1.6378,41.2529],[-1.63504,41.24699],[-1.63496,41.24504],[-1.63443,41.24193],[-1.63492,41.23982],[-1.63451,41.23802],[-1.63578,41.23581],[-1.63559,41.23472],[-1.63682,41.23226],[-1.63899,41.22903],[-1.63894,41.22625],[-1.63907,41.22481]]]}},{"type":"Feature","properties":{"COD_POSTAL":"50270"},"geometry":{"type":"Polygon","coordinates":[[[-1.44778,41.49717],[-1.44751,41.49631],[-1.44643,41.4948],[-1.4469,41.49406],[-1.44658,41.49222],[-1.4463,41.49128],[-1.44526,41.49082],[-1.44507,41.48873],[-1.44434,41.48836],[-1.44233,41.48813],[-1.44203,41.48716],[-1.44101,41.4864],[-1.43842,41.48499],[-1.436,41.48409],[-1.43485,41.48311],[-1.43365,41.48275],[-1.42888,41.47852],[-1.42713,41.47398],[-1.42618,41.47364],[-1.42511,41.47204],[-1.42829,41.47082],[-1.42511,41.47204],[-1.42442,41.47043],[-1.42679,41.46578],[-1.42629,41.46373],[-1.41887,41.45882],[-1.41806,41.45739],[-1.42075,41.45118],[-1.41895,41.45045],[-1.41441,41.44699],[-1.41294,41.44706],[-1.41051,41.44895],[-1.40803,41.44893],[-1.40166,41.45313],[-1.39982,41.45683],[-1.38482,41.47688],[-1.39035,41.47728],[-1.39088,41.47794],[-1.38967,41.478],[-1.38749,41.48084],[-1.38836,41.48198],[-1.3864,41.48235],[-1.38725,41.48689],[-1.38857,41.48795],[-1.39013,41.49064],[-1.38451,41.49335],[-1.38646,41.49756],[-1.38948,41.49762],[-1.39149,41.4969],[-1.39198,41.49777],[-1.3907,41.5002],[-1.38906,41.5025],[-1.38524,41.50343],[-1.38298,41.50282],[-1.38093,41.50402],[-1.3809,41.50797],[-1.37831,41.50676],[-1.37627,41.50719],[-1.37455,41.50837],[-1.3749,41.51115],[-1.37261,41.51018],[-1.36952,41.51254],[-1.36857,41.51461],[-1.36899,41.51503],[-1.36825,41.51529],[-1.36905,41.5164],[-1.36895,41.51873],[-1.36935,41.51924],[-1.36502,41.52106],[-1.36517,41.5224],[-1.36458,41.52431],[-1.36133,41.52587],[-1.36147,41.52755],[-1.36207,41.52834],[-1.36101,41.52917],[-1.36049,41.52872],[-1.35851,41.52941],[-1.35521,41.53177],[-1.35099,41.53818],[-1.34514,41.54288],[-1.34248,41.54418],[-1.34051,41.54735],[-1.34,41.54981],[-1.33933,41.55013],[-1.36835,41.56517],[-1.37018,41.5647],[-1.37117,41.56625],[-1.37888,41.56802],[-1.38023,41.56765],[-1.39475,41.58006],[-1.39699,41.58169],[-1.39899,41.58137],[-1.40452,41.58277],[-1.40712,41.58218],[-1.40935,41.58246],[-1.41139,41.58486],[-1.41576,41.58426],[-1.41734,41.58537],[-1.41933,41.58553],[-1.42036,41.59068],[-1.41932,41.59253],[-1.42105,41.5955],[-1.42762,41.59687],[-1.43045,41.59701],[-1.43199,41.59545],[-1.439,41.59483],[-1.44186,41.59574],[-1.44277,41.594],[-1.44793,41.59225],[-1.44895,41.59109],[-1.44925,41.58675],[-1.4499,41.58615],[-1.45092,41.58613],[-1.45265,41.58451],[-1.45324,41.58107],[-1.45493,41.58009],[-1.45508,41.57883],[-1.45712,41.57746],[-1.45835,41.56985],[-1.45819,41.56598],[-1.45905,41.55553],[-1.45847,41.55493],[-1.46005,41.55207],[-1.45994,41.5502],[-1.46021,41.54722],[-1.45776,41.53578],[-1.45776,41.53475],[-1.45632,41.53379],[-1.45695,41.52968],[-1.4568,41.52911],[-1.45455,41.5238],[-1.45147,41.52206],[-1.44862,41.51734],[-1.4484,41.51622],[-1.44875,41.51414],[-1.44706,41.51193],[-1.44823,41.51016],[-1.44755,41.50827],[-1.44727,41.50799],[-1.44506,41.50803],[-1.4473,41.50588],[-1.44804,41.5045],[-1.44818,41.50335],[-1.44794,41.50244],[-1.44897,41.50135],[-1.44917,41.50077],[-1.44866,41.49925],[-1.44876,41.49801],[-1.44849,41.49768],[-1.44778,41.49717]]]}},{"type":"Feature","properties":{"COD_POSTAL":"50266"},"geometry":{"type":"Polygon","coordinates":[[[-1.44755,41.50827],[-1.44823,41.51016],[-1.44706,41.51193],[-1.44875,41.51414],[-1.4484,41.51622],[-1.44862,41.51734],[-1.45147,41.52206],[-1.45455,41.5238],[-1.4568,41.52911],[-1.45695,41.52968],[-1.45632,41.53379],[-1.45776,41.53475],[-1.45776,41.53578],[-1.46021,41.54722],[-1.45999,41.55238],[-1.45847,41.55493],[-1.45905,41.55553],[-1.45819,41.56598],[-1.45835,41.56985],[-1.45763,41.57367],[-1.45727,41.57705],[-1.48252,41.56095],[-1.48181,41.56006],[-1.48188,41.55786],[-1.48093,41.55465],[-1.4894,41.55123],[-1.49188,41.54974],[-1.50003,41.54335],[-1.50179,41.54045],[-1.50303,41.53971],[-1.50411,41.53611],[-1.50505,41.5354],[-1.50726,41.533],[-1.50769,41.53118],[-1.50932,41.52963],[-1.5102,41.52719],[-1.51127,41.52699],[-1.51361,41.52539],[-1.51454,41.52441],[-1.52498,41.5225],[-1.52675,41.52314],[-1.53604,41.52294],[-1.53662,41.52341],[-1.53804,41.5239],[-1.53828,41.52507],[-1.53899,41.52552],[-1.54176,41.52612],[-1.54507,41.52645],[-1.54775,41.52583],[-1.5487,41.52618],[-1.55206,41.52635],[-1.55442,41.52573],[-1.5579,41.5259],[-1.55931,41.52517],[-1.56072,41.52362],[-1.56308,41.52323],[-1.56414,41.5212],[-1.56556,41.52065],[-1.56763,41.52115],[-1.57147,41.51941],[-1.57278,41.51835],[-1.57453,41.51793],[-1.57551,41.51723],[-1.57538,41.51354],[-1.57417,41.51285],[-1.57428,41.50991],[-1.57324,41.50876],[-1.57142,41.50825],[-1.57109,41.50751],[-1.57134,41.50637],[-1.57035,41.50585],[-1.57034,41.50521],[-1.56924,41.50465],[-1.5693,41.50321],[-1.57041,41.50226],[-1.57076,41.49945],[-1.56751,41.49596],[-1.56403,41.49559],[-1.56201,41.49478],[-1.55734,41.49444],[-1.55435,41.49353],[-1.55324,41.49248],[-1.55168,41.49191],[-1.54545,41.49058],[-1.54443,41.48985],[-1.54256,41.4899],[-1.53844,41.48915],[-1.53653,41.49007],[-1.53249,41.49059],[-1.5294,41.4921],[-1.52084,41.492],[-1.51611,41.49152],[-1.51438,41.49171],[-1.51354,41.49215],[-1.51237,41.49227],[-1.5063,41.49087],[-1.50529,41.4884],[-1.50448,41.4895],[-1.50346,41.48973],[-1.5012,41.48918],[-1.50022,41.48865],[-1.49774,41.4867],[-1.49545,41.48538],[-1.49421,41.48396],[-1.49393,41.4819],[-1.49267,41.48156],[-1.48824,41.48692],[-1.48652,41.48982],[-1.48583,41.49183],[-1.48584,41.49235],[-1.48648,41.49308],[-1.48599,41.49459],[-1.48523,41.49509],[-1.48359,41.49475],[-1.48242,41.49484],[-1.48191,41.4951],[-1.48138,41.49549],[-1.48163,41.49614],[-1.48091,41.49646],[-1.47969,41.49651],[-1.47873,41.49771],[-1.4788,41.49873],[-1.47824,41.49896],[-1.4777,41.49979],[-1.47691,41.4998],[-1.47634,41.49924],[-1.4761,41.49927],[-1.4759,41.49939],[-1.47598,41.50014],[-1.47562,41.50051],[-1.47412,41.50031],[-1.47297,41.50064],[-1.47151,41.50015],[-1.471,41.49961],[-1.46997,41.49951],[-1.46912,41.49892],[-1.46588,41.49905],[-1.46529,41.49837],[-1.46298,41.49807],[-1.46217,41.49841],[-1.4602,41.49823],[-1.45746,41.49933],[-1.4522,41.4994],[-1.45144,41.4998],[-1.45119,41.5032],[-1.45043,41.50502],[-1.44879,41.50679],[-1.44727,41.50799],[-1.44755,41.50827]]]}},{"type":"Feature","properties":{"COD_POSTAL":"50175"},"geometry":{"type":"Polygon","coordinates":[[[-0.58259,41.51633],[-0.5807,41.51647],[-0.57683,41.51322],[-0.57373,41.51314],[-0.57588,41.50994],[-0.5733,41.50909],[-0.56935,41.5059],[-0.56154,41.50605],[-0.55942,41.50461],[-0.55808,41.4991],[-0.557,41.50011],[-0.55251,41.50582],[-0.54734,41.50993],[-0.54531,41.51259],[-0.54764,41.51368],[-0.54905,41.51495],[-0.55112,41.51599],[-0.54971,41.51754],[-0.54483,41.51723],[-0.54371,41.51858],[-0.54201,41.51996],[-0.5363,41.52786],[-0.53491,41.53072],[-0.53428,41.53396],[-0.53192,41.53723],[-0.53079,41.53846],[-0.52802,41.53986],[-0.52246,41.54387],[-0.51875,41.54669],[-0.51639,41.54894],[-0.51564,41.5534],[-0.51582,41.55494],[-0.51516,41.55886],[-0.51295,41.56043],[-0.51369,41.56218],[-0.51358,41.56383],[-0.51488,41.5647],[-0.51398,41.56574],[-0.51355,41.56712],[-0.51363,41.5699],[-0.52146,41.57113],[-0.5221,41.56935],[-0.52591,41.56442],[-0.541,41.55059],[-0.54368,41.54783],[-0.54598,41.54423],[-0.55079,41.54155],[-0.56201,41.53628],[-0.56735,41.53214],[-0.57882,41.5363],[-0.58744,41.5443],[-0.59014,41.54614],[-0.59792,41.55028],[-0.60348,41.55163],[-0.60831,41.55341],[-0.6156,41.55896],[-0.62123,41.56117],[-0.62867,41.5652],[-0.62913,41.56365],[-0.62955,41.56318],[-0.63342,41.56042],[-0.62677,41.55654],[-0.62526,41.55421],[-0.62396,41.55311],[-0.62214,41.54776],[-0.6202,41.54473],[-0.61554,41.54094],[-0.61425,41.53765],[-0.61288,41.53624],[-0.61225,41.53573],[-0.6101,41.53501],[-0.60493,41.53609],[-0.60121,41.53403],[-0.6007,41.53271],[-0.59622,41.53],[-0.59534,41.52657],[-0.59502,41.52214],[-0.59145,41.5213],[-0.589,41.52448],[-0.59135,41.52562],[-0.5904,41.52745],[-0.58843,41.52839],[-0.58296,41.52639],[-0.5823,41.52437],[-0.58058,41.52349],[-0.57857,41.52309],[-0.57731,41.5234],[-0.57699,41.52288],[-0.57843,41.52243],[-0.57981,41.52129],[-0.58628,41.51942],[-0.58729,41.51744],[-0.58259,41.51633]]]}},{"type":"Feature","properties":{"COD_POSTAL":"50370"},"geometry":{"type":"Polygon","coordinates":[[[-1.39926,41.0799],[-1.39992,41.07891],[-1.40383,41.07591],[-1.405,41.07411],[-1.40705,41.07249],[-1.40904,41.07142],[-1.40821,41.07106],[-1.40813,41.07018],[-1.40735,41.06965],[-1.40522,41.06631],[-1.40255,41.0662],[-1.40108,41.06584],[-1.39732,41.06595],[-1.38972,41.06796],[-1.38677,41.06987],[-1.38226,41.07204],[-1.37958,41.07249],[-1.37815,41.07307],[-1.37743,41.07443],[-1.37545,41.07539],[-1.37384,41.07585],[-1.37279,41.07683],[-1.37188,41.07717],[-1.37117,41.07832],[-1.37028,41.07856],[-1.36981,41.08012],[-1.36549,41.08341],[-1.36436,41.08518],[-1.36296,41.08592],[-1.36072,41.08793],[-1.3626,41.09408],[-1.36431,41.0949],[-1.36616,41.09655],[-1.36673,41.09775],[-1.36746,41.09706],[-1.3692,41.097],[-1.37003,41.09667],[-1.37097,41.09675],[-1.37275,41.09602],[-1.37465,41.09569],[-1.37582,41.09508],[-1.37661,41.09519],[-1.37971,41.09423],[-1.38136,41.09467],[-1.38353,41.09283],[-1.38514,41.09235],[-1.38803,41.09102],[-1.3955,41.08612],[-1.3987,41.0846],[-1.39827,41.08405],[-1.39994,41.08195],[-1.39874,41.08069],[-1.39893,41.08041],[-1.39926,41.0799]]]}},{"type":"Feature","properties":{"COD_POSTAL":"50313"},"geometry":{"type":"Polygon","coordinates":[[[-1.74307,41.46152],[-1.74377,41.46087],[-1.74356,41.45865],[-1.74152,41.45745],[-1.74129,41.45707],[-1.74123,41.45465],[-1.74104,41.45423],[-1.73966,41.45346],[-1.73876,41.45237],[-1.73812,41.4511],[-1.73815,41.44674],[-1.73592,41.44469],[-1.73291,41.44367],[-1.72749,41.44244],[-1.7266,41.44198],[-1.72658,41.44104],[-1.72844,41.43878],[-1.72756,41.43784],[-1.72649,41.43727],[-1.72453,41.4369],[-1.72429,41.43641],[-1.7231,41.43595],[-1.72257,41.43539],[-1.7221,41.43207],[-1.72032,41.43046],[-1.72052,41.4292],[-1.72163,41.42719],[-1.71986,41.42549],[-1.71969,41.42508],[-1.71986,41.42384],[-1.72105,41.42212],[-1.71969,41.42173],[-1.71748,41.42238],[-1.71601,41.42229],[-1.71394,41.42125],[-1.71288,41.4212],[-1.70896,41.42242],[-1.70789,41.42157],[-1.70627,41.42167],[-1.7061,41.42233],[-1.70543,41.42282],[-1.70544,41.4252],[-1.70528,41.4255],[-1.70463,41.42566],[-1.703,41.42213],[-1.702,41.4221],[-1.7016,41.42245],[-1.70128,41.42296],[-1.70063,41.42547],[-1.69953,41.42643],[-1.69971,41.42703],[-1.69778,41.4278],[-1.69745,41.42833],[-1.69576,41.42945],[-1.69519,41.43007],[-1.69367,41.43338],[-1.69133,41.43643],[-1.68883,41.43809],[-1.68861,41.43987],[-1.68966,41.44067],[-1.69,41.44156],[-1.68985,41.44252],[-1.68954,41.44289],[-1.68886,41.44352],[-1.68673,41.44412],[-1.68586,41.44463],[-1.68107,41.44857],[-1.67916,41.45092],[-1.67688,41.45224],[-1.67497,41.45436],[-1.67395,41.45446],[-1.67353,41.45592],[-1.67055,41.45845],[-1.66826,41.46171],[-1.66846,41.46222],[-1.66799,41.46355],[-1.66728,41.46434],[-1.66689,41.46546],[-1.66754,41.46822],[-1.6685,41.46976],[-1.66889,41.47119],[-1.66883,41.47185],[-1.66655,41.47356],[-1.66657,41.47389],[-1.66682,41.47428],[-1.66849,41.47496],[-1.66939,41.47678],[-1.67127,41.47776],[-1.67359,41.47843],[-1.67502,41.47934],[-1.67607,41.48053],[-1.67621,41.48109],[-1.6751,41.48242],[-1.67477,41.48463],[-1.67485,41.4856],[-1.67636,41.48704],[-1.6745,41.4899],[-1.67611,41.49174],[-1.67831,41.49504],[-1.67877,41.49641],[-1.67894,41.49862],[-1.6801,41.50076],[-1.67955,41.50392],[-1.67991,41.50509],[-1.67855,41.50807],[-1.67783,41.51174],[-1.67719,41.51296],[-1.6808,41.51419],[-1.68215,41.51513],[-1.68494,41.51823],[-1.68615,41.52035],[-1.69369,41.5245],[-1.69529,41.52751],[-1.69617,41.52856],[-1.69694,41.53041],[-1.69893,41.53179],[-1.69984,41.53382],[-1.71013,41.53411],[-1.71093,41.53379],[-1.71406,41.53011],[-1.71937,41.52773],[-1.72019,41.52777],[-1.72287,41.52694],[-1.72296,41.52053],[-1.72698,41.51709],[-1.72714,41.51171],[-1.72792,41.51105],[-1.72918,41.51088],[-1.73031,41.51005],[-1.72977,41.50594],[-1.72903,41.50439],[-1.72988,41.5022],[-1.73418,41.5002],[-1.73648,41.49878],[-1.73669,41.49642],[-1.73625,41.49516],[-1.73621,41.49324],[-1.73817,41.48959],[-1.7439,41.4769],[-1.74409,41.4757],[-1.74349,41.47397],[-1.74332,41.4722],[-1.7427,41.47101],[-1.74203,41.46703],[-1.74227,41.46597],[-1.74207,41.46495],[-1.74267,41.46311],[-1.74264,41.46207],[-1.74307,41.46152]]]}},{"type":"Feature","properties":{"COD_POSTAL":"50840"},"geometry":{"type":"Polygon","coordinates":[[[-0.77015,41.83175],[-0.77143,41.83083],[-0.77488,41.83012],[-0.77672,41.828],[-0.77824,41.82208],[-0.78319,41.82288],[-0.78695,41.82148],[-0.79013,41.81881],[-0.7901,41.81701],[-0.78676,41.8151],[-0.78647,41.81354],[-0.78994,41.81094],[-0.79226,41.81052],[-0.7934,41.80908],[-0.79216,41.80595],[-0.79274,41.8024],[-0.79614,41.79813],[-0.79677,41.7979],[-0.79658,41.79713],[-0.79519,41.79613],[-0.79304,41.79574],[-0.7924,41.79535],[-0.79192,41.7921],[-0.79244,41.79073],[-0.79356,41.78967],[-0.79358,41.78821],[-0.78508,41.78726],[-0.78479,41.78768],[-0.78434,41.78776],[-0.77418,41.78517],[-0.7719,41.78495],[-0.77079,41.7852],[-0.76641,41.78467],[-0.75654,41.78716],[-0.75427,41.78686],[-0.75003,41.78828],[-0.74505,41.78946],[-0.74298,41.78931],[-0.73929,41.79014],[-0.73726,41.78986],[-0.73619,41.79045],[-0.73433,41.79279],[-0.73122,41.79311],[-0.72958,41.79267],[-0.72547,41.78956],[-0.72368,41.78895],[-0.72094,41.78864],[-0.72016,41.78774],[-0.7188,41.78692],[-0.71761,41.78679],[-0.71688,41.78698],[-0.71624,41.78748],[-0.712,41.78559],[-0.70952,41.78196],[-0.70859,41.78118],[-0.70717,41.78052],[-0.70418,41.78031],[-0.70351,41.7807],[-0.70281,41.78075],[-0.70009,41.77971],[-0.69966,41.78045],[-0.69771,41.78085],[-0.6949,41.78194],[-0.69375,41.78266],[-0.69458,41.7872],[-0.69459,41.78838],[-0.69413,41.78939],[-0.69406,41.79239],[-0.69646,41.79668],[-0.69952,41.80012],[-0.69999,41.80116],[-0.70061,41.80467],[-0.70013,41.80925],[-0.70073,41.81516],[-0.70055,41.82058],[-0.70245,41.82148],[-0.69936,41.82278],[-0.69662,41.82292],[-0.69782,41.82914],[-0.69769,41.83251],[-0.69813,41.83529],[-0.69719,41.83771],[-0.69832,41.84285],[-0.69958,41.84621],[-0.70038,41.84768],[-0.70183,41.84732],[-0.7034,41.84728],[-0.70467,41.84675],[-0.70989,41.84696],[-0.71292,41.84682],[-0.71915,41.84792],[-0.72141,41.84781],[-0.72258,41.84816],[-0.72527,41.84827],[-0.72742,41.84881],[-0.72843,41.84929],[-0.72706,41.8501],[-0.72624,41.8512],[-0.72532,41.85323],[-0.72298,41.85607],[-0.70751,41.86147],[-0.70606,41.86231],[-0.69838,41.8646],[-0.69818,41.86582],[-0.69755,41.86645],[-0.68997,41.87361],[-0.68734,41.87532],[-0.68816,41.87691],[-0.68827,41.88029],[-0.68796,41.88247],[-0.68779,41.88703],[-0.68719,41.88911],[-0.68126,41.89124],[-0.67552,41.8922],[-0.67231,41.89347],[-0.65588,41.89407],[-0.65268,41.89397],[-0.64442,41.89103],[-0.64502,41.89436],[-0.64569,41.89584],[-0.64687,41.89616],[-0.64798,41.89596],[-0.64852,41.89689],[-0.65007,41.89742],[-0.64842,41.89901],[-0.64871,41.89952],[-0.64795,41.89948],[-0.64785,41.9],[-0.65016,41.90169],[-0.65122,41.90213],[-0.65756,41.90383],[-0.66292,41.90497],[-0.66875,41.9067],[-0.67487,41.90782],[-0.67752,41.90468],[-0.67828,41.90199],[-0.67944,41.90082],[-0.68039,41.89906],[-0.68089,41.89753],[-0.68359,41.89403],[-0.69233,41.89644],[-0.69155,41.90879],[-0.6918,41.91104],[-0.69331,41.91117],[-0.69466,41.91219],[-0.69633,41.91207],[-0.69855,41.91072],[-0.70743,41.90252],[-0.70941,41.90103],[-0.72239,41.88931],[-0.72811,41.88149],[-0.735,41.86825],[-0.73548,41.86675],[-0.7386,41.861],[-0.7401,41.85939],[-0.74243,41.85746],[-0.74337,41.85706],[-0.74458,41.85695],[-0.74674,41.85739],[-0.75021,41.85854],[-0.75238,41.85877],[-0.75415,41.86068],[-0.75486,41.86114],[-0.75827,41.86542],[-0.7602,41.86729],[-0.76076,41.86714],[-0.76314,41.86494],[-0.76305,41.86368],[-0.76451,41.86075],[-0.76534,41.85842],[-0.76748,41.85638],[-0.76708,41.85491],[-0.76799,41.85213],[-0.76792,41.85151],[-0.76854,41.85082],[-0.76835,41.84954],[-0.76863,41.84755],[-0.76908,41.84665],[-0.76809,41.84593],[-0.76878,41.84554],[-0.76843,41.84506],[-0.76869,41.84361],[-0.76834,41.84187],[-0.76949,41.84177],[-0.77041,41.84223],[-0.77039,41.84289],[-0.77229,41.84308],[-0.77307,41.8427],[-0.77359,41.84298],[-0.77906,41.84113],[-0.78108,41.83968],[-0.78073,41.83823],[-0.78372,41.83495],[-0.78381,41.83447],[-0.7819,41.83269],[-0.78111,41.83233],[-0.77889,41.83214],[-0.77727,41.83263],[-0.7756,41.83466],[-0.77322,41.83502],[-0.77179,41.83469],[-0.76968,41.8335],[-0.76937,41.83295],[-0.76969,41.8323],[-0.77015,41.83175]]]}},{"type":"Feature","properties":{"COD_POSTAL":"50344"},"geometry":{"type":"Polygon","coordinates":[[[-1.61782,41.23272],[-1.61712,41.23076],[-1.61862,41.22968],[-1.6168,41.22855],[-1.60982,41.22286],[-1.60065,41.22109],[-1.58447,41.21924],[-1.57727,41.22394],[-1.5764,41.22609],[-1.5748,41.22795],[-1.57329,41.22897],[-1.57144,41.22922],[-1.57078,41.22971],[-1.56124,41.24346],[-1.56537,41.24676],[-1.55355,41.25302],[-1.5412,41.26092],[-1.54822,41.26985],[-1.55416,41.2756],[-1.56109,41.2792],[-1.56165,41.27968],[-1.56639,41.27828],[-1.57281,41.27497],[-1.5829,41.27027],[-1.5867,41.26609],[-1.59137,41.26014],[-1.59199,41.25965],[-1.60905,41.24897],[-1.61629,41.2448],[-1.61934,41.24142],[-1.61964,41.24069],[-1.62022,41.23631],[-1.61993,41.23555],[-1.61782,41.23272]]]}},{"type":"Feature","properties":{"COD_POSTAL":"50215"},"geometry":{"type":"Polygon","coordinates":[[[-1.91192,41.38244],[-1.91229,41.38007],[-1.91315,41.37857],[-1.90831,41.37445],[-1.90722,41.37321],[-1.90638,41.37276],[-1.90169,41.37289],[-1.89952,41.37336],[-1.89628,41.37472],[-1.89263,41.37235],[-1.88989,41.37163],[-1.88905,41.37107],[-1.88622,41.3706],[-1.88322,41.37106],[-1.88068,41.3722],[-1.87979,41.3721],[-1.87623,41.37132],[-1.87415,41.37034],[-1.87099,41.3682],[-1.86861,41.36712],[-1.86584,41.36691],[-1.8593,41.36876],[-1.8539,41.36944],[-1.84844,41.37114],[-1.84632,41.37152],[-1.844,41.37261],[-1.84284,41.37287],[-1.8374,41.37191],[-1.83136,41.37196],[-1.82883,41.37247],[-1.82397,41.37388],[-1.82,41.3755],[-1.80392,41.38276],[-1.7867,41.38416],[-1.7815,41.38556],[-1.77222,41.38734],[-1.7684,41.3891],[-1.76278,41.39049],[-1.75219,41.39067],[-1.75449,41.39159],[-1.75628,41.39268],[-1.76179,41.3967],[-1.7637,41.3987],[-1.76515,41.39938],[-1.7677,41.40222],[-1.77259,41.40545],[-1.77403,41.40718],[-1.77653,41.40902],[-1.79301,41.42335],[-1.79578,41.42526],[-1.80159,41.4282],[-1.8074,41.42743],[-1.81085,41.42783],[-1.81372,41.42871],[-1.81504,41.42869],[-1.81917,41.42847],[-1.82163,41.42767],[-1.826,41.42785],[-1.8276,41.42696],[-1.83032,41.42624],[-1.83272,41.42405],[-1.83487,41.423],[-1.83695,41.42148],[-1.83845,41.42125],[-1.84263,41.41996],[-1.84311,41.41967],[-1.84481,41.41749],[-1.84683,41.41731],[-1.84866,41.41638],[-1.85288,41.41623],[-1.87573,41.41137],[-1.87748,41.41076],[-1.88092,41.40895],[-1.88482,41.4081],[-1.89246,41.40519],[-1.89337,41.40465],[-1.89507,41.40298],[-1.89728,41.40157],[-1.9019,41.39762],[-1.90477,41.39585],[-1.90656,41.39432],[-1.91079,41.38812],[-1.91063,41.38483],[-1.91115,41.38366],[-1.91192,41.38244]]]}},{"type":"Feature","properties":{"COD_POSTAL":"50109"},"geometry":{"type":"Polygon","coordinates":[[[-1.41073,41.40107],[-1.41141,41.39891],[-1.41007,41.39833],[-1.40801,41.39788],[-1.40668,41.39503],[-1.40588,41.39413],[-1.40004,41.39209],[-1.39854,41.38922],[-1.40123,41.3861],[-1.39794,41.38179],[-1.39907,41.37972],[-1.39782,41.37683],[-1.39551,41.37488],[-1.39403,41.37409],[-1.39056,41.37322],[-1.3869,41.37846],[-1.38285,41.38231],[-1.38182,41.38302],[-1.37929,41.38411],[-1.37706,41.38471],[-1.37582,41.3855],[-1.37341,41.38581],[-1.36361,41.38622],[-1.36248,41.38967],[-1.36217,41.39173],[-1.36238,41.393],[-1.36221,41.39414],[-1.36542,41.39782],[-1.36691,41.39989],[-1.36751,41.4],[-1.36986,41.39933],[-1.37149,41.40022],[-1.37331,41.40066],[-1.37557,41.40271],[-1.37173,41.40554],[-1.37031,41.4075],[-1.36782,41.40985],[-1.36774,41.41048],[-1.36834,41.41207],[-1.36754,41.41286],[-1.36605,41.4122],[-1.36483,41.41231],[-1.36124,41.41509],[-1.35745,41.41615],[-1.35587,41.4179],[-1.35171,41.41861],[-1.35011,41.41978],[-1.34994,41.42127],[-1.35009,41.4238],[-1.34961,41.42559],[-1.34937,41.42891],[-1.34945,41.43163],[-1.34999,41.43547],[-1.354,41.43782],[-1.35805,41.44156],[-1.36161,41.44291],[-1.36394,41.44205],[-1.3657,41.44186],[-1.37326,41.44312],[-1.37649,41.44411],[-1.37926,41.44461],[-1.38088,41.44356],[-1.38129,41.44204],[-1.38195,41.44146],[-1.38313,41.43823],[-1.38434,41.43818],[-1.38712,41.43934],[-1.3917,41.43947],[-1.39345,41.43924],[-1.40012,41.43789],[-1.40304,41.43687],[-1.40717,41.43475],[-1.41046,41.43128],[-1.41205,41.43064],[-1.41552,41.42985],[-1.4161,41.42885],[-1.41675,41.4268],[-1.41859,41.42443],[-1.41319,41.41795],[-1.41107,41.41734],[-1.41328,41.41476],[-1.41272,41.4138],[-1.41255,41.41292],[-1.41293,41.41103],[-1.41081,41.40977],[-1.41164,41.40802],[-1.41082,41.40436],[-1.41176,41.40261],[-1.41102,41.40162],[-1.41073,41.40107]]]}},{"type":"Feature","properties":{"COD_POSTAL":"50369"},"geometry":{"type":"Polygon","coordinates":[[[-1.36013,41.07159],[-1.35681,41.07054],[-1.35532,41.06966],[-1.35757,41.06568],[-1.35689,41.06379],[-1.35314,41.06237],[-1.35508,41.06038],[-1.35551,41.05869],[-1.35417,41.05753],[-1.34511,41.05606],[-1.34386,41.05816],[-1.34336,41.05861],[-1.34295,41.05878],[-1.34196,41.05869],[-1.34068,41.05741],[-1.33928,41.05663],[-1.33911,41.05575],[-1.33961,41.05449],[-1.33594,41.05269],[-1.3349,41.05164],[-1.33395,41.0514],[-1.33281,41.05171],[-1.3315,41.05352],[-1.33008,41.05427],[-1.32719,41.05515],[-1.32475,41.05514],[-1.32287,41.05391],[-1.32248,41.05169],[-1.3221,41.05119],[-1.32083,41.05034],[-1.3191,41.0498],[-1.31461,41.05006],[-1.31037,41.04982],[-1.30644,41.05128],[-1.30426,41.0518],[-1.30344,41.05227],[-1.29907,41.05238],[-1.2967,41.05182],[-1.29255,41.04794],[-1.28743,41.04886],[-1.2815,41.05593],[-1.27093,41.05478],[-1.2638,41.06149],[-1.2533,41.07733],[-1.25521,41.07993],[-1.25491,41.08147],[-1.25518,41.08344],[-1.25577,41.08495],[-1.25685,41.0867],[-1.25865,41.08901],[-1.26379,41.09349],[-1.26674,41.09745],[-1.27081,41.10109],[-1.27137,41.10328],[-1.27796,41.10389],[-1.28466,41.10421],[-1.29265,41.10347],[-1.29838,41.10171],[-1.29881,41.10134],[-1.30077,41.10056],[-1.30859,41.09646],[-1.31077,41.09419],[-1.31563,41.10252],[-1.31846,41.1123],[-1.31585,41.11673],[-1.31501,41.12213],[-1.32163,41.12173],[-1.34013,41.12584],[-1.34704,41.12796],[-1.34962,41.12901],[-1.35161,41.13234],[-1.35454,41.13589],[-1.36802,41.1211],[-1.36795,41.11625],[-1.36921,41.11568],[-1.37162,41.11409],[-1.37254,41.11242],[-1.37314,41.11182],[-1.37337,41.11107],[-1.37431,41.10996],[-1.37423,41.10771],[-1.37198,41.10375],[-1.37043,41.10208],[-1.36905,41.10134],[-1.36854,41.10042],[-1.3685,41.0992],[-1.3671,41.09885],[-1.36616,41.09655],[-1.36431,41.0949],[-1.3626,41.09408],[-1.36072,41.08793],[-1.35728,41.08851],[-1.3558,41.08853],[-1.35536,41.08548],[-1.35235,41.08188],[-1.35261,41.08135],[-1.35357,41.08098],[-1.35491,41.08086],[-1.35548,41.08024],[-1.3579,41.08019],[-1.35959,41.0777],[-1.36012,41.07514],[-1.36013,41.07159]]]}},{"type":"Feature","properties":{"COD_POSTAL":"50430"},"geometry":{"type":"Polygon","coordinates":[[[-1.0428,41.58774],[-1.04272,41.58911],[-1.04347,41.58934],[-1.04602,41.58835],[-1.0501,41.58822],[-1.05055,41.58752],[-1.05103,41.58733],[-1.05243,41.58791],[-1.05341,41.5872],[-1.05417,41.58617],[-1.05538,41.58513],[-1.05408,41.58461],[-1.0539,41.58403],[-1.05409,41.58377],[-1.05508,41.5842],[-1.05574,41.58404],[-1.05649,41.5832],[-1.05652,41.58194],[-1.0577,41.58294],[-1.05958,41.58243],[-1.05928,41.58132],[-1.05966,41.58101],[-1.06025,41.58091],[-1.06085,41.58179],[-1.06266,41.58105],[-1.06312,41.57937],[-1.06308,41.57875],[-1.06234,41.57855],[-1.06247,41.5779],[-1.06149,41.57769],[-1.06056,41.57693],[-1.05881,41.57634],[-1.06028,41.57574],[-1.05624,41.57369],[-1.05736,41.57364],[-1.05829,41.57319],[-1.05948,41.57387],[-1.06058,41.57367],[-1.06162,41.57447],[-1.0624,41.57416],[-1.06228,41.57341],[-1.06278,41.57215],[-1.06097,41.5714],[-1.06081,41.5712],[-1.06114,41.57092],[-1.06071,41.57046],[-1.06266,41.56943],[-1.06343,41.57089],[-1.06373,41.57103],[-1.06732,41.56957],[-1.06744,41.56875],[-1.06658,41.56787],[-1.0665,41.56657],[-1.0658,41.56602],[-1.06627,41.56552],[-1.06683,41.5656],[-1.0674,41.56663],[-1.06836,41.56696],[-1.07057,41.5671],[-1.07164,41.56834],[-1.07313,41.56752],[-1.07503,41.5657],[-1.07554,41.56445],[-1.07405,41.5631],[-1.07495,41.56251],[-1.0729,41.56101],[-1.074,41.56031],[-1.07468,41.56054],[-1.07617,41.56192],[-1.07619,41.56294],[-1.07771,41.56533],[-1.08037,41.56522],[-1.08167,41.5663],[-1.08195,41.56615],[-1.08228,41.56533],[-1.08261,41.56521],[-1.08442,41.56551],[-1.08523,41.56524],[-1.08592,41.56399],[-1.08531,41.56263],[-1.0838,41.56133],[-1.08359,41.5606],[-1.08375,41.56026],[-1.08311,41.55962],[-1.08226,41.5596],[-1.08143,41.55836],[-1.07941,41.55727],[-1.07924,41.55701],[-1.07997,41.55701],[-1.08001,41.55654],[-1.07855,41.5556],[-1.07783,41.55484],[-1.07768,41.55406],[-1.0793,41.55432],[-1.08018,41.55504],[-1.08177,41.55558],[-1.08269,41.55507],[-1.08364,41.55699],[-1.08523,41.55739],[-1.08588,41.55645],[-1.08573,41.55565],[-1.08762,41.55558],[-1.08869,41.55656],[-1.08909,41.55656],[-1.09272,41.55553],[-1.09112,41.55509],[-1.09028,41.5545],[-1.08927,41.55463],[-1.08862,41.5537],[-1.08699,41.55304],[-1.08543,41.55207],[-1.08582,41.55191],[-1.08772,41.55217],[-1.0887,41.55145],[-1.0901,41.5519],[-1.09229,41.55137],[-1.09605,41.55227],[-1.09622,41.55184],[-1.09683,41.55178],[-1.10191,41.55204],[-1.10297,41.55085],[-1.1043,41.55018],[-1.10036,41.55008],[-1.09663,41.54897],[-1.09541,41.54816],[-1.09514,41.54766],[-1.09523,41.54684],[-1.09556,41.54648],[-1.09689,41.54613],[-1.0988,41.54622],[-1.10017,41.54515],[-1.10021,41.54454],[-1.09536,41.54446],[-1.09474,41.54424],[-1.09418,41.54287],[-1.09373,41.54269],[-1.09286,41.54283],[-1.09174,41.54476],[-1.0907,41.54374],[-1.08895,41.54475],[-1.08778,41.54456],[-1.08696,41.54372],[-1.08769,41.5425],[-1.08378,41.54177],[-1.08457,41.54073],[-1.08577,41.53989],[-1.08833,41.53911],[-1.08794,41.53729],[-1.08466,41.53872],[-1.08367,41.5377],[-1.08284,41.53881],[-1.08016,41.54089],[-1.07747,41.54086],[-1.07696,41.54059],[-1.07683,41.53988],[-1.07701,41.53958],[-1.07894,41.53945],[-1.07984,41.53896],[-1.08039,41.53798],[-1.08052,41.53665],[-1.07822,41.53743],[-1.0773,41.53736],[-1.07699,41.5371],[-1.0769,41.536],[-1.07869,41.53559],[-1.07821,41.5348],[-1.07914,41.53372],[-1.07692,41.53381],[-1.07706,41.53293],[-1.07669,41.53233],[-1.07451,41.53117],[-1.07432,41.53302],[-1.07385,41.53335],[-1.07336,41.5329],[-1.07132,41.53225],[-1.07166,41.53447],[-1.0699,41.53467],[-1.07029,41.53644],[-1.06872,41.53686],[-1.06798,41.53656],[-1.06869,41.53624],[-1.06879,41.53516],[-1.06823,41.53489],[-1.06609,41.53482],[-1.06404,41.53527],[-1.06187,41.53653],[-1.05831,41.53801],[-1.05724,41.53833],[-1.055,41.53854],[-1.05241,41.53721],[-1.04742,41.53415],[-1.04027,41.52772],[-1.03052,41.5236],[-1.02879,41.52305],[-1.02638,41.52306],[-1.02424,41.52069],[-1.02487,41.51432],[-1.02571,41.51174],[-1.02549,41.51039],[-1.02022,41.50019],[-1.01863,41.49755],[-1.01687,41.49531],[-1.01622,41.49409],[-1.014,41.49169],[-1.01279,41.48847],[-1.01198,41.48769],[-1.01098,41.48472],[-1.01035,41.48417],[-1.0087,41.48059],[-1.00861,41.47751],[-1.00906,41.47448],[-1.00862,41.47299],[-1.00947,41.47202],[-1.00836,41.46992],[-1.00742,41.46738],[-1.00844,41.46634],[-1.00704,41.46453],[-1.00348,41.46444],[-1.00251,41.46397],[-0.99799,41.46336],[-0.99579,41.46268],[-0.99439,41.46251],[-0.99269,41.46176],[-0.98833,41.46087],[-0.98545,41.45992],[-0.98381,41.45898],[-0.98255,41.45894],[-0.98139,41.4584],[-0.97909,41.4582],[-0.97687,41.4569],[-0.97524,41.4565],[-0.97199,41.45518],[-0.96827,41.45497],[-0.96749,41.45386],[-0.9662,41.45331],[-0.96391,41.45099],[-0.9601,41.44834],[-0.9594,41.44733],[-0.95836,41.4465],[-0.95771,41.44553],[-0.95501,41.4428],[-0.95353,41.44077],[-0.95021,41.43875],[-0.94742,41.43858],[-0.94618,41.43788],[-0.94483,41.43748],[-0.94277,41.43527],[-0.94086,41.43409],[-0.93768,41.43007],[-0.93307,41.42788],[-0.92829,41.4272],[-0.92491,41.42615],[-0.92409,41.42851],[-0.92335,41.43208],[-0.9235,41.43425],[-0.9227,41.43675],[-0.92266,41.43796],[-0.9219,41.43903],[-0.92225,41.43994],[-0.92172,41.44151],[-0.92046,41.44326],[-0.92019,41.44513],[-0.91748,41.44808],[-0.91722,41.45018],[-0.91534,41.45429],[-0.91547,41.45617],[-0.91514,41.45758],[-0.9145,41.45895],[-0.9148,41.46036],[-0.91595,41.46208],[-0.91608,41.46398],[-0.91795,41.46661],[-0.91888,41.46747],[-0.92,41.4712],[-0.92014,41.47244],[-0.91862,41.47643],[-0.91853,41.47766],[-0.91779,41.47952],[-0.91737,41.48003],[-0.91584,41.48067],[-0.91649,41.48417],[-0.91708,41.48534],[-0.91753,41.49035],[-0.91808,41.49289],[-0.91658,41.49586],[-0.91646,41.49664],[-0.91673,41.49841],[-0.91917,41.49892],[-0.92767,41.50386],[-0.93358,41.50861],[-0.94172,41.51439],[-0.94526,41.51722],[-0.94698,41.51923],[-0.95018,41.52381],[-0.95217,41.52608],[-0.9582,41.53055],[-0.95799,41.53119],[-0.95939,41.53457],[-0.95889,41.53511],[-0.95981,41.53679],[-0.9627,41.53713],[-0.96464,41.53856],[-0.96681,41.53804],[-0.97121,41.5387],[-0.97185,41.53927],[-0.97423,41.54051],[-0.97589,41.54195],[-0.97757,41.5428],[-0.98219,41.54666],[-0.98247,41.54715],[-0.98205,41.54836],[-0.99761,41.55564],[-1.00056,41.55729],[-1.00867,41.56344],[-1.01501,41.56721],[-1.01717,41.56932],[-1.0194,41.57067],[-1.02626,41.57378],[-1.02978,41.5759],[-1.03105,41.57642],[-1.03264,41.57832],[-1.03271,41.57915],[-1.03314,41.57973],[-1.03397,41.57993],[-1.03453,41.58207],[-1.03463,41.58384],[-1.03599,41.58531],[-1.03674,41.58686],[-1.03663,41.58722],[-1.03912,41.58672],[-1.04168,41.58695],[-1.04275,41.58743],[-1.0428,41.58774]]]}},{"type":"Feature","properties":{"COD_POSTAL":"50211"},"geometry":{"type":"Polygon","coordinates":[[[-1.84217,41.29516],[-1.84195,41.29477],[-1.84202,41.29395],[-1.84438,41.29101],[-1.84452,41.28975],[-1.84534,41.28838],[-1.84689,41.28778],[-1.84748,41.28687],[-1.84802,41.28648],[-1.84935,41.28608],[-1.84614,41.28608],[-1.84537,41.28575],[-1.84549,41.28454],[-1.84402,41.28329],[-1.8442,41.28241],[-1.84513,41.28149],[-1.84506,41.28014],[-1.84392,41.27929],[-1.84313,41.27697],[-1.8434,41.27587],[-1.84187,41.27455],[-1.83964,41.2719],[-1.83789,41.2724],[-1.83734,41.27285],[-1.83432,41.27266],[-1.83236,41.27295],[-1.82986,41.2742],[-1.8288,41.27497],[-1.82821,41.27586],[-1.8266,41.2762],[-1.82387,41.27808],[-1.82199,41.277],[-1.82166,41.27726],[-1.82137,41.27852],[-1.8199,41.27777],[-1.81905,41.27916],[-1.81565,41.28082],[-1.81516,41.28191],[-1.81396,41.28319],[-1.81401,41.28366],[-1.81515,41.28495],[-1.81471,41.28622],[-1.81437,41.28649],[-1.81329,41.28673],[-1.81229,41.28661],[-1.81169,41.28617],[-1.81074,41.28618],[-1.80408,41.28796],[-1.8026,41.2876],[-1.80073,41.28827],[-1.79756,41.28833],[-1.79673,41.28752],[-1.79331,41.28764],[-1.78642,41.29012],[-1.78349,41.29092],[-1.78642,41.29444],[-1.7885,41.29638],[-1.78924,41.29819],[-1.79006,41.29949],[-1.79395,41.30339],[-1.79658,41.3064],[-1.79763,41.30703],[-1.79778,41.30835],[-1.79992,41.31067],[-1.79987,41.31252],[-1.80254,41.31565],[-1.80415,41.31626],[-1.80619,41.31862],[-1.8073,41.31911],[-1.80905,41.31927],[-1.81141,41.31762],[-1.81176,41.3177],[-1.81523,41.32066],[-1.81572,41.32131],[-1.81654,41.32152],[-1.81745,41.32089],[-1.81723,41.31882],[-1.81785,41.31821],[-1.81844,41.31812],[-1.81981,41.31893],[-1.82027,41.32089],[-1.82079,41.32172],[-1.82329,41.32249],[-1.82551,41.32119],[-1.82697,41.3158],[-1.83002,41.31859],[-1.83276,41.31864],[-1.83336,41.31838],[-1.83294,41.3169],[-1.83305,41.31643],[-1.83427,41.31564],[-1.83411,41.31442],[-1.8344,41.3097],[-1.83479,41.30766],[-1.83349,41.30511],[-1.83566,41.30336],[-1.83706,41.30097],[-1.83804,41.3004],[-1.84099,41.29753],[-1.84125,41.29642],[-1.84217,41.29516]]]}},{"type":"Feature","properties":{"COD_POSTAL":"50581"},"geometry":{"type":"Polygon","coordinates":[[[-1.80309,41.80345],[-1.80293,41.80274],[-1.80132,41.80121],[-1.80118,41.8018],[-1.80184,41.80354],[-1.80006,41.80524],[-1.79396,41.80646],[-1.77323,41.8214],[-1.76612,41.82617],[-1.73745,41.84059],[-1.7376,41.84207],[-1.73271,41.84234],[-1.72774,41.84311],[-1.72882,41.84578],[-1.73473,41.84529],[-1.73953,41.84523],[-1.74008,41.85093],[-1.74517,41.85317],[-1.74745,41.85487],[-1.75044,41.85212],[-1.77198,41.84282],[-1.77847,41.84031],[-1.78115,41.83823],[-1.78384,41.8335],[-1.7954,41.82444],[-1.80154,41.8191],[-1.80419,41.81307],[-1.80379,41.80968],[-1.80301,41.80643],[-1.80309,41.80345]]]}},{"type":"Feature","properties":{"COD_POSTAL":"50639"},"geometry":{"type":"Polygon","coordinates":[[[-1.19711,41.78518],[-1.19875,41.78367],[-1.19897,41.78298],[-1.19936,41.78262],[-1.19941,41.78245],[-1.19875,41.78196],[-1.20184,41.77925],[-1.20222,41.77803],[-1.20258,41.77765],[-1.20216,41.77703],[-1.20252,41.77644],[-1.20154,41.77511],[-1.20119,41.7732],[-1.20144,41.77241],[-1.20281,41.77089],[-1.20301,41.76969],[-1.20391,41.76786],[-1.20575,41.76752],[-1.20609,41.76653],[-1.20674,41.76562],[-1.20656,41.76524],[-1.20787,41.76448],[-1.20944,41.76432],[-1.21098,41.76298],[-1.20928,41.76107],[-1.20739,41.76099],[-1.20664,41.76014],[-1.20555,41.75957],[-1.20625,41.75853],[-1.20606,41.7577],[-1.20717,41.75733],[-1.20752,41.75674],[-1.20711,41.75643],[-1.20468,41.75667],[-1.20404,41.75637],[-1.20261,41.75488],[-1.20254,41.75419],[-1.20025,41.75124],[-1.19894,41.75006],[-1.19749,41.74929],[-1.19694,41.74865],[-1.19703,41.7481],[-1.19796,41.74726],[-1.1968,41.74732],[-1.19649,41.74756],[-1.19629,41.74826],[-1.1956,41.74869],[-1.19228,41.7488],[-1.18996,41.74934],[-1.18981,41.74969],[-1.19007,41.75048],[-1.18872,41.75095],[-1.18529,41.75137],[-1.18516,41.75105],[-1.18214,41.75109],[-1.17981,41.74919],[-1.17875,41.74637],[-1.17827,41.74578],[-1.17745,41.74381],[-1.17182,41.74645],[-1.17126,41.74758],[-1.16798,41.74971],[-1.16625,41.75034],[-1.16315,41.7521],[-1.16195,41.75349],[-1.15997,41.75461],[-1.15961,41.75535],[-1.15861,41.75577],[-1.15574,41.75815],[-1.15124,41.75968],[-1.15094,41.76073],[-1.14973,41.76092],[-1.15026,41.7618],[-1.14866,41.76235],[-1.14756,41.76414],[-1.14751,41.76492],[-1.14786,41.76578],[-1.14725,41.76586],[-1.14742,41.76689],[-1.14771,41.76694],[-1.14766,41.76733],[-1.14789,41.76748],[-1.14737,41.76876],[-1.14963,41.76989],[-1.14927,41.77046],[-1.1499,41.77117],[-1.15173,41.77516],[-1.15052,41.77656],[-1.15324,41.77863],[-1.1526,41.77914],[-1.15564,41.78159],[-1.16043,41.78407],[-1.16036,41.78474],[-1.16079,41.78567],[-1.16029,41.78667],[-1.16079,41.78696],[-1.16435,41.78673],[-1.16516,41.78694],[-1.1719,41.78576],[-1.17385,41.78491],[-1.17762,41.7848],[-1.17905,41.78428],[-1.18237,41.78536],[-1.18479,41.78525],[-1.18685,41.78566],[-1.18836,41.78626],[-1.18858,41.78671],[-1.19,41.78784],[-1.1942,41.78723],[-1.19399,41.78887],[-1.19284,41.79044],[-1.1925,41.79139],[-1.19257,41.79365],[-1.19154,41.7951],[-1.19155,41.79547],[-1.19217,41.79573],[-1.19322,41.79547],[-1.1936,41.79407],[-1.1944,41.79306],[-1.19639,41.78676],[-1.19707,41.78577],[-1.19711,41.78518]]]}},{"type":"Feature","properties":{"COD_POSTAL":"50237"},"geometry":{"type":"Polygon","coordinates":[[[-1.94864,41.21455],[-1.94481,41.21137],[-1.94411,41.20995],[-1.9426,41.20782],[-1.93877,41.19734],[-1.93793,41.19394],[-1.93756,41.19107],[-1.93777,41.19048],[-1.93669,41.18884],[-1.9335,41.1859],[-1.9324,41.18521],[-1.92784,41.18339],[-1.92622,41.18416],[-1.92158,41.1834],[-1.92033,41.18285],[-1.91113,41.18048],[-1.90579,41.17752],[-1.90432,41.17566],[-1.90265,41.17245],[-1.90043,41.16951],[-1.89974,41.16712],[-1.89801,41.16484],[-1.88573,41.14553],[-1.88213,41.14584],[-1.87746,41.1497],[-1.87338,41.15118],[-1.86874,41.1541],[-1.85889,41.15768],[-1.85614,41.15943],[-1.85565,41.16086],[-1.85431,41.16253],[-1.85522,41.16312],[-1.85475,41.16746],[-1.85419,41.16952],[-1.85042,41.17603],[-1.85116,41.17765],[-1.85256,41.17869],[-1.85366,41.17893],[-1.85475,41.18011],[-1.85419,41.18112],[-1.85313,41.18222],[-1.85269,41.18447],[-1.85328,41.18535],[-1.85368,41.18713],[-1.85417,41.18751],[-1.85507,41.18918],[-1.85518,41.19039],[-1.85456,41.19234],[-1.85553,41.19622],[-1.85647,41.19717],[-1.85729,41.19683],[-1.86515,41.19962],[-1.86741,41.20067],[-1.87028,41.20295],[-1.8741,41.20472],[-1.87636,41.20685],[-1.87776,41.20887],[-1.88124,41.21142],[-1.88169,41.21345],[-1.8847,41.21624],[-1.8849,41.21787],[-1.88787,41.2202],[-1.89156,41.22235],[-1.8923,41.22201],[-1.89349,41.22273],[-1.89857,41.22461],[-1.90318,41.2251],[-1.90977,41.2272],[-1.91045,41.22761],[-1.9123,41.22969],[-1.91445,41.23344],[-1.9166,41.23315],[-1.92204,41.23303],[-1.92502,41.23368],[-1.9296,41.23335],[-1.93745,41.22865],[-1.94061,41.22564],[-1.94322,41.22452],[-1.94559,41.22196],[-1.94681,41.21955],[-1.94731,41.21915],[-1.9501,41.21864],[-1.95046,41.21836],[-1.95127,41.21725],[-1.94979,41.21567],[-1.94864,41.21455]]]}},{"type":"Feature","properties":{"COD_POSTAL":"50783"},"geometry":{"type":"Polygon","coordinates":[[[-0.39832,41.35186],[-0.40012,41.35032],[-0.40195,41.34928],[-0.40272,41.34775],[-0.40544,41.34397],[-0.40762,41.34241],[-0.40771,41.34167],[-0.40825,41.34108],[-0.41077,41.33951],[-0.4125,41.33746],[-0.41302,41.33382],[-0.40992,41.33414],[-0.40684,41.33405],[-0.40514,41.33384],[-0.40028,41.33256],[-0.396,41.33073],[-0.39567,41.33048],[-0.39449,41.32831],[-0.39334,41.32749],[-0.38861,41.32598],[-0.3789,41.3249],[-0.37747,41.32512],[-0.37593,41.32592],[-0.37411,41.32813],[-0.37182,41.33299],[-0.37165,41.33429],[-0.37322,41.3387],[-0.37642,41.34504],[-0.37723,41.34783],[-0.3772,41.3498],[-0.3811,41.35427],[-0.38276,41.35806],[-0.37936,41.36193],[-0.37772,41.36442],[-0.37435,41.3664],[-0.37251,41.36921],[-0.37197,41.37028],[-0.37274,41.37341],[-0.37111,41.37795],[-0.37264,41.37864],[-0.37355,41.37806],[-0.37567,41.37805],[-0.37773,41.37675],[-0.37899,41.37485],[-0.38183,41.37234],[-0.38834,41.36787],[-0.39106,41.36787],[-0.39886,41.36542],[-0.39779,41.36257],[-0.39779,41.36056],[-0.39825,41.35773],[-0.39687,41.35289],[-0.39832,41.35186]]]}},{"type":"Feature","properties":{"COD_POSTAL":"50001"},"geometry":{"type":"Polygon","coordinates":[[[-0.87461,41.65684],[-0.87501,41.65707],[-0.87857,41.65304],[-0.88006,41.65199],[-0.88063,41.65228],[-0.8842,41.64892],[-0.88376,41.6479],[-0.88272,41.64832],[-0.88196,41.64824],[-0.87942,41.64707],[-0.87824,41.64598],[-0.87655,41.64788],[-0.87562,41.64858],[-0.87595,41.64913],[-0.87506,41.64915],[-0.87486,41.64946],[-0.87581,41.65088],[-0.87347,41.6517],[-0.87181,41.65319],[-0.87223,41.6544],[-0.87255,41.65462],[-0.87154,41.65431],[-0.87077,41.65553],[-0.87419,41.65669],[-0.87461,41.65684]]]}},{"type":"Feature","properties":{"COD_POSTAL":"50830"},"geometry":{"type":"Polygon","coordinates":[[[-0.88453,41.8432],[-0.89465,41.84508],[-0.89963,41.84275],[-0.90813,41.84153],[-0.90929,41.8383],[-0.91032,41.83645],[-0.91182,41.83446],[-0.91193,41.83281],[-0.91337,41.83173],[-0.91617,41.8285],[-0.91659,41.82763],[-0.91688,41.8256],[-0.91877,41.82412],[-0.92246,41.82196],[-0.92279,41.82138],[-0.92281,41.81968],[-0.9234,41.81813],[-0.92423,41.81734],[-0.92657,41.8136],[-0.93067,41.80795],[-0.93208,41.80563],[-0.93369,41.80213],[-0.93479,41.80133],[-0.93592,41.79981],[-0.93603,41.79656],[-0.93508,41.789],[-0.92806,41.78863],[-0.91904,41.78857],[-0.91776,41.78832],[-0.91484,41.78729],[-0.91356,41.78659],[-0.91259,41.78572],[-0.90858,41.785],[-0.89736,41.78046],[-0.89359,41.77986],[-0.88809,41.78126],[-0.88398,41.78304],[-0.87696,41.78464],[-0.87479,41.78016],[-0.87189,41.77193],[-0.86922,41.76715],[-0.86804,41.76257],[-0.86708,41.76031],[-0.86597,41.75895],[-0.86414,41.75553],[-0.86283,41.75386],[-0.86155,41.75158],[-0.86087,41.74901],[-0.86019,41.74352],[-0.85951,41.74045],[-0.85497,41.73759],[-0.84615,41.7329],[-0.8276,41.72708],[-0.82676,41.727],[-0.82542,41.72898],[-0.81977,41.72973],[-0.81776,41.73087],[-0.81399,41.73406],[-0.81358,41.73472],[-0.81358,41.73584],[-0.81007,41.73827],[-0.80935,41.74043],[-0.81098,41.74223],[-0.80983,41.74397],[-0.80512,41.7468],[-0.80413,41.75132],[-0.805,41.75363],[-0.80375,41.75596],[-0.80288,41.76059],[-0.80415,41.76178],[-0.80338,41.76229],[-0.804,41.76334],[-0.80498,41.76275],[-0.80546,41.76306],[-0.80569,41.7629],[-0.80604,41.76344],[-0.80495,41.76412],[-0.80659,41.76545],[-0.80689,41.7662],[-0.80707,41.768],[-0.80605,41.77076],[-0.80119,41.77443],[-0.8015,41.77622],[-0.80132,41.77785],[-0.80003,41.7807],[-0.79964,41.78138],[-0.79842,41.78213],[-0.7966,41.78375],[-0.79851,41.7857],[-0.80079,41.78624],[-0.803,41.78744],[-0.80328,41.79177],[-0.80243,41.79315],[-0.803,41.79331],[-0.80242,41.79544],[-0.80195,41.79592],[-0.79952,41.79607],[-0.79658,41.79713],[-0.79677,41.7979],[-0.79614,41.79813],[-0.79274,41.8024],[-0.79216,41.80595],[-0.7934,41.80908],[-0.79226,41.81052],[-0.78994,41.81094],[-0.78647,41.81354],[-0.78676,41.8151],[-0.7901,41.81701],[-0.79013,41.81881],[-0.78695,41.82148],[-0.78319,41.82288],[-0.77824,41.82208],[-0.77764,41.82442],[-0.80572,41.83561],[-0.8082,41.83116],[-0.80847,41.82564],[-0.80941,41.82079],[-0.8113,41.81702],[-0.82032,41.8084],[-0.82394,41.80349],[-0.83249,41.8102],[-0.84768,41.81971],[-0.86179,41.82491],[-0.86809,41.83343],[-0.86803,41.83447],[-0.86979,41.83761],[-0.88453,41.8432]]]}},{"type":"Feature","properties":{"COD_POSTAL":"50793"},"geometry":{"type":"Polygon","coordinates":[[[0.09461,41.2853],[0.08865,41.28454],[0.08912,41.28172],[0.08771,41.27847],[0.09013,41.27512],[0.09176,41.27004],[0.09013,41.26441],[0.0898,41.26096],[0.0942,41.25787],[0.09205,41.25278],[0.09233,41.25168],[0.09158,41.24922],[0.09148,41.24608],[0.09355,41.24314],[0.09364,41.24166],[0.09028,41.23963],[0.09023,41.23807],[0.08815,41.23243],[0.08732,41.22715],[0.09552,41.21778],[0.0942,41.21693],[0.09644,41.21455],[0.09601,41.21213],[0.09885,41.20748],[0.09829,41.20705],[0.09745,41.20148],[0.09761,41.19604],[0.0967,41.19037],[0.0946,41.18497],[0.09108,41.1779],[0.09923,41.17535],[0.09813,41.17768],[0.09876,41.17815],[0.10713,41.17838],[0.13238,41.17608],[0.13997,41.17164],[0.13966,41.16612],[0.14198,41.16362],[0.14741,41.16263],[0.15681,41.15717],[0.16508,41.15171],[0.16623,41.15288],[0.18452,41.14548],[0.20315,41.13434],[0.21391,41.13176],[0.21983,41.13242],[0.22005,41.13347],[0.21937,41.1344],[0.21785,41.1349],[0.21555,41.135],[0.21311,41.13617],[0.21291,41.13645],[0.2131,41.13685],[0.21395,41.1373],[0.23696,41.13043],[0.2396,41.12997],[0.24215,41.12983],[0.24683,41.12994],[0.24884,41.13056],[0.24945,41.13139],[0.24967,41.13261],[0.25133,41.13352],[0.25201,41.13448],[0.25192,41.13573],[0.25054,41.13791],[0.25052,41.13833],[0.25315,41.14014],[0.25285,41.14101],[0.25481,41.14165],[0.25615,41.14371],[0.25481,41.14499],[0.25598,41.1468],[0.25309,41.14897],[0.2529,41.14931],[0.25299,41.15015],[0.25208,41.15139],[0.2512,41.15503],[0.24957,41.15622],[0.25014,41.1576],[0.24843,41.15896],[0.24793,41.16032],[0.24693,41.16099],[0.24211,41.16261],[0.24083,41.16329],[0.23814,41.16387],[0.23734,41.16448],[0.23467,41.16795],[0.23348,41.16915],[0.23365,41.16987],[0.23052,41.1706],[0.22982,41.17153],[0.22819,41.17265],[0.22155,41.17332],[0.21884,41.17449],[0.21528,41.17425],[0.21179,41.17581],[0.20999,41.17914],[0.20909,41.1831],[0.20859,41.18413],[0.20794,41.18497],[0.20656,41.18602],[0.20633,41.18673],[0.20649,41.18794],[0.20704,41.18934],[0.20584,41.19057],[0.20438,41.1908],[0.20323,41.19156],[0.2008,41.19181],[0.19788,41.19659],[0.19797,41.19917],[0.19776,41.19979],[0.1969,41.20057],[0.19688,41.20158],[0.19708,41.2025],[0.19809,41.204],[0.19834,41.20556],[0.19735,41.20656],[0.19651,41.20688],[0.19299,41.206],[0.19132,41.20696],[0.19014,41.20709],[0.18921,41.2076],[0.18623,41.20774],[0.18457,41.20825],[0.18314,41.21002],[0.18135,41.2107],[0.18053,41.21133],[0.17478,41.21743],[0.17382,41.21776],[0.16779,41.21854],[0.16303,41.21981],[0.16205,41.22122],[0.15843,41.22301],[0.15492,41.22441],[0.15195,41.22486],[0.14973,41.22609],[0.14953,41.22765],[0.14964,41.23555],[0.1549,41.24494],[0.15459,41.24593],[0.15592,41.24689],[0.15691,41.24853],[0.15951,41.25136],[0.16096,41.25435],[0.15504,41.25504],[0.15189,41.2563],[0.14699,41.25883],[0.14641,41.25933],[0.14585,41.25922],[0.13924,41.26231],[0.13383,41.26309],[0.13013,41.26393],[0.12782,41.26157],[0.12433,41.26317],[0.11718,41.26675],[0.10371,41.27956],[0.10003,41.28236],[0.09895,41.28411],[0.09461,41.2853]]]}},{"type":"Feature","properties":{"COD_POSTAL":"50325"},"geometry":{"type":"Polygon","coordinates":[[[-1.42476,41.31895],[-1.42445,41.31831],[-1.42293,41.318],[-1.41942,41.31551],[-1.41528,41.31525],[-1.41243,41.31566],[-1.40954,41.31492],[-1.40729,41.31654],[-1.40173,41.31356],[-1.40016,41.31302],[-1.39514,41.31504],[-1.39294,41.3157],[-1.38926,41.31764],[-1.38665,41.31846],[-1.38401,41.31894],[-1.38226,41.32061],[-1.38175,41.32082],[-1.37624,41.32246],[-1.37396,41.32245],[-1.36972,41.32427],[-1.36871,41.32537],[-1.36611,41.32652],[-1.36503,41.32765],[-1.36292,41.33064],[-1.3609,41.3328],[-1.35995,41.33291],[-1.35648,41.33239],[-1.35311,41.33137],[-1.34999,41.33129],[-1.34485,41.33068],[-1.34471,41.33167],[-1.34426,41.33268],[-1.34359,41.33325],[-1.34459,41.33592],[-1.34606,41.33744],[-1.34574,41.33816],[-1.34588,41.33884],[-1.3546,41.34399],[-1.35643,41.34543],[-1.35802,41.34712],[-1.35526,41.35022],[-1.35143,41.35054],[-1.34894,41.35219],[-1.3483,41.35308],[-1.34806,41.35515],[-1.34853,41.35668],[-1.35027,41.35839],[-1.35079,41.36021],[-1.35171,41.36148],[-1.35121,41.36271],[-1.35087,41.36661],[-1.35034,41.36779],[-1.34954,41.36879],[-1.34995,41.37001],[-1.35045,41.37334],[-1.35096,41.37396],[-1.35249,41.37464],[-1.35324,41.37788],[-1.35486,41.37952],[-1.35665,41.38222],[-1.35712,41.38428],[-1.35664,41.38513],[-1.3606,41.38533],[-1.36361,41.38622],[-1.37341,41.38581],[-1.37582,41.3855],[-1.37706,41.38471],[-1.37929,41.38411],[-1.38182,41.38302],[-1.38604,41.37942],[-1.38867,41.37609],[-1.39056,41.37322],[-1.3898,41.37207],[-1.38985,41.37099],[-1.39073,41.36915],[-1.39254,41.36791],[-1.39358,41.36742],[-1.39703,41.3681],[-1.40163,41.36792],[-1.4037,41.36762],[-1.40515,41.36615],[-1.40432,41.36441],[-1.40465,41.36346],[-1.40503,41.36329],[-1.40907,41.3629],[-1.41111,41.36336],[-1.41271,41.36272],[-1.41458,41.36302],[-1.41568,41.36356],[-1.41712,41.36385],[-1.41828,41.36399],[-1.41993,41.36381],[-1.41805,41.35377],[-1.41911,41.35278],[-1.42551,41.34946],[-1.42991,41.34454],[-1.43206,41.34263],[-1.43239,41.34177],[-1.43694,41.33938],[-1.43469,41.33685],[-1.43389,41.33559],[-1.43117,41.33437],[-1.43025,41.33423],[-1.43027,41.33351],[-1.42772,41.33208],[-1.42626,41.33033],[-1.42611,41.32926],[-1.42675,41.32834],[-1.42666,41.32793],[-1.42564,41.32607],[-1.42462,41.32529],[-1.42391,41.32411],[-1.42402,41.32342],[-1.42352,41.32184],[-1.42351,41.32088],[-1.42476,41.31895]]]}},{"type":"Feature","properties":{"COD_POSTAL":"50249"},"geometry":{"type":"Polygon","coordinates":[[[-1.66578,41.50611],[-1.66874,41.50945],[-1.66967,41.5101],[-1.6722,41.51141],[-1.67448,41.51187],[-1.67719,41.51296],[-1.67783,41.51174],[-1.67855,41.50807],[-1.67991,41.50509],[-1.67955,41.50392],[-1.6801,41.50076],[-1.67894,41.49862],[-1.67877,41.49641],[-1.67831,41.49504],[-1.67611,41.49174],[-1.6745,41.4899],[-1.67636,41.48704],[-1.67485,41.4856],[-1.67477,41.48463],[-1.6751,41.48242],[-1.67621,41.48109],[-1.67607,41.48053],[-1.67502,41.47934],[-1.67359,41.47843],[-1.67127,41.47776],[-1.66939,41.47678],[-1.66849,41.47496],[-1.66682,41.47428],[-1.66657,41.47389],[-1.66655,41.47356],[-1.66883,41.47185],[-1.66889,41.47119],[-1.6685,41.46976],[-1.66754,41.46822],[-1.66689,41.46546],[-1.66728,41.46434],[-1.66799,41.46355],[-1.66846,41.46222],[-1.66826,41.46171],[-1.66675,41.46003],[-1.66583,41.45943],[-1.66333,41.45922],[-1.66157,41.45808],[-1.65733,41.45738],[-1.65327,41.45715],[-1.65124,41.45622],[-1.65059,41.45476],[-1.64767,41.45344],[-1.64643,41.45149],[-1.64409,41.44886],[-1.64314,41.44618],[-1.64252,41.44519],[-1.63987,41.44217],[-1.6382,41.4412],[-1.63789,41.44309],[-1.63729,41.4445],[-1.63535,41.44647],[-1.6346,41.44807],[-1.63505,41.45151],[-1.63091,41.45373],[-1.63054,41.45444],[-1.63063,41.45563],[-1.63044,41.45613],[-1.62918,41.45604],[-1.62499,41.45697],[-1.62245,41.45763],[-1.62163,41.45831],[-1.6204,41.45826],[-1.6196,41.45793],[-1.61585,41.4555],[-1.61467,41.45519],[-1.60973,41.45537],[-1.60824,41.45595],[-1.60911,41.4571],[-1.61139,41.45905],[-1.61244,41.46087],[-1.61244,41.46145],[-1.61139,41.46178],[-1.61052,41.46249],[-1.61029,41.46507],[-1.61046,41.46747],[-1.60931,41.469],[-1.60904,41.46987],[-1.61332,41.47225],[-1.61631,41.47516],[-1.6191,41.47437],[-1.62232,41.48064],[-1.62128,41.48508],[-1.62189,41.48978],[-1.61936,41.49152],[-1.62232,41.49449],[-1.62424,41.49405],[-1.62528,41.4924],[-1.62981,41.49083],[-1.64609,41.49771],[-1.65532,41.4991],[-1.65967,41.5018],[-1.66577,41.50611],[-1.66578,41.50611]]]}},{"type":"Feature","properties":{"COD_POSTAL":"50019"},"geometry":{"type":"MultiPolygon","coordinates":[[[[-0.92487,41.62497],[-0.93675,41.62774],[-0.93959,41.62586],[-0.94033,41.62575],[-0.94097,41.62474],[-0.94948,41.61899],[-0.94442,41.6188],[-0.93884,41.61748],[-0.93114,41.61366],[-0.92527,41.61163],[-0.91674,41.6091],[-0.91301,41.61169],[-0.90884,41.61507],[-0.90826,41.6158],[-0.90567,41.61764],[-0.90605,41.62025],[-0.90766,41.62018],[-0.90927,41.6194],[-0.91022,41.61756],[-0.9109,41.61769],[-0.91167,41.61838],[-0.9117,41.61909],[-0.90992,41.62035],[-0.9096,41.62108],[-0.91224,41.62249],[-0.91286,41.62241],[-0.91315,41.6229],[-0.92138,41.62737],[-0.92223,41.62716],[-0.92365,41.62466],[-0.92487,41.62497]]],[[[-1.13608,41.53322],[-1.13783,41.5334],[-1.13898,41.53385],[-1.14067,41.53832],[-1.14408,41.54146],[-1.14478,41.54181],[-1.15224,41.54361],[-1.15385,41.54272],[-1.15685,41.54169],[-1.15965,41.53766],[-1.16082,41.53525],[-1.16224,41.53349],[-1.16484,41.52504],[-1.16033,41.52452],[-1.15368,41.52429],[-1.13423,41.52498],[-1.12827,41.523],[-1.12768,41.52416],[-1.12779,41.52904],[-1.12611,41.53099],[-1.12856,41.53153],[-1.13101,41.53287],[-1.13256,41.53299],[-1.13382,41.53213],[-1.13602,41.53319],[-1.13608,41.53322]]]]}},{"type":"Feature","properties":{"COD_POSTAL":"50371"},"geometry":{"type":"Polygon","coordinates":[[[-1.41842,41.04438],[-1.41957,41.04348],[-1.41848,41.0426],[-1.4191,41.04086],[-1.42145,41.03761],[-1.42122,41.03617],[-1.41864,41.03418],[-1.41481,41.03246],[-1.41115,41.0351],[-1.41284,41.03861],[-1.41305,41.04098],[-1.41559,41.04335],[-1.41679,41.04377],[-1.41468,41.04479],[-1.41123,41.04752],[-1.40965,41.04833],[-1.40622,41.04947],[-1.40483,41.05063],[-1.40758,41.05356],[-1.41002,41.05791],[-1.40522,41.06631],[-1.40735,41.06965],[-1.40813,41.07018],[-1.40821,41.07106],[-1.40983,41.07172],[-1.41047,41.07305],[-1.40864,41.07799],[-1.41212,41.08063],[-1.41342,41.0801],[-1.41695,41.07962],[-1.41925,41.07904],[-1.4223,41.07869],[-1.42361,41.07881],[-1.42787,41.07824],[-1.42901,41.07752],[-1.4312,41.0775],[-1.43202,41.07783],[-1.43617,41.07728],[-1.43934,41.07541],[-1.44093,41.07492],[-1.44182,41.07412],[-1.44277,41.07387],[-1.4455,41.07557],[-1.44542,41.07466],[-1.44481,41.07383],[-1.44453,41.07298],[-1.42997,41.06066],[-1.42869,41.057],[-1.42812,41.05628],[-1.4252,41.05404],[-1.4237,41.05351],[-1.42312,41.05272],[-1.42232,41.05236],[-1.42143,41.05151],[-1.41986,41.04912],[-1.4187,41.04824],[-1.41817,41.04664],[-1.41756,41.04599],[-1.41775,41.04529],[-1.41842,41.04438]]]}},{"type":"Feature","properties":{"COD_POSTAL":"50152"},"geometry":{"type":"Polygon","coordinates":[[[-1.13376,41.42072],[-1.13358,41.41743],[-1.13185,41.41579],[-1.13165,41.41503],[-1.13085,41.4141],[-1.12757,41.41175],[-1.12688,41.41045],[-1.12649,41.40894],[-1.12523,41.40795],[-1.12473,41.40711],[-1.12229,41.40586],[-1.12071,41.40436],[-1.12105,41.40235],[-1.11721,41.39683],[-1.11313,41.39518],[-1.11343,41.39388],[-1.11512,41.39081],[-1.11202,41.38542],[-1.11085,41.38533],[-1.10075,41.38226],[-1.09654,41.37961],[-1.08961,41.37595],[-1.08805,41.37546],[-1.08523,41.37395],[-1.08038,41.37441],[-1.07316,41.37471],[-1.06737,41.3745],[-1.05993,41.37679],[-1.05441,41.37815],[-1.04522,41.37985],[-1.04303,41.38137],[-1.04172,41.38266],[-1.03998,41.38369],[-1.03905,41.38502],[-1.0355,41.38707],[-1.03073,41.38914],[-1.03032,41.3901],[-1.02961,41.39081],[-1.02804,41.39177],[-1.02278,41.39615],[-1.02024,41.39745],[-1.01511,41.39858],[-1.0088,41.40205],[-1.00812,41.40248],[-1.00773,41.40306],[-1.00142,41.40438],[-0.99706,41.40274],[-0.9941,41.40289],[-0.99369,41.40396],[-0.99419,41.40455],[-0.99548,41.40535],[-0.99976,41.40673],[-1.0044,41.40886],[-1.0048,41.40915],[-1.00547,41.41045],[-1.00651,41.41173],[-1.00816,41.41195],[-1.0094,41.41326],[-1.01112,41.41436],[-1.01171,41.4151],[-1.01515,41.41609],[-1.01824,41.4166],[-1.02111,41.41823],[-1.02257,41.41989],[-1.02416,41.42054],[-1.02469,41.42569],[-1.02463,41.42713],[-1.02561,41.43232],[-1.02574,41.43723],[-1.02672,41.43919],[-1.02777,41.44055],[-1.03479,41.44367],[-1.03602,41.44417],[-1.0385,41.44411],[-1.04008,41.44499],[-1.0427,41.44523],[-1.04337,41.44642],[-1.04405,41.44631],[-1.04659,41.44508],[-1.04904,41.44523],[-1.04978,41.44505],[-1.05216,41.44526],[-1.05334,41.44608],[-1.05602,41.44654],[-1.06133,41.44703],[-1.06449,41.44696],[-1.07166,41.44742],[-1.07461,41.44737],[-1.07841,41.44817],[-1.08965,41.44697],[-1.09264,41.4458],[-1.10021,41.44208],[-1.10706,41.43976],[-1.11328,41.4358],[-1.11428,41.43441],[-1.11565,41.43379],[-1.11666,41.43301],[-1.11863,41.43104],[-1.11919,41.42941],[-1.12279,41.42847],[-1.12707,41.42576],[-1.12879,41.42584],[-1.13066,41.42541],[-1.13295,41.42265],[-1.13407,41.42198],[-1.13401,41.4214],[-1.13376,41.42072]]]}},{"type":"Feature","properties":{"COD_POSTAL":"50173"},"geometry":{"type":"Polygon","coordinates":[[[-0.6696,41.58993],[-0.67615,41.59373],[-0.68056,41.59708],[-0.68695,41.60264],[-0.68943,41.6043],[-0.69113,41.60315],[-0.69128,41.60267],[-0.69222,41.60193],[-0.69564,41.59778],[-0.69894,41.59247],[-0.70017,41.58957],[-0.70024,41.58893],[-0.6997,41.58605],[-0.69997,41.58531],[-0.69909,41.58374],[-0.70192,41.58002],[-0.70139,41.57923],[-0.69967,41.57797],[-0.69903,41.57674],[-0.69942,41.57261],[-0.70039,41.57097],[-0.69498,41.56842],[-0.68982,41.56796],[-0.6858,41.56639],[-0.68434,41.56546],[-0.68287,41.56388],[-0.6809,41.56388],[-0.67787,41.56551],[-0.67304,41.56414],[-0.67133,41.56545],[-0.66927,41.56546],[-0.66996,41.56642],[-0.673,41.56921],[-0.67332,41.56977],[-0.67353,41.57107],[-0.67397,41.57177],[-0.67358,41.57412],[-0.67252,41.57604],[-0.67189,41.57801],[-0.67173,41.57989],[-0.67204,41.58186],[-0.66971,41.58627],[-0.6677,41.58906],[-0.6696,41.58993]]]}},{"type":"Feature","properties":{"COD_POSTAL":"50267"},"geometry":{"type":"Polygon","coordinates":[[[-1.52085,41.56638],[-1.52029,41.56666],[-1.51703,41.57083],[-1.51651,41.57408],[-1.51645,41.57703],[-1.51211,41.57984],[-1.50894,41.58092],[-1.50227,41.58609],[-1.49863,41.58837],[-1.4949,41.5888],[-1.49166,41.59045],[-1.48754,41.59312],[-1.48049,41.59498],[-1.48099,41.59581],[-1.4747,41.59858],[-1.47575,41.60119],[-1.47864,41.60431],[-1.47969,41.60497],[-1.48356,41.60649],[-1.49418,41.61141],[-1.4973,41.61409],[-1.50134,41.61647],[-1.5046,41.62115],[-1.50881,41.62256],[-1.51255,41.62476],[-1.51566,41.62594],[-1.51858,41.62409],[-1.52056,41.62364],[-1.52023,41.62177],[-1.52044,41.6214],[-1.52085,41.62127],[-1.52146,41.61927],[-1.52352,41.61584],[-1.52582,41.61287],[-1.52661,41.61261],[-1.52913,41.61095],[-1.5309,41.61062],[-1.53481,41.60831],[-1.53716,41.60603],[-1.5407,41.60472],[-1.54074,41.60399],[-1.55523,41.60028],[-1.56003,41.59878],[-1.56364,41.59731],[-1.56672,41.59538],[-1.56755,41.59456],[-1.56897,41.59236],[-1.57308,41.58699],[-1.57745,41.5825],[-1.57931,41.58013],[-1.58451,41.57567],[-1.58503,41.57558],[-1.58587,41.57389],[-1.58784,41.57139],[-1.59313,41.56797],[-1.5937,41.5672],[-1.5914,41.56592],[-1.5911,41.56546],[-1.59133,41.56239],[-1.59179,41.56202],[-1.59107,41.56034],[-1.59334,41.55843],[-1.5949,41.5544],[-1.59506,41.55287],[-1.59659,41.54947],[-1.59653,41.54689],[-1.5971,41.54549],[-1.59215,41.54419],[-1.58887,41.544],[-1.5856,41.54289],[-1.58275,41.54138],[-1.57876,41.53974],[-1.57769,41.53804],[-1.57522,41.53497],[-1.57367,41.53436],[-1.57196,41.53227],[-1.56699,41.53104],[-1.56578,41.53044],[-1.5649,41.53477],[-1.56487,41.53618],[-1.56358,41.5399],[-1.55875,41.54163],[-1.55667,41.54081],[-1.55505,41.54063],[-1.55432,41.54016],[-1.55337,41.54032],[-1.54915,41.54021],[-1.54847,41.54095],[-1.54644,41.54082],[-1.54368,41.54144],[-1.53759,41.54368],[-1.53433,41.54231],[-1.53202,41.54377],[-1.5245,41.54609],[-1.52341,41.54669],[-1.52451,41.55094],[-1.52318,41.55468],[-1.52487,41.5582],[-1.52559,41.56087],[-1.52085,41.56638]]]}},{"type":"Feature","properties":{"COD_POSTAL":"50258"},"geometry":{"type":"Polygon","coordinates":[[[-1.73057,41.55847],[-1.73105,41.55574],[-1.73261,41.55478],[-1.733,41.54773],[-1.73714,41.54169],[-1.73533,41.5403],[-1.73509,41.53913],[-1.73329,41.53534],[-1.73378,41.53313],[-1.73352,41.53217],[-1.731,41.52932],[-1.73048,41.52898],[-1.72738,41.52944],[-1.72287,41.52694],[-1.72019,41.52777],[-1.71937,41.52773],[-1.71406,41.53011],[-1.71093,41.53379],[-1.71013,41.53411],[-1.69984,41.53382],[-1.69893,41.53179],[-1.69694,41.53041],[-1.69667,41.52948],[-1.69529,41.52751],[-1.69411,41.52504],[-1.69276,41.52393],[-1.68657,41.53149],[-1.68427,41.53183],[-1.67938,41.53348],[-1.67819,41.53609],[-1.67257,41.53825],[-1.66954,41.54109],[-1.66902,41.54186],[-1.66788,41.54249],[-1.6658,41.54573],[-1.66382,41.5459],[-1.66248,41.54739],[-1.65986,41.5494],[-1.65492,41.55414],[-1.65527,41.55639],[-1.65408,41.55901],[-1.65406,41.55949],[-1.65505,41.56281],[-1.65615,41.56443],[-1.65537,41.5654],[-1.65432,41.57237],[-1.6533,41.57607],[-1.65204,41.57994],[-1.6498,41.58405],[-1.64964,41.58732],[-1.64883,41.58852],[-1.64808,41.58895],[-1.64882,41.59368],[-1.64876,41.59485],[-1.66432,41.60188],[-1.66664,41.60408],[-1.66799,41.60487],[-1.66966,41.60512],[-1.67622,41.60765],[-1.67805,41.60716],[-1.68028,41.60792],[-1.68137,41.60752],[-1.68226,41.60777],[-1.68303,41.6084],[-1.6838,41.60962],[-1.68333,41.61074],[-1.68369,41.61273],[-1.68509,41.61297],[-1.68526,41.61343],[-1.68882,41.61565],[-1.68828,41.61877],[-1.6884,41.62001],[-1.68898,41.62156],[-1.68995,41.62229],[-1.6901,41.62321],[-1.69068,41.62344],[-1.69077,41.62401],[-1.69232,41.62463],[-1.69134,41.629],[-1.69643,41.62542],[-1.70047,41.62461],[-1.70163,41.62473],[-1.70463,41.62416],[-1.70583,41.62479],[-1.70982,41.62615],[-1.7113,41.62486],[-1.71159,41.62358],[-1.71335,41.62335],[-1.71612,41.62103],[-1.72121,41.61919],[-1.72322,41.61635],[-1.72684,41.616],[-1.72993,41.61409],[-1.72835,41.61108],[-1.72756,41.61064],[-1.72725,41.61001],[-1.72621,41.60947],[-1.7258,41.60873],[-1.72259,41.60835],[-1.72136,41.60805],[-1.72065,41.60762],[-1.72019,41.60713],[-1.71983,41.60584],[-1.71887,41.60534],[-1.71707,41.60384],[-1.71463,41.60133],[-1.7136,41.59985],[-1.71411,41.59844],[-1.71786,41.59722],[-1.72154,41.59304],[-1.72546,41.59103],[-1.72618,41.59168],[-1.7288,41.59088],[-1.72959,41.59041],[-1.72989,41.58967],[-1.72991,41.58878],[-1.72934,41.58648],[-1.72915,41.58377],[-1.7292,41.57831],[-1.72876,41.57596],[-1.72811,41.57408],[-1.7289,41.57262],[-1.72993,41.5663],[-1.73079,41.56349],[-1.73079,41.56293],[-1.72993,41.56046],[-1.73057,41.55847]]]}},{"type":"Feature","properties":{"COD_POSTAL":"50228"},"geometry":{"type":"Polygon","coordinates":[[[-2.07915,41.17412],[-2.0649,41.17693],[-2.06282,41.17692],[-2.06067,41.17657],[-2.05747,41.17714],[-2.05103,41.17925],[-2.04791,41.18063],[-2.04461,41.18305],[-2.0416,41.18471],[-2.03392,41.18638],[-2.03209,41.18746],[-2.03072,41.18867],[-2.02985,41.18881],[-2.0271,41.19015],[-2.02481,41.19029],[-2.02417,41.19074],[-2.0209,41.19095],[-2.01841,41.19068],[-2.01604,41.19153],[-2.01495,41.19331],[-2.01241,41.2002],[-2.01177,41.20076],[-2.01158,41.20138],[-2.00847,41.20508],[-2.00717,41.2059],[-2.00494,41.20921],[-2.00438,41.21159],[-2.0025,41.21271],[-2.00099,41.21301],[-1.99941,41.21436],[-1.99913,41.21495],[-2.00227,41.21904],[-2.00403,41.22048],[-2.00902,41.2265],[-2.01438,41.23216],[-2.01583,41.23491],[-2.01643,41.23704],[-2.01726,41.23879],[-2.01731,41.24183],[-2.01704,41.24327],[-2.01674,41.24408],[-2.01558,41.24568],[-2.01337,41.24778],[-2.0142,41.24926],[-2.01518,41.25039],[-2.01979,41.25287],[-2.02582,41.25483],[-2.03177,41.25605],[-2.03614,41.25732],[-2.03902,41.25883],[-2.05224,41.25695],[-2.05508,41.25609],[-2.05746,41.25485],[-2.05933,41.251],[-2.05997,41.24742],[-2.06323,41.24472],[-2.06422,41.24361],[-2.06596,41.24042],[-2.06841,41.23886],[-2.07115,41.23608],[-2.0738,41.23406],[-2.07308,41.23396],[-2.07156,41.23303],[-2.07012,41.23101],[-2.06974,41.2295],[-2.06951,41.22324],[-2.07013,41.22271],[-2.06986,41.22156],[-2.06986,41.21995],[-2.07108,41.21579],[-2.07129,41.2128],[-2.07123,41.20999],[-2.0707,41.20956],[-2.07058,41.20682],[-2.07012,41.20483],[-2.07025,41.19616],[-2.07341,41.18652],[-2.07629,41.18318],[-2.07735,41.18245],[-2.07782,41.17932],[-2.07713,41.17548],[-2.07811,41.17476],[-2.07915,41.17412]]]}}]}